iso3,year,ethnic_group,share,count,total_pop,model_name,view_type,scenario_name,delta_migrants,delta_in,delta_out,delta_count,base_share,shock_share,delta_share,total_pop_shock
IDN,2000,"Banjar, Melayu Banjar",0.017386414487067302,3496272.999999986,201092238.0,HIST,HIST,,,,,,,,,
IDN,2000,Banten,0.020454106239545602,4113161.9999999893,201092238.0,HIST,HIST,,,,,,,,,
IDN,2000,Betawi,0.02507151966750701,5041688.0,201092238.0,HIST,HIST,,,,,,,,,
IDN,2000,"Bugis, Ugi",0.02491604375102731,5010422.999999996,201092238.0,HIST,HIST,,,,,,,,,
IDN,2000,Jawa,0.4164897354218119,83752853.00000003,201092238.0,HIST,HIST,,,,,,,,,
IDN,2000,Madura,0.03367473089637601,6771726.999999997,201092238.0,HIST,HIST,,,,,,,,,
IDN,2000,Minangkabau,0.027227032999652605,5475144.999999995,201092238.0,HIST,HIST,,,,,,,,,
IDN,2000,Other,0.2807296967872028,56452563.000000015,201092238.0,HIST,HIST,,,,,,,,,
IDN,2000,"Sunda, Priangan",0.15405071974980952,30978403.999999996,201092238.0,HIST,HIST,,,,,,,,,
IDN,2005,"Banjar, Melayu Banjar",0.02874260529225681,6292052.591621671,218910308.5,HIST,HIST,,,,,,,,,
IDN,2005,Banten,0.020064876577348206,4392408.32156172,218910308.5,HIST,HIST,,,,,,,,,
IDN,2005,Betawi,0.026915041330882312,5891980.001033697,218910308.5,HIST,HIST,,,,,,,,,
IDN,2005,"Bugis, Ugi",0.025890505185847908,5667698.477454815,218910308.5,HIST,HIST,,,,,,,,,
IDN,2005,Jawa,0.4093551494655071,89612062.05555777,218910308.5,HIST,HIST,,,,,,,,,
IDN,2005,Madura,0.032001064938564715,7005362.998029735,218910308.5,HIST,HIST,,,,,,,,,
IDN,2005,Minangkabau,0.02726357617433621,5968277.87113719,218910308.5,HIST,HIST,,,,,,,,,
IDN,2005,Other,0.2752232951706986,60249216.45220419,218910308.5,HIST,HIST,,,,,,,,,
IDN,2005,"Sunda, Priangan",0.15454388586455806,33831249.73139919,218910308.5,HIST,HIST,,,,,,,,,
IDN,2010,"Banjar, Melayu Banjar",0.04009879609744632,9492522.999999994,236728379.0,HIST,HIST,,,,,,,,,
IDN,2010,Banten,0.01967564691515081,4657784.000000002,236728379.0,HIST,HIST,,,,,,,,,
IDN,2010,Betawi,0.028758562994257615,6807967.999999992,236728379.0,HIST,HIST,,,,,,,,,
IDN,2010,"Bugis, Ugi",0.02686496662066861,6359699.999999988,236728379.0,HIST,HIST,,,,,,,,,
IDN,2010,Jawa,0.4022205635092024,95217022.00000003,236728379.0,HIST,HIST,,,,,,,,,
IDN,2010,Madura,0.030327398980753314,7179355.999999984,236728379.0,HIST,HIST,,,,,,,,,
IDN,2010,Minangkabau,0.02730011934901981,6462712.999999995,236728379.0,HIST,HIST,,,,,,,,,
IDN,2010,Other,0.26971689355419454,63849643.00000002,236728379.0,HIST,HIST,,,,,,,,,
IDN,2010,"Sunda, Priangan",0.15503705197930664,36701670.0,236728379.0,HIST,HIST,,,,,,,,,
IDN,2015,"Banjar, Melayu Banjar",0.04009879609744632,9492522.999999994,236728379.0,HIST,HIST,,,,,,,,,
IDN,2015,Banten,0.01967564691515081,4657784.000000002,236728379.0,HIST,HIST,,,,,,,,,
IDN,2015,Betawi,0.028758562994257615,6807967.999999992,236728379.0,HIST,HIST,,,,,,,,,
IDN,2015,"Bugis, Ugi",0.02686496662066861,6359699.999999988,236728379.0,HIST,HIST,,,,,,,,,
IDN,2015,Jawa,0.4022205635092024,95217022.00000003,236728379.0,HIST,HIST,,,,,,,,,
IDN,2015,Madura,0.030327398980753314,7179355.999999984,236728379.0,HIST,HIST,,,,,,,,,
IDN,2015,Minangkabau,0.02730011934901981,6462712.999999995,236728379.0,HIST,HIST,,,,,,,,,
IDN,2015,Other,0.26971689355419454,63849643.00000002,236728379.0,HIST,HIST,,,,,,,,,
IDN,2015,"Sunda, Priangan",0.15503705197930664,36701670.0,236728379.0,HIST,HIST,,,,,,,,,
IDN,2020,"Banjar, Melayu Banjar",0.04009879609744632,9492522.999999994,236728379.0,HIST,HIST,,,,,,,,,
IDN,2020,Banten,0.01967564691515081,4657784.000000002,236728379.0,HIST,HIST,,,,,,,,,
IDN,2020,Betawi,0.028758562994257615,6807967.999999992,236728379.0,HIST,HIST,,,,,,,,,
IDN,2020,"Bugis, Ugi",0.02686496662066861,6359699.999999988,236728379.0,HIST,HIST,,,,,,,,,
IDN,2020,Jawa,0.4022205635092024,95217022.00000003,236728379.0,HIST,HIST,,,,,,,,,
IDN,2020,Madura,0.030327398980753314,7179355.999999984,236728379.0,HIST,HIST,,,,,,,,,
IDN,2020,Minangkabau,0.02730011934901981,6462712.999999995,236728379.0,HIST,HIST,,,,,,,,,
IDN,2020,Other,0.26971689355419454,63849643.00000002,236728379.0,HIST,HIST,,,,,,,,,
IDN,2020,"Sunda, Priangan",0.15503705197930664,36701670.0,236728379.0,HIST,HIST,,,,,,,,,
IDN,2024,"Banjar, Melayu Banjar",0.07189613035197703,20606795.28860474,286618976.4000015,HIST,HIST,,,,,,,,,
IDN,2024,Banten,0.018585803860998007,5327044.078210445,286618976.4000015,HIST,HIST,,,,,,,,,
IDN,2024,Betawi,0.03392042365170851,9722237.106107095,286618976.4000015,HIST,HIST,,,,,,,,,
IDN,2024,"Bugis, Ugi",0.02959345863816641,8482046.82300704,286618976.4000015,HIST,HIST,,,,,,,,,
IDN,2024,Jawa,0.3822437228315487,109558304.57330438,286618976.4000015,HIST,HIST,,,,,,,,,
IDN,2024,Madura,0.025641134298881808,7349235.666480474,286618976.4000015,HIST,HIST,,,,,,,,,
IDN,2024,Minangkabau,0.027402440238133912,7854059.371916156,286618976.4000015,HIST,HIST,,,,,,,,,
IDN,2024,Other,0.254298969027983,72886910.20237617,286618976.4000015,HIST,HIST,,,,,,,,,
IDN,2024,"Sunda, Priangan",0.15641791710060265,44832343.28999503,286618976.4000015,HIST,HIST,,,,,,,,,
IDN,2025,"Banjar, Melayu Banjar",0.07290867275055343,21345799.395639203,292774488.82756096,ET_BASE,FORECAST,,,,,,,,,
IDN,2025,Banten,0.023429508843820907,6859562.475230485,292774488.82756096,ET_BASE,FORECAST,,,,,,,,,
IDN,2025,Betawi,0.03773926179265681,11049093.080074599,292774488.82756096,ET_BASE,FORECAST,,,,,,,,,
IDN,2025,"Bugis, Ugi",0.03374965591363652,9881038.258221,292774488.82756096,ET_BASE,FORECAST,,,,,,,,,
IDN,2025,Jawa,0.3713869098156412,108732612.67852184,292774488.82756096,ET_BASE,FORECAST,,,,,,,,,
IDN,2025,Madura,0.03010919725870251,8815204.836424828,292774488.82756096,ET_BASE,FORECAST,,,,,,,,,
IDN,2025,Minangkabau,0.03172538046082651,9288382.047278373,292774488.82756096,ET_BASE,FORECAST,,,,,,,,,
IDN,2025,Other,0.2470683233118386,72335302.0631061,292774488.82756096,ET_BASE,FORECAST,,,,,,,,,
IDN,2025,"Sunda, Priangan",0.15188308985232346,44467493.993064515,292774488.82756096,ET_BASE,FORECAST,,,,,,,,,
IDN,2025,"Banjar, Melayu Banjar",0.07290027042119566,21345816.24749678,292774488.82756096,ET_BASE,SCENARIO,Aid_HIGH,33975.725,33975.725,0.0,16.851857585455935,0.0729086727505534,0.0729087303097268,5.7559173454424115e-08,292808464.552561
IDN,2025,Banten,0.023426790225182008,6859562.475230488,292774488.82756096,ET_BASE,SCENARIO,Aid_HIGH,33975.725,33975.725,0.0,0.0,0.0234295088438209,0.0234295088438209,0.0,292808464.552561
IDN,2025,Betawi,0.03773488275674907,11049093.080074605,292774488.82756096,ET_BASE,SCENARIO,Aid_HIGH,33975.725,33975.725,0.0,0.0,0.0377392617926568,0.0377392617926568,0.0,292808464.552561
IDN,2025,"Bugis, Ugi",0.03374573980748871,9881038.258221004,292774488.82756096,ET_BASE,SCENARIO,Aid_HIGH,33975.725,33975.725,0.0,0.0,0.0337496559136365,0.0337496559136365,0.0,292808464.552561
IDN,2025,Jawa,0.3713438977119588,108732636.51000193,292774488.82756096,ET_BASE,SCENARIO,Aid_HIGH,33975.725,33975.725,0.0,23.831480044174413,0.3713869098156411,0.3713869912144,8.139875895474873e-08,292808464.552561
IDN,2025,Madura,0.030105761121874988,8815221.6882824,292774488.82756096,ET_BASE,SCENARIO,Aid_HIGH,33975.725,33975.725,0.0,16.851857585455935,0.0301091972587025,0.0301092548178759,5.7559173454424115e-08,292808464.552561
IDN,2025,Minangkabau,0.03172169923937104,9288382.047278376,292774488.82756096,ET_BASE,SCENARIO,Aid_HIGH,33975.725,33975.725,0.0,0.0,0.0317253804608265,0.0317253804608265,0.0,292808464.552561
IDN,2025,Other,0.24715543490739011,72369203.40105334,292774488.82756096,ET_BASE,SCENARIO,Aid_HIGH,33975.725,33975.725,0.0,33901.337947199456,0.2470683233118385,0.2471841166587348,0.0001157933468963,292808464.552561
IDN,2025,"Sunda, Priangan",0.15186552380878968,44467510.844922096,292774488.82756096,ET_BASE,SCENARIO,Aid_HIGH,33975.725,33975.725,0.0,16.851857585455935,0.1518830898523234,0.1518831474114968,5.7559173454424115e-08,292808464.552561
IDN,2025,"Banjar, Melayu Banjar",0.0728516951954708,21345913.747529943,292774488.82756096,ET_BASE,SCENARIO,Aid_HIGH__Conflict_external_HIGH,230549.56250000003,230549.56250000003,0.0,114.35189075845102,0.0729086727505534,0.0729090633306589,3.905801055835923e-07,293005038.39006096
IDN,2025,Banten,0.023411073450889747,6859562.475230487,292774488.82756096,ET_BASE,SCENARIO,Aid_HIGH__Conflict_external_HIGH,230549.56250000003,230549.56250000003,0.0,0.0,0.0234295088438209,0.0234295088438209,0.0,293005038.39006096
IDN,2025,Betawi,0.037709566841528416,11049093.080074603,292774488.82756096,ET_BASE,SCENARIO,Aid_HIGH__Conflict_external_HIGH,230549.56250000003,230549.56250000003,0.0,0.0,0.0377392617926568,0.0377392617926568,0.0,293005038.39006096
IDN,2025,"Bugis, Ugi",0.03372310016412393,9881038.258221002,292774488.82756096,ET_BASE,SCENARIO,Aid_HIGH__Conflict_external_HIGH,230549.56250000003,230549.56250000003,0.0,0.0,0.0337496559136365,0.0337496559136365,0.0,293005038.39006096
IDN,2025,Jawa,0.3710952377801323,108732774.39213647,292774488.82756096,ET_BASE,SCENARIO,Aid_HIGH__Conflict_external_HIGH,230549.56250000003,230549.56250000003,0.0,161.71361458546926,0.3713869098156411,0.3713874621643626,5.523487214786523e-07,293005038.39006096
IDN,2025,Madura,0.03008589625882211,8815319.188315565,292774488.82756096,ET_BASE,SCENARIO,Aid_HIGH__Conflict_external_HIGH,230549.56250000003,230549.56250000003,0.0,114.35189075845102,0.0301091972587025,0.030109587838808,3.905801055835923e-07,293005038.39006096
IDN,2025,Minangkabau,0.031700417502422876,9288382.047278374,292774488.82756096,ET_BASE,SCENARIO,Aid_HIGH__Conflict_external_HIGH,230549.56250000003,230549.56250000003,0.0,0.0,0.0317253804608265,0.0317253804608265,0.0,293005038.39006096
IDN,2025,Other,0.2476590411381156,72565346.85631925,292774488.82756096,ET_BASE,SCENARIO,Aid_HIGH__Conflict_external_HIGH,230549.56250000003,230549.56250000003,0.0,230044.7932131392,0.2470683233118385,0.2478540638800634,0.0007857405682249,293005038.39006096
IDN,2025,"Sunda, Priangan",0.15176397166849426,44467608.34495528,292774488.82756096,ET_BASE,SCENARIO,Aid_HIGH__Conflict_external_HIGH,230549.56250000003,230549.56250000003,0.0,114.35189075845102,0.1518830898523234,0.151883480432429,3.905801055835923e-07,293005038.39006096
IDN,2025,"Banjar, Melayu Banjar",0.07288407143413998,21345848.74750784,292774488.82756096,ET_BASE,SCENARIO,Aid_HIGH__Conflict_external_LOW,99500.3375,99500.3375,0.0,49.35186864312095,0.0729086727505534,0.0729088413167042,1.685661508308135e-07,292873989.16506094
IDN,2025,Banten,0.02342154895621169,6859562.475230487,292774488.82756096,ET_BASE,SCENARIO,Aid_HIGH__Conflict_external_LOW,99500.3375,99500.3375,0.0,0.0,0.0234295088438209,0.0234295088438209,0.0,292873989.16506094
IDN,2025,Betawi,0.03772644034239394,11049093.0800746,292774488.82756096,ET_BASE,SCENARIO,Aid_HIGH__Conflict_external_LOW,99500.3375,99500.3375,0.0,0.0,0.0377392617926568,0.0377392617926568,0.0,292873989.16506094
IDN,2025,"Bugis, Ugi",0.03373818988292656,9881038.258221002,292774488.82756096,ET_BASE,SCENARIO,Aid_HIGH__Conflict_external_LOW,99500.3375,99500.3375,0.0,0.0,0.0337496559136365,0.0337496559136365,0.0,292873989.16506094
IDN,2025,Jawa,0.3712609739796071,108732682.47071342,292774488.82756096,ET_BASE,SCENARIO,Aid_HIGH__Conflict_external_LOW,99500.3375,99500.3375,0.0,69.79219155793935,0.3713869098156411,0.3713871481977209,2.383820797960499e-07,292873989.16506094
IDN,2025,Madura,0.0300991365379507,8815254.188293463,292774488.82756096,ET_BASE,SCENARIO,Aid_HIGH__Conflict_external_LOW,99500.3375,99500.3375,0.0,49.35186864312095,0.0301091972587025,0.0301093658248533,1.685661508308135e-07,292873989.16506094
IDN,2025,Minangkabau,0.0317146021528171,9288382.047278374,292774488.82756096,ET_BASE,SCENARIO,Aid_HIGH__Conflict_external_LOW,99500.3375,99500.3375,0.0,0.0,0.0317253804608265,0.0317253804608265,0.0,292873989.16506094
IDN,2025,Other,0.24732337876541574,72434584.55280863,292774488.82756096,ET_BASE,SCENARIO,Aid_HIGH__Conflict_external_LOW,99500.3375,99500.3375,0.0,99282.48970251268,0.2470683233118385,0.2474074323991777,0.0003391090873391,292873989.16506094
IDN,2025,"Sunda, Priangan",0.15183165794853729,44467543.344933145,292774488.82756096,ET_BASE,SCENARIO,Aid_HIGH__Conflict_external_LOW,99500.3375,99500.3375,0.0,49.35186864312095,0.1518830898523234,0.1518832584184742,1.685661508308135e-07,292873989.16506094
IDN,2025,"Banjar, Melayu Banjar",0.07290026874951086,21341569.747470245,292774488.82756096,ET_BASE,SCENARIO,Aid_HIGH__Conflict_internal_HIGH,-24268.375000000007,33975.725,58244.100000000006,-4229.648168965054,0.0729086727505534,0.0728942259721271,-1.4446778426300122e-05,292750220.45256096
IDN,2025,Banten,0.02342678968429935,6858197.844574416,292774488.82756096,ET_BASE,SCENARIO,Aid_HIGH__Conflict_internal_HIGH,-24268.375000000007,33975.725,58244.100000000006,-1364.6306560503897,0.0234295088438209,0.0234248478138878,-4.661029933021702e-06,292750220.45256096
IDN,2025,Betawi,0.03773488188551827,11046894.990736822,292774488.82756096,ET_BASE,SCENARIO,Aid_HIGH__Conflict_internal_HIGH,-24268.375000000007,33975.725,58244.100000000006,-2198.089337777683,0.0377392617926568,0.0377317540027992,-7.507789857579835e-06,292750220.45256096
IDN,2025,"Bugis, Ugi",0.03374573902836006,9879072.539886998,292774488.82756096,ET_BASE,SCENARIO,Aid_HIGH__Conflict_internal_HIGH,-24268.375000000007,33975.725,58244.100000000006,-1965.718333999437,0.0337496559136365,0.0337429418097476,-6.71410388887131e-06,292750220.45256096
IDN,2025,Jawa,0.37134388915448874,108711005.41368794,292774488.82756096,ET_BASE,SCENARIO,Aid_HIGH__Conflict_internal_HIGH,-24268.375000000007,33975.725,58244.100000000006,-21607.26483394902,0.3713869098156411,0.3713131080820253,-7.380173361578412e-05,292750220.45256096
IDN,2025,Madura,0.030105760438238583,8813468.005186334,292774488.82756096,ET_BASE,SCENARIO,Aid_HIGH__Conflict_internal_HIGH,-24268.375000000007,33975.725,58244.100000000006,-1736.8312384701392,0.0301091972587025,0.0301032649411517,-5.932317550704024e-06,292750220.45256096
IDN,2025,Minangkabau,0.03172169850697379,9286534.23104625,292774488.82756096,ET_BASE,SCENARIO,Aid_HIGH__Conflict_internal_HIGH,-24268.375000000007,33975.725,58244.100000000006,-1847.8162320984256,0.0317253804608265,0.0317190690631377,-6.311397688706262e-06,292750220.45256096
IDN,2025,Other,0.24715545223867164,72354813.12892352,292774488.82756096,ET_BASE,SCENARIO,Aid_HIGH__Conflict_internal_HIGH,-24268.375000000007,33975.725,58244.100000000006,19511.065817392395,0.2470683233118385,0.2471349652719885,6.66419601500323e-05,292750220.45256096
IDN,2025,"Sunda, Priangan",0.15186552031393874,44458664.55104844,292774488.82756096,ET_BASE,SCENARIO,Aid_HIGH__Conflict_internal_HIGH,-24268.375000000007,33975.725,58244.100000000006,-8829.442016082257,0.1518830898523234,0.1518529320265803,-3.0157825743084616e-05,292750220.45256096
IDN,2025,"Banjar, Melayu Banjar",0.07289540732535926,21341579.49747356,292774488.82756096,ET_BASE,SCENARIO,Aid_HIGH__Conflict_internal_HIGH__Conflict_external_HIGH,-4610.991249999985,53633.10875000002,58244.100000000006,-4219.8981656477545,0.0729086727505534,0.0728942592742203,-1.4413476333087203e-05,292769877.836311
IDN,2025,Banten,0.023425216744493316,6858197.844574415,292774488.82756096,ET_BASE,SCENARIO,Aid_HIGH__Conflict_internal_HIGH__Conflict_external_HIGH,-4610.991249999985,53633.10875000002,58244.100000000006,-1364.6306560503897,0.0234295088438209,0.0234248478138878,-4.661029933021702e-06,292769877.836311
IDN,2025,Betawi,0.03773234826061304,11046894.99073682,292774488.82756096,ET_BASE,SCENARIO,Aid_HIGH__Conflict_internal_HIGH__Conflict_external_HIGH,-4610.991249999985,53633.10875000002,58244.100000000006,-2198.089337777683,0.0377392617926568,0.0377317540027992,-7.507789857579835e-06,292769877.836311
IDN,2025,"Bugis, Ugi",0.03374347324559951,9879072.539886996,292774488.82756096,ET_BASE,SCENARIO,Aid_HIGH__Conflict_internal_HIGH__Conflict_external_HIGH,-4610.991249999985,53633.10875000002,58244.100000000006,-1965.718333999437,0.0337496559136365,0.0337429418097476,-6.71410388887131e-06,292769877.836311
IDN,2025,Jawa,0.3713190031888534,108711019.20190138,292774488.82756096,ET_BASE,SCENARIO,Aid_HIGH__Conflict_internal_HIGH__Conflict_external_HIGH,-4610.991249999985,53633.10875000002,58244.100000000006,-21593.476620494886,0.3713869098156411,0.3713131551770215,-7.375463861953173e-05,292769877.836311
IDN,2025,Madura,0.03010377235638064,8813477.755189676,292774488.82756096,ET_BASE,SCENARIO,Aid_HIGH__Conflict_internal_HIGH__Conflict_external_HIGH,-4610.991249999985,53633.10875000002,58244.100000000006,-1727.0812351528396,0.0301091972587025,0.030103298243245,-5.899015457491107e-06,292769877.836311
IDN,2025,Minangkabau,0.03171956862392242,9286534.231046248,292774488.82756096,ET_BASE,SCENARIO,Aid_HIGH__Conflict_internal_HIGH__Conflict_external_HIGH,-4610.991249999985,53633.10875000002,58244.100000000006,-1847.8162320984256,0.0317253804608265,0.0317190690631377,-6.311397688706262e-06,292769877.836311
IDN,2025,Other,0.2472058533115726,72374427.47445013,292774488.82756096,ET_BASE,SCENARIO,Aid_HIGH__Conflict_internal_HIGH__Conflict_external_HIGH,-4610.991249999985,53633.10875000002,58244.100000000006,39125.41134398639,0.2470683233118385,0.2472019599941214,0.0001336366822828,292769877.836311
IDN,2025,"Sunda, Priangan",0.1518553569432058,44458674.30105176,292774488.82756096,ET_BASE,SCENARIO,Aid_HIGH__Conflict_internal_HIGH__Conflict_external_HIGH,-4610.991249999985,53633.10875000002,58244.100000000006,-8819.692012764957,0.1518830898523234,0.1518529653286735,-3.01245236498717e-05,292769877.836311
IDN,2025,"Banjar, Melayu Banjar",0.07289864820225493,21341572.99747134,292774488.82756096,ET_BASE,SCENARIO,Aid_HIGH__Conflict_internal_HIGH__Conflict_external_LOW,-17715.91375,40528.186250000006,58244.100000000006,-4226.398167859287,0.0729086727505534,0.0728942370728248,-1.4435677728562484e-05,292756772.91381097
IDN,2025,Banten,0.023426265347560385,6858197.844574414,292774488.82756096,ET_BASE,SCENARIO,Aid_HIGH__Conflict_internal_HIGH__Conflict_external_LOW,-17715.91375,40528.186250000006,58244.100000000006,-1364.6306560503897,0.0234295088438209,0.0234248478138878,-4.661029933021702e-06,292756772.91381097
IDN,2025,Betawi,0.037734037306078244,11046894.99073682,292774488.82756096,ET_BASE,SCENARIO,Aid_HIGH__Conflict_internal_HIGH__Conflict_external_LOW,-17715.91375,40528.186250000006,58244.100000000006,-2198.089337777683,0.0377392617926568,0.0377317540027992,-7.507789857579835e-06,292756772.91381097
IDN,2025,"Bugis, Ugi",0.033744983733631474,9879072.539886994,292774488.82756096,ET_BASE,SCENARIO,Aid_HIGH__Conflict_internal_HIGH__Conflict_external_LOW,-17715.91375,40528.186250000006,58244.100000000006,-1965.718333999437,0.0337496559136365,0.0337429418097476,-6.71410388887131e-06,292756772.91381097
IDN,2025,Jawa,0.3713355934612797,108711010.00975908,292774488.82756096,ET_BASE,SCENARIO,Aid_HIGH__Conflict_internal_HIGH__Conflict_external_LOW,-17715.91375,40528.186250000006,58244.100000000006,-21602.668762797643,0.3713869098156411,0.3713131237803574,-7.37860352837e-05,292756772.91381097
IDN,2025,Madura,0.030105097714621228,8813471.255187456,292774488.82756096,ET_BASE,SCENARIO,Aid_HIGH__Conflict_internal_HIGH__Conflict_external_LOW,-17715.91375,40528.186250000006,58244.100000000006,-1733.5812373643728,0.0301091972587025,0.0301032760418495,-5.921216852966386e-06,292756772.91381097
IDN,2025,Minangkabau,0.03172098851417607,9286534.23104625,292774488.82756096,ET_BASE,SCENARIO,Aid_HIGH__Conflict_internal_HIGH__Conflict_external_LOW,-17715.91375,40528.186250000006,58244.100000000006,-1847.8162320984256,0.0317253804608265,0.0317190690631377,-6.311397688706262e-06,292756772.91381097
IDN,2025,Other,0.24717225334835408,72361351.24409905,292774488.82756096,ET_BASE,SCENARIO,Aid_HIGH__Conflict_internal_HIGH__Conflict_external_LOW,-17715.91375,40528.186250000006,58244.100000000006,26049.180992923728,0.2470683233118385,0.2471572968460328,8.897353419432059e-05,292756772.91381097
IDN,2025,"Sunda, Priangan",0.15186213237204382,44458667.80104954,292774488.82756096,ET_BASE,SCENARIO,Aid_HIGH__Conflict_internal_HIGH__Conflict_external_LOW,-17715.91375,40528.186250000006,58244.100000000006,-8826.19201497649,0.1518830898523234,0.151852943127278,-3.014672504534697e-05,292756772.91381097
IDN,2025,"Banjar, Melayu Banjar",0.07290026986404129,21344400.74748793,292774488.82756096,ET_BASE,SCENARIO,Aid_HIGH__Conflict_internal_LOW,14561.024999999998,33975.725,19414.7,-1398.6481512647138,0.0729086727505534,0.0729038955305269,-4.7772200264637575e-06,292789049.85256094
IDN,2025,Banten,0.02342679004491166,6859107.598345119,292774488.82756096,ET_BASE,SCENARIO,Aid_HIGH__Conflict_internal_LOW,14561.024999999998,33975.725,19414.7,-454.8768853501298,0.0234295088438209,0.0234279551671765,-1.5536766443405672e-06,292789049.85256094
IDN,2025,Betawi,0.03773488246637731,11048360.383628674,292774488.82756096,ET_BASE,SCENARIO,Aid_HIGH__Conflict_internal_LOW,14561.024999999998,33975.725,19414.7,-732.6964459258942,0.0377392617926568,0.0377367591960376,-2.5025966191932778e-06,292789049.85256094
IDN,2025,"Bugis, Ugi",0.033745739547813534,9880383.018776314,292774488.82756096,ET_BASE,SCENARIO,Aid_HIGH__Conflict_internal_LOW,14561.024999999998,33975.725,19414.7,-655.2394446664789,0.0337496559136365,0.0337474178790068,-2.2380346296237696e-06,292789049.85256094
IDN,2025,Jawa,0.37134389485984703,108725426.1445639,292774488.82756096,ET_BASE,SCENARIO,Aid_HIGH__Conflict_internal_LOW,14561.024999999998,33975.725,19414.7,-7186.533957953556,0.3713869098156411,0.3713623635036084,-2.4546312032624872e-05,292789049.85256094
IDN,2025,Madura,0.03010576089402644,8814637.127250386,292774488.82756096,ET_BASE,SCENARIO,Aid_HIGH__Conflict_internal_LOW,14561.024999999998,33975.725,19414.7,-567.7091744330758,0.0301091972587025,0.0301072581923012,-1.939066401265059e-06,292789049.85256094
IDN,2025,Minangkabau,0.031721698995271,9287766.108534332,292774488.82756096,ET_BASE,SCENARIO,Aid_HIGH__Conflict_internal_LOW,14561.024999999998,33975.725,19414.7,-615.9387440328086,0.0317253804608265,0.0317232766615969,-2.1037992295687544e-06,292789049.85256094
IDN,2025,Other,0.24715544068371778,72364406.64367671,292774488.82756096,ET_BASE,SCENARIO,Aid_HIGH__Conflict_internal_LOW,14561.024999999998,33975.725,19414.7,29104.580570597103,0.2470683233118385,0.2471677328631527,9.940955131421712e-05,292789049.85256094
IDN,2025,"Sunda, Priangan",0.15186552264399392,44464562.08029756,292774488.82756096,ET_BASE,SCENARIO,Aid_HIGH__Conflict_internal_LOW,14561.024999999998,33975.725,19414.7,-2931.9127669704485,0.1518830898523234,0.1518730756165247,-1.0014235798725256e-05,292789049.85256094
IDN,2025,"Banjar, Melayu Banjar",0.0728662581072216,21344468.99751116,292774488.82756096,ET_BASE,SCENARIO,Aid_HIGH__Conflict_internal_LOW__Conflict_external_HIGH,152162.71124999996,171577.41124999998,19414.7,-1330.3981280436171,0.0729086727505534,0.0729041286451794,-4.544105373973339e-06,292926651.53881097
IDN,2025,Banten,0.023415785358937652,6859107.598345121,292774488.82756096,ET_BASE,SCENARIO,Aid_HIGH__Conflict_internal_LOW__Conflict_external_HIGH,152162.71124999996,171577.41124999998,19414.7,-454.8768853501298,0.0234295088438209,0.0234279551671765,-1.5536766443405672e-06,292926651.53881097
IDN,2025,Betawi,0.03771715658370143,11048360.383628678,292774488.82756096,ET_BASE,SCENARIO,Aid_HIGH__Conflict_internal_LOW__Conflict_external_HIGH,152162.71124999996,171577.41124999998,19414.7,-732.6964459258942,0.0377392617926568,0.0377367591960376,-2.5025966191932778e-06,292926651.53881097
IDN,2025,"Bugis, Ugi",0.03372988755673953,9880383.018776316,292774488.82756096,ET_BASE,SCENARIO,Aid_HIGH__Conflict_internal_LOW__Conflict_external_HIGH,152162.71124999996,171577.41124999998,19414.7,-655.2394446664789,0.0337496559136365,0.0337474178790068,-2.2380346296237696e-06,292926651.53881097
IDN,2025,Jawa,0.3711697863301205,108725522.66205813,292774488.82756096,ET_BASE,SCENARIO,Aid_HIGH__Conflict_internal_LOW__Conflict_external_HIGH,152162.71124999996,171577.41124999998,19414.7,-7090.016463774649,0.3713869098156411,0.3713626931685822,-2.421664705885814e-05,292926651.53881097
IDN,2025,Madura,0.03009185176892557,8814705.377273612,292774488.82756096,ET_BASE,SCENARIO,Aid_HIGH__Conflict_internal_LOW__Conflict_external_HIGH,152162.71124999996,171577.41124999998,19414.7,-499.4591512119793,0.0301091972587025,0.0301074913069537,-1.7059517487746412e-06,292926651.53881097
IDN,2025,Minangkabau,0.03170679779304329,9287766.108534332,292774488.82756096,ET_BASE,SCENARIO,Aid_HIGH__Conflict_internal_LOW__Conflict_external_HIGH,152162.71124999996,171577.41124999998,19414.7,-615.9387440328086,0.0317253804608265,0.0317232766615969,-2.1037992295687544e-06,292926651.53881097
IDN,2025,Other,0.24750805937764545,72501707.06236288,292774488.82756096,ET_BASE,SCENARIO,Aid_HIGH__Conflict_internal_LOW__Conflict_external_HIGH,152162.71124999996,171577.41124999998,19414.7,166404.99925675488,0.2470683233118385,0.2476366959180827,0.0005683726062442,292926651.53881097
IDN,2025,"Sunda, Priangan",0.1517944171236651,44464630.33032077,292774488.82756096,ET_BASE,SCENARIO,Aid_HIGH__Conflict_internal_LOW__Conflict_external_HIGH,152162.71124999996,171577.41124999998,19414.7,-2863.662743749352,0.1518830898523234,0.1518733087311771,-9.78112114623484e-06,292926651.53881097
IDN,2025,"Banjar, Melayu Banjar",0.07288892906022208,21344423.497495692,292774488.82756096,ET_BASE,SCENARIO,Aid_HIGH__Conflict_internal_LOW__Conflict_external_LOW,60428.25375,79842.95375,19414.7,-1375.898143524348,0.0729086727505534,0.0729039732354111,-4.699515142300284e-06,292834917.081311
IDN,2025,Banten,0.023423120667131935,6859107.598345122,292774488.82756096,ET_BASE,SCENARIO,Aid_HIGH__Conflict_internal_LOW__Conflict_external_LOW,60428.25375,79842.95375,19414.7,-454.8768853501298,0.0234295088438209,0.0234279551671765,-1.5536766443405672e-06,292834917.081311
IDN,2025,Betawi,0.037728971987862014,11048360.383628678,292774488.82756096,ET_BASE,SCENARIO,Aid_HIGH__Conflict_internal_LOW__Conflict_external_LOW,60428.25375,79842.95375,19414.7,-732.6964459258942,0.0377392617926568,0.0377367591960376,-2.5025966191932778e-06,292834917.081311
IDN,2025,"Bugis, Ugi",0.03374045389550607,9880383.018776316,292774488.82756096,ET_BASE,SCENARIO,Aid_HIGH__Conflict_internal_LOW__Conflict_external_LOW,60428.25375,79842.95375,19414.7,-655.2394446664789,0.0337496559136365,0.0337474178790068,-2.2380346296237696e-06,292834917.081311
IDN,2025,Jawa,0.3712858405026624,108725458.31706199,292774488.82756096,ET_BASE,SCENARIO,Aid_HIGH__Conflict_internal_LOW__Conflict_external_LOW,60428.25375,79842.95375,19414.7,-7154.36145989392,0.3713869098156411,0.371362473391933,-2.443642370803596e-05,292834917.081311
IDN,2025,Madura,0.030101123066586213,8814659.87725811,292774488.82756096,ET_BASE,SCENARIO,Aid_HIGH__Conflict_internal_LOW__Conflict_external_LOW,60428.25375,79842.95375,19414.7,-544.9591666927103,0.0301091972587025,0.0301073358971853,-1.861361517101586e-06,292834917.081311
IDN,2025,Minangkabau,0.031716730371861415,9287766.108534336,292774488.82756096,ET_BASE,SCENARIO,Aid_HIGH__Conflict_internal_LOW__Conflict_external_LOW,60428.25375,79842.95375,19414.7,-615.9387440328086,0.0317253804608265,0.0317232766615969,-2.1037992295687544e-06,292834917.081311
IDN,2025,Other,0.24727301706920232,72410173.44990546,292774488.82756096,ET_BASE,SCENARIO,Aid_HIGH__Conflict_internal_LOW__Conflict_external_LOW,60428.25375,79842.95375,19414.7,74871.38679931637,0.2470683233118385,0.2473240538814627,0.0002557305696242,292834917.081311
IDN,2025,"Sunda, Priangan",0.15184181337896563,44464584.8303053,292774488.82756096,ET_BASE,SCENARIO,Aid_HIGH__Conflict_internal_LOW__Conflict_external_LOW,60428.25375,79842.95375,19414.7,-2909.162759230083,0.1518830898523234,0.1518731533214088,-9.936530914561784e-06,292834917.081311
IDN,2025,"Banjar, Melayu Banjar",0.0729050715134768,21345806.61786388,292774488.82756096,ET_BASE,SCENARIO,Aid_LOW,14561.025,14561.025,0.0,7.222224679481116,0.0729086727505534,0.0729086974187706,2.4668217194753196e-08,292789049.85256094
IDN,2025,Banten,0.0234283436442884,6859562.475230486,292774488.82756096,ET_BASE,SCENARIO,Aid_LOW,14561.025,14561.025,0.0,0.0,0.0234295088438209,0.0234295088438209,0.0,292789049.85256094
IDN,2025,Betawi,0.037737384938537025,11049093.080074599,292774488.82756096,ET_BASE,SCENARIO,Aid_LOW,14561.025,14561.025,0.0,0.0,0.0377392617926568,0.0377392617926568,0.0,292789049.85256094
IDN,2025,"Bugis, Ugi",0.033747977471140986,9881038.258221002,292774488.82756096,ET_BASE,SCENARIO,Aid_LOW,14561.025,14561.025,0.0,0.0,0.0337496559136365,0.0337496559136365,0.0,292789049.85256094
IDN,2025,Jawa,0.37136847483458657,108732622.8920133,292774488.82756096,ET_BASE,SCENARIO,Aid_LOW,14561.025,14561.025,0.0,10.21349144750332,0.3713869098156411,0.3713869447008235,3.4885182409178035e-08,292789049.85256094
IDN,2025,Madura,0.03010772453098411,8815212.058649478,292774488.82756096,ET_BASE,SCENARIO,Aid_LOW,14561.025,14561.025,0.0,7.222224679481116,0.0301091972587025,0.0301092219269196,2.4668217194753196e-08,292789049.85256094
IDN,2025,Minangkabau,0.03172380268987416,9288382.047278373,292774488.82756096,ET_BASE,SCENARIO,Aid_LOW,14561.025,14561.025,0.0,0.0,0.0317253804608265,0.0317253804608265,0.0,292789049.85256094
IDN,2025,Other,0.24710565932835823,72349831.20794062,292774488.82756096,ET_BASE,SCENARIO,Aid_LOW,14561.025,14561.025,0.0,14529.144834514052,0.2470683233118385,0.2471179490319369,4.9625720098418354e-05,292789049.85256094
IDN,2025,"Sunda, Priangan",0.15187556104875363,44467501.21528919,292774488.82756096,ET_BASE,SCENARIO,Aid_LOW,14561.025,14561.025,0.0,7.222224679481116,0.1518830898523234,0.1518831145205406,2.4668217194753196e-08,292789049.85256094
IDN,2025,"Banjar, Melayu Banjar",0.07286368301760435,21345889.67344769,292774488.82756096,ET_BASE,SCENARIO,Aid_LOW__Conflict_external_HIGH,182012.8125,182012.8125,0.0,90.27780849351392,0.0729086727505534,0.0729089811032683,3.0835271493441485e-07,292956501.64006096
IDN,2025,Banten,0.02341495217490835,6859562.475230487,292774488.82756096,ET_BASE,SCENARIO,Aid_LOW__Conflict_external_HIGH,182012.8125,182012.8125,0.0,0.0,0.0234295088438209,0.0234295088438209,0.0,292956501.64006096
IDN,2025,Betawi,0.03771581452611008,11049093.080074603,292774488.82756096,ET_BASE,SCENARIO,Aid_LOW__Conflict_external_HIGH,182012.8125,182012.8125,0.0,0.0,0.0377392617926568,0.0377392617926568,0.0,292956501.64006096
IDN,2025,"Bugis, Ugi",0.03372868737476008,9881038.258221004,292774488.82756096,ET_BASE,SCENARIO,Aid_LOW__Conflict_external_HIGH,182012.8125,182012.8125,0.0,0.0,0.0337496559136365,0.0337496559136365,0.0,292956501.64006096
IDN,2025,Jawa,0.37115660426870717,108732740.34716497,292774488.82756096,ET_BASE,SCENARIO,Aid_LOW__Conflict_external_HIGH,182012.8125,182012.8125,0.0,127.66864309379147,0.3713869098156411,0.3713873458804212,4.360647801147254e-07,292956501.64006096
IDN,2025,Madura,0.030090798684728175,8815295.114233313,292774488.82756096,ET_BASE,SCENARIO,Aid_LOW__Conflict_external_HIGH,182012.8125,182012.8125,0.0,90.27780849351392,0.0301091972587025,0.0301095056114174,3.0835271493441485e-07,292956501.64006096
IDN,2025,Minangkabau,0.03170566959695089,9288382.047278374,292774488.82756096,ET_BASE,SCENARIO,Aid_LOW__Conflict_external_HIGH,182012.8125,182012.8125,0.0,0.0,0.0317253804608265,0.0317253804608265,0.0,292956501.64006096
IDN,2025,Other,0.24753475675591924,72516916.37353754,292774488.82756096,ET_BASE,SCENARIO,Aid_LOW__Conflict_external_HIGH,182012.8125,182012.8125,0.0,181614.31043142563,0.2470683233118385,0.2476886448130687,0.0006203215012302,292956501.64006096
IDN,2025,"Sunda, Priangan",0.15178903360031176,44467584.270873,292774488.82756096,ET_BASE,SCENARIO,Aid_LOW__Conflict_external_HIGH,182012.8125,182012.8125,0.0,90.27780849351392,0.1518830898523234,0.1518833982050383,3.0835271493441485e-07,292956501.64006096
IDN,2025,"Banjar, Melayu Banjar",0.07289127008899063,21345834.30305848,292774488.82756096,ET_BASE,SCENARIO,Aid_LOW__Conflict_external_LOW,70378.28749999999,70378.28749999999,0.0,34.90741928415872,0.0729086727505534,0.0729087919802698,1.192297164413071e-07,292844867.115061
IDN,2025,Banten,0.023423878119520916,6859562.475230487,292774488.82756096,ET_BASE,SCENARIO,Aid_LOW__Conflict_external_LOW,70378.28749999999,70378.28749999999,0.0,0.0,0.0234295088438209,0.0234295088438209,0.0,292844867.115061
IDN,2025,Betawi,0.037730192060130355,11049093.080074603,292774488.82756096,ET_BASE,SCENARIO,Aid_LOW__Conflict_external_LOW,70378.28749999999,70378.28749999999,0.0,0.0,0.0377392617926568,0.0377392617926568,0.0,292844867.115061
IDN,2025,"Bugis, Ugi",0.0337415449878405,9881038.258221004,292774488.82756096,ET_BASE,SCENARIO,Aid_LOW__Conflict_external_LOW,70378.28749999999,70378.28749999999,0.0,0.0,0.0337496559136365,0.0337496559136365,0.0,292844867.115061
IDN,2025,Jawa,0.371297824390443,108732662.04373053,292774488.82756096,ET_BASE,SCENARIO,Aid_LOW__Conflict_external_LOW,70378.28749999999,70378.28749999999,0.0,49.36520866293271,0.3713869098156411,0.3713870784273561,1.686117149776938e-07,292844867.115061
IDN,2025,Madura,0.030102080431481583,8815239.743844101,292774488.82756096,ET_BASE,SCENARIO,Aid_LOW__Conflict_external_LOW,70378.28749999999,70378.28749999999,0.0,34.90741928415872,0.0301091972587025,0.0301093164884189,1.192297164413071e-07,292844867.115061
IDN,2025,Minangkabau,0.03171775602141218,9288382.047278374,292774488.82756096,ET_BASE,SCENARIO,Aid_LOW__Conflict_external_LOW,70378.28749999999,70378.28749999999,0.0,0.0,0.0317253804608265,0.0317253804608265,0.0,292844867.115061
IDN,2025,Other,0.24724874632919863,72405526.26313959,292774488.82756096,ET_BASE,SCENARIO,Aid_LOW__Conflict_external_LOW,70378.28749999999,70378.28749999999,0.0,70224.20003348458,0.2470683233118385,0.2473081809589808,0.0002398576471423,292844867.115061
IDN,2025,"Sunda, Priangan",0.15184670757098218,44467528.9004838,292774488.82756096,ET_BASE,SCENARIO,Aid_LOW__Conflict_external_LOW,70378.28749999999,70378.28749999999,0.0,34.90741928415872,0.1518830898523234,0.1518832090820398,1.192297164413071e-07,292844867.115061
IDN,2025,"Banjar, Melayu Banjar",0.0729050707969454,21341560.11783733,292774488.82756096,ET_BASE,SCENARIO,Aid_LOW__Conflict_internal_HIGH,-43683.075,14561.025,58244.100000000006,-4239.277801871029,0.0729086727505534,0.0728941930811708,-1.4479669382559793e-05,292730805.752561
IDN,2025,Banten,0.02342834341245076,6858197.844574414,292774488.82756096,ET_BASE,SCENARIO,Aid_LOW__Conflict_internal_HIGH,-43683.075,14561.025,58244.100000000006,-1364.6306560503897,0.0234295088438209,0.0234248478138878,-4.661029933021702e-06,292730805.752561
IDN,2025,Betawi,0.03773738456510287,11046894.990736822,292774488.82756096,ET_BASE,SCENARIO,Aid_LOW__Conflict_internal_HIGH,-43683.075,14561.025,58244.100000000006,-2198.089337777683,0.0377392617926568,0.0377317540027992,-7.507789857579835e-06,292730805.752561
IDN,2025,"Bugis, Ugi",0.0337479771371844,9879072.539886996,292774488.82756096,ET_BASE,SCENARIO,Aid_LOW__Conflict_internal_HIGH,-43683.075,14561.025,58244.100000000006,-1965.718333999437,0.0337496559136365,0.0337429418097476,-6.71410388887131e-06,292730805.752561
IDN,2025,Jawa,0.3713684711666131,108710991.79569936,292774488.82756096,ET_BASE,SCENARIO,Aid_LOW__Conflict_internal_HIGH,-43683.075,14561.025,58244.100000000006,-21620.88282254569,0.3713869098156411,0.3713130615684488,-7.384824719232969e-05,292730805.752561
IDN,2025,Madura,0.030107724237958305,8813458.375553444,292774488.82756096,ET_BASE,SCENARIO,Aid_LOW__Conflict_internal_HIGH,-43683.075,14561.025,58244.100000000006,-1746.460871376114,0.0301091972587025,0.0301032320501955,-5.965208506963695e-06,292730805.752561
IDN,2025,Minangkabau,0.03172380237594794,9286534.23104625,292774488.82756096,ET_BASE,SCENARIO,Aid_LOW__Conflict_internal_HIGH,-43683.075,14561.025,58244.100000000006,-1847.8162320984256,0.0317253804608265,0.0317190690631377,-6.311397688706262e-06,292730805.752561
IDN,2025,Other,0.24710566675703555,72335440.93581083,292774488.82756096,ET_BASE,SCENARIO,Aid_LOW__Conflict_internal_HIGH,-43683.075,14561.025,58244.100000000006,138.87270470699332,0.2470683233118385,0.2470687976451906,4.743333521411659e-07,292730805.752561
IDN,2025,"Sunda, Priangan",0.15187555955076168,44458654.92141552,292774488.82756096,ET_BASE,SCENARIO,Aid_LOW__Conflict_internal_HIGH,-43683.075,14561.025,58244.100000000006,-8839.071648988232,0.1518830898523234,0.151852899135624,-3.019071669934429e-05,292730805.752561
IDN,2025,"Banjar, Melayu Banjar",0.07290092899326496,21341568.423395716,292774488.82756096,ET_BASE,SCENARIO,Aid_LOW__Conflict_internal_HIGH__Conflict_external_HIGH,-26937.896249999994,31306.20375000001,58244.100000000006,-4230.972243489625,0.0729086727505534,0.0728942214496206,-1.4451300932785824e-05,292747550.93131095
IDN,2025,Banten,0.02342700330970008,6858197.844574414,292774488.82756096,ET_BASE,SCENARIO,Aid_LOW__Conflict_internal_HIGH__Conflict_external_HIGH,-26937.896249999994,31306.20375000001,58244.100000000006,-1364.6306560503897,0.0234295088438209,0.0234248478138878,-4.661029933021702e-06,292747550.93131095
IDN,2025,Betawi,0.037735225984277546,11046894.99073682,292774488.82756096,ET_BASE,SCENARIO,Aid_LOW__Conflict_internal_HIGH__Conflict_external_HIGH,-26937.896249999994,31306.20375000001,58244.100000000006,-2198.089337777683,0.0377392617926568,0.0377317540027992,-7.507789857579835e-06,292747550.93131095
IDN,2025,"Bugis, Ugi",0.033746046750720654,9879072.539886994,292774488.82756096,ET_BASE,SCENARIO,Aid_LOW__Conflict_internal_HIGH__Conflict_external_HIGH,-26937.896249999994,31306.20375000001,58244.100000000006,-1965.718333999437,0.0337496559136365,0.0337429418097476,-6.71410388887131e-06,292747550.93131095
IDN,2025,Jawa,0.37134726898781806,108711003.5412145,292774488.82756096,ET_BASE,SCENARIO,Aid_LOW__Conflict_internal_HIGH__Conflict_external_HIGH,-26937.896249999994,31306.20375000001,58244.100000000006,-21609.13730738106,0.3713869098156411,0.3713131016864085,-7.380812923255914e-05,292747550.93131095
IDN,2025,Madura,0.030106030445254815,8813466.681111831,292774488.82756096,ET_BASE,SCENARIO,Aid_LOW__Conflict_internal_HIGH__Conflict_external_HIGH,-26937.896249999994,31306.20375000001,58244.100000000006,-1738.1553129947108,0.0301091972587025,0.0301032604186453,-5.936840057189729e-06,292747550.93131095
IDN,2025,Minangkabau,0.03172198777241078,9286534.231046248,292774488.82756096,ET_BASE,SCENARIO,Aid_LOW__Conflict_internal_HIGH__Conflict_external_HIGH,-26937.896249999994,31306.20375000001,58244.100000000006,-1847.8162320984256,0.0317253804608265,0.0317190690631377,-6.311397688706262e-06,292747550.93131095
IDN,2025,Other,0.2471486071265099,72352149.45237052,292774488.82756096,ET_BASE,SCENARIO,Aid_LOW__Conflict_internal_HIGH__Conflict_external_HIGH,-26937.896249999994,31306.20375000001,58244.100000000006,16847.389264398167,0.2470683233118385,0.2471258672233038,5.754391146532232e-05,292747550.93131095
IDN,2025,"Sunda, Priangan",0.1518669006300432,44458663.22697391,292774488.82756096,ET_BASE,SCENARIO,Aid_LOW__Conflict_internal_HIGH__Conflict_external_HIGH,-26937.896249999994,31306.20375000001,58244.100000000006,-8830.766090606829,0.1518830898523234,0.1518529275040738,-3.016234824957032e-05,292747550.93131095
IDN,2025,"Banjar, Melayu Banjar",0.07290369014306956,21341562.886356782,292774488.82756096,ET_BASE,SCENARIO,Aid_LOW__Conflict_internal_HIGH__Conflict_external_LOW,-38101.348750000005,20142.751250000005,58244.100000000006,-4236.50928241056,0.0729086727505534,0.0728942025373207,-1.4470213232635135e-05,292736387.47881097
IDN,2025,Banten,0.023427896694499004,6858197.844574415,292774488.82756096,ET_BASE,SCENARIO,Aid_LOW__Conflict_internal_HIGH__Conflict_external_LOW,-38101.348750000005,20142.751250000005,58244.100000000006,-1364.6306560503897,0.0234295088438209,0.0234248478138878,-4.661029933021702e-06,292736387.47881097
IDN,2025,Betawi,0.037736665010722065,11046894.990736822,292774488.82756096,ET_BASE,SCENARIO,Aid_LOW__Conflict_internal_HIGH__Conflict_external_LOW,-38101.348750000005,20142.751250000005,58244.100000000006,-2198.089337777683,0.0377392617926568,0.0377317540027992,-7.507789857579835e-06,292736387.47881097
IDN,2025,"Bugis, Ugi",0.033747333650491505,9879072.539886998,292774488.82756096,ET_BASE,SCENARIO,Aid_LOW__Conflict_internal_HIGH__Conflict_external_LOW,-38101.348750000005,20142.751250000005,58244.100000000006,-1965.718333999437,0.0337496559136365,0.0337429418097476,-6.71410388887131e-06,292736387.47881097
IDN,2025,Jawa,0.3713614035041676,108710995.71087107,292774488.82756096,ET_BASE,SCENARIO,Aid_LOW__Conflict_internal_HIGH__Conflict_external_LOW,-38101.348750000005,20142.751250000005,58244.100000000006,-21616.967650824143,0.3713869098156411,0.371313074941102,-7.383487453907284e-05,292736387.47881097
IDN,2025,Madura,0.03010715961885961,8813461.144072898,292774488.82756096,ET_BASE,SCENARIO,Aid_LOW__Conflict_internal_HIGH__Conflict_external_LOW,-38101.348750000005,20142.751250000005,58244.100000000006,-1743.6923519156462,0.0301091972587025,0.0301032415063454,-5.955752357039039e-06,292736387.47881097
IDN,2025,Minangkabau,0.031723197485035694,9286534.23104625,292774488.82756096,ET_BASE,SCENARIO,Aid_LOW__Conflict_internal_HIGH__Conflict_external_LOW,-38101.348750000005,20142.751250000005,58244.100000000006,-1847.8162320984256,0.0317253804608265,0.0317190690631377,-6.311397688706262e-06,292736387.47881097
IDN,2025,Other,0.24711998075936825,72341010.44133073,292774488.82756096,ET_BASE,SCENARIO,Aid_LOW__Conflict_internal_HIGH__Conflict_external_LOW,-38101.348750000005,20142.751250000005,58244.100000000006,5708.378224604052,0.2470683233118385,0.247087820837895,1.9497526056534887e-05,292736387.47881097
IDN,2025,"Sunda, Priangan",0.15187267313378666,44458657.68993498,292774488.82756096,ET_BASE,SCENARIO,Aid_LOW__Conflict_internal_HIGH__Conflict_external_LOW,-38101.348750000005,20142.751250000005,58244.100000000006,-8836.303129527765,0.1518830898523234,0.1518529085917739,-3.0181260549419636e-05,292736387.47881097
IDN,2025,"Banjar, Melayu Banjar",0.07290507127466464,21344391.11785502,292774488.82756096,ET_BASE,SCENARIO,Aid_LOW__Conflict_internal_LOW,-4853.675000000001,14561.025,19414.7,-1408.2777841706886,0.0729086727505534,0.0729038626395706,-4.810110982723428e-06,292769635.15256095
IDN,2025,Banten,0.023428343567019408,6859107.59834512,292774488.82756096,ET_BASE,SCENARIO,Aid_LOW__Conflict_internal_LOW,-4853.675000000001,14561.025,19414.7,-454.8768853501298,0.0234295088438209,0.0234279551671765,-1.5536766443405672e-06,292769635.15256095
IDN,2025,Betawi,0.03773738481407549,11048360.383628676,292774488.82756096,ET_BASE,SCENARIO,Aid_LOW__Conflict_internal_LOW,-4853.675000000001,14561.025,19414.7,-732.6964459258942,0.0377392617926568,0.0377367591960376,-2.5025966191932778e-06,292769635.15256095
IDN,2025,"Bugis, Ugi",0.033747977359836825,9880383.018776314,292774488.82756096,ET_BASE,SCENARIO,Aid_LOW__Conflict_internal_LOW,-4853.675000000001,14561.025,19414.7,-655.2394446664789,0.0337496559136365,0.0337474178790068,-2.2380346296237696e-06,292769635.15256095
IDN,2025,Jawa,0.37136847361209097,108725412.52657533,292774488.82756096,ET_BASE,SCENARIO,Aid_LOW__Conflict_internal_LOW,-4853.675000000001,14561.025,19414.7,-7200.151946550226,0.3713869098156411,0.3713623169900319,-2.459282560917044e-05,292769635.15256095
IDN,2025,Madura,0.030107724433321804,8814627.49761747,292774488.82756096,ET_BASE,SCENARIO,Aid_LOW__Conflict_internal_LOW,-4853.675000000001,14561.025,19414.7,-577.3388073390506,0.0301091972587025,0.0301072253013449,-1.97195735752473e-06,292769635.15256095
IDN,2025,Minangkabau,0.03172380258524597,9287766.108534332,292774488.82756096,ET_BASE,SCENARIO,Aid_LOW__Conflict_internal_LOW,-4853.675000000001,14561.025,19414.7,-615.9387440328086,0.0317253804608265,0.0317232766615969,-2.1037992295687544e-06,292769635.15256095
IDN,2025,Other,0.24710566180425564,72345034.45056404,292774488.82756096,ET_BASE,SCENARIO,Aid_LOW__Conflict_internal_LOW,-4853.675000000001,14561.025,19414.7,9732.3874579117,0.2470683233118385,0.2471015652363548,3.324192451632596e-05,292769635.15256095
IDN,2025,"Sunda, Priangan",0.15187556054948925,44464552.45066465,292774488.82756096,ET_BASE,SCENARIO,Aid_LOW__Conflict_internal_LOW,-4853.675000000001,14561.025,19414.7,-2941.542399876423,0.1518830898523234,0.1518730427255684,-1.0047126754984928e-05,292769635.15256095
IDN,2025,"Banjar, Melayu Banjar",0.07287609243794815,21344449.256763715,292774488.82756096,ET_BASE,SCENARIO,Aid_LOW__Conflict_internal_LOW__Conflict_external_HIGH,112362.57624999995,131777.27624999997,19414.7,-1350.1388755008657,0.0729086727505534,0.0729040612187191,-4.611531834305665e-06,292886851.403811
IDN,2025,Banten,0.023418967309284514,6859107.59834512,292774488.82756096,ET_BASE,SCENARIO,Aid_LOW__Conflict_internal_LOW__Conflict_external_HIGH,112362.57624999995,131777.27624999997,19414.7,-454.8768853501298,0.0234295088438209,0.0234279551671765,-1.5536766443405672e-06,292886851.403811
IDN,2025,Betawi,0.037722281934725724,11048360.383628676,292774488.82756096,ET_BASE,SCENARIO,Aid_LOW__Conflict_internal_LOW__Conflict_external_HIGH,112362.57624999995,131777.27624999997,19414.7,-732.6964459258942,0.0377392617926568,0.0377367591960376,-2.5025966191932778e-06,292886851.403811
IDN,2025,"Bugis, Ugi",0.03373447108130493,9880383.018776316,292774488.82756096,ET_BASE,SCENARIO,Aid_LOW__Conflict_internal_LOW__Conflict_external_HIGH,112362.57624999995,131777.27624999997,19414.7,-655.2394446664789,0.0337496559136365,0.0337474178790068,-2.2380346296237696e-06,292886851.403811
IDN,2025,Jawa,0.3712201289476076,108725494.74518149,292774488.82756096,ET_BASE,SCENARIO,Aid_LOW__Conflict_internal_LOW__Conflict_external_HIGH,112362.57624999995,131777.27624999997,19414.7,-7117.933340397824,0.3713869098156411,0.3713625978157503,-2.431199989077656e-05,292886851.403811
IDN,2025,Madura,0.03009587352343479,8814685.636526134,292774488.82756096,ET_BASE,SCENARIO,Aid_LOW__Conflict_internal_LOW__Conflict_external_HIGH,112362.57624999995,131777.27624999997,19414.7,-519.1998986692277,0.0301091972587025,0.0301074238804933,-1.7733782091069666e-06,292886851.403811
IDN,2025,Minangkabau,0.031711106401731366,9287766.108534334,292774488.82756096,ET_BASE,SCENARIO,Aid_LOW__Conflict_internal_LOW__Conflict_external_HIGH,112362.57624999995,131777.27624999997,19414.7,-615.9387440328086,0.0317253804608265,0.0317232766615969,-2.1037992295687544e-06,292886851.403811
IDN,2025,Other,0.24740610143190273,72461994.06648187,292774488.82756096,ET_BASE,SCENARIO,Aid_LOW__Conflict_internal_LOW__Conflict_external_HIGH,112362.57624999995,131777.27624999997,19414.7,126692.0033757498,0.2470683233118385,0.2475010522831471,0.0004327289713085,292886851.403811
IDN,2025,"Sunda, Priangan",0.15181497693206022,44464610.58957332,292774488.82756096,ET_BASE,SCENARIO,Aid_LOW__Conflict_internal_LOW__Conflict_external_HIGH,112362.57624999995,131777.27624999997,19414.7,-2883.4034912066004,0.1518830898523234,0.1518732413047168,-9.848547606567164e-06,292886851.403811
IDN,2025,"Banjar, Melayu Banjar",0.07289540908448897,21344410.49749125,292774488.82756096,ET_BASE,SCENARIO,Aid_LOW__Conflict_internal_LOW__Conflict_external_LOW,34218.40875,53633.10875,19414.7,-1388.8981479474144,0.0729086727505534,0.0729039288326201,-4.7439179332508405e-06,292808707.23631096
IDN,2025,Banten,0.023425217313669176,6859107.59834512,292774488.82756096,ET_BASE,SCENARIO,Aid_LOW__Conflict_internal_LOW__Conflict_external_LOW,34218.40875,53633.10875,19414.7,-454.8768853501298,0.0234295088438209,0.0234279551671765,-1.5536766443405672e-06,292808707.23631096
IDN,2025,Betawi,0.037732349177417426,11048360.383628678,292774488.82756096,ET_BASE,SCENARIO,Aid_LOW__Conflict_internal_LOW__Conflict_external_LOW,34218.40875,53633.10875,19414.7,-732.6964459258942,0.0377392617926568,0.0377367591960376,-2.5025966191932778e-06,292808707.23631096
IDN,2025,"Bugis, Ugi",0.033743474065483864,9880383.018776316,292774488.82756096,ET_BASE,SCENARIO,Aid_LOW__Conflict_internal_LOW__Conflict_external_LOW,34218.40875,53633.10875,19414.7,-655.2394446664789,0.0337496559136365,0.0337474178790068,-2.2380346296237696e-06,292808707.23631096
IDN,2025,Jawa,0.3713190121939599,108725439.93277739,292774488.82756096,ET_BASE,SCENARIO,Aid_LOW__Conflict_internal_LOW__Conflict_external_LOW,34218.40875,53633.10875,19414.7,-7172.745744499426,0.3713869098156411,0.3713624105986047,-2.449921703637248e-05,292808707.23631096
IDN,2025,Madura,0.030103773075777596,8814646.877253702,292774488.82756096,ET_BASE,SCENARIO,Aid_LOW__Conflict_internal_LOW__Conflict_external_LOW,34218.40875,53633.10875,19414.7,-557.9591711157763,0.0301091972587025,0.0301072914943944,-1.9057643080521416e-06,292808707.23631096
IDN,2025,Minangkabau,0.03171956939463092,9287766.108534334,292774488.82756096,ET_BASE,SCENARIO,Aid_LOW__Conflict_internal_LOW__Conflict_external_LOW,34218.40875,53633.10875,19414.7,-615.9387440328086,0.0317253804608265,0.0317232766615969,-2.1037992295687544e-06,292808707.23631096
IDN,2025,Other,0.24720583507370175,72384020.9892033,292774488.82756096,ET_BASE,SCENARIO,Aid_LOW__Conflict_internal_LOW__Conflict_external_LOW,34218.40875,53633.10875,19414.7,48718.92609719107,0.2470683233118385,0.2472347275852855,0.000166404273447,292808707.23631096
IDN,2025,"Sunda, Priangan",0.15185536062087035,44464571.83030085,292774488.82756096,ET_BASE,SCENARIO,Aid_LOW__Conflict_internal_LOW__Conflict_external_LOW,34218.40875,53633.10875,19414.7,-2922.162763653149,0.1518830898523234,0.1518731089186178,-9.98093370551234e-06,292808707.23631096
IDN,2025,"Banjar, Melayu Banjar",0.07287267649132509,21345871.617885992,292774488.82756096,ET_BASE,SCENARIO,Conflict_external_HIGH,145610.25,145610.25,0.0,72.22224679481116,0.0729086727505534,0.0729089194327253,2.466821719475319e-07,292920099.07756096
IDN,2025,Banten,0.023417862061470136,6859562.475230488,292774488.82756096,ET_BASE,SCENARIO,Conflict_external_HIGH,145610.25,145610.25,0.0,0.0,0.0234295088438209,0.0234295088438209,0.0,292920099.07756096
IDN,2025,Betawi,0.037720501648297496,11049093.080074605,292774488.82756096,ET_BASE,SCENARIO,Conflict_external_HIGH,145610.25,145610.25,0.0,0.0,0.0377392617926568,0.0377392617926568,0.0,292920099.07756096
IDN,2025,"Bugis, Ugi",0.03373287899784798,9881038.258221006,292774488.82756096,ET_BASE,SCENARIO,Conflict_external_HIGH,145610.25,145610.25,0.0,0.0,0.0337496559136365,0.0337496559136365,0.0,292920099.07756096
IDN,2025,Jawa,0.37120264248116863,108732714.81343636,292774488.82756096,ET_BASE,SCENARIO,Conflict_external_HIGH,145610.25,145610.25,0.0,102.1349144750332,0.3713869098156411,0.3713872586674652,3.488518240917803e-07,292920099.07756096
IDN,2025,Madura,0.03009447657034096,8815277.05867161,292774488.82756096,ET_BASE,SCENARIO,Conflict_external_HIGH,145610.25,145610.25,0.0,72.22224679481116,0.0301091972587025,0.0301094439408744,2.466821719475319e-07,292920099.07756096
IDN,2025,Minangkabau,0.031709609810076395,9288382.047278376,292774488.82756096,ET_BASE,SCENARIO,Conflict_external_HIGH,145610.25,145610.25,0.0,0.0,0.0317253804608265,0.0317253804608265,0.0,292920099.07756096
IDN,2025,Other,0.2474415164398106,72480593.51145124,292774488.82756096,ET_BASE,SCENARIO,Conflict_external_HIGH,145610.25,145610.25,0.0,145291.44834514052,0.2470683233118385,0.2475645805128226,0.0004962572009841,292920099.07756096
IDN,2025,"Sunda, Priangan",0.1518078354996628,44467566.215311304,292774488.82756096,ET_BASE,SCENARIO,Conflict_external_HIGH,145610.25,145610.25,0.0,72.22224679481116,0.1518830898523234,0.1518833365344953,2.466821719475319e-07,292920099.07756096
IDN,2025,"Banjar, Melayu Banjar",0.07289667001978135,21345823.469721455,292774488.82756096,ET_BASE,SCENARIO,Conflict_external_LOW,48536.75,48536.75,0.0,24.07408226493705,0.0729086727505534,0.072908754977944,8.222739064917731e-08,292823025.57756096
IDN,2025,Banten,0.023425625296032513,6859562.475230488,292774488.82756096,ET_BASE,SCENARIO,Conflict_external_LOW,48536.75,48536.75,0.0,0.0,0.0234295088438209,0.0234295088438209,0.0,292823025.57756096
IDN,2025,Betawi,0.037733006338150805,11049093.080074603,292774488.82756096,ET_BASE,SCENARIO,Conflict_external_LOW,48536.75,48536.75,0.0,0.0,0.0377392617926568,0.0377392617926568,0.0,292823025.57756096
IDN,2025,"Bugis, Ugi",0.033744061754473545,9881038.258221004,292774488.82756096,ET_BASE,SCENARIO,Conflict_external_LOW,48536.75,48536.75,0.0,0.0,0.0337496559136365,0.0337496559136365,0.0,292823025.57756096
IDN,2025,Jawa,0.37132546700871716,108732646.72349335,292774488.82756096,ET_BASE,SCENARIO,Conflict_external_LOW,48536.75,48536.75,0.0,34.044971491677735,0.3713869098156411,0.3713870260995824,1.1628394136392677e-07,292823025.57756096
IDN,2025,Madura,0.03010428873590121,8815228.910507081,292774488.82756096,ET_BASE,SCENARIO,Conflict_external_LOW,48536.75,48536.75,0.0,24.07408226493705,0.0301091972587025,0.0301092794860931,8.222739064917731e-08,292823025.57756096
IDN,2025,Minangkabau,0.03172012183453836,9288382.047278376,292774488.82756096,ET_BASE,SCENARIO,Conflict_external_LOW,48536.75,48536.75,0.0,0.0,0.0317253804608265,0.0317253804608265,0.0,292823025.57756096
IDN,2025,Other,0.24719276226013628,72383732.54588783,292774488.82756096,ET_BASE,SCENARIO,Conflict_external_LOW,48536.75,48536.75,0.0,48430.48278171351,0.2470683233118385,0.2472337423788332,0.0001654190669947,292823025.57756096
IDN,2025,"Sunda, Priangan",0.1518579967522688,44467518.06714678,292774488.82756096,ET_BASE,SCENARIO,Conflict_external_LOW,48536.75,48536.75,0.0,24.07408226493705,0.1518830898523234,0.151883172079714,8.222739064917731e-08,292823025.57756096
IDN,2025,"Banjar, Melayu Banjar",0.0729086727505534,21341552.895612642,292774488.82756096,ET_BASE,SCENARIO,Conflict_internal_HIGH,-58244.100000000006,0.0,58244.100000000006,-4246.50002655051,0.0729086727505534,0.0728941684129536,-1.4504337599754544e-05,292716244.72756094
IDN,2025,Banten,0.023429508843820838,6858197.844574413,292774488.82756096,ET_BASE,SCENARIO,Conflict_internal_HIGH,-58244.100000000006,0.0,58244.100000000006,-1364.6306560503897,0.0234295088438209,0.0234248478138878,-4.661029933021702e-06,292716244.72756094
IDN,2025,Betawi,0.037739261792656804,11046894.99073682,292774488.82756096,ET_BASE,SCENARIO,Conflict_internal_HIGH,-58244.100000000006,0.0,58244.100000000006,-2198.089337777683,0.0377392617926568,0.0377317540027992,-7.507789857579835e-06,292716244.72756094
IDN,2025,"Bugis, Ugi",0.033749655913636496,9879072.539886994,292774488.82756096,ET_BASE,SCENARIO,Conflict_internal_HIGH,-58244.100000000006,0.0,58244.100000000006,-1965.718333999437,0.0337496559136365,0.0337429418097476,-6.71410388887131e-06,292716244.72756094
IDN,2025,Jawa,0.3713869098156414,108710981.58220789,292774488.82756096,ET_BASE,SCENARIO,Conflict_internal_HIGH,-58244.100000000006,0.0,58244.100000000006,-21631.096313993192,0.3713869098156411,0.3713130266832664,-7.388313237473887e-05,292716244.72756094
IDN,2025,Madura,0.03010919725870248,8813451.153328761,292774488.82756096,ET_BASE,SCENARIO,Conflict_internal_HIGH,-58244.100000000006,0.0,58244.100000000006,-1753.6830960555951,0.0301091972587025,0.0301032073819783,-5.989876724158448e-06,292716244.72756094
IDN,2025,Minangkabau,0.03172538046082643,9286534.23104625,292774488.82756096,ET_BASE,SCENARIO,Conflict_internal_HIGH,-58244.100000000006,0.0,58244.100000000006,-1847.8162320984256,0.0317253804608265,0.0317190690631377,-6.311397688706262e-06,292716244.72756094
IDN,2025,Other,0.24706832331183867,72320911.79097632,292774488.82756096,ET_BASE,SCENARIO,Conflict_internal_HIGH,-58244.100000000006,0.0,58244.100000000006,-14390.27212980706,0.2470683233118385,0.2470191719250922,-4.915138674627719e-05,292716244.72756094
IDN,2025,"Sunda, Priangan",0.15188308985232346,44458647.69919084,292774488.82756096,ET_BASE,SCENARIO,Conflict_internal_HIGH,-58244.100000000006,0.0,58244.100000000006,-8846.293873667713,0.1518830898523234,0.1518528744674068,-3.021538491653904e-05,292716244.72756094
IDN,2025,"Banjar, Melayu Banjar",0.0729050707969454,21341560.11783733,292774488.82756096,ET_BASE,SCENARIO,Conflict_internal_HIGH__Conflict_external_HIGH,-43683.075,14561.025000000012,58244.100000000006,-4239.277801871029,0.0729086727505534,0.0728941930811708,-1.4479669382559793e-05,292730805.752561
IDN,2025,Banten,0.02342834341245076,6858197.844574414,292774488.82756096,ET_BASE,SCENARIO,Conflict_internal_HIGH__Conflict_external_HIGH,-43683.075,14561.025000000012,58244.100000000006,-1364.6306560503897,0.0234295088438209,0.0234248478138878,-4.661029933021702e-06,292730805.752561
IDN,2025,Betawi,0.03773738456510287,11046894.990736822,292774488.82756096,ET_BASE,SCENARIO,Conflict_internal_HIGH__Conflict_external_HIGH,-43683.075,14561.025000000012,58244.100000000006,-2198.089337777683,0.0377392617926568,0.0377317540027992,-7.507789857579835e-06,292730805.752561
IDN,2025,"Bugis, Ugi",0.0337479771371844,9879072.539886996,292774488.82756096,ET_BASE,SCENARIO,Conflict_internal_HIGH__Conflict_external_HIGH,-43683.075,14561.025000000012,58244.100000000006,-1965.718333999437,0.0337496559136365,0.0337429418097476,-6.71410388887131e-06,292730805.752561
IDN,2025,Jawa,0.3713684711666131,108710991.79569936,292774488.82756096,ET_BASE,SCENARIO,Conflict_internal_HIGH__Conflict_external_HIGH,-43683.075,14561.025000000012,58244.100000000006,-21620.88282254569,0.3713869098156411,0.3713130615684488,-7.384824719232969e-05,292730805.752561
IDN,2025,Madura,0.030107724237958305,8813458.375553444,292774488.82756096,ET_BASE,SCENARIO,Conflict_internal_HIGH__Conflict_external_HIGH,-43683.075,14561.025000000012,58244.100000000006,-1746.460871376114,0.0301091972587025,0.0301032320501955,-5.965208506963695e-06,292730805.752561
IDN,2025,Minangkabau,0.03172380237594794,9286534.23104625,292774488.82756096,ET_BASE,SCENARIO,Conflict_internal_HIGH__Conflict_external_HIGH,-43683.075,14561.025000000012,58244.100000000006,-1847.8162320984256,0.0317253804608265,0.0317190690631377,-6.311397688706262e-06,292730805.752561
IDN,2025,Other,0.24710566675703555,72335440.93581083,292774488.82756096,ET_BASE,SCENARIO,Conflict_internal_HIGH__Conflict_external_HIGH,-43683.075,14561.025000000012,58244.100000000006,138.87270470700605,0.2470683233118385,0.2470687976451906,4.743333521412094e-07,292730805.752561
IDN,2025,"Sunda, Priangan",0.15187555955076168,44458654.92141552,292774488.82756096,ET_BASE,SCENARIO,Conflict_internal_HIGH__Conflict_external_HIGH,-43683.075,14561.025000000012,58244.100000000006,-8839.071648988232,0.1518830898523234,0.151852899135624,-3.019071669934429e-05,292730805.752561
IDN,2025,"Banjar, Melayu Banjar",0.07290747205953423,21341555.30302088,292774488.82756096,ET_BASE,SCENARIO,Conflict_internal_HIGH__Conflict_external_LOW,-53390.425,4853.675000000005,58244.100000000006,-4244.092618324016,0.0729086727505534,0.0728941766356927,-1.4496114860689627e-05,292721098.40256095
IDN,2025,Banten,0.02342912035381462,6858197.844574413,292774488.82756096,ET_BASE,SCENARIO,Conflict_internal_HIGH__Conflict_external_LOW,-53390.425,4853.675000000005,58244.100000000006,-1364.6306560503897,0.0234295088438209,0.0234248478138878,-4.661029933021702e-06,292721098.40256095
IDN,2025,Betawi,0.037738636029387665,11046894.990736818,292774488.82756096,ET_BASE,SCENARIO,Conflict_internal_HIGH__Conflict_external_LOW,-53390.425,4853.675000000005,58244.100000000006,-2198.089337777683,0.0377392617926568,0.0377317540027992,-7.507789857579835e-06,292721098.40256095
IDN,2025,"Bugis, Ugi",0.03374909630292835,9879072.539886994,292774488.82756096,ET_BASE,SCENARIO,Conflict_internal_HIGH__Conflict_external_LOW,-53390.425,4853.675000000005,58244.100000000006,-1965.718333999437,0.0337496559136365,0.0337429418097476,-6.71410388887131e-06,292721098.40256095
IDN,2025,Jawa,0.371380763395475,108710984.98670503,292774488.82756096,ET_BASE,SCENARIO,Conflict_internal_HIGH__Conflict_external_LOW,-53390.425,4853.675000000005,58244.100000000006,-21627.691816844024,0.3713869098156411,0.3713130383116605,-7.387150398060247e-05,292721098.40256095
IDN,2025,Madura,0.03010870623550479,8813453.560736999,292774488.82756096,ET_BASE,SCENARIO,Conflict_internal_HIGH__Conflict_external_LOW,-53390.425,4853.675000000005,58244.100000000006,-1751.2756878291011,0.0301091972587025,0.0301032156047174,-5.98165398509353e-06,292721098.40256095
IDN,2025,Minangkabau,0.03172485441508921,9286534.231046248,292774488.82756096,ET_BASE,SCENARIO,Conflict_internal_HIGH__Conflict_external_LOW,-53390.425,4853.675000000005,58244.100000000006,-1847.8162320984256,0.0317253804608265,0.0317190690631377,-6.311397688706262e-06,292721098.40256095
IDN,2025,Other,0.2470807715397044,72325754.8392545,292774488.82756096,ET_BASE,SCENARIO,Conflict_internal_HIGH__Conflict_external_LOW,-53390.425,4853.675000000005,58244.100000000006,-9547.223851635705,0.2470683233118385,0.2470357138317917,-3.260948004680438e-05,292721098.40256095
IDN,2025,"Sunda, Priangan",0.1518805796685618,44458650.10659908,292774488.82756096,ET_BASE,SCENARIO,Conflict_internal_HIGH__Conflict_external_LOW,-53390.425,4853.675000000005,58244.100000000006,-8843.88646544122,0.1518830898523234,0.1518528826901459,-3.020716217747412e-05,292721098.40256095
IDN,2025,"Banjar, Melayu Banjar",0.07290867275055338,21344383.895630337,292774488.82756096,ET_BASE,SCENARIO,Conflict_internal_LOW,-19414.7,0.0,19414.7,-1415.5000088501697,0.0729086727505534,0.0729038379713534,-4.8347791999181815e-06,292755074.127561
IDN,2025,Banten,0.02342950884382086,6859107.59834512,292774488.82756096,ET_BASE,SCENARIO,Conflict_internal_LOW,-19414.7,0.0,19414.7,-454.8768853501298,0.0234295088438209,0.0234279551671765,-1.5536766443405672e-06,292755074.127561
IDN,2025,Betawi,0.03773926179265682,11048360.383628676,292774488.82756096,ET_BASE,SCENARIO,Conflict_internal_LOW,-19414.7,0.0,19414.7,-732.6964459258942,0.0377392617926568,0.0377367591960376,-2.5025966191932778e-06,292755074.127561
IDN,2025,"Bugis, Ugi",0.03374965591363645,9880383.018776314,292774488.82756096,ET_BASE,SCENARIO,Conflict_internal_LOW,-19414.7,0.0,19414.7,-655.2394446664789,0.0337496559136365,0.0337474178790068,-2.2380346296237696e-06,292755074.127561
IDN,2025,Jawa,0.3713869098156414,108725402.31308389,292774488.82756096,ET_BASE,SCENARIO,Conflict_internal_LOW,-19414.7,0.0,19414.7,-7210.36543799773,0.3713869098156411,0.3713622821048495,-2.462771079157962e-05,292755074.127561
IDN,2025,Madura,0.030109197258702442,8814620.27539279,292774488.82756096,ET_BASE,SCENARIO,Conflict_internal_LOW,-19414.7,0.0,19414.7,-584.5610320185317,0.0301091972587025,0.0301072006331277,-1.996625574719483e-06,292755074.127561
IDN,2025,Minangkabau,0.03172538046082649,9287766.108534334,292774488.82756096,ET_BASE,SCENARIO,Conflict_internal_LOW,-19414.7,0.0,19414.7,-615.9387440328086,0.0317253804608265,0.0317232766615969,-2.1037992295687544e-06,292755074.127561
IDN,2025,Other,0.24706832331183867,72330505.30572954,292774488.82756096,ET_BASE,SCENARIO,Conflict_internal_LOW,-19414.7,0.0,19414.7,-4796.757376602352,0.2470683233118385,0.2470519395162564,-1.6383795582092395e-05,292755074.127561
IDN,2025,"Sunda, Priangan",0.1518830898523235,44464545.228439964,292774488.82756096,ET_BASE,SCENARIO,Conflict_internal_LOW,-19414.7,0.0,19414.7,-2948.7646245559044,0.1518830898523234,0.1518730180573512,-1.007179497217968e-05,292755074.127561
IDN,2025,"Banjar, Melayu Banjar",0.07288346994016853,21344434.4512031,292774488.82756096,ET_BASE,SCENARIO,Conflict_internal_LOW__Conflict_external_HIGH,82512.47499999999,101927.175,19414.7,-1364.944436093802,0.0729086727505534,0.0729040106488738,-4.662101679554909e-06,292857001.302561
IDN,2025,Banten,0.023421354339617555,6859107.59834512,292774488.82756096,ET_BASE,SCENARIO,Conflict_internal_LOW__Conflict_external_HIGH,82512.47499999999,101927.175,19414.7,-454.8768853501298,0.0234295088438209,0.0234279551671765,-1.5536766443405672e-06,292857001.302561
IDN,2025,Betawi,0.03772612686221636,11048360.383628678,292774488.82756096,ET_BASE,SCENARIO,Conflict_internal_LOW__Conflict_external_HIGH,82512.47499999999,101927.175,19414.7,-732.6964459258942,0.0377392617926568,0.0377367591960376,-2.5025966191932778e-06,292857001.302561
IDN,2025,"Bugis, Ugi",0.03373790954230437,9880383.018776316,292774488.82756096,ET_BASE,SCENARIO,Conflict_internal_LOW__Conflict_external_HIGH,82512.47499999999,101927.175,19414.7,-655.2394446664789,0.0337496559136365,0.0337474178790068,-2.2380346296237696e-06,292857001.302561
IDN,2025,Jawa,0.37125789489046856,108725473.807524,292774488.82756096,ET_BASE,SCENARIO,Conflict_internal_LOW__Conflict_external_HIGH,82512.47499999999,101927.175,19414.7,-7138.870997865207,0.3713869098156411,0.3713625263011263,-2.4383514514715376e-05,292857001.302561
IDN,2025,Madura,0.03009889055668779,8814670.830965556,292774488.82756096,ET_BASE,SCENARIO,Conflict_internal_LOW__Conflict_external_HIGH,82512.47499999999,101927.175,19414.7,-534.0054592621639,0.0301091972587025,0.0301073733106481,-1.8239480543562104e-06,292857001.302561
IDN,2025,Minangkabau,0.031714338626785334,9287766.108534332,292774488.82756096,ET_BASE,SCENARIO,Conflict_internal_LOW__Conflict_external_HIGH,82512.47499999999,101927.175,19414.7,-615.9387440328086,0.0317253804608265,0.0317232766615969,-2.1037992295687544e-06,292857001.302561
IDN,2025,Other,0.24732961478608748,72432209.31957112,292774488.82756096,ET_BASE,SCENARIO,Conflict_internal_LOW__Conflict_external_HIGH,82512.47499999999,101927.175,19414.7,96907.256464996,0.2470683233118385,0.2473993195569453,0.0003309962451068,292857001.302561
IDN,2025,"Sunda, Priangan",0.15183040045566396,44464595.784012735,292774488.82756096,ET_BASE,SCENARIO,Conflict_internal_LOW__Conflict_external_HIGH,82512.47499999999,101927.175,19414.7,-2898.2090517995366,0.1518830898523234,0.1518731907348716,-9.899117451816408e-06,292857001.302561
IDN,2025,"Banjar, Melayu Banjar",0.07290026986404129,21344400.74748793,292774488.82756096,ET_BASE,SCENARIO,Conflict_internal_LOW__Conflict_external_LOW,14561.024999999998,33975.725,19414.7,-1398.6481512647138,0.0729086727505534,0.0729038955305269,-4.7772200264637575e-06,292789049.85256094
IDN,2025,Banten,0.02342679004491166,6859107.598345119,292774488.82756096,ET_BASE,SCENARIO,Conflict_internal_LOW__Conflict_external_LOW,14561.024999999998,33975.725,19414.7,-454.8768853501298,0.0234295088438209,0.0234279551671765,-1.5536766443405672e-06,292789049.85256094
IDN,2025,Betawi,0.03773488246637731,11048360.383628674,292774488.82756096,ET_BASE,SCENARIO,Conflict_internal_LOW__Conflict_external_LOW,14561.024999999998,33975.725,19414.7,-732.6964459258942,0.0377392617926568,0.0377367591960376,-2.5025966191932778e-06,292789049.85256094
IDN,2025,"Bugis, Ugi",0.033745739547813534,9880383.018776314,292774488.82756096,ET_BASE,SCENARIO,Conflict_internal_LOW__Conflict_external_LOW,14561.024999999998,33975.725,19414.7,-655.2394446664789,0.0337496559136365,0.0337474178790068,-2.2380346296237696e-06,292789049.85256094
IDN,2025,Jawa,0.37134389485984703,108725426.1445639,292774488.82756096,ET_BASE,SCENARIO,Conflict_internal_LOW__Conflict_external_LOW,14561.024999999998,33975.725,19414.7,-7186.533957953556,0.3713869098156411,0.3713623635036084,-2.4546312032624872e-05,292789049.85256094
IDN,2025,Madura,0.03010576089402644,8814637.127250386,292774488.82756096,ET_BASE,SCENARIO,Conflict_internal_LOW__Conflict_external_LOW,14561.024999999998,33975.725,19414.7,-567.7091744330758,0.0301091972587025,0.0301072581923012,-1.939066401265059e-06,292789049.85256094
IDN,2025,Minangkabau,0.031721698995271,9287766.108534332,292774488.82756096,ET_BASE,SCENARIO,Conflict_internal_LOW__Conflict_external_LOW,14561.024999999998,33975.725,19414.7,-615.9387440328086,0.0317253804608265,0.0317232766615969,-2.1037992295687544e-06,292789049.85256094
IDN,2025,Other,0.24715544068371778,72364406.64367671,292774488.82756096,ET_BASE,SCENARIO,Conflict_internal_LOW__Conflict_external_LOW,14561.024999999998,33975.725,19414.7,29104.580570597103,0.2470683233118385,0.2471677328631527,9.940955131421712e-05,292789049.85256094
IDN,2025,"Sunda, Priangan",0.15186552264399392,44464562.08029756,292774488.82756096,ET_BASE,SCENARIO,Conflict_internal_LOW__Conflict_external_LOW,14561.024999999998,33975.725,19414.7,-2931.9127669704485,0.1518830898523234,0.1518730756165247,-1.0014235798725256e-05,292789049.85256094
IDN,2030,"Banjar, Melayu Banjar",0.07880016762683235,25656760.86127326,325592719.3299122,ET_BASE,FORECAST,,,,,,,,,
IDN,2030,Banten,0.052138008253736136,16975755.887779355,325592719.3299122,ET_BASE,FORECAST,,,,,,,,,
IDN,2030,Betawi,0.06011840299313424,19574114.31230611,325592719.3299122,ET_BASE,FORECAST,,,,,,,,,
IDN,2030,"Bugis, Ugi",0.05799975483067584,18884297.895787958,325592719.3299122,ET_BASE,FORECAST,,,,,,,,,
IDN,2030,Jawa,0.3083031759778068,100381269.44466259,325592719.3299122,ET_BASE,FORECAST,,,,,,,,,
IDN,2030,Madura,0.056000832418103136,18233463.311748903,325592719.3299122,ET_BASE,FORECAST,,,,,,,,,
IDN,2030,Minangkabau,0.05689679025743784,18525180.66106284,325592719.3299122,ET_BASE,FORECAST,,,,,,,,,
IDN,2030,Other,0.20416774583222333,66475531.56497194,325592719.3299122,ET_BASE,FORECAST,,,,,,,,,
IDN,2030,"Sunda, Priangan",0.12557512181005037,40886345.390319265,325592719.3299122,ET_BASE,FORECAST,,,,,,,,,
IDN,2035,"Banjar, Melayu Banjar",0.08363526792664054,30283466.802921955,362089672.8576832,ET_BASE,FORECAST,,,,,,,,,
IDN,2035,Banten,0.07480730008901262,27086950.816597115,362089672.8576832,ET_BASE,FORECAST,,,,,,,,,
IDN,2035,Betawi,0.07739236308412242,28022975.430812925,362089672.8576832,ET_BASE,FORECAST,,,,,,,,,
IDN,2035,"Bugis, Ugi",0.07675992100163442,27793974.684063412,362089672.8576832,ET_BASE,FORECAST,,,,,,,,,
IDN,2035,Jawa,0.2591075414850239,93820164.93127088,362089672.8576832,ET_BASE,FORECAST,,,,,,,,,
IDN,2035,Madura,0.07632470164342513,27636386.24902808,362089672.8576832,ET_BASE,FORECAST,,,,,,,,,
IDN,2035,Minangkabau,0.07657225930535162,27726024.321848456,362089672.8576832,ET_BASE,FORECAST,,,,,,,,,
IDN,2035,Other,0.16982912537647157,61493372.44927305,362089672.8576832,ET_BASE,FORECAST,,,,,,,,,
IDN,2035,"Sunda, Priangan",0.10557152008831774,38226357.1718673,362089672.8576832,ET_BASE,FORECAST,,,,,,,,,
MYS,2000,Chinese,0.24455354722232606,5691908.0,23274690.0,HIST,HIST,,,,,,,,,
MYS,2000,Indian,0.07218708390960302,1680131.9999999981,23274690.0,HIST,HIST,,,,,,,,,
MYS,2000,Malay,0.5018507657889322,11680421.000000002,23274690.0,HIST,HIST,,,,,,,,,
MYS,2000,Non-Malaysian citizens,0.05949699007806331,1384773.9999999993,23274690.0,HIST,HIST,,,,,,,,,
MYS,2000,Other,0.011587565720531602,269696.9999999997,23274690.0,HIST,HIST,,,,,,,,,
MYS,2000,Other Bumi,0.11032404728054383,2567758.000000001,23274690.0,HIST,HIST,,,,,,,,,
MYS,2005,Chinese,0.23494681249403396,5962866.225086521,25379643.0,HIST,HIST,,,,,,,,,
MYS,2005,Indian,0.06980511624899892,1771628.9299730917,25379643.0,HIST,HIST,,,,,,,,,
MYS,2005,Malay,0.5012556951901245,12721690.595642176,25379643.0,HIST,HIST,,,,,,,,,
MYS,2005,Non-Malaysian citizens,0.07075368208998921,1795703.19237942,25379643.0,HIST,HIST,,,,,,,,,
MYS,2005,Other,0.009139693420493701,231962.15614157903,25379643.0,HIST,HIST,,,,,,,,,
MYS,2005,Other Bumi,0.11409900055635973,2895791.9007772114,25379643.0,HIST,HIST,,,,,,,,,
MYS,2010,Chinese,0.22534007776574194,6193381.0,27484596.0,HIST,HIST,,,,,,,,,
MYS,2010,Indian,0.06742314858839471,1853097.9999999988,27484596.0,HIST,HIST,,,,,,,,,
MYS,2010,Malay,0.5006606245913167,13760455.000000004,27484596.0,HIST,HIST,,,,,,,,,
MYS,2010,Non-Malaysian citizens,0.08201037410191511,2254021.9999999995,27484596.0,HIST,HIST,,,,,,,,,
MYS,2010,Other,0.006691821120455902,183921.9999999978,27484596.0,HIST,HIST,,,,,,,,,
MYS,2010,Other Bumi,0.11787395383217562,3239717.9999999986,27484596.0,HIST,HIST,,,,,,,,,
MYS,2015,Chinese,0.21887839743010054,6558907.978045617,29965990.5,HIST,HIST,,,,,,,,,
MYS,2015,Indian,0.06451186837028391,1933162.0347211782,29965990.5,HIST,HIST,,,,,,,,,
MYS,2015,Malay,0.5109522083282663,15311189.020718848,29965990.5,HIST,HIST,,,,,,,,,
MYS,2015,Non-Malaysian citizens,0.08247339781740301,2471397.0554990196,29965990.5,HIST,HIST,,,,,,,,,
MYS,2015,Other,0.006668782341729001,199836.668298819,29965990.5,HIST,HIST,,,,,,,,,
MYS,2015,Other Bumi,0.11651534571221732,3491497.74271652,29965990.5,HIST,HIST,,,,,,,,,
MYS,2020,Chinese,0.21241671709445925,6892367.000000001,32447385.0,HIST,HIST,,,,,,,,,
MYS,2020,Indian,0.06160058815217311,1998777.9999999995,32447385.0,HIST,HIST,,,,,,,,,
MYS,2020,Malay,0.5212437920652159,16912998.000000004,32447385.0,HIST,HIST,,,,,,,,,
MYS,2020,Non-Malaysian citizens,0.08293642153289081,2691069.999999998,32447385.0,HIST,HIST,,,,,,,,,
MYS,2020,Other,0.006645743563002002,215636.9999999977,32447385.0,HIST,HIST,,,,,,,,,
MYS,2020,Other Bumi,0.11515673759225893,3736534.9999999986,32447385.0,HIST,HIST,,,,,,,,,
MYS,2024,Chinese,0.20494099960466874,7000055.673830439,34156443.50000024,HIST,HIST,,,,,,,,,
MYS,2024,Indian,0.05965972651985562,2037764.0781009144,34156443.50000024,HIST,HIST,,,,,,,,,
MYS,2024,Malay,0.5214935125418864,17812363.696753606,34156443.50000024,HIST,HIST,,,,,,,,,
MYS,2024,Non-Malaysian citizens,0.09122219725600353,3115825.8265205612,34156443.50000024,HIST,HIST,,,,,,,,,
MYS,2024,Other,0.004849101291059001,165628.05427383498,34156443.50000024,HIST,HIST,,,,,,,,,
MYS,2024,Other Bumi,0.11783446278652684,4024806.170520885,34156443.50000024,HIST,HIST,,,,,,,,,
MYS,2025,Chinese,0.20241260362789965,7014976.102954,34656814.73002449,ET_BASE,FORECAST,,,,,,,,,
MYS,2025,Indian,0.06251241947816343,2166481.340180284,34656814.73002449,ET_BASE,FORECAST,,,,,,,,,
MYS,2025,Malay,0.5148221738398491,17842096.697676107,34656814.73002449,ET_BASE,FORECAST,,,,,,,,,
MYS,2025,Non-Malaysian citizens,0.09227564567852672,3197979.9563740855,34656814.73002449,ET_BASE,FORECAST,,,,,,,,,
MYS,2025,Other,0.010677662924091303,370053.7857098838,34656814.73002449,ET_BASE,FORECAST,,,,,,,,,
MYS,2025,Other Bumi,0.11729949445146994,4065226.8471301286,34656814.73002449,ET_BASE,FORECAST,,,,,,,,,
MYS,2025,Chinese,0.20186927564759585,7016238.316490526,34656814.73002449,ET_BASE,SCENARIO,Aid_HIGH,99530.9,99530.9,0.0,1262.2135365251338,0.2024126036278996,0.2024490239840794,3.642035617980874e-05,34756345.630024485
MYS,2025,Indian,0.06393069272904252,2221997.252857495,34656814.73002449,ET_BASE,SCENARIO,Aid_HIGH,99530.9,99530.9,0.0,55515.91267721391,0.0625124194781634,0.0641142952740113,0.0016018757958479,34756345.630024485
MYS,2025,Malay,0.5133786157590993,17843164.60838679,34656814.73002449,ET_BASE,SCENARIO,Aid_HIGH,99530.9,99530.9,0.0,1067.9107106828826,0.5148221738398489,0.5148529877135127,3.0813873663863054e-05,34756345.630024485
MYS,2025,Non-Malaysian citizens,0.09321065539165363,3239661.755193419,34656814.73002449,ET_BASE,SCENARIO,Aid_HIGH,99530.9,99530.9,0.0,41681.79881933665,0.0922756456785267,0.0934783470561355,0.0012027013776088,34756345.630024485
MYS,2025,Other,0.010647085560980568,370053.7857098838,34656814.73002449,ET_BASE,SCENARIO,Aid_HIGH,99530.9,99530.9,0.0,0.0,0.0106776629240913,0.0106776629240913,0.0,34756345.630024485
MYS,2025,Other Bumi,0.11696367491162804,4065229.911386368,34656814.73002449,ET_BASE,SCENARIO,Aid_HIGH,99530.9,99530.9,0.0,3.064256241423404,0.1172994944514699,0.1172995828686041,8.84171342719712e-08,34756345.630024485
MYS,2025,Chinese,0.19878582513949863,7023541.12338042,34656814.73002449,ET_BASE,SCENARIO,Aid_HIGH__Conflict_external_HIGH,675388.2500000001,675388.2500000001,0.0,8565.020426420553,0.2024126036278996,0.2026597417591197,0.0002471381312201,35332202.98002449
MYS,2025,Indian,0.07197956106377933,2543196.4619185184,34656814.73002449,ET_BASE,SCENARIO,Aid_HIGH__Conflict_external_HIGH,675388.2500000001,675388.2500000001,0.0,376715.12173823727,0.0625124194781634,0.0733822909499889,0.0108698714718255,35332202.98002449
MYS,2025,Malay,0.5051862530262494,17849343.234641455,34656814.73002449,ET_BASE,SCENARIO,Aid_HIGH__Conflict_external_HIGH,675388.2500000001,675388.2500000001,0.0,7246.536965348134,0.5148221738398489,0.5150312679825679,0.000209094142719,35332202.98002449
MYS,2025,Non-Malaysian citizens,0.09851694602922588,3480820.7340767263,34656814.73002449,ET_BASE,SCENARIO,Aid_HIGH__Conflict_external_HIGH,675388.2500000001,675388.2500000001,0.0,282840.7777026416,0.0922756456785267,0.1004368335980156,0.0081611879194889,35332202.98002449
MYS,2025,Other,0.01047355541116693,370053.7857098838,34656814.73002449,ET_BASE,SCENARIO,Aid_HIGH__Conflict_external_HIGH,675388.2500000001,675388.2500000001,0.0,0.0,0.0106776629240913,0.0106776629240913,0.0,35332202.98002449
MYS,2025,Other Bumi,0.1150578593300797,4065247.64029748,34656814.73002449,ET_BASE,SCENARIO,Aid_HIGH__Conflict_external_HIGH,675388.2500000001,675388.2500000001,0.0,20.79316735251596,0.1172994944514699,0.117300094424881,5.999734111312332e-07,35332202.98002449
MYS,2025,Chinese,0.20083016830697997,7018672.585453823,34656814.73002449,ET_BASE,SCENARIO,Aid_HIGH__Conflict_external_LOW,291483.35,291483.35,0.0,3696.4824998236063,0.2024126036278996,0.2025192632424261,0.0001066596145265,34948298.08002449
MYS,2025,Indian,0.06664312094811475,2329063.6558778384,34656814.73002449,ET_BASE,SCENARIO,Aid_HIGH__Conflict_external_LOW,291483.35,291483.35,0.0,162582.315697555,0.0625124194781634,0.0672036271660039,0.0046912076878405,34948298.08002449
MYS,2025,Malay,0.5106178306482837,17845224.150471684,34656814.73002449,ET_BASE,SCENARIO,Aid_HIGH__Conflict_external_LOW,291483.35,291483.35,0.0,3127.452795571299,0.5148221738398489,0.5149124144698645,9.024063001559892e-05,34948298.08002449
MYS,2025,Non-Malaysian citizens,0.09499884869602587,3320048.0814878577,34656814.73002449,ET_BASE,SCENARIO,Aid_HIGH__Conflict_external_LOW,291483.35,291483.35,0.0,122068.12511377162,0.0922756456785267,0.0957978425700956,0.0035221968915689,34948298.08002449
MYS,2025,Other,0.010588606771709913,370053.78570988384,34656814.73002449,ET_BASE,SCENARIO,Aid_HIGH__Conflict_external_LOW,291483.35,291483.35,0.0,0.0,0.0106776629240913,0.0106776629240913,0.0,34948298.08002449
MYS,2025,Other Bumi,0.11632142462888592,4065235.821023407,34656814.73002449,ET_BASE,SCENARIO,Aid_HIGH__Conflict_external_LOW,291483.35,291483.35,0.0,8.973893278454254,0.1172994944514699,0.1172997533873631,2.5893589322505845e-07,34948298.08002449
MYS,2025,Chinese,0.20186659520586017,6981701.787444077,34656814.73002449,ET_BASE,SCENARIO,Aid_HIGH__Conflict_internal_HIGH,-71093.50000000003,99530.9,170624.40000000002,-33274.31550992307,0.2024126036278996,0.2014524947497719,-0.0009601088781276,34585721.23002449
MYS,2025,Indian,0.06393768960561068,2211331.1087914854,34656814.73002449,ET_BASE,SCENARIO,Aid_HIGH__Conflict_internal_HIGH,-71093.50000000003,99530.9,170624.40000000002,44849.76861120396,0.0625124194781634,0.0638065305775411,0.0012941110993777,34585721.23002449
MYS,2025,Malay,0.5133714941429343,17755323.383868672,34656814.73002449,ET_BASE,SCENARIO,Aid_HIGH__Conflict_internal_HIGH,-71093.50000000003,99530.9,170624.40000000002,-86773.31380743707,0.5148221738398489,0.5123183859273301,-0.0025037879125187,34585721.23002449
MYS,2025,Non-Malaysian citizens,0.0932152681470227,3223917.2785149086,34656814.73002449,ET_BASE,SCENARIO,Aid_HIGH__Conflict_internal_HIGH,-71093.50000000003,99530.9,170624.40000000002,25937.322140825432,0.0922756456785267,0.0930240503528418,0.0007484046743151,34585721.23002449
MYS,2025,Other,0.010646934711322123,368231.9158800582,34656814.73002449,ET_BASE,SCENARIO,Aid_HIGH__Conflict_internal_HIGH,-71093.50000000003,99530.9,170624.40000000002,-1821.8698298253244,0.0106776629240913,0.0106250940471181,-5.256887697319081e-05,34585721.23002449
MYS,2025,Other Bumi,0.11696201818725,4045215.755525282,34656814.73002449,ET_BASE,SCENARIO,Aid_HIGH__Conflict_internal_HIGH,-71093.50000000003,99530.9,170624.40000000002,-20011.091604843965,0.1172994944514699,0.1167220873308002,-0.0005774071206696,34585721.23002449
MYS,2025,Chinese,0.20155212304594525,6982432.068133067,34656814.73002449,ET_BASE,SCENARIO,Aid_HIGH__Conflict_internal_HIGH__Conflict_external_HIGH,-13507.764999999956,157116.63500000007,170624.40000000002,-32544.034820933524,0.2024126036278996,0.2014735665272759,-0.0009390371006236,34643306.965024486
MYS,2025,Indian,0.06475857030515457,2243451.029697589,34656814.73002449,ET_BASE,SCENARIO,Aid_HIGH__Conflict_internal_HIGH__Conflict_external_HIGH,-13507.764999999956,157116.63500000007,170624.40000000002,76969.68951730632,0.0625124194781634,0.0647333301451389,0.0022209106669755,34643306.965024486
MYS,2025,Malay,0.5125359788665773,17755941.24649414,34656814.73002449,ET_BASE,SCENARIO,Aid_HIGH__Conflict_internal_HIGH__Conflict_external_HIGH,-13507.764999999956,157116.63500000007,170624.40000000002,-86155.45118197055,0.5148221738398489,0.5123362139542357,-0.0024859598856132,34643306.965024486
MYS,2025,Non-Malaysian citizens,0.09375644131440508,3248033.176403239,34656814.73002449,ET_BASE,SCENARIO,Aid_HIGH__Conflict_internal_HIGH__Conflict_external_HIGH,-13507.764999999956,157116.63500000007,170624.40000000002,50053.22002915596,0.0922756456785267,0.0937198990070298,0.0014442533285031,34643306.965024486
MYS,2025,Other,0.010629236875446712,368231.9158800582,34656814.73002449,ET_BASE,SCENARIO,Aid_HIGH__Conflict_internal_HIGH__Conflict_external_HIGH,-13507.764999999956,157116.63500000007,170624.40000000002,-1821.8698298253244,0.0106776629240913,0.0106250940471181,-5.256887697319081e-05,34643306.965024486
MYS,2025,Other Bumi,0.11676764959247114,4045217.5284163943,34656814.73002449,ET_BASE,SCENARIO,Aid_HIGH__Conflict_internal_HIGH__Conflict_external_HIGH,-13507.764999999956,157116.63500000007,170624.40000000002,-20009.318713732857,0.1172994944514699,0.1167221384864279,-0.0005773559650419,34643306.965024486
MYS,2025,Chinese,0.2017616548613694,6981945.214340406,34656814.73002449,ET_BASE,SCENARIO,Aid_HIGH__Conflict_internal_HIGH__Conflict_external_LOW,-51898.25500000002,118726.145,170624.40000000002,-33030.88861359322,0.2024126036278996,0.2014595186756065,-0.000953084952293,34604916.475024484
MYS,2025,Indian,0.06421162006552565,2222037.7490935214,34656814.73002449,ET_BASE,SCENARIO,Aid_HIGH__Conflict_internal_HIGH__Conflict_external_LOW,-51898.25500000002,118726.145,170624.40000000002,55556.40891323808,0.0625124194781634,0.0641154637667404,0.001603044288577,34604916.475024484
MYS,2025,Malay,0.5130926800789106,17755529.33807716,34656814.73002449,ET_BASE,SCENARIO,Aid_HIGH__Conflict_internal_HIGH__Conflict_external_LOW,-51898.25500000002,118726.145,170624.40000000002,-86567.35959894823,0.5148221738398489,0.5123243286029653,-0.0024978452368835,34604916.475024484
MYS,2025,Non-Malaysian citizens,0.09339585932758895,3231955.911144352,34656814.73002449,ET_BASE,SCENARIO,Aid_HIGH__Conflict_internal_HIGH__Conflict_external_LOW,-51898.25500000002,118726.145,170624.40000000002,33975.95477026894,0.0922756456785267,0.0932559999042378,0.0009803542257111,34604916.475024484
MYS,2025,Other,0.010641028888072114,368231.9158800582,34656814.73002449,ET_BASE,SCENARIO,Aid_HIGH__Conflict_internal_HIGH__Conflict_external_LOW,-51898.25500000002,118726.145,170624.40000000002,-1821.8698298253244,0.0106776629240913,0.0106250940471181,-5.256887697319081e-05,34604916.475024484
MYS,2025,Other Bumi,0.1168971567785333,4045216.346488987,34656814.73002449,ET_BASE,SCENARIO,Aid_HIGH__Conflict_internal_HIGH__Conflict_external_LOW,-51898.25500000002,118726.145,170624.40000000002,-20010.500641140265,0.1172994944514699,0.1167221043826761,-0.0005773900687937,34604916.475024484
MYS,2025,Chinese,0.2018683850959685,7004726.140141709,34656814.73002449,ET_BASE,SCENARIO,Aid_HIGH__Conflict_internal_LOW,42656.09999999999,99530.9,56874.8,-10249.962812290933,0.2024126036278996,0.2021168475726435,-0.000295756055256,34699470.83002449
MYS,2025,Indian,0.06393301737565991,2218441.87150216,34656814.73002449,ET_BASE,SCENARIO,Aid_HIGH__Conflict_internal_LOW,42656.09999999999,99530.9,56874.8,51960.53132187726,0.0625124194781634,0.0640117070418546,0.0014992875636912,34699470.83002449
MYS,2025,Malay,0.5133762496689207,17813884.200214084,34656814.73002449,ET_BASE,SCENARIO,Aid_HIGH__Conflict_internal_LOW,42656.09999999999,99530.9,56874.8,-28212.49746202377,0.5148221738398489,0.5140081204514518,-0.000814053388397,34699470.83002449
MYS,2025,Non-Malaysian citizens,0.09321218793636286,3234413.596300584,34656814.73002449,ET_BASE,SCENARIO,Aid_HIGH__Conflict_internal_LOW,42656.09999999999,99530.9,56874.8,36433.63992649958,0.0922756456785267,0.0933269148217043,0.0010512691431776,34699470.83002449
MYS,2025,Other,0.01064703544259631,369446.4957666075,34656814.73002449,ET_BASE,SCENARIO,Aid_HIGH__Conflict_internal_LOW,42656.09999999999,99530.9,56874.8,-607.289943275108,0.0106776629240913,0.0106601399651002,-1.7522958991063602e-05,34699470.83002449
MYS,2025,Other Bumi,0.11696312448049155,4058558.5260993396,34656814.73002449,ET_BASE,SCENARIO,Aid_HIGH__Conflict_internal_LOW,42656.09999999999,99530.9,56874.8,-6668.32103078704,0.1172994944514699,0.1171070843560028,-0.000192410095467,34699470.83002449
MYS,2025,Chinese,0.1996958601679673,7009838.104964637,34656814.73002449,ET_BASE,SCENARIO,Aid_HIGH__Conflict_internal_LOW__Conflict_external_HIGH,445756.2449999999,502631.0449999999,56874.8,-5137.997989364142,0.2024126036278996,0.2022643500151718,-0.0001482536127277,35102570.975024484
MYS,2025,Indian,0.06960405605570238,2443281.3178448756,34656814.73002449,ET_BASE,SCENARIO,Aid_HIGH__Conflict_internal_LOW__Conflict_external_HIGH,445756.2449999999,502631.0449999999,56874.8,276799.97766459355,0.0625124194781634,0.0704993040150389,0.0079868845368755,35102570.975024484
MYS,2025,Malay,0.5076041082936638,17818209.238592345,34656814.73002449,ET_BASE,SCENARIO,Aid_HIGH__Conflict_internal_LOW__Conflict_external_HIGH,445756.2449999999,502631.0449999999,56874.8,-23887.45908375809,0.5148221738398489,0.5141329166397904,-0.0006892572000583,35102570.975024484
MYS,2025,Non-Malaysian citizens,0.09695087245718538,3403224.881518896,34656814.73002449,ET_BASE,SCENARIO,Aid_HIGH__Conflict_internal_LOW__Conflict_external_HIGH,445756.2449999999,502631.0449999999,56874.8,205244.92514481297,0.0922756456785267,0.0981978554010203,0.0059222097224936,35102570.975024484
MYS,2025,Other,0.01052477028048655,369446.49576660746,34656814.73002449,ET_BASE,SCENARIO,Aid_HIGH__Conflict_internal_LOW__Conflict_external_HIGH,445756.2449999999,502631.0449999999,56874.8,-607.289943275108,0.0106776629240913,0.0106601399651002,-1.7522958991063602e-05,35102570.975024484
MYS,2025,Other Bumi,0.11562033274499452,4058570.9363371176,34656814.73002449,ET_BASE,SCENARIO,Aid_HIGH__Conflict_internal_LOW__Conflict_external_HIGH,445756.2449999999,502631.0449999999,56874.8,-6655.910793009274,0.1172994944514699,0.1171074424453966,-0.0001920520060732,35102570.975024484
MYS,2025,Chinese,0.20113862331016089,7006430.1284160195,34656814.73002449,ET_BASE,SCENARIO,Aid_HIGH__Conflict_internal_LOW__Conflict_external_LOW,177022.815,233897.615,56874.8,-8545.974537982001,0.2024126036278996,0.2021660150534863,-0.0002465885744132,34833837.545024484
MYS,2025,Indian,0.06583794710106458,2293388.353616399,34656814.73002449,ET_BASE,SCENARIO,Aid_HIGH__Conflict_internal_LOW__Conflict_external_LOW,177022.815,233897.615,56874.8,126907.01343611605,0.0625124194781634,0.0661742393662494,0.003661819888086,34833837.545024484
MYS,2025,Malay,0.5114373590519936,17815325.879673503,34656814.73002449,ET_BASE,SCENARIO,Aid_HIGH__Conflict_internal_LOW__Conflict_external_LOW,177022.815,233897.615,56874.8,-26770.81800260188,0.5148221738398489,0.514049719180898,-0.0007724546589507,34833837.545024484
MYS,2025,Non-Malaysian citizens,0.09446803041592282,3290684.0247066873,34656814.73002449,ET_BASE,SCENARIO,Aid_HIGH__Conflict_internal_LOW__Conflict_external_LOW,177022.815,233897.615,56874.8,92704.06833260405,0.0922756456785267,0.0949505616814763,0.0026749160029496,34833837.545024484
MYS,2025,Other,0.010605965974580875,369446.49576660746,34656814.73002449,ET_BASE,SCENARIO,Aid_HIGH__Conflict_internal_LOW__Conflict_external_LOW,177022.815,233897.615,56874.8,-607.289943275108,0.0106776629240913,0.0106601399651002,-1.7522958991063602e-05,34833837.545024484
MYS,2025,Other Bumi,0.11651207414627718,4058562.6628452665,34656814.73002449,ET_BASE,SCENARIO,Aid_HIGH__Conflict_internal_LOW__Conflict_external_LOW,177022.815,233897.615,56874.8,-6664.184284861118,0.1172994944514699,0.1171072037191341,-0.0001922907323357,34833837.545024484
MYS,2025,Chinese,0.20217936711421486,7015517.05161251,34656814.73002449,ET_BASE,SCENARIO,Aid_LOW,42656.1,42656.1,0.0,540.9486585107717,0.2024126036278996,0.2024282123519766,1.560872407706089e-05,34699470.83002449
MYS,2025,Indian,0.06312124714851902,2190273.874184802,34656814.73002449,ET_BASE,SCENARIO,Aid_LOW,42656.1,42656.1,0.0,23792.534004520247,0.0625124194781634,0.0631989376763839,0.0006865181982205,34699470.83002449
MYS,2025,Malay,0.5142024920523084,17842554.373694975,34656814.73002449,ET_BASE,SCENARIO,Aid_LOW,42656.1,42656.1,0.0,457.67601886409255,0.5148221738398489,0.5148353797857048,1.3205945855941308e-05,34699470.83002449
MYS,2025,Non-Malaysian citizens,0.09267702093188503,3215843.5844395133,34656814.73002449,ET_BASE,SCENARIO,Aid_LOW,42656.1,42656.1,0.0,17863.62806542999,0.0922756456785267,0.0927910891260733,0.0005154434475466,34699470.83002449
MYS,2025,Other,0.010664536860593463,370053.7857098838,34656814.73002449,ET_BASE,SCENARIO,Aid_LOW,42656.1,42656.1,0.0,0.0,0.0106776629240913,0.0106776629240913,0.0,34699470.83002449
MYS,2025,Other Bumi,0.1171553358924792,4065228.160382803,34656814.73002449,ET_BASE,SCENARIO,Aid_LOW,42656.1,42656.1,0.0,1.3132526748957445,0.1172994944514699,0.1172995323445274,3.7893057545130515e-08,34699470.83002449
MYS,2025,Chinese,0.19953778836506508,7021737.961185385,34656814.73002449,ET_BASE,SCENARIO,Aid_LOW__Conflict_external_HIGH,533201.2499999999,533201.2499999999,0.0,6761.858231384645,0.2024126036278996,0.2026077126788628,0.0001951090509632,35190015.98002449
MYS,2025,Indian,0.07001667793033699,2463888.0152367866,34656814.73002449,ET_BASE,SCENARIO,Aid_LOW__Conflict_external_HIGH,533201.2499999999,533201.2499999999,0.0,297406.675056503,0.0625124194781634,0.0710938969559204,0.008581477477757,35190015.98002449
MYS,2025,Malay,0.5071841302386214,17847817.647911906,34656814.73002449,ET_BASE,SCENARIO,Aid_LOW__Conflict_external_HIGH,533201.2499999999,533201.2499999999,0.0,5720.950235801156,0.5148221738398489,0.5149872481630481,0.0001650743231992,35190015.98002449
MYS,2025,Non-Malaysian citizens,0.0972228972312498,3421275.3071919587,34656814.73002449,ET_BASE,SCENARIO,Aid_LOW__Conflict_external_HIGH,533201.2499999999,533201.2499999999,0.0,223295.3508178749,0.0922756456785267,0.09871868877286,0.0064430430943333,35190015.98002449
MYS,2025,Other,0.010515874329808314,370053.78570988384,34656814.73002449,ET_BASE,SCENARIO,Aid_LOW__Conflict_external_HIGH,533201.2499999999,533201.2499999999,0.0,0.0,0.0106776629240913,0.0106776629240913,0.0,35190015.98002449
MYS,2025,Other Bumi,0.11552263190491839,4065243.262788565,34656814.73002449,ET_BASE,SCENARIO,Aid_LOW__Conflict_external_HIGH,533201.2499999999,533201.2499999999,0.0,16.415658436196804,0.1172994944514699,0.1172999681146892,4.736632193141313e-07,35190015.98002449
MYS,2025,Chinese,0.2012905811420382,7017590.688136801,34656814.73002449,ET_BASE,SCENARIO,Aid_LOW__Conflict_external_LOW,206171.15,206171.15,0.0,2614.585182802063,0.2024126036278996,0.202488045794272,7.544216637246096e-05,34862985.880024485
MYS,2025,Indian,0.06544128479758296,2281478.5878687957,34656814.73002449,ET_BASE,SCENARIO,Aid_LOW__Conflict_external_LOW,206171.15,206171.15,0.0,114997.24768851452,0.0625124194781634,0.0658305907695627,0.0033181712913993,34862985.880024485
MYS,2025,Malay,0.5118410930102875,17844308.798433952,34656814.73002449,ET_BASE,SCENARIO,Aid_LOW__Conflict_external_LOW,206171.15,206171.15,0.0,2212.100757843114,0.5148221738398489,0.5148860025781525,6.382873830371633e-05,34862985.880024485
MYS,2025,Non-Malaysian citizens,0.09420652713624335,3284320.825356995,34656814.73002449,ET_BASE,SCENARIO,Aid_LOW__Conflict_external_LOW,206171.15,206171.15,0.0,86340.86898291163,0.0922756456785267,0.0947669556750022,0.0024913099964755,34862985.880024485
MYS,2025,Other,0.010614517843748842,370053.78570988384,34656814.73002449,ET_BASE,SCENARIO,Aid_LOW__Conflict_external_LOW,206171.15,206171.15,0.0,0.0,0.0106776629240913,0.0106776629240913,0.0,34862985.880024485
MYS,2025,Other Bumi,0.11660599607009914,4065233.1945180567,34656814.73002449,ET_BASE,SCENARIO,Aid_LOW__Conflict_external_LOW,206171.15,206171.15,0.0,6.347387928662766,0.1172994944514699,0.117299677601248,1.831497781347975e-07,34862985.880024485
MYS,2025,Chinese,0.20217821457527074,6980980.522566062,34656814.73002449,ET_BASE,SCENARIO,Aid_LOW__Conflict_internal_HIGH,-127968.30000000002,42656.1,170624.40000000002,-33995.58038793743,0.2024126036278996,0.2014316831176691,-0.0009809205102304,34528846.43002449
MYS,2025,Indian,0.06312425567230995,2179607.7301187925,34656814.73002449,ET_BASE,SCENARIO,Aid_LOW__Conflict_internal_HIGH,-127968.30000000002,42656.1,170624.40000000002,13126.389938510298,0.0625124194781634,0.0628911729799137,0.0003787535017503,34528846.43002449
MYS,2025,Malay,0.5141994298928643,17754713.149176855,34656814.73002449,ET_BASE,SCENARIO,Aid_LOW__Conflict_internal_HIGH,-127968.30000000002,42656.1,170624.40000000002,-87383.54849925586,0.5148221738398489,0.5123007779995222,-0.0025213958403266,34528846.43002449
MYS,2025,Non-Malaysian citizens,0.09267900432892434,3200099.1077610035,34656814.73002449,ET_BASE,SCENARIO,Aid_LOW__Conflict_internal_HIGH,-127968.30000000002,42656.1,170624.40000000002,2119.1513869187747,0.0922756456785267,0.0923367924227796,6.11467442529528e-05,34528846.43002449
MYS,2025,Other,0.010664471998110625,368231.9158800582,34656814.73002449,ET_BASE,SCENARIO,Aid_LOW__Conflict_internal_HIGH,-127968.30000000002,42656.1,170624.40000000002,-1821.8698298253244,0.0106776629240913,0.0106250940471181,-5.256887697319081e-05,34528846.43002449
MYS,2025,Other Bumi,0.11715462353252003,4045214.0045217173,34656814.73002449,ET_BASE,SCENARIO,Aid_LOW__Conflict_internal_HIGH,-127968.30000000002,42656.1,170624.40000000002,-20012.84260841049,0.1172994944514699,0.1167220368067235,-0.0005774576447463,34528846.43002449
MYS,2025,Chinese,0.201909382082603,6981602.613523349,34656814.73002449,ET_BASE,SCENARIO,Aid_LOW__Conflict_internal_HIGH__Conflict_external_HIGH,-78913.78499999999,91710.61500000003,170624.40000000002,-33373.48943065004,0.2024126036278996,0.2014496331503577,-0.0009629704775418,34577900.94502449
MYS,2025,Indian,0.06382600111362628,2206969.1442239922,34656814.73002449,ET_BASE,SCENARIO,Aid_LOW__Conflict_internal_HIGH__Conflict_external_HIGH,-78913.78499999999,91710.61500000003,170624.40000000002,40487.8040437086,0.0625124194781634,0.0636806689078674,0.001168249429704,34577900.94502449
MYS,2025,Malay,0.5134851738058842,17755239.47659855,34656814.73002449,ET_BASE,SCENARIO,Aid_LOW__Conflict_internal_HIGH__Conflict_external_HIGH,-78913.78499999999,91710.61500000003,170624.40000000002,-86857.22107756215,0.5148221738398489,0.5123159648372565,-0.0025062090025923,34577900.94502449
MYS,2025,Non-Malaysian citizens,0.09314163647922867,3220642.2800362487,34656814.73002449,ET_BASE,SCENARIO,Aid_LOW__Conflict_internal_HIGH__Conflict_external_HIGH,-78913.78499999999,91710.61500000003,170624.40000000002,22662.32366216328,0.0922756456785267,0.0929295523874583,0.0006539067089316,34577900.94502449
MYS,2025,Other,0.010649342667315499,368231.9158800582,34656814.73002449,ET_BASE,SCENARIO,Aid_LOW__Conflict_internal_HIGH__Conflict_external_HIGH,-78913.78499999999,91710.61500000003,170624.40000000002,-1821.8698298253244,0.0106776629240913,0.0106250940471181,-5.256887697319081e-05,34577900.94502449
MYS,2025,Other Bumi,0.11698846385134236,4045215.5147622945,34656814.73002449,ET_BASE,SCENARIO,Aid_LOW__Conflict_internal_HIGH__Conflict_external_HIGH,-78913.78499999999,91710.61500000003,170624.40000000002,-20011.33236783437,0.1172994944514699,0.1167220803837397,-0.0005774140677301,34577900.94502449
MYS,2025,Chinese,0.2020885189122175,6981187.886218492,34656814.73002449,ET_BASE,SCENARIO,Aid_LOW__Conflict_internal_HIGH__Conflict_external_LOW,-111616.795,59007.60500000001,170624.40000000002,-33788.2167355083,0.2024126036278996,0.2014376664618987,-0.0009749371660008,34545197.935024485
MYS,2025,Indian,0.0633583922605954,2188728.201487192,34656814.73002449,ET_BASE,SCENARIO,Aid_LOW__Conflict_internal_HIGH__Conflict_external_LOW,-111616.795,59007.60500000001,170624.40000000002,22246.861306909734,0.0625124194781634,0.0631543382892316,0.0006419188110682,34545197.935024485
MYS,2025,Malay,0.5139611191415269,17754888.591650747,34656814.73002449,ET_BASE,SCENARIO,Aid_LOW__Conflict_internal_HIGH__Conflict_external_LOW,-111616.795,59007.60500000001,170624.40000000002,-87208.10602535796,0.5148221738398489,0.5123058402787669,-0.0025163335610818,34545197.935024485
MYS,2025,Non-Malaysian citizens,0.09283336103283142,3206946.8318527504,34656814.73002449,ET_BASE,SCENARIO,Aid_LOW__Conflict_internal_HIGH__Conflict_external_LOW,-111616.795,59007.60500000001,170624.40000000002,8966.875478666943,0.0922756456785267,0.0925343790776725,0.0002587333991458,34545197.935024485
MYS,2025,Other,0.010659424113668698,368231.91588005814,34656814.73002449,ET_BASE,SCENARIO,Aid_LOW__Conflict_internal_HIGH__Conflict_external_LOW,-111616.795,59007.60500000001,170624.40000000002,-1821.8698298253244,0.0106776629240913,0.0106250940471181,-5.256887697319081e-05,34545197.935024485
MYS,2025,Other Bumi,0.11709918453916007,4045214.5079352437,34656814.73002449,ET_BASE,SCENARIO,Aid_LOW__Conflict_internal_HIGH__Conflict_external_LOW,-111616.795,59007.60500000001,170624.40000000002,-20012.33919488512,0.1172994944514699,0.1167220513323956,-0.0005774431190742,34545197.935024485
MYS,2025,Chinese,0.20217898419602778,7004004.875263695,34656814.73002449,ET_BASE,SCENARIO,Aid_LOW__Conflict_internal_LOW,-14218.700000000004,42656.1,56874.8,-10971.227690305295,0.2024126036278996,0.2020960359405408,-0.0003165676873587,34642596.030024484
MYS,2025,Indian,0.063122246696935,2186718.4928294667,34656814.73002449,ET_BASE,SCENARIO,Aid_LOW__Conflict_internal_LOW,-14218.700000000004,42656.1,56874.8,20237.1526491836,0.0625124194781634,0.0630963494442272,0.0005839299660638,34642596.030024484
MYS,2025,Malay,0.514201474684046,17813273.965522267,34656814.73002449,ET_BASE,SCENARIO,Aid_LOW__Conflict_internal_LOW,-14218.700000000004,42656.1,56874.8,-28822.73215384256,0.5148221738398489,0.5139905125236439,-0.0008316613162049,34642596.030024484
MYS,2025,Non-Malaysian citizens,0.0926776798933913,3210595.4255466773,34656814.73002449,ET_BASE,SCENARIO,Aid_LOW__Conflict_internal_LOW,-14218.700000000004,42656.1,56874.8,12615.46917259292,0.0922756456785267,0.0926396568916421,0.0003640112131154,34642596.030024484
MYS,2025,Other,0.010664515310758203,369446.49576660746,34656814.73002449,ET_BASE,SCENARIO,Aid_LOW__Conflict_internal_LOW,-14218.700000000004,42656.1,56874.8,-607.289943275108,0.0106776629240913,0.0106601399651002,-1.7522958991063602e-05,34642596.030024484
MYS,2025,Other Bumi,0.1171550992188418,4058556.7750957734,34656814.73002449,ET_BASE,SCENARIO,Aid_LOW__Conflict_internal_LOW,-14218.700000000004,42656.1,56874.8,-6670.072034353567,0.1172994944514699,0.1171070338319261,-0.0001924606195437,34642596.030024484
MYS,2025,Chinese,0.20031909884229251,7008359.511964706,34656814.73002449,ET_BASE,SCENARIO,Aid_LOW__Conflict_internal_LOW__Conflict_external_HIGH,329162.9049999999,386037.7049999999,56874.8,-6616.590989293584,0.2024126036278996,0.2022216861693611,-0.0001909174585384,34985977.63502449
MYS,2025,Indian,0.06797718835745746,2378248.3915658537,34656814.73002449,ET_BASE,SCENARIO,Aid_LOW__Conflict_internal_LOW__Conflict_external_HIGH,329162.9049999999,386037.7049999999,56874.8,211767.0513855715,0.0625124194781634,0.0686228209399027,0.0061104014617393,34985977.63502449
MYS,2025,Malay,0.5092599796221658,17816958.25747412,34656814.73002449,ET_BASE,SCENARIO,Aid_LOW__Conflict_internal_LOW__Conflict_external_HIGH,329162.9049999999,386037.7049999999,56874.8,-25138.44020198661,0.5148221738398489,0.5140968203877843,-0.0007253534520646,34985977.63502449
MYS,2025,Non-Malaysian citizens,0.09587834493197926,3354397.63147339,34656814.73002449,ET_BASE,SCENARIO,Aid_LOW__Conflict_internal_LOW__Conflict_external_HIGH,329162.9049999999,386037.7049999999,56874.8,156417.67509930432,0.0922756456785267,0.0967889766443928,0.0045133309658661,34985977.63502449
MYS,2025,Other,0.01055984485043386,369446.4957666075,34656814.73002449,ET_BASE,SCENARIO,Aid_LOW__Conflict_internal_LOW__Conflict_external_HIGH,329162.9049999999,386037.7049999999,56874.8,-607.289943275108,0.0106776629240913,0.0106601399651002,-1.7522958991063602e-05,34985977.63502449
MYS,2025,Other Bumi,0.11600554339567093,4058567.3467798056,34656814.73002449,ET_BASE,SCENARIO,Aid_LOW__Conflict_internal_LOW__Conflict_external_HIGH,329162.9049999999,386037.7049999999,56874.8,-6659.500350320656,0.1172994944514699,0.1171073388710393,-0.0001921555804305,34985977.63502449
MYS,2025,Chinese,0.20155493914522635,7005456.420830701,34656814.73002449,ET_BASE,SCENARIO,Aid_LOW__Conflict_internal_LOW__Conflict_external_LOW,100241.835,157116.635,56874.8,-9519.68212330139,0.2024126036278996,0.2021379193501476,-0.0002746842777519,34757056.56502449
MYS,2025,Indian,0.06475121931564741,2250561.7924082633,34656814.73002449,ET_BASE,SCENARIO,Aid_LOW__Conflict_internal_LOW__Conflict_external_LOW,100241.835,157116.635,56874.8,84080.4522279796,0.0625124194781634,0.0649385066094524,0.002426087131289,34757056.56502449
MYS,2025,Malay,0.5125434609087705,17814502.062839553,34656814.73002449,ET_BASE,SCENARIO,Aid_LOW__Conflict_internal_LOW__Conflict_external_LOW,100241.835,157116.635,56874.8,-27594.634836557245,0.5148221738398489,0.5140259484783574,-0.0007962253614914,34757056.56502449
MYS,2025,Non-Malaysian citizens,0.09375159510681708,3258529.494188914,34656814.73002449,ET_BASE,SCENARIO,Aid_LOW__Conflict_internal_LOW__Conflict_external_LOW,100241.835,157116.635,56874.8,60549.53781483007,0.0922756456785267,0.0940227634758923,0.0017471177973656,34757056.56502449
MYS,2025,Other,0.010629395359628238,369446.49576660746,34656814.73002449,ET_BASE,SCENARIO,Aid_LOW__Conflict_internal_LOW__Conflict_external_LOW,100241.835,157116.635,56874.8,-607.289943275108,0.0106776629240913,0.0106601399651002,-1.7522958991063602e-05,34757056.56502449
MYS,2025,Other Bumi,0.11676939016391051,4058560.2989904517,34656814.73002449,ET_BASE,SCENARIO,Aid_LOW__Conflict_internal_LOW__Conflict_external_LOW,100241.835,157116.635,56874.8,-6666.54813967593,0.1172994944514699,0.1171071355116305,-0.0001923589398393,34757056.56502449
MYS,2025,Chinese,0.20010576073302533,7020385.589539108,34656814.73002449,ET_BASE,SCENARIO,Conflict_external_HIGH,426561.0,426561.0,0.0,5409.4865851077175,0.2024126036278996,0.2025686908686702,0.0001560872407706,35083375.73002449
MYS,2025,Indian,0.06853407433560577,2404406.6802254855,34656814.73002449,ET_BASE,SCENARIO,Conflict_external_HIGH,426561.0,426561.0,0.0,237925.3400452025,0.0625124194781634,0.069377601460369,0.0068651819822056,35083375.73002449
MYS,2025,Malay,0.5086931655379872,17846673.457864746,34656814.73002449,ET_BASE,SCENARIO,Conflict_external_HIGH,426561.0,426561.0,0.0,4576.760188640926,0.5148221738398489,0.5149542332984083,0.0001320594585594,35083375.73002449
MYS,2025,Non-Malaysian citizens,0.09624547714599373,3376616.2370283827,34656814.73002449,ET_BASE,SCENARIO,Conflict_external_HIGH,426561.0,426561.0,0.0,178636.28065429995,0.0922756456785267,0.0974300801539933,0.0051544344754666,35083375.73002449
MYS,2025,Other,0.010547838627546617,370053.7857098838,34656814.73002449,ET_BASE,SCENARIO,Conflict_external_HIGH,426561.0,426561.0,0.0,0.0,0.0106776629240913,0.0106776629240913,0.0,35083375.73002449
MYS,2025,Other Bumi,0.1158736836198413,4065239.979656876,34656814.73002449,ET_BASE,SCENARIO,Conflict_external_HIGH,426561.0,426561.0,0.0,13.132526748957446,0.1172994944514699,0.1172998733820453,3.789305754513051e-07,35083375.73002449
MYS,2025,Chinese,0.20163737223228953,7016779.265149035,34656814.73002449,ET_BASE,SCENARIO,Conflict_external_LOW,142187.0,142187.0,0.0,1803.1621950359056,0.2024126036278996,0.2024646327081564,5.202908025686963e-05,34799001.73002449
MYS,2025,Indian,0.0645360405532655,2245789.7868620167,34656814.73002449,ET_BASE,SCENARIO,Conflict_external_LOW,142187.0,142187.0,0.0,79308.44668173415,0.0625124194781634,0.0648008134722319,0.0022883939940685,34799001.73002449
MYS,2025,Malay,0.5127624758560309,17843622.284405656,34656814.73002449,ET_BASE,SCENARIO,Conflict_external_LOW,142187.0,142187.0,0.0,1525.5867295469752,0.5148221738398489,0.5148661936593687,4.401981951980436e-05,34799001.73002449
MYS,2025,Non-Malaysian citizens,0.09360973652437465,3257525.38325885,34656814.73002449,ET_BASE,SCENARIO,Conflict_external_LOW,142187.0,142187.0,0.0,59545.426884766646,0.0922756456785267,0.0939937905036822,0.0017181448251555,34799001.73002449
MYS,2025,Other,0.010634034521473136,370053.7857098838,34656814.73002449,ET_BASE,SCENARIO,Conflict_external_LOW,142187.0,142187.0,0.0,0.0,0.0106776629240913,0.0106776629240913,0.0,34799001.73002449
MYS,2025,Other Bumi,0.11682034031256631,4065231.2246390446,34656814.73002449,ET_BASE,SCENARIO,Conflict_external_LOW,142187.0,142187.0,0.0,4.377508916319149,0.1172994944514699,0.1172996207616617,1.2631019181710174e-07,34799001.73002449
MYS,2025,Chinese,0.2024126036278996,6980439.57390755,34656814.73002449,ET_BASE,SCENARIO,Conflict_internal_HIGH,-170624.40000000002,0.0,170624.40000000002,-34536.5290464482,0.2024126036278996,0.201416074393592,-0.0009965292343075,34486190.33002449
MYS,2025,Indian,0.06251241947816333,2155815.1961142705,34656814.73002449,ET_BASE,SCENARIO,Conflict_internal_HIGH,-170624.40000000002,0.0,170624.40000000002,-10666.144066009949,0.0625124194781634,0.0622046547816931,-0.0003077646964702,34486190.33002449
MYS,2025,Malay,0.5148221738398491,17754255.47315799,34656814.73002449,ET_BASE,SCENARIO,Conflict_internal_HIGH,-170624.40000000002,0.0,170624.40000000002,-87841.22451811995,0.5148221738398489,0.5122875720536663,-0.0025346017861826,34486190.33002449
MYS,2025,Non-Malaysian citizens,0.09227564567852667,3182235.4796955725,34656814.73002449,ET_BASE,SCENARIO,Conflict_internal_HIGH,-170624.40000000002,0.0,170624.40000000002,-15744.476678511215,0.0922756456785267,0.0918213489752329,-0.0004542967032937,34486190.33002449
MYS,2025,Other,0.010677662924091296,368231.91588005825,34656814.73002449,ET_BASE,SCENARIO,Conflict_internal_HIGH,-170624.40000000002,0.0,170624.40000000002,-1821.8698298253244,0.0106776629240913,0.0106250940471181,-5.256887697319081e-05,34486190.33002449
MYS,2025,Other Bumi,0.11729949445146995,4045212.6912690443,34656814.73002449,ET_BASE,SCENARIO,Conflict_internal_HIGH,-170624.40000000002,0.0,170624.40000000002,-20014.15586108539,0.1172994944514699,0.116721998913666,-0.0005774955378038,34486190.33002449
MYS,2025,Chinese,0.20217821457527074,6980980.522566062,34656814.73002449,ET_BASE,SCENARIO,Conflict_internal_HIGH__Conflict_external_HIGH,-127968.3,42656.10000000004,170624.40000000002,-33995.58038793743,0.2024126036278996,0.2014316831176691,-0.0009809205102304,34528846.43002449
MYS,2025,Indian,0.06312425567230995,2179607.7301187925,34656814.73002449,ET_BASE,SCENARIO,Conflict_internal_HIGH__Conflict_external_HIGH,-127968.3,42656.10000000004,170624.40000000002,13126.389938510316,0.0625124194781634,0.0628911729799137,0.0003787535017503,34528846.43002449
MYS,2025,Malay,0.5141994298928643,17754713.149176855,34656814.73002449,ET_BASE,SCENARIO,Conflict_internal_HIGH__Conflict_external_HIGH,-127968.3,42656.10000000004,170624.40000000002,-87383.54849925586,0.5148221738398489,0.5123007779995222,-0.0025213958403266,34528846.43002449
MYS,2025,Non-Malaysian citizens,0.09267900432892434,3200099.1077610035,34656814.73002449,ET_BASE,SCENARIO,Conflict_internal_HIGH__Conflict_external_HIGH,-127968.3,42656.10000000004,170624.40000000002,2119.1513869187893,0.0922756456785267,0.0923367924227796,6.114674425295323e-05,34528846.43002449
MYS,2025,Other,0.010664471998110625,368231.9158800582,34656814.73002449,ET_BASE,SCENARIO,Conflict_internal_HIGH__Conflict_external_HIGH,-127968.3,42656.10000000004,170624.40000000002,-1821.8698298253244,0.0106776629240913,0.0106250940471181,-5.256887697319081e-05,34528846.43002449
MYS,2025,Other Bumi,0.11715462353252003,4045214.0045217173,34656814.73002449,ET_BASE,SCENARIO,Conflict_internal_HIGH__Conflict_external_HIGH,-127968.3,42656.10000000004,170624.40000000002,-20012.84260841049,0.1172994944514699,0.1167220368067235,-0.0005774576447463,34528846.43002449
MYS,2025,Chinese,0.2023344095443062,6980619.8901270535,34656814.73002449,ET_BASE,SCENARIO,Conflict_internal_HIGH__Conflict_external_LOW,-156405.7,14218.700000000012,170624.40000000002,-34356.21282694461,0.2024126036278996,0.2014212773016177,-0.0009913263262818,34500409.030024484
MYS,2025,Indian,0.06271653298079492,2163746.0407824456,34656814.73002449,ET_BASE,SCENARIO,Conflict_internal_HIGH__Conflict_external_LOW,-156405.7,14218.700000000012,170624.40000000002,-2735.2993978365257,0.0625124194781634,0.0624334941811,-7.892529706334593e-05,34500409.030024484
MYS,2025,Malay,0.5146144214226536,17754408.031830944,34656814.73002449,ET_BASE,SCENARIO,Conflict_internal_HIGH__Conflict_external_LOW,-156405.7,14218.700000000012,170624.40000000002,-87688.66584516526,0.5148221738398489,0.5122919740356182,-0.0025301998042306,34500409.030024484
MYS,2025,Non-Malaysian citizens,0.09241020938648817,3188190.02238405,34656814.73002449,ET_BASE,SCENARIO,Conflict_internal_HIGH__Conflict_external_LOW,-156405.7,14218.700000000012,170624.40000000002,-9789.933990034548,0.0922756456785267,0.0919931634577485,-0.0002824822207781,34500409.030024484
MYS,2025,Other,0.010673262324501689,368231.9158800582,34656814.73002449,ET_BASE,SCENARIO,Conflict_internal_HIGH__Conflict_external_LOW,-156405.7,14218.700000000012,170624.40000000002,-1821.8698298253244,0.0106776629240913,0.0106250940471181,-5.256887697319081e-05,34500409.030024484
MYS,2025,Other Bumi,0.11725116434125539,4045213.1290199324,34656814.73002449,ET_BASE,SCENARIO,Conflict_internal_HIGH__Conflict_external_LOW,-156405.7,14218.700000000012,170624.40000000002,-20013.71811019376,0.1172994944514699,0.1167220115446851,-0.0005774829067847,34500409.030024484
MYS,2025,Chinese,0.20241260362789962,7003463.926605184,34656814.73002449,ET_BASE,SCENARIO,Conflict_internal_LOW,-56874.8,0.0,56874.8,-11512.176348816069,0.2024126036278996,0.2020804272164637,-0.0003321764114358,34599939.93002449
MYS,2025,Indian,0.06251241947816337,2162925.9588249456,34656814.73002449,ET_BASE,SCENARIO,Conflict_internal_LOW,-56874.8,0.0,56874.8,-3555.381355336649,0.0625124194781634,0.0624098312460066,-0.0001025882321567,34599939.93002449
MYS,2025,Malay,0.5148221738398491,17812816.289503403,34656814.73002449,ET_BASE,SCENARIO,Conflict_internal_LOW,-56874.8,0.0,56874.8,-29280.40817270665,0.5148221738398489,0.513977306577788,-0.0008448672620608,34599939.93002449
MYS,2025,Non-Malaysian citizens,0.09227564567852668,3192731.797481247,34656814.73002449,ET_BASE,SCENARIO,Conflict_internal_LOW,-56874.8,0.0,56874.8,-5248.158892837072,0.0922756456785267,0.0921242134440954,-0.0001514322344312,34599939.93002449
MYS,2025,Other,0.01067766292409127,369446.4957666076,34656814.73002449,ET_BASE,SCENARIO,Conflict_internal_LOW,-56874.8,0.0,56874.8,-607.289943275108,0.0106776629240913,0.0106601399651002,-1.7522958991063602e-05,34599939.93002449
MYS,2025,Other Bumi,0.11729949445146995,4058555.4618431013,34656814.73002449,ET_BASE,SCENARIO,Conflict_internal_LOW,-56874.8,0.0,56874.8,-6671.385287028463,0.1172994944514699,0.1171069959388686,-0.0001924985126012,34599939.93002449
MYS,2025,Chinese,0.20078926072628528,7007250.567214761,34656814.73002449,ET_BASE,SCENARIO,Conflict_internal_LOW__Conflict_external_HIGH,241717.9,298592.69999999995,56874.8,-7725.535739240666,0.2024126036278996,0.2021896882850032,-0.0002229153428964,34898532.630024485
MYS,2025,Indian,0.06674990382983764,2329473.6968565853,34656814.73002449,ET_BASE,SCENARIO,Conflict_internal_LOW__Conflict_external_HIGH,241717.9,298592.69999999995,56874.8,162992.35667630503,0.0625124194781634,0.0672154586335505,0.0047030391553872,34898532.630024485
MYS,2025,Malay,0.5105091440523112,17816020.02163545,34656814.73002449,ET_BASE,SCENARIO,Conflict_internal_LOW__Conflict_external_HIGH,241717.9,298592.69999999995,56874.8,-26076.676040658003,0.5148221738398489,0.5140697481987796,-0.0007524256410692,34898532.630024485
MYS,2025,Non-Malaysian citizens,0.09506924629503913,3317777.1939392574,34656814.73002449,ET_BASE,SCENARIO,Conflict_internal_LOW__Conflict_external_HIGH,241717.9,298592.69999999995,56874.8,119797.23756517284,0.0922756456785267,0.0957323175769221,0.0034566718983954,34898532.630024485
MYS,2025,Other,0.010586304578570136,369446.49576660746,34656814.73002449,ET_BASE,SCENARIO,Conflict_internal_LOW__Conflict_external_HIGH,241717.9,298592.69999999995,56874.8,-607.289943275108,0.0106776629240913,0.0106601399651002,-1.7522958991063602e-05,34898532.630024485
MYS,2025,Other Bumi,0.1162961405179567,4058564.6546118245,34656814.73002449,ET_BASE,SCENARIO,Conflict_internal_LOW__Conflict_external_HIGH,241717.9,298592.69999999995,56874.8,-6662.192518304192,0.1172994944514699,0.1171072611902714,-0.0001922332611984,34898532.630024485
MYS,2025,Chinese,0.2018683850959685,7004726.140141709,34656814.73002449,ET_BASE,SCENARIO,Conflict_internal_LOW__Conflict_external_LOW,42656.09999999999,99530.9,56874.8,-10249.962812290933,0.2024126036278996,0.2021168475726435,-0.000295756055256,34699470.83002449
MYS,2025,Indian,0.06393301737565991,2218441.87150216,34656814.73002449,ET_BASE,SCENARIO,Conflict_internal_LOW__Conflict_external_LOW,42656.09999999999,99530.9,56874.8,51960.53132187726,0.0625124194781634,0.0640117070418546,0.0014992875636912,34699470.83002449
MYS,2025,Malay,0.5133762496689207,17813884.200214084,34656814.73002449,ET_BASE,SCENARIO,Conflict_internal_LOW__Conflict_external_LOW,42656.09999999999,99530.9,56874.8,-28212.49746202377,0.5148221738398489,0.5140081204514518,-0.000814053388397,34699470.83002449
MYS,2025,Non-Malaysian citizens,0.09321218793636286,3234413.596300584,34656814.73002449,ET_BASE,SCENARIO,Conflict_internal_LOW__Conflict_external_LOW,42656.09999999999,99530.9,56874.8,36433.63992649958,0.0922756456785267,0.0933269148217043,0.0010512691431776,34699470.83002449
MYS,2025,Other,0.01064703544259631,369446.4957666075,34656814.73002449,ET_BASE,SCENARIO,Conflict_internal_LOW__Conflict_external_LOW,42656.09999999999,99530.9,56874.8,-607.289943275108,0.0106776629240913,0.0106601399651002,-1.7522958991063602e-05,34699470.83002449
MYS,2025,Other Bumi,0.11696312448049155,4058558.5260993396,34656814.73002449,ET_BASE,SCENARIO,Conflict_internal_LOW__Conflict_external_LOW,42656.09999999999,99530.9,56874.8,-6668.32103078704,0.1172994944514699,0.1171070843560028,-0.000192410095467,34699470.83002449
MYS,2030,Chinese,0.18534203960055862,6907845.0316883605,37270794.29241125,ET_BASE,FORECAST,,,,,,,,,
MYS,2030,Indian,0.08166330999250872,3043656.427968205,37270794.29241125,ET_BASE,FORECAST,,,,,,,,,
MYS,2030,Malay,0.46864641946572516,17466824.29578212,37270794.29241125,ET_BASE,FORECAST,,,,,,,,,
MYS,2030,Non-Malaysian citizens,0.09913712712359131,3694919.471763996,37270794.29241125,ET_BASE,FORECAST,,,,,,,,,
MYS,2030,Other,0.050332350879456804,1875926.6958816992,37270794.29241125,ET_BASE,FORECAST,,,,,,,,,
MYS,2030,Other Bumi,0.11487875293815941,4281622.369326875,37270794.29241125,ET_BASE,FORECAST,,,,,,,,,
MYS,2035,Chinese,0.16792740996015112,6730855.103719319,40081932.457104765,ET_BASE,FORECAST,,,,,,,,,
MYS,2035,Indian,0.10033962939778203,4021806.248292823,40081932.457104765,ET_BASE,FORECAST,,,,,,,,,
MYS,2035,Malay,0.4202016092355607,16842492.519746475,40081932.457104765,ET_BASE,FORECAST,,,,,,,,,
MYS,2035,Non-Malaysian citizens,0.10776286832377603,4319344.009537466,40081932.457104765,ET_BASE,FORECAST,,,,,,,,,
MYS,2035,Other,0.08811698995508702,3531899.239703177,40081932.457104765,ET_BASE,FORECAST,,,,,,,,,
MYS,2035,Other Bumi,0.11565149312764303,4635535.336105504,40081932.457104765,ET_BASE,FORECAST,,,,,,,,,
USA,2000,American Indian and Alaska native,0.008798021572634703,2475955.999999976,281421906.0,HIST,HIST,,,,,,,,,
USA,2000,Asian,0.036397301637208015,10242998.0,281421906.0,HIST,HIST,,,,,,,,,
USA,2000,Black or African American,0.12315384574220034,34658190.00000001,281421906.0,HIST,HIST,,,,,,,,,
USA,2000,Native Hawaiian and other Pacific Islander,0.0014172137687106004,398834.9999999803,281421906.0,HIST,HIST,,,,,,,,,
USA,2000,Some other race,0.05457667890288542,15359073.000000004,281421906.0,HIST,HIST,,,,,,,,,
USA,2000,Two or more races,0.024256206977718308,6826227.999999986,281421906.0,HIST,HIST,,,,,,,,,
USA,2000,White,0.7514007313986426,211460626.00000006,281421906.0,HIST,HIST,,,,,,,,,
USA,2005,American Indian and Alaska native,0.009147659170022901,2699325.3154777884,295083722.0,HIST,HIST,,,,,,,,,
USA,2005,Asian,0.041962965106443206,12382587.929765388,295083722.0,HIST,HIST,,,,,,,,,
USA,2005,Black or African American,0.12462126555565743,36773706.880513795,295083722.0,HIST,HIST,,,,,,,,,
USA,2005,Native Hawaiian and other Pacific Islander,0.0015831345026297004,467157.2214625908,295083722.0,HIST,HIST,,,,,,,,,
USA,2005,Some other race,0.05823189271503671,17183283.641457718,295083722.0,HIST,HIST,,,,,,,,,
USA,2005,Two or more races,0.026717906240923506,7884019.217618737,295083722.0,HIST,HIST,,,,,,,,,
USA,2005,White,0.7377351767092865,217693641.79370397,295083722.0,HIST,HIST,,,,,,,,,
USA,2010,American Indian and Alaska native,0.009497296767411003,2932247.999999971,308745538.0,HIST,HIST,,,,,,,,,
USA,2010,Asian,0.04752862857567842,14674252.000000007,308745538.0,HIST,HIST,,,,,,,,,
USA,2010,Black or African American,0.12608868536911455,38929319.0,308745538.0,HIST,HIST,,,,,,,,,
USA,2010,Native Hawaiian and other Pacific Islander,0.001749055236548801,540012.9999999768,308745538.0,HIST,HIST,,,,,,,,,
USA,2010,Some other race,0.06188710652718803,19107367.999999978,308745538.0,HIST,HIST,,,,,,,,,
USA,2010,Two or more races,0.029179605504128715,9009072.999999981,308745538.0,HIST,HIST,,,,,,,,,
USA,2010,White,0.7240696220199305,223553265.0000001,308745538.0,HIST,HIST,,,,,,,,,
USA,2015,American Indian and Alaska native,0.010371130032715304,3319771.857059819,320097409.5,HIST,HIST,,,,,,,,,
USA,2015,Asian,0.053762944757036024,17209379.34381884,320097409.5,HIST,HIST,,,,,,,,,
USA,2015,Black or African American,0.12505111469502367,40028537.868964456,320097409.5,HIST,HIST,,,,,,,,,
USA,2015,Native Hawaiian and other Pacific Islander,0.0019153595638413006,613101.6346466502,320097409.5,HIST,HIST,,,,,,,,,
USA,2015,Some other race,0.07305514710349743,23384763.33847096,320097409.5,HIST,HIST,,,,,,,,,
USA,2015,Two or more races,0.06565182783456863,21014980.018785413,320097409.5,HIST,HIST,,,,,,,,,
USA,2015,White,0.6701924760133177,214526875.43825388,320097409.5,HIST,HIST,,,,,,,,,
USA,2020,American Indian and Alaska native,0.011244963298019602,3727134.999999986,331449281.0,HIST,HIST,,,,,,,,,
USA,2020,Asian,0.059997260938393714,19886048.99999998,331449281.0,HIST,HIST,,,,,,,,,
USA,2020,Black or African American,0.12401354402093273,41104200.0,331449281.0,HIST,HIST,,,,,,,,,
USA,2020,Native Hawaiian and other Pacific Islander,0.0020816638911339003,689965.9999999935,331449281.0,HIST,HIST,,,,,,,,,
USA,2020,Some other race,0.08422318767980672,27915714.999999993,331449281.0,HIST,HIST,,,,,,,,,
USA,2020,Two or more races,0.10212405016500853,33848943.00000001,331449281.0,HIST,HIST,,,,,,,,,
USA,2020,White,0.6163153300067048,204277273.00000003,331449281.0,HIST,HIST,,,,,,,,,
USA,2024,American Indian and Alaska native,0.011559619753791302,3955987.835841065,342224737.5000019,HIST,HIST,,,,,,,,,
USA,2024,Asian,0.06449436856125651,22071568.351104386,342224737.5000019,HIST,HIST,,,,,,,,,
USA,2024,Black or African American,0.12502048050586204,42785101.12324274,342224737.5000019,HIST,HIST,,,,,,,,,
USA,2024,Native Hawaiian and other Pacific Islander,0.0022144260511607005,757831.3740716365,342224737.5000019,HIST,HIST,,,,,,,,,
USA,2024,Some other race,0.08764821384713851,29995386.97618101,342224737.5000019,HIST,HIST,,,,,,,,,
USA,2024,Two or more races,0.10636077778005512,36399289.2560754,342224737.5000019,HIST,HIST,,,,,,,,,
USA,2024,White,0.6027021135007358,206259572.58348566,342224737.5000019,HIST,HIST,,,,,,,,,
USA,2025,American Indian and Alaska native,0.016779453854948504,5785150.895187295,344775875.6153538,ET_BASE,FORECAST,,,,,,,,,
USA,2025,Asian,0.06654101123933912,22941735.414374243,344775875.6153538,ET_BASE,FORECAST,,,,,,,,,
USA,2025,Black or African American,0.12304193783337443,42421891.8539116,344775875.6153538,ET_BASE,FORECAST,,,,,,,,,
USA,2025,Native Hawaiian and other Pacific Islander,0.008073705061110902,2783618.731904625,344775875.6153538,ET_BASE,FORECAST,,,,,,,,,
USA,2025,Some other race,0.08812765793042861,30384290.428893905,344775875.6153538,ET_BASE,FORECAST,,,,,,,,,
USA,2025,Two or more races,0.10571992651062102,36449680.23269022,344775875.6153538,ET_BASE,FORECAST,,,,,,,,,
USA,2025,White,0.5917163075701773,204009508.0583919,344775875.6153538,ET_BASE,FORECAST,,,,,,,,,
USA,2025,American Indian and Alaska native,0.016736466143293324,5786514.830351065,344775875.6153538,ET_BASE,SCENARIO,Aid_HIGH,967053.675,967053.675,0.0,1363.9351637864395,0.0167794538549485,0.0167834098601688,3.956005220353938e-06,345742929.29035383
USA,2025,Asian,0.06815325424095214,23563505.761937026,344775875.6153538,ET_BASE,SCENARIO,Aid_HIGH,967053.675,967053.675,0.0,621770.3475627799,0.0665410112393391,0.0683444156870924,0.0018034044477533,345742929.29035383
USA,2025,Black or African,2.9587051134768372e-05,10229.513728398304,344775875.6153538,ET_BASE,SCENARIO,Aid_HIGH,967053.675,967053.675,0.0,10229.513728398297,0.0,2.9670039152654533e-05,2.9670039152654533e-05,345742929.29035383
USA,2025,Black or African American,0.12282671367791545,42466467.78211006,344775875.6153538,ET_BASE,SCENARIO,Aid_HIGH,967053.675,967053.675,0.0,44575.92819846403,0.1230419378333744,0.1231712274135078,0.0001292895801334,345742929.29035383
USA,2025,Native Hawaiian and other Pacific Islander,0.00805704006837665,2785664.6346502956,344775875.6153538,ET_BASE,SCENARIO,Aid_HIGH,967053.675,967053.675,0.0,2045.9027456796596,0.0080737050611109,0.0080796390689414,5.934007830530906e-06,345742929.29035383
USA,2025,Other,1.1855473145624306e-05,4098.946013491273,344775875.6153538,ET_BASE,SCENARIO,Aid_HIGH,967053.675,967053.675,0.0,4098.946013491271,0.0,1.188872628102386e-05,1.188872628102386e-05,345742929.29035383
USA,2025,Some other race,0.0883704265603127,30553450.1416006,344775875.6153538,ET_BASE,SCENARIO,Aid_HIGH,967053.675,967053.675,0.0,169159.71270669857,0.0881276579304286,0.088618294673515,0.0004906367430864,345742929.29035383
USA,2025,Two or more races,0.10542763235814476,36450858.43965146,344775875.6153538,ET_BASE,SCENARIO,Aid_HIGH,967053.675,967053.675,0.0,1178.2069612527116,0.105719926510621,0.1057233438232712,3.4173126502828982e-06,345742929.29035383
USA,2025,White,0.5903870244267246,204122139.24031147,344775875.6153538,ET_BASE,SCENARIO,Aid_HIGH,967053.675,967053.675,0.0,112631.18191944908,0.5917163075701772,0.5920429869868227,0.0003266794166454,345742929.29035383
USA,2025,American Indian and Alaska native,0.016492396917171435,5794406.169512985,344775875.6153538,ET_BASE,SCENARIO,Aid_HIGH__Conflict_external_HIGH,6562149.937500001,6562149.937500001,0.0,9255.2743256937,0.0167794538549485,0.0168062981760866,2.684432113811601e-05,351338025.5528538
USA,2025,Asian,0.07730700740839265,27160891.34426452,344775875.6153538,ET_BASE,SCENARIO,Aid_HIGH__Conflict_external_HIGH,6562149.937500001,6562149.937500001,0.0,4219155.929890294,0.0665410112393391,0.0787783985633795,0.0122373873240404,351338025.5528538
USA,2025,Black or African,0.00019757200301177247,69414.55744267863,344775875.6153538,ET_BASE,SCENARIO,Aid_HIGH__Conflict_external_HIGH,6562149.937500001,6562149.937500001,0.0,69414.55744270273,0.0,0.0002013324085358,0.0002013324085358,351338025.5528538
USA,2025,Black or African American,0.1216047460261589,42724371.36668691,344775875.6153538,ET_BASE,SCENARIO,Aid_HIGH__Conflict_external_HIGH,6562149.937500001,6562149.937500001,0.0,302479.5127752917,0.1230419378333744,0.1239192599842802,0.0008773221509057,351338025.5528538
USA,2025,Native Hawaiian and other Pacific Islander,0.0079624220549173,2797501.643393141,344775875.6153538,ET_BASE,SCENARIO,Aid_HIGH__Conflict_external_HIGH,6562149.937500001,6562149.937500001,0.0,13882.911488540549,0.0080737050611109,0.008113971542818,4.026648170717402e-05,351338025.5528538
USA,2025,Other,7.916671267322045e-05,27814.276520119365,344775875.6153538,ET_BASE,SCENARIO,Aid_HIGH__Conflict_external_HIGH,6562149.937500001,6562149.937500001,0.0,27814.276520119343,0.0,8.067349976409051e-05,8.067349976409051e-05,351338025.5528538
USA,2025,Some other race,0.08974878212615074,31532159.90797506,344775875.6153538,ET_BASE,SCENARIO,Aid_HIGH__Conflict_external_HIGH,6562149.937500001,6562149.937500001,0.0,1147869.479081169,0.0881276579304286,0.0914569786870866,0.0033293207566581,351338025.5528538
USA,2025,Two or more races,0.10376808815706791,36457675.20849872,344775875.6153538,ET_BASE,SCENARIO,Aid_HIGH__Conflict_external_HIGH,6562149.937500001,6562149.937500001,0.0,7994.975808500544,0.105719926510621,0.1057431154178907,2.318890726977681e-05,351338025.5528538
USA,2025,White,0.5828398185944561,204773791.0785597,344775875.6153538,ET_BASE,SCENARIO,Aid_HIGH__Conflict_external_HIGH,6562149.937500001,6562149.937500001,0.0,764283.0201676902,0.5917163075701772,0.5939330607545571,0.0022167531843798,351338025.5528538
USA,2025,American Indian and Alaska native,0.016654236726314546,5789145.276738381,344775875.6153538,ET_BASE,SCENARIO,Aid_HIGH__Conflict_external_LOW,2832085.7625,2832085.7625,0.0,3994.3815510888585,0.0167794538549485,0.0167910392988081,1.158544385960796e-05,347607961.3778538
USA,2025,Asian,0.07123724724607859,24762634.28937951,344775875.6153538,ET_BASE,SCENARIO,Aid_HIGH__Conflict_external_LOW,2832085.7625,2832085.7625,0.0,1820898.875005284,0.0665410112393391,0.0718224099791881,0.005281398739849,347607961.3778538
USA,2025,Black or African,8.618289844231131e-05,29957.861633166445,344775875.6153538,ET_BASE,SCENARIO,Aid_HIGH__Conflict_external_LOW,2832085.7625,2832085.7625,0.0,29957.86163316644,0.0,8.689082894705969e-05,8.689082894705969e-05,347607961.3778538
USA,2025,Black or African American,0.12241502028597293,42552435.64363567,344775875.6153538,ET_BASE,SCENARIO,Aid_HIGH__Conflict_external_LOW,2832085.7625,2832085.7625,0.0,130543.78972407324,0.1230419378333744,0.1234205716037653,0.0003786337703909,347607961.3778538
USA,2025,Native Hawaiian and other Pacific Islander,0.008025162292525619,2789610.304231254,344775875.6153538,ET_BASE,SCENARIO,Aid_HIGH__Conflict_external_LOW,2832085.7625,2832085.7625,0.0,5991.572326633288,0.0080737050611109,0.0080910832269003,1.737816578941194e-05,347607961.3778538
USA,2025,Other,3.4533317749068325e-05,12004.056182367296,344775875.6153538,ET_BASE,SCENARIO,Aid_HIGH__Conflict_external_LOW,2832085.7625,2832085.7625,0.0,12004.056182367292,0.0,3.4816984108712733e-05,3.4816984108712733e-05,347607961.3778538
USA,2025,Some other race,0.08883480863899292,30879686.730392084,344775875.6153538,ET_BASE,SCENARIO,Aid_HIGH__Conflict_external_LOW,2832085.7625,2832085.7625,0.0,495396.30149818864,0.0881276579304286,0.0895645226780389,0.0014368647476103,347607961.3778538
USA,2025,Two or more races,0.10486851495414663,36453130.695933886,344775875.6153538,ET_BASE,SCENARIO,Aid_HIGH__Conflict_external_LOW,2832085.7625,2832085.7625,0.0,3450.463243668655,0.105719926510621,0.1057299343548111,1.0007844190114202e-05,347607961.3778538
USA,2025,White,0.5878442936397773,204339356.51972747,344775875.6153538,ET_BASE,SCENARIO,Aid_HIGH__Conflict_external_LOW,2832085.7625,2832085.7625,0.0,329848.4613355294,0.5917163075701772,0.5926730115760674,0.0009567040058902,347607961.3778538
USA,2025,American Indian and Alaska native,0.016736259027976715,5758697.746039787,344775875.6153538,ET_BASE,SCENARIO,Aid_HIGH__Conflict_internal_HIGH,-690752.6250000003,967053.675,1657806.3000000005,-26453.149147506483,0.0167794538549485,0.0167027282165891,-7.672563835939237e-05,344085122.9903538
USA,2025,Asian,0.06816102204730767,23453193.654296078,344775875.6153538,ET_BASE,SCENARIO,Aid_HIGH__Conflict_internal_HIGH,-690752.6250000003,967053.675,1657806.3000000005,511458.2399218327,0.0665410112393391,0.068024462594539,0.0014834513551999,344085122.9903538
USA,2025,Black or African,2.972960190634304e-05,10229.513728398302,344775875.6153538,ET_BASE,SCENARIO,Aid_HIGH__Conflict_internal_HIGH,-690752.6250000003,967053.675,1657806.3000000005,10229.513728398297,0.0,2.9670039152654533e-05,2.9670039152654533e-05,344085122.9903538
USA,2025,Black or African American,0.1228256767253215,42262488.08240569,344775875.6153538,ET_BASE,SCENARIO,Aid_HIGH__Conflict_internal_HIGH,-690752.6250000003,967053.675,1657806.3000000005,-159403.77150591247,0.1230419378333744,0.1225795975631295,-0.0004623402702448,344085122.9903538
USA,2025,Native Hawaiian and other Pacific Islander,0.008056959776239308,2772279.995535636,344775875.6153538,ET_BASE,SCENARIO,Aid_HIGH__Conflict_internal_HIGH,-690752.6250000003,967053.675,1657806.3000000005,-11338.73636897188,0.0080737050611109,0.0080408177938427,-3.288726726814797e-05,344085122.9903538
USA,2025,Other,1.1912592959173604e-05,4098.946013491272,344775875.6153538,ET_BASE,SCENARIO,Aid_HIGH__Conflict_internal_HIGH,-690752.6250000003,967053.675,1657806.3000000005,4098.946013491271,0.0,1.188872628102386e-05,1.188872628102386e-05,344085122.9903538
USA,2025,Some other race,0.08837159622251885,30407351.555079285,344775875.6153538,ET_BASE,SCENARIO,Aid_HIGH__Conflict_internal_HIGH,-690752.6250000003,967053.675,1657806.3000000005,23061.126185389032,0.0881276579304286,0.088194545226833,6.688729640445312e-05,344085122.9903538
USA,2025,Two or more races,0.10542622408136945,36275595.27944661,344775875.6153538,ET_BASE,SCENARIO,Aid_HIGH__Conflict_internal_HIGH,-690752.6250000003,967053.675,1657806.3000000005,-174084.95324359188,0.105719926510621,0.1052150044277377,-0.0005049220828832,344085122.9903538
USA,2025,White,0.5903806199244009,203141188.21780884,344775875.6153538,ET_BASE,SCENARIO,Aid_HIGH__Conflict_internal_HIGH,-690752.6250000003,967053.675,1657806.3000000005,-868319.8405831289,0.5917163075701772,0.5891978023556422,-0.0025185052145349,344085122.9903538
USA,2025,American Indian and Alaska native,0.016711378431252196,5759486.879955951,344775875.6153538,ET_BASE,SCENARIO,Aid_HIGH__Conflict_internal_HIGH__Conflict_external_HIGH,-131242.9987499998,1526563.3012500005,1657806.3000000005,-25664.01523131576,0.0167794538549485,0.0167050170481808,-7.443680676761616e-05,344644632.61660385
USA,2025,Asian,0.06909416238905788,23812932.21252882,344775875.6153538,ET_BASE,SCENARIO,Aid_HIGH__Conflict_internal_HIGH__Conflict_external_HIGH,-131242.9987499998,1526563.3012500005,1657806.3000000005,871196.7981545844,0.0665410112393391,0.0690678608821677,0.0025268496428286,344644632.61660385
USA,2025,Black or African,4.685411166055338e-05,16148.018099828754,344775875.6153538,ET_BASE,SCENARIO,Aid_HIGH__Conflict_internal_HIGH__Conflict_external_HIGH,-131242.9987499998,1526563.3012500005,1657806.3000000005,16148.018099828743,0.0,4.68362760909761e-05,4.68362760909761e-05,344644632.61660385
USA,2025,Black or African American,0.12270110844263891,42288278.440863356,344775875.6153538,ET_BASE,SCENARIO,Aid_HIGH__Conflict_internal_HIGH__Conflict_external_HIGH,-131242.9987499998,1526563.3012500005,1657806.3000000005,-133613.4130482297,0.1230419378333744,0.1226544008202067,-0.0003875370131676,344644632.61660385
USA,2025,Native Hawaiian and other Pacific Islander,0.008047314346239199,2773463.696409934,344775875.6153538,ET_BASE,SCENARIO,Aid_HIGH__Conflict_internal_HIGH__Conflict_external_HIGH,-131242.9987499998,1526563.3012500005,1657806.3000000005,-10155.035494685791,0.0080737050611109,0.0080442510412304,-2.9454019880483652e-05,344644632.61660385
USA,2025,Other,1.877435030694964e-05,6470.479064154082,344775875.6153538,ET_BASE,SCENARIO,Aid_HIGH__Conflict_internal_HIGH__Conflict_external_HIGH,-131242.9987499998,1526563.3012500005,1657806.3000000005,6470.47906415408,0.0,1.876720362933053e-05,1.876720362933053e-05,344644632.61660385
USA,2025,Some other race,0.08851210680437883,30505222.531716745,344775875.6153538,ET_BASE,SCENARIO,Aid_HIGH__Conflict_internal_HIGH__Conflict_external_HIGH,-131242.9987499998,1526563.3012500005,1657806.3000000005,120932.10282283615,0.0881276579304286,0.0884784136281902,0.0003507556977616,344644632.61660385
USA,2025,Two or more races,0.1052570489228727,36276276.95633136,344775875.6153538,ET_BASE,SCENARIO,Aid_HIGH__Conflict_internal_HIGH__Conflict_external_HIGH,-131242.9987499998,1526563.3012500005,1657806.3000000005,-173403.2763588671,0.105719926510621,0.1052169815871997,-0.0005029449234212,344644632.61660385
USA,2025,White,0.5896112522015927,203206353.40163368,344775875.6153538,ET_BASE,SCENARIO,Aid_HIGH__Conflict_internal_HIGH__Conflict_external_HIGH,-131242.9987499998,1526563.3012500005,1657806.3000000005,-803154.6567583047,0.5917163075701772,0.5893868097324158,-0.0023294978377615,344644632.61660385
USA,2025,American Indian and Alaska native,0.016727956509979443,5758960.790678509,344775875.6153538,ET_BASE,SCENARIO,Aid_HIGH__Conflict_internal_HIGH__Conflict_external_LOW,-504249.4162500002,1153556.88375,1657806.3000000005,-26190.10450877624,0.0167794538549485,0.016703491160453,-7.596269449546696e-05,344271626.19910383
USA,2025,Asian,0.06847240583633572,23573106.507040307,344775875.6153538,ET_BASE,SCENARIO,Aid_HIGH__Conflict_internal_HIGH__Conflict_external_LOW,-504249.4162500002,1153556.88375,1657806.3000000005,631371.0926660832,0.0665410112393391,0.0683722620237485,0.0018312507844094,344271626.19910383
USA,2025,Black or African,3.544395642938664e-05,12202.348518875118,344775875.6153538,ET_BASE,SCENARIO,Aid_HIGH__Conflict_internal_HIGH__Conflict_external_LOW,-504249.4162500002,1153556.88375,1657806.3000000005,12202.348518875113,0.0,3.539211813209505e-05,3.539211813209505e-05,344271626.19910383
USA,2025,Black or African American,0.12278410897594984,42271084.868558235,344775875.6153538,ET_BASE,SCENARIO,Aid_HIGH__Conflict_internal_HIGH__Conflict_external_LOW,-504249.4162500002,1153556.88375,1657806.3000000005,-150806.98535335157,0.1230419378333744,0.1226045319821552,-0.0004374058512191,344271626.19910383
USA,2025,Native Hawaiian and other Pacific Islander,0.008053741149409172,2772674.5624937355,344775875.6153538,ET_BASE,SCENARIO,Aid_HIGH__Conflict_internal_HIGH__Conflict_external_LOW,-504249.4162500002,1153556.88375,1657806.3000000005,-10944.169410876517,0.0080737050611109,0.0080419622096386,-3.174285147225986e-05,344271626.19910383
USA,2025,Other,1.4202323567470354e-05,4889.457030378877,344775875.6153538,ET_BASE,SCENARIO,Aid_HIGH__Conflict_internal_HIGH__Conflict_external_LOW,-504249.4162500002,1153556.88375,1657806.3000000005,4889.457030378873,0.0,1.418155206379275e-05,1.418155206379275e-05,344271626.19910383
USA,2025,Some other race,0.08841848382925982,30439975.213958442,344775875.6153538,ET_BASE,SCENARIO,Aid_HIGH__Conflict_internal_HIGH__Conflict_external_LOW,-504249.4162500002,1153556.88375,1657806.3000000005,55684.78506453804,0.0881276579304286,0.0882891680272854,0.0001615100968568,344271626.19910383
USA,2025,Two or more races,0.10536977126338998,36275822.505074866,344775875.6153538,ET_BASE,SCENARIO,Aid_HIGH__Conflict_internal_HIGH__Conflict_external_LOW,-504249.4162500002,1153556.88375,1657806.3000000005,-173857.72761535028,0.105719926510621,0.1052156634808917,-0.0005042630297292,344271626.19910383
USA,2025,White,0.5901238861556791,203162909.94575047,344775875.6153538,ET_BASE,SCENARIO,Aid_HIGH__Conflict_internal_HIGH__Conflict_external_LOW,-504249.4162500002,1153556.88375,1657806.3000000005,-846598.1126415208,0.5917163075701772,0.5892608048145668,-0.0024555027556104,344271626.19910383
USA,2025,American Indian and Alaska native,0.016736397325896525,5777242.4689139845,344775875.6153538,ET_BASE,SCENARIO,Aid_HIGH__Conflict_internal_LOW,414451.575,967053.675,552602.1,-7908.426273311198,0.0167794538549485,0.0167565159789756,-2.293787597289482e-05,345190327.1903538
USA,2025,Asian,0.0681558352196129,23526735.059390016,344775875.6153538,ET_BASE,SCENARIO,Aid_HIGH__Conflict_internal_LOW,414451.575,967053.675,552602.1,584999.6450157975,0.0665410112393391,0.0682377646562412,0.0016967534169021,345190327.1903538
USA,2025,Black or African,2.963441592254489e-05,10229.513728398302,344775875.6153538,ET_BASE,SCENARIO,Aid_HIGH__Conflict_internal_LOW,414451.575,967053.675,552602.1,10229.513728398297,0.0,2.9670039152654533e-05,2.9670039152654533e-05,345190327.1903538
USA,2025,Black or African American,0.12282636913372949,42398474.54887526,344775875.6153538,ET_BASE,SCENARIO,Aid_HIGH__Conflict_internal_LOW,414451.575,967053.675,552602.1,-23417.30503632813,0.1230419378333744,0.1229740174633817,-6.792036999263092e-05,345190327.1903538
USA,2025,Native Hawaiian and other Pacific Islander,0.00805701339002196,2781203.088278742,344775875.6153538,ET_BASE,SCENARIO,Aid_HIGH__Conflict_internal_LOW,414451.575,967053.675,552602.1,-2415.6436258708527,0.0080737050611109,0.0080666986439085,-7.006417202362048e-06,345190327.1903538
USA,2025,Other,1.1874452122845624e-05,4098.946013491272,344775875.6153538,ET_BASE,SCENARIO,Aid_HIGH__Conflict_internal_LOW,414451.575,967053.675,552602.1,4098.946013491271,0.0,1.188872628102386e-05,1.188872628102386e-05,345190327.1903538
USA,2025,Some other race,0.0883708151994028,30504750.612760145,344775875.6153538,ET_BASE,SCENARIO,Aid_HIGH__Conflict_internal_LOW,414451.575,967053.675,552602.1,120460.18386626209,0.0881276579304286,0.0884770448579543,0.0003493869275257,345190327.1903538
USA,2025,Two or more races,0.10542716443552426,36392437.386249855,344775875.6153538,ET_BASE,SCENARIO,Aid_HIGH__Conflict_internal_LOW,414451.575,967053.675,552602.1,-57242.84644036213,0.105719926510621,0.1055538973580934,-0.0001660291525275,345190327.1903538
USA,2025,White,0.5903848964277666,203795155.5661439,344775875.6153538,ET_BASE,SCENARIO,Aid_HIGH__Conflict_internal_LOW,414451.575,967053.675,552602.1,-214352.49224807683,0.5917163075701772,0.5910945921097626,-0.0006217154604146,345190327.1903538
USA,2025,American Indian and Alaska native,0.016564457752637762,5782766.406327308,344775875.6153538,ET_BASE,SCENARIO,Aid_HIGH__Conflict_internal_LOW__Conflict_external_HIGH,4331018.958749999,4883621.058749999,552602.1,-2384.488859976119,0.0167794538549485,0.016772537800118,-6.9160548304613776e-06,349106894.57410383
USA,2025,Asian,0.07460438442154811,26044904.967019312,344775875.6153538,ET_BASE,SCENARIO,Aid_HIGH__Conflict_internal_LOW__Conflict_external_HIGH,4331018.958749999,4883621.058749999,552602.1,3103169.552645056,0.0665410112393391,0.0755415526696423,0.0090005414303032,349106894.57410383
USA,2025,Black or African,0.00014797486137141892,51659.044328409575,344775875.6153538,ET_BASE,SCENARIO,Aid_HIGH__Conflict_internal_LOW__Conflict_external_HIGH,4331018.958749999,4883621.058749999,552602.1,51659.044328411386,0.0,0.0001498336977209,0.0001498336977209,349106894.57410383
USA,2025,Black or African American,0.12196552895359941,42579007.05807904,344775875.6153538,ET_BASE,SCENARIO,Aid_HIGH__Conflict_internal_LOW__Conflict_external_HIGH,4331018.958749999,4883621.058749999,552602.1,157115.20416745116,0.1230419378333744,0.1234976402629223,0.0004557024295479,349106894.57410383
USA,2025,Native Hawaiian and other Pacific Islander,0.00799035778941516,2789488.9943987275,344775875.6153538,ET_BASE,SCENARIO,Aid_HIGH__Conflict_internal_LOW__Conflict_external_HIGH,4331018.958749999,4883621.058749999,552602.1,5870.262494131766,0.0080737050611109,0.0080907313756221,1.702631451128812e-05,349106894.57410383
USA,2025,Other,5.929323565317634e-05,20699.677368130928,344775875.6153538,ET_BASE,SCENARIO,Aid_HIGH__Conflict_internal_LOW__Conflict_external_HIGH,4331018.958749999,4883621.058749999,552602.1,20699.677368130917,0.0,6.0038067719170485e-05,6.0038067719170485e-05,349106894.57410383
USA,2025,Some other race,0.0893418260538012,31189847.449222296,344775875.6153538,ET_BASE,SCENARIO,Aid_HIGH__Conflict_internal_LOW__Conflict_external_HIGH,4331018.958749999,4883621.058749999,552602.1,805557.0203283911,0.0881276579304286,0.0904641236674545,0.0023364657370259,349106894.57410383
USA,2025,Two or more races,0.10425806447863491,36397209.12444291,344775875.6153538,ET_BASE,SCENARIO,Aid_HIGH__Conflict_internal_LOW__Conflict_external_HIGH,4331018.958749999,4883621.058749999,552602.1,-52471.108247288656,0.105719926510621,0.105567737474327,-0.0001521890362939,349106894.57410383
USA,2025,White,0.5850681124533389,204251311.8529177,344775875.6153538,ET_BASE,SCENARIO,Aid_HIGH__Conflict_internal_LOW__Conflict_external_HIGH,4331018.958749999,4883621.058749999,552602.1,241803.79452569183,0.5917163075701772,0.5924176437471766,0.0007013361769993,349106894.57410383
USA,2025,American Indian and Alaska native,0.016678652247049557,5779083.781385067,344775875.6153538,ET_BASE,SCENARIO,Aid_HIGH__Conflict_internal_LOW__Conflict_external_LOW,1719974.03625,2272576.13625,552602.1,-6067.113802199505,0.0167794538549485,0.016761856586023,-1.7597268925417008e-05,346495849.6516038
USA,2025,Asian,0.07032154945896049,24366125.028599795,344775875.6153538,ET_BASE,SCENARIO,Aid_HIGH__Conflict_internal_LOW__Conflict_external_LOW,1719974.03625,2272576.13625,552602.1,1424389.6142255506,0.0665410112393391,0.0706723606607083,0.0041313494213691,346495849.6516038
USA,2025,Black or African,6.937848544479596e-05,24039.357261736004,344775875.6153538,ET_BASE,SCENARIO,Aid_HIGH__Conflict_internal_LOW__Conflict_external_LOW,1719974.03625,2272576.13625,552602.1,24039.357261736,0.0,6.972459200873815e-05,6.972459200873815e-05,346495849.6516038
USA,2025,Black or African American,0.12253726009888628,42458652.051943175,344775875.6153538,ET_BASE,SCENARIO,Aid_HIGH__Conflict_internal_LOW__Conflict_external_LOW,1719974.03625,2272576.13625,552602.1,36760.19803159831,0.1230419378333744,0.1231485583965619,0.0001066205631875,346495849.6516038
USA,2025,Native Hawaiian and other Pacific Islander,0.008034627427095119,2783965.0569854025,344775875.6153538,ET_BASE,SCENARIO,Aid_HIGH__Conflict_internal_LOW__Conflict_external_LOW,1719974.03625,2272576.13625,552602.1,346.32508079668787,0.0080737050611109,0.0080747095544797,1.0044933688546772e-06,346495849.6516038
USA,2025,Other,2.779982254156823e-05,9632.523131704493,344775875.6153538,ET_BASE,SCENARIO,Aid_HIGH__Conflict_internal_LOW__Conflict_external_LOW,1719974.03625,2272576.13625,552602.1,9632.523131704487,0.0,2.793850676040608e-05,2.793850676040608e-05,346495849.6516038
USA,2025,Some other race,0.08869692452540452,30733116.224914216,344775875.6153538,ET_BASE,SCENARIO,Aid_HIGH__Conflict_internal_LOW__Conflict_external_LOW,1719974.03625,2272576.13625,552602.1,348825.79602030513,0.0881276579304286,0.0891394044611211,0.0010117465306925,346495849.6516038
USA,2025,Two or more races,0.10503452783703232,36394027.96564755,344775875.6153538,ET_BASE,SCENARIO,Aid_HIGH__Conflict_internal_LOW__Conflict_external_LOW,1719974.03625,2272576.13625,552602.1,-55652.267042670974,0.105719926510621,0.1055585107301713,-0.0001614157804496,346495849.6516038
USA,2025,White,0.5885992800975852,203947207.66173512,344775875.6153538,ET_BASE,SCENARIO,Aid_HIGH__Conflict_internal_LOW__Conflict_external_LOW,1719974.03625,2272576.13625,552602.1,-62300.39665682055,0.5917163075701772,0.5915356093222339,-0.0001806982479433,346495849.6516038
USA,2025,American Indian and Alaska native,0.016761001056783353,5785735.438828912,344775875.6153538,ET_BASE,SCENARIO,Aid_LOW,414451.575,414451.575,0.0,584.5436416227599,0.0167794538549485,0.0167811492857572,1.6954308087231163e-06,345190327.1903538
USA,2025,Asian,0.06723307865945648,23208208.420472577,344775875.6153538,ET_BASE,SCENARIO,Aid_LOW,414451.575,414451.575,0.0,266473.00609833427,0.0665410112393391,0.0673138988598048,0.0007728876204657,345190327.1903538
USA,2025,Black or African,1.2700463966804955e-05,4384.077312170702,344775875.6153538,ET_BASE,SCENARIO,Aid_LOW,414451.575,414451.575,0.0,4384.077312170699,0.0,1.2715731065423372e-05,1.2715731065423372e-05,345190327.1903538
USA,2025,Black or African American,0.12294955124781234,42440995.82313952,344775875.6153538,ET_BASE,SCENARIO,Aid_LOW,414451.575,414451.575,0.0,19103.96922791316,0.1230419378333744,0.1230973476534316,5.540982005720821e-05,345190327.1903538
USA,2025,Native Hawaiian and other Pacific Islander,0.008066551487787002,2784495.5473670303,344775875.6153538,ET_BASE,SCENARIO,Aid_LOW,414451.575,414451.575,0.0,876.8154624341398,0.0080737050611109,0.0080762482073239,2.5431462130846746e-06,345190327.1903538
USA,2025,Other,5.089050909790983e-06,1756.691148639117,344775875.6153538,ET_BASE,SCENARIO,Aid_LOW,414451.575,414451.575,0.0,1756.6911486391164,0.0,5.095168406153084e-06,5.095168406153084e-06,345190327.1903538
USA,2025,Some other race,0.08823186818856037,30456787.448625322,344775875.6153538,ET_BASE,SCENARIO,Aid_LOW,414451.575,414451.575,0.0,72497.01973144224,0.0881276579304286,0.0883379308203227,0.0002102728898941,345190327.1903538
USA,2025,Two or more races,0.1055944570498653,36450185.17853076,344775875.6153538,ET_BASE,SCENARIO,Aid_LOW,414451.575,414451.575,0.0,504.9458405368764,0.105719926510621,0.1057213910731854,1.4645625644069564e-06,345190327.1903538
USA,2025,White,0.5911457027948586,204057778.5649289,344775875.6153538,ET_BASE,SCENARIO,Aid_LOW,414451.575,414451.575,0.0,48270.506536906745,0.5917163075701772,0.5918563130344539,0.0001400054642766,345190327.1903538
USA,2025,American Indian and Alaska native,0.01655193532526484,5792457.690707568,344775875.6153538,ET_BASE,SCENARIO,Aid_LOW__Conflict_external_HIGH,5180644.687499999,5180644.687499999,0.0,7306.795520284497,0.0167794538549485,0.0168006467400575,2.119288510903895e-05,349956520.3028538
USA,2025,Asian,0.07507403481971692,26272647.990603417,344775875.6153538,ET_BASE,SCENARIO,Aid_LOW__Conflict_external_HIGH,5180644.687499999,5180644.687499999,0.0,3330912.576229178,0.0665410112393391,0.0762021064951605,0.0096610952558214,349956520.3028538
USA,2025,Black or African,0.00015659364298935483,54800.966402102,344775875.6153538,ET_BASE,SCENARIO,Aid_LOW__Conflict_external_HIGH,5180644.687499999,5180644.687499999,0.0,54800.96640213372,0.0,0.0001589466383177,0.0001589466383177,349956520.3028538
USA,2025,Black or African American,0.12190283362156473,42660691.46926053,344775875.6153538,ET_BASE,SCENARIO,Aid_LOW__Conflict_external_HIGH,5180644.687499999,5180644.687499999,0.0,238799.61534891443,0.1230419378333744,0.1237345605840895,0.0006926227507151,349956520.3028538
USA,2025,Native Hawaiian and other Pacific Islander,0.007985503235563641,2794578.925185032,344775875.6153538,ET_BASE,SCENARIO,Aid_LOW__Conflict_external_HIGH,5180644.687499999,5180644.687499999,0.0,10960.193280426744,0.0080737050611109,0.0081054943887744,3.1789327663558426e-05,349956520.3028538
USA,2025,Other,6.274676448087284e-05,21958.639357988963,344775875.6153538,ET_BASE,SCENARIO,Aid_LOW__Conflict_external_HIGH,5180644.687499999,5180644.687499999,0.0,21958.639357988948,0.0,6.368960507691353e-05,6.368960507691353e-05,349956520.3028538
USA,2025,Some other race,0.08941254515977586,31290503.175536934,344775875.6153538,ET_BASE,SCENARIO,Aid_LOW__Conflict_external_HIGH,5180644.687499999,5180644.687499999,0.0,906212.746643028,0.0881276579304286,0.090756069054106,0.0026284111236774,349956520.3028538
USA,2025,Two or more races,0.10417291846469313,36455992.05569692,344775875.6153538,ET_BASE,SCENARIO,Aid_LOW__Conflict_external_HIGH,5180644.687499999,5180644.687499999,0.0,6311.823006710953,0.105719926510621,0.105738233542676,1.830703205508695e-05,349956520.3028538
USA,2025,White,0.5846808889659507,204612889.39010334,344775875.6153538,ET_BASE,SCENARIO,Aid_LOW__Conflict_external_HIGH,5180644.687499999,5180644.687499999,0.0,603381.3317113342,0.5917163075701772,0.593466375873635,0.0017500683034577,349956520.3028538
USA,2025,American Indian and Alaska native,0.016690673938136377,5787976.189455117,344775875.6153538,ET_BASE,SCENARIO,Aid_LOW__Conflict_external_LOW,2003182.6125,2003182.6125,0.0,2825.294267843339,0.0167794538549485,0.0167876484371906,8.194582242161727e-06,346779058.22785383
USA,2025,Asian,0.06987067904562609,24229688.27718286,344775875.6153538,ET_BASE,SCENARIO,Aid_LOW__Conflict_external_LOW,2003182.6125,2003182.6125,0.0,1287952.8628086157,0.0665410112393391,0.0702766347382567,0.0037356234989176,346779058.22785383
USA,2025,Black or African,6.110434441200367e-05,21189.707008825055,344775875.6153538,ET_BASE,SCENARIO,Aid_LOW__Conflict_external_LOW,2003182.6125,2003182.6125,0.0,21189.707008825044,0.0,6.145936681621297e-05,6.145936681621297e-05,346779058.22785383
USA,2025,Black or African American,0.1225974484227521,42514227.705179855,344775875.6153538,ET_BASE,SCENARIO,Aid_LOW__Conflict_external_LOW,2003182.6125,2003182.6125,0.0,92335.85126824692,0.1230419378333744,0.1233097519636509,0.0002678141302765,346779058.22785383
USA,2025,Native Hawaiian and other Pacific Islander,0.008039287861133164,2787856.6733063757,344775875.6153538,ET_BASE,SCENARIO,Aid_LOW__Conflict_external_LOW,2003182.6125,2003182.6125,0.0,4237.941401765009,0.0080737050611109,0.0080859969344741,1.2291873363242593e-05,346779058.22785383
USA,2025,Other,2.4484390517925114e-05,8490.673885089065,344775875.6153538,ET_BASE,SCENARIO,Aid_LOW__Conflict_external_LOW,2003182.6125,2003182.6125,0.0,8490.673885089062,0.0,2.462664729640657e-05,2.462664729640657e-05,346779058.22785383
USA,2025,Some other race,0.08862903327551787,30734692.690929204,344775875.6153538,ET_BASE,SCENARIO,Aid_LOW__Conflict_external_LOW,2003182.6125,2003182.6125,0.0,350402.2620353042,0.0881276579304286,0.0891439768982505,0.0010163189678219,346779058.22785383
USA,2025,Two or more races,0.10511626910383291,36452120.804252826,344775875.6153538,ET_BASE,SCENARIO,Aid_LOW__Conflict_external_LOW,2003182.6125,2003182.6125,0.0,2440.571562594903,0.105719926510621,0.1057270052296823,7.078719061300289e-06,346779058.22785383
USA,2025,White,0.5889710196180715,204242815.50665367,344775875.6153538,ET_BASE,SCENARIO,Aid_LOW__Conflict_external_LOW,2003182.6125,2003182.6125,0.0,233307.44826171597,0.5917163075701772,0.5923930006475142,0.000676693077337,346779058.22785383
USA,2025,American Indian and Alaska native,0.016760912007964947,5757918.3545176005,344775875.6153538,ET_BASE,SCENARIO,Aid_LOW__Conflict_internal_HIGH,-1243354.7250000003,414451.575,1657806.3000000005,-27232.54066967016,0.0167794538549485,0.0167004676421774,-7.898621277102319e-05,343532520.8903538
USA,2025,Asian,0.06723641841234537,23097896.312831607,344775875.6153538,ET_BASE,SCENARIO,Aid_LOW__Conflict_internal_HIGH,-1243354.7250000003,414451.575,1657806.3000000005,156160.89845738703,0.0665410112393391,0.0669939457672513,0.0004529345279122,343532520.8903538
USA,2025,Black or African,1.2761753387447063e-05,4384.077312170702,344775875.6153538,ET_BASE,SCENARIO,Aid_LOW__Conflict_internal_HIGH,-1243354.7250000003,414451.575,1657806.3000000005,4384.077312170699,0.0,1.2715731065423372e-05,1.2715731065423372e-05,343532520.8903538
USA,2025,Black or African American,0.12294910541210749,42237016.123435125,344775875.6153538,ET_BASE,SCENARIO,Aid_LOW__Conflict_internal_HIGH,-1243354.7250000003,414451.575,1657806.3000000005,-184875.73047646336,0.1230419378333744,0.1225057178030532,-0.0005362200303211,343532520.8903538
USA,2025,Native Hawaiian and other Pacific Islander,0.008066516966342379,2771110.9082524064,344775875.6153538,ET_BASE,SCENARIO,Aid_LOW__Conflict_internal_HIGH,-1243354.7250000003,414451.575,1657806.3000000005,-12507.8236522174,0.0080737050611109,0.0080374269322253,-3.6278128885594194e-05,343532520.8903538
USA,2025,Other,5.113609459989976e-06,1756.6911486391173,344775875.6153538,ET_BASE,SCENARIO,Aid_LOW__Conflict_internal_HIGH,-1243354.7250000003,414451.575,1657806.3000000005,1756.6911486391164,0.0,5.095168406153084e-06,5.095168406153084e-06,343532520.8903538
USA,2025,Some other race,0.08823237108249894,30310688.862104017,344775875.6153538,ET_BASE,SCENARIO,Aid_LOW__Conflict_internal_HIGH,-1243354.7250000003,414451.575,1657806.3000000005,-73601.5667898673,0.0881276579304286,0.0879141813736407,-0.0002134765567878,343532520.8903538
USA,2025,Two or more races,0.10559385156406746,36274922.018325925,344775875.6153538,ET_BASE,SCENARIO,Aid_LOW__Conflict_internal_HIGH,-1243354.7250000003,414451.575,1657806.3000000005,-174758.2143643077,0.105719926510621,0.1052130516776519,-0.0005068748329691,343532520.8903538
USA,2025,White,0.591142949191826,203076827.54242632,344775875.6153538,ET_BASE,SCENARIO,Aid_LOW__Conflict_internal_HIGH,-1243354.7250000003,414451.575,1657806.3000000005,-932680.5159656712,0.5917163075701772,0.5890111284032734,-0.0027051791669038,343532520.8903538
USA,2025,American Indian and Alaska native,0.01673964411623108,5758590.57970549,344775875.6153538,ET_BASE,SCENARIO,Aid_LOW__Conflict_internal_HIGH__Conflict_external_HIGH,-766735.41375,891070.8862500003,1657806.3000000005,-26560.315481803987,0.0167794538549485,0.0167024173876075,-7.70364673409916e-05,344009140.20160383
USA,2025,Asian,0.06803406518829345,23404340.269844696,344775875.6153538,ET_BASE,SCENARIO,Aid_LOW__Conflict_internal_HIGH__Conflict_external_HIGH,-766735.41375,891070.8862500003,1657806.3000000005,462604.85547047167,0.0665410112393391,0.0678827665307869,0.0013417552914478,344009140.20160383
USA,2025,Black or African,2.739975517988596e-05,9425.76622116701,344775875.6153538,ET_BASE,SCENARIO,Aid_LOW__Conflict_internal_HIGH__Conflict_external_HIGH,-766735.41375,891070.8862500003,1657806.3000000005,9425.766221167003,0.0,2.7338821790660256e-05,2.7338821790660256e-05,344009140.20160383
USA,2025,Black or African American,0.12284262465608237,42258985.68804724,344775875.6153538,ET_BASE,SCENARIO,Aid_LOW__Conflict_internal_HIGH__Conflict_external_HIGH,-766735.41375,891070.8862500003,1657806.3000000005,-162906.1658643632,0.1230419378333744,0.122569439096119,-0.0004724987372553,344009140.20160383
USA,2025,Native Hawaiian and other Pacific Islander,0.008058272069194473,2772119.2460341896,344775875.6153538,ET_BASE,SCENARIO,Aid_LOW__Conflict_internal_HIGH__Conflict_external_HIGH,-766735.41375,891070.8862500003,1657806.3000000005,-11499.48587041814,0.0080737050611109,0.0080403515503703,-3.3353510740546824e-05,344009140.20160383
USA,2025,Other,1.0979027962340445e-05,3776.885969574103,344775875.6153538,ET_BASE,SCENARIO,Aid_LOW__Conflict_internal_HIGH__Conflict_external_HIGH,-766735.41375,891070.8862500003,1657806.3000000005,3776.885969574101,0.0,1.0954612073229134e-05,1.0954612073229134e-05,344009140.20160383
USA,2025,Some other race,0.08835247928872762,30394060.4347952,344775875.6153538,ET_BASE,SCENARIO,Aid_LOW__Conflict_internal_HIGH__Conflict_external_HIGH,-766735.41375,891070.8862500003,1657806.3000000005,9770.005901291355,0.0881276579304286,0.0881559951970191,2.833726659051742e-05,344009140.20160383
USA,2025,Two or more races,0.10544924092651593,36275502.70604252,344775875.6153538,ET_BASE,SCENARIO,Aid_LOW__Conflict_internal_HIGH__Conflict_external_HIGH,-766735.41375,891070.8862500003,1657806.3000000005,-174177.5266476903,0.105719926510621,0.1052147359246009,-0.00050519058602,344009140.20160383
USA,2025,White,0.5904852949718128,203132338.62494373,344775875.6153538,ET_BASE,SCENARIO,Aid_LOW__Conflict_internal_HIGH__Conflict_external_HIGH,-766735.41375,891070.8862500003,1657806.3000000005,-877169.4334482283,0.5917163075701772,0.5891721346871915,-0.0025441728829856,344009140.20160383
USA,2025,American Indian and Alaska native,0.016753816156592573,5758142.4295802405,344775875.6153538,ET_BASE,SCENARIO,Aid_LOW__Conflict_internal_HIGH__Conflict_external_LOW,-1084481.6212500003,573324.6787500001,1657806.3000000005,-27008.465607048103,0.0167794538549485,0.0167011175573208,-7.833629762767933e-05,343691393.99410385
USA,2025,Asian,0.06750254648186112,23200044.29850264,344775875.6153538,ET_BASE,SCENARIO,Aid_LOW__Conflict_internal_HIGH__Conflict_external_LOW,-1084481.6212500003,573324.6787500001,1657806.3000000005,258308.8841284153,0.0665410112393391,0.0672902193550965,0.0007492081157574,343691393.99410385
USA,2025,Black or African,1.7645598312363268e-05,6064.640281836138,344775875.6153538,ET_BASE,SCENARIO,Aid_LOW__Conflict_internal_HIGH__Conflict_external_LOW,-1084481.6212500003,573324.6787500001,1657806.3000000005,6064.640281836134,0.0,1.7590094640502333e-05,1.7590094640502333e-05,343691393.99410385
USA,2025,Black or African American,0.12291357901258332,42244339.31163919,344775875.6153538,ET_BASE,SCENARIO,Aid_LOW__Conflict_internal_HIGH__Conflict_external_LOW,-1084481.6212500003,573324.6787500001,1657806.3000000005,-177552.54227242997,0.1230419378333744,0.1225269582340752,-0.0005149795992992,343691393.99410385
USA,2025,Native Hawaiian and other Pacific Islander,0.008063766126462507,2771447.0208463343,344775875.6153538,ET_BASE,SCENARIO,Aid_LOW__Conflict_internal_HIGH__Conflict_external_LOW,-1084481.6212500003,573324.6787500001,1657806.3000000005,-12171.711058284312,0.0080737050611109,0.0080384018049403,-3.5303256170578406e-05,343691393.99410385
USA,2025,Other,7.070556507230442e-06,2430.0894222841125,344775875.6153538,ET_BASE,SCENARIO,Aid_LOW__Conflict_internal_HIGH__Conflict_external_LOW,-1084481.6212500003,573324.6787500001,1657806.3000000005,2430.089422284111,0.0,7.048316295178434e-06,7.048316295178434e-06,343691393.99410385
USA,2025,Some other race,0.08827244416499669,30338479.38633441,344775875.6153538,ET_BASE,SCENARIO,Aid_LOW__Conflict_internal_HIGH__Conflict_external_LOW,-1084481.6212500003,573324.6787500001,1657806.3000000005,-45811.04255948108,0.0881276579304286,0.0879947859814335,-0.000132871948995,343691393.99410385
USA,2025,Two or more races,0.10554560345354592,36275115.5808981,344775875.6153538,ET_BASE,SCENARIO,Aid_LOW__Conflict_internal_HIGH__Conflict_external_LOW,-1084481.6212500003,573324.6787500001,1657806.3000000005,-174564.6517921019,0.105719926510621,0.1052136130933015,-0.0005063134173194,343691393.99410385
USA,2025,White,0.5909235284491382,203095331.2365988,344775875.6153538,ET_BASE,SCENARIO,Aid_LOW__Conflict_internal_HIGH__Conflict_external_LOW,-1084481.6212500003,573324.6787500001,1657806.3000000005,-914176.8217931902,0.5917163075701772,0.5890647971645795,-0.0026515104055977,343691393.99410385
USA,2025,American Indian and Alaska native,0.01676097146903282,5776463.077391797,344775875.6153538,ET_BASE,SCENARIO,Aid_LOW__Conflict_internal_LOW,-138150.52499999997,414451.575,552602.1,-8687.817795474877,0.0167794538549485,0.0167542554045639,-2.519845038452564e-05,344637725.09035385
USA,2025,Asian,0.06723418834038182,23171437.717925582,344775875.6153538,ET_BASE,SCENARIO,Aid_LOW__Conflict_internal_LOW,-138150.52499999997,414451.575,552602.1,229702.30355135188,0.0665410112393391,0.0672072478289536,0.0006662365896145,344637725.09035385
USA,2025,Black or African,1.2720828258198741e-05,4384.0773121707025,344775875.6153538,ET_BASE,SCENARIO,Aid_LOW__Conflict_internal_LOW,-138150.52499999997,414451.575,552602.1,4384.077312170699,0.0,1.2715731065423372e-05,1.2715731065423372e-05,344637725.09035385
USA,2025,Black or African American,0.12294940311248793,42373002.58990471,344775875.6153538,ET_BASE,SCENARIO,Aid_LOW__Conflict_internal_LOW,-138150.52499999997,414451.575,552602.1,-48889.264006879006,0.1230419378333744,0.1229001377033054,-0.0001418001300689,344637725.09035385
USA,2025,Native Hawaiian and other Pacific Islander,0.008066540017540551,2780034.0009954786,344775875.6153538,ET_BASE,SCENARIO,Aid_LOW__Conflict_internal_LOW,-138150.52499999997,414451.575,552602.1,-3584.7309091163725,0.0080737050611109,0.008063307782291,-1.039727881980828e-05,344637725.09035385
USA,2025,Other,5.097210841264012e-06,1756.6911486391177,344775875.6153538,ET_BASE,SCENARIO,Aid_LOW__Conflict_internal_LOW,-138150.52499999997,414451.575,552602.1,1756.6911486391164,0.0,5.095168406153084e-06,5.095168406153084e-06,344637725.09035385
USA,2025,Some other race,0.08823203528230353,30408087.919784926,344775875.6153538,ET_BASE,SCENARIO,Aid_LOW__Conflict_internal_LOW,-138150.52499999997,414451.575,552602.1,23797.490891005746,0.0881276579304286,0.0881966810047621,6.902307433352792e-05,344637725.09035385
USA,2025,Two or more races,0.1055942558685016,36391764.12512914,344775875.6153538,ET_BASE,SCENARIO,Aid_LOW__Conflict_internal_LOW,-138150.52499999997,414451.575,552602.1,-57916.107561077966,0.105719926510621,0.1055519446080075,-0.0001679819026134,344637725.09035385
USA,2025,White,0.5911447878706523,203730794.8907614,344775875.6153538,ET_BASE,SCENARIO,Aid_LOW__Conflict_internal_LOW,-138150.52499999997,414451.575,552602.1,-278713.16763061914,0.5917163075701772,0.5909079181573937,-0.0008083894127835,344637725.09035385
USA,2025,American Indian and Alaska native,0.016613791985632544,5781168.653706853,344775875.6153538,ET_BASE,SCENARIO,Aid_LOW__Conflict_internal_LOW__Conflict_external_HIGH,3198184.653749999,3750786.753749999,552602.1,-3982.2414804116615,0.0167794538549485,0.0167679036225741,-1.155023237430456e-05,347974060.2691038
USA,2025,Asian,0.07275411677939086,25316545.417017173,344775875.6153538,ET_BASE,SCENARIO,Aid_LOW__Conflict_internal_LOW__Conflict_external_HIGH,3198184.653749999,3750786.753749999,552602.1,2374810.002642942,0.0665410112393391,0.0734289931737026,0.0068879819343635,347974060.2691038
USA,2025,Black or African,0.00011401970492982612,39675.89967511675,344775875.6153538,ET_BASE,SCENARIO,Aid_LOW__Conflict_internal_LOW__Conflict_external_HIGH,3198184.653749999,3750786.753749999,552602.1,39675.899675144814,0.0,0.000115077366142,0.000115077366142,347974060.2691038
USA,2025,Black or African American,0.12221252788009995,42526789.542189434,344775875.6153538,ET_BASE,SCENARIO,Aid_LOW__Conflict_internal_LOW__Conflict_external_HIGH,3198184.653749999,3750786.753749999,552602.1,104897.68827782189,0.1230419378333744,0.123346186754766,0.0003042489213916,347974060.2691038
USA,2025,Native Hawaiian and other Pacific Islander,0.0080094831301871,2787092.3654680965,344775875.6153538,ET_BASE,SCENARIO,Aid_LOW__Conflict_internal_LOW__Conflict_external_HIGH,3198184.653749999,3750786.753749999,552602.1,3473.633563478452,0.0080737050611109,0.0080837801093064,1.0075048195523343e-05,347974060.2691038
USA,2025,Other,4.568747131004345e-05,15898.05489518401,344775875.6153538,ET_BASE,SCENARIO,Aid_LOW__Conflict_internal_LOW__Conflict_external_HIGH,3198184.653749999,3750786.753749999,552602.1,15898.054895184,0.0,4.61112740756854e-05,4.61112740756854e-05,347974060.2691038
USA,2025,Some other race,0.08906321610483202,30991688.928623036,344775875.6153538,ET_BASE,SCENARIO,Aid_LOW__Conflict_internal_LOW__Conflict_external_HIGH,3198184.653749999,3750786.753749999,552602.1,607398.4997291156,0.0881276579304286,0.0898893777684104,0.0017617198379818,347974060.2691038
USA,2025,Two or more races,0.1045935116858968,36395828.93914547,344775875.6153538,ET_BASE,SCENARIO,Aid_LOW__Conflict_internal_LOW__Conflict_external_HIGH,3198184.653749999,3750786.753749999,552602.1,-53851.29354475612,0.105719926510621,0.105563734336651,-0.0001561921739699,347974060.2691038
USA,2025,White,0.586593645257721,204119372.4683835,344775875.6153538,ET_BASE,SCENARIO,Aid_LOW__Conflict_internal_LOW__Conflict_external_HIGH,3198184.653749999,3750786.753749999,552602.1,109864.40999148006,0.5917163075701772,0.5920349621448205,0.0003186545746432,347974060.2691038
USA,2025,American Indian and Alaska native,0.016711596037267226,5778031.602830146,344775875.6153538,ET_BASE,SCENARIO,Aid_LOW__Conflict_internal_LOW__Conflict_external_LOW,973961.20125,1526563.30125,552602.1,-7119.292357120472,0.0167794538549485,0.0167588048105673,-2.064904438111861e-05,345749836.81660384
USA,2025,Asian,0.06908600113177465,23886473.617622796,344775875.6153538,ET_BASE,SCENARIO,Aid_LOW__Conflict_internal_LOW__Conflict_external_LOW,973961.20125,1526563.30125,552602.1,944738.2032485488,0.0665410112393391,0.06928116294387,0.0027401517045309,345749836.81660384
USA,2025,Black or African,4.670434048069889e-05,16148.018099828747,344775875.6153538,ET_BASE,SCENARIO,Aid_LOW__Conflict_internal_LOW__Conflict_external_LOW,973961.20125,1526563.30125,552602.1,16148.01809982874,0.0,4.683627609097608e-05,4.683627609097608e-05,345749836.81660384
USA,2025,Black or African American,0.1227021979184218,42424264.907332964,344775875.6153538,ET_BASE,SCENARIO,Aid_LOW__Conflict_internal_LOW__Conflict_external_LOW,973961.20125,1526563.30125,552602.1,2373.0534213546343,0.1230419378333744,0.123048820720459,6.882887084600173e-06,345749836.81660384
USA,2025,Native Hawaiian and other Pacific Islander,0.008047398705292527,2782386.78915304,344775875.6153538,ET_BASE,SCENARIO,Aid_LOW__Conflict_internal_LOW__Conflict_external_LOW,973961.20125,1526563.30125,552602.1,-1231.9427515847638,0.0080737050611109,0.0080701318912962,-3.573169814697737e-06,345749836.81660384
USA,2025,Other,1.871433729001648e-05,6470.479064154082,344775875.6153538,ET_BASE,SCENARIO,Aid_LOW__Conflict_internal_LOW__Conflict_external_LOW,973961.20125,1526563.30125,552602.1,6470.479064154079,0.0,1.876720362933053e-05,1.876720362933053e-05,345749836.81660384
USA,2025,Some other race,0.08851087789704486,30602621.589397606,344775875.6153538,ET_BASE,SCENARIO,Aid_LOW__Conflict_internal_LOW__Conflict_external_LOW,973961.20125,1526563.30125,552602.1,218331.1605037091,0.0881276579304286,0.0887609132593115,0.0006332553288829,345749836.81660384
USA,2025,Two or more races,0.10525852853095807,36393119.063134596,344775875.6153538,ET_BASE,SCENARIO,Aid_LOW__Conflict_internal_LOW__Conflict_external_LOW,973961.20125,1526563.30125,552602.1,-56561.16955563735,0.105719926510621,0.1055558745175554,-0.0001640519930656,345749836.81660384
USA,2025,White,0.5896179811014701,203860320.7499687,344775875.6153538,ET_BASE,SCENARIO,Aid_LOW__Conflict_internal_LOW__Conflict_external_LOW,973961.20125,1526563.30125,552602.1,-149187.30842325272,0.5917163075701772,0.591283599486536,-0.0004327080836412,345749836.81660384
USA,2025,American Indian and Alaska native,0.016596898533051834,5790996.331603513,344775875.6153538,ET_BASE,SCENARIO,Conflict_external_HIGH,4144515.75,4144515.75,0.0,5845.436416227599,0.0167794538549485,0.0167964081630357,1.6954308087231163e-05,348920391.3653538
USA,2025,Asian,0.07338770134688144,25606465.475357577,344775875.6153538,ET_BASE,SCENARIO,Conflict_external_HIGH,4144515.75,4144515.75,0.0,2664730.0609833426,0.0665410112393391,0.0742698874439962,0.0077288762046571,348920391.3653538
USA,2025,Black or African,0.00012564692178104836,43840.7731216954,344775875.6153538,ET_BASE,SCENARIO,Conflict_external_HIGH,4144515.75,4144515.75,0.0,43840.77312170699,0.0,0.0001271573106542,0.0001271573106542,348920391.3653538
USA,2025,Black or African American,0.12212794838227384,42612931.54619072,344775875.6153538,ET_BASE,SCENARIO,Conflict_external_HIGH,4144515.75,4144515.75,0.0,191039.6922791316,0.1230419378333744,0.1235960360339464,0.000554098200572,348920391.3653538
USA,2025,Native Hawaiian and other Pacific Islander,0.008002934066427343,2792386.886528951,344775875.6153538,ET_BASE,SCENARIO,Conflict_external_HIGH,4144515.75,4144515.75,0.0,8768.154624341398,0.0080737050611109,0.0080991365232417,2.5431462130846744e-05,348920391.3653538
USA,2025,Other,5.034647421335974e-05,17566.911486391175,344775875.6153538,ET_BASE,SCENARIO,Conflict_external_HIGH,4144515.75,4144515.75,0.0,17566.911486391164,0.0,5.095168406153084e-05,5.095168406153084e-05,348920391.3653538
USA,2025,Some other race,0.08915862012098306,31109260.62620832,344775875.6153538,ET_BASE,SCENARIO,Conflict_external_HIGH,4144515.75,4144515.75,0.0,724970.1973144225,0.0881276579304286,0.0902303868293705,0.0021027288989419,348920391.3653538
USA,2025,Two or more races,0.10447864496667925,36454729.691095576,344775875.6153538,ET_BASE,SCENARIO,Conflict_external_HIGH,4144515.75,4144515.75,0.0,5049.458405368764,0.105719926510621,0.105734572136265,1.4645625644069565e-05,348920391.3653538
USA,2025,White,0.5860712591877089,204492213.1237611,344775875.6153538,ET_BASE,SCENARIO,Conflict_external_HIGH,4144515.75,4144515.75,0.0,482705.0653690675,0.5917163075701772,0.5931163622129435,0.0014000546427662,348920391.3653538
USA,2025,American Indian and Alaska native,0.01671811636523709,5787099.37399268,344775875.6153538,ET_BASE,SCENARIO,Conflict_external_LOW,1381505.25,1381505.25,0.0,1948.4788054092,0.0167794538549485,0.0167851052909775,5.651436029077055e-06,346157380.8653538
USA,2025,Asian,0.0688414579185431,23829978.768035352,344775875.6153538,ET_BASE,SCENARIO,Conflict_external_LOW,1381505.25,1381505.25,0.0,888243.3536611142,0.0665410112393391,0.0691173033075581,0.002576292068219,346157380.8653538
USA,2025,Black or African,4.221660969365062e-05,14613.591040569005,344775875.6153538,ET_BASE,SCENARIO,Conflict_external_LOW,1381505.25,1381505.25,0.0,14613.591040568996,0.0,4.2385770218077903e-05,4.2385770218077903e-05,346157380.8653538
USA,2025,Black or African American,0.12273484287733208,42485571.751338,344775875.6153538,ET_BASE,SCENARIO,Conflict_external_LOW,1381505.25,1381505.25,0.0,63679.89742637719,0.1230419378333744,0.1232266372335651,0.0001846994001906,346157380.8653538
USA,2025,Native Hawaiian and other Pacific Islander,0.008049926432730396,2786541.4501127345,344775875.6153538,ET_BASE,SCENARIO,Conflict_external_LOW,1381505.25,1381505.25,0.0,2922.7182081137994,0.0080737050611109,0.0080821822151545,8.477154043615581e-06,346157380.8653538
USA,2025,Other,1.6916112398042674e-05,5855.6371621303915,344775875.6153538,ET_BASE,SCENARIO,Conflict_external_LOW,1381505.25,1381505.25,0.0,5855.637162130388,0.0,1.6983894687176948e-05,1.6983894687176948e-05,346157380.8653538
USA,2025,Some other race,0.08847405502309581,30625947.16133205,344775875.6153538,ET_BASE,SCENARIO,Conflict_external_LOW,1381505.25,1381505.25,0.0,241656.7324381408,0.0881276579304286,0.0888285675634092,0.0007009096329806,346157380.8653538
USA,2025,Two or more races,0.10530286338071938,36451363.385492,344775875.6153538,ET_BASE,SCENARIO,Conflict_external_LOW,1381505.25,1381505.25,0.0,1683.152801789588,0.105719926510621,0.1057248083858356,4.881875214689855e-06,346157380.8653538
USA,2025,White,0.5898196052802506,204170409.74684834,344775875.6153538,ET_BASE,SCENARIO,Conflict_external_LOW,1381505.25,1381505.25,0.0,160901.68845635583,0.5917163075701772,0.5921829924510993,0.000466684880922,346157380.8653538
USA,2025,American Indian and Alaska native,0.016779453854948456,5757333.810875985,344775875.6153538,ET_BASE,SCENARIO,Conflict_internal_HIGH,-1657806.3000000005,0.0,1657806.3000000005,-27817.08431129292,0.0167794538549485,0.0166987722113687,-8.068164357974631e-05,343118069.3153538
USA,2025,Asian,0.06654101123933906,22831423.306733277,344775875.6153538,ET_BASE,SCENARIO,Conflict_internal_HIGH,-1657806.3000000005,0.0,1657806.3000000005,-110312.10764094722,0.0665410112393391,0.0662210581467856,-0.0003199530925534,343118069.3153538
USA,2025,Black or African,0.0,0.0,344775875.6153538,ET_BASE,SCENARIO,Conflict_internal_HIGH,-1657806.3000000005,0.0,1657806.3000000005,0.0,0.0,0.0,0.0,343118069.3153538
USA,2025,Black or African American,0.12304193783337442,42217912.154207215,344775875.6153538,ET_BASE,SCENARIO,Conflict_internal_HIGH,-1657806.3000000005,0.0,1657806.3000000005,-203979.6997043765,0.1230419378333744,0.122450307982996,-0.0005916298503783,343118069.3153538
USA,2025,Native Hawaiian and other Pacific Islander,0.008073705061110882,2770234.0927899666,344775875.6153538,ET_BASE,SCENARIO,Conflict_internal_HIGH,-1657806.3000000005,0.0,1657806.3000000005,-13384.63911465154,0.0080737050611109,0.0080348837860122,-3.882127509867887e-05,343118069.3153538
USA,2025,Other,0.0,0.0,344775875.6153538,ET_BASE,SCENARIO,Conflict_internal_HIGH,-1657806.3000000005,0.0,1657806.3000000005,0.0,0.0,0.0,0.0,343118069.3153538
USA,2025,Some other race,0.08812765793042865,30238191.842372607,344775875.6153538,ET_BASE,SCENARIO,Conflict_internal_HIGH,-1657806.3000000005,0.0,1657806.3000000005,-146098.58652130954,0.0881276579304286,0.0877039084837466,-0.000423749446682,343118069.3153538
USA,2025,Two or more races,0.10571992651062095,36274417.07248535,344775875.6153538,ET_BASE,SCENARIO,Conflict_internal_HIGH,-1657806.3000000005,0.0,1657806.3000000005,-175263.16020484458,0.105719926510621,0.1052115871150874,-0.0005083393955335,343118069.3153538
USA,2025,White,0.5917163075701776,203028557.0358894,344775875.6153538,ET_BASE,SCENARIO,Conflict_internal_HIGH,-1657806.3000000005,0.0,1657806.3000000005,-980951.022502578,0.5917163075701772,0.5888711229389968,-0.0028451846311804,343118069.3153538
USA,2025,American Indian and Alaska native,0.016760912007964947,5757918.3545176005,344775875.6153538,ET_BASE,SCENARIO,Conflict_internal_HIGH__Conflict_external_HIGH,-1243354.725,414451.5750000004,1657806.3000000005,-27232.54066967016,0.0167794538549485,0.0167004676421774,-7.898621277102319e-05,343532520.8903538
USA,2025,Asian,0.06723641841234537,23097896.312831607,344775875.6153538,ET_BASE,SCENARIO,Conflict_internal_HIGH__Conflict_external_HIGH,-1243354.725,414451.5750000004,1657806.3000000005,156160.8984573873,0.0665410112393391,0.0669939457672513,0.0004529345279122,343532520.8903538
USA,2025,Black or African,1.2761753387447073e-05,4384.077312170705,344775875.6153538,ET_BASE,SCENARIO,Conflict_internal_HIGH__Conflict_external_HIGH,-1243354.725,414451.5750000004,1657806.3000000005,4384.077312170703,0.0,1.2715731065423382e-05,1.2715731065423382e-05,343532520.8903538
USA,2025,Black or African American,0.12294910541210749,42237016.123435125,344775875.6153538,ET_BASE,SCENARIO,Conflict_internal_HIGH__Conflict_external_HIGH,-1243354.725,414451.5750000004,1657806.3000000005,-184875.73047646333,0.1230419378333744,0.1225057178030532,-0.0005362200303211,343532520.8903538
USA,2025,Native Hawaiian and other Pacific Islander,0.008066516966342379,2771110.9082524064,344775875.6153538,ET_BASE,SCENARIO,Conflict_internal_HIGH__Conflict_external_HIGH,-1243354.725,414451.5750000004,1657806.3000000005,-12507.8236522174,0.0080737050611109,0.0080374269322253,-3.6278128885594194e-05,343532520.8903538
USA,2025,Other,5.11360945998998e-06,1756.6911486391186,344775875.6153538,ET_BASE,SCENARIO,Conflict_internal_HIGH__Conflict_external_HIGH,-1243354.725,414451.5750000004,1657806.3000000005,1756.6911486391175,0.0,5.095168406153088e-06,5.095168406153088e-06,343532520.8903538
USA,2025,Some other race,0.08823237108249894,30310688.862104017,344775875.6153538,ET_BASE,SCENARIO,Conflict_internal_HIGH__Conflict_external_HIGH,-1243354.725,414451.5750000004,1657806.3000000005,-73601.56678986723,0.0881276579304286,0.0879141813736407,-0.0002134765567878,343532520.8903538
USA,2025,Two or more races,0.10559385156406746,36274922.018325925,344775875.6153538,ET_BASE,SCENARIO,Conflict_internal_HIGH__Conflict_external_HIGH,-1243354.725,414451.5750000004,1657806.3000000005,-174758.2143643077,0.105719926510621,0.1052130516776519,-0.0005068748329691,343532520.8903538
USA,2025,White,0.591142949191826,203076827.54242632,344775875.6153538,ET_BASE,SCENARIO,Conflict_internal_HIGH__Conflict_external_HIGH,-1243354.725,414451.5750000004,1657806.3000000005,-932680.515965671,0.5917163075701772,0.5890111284032734,-0.0027051791669038,343532520.8903538
USA,2025,American Indian and Alaska native,0.01677326826425552,5757528.658756523,344775875.6153538,ET_BASE,SCENARIO,Conflict_internal_HIGH__Conflict_external_LOW,-1519655.775,138150.5250000001,1657806.3000000005,-27622.236430752,0.0167794538549485,0.0166993373549716,-8.01164999768386e-05,343256219.84035385
USA,2025,Asian,0.06677300021762007,22920247.64209939,344775875.6153538,ET_BASE,SCENARIO,Conflict_internal_HIGH__Conflict_external_LOW,-1519655.775,138150.5250000001,1657806.3000000005,-21487.77227483572,0.0665410112393391,0.0664786873536075,-6.232388573151899e-05,343256219.84035385
USA,2025,Black or African,4.257341949219653e-06,1461.3591040569017,344775875.6153538,ET_BASE,SCENARIO,Conflict_internal_HIGH__Conflict_external_LOW,-1519655.775,138150.5250000001,1657806.3000000005,1461.3591040569006,0.0,4.238577021807793e-06,4.238577021807793e-06,343256219.84035385
USA,2025,Black or African American,0.12301096878474074,42224280.143949874,344775875.6153538,ET_BASE,SCENARIO,Conflict_internal_HIGH__Conflict_external_LOW,-1519655.775,138150.5250000001,1657806.3000000005,-197611.7099617388,0.1230419378333744,0.1224687779230151,-0.0005731599103592,343256219.84035385
USA,2025,Native Hawaiian and other Pacific Islander,0.008071307100856935,2770526.364610757,344775875.6153538,ET_BASE,SCENARIO,Conflict_internal_HIGH__Conflict_external_LOW,-1519655.775,138150.5250000001,1657806.3000000005,-13092.36729384016,0.0080737050611109,0.0080357315014165,-3.797355969431731e-05,343256219.84035385
USA,2025,Other,1.7059085381916206e-06,585.5637162130396,344775875.6153538,ET_BASE,SCENARIO,Conflict_internal_HIGH__Conflict_external_LOW,-1519655.775,138150.5250000001,1657806.3000000005,585.5637162130392,0.0,1.698389468717696e-06,1.698389468717696e-06,343256219.84035385
USA,2025,Some other race,0.08816259041042643,30262357.515616406,344775875.6153538,ET_BASE,SCENARIO,Conflict_internal_HIGH__Conflict_external_LOW,-1519655.775,138150.5250000001,1657806.3000000005,-121932.91327749543,0.0881276579304286,0.0877739994470446,-0.0003536584833839,343256219.84035385
USA,2025,Two or more races,0.10567786770079976,36274585.38776555,344775875.6153538,ET_BASE,SCENARIO,Conflict_internal_HIGH__Conflict_external_LOW,-1519655.775,138150.5250000001,1657806.3000000005,-175094.8449246656,0.105719926510621,0.1052120753026089,-0.000507851208012,343256219.84035385
USA,2025,White,0.5915250342708132,203044647.20473507,344775875.6153538,ET_BASE,SCENARIO,Conflict_internal_HIGH__Conflict_external_LOW,-1519655.775,138150.5250000001,1657806.3000000005,-964860.8536569424,0.5917163075701772,0.588917791427089,-0.0027985161430882,343256219.84035385
USA,2025,American Indian and Alaska native,0.01677945385494846,5775878.533750181,344775875.6153538,ET_BASE,SCENARIO,Conflict_internal_LOW,-552602.1,0.0,552602.1,-9272.361437097636,0.0167794538549485,0.0167525599737552,-2.689388119324876e-05,344223273.5153538
USA,2025,Asian,0.06654101123933909,22904964.71182725,344775875.6153538,ET_BASE,SCENARIO,Conflict_internal_LOW,-552602.1,0.0,552602.1,-36770.70254698239,0.0665410112393391,0.0664343602084879,-0.0001066510308511,344223273.5153538
USA,2025,Black or African,0.0,0.0,344775875.6153538,ET_BASE,SCENARIO,Conflict_internal_LOW,-552602.1,0.0,552602.1,0.0,0.0,0.0,0.0,344223273.5153538
USA,2025,Black or African American,0.12304193783337437,42353898.620676786,344775875.6153538,ET_BASE,SCENARIO,Conflict_internal_LOW,-552602.1,0.0,552602.1,-67993.23323479216,0.1230419378333744,0.1228447278832482,-0.0001972099501261,344223273.5153538
USA,2025,Native Hawaiian and other Pacific Islander,0.008073705061110898,2779157.185533073,344775875.6153538,ET_BASE,SCENARIO,Conflict_internal_LOW,-552602.1,0.0,552602.1,-4461.546371550512,0.0080737050611109,0.008060764636078,-1.2940425032892957e-05,344223273.5153538
USA,2025,Other,0.0,0.0,344775875.6153538,ET_BASE,SCENARIO,Conflict_internal_LOW,-552602.1,0.0,552602.1,0.0,0.0,0.0,0.0,344223273.5153538
USA,2025,Some other race,0.08812765793042861,30335590.900053464,344775875.6153538,ET_BASE,SCENARIO,Conflict_internal_LOW,-552602.1,0.0,552602.1,-48699.5288404365,0.0881276579304286,0.0879864081148679,-0.0001412498155606,344223273.5153538
USA,2025,Two or more races,0.10571992651062098,36391259.17928859,344775875.6153538,ET_BASE,SCENARIO,Conflict_internal_LOW,-552602.1,0.0,552602.1,-58421.053401614845,0.105719926510621,0.1055504800454431,-0.0001694464651778,344223273.5153538
USA,2025,White,0.5917163075701776,203682524.38422444,344775875.6153538,ET_BASE,SCENARIO,Conflict_internal_LOW,-552602.1,0.0,552602.1,-326983.6741675259,0.5917163075701772,0.5907679126931171,-0.0009483948770601,344223273.5153538
USA,2025,American Indian and Alaska native,0.016651003974684535,5779970.339241553,344775875.6153538,ET_BASE,SCENARIO,Conflict_internal_LOW__Conflict_external_HIGH,2348558.925,2901161.0249999994,552602.1,-5180.555945738319,0.0167794538549485,0.0167644279894163,-1.5025865532186946e-05,347124434.54035383
USA,2025,Asian,0.0713584907594167,24770275.75451559,344775875.6153538,ET_BASE,SCENARIO,Conflict_internal_LOW__Conflict_external_HIGH,2348558.925,2901161.0249999994,552602.1,1828540.3401413567,0.0665410112393391,0.0718445735517479,0.0053035623124088,347124434.54035383
USA,2025,Black or African,8.840789679882735e-05,30688.5411851949,344775875.6153538,ET_BASE,SCENARIO,Conflict_internal_LOW__Conflict_external_HIGH,2348558.925,2901161.0249999994,552602.1,30688.541185194885,0.0,8.901011745796358e-05,8.901011745796358e-05,347124434.54035383
USA,2025,Black or African American,0.12239883505041169,42487626.4052722,344775875.6153538,ET_BASE,SCENARIO,Conflict_internal_LOW__Conflict_external_HIGH,2348558.925,2901161.0249999994,552602.1,65734.5513605999,0.1230419378333744,0.1232325966236487,0.0001906587902743,347124434.54035383
USA,2025,Native Hawaiian and other Pacific Islander,0.008023909055720244,2785294.893770114,344775875.6153538,ET_BASE,SCENARIO,Conflict_internal_LOW__Conflict_external_HIGH,2348558.925,2901161.0249999994,552602.1,1676.161865488465,0.0080737050611109,0.0080785666595696,4.861598458699762e-06,347124434.54035383
USA,2025,Other,3.54248702104671e-05,12296.838040473816,344775875.6153538,ET_BASE,SCENARIO,Conflict_internal_LOW__Conflict_external_HIGH,2348558.925,2901161.0249999994,552602.1,12296.83804047381,0.0,3.566617884307158e-05,3.566617884307158e-05,347124434.54035383
USA,2025,Some other race,0.0888530652675445,30843070.038173538,344775875.6153538,ET_BASE,SCENARIO,Conflict_internal_LOW__Conflict_external_HIGH,2348558.925,2901161.0249999994,552602.1,458779.6092796591,0.0881276579304286,0.0894583183441272,0.0013306604136987,347124434.54035383
USA,2025,Two or more races,0.1048465339190676,36394793.80017237,344775875.6153538,ET_BASE,SCENARIO,Conflict_internal_LOW__Conflict_external_HIGH,2348558.925,2901161.0249999994,552602.1,-54886.43251785671,0.105719926510621,0.105560731983394,-0.0001591945272269,347124434.54035383
USA,2025,White,0.5877443292061454,204020417.92998278,344775875.6153538,ET_BASE,SCENARIO,Conflict_internal_LOW__Conflict_external_HIGH,2348558.925,2901161.0249999994,552602.1,10909.871590821249,0.5917163075701772,0.5917479509430534,3.1643372876218144e-05,347124434.54035383
USA,2025,American Indian and Alaska native,0.016736397325896525,5777242.4689139845,344775875.6153538,ET_BASE,SCENARIO,Conflict_internal_LOW__Conflict_external_LOW,414451.575,967053.675,552602.1,-7908.426273311198,0.0167794538549485,0.0167565159789756,-2.293787597289482e-05,345190327.1903538
USA,2025,Asian,0.0681558352196129,23526735.059390016,344775875.6153538,ET_BASE,SCENARIO,Conflict_internal_LOW__Conflict_external_LOW,414451.575,967053.675,552602.1,584999.6450157975,0.0665410112393391,0.0682377646562412,0.0016967534169021,345190327.1903538
USA,2025,Black or African,2.963441592254489e-05,10229.513728398302,344775875.6153538,ET_BASE,SCENARIO,Conflict_internal_LOW__Conflict_external_LOW,414451.575,967053.675,552602.1,10229.513728398297,0.0,2.9670039152654533e-05,2.9670039152654533e-05,345190327.1903538
USA,2025,Black or African American,0.12282636913372949,42398474.54887526,344775875.6153538,ET_BASE,SCENARIO,Conflict_internal_LOW__Conflict_external_LOW,414451.575,967053.675,552602.1,-23417.30503632813,0.1230419378333744,0.1229740174633817,-6.792036999263092e-05,345190327.1903538
USA,2025,Native Hawaiian and other Pacific Islander,0.00805701339002196,2781203.088278742,344775875.6153538,ET_BASE,SCENARIO,Conflict_internal_LOW__Conflict_external_LOW,414451.575,967053.675,552602.1,-2415.6436258708527,0.0080737050611109,0.0080666986439085,-7.006417202362048e-06,345190327.1903538
USA,2025,Other,1.1874452122845624e-05,4098.946013491272,344775875.6153538,ET_BASE,SCENARIO,Conflict_internal_LOW__Conflict_external_LOW,414451.575,967053.675,552602.1,4098.946013491271,0.0,1.188872628102386e-05,1.188872628102386e-05,345190327.1903538
USA,2025,Some other race,0.0883708151994028,30504750.612760145,344775875.6153538,ET_BASE,SCENARIO,Conflict_internal_LOW__Conflict_external_LOW,414451.575,967053.675,552602.1,120460.18386626209,0.0881276579304286,0.0884770448579543,0.0003493869275257,345190327.1903538
USA,2025,Two or more races,0.10542716443552426,36392437.386249855,344775875.6153538,ET_BASE,SCENARIO,Conflict_internal_LOW__Conflict_external_LOW,414451.575,967053.675,552602.1,-57242.84644036213,0.105719926510621,0.1055538973580934,-0.0001660291525275,345190327.1903538
USA,2025,White,0.5903848964277666,203795155.5661439,344775875.6153538,ET_BASE,SCENARIO,Conflict_internal_LOW__Conflict_external_LOW,414451.575,967053.675,552602.1,-214352.49224807683,0.5917163075701772,0.5910945921097626,-0.0006217154604146,345190327.1903538
USA,2030,American Indian and Alaska native,0.050625589741106515,18114832.42254105,357819682.006239,ET_BASE,FORECAST,,,,,,,,,
USA,2030,Asian,0.07954135354107982,28461461.83041501,357819682.006239,ET_BASE,FORECAST,,,,,,,,,
USA,2030,Black or African American,0.11257829623303603,40282730.15890913,357819682.006239,ET_BASE,FORECAST,,,,,,,,,
USA,2030,Native Hawaiian and other Pacific Islander,0.04572240787301131,16360377.445680466,357819682.006239,ET_BASE,FORECAST,,,,,,,,,
USA,2030,Some other race,0.09100031194118062,32561702.681261804,357819682.006239,ET_BASE,FORECAST,,,,,,,,,
USA,2030,Two or more races,0.10143707183391652,36296180.78725603,357819682.006239,ET_BASE,FORECAST,,,,,,,,,
USA,2030,White,0.5190949688366692,185742396.6801755,357819682.006239,ET_BASE,FORECAST,,,,,,,,,
USA,2035,American Indian and Alaska native,0.07937632676858132,29476952.275274754,371356970.9670957,ET_BASE,FORECAST,,,,,,,,,
USA,2035,Asian,0.09011704103634931,33465591.39177614,371356970.9670957,ET_BASE,FORECAST,,,,,,,,,
USA,2035,Black or African American,0.10974486022447323,40754518.87216768,371356970.9670957,ET_BASE,FORECAST,,,,,,,,,
USA,2035,Native Hawaiian and other Pacific Islander,0.07787592508888191,28919767.65226764,371356970.9670957,ET_BASE,FORECAST,,,,,,,,,
USA,2035,Some other race,0.09416569563538643,34969087.500166565,371356970.9670957,ET_BASE,FORECAST,,,,,,,,,
USA,2035,Two or more races,0.10140807564612662,37658595.80354769,371356970.9670957,ET_BASE,FORECAST,,,,,,,,,
USA,2035,White,0.4473120756002012,166112457.47189522,371356970.9670957,ET_BASE,FORECAST,,,,,,,,,
