iso3_orig,iso3_dest,year,migrant_stock,migrant_stock_pred,migrant_stock_shock,delta_in_od,delta_out_od,delta_stock_od,model_name,view_type,scenario_name
AFG,IDN,2000,78.0,,,,,,HIST,HIST,
AFG,IDN,2005,36.0,,,,,,HIST,HIST,
AFG,IDN,2010,1548.0,,,,,,HIST,HIST,
AFG,IDN,2015,6263.0,,,,,,HIST,HIST,
AFG,IDN,2020,7646.0,,,,,,HIST,HIST,
AFG,IDN,2024,5979.0,,,,,,HIST,HIST,
AFG,IDN,2025,,7490.869455674805,,,,,XGB_OD,FORECAST,
AFG,IDN,2025,,7490.869455674805,7973.760944076806,482.8914884020001,0.0,482.8914884020001,XGB_OD,SCENARIO,Aid_HIGH
AFG,IDN,2025,,7490.869455674805,10767.633126974091,3276.763671299287,0.0,3276.763671299287,XGB_OD,SCENARIO,Aid_HIGH__Conflict_external_HIGH
AFG,IDN,2025,,7490.869455674805,8905.051671709234,1414.1822160344288,0.0,1414.1822160344288,XGB_OD,SCENARIO,Aid_HIGH__Conflict_external_LOW
AFG,IDN,2025,,7490.869455674805,7973.760944076806,482.8914884020001,0.0,482.8914884020001,XGB_OD,SCENARIO,Aid_HIGH__Conflict_internal_HIGH
AFG,IDN,2025,,7490.869455674805,8253.148162366535,762.2787066917291,0.0,762.2787066917291,XGB_OD,SCENARIO,Aid_HIGH__Conflict_internal_HIGH__Conflict_external_HIGH
AFG,IDN,2025,,7490.869455674805,8066.890016840048,576.0205611652431,0.0,576.0205611652431,XGB_OD,SCENARIO,Aid_HIGH__Conflict_internal_HIGH__Conflict_external_LOW
AFG,IDN,2025,,7490.869455674805,7973.760944076806,482.8914884020001,0.0,482.8914884020001,XGB_OD,SCENARIO,Aid_HIGH__Conflict_internal_LOW
AFG,IDN,2025,,7490.869455674805,9929.471472104906,2438.6020164301003,0.0,2438.6020164301003,XGB_OD,SCENARIO,Aid_HIGH__Conflict_internal_LOW__Conflict_external_HIGH
AFG,IDN,2025,,7490.869455674805,8625.664453419506,1134.7949977447004,0.0,1134.7949977447004,XGB_OD,SCENARIO,Aid_HIGH__Conflict_internal_LOW__Conflict_external_LOW
AFG,IDN,2025,,7490.869455674805,7697.822950704233,206.9534950294286,0.0,206.9534950294286,XGB_OD,SCENARIO,Aid_LOW
AFG,IDN,2025,,7490.869455674805,10077.788143542664,2586.918687867858,0.0,2586.918687867858,XGB_OD,SCENARIO,Aid_LOW__Conflict_external_HIGH
AFG,IDN,2025,,7490.869455674805,8491.144681650376,1000.2752259755716,0.0,1000.2752259755716,XGB_OD,SCENARIO,Aid_LOW__Conflict_external_LOW
AFG,IDN,2025,,7490.869455674805,7697.822950704233,206.9534950294286,0.0,206.9534950294286,XGB_OD,SCENARIO,Aid_LOW__Conflict_internal_HIGH
AFG,IDN,2025,,7490.869455674805,7935.819469988077,444.9500143132717,0.0,444.9500143132717,XGB_OD,SCENARIO,Aid_LOW__Conflict_internal_HIGH__Conflict_external_HIGH
AFG,IDN,2025,,7490.869455674805,7777.155123798848,286.285668124043,0.0,286.285668124043,XGB_OD,SCENARIO,Aid_LOW__Conflict_internal_HIGH__Conflict_external_LOW
AFG,IDN,2025,,7490.869455674805,7697.822950704233,206.9534950294286,0.0,206.9534950294286,XGB_OD,SCENARIO,Aid_LOW__Conflict_internal_LOW
AFG,IDN,2025,,7490.869455674805,9363.798585691133,1872.9291300163288,0.0,1872.9291300163288,XGB_OD,SCENARIO,Aid_LOW__Conflict_internal_LOW__Conflict_external_HIGH
AFG,IDN,2025,,7490.869455674805,8253.148162366533,762.2787066917288,0.0,762.2787066917288,XGB_OD,SCENARIO,Aid_LOW__Conflict_internal_LOW__Conflict_external_LOW
AFG,IDN,2025,,7490.869455674805,9560.404405969091,2069.5349502942863,0.0,2069.5349502942863,XGB_OD,SCENARIO,Conflict_external_HIGH
AFG,IDN,2025,,7490.869455674805,8180.714439106234,689.8449834314288,0.0,689.8449834314288,XGB_OD,SCENARIO,Conflict_external_LOW
AFG,IDN,2025,,7490.869455674805,7490.869455674805,0.0,0.0,0.0,XGB_OD,SCENARIO,Conflict_internal_HIGH
AFG,IDN,2025,,7490.869455674805,7697.822950704234,206.9534950294288,0.0,206.9534950294288,XGB_OD,SCENARIO,Conflict_internal_HIGH__Conflict_external_HIGH
AFG,IDN,2025,,7490.869455674805,7559.853954017948,68.98449834314295,0.0,68.98449834314295,XGB_OD,SCENARIO,Conflict_internal_HIGH__Conflict_external_LOW
AFG,IDN,2025,,7490.869455674805,7490.869455674805,0.0,0.0,0.0,XGB_OD,SCENARIO,Conflict_internal_LOW
AFG,IDN,2025,,7490.869455674805,8939.543920880806,1448.6744652060004,0.0,1448.6744652060004,XGB_OD,SCENARIO,Conflict_internal_LOW__Conflict_external_HIGH
AFG,IDN,2025,,7490.869455674805,7973.760944076806,482.8914884020001,0.0,482.8914884020001,XGB_OD,SCENARIO,Conflict_internal_LOW__Conflict_external_LOW
AFG,IDN,2030,,8744.502952828483,,,,,XGB_OD,FORECAST,
AFG,IDN,2035,,9414.954243526525,,,,,XGB_OD,FORECAST,
AUS,IDN,2000,15250.0,,,,,,HIST,HIST,
AUS,IDN,2005,9320.0,,,,,,HIST,HIST,
AUS,IDN,2010,8336.0,,,,,,HIST,HIST,
AUS,IDN,2015,5126.0,,,,,,HIST,HIST,
AUS,IDN,2020,2932.0,,,,,,HIST,HIST,
AUS,IDN,2024,3880.0,,,,,,HIST,HIST,
AUS,IDN,2025,,4918.993031819378,,,,,XGB_OD,FORECAST,
AUS,IDN,2025,,4918.993031819378,5232.359644129087,313.36661230970844,0.0,313.36661230970844,XGB_OD,SCENARIO,Aid_HIGH
AUS,IDN,2025,,4918.993031819378,7045.409329635258,2126.4162978158797,0.0,2126.4162978158797,XGB_OD,SCENARIO,Aid_HIGH__Conflict_external_HIGH
AUS,IDN,2025,,4918.993031819378,5836.70953929781,917.7165074784318,0.0,917.7165074784318,XGB_OD,SCENARIO,Aid_HIGH__Conflict_external_LOW
AUS,IDN,2025,,4918.993031819378,5232.359644129087,313.36661230970844,0.0,313.36661230970844,XGB_OD,SCENARIO,Aid_HIGH__Conflict_internal_HIGH
AUS,IDN,2025,,4918.993031819378,5413.664612679704,494.67158086032566,0.0,494.67158086032566,XGB_OD,SCENARIO,Aid_HIGH__Conflict_internal_HIGH__Conflict_external_HIGH
AUS,IDN,2025,,4918.993031819378,5292.794633645959,373.8016018265809,0.0,373.8016018265809,XGB_OD,SCENARIO,Aid_HIGH__Conflict_internal_HIGH__Conflict_external_LOW
AUS,IDN,2025,,4918.993031819378,5232.359644129087,313.36661230970844,0.0,313.36661230970844,XGB_OD,SCENARIO,Aid_HIGH__Conflict_internal_LOW
AUS,IDN,2025,,4918.993031819378,6501.494423983406,1582.5013921640275,0.0,1582.5013921640275,XGB_OD,SCENARIO,Aid_HIGH__Conflict_internal_LOW__Conflict_external_HIGH
AUS,IDN,2025,,4918.993031819378,5655.404570747193,736.4115389278148,0.0,736.4115389278148,XGB_OD,SCENARIO,Aid_HIGH__Conflict_internal_LOW__Conflict_external_LOW
AUS,IDN,2025,,4918.993031819378,5053.293008523539,134.29997670416077,0.0,134.29997670416077,XGB_OD,SCENARIO,Aid_LOW
AUS,IDN,2025,,4918.993031819378,6597.742740621388,1678.7497088020095,0.0,1678.7497088020095,XGB_OD,SCENARIO,Aid_LOW__Conflict_external_HIGH
AUS,IDN,2025,,4918.993031819378,5568.109585889489,649.1165540701103,0.0,649.1165540701103,XGB_OD,SCENARIO,Aid_LOW__Conflict_external_LOW
AUS,IDN,2025,,4918.993031819378,5053.293008523539,134.29997670416077,0.0,134.29997670416077,XGB_OD,SCENARIO,Aid_LOW__Conflict_internal_HIGH
AUS,IDN,2025,,4918.993031819378,5207.737981733324,288.74494991394573,0.0,288.74494991394573,XGB_OD,SCENARIO,Aid_LOW__Conflict_internal_HIGH__Conflict_external_HIGH
AUS,IDN,2025,,4918.993031819378,5104.774666260134,185.78163444075577,0.0,185.78163444075577,XGB_OD,SCENARIO,Aid_LOW__Conflict_internal_HIGH__Conflict_external_LOW
AUS,IDN,2025,,4918.993031819378,5053.293008523539,134.29997670416077,0.0,134.29997670416077,XGB_OD,SCENARIO,Aid_LOW__Conflict_internal_LOW
AUS,IDN,2025,,4918.993031819378,6134.407820992033,1215.4147891726543,0.0,1215.4147891726543,XGB_OD,SCENARIO,Aid_LOW__Conflict_internal_LOW__Conflict_external_HIGH
AUS,IDN,2025,,4918.993031819378,5413.664612679704,494.6715808603255,0.0,494.6715808603255,XGB_OD,SCENARIO,Aid_LOW__Conflict_internal_LOW__Conflict_external_LOW
AUS,IDN,2025,,4918.993031819378,6261.992798860986,1342.9997670416076,0.0,1342.9997670416076,XGB_OD,SCENARIO,Conflict_external_HIGH
AUS,IDN,2025,,4918.993031819378,5366.659620833248,447.6665890138692,0.0,447.6665890138692,XGB_OD,SCENARIO,Conflict_external_LOW
AUS,IDN,2025,,4918.993031819378,4918.993031819378,0.0,0.0,0.0,XGB_OD,SCENARIO,Conflict_internal_HIGH
AUS,IDN,2025,,4918.993031819378,5053.293008523539,134.29997670416088,0.0,134.29997670416088,XGB_OD,SCENARIO,Conflict_internal_HIGH__Conflict_external_HIGH
AUS,IDN,2025,,4918.993031819378,4963.759690720765,44.76665890138697,0.0,44.76665890138697,XGB_OD,SCENARIO,Conflict_internal_HIGH__Conflict_external_LOW
AUS,IDN,2025,,4918.993031819378,4918.993031819378,0.0,0.0,0.0,XGB_OD,SCENARIO,Conflict_internal_LOW
AUS,IDN,2025,,4918.993031819378,5859.092868748504,940.0998369291252,0.0,940.0998369291252,XGB_OD,SCENARIO,Conflict_internal_LOW__Conflict_external_HIGH
AUS,IDN,2025,,4918.993031819378,5232.359644129087,313.36661230970844,0.0,313.36661230970844,XGB_OD,SCENARIO,Conflict_internal_LOW__Conflict_external_LOW
AUS,IDN,2030,,5002.40402131971,,,,,XGB_OD,FORECAST,
AUS,IDN,2035,,4958.654585422965,,,,,XGB_OD,FORECAST,
CHN,IDN,2000,14.0,,,,,,HIST,HIST,
CHN,IDN,2005,10.0,,,,,,HIST,HIST,
CHN,IDN,2010,24.0,,,,,,HIST,HIST,
CHN,IDN,2015,15036.0,,,,,,HIST,HIST,
CHN,IDN,2020,47633.0,,,,,,HIST,HIST,
CHN,IDN,2024,82568.0,,,,,,HIST,HIST,
CHN,IDN,2025,,86453.41093900491,,,,,XGB_OD,FORECAST,
CHN,IDN,2025,,86453.41093900491,93121.98167230086,6668.570733295939,0.0,6668.570733295939,XGB_OD,SCENARIO,Aid_HIGH
CHN,IDN,2025,,86453.41093900491,131704.42662922735,45251.01569022245,0.0,45251.01569022245,XGB_OD,SCENARIO,Aid_HIGH__Conflict_external_HIGH
CHN,IDN,2025,,86453.41093900491,105982.79665794302,19529.385718938105,0.0,19529.385718938105,XGB_OD,SCENARIO,Aid_HIGH__Conflict_external_LOW
CHN,IDN,2025,,86453.41093900491,93121.98167230086,6668.570733295939,0.0,6668.570733295939,XGB_OD,SCENARIO,Aid_HIGH__Conflict_internal_HIGH
CHN,IDN,2025,,86453.41093900491,96980.2261679935,10526.815228988591,0.0,10526.815228988591,XGB_OD,SCENARIO,Aid_HIGH__Conflict_internal_HIGH__Conflict_external_HIGH
CHN,IDN,2025,,86453.41093900491,94408.06317086508,7954.652231860157,0.0,7954.652231860157,XGB_OD,SCENARIO,Aid_HIGH__Conflict_internal_HIGH__Conflict_external_LOW
CHN,IDN,2025,,86453.41093900491,93121.98167230086,6668.570733295939,0.0,6668.570733295939,XGB_OD,SCENARIO,Aid_HIGH__Conflict_internal_LOW
CHN,IDN,2025,,86453.41093900491,120129.6931421494,33676.28220314449,0.0,33676.28220314449,XGB_OD,SCENARIO,Aid_HIGH__Conflict_internal_LOW__Conflict_external_HIGH
CHN,IDN,2025,,86453.41093900491,102124.55216225036,15671.141223245457,0.0,15671.141223245457,XGB_OD,SCENARIO,Aid_HIGH__Conflict_internal_LOW__Conflict_external_LOW
CHN,IDN,2025,,86453.41093900491,89311.36982470317,2857.95888569826,0.0,2857.95888569826,XGB_OD,SCENARIO,Aid_LOW
CHN,IDN,2025,,86453.41093900491,122177.89701023317,35724.486071228246,0.0,35724.486071228246,XGB_OD,SCENARIO,Aid_LOW__Conflict_external_HIGH
CHN,IDN,2025,,86453.41093900491,100266.8788865465,13813.467947541589,0.0,13813.467947541589,XGB_OD,SCENARIO,Aid_LOW__Conflict_external_LOW
CHN,IDN,2025,,86453.41093900491,89311.36982470317,2857.95888569826,0.0,2857.95888569826,XGB_OD,SCENARIO,Aid_LOW__Conflict_internal_HIGH
CHN,IDN,2025,,86453.41093900491,92598.02254325616,6144.61160425126,0.0,6144.61160425126,XGB_OD,SCENARIO,Aid_LOW__Conflict_internal_HIGH__Conflict_external_HIGH
CHN,IDN,2025,,86453.41093900491,90406.9207308875,3953.509791882593,0.0,3953.509791882593,XGB_OD,SCENARIO,Aid_LOW__Conflict_internal_HIGH__Conflict_external_LOW
CHN,IDN,2025,,86453.41093900491,89311.36982470317,2857.95888569826,0.0,2857.95888569826,XGB_OD,SCENARIO,Aid_LOW__Conflict_internal_LOW
CHN,IDN,2025,,86453.41093900491,112317.93885457415,25864.527915569244,0.0,25864.527915569244,XGB_OD,SCENARIO,Aid_LOW__Conflict_internal_LOW__Conflict_external_HIGH
CHN,IDN,2025,,86453.41093900491,96980.2261679935,10526.81522898859,0.0,10526.81522898859,XGB_OD,SCENARIO,Aid_LOW__Conflict_internal_LOW__Conflict_external_LOW
CHN,IDN,2025,,86453.41093900491,115032.9997959875,28579.588856982595,0.0,28579.588856982595,XGB_OD,SCENARIO,Conflict_external_HIGH
CHN,IDN,2025,,86453.41093900491,95979.94055799911,9526.529618994198,0.0,9526.529618994198,XGB_OD,SCENARIO,Conflict_external_LOW
CHN,IDN,2025,,86453.41093900491,86453.41093900491,0.0,0.0,0.0,XGB_OD,SCENARIO,Conflict_internal_HIGH
CHN,IDN,2025,,86453.41093900491,89311.36982470317,2857.958885698262,0.0,2857.958885698262,XGB_OD,SCENARIO,Conflict_internal_HIGH__Conflict_external_HIGH
CHN,IDN,2025,,86453.41093900491,87406.06390090434,952.6529618994208,0.0,952.6529618994208,XGB_OD,SCENARIO,Conflict_internal_HIGH__Conflict_external_LOW
CHN,IDN,2025,,86453.41093900491,86453.41093900491,0.0,0.0,0.0,XGB_OD,SCENARIO,Conflict_internal_LOW
CHN,IDN,2025,,86453.41093900491,106459.12313889273,20005.712199887817,0.0,20005.712199887817,XGB_OD,SCENARIO,Conflict_internal_LOW__Conflict_external_HIGH
CHN,IDN,2025,,86453.41093900491,93121.98167230086,6668.570733295939,0.0,6668.570733295939,XGB_OD,SCENARIO,Conflict_internal_LOW__Conflict_external_LOW
CHN,IDN,2030,,90106.71116712752,,,,,XGB_OD,FORECAST,
CHN,IDN,2035,,101823.38632131722,,,,,XGB_OD,FORECAST,
ERI,IDN,2000,0.0,,,,,,HIST,HIST,
ERI,IDN,2005,0.0,,,,,,HIST,HIST,
ERI,IDN,2010,0.0,,,,,,HIST,HIST,
ERI,IDN,2015,30.0,,,,,,HIST,HIST,
ERI,IDN,2020,264.0,,,,,,HIST,HIST,
ERI,IDN,2024,171.0,,,,,,HIST,HIST,
ERI,IDN,2025,,185.8535625317361,,,,,XGB_OD,FORECAST,
ERI,IDN,2025,,185.8535625317361,199.66430755878685,13.810745027050746,0.0,13.810745027050746,XGB_OD,SCENARIO,Aid_HIGH
ERI,IDN,2025,,185.8535625317361,279.5693323581519,93.7157698264158,0.0,93.7157698264158,XGB_OD,SCENARIO,Aid_HIGH__Conflict_external_HIGH
ERI,IDN,2025,,185.8535625317361,226.29931582524185,40.44575329350576,0.0,40.44575329350576,XGB_OD,SCENARIO,Aid_HIGH__Conflict_external_LOW
ERI,IDN,2025,,185.8535625317361,199.66430755878685,13.810745027050746,0.0,13.810745027050746,XGB_OD,SCENARIO,Aid_HIGH__Conflict_internal_HIGH
ERI,IDN,2025,,185.8535625317361,207.65481003872333,21.80124750698726,0.0,21.80124750698726,XGB_OD,SCENARIO,Aid_HIGH__Conflict_internal_HIGH__Conflict_external_HIGH
ERI,IDN,2025,,185.8535625317361,202.32780838543235,16.47424585369625,0.0,16.47424585369625,XGB_OD,SCENARIO,Aid_HIGH__Conflict_internal_HIGH__Conflict_external_LOW
ERI,IDN,2025,,185.8535625317361,199.66430755878685,13.810745027050746,0.0,13.810745027050746,XGB_OD,SCENARIO,Aid_HIGH__Conflict_internal_LOW
ERI,IDN,2025,,185.8535625317361,255.59782491834235,69.74426238660627,0.0,69.74426238660627,XGB_OD,SCENARIO,Aid_HIGH__Conflict_internal_LOW__Conflict_external_HIGH
ERI,IDN,2025,,185.8535625317361,218.3088133453053,32.45525081356926,0.0,32.45525081356926,XGB_OD,SCENARIO,Aid_HIGH__Conflict_internal_LOW__Conflict_external_LOW
ERI,IDN,2025,,185.8535625317361,191.77245325761496,5.918890725878891,0.0,5.918890725878891,XGB_OD,SCENARIO,Aid_LOW
ERI,IDN,2025,,185.8535625317361,259.83969660522223,73.98613407348614,0.0,73.98613407348614,XGB_OD,SCENARIO,Aid_LOW__Conflict_external_HIGH
ERI,IDN,2025,,185.8535625317361,214.46153437348408,28.60797184174797,0.0,28.60797184174797,XGB_OD,SCENARIO,Aid_LOW__Conflict_external_LOW
ERI,IDN,2025,,185.8535625317361,191.77245325761496,5.918890725878891,0.0,5.918890725878891,XGB_OD,SCENARIO,Aid_LOW__Conflict_internal_HIGH
ERI,IDN,2025,,185.8535625317361,198.5791775923757,12.725615060639624,0.0,12.725615060639624,XGB_OD,SCENARIO,Aid_LOW__Conflict_internal_HIGH__Conflict_external_HIGH
ERI,IDN,2025,,185.8535625317361,194.0413613692019,8.187798837465802,0.0,8.187798837465802,XGB_OD,SCENARIO,Aid_LOW__Conflict_internal_HIGH__Conflict_external_LOW
ERI,IDN,2025,,185.8535625317361,191.77245325761496,5.918890725878891,0.0,5.918890725878891,XGB_OD,SCENARIO,Aid_LOW__Conflict_internal_LOW
ERI,IDN,2025,,185.8535625317361,239.41952360094004,53.56596106920396,0.0,53.56596106920396,XGB_OD,SCENARIO,Aid_LOW__Conflict_internal_LOW__Conflict_external_HIGH
ERI,IDN,2025,,185.8535625317361,207.65481003872333,21.80124750698725,0.0,21.80124750698725,XGB_OD,SCENARIO,Aid_LOW__Conflict_internal_LOW__Conflict_external_LOW
ERI,IDN,2025,,185.8535625317361,245.042469790525,59.18890725878892,0.0,59.18890725878892,XGB_OD,SCENARIO,Conflict_external_HIGH
ERI,IDN,2025,,185.8535625317361,205.5831982846657,19.72963575292964,0.0,19.72963575292964,XGB_OD,SCENARIO,Conflict_external_LOW
ERI,IDN,2025,,185.8535625317361,185.8535625317361,0.0,0.0,0.0,XGB_OD,SCENARIO,Conflict_internal_HIGH
ERI,IDN,2025,,185.8535625317361,191.77245325761496,5.918890725878897,0.0,5.918890725878897,XGB_OD,SCENARIO,Conflict_internal_HIGH__Conflict_external_HIGH
ERI,IDN,2025,,185.8535625317361,187.82652610702905,1.9729635752929655,0.0,1.9729635752929655,XGB_OD,SCENARIO,Conflict_internal_HIGH__Conflict_external_LOW
ERI,IDN,2025,,185.8535625317361,185.8535625317361,0.0,0.0,0.0,XGB_OD,SCENARIO,Conflict_internal_LOW
ERI,IDN,2025,,185.8535625317361,227.28579761288836,41.43223508115224,0.0,41.43223508115224,XGB_OD,SCENARIO,Conflict_internal_LOW__Conflict_external_HIGH
ERI,IDN,2025,,185.8535625317361,199.66430755878685,13.810745027050746,0.0,13.810745027050746,XGB_OD,SCENARIO,Conflict_internal_LOW__Conflict_external_LOW
ERI,IDN,2030,,183.613171745536,,,,,XGB_OD,FORECAST,
ERI,IDN,2035,,184.57086532823865,,,,,XGB_OD,FORECAST,
ETH,IDN,2000,0.0,,,,,,HIST,HIST,
ETH,IDN,2005,0.0,,,,,,HIST,HIST,
ETH,IDN,2010,0.0,,,,,,HIST,HIST,
ETH,IDN,2015,206.0,,,,,,HIST,HIST,
ETH,IDN,2020,173.0,,,,,,HIST,HIST,
ETH,IDN,2024,119.0,,,,,,HIST,HIST,
ETH,IDN,2025,,236.5253722736903,,,,,XGB_OD,FORECAST,
ETH,IDN,2025,,236.5253722736903,246.136358579063,9.610986305372707,0.0,9.610986305372707,XGB_OD,SCENARIO,Aid_HIGH
ETH,IDN,2025,,236.5253722736903,301.74277934586223,65.21740707217197,0.0,65.21740707217197,XGB_OD,SCENARIO,Aid_HIGH__Conflict_external_HIGH
ETH,IDN,2025,,236.5253722736903,264.67183216799606,28.146459894305792,0.0,28.146459894305792,XGB_OD,SCENARIO,Aid_HIGH__Conflict_external_LOW
ETH,IDN,2025,,236.5253722736903,246.136358579063,9.610986305372707,0.0,9.610986305372707,XGB_OD,SCENARIO,Aid_HIGH__Conflict_internal_HIGH
ETH,IDN,2025,,236.5253722736903,251.69700065574293,15.17162838205264,0.0,15.17162838205264,XGB_OD,SCENARIO,Aid_HIGH__Conflict_internal_HIGH__Conflict_external_HIGH
ETH,IDN,2025,,236.5253722736903,247.9899059379563,11.46453366426602,0.0,11.46453366426602,XGB_OD,SCENARIO,Aid_HIGH__Conflict_internal_HIGH__Conflict_external_LOW
ETH,IDN,2025,,236.5253722736903,246.136358579063,9.610986305372707,0.0,9.610986305372707,XGB_OD,SCENARIO,Aid_HIGH__Conflict_internal_LOW
ETH,IDN,2025,,236.5253722736903,285.06085311582245,48.53548084213217,0.0,48.53548084213217,XGB_OD,SCENARIO,Aid_HIGH__Conflict_internal_LOW__Conflict_external_HIGH
ETH,IDN,2025,,236.5253722736903,259.1111900913162,22.585817817625863,0.0,22.585817817625863,XGB_OD,SCENARIO,Aid_HIGH__Conflict_internal_LOW__Conflict_external_LOW
ETH,IDN,2025,,236.5253722736903,240.64436640456432,4.118994130874018,0.0,4.118994130874018,XGB_OD,SCENARIO,Aid_LOW
ETH,IDN,2025,,236.5253722736903,288.0127989096155,51.48742663592523,0.0,51.48742663592523,XGB_OD,SCENARIO,Aid_LOW__Conflict_external_HIGH
ETH,IDN,2025,,236.5253722736903,256.43384390624806,19.908471632557752,0.0,19.908471632557752,XGB_OD,SCENARIO,Aid_LOW__Conflict_external_LOW
ETH,IDN,2025,,236.5253722736903,240.64436640456432,4.118994130874018,0.0,4.118994130874018,XGB_OD,SCENARIO,Aid_LOW__Conflict_internal_HIGH
ETH,IDN,2025,,236.5253722736903,245.38120965506943,8.855837381379143,0.0,8.855837381379143,XGB_OD,SCENARIO,Aid_LOW__Conflict_internal_HIGH__Conflict_external_HIGH
ETH,IDN,2025,,236.5253722736903,242.2233141547327,5.697941881042394,0.0,5.697941881042394,XGB_OD,SCENARIO,Aid_LOW__Conflict_internal_HIGH__Conflict_external_LOW
ETH,IDN,2025,,236.5253722736903,240.64436640456432,4.118994130874018,0.0,4.118994130874018,XGB_OD,SCENARIO,Aid_LOW__Conflict_internal_LOW
ETH,IDN,2025,,236.5253722736903,273.80226915810016,37.27689688440986,0.0,37.27689688440986,XGB_OD,SCENARIO,Aid_LOW__Conflict_internal_LOW__Conflict_external_HIGH
ETH,IDN,2025,,236.5253722736903,251.69700065574293,15.171628382052637,0.0,15.171628382052637,XGB_OD,SCENARIO,Aid_LOW__Conflict_internal_LOW__Conflict_external_LOW
ETH,IDN,2025,,236.5253722736903,277.7153135824305,41.18994130874018,0.0,41.18994130874018,XGB_OD,SCENARIO,Conflict_external_HIGH
ETH,IDN,2025,,236.5253722736903,250.25535270993703,13.729980436246729,0.0,13.729980436246729,XGB_OD,SCENARIO,Conflict_external_LOW
ETH,IDN,2025,,236.5253722736903,236.5253722736903,0.0,0.0,0.0,XGB_OD,SCENARIO,Conflict_internal_HIGH
ETH,IDN,2025,,236.5253722736903,240.64436640456432,4.118994130874022,0.0,4.118994130874022,XGB_OD,SCENARIO,Conflict_internal_HIGH__Conflict_external_HIGH
ETH,IDN,2025,,236.5253722736903,237.89837031731497,1.372998043624674,0.0,1.372998043624674,XGB_OD,SCENARIO,Conflict_internal_HIGH__Conflict_external_LOW
ETH,IDN,2025,,236.5253722736903,236.5253722736903,0.0,0.0,0.0,XGB_OD,SCENARIO,Conflict_internal_LOW
ETH,IDN,2025,,236.5253722736903,265.35833118980844,28.83295891611813,0.0,28.83295891611813,XGB_OD,SCENARIO,Conflict_internal_LOW__Conflict_external_HIGH
ETH,IDN,2025,,236.5253722736903,246.136358579063,9.610986305372707,0.0,9.610986305372707,XGB_OD,SCENARIO,Conflict_internal_LOW__Conflict_external_LOW
ETH,IDN,2030,,243.96686377693348,,,,,XGB_OD,FORECAST,
ETH,IDN,2035,,249.0199317751145,,,,,XGB_OD,FORECAST,
GBR,IDN,2000,5022.0,,,,,,HIST,HIST,
GBR,IDN,2005,3378.0,,,,,,HIST,HIST,
GBR,IDN,2010,3289.0,,,,,,HIST,HIST,
GBR,IDN,2015,2324.0,,,,,,HIST,HIST,
GBR,IDN,2020,1314.0,,,,,,HIST,HIST,
GBR,IDN,2024,1753.0,,,,,,HIST,HIST,
GBR,IDN,2025,,1724.9348292965778,,,,,XGB_OD,FORECAST,
GBR,IDN,2025,,1724.9348292965778,1866.5151569715567,141.58032767497895,0.0,141.58032767497895,XGB_OD,SCENARIO,Aid_HIGH
GBR,IDN,2025,,1724.9348292965778,2685.658481376792,960.7236520802144,0.0,960.7236520802144,XGB_OD,SCENARIO,Aid_HIGH__Conflict_external_HIGH
GBR,IDN,2025,,1724.9348292965778,2139.562931773302,414.628102476724,0.0,414.628102476724,XGB_OD,SCENARIO,Aid_HIGH__Conflict_external_LOW
GBR,IDN,2025,,1724.9348292965778,1866.5151569715567,141.58032767497895,0.0,141.58032767497895,XGB_OD,SCENARIO,Aid_HIGH__Conflict_internal_HIGH
GBR,IDN,2025,,1724.9348292965778,1948.4294894120803,223.49466011550257,0.0,223.49466011550257,XGB_OD,SCENARIO,Aid_HIGH__Conflict_internal_HIGH__Conflict_external_HIGH
GBR,IDN,2025,,1724.9348292965778,1893.8199344517316,168.88510515515347,0.0,168.88510515515347,XGB_OD,SCENARIO,Aid_HIGH__Conflict_internal_HIGH__Conflict_external_LOW
GBR,IDN,2025,,1724.9348292965778,1866.5151569715567,141.58032767497895,0.0,141.58032767497895,XGB_OD,SCENARIO,Aid_HIGH__Conflict_internal_LOW
GBR,IDN,2025,,1724.9348292965778,2439.915484055221,714.9806547586436,0.0,714.9806547586436,XGB_OD,SCENARIO,Aid_HIGH__Conflict_internal_LOW__Conflict_external_HIGH
GBR,IDN,2025,,1724.9348292965778,2057.6485993327783,332.7137700362005,0.0,332.7137700362005,XGB_OD,SCENARIO,Aid_HIGH__Conflict_internal_LOW__Conflict_external_LOW
GBR,IDN,2025,,1724.9348292965778,1785.6121125858544,60.67728328927669,0.0,60.67728328927669,XGB_OD,SCENARIO,Aid_LOW
GBR,IDN,2025,,1724.9348292965778,2483.4008704125363,758.4660411159587,0.0,758.4660411159587,XGB_OD,SCENARIO,Aid_LOW__Conflict_external_HIGH
GBR,IDN,2025,,1724.9348292965778,2018.2083651947485,293.2735358981706,0.0,293.2735358981706,XGB_OD,SCENARIO,Aid_LOW__Conflict_external_LOW
GBR,IDN,2025,,1724.9348292965778,1785.6121125858544,60.67728328927669,0.0,60.67728328927669,XGB_OD,SCENARIO,Aid_LOW__Conflict_internal_HIGH
GBR,IDN,2025,,1724.9348292965778,1855.3909883685228,130.45615907194494,0.0,130.45615907194494,XGB_OD,SCENARIO,Aid_LOW__Conflict_internal_HIGH__Conflict_external_HIGH
GBR,IDN,2025,,1724.9348292965778,1808.871737846744,83.93690855016611,0.0,83.93690855016611,XGB_OD,SCENARIO,Aid_LOW__Conflict_internal_HIGH__Conflict_external_LOW
GBR,IDN,2025,,1724.9348292965778,1785.6121125858544,60.67728328927669,0.0,60.67728328927669,XGB_OD,SCENARIO,Aid_LOW__Conflict_internal_LOW
GBR,IDN,2025,,1724.9348292965778,2274.064243064532,549.1294137679539,0.0,549.1294137679539,XGB_OD,SCENARIO,Aid_LOW__Conflict_internal_LOW__Conflict_external_HIGH
GBR,IDN,2025,,1724.9348292965778,1948.4294894120803,223.49466011550248,0.0,223.49466011550248,XGB_OD,SCENARIO,Aid_LOW__Conflict_internal_LOW__Conflict_external_LOW
GBR,IDN,2025,,1724.9348292965778,2331.707662189345,606.7728328927669,0.0,606.7728328927669,XGB_OD,SCENARIO,Conflict_external_HIGH
GBR,IDN,2025,,1724.9348292965778,1927.1924402608336,202.25761096425563,0.0,202.25761096425563,XGB_OD,SCENARIO,Conflict_external_LOW
GBR,IDN,2025,,1724.9348292965778,1724.9348292965778,0.0,0.0,0.0,XGB_OD,SCENARIO,Conflict_internal_HIGH
GBR,IDN,2025,,1724.9348292965778,1785.612112585855,60.67728328927674,0.0,60.67728328927674,XGB_OD,SCENARIO,Conflict_internal_HIGH__Conflict_external_HIGH
GBR,IDN,2025,,1724.9348292965778,1745.1605903930035,20.225761096425583,0.0,20.225761096425583,XGB_OD,SCENARIO,Conflict_internal_HIGH__Conflict_external_LOW
GBR,IDN,2025,,1724.9348292965778,1724.9348292965778,0.0,0.0,0.0,XGB_OD,SCENARIO,Conflict_internal_LOW
GBR,IDN,2025,,1724.9348292965778,2149.6758123215145,424.7409830249368,0.0,424.7409830249368,XGB_OD,SCENARIO,Conflict_internal_LOW__Conflict_external_HIGH
GBR,IDN,2025,,1724.9348292965778,1866.5151569715567,141.58032767497895,0.0,141.58032767497895,XGB_OD,SCENARIO,Conflict_internal_LOW__Conflict_external_LOW
GBR,IDN,2030,,1728.9532214846038,,,,,XGB_OD,FORECAST,
GBR,IDN,2035,,1728.9532214846038,,,,,XGB_OD,FORECAST,
IND,IDN,2000,13.0,,,,,,HIST,HIST,
IND,IDN,2005,10.0,,,,,,HIST,HIST,
IND,IDN,2010,15.0,,,,,,HIST,HIST,
IND,IDN,2015,3649.0,,,,,,HIST,HIST,
IND,IDN,2020,13142.0,,,,,,HIST,HIST,
IND,IDN,2024,22758.0,,,,,,HIST,HIST,
IND,IDN,2025,,23421.422075298546,,,,,XGB_OD,FORECAST,
IND,IDN,2025,,23421.422075298546,25259.462632758445,1838.0405574598988,0.0,1838.0405574598988,XGB_OD,SCENARIO,Aid_HIGH
IND,IDN,2025,,23421.422075298546,35893.84014377643,12472.418068477886,0.0,12472.418068477886,XGB_OD,SCENARIO,Aid_HIGH__Conflict_external_HIGH
IND,IDN,2025,,23421.422075298546,28804.255136431108,5382.83306113256,0.0,5382.83306113256,XGB_OD,SCENARIO,Aid_HIGH__Conflict_external_LOW
IND,IDN,2025,,23421.422075298546,25259.462632758445,1838.0405574598988,0.0,1838.0405574598988,XGB_OD,SCENARIO,Aid_HIGH__Conflict_internal_HIGH
IND,IDN,2025,,23421.422075298546,26322.900383860244,2901.4783085616987,0.0,2901.4783085616987,XGB_OD,SCENARIO,Aid_HIGH__Conflict_internal_HIGH__Conflict_external_HIGH
IND,IDN,2025,,23421.422075298546,25613.94188312571,2192.519807827165,0.0,2192.519807827165,XGB_OD,SCENARIO,Aid_HIGH__Conflict_internal_HIGH__Conflict_external_LOW
IND,IDN,2025,,23421.422075298546,25259.462632758445,1838.0405574598988,0.0,1838.0405574598988,XGB_OD,SCENARIO,Aid_HIGH__Conflict_internal_LOW
IND,IDN,2025,,23421.422075298546,32703.526890471032,9282.104815172488,0.0,9282.104815172488,XGB_OD,SCENARIO,Aid_HIGH__Conflict_internal_LOW__Conflict_external_HIGH
IND,IDN,2025,,23421.422075298546,27740.81738532931,4319.395310030762,0.0,4319.395310030762,XGB_OD,SCENARIO,Aid_HIGH__Conflict_internal_LOW__Conflict_external_LOW
IND,IDN,2025,,23421.422075298546,24209.15374278136,787.7316674828137,0.0,787.7316674828137,XGB_OD,SCENARIO,Aid_LOW
IND,IDN,2025,,23421.422075298546,33268.06791883372,9846.645843535172,0.0,9846.645843535172,XGB_OD,SCENARIO,Aid_LOW__Conflict_external_HIGH
IND,IDN,2025,,23421.422075298546,27228.79180146548,3807.3697261669327,0.0,3807.3697261669327,XGB_OD,SCENARIO,Aid_LOW__Conflict_external_LOW
IND,IDN,2025,,23421.422075298546,24209.15374278136,787.7316674828137,0.0,787.7316674828137,XGB_OD,SCENARIO,Aid_LOW__Conflict_internal_HIGH
IND,IDN,2025,,23421.422075298546,25115.045160386595,1693.6230850880502,0.0,1693.6230850880502,XGB_OD,SCENARIO,Aid_LOW__Conflict_internal_HIGH__Conflict_external_HIGH
IND,IDN,2025,,23421.422075298546,24511.11754864977,1089.695473351226,0.0,1089.695473351226,XGB_OD,SCENARIO,Aid_LOW__Conflict_internal_HIGH__Conflict_external_LOW
IND,IDN,2025,,23421.422075298546,24209.15374278136,787.7316674828137,0.0,787.7316674828137,XGB_OD,SCENARIO,Aid_LOW__Conflict_internal_LOW
IND,IDN,2025,,23421.422075298546,30550.393666018008,7128.971590719462,0.0,7128.971590719462,XGB_OD,SCENARIO,Aid_LOW__Conflict_internal_LOW__Conflict_external_HIGH
IND,IDN,2025,,23421.422075298546,26322.900383860244,2901.4783085616973,0.0,2901.4783085616973,XGB_OD,SCENARIO,Aid_LOW__Conflict_internal_LOW__Conflict_external_LOW
IND,IDN,2025,,23421.422075298546,31298.73875012668,7877.316674828137,0.0,7877.316674828137,XGB_OD,SCENARIO,Conflict_external_HIGH
IND,IDN,2025,,23421.422075298546,26047.19430024126,2625.7722249427125,0.0,2625.7722249427125,XGB_OD,SCENARIO,Conflict_external_LOW
IND,IDN,2025,,23421.422075298546,23421.422075298546,0.0,0.0,0.0,XGB_OD,SCENARIO,Conflict_internal_HIGH
IND,IDN,2025,,23421.422075298546,24209.15374278136,787.7316674828144,0.0,787.7316674828144,XGB_OD,SCENARIO,Conflict_internal_HIGH__Conflict_external_HIGH
IND,IDN,2025,,23421.422075298546,23683.999297792816,262.5772224942715,0.0,262.5772224942715,XGB_OD,SCENARIO,Conflict_internal_HIGH__Conflict_external_LOW
IND,IDN,2025,,23421.422075298546,23421.422075298546,0.0,0.0,0.0,XGB_OD,SCENARIO,Conflict_internal_LOW
IND,IDN,2025,,23421.422075298546,28935.543747678243,5514.121672379696,0.0,5514.121672379696,XGB_OD,SCENARIO,Conflict_internal_LOW__Conflict_external_HIGH
IND,IDN,2025,,23421.422075298546,25259.462632758445,1838.0405574598988,0.0,1838.0405574598988,XGB_OD,SCENARIO,Conflict_internal_LOW__Conflict_external_LOW
IND,IDN,2030,,22631.05396781532,,,,,XGB_OD,FORECAST,
IND,IDN,2035,,22543.09944600206,,,,,XGB_OD,FORECAST,
IRN,IDN,2000,60.0,,,,,,HIST,HIST,
IRN,IDN,2005,28.0,,,,,,HIST,HIST,
IRN,IDN,2010,103.0,,,,,,HIST,HIST,
IRN,IDN,2015,761.0,,,,,,HIST,HIST,
IRN,IDN,2020,338.0,,,,,,HIST,HIST,
IRN,IDN,2024,220.0,,,,,,HIST,HIST,
IRN,IDN,2025,,284.4823054868016,,,,,XGB_OD,FORECAST,
IRN,IDN,2025,,284.4823054868016,302.25051546312363,17.768209976322062,0.0,17.768209976322062,XGB_OD,SCENARIO,Aid_HIGH
IRN,IDN,2025,,284.4823054868016,405.0523017547013,120.56999626789973,0.0,120.56999626789973,XGB_OD,SCENARIO,Aid_HIGH__Conflict_external_HIGH
IRN,IDN,2025,,284.4823054868016,336.5177775603162,52.035472073514605,0.0,52.035472073514605,XGB_OD,SCENARIO,Aid_HIGH__Conflict_external_LOW
IRN,IDN,2025,,284.4823054868016,302.25051546312363,17.768209976322062,0.0,17.768209976322062,XGB_OD,SCENARIO,Aid_HIGH__Conflict_internal_HIGH
IRN,IDN,2025,,284.4823054868016,312.5306940922814,28.04838860547984,0.0,28.04838860547984,XGB_OD,SCENARIO,Aid_HIGH__Conflict_internal_HIGH__Conflict_external_HIGH
IRN,IDN,2025,,284.4823054868016,305.6772416728429,21.19493618604132,0.0,21.19493618604132,XGB_OD,SCENARIO,Aid_HIGH__Conflict_internal_HIGH__Conflict_external_LOW
IRN,IDN,2025,,284.4823054868016,302.25051546312363,17.768209976322062,0.0,17.768209976322062,XGB_OD,SCENARIO,Aid_HIGH__Conflict_internal_LOW
IRN,IDN,2025,,284.4823054868016,374.211765867228,89.7294603804264,0.0,89.7294603804264,XGB_OD,SCENARIO,Aid_HIGH__Conflict_internal_LOW__Conflict_external_HIGH
IRN,IDN,2025,,284.4823054868016,326.2375989311584,41.755293444356845,0.0,41.755293444356845,XGB_OD,SCENARIO,Aid_HIGH__Conflict_internal_LOW__Conflict_external_LOW
IRN,IDN,2025,,284.4823054868016,292.09725261951104,7.614947132709455,0.0,7.614947132709455,XGB_OD,SCENARIO,Aid_LOW
IRN,IDN,2025,,284.4823054868016,379.66914464566975,95.18683915886818,0.0,95.18683915886818,XGB_OD,SCENARIO,Aid_LOW__Conflict_external_HIGH
IRN,IDN,2025,,284.4823054868016,321.28788329489726,36.8055778080957,0.0,36.8055778080957,XGB_OD,SCENARIO,Aid_LOW__Conflict_external_LOW
IRN,IDN,2025,,284.4823054868016,292.09725261951104,7.614947132709455,0.0,7.614947132709455,XGB_OD,SCENARIO,Aid_LOW__Conflict_internal_HIGH
IRN,IDN,2025,,284.4823054868016,300.8544418221269,16.372136335325333,0.0,16.372136335325333,XGB_OD,SCENARIO,Aid_LOW__Conflict_internal_HIGH__Conflict_external_HIGH
IRN,IDN,2025,,284.4823054868016,295.01631568704966,10.534010200248082,0.0,10.534010200248082,XGB_OD,SCENARIO,Aid_LOW__Conflict_internal_HIGH__Conflict_external_LOW
IRN,IDN,2025,,284.4823054868016,292.09725261951104,7.614947132709455,0.0,7.614947132709455,XGB_OD,SCENARIO,Aid_LOW__Conflict_internal_LOW
IRN,IDN,2025,,284.4823054868016,353.39757703782215,68.91527155102055,0.0,68.91527155102055,XGB_OD,SCENARIO,Aid_LOW__Conflict_internal_LOW__Conflict_external_HIGH
IRN,IDN,2025,,284.4823054868016,312.5306940922814,28.048388605479825,0.0,28.048388605479825,XGB_OD,SCENARIO,Aid_LOW__Conflict_internal_LOW__Conflict_external_LOW
IRN,IDN,2025,,284.4823054868016,360.6317768138961,76.14947132709455,0.0,76.14947132709455,XGB_OD,SCENARIO,Conflict_external_HIGH
IRN,IDN,2025,,284.4823054868016,309.8654625958331,25.38315710903152,0.0,25.38315710903152,XGB_OD,SCENARIO,Conflict_external_LOW
IRN,IDN,2025,,284.4823054868016,284.4823054868016,0.0,0.0,0.0,XGB_OD,SCENARIO,Conflict_internal_HIGH
IRN,IDN,2025,,284.4823054868016,292.09725261951104,7.614947132709462,0.0,7.614947132709462,XGB_OD,SCENARIO,Conflict_internal_HIGH__Conflict_external_HIGH
IRN,IDN,2025,,284.4823054868016,287.0206211977047,2.538315710903154,0.0,2.538315710903154,XGB_OD,SCENARIO,Conflict_internal_HIGH__Conflict_external_LOW
IRN,IDN,2025,,284.4823054868016,284.4823054868016,0.0,0.0,0.0,XGB_OD,SCENARIO,Conflict_internal_LOW
IRN,IDN,2025,,284.4823054868016,337.78693541576774,53.304629928966186,0.0,53.304629928966186,XGB_OD,SCENARIO,Conflict_internal_LOW__Conflict_external_HIGH
IRN,IDN,2025,,284.4823054868016,302.25051546312363,17.768209976322062,0.0,17.768209976322062,XGB_OD,SCENARIO,Conflict_internal_LOW__Conflict_external_LOW
IRN,IDN,2030,,300.75882486389713,,,,,XGB_OD,FORECAST,
IRN,IDN,2035,,307.0950045312181,,,,,XGB_OD,FORECAST,
IRQ,IDN,2000,532.0,,,,,,HIST,HIST,
IRQ,IDN,2005,44.0,,,,,,HIST,HIST,
IRQ,IDN,2010,444.0,,,,,,HIST,HIST,
IRQ,IDN,2015,759.0,,,,,,HIST,HIST,
IRQ,IDN,2020,754.0,,,,,,HIST,HIST,
IRQ,IDN,2024,536.0,,,,,,HIST,HIST,
IRQ,IDN,2025,,600.9544453832575,,,,,XGB_OD,FORECAST,
IRQ,IDN,2025,,600.9544453832575,644.2442660528454,43.28982066958794,0.0,43.28982066958794,XGB_OD,SCENARIO,Aid_HIGH
IRQ,IDN,2025,,600.9544453832575,894.70679992689,293.7523545436325,0.0,293.7523545436325,XGB_OD,SCENARIO,Aid_HIGH__Conflict_external_HIGH
IRQ,IDN,2025,,600.9544453832575,727.7317773441936,126.77733196093612,0.0,126.77733196093612,XGB_OD,SCENARIO,Aid_HIGH__Conflict_external_LOW
IRQ,IDN,2025,,600.9544453832575,644.2442660528454,43.28982066958794,0.0,43.28982066958794,XGB_OD,SCENARIO,Aid_HIGH__Conflict_internal_HIGH
IRQ,IDN,2025,,600.9544453832575,669.2905194402499,68.33607405699242,0.0,68.33607405699242,XGB_OD,SCENARIO,Aid_HIGH__Conflict_internal_HIGH__Conflict_external_HIGH
IRQ,IDN,2025,,600.9544453832575,652.5930171819803,51.638571798722765,0.0,51.638571798722765,XGB_OD,SCENARIO,Aid_HIGH__Conflict_internal_HIGH__Conflict_external_LOW
IRQ,IDN,2025,,600.9544453832575,644.2442660528454,43.28982066958794,0.0,43.28982066958794,XGB_OD,SCENARIO,Aid_HIGH__Conflict_internal_LOW
IRQ,IDN,2025,,600.9544453832575,819.5680397646765,218.61359438141903,0.0,218.61359438141903,XGB_OD,SCENARIO,Aid_HIGH__Conflict_internal_LOW__Conflict_external_HIGH
IRQ,IDN,2025,,600.9544453832575,702.6855239567892,101.73107857353166,0.0,101.73107857353166,XGB_OD,SCENARIO,Aid_HIGH__Conflict_internal_LOW__Conflict_external_LOW
IRQ,IDN,2025,,600.9544453832575,619.5072256702238,18.55278028696626,0.0,18.55278028696626,XGB_OD,SCENARIO,Aid_LOW
IRQ,IDN,2025,,600.9544453832575,832.8641989703358,231.90975358707823,0.0,231.90975358707823,XGB_OD,SCENARIO,Aid_LOW__Conflict_external_HIGH
IRQ,IDN,2025,,600.9544453832575,690.6262167702611,89.67177138700359,0.0,89.67177138700359,XGB_OD,SCENARIO,Aid_LOW__Conflict_external_LOW
IRQ,IDN,2025,,600.9544453832575,619.5072256702238,18.55278028696626,0.0,18.55278028696626,XGB_OD,SCENARIO,Aid_LOW__Conflict_internal_HIGH
IRQ,IDN,2025,,600.9544453832575,640.842923000235,39.88847761697748,0.0,39.88847761697748,XGB_OD,SCENARIO,Aid_LOW__Conflict_internal_HIGH__Conflict_external_HIGH
IRQ,IDN,2025,,600.9544453832575,626.6191247802275,25.66467939697,0.0,25.66467939697,XGB_OD,SCENARIO,Aid_LOW__Conflict_internal_HIGH__Conflict_external_LOW
IRQ,IDN,2025,,600.9544453832575,619.5072256702238,18.55278028696626,0.0,18.55278028696626,XGB_OD,SCENARIO,Aid_LOW__Conflict_internal_LOW
IRQ,IDN,2025,,600.9544453832575,768.8571069803021,167.9026615970446,0.0,167.9026615970446,XGB_OD,SCENARIO,Aid_LOW__Conflict_internal_LOW__Conflict_external_HIGH
IRQ,IDN,2025,,600.9544453832575,669.2905194402499,68.33607405699239,0.0,68.33607405699239,XGB_OD,SCENARIO,Aid_LOW__Conflict_internal_LOW__Conflict_external_LOW
IRQ,IDN,2025,,600.9544453832575,786.48224825292,185.5278028696626,0.0,185.5278028696626,XGB_OD,SCENARIO,Conflict_external_HIGH
IRQ,IDN,2025,,600.9544453832575,662.7970463398117,61.8426009565542,0.0,61.8426009565542,XGB_OD,SCENARIO,Conflict_external_LOW
IRQ,IDN,2025,,600.9544453832575,600.9544453832575,0.0,0.0,0.0,XGB_OD,SCENARIO,Conflict_internal_HIGH
IRQ,IDN,2025,,600.9544453832575,619.5072256702238,18.552780286966275,0.0,18.552780286966275,XGB_OD,SCENARIO,Conflict_internal_HIGH__Conflict_external_HIGH
IRQ,IDN,2025,,600.9544453832575,607.1387054789129,6.184260095655426,0.0,6.184260095655426,XGB_OD,SCENARIO,Conflict_internal_HIGH__Conflict_external_LOW
IRQ,IDN,2025,,600.9544453832575,600.9544453832575,0.0,0.0,0.0,XGB_OD,SCENARIO,Conflict_internal_LOW
IRQ,IDN,2025,,600.9544453832575,730.8239073920213,129.86946200876383,0.0,129.86946200876383,XGB_OD,SCENARIO,Conflict_internal_LOW__Conflict_external_HIGH
IRQ,IDN,2025,,600.9544453832575,644.2442660528454,43.28982066958794,0.0,43.28982066958794,XGB_OD,SCENARIO,Conflict_internal_LOW__Conflict_external_LOW
IRQ,IDN,2030,,597.1948918168742,,,,,XGB_OD,FORECAST,
IRQ,IDN,2035,,570.5249197494536,,,,,XGB_OD,FORECAST,
JPN,IDN,2000,23508.0,,,,,,HIST,HIST,
JPN,IDN,2005,16384.0,,,,,,HIST,HIST,
JPN,IDN,2010,16629.0,,,,,,HIST,HIST,
JPN,IDN,2015,12622.0,,,,,,HIST,HIST,
JPN,IDN,2020,7432.0,,,,,,HIST,HIST,
JPN,IDN,2024,9938.0,,,,,,HIST,HIST,
JPN,IDN,2025,,12728.41386212147,,,,,XGB_OD,FORECAST,
JPN,IDN,2025,,12728.41386212147,13531.052365506495,802.6385033850268,0.0,802.6385033850268,XGB_OD,SCENARIO,Aid_HIGH
JPN,IDN,2025,,12728.41386212147,18174.88942080558,5446.475558684111,0.0,5446.475558684111,XGB_OD,SCENARIO,Aid_HIGH__Conflict_external_HIGH
JPN,IDN,2025,,12728.41386212147,15078.998050606191,2350.584188484721,0.0,2350.584188484721,XGB_OD,SCENARIO,Aid_HIGH__Conflict_external_LOW
JPN,IDN,2025,,12728.41386212147,13531.052365506495,802.6385033850268,0.0,802.6385033850268,XGB_OD,SCENARIO,Aid_HIGH__Conflict_internal_HIGH
JPN,IDN,2025,,12728.41386212147,13995.436071036404,1267.0222089149356,0.0,1267.0222089149356,XGB_OD,SCENARIO,Aid_HIGH__Conflict_internal_HIGH__Conflict_external_HIGH
JPN,IDN,2025,,12728.41386212147,13685.846934016468,957.4330718949964,0.0,957.4330718949964,XGB_OD,SCENARIO,Aid_HIGH__Conflict_internal_HIGH__Conflict_external_LOW
JPN,IDN,2025,,12728.41386212147,13531.052365506495,802.6385033850268,0.0,802.6385033850268,XGB_OD,SCENARIO,Aid_HIGH__Conflict_internal_LOW
JPN,IDN,2025,,12728.41386212147,16781.738304215854,4053.3244420943847,0.0,4053.3244420943847,XGB_OD,SCENARIO,Aid_HIGH__Conflict_internal_LOW__Conflict_external_HIGH
JPN,IDN,2025,,12728.41386212147,14614.614345076285,1886.200482954813,0.0,1886.200482954813,XGB_OD,SCENARIO,Aid_HIGH__Conflict_internal_LOW__Conflict_external_LOW
JPN,IDN,2025,,12728.41386212147,13072.401792143624,343.9879300221544,0.0,343.9879300221544,XGB_OD,SCENARIO,Aid_LOW
JPN,IDN,2025,,12728.41386212147,17028.262987398397,4299.849125276929,0.0,4299.849125276929,XGB_OD,SCENARIO,Aid_LOW__Conflict_external_HIGH
JPN,IDN,2025,,12728.41386212147,14391.022190561882,1662.6083284404124,0.0,1662.6083284404124,XGB_OD,SCENARIO,Aid_LOW__Conflict_external_LOW
JPN,IDN,2025,,12728.41386212147,13072.401792143624,343.9879300221544,0.0,343.9879300221544,XGB_OD,SCENARIO,Aid_LOW__Conflict_internal_HIGH
JPN,IDN,2025,,12728.41386212147,13467.9879116691,739.5740495476321,0.0,739.5740495476321,XGB_OD,SCENARIO,Aid_LOW__Conflict_internal_HIGH__Conflict_external_HIGH
JPN,IDN,2025,,12728.41386212147,13204.26383198545,475.8499698639803,0.0,475.8499698639803,XGB_OD,SCENARIO,Aid_LOW__Conflict_internal_HIGH__Conflict_external_LOW
JPN,IDN,2025,,12728.41386212147,13072.401792143624,343.9879300221544,0.0,343.9879300221544,XGB_OD,SCENARIO,Aid_LOW__Conflict_internal_LOW
JPN,IDN,2025,,12728.41386212147,15841.504628821966,3113.090766700496,0.0,3113.090766700496,XGB_OD,SCENARIO,Aid_LOW__Conflict_internal_LOW__Conflict_external_HIGH
JPN,IDN,2025,,12728.41386212147,13995.436071036404,1267.0222089149352,0.0,1267.0222089149352,XGB_OD,SCENARIO,Aid_LOW__Conflict_internal_LOW__Conflict_external_LOW
JPN,IDN,2025,,12728.41386212147,16168.293162343012,3439.8793002215434,0.0,3439.8793002215434,XGB_OD,SCENARIO,Conflict_external_HIGH
JPN,IDN,2025,,12728.41386212147,13875.040295528652,1146.6264334071811,0.0,1146.6264334071811,XGB_OD,SCENARIO,Conflict_external_LOW
JPN,IDN,2025,,12728.41386212147,12728.41386212147,0.0,0.0,0.0,XGB_OD,SCENARIO,Conflict_internal_HIGH
JPN,IDN,2025,,12728.41386212147,13072.401792143624,343.9879300221546,0.0,343.9879300221546,XGB_OD,SCENARIO,Conflict_internal_HIGH__Conflict_external_HIGH
JPN,IDN,2025,,12728.41386212147,12843.076505462188,114.66264334071822,0.0,114.66264334071822,XGB_OD,SCENARIO,Conflict_internal_HIGH__Conflict_external_LOW
JPN,IDN,2025,,12728.41386212147,12728.41386212147,0.0,0.0,0.0,XGB_OD,SCENARIO,Conflict_internal_LOW
JPN,IDN,2025,,12728.41386212147,15136.32937227655,2407.9155101550805,0.0,2407.9155101550805,XGB_OD,SCENARIO,Conflict_internal_LOW__Conflict_external_HIGH
JPN,IDN,2025,,12728.41386212147,13531.052365506495,802.6385033850268,0.0,802.6385033850268,XGB_OD,SCENARIO,Conflict_internal_LOW__Conflict_external_LOW
JPN,IDN,2030,,13976.13995109071,,,,,XGB_OD,FORECAST,
JPN,IDN,2035,,18177.22237395244,,,,,XGB_OD,FORECAST,
KHM,IDN,2000,0.0,,,,,,HIST,HIST,
KHM,IDN,2005,0.0,,,,,,HIST,HIST,
KHM,IDN,2010,0.0,,,,,,HIST,HIST,
KHM,IDN,2015,0.0,,,,,,HIST,HIST,
KHM,IDN,2020,0.0,,,,,,HIST,HIST,
KHM,IDN,2024,0.0,,,,,,HIST,HIST,
KHM,IDN,2025,,0.0317146159149305,,,,,XGB_OD,FORECAST,
KHM,IDN,2025,,0.0317146159149305,0.0317146159149305,0.0,0.0,0.0,XGB_OD,SCENARIO,Aid_HIGH
KHM,IDN,2025,,0.0317146159149305,0.0317146159149305,0.0,0.0,0.0,XGB_OD,SCENARIO,Aid_HIGH__Conflict_external_HIGH
KHM,IDN,2025,,0.0317146159149305,0.0317146159149305,0.0,0.0,0.0,XGB_OD,SCENARIO,Aid_HIGH__Conflict_external_LOW
KHM,IDN,2025,,0.0317146159149305,0.0317146159149305,0.0,0.0,0.0,XGB_OD,SCENARIO,Aid_HIGH__Conflict_internal_HIGH
KHM,IDN,2025,,0.0317146159149305,0.0317146159149305,0.0,0.0,0.0,XGB_OD,SCENARIO,Aid_HIGH__Conflict_internal_HIGH__Conflict_external_HIGH
KHM,IDN,2025,,0.0317146159149305,0.0317146159149305,0.0,0.0,0.0,XGB_OD,SCENARIO,Aid_HIGH__Conflict_internal_HIGH__Conflict_external_LOW
KHM,IDN,2025,,0.0317146159149305,0.0317146159149305,0.0,0.0,0.0,XGB_OD,SCENARIO,Aid_HIGH__Conflict_internal_LOW
KHM,IDN,2025,,0.0317146159149305,0.0317146159149305,0.0,0.0,0.0,XGB_OD,SCENARIO,Aid_HIGH__Conflict_internal_LOW__Conflict_external_HIGH
KHM,IDN,2025,,0.0317146159149305,0.0317146159149305,0.0,0.0,0.0,XGB_OD,SCENARIO,Aid_HIGH__Conflict_internal_LOW__Conflict_external_LOW
KHM,IDN,2025,,0.0317146159149305,0.0317146159149305,0.0,0.0,0.0,XGB_OD,SCENARIO,Aid_LOW
KHM,IDN,2025,,0.0317146159149305,0.0317146159149305,0.0,0.0,0.0,XGB_OD,SCENARIO,Aid_LOW__Conflict_external_HIGH
KHM,IDN,2025,,0.0317146159149305,0.0317146159149305,0.0,0.0,0.0,XGB_OD,SCENARIO,Aid_LOW__Conflict_external_LOW
KHM,IDN,2025,,0.0317146159149305,0.0317146159149305,0.0,0.0,0.0,XGB_OD,SCENARIO,Aid_LOW__Conflict_internal_HIGH
KHM,IDN,2025,,0.0317146159149305,0.0317146159149305,0.0,0.0,0.0,XGB_OD,SCENARIO,Aid_LOW__Conflict_internal_HIGH__Conflict_external_HIGH
KHM,IDN,2025,,0.0317146159149305,0.0317146159149305,0.0,0.0,0.0,XGB_OD,SCENARIO,Aid_LOW__Conflict_internal_HIGH__Conflict_external_LOW
KHM,IDN,2025,,0.0317146159149305,0.0317146159149305,0.0,0.0,0.0,XGB_OD,SCENARIO,Aid_LOW__Conflict_internal_LOW
KHM,IDN,2025,,0.0317146159149305,0.0317146159149305,0.0,0.0,0.0,XGB_OD,SCENARIO,Aid_LOW__Conflict_internal_LOW__Conflict_external_HIGH
KHM,IDN,2025,,0.0317146159149305,0.0317146159149305,0.0,0.0,0.0,XGB_OD,SCENARIO,Aid_LOW__Conflict_internal_LOW__Conflict_external_LOW
KHM,IDN,2025,,0.0317146159149305,0.0317146159149305,0.0,0.0,0.0,XGB_OD,SCENARIO,Conflict_external_HIGH
KHM,IDN,2025,,0.0317146159149305,0.0317146159149305,0.0,0.0,0.0,XGB_OD,SCENARIO,Conflict_external_LOW
KHM,IDN,2025,,0.0317146159149305,0.0317146159149305,0.0,0.0,0.0,XGB_OD,SCENARIO,Conflict_internal_HIGH
KHM,IDN,2025,,0.0317146159149305,0.0317146159149305,0.0,0.0,0.0,XGB_OD,SCENARIO,Conflict_internal_HIGH__Conflict_external_HIGH
KHM,IDN,2025,,0.0317146159149305,0.0317146159149305,0.0,0.0,0.0,XGB_OD,SCENARIO,Conflict_internal_HIGH__Conflict_external_LOW
KHM,IDN,2025,,0.0317146159149305,0.0317146159149305,0.0,0.0,0.0,XGB_OD,SCENARIO,Conflict_internal_LOW
KHM,IDN,2025,,0.0317146159149305,0.0317146159149305,0.0,0.0,0.0,XGB_OD,SCENARIO,Conflict_internal_LOW__Conflict_external_HIGH
KHM,IDN,2025,,0.0317146159149305,0.0317146159149305,0.0,0.0,0.0,XGB_OD,SCENARIO,Conflict_internal_LOW__Conflict_external_LOW
KHM,IDN,2030,,0.0317146159149305,,,,,XGB_OD,FORECAST,
KHM,IDN,2035,,0.0317146159149305,,,,,XGB_OD,FORECAST,
KOR,IDN,2000,15536.0,,,,,,HIST,HIST,
KOR,IDN,2005,10877.0,,,,,,HIST,HIST,
KOR,IDN,2010,11097.0,,,,,,HIST,HIST,
KOR,IDN,2015,8494.0,,,,,,HIST,HIST,
KOR,IDN,2020,4889.0,,,,,,HIST,HIST,
KOR,IDN,2024,6527.0,,,,,,HIST,HIST,
KOR,IDN,2025,,6636.852590344711,,,,,XGB_OD,FORECAST,
KOR,IDN,2025,,6636.852590344711,7164.003074505916,527.1504841612048,0.0,527.1504841612048,XGB_OD,SCENARIO,Aid_HIGH
KOR,IDN,2025,,6636.852590344711,10213.945161438602,3577.09257109389,0.0,3577.09257109389,XGB_OD,SCENARIO,Aid_HIGH__Conflict_external_HIGH
KOR,IDN,2025,,6636.852590344711,8180.65043681681,1543.7978464720995,0.0,1543.7978464720995,XGB_OD,SCENARIO,Aid_HIGH__Conflict_external_LOW
KOR,IDN,2025,,6636.852590344711,7164.003074505916,527.1504841612048,0.0,527.1504841612048,XGB_OD,SCENARIO,Aid_HIGH__Conflict_internal_HIGH
KOR,IDN,2025,,6636.852590344711,7468.997283199184,832.1446928544736,0.0,832.1446928544736,XGB_OD,SCENARIO,Aid_HIGH__Conflict_internal_HIGH__Conflict_external_HIGH
KOR,IDN,2025,,6636.852590344711,7265.667810737005,628.8152203922943,0.0,628.8152203922943,XGB_OD,SCENARIO,Aid_HIGH__Conflict_internal_HIGH__Conflict_external_LOW
KOR,IDN,2025,,6636.852590344711,7164.003074505916,527.1504841612048,0.0,527.1504841612048,XGB_OD,SCENARIO,Aid_HIGH__Conflict_internal_LOW
KOR,IDN,2025,,6636.852590344711,9298.962535358794,2662.109945014084,0.0,2662.109945014084,XGB_OD,SCENARIO,Aid_HIGH__Conflict_internal_LOW__Conflict_external_HIGH
KOR,IDN,2025,,6636.852590344711,7875.656228123542,1238.8036377788312,0.0,1238.8036377788312,XGB_OD,SCENARIO,Aid_HIGH__Conflict_internal_LOW__Conflict_external_LOW
KOR,IDN,2025,,6636.852590344711,6862.774226413799,225.92163606908773,0.0,225.92163606908773,XGB_OD,SCENARIO,Aid_LOW
KOR,IDN,2025,,6636.852590344711,9460.873041208308,2824.020450863597,0.0,2824.020450863597,XGB_OD,SCENARIO,Aid_LOW__Conflict_external_HIGH
KOR,IDN,2025,,6636.852590344711,7728.807164678635,1091.954574333924,0.0,1091.954574333924,XGB_OD,SCENARIO,Aid_LOW__Conflict_external_LOW
KOR,IDN,2025,,6636.852590344711,6862.774226413799,225.92163606908773,0.0,225.92163606908773,XGB_OD,SCENARIO,Aid_LOW__Conflict_internal_HIGH
KOR,IDN,2025,,6636.852590344711,7122.58410789325,485.7315175485389,0.0,485.7315175485389,XGB_OD,SCENARIO,Aid_LOW__Conflict_internal_HIGH__Conflict_external_HIGH
KOR,IDN,2025,,6636.852590344711,6949.377520240282,312.52492989557146,0.0,312.52492989557146,XGB_OD,SCENARIO,Aid_LOW__Conflict_internal_HIGH__Conflict_external_LOW
KOR,IDN,2025,,6636.852590344711,6862.774226413799,225.92163606908773,0.0,225.92163606908773,XGB_OD,SCENARIO,Aid_LOW__Conflict_internal_LOW
KOR,IDN,2025,,6636.852590344711,8681.443396769955,2044.590806425244,0.0,2044.590806425244,XGB_OD,SCENARIO,Aid_LOW__Conflict_internal_LOW__Conflict_external_HIGH
KOR,IDN,2025,,6636.852590344711,7468.997283199184,832.1446928544733,0.0,832.1446928544733,XGB_OD,SCENARIO,Aid_LOW__Conflict_internal_LOW__Conflict_external_LOW
KOR,IDN,2025,,6636.852590344711,8896.068951035588,2259.216360690877,0.0,2259.216360690877,XGB_OD,SCENARIO,Conflict_external_HIGH
KOR,IDN,2025,,6636.852590344711,7389.924710575004,753.0721202302925,0.0,753.0721202302925,XGB_OD,SCENARIO,Conflict_external_LOW
KOR,IDN,2025,,6636.852590344711,6636.852590344711,0.0,0.0,0.0,XGB_OD,SCENARIO,Conflict_internal_HIGH
KOR,IDN,2025,,6636.852590344711,6862.774226413799,225.92163606908795,0.0,225.92163606908795,XGB_OD,SCENARIO,Conflict_internal_HIGH__Conflict_external_HIGH
KOR,IDN,2025,,6636.852590344711,6712.15980236774,75.30721202302932,0.0,75.30721202302932,XGB_OD,SCENARIO,Conflict_internal_HIGH__Conflict_external_LOW
KOR,IDN,2025,,6636.852590344711,6636.852590344711,0.0,0.0,0.0,XGB_OD,SCENARIO,Conflict_internal_LOW
KOR,IDN,2025,,6636.852590344711,8218.304042828326,1581.4514524836145,0.0,1581.4514524836145,XGB_OD,SCENARIO,Conflict_internal_LOW__Conflict_external_HIGH
KOR,IDN,2025,,6636.852590344711,7164.003074505916,527.1504841612048,0.0,527.1504841612048,XGB_OD,SCENARIO,Conflict_internal_LOW__Conflict_external_LOW
KOR,IDN,2030,,6453.306743694606,,,,,XGB_OD,FORECAST,
KOR,IDN,2035,,6453.306743694606,,,,,XGB_OD,FORECAST,
LKA,IDN,2000,5.0,,,,,,HIST,HIST,
LKA,IDN,2005,14.0,,,,,,HIST,HIST,
LKA,IDN,2010,344.0,,,,,,HIST,HIST,
LKA,IDN,2015,570.0,,,,,,HIST,HIST,
LKA,IDN,2020,448.0,,,,,,HIST,HIST,
LKA,IDN,2024,396.0,,,,,,HIST,HIST,
LKA,IDN,2025,,479.979267056555,,,,,XGB_OD,FORECAST,
LKA,IDN,2025,,479.979267056555,511.9620450139368,31.982777957381757,0.0,31.982777957381757,XGB_OD,SCENARIO,Aid_HIGH
LKA,IDN,2025,,479.979267056555,697.0052603387884,217.02599328223337,0.0,217.02599328223337,XGB_OD,SCENARIO,Aid_HIGH__Conflict_external_HIGH
LKA,IDN,2025,,479.979267056555,573.6431167888873,93.66384973233228,0.0,93.66384973233228,XGB_OD,SCENARIO,Aid_HIGH__Conflict_external_LOW
LKA,IDN,2025,,479.979267056555,511.9620450139368,31.982777957381757,0.0,31.982777957381757,XGB_OD,SCENARIO,Aid_HIGH__Conflict_internal_HIGH
LKA,IDN,2025,,479.979267056555,530.4663665464219,50.487099489866935,0.0,50.487099489866935,XGB_OD,SCENARIO,Aid_HIGH__Conflict_internal_HIGH__Conflict_external_HIGH
LKA,IDN,2025,,479.979267056555,518.1301521914318,38.150885134876816,0.0,38.150885134876816,XGB_OD,SCENARIO,Aid_HIGH__Conflict_internal_HIGH__Conflict_external_LOW
LKA,IDN,2025,,479.979267056555,511.9620450139368,31.982777957381757,0.0,31.982777957381757,XGB_OD,SCENARIO,Aid_HIGH__Conflict_internal_LOW
LKA,IDN,2025,,479.979267056555,641.4922957413328,161.51302868477785,0.0,161.51302868477785,XGB_OD,SCENARIO,Aid_HIGH__Conflict_internal_LOW__Conflict_external_HIGH
LKA,IDN,2025,,479.979267056555,555.1387952564021,75.15952819984713,0.0,75.15952819984713,XGB_OD,SCENARIO,Aid_HIGH__Conflict_internal_LOW__Conflict_external_LOW
LKA,IDN,2025,,479.979267056555,493.6861718954329,13.706904838877897,0.0,13.706904838877897,XGB_OD,SCENARIO,Aid_LOW
LKA,IDN,2025,,479.979267056555,651.3155775425287,171.33631048597368,0.0,171.33631048597368,XGB_OD,SCENARIO,Aid_LOW__Conflict_external_HIGH
LKA,IDN,2025,,479.979267056555,546.2293071111314,66.25004005457649,0.0,66.25004005457649,XGB_OD,SCENARIO,Aid_LOW__Conflict_external_LOW
LKA,IDN,2025,,479.979267056555,493.6861718954329,13.706904838877897,0.0,13.706904838877897,XGB_OD,SCENARIO,Aid_LOW__Conflict_internal_HIGH
LKA,IDN,2025,,479.979267056555,509.4491124601425,29.469845403587485,0.0,29.469845403587485,XGB_OD,SCENARIO,Aid_LOW__Conflict_internal_HIGH__Conflict_external_HIGH
LKA,IDN,2025,,479.979267056555,498.9404854170027,18.96121836044776,0.0,18.96121836044776,XGB_OD,SCENARIO,Aid_LOW__Conflict_internal_HIGH__Conflict_external_LOW
LKA,IDN,2025,,479.979267056555,493.6861718954329,13.706904838877897,0.0,13.706904838877897,XGB_OD,SCENARIO,Aid_LOW__Conflict_internal_LOW
LKA,IDN,2025,,479.979267056555,604.0267558484,124.04748879184493,0.0,124.04748879184493,XGB_OD,SCENARIO,Aid_LOW__Conflict_internal_LOW__Conflict_external_HIGH
LKA,IDN,2025,,479.979267056555,530.4663665464219,50.487099489866914,0.0,50.487099489866914,XGB_OD,SCENARIO,Aid_LOW__Conflict_internal_LOW__Conflict_external_LOW
LKA,IDN,2025,,479.979267056555,617.048315445334,137.06904838877895,0.0,137.06904838877895,XGB_OD,SCENARIO,Conflict_external_HIGH
LKA,IDN,2025,,479.979267056555,525.6689498528146,45.68968279625965,0.0,45.68968279625965,XGB_OD,SCENARIO,Conflict_external_LOW
LKA,IDN,2025,,479.979267056555,479.979267056555,0.0,0.0,0.0,XGB_OD,SCENARIO,Conflict_internal_HIGH
LKA,IDN,2025,,479.979267056555,493.6861718954329,13.706904838877907,0.0,13.706904838877907,XGB_OD,SCENARIO,Conflict_internal_HIGH__Conflict_external_HIGH
LKA,IDN,2025,,479.979267056555,484.54823533618094,4.568968279625969,0.0,4.568968279625969,XGB_OD,SCENARIO,Conflict_internal_HIGH__Conflict_external_LOW
LKA,IDN,2025,,479.979267056555,479.979267056555,0.0,0.0,0.0,XGB_OD,SCENARIO,Conflict_internal_LOW
LKA,IDN,2025,,479.979267056555,575.9276009287003,95.94833387214528,0.0,95.94833387214528,XGB_OD,SCENARIO,Conflict_internal_LOW__Conflict_external_HIGH
LKA,IDN,2025,,479.979267056555,511.9620450139368,31.982777957381757,0.0,31.982777957381757,XGB_OD,SCENARIO,Conflict_internal_LOW__Conflict_external_LOW
LKA,IDN,2030,,527.3612096503888,,,,,XGB_OD,FORECAST,
LKA,IDN,2035,,533.553932790804,,,,,XGB_OD,FORECAST,
MMR,IDN,2000,0.0,,,,,,HIST,HIST,
MMR,IDN,2005,0.0,,,,,,HIST,HIST,
MMR,IDN,2010,111.0,,,,,,HIST,HIST,
MMR,IDN,2015,958.0,,,,,,HIST,HIST,
MMR,IDN,2020,769.0,,,,,,HIST,HIST,
MMR,IDN,2024,2063.0,,,,,,HIST,HIST,
MMR,IDN,2025,,2564.773222441009,,,,,XGB_OD,FORECAST,
MMR,IDN,2025,,2564.773222441009,2731.3905732644434,166.61735082343475,0.0,166.61735082343475,XGB_OD,SCENARIO,Aid_HIGH
MMR,IDN,2025,,2564.773222441009,3695.390960171459,1130.6177377304502,0.0,1130.6177377304502,XGB_OD,SCENARIO,Aid_HIGH__Conflict_external_HIGH
MMR,IDN,2025,,2564.773222441009,3052.724035566782,487.9508131257732,0.0,487.9508131257732,XGB_OD,SCENARIO,Aid_HIGH__Conflict_external_LOW
MMR,IDN,2025,,2564.773222441009,2731.3905732644434,166.61735082343475,0.0,166.61735082343475,XGB_OD,SCENARIO,Aid_HIGH__Conflict_internal_HIGH
MMR,IDN,2025,,2564.773222441009,2827.7906119551453,263.0173895141364,0.0,263.0173895141364,XGB_OD,SCENARIO,Aid_HIGH__Conflict_internal_HIGH__Conflict_external_HIGH
MMR,IDN,2025,,2564.773222441009,2763.5239194946776,198.75069705366863,0.0,198.75069705366863,XGB_OD,SCENARIO,Aid_HIGH__Conflict_internal_HIGH__Conflict_external_LOW
MMR,IDN,2025,,2564.773222441009,2731.3905732644434,166.61735082343475,0.0,166.61735082343475,XGB_OD,SCENARIO,Aid_HIGH__Conflict_internal_LOW
MMR,IDN,2025,,2564.773222441009,3406.1908440993543,841.4176216583454,0.0,841.4176216583454,XGB_OD,SCENARIO,Aid_HIGH__Conflict_internal_LOW__Conflict_external_HIGH
MMR,IDN,2025,,2564.773222441009,2956.3239968760804,391.5507744350717,0.0,391.5507744350717,XGB_OD,SCENARIO,Aid_HIGH__Conflict_internal_LOW__Conflict_external_LOW
MMR,IDN,2025,,2564.773222441009,2636.180658508195,71.40743606718632,0.0,71.40743606718632,XGB_OD,SCENARIO,Aid_LOW
MMR,IDN,2025,,2564.773222441009,3457.3661732808378,892.592950839829,0.0,892.592950839829,XGB_OD,SCENARIO,Aid_LOW__Conflict_external_HIGH
MMR,IDN,2025,,2564.773222441009,2909.909163432409,345.1359409914005,0.0,345.1359409914005,XGB_OD,SCENARIO,Aid_LOW__Conflict_external_LOW
MMR,IDN,2025,,2564.773222441009,2636.180658508195,71.40743606718632,0.0,71.40743606718632,XGB_OD,SCENARIO,Aid_LOW__Conflict_internal_HIGH
MMR,IDN,2025,,2564.773222441009,2718.29920998546,153.52598754445066,0.0,153.52598754445066,XGB_OD,SCENARIO,Aid_LOW__Conflict_internal_HIGH__Conflict_external_HIGH
MMR,IDN,2025,,2564.773222441009,2663.5535090006165,98.78028655960776,0.0,98.78028655960776,XGB_OD,SCENARIO,Aid_LOW__Conflict_internal_HIGH__Conflict_external_LOW
MMR,IDN,2025,,2564.773222441009,2636.180658508195,71.40743606718632,0.0,71.40743606718632,XGB_OD,SCENARIO,Aid_LOW__Conflict_internal_LOW
MMR,IDN,2025,,2564.773222441009,3211.0105188490447,646.2372964080361,0.0,646.2372964080361,XGB_OD,SCENARIO,Aid_LOW__Conflict_internal_LOW__Conflict_external_HIGH
MMR,IDN,2025,,2564.773222441009,2827.790611955145,263.01738951413626,0.0,263.01738951413626,XGB_OD,SCENARIO,Aid_LOW__Conflict_internal_LOW__Conflict_external_LOW
MMR,IDN,2025,,2564.773222441009,3278.847583112872,714.0743606718632,0.0,714.0743606718632,XGB_OD,SCENARIO,Conflict_external_HIGH
MMR,IDN,2025,,2564.773222441009,2802.79800933163,238.02478689062107,0.0,238.02478689062107,XGB_OD,SCENARIO,Conflict_external_LOW
MMR,IDN,2025,,2564.773222441009,2564.773222441009,0.0,0.0,0.0,XGB_OD,SCENARIO,Conflict_internal_HIGH
MMR,IDN,2025,,2564.773222441009,2636.180658508195,71.40743606718638,0.0,71.40743606718638,XGB_OD,SCENARIO,Conflict_internal_HIGH__Conflict_external_HIGH
MMR,IDN,2025,,2564.773222441009,2588.575701130071,23.80247868906213,0.0,23.80247868906213,XGB_OD,SCENARIO,Conflict_internal_HIGH__Conflict_external_LOW
MMR,IDN,2025,,2564.773222441009,2564.773222441009,0.0,0.0,0.0,XGB_OD,SCENARIO,Conflict_internal_LOW
MMR,IDN,2025,,2564.773222441009,3064.625274911313,499.8520524703043,0.0,499.8520524703043,XGB_OD,SCENARIO,Conflict_internal_LOW__Conflict_external_HIGH
MMR,IDN,2025,,2564.773222441009,2731.3905732644434,166.61735082343475,0.0,166.61735082343475,XGB_OD,SCENARIO,Conflict_internal_LOW__Conflict_external_LOW
MMR,IDN,2030,,2811.999379711967,,,,,XGB_OD,FORECAST,
MMR,IDN,2035,,2720.309052546552,,,,,XGB_OD,FORECAST,
MYS,IDN,2000,13.0,,,,,,HIST,HIST,
MYS,IDN,2005,10.0,,,,,,HIST,HIST,
MYS,IDN,2010,14.0,,,,,,HIST,HIST,
MYS,IDN,2015,1892.0,,,,,,HIST,HIST,
MYS,IDN,2020,94489.0,,,,,,HIST,HIST,
MYS,IDN,2024,161013.0,,,,,,HIST,HIST,
MYS,IDN,2025,,177983.67739711542,,,,,XGB_OD,FORECAST,
MYS,IDN,2025,,177983.67739711542,190987.82645583284,13004.149058717412,0.0,13004.149058717412,XGB_OD,SCENARIO,Aid_HIGH
MYS,IDN,2025,,177983.67739711542,266226.11743841216,88242.44004129674,0.0,88242.44004129674,XGB_OD,SCENARIO,Aid_HIGH__Conflict_external_HIGH
MYS,IDN,2025,,177983.67739711542,216067.25678335928,38083.57938624385,0.0,38083.57938624385,XGB_OD,SCENARIO,Aid_HIGH__Conflict_external_LOW
MYS,IDN,2025,,177983.67739711542,201402.95562623529,13004.149058717412,10415.129170402455,23419.278229119867,XGB_OD,SCENARIO,Aid_HIGH__Conflict_internal_HIGH
MYS,IDN,2025,,177983.67739711542,208926.7847244932,20527.978156975358,10415.129170402455,30943.10732737781,XGB_OD,SCENARIO,Aid_HIGH__Conflict_internal_HIGH__Conflict_external_HIGH
MYS,IDN,2025,,177983.67739711542,203910.89865898795,15512.09209147006,10415.129170402455,25927.22126187252,XGB_OD,SCENARIO,Aid_HIGH__Conflict_internal_HIGH__Conflict_external_LOW
MYS,IDN,2025,,177983.67739711542,194459.5361793003,13004.149058717412,3471.7097234674848,16475.858782184896,XGB_OD,SCENARIO,Aid_HIGH__Conflict_internal_LOW
MYS,IDN,2025,,177983.67739711542,247126.33986710585,65670.95274652293,3471.7097234674848,69142.66246999042,XGB_OD,SCENARIO,Aid_HIGH__Conflict_internal_LOW__Conflict_external_HIGH
MYS,IDN,2025,,177983.67739711542,212015.1374085688,30559.75028798592,3471.7097234674848,34031.460011453404,XGB_OD,SCENARIO,Aid_HIGH__Conflict_internal_LOW__Conflict_external_LOW
MYS,IDN,2025,,177983.67739711542,183556.88413656573,5573.20673945032,0.0,5573.20673945032,XGB_OD,SCENARIO,Aid_LOW
MYS,IDN,2025,,177983.67739711542,247648.7616402444,69665.084243129,0.0,69665.084243129,XGB_OD,SCENARIO,Aid_LOW__Conflict_external_HIGH
MYS,IDN,2025,,177983.67739711542,204920.84330445863,26937.16590734321,0.0,26937.16590734321,XGB_OD,SCENARIO,Aid_LOW__Conflict_external_LOW
MYS,IDN,2025,,177983.67739711542,193972.0133069682,5573.20673945032,10415.129170402455,15988.335909852776,XGB_OD,SCENARIO,Aid_LOW__Conflict_internal_HIGH
MYS,IDN,2025,,177983.67739711542,200381.2010573361,11982.394489818193,10415.129170402455,22397.52366022065,XGB_OD,SCENARIO,Aid_LOW__Conflict_internal_HIGH__Conflict_external_HIGH
MYS,IDN,2025,,177983.67739711542,196108.40922375748,7709.602656239611,10415.129170402455,18124.731826642063,XGB_OD,SCENARIO,Aid_LOW__Conflict_internal_HIGH__Conflict_external_LOW
MYS,IDN,2025,,177983.67739711542,187028.59386003323,5573.20673945032,3471.7097234674848,9044.916462917805,XGB_OD,SCENARIO,Aid_LOW__Conflict_internal_LOW
MYS,IDN,2025,,177983.67739711542,231892.9081126083,50437.52099202538,3471.7097234674848,53909.23071549287,XGB_OD,SCENARIO,Aid_LOW__Conflict_internal_LOW__Conflict_external_HIGH
MYS,IDN,2025,,177983.67739711542,201983.36527755824,20527.978156975343,3471.7097234674848,23999.687880442827,XGB_OD,SCENARIO,Aid_LOW__Conflict_internal_LOW__Conflict_external_LOW
MYS,IDN,2025,,177983.67739711542,233715.7447916186,55732.0673945032,0.0,55732.0673945032,XGB_OD,SCENARIO,Conflict_external_HIGH
MYS,IDN,2025,,177983.67739711542,196561.03319528315,18577.355798167733,0.0,18577.355798167733,XGB_OD,SCENARIO,Conflict_external_LOW
MYS,IDN,2025,,177983.67739711542,188398.80656751787,0.0,10415.129170402455,10415.129170402455,XGB_OD,SCENARIO,Conflict_internal_HIGH
MYS,IDN,2025,,177983.67739711542,193972.0133069682,5573.206739450325,10415.129170402455,15988.33590985278,XGB_OD,SCENARIO,Conflict_internal_HIGH__Conflict_external_HIGH
MYS,IDN,2025,,177983.67739711542,190256.54214733464,1857.735579816775,10415.129170402455,12272.86475021923,XGB_OD,SCENARIO,Conflict_internal_HIGH__Conflict_external_LOW
MYS,IDN,2025,,177983.67739711542,181455.3871205829,0.0,3471.7097234674848,3471.7097234674848,XGB_OD,SCENARIO,Conflict_internal_LOW
MYS,IDN,2025,,177983.67739711542,220467.83429673515,39012.44717615224,3471.7097234674848,42484.15689961973,XGB_OD,SCENARIO,Conflict_internal_LOW__Conflict_external_HIGH
MYS,IDN,2025,,177983.67739711542,194459.5361793003,13004.149058717412,3471.7097234674848,16475.858782184896,XGB_OD,SCENARIO,Conflict_internal_LOW__Conflict_external_LOW
MYS,IDN,2030,,186051.3454874743,,,,,XGB_OD,FORECAST,
MYS,IDN,2035,,196455.09985064616,,,,,XGB_OD,FORECAST,
PAK,IDN,2000,8.0,,,,,,HIST,HIST,
PAK,IDN,2005,5.0,,,,,,HIST,HIST,
PAK,IDN,2010,15.0,,,,,,HIST,HIST,
PAK,IDN,2015,485.0,,,,,,HIST,HIST,
PAK,IDN,2020,325.0,,,,,,HIST,HIST,
PAK,IDN,2024,244.0,,,,,,HIST,HIST,
PAK,IDN,2025,,301.24988828181495,,,,,XGB_OD,FORECAST,
PAK,IDN,2025,,301.24988828181495,320.9564484373738,19.706560155558865,0.0,19.706560155558865,XGB_OD,SCENARIO,Aid_HIGH
PAK,IDN,2025,,301.24988828181495,434.9729750516787,133.72308676986376,0.0,133.72308676986376,XGB_OD,SCENARIO,Aid_HIGH__Conflict_external_HIGH
PAK,IDN,2025,,301.24988828181495,358.9619573088088,57.71206902699382,0.0,57.71206902699382,XGB_OD,SCENARIO,Aid_HIGH__Conflict_external_LOW
PAK,IDN,2025,,301.24988828181495,320.9564484373738,19.706560155558865,0.0,19.706560155558865,XGB_OD,SCENARIO,Aid_HIGH__Conflict_internal_HIGH
PAK,IDN,2025,,301.24988828181495,332.3581010988043,31.108212816989365,0.0,31.108212816989365,XGB_OD,SCENARIO,Aid_HIGH__Conflict_internal_HIGH__Conflict_external_HIGH
PAK,IDN,2025,,301.24988828181495,324.7569993245173,23.507111042702363,0.0,23.507111042702363,XGB_OD,SCENARIO,Aid_HIGH__Conflict_internal_HIGH__Conflict_external_LOW
PAK,IDN,2025,,301.24988828181495,320.9564484373738,19.706560155558865,0.0,19.706560155558865,XGB_OD,SCENARIO,Aid_HIGH__Conflict_internal_LOW
PAK,IDN,2025,,301.24988828181495,400.7680170673872,99.51812878557226,0.0,99.51812878557226,XGB_OD,SCENARIO,Aid_HIGH__Conflict_internal_LOW__Conflict_external_HIGH
PAK,IDN,2025,,301.24988828181495,347.5603046473783,46.31041636556333,0.0,46.31041636556333,XGB_OD,SCENARIO,Aid_HIGH__Conflict_internal_LOW__Conflict_external_LOW
PAK,IDN,2025,,301.24988828181495,309.6955569199116,8.445668638096656,0.0,8.445668638096656,XGB_OD,SCENARIO,Aid_LOW
PAK,IDN,2025,,301.24988828181495,406.8207462580232,105.5708579762082,0.0,105.5708579762082,XGB_OD,SCENARIO,Aid_LOW__Conflict_external_HIGH
PAK,IDN,2025,,301.24988828181495,342.07062003261547,40.820731750800505,0.0,40.820731750800505,XGB_OD,SCENARIO,Aid_LOW__Conflict_external_LOW
PAK,IDN,2025,,301.24988828181495,309.6955569199116,8.445668638096656,0.0,8.445668638096656,XGB_OD,SCENARIO,Aid_LOW__Conflict_internal_HIGH
PAK,IDN,2025,,301.24988828181495,319.4080758537228,18.158187571907817,0.0,18.158187571907817,XGB_OD,SCENARIO,Aid_LOW__Conflict_internal_HIGH__Conflict_external_HIGH
PAK,IDN,2025,,301.24988828181495,312.933063231182,11.683174949367045,0.0,11.683174949367045,XGB_OD,SCENARIO,Aid_LOW__Conflict_internal_HIGH__Conflict_external_LOW
PAK,IDN,2025,,301.24988828181495,309.6955569199116,8.445668638096656,0.0,8.445668638096656,XGB_OD,SCENARIO,Aid_LOW__Conflict_internal_LOW
PAK,IDN,2025,,301.24988828181495,377.6831894565897,76.43330117477473,0.0,76.43330117477473,XGB_OD,SCENARIO,Aid_LOW__Conflict_internal_LOW__Conflict_external_HIGH
PAK,IDN,2025,,301.24988828181495,332.3581010988043,31.10821281698935,0.0,31.10821281698935,XGB_OD,SCENARIO,Aid_LOW__Conflict_internal_LOW__Conflict_external_LOW
PAK,IDN,2025,,301.24988828181495,385.7065746627815,84.45668638096656,0.0,84.45668638096656,XGB_OD,SCENARIO,Conflict_external_HIGH
PAK,IDN,2025,,301.24988828181495,329.40211707547047,28.15222879365552,0.0,28.15222879365552,XGB_OD,SCENARIO,Conflict_external_LOW
PAK,IDN,2025,,301.24988828181495,301.24988828181495,0.0,0.0,0.0,XGB_OD,SCENARIO,Conflict_internal_HIGH
PAK,IDN,2025,,301.24988828181495,309.6955569199116,8.445668638096663,0.0,8.445668638096663,XGB_OD,SCENARIO,Conflict_internal_HIGH__Conflict_external_HIGH
PAK,IDN,2025,,301.24988828181495,304.0651111611805,2.815222879365555,0.0,2.815222879365555,XGB_OD,SCENARIO,Conflict_internal_HIGH__Conflict_external_LOW
PAK,IDN,2025,,301.24988828181495,301.24988828181495,0.0,0.0,0.0,XGB_OD,SCENARIO,Conflict_internal_LOW
PAK,IDN,2025,,301.24988828181495,360.36956874849153,59.1196804666766,0.0,59.1196804666766,XGB_OD,SCENARIO,Conflict_internal_LOW__Conflict_external_HIGH
PAK,IDN,2025,,301.24988828181495,320.9564484373738,19.706560155558865,0.0,19.706560155558865,XGB_OD,SCENARIO,Conflict_internal_LOW__Conflict_external_LOW
PAK,IDN,2030,,320.9660195376464,,,,,XGB_OD,FORECAST,
PAK,IDN,2035,,343.4023869496214,,,,,XGB_OD,FORECAST,
PHL,IDN,2000,9928.0,,,,,,HIST,HIST,
PHL,IDN,2005,6367.0,,,,,,HIST,HIST,
PHL,IDN,2010,5851.0,,,,,,HIST,HIST,
PHL,IDN,2015,3549.0,,,,,,HIST,HIST,
PHL,IDN,2020,1239.0,,,,,,HIST,HIST,
PHL,IDN,2024,1607.0,,,,,,HIST,HIST,
PHL,IDN,2025,,1361.61014534697,,,,,XGB_OD,FORECAST,
PHL,IDN,2025,,1361.61014534697,1491.3988427649329,129.7886974179627,0.0,129.7886974179627,XGB_OD,SCENARIO,Aid_HIGH
PHL,IDN,2025,,1361.61014534697,2242.3191635402886,880.7090181933186,0.0,880.7090181933186,XGB_OD,SCENARIO,Aid_HIGH__Conflict_external_HIGH
PHL,IDN,2025,,1361.61014534697,1741.705616356718,380.095471009748,0.0,380.095471009748,XGB_OD,SCENARIO,Aid_HIGH__Conflict_external_LOW
PHL,IDN,2025,,1361.61014534697,1491.3988427649329,129.7886974179627,0.0,129.7886974179627,XGB_OD,SCENARIO,Aid_HIGH__Conflict_internal_HIGH
PHL,IDN,2025,,1361.61014534697,1566.4908748424684,204.8807294954984,0.0,204.8807294954984,XGB_OD,SCENARIO,Aid_HIGH__Conflict_internal_HIGH__Conflict_external_HIGH
PHL,IDN,2025,,1361.61014534697,1516.4295201241114,154.81937477714126,0.0,154.81937477714126,XGB_OD,SCENARIO,Aid_HIGH__Conflict_internal_HIGH__Conflict_external_LOW
PHL,IDN,2025,,1361.61014534697,1491.3988427649329,129.7886974179627,0.0,129.7886974179627,XGB_OD,SCENARIO,Aid_HIGH__Conflict_internal_LOW
PHL,IDN,2025,,1361.61014534697,2017.0430673076817,655.4329219607116,0.0,655.4329219607116,XGB_OD,SCENARIO,Aid_HIGH__Conflict_internal_LOW__Conflict_external_HIGH
PHL,IDN,2025,,1361.61014534697,1666.6135842791823,305.0034389322124,0.0,305.0034389322124,XGB_OD,SCENARIO,Aid_HIGH__Conflict_internal_LOW__Conflict_external_LOW
PHL,IDN,2025,,1361.61014534697,1417.2338728118111,55.62372746484117,0.0,55.62372746484117,XGB_OD,SCENARIO,Aid_LOW
PHL,IDN,2025,,1361.61014534697,2056.9067386574848,695.2965933105146,0.0,695.2965933105146,XGB_OD,SCENARIO,Aid_LOW__Conflict_external_HIGH
PHL,IDN,2025,,1361.61014534697,1630.4581614270355,268.8480160800656,0.0,268.8480160800656,XGB_OD,SCENARIO,Aid_LOW__Conflict_external_LOW
PHL,IDN,2025,,1361.61014534697,1417.2338728118111,55.62372746484117,0.0,55.62372746484117,XGB_OD,SCENARIO,Aid_LOW__Conflict_internal_HIGH
PHL,IDN,2025,,1361.61014534697,1481.201159396379,119.59101404940856,0.0,119.59101404940856,XGB_OD,SCENARIO,Aid_LOW__Conflict_internal_HIGH__Conflict_external_HIGH
PHL,IDN,2025,,1361.61014534697,1438.5563016733338,76.94615632636364,0.0,76.94615632636364,XGB_OD,SCENARIO,Aid_LOW__Conflict_internal_HIGH__Conflict_external_LOW
PHL,IDN,2025,,1361.61014534697,1417.2338728118111,55.62372746484117,0.0,55.62372746484117,XGB_OD,SCENARIO,Aid_LOW__Conflict_internal_LOW
PHL,IDN,2025,,1361.61014534697,1865.0048789037824,503.3947335568124,0.0,503.3947335568124,XGB_OD,SCENARIO,Aid_LOW__Conflict_internal_LOW__Conflict_external_HIGH
PHL,IDN,2025,,1361.61014534697,1566.4908748424684,204.8807294954983,0.0,204.8807294954983,XGB_OD,SCENARIO,Aid_LOW__Conflict_internal_LOW__Conflict_external_LOW
PHL,IDN,2025,,1361.61014534697,1917.8474199953816,556.2372746484117,0.0,556.2372746484117,XGB_OD,SCENARIO,Conflict_external_HIGH
PHL,IDN,2025,,1361.61014534697,1547.022570229774,185.4124248828039,0.0,185.4124248828039,XGB_OD,SCENARIO,Conflict_external_LOW
PHL,IDN,2025,,1361.61014534697,1361.61014534697,0.0,0.0,0.0,XGB_OD,SCENARIO,Conflict_internal_HIGH
PHL,IDN,2025,,1361.61014534697,1417.2338728118114,55.62372746484121,0.0,55.62372746484121,XGB_OD,SCENARIO,Conflict_internal_HIGH__Conflict_external_HIGH
PHL,IDN,2025,,1361.61014534697,1380.1513878352505,18.541242488280407,0.0,18.541242488280407,XGB_OD,SCENARIO,Conflict_internal_HIGH__Conflict_external_LOW
PHL,IDN,2025,,1361.61014534697,1361.61014534697,0.0,0.0,0.0,XGB_OD,SCENARIO,Conflict_internal_LOW
PHL,IDN,2025,,1361.61014534697,1750.9762376008582,389.36609225388816,0.0,389.36609225388816,XGB_OD,SCENARIO,Conflict_internal_LOW__Conflict_external_HIGH
PHL,IDN,2025,,1361.61014534697,1491.3988427649329,129.7886974179627,0.0,129.7886974179627,XGB_OD,SCENARIO,Conflict_internal_LOW__Conflict_external_LOW
PHL,IDN,2030,,1351.3498908070892,,,,,XGB_OD,FORECAST,
PHL,IDN,2035,,1353.9886113891964,,,,,XGB_OD,FORECAST,
PSE,IDN,2000,5.0,,,,,,HIST,HIST,
PSE,IDN,2005,0.0,,,,,,HIST,HIST,
PSE,IDN,2010,0.0,,,,,,HIST,HIST,
PSE,IDN,2015,492.0,,,,,,HIST,HIST,
PSE,IDN,2020,385.0,,,,,,HIST,HIST,
PSE,IDN,2024,206.0,,,,,,HIST,HIST,
PSE,IDN,2025,,275.88213213503616,,,,,XGB_OD,FORECAST,
PSE,IDN,2025,,275.88213213503616,292.5196378401393,16.63750570510314,0.0,16.63750570510314,XGB_OD,SCENARIO,Aid_HIGH
PSE,IDN,2025,,275.88213213503616,388.7794922768075,112.89736014177134,0.0,112.89736014177134,XGB_OD,SCENARIO,Aid_HIGH__Conflict_external_HIGH
PSE,IDN,2025,,275.88213213503616,324.6062559856954,48.7241238506592,0.0,48.7241238506592,XGB_OD,SCENARIO,Aid_HIGH__Conflict_external_LOW
PSE,IDN,2025,,275.88213213503616,292.5196378401393,16.63750570510314,0.0,16.63750570510314,XGB_OD,SCENARIO,Aid_HIGH__Conflict_internal_HIGH
PSE,IDN,2025,,275.88213213503616,302.1456232838061,26.26349114876997,0.0,26.26349114876997,XGB_OD,SCENARIO,Aid_HIGH__Conflict_internal_HIGH__Conflict_external_HIGH
PSE,IDN,2025,,275.88213213503616,295.7282996546949,19.846167519658756,0.0,19.846167519658756,XGB_OD,SCENARIO,Aid_HIGH__Conflict_internal_HIGH__Conflict_external_LOW
PSE,IDN,2025,,275.88213213503616,292.5196378401393,16.63750570510314,0.0,16.63750570510314,XGB_OD,SCENARIO,Aid_HIGH__Conflict_internal_LOW
PSE,IDN,2025,,275.88213213503616,359.90153594580704,84.01940381077085,0.0,84.01940381077085,XGB_OD,SCENARIO,Aid_HIGH__Conflict_internal_LOW__Conflict_external_HIGH
PSE,IDN,2025,,275.88213213503616,314.98027054202856,39.09813840699238,0.0,39.09813840699238,XGB_OD,SCENARIO,Aid_HIGH__Conflict_internal_LOW__Conflict_external_LOW
PSE,IDN,2025,,275.88213213503616,283.0124917229375,7.130359587901347,0.0,7.130359587901347,XGB_OD,SCENARIO,Aid_LOW
PSE,IDN,2025,,275.88213213503616,365.011626983803,89.12949484876684,0.0,89.12949484876684,XGB_OD,SCENARIO,Aid_LOW__Conflict_external_HIGH
PSE,IDN,2025,,275.88213213503616,310.3455368098927,34.463404674856505,0.0,34.463404674856505,XGB_OD,SCENARIO,Aid_LOW__Conflict_external_LOW
PSE,IDN,2025,,275.88213213503616,283.0124917229375,7.130359587901347,0.0,7.130359587901347,XGB_OD,SCENARIO,Aid_LOW__Conflict_internal_HIGH
PSE,IDN,2025,,275.88213213503616,291.2124052490241,15.330273113987902,0.0,15.330273113987902,XGB_OD,SCENARIO,Aid_LOW__Conflict_internal_HIGH__Conflict_external_HIGH
PSE,IDN,2025,,275.88213213503616,285.74579623163305,9.863664096596866,0.0,9.863664096596866,XGB_OD,SCENARIO,Aid_LOW__Conflict_internal_HIGH__Conflict_external_LOW
PSE,IDN,2025,,275.88213213503616,283.0124917229375,7.130359587901347,0.0,7.130359587901347,XGB_OD,SCENARIO,Aid_LOW__Conflict_internal_LOW
PSE,IDN,2025,,275.88213213503616,340.4118864055433,64.52975427050717,0.0,64.52975427050717,XGB_OD,SCENARIO,Aid_LOW__Conflict_internal_LOW__Conflict_external_HIGH
PSE,IDN,2025,,275.88213213503616,302.1456232838061,26.26349114876996,0.0,26.26349114876996,XGB_OD,SCENARIO,Aid_LOW__Conflict_internal_LOW__Conflict_external_LOW
PSE,IDN,2025,,275.88213213503616,347.18572801404963,71.30359587901347,0.0,71.30359587901347,XGB_OD,SCENARIO,Conflict_external_HIGH
PSE,IDN,2025,,275.88213213503616,299.64999742804065,23.76786529300449,0.0,23.76786529300449,XGB_OD,SCENARIO,Conflict_external_LOW
PSE,IDN,2025,,275.88213213503616,275.88213213503616,0.0,0.0,0.0,XGB_OD,SCENARIO,Conflict_internal_HIGH
PSE,IDN,2025,,275.88213213503616,283.0124917229375,7.130359587901353,0.0,7.130359587901353,XGB_OD,SCENARIO,Conflict_internal_HIGH__Conflict_external_HIGH
PSE,IDN,2025,,275.88213213503616,278.2589186643366,2.376786529300451,0.0,2.376786529300451,XGB_OD,SCENARIO,Conflict_internal_HIGH__Conflict_external_LOW
PSE,IDN,2025,,275.88213213503616,275.88213213503616,0.0,0.0,0.0,XGB_OD,SCENARIO,Conflict_internal_LOW
PSE,IDN,2025,,275.88213213503616,325.7946492503456,49.91251711530943,0.0,49.91251711530943,XGB_OD,SCENARIO,Conflict_internal_LOW__Conflict_external_HIGH
PSE,IDN,2025,,275.88213213503616,292.5196378401393,16.63750570510314,0.0,16.63750570510314,XGB_OD,SCENARIO,Conflict_internal_LOW__Conflict_external_LOW
PSE,IDN,2030,,288.2853905932688,,,,,XGB_OD,FORECAST,
PSE,IDN,2035,,289.37386461137095,,,,,XGB_OD,FORECAST,
SAU,IDN,2000,3889.0,,,,,,HIST,HIST,
SAU,IDN,2005,2813.0,,,,,,HIST,HIST,
SAU,IDN,2010,3097.0,,,,,,HIST,HIST,
SAU,IDN,2015,4916.0,,,,,,HIST,HIST,
SAU,IDN,2020,7822.0,,,,,,HIST,HIST,
SAU,IDN,2024,8877.0,,,,,,HIST,HIST,
SAU,IDN,2025,,7091.083952086667,,,,,XGB_OD,FORECAST,
SAU,IDN,2025,,7091.083952086667,7808.031224631333,716.9472725446665,0.0,716.9472725446665,XGB_OD,SCENARIO,Aid_HIGH
SAU,IDN,2025,,7091.083952086667,11956.083301496905,4864.999349410237,0.0,4864.999349410237,XGB_OD,SCENARIO,Aid_HIGH__Conflict_external_HIGH
SAU,IDN,2025,,7091.083952086667,9190.71525025319,2099.6312981665237,0.0,2099.6312981665237,XGB_OD,SCENARIO,Aid_HIGH__Conflict_external_LOW
SAU,IDN,2025,,7091.083952086667,7808.031224631333,716.9472725446665,0.0,716.9472725446665,XGB_OD,SCENARIO,Aid_HIGH__Conflict_internal_HIGH
SAU,IDN,2025,,7091.083952086667,8222.83643231789,1131.752480231224,0.0,1131.752480231224,XGB_OD,SCENARIO,Aid_HIGH__Conflict_internal_HIGH__Conflict_external_HIGH
SAU,IDN,2025,,7091.083952086667,7946.299627193519,855.2156751068524,0.0,855.2156751068524,XGB_OD,SCENARIO,Aid_HIGH__Conflict_internal_HIGH__Conflict_external_LOW
SAU,IDN,2025,,7091.083952086667,7808.031224631333,716.9472725446665,0.0,716.9472725446665,XGB_OD,SCENARIO,Aid_HIGH__Conflict_internal_LOW
SAU,IDN,2025,,7091.083952086667,10711.667678437232,3620.5837263505655,0.0,3620.5837263505655,XGB_OD,SCENARIO,Aid_HIGH__Conflict_internal_LOW__Conflict_external_HIGH
SAU,IDN,2025,,7091.083952086667,8775.910042566633,1684.8260904799663,0.0,1684.8260904799663,XGB_OD,SCENARIO,Aid_HIGH__Conflict_internal_LOW__Conflict_external_LOW
SAU,IDN,2025,,7091.083952086667,7398.347068891524,307.2631168048571,0.0,307.2631168048571,XGB_OD,SCENARIO,Aid_LOW
SAU,IDN,2025,,7091.083952086667,10931.87291214738,3840.7889600607136,0.0,3840.7889600607136,XGB_OD,SCENARIO,Aid_LOW__Conflict_external_HIGH
SAU,IDN,2025,,7091.083952086667,8576.189016643475,1485.105064556809,0.0,1485.105064556809,XGB_OD,SCENARIO,Aid_LOW__Conflict_external_LOW
SAU,IDN,2025,,7091.083952086667,7398.347068891524,307.2631168048571,0.0,307.2631168048571,XGB_OD,SCENARIO,Aid_LOW__Conflict_internal_HIGH
SAU,IDN,2025,,7091.083952086667,7751.69965321711,660.615701130443,0.0,660.615701130443,XGB_OD,SCENARIO,Aid_LOW__Conflict_internal_HIGH__Conflict_external_HIGH
SAU,IDN,2025,,7091.083952086667,7516.131263666719,425.0473115800524,0.0,425.0473115800524,XGB_OD,SCENARIO,Aid_LOW__Conflict_internal_HIGH__Conflict_external_LOW
SAU,IDN,2025,,7091.083952086667,7398.347068891524,307.2631168048571,0.0,307.2631168048571,XGB_OD,SCENARIO,Aid_LOW__Conflict_internal_LOW
SAU,IDN,2025,,7091.083952086667,9871.815159170625,2780.731207083956,0.0,2780.731207083956,XGB_OD,SCENARIO,Aid_LOW__Conflict_internal_LOW__Conflict_external_HIGH
SAU,IDN,2025,,7091.083952086667,8222.83643231789,1131.7524802312234,0.0,1131.7524802312234,XGB_OD,SCENARIO,Aid_LOW__Conflict_internal_LOW__Conflict_external_LOW
SAU,IDN,2025,,7091.083952086667,10163.715120135235,3072.6311680485705,0.0,3072.6311680485705,XGB_OD,SCENARIO,Conflict_external_HIGH
SAU,IDN,2025,,7091.083952086667,8115.294341436191,1024.2103893495237,0.0,1024.2103893495237,XGB_OD,SCENARIO,Conflict_external_LOW
SAU,IDN,2025,,7091.083952086667,7091.083952086667,0.0,0.0,0.0,XGB_OD,SCENARIO,Conflict_internal_HIGH
SAU,IDN,2025,,7091.083952086667,7398.347068891524,307.26311680485736,0.0,307.26311680485736,XGB_OD,SCENARIO,Conflict_internal_HIGH__Conflict_external_HIGH
SAU,IDN,2025,,7091.083952086667,7193.504991021619,102.42103893495246,0.0,102.42103893495246,XGB_OD,SCENARIO,Conflict_internal_HIGH__Conflict_external_LOW
SAU,IDN,2025,,7091.083952086667,7091.083952086667,0.0,0.0,0.0,XGB_OD,SCENARIO,Conflict_internal_LOW
SAU,IDN,2025,,7091.083952086667,9241.925769720669,2150.841817634,0.0,2150.841817634,XGB_OD,SCENARIO,Conflict_internal_LOW__Conflict_external_HIGH
SAU,IDN,2025,,7091.083952086667,7808.031224631333,716.9472725446665,0.0,716.9472725446665,XGB_OD,SCENARIO,Conflict_internal_LOW__Conflict_external_LOW
SAU,IDN,2030,,6709.924274102665,,,,,XGB_OD,FORECAST,
SAU,IDN,2035,,7442.115458095808,,,,,XGB_OD,FORECAST,
SDN,IDN,2000,0.0,,,,,,HIST,HIST,
SDN,IDN,2005,0.0,,,,,,HIST,HIST,
SDN,IDN,2010,0.0,,,,,,HIST,HIST,
SDN,IDN,2015,308.0,,,,,,HIST,HIST,
SDN,IDN,2020,500.0,,,,,,HIST,HIST,
SDN,IDN,2024,444.0,,,,,,HIST,HIST,
SDN,IDN,2025,,648.9514816720281,,,,,XGB_OD,FORECAST,
SDN,IDN,2025,,648.9514816720281,684.8109599878801,35.85947831585196,0.0,35.85947831585196,XGB_OD,SCENARIO,Aid_HIGH
SDN,IDN,2025,,648.9514816720281,892.2836559581664,243.33217428613835,0.0,243.33217428613835,XGB_OD,SCENARIO,Aid_HIGH__Conflict_external_HIGH
SDN,IDN,2025,,648.9514816720281,753.9685253113088,105.01704363928071,0.0,105.01704363928071,XGB_OD,SCENARIO,Aid_HIGH__Conflict_external_LOW
SDN,IDN,2025,,648.9514816720281,684.8109599878801,35.85947831585196,0.0,35.85947831585196,XGB_OD,SCENARIO,Aid_HIGH__Conflict_internal_HIGH
SDN,IDN,2025,,648.9514816720281,705.5582295849086,56.60674791288061,0.0,56.60674791288061,XGB_OD,SCENARIO,Aid_HIGH__Conflict_internal_HIGH__Conflict_external_HIGH
SDN,IDN,2025,,648.9514816720281,691.7267165202229,42.77523484819484,0.0,42.77523484819484,XGB_OD,SCENARIO,Aid_HIGH__Conflict_internal_HIGH__Conflict_external_LOW
SDN,IDN,2025,,648.9514816720281,684.8109599878801,35.85947831585196,0.0,35.85947831585196,XGB_OD,SCENARIO,Aid_HIGH__Conflict_internal_LOW
SDN,IDN,2025,,648.9514816720281,830.0418471670805,181.0903654950524,0.0,181.0903654950524,XGB_OD,SCENARIO,Aid_HIGH__Conflict_internal_LOW__Conflict_external_HIGH
SDN,IDN,2025,,648.9514816720281,733.2212557142802,84.26977404225211,0.0,84.26977404225211,XGB_OD,SCENARIO,Aid_HIGH__Conflict_internal_LOW__Conflict_external_LOW
SDN,IDN,2025,,648.9514816720281,664.3198295216789,15.36834784965084,0.0,15.36834784965084,XGB_OD,SCENARIO,Aid_LOW
SDN,IDN,2025,,648.9514816720281,841.0558297926635,192.10434812063548,0.0,192.10434812063548,XGB_OD,SCENARIO,Aid_LOW__Conflict_external_HIGH
SDN,IDN,2025,,648.9514816720281,723.2318296120071,74.28034793997905,0.0,74.28034793997905,XGB_OD,SCENARIO,Aid_LOW__Conflict_external_LOW
SDN,IDN,2025,,648.9514816720281,664.3198295216789,15.36834784965084,0.0,15.36834784965084,XGB_OD,SCENARIO,Aid_LOW__Conflict_internal_HIGH
SDN,IDN,2025,,648.9514816720281,681.9934295487774,33.04194787674932,0.0,33.04194787674932,XGB_OD,SCENARIO,Aid_LOW__Conflict_internal_HIGH__Conflict_external_HIGH
SDN,IDN,2025,,648.9514816720281,670.2110295307117,21.259547858683668,0.0,21.259547858683668,XGB_OD,SCENARIO,Aid_LOW__Conflict_internal_HIGH__Conflict_external_LOW
SDN,IDN,2025,,648.9514816720281,664.3198295216789,15.36834784965084,0.0,15.36834784965084,XGB_OD,SCENARIO,Aid_LOW__Conflict_internal_LOW
SDN,IDN,2025,,648.9514816720281,788.0350297113681,139.08354803934006,0.0,139.08354803934006,XGB_OD,SCENARIO,Aid_LOW__Conflict_internal_LOW__Conflict_external_HIGH
SDN,IDN,2025,,648.9514816720281,705.5582295849086,56.60674791288059,0.0,56.60674791288059,XGB_OD,SCENARIO,Aid_LOW__Conflict_internal_LOW__Conflict_external_LOW
SDN,IDN,2025,,648.9514816720281,802.6349601685365,153.6834784965084,0.0,153.6834784965084,XGB_OD,SCENARIO,Conflict_external_HIGH
SDN,IDN,2025,,648.9514816720281,700.1793078375309,51.2278261655028,0.0,51.2278261655028,XGB_OD,SCENARIO,Conflict_external_LOW
SDN,IDN,2025,,648.9514816720281,648.9514816720281,0.0,0.0,0.0,XGB_OD,SCENARIO,Conflict_internal_HIGH
SDN,IDN,2025,,648.9514816720281,664.3198295216789,15.368347849650853,0.0,15.368347849650853,XGB_OD,SCENARIO,Conflict_internal_HIGH__Conflict_external_HIGH
SDN,IDN,2025,,648.9514816720281,654.0742642885783,5.1227826165502846,0.0,5.1227826165502846,XGB_OD,SCENARIO,Conflict_internal_HIGH__Conflict_external_LOW
SDN,IDN,2025,,648.9514816720281,648.9514816720281,0.0,0.0,0.0,XGB_OD,SCENARIO,Conflict_internal_LOW
SDN,IDN,2025,,648.9514816720281,756.5299166195839,107.57843494755588,0.0,107.57843494755588,XGB_OD,SCENARIO,Conflict_internal_LOW__Conflict_external_HIGH
SDN,IDN,2025,,648.9514816720281,684.8109599878801,35.85947831585196,0.0,35.85947831585196,XGB_OD,SCENARIO,Conflict_internal_LOW__Conflict_external_LOW
SDN,IDN,2030,,766.2218569581522,,,,,XGB_OD,FORECAST,
SDN,IDN,2035,,875.039871958524,,,,,XGB_OD,FORECAST,
SGP,IDN,2000,2762.0,,,,,,HIST,HIST,
SGP,IDN,2005,2004.0,,,,,,HIST,HIST,
SGP,IDN,2010,2132.0,,,,,,HIST,HIST,
SGP,IDN,2015,1762.0,,,,,,HIST,HIST,
SGP,IDN,2020,1282.0,,,,,,HIST,HIST,
SGP,IDN,2024,1743.0,,,,,,HIST,HIST,
SGP,IDN,2025,,1810.084019851702,,,,,XGB_OD,FORECAST,
SGP,IDN,2025,,1810.084019851702,1950.8567016186664,140.77268176696444,0.0,140.77268176696444,XGB_OD,SCENARIO,Aid_HIGH
SGP,IDN,2025,,1810.084019851702,2765.3272175561037,955.2431977044016,0.0,955.2431977044016,XGB_OD,SCENARIO,Aid_HIGH__Conflict_external_HIGH
SGP,IDN,2025,,1810.084019851702,2222.346873597812,412.2628537461101,0.0,412.2628537461101,XGB_OD,SCENARIO,Aid_HIGH__Conflict_external_LOW
SGP,IDN,2025,,1810.084019851702,1950.8567016186664,140.77268176696444,0.0,140.77268176696444,XGB_OD,SCENARIO,Aid_HIGH__Conflict_internal_HIGH
SGP,IDN,2025,,1810.084019851702,2032.30375321241,222.21973336070823,0.0,222.21973336070823,XGB_OD,SCENARIO,Aid_HIGH__Conflict_internal_HIGH__Conflict_external_HIGH
SGP,IDN,2025,,1810.084019851702,1978.0057188165808,167.92169896487903,0.0,167.92169896487903,XGB_OD,SCENARIO,Aid_HIGH__Conflict_internal_HIGH__Conflict_external_LOW
SGP,IDN,2025,,1810.084019851702,1950.8567016186664,140.77268176696444,0.0,140.77268176696444,XGB_OD,SCENARIO,Aid_HIGH__Conflict_internal_LOW
SGP,IDN,2025,,1810.084019851702,2520.986062774872,710.9020429231703,0.0,710.9020429231703,XGB_OD,SCENARIO,Aid_HIGH__Conflict_internal_LOW__Conflict_external_HIGH
SGP,IDN,2025,,1810.084019851702,2140.8998220040685,330.8158021523664,0.0,330.8158021523664,XGB_OD,SCENARIO,Aid_HIGH__Conflict_internal_LOW__Conflict_external_LOW
SGP,IDN,2025,,1810.084019851702,1870.4151691804009,60.33114932869904,0.0,60.33114932869904,XGB_OD,SCENARIO,Aid_LOW
SGP,IDN,2025,,1810.084019851702,2564.22338646044,754.1393666087381,0.0,754.1393666087381,XGB_OD,SCENARIO,Aid_LOW__Conflict_external_HIGH
SGP,IDN,2025,,1810.084019851702,2101.6845749404138,291.60055508871204,0.0,291.60055508871204,XGB_OD,SCENARIO,Aid_LOW__Conflict_external_LOW
SGP,IDN,2025,,1810.084019851702,1870.4151691804009,60.33114932869904,0.0,60.33114932869904,XGB_OD,SCENARIO,Aid_LOW__Conflict_internal_HIGH
SGP,IDN,2025,,1810.084019851702,1939.795990908405,129.711971056703,0.0,129.711971056703,XGB_OD,SCENARIO,Aid_LOW__Conflict_internal_HIGH__Conflict_external_HIGH
SGP,IDN,2025,,1810.084019851702,1893.5421097564024,83.45808990470036,0.0,83.45808990470036,XGB_OD,SCENARIO,Aid_LOW__Conflict_internal_HIGH__Conflict_external_LOW
SGP,IDN,2025,,1810.084019851702,1870.4151691804009,60.33114932869904,0.0,60.33114932869904,XGB_OD,SCENARIO,Aid_LOW__Conflict_internal_LOW
SGP,IDN,2025,,1810.084019851702,2356.080921276428,545.9969014247262,0.0,545.9969014247262,XGB_OD,SCENARIO,Aid_LOW__Conflict_internal_LOW__Conflict_external_HIGH
SGP,IDN,2025,,1810.084019851702,2032.30375321241,222.21973336070812,0.0,222.21973336070812,XGB_OD,SCENARIO,Aid_LOW__Conflict_internal_LOW__Conflict_external_LOW
SGP,IDN,2025,,1810.084019851702,2413.3955131386924,603.3114932869904,0.0,603.3114932869904,XGB_OD,SCENARIO,Conflict_external_HIGH
SGP,IDN,2025,,1810.084019851702,2011.1878509473652,201.10383109566348,0.0,201.10383109566348,XGB_OD,SCENARIO,Conflict_external_LOW
SGP,IDN,2025,,1810.084019851702,1810.084019851702,0.0,0.0,0.0,XGB_OD,SCENARIO,Conflict_internal_HIGH
SGP,IDN,2025,,1810.084019851702,1870.4151691804009,60.3311493286991,0.0,60.3311493286991,XGB_OD,SCENARIO,Conflict_internal_HIGH__Conflict_external_HIGH
SGP,IDN,2025,,1810.084019851702,1830.194402961268,20.110383109566367,0.0,20.110383109566367,XGB_OD,SCENARIO,Conflict_internal_HIGH__Conflict_external_LOW
SGP,IDN,2025,,1810.084019851702,1810.084019851702,0.0,0.0,0.0,XGB_OD,SCENARIO,Conflict_internal_LOW
SGP,IDN,2025,,1810.084019851702,2232.4020651525952,422.31804530089335,0.0,422.31804530089335,XGB_OD,SCENARIO,Conflict_internal_LOW__Conflict_external_HIGH
SGP,IDN,2025,,1810.084019851702,1950.8567016186664,140.77268176696444,0.0,140.77268176696444,XGB_OD,SCENARIO,Conflict_internal_LOW__Conflict_external_LOW
SGP,IDN,2030,,1757.2219051749416,,,,,XGB_OD,FORECAST,
SGP,IDN,2035,,1841.1737760838796,,,,,XGB_OD,FORECAST,
SOM,IDN,2000,10.0,,,,,,HIST,HIST,
SOM,IDN,2005,18.0,,,,,,HIST,HIST,
SOM,IDN,2010,84.0,,,,,,HIST,HIST,
SOM,IDN,2015,964.0,,,,,,HIST,HIST,
SOM,IDN,2020,1396.0,,,,,,HIST,HIST,
SOM,IDN,2024,1170.0,,,,,,HIST,HIST,
SOM,IDN,2025,,1692.444277151786,,,,,XGB_OD,FORECAST,
SOM,IDN,2025,,1692.444277151786,1786.938848389508,94.4945712377219,0.0,94.4945712377219,XGB_OD,SCENARIO,Aid_HIGH
SOM,IDN,2025,,1692.444277151786,2333.657439122042,641.2131619702558,0.0,641.2131619702558,XGB_OD,SCENARIO,Aid_HIGH__Conflict_external_HIGH
SOM,IDN,2025,,1692.444277151786,1969.178378633686,276.7341014818998,0.0,276.7341014818998,XGB_OD,SCENARIO,Aid_HIGH__Conflict_external_LOW
SOM,IDN,2025,,1692.444277151786,1786.938848389508,94.4945712377219,0.0,94.4945712377219,XGB_OD,SCENARIO,Aid_HIGH__Conflict_internal_HIGH
SOM,IDN,2025,,1692.444277151786,1841.6107074627612,149.16643031097536,0.0,149.16643031097536,XGB_OD,SCENARIO,Aid_HIGH__Conflict_internal_HIGH__Conflict_external_HIGH
SOM,IDN,2025,,1692.444277151786,1805.1628014139255,112.71852426213972,0.0,112.71852426213972,XGB_OD,SCENARIO,Aid_HIGH__Conflict_internal_HIGH__Conflict_external_LOW
SOM,IDN,2025,,1692.444277151786,1786.938848389508,94.4945712377219,0.0,94.4945712377219,XGB_OD,SCENARIO,Aid_HIGH__Conflict_internal_LOW
SOM,IDN,2025,,1692.444277151786,2169.6418619022816,477.19758475049554,0.0,477.19758475049554,XGB_OD,SCENARIO,Aid_HIGH__Conflict_internal_LOW__Conflict_external_HIGH
SOM,IDN,2025,,1692.444277151786,1914.5065195604325,222.06224240864643,0.0,222.06224240864643,XGB_OD,SCENARIO,Aid_HIGH__Conflict_internal_LOW__Conflict_external_LOW
SOM,IDN,2025,,1692.444277151786,1732.9419505393812,40.4976733875951,0.0,40.4976733875951,XGB_OD,SCENARIO,Aid_LOW
SOM,IDN,2025,,1692.444277151786,2198.665194496725,506.2209173449388,0.0,506.2209173449388,XGB_OD,SCENARIO,Aid_LOW__Conflict_external_HIGH
SOM,IDN,2025,,1692.444277151786,1888.183031858496,195.7387547067096,0.0,195.7387547067096,XGB_OD,SCENARIO,Aid_LOW__Conflict_external_LOW
SOM,IDN,2025,,1692.444277151786,1732.9419505393812,40.4976733875951,0.0,40.4976733875951,XGB_OD,SCENARIO,Aid_LOW__Conflict_internal_HIGH
SOM,IDN,2025,,1692.444277151786,1779.5142749351155,87.0699977833295,0.0,87.0699977833295,XGB_OD,SCENARIO,Aid_LOW__Conflict_internal_HIGH__Conflict_external_HIGH
SOM,IDN,2025,,1692.444277151786,1748.4660586712926,56.02178151950657,0.0,56.02178151950657,XGB_OD,SCENARIO,Aid_LOW__Conflict_internal_HIGH__Conflict_external_LOW
SOM,IDN,2025,,1692.444277151786,1732.9419505393812,40.4976733875951,0.0,40.4976733875951,XGB_OD,SCENARIO,Aid_LOW__Conflict_internal_LOW
SOM,IDN,2025,,1692.444277151786,2058.9482213095216,366.5039441577356,0.0,366.5039441577356,XGB_OD,SCENARIO,Aid_LOW__Conflict_internal_LOW__Conflict_external_HIGH
SOM,IDN,2025,,1692.444277151786,1841.6107074627612,149.16643031097527,0.0,149.16643031097527,XGB_OD,SCENARIO,Aid_LOW__Conflict_internal_LOW__Conflict_external_LOW
SOM,IDN,2025,,1692.444277151786,2097.421011027737,404.976733875951,0.0,404.976733875951,XGB_OD,SCENARIO,Conflict_external_HIGH
SOM,IDN,2025,,1692.444277151786,1827.436521777103,134.992244625317,0.0,134.992244625317,XGB_OD,SCENARIO,Conflict_external_LOW
SOM,IDN,2025,,1692.444277151786,1692.444277151786,0.0,0.0,0.0,XGB_OD,SCENARIO,Conflict_internal_HIGH
SOM,IDN,2025,,1692.444277151786,1732.9419505393812,40.497673387595135,0.0,40.497673387595135,XGB_OD,SCENARIO,Conflict_internal_HIGH__Conflict_external_HIGH
SOM,IDN,2025,,1692.444277151786,1705.9435016143177,13.499224462531712,0.0,13.499224462531712,XGB_OD,SCENARIO,Conflict_internal_HIGH__Conflict_external_LOW
SOM,IDN,2025,,1692.444277151786,1692.444277151786,0.0,0.0,0.0,XGB_OD,SCENARIO,Conflict_internal_LOW
SOM,IDN,2025,,1692.444277151786,1975.927990864952,283.4837137131657,0.0,283.4837137131657,XGB_OD,SCENARIO,Conflict_internal_LOW__Conflict_external_HIGH
SOM,IDN,2025,,1692.444277151786,1786.938848389508,94.4945712377219,0.0,94.4945712377219,XGB_OD,SCENARIO,Conflict_internal_LOW__Conflict_external_LOW
SOM,IDN,2030,,1999.6745571348883,,,,,XGB_OD,FORECAST,
SOM,IDN,2035,,2415.272555029004,,,,,XGB_OD,FORECAST,
THA,IDN,2000,4592.0,,,,,,HIST,HIST,
THA,IDN,2005,3323.0,,,,,,HIST,HIST,
THA,IDN,2010,3658.0,,,,,,HIST,HIST,
THA,IDN,2015,5806.0,,,,,,HIST,HIST,
THA,IDN,2020,9238.0,,,,,,HIST,HIST,
THA,IDN,2024,10481.0,,,,,,HIST,HIST,
THA,IDN,2025,,13047.531699133142,,,,,XGB_OD,FORECAST,
THA,IDN,2025,,13047.531699133142,13894.025375323368,846.4936761902258,0.0,846.4936761902258,XGB_OD,SCENARIO,Aid_HIGH
THA,IDN,2025,,13047.531699133142,18791.59593042396,5744.0642312908185,0.0,5744.0642312908185,XGB_OD,SCENARIO,Aid_HIGH__Conflict_external_HIGH
THA,IDN,2025,,13047.531699133142,15526.548893690231,2479.0171945570896,0.0,2479.0171945570896,XGB_OD,SCENARIO,Aid_HIGH__Conflict_external_LOW
THA,IDN,2025,,13047.531699133142,13894.025375323368,846.4936761902258,0.0,846.4936761902258,XGB_OD,SCENARIO,Aid_HIGH__Conflict_internal_HIGH
THA,IDN,2025,,13047.531699133142,14383.782430833427,1336.2507317002855,0.0,1336.2507317002855,XGB_OD,SCENARIO,Aid_HIGH__Conflict_internal_HIGH__Conflict_external_HIGH
THA,IDN,2025,,13047.531699133142,14057.277727160052,1009.7460280269124,0.0,1009.7460280269124,XGB_OD,SCENARIO,Aid_HIGH__Conflict_internal_HIGH__Conflict_external_LOW
THA,IDN,2025,,13047.531699133142,13894.025375323368,846.4936761902258,0.0,846.4936761902258,XGB_OD,SCENARIO,Aid_HIGH__Conflict_internal_LOW
THA,IDN,2025,,13047.531699133142,17322.324763893783,4274.79306476064,0.0,4274.79306476064,XGB_OD,SCENARIO,Aid_HIGH__Conflict_internal_LOW__Conflict_external_HIGH
THA,IDN,2025,,13047.531699133142,15036.791838180172,1989.2601390470304,0.0,1989.2601390470304,XGB_OD,SCENARIO,Aid_HIGH__Conflict_internal_LOW__Conflict_external_LOW
THA,IDN,2025,,13047.531699133142,13410.314703214668,362.78300408152535,0.0,362.78300408152535,XGB_OD,SCENARIO,Aid_LOW
THA,IDN,2025,,13047.531699133142,17582.31925015221,4534.787551019067,0.0,4534.787551019067,XGB_OD,SCENARIO,Aid_LOW__Conflict_external_HIGH
THA,IDN,2025,,13047.531699133142,14800.98288552718,1753.451186394039,0.0,1753.451186394039,XGB_OD,SCENARIO,Aid_LOW__Conflict_external_LOW
THA,IDN,2025,,13047.531699133142,13410.314703214668,362.78300408152535,0.0,362.78300408152535,XGB_OD,SCENARIO,Aid_LOW__Conflict_internal_HIGH
THA,IDN,2025,,13047.531699133142,13827.51515790842,779.9834587752798,0.0,779.9834587752798,XGB_OD,SCENARIO,Aid_LOW__Conflict_internal_HIGH__Conflict_external_HIGH
THA,IDN,2025,,13047.531699133142,13549.38152144592,501.8498223127768,0.0,501.8498223127768,XGB_OD,SCENARIO,Aid_LOW__Conflict_internal_HIGH__Conflict_external_LOW
THA,IDN,2025,,13047.531699133142,13410.314703214668,362.78300408152535,0.0,362.78300408152535,XGB_OD,SCENARIO,Aid_LOW__Conflict_internal_LOW
THA,IDN,2025,,13047.531699133142,16330.717886070946,3283.1861869378035,0.0,3283.1861869378035,XGB_OD,SCENARIO,Aid_LOW__Conflict_internal_LOW__Conflict_external_HIGH
THA,IDN,2025,,13047.531699133142,14383.782430833427,1336.250731700285,0.0,1336.250731700285,XGB_OD,SCENARIO,Aid_LOW__Conflict_internal_LOW__Conflict_external_LOW
THA,IDN,2025,,13047.531699133142,16675.361739948396,3627.8300408152536,0.0,3627.8300408152536,XGB_OD,SCENARIO,Conflict_external_HIGH
THA,IDN,2025,,13047.531699133142,14256.808379404893,1209.2766802717513,0.0,1209.2766802717513,XGB_OD,SCENARIO,Conflict_external_LOW
THA,IDN,2025,,13047.531699133142,13047.531699133142,0.0,0.0,0.0,XGB_OD,SCENARIO,Conflict_internal_HIGH
THA,IDN,2025,,13047.531699133142,13410.314703214668,362.7830040815257,0.0,362.7830040815257,XGB_OD,SCENARIO,Conflict_internal_HIGH__Conflict_external_HIGH
THA,IDN,2025,,13047.531699133142,13168.459367160318,120.92766802717524,0.0,120.92766802717524,XGB_OD,SCENARIO,Conflict_internal_HIGH__Conflict_external_LOW
THA,IDN,2025,,13047.531699133142,13047.531699133142,0.0,0.0,0.0,XGB_OD,SCENARIO,Conflict_internal_LOW
THA,IDN,2025,,13047.531699133142,15587.01272770382,2539.4810285706776,0.0,2539.4810285706776,XGB_OD,SCENARIO,Conflict_internal_LOW__Conflict_external_HIGH
THA,IDN,2025,,13047.531699133142,13894.025375323368,846.4936761902258,0.0,846.4936761902258,XGB_OD,SCENARIO,Conflict_internal_LOW__Conflict_external_LOW
THA,IDN,2030,,15646.295947500928,,,,,XGB_OD,FORECAST,
THA,IDN,2035,,21593.13276792327,,,,,XGB_OD,FORECAST,
TLS,IDN,2000,184250.0,,,,,,HIST,HIST,
TLS,IDN,2005,30324.0,,,,,,HIST,HIST,
TLS,IDN,2010,33385.0,,,,,,HIST,HIST,
TLS,IDN,2015,52987.0,,,,,,HIST,HIST,
TLS,IDN,2020,84310.0,,,,,,HIST,HIST,
TLS,IDN,2024,95603.0,,,,,,HIST,HIST,
TLS,IDN,2025,,141148.3049134306,,,,,XGB_OD,FORECAST,
TLS,IDN,2025,,141148.3049134306,148869.6420878237,7721.337174393127,0.0,7721.337174393127,XGB_OD,SCENARIO,Aid_HIGH
TLS,IDN,2025,,141148.3049134306,193543.0928825268,52394.78796909623,0.0,52394.78796909623,XGB_OD,SCENARIO,Aid_HIGH__Conflict_external_HIGH
TLS,IDN,2025,,141148.3049134306,163760.79235272476,22612.48743929416,0.0,22612.48743929416,XGB_OD,SCENARIO,Aid_HIGH__Conflict_external_LOW
TLS,IDN,2025,,141148.3049134306,148869.6420878237,7721.337174393127,0.0,7721.337174393127,XGB_OD,SCENARIO,Aid_HIGH__Conflict_internal_HIGH
TLS,IDN,2025,,141148.3049134306,153336.98716729402,12188.682253863442,0.0,12188.682253863442,XGB_OD,SCENARIO,Aid_HIGH__Conflict_internal_HIGH__Conflict_external_HIGH
TLS,IDN,2025,,141148.3049134306,150358.75711431383,9210.452200883232,0.0,9210.452200883232,XGB_OD,SCENARIO,Aid_HIGH__Conflict_internal_HIGH__Conflict_external_LOW
TLS,IDN,2025,,141148.3049134306,148869.6420878237,7721.337174393127,0.0,7721.337174393127,XGB_OD,SCENARIO,Aid_HIGH__Conflict_internal_LOW
TLS,IDN,2025,,141148.3049134306,180141.05764411588,38992.752730685286,0.0,38992.752730685286,XGB_OD,SCENARIO,Aid_HIGH__Conflict_internal_LOW__Conflict_external_HIGH
TLS,IDN,2025,,141148.3049134306,159293.44727325445,18145.14235982385,0.0,18145.14235982385,XGB_OD,SCENARIO,Aid_HIGH__Conflict_internal_LOW__Conflict_external_LOW
TLS,IDN,2025,,141148.3049134306,144457.44941674193,3309.1445033113405,0.0,3309.1445033113405,XGB_OD,SCENARIO,Aid_LOW
TLS,IDN,2025,,141148.3049134306,182512.61120482237,41364.30629139175,0.0,41364.30629139175,XGB_OD,SCENARIO,Aid_LOW__Conflict_external_HIGH
TLS,IDN,2025,,141148.3049134306,157142.50334610208,15994.198432671476,0.0,15994.198432671476,XGB_OD,SCENARIO,Aid_LOW__Conflict_external_LOW
TLS,IDN,2025,,141148.3049134306,144457.44941674193,3309.1445033113405,0.0,3309.1445033113405,XGB_OD,SCENARIO,Aid_LOW__Conflict_internal_HIGH
TLS,IDN,2025,,141148.3049134306,148262.96559554996,7114.660682119385,0.0,7114.660682119385,XGB_OD,SCENARIO,Aid_LOW__Conflict_internal_HIGH__Conflict_external_HIGH
TLS,IDN,2025,,141148.3049134306,145725.95480967793,4577.649896247355,0.0,4577.649896247355,XGB_OD,SCENARIO,Aid_LOW__Conflict_internal_HIGH__Conflict_external_LOW
TLS,IDN,2025,,141148.3049134306,144457.44941674193,3309.1445033113405,0.0,3309.1445033113405,XGB_OD,SCENARIO,Aid_LOW__Conflict_internal_LOW
TLS,IDN,2025,,141148.3049134306,171096.06266839823,29947.757754967624,0.0,29947.757754967624,XGB_OD,SCENARIO,Aid_LOW__Conflict_internal_LOW__Conflict_external_HIGH
TLS,IDN,2025,,141148.3049134306,153336.98716729402,12188.682253863435,0.0,12188.682253863435,XGB_OD,SCENARIO,Aid_LOW__Conflict_internal_LOW__Conflict_external_LOW
TLS,IDN,2025,,141148.3049134306,174239.749946544,33091.44503311341,0.0,33091.44503311341,XGB_OD,SCENARIO,Conflict_external_HIGH
TLS,IDN,2025,,141148.3049134306,152178.78659113505,11030.481677704469,0.0,11030.481677704469,XGB_OD,SCENARIO,Conflict_external_LOW
TLS,IDN,2025,,141148.3049134306,141148.3049134306,0.0,0.0,0.0,XGB_OD,SCENARIO,Conflict_internal_HIGH
TLS,IDN,2025,,141148.3049134306,144457.44941674193,3309.144503311343,0.0,3309.144503311343,XGB_OD,SCENARIO,Conflict_internal_HIGH__Conflict_external_HIGH
TLS,IDN,2025,,141148.3049134306,142251.35308120103,1103.048167770448,0.0,1103.048167770448,XGB_OD,SCENARIO,Conflict_internal_HIGH__Conflict_external_LOW
TLS,IDN,2025,,141148.3049134306,141148.3049134306,0.0,0.0,0.0,XGB_OD,SCENARIO,Conflict_internal_LOW
TLS,IDN,2025,,141148.3049134306,164312.31643660998,23164.011523179382,0.0,23164.011523179382,XGB_OD,SCENARIO,Conflict_internal_LOW__Conflict_external_HIGH
TLS,IDN,2025,,141148.3049134306,148869.6420878237,7721.337174393127,0.0,7721.337174393127,XGB_OD,SCENARIO,Conflict_internal_LOW__Conflict_external_LOW
TLS,IDN,2030,,143058.85809408233,,,,,XGB_OD,FORECAST,
TLS,IDN,2035,,144539.66779955383,,,,,XGB_OD,FORECAST,
USA,IDN,2000,7346.0,,,,,,HIST,HIST,
USA,IDN,2005,5444.0,,,,,,HIST,HIST,
USA,IDN,2010,6317.0,,,,,,HIST,HIST,
USA,IDN,2015,3081.0,,,,,,HIST,HIST,
USA,IDN,2020,1459.0,,,,,,HIST,HIST,
USA,IDN,2024,1917.0,,,,,,HIST,HIST,
USA,IDN,2025,,1587.158318632797,,,,,XGB_OD,FORECAST,
USA,IDN,2025,,1587.158318632797,1741.9840391992157,154.8257205664185,0.0,154.8257205664185,XGB_OD,SCENARIO,Aid_HIGH
USA,IDN,2025,,1587.158318632797,2637.7614224763515,1050.6031038435544,0.0,1050.6031038435544,XGB_OD,SCENARIO,Aid_HIGH__Conflict_external_HIGH
USA,IDN,2025,,1587.158318632797,2040.576500291594,453.4181816587971,0.0,453.4181816587971,XGB_OD,SCENARIO,Aid_HIGH__Conflict_external_LOW
USA,IDN,2025,,1587.158318632797,2703.160515315049,154.8257205664185,961.176476115834,1116.0021966822526,XGB_OD,SCENARIO,Aid_HIGH__Conflict_internal_HIGH
USA,IDN,2025,,1587.158318632797,2792.738253642763,244.4034588941322,961.176476115834,1205.5799350099662,XGB_OD,SCENARIO,Aid_HIGH__Conflict_internal_HIGH__Conflict_external_HIGH
USA,IDN,2025,,1587.158318632797,2733.0197614242875,184.68496667565643,961.176476115834,1145.8614427914904,XGB_OD,SCENARIO,Aid_HIGH__Conflict_internal_HIGH__Conflict_external_LOW
USA,IDN,2025,,1587.158318632797,2062.376197904493,154.8257205664185,320.3921587052779,475.2178792716964,XGB_OD,SCENARIO,Aid_HIGH__Conflict_internal_LOW
USA,IDN,2025,,1587.158318632797,2689.4203661984884,781.8698888604134,320.3921587052779,1102.262047565691,XGB_OD,SCENARIO,Aid_HIGH__Conflict_internal_LOW__Conflict_external_HIGH
USA,IDN,2025,,1587.158318632797,2271.3909206691587,363.8404433310835,320.3921587052779,684.2326020363614,XGB_OD,SCENARIO,Aid_HIGH__Conflict_internal_LOW__Conflict_external_LOW
USA,IDN,2025,,1587.158318632797,1653.512198875548,66.35388024275079,0.0,66.35388024275079,XGB_OD,SCENARIO,Aid_LOW
USA,IDN,2025,,1587.158318632797,2416.5818216671823,829.423503034385,0.0,829.423503034385,XGB_OD,SCENARIO,Aid_LOW__Conflict_external_HIGH
USA,IDN,2025,,1587.158318632797,1907.8687398060924,320.71042117329546,0.0,320.71042117329546,XGB_OD,SCENARIO,Aid_LOW__Conflict_external_LOW
USA,IDN,2025,,1587.158318632797,2614.688674991382,66.35388024275079,961.176476115834,1027.5303563585849,XGB_OD,SCENARIO,Aid_LOW__Conflict_internal_HIGH
USA,IDN,2025,,1587.158318632797,2690.9956372705456,142.66084252191428,961.176476115834,1103.8373186377482,XGB_OD,SCENARIO,Aid_LOW__Conflict_internal_HIGH__Conflict_external_HIGH
USA,IDN,2025,,1587.158318632797,2640.1243290844363,91.78953433580529,961.176476115834,1052.9660104516392,XGB_OD,SCENARIO,Aid_LOW__Conflict_internal_HIGH__Conflict_external_LOW
USA,IDN,2025,,1587.158318632797,1973.9043575808255,66.35388024275079,320.3921587052779,386.7460389480287,XGB_OD,SCENARIO,Aid_LOW__Conflict_internal_LOW
USA,IDN,2025,,1587.158318632797,2508.05309353497,600.5026161968946,320.3921587052779,920.8947749021723,XGB_OD,SCENARIO,Aid_LOW__Conflict_internal_LOW__Conflict_external_HIGH
USA,IDN,2025,,1587.158318632797,2151.953936232207,244.4034588941321,320.3921587052779,564.79561759941,XGB_OD,SCENARIO,Aid_LOW__Conflict_internal_LOW__Conflict_external_LOW
USA,IDN,2025,,1587.158318632797,2250.697121060305,663.538802427508,0.0,663.538802427508,XGB_OD,SCENARIO,Conflict_external_HIGH
USA,IDN,2025,,1587.158318632797,1808.3379194419665,221.17960080916933,0.0,221.17960080916933,XGB_OD,SCENARIO,Conflict_external_LOW
USA,IDN,2025,,1587.158318632797,2548.334794748631,0.0,961.176476115834,961.176476115834,XGB_OD,SCENARIO,Conflict_internal_HIGH
USA,IDN,2025,,1587.158318632797,2614.688674991382,66.35388024275085,961.176476115834,1027.5303563585849,XGB_OD,SCENARIO,Conflict_internal_HIGH__Conflict_external_HIGH
USA,IDN,2025,,1587.158318632797,2570.452754829548,22.117960080916955,961.176476115834,983.294436196751,XGB_OD,SCENARIO,Conflict_internal_HIGH__Conflict_external_LOW
USA,IDN,2025,,1587.158318632797,1907.5504773380749,0.0,320.3921587052779,320.3921587052779,XGB_OD,SCENARIO,Conflict_internal_LOW
USA,IDN,2025,,1587.158318632797,2372.0276390373306,464.4771616992556,320.3921587052779,784.8693204045335,XGB_OD,SCENARIO,Conflict_internal_LOW__Conflict_external_HIGH
USA,IDN,2025,,1587.158318632797,2062.376197904493,154.8257205664185,320.3921587052779,475.2178792716964,XGB_OD,SCENARIO,Conflict_internal_LOW__Conflict_external_LOW
USA,IDN,2030,,1495.2069666191906,,,,,XGB_OD,FORECAST,
USA,IDN,2035,,1387.6672038702668,,,,,XGB_OD,FORECAST,
VNM,IDN,2000,0.0,,,,,,HIST,HIST,
VNM,IDN,2005,9.0,,,,,,HIST,HIST,
VNM,IDN,2010,0.0,,,,,,HIST,HIST,
VNM,IDN,2015,0.0,,,,,,HIST,HIST,
VNM,IDN,2020,20.0,,,,,,HIST,HIST,
VNM,IDN,2024,15.0,,,,,,HIST,HIST,
VNM,IDN,2025,,17.38108445059894,,,,,XGB_OD,FORECAST,
VNM,IDN,2025,,17.38108445059894,18.59255331262102,1.2114688620220802,0.0,1.2114688620220802,XGB_OD,SCENARIO,Aid_HIGH
VNM,IDN,2025,,17.38108445059894,25.6017660143202,8.220681563721259,0.0,8.220681563721259,XGB_OD,SCENARIO,Aid_HIGH__Conflict_external_HIGH
VNM,IDN,2025,,17.38108445059894,20.928957546520746,3.5478730959218057,0.0,3.5478730959218057,XGB_OD,SCENARIO,Aid_HIGH__Conflict_external_LOW
VNM,IDN,2025,,17.38108445059894,18.59255331262102,1.2114688620220802,0.0,1.2114688620220802,XGB_OD,SCENARIO,Aid_HIGH__Conflict_internal_HIGH
VNM,IDN,2025,,17.38108445059894,19.29347458279094,1.9123901321919987,0.0,1.9123901321919987,XGB_OD,SCENARIO,Aid_HIGH__Conflict_internal_HIGH__Conflict_external_HIGH
VNM,IDN,2025,,17.38108445059894,18.826193736010996,1.4451092854120529,0.0,1.4451092854120529,XGB_OD,SCENARIO,Aid_HIGH__Conflict_internal_HIGH__Conflict_external_LOW
VNM,IDN,2025,,17.38108445059894,18.59255331262102,1.2114688620220802,0.0,1.2114688620220802,XGB_OD,SCENARIO,Aid_HIGH__Conflict_internal_LOW
VNM,IDN,2025,,17.38108445059894,23.499002203810445,6.117917753211503,0.0,6.117917753211503,XGB_OD,SCENARIO,Aid_HIGH__Conflict_internal_LOW__Conflict_external_HIGH
VNM,IDN,2025,,17.38108445059894,20.228036276350828,2.8469518257518884,0.0,2.8469518257518884,XGB_OD,SCENARIO,Aid_HIGH__Conflict_internal_LOW__Conflict_external_LOW
VNM,IDN,2025,,17.38108445059894,17.900285391465548,0.5192009408666057,0.0,0.5192009408666057,XGB_OD,SCENARIO,Aid_LOW
VNM,IDN,2025,,17.38108445059894,23.871096211431517,6.490011760832572,0.0,6.490011760832572,XGB_OD,SCENARIO,Aid_LOW__Conflict_external_HIGH
VNM,IDN,2025,,17.38108445059894,19.89055566478753,2.509471214188594,0.0,2.509471214188594,XGB_OD,SCENARIO,Aid_LOW__Conflict_external_LOW
VNM,IDN,2025,,17.38108445059894,17.900285391465548,0.5192009408666057,0.0,0.5192009408666057,XGB_OD,SCENARIO,Aid_LOW__Conflict_internal_HIGH
VNM,IDN,2025,,17.38108445059894,18.497366473462144,1.1162820228632029,0.0,1.1162820228632029,XGB_OD,SCENARIO,Aid_LOW__Conflict_internal_HIGH__Conflict_external_HIGH
VNM,IDN,2025,,17.38108445059894,18.099312418797744,0.7182279681988047,0.0,0.7182279681988047,XGB_OD,SCENARIO,Aid_LOW__Conflict_internal_HIGH__Conflict_external_LOW
VNM,IDN,2025,,17.38108445059894,17.900285391465548,0.5192009408666057,0.0,0.5192009408666057,XGB_OD,SCENARIO,Aid_LOW__Conflict_internal_LOW
VNM,IDN,2025,,17.38108445059894,22.079852965441724,4.698768514842781,0.0,4.698768514842781,XGB_OD,SCENARIO,Aid_LOW__Conflict_internal_LOW__Conflict_external_HIGH
VNM,IDN,2025,,17.38108445059894,19.29347458279094,1.9123901321919976,0.0,1.9123901321919976,XGB_OD,SCENARIO,Aid_LOW__Conflict_internal_LOW__Conflict_external_LOW
VNM,IDN,2025,,17.38108445059894,22.573093859265,5.192009408666058,0.0,5.192009408666058,XGB_OD,SCENARIO,Conflict_external_HIGH
VNM,IDN,2025,,17.38108445059894,19.111754253487625,1.7306698028886858,0.0,1.7306698028886858,XGB_OD,SCENARIO,Conflict_external_LOW
VNM,IDN,2025,,17.38108445059894,17.38108445059894,0.0,0.0,0.0,XGB_OD,SCENARIO,Conflict_internal_HIGH
VNM,IDN,2025,,17.38108445059894,17.900285391465548,0.5192009408666062,0.0,0.5192009408666062,XGB_OD,SCENARIO,Conflict_internal_HIGH__Conflict_external_HIGH
VNM,IDN,2025,,17.38108445059894,17.55415143088781,0.1730669802888687,0.0,0.1730669802888687,XGB_OD,SCENARIO,Conflict_internal_HIGH__Conflict_external_LOW
VNM,IDN,2025,,17.38108445059894,17.38108445059894,0.0,0.0,0.0,XGB_OD,SCENARIO,Conflict_internal_LOW
VNM,IDN,2025,,17.38108445059894,21.015491036665185,3.63440658606624,0.0,3.63440658606624,XGB_OD,SCENARIO,Conflict_internal_LOW__Conflict_external_HIGH
VNM,IDN,2025,,17.38108445059894,18.59255331262102,1.2114688620220802,0.0,1.2114688620220802,XGB_OD,SCENARIO,Conflict_internal_LOW__Conflict_external_LOW
VNM,IDN,2030,,17.79734845596392,,,,,XGB_OD,FORECAST,
VNM,IDN,2035,,17.741228186790917,,,,,XGB_OD,FORECAST,
YEM,IDN,2000,0.0,,,,,,HIST,HIST,
YEM,IDN,2005,0.0,,,,,,HIST,HIST,
YEM,IDN,2010,0.0,,,,,,HIST,HIST,
YEM,IDN,2015,92.0,,,,,,HIST,HIST,
YEM,IDN,2020,441.0,,,,,,HIST,HIST,
YEM,IDN,2024,448.0,,,,,,HIST,HIST,
YEM,IDN,2025,,646.791828974882,,,,,XGB_OD,FORECAST,
YEM,IDN,2025,,646.791828974882,682.9743656539384,36.18253667905639,0.0,36.18253667905639,XGB_OD,SCENARIO,Aid_HIGH
YEM,IDN,2025,,646.791828974882,892.3161850113361,245.5243560364541,0.0,245.5243560364541,XGB_OD,SCENARIO,Aid_HIGH__Conflict_external_HIGH
YEM,IDN,2025,,646.791828974882,752.7549721064044,105.96314313152229,0.0,105.96314313152229,XGB_OD,SCENARIO,Aid_HIGH__Conflict_external_LOW
YEM,IDN,2025,,646.791828974882,682.9743656539384,36.18253667905639,0.0,36.18253667905639,XGB_OD,SCENARIO,Aid_HIGH__Conflict_internal_HIGH
YEM,IDN,2025,,646.791828974882,703.9085475896782,57.11671861479618,0.0,57.11671861479618,XGB_OD,SCENARIO,Aid_HIGH__Conflict_internal_HIGH__Conflict_external_HIGH
YEM,IDN,2025,,646.791828974882,689.952426299185,43.16059732430298,0.0,43.16059732430298,XGB_OD,SCENARIO,Aid_HIGH__Conflict_internal_HIGH__Conflict_external_LOW
YEM,IDN,2025,,646.791828974882,682.9743656539384,36.18253667905639,0.0,36.18253667905639,XGB_OD,SCENARIO,Aid_HIGH__Conflict_internal_LOW
YEM,IDN,2025,,646.791828974882,829.5136392041168,182.72181022923476,0.0,182.72181022923476,XGB_OD,SCENARIO,Aid_HIGH__Conflict_internal_LOW__Conflict_external_HIGH
YEM,IDN,2025,,646.791828974882,731.8207901706645,85.02896119578251,0.0,85.02896119578251,XGB_OD,SCENARIO,Aid_HIGH__Conflict_internal_LOW__Conflict_external_LOW
YEM,IDN,2025,,646.791828974882,662.2986304087633,15.506801433881307,0.0,15.506801433881307,XGB_OD,SCENARIO,Aid_LOW
YEM,IDN,2025,,646.791828974882,840.6268468983984,193.8350179235164,0.0,193.8350179235164,XGB_OD,SCENARIO,Aid_LOW__Conflict_external_HIGH
YEM,IDN,2025,,646.791828974882,721.7413692386417,74.94954026375966,0.0,74.94954026375966,XGB_OD,SCENARIO,Aid_LOW__Conflict_external_LOW
YEM,IDN,2025,,646.791828974882,662.2986304087633,15.506801433881307,0.0,15.506801433881307,XGB_OD,SCENARIO,Aid_LOW__Conflict_internal_HIGH
YEM,IDN,2025,,646.791828974882,680.1314520577268,33.33962308284483,0.0,33.33962308284483,XGB_OD,SCENARIO,Aid_LOW__Conflict_internal_HIGH__Conflict_external_HIGH
YEM,IDN,2025,,646.791828974882,668.2429042917512,21.45107531686915,0.0,21.45107531686915,XGB_OD,SCENARIO,Aid_LOW__Conflict_internal_HIGH__Conflict_external_LOW
YEM,IDN,2025,,646.791828974882,662.2986304087633,15.506801433881307,0.0,15.506801433881307,XGB_OD,SCENARIO,Aid_LOW__Conflict_internal_LOW
YEM,IDN,2025,,646.791828974882,787.1283819515079,140.33655297662582,0.0,140.33655297662582,XGB_OD,SCENARIO,Aid_LOW__Conflict_internal_LOW__Conflict_external_HIGH
YEM,IDN,2025,,646.791828974882,703.9085475896782,57.11671861479616,0.0,57.11671861479616,XGB_OD,SCENARIO,Aid_LOW__Conflict_internal_LOW__Conflict_external_LOW
YEM,IDN,2025,,646.791828974882,801.8598433136951,155.0680143388131,0.0,155.0680143388131,XGB_OD,SCENARIO,Conflict_external_HIGH
YEM,IDN,2025,,646.791828974882,698.4811670878197,51.6893381129377,0.0,51.6893381129377,XGB_OD,SCENARIO,Conflict_external_LOW
YEM,IDN,2025,,646.791828974882,646.791828974882,0.0,0.0,0.0,XGB_OD,SCENARIO,Conflict_internal_HIGH
YEM,IDN,2025,,646.791828974882,662.2986304087634,15.506801433881323,0.0,15.506801433881323,XGB_OD,SCENARIO,Conflict_internal_HIGH__Conflict_external_HIGH
YEM,IDN,2025,,646.791828974882,651.9607627861758,5.168933811293775,0.0,5.168933811293775,XGB_OD,SCENARIO,Conflict_internal_HIGH__Conflict_external_LOW
YEM,IDN,2025,,646.791828974882,646.791828974882,0.0,0.0,0.0,XGB_OD,SCENARIO,Conflict_internal_LOW
YEM,IDN,2025,,646.791828974882,755.3394390120512,108.54761003716916,0.0,108.54761003716916,XGB_OD,SCENARIO,Conflict_internal_LOW__Conflict_external_HIGH
YEM,IDN,2025,,646.791828974882,682.9743656539384,36.18253667905639,0.0,36.18253667905639,XGB_OD,SCENARIO,Conflict_internal_LOW__Conflict_external_LOW
YEM,IDN,2030,,755.2865607242281,,,,,XGB_OD,FORECAST,
YEM,IDN,2035,,842.7400648822854,,,,,XGB_OD,FORECAST,
AFG,MYS,2000,58.0,,,,,,HIST,HIST,
AFG,MYS,2005,68.0,,,,,,HIST,HIST,
AFG,MYS,2010,525.0,,,,,,HIST,HIST,
AFG,MYS,2015,452.0,,,,,,HIST,HIST,
AFG,MYS,2020,2574.0,,,,,,HIST,HIST,
AFG,MYS,2024,2906.0,,,,,,HIST,HIST,
AFG,MYS,2025,,3187.380452069638,,,,,XGB_OD,FORECAST,
AFG,MYS,2025,,3187.380452069638,3268.409761898122,81.02930982848392,0.0,81.02930982848392,XGB_OD,SCENARIO,Aid_HIGH
AFG,MYS,2025,,3187.380452069638,3737.2221973343503,549.8417452647124,0.0,549.8417452647124,XGB_OD,SCENARIO,Aid_HIGH__Conflict_external_HIGH
AFG,MYS,2025,,3187.380452069638,3424.680573710198,237.30012164056004,0.0,237.30012164056004,XGB_OD,SCENARIO,Aid_HIGH__Conflict_external_LOW
AFG,MYS,2025,,3187.380452069638,3268.409761898122,81.02930982848392,0.0,81.02930982848392,XGB_OD,SCENARIO,Aid_HIGH__Conflict_internal_HIGH
AFG,MYS,2025,,3187.380452069638,3315.291005441745,127.91055337210682,0.0,127.91055337210682,XGB_OD,SCENARIO,Aid_HIGH__Conflict_internal_HIGH__Conflict_external_HIGH
AFG,MYS,2025,,3187.380452069638,3284.0368430793296,96.65639100969152,0.0,96.65639100969152,XGB_OD,SCENARIO,Aid_HIGH__Conflict_internal_HIGH__Conflict_external_LOW
AFG,MYS,2025,,3187.380452069638,3268.409761898122,81.02930982848392,0.0,81.02930982848392,XGB_OD,SCENARIO,Aid_HIGH__Conflict_internal_LOW
AFG,MYS,2025,,3187.380452069638,3596.578466703482,409.1980146338437,0.0,409.1980146338437,XGB_OD,SCENARIO,Aid_HIGH__Conflict_internal_LOW__Conflict_external_HIGH
AFG,MYS,2025,,3187.380452069638,3377.799330166575,190.4188780969372,0.0,190.4188780969372,XGB_OD,SCENARIO,Aid_HIGH__Conflict_internal_LOW__Conflict_external_LOW
AFG,MYS,2025,,3187.380452069638,3222.1072991389883,34.72684706935025,0.0,34.72684706935025,XGB_OD,SCENARIO,Aid_LOW
AFG,MYS,2025,,3187.380452069638,3621.466040436516,434.085588366878,0.0,434.085588366878,XGB_OD,SCENARIO,Aid_LOW__Conflict_external_HIGH
AFG,MYS,2025,,3187.380452069638,3355.2268795714976,167.84642750185955,0.0,167.84642750185955,XGB_OD,SCENARIO,Aid_LOW__Conflict_external_LOW
AFG,MYS,2025,,3187.380452069638,3222.1072991389883,34.72684706935025,0.0,34.72684706935025,XGB_OD,SCENARIO,Aid_LOW__Conflict_internal_HIGH
AFG,MYS,2025,,3187.380452069638,3262.043173268741,74.66272119910307,0.0,74.66272119910307,XGB_OD,SCENARIO,Aid_LOW__Conflict_internal_HIGH__Conflict_external_HIGH
AFG,MYS,2025,,3187.380452069638,3235.419257182239,48.03880511260119,0.0,48.03880511260119,XGB_OD,SCENARIO,Aid_LOW__Conflict_internal_HIGH__Conflict_external_LOW
AFG,MYS,2025,,3187.380452069638,3222.1072991389883,34.72684706935025,0.0,34.72684706935025,XGB_OD,SCENARIO,Aid_LOW__Conflict_internal_LOW
AFG,MYS,2025,,3187.380452069638,3501.658418047258,314.2779659776197,0.0,314.2779659776197,XGB_OD,SCENARIO,Aid_LOW__Conflict_internal_LOW__Conflict_external_HIGH
AFG,MYS,2025,,3187.380452069638,3315.291005441745,127.91055337210676,0.0,127.91055337210676,XGB_OD,SCENARIO,Aid_LOW__Conflict_internal_LOW__Conflict_external_LOW
AFG,MYS,2025,,3187.380452069638,3534.6489227631405,347.26847069350254,0.0,347.26847069350254,XGB_OD,SCENARIO,Conflict_external_HIGH
AFG,MYS,2025,,3187.380452069638,3303.136608967472,115.75615689783416,0.0,115.75615689783416,XGB_OD,SCENARIO,Conflict_external_LOW
AFG,MYS,2025,,3187.380452069638,3187.380452069638,0.0,0.0,0.0,XGB_OD,SCENARIO,Conflict_internal_HIGH
AFG,MYS,2025,,3187.380452069638,3222.1072991389883,34.726847069350285,0.0,34.726847069350285,XGB_OD,SCENARIO,Conflict_internal_HIGH__Conflict_external_HIGH
AFG,MYS,2025,,3187.380452069638,3198.9560677594213,11.575615689783426,0.0,11.575615689783426,XGB_OD,SCENARIO,Conflict_internal_HIGH__Conflict_external_LOW
AFG,MYS,2025,,3187.380452069638,3187.380452069638,0.0,0.0,0.0,XGB_OD,SCENARIO,Conflict_internal_LOW
AFG,MYS,2025,,3187.380452069638,3430.4683815550898,243.08792948545167,0.0,243.08792948545167,XGB_OD,SCENARIO,Conflict_internal_LOW__Conflict_external_HIGH
AFG,MYS,2025,,3187.380452069638,3268.409761898122,81.02930982848392,0.0,81.02930982848392,XGB_OD,SCENARIO,Conflict_internal_LOW__Conflict_external_LOW
AFG,MYS,2030,,3287.5365823664,,,,,XGB_OD,FORECAST,
AFG,MYS,2035,,3519.59627528777,,,,,XGB_OD,FORECAST,
AUS,MYS,2000,5456.0,,,,,,HIST,HIST,
AUS,MYS,2005,5456.0,,,,,,HIST,HIST,
AUS,MYS,2010,5458.0,,,,,,HIST,HIST,
AUS,MYS,2015,5456.0,,,,,,HIST,HIST,
AUS,MYS,2020,5456.0,,,,,,HIST,HIST,
AUS,MYS,2024,5456.0,,,,,,HIST,HIST,
AUS,MYS,2025,,5143.129196337264,,,,,XGB_OD,FORECAST,
AUS,MYS,2025,,5143.129196337264,5295.26130728847,152.13211095120553,0.0,152.13211095120553,XGB_OD,SCENARIO,Aid_HIGH
AUS,MYS,2025,,5143.129196337264,6175.45423493473,1032.3250385974663,0.0,1032.3250385974663,XGB_OD,SCENARIO,Aid_HIGH__Conflict_external_HIGH
AUS,MYS,2025,,5143.129196337264,5588.658949837223,445.52975349995904,0.0,445.52975349995904,XGB_OD,SCENARIO,Aid_HIGH__Conflict_external_LOW
AUS,MYS,2025,,5143.129196337264,5295.26130728847,152.13211095120553,0.0,152.13211095120553,XGB_OD,SCENARIO,Aid_HIGH__Conflict_internal_HIGH
AUS,MYS,2025,,5143.129196337264,5383.280600053095,240.1514037158317,0.0,240.1514037158317,XGB_OD,SCENARIO,Aid_HIGH__Conflict_internal_HIGH__Conflict_external_HIGH
AUS,MYS,2025,,5143.129196337264,5324.601071543345,181.4718752060809,0.0,181.4718752060809,XGB_OD,SCENARIO,Aid_HIGH__Conflict_internal_HIGH__Conflict_external_LOW
AUS,MYS,2025,,5143.129196337264,5295.26130728847,152.13211095120553,0.0,152.13211095120553,XGB_OD,SCENARIO,Aid_HIGH__Conflict_internal_LOW
AUS,MYS,2025,,5143.129196337264,5911.396356640852,768.2671603035878,0.0,768.2671603035878,XGB_OD,SCENARIO,Aid_HIGH__Conflict_internal_LOW__Conflict_external_HIGH
AUS,MYS,2025,,5143.129196337264,5500.639657072597,357.510460735333,0.0,357.510460735333,XGB_OD,SCENARIO,Aid_HIGH__Conflict_internal_LOW__Conflict_external_LOW
AUS,MYS,2025,,5143.129196337264,5208.328672459209,65.19947612194522,0.0,65.19947612194522,XGB_OD,SCENARIO,Aid_LOW
AUS,MYS,2025,,5143.129196337264,5958.122647861579,814.9934515243152,0.0,814.9934515243152,XGB_OD,SCENARIO,Aid_LOW__Conflict_external_HIGH
AUS,MYS,2025,,5143.129196337264,5458.259997593333,315.1308012560686,0.0,315.1308012560686,XGB_OD,SCENARIO,Aid_LOW__Conflict_external_LOW
AUS,MYS,2025,,5143.129196337264,5208.328672459209,65.19947612194522,0.0,65.19947612194522,XGB_OD,SCENARIO,Aid_LOW__Conflict_internal_HIGH
AUS,MYS,2025,,5143.129196337264,5283.308069999446,140.1788736621823,0.0,140.1788736621823,XGB_OD,SCENARIO,Aid_LOW__Conflict_internal_HIGH__Conflict_external_HIGH
AUS,MYS,2025,,5143.129196337264,5233.321804972622,90.1926086353576,0.0,90.1926086353576,XGB_OD,SCENARIO,Aid_LOW__Conflict_internal_HIGH__Conflict_external_LOW
AUS,MYS,2025,,5143.129196337264,5208.328672459209,65.19947612194522,0.0,65.19947612194522,XGB_OD,SCENARIO,Aid_LOW__Conflict_internal_LOW
AUS,MYS,2025,,5143.129196337264,5733.184455240868,590.0552589036042,0.0,590.0552589036042,XGB_OD,SCENARIO,Aid_LOW__Conflict_internal_LOW__Conflict_external_HIGH
AUS,MYS,2025,,5143.129196337264,5383.280600053095,240.1514037158316,0.0,240.1514037158316,XGB_OD,SCENARIO,Aid_LOW__Conflict_internal_LOW__Conflict_external_LOW
AUS,MYS,2025,,5143.129196337264,5795.123957556716,651.9947612194524,0.0,651.9947612194524,XGB_OD,SCENARIO,Conflict_external_HIGH
AUS,MYS,2025,,5143.129196337264,5360.460783410415,217.3315870731508,0.0,217.3315870731508,XGB_OD,SCENARIO,Conflict_external_LOW
AUS,MYS,2025,,5143.129196337264,5143.129196337264,0.0,0.0,0.0,XGB_OD,SCENARIO,Conflict_internal_HIGH
AUS,MYS,2025,,5143.129196337264,5208.32867245921,65.1994761219453,0.0,65.1994761219453,XGB_OD,SCENARIO,Conflict_internal_HIGH__Conflict_external_HIGH
AUS,MYS,2025,,5143.129196337264,5164.862355044579,21.73315870731509,0.0,21.73315870731509,XGB_OD,SCENARIO,Conflict_internal_HIGH__Conflict_external_LOW
AUS,MYS,2025,,5143.129196337264,5143.129196337264,0.0,0.0,0.0,XGB_OD,SCENARIO,Conflict_internal_LOW
AUS,MYS,2025,,5143.129196337264,5599.525529190881,456.39633285361657,0.0,456.39633285361657,XGB_OD,SCENARIO,Conflict_internal_LOW__Conflict_external_HIGH
AUS,MYS,2025,,5143.129196337264,5295.26130728847,152.13211095120553,0.0,152.13211095120553,XGB_OD,SCENARIO,Conflict_internal_LOW__Conflict_external_LOW
AUS,MYS,2030,,5022.250264026176,,,,,XGB_OD,FORECAST,
AUS,MYS,2035,,5079.815030904186,,,,,XGB_OD,FORECAST,
BGD,MYS,2000,158149.0,,,,,,HIST,HIST,
BGD,MYS,2005,55364.0,,,,,,HIST,HIST,
BGD,MYS,2010,319475.0,,,,,,HIST,HIST,
BGD,MYS,2015,282437.0,,,,,,HIST,HIST,
BGD,MYS,2020,282437.0,,,,,,HIST,HIST,
BGD,MYS,2024,282437.0,,,,,,HIST,HIST,
BGD,MYS,2025,,309164.81613698794,,,,,XGB_OD,FORECAST,
BGD,MYS,2025,,309164.81613698794,317040.13450588944,7875.318368901486,0.0,7875.318368901486,XGB_OD,SCENARIO,Aid_HIGH
BGD,MYS,2025,,309164.81613698794,362604.4764973909,53439.66036040295,0.0,53439.66036040295,XGB_OD,SCENARIO,Aid_HIGH__Conflict_external_HIGH
BGD,MYS,2025,,309164.81613698794,332228.2485030566,23063.432366068635,0.0,23063.432366068635,XGB_OD,SCENARIO,Aid_HIGH__Conflict_external_LOW
BGD,MYS,2025,,309164.81613698794,317040.13450588944,7875.318368901486,0.0,7875.318368901486,XGB_OD,SCENARIO,Aid_HIGH__Conflict_internal_HIGH
BGD,MYS,2025,,309164.81613698794,321596.5687050396,12431.752568051636,0.0,12431.752568051636,XGB_OD,SCENARIO,Aid_HIGH__Conflict_internal_HIGH__Conflict_external_HIGH
BGD,MYS,2025,,309164.81613698794,318558.94590560615,9394.129768618202,0.0,9394.129768618202,XGB_OD,SCENARIO,Aid_HIGH__Conflict_internal_HIGH__Conflict_external_LOW
BGD,MYS,2025,,309164.81613698794,317040.13450588944,7875.318368901486,0.0,7875.318368901486,XGB_OD,SCENARIO,Aid_HIGH__Conflict_internal_LOW
BGD,MYS,2025,,309164.81613698794,348935.17389994045,39770.3577629525,0.0,39770.3577629525,XGB_OD,SCENARIO,Aid_HIGH__Conflict_internal_LOW__Conflict_external_HIGH
BGD,MYS,2025,,309164.81613698794,327671.8143039064,18506.998166918493,0.0,18506.998166918493,XGB_OD,SCENARIO,Aid_HIGH__Conflict_internal_LOW__Conflict_external_LOW
BGD,MYS,2025,,309164.81613698794,312539.95258080284,3375.1364438149226,0.0,3375.1364438149226,XGB_OD,SCENARIO,Aid_LOW
BGD,MYS,2025,,309164.81613698794,351354.0216846745,42189.20554768653,0.0,42189.20554768653,XGB_OD,SCENARIO,Aid_LOW__Conflict_external_HIGH
BGD,MYS,2025,,309164.81613698794,325477.9756154267,16313.159478438793,0.0,16313.159478438793,XGB_OD,SCENARIO,Aid_LOW__Conflict_external_LOW
BGD,MYS,2025,,309164.81613698794,312539.95258080284,3375.1364438149226,0.0,3375.1364438149226,XGB_OD,SCENARIO,Aid_LOW__Conflict_internal_HIGH
BGD,MYS,2025,,309164.81613698794,316421.35949119,7256.543354202086,0.0,7256.543354202086,XGB_OD,SCENARIO,Aid_LOW__Conflict_internal_HIGH__Conflict_external_HIGH
BGD,MYS,2025,,309164.81613698794,313833.75488426525,4668.938747277311,0.0,4668.938747277311,XGB_OD,SCENARIO,Aid_LOW__Conflict_internal_HIGH__Conflict_external_LOW
BGD,MYS,2025,,309164.81613698794,312539.95258080284,3375.1364438149226,0.0,3375.1364438149226,XGB_OD,SCENARIO,Aid_LOW__Conflict_internal_LOW
BGD,MYS,2025,,309164.81613698794,339709.800953513,30544.984816525044,0.0,30544.984816525044,XGB_OD,SCENARIO,Aid_LOW__Conflict_internal_LOW__Conflict_external_HIGH
BGD,MYS,2025,,309164.81613698794,321596.5687050396,12431.752568051632,0.0,12431.752568051632,XGB_OD,SCENARIO,Aid_LOW__Conflict_internal_LOW__Conflict_external_LOW
BGD,MYS,2025,,309164.81613698794,342916.18057513714,33751.36443814923,0.0,33751.36443814923,XGB_OD,SCENARIO,Conflict_external_HIGH
BGD,MYS,2025,,309164.81613698794,320415.27094970434,11250.454812716407,0.0,11250.454812716407,XGB_OD,SCENARIO,Conflict_external_LOW
BGD,MYS,2025,,309164.81613698794,309164.81613698794,0.0,0.0,0.0,XGB_OD,SCENARIO,Conflict_internal_HIGH
BGD,MYS,2025,,309164.81613698794,312539.95258080284,3375.136443814926,0.0,3375.136443814926,XGB_OD,SCENARIO,Conflict_internal_HIGH__Conflict_external_HIGH
BGD,MYS,2025,,309164.81613698794,310289.8616182596,1125.0454812716418,0.0,1125.0454812716418,XGB_OD,SCENARIO,Conflict_internal_HIGH__Conflict_external_LOW
BGD,MYS,2025,,309164.81613698794,309164.81613698794,0.0,0.0,0.0,XGB_OD,SCENARIO,Conflict_internal_LOW
BGD,MYS,2025,,309164.81613698794,332790.7712436924,23625.955106704456,0.0,23625.955106704456,XGB_OD,SCENARIO,Conflict_internal_LOW__Conflict_external_HIGH
BGD,MYS,2025,,309164.81613698794,317040.13450588944,7875.318368901486,0.0,7875.318368901486,XGB_OD,SCENARIO,Conflict_internal_LOW__Conflict_external_LOW
BGD,MYS,2030,,328676.78589212534,,,,,XGB_OD,FORECAST,
BGD,MYS,2035,,326536.01790764177,,,,,XGB_OD,FORECAST,
BRN,MYS,2000,8533.0,,,,,,HIST,HIST,
BRN,MYS,2005,10288.0,,,,,,HIST,HIST,
BRN,MYS,2010,12051.0,,,,,,HIST,HIST,
BRN,MYS,2015,13798.0,,,,,,HIST,HIST,
BRN,MYS,2020,15510.0,,,,,,HIST,HIST,
BRN,MYS,2024,16887.0,,,,,,HIST,HIST,
BRN,MYS,2025,,18916.94191381728,,,,,XGB_OD,FORECAST,
BRN,MYS,2025,,18916.94191381728,19387.80975795823,470.8678441409493,0.0,470.8678441409493,XGB_OD,SCENARIO,Aid_HIGH
BRN,MYS,2025,,18916.94191381728,22112.11657048801,3195.174656670728,0.0,3195.174656670728,XGB_OD,SCENARIO,Aid_HIGH__Conflict_external_HIGH
BRN,MYS,2025,,18916.94191381728,20295.91202880149,1378.9701149842083,0.0,1378.9701149842083,XGB_OD,SCENARIO,Aid_HIGH__Conflict_external_LOW
BRN,MYS,2025,,18916.94191381728,19387.80975795823,470.8678441409493,0.0,470.8678441409493,XGB_OD,SCENARIO,Aid_HIGH__Conflict_internal_HIGH
BRN,MYS,2025,,18916.94191381728,19660.240439211208,743.2985253939274,0.0,743.2985253939274,XGB_OD,SCENARIO,Aid_HIGH__Conflict_internal_HIGH__Conflict_external_HIGH
BRN,MYS,2025,,18916.94191381728,19478.61998504256,561.6780712252753,0.0,561.6780712252753,XGB_OD,SCENARIO,Aid_HIGH__Conflict_internal_HIGH__Conflict_external_LOW
BRN,MYS,2025,,18916.94191381728,19387.80975795823,470.8678441409493,0.0,470.8678441409493,XGB_OD,SCENARIO,Aid_HIGH__Conflict_internal_LOW
BRN,MYS,2025,,18916.94191381728,21294.82452672908,2377.882612911794,0.0,2377.882612911794,XGB_OD,SCENARIO,Aid_HIGH__Conflict_internal_LOW__Conflict_external_HIGH
BRN,MYS,2025,,18916.94191381728,20023.481347548517,1106.539433731231,0.0,1106.539433731231,XGB_OD,SCENARIO,Aid_HIGH__Conflict_internal_LOW__Conflict_external_LOW
BRN,MYS,2025,,18916.94191381728,19118.74241844912,201.80050463183545,0.0,201.80050463183545,XGB_OD,SCENARIO,Aid_LOW
BRN,MYS,2025,,18916.94191381728,21439.448221715225,2522.5063078979424,0.0,2522.5063078979424,XGB_OD,SCENARIO,Aid_LOW__Conflict_external_HIGH
BRN,MYS,2025,,18916.94191381728,19892.311019537818,975.3691057205378,0.0,975.3691057205378,XGB_OD,SCENARIO,Aid_LOW__Conflict_external_LOW
BRN,MYS,2025,,18916.94191381728,19118.74241844912,201.80050463183545,0.0,201.80050463183545,XGB_OD,SCENARIO,Aid_LOW__Conflict_internal_HIGH
BRN,MYS,2025,,18916.94191381728,19350.812998775727,433.8710849584463,0.0,433.8710849584463,XGB_OD,SCENARIO,Aid_LOW__Conflict_internal_HIGH__Conflict_external_HIGH
BRN,MYS,2025,,18916.94191381728,19196.099278557987,279.1573647407057,0.0,279.1573647407057,XGB_OD,SCENARIO,Aid_LOW__Conflict_internal_HIGH__Conflict_external_LOW
BRN,MYS,2025,,18916.94191381728,19118.74241844912,201.80050463183545,0.0,201.80050463183545,XGB_OD,SCENARIO,Aid_LOW__Conflict_internal_LOW
BRN,MYS,2025,,18916.94191381728,20743.23648073539,1826.29456691811,0.0,1826.29456691811,XGB_OD,SCENARIO,Aid_LOW__Conflict_internal_LOW__Conflict_external_HIGH
BRN,MYS,2025,,18916.94191381728,19660.240439211208,743.2985253939272,0.0,743.2985253939272,XGB_OD,SCENARIO,Aid_LOW__Conflict_internal_LOW__Conflict_external_LOW
BRN,MYS,2025,,18916.94191381728,20934.94696013564,2018.0050463183543,0.0,2018.0050463183543,XGB_OD,SCENARIO,Conflict_external_HIGH
BRN,MYS,2025,,18916.94191381728,19589.610262590068,672.6683487727847,0.0,672.6683487727847,XGB_OD,SCENARIO,Conflict_external_LOW
BRN,MYS,2025,,18916.94191381728,18916.94191381728,0.0,0.0,0.0,XGB_OD,SCENARIO,Conflict_internal_HIGH
BRN,MYS,2025,,18916.94191381728,19118.74241844912,201.8005046318356,0.0,201.8005046318356,XGB_OD,SCENARIO,Conflict_internal_HIGH__Conflict_external_HIGH
BRN,MYS,2025,,18916.94191381728,18984.20874869456,67.26683487727853,0.0,67.26683487727853,XGB_OD,SCENARIO,Conflict_internal_HIGH__Conflict_external_LOW
BRN,MYS,2025,,18916.94191381728,18916.94191381728,0.0,0.0,0.0,XGB_OD,SCENARIO,Conflict_internal_LOW
BRN,MYS,2025,,18916.94191381728,20329.54544624013,1412.6035324228478,0.0,1412.6035324228478,XGB_OD,SCENARIO,Conflict_internal_LOW__Conflict_external_HIGH
BRN,MYS,2025,,18916.94191381728,19387.80975795823,470.8678441409493,0.0,470.8678441409493,XGB_OD,SCENARIO,Conflict_internal_LOW__Conflict_external_LOW
BRN,MYS,2030,,18993.46617409617,,,,,XGB_OD,FORECAST,
BRN,MYS,2035,,18879.41666209462,,,,,XGB_OD,FORECAST,
CHN,MYS,2000,30708.0,,,,,,HIST,HIST,
CHN,MYS,2005,30708.0,,,,,,HIST,HIST,
CHN,MYS,2010,30775.0,,,,,,HIST,HIST,
CHN,MYS,2015,30708.0,,,,,,HIST,HIST,
CHN,MYS,2020,30606.0,,,,,,HIST,HIST,
CHN,MYS,2024,30524.0,,,,,,HIST,HIST,
CHN,MYS,2025,,29881.31879106499,,,,,XGB_OD,FORECAST,
CHN,MYS,2025,,29881.31879106499,30732.433262229697,851.114471164707,0.0,851.114471164707,XGB_OD,SCENARIO,Aid_HIGH
CHN,MYS,2025,,29881.31879106499,35656.7384168255,5775.419625760513,0.0,5775.419625760513,XGB_OD,SCENARIO,Aid_HIGH__Conflict_external_HIGH
CHN,MYS,2025,,29881.31879106499,32373.86831376163,2492.549522696642,0.0,2492.549522696642,XGB_OD,SCENARIO,Aid_HIGH__Conflict_external_LOW
CHN,MYS,2025,,29881.31879106499,30732.433262229697,851.114471164707,0.0,851.114471164707,XGB_OD,SCENARIO,Aid_HIGH__Conflict_internal_HIGH
CHN,MYS,2025,,29881.31879106499,31224.86377768928,1343.544986624288,0.0,1343.544986624288,XGB_OD,SCENARIO,Aid_HIGH__Conflict_internal_HIGH__Conflict_external_HIGH
CHN,MYS,2025,,29881.31879106499,30896.57676738289,1015.2579763179006,0.0,1015.2579763179006,XGB_OD,SCENARIO,Aid_HIGH__Conflict_internal_HIGH__Conflict_external_LOW
CHN,MYS,2025,,29881.31879106499,30732.433262229697,851.114471164707,0.0,851.114471164707,XGB_OD,SCENARIO,Aid_HIGH__Conflict_internal_LOW
CHN,MYS,2025,,29881.31879106499,34179.44687044676,4298.12807938177,0.0,4298.12807938177,XGB_OD,SCENARIO,Aid_HIGH__Conflict_internal_LOW__Conflict_external_HIGH
CHN,MYS,2025,,29881.31879106499,31881.437798302053,2000.1190072370612,0.0,2000.1190072370612,XGB_OD,SCENARIO,Aid_HIGH__Conflict_internal_LOW__Conflict_external_LOW
CHN,MYS,2025,,29881.31879106499,30246.082135849865,364.7633447848744,0.0,364.7633447848744,XGB_OD,SCENARIO,Aid_LOW
CHN,MYS,2025,,29881.31879106499,34440.86060087592,4559.541809810929,0.0,4559.541809810929,XGB_OD,SCENARIO,Aid_LOW__Conflict_external_HIGH
CHN,MYS,2025,,29881.31879106499,31644.34162419188,1763.022833126893,0.0,1763.022833126893,XGB_OD,SCENARIO,Aid_LOW__Conflict_external_LOW
CHN,MYS,2025,,29881.31879106499,30246.082135849865,364.7633447848744,0.0,364.7633447848744,XGB_OD,SCENARIO,Aid_LOW__Conflict_internal_HIGH
CHN,MYS,2025,,29881.31879106499,30665.55998235247,784.2411912874803,0.0,784.2411912874803,XGB_OD,SCENARIO,Aid_LOW__Conflict_internal_HIGH__Conflict_external_HIGH
CHN,MYS,2025,,29881.31879106499,30385.908084684062,504.5892936190764,0.0,504.5892936190764,XGB_OD,SCENARIO,Aid_LOW__Conflict_internal_HIGH__Conflict_external_LOW
CHN,MYS,2025,,29881.31879106499,30246.082135849865,364.7633447848744,0.0,364.7633447848744,XGB_OD,SCENARIO,Aid_LOW__Conflict_internal_LOW
CHN,MYS,2025,,29881.31879106499,33182.4270613681,3301.1082703031125,0.0,3301.1082703031125,XGB_OD,SCENARIO,Aid_LOW__Conflict_internal_LOW__Conflict_external_HIGH
CHN,MYS,2025,,29881.31879106499,31224.86377768928,1343.5449866242875,0.0,1343.5449866242875,XGB_OD,SCENARIO,Aid_LOW__Conflict_internal_LOW__Conflict_external_LOW
CHN,MYS,2025,,29881.31879106499,33528.952238913735,3647.633447848744,0.0,3647.633447848744,XGB_OD,SCENARIO,Conflict_external_HIGH
CHN,MYS,2025,,29881.31879106499,31097.19660701457,1215.8778159495814,0.0,1215.8778159495814,XGB_OD,SCENARIO,Conflict_external_LOW
CHN,MYS,2025,,29881.31879106499,29881.31879106499,0.0,0.0,0.0,XGB_OD,SCENARIO,Conflict_internal_HIGH
CHN,MYS,2025,,29881.31879106499,30246.082135849865,364.7633447848748,0.0,364.7633447848748,XGB_OD,SCENARIO,Conflict_internal_HIGH__Conflict_external_HIGH
CHN,MYS,2025,,29881.31879106499,30002.906572659947,121.58778159495824,0.0,121.58778159495824,XGB_OD,SCENARIO,Conflict_internal_HIGH__Conflict_external_LOW
CHN,MYS,2025,,29881.31879106499,29881.31879106499,0.0,0.0,0.0,XGB_OD,SCENARIO,Conflict_internal_LOW
CHN,MYS,2025,,29881.31879106499,32434.66220455911,2553.3434134941203,0.0,2553.3434134941203,XGB_OD,SCENARIO,Conflict_internal_LOW__Conflict_external_HIGH
CHN,MYS,2025,,29881.31879106499,30732.433262229697,851.114471164707,0.0,851.114471164707,XGB_OD,SCENARIO,Conflict_internal_LOW__Conflict_external_LOW
CHN,MYS,2030,,30053.19818990076,,,,,XGB_OD,FORECAST,
CHN,MYS,2035,,30099.55155691971,,,,,XGB_OD,FORECAST,
GBR,MYS,2000,3522.0,,,,,,HIST,HIST,
GBR,MYS,2005,3522.0,,,,,,HIST,HIST,
GBR,MYS,2010,3524.0,,,,,,HIST,HIST,
GBR,MYS,2015,3522.0,,,,,,HIST,HIST,
GBR,MYS,2020,3522.0,,,,,,HIST,HIST,
GBR,MYS,2024,3522.0,,,,,,HIST,HIST,
GBR,MYS,2025,,3558.5728141392483,,,,,XGB_OD,FORECAST,
GBR,MYS,2025,,3558.5728141392483,3656.778330042861,98.205515903612,0.0,98.205515903612,XGB_OD,SCENARIO,Aid_HIGH
GBR,MYS,2025,,3558.5728141392483,4224.96738634233,666.3945722030817,0.0,666.3945722030817,XGB_OD,SCENARIO,Aid_HIGH__Conflict_external_HIGH
GBR,MYS,2025,,3558.5728141392483,3846.174682142684,287.6018680034352,0.0,287.6018680034352,XGB_OD,SCENARIO,Aid_HIGH__Conflict_external_LOW
GBR,MYS,2025,,3558.5728141392483,3656.778330042861,98.205515903612,0.0,98.205515903612,XGB_OD,SCENARIO,Aid_HIGH__Conflict_internal_HIGH
GBR,MYS,2025,,3558.5728141392483,3713.597235672808,155.02442153355904,0.0,155.02442153355904,XGB_OD,SCENARIO,Aid_HIGH__Conflict_internal_HIGH__Conflict_external_HIGH
GBR,MYS,2025,,3558.5728141392483,3675.7179652528425,117.14515111359434,0.0,117.14515111359434,XGB_OD,SCENARIO,Aid_HIGH__Conflict_internal_HIGH__Conflict_external_LOW
GBR,MYS,2025,,3558.5728141392483,3656.778330042861,98.205515903612,0.0,98.205515903612,XGB_OD,SCENARIO,Aid_HIGH__Conflict_internal_LOW
GBR,MYS,2025,,3558.5728141392483,4054.510669452489,495.9378553132406,0.0,495.9378553132406,XGB_OD,SCENARIO,Aid_HIGH__Conflict_internal_LOW__Conflict_external_HIGH
GBR,MYS,2025,,3558.5728141392483,3789.3557765127366,230.78296237348823,0.0,230.78296237348823,XGB_OD,SCENARIO,Aid_HIGH__Conflict_internal_LOW__Conflict_external_LOW
GBR,MYS,2025,,3558.5728141392483,3600.6608923836534,42.088078244405146,0.0,42.088078244405146,XGB_OD,SCENARIO,Aid_LOW
GBR,MYS,2025,,3558.5728141392483,4084.6737921943127,526.1009780550643,0.0,526.1009780550643,XGB_OD,SCENARIO,Aid_LOW__Conflict_external_HIGH
GBR,MYS,2025,,3558.5728141392483,3761.998525653873,203.42571151462488,0.0,203.42571151462488,XGB_OD,SCENARIO,Aid_LOW__Conflict_external_LOW
GBR,MYS,2025,,3558.5728141392483,3600.6608923836534,42.088078244405146,0.0,42.088078244405146,XGB_OD,SCENARIO,Aid_LOW__Conflict_internal_HIGH
GBR,MYS,2025,,3558.5728141392483,3649.0621823647193,90.48936822547113,0.0,90.48936822547113,XGB_OD,SCENARIO,Aid_LOW__Conflict_internal_HIGH__Conflict_external_HIGH
GBR,MYS,2025,,3558.5728141392483,3616.794655710675,58.221841571427134,0.0,58.221841571427134,XGB_OD,SCENARIO,Aid_LOW__Conflict_internal_HIGH__Conflict_external_LOW
GBR,MYS,2025,,3558.5728141392483,3600.6608923836534,42.088078244405146,0.0,42.088078244405146,XGB_OD,SCENARIO,Aid_LOW__Conflict_internal_LOW
GBR,MYS,2025,,3558.5728141392483,3939.469922251115,380.89710811186654,0.0,380.89710811186654,XGB_OD,SCENARIO,Aid_LOW__Conflict_internal_LOW__Conflict_external_HIGH
GBR,MYS,2025,,3558.5728141392483,3713.597235672807,155.02442153355898,0.0,155.02442153355898,XGB_OD,SCENARIO,Aid_LOW__Conflict_internal_LOW__Conflict_external_LOW
GBR,MYS,2025,,3558.5728141392483,3979.4535965833,420.88078244405153,0.0,420.88078244405153,XGB_OD,SCENARIO,Conflict_external_HIGH
GBR,MYS,2025,,3558.5728141392483,3698.8664082872656,140.29359414801718,0.0,140.29359414801718,XGB_OD,SCENARIO,Conflict_external_LOW
GBR,MYS,2025,,3558.5728141392483,3558.5728141392483,0.0,0.0,0.0,XGB_OD,SCENARIO,Conflict_internal_HIGH
GBR,MYS,2025,,3558.5728141392483,3600.6608923836534,42.0880782444052,0.0,42.0880782444052,XGB_OD,SCENARIO,Conflict_internal_HIGH__Conflict_external_HIGH
GBR,MYS,2025,,3558.5728141392483,3572.60217355405,14.029359414801728,0.0,14.029359414801728,XGB_OD,SCENARIO,Conflict_internal_HIGH__Conflict_external_LOW
GBR,MYS,2025,,3558.5728141392483,3558.5728141392483,0.0,0.0,0.0,XGB_OD,SCENARIO,Conflict_internal_LOW
GBR,MYS,2025,,3558.5728141392483,3853.189361850085,294.616547710836,0.0,294.616547710836,XGB_OD,SCENARIO,Conflict_internal_LOW__Conflict_external_HIGH
GBR,MYS,2025,,3558.5728141392483,3656.778330042861,98.205515903612,0.0,98.205515903612,XGB_OD,SCENARIO,Conflict_internal_LOW__Conflict_external_LOW
GBR,MYS,2030,,3600.638408996253,,,,,XGB_OD,FORECAST,
GBR,MYS,2035,,3600.638408996253,,,,,XGB_OD,FORECAST,
IDN,MYS,2000,863511.0,,,,,,HIST,HIST,
IDN,MYS,2005,1128807.0,,,,,,HIST,HIST,
IDN,MYS,2010,1540665.0,,,,,,HIST,HIST,
IDN,MYS,2015,1607465.0,,,,,,HIST,HIST,
IDN,MYS,2020,1693459.0,,,,,,HIST,HIST,
IDN,MYS,2024,1761502.0,,,,,,HIST,HIST,
IDN,MYS,2025,,2187546.0314948778,,,,,XGB_OD,FORECAST,
IDN,MYS,2025,,2187546.0314948778,2236662.786939301,49116.75544442373,0.0,49116.75544442373,XGB_OD,SCENARIO,Aid_HIGH
IDN,MYS,2025,,2187546.0314948778,2520838.3005820387,333292.2690871611,0.0,333292.2690871611,XGB_OD,SCENARIO,Aid_HIGH__Conflict_external_HIGH
IDN,MYS,2025,,2187546.0314948778,2331387.9581535477,143841.9266586695,0.0,143841.9266586695,XGB_OD,SCENARIO,Aid_HIGH__Conflict_external_LOW
IDN,MYS,2025,,2187546.0314948778,2263263.1440678025,49116.75544442373,26600.35712850103,75717.11257292476,XGB_OD,SCENARIO,Aid_HIGH__Conflict_internal_HIGH
IDN,MYS,2025,,2187546.0314948778,2291680.695432076,77534.3068086975,26600.35712850103,104134.66393719852,XGB_OD,SCENARIO,Aid_HIGH__Conflict_internal_HIGH__Conflict_external_HIGH
IDN,MYS,2025,,2187546.0314948778,2272735.661189227,58589.27256584831,26600.35712850103,85189.62969434934,XGB_OD,SCENARIO,Aid_HIGH__Conflict_internal_HIGH__Conflict_external_LOW
IDN,MYS,2025,,2187546.0314948778,2245529.572648802,49116.75544442373,8866.785709500344,57983.54115392408,XGB_OD,SCENARIO,Aid_HIGH__Conflict_internal_LOW
IDN,MYS,2025,,2187546.0314948778,2444452.4321987177,248039.61499433985,8866.785709500344,256906.40070384016,XGB_OD,SCENARIO,Aid_HIGH__Conflict_internal_LOW__Conflict_external_HIGH
IDN,MYS,2025,,2187546.0314948778,2311837.192498774,115424.37529439577,8866.785709500344,124291.16100389612,XGB_OD,SCENARIO,Aid_HIGH__Conflict_internal_LOW__Conflict_external_LOW
IDN,MYS,2025,,2187546.0314948778,2208596.069542488,21050.03804761017,0.0,21050.03804761017,XGB_OD,SCENARIO,Aid_LOW
IDN,MYS,2025,,2187546.0314948778,2450671.507090005,263125.4755951271,0.0,263125.4755951271,XGB_OD,SCENARIO,Aid_LOW__Conflict_external_HIGH
IDN,MYS,2025,,2187546.0314948778,2289287.882058327,101741.85056344916,0.0,101741.85056344916,XGB_OD,SCENARIO,Aid_LOW__Conflict_external_LOW
IDN,MYS,2025,,2187546.0314948778,2235196.426670989,21050.03804761017,26600.35712850103,47650.3951761112,XGB_OD,SCENARIO,Aid_LOW__Conflict_internal_HIGH
IDN,MYS,2025,,2187546.0314948778,2259403.970425741,45257.581802361885,26600.35712850103,71857.93893086292,XGB_OD,SCENARIO,Aid_LOW__Conflict_internal_HIGH__Conflict_external_HIGH
IDN,MYS,2025,,2187546.0314948778,2243265.6079225726,29119.21929919408,26600.35712850103,55719.57642769511,XGB_OD,SCENARIO,Aid_LOW__Conflict_internal_HIGH__Conflict_external_LOW
IDN,MYS,2025,,2187546.0314948778,2217462.8552519884,21050.03804761017,8866.785709500344,29916.823757110516,XGB_OD,SCENARIO,Aid_LOW__Conflict_internal_LOW
IDN,MYS,2025,,2187546.0314948778,2386915.66153525,190502.844330872,8866.785709500344,199369.63004037237,XGB_OD,SCENARIO,Aid_LOW__Conflict_internal_LOW__Conflict_external_HIGH
IDN,MYS,2025,,2187546.0314948778,2273947.124013076,77534.30680869747,8866.785709500344,86401.09251819781,XGB_OD,SCENARIO,Aid_LOW__Conflict_internal_LOW__Conflict_external_LOW
IDN,MYS,2025,,2187546.0314948778,2398046.4119709795,210500.3804761017,0.0,210500.3804761017,XGB_OD,SCENARIO,Conflict_external_HIGH
IDN,MYS,2025,,2187546.0314948778,2257712.824986912,70166.7934920339,0.0,70166.7934920339,XGB_OD,SCENARIO,Conflict_external_LOW
IDN,MYS,2025,,2187546.0314948778,2214146.3886233787,0.0,26600.35712850103,26600.35712850103,XGB_OD,SCENARIO,Conflict_internal_HIGH
IDN,MYS,2025,,2187546.0314948778,2235196.426670989,21050.038047610196,26600.35712850103,47650.395176111226,XGB_OD,SCENARIO,Conflict_internal_HIGH__Conflict_external_HIGH
IDN,MYS,2025,,2187546.0314948778,2221163.0679725823,7016.679349203397,26600.35712850103,33617.03647770442,XGB_OD,SCENARIO,Conflict_internal_HIGH__Conflict_external_LOW
IDN,MYS,2025,,2187546.0314948778,2196412.817204378,0.0,8866.785709500344,8866.785709500344,XGB_OD,SCENARIO,Conflict_internal_LOW
IDN,MYS,2025,,2187546.0314948778,2343763.0835376494,147350.26633327117,8866.785709500344,156217.0520427715,XGB_OD,SCENARIO,Conflict_internal_LOW__Conflict_external_HIGH
IDN,MYS,2025,,2187546.0314948778,2245529.572648802,49116.75544442373,8866.785709500344,57983.54115392408,XGB_OD,SCENARIO,Conflict_internal_LOW__Conflict_external_LOW
IDN,MYS,2030,,2612024.868318689,,,,,XGB_OD,FORECAST,
IDN,MYS,2035,,2642481.932774781,,,,,XGB_OD,FORECAST,
IND,MYS,2000,18934.0,,,,,,HIST,HIST,
IND,MYS,2005,134947.0,,,,,,HIST,HIST,
IND,MYS,2010,95112.0,,,,,,HIST,HIST,
IND,MYS,2015,139751.0,,,,,,HIST,HIST,
IND,MYS,2020,139751.0,,,,,,HIST,HIST,
IND,MYS,2024,139751.0,,,,,,HIST,HIST,
IND,MYS,2025,,128040.0361867348,,,,,XGB_OD,FORECAST,
IND,MYS,2025,,128040.0361867348,131936.7764062257,3896.740219490901,0.0,3896.740219490901,XGB_OD,SCENARIO,Aid_HIGH
IND,MYS,2025,,128040.0361867348,154482.20196185162,26442.165775116828,0.0,26442.165775116828,XGB_OD,SCENARIO,Aid_HIGH__Conflict_external_HIGH
IND,MYS,2025,,128040.0361867348,139451.918258101,11411.882071366208,0.0,11411.882071366208,XGB_OD,SCENARIO,Aid_HIGH__Conflict_external_LOW
IND,MYS,2025,,128040.0361867348,131936.7764062257,3896.740219490901,0.0,3896.740219490901,XGB_OD,SCENARIO,Aid_HIGH__Conflict_internal_HIGH
IND,MYS,2025,,128040.0361867348,134191.3189617883,6151.282775053495,0.0,6151.282775053495,XGB_OD,SCENARIO,Aid_HIGH__Conflict_internal_HIGH__Conflict_external_HIGH
IND,MYS,2025,,128040.0361867348,132688.2905914132,4648.254404678432,0.0,4648.254404678432,XGB_OD,SCENARIO,Aid_HIGH__Conflict_internal_HIGH__Conflict_external_LOW
IND,MYS,2025,,128040.0361867348,131936.7764062257,3896.740219490901,0.0,3896.740219490901,XGB_OD,SCENARIO,Aid_HIGH__Conflict_internal_LOW
IND,MYS,2025,,128040.0361867348,147718.57429516385,19678.53810842905,0.0,19678.53810842905,XGB_OD,SCENARIO,Aid_HIGH__Conflict_internal_LOW__Conflict_external_HIGH
IND,MYS,2025,,128040.0361867348,137197.3757025384,9157.339515803616,0.0,9157.339515803616,XGB_OD,SCENARIO,Aid_HIGH__Conflict_internal_LOW__Conflict_external_LOW
IND,MYS,2025,,128040.0361867348,129710.06770937376,1670.0315226389573,0.0,1670.0315226389573,XGB_OD,SCENARIO,Aid_LOW
IND,MYS,2025,,128040.0361867348,148915.43021972175,20875.39403298696,0.0,20875.39403298696,XGB_OD,SCENARIO,Aid_LOW__Conflict_external_HIGH
IND,MYS,2025,,128040.0361867348,136111.85521282308,8071.819026088294,0.0,8071.819026088294,XGB_OD,SCENARIO,Aid_LOW__Conflict_external_LOW
IND,MYS,2025,,128040.0361867348,129710.06770937376,1670.0315226389573,0.0,1670.0315226389573,XGB_OD,SCENARIO,Aid_LOW__Conflict_internal_HIGH
IND,MYS,2025,,128040.0361867348,131630.60396040857,3590.56777367376,0.0,3590.56777367376,XGB_OD,SCENARIO,Aid_LOW__Conflict_internal_HIGH__Conflict_external_HIGH
IND,MYS,2025,,128040.0361867348,130350.24645971868,2310.210272983892,0.0,2310.210272983892,XGB_OD,SCENARIO,Aid_LOW__Conflict_internal_HIGH__Conflict_external_LOW
IND,MYS,2025,,128040.0361867348,129710.06770937376,1670.0315226389573,0.0,1670.0315226389573,XGB_OD,SCENARIO,Aid_LOW__Conflict_internal_LOW
IND,MYS,2025,,128040.0361867348,143153.82146661734,15113.78527988256,0.0,15113.78527988256,XGB_OD,SCENARIO,Aid_LOW__Conflict_internal_LOW__Conflict_external_HIGH
IND,MYS,2025,,128040.0361867348,134191.3189617883,6151.282775053493,0.0,6151.282775053493,XGB_OD,SCENARIO,Aid_LOW__Conflict_internal_LOW__Conflict_external_LOW
IND,MYS,2025,,128040.0361867348,144740.35141312436,16700.31522638957,0.0,16700.31522638957,XGB_OD,SCENARIO,Conflict_external_HIGH
IND,MYS,2025,,128040.0361867348,133606.80792886464,5566.771742129858,0.0,5566.771742129858,XGB_OD,SCENARIO,Conflict_external_LOW
IND,MYS,2025,,128040.0361867348,128040.0361867348,0.0,0.0,0.0,XGB_OD,SCENARIO,Conflict_internal_HIGH
IND,MYS,2025,,128040.0361867348,129710.06770937376,1670.031522638959,0.0,1670.031522638959,XGB_OD,SCENARIO,Conflict_internal_HIGH__Conflict_external_HIGH
IND,MYS,2025,,128040.0361867348,128596.7133609478,556.6771742129862,0.0,556.6771742129862,XGB_OD,SCENARIO,Conflict_internal_HIGH__Conflict_external_LOW
IND,MYS,2025,,128040.0361867348,128040.0361867348,0.0,0.0,0.0,XGB_OD,SCENARIO,Conflict_internal_LOW
IND,MYS,2025,,128040.0361867348,139730.2568452075,11690.2206584727,0.0,11690.2206584727,XGB_OD,SCENARIO,Conflict_internal_LOW__Conflict_external_HIGH
IND,MYS,2025,,128040.0361867348,131936.7764062257,3896.740219490901,0.0,3896.740219490901,XGB_OD,SCENARIO,Conflict_internal_LOW__Conflict_external_LOW
IND,MYS,2030,,125513.93262856324,,,,,XGB_OD,FORECAST,
IND,MYS,2035,,123986.35174663042,,,,,XGB_OD,FORECAST,
IRN,MYS,2000,6.0,,,,,,HIST,HIST,
IRN,MYS,2005,22.0,,,,,,HIST,HIST,
IRN,MYS,2010,130.0,,,,,,HIST,HIST,
IRN,MYS,2015,528.0,,,,,,HIST,HIST,
IRN,MYS,2020,442.0,,,,,,HIST,HIST,
IRN,MYS,2024,358.0,,,,,,HIST,HIST,
IRN,MYS,2025,,340.06520926140774,,,,,XGB_OD,FORECAST,
IRN,MYS,2025,,340.06520926140774,350.0474848700075,9.982275608599748,0.0,9.982275608599748,XGB_OD,SCENARIO,Aid_HIGH
IRN,MYS,2025,,340.06520926140774,407.8020794626203,67.7368702012126,0.0,67.7368702012126,XGB_OD,SCENARIO,Aid_HIGH__Conflict_external_HIGH
IRN,MYS,2025,,340.06520926140774,369.2990164008784,29.23380713947069,0.0,29.23380713947069,XGB_OD,SCENARIO,Aid_HIGH__Conflict_external_LOW
IRN,MYS,2025,,340.06520926140774,350.0474848700075,9.982275608599748,0.0,9.982275608599748,XGB_OD,SCENARIO,Aid_HIGH__Conflict_internal_HIGH
IRN,MYS,2025,,340.06520926140774,355.8229443292688,15.75773506786104,0.0,15.75773506786104,XGB_OD,SCENARIO,Aid_HIGH__Conflict_internal_HIGH__Conflict_external_HIGH
IRN,MYS,2025,,340.06520926140774,351.9726380230946,11.907428761686845,0.0,11.907428761686845,XGB_OD,SCENARIO,Aid_HIGH__Conflict_internal_HIGH__Conflict_external_LOW
IRN,MYS,2025,,340.06520926140774,350.0474848700075,9.982275608599748,0.0,9.982275608599748,XGB_OD,SCENARIO,Aid_HIGH__Conflict_internal_LOW
IRN,MYS,2025,,340.06520926140774,390.4757010848365,50.41049182342872,0.0,50.41049182342872,XGB_OD,SCENARIO,Aid_HIGH__Conflict_internal_LOW__Conflict_external_HIGH
IRN,MYS,2025,,340.06520926140774,363.52355694161713,23.45834768020941,0.0,23.45834768020941,XGB_OD,SCENARIO,Aid_HIGH__Conflict_internal_LOW__Conflict_external_LOW
IRN,MYS,2025,,340.06520926140774,344.34332737937905,4.278118117971321,0.0,4.278118117971321,XGB_OD,SCENARIO,Aid_LOW
IRN,MYS,2025,,340.06520926140774,393.54168573604926,53.4764764746415,0.0,53.4764764746415,XGB_OD,SCENARIO,Aid_LOW__Conflict_external_HIGH
IRN,MYS,2025,,340.06520926140774,360.74278016493577,20.67757090352805,0.0,20.67757090352805,XGB_OD,SCENARIO,Aid_LOW__Conflict_external_LOW
IRN,MYS,2025,,340.06520926140774,344.34332737937905,4.278118117971321,0.0,4.278118117971321,XGB_OD,SCENARIO,Aid_LOW__Conflict_internal_HIGH
IRN,MYS,2025,,340.06520926140774,349.26316321504606,9.197953953638343,0.0,9.197953953638343,XGB_OD,SCENARIO,Aid_LOW__Conflict_internal_HIGH__Conflict_external_HIGH
IRN,MYS,2025,,340.06520926140774,345.9832726579347,5.918063396526995,0.0,5.918063396526995,XGB_OD,SCENARIO,Aid_LOW__Conflict_internal_HIGH__Conflict_external_LOW
IRN,MYS,2025,,340.06520926140774,344.34332737937905,4.278118117971321,0.0,4.278118117971321,XGB_OD,SCENARIO,Aid_LOW__Conflict_internal_LOW
IRN,MYS,2025,,340.06520926140774,378.7821782290482,38.71696896764045,0.0,38.71696896764045,XGB_OD,SCENARIO,Aid_LOW__Conflict_internal_LOW__Conflict_external_HIGH
IRN,MYS,2025,,340.06520926140774,355.82294432926875,15.757735067861033,0.0,15.757735067861033,XGB_OD,SCENARIO,Aid_LOW__Conflict_internal_LOW__Conflict_external_LOW
IRN,MYS,2025,,340.06520926140774,382.84639044112095,42.78118117971321,0.0,42.78118117971321,XGB_OD,SCENARIO,Conflict_external_HIGH
IRN,MYS,2025,,340.06520926140774,354.3256029879788,14.26039372657107,0.0,14.26039372657107,XGB_OD,SCENARIO,Conflict_external_LOW
IRN,MYS,2025,,340.06520926140774,340.06520926140774,0.0,0.0,0.0,XGB_OD,SCENARIO,Conflict_internal_HIGH
IRN,MYS,2025,,340.06520926140774,344.34332737937905,4.278118117971325,0.0,4.278118117971325,XGB_OD,SCENARIO,Conflict_internal_HIGH__Conflict_external_HIGH
IRN,MYS,2025,,340.06520926140774,341.49124863406485,1.426039372657108,0.0,1.426039372657108,XGB_OD,SCENARIO,Conflict_internal_HIGH__Conflict_external_LOW
IRN,MYS,2025,,340.06520926140774,340.06520926140774,0.0,0.0,0.0,XGB_OD,SCENARIO,Conflict_internal_LOW
IRN,MYS,2025,,340.06520926140774,370.012036087207,29.94682682579924,0.0,29.94682682579924,XGB_OD,SCENARIO,Conflict_internal_LOW__Conflict_external_HIGH
IRN,MYS,2025,,340.06520926140774,350.0474848700075,9.982275608599748,0.0,9.982275608599748,XGB_OD,SCENARIO,Conflict_internal_LOW__Conflict_external_LOW
IRN,MYS,2030,,336.3983456832382,,,,,XGB_OD,FORECAST,
IRN,MYS,2035,,333.45310055833977,,,,,XGB_OD,FORECAST,
IRQ,MYS,2000,9.0,,,,,,HIST,HIST,
IRQ,MYS,2005,44.0,,,,,,HIST,HIST,
IRQ,MYS,2010,618.0,,,,,,HIST,HIST,
IRQ,MYS,2015,1051.0,,,,,,HIST,HIST,
IRQ,MYS,2020,1262.0,,,,,,HIST,HIST,
IRQ,MYS,2024,674.0,,,,,,HIST,HIST,
IRQ,MYS,2025,,1019.7274279998844,,,,,XGB_OD,FORECAST,
IRQ,MYS,2025,,1019.7274279998844,1038.520874257418,18.79344625753349,0.0,18.79344625753349,XGB_OD,SCENARIO,Aid_HIGH
IRQ,MYS,2025,,1019.7274279998844,1147.254384747433,127.52695674754868,0.0,127.52695674754868,XGB_OD,SCENARIO,Aid_HIGH__Conflict_external_HIGH
IRQ,MYS,2025,,1019.7274279998844,1074.7653777540895,55.0379497542052,0.0,55.0379497542052,XGB_OD,SCENARIO,Aid_HIGH__Conflict_external_LOW
IRQ,MYS,2025,,1019.7274279998844,1038.520874257418,18.79344625753349,0.0,18.79344625753349,XGB_OD,SCENARIO,Aid_HIGH__Conflict_internal_HIGH
IRQ,MYS,2025,,1019.7274279998844,1049.3942253064197,29.666797306535017,0.0,29.666797306535017,XGB_OD,SCENARIO,Aid_HIGH__Conflict_internal_HIGH__Conflict_external_HIGH
IRQ,MYS,2025,,1019.7274279998844,1042.145324607085,22.41789660720066,0.0,22.41789660720066,XGB_OD,SCENARIO,Aid_HIGH__Conflict_internal_HIGH__Conflict_external_LOW
IRQ,MYS,2025,,1019.7274279998844,1038.520874257418,18.79344625753349,0.0,18.79344625753349,XGB_OD,SCENARIO,Aid_HIGH__Conflict_internal_LOW
IRQ,MYS,2025,,1019.7274279998844,1114.6343316004286,94.90690360054408,0.0,94.90690360054408,XGB_OD,SCENARIO,Aid_HIGH__Conflict_internal_LOW__Conflict_external_HIGH
IRQ,MYS,2025,,1019.7274279998844,1063.892026705088,44.16459870520369,0.0,44.16459870520369,XGB_OD,SCENARIO,Aid_HIGH__Conflict_internal_LOW__Conflict_external_LOW
IRQ,MYS,2025,,1019.7274279998844,1027.7817621102558,8.054334110371494,0.0,8.054334110371494,XGB_OD,SCENARIO,Aid_LOW
IRQ,MYS,2025,,1019.7274279998844,1120.406604379528,100.67917637964364,0.0,100.67917637964364,XGB_OD,SCENARIO,Aid_LOW__Conflict_external_HIGH
IRQ,MYS,2025,,1019.7274279998844,1058.6567095333469,38.929281533462216,0.0,38.929281533462216,XGB_OD,SCENARIO,Aid_LOW__Conflict_external_LOW
IRQ,MYS,2025,,1019.7274279998844,1027.7817621102558,8.054334110371494,0.0,8.054334110371494,XGB_OD,SCENARIO,Aid_LOW__Conflict_internal_HIGH
IRQ,MYS,2025,,1019.7274279998844,1037.044246337183,17.316818337298717,0.0,17.316818337298717,XGB_OD,SCENARIO,Aid_LOW__Conflict_internal_HIGH__Conflict_external_HIGH
IRQ,MYS,2025,,1019.7274279998844,1030.869256852565,11.141828852680568,0.0,11.141828852680568,XGB_OD,SCENARIO,Aid_LOW__Conflict_internal_HIGH__Conflict_external_LOW
IRQ,MYS,2025,,1019.7274279998844,1027.7817621102558,8.054334110371494,0.0,8.054334110371494,XGB_OD,SCENARIO,Aid_LOW__Conflict_internal_LOW
IRQ,MYS,2025,,1019.7274279998844,1092.6191516987465,72.891723698862,0.0,72.891723698862,XGB_OD,SCENARIO,Aid_LOW__Conflict_internal_LOW__Conflict_external_HIGH
IRQ,MYS,2025,,1019.7274279998844,1049.3942253064197,29.666797306535003,0.0,29.666797306535003,XGB_OD,SCENARIO,Aid_LOW__Conflict_internal_LOW__Conflict_external_LOW
IRQ,MYS,2025,,1019.7274279998844,1100.2707691035994,80.54334110371494,0.0,80.54334110371494,XGB_OD,SCENARIO,Conflict_external_HIGH
IRQ,MYS,2025,,1019.7274279998844,1046.5752083677894,26.847780367904974,0.0,26.847780367904974,XGB_OD,SCENARIO,Conflict_external_LOW
IRQ,MYS,2025,,1019.7274279998844,1019.7274279998844,0.0,0.0,0.0,XGB_OD,SCENARIO,Conflict_internal_HIGH
IRQ,MYS,2025,,1019.7274279998844,1027.7817621102558,8.054334110371501,0.0,8.054334110371501,XGB_OD,SCENARIO,Conflict_internal_HIGH__Conflict_external_HIGH
IRQ,MYS,2025,,1019.7274279998844,1022.4122060366748,2.6847780367905,0.0,2.6847780367905,XGB_OD,SCENARIO,Conflict_internal_HIGH__Conflict_external_LOW
IRQ,MYS,2025,,1019.7274279998844,1019.7274279998844,0.0,0.0,0.0,XGB_OD,SCENARIO,Conflict_internal_LOW
IRQ,MYS,2025,,1019.7274279998844,1076.1077667724849,56.380338772600446,0.0,56.380338772600446,XGB_OD,SCENARIO,Conflict_internal_LOW__Conflict_external_HIGH
IRQ,MYS,2025,,1019.7274279998844,1038.520874257418,18.79344625753349,0.0,18.79344625753349,XGB_OD,SCENARIO,Conflict_internal_LOW__Conflict_external_LOW
IRQ,MYS,2030,,1227.0028109302248,,,,,XGB_OD,FORECAST,
IRQ,MYS,2035,,1423.2949108817584,,,,,XGB_OD,FORECAST,
JPN,MYS,2000,12390.0,,,,,,HIST,HIST,
JPN,MYS,2005,12390.0,,,,,,HIST,HIST,
JPN,MYS,2010,12407.0,,,,,,HIST,HIST,
JPN,MYS,2015,12390.0,,,,,,HIST,HIST,
JPN,MYS,2020,12389.0,,,,,,HIST,HIST,
JPN,MYS,2024,12388.0,,,,,,HIST,HIST,
JPN,MYS,2025,,12561.731769446633,,,,,XGB_OD,FORECAST,
JPN,MYS,2025,,12561.731769446633,12907.151965645966,345.4201961993334,0.0,345.4201961993334,XGB_OD,SCENARIO,Aid_HIGH
JPN,MYS,2025,,12561.731769446633,14905.654529370682,2343.922759924049,0.0,2343.922759924049,XGB_OD,SCENARIO,Aid_HIGH__Conflict_external_HIGH
JPN,MYS,2025,,12561.731769446633,13573.319486887538,1011.587717440905,0.0,1011.587717440905,XGB_OD,SCENARIO,Aid_HIGH__Conflict_external_LOW
JPN,MYS,2025,,12561.731769446633,12907.151965645966,345.4201961993334,0.0,345.4201961993334,XGB_OD,SCENARIO,Aid_HIGH__Conflict_internal_HIGH
JPN,MYS,2025,,12561.731769446633,13107.002222018438,545.2704525718052,0.0,545.2704525718052,XGB_OD,SCENARIO,Aid_HIGH__Conflict_internal_HIGH__Conflict_external_HIGH
JPN,MYS,2025,,12561.731769446633,12973.768717770125,412.0369483234906,0.0,412.0369483234906,XGB_OD,SCENARIO,Aid_HIGH__Conflict_internal_HIGH__Conflict_external_LOW
JPN,MYS,2025,,12561.731769446633,12907.151965645966,345.4201961993334,0.0,345.4201961993334,XGB_OD,SCENARIO,Aid_HIGH__Conflict_internal_LOW
JPN,MYS,2025,,12561.731769446633,14306.103760253269,1744.3719908066337,0.0,1744.3719908066337,XGB_OD,SCENARIO,Aid_HIGH__Conflict_internal_LOW__Conflict_external_HIGH
JPN,MYS,2025,,12561.731769446633,13373.469230515066,811.7374610684335,0.0,811.7374610684335,XGB_OD,SCENARIO,Aid_HIGH__Conflict_internal_LOW__Conflict_external_LOW
JPN,MYS,2025,,12561.731769446633,12709.768996389204,148.03722694257146,0.0,148.03722694257146,XGB_OD,SCENARIO,Aid_LOW
JPN,MYS,2025,,12561.731769446633,14412.197106228776,1850.4653367821431,0.0,1850.4653367821431,XGB_OD,SCENARIO,Aid_LOW__Conflict_external_HIGH
JPN,MYS,2025,,12561.731769446633,13277.245033002397,715.5132635557621,0.0,715.5132635557621,XGB_OD,SCENARIO,Aid_LOW__Conflict_external_LOW
JPN,MYS,2025,,12561.731769446633,12709.768996389204,148.03722694257146,0.0,148.03722694257146,XGB_OD,SCENARIO,Aid_LOW__Conflict_internal_HIGH
JPN,MYS,2025,,12561.731769446633,12880.01180737316,318.2800379265288,0.0,318.2800379265288,XGB_OD,SCENARIO,Aid_LOW__Conflict_internal_HIGH__Conflict_external_HIGH
JPN,MYS,2025,,12561.731769446633,12766.516600050523,204.78483060389055,0.0,204.78483060389055,XGB_OD,SCENARIO,Aid_LOW__Conflict_internal_HIGH__Conflict_external_LOW
JPN,MYS,2025,,12561.731769446633,12709.768996389204,148.03722694257146,0.0,148.03722694257146,XGB_OD,SCENARIO,Aid_LOW__Conflict_internal_LOW
JPN,MYS,2025,,12561.731769446633,13901.468673276904,1339.7369038302716,0.0,1339.7369038302716,XGB_OD,SCENARIO,Aid_LOW__Conflict_internal_LOW__Conflict_external_HIGH
JPN,MYS,2025,,12561.731769446633,13107.002222018438,545.270452571805,0.0,545.270452571805,XGB_OD,SCENARIO,Aid_LOW__Conflict_internal_LOW__Conflict_external_LOW
JPN,MYS,2025,,12561.731769446633,14042.104038872349,1480.3722694257146,0.0,1480.3722694257146,XGB_OD,SCENARIO,Conflict_external_HIGH
JPN,MYS,2025,,12561.731769446633,13055.189192588536,493.45742314190494,0.0,493.45742314190494,XGB_OD,SCENARIO,Conflict_external_LOW
JPN,MYS,2025,,12561.731769446633,12561.731769446633,0.0,0.0,0.0,XGB_OD,SCENARIO,Conflict_internal_HIGH
JPN,MYS,2025,,12561.731769446633,12709.768996389204,148.03722694257164,0.0,148.03722694257164,XGB_OD,SCENARIO,Conflict_internal_HIGH__Conflict_external_HIGH
JPN,MYS,2025,,12561.731769446633,12611.077511760825,49.34574231419053,0.0,49.34574231419053,XGB_OD,SCENARIO,Conflict_internal_HIGH__Conflict_external_LOW
JPN,MYS,2025,,12561.731769446633,12561.731769446633,0.0,0.0,0.0,XGB_OD,SCENARIO,Conflict_internal_LOW
JPN,MYS,2025,,12561.731769446633,13597.992358044634,1036.260588598,0.0,1036.260588598,XGB_OD,SCENARIO,Conflict_internal_LOW__Conflict_external_HIGH
JPN,MYS,2025,,12561.731769446633,12907.151965645966,345.4201961993334,0.0,345.4201961993334,XGB_OD,SCENARIO,Conflict_internal_LOW__Conflict_external_LOW
JPN,MYS,2030,,12676.658499135092,,,,,XGB_OD,FORECAST,
JPN,MYS,2035,,14470.14847222247,,,,,XGB_OD,FORECAST,
KOR,MYS,2000,3410.0,,,,,,HIST,HIST,
KOR,MYS,2005,3410.0,,,,,,HIST,HIST,
KOR,MYS,2010,3411.0,,,,,,HIST,HIST,
KOR,MYS,2015,3410.0,,,,,,HIST,HIST,
KOR,MYS,2020,3410.0,,,,,,HIST,HIST,
KOR,MYS,2024,3410.0,,,,,,HIST,HIST,
KOR,MYS,2025,,3386.8528496077524,,,,,XGB_OD,FORECAST,
KOR,MYS,2025,,3386.8528496077524,3481.9354189522483,95.082569344496,0.0,95.082569344496,XGB_OD,SCENARIO,Aid_HIGH
KOR,MYS,2025,,3386.8528496077524,4032.055998731118,645.2031491233658,0.0,645.2031491233658,XGB_OD,SCENARIO,Aid_HIGH__Conflict_external_HIGH
KOR,MYS,2025,,3386.8528496077524,3665.308945545205,278.4560959374525,0.0,278.4560959374525,XGB_OD,SCENARIO,Aid_HIGH__Conflict_external_LOW
KOR,MYS,2025,,3386.8528496077524,3481.9354189522483,95.082569344496,0.0,95.082569344496,XGB_OD,SCENARIO,Aid_HIGH__Conflict_internal_HIGH
KOR,MYS,2025,,3386.8528496077524,3536.9474769301355,150.09462732238302,0.0,150.09462732238302,XGB_OD,SCENARIO,Aid_HIGH__Conflict_internal_HIGH__Conflict_external_HIGH
KOR,MYS,2025,,3386.8528496077524,3500.272771611544,113.41992200379164,0.0,113.41992200379164,XGB_OD,SCENARIO,Aid_HIGH__Conflict_internal_HIGH__Conflict_external_LOW
KOR,MYS,2025,,3386.8528496077524,3481.9354189522483,95.082569344496,0.0,95.082569344496,XGB_OD,SCENARIO,Aid_HIGH__Conflict_internal_LOW
KOR,MYS,2025,,3386.8528496077524,3867.019824797457,480.1669751897047,0.0,480.1669751897047,XGB_OD,SCENARIO,Aid_HIGH__Conflict_internal_LOW__Conflict_external_HIGH
KOR,MYS,2025,,3386.8528496077524,3610.296887567318,223.4440379595656,0.0,223.4440379595656,XGB_OD,SCENARIO,Aid_HIGH__Conflict_internal_LOW__Conflict_external_LOW
KOR,MYS,2025,,3386.8528496077524,3427.602522183965,40.74967257621257,0.0,40.74967257621257,XGB_OD,SCENARIO,Aid_LOW
KOR,MYS,2025,,3386.8528496077524,3896.223756810409,509.370907202657,0.0,509.370907202657,XGB_OD,SCENARIO,Aid_LOW__Conflict_external_HIGH
KOR,MYS,2025,,3386.8528496077524,3583.80960039278,196.95675078502745,0.0,196.95675078502745,XGB_OD,SCENARIO,Aid_LOW__Conflict_external_LOW
KOR,MYS,2025,,3386.8528496077524,3427.602522183965,40.74967257621257,0.0,40.74967257621257,XGB_OD,SCENARIO,Aid_LOW__Conflict_internal_HIGH
KOR,MYS,2025,,3386.8528496077524,3474.4646456466094,87.61179603885705,0.0,87.61179603885705,XGB_OD,SCENARIO,Aid_LOW__Conflict_internal_HIGH__Conflict_external_HIGH
KOR,MYS,2025,,3386.8528496077524,3443.2232300048463,56.37038039709407,0.0,56.37038039709407,XGB_OD,SCENARIO,Aid_LOW__Conflict_internal_HIGH__Conflict_external_LOW
KOR,MYS,2025,,3386.8528496077524,3427.602522183965,40.74967257621257,0.0,40.74967257621257,XGB_OD,SCENARIO,Aid_LOW__Conflict_internal_LOW
KOR,MYS,2025,,3386.8528496077524,3755.637386422476,368.7845368147237,0.0,368.7845368147237,XGB_OD,SCENARIO,Aid_LOW__Conflict_internal_LOW__Conflict_external_HIGH
KOR,MYS,2025,,3386.8528496077524,3536.9474769301355,150.09462732238296,0.0,150.09462732238296,XGB_OD,SCENARIO,Aid_LOW__Conflict_internal_LOW__Conflict_external_LOW
KOR,MYS,2025,,3386.8528496077524,3794.349575369878,407.4967257621257,0.0,407.4967257621257,XGB_OD,SCENARIO,Conflict_external_HIGH
KOR,MYS,2025,,3386.8528496077524,3522.685091528461,135.83224192070855,0.0,135.83224192070855,XGB_OD,SCENARIO,Conflict_external_LOW
KOR,MYS,2025,,3386.8528496077524,3386.8528496077524,0.0,0.0,0.0,XGB_OD,SCENARIO,Conflict_internal_HIGH
KOR,MYS,2025,,3386.8528496077524,3427.602522183965,40.74967257621261,0.0,40.74967257621261,XGB_OD,SCENARIO,Conflict_internal_HIGH__Conflict_external_HIGH
KOR,MYS,2025,,3386.8528496077524,3400.436073799823,13.583224192070867,0.0,13.583224192070867,XGB_OD,SCENARIO,Conflict_internal_HIGH__Conflict_external_LOW
KOR,MYS,2025,,3386.8528496077524,3386.8528496077524,0.0,0.0,0.0,XGB_OD,SCENARIO,Conflict_internal_LOW
KOR,MYS,2025,,3386.8528496077524,3672.10055764124,285.2477080334879,0.0,285.2477080334879,XGB_OD,SCENARIO,Conflict_internal_LOW__Conflict_external_HIGH
KOR,MYS,2025,,3386.8528496077524,3481.9354189522483,95.082569344496,0.0,95.082569344496,XGB_OD,SCENARIO,Conflict_internal_LOW__Conflict_external_LOW
KOR,MYS,2030,,3287.527173801228,,,,,XGB_OD,FORECAST,
KOR,MYS,2035,,3097.036101310967,,,,,XGB_OD,FORECAST,
LKA,MYS,2000,2043.0,,,,,,HIST,HIST,
LKA,MYS,2005,2467.0,,,,,,HIST,HIST,
LKA,MYS,2010,5523.0,,,,,,HIST,HIST,
LKA,MYS,2015,5536.0,,,,,,HIST,HIST,
LKA,MYS,2020,3865.0,,,,,,HIST,HIST,
LKA,MYS,2024,3310.0,,,,,,HIST,HIST,
LKA,MYS,2025,,3198.8674863962237,,,,,XGB_OD,FORECAST,
LKA,MYS,2025,,3198.867486396224,3291.1617105986584,92.29422420243452,0.0,92.29422420243452,XGB_OD,SCENARIO,Aid_HIGH
LKA,MYS,2025,,3198.867486396224,3825.149722055601,626.2822356593773,0.0,626.2822356593773,XGB_OD,SCENARIO,Aid_HIGH__Conflict_external_HIGH
LKA,MYS,2025,,3198.867486396224,3469.157714417639,270.29022802141543,0.0,270.29022802141543,XGB_OD,SCENARIO,Aid_HIGH__Conflict_external_LOW
LKA,MYS,2025,,3198.867486396224,3291.1617105986584,92.29422420243452,0.0,92.29422420243452,XGB_OD,SCENARIO,Aid_HIGH__Conflict_internal_HIGH
LKA,MYS,2025,,3198.867486396224,3344.5605117443524,145.69302534812886,0.0,145.69302534812886,XGB_OD,SCENARIO,Aid_HIGH__Conflict_internal_HIGH__Conflict_external_HIGH
LKA,MYS,2025,,3198.867486396224,3308.9613109805564,110.09382458433264,0.0,110.09382458433264,XGB_OD,SCENARIO,Aid_HIGH__Conflict_internal_HIGH__Conflict_external_LOW
LKA,MYS,2025,,3198.867486396224,3291.1617105986584,92.29422420243452,0.0,92.29422420243452,XGB_OD,SCENARIO,Aid_HIGH__Conflict_internal_LOW
LKA,MYS,2025,,3198.867486396224,3664.953318618518,466.0858322222944,0.0,466.0858322222944,XGB_OD,SCENARIO,Aid_HIGH__Conflict_internal_LOW__Conflict_external_HIGH
LKA,MYS,2025,,3198.867486396224,3415.758913271945,216.89142687572115,0.0,216.89142687572115,XGB_OD,SCENARIO,Aid_HIGH__Conflict_internal_LOW__Conflict_external_LOW
LKA,MYS,2025,,3198.867486396224,3238.422153911553,39.554667515329086,0.0,39.554667515329086,XGB_OD,SCENARIO,Aid_LOW
LKA,MYS,2025,,3198.867486396224,3693.300830337837,494.4333439416135,0.0,494.4333439416135,XGB_OD,SCENARIO,Aid_LOW__Conflict_external_HIGH
LKA,MYS,2025,,3198.867486396224,3390.048379386981,191.1808929907573,0.0,191.1808929907573,XGB_OD,SCENARIO,Aid_LOW__Conflict_external_LOW
LKA,MYS,2025,,3198.867486396224,3238.422153911553,39.554667515329086,0.0,39.554667515329086,XGB_OD,SCENARIO,Aid_LOW__Conflict_internal_HIGH
LKA,MYS,2025,,3198.867486396224,3283.910021554181,85.04253515795757,0.0,85.04253515795757,XGB_OD,SCENARIO,Aid_LOW__Conflict_internal_HIGH__Conflict_external_HIGH
LKA,MYS,2025,,3198.867486396224,3253.584776459096,54.71729006287192,0.0,54.71729006287192,XGB_OD,SCENARIO,Aid_LOW__Conflict_internal_HIGH__Conflict_external_LOW
LKA,MYS,2025,,3198.867486396224,3238.422153911553,39.554667515329086,0.0,39.554667515329086,XGB_OD,SCENARIO,Aid_LOW__Conflict_internal_LOW
LKA,MYS,2025,,3198.867486396224,3556.837227409952,357.96974101372814,0.0,357.96974101372814,XGB_OD,SCENARIO,Aid_LOW__Conflict_internal_LOW__Conflict_external_HIGH
LKA,MYS,2025,,3198.867486396224,3344.5605117443524,145.69302534812883,0.0,145.69302534812883,XGB_OD,SCENARIO,Aid_LOW__Conflict_internal_LOW__Conflict_external_LOW
LKA,MYS,2025,,3198.867486396224,3594.4141615495146,395.5466751532909,0.0,395.5466751532909,XGB_OD,SCENARIO,Conflict_external_HIGH
LKA,MYS,2025,,3198.867486396224,3330.7163781139875,131.84889171776362,0.0,131.84889171776362,XGB_OD,SCENARIO,Conflict_external_LOW
LKA,MYS,2025,,3198.867486396224,3198.867486396224,0.0,0.0,0.0,XGB_OD,SCENARIO,Conflict_internal_HIGH
LKA,MYS,2025,,3198.867486396224,3238.422153911553,39.55466751532913,0.0,39.55466751532913,XGB_OD,SCENARIO,Conflict_internal_HIGH__Conflict_external_HIGH
LKA,MYS,2025,,3198.867486396224,3212.052375568,13.184889171776373,0.0,13.184889171776373,XGB_OD,SCENARIO,Conflict_internal_HIGH__Conflict_external_LOW
LKA,MYS,2025,,3198.867486396224,3198.867486396224,0.0,0.0,0.0,XGB_OD,SCENARIO,Conflict_internal_LOW
LKA,MYS,2025,,3198.867486396224,3475.750159003527,276.8826726073036,0.0,276.8826726073036,XGB_OD,SCENARIO,Conflict_internal_LOW__Conflict_external_HIGH
LKA,MYS,2025,,3198.867486396224,3291.1617105986584,92.29422420243452,0.0,92.29422420243452,XGB_OD,SCENARIO,Conflict_internal_LOW__Conflict_external_LOW
LKA,MYS,2030,,3217.819089228572,,,,,XGB_OD,FORECAST,
LKA,MYS,2035,,3244.50043231905,,,,,XGB_OD,FORECAST,
MMR,MYS,2000,8582.0,,,,,,HIST,HIST,
MMR,MYS,2005,109039.0,,,,,,HIST,HIST,
MMR,MYS,2010,237677.0,,,,,,HIST,HIST,
MMR,MYS,2015,286574.0,,,,,,HIST,HIST,
MMR,MYS,2020,299559.0,,,,,,HIST,HIST,
MMR,MYS,2024,308095.0,,,,,,HIST,HIST,
MMR,MYS,2025,,333974.6726478188,,,,,XGB_OD,FORECAST,
MMR,MYS,2025,,333974.6726478188,342565.424613272,8590.751965453188,0.0,8590.751965453188,XGB_OD,SCENARIO,Aid_HIGH
MMR,MYS,2025,,333974.6726478188,392269.0609848226,58294.3883370038,0.0,58294.3883370038,XGB_OD,SCENARIO,Aid_HIGH__Conflict_external_HIGH
MMR,MYS,2025,,333974.6726478188,359133.3034037888,25158.63075597005,0.0,25158.63075597005,XGB_OD,SCENARIO,Aid_HIGH__Conflict_external_LOW
MMR,MYS,2025,,333974.6726478188,342565.424613272,8590.751965453188,0.0,8590.751965453188,XGB_OD,SCENARIO,Aid_HIGH__Conflict_internal_HIGH
MMR,MYS,2025,,333974.6726478188,347535.78825042705,13561.115602608255,0.0,13561.115602608255,XGB_OD,SCENARIO,Aid_HIGH__Conflict_internal_HIGH__Conflict_external_HIGH
MMR,MYS,2025,,333974.6726478188,344222.21249232366,10247.539844504876,0.0,10247.539844504876,XGB_OD,SCENARIO,Aid_HIGH__Conflict_internal_HIGH__Conflict_external_LOW
MMR,MYS,2025,,333974.6726478188,342565.424613272,8590.751965453188,0.0,8590.751965453188,XGB_OD,SCENARIO,Aid_HIGH__Conflict_internal_LOW
MMR,MYS,2025,,333974.6726478188,377357.9700733574,43383.2974255386,0.0,43383.2974255386,XGB_OD,SCENARIO,Aid_HIGH__Conflict_internal_LOW__Conflict_external_HIGH
MMR,MYS,2025,,333974.6726478188,354162.9397666338,20188.267118814994,0.0,20188.267118814994,XGB_OD,SCENARIO,Aid_HIGH__Conflict_internal_LOW__Conflict_external_LOW
MMR,MYS,2025,,333974.6726478188,337656.4234901559,3681.750842337081,0.0,3681.750842337081,XGB_OD,SCENARIO,Aid_LOW
MMR,MYS,2025,,333974.6726478188,379996.55817703233,46021.88552921351,0.0,46021.88552921351,XGB_OD,SCENARIO,Aid_LOW__Conflict_external_HIGH
MMR,MYS,2025,,333974.6726478188,351769.8017191147,17795.12907129589,0.0,17795.12907129589,XGB_OD,SCENARIO,Aid_LOW__Conflict_external_LOW
MMR,MYS,2025,,333974.6726478188,337656.4234901559,3681.750842337081,0.0,3681.750842337081,XGB_OD,SCENARIO,Aid_LOW__Conflict_internal_HIGH
MMR,MYS,2025,,333974.6726478188,341890.43695884355,7915.764311024727,0.0,7915.764311024727,XGB_OD,SCENARIO,Aid_LOW__Conflict_internal_HIGH__Conflict_external_HIGH
MMR,MYS,2025,,333974.6726478188,339067.76131305174,5093.088665232963,0.0,5093.088665232963,XGB_OD,SCENARIO,Aid_LOW__Conflict_internal_HIGH__Conflict_external_LOW
MMR,MYS,2025,,333974.6726478188,337656.4234901559,3681.750842337081,0.0,3681.750842337081,XGB_OD,SCENARIO,Aid_LOW__Conflict_internal_LOW
MMR,MYS,2025,,333974.6726478188,367294.51777096937,33319.845123150575,0.0,33319.845123150575,XGB_OD,SCENARIO,Aid_LOW__Conflict_internal_LOW__Conflict_external_HIGH
MMR,MYS,2025,,333974.6726478188,347535.78825042705,13561.11560260825,0.0,13561.11560260825,XGB_OD,SCENARIO,Aid_LOW__Conflict_internal_LOW__Conflict_external_LOW
MMR,MYS,2025,,333974.6726478188,370792.1810711896,36817.50842337081,0.0,36817.50842337081,XGB_OD,SCENARIO,Conflict_external_HIGH
MMR,MYS,2025,,333974.6726478188,346247.1754556091,12272.50280779027,0.0,12272.50280779027,XGB_OD,SCENARIO,Conflict_external_LOW
MMR,MYS,2025,,333974.6726478188,333974.6726478188,0.0,0.0,0.0,XGB_OD,SCENARIO,Conflict_internal_HIGH
MMR,MYS,2025,,333974.6726478188,337656.4234901559,3681.7508423370846,0.0,3681.7508423370846,XGB_OD,SCENARIO,Conflict_internal_HIGH__Conflict_external_HIGH
MMR,MYS,2025,,333974.6726478188,335201.92292859784,1227.250280779028,0.0,1227.250280779028,XGB_OD,SCENARIO,Conflict_internal_HIGH__Conflict_external_LOW
MMR,MYS,2025,,333974.6726478188,333974.6726478188,0.0,0.0,0.0,XGB_OD,SCENARIO,Conflict_internal_LOW
MMR,MYS,2025,,333974.6726478188,359746.9285441784,25772.25589635957,0.0,25772.25589635957,XGB_OD,SCENARIO,Conflict_internal_LOW__Conflict_external_HIGH
MMR,MYS,2025,,333974.6726478188,342565.424613272,8590.751965453188,0.0,8590.751965453188,XGB_OD,SCENARIO,Conflict_internal_LOW__Conflict_external_LOW
MMR,MYS,2030,,331847.1823809106,,,,,XGB_OD,FORECAST,
MMR,MYS,2035,,331969.9974362,,,,,XGB_OD,FORECAST,
NPL,MYS,2000,666.0,,,,,,HIST,HIST,
NPL,MYS,2005,192332.0,,,,,,HIST,HIST,
NPL,MYS,2010,251416.0,,,,,,HIST,HIST,
NPL,MYS,2015,502596.0,,,,,,HIST,HIST,
NPL,MYS,2020,502596.0,,,,,,HIST,HIST,
NPL,MYS,2024,502596.0,,,,,,HIST,HIST,
NPL,MYS,2025,,589455.2810445445,,,,,XGB_OD,FORECAST,
NPL,MYS,2025,,589455.2810445445,603469.3921947706,14014.111150226096,0.0,14014.111150226096,XGB_OD,SCENARIO,Aid_HIGH
NPL,MYS,2025,,589455.2810445445,684551.0352782216,95095.75423367711,0.0,95095.75423367711,XGB_OD,SCENARIO,Aid_HIGH__Conflict_external_HIGH
NPL,MYS,2025,,589455.2810445445,630496.606555921,41041.32551137643,0.0,41041.32551137643,XGB_OD,SCENARIO,Aid_HIGH__Conflict_external_LOW
NPL,MYS,2025,,589455.2810445445,603469.3921947706,14014.111150226096,0.0,14014.111150226096,XGB_OD,SCENARIO,Aid_HIGH__Conflict_internal_HIGH
NPL,MYS,2025,,589455.2810445445,611577.5565031157,22122.27545857121,0.0,22122.27545857121,XGB_OD,SCENARIO,Aid_HIGH__Conflict_internal_HIGH__Conflict_external_HIGH
NPL,MYS,2025,,589455.2810445445,606172.1136308857,16716.832586341134,0.0,16716.832586341134,XGB_OD,SCENARIO,Aid_HIGH__Conflict_internal_HIGH__Conflict_external_LOW
NPL,MYS,2025,,589455.2810445445,603469.3921947706,14014.111150226096,0.0,14014.111150226096,XGB_OD,SCENARIO,Aid_HIGH__Conflict_internal_LOW
NPL,MYS,2025,,589455.2810445445,660226.5423531863,70771.26130864178,0.0,70771.26130864178,XGB_OD,SCENARIO,Aid_HIGH__Conflict_internal_LOW__Conflict_external_HIGH
NPL,MYS,2025,,589455.2810445445,622388.4422475758,32933.16120303133,0.0,32933.16120303133,XGB_OD,SCENARIO,Aid_HIGH__Conflict_internal_LOW__Conflict_external_LOW
NPL,MYS,2025,,589455.2810445445,595461.3286803557,6006.047635811185,0.0,6006.047635811185,XGB_OD,SCENARIO,Aid_LOW
NPL,MYS,2025,,589455.2810445445,664530.8764921844,75075.5954476398,0.0,75075.5954476398,XGB_OD,SCENARIO,Aid_LOW__Conflict_external_HIGH
NPL,MYS,2025,,589455.2810445445,618484.5112842986,29029.230239754062,0.0,29029.230239754062,XGB_OD,SCENARIO,Aid_LOW__Conflict_external_LOW
NPL,MYS,2025,,589455.2810445445,595461.3286803557,6006.047635811185,0.0,6006.047635811185,XGB_OD,SCENARIO,Aid_LOW__Conflict_internal_HIGH
NPL,MYS,2025,,589455.2810445445,602368.2834615386,12913.002416994052,0.0,12913.002416994052,XGB_OD,SCENARIO,Aid_LOW__Conflict_internal_HIGH__Conflict_external_HIGH
NPL,MYS,2025,,589455.2810445445,597763.64694075,8308.365896205474,0.0,8308.365896205474,XGB_OD,SCENARIO,Aid_LOW__Conflict_internal_HIGH__Conflict_external_LOW
NPL,MYS,2025,,589455.2810445445,595461.3286803557,6006.047635811185,0.0,6006.047635811185,XGB_OD,SCENARIO,Aid_LOW__Conflict_internal_LOW
NPL,MYS,2025,,589455.2810445445,643810.0121486357,54354.73110409121,0.0,54354.73110409121,XGB_OD,SCENARIO,Aid_LOW__Conflict_internal_LOW__Conflict_external_HIGH
NPL,MYS,2025,,589455.2810445445,611577.5565031157,22122.2754585712,0.0,22122.2754585712,XGB_OD,SCENARIO,Aid_LOW__Conflict_internal_LOW__Conflict_external_LOW
NPL,MYS,2025,,589455.2810445445,649515.7574026564,60060.47635811185,0.0,60060.47635811185,XGB_OD,SCENARIO,Conflict_external_HIGH
NPL,MYS,2025,,589455.2810445445,609475.4398305818,20020.15878603729,0.0,20020.15878603729,XGB_OD,SCENARIO,Conflict_external_LOW
NPL,MYS,2025,,589455.2810445445,589455.2810445445,0.0,0.0,0.0,XGB_OD,SCENARIO,Conflict_internal_HIGH
NPL,MYS,2025,,589455.2810445445,595461.3286803557,6006.047635811191,0.0,6006.047635811191,XGB_OD,SCENARIO,Conflict_internal_HIGH__Conflict_external_HIGH
NPL,MYS,2025,,589455.2810445445,591457.2969231482,2002.01587860373,0.0,2002.01587860373,XGB_OD,SCENARIO,Conflict_internal_HIGH__Conflict_external_LOW
NPL,MYS,2025,,589455.2810445445,589455.2810445445,0.0,0.0,0.0,XGB_OD,SCENARIO,Conflict_internal_LOW
NPL,MYS,2025,,589455.2810445445,631497.6144952228,42042.33345067829,0.0,42042.33345067829,XGB_OD,SCENARIO,Conflict_internal_LOW__Conflict_external_HIGH
NPL,MYS,2025,,589455.2810445445,603469.3921947706,14014.111150226096,0.0,14014.111150226096,XGB_OD,SCENARIO,Conflict_internal_LOW__Conflict_external_LOW
NPL,MYS,2030,,620905.541028316,,,,,XGB_OD,FORECAST,
NPL,MYS,2035,,635124.5581321316,,,,,XGB_OD,FORECAST,
NZL,MYS,2000,592.0,,,,,,HIST,HIST,
NZL,MYS,2005,592.0,,,,,,HIST,HIST,
NZL,MYS,2010,592.0,,,,,,HIST,HIST,
NZL,MYS,2015,592.0,,,,,,HIST,HIST,
NZL,MYS,2020,592.0,,,,,,HIST,HIST,
NZL,MYS,2024,592.0,,,,,,HIST,HIST,
NZL,MYS,2025,,592.7766387493464,,,,,XGB_OD,FORECAST,
NZL,MYS,2025,,592.7766387493464,609.2836419903853,16.507003241038902,0.0,16.507003241038902,XGB_OD,SCENARIO,Aid_HIGH
NZL,MYS,2025,,592.7766387493464,704.7884464563961,112.01180770704973,0.0,112.01180770704973,XGB_OD,SCENARIO,Aid_HIGH__Conflict_external_HIGH
NZL,MYS,2025,,592.7766387493464,641.1185768123888,48.3419380630425,0.0,48.3419380630425,XGB_OD,SCENARIO,Aid_HIGH__Conflict_external_LOW
NZL,MYS,2025,,592.7766387493464,609.2836419903853,16.507003241038902,0.0,16.507003241038902,XGB_OD,SCENARIO,Aid_HIGH__Conflict_internal_HIGH
NZL,MYS,2025,,592.7766387493464,618.8341224369864,26.057483687639994,0.0,26.057483687639994,XGB_OD,SCENARIO,Aid_HIGH__Conflict_internal_HIGH__Conflict_external_HIGH
NZL,MYS,2025,,592.7766387493464,612.4671354725856,19.690496723239264,0.0,19.690496723239264,XGB_OD,SCENARIO,Aid_HIGH__Conflict_internal_HIGH__Conflict_external_LOW
NZL,MYS,2025,,592.7766387493464,609.2836419903853,16.507003241038902,0.0,16.507003241038902,XGB_OD,SCENARIO,Aid_HIGH__Conflict_internal_LOW
NZL,MYS,2025,,592.7766387493464,676.1370051165928,83.36036636724646,0.0,83.36036636724646,XGB_OD,SCENARIO,Aid_HIGH__Conflict_internal_LOW__Conflict_external_HIGH
NZL,MYS,2025,,592.7766387493464,631.5680963657878,38.79145761644142,0.0,38.79145761644142,XGB_OD,SCENARIO,Aid_HIGH__Conflict_internal_LOW__Conflict_external_LOW
NZL,MYS,2025,,592.7766387493464,599.8510687097917,7.0744299604452445,0.0,7.0744299604452445,XGB_OD,SCENARIO,Aid_LOW
NZL,MYS,2025,,592.7766387493464,681.2070132549119,88.43037450556554,0.0,88.43037450556554,XGB_OD,SCENARIO,Aid_LOW__Conflict_external_HIGH
NZL,MYS,2025,,592.7766387493464,626.9697168914984,34.19307814215201,0.0,34.19307814215201,XGB_OD,SCENARIO,Aid_LOW__Conflict_external_LOW
NZL,MYS,2025,,592.7766387493464,599.8510687097917,7.0744299604452445,0.0,7.0744299604452445,XGB_OD,SCENARIO,Aid_LOW__Conflict_internal_HIGH
NZL,MYS,2025,,592.7766387493464,607.9866631643036,15.210024414957282,0.0,15.210024414957282,XGB_OD,SCENARIO,Aid_LOW__Conflict_internal_HIGH__Conflict_external_HIGH
NZL,MYS,2025,,592.7766387493464,602.5629335279623,9.786294778615924,0.0,9.786294778615924,XGB_OD,SCENARIO,Aid_LOW__Conflict_internal_HIGH__Conflict_external_LOW
NZL,MYS,2025,,592.7766387493464,599.8510687097917,7.0744299604452445,0.0,7.0744299604452445,XGB_OD,SCENARIO,Aid_LOW__Conflict_internal_LOW
NZL,MYS,2025,,592.7766387493464,656.8002298913758,64.02359114202945,0.0,64.02359114202945,XGB_OD,SCENARIO,Aid_LOW__Conflict_internal_LOW__Conflict_external_HIGH
NZL,MYS,2025,,592.7766387493464,618.8341224369864,26.057483687639987,0.0,26.057483687639987,XGB_OD,SCENARIO,Aid_LOW__Conflict_internal_LOW__Conflict_external_LOW
NZL,MYS,2025,,592.7766387493464,663.5209383537988,70.74429960445245,0.0,70.74429960445245,XGB_OD,SCENARIO,Conflict_external_HIGH
NZL,MYS,2025,,592.7766387493464,616.3580719508305,23.58143320148415,0.0,23.58143320148415,XGB_OD,SCENARIO,Conflict_external_LOW
NZL,MYS,2025,,592.7766387493464,592.7766387493464,0.0,0.0,0.0,XGB_OD,SCENARIO,Conflict_internal_HIGH
NZL,MYS,2025,,592.7766387493464,599.8510687097917,7.074429960445252,0.0,7.074429960445252,XGB_OD,SCENARIO,Conflict_internal_HIGH__Conflict_external_HIGH
NZL,MYS,2025,,592.7766387493464,595.1347820694948,2.3581433201484168,0.0,2.3581433201484168,XGB_OD,SCENARIO,Conflict_internal_HIGH__Conflict_external_LOW
NZL,MYS,2025,,592.7766387493464,592.7766387493464,0.0,0.0,0.0,XGB_OD,SCENARIO,Conflict_internal_LOW
NZL,MYS,2025,,592.7766387493464,642.297648472463,49.52100972311671,0.0,49.52100972311671,XGB_OD,SCENARIO,Conflict_internal_LOW__Conflict_external_HIGH
NZL,MYS,2025,,592.7766387493464,609.2836419903853,16.507003241038902,0.0,16.507003241038902,XGB_OD,SCENARIO,Conflict_internal_LOW__Conflict_external_LOW
NZL,MYS,2030,,592.7766387493464,,,,,XGB_OD,FORECAST,
NZL,MYS,2035,,592.7766387493464,,,,,XGB_OD,FORECAST,
PAK,MYS,2000,3101.0,,,,,,HIST,HIST,
PAK,MYS,2005,13353.0,,,,,,HIST,HIST,
PAK,MYS,2010,29013.0,,,,,,HIST,HIST,
PAK,MYS,2015,74186.0,,,,,,HIST,HIST,
PAK,MYS,2020,79544.0,,,,,,HIST,HIST,
PAK,MYS,2024,79288.0,,,,,,HIST,HIST,
PAK,MYS,2025,,110672.6192898644,,,,,XGB_OD,FORECAST,
PAK,MYS,2025,,110672.6192898644,112883.44238610697,2210.823096242564,0.0,2210.823096242564,XGB_OD,SCENARIO,Aid_HIGH
PAK,MYS,2025,,110672.6192898644,125674.63315722466,15002.013867360256,0.0,15002.013867360256,XGB_OD,SCENARIO,Aid_HIGH__Conflict_external_HIGH
PAK,MYS,2025,,110672.6192898644,117147.1726431462,6474.5533532817935,0.0,6474.5533532817935,XGB_OD,SCENARIO,Aid_HIGH__Conflict_external_LOW
PAK,MYS,2025,,110672.6192898644,112883.44238610697,2210.823096242564,0.0,2210.823096242564,XGB_OD,SCENARIO,Aid_HIGH__Conflict_internal_HIGH
PAK,MYS,2025,,110672.6192898644,114162.56146321872,3489.9421733543345,0.0,3489.9421733543345,XGB_OD,SCENARIO,Aid_HIGH__Conflict_internal_HIGH__Conflict_external_HIGH
PAK,MYS,2025,,110672.6192898644,113309.81541181088,2637.196121946487,0.0,2637.196121946487,XGB_OD,SCENARIO,Aid_HIGH__Conflict_internal_HIGH__Conflict_external_LOW
PAK,MYS,2025,,110672.6192898644,112883.44238610697,2210.823096242564,0.0,2210.823096242564,XGB_OD,SCENARIO,Aid_HIGH__Conflict_internal_LOW
PAK,MYS,2025,,110672.6192898644,121837.27592588932,11164.656636024944,0.0,11164.656636024944,XGB_OD,SCENARIO,Aid_HIGH__Conflict_internal_LOW__Conflict_external_HIGH
PAK,MYS,2025,,110672.6192898644,115868.05356603442,5195.4342761700245,0.0,5195.4342761700245,XGB_OD,SCENARIO,Aid_HIGH__Conflict_internal_LOW__Conflict_external_LOW
PAK,MYS,2025,,110672.6192898644,111620.11490253978,947.4956126753845,0.0,947.4956126753845,XGB_OD,SCENARIO,Aid_LOW
PAK,MYS,2025,,110672.6192898644,122516.3144483067,11843.695158442304,0.0,11843.695158442304,XGB_OD,SCENARIO,Aid_LOW__Conflict_external_HIGH
PAK,MYS,2025,,110672.6192898644,115252.18141779542,4579.562127931024,0.0,4579.562127931024,XGB_OD,SCENARIO,Aid_LOW__Conflict_external_LOW
PAK,MYS,2025,,110672.6192898644,111620.11490253978,947.4956126753845,0.0,947.4956126753845,XGB_OD,SCENARIO,Aid_LOW__Conflict_internal_HIGH
PAK,MYS,2025,,110672.6192898644,112709.73485711648,2037.1155672520772,0.0,2037.1155672520772,XGB_OD,SCENARIO,Aid_LOW__Conflict_internal_HIGH__Conflict_external_HIGH
PAK,MYS,2025,,110672.6192898644,111983.32155406536,1310.7022642009488,0.0,1310.7022642009488,XGB_OD,SCENARIO,Aid_LOW__Conflict_internal_HIGH__Conflict_external_LOW
PAK,MYS,2025,,110672.6192898644,111620.11490253978,947.4956126753845,0.0,947.4956126753845,XGB_OD,SCENARIO,Aid_LOW__Conflict_internal_LOW
PAK,MYS,2025,,110672.6192898644,119247.45458457664,8574.835294712228,0.0,8574.835294712228,XGB_OD,SCENARIO,Aid_LOW__Conflict_internal_LOW__Conflict_external_HIGH
PAK,MYS,2025,,110672.6192898644,114162.56146321872,3489.942173354333,0.0,3489.942173354333,XGB_OD,SCENARIO,Aid_LOW__Conflict_internal_LOW__Conflict_external_LOW
PAK,MYS,2025,,110672.6192898644,120147.57541661825,9474.956126753845,0.0,9474.956126753845,XGB_OD,SCENARIO,Conflict_external_HIGH
PAK,MYS,2025,,110672.6192898644,113830.93799878236,3158.318708917948,0.0,3158.318708917948,XGB_OD,SCENARIO,Conflict_external_LOW
PAK,MYS,2025,,110672.6192898644,110672.6192898644,0.0,0.0,0.0,XGB_OD,SCENARIO,Conflict_internal_HIGH
PAK,MYS,2025,,110672.6192898644,111620.11490253978,947.4956126753854,0.0,947.4956126753854,XGB_OD,SCENARIO,Conflict_internal_HIGH__Conflict_external_HIGH
PAK,MYS,2025,,110672.6192898644,110988.4511607562,315.83187089179506,0.0,315.83187089179506,XGB_OD,SCENARIO,Conflict_internal_HIGH__Conflict_external_LOW
PAK,MYS,2025,,110672.6192898644,110672.6192898644,0.0,0.0,0.0,XGB_OD,SCENARIO,Conflict_internal_LOW
PAK,MYS,2025,,110672.6192898644,117305.08857859208,6632.469288727691,0.0,6632.469288727691,XGB_OD,SCENARIO,Conflict_internal_LOW__Conflict_external_HIGH
PAK,MYS,2025,,110672.6192898644,112883.44238610697,2210.823096242564,0.0,2210.823096242564,XGB_OD,SCENARIO,Conflict_internal_LOW__Conflict_external_LOW
PAK,MYS,2030,,144887.73059656302,,,,,XGB_OD,FORECAST,
PAK,MYS,2035,,160860.5554197966,,,,,XGB_OD,FORECAST,
PHL,MYS,2000,244953.0,,,,,,HIST,HIST,
PHL,MYS,2005,213649.0,,,,,,HIST,HIST,
PHL,MYS,2010,231590.0,,,,,,HIST,HIST,
PHL,MYS,2015,241224.0,,,,,,HIST,HIST,
PHL,MYS,2020,249159.0,,,,,,HIST,HIST,
PHL,MYS,2024,255520.0,,,,,,HIST,HIST,
PHL,MYS,2025,,263947.1892550022,,,,,XGB_OD,FORECAST,
PHL,MYS,2025,,263947.1892550022,271071.9687620133,7124.7795070111415,0.0,7124.7795070111415,XGB_OD,SCENARIO,Aid_HIGH
PHL,MYS,2025,,263947.1892550022,312293.9073382921,48346.7180832899,0.0,48346.7180832899,XGB_OD,SCENARIO,Aid_HIGH__Conflict_external_HIGH
PHL,MYS,2025,,263947.1892550022,284812.6149541062,20865.425699104057,0.0,20865.425699104057,XGB_OD,SCENARIO,Aid_HIGH__Conflict_external_LOW
PHL,MYS,2025,,263947.1892550022,271071.9687620133,7124.7795070111415,0.0,7124.7795070111415,XGB_OD,SCENARIO,Aid_HIGH__Conflict_internal_HIGH
PHL,MYS,2025,,263947.1892550022,275194.1626196412,11246.97336463902,0.0,11246.97336463902,XGB_OD,SCENARIO,Aid_HIGH__Conflict_internal_HIGH__Conflict_external_HIGH
PHL,MYS,2025,,263947.1892550022,272446.03338122263,8498.844126220434,0.0,8498.844126220434,XGB_OD,SCENARIO,Aid_HIGH__Conflict_internal_HIGH__Conflict_external_LOW
PHL,MYS,2025,,263947.1892550022,271071.9687620133,7124.7795070111415,0.0,7124.7795070111415,XGB_OD,SCENARIO,Aid_HIGH__Conflict_internal_LOW
PHL,MYS,2025,,263947.1892550022,299927.32576540846,35980.136510406264,0.0,35980.136510406264,XGB_OD,SCENARIO,Aid_HIGH__Conflict_internal_LOW__Conflict_external_HIGH
PHL,MYS,2025,,263947.1892550022,280690.4210964784,16743.231841476183,0.0,16743.231841476183,XGB_OD,SCENARIO,Aid_HIGH__Conflict_internal_LOW__Conflict_external_LOW
PHL,MYS,2025,,263947.1892550022,267000.6661865784,3053.476931576204,0.0,3053.476931576204,XGB_OD,SCENARIO,Aid_LOW
PHL,MYS,2025,,263947.1892550022,302115.6508997047,38168.46164470254,0.0,38168.46164470254,XGB_OD,SCENARIO,Aid_LOW__Conflict_external_HIGH
PHL,MYS,2025,,263947.1892550022,278705.66109095386,14758.471835951652,0.0,14758.471835951652,XGB_OD,SCENARIO,Aid_LOW__Conflict_external_LOW
PHL,MYS,2025,,263947.1892550022,267000.6661865784,3053.476931576204,0.0,3053.476931576204,XGB_OD,SCENARIO,Aid_LOW__Conflict_internal_HIGH
PHL,MYS,2025,,263947.1892550022,270512.16465789103,6564.975402888841,0.0,6564.975402888841,XGB_OD,SCENARIO,Aid_LOW__Conflict_internal_HIGH__Conflict_external_HIGH
PHL,MYS,2025,,263947.1892550022,268171.165677016,4223.9764220137495,0.0,4223.9764220137495,XGB_OD,SCENARIO,Aid_LOW__Conflict_internal_HIGH__Conflict_external_LOW
PHL,MYS,2025,,263947.1892550022,267000.6661865784,3053.476931576204,0.0,3053.476931576204,XGB_OD,SCENARIO,Aid_LOW__Conflict_internal_LOW
PHL,MYS,2025,,263947.1892550022,291581.1554857668,27633.96623076464,0.0,27633.96623076464,XGB_OD,SCENARIO,Aid_LOW__Conflict_internal_LOW__Conflict_external_HIGH
PHL,MYS,2025,,263947.1892550022,275194.1626196412,11246.973364639018,0.0,11246.973364639018,XGB_OD,SCENARIO,Aid_LOW__Conflict_internal_LOW__Conflict_external_LOW
PHL,MYS,2025,,263947.1892550022,294481.9585707642,30534.76931576204,0.0,30534.76931576204,XGB_OD,SCENARIO,Conflict_external_HIGH
PHL,MYS,2025,,263947.1892550022,274125.4456935895,10178.256438587348,0.0,10178.256438587348,XGB_OD,SCENARIO,Conflict_external_LOW
PHL,MYS,2025,,263947.1892550022,263947.1892550022,0.0,0.0,0.0,XGB_OD,SCENARIO,Conflict_internal_HIGH
PHL,MYS,2025,,263947.1892550022,267000.6661865784,3053.476931576207,0.0,3053.476931576207,XGB_OD,SCENARIO,Conflict_internal_HIGH__Conflict_external_HIGH
PHL,MYS,2025,,263947.1892550022,264965.01489886094,1017.8256438587356,0.0,1017.8256438587356,XGB_OD,SCENARIO,Conflict_internal_HIGH__Conflict_external_LOW
PHL,MYS,2025,,263947.1892550022,263947.1892550022,0.0,0.0,0.0,XGB_OD,SCENARIO,Conflict_internal_LOW
PHL,MYS,2025,,263947.1892550022,285321.5277760356,21374.338521033424,0.0,21374.338521033424,XGB_OD,SCENARIO,Conflict_internal_LOW__Conflict_external_HIGH
PHL,MYS,2025,,263947.1892550022,271071.9687620133,7124.7795070111415,0.0,7124.7795070111415,XGB_OD,SCENARIO,Conflict_internal_LOW__Conflict_external_LOW
PHL,MYS,2030,,276411.80239702505,,,,,XGB_OD,FORECAST,
PHL,MYS,2035,,289236.280578072,,,,,XGB_OD,FORECAST,
PSE,MYS,2000,0.0,,,,,,HIST,HIST,
PSE,MYS,2005,5.0,,,,,,HIST,HIST,
PSE,MYS,2010,242.0,,,,,,HIST,HIST,
PSE,MYS,2015,544.0,,,,,,HIST,HIST,
PSE,MYS,2020,782.0,,,,,,HIST,HIST,
PSE,MYS,2024,613.0,,,,,,HIST,HIST,
PSE,MYS,2025,,1150.5206076088848,,,,,XGB_OD,FORECAST,
PSE,MYS,2025,,1150.5206076088848,1167.6131633297566,17.09255572087191,0.0,17.09255572087191,XGB_OD,SCENARIO,Aid_HIGH
PSE,MYS,2025,,1150.5206076088848,1266.5058071433727,115.985199534488,0.0,115.985199534488,XGB_OD,SCENARIO,Aid_HIGH__Conflict_external_HIGH
PSE,MYS,2025,,1150.5206076088848,1200.577377934295,50.0567703254106,0.0,50.0567703254106,XGB_OD,SCENARIO,Aid_HIGH__Conflict_external_LOW
PSE,MYS,2025,,1150.5206076088848,1167.6131633297566,17.09255572087191,0.0,17.09255572087191,XGB_OD,SCENARIO,Aid_HIGH__Conflict_internal_HIGH
PSE,MYS,2025,,1150.5206076088848,1177.5024277111183,26.981820102233527,0.0,26.981820102233527,XGB_OD,SCENARIO,Aid_HIGH__Conflict_internal_HIGH__Conflict_external_HIGH
PSE,MYS,2025,,1150.5206076088848,1170.9095847902106,20.38897718132578,0.0,20.38897718132578,XGB_OD,SCENARIO,Aid_HIGH__Conflict_internal_HIGH__Conflict_external_LOW
PSE,MYS,2025,,1150.5206076088848,1167.6131633297566,17.09255572087191,0.0,17.09255572087191,XGB_OD,SCENARIO,Aid_HIGH__Conflict_internal_LOW
PSE,MYS,2025,,1150.5206076088848,1236.838013999288,86.31740639040314,0.0,86.31740639040314,XGB_OD,SCENARIO,Aid_HIGH__Conflict_internal_LOW__Conflict_external_HIGH
PSE,MYS,2025,,1150.5206076088848,1190.6881135529338,40.16750594404899,0.0,40.16750594404899,XGB_OD,SCENARIO,Aid_HIGH__Conflict_internal_LOW__Conflict_external_LOW
PSE,MYS,2025,,1150.5206076088848,1157.8459886321157,7.325381023230819,0.0,7.325381023230819,XGB_OD,SCENARIO,Aid_LOW
PSE,MYS,2025,,1150.5206076088848,1242.08787039927,91.5672627903852,0.0,91.5672627903852,XGB_OD,SCENARIO,Aid_LOW__Conflict_external_HIGH
PSE,MYS,2025,,1150.5206076088848,1185.9266158878338,35.40600827894896,0.0,35.40600827894896,XGB_OD,SCENARIO,Aid_LOW__Conflict_external_LOW
PSE,MYS,2025,,1150.5206076088848,1157.8459886321157,7.325381023230819,0.0,7.325381023230819,XGB_OD,SCENARIO,Aid_LOW__Conflict_internal_HIGH
PSE,MYS,2025,,1150.5206076088848,1166.2701768088311,15.749569199946269,0.0,15.749569199946269,XGB_OD,SCENARIO,Aid_LOW__Conflict_internal_HIGH__Conflict_external_HIGH
PSE,MYS,2025,,1150.5206076088848,1160.6540513576874,10.133443748802636,0.0,10.133443748802636,XGB_OD,SCENARIO,Aid_LOW__Conflict_internal_HIGH__Conflict_external_LOW
PSE,MYS,2025,,1150.5206076088848,1157.8459886321157,7.325381023230819,0.0,7.325381023230819,XGB_OD,SCENARIO,Aid_LOW__Conflict_internal_LOW
PSE,MYS,2025,,1150.5206076088848,1216.8153058691237,66.29469826023889,0.0,66.29469826023889,XGB_OD,SCENARIO,Aid_LOW__Conflict_internal_LOW__Conflict_external_HIGH
PSE,MYS,2025,,1150.5206076088848,1177.5024277111183,26.98182010223352,0.0,26.98182010223352,XGB_OD,SCENARIO,Aid_LOW__Conflict_internal_LOW__Conflict_external_LOW
PSE,MYS,2025,,1150.5206076088848,1223.774417841193,73.2538102323082,0.0,73.2538102323082,XGB_OD,SCENARIO,Conflict_external_HIGH
PSE,MYS,2025,,1150.5206076088848,1174.9385443529875,24.41793674410273,0.0,24.41793674410273,XGB_OD,SCENARIO,Conflict_external_LOW
PSE,MYS,2025,,1150.5206076088848,1150.5206076088848,0.0,0.0,0.0,XGB_OD,SCENARIO,Conflict_internal_HIGH
PSE,MYS,2025,,1150.5206076088848,1157.8459886321157,7.325381023230826,0.0,7.325381023230826,XGB_OD,SCENARIO,Conflict_internal_HIGH__Conflict_external_HIGH
PSE,MYS,2025,,1150.5206076088848,1152.962401283295,2.441793674410275,0.0,2.441793674410275,XGB_OD,SCENARIO,Conflict_internal_HIGH__Conflict_external_LOW
PSE,MYS,2025,,1150.5206076088848,1150.5206076088848,0.0,0.0,0.0,XGB_OD,SCENARIO,Conflict_internal_LOW
PSE,MYS,2025,,1150.5206076088848,1201.7982747715005,51.27766716261573,0.0,51.27766716261573,XGB_OD,SCENARIO,Conflict_internal_LOW__Conflict_external_HIGH
PSE,MYS,2025,,1150.5206076088848,1167.6131633297566,17.09255572087191,0.0,17.09255572087191,XGB_OD,SCENARIO,Conflict_internal_LOW__Conflict_external_LOW
PSE,MYS,2030,,1731.2421987503187,,,,,XGB_OD,FORECAST,
PSE,MYS,2035,,1848.4605633562203,,,,,XGB_OD,FORECAST,
SDN,MYS,2000,0.0,,,,,,HIST,HIST,
SDN,MYS,2005,39.0,,,,,,HIST,HIST,
SDN,MYS,2010,84.0,,,,,,HIST,HIST,
SDN,MYS,2015,120.0,,,,,,HIST,HIST,
SDN,MYS,2020,308.0,,,,,,HIST,HIST,
SDN,MYS,2024,301.0,,,,,,HIST,HIST,
SDN,MYS,2025,,347.67650522168697,,,,,XGB_OD,FORECAST,
SDN,MYS,2025,,347.67650522168697,356.0694240993105,8.392918877623494,0.0,8.392918877623494,XGB_OD,SCENARIO,Aid_HIGH
SDN,MYS,2025,,347.67650522168697,404.6284547484178,56.95194952673087,0.0,56.95194952673087,XGB_OD,SCENARIO,Aid_HIGH__Conflict_external_HIGH
SDN,MYS,2025,,347.67650522168697,372.2557676490129,24.579262427325947,0.0,24.579262427325947,XGB_OD,SCENARIO,Aid_HIGH__Conflict_external_LOW
SDN,MYS,2025,,347.67650522168697,356.0694240993105,8.392918877623494,0.0,8.392918877623494,XGB_OD,SCENARIO,Aid_HIGH__Conflict_internal_HIGH
SDN,MYS,2025,,347.67650522168697,360.9253271642212,13.248821942534237,0.0,13.248821942534237,XGB_OD,SCENARIO,Aid_HIGH__Conflict_internal_HIGH__Conflict_external_HIGH
SDN,MYS,2025,,347.67650522168697,357.68805845428074,10.01155323259374,0.0,10.01155323259374,XGB_OD,SCENARIO,Aid_HIGH__Conflict_internal_HIGH__Conflict_external_LOW
SDN,MYS,2025,,347.67650522168697,356.0694240993105,8.392918877623494,0.0,8.392918877623494,XGB_OD,SCENARIO,Aid_HIGH__Conflict_internal_LOW
SDN,MYS,2025,,347.67650522168697,390.0607455536856,42.38424033199864,0.0,42.38424033199864,XGB_OD,SCENARIO,Aid_HIGH__Conflict_internal_LOW__Conflict_external_HIGH
SDN,MYS,2025,,347.67650522168697,367.3998645841022,19.723359362415213,0.0,19.723359362415213,XGB_OD,SCENARIO,Aid_HIGH__Conflict_internal_LOW__Conflict_external_LOW
SDN,MYS,2025,,347.67650522168697,351.2734704549542,3.596965233267212,0.0,3.596965233267212,XGB_OD,SCENARIO,Aid_LOW
SDN,MYS,2025,,347.67650522168697,392.6385706375271,44.962065415840144,0.0,44.962065415840144,XGB_OD,SCENARIO,Aid_LOW__Conflict_external_HIGH
SDN,MYS,2025,,347.67650522168697,365.0618371824785,17.385331960791525,0.0,17.385331960791525,XGB_OD,SCENARIO,Aid_LOW__Conflict_external_LOW
SDN,MYS,2025,,347.67650522168697,351.2734704549542,3.596965233267212,0.0,3.596965233267212,XGB_OD,SCENARIO,Aid_LOW__Conflict_internal_HIGH
SDN,MYS,2025,,347.67650522168697,355.4099804732115,7.733475251524509,0.0,7.733475251524509,XGB_OD,SCENARIO,Aid_LOW__Conflict_internal_HIGH__Conflict_external_HIGH
SDN,MYS,2025,,347.67650522168697,352.6523071277066,4.975801906019644,0.0,4.975801906019644,XGB_OD,SCENARIO,Aid_LOW__Conflict_internal_HIGH__Conflict_external_LOW
SDN,MYS,2025,,347.67650522168697,351.2734704549542,3.596965233267212,0.0,3.596965233267212,XGB_OD,SCENARIO,Aid_LOW__Conflict_internal_LOW
SDN,MYS,2025,,347.67650522168697,380.2290405827552,32.55253536106826,0.0,32.55253536106826,XGB_OD,SCENARIO,Aid_LOW__Conflict_internal_LOW__Conflict_external_HIGH
SDN,MYS,2025,,347.67650522168697,360.9253271642212,13.248821942534232,0.0,13.248821942534232,XGB_OD,SCENARIO,Aid_LOW__Conflict_internal_LOW__Conflict_external_LOW
SDN,MYS,2025,,347.67650522168697,383.6461575543591,35.96965233267212,0.0,35.96965233267212,XGB_OD,SCENARIO,Conflict_external_HIGH
SDN,MYS,2025,,347.67650522168697,359.6663893325777,11.989884110890706,0.0,11.989884110890706,XGB_OD,SCENARIO,Conflict_external_LOW
SDN,MYS,2025,,347.67650522168697,347.67650522168697,0.0,0.0,0.0,XGB_OD,SCENARIO,Conflict_internal_HIGH
SDN,MYS,2025,,347.67650522168697,351.2734704549542,3.596965233267216,0.0,3.596965233267216,XGB_OD,SCENARIO,Conflict_internal_HIGH__Conflict_external_HIGH
SDN,MYS,2025,,347.67650522168697,348.87549363277606,1.1989884110890716,0.0,1.1989884110890716,XGB_OD,SCENARIO,Conflict_internal_HIGH__Conflict_external_LOW
SDN,MYS,2025,,347.67650522168697,347.67650522168697,0.0,0.0,0.0,XGB_OD,SCENARIO,Conflict_internal_LOW
SDN,MYS,2025,,347.67650522168697,372.8552618545575,25.17875663287048,0.0,25.17875663287048,XGB_OD,SCENARIO,Conflict_internal_LOW__Conflict_external_HIGH
SDN,MYS,2025,,347.67650522168697,356.0694240993105,8.392918877623494,0.0,8.392918877623494,XGB_OD,SCENARIO,Conflict_internal_LOW__Conflict_external_LOW
SDN,MYS,2030,,404.0817419155992,,,,,XGB_OD,FORECAST,
SDN,MYS,2035,,421.7673683204724,,,,,XGB_OD,FORECAST,
SGP,MYS,2000,59885.0,,,,,,HIST,HIST,
SGP,MYS,2005,64122.0,,,,,,HIST,HIST,
SGP,MYS,2010,68783.0,,,,,,HIST,HIST,
SGP,MYS,2015,72596.0,,,,,,HIST,HIST,
SGP,MYS,2020,76657.0,,,,,,HIST,HIST,
SGP,MYS,2024,79926.0,,,,,,HIST,HIST,
SGP,MYS,2025,,85949.63481146321,,,,,XGB_OD,FORECAST,
SGP,MYS,2025,,85949.63481146321,88178.24754971216,2228.612738248953,0.0,2228.612738248953,XGB_OD,SCENARIO,Aid_HIGH
SGP,MYS,2025,,85949.63481146321,101072.36410672397,15122.72929526076,0.0,15122.72929526076,XGB_OD,SCENARIO,Aid_HIGH__Conflict_external_HIGH
SGP,MYS,2025,,85949.63481146321,92476.28640204945,6526.651590586221,0.0,6526.651590586221,XGB_OD,SCENARIO,Aid_HIGH__Conflict_external_LOW
SGP,MYS,2025,,85949.63481146321,88178.24754971216,2228.612738248953,0.0,2228.612738248953,XGB_OD,SCENARIO,Aid_HIGH__Conflict_internal_HIGH
SGP,MYS,2025,,85949.63481146321,89467.65920541335,3518.024393950135,0.0,3518.024393950135,XGB_OD,SCENARIO,Aid_HIGH__Conflict_internal_HIGH__Conflict_external_HIGH
SGP,MYS,2025,,85949.63481146321,88608.0514349459,2658.4166234826803,0.0,2658.4166234826803,XGB_OD,SCENARIO,Aid_HIGH__Conflict_internal_HIGH__Conflict_external_LOW
SGP,MYS,2025,,85949.63481146321,88178.24754971216,2228.612738248953,0.0,2228.612738248953,XGB_OD,SCENARIO,Aid_HIGH__Conflict_internal_LOW
SGP,MYS,2025,,85949.63481146321,97204.12913962045,11254.494328157212,0.0,11254.494328157212,XGB_OD,SCENARIO,Aid_HIGH__Conflict_internal_LOW__Conflict_external_HIGH
SGP,MYS,2025,,85949.63481146321,91186.87474634826,5237.23993488504,0.0,5237.23993488504,XGB_OD,SCENARIO,Aid_HIGH__Conflict_internal_LOW__Conflict_external_LOW
SGP,MYS,2025,,85949.63481146321,86904.75455642705,955.1197449638372,0.0,955.1197449638372,XGB_OD,SCENARIO,Aid_LOW
SGP,MYS,2025,,85949.63481146321,97888.63162351116,11938.996812047964,0.0,11938.996812047964,XGB_OD,SCENARIO,Aid_LOW__Conflict_external_HIGH
SGP,MYS,2025,,85949.63481146321,90566.04691212176,4616.4121006585465,0.0,4616.4121006585465,XGB_OD,SCENARIO,Aid_LOW__Conflict_external_LOW
SGP,MYS,2025,,85949.63481146321,86904.75455642705,955.1197449638372,0.0,955.1197449638372,XGB_OD,SCENARIO,Aid_LOW__Conflict_internal_HIGH
SGP,MYS,2025,,85949.63481146321,88003.14226313547,2053.5074516722507,0.0,2053.5074516722507,XGB_OD,SCENARIO,Aid_LOW__Conflict_internal_HIGH__Conflict_external_HIGH
SGP,MYS,2025,,85949.63481146321,87270.88379199652,1321.2489805333084,0.0,1321.2489805333084,XGB_OD,SCENARIO,Aid_LOW__Conflict_internal_HIGH__Conflict_external_LOW
SGP,MYS,2025,,85949.63481146321,86904.75455642705,955.1197449638372,0.0,955.1197449638372,XGB_OD,SCENARIO,Aid_LOW__Conflict_internal_LOW
SGP,MYS,2025,,85949.63481146321,94593.46850338594,8643.833691922724,0.0,8643.833691922724,XGB_OD,SCENARIO,Aid_LOW__Conflict_internal_LOW__Conflict_external_HIGH
SGP,MYS,2025,,85949.63481146321,89467.65920541335,3518.024393950134,0.0,3518.024393950134,XGB_OD,SCENARIO,Aid_LOW__Conflict_internal_LOW__Conflict_external_LOW
SGP,MYS,2025,,85949.63481146321,95500.8322611016,9551.197449638372,0.0,9551.197449638372,XGB_OD,SCENARIO,Conflict_external_HIGH
SGP,MYS,2025,,85949.63481146321,89133.367294676,3183.7324832127906,0.0,3183.7324832127906,XGB_OD,SCENARIO,Conflict_external_LOW
SGP,MYS,2025,,85949.63481146321,85949.63481146321,0.0,0.0,0.0,XGB_OD,SCENARIO,Conflict_internal_HIGH
SGP,MYS,2025,,85949.63481146321,86904.75455642705,955.119744963838,0.0,955.119744963838,XGB_OD,SCENARIO,Conflict_internal_HIGH__Conflict_external_HIGH
SGP,MYS,2025,,85949.63481146321,86268.0080597845,318.37324832127933,0.0,318.37324832127933,XGB_OD,SCENARIO,Conflict_internal_HIGH__Conflict_external_LOW
SGP,MYS,2025,,85949.63481146321,85949.63481146321,0.0,0.0,0.0,XGB_OD,SCENARIO,Conflict_internal_LOW
SGP,MYS,2025,,85949.63481146321,92635.47302621008,6685.838214746859,0.0,6685.838214746859,XGB_OD,SCENARIO,Conflict_internal_LOW__Conflict_external_HIGH
SGP,MYS,2025,,85949.63481146321,88178.24754971216,2228.612738248953,0.0,2228.612738248953,XGB_OD,SCENARIO,Conflict_internal_LOW__Conflict_external_LOW
SGP,MYS,2030,,97232.4392965773,,,,,XGB_OD,FORECAST,
SGP,MYS,2035,,107941.86907534208,,,,,XGB_OD,FORECAST,
SOM,MYS,2000,28.0,,,,,,HIST,HIST,
SOM,MYS,2005,42.0,,,,,,HIST,HIST,
SOM,MYS,2010,920.0,,,,,,HIST,HIST,
SOM,MYS,2015,1247.0,,,,,,HIST,HIST,
SOM,MYS,2020,3262.0,,,,,,HIST,HIST,
SOM,MYS,2024,2767.0,,,,,,HIST,HIST,
SOM,MYS,2025,,3176.480058225756,,,,,XGB_OD,FORECAST,
SOM,MYS,2025,,3176.480058225756,3253.633568306758,77.15351008100265,0.0,77.15351008100265,XGB_OD,SCENARIO,Aid_HIGH
SOM,MYS,2025,,3176.480058225756,3700.0217337754166,523.541675549661,0.0,523.541675549661,XGB_OD,SCENARIO,Aid_HIGH__Conflict_external_HIGH
SOM,MYS,2025,,3176.480058225756,3402.429623462978,225.9495652372221,0.0,225.9495652372221,XGB_OD,SCENARIO,Aid_HIGH__Conflict_external_LOW
SOM,MYS,2025,,3176.480058225756,3253.633568306758,77.15351008100265,0.0,77.15351008100265,XGB_OD,SCENARIO,Aid_HIGH__Conflict_internal_HIGH
SOM,MYS,2025,,3176.480058225756,3298.2723848536243,121.79232662786852,0.0,121.79232662786852,XGB_OD,SCENARIO,Aid_HIGH__Conflict_internal_HIGH__Conflict_external_HIGH
SOM,MYS,2025,,3176.480058225756,3268.5131738223804,92.0331155966246,0.0,92.0331155966246,XGB_OD,SCENARIO,Aid_HIGH__Conflict_internal_HIGH__Conflict_external_LOW
SOM,MYS,2025,,3176.480058225756,3253.633568306758,77.15351008100265,0.0,77.15351008100265,XGB_OD,SCENARIO,Aid_HIGH__Conflict_internal_LOW
SOM,MYS,2025,,3176.480058225756,3566.105284134819,389.6252259090634,0.0,389.6252259090634,XGB_OD,SCENARIO,Aid_HIGH__Conflict_internal_LOW__Conflict_external_HIGH
SOM,MYS,2025,,3176.480058225756,3357.790806916112,181.31074869035623,0.0,181.31074869035623,XGB_OD,SCENARIO,Aid_HIGH__Conflict_internal_LOW__Conflict_external_LOW
SOM,MYS,2025,,3176.480058225756,3209.5458482604718,33.06579003471542,0.0,33.06579003471542,XGB_OD,SCENARIO,Aid_LOW
SOM,MYS,2025,,3176.480058225756,3589.802433659698,413.32237543394274,0.0,413.32237543394274,XGB_OD,SCENARIO,Aid_LOW__Conflict_external_HIGH
SOM,MYS,2025,,3176.480058225756,3336.2980433935472,159.81798516779122,0.0,159.81798516779122,XGB_OD,SCENARIO,Aid_LOW__Conflict_external_LOW
SOM,MYS,2025,,3176.480058225756,3209.5458482604718,33.06579003471542,0.0,33.06579003471542,XGB_OD,SCENARIO,Aid_LOW__Conflict_internal_HIGH
SOM,MYS,2025,,3176.480058225756,3247.5715068003938,71.09144857463819,0.0,71.09144857463819,XGB_OD,SCENARIO,Aid_LOW__Conflict_internal_HIGH__Conflict_external_HIGH
SOM,MYS,2025,,3176.480058225756,3222.221067773779,45.74100954802301,0.0,45.74100954802301,XGB_OD,SCENARIO,Aid_LOW__Conflict_internal_HIGH__Conflict_external_LOW
SOM,MYS,2025,,3176.480058225756,3209.5458482604718,33.06579003471542,0.0,33.06579003471542,XGB_OD,SCENARIO,Aid_LOW__Conflict_internal_LOW
SOM,MYS,2025,,3176.480058225756,3475.7254580399303,299.2453998141745,0.0,299.2453998141745,XGB_OD,SCENARIO,Aid_LOW__Conflict_internal_LOW__Conflict_external_HIGH
SOM,MYS,2025,,3176.480058225756,3298.2723848536243,121.79232662786848,0.0,121.79232662786848,XGB_OD,SCENARIO,Aid_LOW__Conflict_internal_LOW__Conflict_external_LOW
SOM,MYS,2025,,3176.480058225756,3507.13795857291,330.6579003471542,0.0,330.6579003471542,XGB_OD,SCENARIO,Conflict_external_HIGH
SOM,MYS,2025,,3176.480058225756,3286.6993583414737,110.21930011571808,0.0,110.21930011571808,XGB_OD,SCENARIO,Conflict_external_LOW
SOM,MYS,2025,,3176.480058225756,3176.480058225756,0.0,0.0,0.0,XGB_OD,SCENARIO,Conflict_internal_HIGH
SOM,MYS,2025,,3176.480058225756,3209.5458482604718,33.065790034715455,0.0,33.065790034715455,XGB_OD,SCENARIO,Conflict_internal_HIGH__Conflict_external_HIGH
SOM,MYS,2025,,3176.480058225756,3187.501988237328,11.021930011571817,0.0,11.021930011571817,XGB_OD,SCENARIO,Conflict_internal_HIGH__Conflict_external_LOW
SOM,MYS,2025,,3176.480058225756,3176.480058225756,0.0,0.0,0.0,XGB_OD,SCENARIO,Conflict_internal_LOW
SOM,MYS,2025,,3176.480058225756,3407.9405884687635,231.46053024300792,0.0,231.46053024300792,XGB_OD,SCENARIO,Conflict_internal_LOW__Conflict_external_HIGH
SOM,MYS,2025,,3176.480058225756,3253.633568306758,77.15351008100265,0.0,77.15351008100265,XGB_OD,SCENARIO,Conflict_internal_LOW__Conflict_external_LOW
SOM,MYS,2030,,3346.572176786588,,,,,XGB_OD,FORECAST,
SOM,MYS,2035,,3349.4658259130774,,,,,XGB_OD,FORECAST,
SYR,MYS,2000,0.0,,,,,,HIST,HIST,
SYR,MYS,2005,0.0,,,,,,HIST,HIST,
SYR,MYS,2010,5.0,,,,,,HIST,HIST,
SYR,MYS,2015,1140.0,,,,,,HIST,HIST,
SYR,MYS,2020,3272.0,,,,,,HIST,HIST,
SYR,MYS,2024,2759.0,,,,,,HIST,HIST,
SYR,MYS,2025,,3150.60135669192,,,,,XGB_OD,FORECAST,
SYR,MYS,2025,,3150.60135669192,3227.531799161563,76.93044246964291,0.0,76.93044246964291,XGB_OD,SCENARIO,Aid_HIGH
SYR,MYS,2025,,3150.60135669192,3672.629359164497,522.028002472577,0.0,522.028002472577,XGB_OD,SCENARIO,Aid_HIGH__Conflict_external_HIGH
SYR,MYS,2025,,3150.60135669192,3375.8976524958744,225.29629580395425,0.0,225.29629580395425,XGB_OD,SCENARIO,Aid_HIGH__Conflict_external_LOW
SYR,MYS,2025,,3150.60135669192,3227.531799161563,76.93044246964291,0.0,76.93044246964291,XGB_OD,SCENARIO,Aid_HIGH__Conflict_internal_HIGH
SYR,MYS,2025,,3150.60135669192,3272.041555161856,121.44019846993638,0.0,121.44019846993638,XGB_OD,SCENARIO,Aid_HIGH__Conflict_internal_HIGH__Conflict_external_HIGH
SYR,MYS,2025,,3150.60135669192,3242.368384494994,91.76702780307406,0.0,91.76702780307406,XGB_OD,SCENARIO,Aid_HIGH__Conflict_internal_HIGH__Conflict_external_LOW
SYR,MYS,2025,,3150.60135669192,3227.531799161563,76.93044246964291,0.0,76.93044246964291,XGB_OD,SCENARIO,Aid_HIGH__Conflict_internal_LOW
SYR,MYS,2025,,3150.60135669192,3539.1000911636165,388.4987344716967,0.0,388.4987344716967,XGB_OD,SCENARIO,Aid_HIGH__Conflict_internal_LOW__Conflict_external_HIGH
SYR,MYS,2025,,3150.60135669192,3331.387896495581,180.78653980366084,0.0,180.78653980366084,XGB_OD,SCENARIO,Aid_HIGH__Conflict_internal_LOW__Conflict_external_LOW
SYR,MYS,2025,,3150.60135669192,3183.571546321767,32.97018962984696,0.0,32.97018962984696,XGB_OD,SCENARIO,Aid_LOW
SYR,MYS,2025,,3150.60135669192,3562.728727065007,412.127370373087,0.0,412.127370373087,XGB_OD,SCENARIO,Aid_LOW__Conflict_external_HIGH
SYR,MYS,2025,,3150.60135669192,3309.9572732361803,159.3559165442603,0.0,159.3559165442603,XGB_OD,SCENARIO,Aid_LOW__Conflict_external_LOW
SYR,MYS,2025,,3150.60135669192,3183.571546321767,32.97018962984696,0.0,32.97018962984696,XGB_OD,SCENARIO,Aid_LOW__Conflict_internal_HIGH
SYR,MYS,2025,,3150.60135669192,3221.487264396091,70.885907704171,0.0,70.885907704171,XGB_OD,SCENARIO,Aid_LOW__Conflict_internal_HIGH__Conflict_external_HIGH
SYR,MYS,2025,,3150.60135669192,3196.2101190132084,45.60876232128831,0.0,45.60876232128831,XGB_OD,SCENARIO,Aid_LOW__Conflict_internal_HIGH__Conflict_external_LOW
SYR,MYS,2025,,3150.60135669192,3183.571546321767,32.97018962984696,0.0,32.97018962984696,XGB_OD,SCENARIO,Aid_LOW__Conflict_internal_LOW
SYR,MYS,2025,,3150.60135669192,3448.981572842035,298.38021615011496,0.0,298.38021615011496,XGB_OD,SCENARIO,Aid_LOW__Conflict_internal_LOW__Conflict_external_HIGH
SYR,MYS,2025,,3150.60135669192,3272.041555161856,121.44019846993632,0.0,121.44019846993632,XGB_OD,SCENARIO,Aid_LOW__Conflict_internal_LOW__Conflict_external_LOW
SYR,MYS,2025,,3150.60135669192,3480.30325299039,329.70189629846965,0.0,329.70189629846965,XGB_OD,SCENARIO,Conflict_external_HIGH
SYR,MYS,2025,,3150.60135669192,3260.50198879141,109.90063209948988,0.0,109.90063209948988,XGB_OD,SCENARIO,Conflict_external_LOW
SYR,MYS,2025,,3150.60135669192,3150.60135669192,0.0,0.0,0.0,XGB_OD,SCENARIO,Conflict_internal_HIGH
SYR,MYS,2025,,3150.60135669192,3183.571546321767,32.970189629847,0.0,32.970189629847,XGB_OD,SCENARIO,Conflict_internal_HIGH__Conflict_external_HIGH
SYR,MYS,2025,,3150.60135669192,3161.591419901869,10.990063209948998,0.0,10.990063209948998,XGB_OD,SCENARIO,Conflict_internal_HIGH__Conflict_external_LOW
SYR,MYS,2025,,3150.60135669192,3150.60135669192,0.0,0.0,0.0,XGB_OD,SCENARIO,Conflict_internal_LOW
SYR,MYS,2025,,3150.60135669192,3381.392684100849,230.7913274089287,0.0,230.7913274089287,XGB_OD,SCENARIO,Conflict_internal_LOW__Conflict_external_HIGH
SYR,MYS,2025,,3150.60135669192,3227.531799161563,76.93044246964291,0.0,76.93044246964291,XGB_OD,SCENARIO,Conflict_internal_LOW__Conflict_external_LOW
SYR,MYS,2030,,3372.981955876627,,,,,XGB_OD,FORECAST,
SYR,MYS,2035,,3337.899847023847,,,,,XGB_OD,FORECAST,
THA,MYS,2000,58053.0,,,,,,HIST,HIST,
THA,MYS,2005,61394.0,,,,,,HIST,HIST,
THA,MYS,2010,64841.0,,,,,,HIST,HIST,
THA,MYS,2015,68074.0,,,,,,HIST,HIST,
THA,MYS,2020,69539.0,,,,,,HIST,HIST,
THA,MYS,2024,70718.0,,,,,,HIST,HIST,
THA,MYS,2025,,83836.49238685251,,,,,XGB_OD,FORECAST,
THA,MYS,2025,,83836.49238685251,85808.35430441987,1971.8619175673616,0.0,1971.8619175673616,XGB_OD,SCENARIO,Aid_HIGH
THA,MYS,2025,,83836.49238685251,97216.98397034532,13380.491583492814,0.0,13380.491583492814,XGB_OD,SCENARIO,Aid_HIGH__Conflict_external_HIGH
THA,MYS,2025,,83836.49238685251,89611.23085972836,5774.738472875844,0.0,5774.738472875844,XGB_OD,SCENARIO,Aid_HIGH__Conflict_external_LOW
THA,MYS,2025,,83836.49238685251,85808.35430441987,1971.8619175673616,0.0,1971.8619175673616,XGB_OD,SCENARIO,Aid_HIGH__Conflict_internal_HIGH
THA,MYS,2025,,83836.49238685251,86949.21727101241,3112.724884159908,0.0,3112.724884159908,XGB_OD,SCENARIO,Aid_HIGH__Conflict_internal_HIGH__Conflict_external_HIGH
THA,MYS,2025,,83836.49238685251,86188.64195995072,2352.14957309821,0.0,2352.14957309821,XGB_OD,SCENARIO,Aid_HIGH__Conflict_internal_HIGH__Conflict_external_LOW
THA,MYS,2025,,83836.49238685251,85808.35430441987,1971.8619175673616,0.0,1971.8619175673616,XGB_OD,SCENARIO,Aid_HIGH__Conflict_internal_LOW
THA,MYS,2025,,83836.49238685251,93794.39507056768,9957.902683715176,0.0,9957.902683715176,XGB_OD,SCENARIO,Aid_HIGH__Conflict_internal_LOW__Conflict_external_HIGH
THA,MYS,2025,,83836.49238685251,88470.3678931358,4633.8755062833,0.0,4633.8755062833,XGB_OD,SCENARIO,Aid_HIGH__Conflict_internal_LOW__Conflict_external_LOW
THA,MYS,2025,,83836.49238685251,84681.57606580995,845.0836789574407,0.0,845.0836789574407,XGB_OD,SCENARIO,Aid_LOW
THA,MYS,2025,,83836.49238685251,94400.03837382051,10563.545986968007,0.0,10563.545986968007,XGB_OD,SCENARIO,Aid_LOW__Conflict_external_HIGH
THA,MYS,2025,,83836.49238685251,87921.06350181348,4084.571114960964,0.0,4084.571114960964,XGB_OD,SCENARIO,Aid_LOW__Conflict_external_LOW
THA,MYS,2025,,83836.49238685251,84681.57606580995,845.0836789574407,0.0,845.0836789574407,XGB_OD,SCENARIO,Aid_LOW__Conflict_internal_HIGH
THA,MYS,2025,,83836.49238685251,85653.42229661101,1816.9299097584983,0.0,1816.9299097584983,XGB_OD,SCENARIO,Aid_LOW__Conflict_internal_HIGH__Conflict_external_HIGH
THA,MYS,2025,,83836.49238685251,85005.5248094103,1169.032422557793,0.0,1169.032422557793,XGB_OD,SCENARIO,Aid_LOW__Conflict_internal_HIGH__Conflict_external_LOW
THA,MYS,2025,,83836.49238685251,84681.57606580995,845.0836789574407,0.0,845.0836789574407,XGB_OD,SCENARIO,Aid_LOW__Conflict_internal_LOW
THA,MYS,2025,,83836.49238685251,91484.49968141736,7648.007294564837,0.0,7648.007294564837,XGB_OD,SCENARIO,Aid_LOW__Conflict_internal_LOW__Conflict_external_HIGH
THA,MYS,2025,,83836.49238685251,86949.21727101241,3112.724884159907,0.0,3112.724884159907,XGB_OD,SCENARIO,Aid_LOW__Conflict_internal_LOW__Conflict_external_LOW
THA,MYS,2025,,83836.49238685251,92287.32917642692,8450.836789574407,0.0,8450.836789574407,XGB_OD,SCENARIO,Conflict_external_HIGH
THA,MYS,2025,,83836.49238685251,86653.43798337731,2816.9455965248026,0.0,2816.9455965248026,XGB_OD,SCENARIO,Conflict_external_LOW
THA,MYS,2025,,83836.49238685251,83836.49238685251,0.0,0.0,0.0,XGB_OD,SCENARIO,Conflict_internal_HIGH
THA,MYS,2025,,83836.49238685251,84681.57606580995,845.0836789574416,0.0,845.0836789574416,XGB_OD,SCENARIO,Conflict_internal_HIGH__Conflict_external_HIGH
THA,MYS,2025,,83836.49238685251,84118.18694650498,281.6945596524805,0.0,281.6945596524805,XGB_OD,SCENARIO,Conflict_internal_HIGH__Conflict_external_LOW
THA,MYS,2025,,83836.49238685251,83836.49238685251,0.0,0.0,0.0,XGB_OD,SCENARIO,Conflict_internal_LOW
THA,MYS,2025,,83836.49238685251,89752.0781395546,5915.585752702084,0.0,5915.585752702084,XGB_OD,SCENARIO,Conflict_internal_LOW__Conflict_external_HIGH
THA,MYS,2025,,83836.49238685251,85808.35430441987,1971.8619175673616,0.0,1971.8619175673616,XGB_OD,SCENARIO,Conflict_internal_LOW__Conflict_external_LOW
THA,MYS,2030,,111604.48614822669,,,,,XGB_OD,FORECAST,
THA,MYS,2035,,129568.61845597193,,,,,XGB_OD,FORECAST,
VNM,MYS,2000,0.0,,,,,,HIST,HIST,
VNM,MYS,2005,36.0,,,,,,HIST,HIST,
VNM,MYS,2010,17.0,,,,,,HIST,HIST,
VNM,MYS,2015,7.0,,,,,,HIST,HIST,
VNM,MYS,2020,5.0,,,,,,HIST,HIST,
VNM,MYS,2024,5.0,,,,,,HIST,HIST,
VNM,MYS,2025,,4.483976663571508,,,,,XGB_OD,FORECAST,
VNM,MYS,2025,,4.483976663571508,4.623393920674888,0.1394172571033803,0.0,0.1394172571033803,XGB_OD,SCENARIO,Aid_HIGH
VNM,MYS,2025,,4.483976663571508,5.430022336773018,0.9460456732015096,0.0,0.9460456732015096,XGB_OD,SCENARIO,Aid_HIGH__Conflict_external_HIGH
VNM,MYS,2025,,4.483976663571508,4.8922700593742645,0.4082933958027567,0.0,0.4082933958027567,XGB_OD,SCENARIO,Aid_HIGH__Conflict_external_LOW
VNM,MYS,2025,,4.483976663571508,4.623393920674888,0.1394172571033803,0.0,0.1394172571033803,XGB_OD,SCENARIO,Aid_HIGH__Conflict_internal_HIGH
VNM,MYS,2025,,4.483976663571508,4.704056762284702,0.2200800987131933,0.0,0.2200800987131933,XGB_OD,SCENARIO,Aid_HIGH__Conflict_internal_HIGH__Conflict_external_HIGH
VNM,MYS,2025,,4.483976663571508,4.650281534544826,0.166304870973318,0.0,0.166304870973318,XGB_OD,SCENARIO,Aid_HIGH__Conflict_internal_HIGH__Conflict_external_LOW
VNM,MYS,2025,,4.483976663571508,4.623393920674888,0.1394172571033803,0.0,0.1394172571033803,XGB_OD,SCENARIO,Aid_HIGH__Conflict_internal_LOW
VNM,MYS,2025,,4.483976663571508,5.188033811943579,0.7040571483720707,0.0,0.7040571483720707,XGB_OD,SCENARIO,Aid_HIGH__Conflict_internal_LOW__Conflict_external_HIGH
VNM,MYS,2025,,4.483976663571508,4.811607217764452,0.3276305541929438,0.0,0.3276305541929438,XGB_OD,SCENARIO,Aid_HIGH__Conflict_internal_LOW__Conflict_external_LOW
VNM,MYS,2025,,4.483976663571508,4.543726916615814,0.0597502530443058,0.0,0.0597502530443058,XGB_OD,SCENARIO,Aid_LOW
VNM,MYS,2025,,4.483976663571508,5.230854826625332,0.7468781630538232,0.0,0.7468781630538232,XGB_OD,SCENARIO,Aid_LOW__Conflict_external_HIGH
VNM,MYS,2025,,4.483976663571508,4.772769553285653,0.288792889714145,0.0,0.288792889714145,XGB_OD,SCENARIO,Aid_LOW__Conflict_external_LOW
VNM,MYS,2025,,4.483976663571508,4.543726916615814,0.0597502530443058,0.0,0.0597502530443058,XGB_OD,SCENARIO,Aid_LOW__Conflict_internal_HIGH
VNM,MYS,2025,,4.483976663571508,4.612439707616765,0.1284630440452576,0.0,0.1284630440452576,XGB_OD,SCENARIO,Aid_LOW__Conflict_internal_HIGH__Conflict_external_HIGH
VNM,MYS,2025,,4.483976663571508,4.566631180282798,0.0826545167112897,0.0,0.0826545167112897,XGB_OD,SCENARIO,Aid_LOW__Conflict_internal_HIGH__Conflict_external_LOW
VNM,MYS,2025,,4.483976663571508,4.543726916615814,0.0597502530443058,0.0,0.0597502530443058,XGB_OD,SCENARIO,Aid_LOW__Conflict_internal_LOW
VNM,MYS,2025,,4.483976663571508,5.024716453622476,0.540739790050968,0.0,0.540739790050968,XGB_OD,SCENARIO,Aid_LOW__Conflict_internal_LOW__Conflict_external_HIGH
VNM,MYS,2025,,4.483976663571508,4.704056762284702,0.2200800987131932,0.0,0.2200800987131932,XGB_OD,SCENARIO,Aid_LOW__Conflict_internal_LOW__Conflict_external_LOW
VNM,MYS,2025,,4.483976663571508,5.081479194014567,0.5975025304430587,0.0,0.5975025304430587,XGB_OD,SCENARIO,Conflict_external_HIGH
VNM,MYS,2025,,4.483976663571508,4.683144173719194,0.1991675101476862,0.0,0.1991675101476862,XGB_OD,SCENARIO,Conflict_external_LOW
VNM,MYS,2025,,4.483976663571508,4.483976663571508,0.0,0.0,0.0,XGB_OD,SCENARIO,Conflict_internal_HIGH
VNM,MYS,2025,,4.483976663571508,4.543726916615814,0.0597502530443059,0.0,0.0597502530443059,XGB_OD,SCENARIO,Conflict_internal_HIGH__Conflict_external_HIGH
VNM,MYS,2025,,4.483976663571508,4.503893414586277,0.0199167510147686,0.0,0.0199167510147686,XGB_OD,SCENARIO,Conflict_internal_HIGH__Conflict_external_LOW
VNM,MYS,2025,,4.483976663571508,4.483976663571508,0.0,0.0,0.0,XGB_OD,SCENARIO,Conflict_internal_LOW
VNM,MYS,2025,,4.483976663571508,4.902228434881649,0.4182517713101409,0.0,0.4182517713101409,XGB_OD,SCENARIO,Conflict_internal_LOW__Conflict_external_HIGH
VNM,MYS,2025,,4.483976663571508,4.623393920674888,0.1394172571033803,0.0,0.1394172571033803,XGB_OD,SCENARIO,Conflict_internal_LOW__Conflict_external_LOW
VNM,MYS,2030,,4.469541482787484,,,,,XGB_OD,FORECAST,
VNM,MYS,2035,,4.540246497126129,,,,,XGB_OD,FORECAST,
YEM,MYS,2000,0.0,,,,,,HIST,HIST,
YEM,MYS,2005,0.0,,,,,,HIST,HIST,
YEM,MYS,2010,18.0,,,,,,HIST,HIST,
YEM,MYS,2015,654.0,,,,,,HIST,HIST,
YEM,MYS,2020,3662.0,,,,,,HIST,HIST,
YEM,MYS,2024,3228.0,,,,,,HIST,HIST,
YEM,MYS,2025,,3191.4940981939,,,,,XGB_OD,FORECAST,
YEM,MYS,2025,,3191.4940981939,3281.50187937984,90.00778118593995,0.0,90.00778118593995,XGB_OD,SCENARIO,Aid_HIGH
YEM,MYS,2025,,3191.4940981939,3802.261184812778,610.7670866188784,0.0,610.7670866188784,XGB_OD,SCENARIO,Aid_HIGH__Conflict_external_HIGH
YEM,MYS,2025,,3191.4940981939,3455.0883145241523,263.59421633025266,0.0,263.59421633025266,XGB_OD,SCENARIO,Aid_HIGH__Conflict_external_LOW
YEM,MYS,2025,,3191.4940981939,3281.50187937984,90.00778118593995,0.0,90.00778118593995,XGB_OD,SCENARIO,Aid_HIGH__Conflict_internal_HIGH
YEM,MYS,2025,,3191.4940981939,3333.577809923134,142.08371172923384,0.0,142.08371172923384,XGB_OD,SCENARIO,Aid_HIGH__Conflict_internal_HIGH__Conflict_external_HIGH
YEM,MYS,2025,,3191.4940981939,3298.860522894271,107.36642470037124,0.0,107.36642470037124,XGB_OD,SCENARIO,Aid_HIGH__Conflict_internal_HIGH__Conflict_external_LOW
YEM,MYS,2025,,3191.4940981939,3281.50187937984,90.00778118593995,0.0,90.00778118593995,XGB_OD,SCENARIO,Aid_HIGH__Conflict_internal_LOW
YEM,MYS,2025,,3191.4940981939,3646.033393182896,454.5392949889967,0.0,454.5392949889967,XGB_OD,SCENARIO,Aid_HIGH__Conflict_internal_LOW__Conflict_external_HIGH
YEM,MYS,2025,,3191.4940981939,3403.012383980859,211.51828578695887,0.0,211.51828578695887,XGB_OD,SCENARIO,Aid_HIGH__Conflict_internal_LOW__Conflict_external_LOW
YEM,MYS,2025,,3191.4940981939,3230.0688615593026,38.57476336540284,0.0,38.57476336540284,XGB_OD,SCENARIO,Aid_LOW
YEM,MYS,2025,,3191.4940981939,3673.6786402614352,482.18454206753535,0.0,482.18454206753535,XGB_OD,SCENARIO,Aid_LOW__Conflict_external_HIGH
YEM,MYS,2025,,3191.4940981939,3377.938787793347,186.44468959944703,0.0,186.44468959944703,XGB_OD,SCENARIO,Aid_LOW__Conflict_external_LOW
YEM,MYS,2025,,3191.4940981939,3230.0688615593026,38.57476336540284,0.0,38.57476336540284,XGB_OD,SCENARIO,Aid_LOW__Conflict_internal_HIGH
YEM,MYS,2025,,3191.4940981939,3274.429839429516,82.93574123561613,0.0,82.93574123561613,XGB_OD,SCENARIO,Aid_LOW__Conflict_internal_HIGH__Conflict_external_HIGH
YEM,MYS,2025,,3191.4940981939,3244.855854182707,53.36175598880727,0.0,53.36175598880727,XGB_OD,SCENARIO,Aid_LOW__Conflict_internal_HIGH__Conflict_external_LOW
YEM,MYS,2025,,3191.4940981939,3230.0688615593026,38.57476336540284,0.0,38.57476336540284,XGB_OD,SCENARIO,Aid_LOW__Conflict_internal_LOW
YEM,MYS,2025,,3191.4940981939,3540.595706650796,349.1016084568956,0.0,349.1016084568956,XGB_OD,SCENARIO,Aid_LOW__Conflict_internal_LOW__Conflict_external_HIGH
YEM,MYS,2025,,3191.4940981939,3333.577809923134,142.08371172923378,0.0,142.08371172923378,XGB_OD,SCENARIO,Aid_LOW__Conflict_internal_LOW__Conflict_external_LOW
YEM,MYS,2025,,3191.4940981939,3577.2417318479283,385.74763365402833,0.0,385.74763365402833,XGB_OD,SCENARIO,Conflict_external_HIGH
YEM,MYS,2025,,3191.4940981939,3320.0766427452427,128.58254455134278,0.0,128.58254455134278,XGB_OD,SCENARIO,Conflict_external_LOW
YEM,MYS,2025,,3191.4940981939,3191.4940981939,0.0,0.0,0.0,XGB_OD,SCENARIO,Conflict_internal_HIGH
YEM,MYS,2025,,3191.4940981939,3230.0688615593026,38.57476336540287,0.0,38.57476336540287,XGB_OD,SCENARIO,Conflict_internal_HIGH__Conflict_external_HIGH
YEM,MYS,2025,,3191.4940981939,3204.352352649034,12.85825445513429,0.0,12.85825445513429,XGB_OD,SCENARIO,Conflict_internal_HIGH__Conflict_external_LOW
YEM,MYS,2025,,3191.4940981939,3191.4940981939,0.0,0.0,0.0,XGB_OD,SCENARIO,Conflict_internal_LOW
YEM,MYS,2025,,3191.4940981939,3461.51744175172,270.0233435578198,0.0,270.0233435578198,XGB_OD,SCENARIO,Conflict_internal_LOW__Conflict_external_HIGH
YEM,MYS,2025,,3191.4940981939,3281.50187937984,90.00778118593995,0.0,90.00778118593995,XGB_OD,SCENARIO,Conflict_internal_LOW__Conflict_external_LOW
YEM,MYS,2030,,3239.032817158791,,,,,XGB_OD,FORECAST,
YEM,MYS,2035,,3239.032817158791,,,,,XGB_OD,FORECAST,
AFG,USA,2000,41681.0,,,,,,HIST,HIST,
AFG,USA,2005,56433.0,,,,,,HIST,HIST,
AFG,USA,2010,58708.0,,,,,,HIST,HIST,
AFG,USA,2015,80014.0,,,,,,HIST,HIST,
AFG,USA,2020,135452.0,,,,,,HIST,HIST,
AFG,USA,2024,199252.0,,,,,,HIST,HIST,
AFG,USA,2025,,212665.1709863885,,,,,XGB_OD,FORECAST,
AFG,USA,2025,,212665.1709863885,216622.26869597624,3957.097709587756,0.0,3957.097709587756,XGB_OD,SCENARIO,Aid_HIGH
AFG,USA,2025,,212665.1709863885,239516.9054443054,26851.734457916915,0.0,26851.734457916915,XGB_OD,SCENARIO,Aid_HIGH__Conflict_external_HIGH
AFG,USA,2025,,212665.1709863885,224253.81427875263,11588.643292364142,0.0,11588.643292364142,XGB_OD,SCENARIO,Aid_HIGH__Conflict_external_LOW
AFG,USA,2025,,212665.1709863885,216622.26869597624,3957.097709587756,0.0,3957.097709587756,XGB_OD,SCENARIO,Aid_HIGH__Conflict_internal_HIGH
AFG,USA,2025,,212665.1709863885,218911.7323708092,6246.561384420673,0.0,6246.561384420673,XGB_OD,SCENARIO,Aid_HIGH__Conflict_internal_HIGH__Conflict_external_HIGH
AFG,USA,2025,,212665.1709863885,217385.4232542539,4720.252267865394,0.0,4720.252267865394,XGB_OD,SCENARIO,Aid_HIGH__Conflict_internal_HIGH__Conflict_external_LOW
AFG,USA,2025,,212665.1709863885,216622.26869597624,3957.097709587756,0.0,3957.097709587756,XGB_OD,SCENARIO,Aid_HIGH__Conflict_internal_LOW
AFG,USA,2025,,212665.1709863885,232648.51441980663,19983.34343341816,0.0,19983.34343341816,XGB_OD,SCENARIO,Aid_HIGH__Conflict_internal_LOW__Conflict_external_HIGH
AFG,USA,2025,,212665.1709863885,221964.3506039197,9299.179617531225,0.0,9299.179617531225,XGB_OD,SCENARIO,Aid_HIGH__Conflict_internal_LOW__Conflict_external_LOW
AFG,USA,2025,,212665.1709863885,214361.07000478325,1695.8990183947524,0.0,1695.8990183947524,XGB_OD,SCENARIO,Aid_LOW
AFG,USA,2025,,212665.1709863885,233863.90871632288,21198.7377299344,0.0,21198.7377299344,XGB_OD,SCENARIO,Aid_LOW__Conflict_external_HIGH
AFG,USA,2025,,212665.1709863885,220862.01624196317,8196.845255574637,0.0,8196.845255574637,XGB_OD,SCENARIO,Aid_LOW__Conflict_external_LOW
AFG,USA,2025,,212665.1709863885,214361.07000478325,1695.8990183947524,0.0,1695.8990183947524,XGB_OD,SCENARIO,Aid_LOW__Conflict_internal_HIGH
AFG,USA,2025,,212665.1709863885,216311.3538759372,3646.182889548719,0.0,3646.182889548719,XGB_OD,SCENARIO,Aid_LOW__Conflict_internal_HIGH__Conflict_external_HIGH
AFG,USA,2025,,212665.1709863885,215011.1646285012,2345.993642112741,0.0,2345.993642112741,XGB_OD,SCENARIO,Aid_LOW__Conflict_internal_HIGH__Conflict_external_LOW
AFG,USA,2025,,212665.1709863885,214361.07000478325,1695.8990183947524,0.0,1695.8990183947524,XGB_OD,SCENARIO,Aid_LOW__Conflict_internal_LOW
AFG,USA,2025,,212665.1709863885,228013.057102861,15347.886116472506,0.0,15347.886116472506,XGB_OD,SCENARIO,Aid_LOW__Conflict_internal_LOW__Conflict_external_HIGH
AFG,USA,2025,,212665.1709863885,218911.7323708092,6246.561384420671,0.0,6246.561384420671,XGB_OD,SCENARIO,Aid_LOW__Conflict_internal_LOW__Conflict_external_LOW
AFG,USA,2025,,212665.1709863885,229624.161170336,16958.990183947524,0.0,16958.990183947524,XGB_OD,SCENARIO,Conflict_external_HIGH
AFG,USA,2025,,212665.1709863885,218318.167714371,5652.996727982508,0.0,5652.996727982508,XGB_OD,SCENARIO,Conflict_external_LOW
AFG,USA,2025,,212665.1709863885,212665.1709863885,0.0,0.0,0.0,XGB_OD,SCENARIO,Conflict_internal_HIGH
AFG,USA,2025,,212665.1709863885,214361.07000478325,1695.899018394754,0.0,1695.899018394754,XGB_OD,SCENARIO,Conflict_internal_HIGH__Conflict_external_HIGH
AFG,USA,2025,,212665.1709863885,213230.47065918677,565.2996727982512,0.0,565.2996727982512,XGB_OD,SCENARIO,Conflict_internal_HIGH__Conflict_external_LOW
AFG,USA,2025,,212665.1709863885,212665.1709863885,0.0,0.0,0.0,XGB_OD,SCENARIO,Conflict_internal_LOW
AFG,USA,2025,,212665.1709863885,224536.46411515176,11871.293128763264,0.0,11871.293128763264,XGB_OD,SCENARIO,Conflict_internal_LOW__Conflict_external_HIGH
AFG,USA,2025,,212665.1709863885,216622.26869597624,3957.097709587756,0.0,3957.097709587756,XGB_OD,SCENARIO,Conflict_internal_LOW__Conflict_external_LOW
AFG,USA,2030,,204315.1172706529,,,,,XGB_OD,FORECAST,
AFG,USA,2035,,197840.3938016233,,,,,XGB_OD,FORECAST,
ARG,USA,2000,135087.0,,,,,,HIST,HIST,
ARG,USA,2005,193374.0,,,,,,HIST,HIST,
ARG,USA,2010,177406.0,,,,,,HIST,HIST,
ARG,USA,2015,193602.0,,,,,,HIST,HIST,
ARG,USA,2020,207388.0,,,,,,HIST,HIST,
ARG,USA,2024,212091.0,,,,,,HIST,HIST,
ARG,USA,2025,,205789.78521199868,,,,,XGB_OD,FORECAST,
ARG,USA,2025,,205789.78521199868,210001.86243242392,4212.077220425254,0.0,4212.077220425254,XGB_OD,SCENARIO,Aid_HIGH
ARG,USA,2025,,205789.78521199868,234371.73777917004,28581.95256717137,0.0,28581.95256717137,XGB_OD,SCENARIO,Aid_HIGH__Conflict_external_HIGH
ARG,USA,2025,,205789.78521199868,218125.15421467263,12335.36900267396,0.0,12335.36900267396,XGB_OD,SCENARIO,Aid_HIGH__Conflict_external_LOW
ARG,USA,2025,,205789.78521199868,210001.86243242392,4212.077220425254,0.0,4212.077220425254,XGB_OD,SCENARIO,Aid_HIGH__Conflict_internal_HIGH
ARG,USA,2025,,205789.78521199868,212438.84996709853,6649.064755099867,0.0,6649.064755099867,XGB_OD,SCENARIO,Aid_HIGH__Conflict_internal_HIGH__Conflict_external_HIGH
ARG,USA,2025,,205789.78521199868,210814.1916106488,5024.406398650124,0.0,5024.406398650124,XGB_OD,SCENARIO,Aid_HIGH__Conflict_internal_HIGH__Conflict_external_LOW
ARG,USA,2025,,205789.78521199868,210001.86243242392,4212.077220425254,0.0,4212.077220425254,XGB_OD,SCENARIO,Aid_HIGH__Conflict_internal_LOW
ARG,USA,2025,,205789.78521199868,227060.7751751462,21270.989963147527,0.0,21270.989963147527,XGB_OD,SCENARIO,Aid_HIGH__Conflict_internal_LOW__Conflict_external_HIGH
ARG,USA,2025,,205789.78521199868,215688.166679998,9898.381467999348,0.0,9898.381467999348,XGB_OD,SCENARIO,Aid_HIGH__Conflict_internal_LOW__Conflict_external_LOW
ARG,USA,2025,,205789.78521199868,207594.9611636095,1805.1759516108232,0.0,1805.1759516108232,XGB_OD,SCENARIO,Aid_LOW
ARG,USA,2025,,205789.78521199868,228354.484607134,22564.699395135285,0.0,22564.699395135285,XGB_OD,SCENARIO,Aid_LOW__Conflict_external_HIGH
ARG,USA,2025,,205789.78521199868,214514.802311451,8725.017099452312,0.0,8725.017099452312,XGB_OD,SCENARIO,Aid_LOW__Conflict_external_LOW
ARG,USA,2025,,205789.78521199868,207594.9611636095,1805.1759516108232,0.0,1805.1759516108232,XGB_OD,SCENARIO,Aid_LOW__Conflict_internal_HIGH
ARG,USA,2025,,205789.78521199868,209670.913507962,3881.1282959632713,0.0,3881.1282959632713,XGB_OD,SCENARIO,Aid_LOW__Conflict_internal_HIGH__Conflict_external_HIGH
ARG,USA,2025,,205789.78521199868,208286.9452783937,2497.1600663949725,0.0,2497.1600663949725,XGB_OD,SCENARIO,Aid_LOW__Conflict_internal_HIGH__Conflict_external_LOW
ARG,USA,2025,,205789.78521199868,207594.9611636095,1805.1759516108232,0.0,1805.1759516108232,XGB_OD,SCENARIO,Aid_LOW__Conflict_internal_LOW
ARG,USA,2025,,205789.78521199868,222126.6275740766,16336.842362077949,0.0,16336.842362077949,XGB_OD,SCENARIO,Aid_LOW__Conflict_internal_LOW__Conflict_external_HIGH
ARG,USA,2025,,205789.78521199868,212438.84996709853,6649.064755099866,0.0,6649.064755099866,XGB_OD,SCENARIO,Aid_LOW__Conflict_internal_LOW__Conflict_external_LOW
ARG,USA,2025,,205789.78521199868,223841.5447281069,18051.75951610823,0.0,18051.75951610823,XGB_OD,SCENARIO,Conflict_external_HIGH
ARG,USA,2025,,205789.78521199868,211807.0383840348,6017.253172036078,0.0,6017.253172036078,XGB_OD,SCENARIO,Conflict_external_LOW
ARG,USA,2025,,205789.78521199868,205789.78521199868,0.0,0.0,0.0,XGB_OD,SCENARIO,Conflict_internal_HIGH
ARG,USA,2025,,205789.78521199868,207594.9611636095,1805.175951610825,0.0,1805.175951610825,XGB_OD,SCENARIO,Conflict_internal_HIGH__Conflict_external_HIGH
ARG,USA,2025,,205789.78521199868,206391.5105292023,601.7253172036081,0.0,601.7253172036081,XGB_OD,SCENARIO,Conflict_internal_HIGH__Conflict_external_LOW
ARG,USA,2025,,205789.78521199868,205789.78521199868,0.0,0.0,0.0,XGB_OD,SCENARIO,Conflict_internal_LOW
ARG,USA,2025,,205789.78521199868,218426.01687327444,12636.23166127576,0.0,12636.23166127576,XGB_OD,SCENARIO,Conflict_internal_LOW__Conflict_external_HIGH
ARG,USA,2025,,205789.78521199868,210001.86243242392,4212.077220425254,0.0,4212.077220425254,XGB_OD,SCENARIO,Conflict_internal_LOW__Conflict_external_LOW
ARG,USA,2030,,204615.0180462579,,,,,XGB_OD,FORECAST,
ARG,USA,2035,,205685.9912384929,,,,,XGB_OD,FORECAST,
BGD,USA,2000,92334.0,,,,,,HIST,HIST,
BGD,USA,2005,121194.0,,,,,,HIST,HIST,
BGD,USA,2010,165239.0,,,,,,HIST,HIST,
BGD,USA,2015,232689.0,,,,,,HIST,HIST,
BGD,USA,2020,279242.0,,,,,,HIST,HIST,
BGD,USA,2024,357581.0,,,,,,HIST,HIST,
BGD,USA,2025,,381894.5467668044,,,,,XGB_OD,FORECAST,
BGD,USA,2025,,381894.5467668044,388996.02106112574,7101.4742943213405,0.0,7101.4742943213405,XGB_OD,SCENARIO,Aid_HIGH
BGD,USA,2025,,381894.5467668044,430083.1223354135,48188.5755686091,0.0,48188.5755686091,XGB_OD,SCENARIO,Aid_HIGH__Conflict_external_HIGH
BGD,USA,2025,,381894.5467668044,402691.7214858884,20797.174719083927,0.0,20797.174719083927,XGB_OD,SCENARIO,Aid_HIGH__Conflict_external_LOW
BGD,USA,2025,,381894.5467668044,388996.02106112574,7101.4742943213405,0.0,7101.4742943213405,XGB_OD,SCENARIO,Aid_HIGH__Conflict_internal_HIGH
BGD,USA,2025,,381894.5467668044,393104.73118855455,11210.184421750118,0.0,11210.184421750118,XGB_OD,SCENARIO,Aid_HIGH__Conflict_internal_HIGH__Conflict_external_HIGH
BGD,USA,2025,,381894.5467668044,390365.591103602,8471.044336797599,0.0,8471.044336797599,XGB_OD,SCENARIO,Aid_HIGH__Conflict_internal_HIGH__Conflict_external_LOW
BGD,USA,2025,,381894.5467668044,388996.02106112574,7101.4742943213405,0.0,7101.4742943213405,XGB_OD,SCENARIO,Aid_HIGH__Conflict_internal_LOW
BGD,USA,2025,,381894.5467668044,417756.9919531272,35862.44518632276,0.0,35862.44518632276,XGB_OD,SCENARIO,Aid_HIGH__Conflict_internal_LOW__Conflict_external_HIGH
BGD,USA,2025,,381894.5467668044,398583.01135845954,16688.46459165515,0.0,16688.46459165515,XGB_OD,SCENARIO,Aid_HIGH__Conflict_internal_LOW__Conflict_external_LOW
BGD,USA,2025,,381894.5467668044,384938.03575008496,3043.4889832805743,0.0,3043.4889832805743,XGB_OD,SCENARIO,Aid_LOW
BGD,USA,2025,,381894.5467668044,419938.1590578116,38043.61229100717,0.0,38043.61229100717,XGB_OD,SCENARIO,Aid_LOW__Conflict_external_HIGH
BGD,USA,2025,,381894.5467668044,396604.7435193272,14710.196752522776,0.0,14710.196752522776,XGB_OD,SCENARIO,Aid_LOW__Conflict_external_LOW
BGD,USA,2025,,381894.5467668044,384938.03575008496,3043.4889832805743,0.0,3043.4889832805743,XGB_OD,SCENARIO,Aid_LOW__Conflict_internal_HIGH
BGD,USA,2025,,381894.5467668044,388438.04808085767,6543.501314053237,0.0,6543.501314053237,XGB_OD,SCENARIO,Aid_LOW__Conflict_internal_HIGH__Conflict_external_HIGH
BGD,USA,2025,,381894.5467668044,386104.7065270092,4210.159760204795,0.0,4210.159760204795,XGB_OD,SCENARIO,Aid_LOW__Conflict_internal_HIGH__Conflict_external_LOW
BGD,USA,2025,,381894.5467668044,384938.03575008496,3043.4889832805743,0.0,3043.4889832805743,XGB_OD,SCENARIO,Aid_LOW__Conflict_internal_LOW
BGD,USA,2025,,381894.5467668044,409438.1220654936,27543.575298689197,0.0,27543.575298689197,XGB_OD,SCENARIO,Aid_LOW__Conflict_internal_LOW__Conflict_external_HIGH
BGD,USA,2025,,381894.5467668044,393104.73118855455,11210.184421750117,0.0,11210.184421750117,XGB_OD,SCENARIO,Aid_LOW__Conflict_internal_LOW__Conflict_external_LOW
BGD,USA,2025,,381894.5467668044,412329.4365996101,30434.889832805744,0.0,30434.889832805744,XGB_OD,SCENARIO,Conflict_external_HIGH
BGD,USA,2025,,381894.5467668044,392039.5100444064,10144.963277601915,0.0,10144.963277601915,XGB_OD,SCENARIO,Conflict_external_LOW
BGD,USA,2025,,381894.5467668044,381894.5467668044,0.0,0.0,0.0,XGB_OD,SCENARIO,Conflict_internal_HIGH
BGD,USA,2025,,381894.5467668044,384938.03575008496,3043.488983280577,0.0,3043.488983280577,XGB_OD,SCENARIO,Conflict_internal_HIGH__Conflict_external_HIGH
BGD,USA,2025,,381894.5467668044,382909.0430945646,1014.4963277601922,0.0,1014.4963277601922,XGB_OD,SCENARIO,Conflict_internal_HIGH__Conflict_external_LOW
BGD,USA,2025,,381894.5467668044,381894.5467668044,0.0,0.0,0.0,XGB_OD,SCENARIO,Conflict_internal_LOW
BGD,USA,2025,,381894.5467668044,403198.9696497684,21304.422882964016,0.0,21304.422882964016,XGB_OD,SCENARIO,Conflict_internal_LOW__Conflict_external_HIGH
BGD,USA,2025,,381894.5467668044,388996.02106112574,7101.4742943213405,0.0,7101.4742943213405,XGB_OD,SCENARIO,Conflict_internal_LOW__Conflict_external_LOW
BGD,USA,2030,,446578.0724209495,,,,,XGB_OD,FORECAST,
BGD,USA,2035,,437641.5134201496,,,,,XGB_OD,FORECAST,
BRA,USA,2000,240109.0,,,,,,HIST,HIST,
BRA,USA,2005,345947.0,,,,,,HIST,HIST,
BRA,USA,2010,365297.0,,,,,,HIST,HIST,
BRA,USA,2015,380949.0,,,,,,HIST,HIST,
BRA,USA,2020,571580.0,,,,,,HIST,HIST,
BRA,USA,2024,738994.0,,,,,,HIST,HIST,
BRA,USA,2025,,764866.3468845065,,,,,XGB_OD,FORECAST,
BRA,USA,2025,,764866.3468845065,779542.5933703593,14676.246485852713,0.0,14676.246485852713,XGB_OD,SCENARIO,Aid_HIGH
BRA,USA,2025,,764866.3468845065,864455.1623242213,99588.81543971485,0.0,99588.81543971485,XGB_OD,SCENARIO,Aid_HIGH__Conflict_external_HIGH
BRA,USA,2025,,764866.3468845065,807846.7830216466,42980.43613714008,0.0,42980.43613714008,XGB_OD,SCENARIO,Aid_HIGH__Conflict_external_LOW
BRA,USA,2025,,764866.3468845065,779542.5933703593,14676.246485852713,0.0,14676.246485852713,XGB_OD,SCENARIO,Aid_HIGH__Conflict_internal_HIGH
BRA,USA,2025,,764866.3468845065,788033.8502657454,23167.503381238927,0.0,23167.503381238927,XGB_OD,SCENARIO,Aid_HIGH__Conflict_internal_HIGH__Conflict_external_HIGH
BRA,USA,2025,,764866.3468845065,782373.012335488,17506.665450981447,0.0,17506.665450981447,XGB_OD,SCENARIO,Aid_HIGH__Conflict_internal_HIGH__Conflict_external_LOW
BRA,USA,2025,,764866.3468845065,779542.5933703593,14676.246485852713,0.0,14676.246485852713,XGB_OD,SCENARIO,Aid_HIGH__Conflict_internal_LOW
BRA,USA,2025,,764866.3468845065,838981.3916380627,74115.04475355617,0.0,74115.04475355617,XGB_OD,SCENARIO,Aid_HIGH__Conflict_internal_LOW__Conflict_external_HIGH
BRA,USA,2025,,764866.3468845065,799355.5261262604,34489.17924175387,0.0,34489.17924175387,XGB_OD,SCENARIO,Aid_HIGH__Conflict_internal_LOW__Conflict_external_LOW
BRA,USA,2025,,764866.3468845065,771156.1668070148,6289.819922508304,0.0,6289.819922508304,XGB_OD,SCENARIO,Aid_LOW
BRA,USA,2025,,764866.3468845065,843489.0959158603,78622.74903135379,0.0,78622.74903135379,XGB_OD,SCENARIO,Aid_LOW__Conflict_external_HIGH
BRA,USA,2025,,764866.3468845065,795267.14317663,30400.796292123472,0.0,30400.796292123472,XGB_OD,SCENARIO,Aid_LOW__Conflict_external_LOW
BRA,USA,2025,,764866.3468845065,771156.1668070148,6289.819922508304,0.0,6289.819922508304,XGB_OD,SCENARIO,Aid_LOW__Conflict_internal_HIGH
BRA,USA,2025,,764866.3468845065,778389.4597178993,13523.11283339286,0.0,13523.11283339286,XGB_OD,SCENARIO,Aid_LOW__Conflict_internal_HIGH__Conflict_external_HIGH
BRA,USA,2025,,764866.3468845065,773567.2644439763,8700.917559469823,0.0,8700.917559469823,XGB_OD,SCENARIO,Aid_LOW__Conflict_internal_HIGH__Conflict_external_LOW
BRA,USA,2025,,764866.3468845065,771156.1668070148,6289.819922508304,0.0,6289.819922508304,XGB_OD,SCENARIO,Aid_LOW__Conflict_internal_LOW
BRA,USA,2025,,764866.3468845065,821789.2171832067,56922.87029870015,0.0,56922.87029870015,XGB_OD,SCENARIO,Aid_LOW__Conflict_internal_LOW__Conflict_external_HIGH
BRA,USA,2025,,764866.3468845065,788033.8502657454,23167.503381238923,0.0,23167.503381238923,XGB_OD,SCENARIO,Aid_LOW__Conflict_internal_LOW__Conflict_external_LOW
BRA,USA,2025,,764866.3468845065,827764.5461095895,62898.19922508304,0.0,62898.19922508304,XGB_OD,SCENARIO,Conflict_external_HIGH
BRA,USA,2025,,764866.3468845065,785832.4132928675,20966.066408361014,0.0,20966.066408361014,XGB_OD,SCENARIO,Conflict_external_LOW
BRA,USA,2025,,764866.3468845065,764866.3468845065,0.0,0.0,0.0,XGB_OD,SCENARIO,Conflict_internal_HIGH
BRA,USA,2025,,764866.3468845065,771156.1668070148,6289.819922508311,0.0,6289.819922508311,XGB_OD,SCENARIO,Conflict_internal_HIGH__Conflict_external_HIGH
BRA,USA,2025,,764866.3468845065,766962.9535253426,2096.606640836103,0.0,2096.606640836103,XGB_OD,SCENARIO,Conflict_internal_HIGH__Conflict_external_LOW
BRA,USA,2025,,764866.3468845065,764866.3468845065,0.0,0.0,0.0,XGB_OD,SCENARIO,Conflict_internal_LOW
BRA,USA,2025,,764866.3468845065,808895.0863420647,44028.73945755812,0.0,44028.73945755812,XGB_OD,SCENARIO,Conflict_internal_LOW__Conflict_external_HIGH
BRA,USA,2025,,764866.3468845065,779542.5933703593,14676.246485852713,0.0,14676.246485852713,XGB_OD,SCENARIO,Conflict_internal_LOW__Conflict_external_LOW
BRA,USA,2030,,833635.3468262984,,,,,XGB_OD,FORECAST,
BRA,USA,2035,,846015.7596495012,,,,,XGB_OD,FORECAST,
CAN,USA,2000,965513.0,,,,,,HIST,HIST,
CAN,USA,2005,950086.0,,,,,,HIST,HIST,
CAN,USA,2010,928127.0,,,,,,HIST,HIST,
CAN,USA,2015,955022.0,,,,,,HIST,HIST,
CAN,USA,2020,931908.0,,,,,,HIST,HIST,
CAN,USA,2024,950387.0,,,,,,HIST,HIST,
CAN,USA,2025,,934070.9337227374,,,,,XGB_OD,FORECAST,
CAN,USA,2025,,934070.9337227374,952945.3953136976,18874.461590960287,0.0,18874.461590960287,XGB_OD,SCENARIO,Aid_HIGH
CAN,USA,2025,,934070.9337227374,1062147.637375682,128076.7036529448,0.0,128076.7036529448,XGB_OD,SCENARIO,Aid_HIGH__Conflict_external_HIGH
CAN,USA,2025,,934070.9337227374,989346.1426676924,55275.20894495512,0.0,55275.20894495512,XGB_OD,SCENARIO,Aid_HIGH__Conflict_external_LOW
CAN,USA,2025,,934070.9337227374,952945.3953136976,18874.461590960287,0.0,18874.461590960287,XGB_OD,SCENARIO,Aid_HIGH__Conflict_internal_HIGH
CAN,USA,2025,,934070.9337227374,963865.619519896,29794.685797158745,0.0,29794.685797158745,XGB_OD,SCENARIO,Aid_HIGH__Conflict_internal_HIGH__Conflict_external_HIGH
CAN,USA,2025,,934070.9337227374,956585.4700490972,22514.53632635977,0.0,22514.53632635977,XGB_OD,SCENARIO,Aid_HIGH__Conflict_internal_HIGH__Conflict_external_LOW
CAN,USA,2025,,934070.9337227374,952945.3953136976,18874.461590960287,0.0,18874.461590960287,XGB_OD,SCENARIO,Aid_HIGH__Conflict_internal_LOW
CAN,USA,2025,,934070.9337227374,1029386.9647570868,95316.03103434942,0.0,95316.03103434942,XGB_OD,SCENARIO,Aid_HIGH__Conflict_internal_LOW__Conflict_external_HIGH
CAN,USA,2025,,934070.9337227374,978425.918461494,44354.98473875667,0.0,44354.98473875667,XGB_OD,SCENARIO,Aid_HIGH__Conflict_internal_LOW__Conflict_external_LOW
CAN,USA,2025,,934070.9337227374,942159.9886902918,8089.054967554408,0.0,8089.054967554408,XGB_OD,SCENARIO,Aid_LOW
CAN,USA,2025,,934070.9337227374,1035184.1208171676,101113.18709443008,0.0,101113.18709443008,XGB_OD,SCENARIO,Aid_LOW__Conflict_external_HIGH
CAN,USA,2025,,934070.9337227374,973168.0327325836,39097.09900984631,0.0,39097.09900984631,XGB_OD,SCENARIO,Aid_LOW__Conflict_external_LOW
CAN,USA,2025,,934070.9337227374,942159.9886902918,8089.054967554408,0.0,8089.054967554408,XGB_OD,SCENARIO,Aid_LOW__Conflict_internal_HIGH
CAN,USA,2025,,934070.9337227374,951462.4019029794,17391.468180241984,0.0,17391.468180241984,XGB_OD,SCENARIO,Aid_LOW__Conflict_internal_HIGH__Conflict_external_HIGH
CAN,USA,2025,,934070.9337227374,945260.7930945208,11189.8593717836,0.0,11189.8593717836,XGB_OD,SCENARIO,Aid_LOW__Conflict_internal_HIGH__Conflict_external_LOW
CAN,USA,2025,,934070.9337227374,942159.9886902918,8089.054967554408,0.0,8089.054967554408,XGB_OD,SCENARIO,Aid_LOW__Conflict_internal_LOW
CAN,USA,2025,,934070.9337227374,1007276.8811791048,73205.94745636737,0.0,73205.94745636737,XGB_OD,SCENARIO,Aid_LOW__Conflict_internal_LOW__Conflict_external_HIGH
CAN,USA,2025,,934070.9337227374,963865.619519896,29794.68579715873,0.0,29794.68579715873,XGB_OD,SCENARIO,Aid_LOW__Conflict_internal_LOW__Conflict_external_LOW
CAN,USA,2025,,934070.9337227374,1014961.4833982816,80890.54967554408,0.0,80890.54967554408,XGB_OD,SCENARIO,Conflict_external_HIGH
CAN,USA,2025,,934070.9337227374,961034.450281252,26963.516558514693,0.0,26963.516558514693,XGB_OD,SCENARIO,Conflict_external_LOW
CAN,USA,2025,,934070.9337227374,934070.9337227374,0.0,0.0,0.0,XGB_OD,SCENARIO,Conflict_internal_HIGH
CAN,USA,2025,,934070.9337227374,942159.9886902918,8089.054967554416,0.0,8089.054967554416,XGB_OD,SCENARIO,Conflict_internal_HIGH__Conflict_external_HIGH
CAN,USA,2025,,934070.9337227374,936767.2853785888,2696.351655851472,0.0,2696.351655851472,XGB_OD,SCENARIO,Conflict_internal_HIGH__Conflict_external_LOW
CAN,USA,2025,,934070.9337227374,934070.9337227374,0.0,0.0,0.0,XGB_OD,SCENARIO,Conflict_internal_LOW
CAN,USA,2025,,934070.9337227374,990694.3184956182,56623.38477288085,0.0,56623.38477288085,XGB_OD,SCENARIO,Conflict_internal_LOW__Conflict_external_HIGH
CAN,USA,2025,,934070.9337227374,952945.3953136976,18874.461590960287,0.0,18874.461590960287,XGB_OD,SCENARIO,Conflict_internal_LOW__Conflict_external_LOW
CAN,USA,2030,,934070.9337227374,,,,,XGB_OD,FORECAST,
CAN,USA,2035,,934070.9337227374,,,,,XGB_OD,FORECAST,
CHN,USA,2000,1370107.0,,,,,,HIST,HIST,
CHN,USA,2005,1562358.0,,,,,,HIST,HIST,
CHN,USA,2010,1987840.0,,,,,,HIST,HIST,
CHN,USA,2015,2487804.0,,,,,,HIST,HIST,
CHN,USA,2020,2656993.0,,,,,,HIST,HIST,
CHN,USA,2024,2893031.0,,,,,,HIST,HIST,
CHN,USA,2025,,2708577.3771346807,,,,,XGB_OD,FORECAST,
CHN,USA,2025,,2708577.3771346807,2766032.290228986,57454.91309430522,0.0,57454.91309430522,XGB_OD,SCENARIO,Aid_HIGH
CHN,USA,2025,,2708577.3771346807,3098450.0017031804,389872.6245684997,0.0,389872.6245684997,XGB_OD,SCENARIO,Aid_HIGH__Conflict_external_HIGH
CHN,USA,2025,,2708577.3771346807,2876838.1940537174,168260.8169190367,0.0,168260.8169190367,XGB_OD,SCENARIO,Aid_HIGH__Conflict_external_LOW
CHN,USA,2025,,2708577.3771346807,2766032.290228986,57454.91309430522,0.0,57454.91309430522,XGB_OD,SCENARIO,Aid_HIGH__Conflict_internal_HIGH
CHN,USA,2025,,2708577.3771346807,2799274.0613764054,90696.6842417247,0.0,90696.6842417247,XGB_OD,SCENARIO,Aid_HIGH__Conflict_internal_HIGH__Conflict_external_HIGH
CHN,USA,2025,,2708577.3771346807,2777112.8806114597,68535.50347677837,0.0,68535.50347677837,XGB_OD,SCENARIO,Aid_HIGH__Conflict_internal_HIGH__Conflict_external_LOW
CHN,USA,2025,,2708577.3771346807,2766032.290228986,57454.91309430522,0.0,57454.91309430522,XGB_OD,SCENARIO,Aid_HIGH__Conflict_internal_LOW
CHN,USA,2025,,2708577.3771346807,2998724.688260922,290147.3111262413,0.0,290147.3111262413,XGB_OD,SCENARIO,Aid_HIGH__Conflict_internal_LOW__Conflict_external_HIGH
CHN,USA,2025,,2708577.3771346807,2843596.422906298,135019.04577161727,0.0,135019.04577161727,XGB_OD,SCENARIO,Aid_HIGH__Conflict_internal_LOW__Conflict_external_LOW
CHN,USA,2025,,2708577.3771346807,2733200.9113179543,24623.534183273667,0.0,24623.534183273667,XGB_OD,SCENARIO,Aid_LOW
CHN,USA,2025,,2708577.3771346807,3016371.5544256014,307794.17729092075,0.0,307794.17729092075,XGB_OD,SCENARIO,Aid_LOW__Conflict_external_HIGH
CHN,USA,2025,,2708577.3771346807,2827591.1256871703,119013.7485524894,0.0,119013.7485524894,XGB_OD,SCENARIO,Aid_LOW__Conflict_external_LOW
CHN,USA,2025,,2708577.3771346807,2733200.9113179543,24623.534183273667,0.0,24623.534183273667,XGB_OD,SCENARIO,Aid_LOW__Conflict_internal_HIGH
CHN,USA,2025,,2708577.3771346807,2761517.975628719,52940.5984940384,0.0,52940.5984940384,XGB_OD,SCENARIO,Aid_LOW__Conflict_internal_HIGH__Conflict_external_HIGH
CHN,USA,2025,,2708577.3771346807,2742639.932754876,34062.55562019524,0.0,34062.55562019524,XGB_OD,SCENARIO,Aid_LOW__Conflict_internal_HIGH__Conflict_external_LOW
CHN,USA,2025,,2708577.3771346807,2733200.9113179543,24623.534183273667,0.0,24623.534183273667,XGB_OD,SCENARIO,Aid_LOW__Conflict_internal_LOW
CHN,USA,2025,,2708577.3771346807,2931420.361493307,222842.98435862665,0.0,222842.98435862665,XGB_OD,SCENARIO,Aid_LOW__Conflict_internal_LOW__Conflict_external_HIGH
CHN,USA,2025,,2708577.3771346807,2799274.0613764054,90696.68424172468,0.0,90696.68424172468,XGB_OD,SCENARIO,Aid_LOW__Conflict_internal_LOW__Conflict_external_LOW
CHN,USA,2025,,2708577.3771346807,2954812.7189674173,246235.34183273665,0.0,246235.34183273665,XGB_OD,SCENARIO,Conflict_external_HIGH
CHN,USA,2025,,2708577.3771346807,2790655.82441226,82078.44727757887,0.0,82078.44727757887,XGB_OD,SCENARIO,Conflict_external_LOW
CHN,USA,2025,,2708577.3771346807,2708577.3771346807,0.0,0.0,0.0,XGB_OD,SCENARIO,Conflict_internal_HIGH
CHN,USA,2025,,2708577.3771346807,2733200.9113179543,24623.53418327369,0.0,24623.53418327369,XGB_OD,SCENARIO,Conflict_internal_HIGH__Conflict_external_HIGH
CHN,USA,2025,,2708577.3771346807,2716785.2218624386,8207.844727757894,0.0,8207.844727757894,XGB_OD,SCENARIO,Conflict_internal_HIGH__Conflict_external_LOW
CHN,USA,2025,,2708577.3771346807,2708577.3771346807,0.0,0.0,0.0,XGB_OD,SCENARIO,Conflict_internal_LOW
CHN,USA,2025,,2708577.3771346807,2880942.1164175966,172364.73928291563,0.0,172364.73928291563,XGB_OD,SCENARIO,Conflict_internal_LOW__Conflict_external_HIGH
CHN,USA,2025,,2708577.3771346807,2766032.290228986,57454.91309430522,0.0,57454.91309430522,XGB_OD,SCENARIO,Conflict_internal_LOW__Conflict_external_LOW
CHN,USA,2030,,2708577.3771346807,,,,,XGB_OD,FORECAST,
CHN,USA,2035,,2708577.3771346807,,,,,XGB_OD,FORECAST,
COL,USA,2000,518413.0,,,,,,HIST,HIST,
COL,USA,2005,567340.0,,,,,,HIST,HIST,
COL,USA,2010,659397.0,,,,,,HIST,HIST,
COL,USA,2015,725904.0,,,,,,HIST,HIST,
COL,USA,2020,867302.0,,,,,,HIST,HIST,
COL,USA,2024,1008875.0,,,,,,HIST,HIST,
COL,USA,2025,,1142952.4817774475,,,,,XGB_OD,FORECAST,
COL,USA,2025,,1142952.4817774475,1162988.5012490733,20036.01947162577,0.0,20036.01947162577,XGB_OD,SCENARIO,Aid_HIGH
COL,USA,2025,,1142952.4817774475,1278911.185334908,135958.7035574606,0.0,135958.7035574606,XGB_OD,SCENARIO,Aid_HIGH__Conflict_external_HIGH
COL,USA,2025,,1142952.4817774475,1201629.3959443516,58676.91416690404,0.0,58676.91416690404,XGB_OD,SCENARIO,Aid_HIGH__Conflict_external_LOW
COL,USA,2025,,1142952.4817774475,1162988.5012490733,20036.01947162577,0.0,20036.01947162577,XGB_OD,SCENARIO,Aid_HIGH__Conflict_internal_HIGH
COL,USA,2025,,1142952.4817774475,1174580.7696576568,31628.287880209256,0.0,31628.287880209256,XGB_OD,SCENARIO,Aid_HIGH__Conflict_internal_HIGH__Conflict_external_HIGH
COL,USA,2025,,1142952.4817774475,1166852.5907186011,23900.108941153598,0.0,23900.108941153598,XGB_OD,SCENARIO,Aid_HIGH__Conflict_internal_HIGH__Conflict_external_LOW
COL,USA,2025,,1142952.4817774475,1162988.5012490733,20036.01947162577,0.0,20036.01947162577,XGB_OD,SCENARIO,Aid_HIGH__Conflict_internal_LOW
COL,USA,2025,,1142952.4817774475,1244134.3801091576,101181.89833171012,0.0,101181.89833171012,XGB_OD,SCENARIO,Aid_HIGH__Conflict_internal_LOW__Conflict_external_HIGH
COL,USA,2025,,1142952.4817774475,1190037.127535768,47084.64575832056,0.0,47084.64575832056,XGB_OD,SCENARIO,Aid_HIGH__Conflict_internal_LOW__Conflict_external_LOW
COL,USA,2025,,1142952.4817774475,1151539.347265287,8586.865487839616,0.0,8586.865487839616,XGB_OD,SCENARIO,Aid_LOW
COL,USA,2025,,1142952.4817774475,1250288.3003754427,107335.81859799517,0.0,107335.81859799517,XGB_OD,SCENARIO,Aid_LOW__Conflict_external_HIGH
COL,USA,2025,,1142952.4817774475,1184455.6649686722,41503.1831912248,0.0,41503.1831912248,XGB_OD,SCENARIO,Aid_LOW__Conflict_external_LOW
COL,USA,2025,,1142952.4817774475,1151539.347265287,8586.865487839616,0.0,8586.865487839616,XGB_OD,SCENARIO,Aid_LOW__Conflict_internal_HIGH
COL,USA,2025,,1142952.4817774475,1161414.2425763027,18461.76079885518,0.0,18461.76079885518,XGB_OD,SCENARIO,Aid_LOW__Conflict_internal_HIGH__Conflict_external_HIGH
COL,USA,2025,,1142952.4817774475,1154830.9790356257,11878.497258178137,0.0,11878.497258178137,XGB_OD,SCENARIO,Aid_LOW__Conflict_internal_HIGH__Conflict_external_LOW
COL,USA,2025,,1142952.4817774475,1151539.347265287,8586.865487839616,0.0,8586.865487839616,XGB_OD,SCENARIO,Aid_LOW__Conflict_internal_LOW
COL,USA,2025,,1142952.4817774475,1220663.614442396,77711.1326649485,0.0,77711.1326649485,XGB_OD,SCENARIO,Aid_LOW__Conflict_internal_LOW__Conflict_external_HIGH
COL,USA,2025,,1142952.4817774475,1174580.7696576568,31628.28788020925,0.0,31628.28788020925,XGB_OD,SCENARIO,Aid_LOW__Conflict_internal_LOW__Conflict_external_LOW
COL,USA,2025,,1142952.4817774475,1228821.1366558436,85868.65487839615,0.0,85868.65487839615,XGB_OD,SCENARIO,Conflict_external_HIGH
COL,USA,2025,,1142952.4817774475,1171575.3667369129,28622.884959465384,0.0,28622.884959465384,XGB_OD,SCENARIO,Conflict_external_LOW
COL,USA,2025,,1142952.4817774475,1142952.4817774475,0.0,0.0,0.0,XGB_OD,SCENARIO,Conflict_internal_HIGH
COL,USA,2025,,1142952.4817774475,1151539.347265287,8586.865487839623,0.0,8586.865487839623,XGB_OD,SCENARIO,Conflict_internal_HIGH__Conflict_external_HIGH
COL,USA,2025,,1142952.4817774475,1145814.770273394,2862.2884959465405,0.0,2862.2884959465405,XGB_OD,SCENARIO,Conflict_internal_HIGH__Conflict_external_LOW
COL,USA,2025,,1142952.4817774475,1142952.4817774475,0.0,0.0,0.0,XGB_OD,SCENARIO,Conflict_internal_LOW
COL,USA,2025,,1142952.4817774475,1203060.540192325,60108.05841487729,0.0,60108.05841487729,XGB_OD,SCENARIO,Conflict_internal_LOW__Conflict_external_HIGH
COL,USA,2025,,1142952.4817774475,1162988.5012490733,20036.01947162577,0.0,20036.01947162577,XGB_OD,SCENARIO,Conflict_internal_LOW__Conflict_external_LOW
COL,USA,2030,,1095217.6445859256,,,,,XGB_OD,FORECAST,
COL,USA,2035,,1071449.981605854,,,,,XGB_OD,FORECAST,
CUB,USA,2000,900766.0,,,,,,HIST,HIST,
CUB,USA,2005,918694.0,,,,,,HIST,HIST,
CUB,USA,2010,1102190.0,,,,,,HIST,HIST,
CUB,USA,2015,1237236.0,,,,,,HIST,HIST,
CUB,USA,2020,1346576.0,,,,,,HIST,HIST,
CUB,USA,2024,1394750.0,,,,,,HIST,HIST,
CUB,USA,2025,,1408197.316084273,,,,,XGB_OD,FORECAST,
CUB,USA,2025,,1408197.316084273,1435896.7220146903,27699.405930417644,0.0,27699.405930417644,XGB_OD,SCENARIO,Aid_HIGH
CUB,USA,2025,,1408197.316084273,1596157.570612107,187960.254527834,0.0,187960.254527834,XGB_OD,SCENARIO,Aid_HIGH__Conflict_external_HIGH
CUB,USA,2025,,1408197.316084273,1489317.004880496,81119.6887962231,0.0,81119.6887962231,XGB_OD,SCENARIO,Aid_HIGH__Conflict_external_LOW
CUB,USA,2025,,1408197.316084273,1435896.7220146903,27699.405930417644,0.0,27699.405930417644,XGB_OD,SCENARIO,Aid_HIGH__Conflict_internal_HIGH
CUB,USA,2025,,1408197.316084273,1451922.806874432,43725.49079015929,0.0,43725.49079015929,XGB_OD,SCENARIO,Aid_HIGH__Conflict_internal_HIGH__Conflict_external_HIGH
CUB,USA,2025,,1408197.316084273,1441238.7503012712,33041.43421699819,0.0,33041.43421699819,XGB_OD,SCENARIO,Aid_HIGH__Conflict_internal_HIGH__Conflict_external_LOW
CUB,USA,2025,,1408197.316084273,1435896.7220146903,27699.405930417644,0.0,27699.405930417644,XGB_OD,SCENARIO,Aid_HIGH__Conflict_internal_LOW
CUB,USA,2025,,1408197.316084273,1548079.316032882,139881.99994860907,0.0,139881.99994860907,XGB_OD,SCENARIO,Aid_HIGH__Conflict_internal_LOW__Conflict_external_HIGH
CUB,USA,2025,,1408197.316084273,1473290.9200207544,65093.60393648146,0.0,65093.60393648146,XGB_OD,SCENARIO,Aid_HIGH__Conflict_internal_LOW__Conflict_external_LOW
CUB,USA,2025,,1408197.316084273,1420068.490054452,11871.17397017899,0.0,11871.17397017899,XGB_OD,SCENARIO,Aid_LOW
CUB,USA,2025,,1408197.316084273,1556586.9907115102,148389.67462723734,0.0,148389.67462723734,XGB_OD,SCENARIO,Aid_LOW__Conflict_external_HIGH
CUB,USA,2025,,1408197.316084273,1465574.656940138,57377.34085586511,0.0,57377.34085586511,XGB_OD,SCENARIO,Aid_LOW__Conflict_external_LOW
CUB,USA,2025,,1408197.316084273,1420068.490054452,11871.17397017899,0.0,11871.17397017899,XGB_OD,SCENARIO,Aid_LOW__Conflict_internal_HIGH
CUB,USA,2025,,1408197.316084273,1433720.3401201577,25523.024035884835,0.0,25523.024035884835,XGB_OD,SCENARIO,Aid_LOW__Conflict_internal_HIGH__Conflict_external_HIGH
CUB,USA,2025,,1408197.316084273,1424619.1067430205,16421.790658747603,0.0,16421.790658747603,XGB_OD,SCENARIO,Aid_LOW__Conflict_internal_HIGH__Conflict_external_LOW
CUB,USA,2025,,1408197.316084273,1420068.490054452,11871.17397017899,0.0,11871.17397017899,XGB_OD,SCENARIO,Aid_LOW__Conflict_internal_LOW
CUB,USA,2025,,1408197.316084273,1515631.4405143927,107434.12443011985,0.0,107434.12443011985,XGB_OD,SCENARIO,Aid_LOW__Conflict_internal_LOW__Conflict_external_HIGH
CUB,USA,2025,,1408197.316084273,1451922.806874432,43725.49079015928,0.0,43725.49079015928,XGB_OD,SCENARIO,Aid_LOW__Conflict_internal_LOW__Conflict_external_LOW
CUB,USA,2025,,1408197.316084273,1526909.0557860627,118711.73970178988,0.0,118711.73970178988,XGB_OD,SCENARIO,Conflict_external_HIGH
CUB,USA,2025,,1408197.316084273,1447767.8959848697,39570.57990059663,0.0,39570.57990059663,XGB_OD,SCENARIO,Conflict_external_LOW
CUB,USA,2025,,1408197.316084273,1408197.316084273,0.0,0.0,0.0,XGB_OD,SCENARIO,Conflict_internal_HIGH
CUB,USA,2025,,1408197.316084273,1420068.490054452,11871.173970179,0.0,11871.173970179,XGB_OD,SCENARIO,Conflict_internal_HIGH__Conflict_external_HIGH
CUB,USA,2025,,1408197.316084273,1412154.3740743326,3957.057990059666,0.0,3957.057990059666,XGB_OD,SCENARIO,Conflict_internal_HIGH__Conflict_external_LOW
CUB,USA,2025,,1408197.316084273,1408197.316084273,0.0,0.0,0.0,XGB_OD,SCENARIO,Conflict_internal_LOW
CUB,USA,2025,,1408197.316084273,1491295.533875526,83098.21779125292,0.0,83098.21779125292,XGB_OD,SCENARIO,Conflict_internal_LOW__Conflict_external_HIGH
CUB,USA,2025,,1408197.316084273,1435896.7220146903,27699.405930417644,0.0,27699.405930417644,XGB_OD,SCENARIO,Conflict_internal_LOW__Conflict_external_LOW
CUB,USA,2030,,1432785.629261461,,,,,XGB_OD,FORECAST,
CUB,USA,2035,,1432785.629261461,,,,,XGB_OD,FORECAST,
DEU,USA,2000,1369572.0,,,,,,HIST,HIST,
DEU,USA,2005,1173821.0,,,,,,HIST,HIST,
DEU,USA,2010,1198784.0,,,,,,HIST,HIST,
DEU,USA,2015,1179764.0,,,,,,HIST,HIST,
DEU,USA,2020,1147641.0,,,,,,HIST,HIST,
DEU,USA,2024,1137577.0,,,,,,HIST,HIST,
DEU,USA,2025,,1123057.4027773128,,,,,XGB_OD,FORECAST,
DEU,USA,2025,,1123057.4027773128,1145649.4136037023,22592.010826389484,0.0,22592.010826389484,XGB_OD,SCENARIO,Aid_HIGH
DEU,USA,2025,,1123057.4027773128,1276360.3333849558,153302.93060764295,0.0,153302.93060764295,XGB_OD,SCENARIO,Aid_HIGH__Conflict_external_HIGH
DEU,USA,2025,,1123057.4027773128,1189219.7201974534,66162.31742014064,0.0,66162.31742014064,XGB_OD,SCENARIO,Aid_HIGH__Conflict_external_LOW
DEU,USA,2025,,1123057.4027773128,1145649.4136037023,22592.010826389484,0.0,22592.010826389484,XGB_OD,SCENARIO,Aid_HIGH__Conflict_internal_HIGH
DEU,USA,2025,,1123057.4027773128,1158720.5055818276,35663.10280451484,0.0,35663.10280451484,XGB_OD,SCENARIO,Aid_HIGH__Conflict_internal_HIGH__Conflict_external_HIGH
DEU,USA,2025,,1123057.4027773128,1150006.444263077,26949.0414857646,0.0,26949.0414857646,XGB_OD,SCENARIO,Aid_HIGH__Conflict_internal_HIGH__Conflict_external_LOW
DEU,USA,2025,,1123057.4027773128,1145649.4136037023,22592.010826389484,0.0,22592.010826389484,XGB_OD,SCENARIO,Aid_HIGH__Conflict_internal_LOW
DEU,USA,2025,,1123057.4027773128,1237147.0574505797,114089.65467326686,0.0,114089.65467326686,XGB_OD,SCENARIO,Aid_HIGH__Conflict_internal_LOW__Conflict_external_HIGH
DEU,USA,2025,,1123057.4027773128,1176148.628219328,53091.22544201528,0.0,53091.22544201528,XGB_OD,SCENARIO,Aid_HIGH__Conflict_internal_LOW__Conflict_external_LOW
DEU,USA,2025,,1123057.4027773128,1132739.6931314797,9682.290354166922,0.0,9682.290354166922,XGB_OD,SCENARIO,Aid_LOW
DEU,USA,2025,,1123057.4027773128,1244086.0322043994,121028.62942708647,0.0,121028.62942708647,XGB_OD,SCENARIO,Aid_LOW__Conflict_external_HIGH
DEU,USA,2025,,1123057.4027773128,1169855.1394891196,46797.73671180679,0.0,46797.73671180679,XGB_OD,SCENARIO,Aid_LOW__Conflict_external_LOW
DEU,USA,2025,,1123057.4027773128,1132739.6931314797,9682.290354166922,0.0,9682.290354166922,XGB_OD,SCENARIO,Aid_LOW__Conflict_internal_HIGH
DEU,USA,2025,,1123057.4027773128,1143874.3270387717,20816.924261458887,0.0,20816.924261458887,XGB_OD,SCENARIO,Aid_LOW__Conflict_internal_HIGH__Conflict_external_HIGH
DEU,USA,2025,,1123057.4027773128,1136451.2377672438,13393.83498993091,0.0,13393.83498993091,XGB_OD,SCENARIO,Aid_LOW__Conflict_internal_HIGH__Conflict_external_LOW
DEU,USA,2025,,1123057.4027773128,1132739.6931314797,9682.290354166922,0.0,9682.290354166922,XGB_OD,SCENARIO,Aid_LOW__Conflict_internal_LOW
DEU,USA,2025,,1123057.4027773128,1210682.1304825237,87624.72770521062,0.0,87624.72770521062,XGB_OD,SCENARIO,Aid_LOW__Conflict_internal_LOW__Conflict_external_HIGH
DEU,USA,2025,,1123057.4027773128,1158720.5055818276,35663.10280451483,0.0,35663.10280451483,XGB_OD,SCENARIO,Aid_LOW__Conflict_internal_LOW__Conflict_external_LOW
DEU,USA,2025,,1123057.4027773128,1219880.306318982,96822.90354166922,0.0,96822.90354166922,XGB_OD,SCENARIO,Conflict_external_HIGH
DEU,USA,2025,,1123057.4027773128,1155331.7039578692,32274.30118055641,0.0,32274.30118055641,XGB_OD,SCENARIO,Conflict_external_LOW
DEU,USA,2025,,1123057.4027773128,1123057.4027773128,0.0,0.0,0.0,XGB_OD,SCENARIO,Conflict_internal_HIGH
DEU,USA,2025,,1123057.4027773128,1132739.6931314797,9682.290354166931,0.0,9682.290354166931,XGB_OD,SCENARIO,Conflict_internal_HIGH__Conflict_external_HIGH
DEU,USA,2025,,1123057.4027773128,1126284.8328953683,3227.430118055643,0.0,3227.430118055643,XGB_OD,SCENARIO,Conflict_internal_HIGH__Conflict_external_LOW
DEU,USA,2025,,1123057.4027773128,1123057.4027773128,0.0,0.0,0.0,XGB_OD,SCENARIO,Conflict_internal_LOW
DEU,USA,2025,,1123057.4027773128,1190833.4352564812,67776.03247916844,0.0,67776.03247916844,XGB_OD,SCENARIO,Conflict_internal_LOW__Conflict_external_HIGH
DEU,USA,2025,,1123057.4027773128,1145649.4136037023,22592.010826389484,0.0,22592.010826389484,XGB_OD,SCENARIO,Conflict_internal_LOW__Conflict_external_LOW
DEU,USA,2030,,1110509.1336816726,,,,,XGB_OD,FORECAST,
DEU,USA,2035,,1120447.1230013147,,,,,XGB_OD,FORECAST,
DOM,USA,2000,673311.0,,,,,,HIST,HIST,
DOM,USA,2005,725810.0,,,,,,HIST,HIST,
DOM,USA,2010,895116.0,,,,,,HIST,HIST,
DOM,USA,2015,1099126.0,,,,,,HIST,HIST,
DOM,USA,2020,1289305.0,,,,,,HIST,HIST,
DOM,USA,2024,1483418.0,,,,,,HIST,HIST,
DOM,USA,2025,,1413452.7100995374,,,,,XGB_OD,FORECAST,
DOM,USA,2025,,1413452.7100995374,1442913.0415901188,29460.33149058133,0.0,29460.33149058133,XGB_OD,SCENARIO,Aid_HIGH
DOM,USA,2025,,1413452.7100995374,1613362.1023570537,199909.39225751616,0.0,199909.39225751616,XGB_OD,SCENARIO,Aid_HIGH__Conflict_external_HIGH
DOM,USA,2025,,1413452.7100995374,1499729.395179097,86276.68507955961,0.0,86276.68507955961,XGB_OD,SCENARIO,Aid_HIGH__Conflict_external_LOW
DOM,USA,2025,,1413452.7100995374,1442913.0415901188,29460.33149058133,0.0,29460.33149058133,XGB_OD,SCENARIO,Aid_HIGH__Conflict_internal_HIGH
DOM,USA,2025,,1413452.7100995374,1459957.9476668122,46505.23756727483,0.0,46505.23756727483,XGB_OD,SCENARIO,Aid_HIGH__Conflict_internal_HIGH__Conflict_external_HIGH
DOM,USA,2025,,1413452.7100995374,1448594.6769490163,35141.96684947916,0.0,35141.96684947916,XGB_OD,SCENARIO,Aid_HIGH__Conflict_internal_HIGH__Conflict_external_LOW
DOM,USA,2025,,1413452.7100995374,1442913.0415901188,29460.33149058133,0.0,29460.33149058133,XGB_OD,SCENARIO,Aid_HIGH__Conflict_internal_LOW
DOM,USA,2025,,1413452.7100995374,1562227.384126973,148774.67402743569,0.0,148774.67402743569,XGB_OD,SCENARIO,Aid_HIGH__Conflict_internal_LOW__Conflict_external_HIGH
DOM,USA,2025,,1413452.7100995374,1482684.4891024036,69231.77900286613,0.0,69231.77900286613,XGB_OD,SCENARIO,Aid_HIGH__Conflict_internal_LOW__Conflict_external_LOW
DOM,USA,2025,,1413452.7100995374,1426078.5664526436,12625.856353106285,0.0,12625.856353106285,XGB_OD,SCENARIO,Aid_LOW
DOM,USA,2025,,1413452.7100995374,1571275.9145133658,157823.20441382853,0.0,157823.20441382853,XGB_OD,SCENARIO,Aid_LOW__Conflict_external_HIGH
DOM,USA,2025,,1413452.7100995374,1474477.6824728844,61024.97237334704,0.0,61024.97237334704,XGB_OD,SCENARIO,Aid_LOW__Conflict_external_LOW
DOM,USA,2025,,1413452.7100995374,1426078.5664526436,12625.856353106285,0.0,12625.856353106285,XGB_OD,SCENARIO,Aid_LOW__Conflict_internal_HIGH
DOM,USA,2025,,1413452.7100995374,1440598.3012587158,27145.591159178523,0.0,27145.591159178523,XGB_OD,SCENARIO,Aid_LOW__Conflict_internal_HIGH__Conflict_external_HIGH
DOM,USA,2025,,1413452.7100995374,1430918.4780546678,17465.767955130363,0.0,17465.767955130363,XGB_OD,SCENARIO,Aid_LOW__Conflict_internal_HIGH__Conflict_external_LOW
DOM,USA,2025,,1413452.7100995374,1426078.5664526436,12625.856353106285,0.0,12625.856353106285,XGB_OD,SCENARIO,Aid_LOW__Conflict_internal_LOW
DOM,USA,2025,,1413452.7100995374,1527716.7100951492,114263.99999561186,0.0,114263.99999561186,XGB_OD,SCENARIO,Aid_LOW__Conflict_internal_LOW__Conflict_external_HIGH
DOM,USA,2025,,1413452.7100995374,1459957.9476668122,46505.23756727482,0.0,46505.23756727482,XGB_OD,SCENARIO,Aid_LOW__Conflict_internal_LOW__Conflict_external_LOW
DOM,USA,2025,,1413452.7100995374,1539711.2736306002,126258.56353106284,0.0,126258.56353106284,XGB_OD,SCENARIO,Conflict_external_HIGH
DOM,USA,2025,,1413452.7100995374,1455538.897943225,42086.187843687614,0.0,42086.187843687614,XGB_OD,SCENARIO,Conflict_external_LOW
DOM,USA,2025,,1413452.7100995374,1413452.7100995374,0.0,0.0,0.0,XGB_OD,SCENARIO,Conflict_internal_HIGH
DOM,USA,2025,,1413452.7100995374,1426078.5664526436,12625.856353106296,0.0,12625.856353106296,XGB_OD,SCENARIO,Conflict_internal_HIGH__Conflict_external_HIGH
DOM,USA,2025,,1413452.7100995374,1417661.328883906,4208.618784368765,0.0,4208.618784368765,XGB_OD,SCENARIO,Conflict_internal_HIGH__Conflict_external_LOW
DOM,USA,2025,,1413452.7100995374,1413452.7100995374,0.0,0.0,0.0,XGB_OD,SCENARIO,Conflict_internal_LOW
DOM,USA,2025,,1413452.7100995374,1501833.704571281,88380.99447174398,0.0,88380.99447174398,XGB_OD,SCENARIO,Conflict_internal_LOW__Conflict_external_HIGH
DOM,USA,2025,,1413452.7100995374,1442913.0415901188,29460.33149058133,0.0,29460.33149058133,XGB_OD,SCENARIO,Conflict_internal_LOW__Conflict_external_LOW
DOM,USA,2030,,1436315.31230533,,,,,XGB_OD,FORECAST,
DOM,USA,2035,,1436315.31230533,,,,,XGB_OD,FORECAST,
ECU,USA,2000,284853.0,,,,,,HIST,HIST,
ECU,USA,2005,350434.0,,,,,,HIST,HIST,
ECU,USA,2010,451974.0,,,,,,HIST,HIST,
ECU,USA,2015,447534.0,,,,,,HIST,HIST,
ECU,USA,2020,469786.0,,,,,,HIST,HIST,
ECU,USA,2024,561895.0,,,,,,HIST,HIST,
ECU,USA,2025,,585654.5285907065,,,,,XGB_OD,FORECAST,
ECU,USA,2025,,585654.5285907065,596813.6307203155,11159.102129608917,0.0,11159.102129608917,XGB_OD,SCENARIO,Aid_HIGH
ECU,USA,2025,,585654.5285907065,661377.0073273384,75722.47873663194,0.0,75722.47873663194,XGB_OD,SCENARIO,Aid_HIGH__Conflict_external_HIGH
ECU,USA,2025,,585654.5285907065,618334.7562559898,32680.22766528325,0.0,32680.22766528325,XGB_OD,SCENARIO,Aid_HIGH__Conflict_external_LOW
ECU,USA,2025,,585654.5285907065,596813.6307203155,11159.102129608917,0.0,11159.102129608917,XGB_OD,SCENARIO,Aid_HIGH__Conflict_internal_HIGH
ECU,USA,2025,,585654.5285907065,603269.9683810178,17615.439790311222,0.0,17615.439790311222,XGB_OD,SCENARIO,Aid_HIGH__Conflict_internal_HIGH__Conflict_external_HIGH
ECU,USA,2025,,585654.5285907065,598965.7432738829,13311.21468317635,0.0,13311.21468317635,XGB_OD,SCENARIO,Aid_HIGH__Conflict_internal_HIGH__Conflict_external_LOW
ECU,USA,2025,,585654.5285907065,596813.6307203155,11159.102129608917,0.0,11159.102129608917,XGB_OD,SCENARIO,Aid_HIGH__Conflict_internal_LOW
ECU,USA,2025,,585654.5285907065,642007.9943452316,56353.46575452501,0.0,56353.46575452501,XGB_OD,SCENARIO,Aid_HIGH__Conflict_internal_LOW__Conflict_external_HIGH
ECU,USA,2025,,585654.5285907065,611878.4185952875,26223.89000458095,0.0,26223.89000458095,XGB_OD,SCENARIO,Aid_HIGH__Conflict_internal_LOW__Conflict_external_LOW
ECU,USA,2025,,585654.5285907065,590437.0009319675,4782.472341260964,0.0,4782.472341260964,XGB_OD,SCENARIO,Aid_LOW
ECU,USA,2025,,585654.5285907065,645435.4328564686,59780.90426576204,0.0,59780.90426576204,XGB_OD,SCENARIO,Aid_LOW__Conflict_external_HIGH
ECU,USA,2025,,585654.5285907065,608769.8115734678,23115.282982761324,0.0,23115.282982761324,XGB_OD,SCENARIO,Aid_LOW__Conflict_external_LOW
ECU,USA,2025,,585654.5285907065,590437.0009319675,4782.472341260964,0.0,4782.472341260964,XGB_OD,SCENARIO,Aid_LOW__Conflict_internal_HIGH
ECU,USA,2025,,585654.5285907065,595936.8441244176,10282.315533711077,0.0,10282.315533711077,XGB_OD,SCENARIO,Aid_LOW__Conflict_internal_HIGH__Conflict_external_HIGH
ECU,USA,2025,,585654.5285907065,592270.2819961176,6615.753405411001,0.0,6615.753405411001,XGB_OD,SCENARIO,Aid_LOW__Conflict_internal_HIGH__Conflict_external_LOW
ECU,USA,2025,,585654.5285907065,590437.0009319675,4782.472341260964,0.0,4782.472341260964,XGB_OD,SCENARIO,Aid_LOW__Conflict_internal_LOW
ECU,USA,2025,,585654.5285907065,628935.9032791182,43281.37468841171,0.0,43281.37468841171,XGB_OD,SCENARIO,Aid_LOW__Conflict_internal_LOW__Conflict_external_HIGH
ECU,USA,2025,,585654.5285907065,603269.9683810178,17615.439790311215,0.0,17615.439790311215,XGB_OD,SCENARIO,Aid_LOW__Conflict_internal_LOW__Conflict_external_LOW
ECU,USA,2025,,585654.5285907065,633479.2520033162,47824.72341260964,0.0,47824.72341260964,XGB_OD,SCENARIO,Conflict_external_HIGH
ECU,USA,2025,,585654.5285907065,601596.1030615764,15941.574470869878,0.0,15941.574470869878,XGB_OD,SCENARIO,Conflict_external_LOW
ECU,USA,2025,,585654.5285907065,585654.5285907065,0.0,0.0,0.0,XGB_OD,SCENARIO,Conflict_internal_HIGH
ECU,USA,2025,,585654.5285907065,590437.0009319675,4782.472341260968,0.0,4782.472341260968,XGB_OD,SCENARIO,Conflict_internal_HIGH__Conflict_external_HIGH
ECU,USA,2025,,585654.5285907065,587248.6860377935,1594.1574470869891,0.0,1594.1574470869891,XGB_OD,SCENARIO,Conflict_internal_HIGH__Conflict_external_LOW
ECU,USA,2025,,585654.5285907065,585654.5285907065,0.0,0.0,0.0,XGB_OD,SCENARIO,Conflict_internal_LOW
ECU,USA,2025,,585654.5285907065,619131.8349795332,33477.30638882674,0.0,33477.30638882674,XGB_OD,SCENARIO,Conflict_internal_LOW__Conflict_external_HIGH
ECU,USA,2025,,585654.5285907065,596813.6307203155,11159.102129608917,0.0,11159.102129608917,XGB_OD,SCENARIO,Conflict_internal_LOW__Conflict_external_LOW
ECU,USA,2030,,574449.6280535591,,,,,XGB_OD,FORECAST,
ECU,USA,2035,,574449.6280535591,,,,,XGB_OD,FORECAST,
EGY,USA,2000,114611.0,,,,,,HIST,HIST,
EGY,USA,2005,133243.0,,,,,,HIST,HIST,
EGY,USA,2010,148183.0,,,,,,HIST,HIST,
EGY,USA,2015,192005.0,,,,,,HIST,HIST,
EGY,USA,2020,229880.0,,,,,,HIST,HIST,
EGY,USA,2024,262714.0,,,,,,HIST,HIST,
EGY,USA,2025,,265850.481696163,,,,,XGB_OD,FORECAST,
EGY,USA,2025,,265850.481696163,271067.9197528783,5217.438056715321,0.0,5217.438056715321,XGB_OD,SCENARIO,Aid_HIGH
EGY,USA,2025,,265850.481696163,301254.5256524456,35404.04395628254,0.0,35404.04395628254,XGB_OD,SCENARIO,Aid_HIGH__Conflict_external_HIGH
EGY,USA,2025,,265850.481696163,281130.12171940075,15279.640023237724,0.0,15279.640023237724,XGB_OD,SCENARIO,Aid_HIGH__Conflict_external_LOW
EGY,USA,2025,,265850.481696163,271067.9197528783,5217.438056715321,0.0,5217.438056715321,XGB_OD,SCENARIO,Aid_HIGH__Conflict_internal_HIGH
EGY,USA,2025,,265850.481696163,274086.58034283505,8236.098646672044,0.0,8236.098646672044,XGB_OD,SCENARIO,Aid_HIGH__Conflict_internal_HIGH__Conflict_external_HIGH
EGY,USA,2025,,265850.481696163,272074.1399495306,6223.658253367561,0.0,6223.658253367561,XGB_OD,SCENARIO,Aid_HIGH__Conflict_internal_HIGH__Conflict_external_LOW
EGY,USA,2025,,265850.481696163,271067.9197528783,5217.438056715321,0.0,5217.438056715321,XGB_OD,SCENARIO,Aid_HIGH__Conflict_internal_LOW
EGY,USA,2025,,265850.481696163,292198.5438825753,26348.062186412364,0.0,26348.062186412364,XGB_OD,SCENARIO,Aid_HIGH__Conflict_internal_LOW__Conflict_external_HIGH
EGY,USA,2025,,265850.481696163,278111.461129444,12260.979433281003,0.0,12260.979433281003,XGB_OD,SCENARIO,Aid_HIGH__Conflict_internal_LOW__Conflict_external_LOW
EGY,USA,2025,,265850.481696163,268086.52657761244,2236.0448814494234,0.0,2236.0448814494234,XGB_OD,SCENARIO,Aid_LOW
EGY,USA,2025,,265850.481696163,293801.0427142808,27950.561018117784,0.0,27950.561018117784,XGB_OD,SCENARIO,Aid_LOW__Conflict_external_HIGH
EGY,USA,2025,,265850.481696163,276658.0319565019,10807.55026033888,0.0,10807.55026033888,XGB_OD,SCENARIO,Aid_LOW__Conflict_external_LOW
EGY,USA,2025,,265850.481696163,268086.52657761244,2236.0448814494234,0.0,2236.0448814494234,XGB_OD,SCENARIO,Aid_LOW__Conflict_internal_HIGH
EGY,USA,2025,,265850.481696163,270657.9781912793,4807.496495116262,0.0,4807.496495116262,XGB_OD,SCENARIO,Aid_LOW__Conflict_internal_HIGH__Conflict_external_HIGH
EGY,USA,2025,,265850.481696163,268943.67711550137,3093.195419338369,0.0,3093.195419338369,XGB_OD,SCENARIO,Aid_LOW__Conflict_internal_HIGH__Conflict_external_LOW
EGY,USA,2025,,265850.481696163,268086.52657761244,2236.0448814494234,0.0,2236.0448814494234,XGB_OD,SCENARIO,Aid_LOW__Conflict_internal_LOW
EGY,USA,2025,,265850.481696163,286086.68787328026,20236.206177117278,0.0,20236.206177117278,XGB_OD,SCENARIO,Aid_LOW__Conflict_internal_LOW__Conflict_external_HIGH
EGY,USA,2025,,265850.481696163,274086.58034283505,8236.098646672042,0.0,8236.098646672042,XGB_OD,SCENARIO,Aid_LOW__Conflict_internal_LOW__Conflict_external_LOW
EGY,USA,2025,,265850.481696163,288210.93051065726,22360.448814494237,0.0,22360.448814494237,XGB_OD,SCENARIO,Conflict_external_HIGH
EGY,USA,2025,,265850.481696163,273303.96463432774,7453.482938164744,0.0,7453.482938164744,XGB_OD,SCENARIO,Conflict_external_LOW
EGY,USA,2025,,265850.481696163,265850.481696163,0.0,0.0,0.0,XGB_OD,SCENARIO,Conflict_internal_HIGH
EGY,USA,2025,,265850.481696163,268086.52657761244,2236.044881449425,0.0,2236.044881449425,XGB_OD,SCENARIO,Conflict_internal_HIGH__Conflict_external_HIGH
EGY,USA,2025,,265850.481696163,266595.8299899795,745.348293816475,0.0,745.348293816475,XGB_OD,SCENARIO,Conflict_internal_HIGH__Conflict_external_LOW
EGY,USA,2025,,265850.481696163,265850.481696163,0.0,0.0,0.0,XGB_OD,SCENARIO,Conflict_internal_LOW
EGY,USA,2025,,265850.481696163,281502.79586630897,15652.31417014596,0.0,15652.31417014596,XGB_OD,SCENARIO,Conflict_internal_LOW__Conflict_external_HIGH
EGY,USA,2025,,265850.481696163,271067.9197528783,5217.438056715321,0.0,5217.438056715321,XGB_OD,SCENARIO,Conflict_internal_LOW__Conflict_external_LOW
EGY,USA,2030,,275556.4033927001,,,,,XGB_OD,FORECAST,
EGY,USA,2035,,274467.97180664475,,,,,XGB_OD,FORECAST,
ESP,USA,2000,112414.0,,,,,,HIST,HIST,
ESP,USA,2005,114571.0,,,,,,HIST,HIST,
ESP,USA,2010,127257.0,,,,,,HIST,HIST,
ESP,USA,2015,141349.0,,,,,,HIST,HIST,
ESP,USA,2020,155463.0,,,,,,HIST,HIST,
ESP,USA,2024,168755.0,,,,,,HIST,HIST,
ESP,USA,2025,,170338.44134206578,,,,,XGB_OD,FORECAST,
ESP,USA,2025,,170338.44134206578,173689.87582694663,3351.434484880844,0.0,3351.434484880844,XGB_OD,SCENARIO,Aid_HIGH
ESP,USA,2025,,170338.44134206578,193080.31820375723,22741.87686169144,0.0,22741.87686169144,XGB_OD,SCENARIO,Aid_HIGH__Conflict_external_HIGH
ESP,USA,2025,,170338.44134206578,180153.3566192168,9814.915277151042,0.0,9814.915277151042,XGB_OD,SCENARIO,Aid_HIGH__Conflict_external_LOW
ESP,USA,2025,,170338.44134206578,173689.87582694663,3351.434484880844,0.0,3351.434484880844,XGB_OD,SCENARIO,Aid_HIGH__Conflict_internal_HIGH
ESP,USA,2025,,170338.44134206578,175628.9200646277,5290.478722561905,0.0,5290.478722561905,XGB_OD,SCENARIO,Aid_HIGH__Conflict_internal_HIGH__Conflict_external_HIGH
ESP,USA,2025,,170338.44134206578,174336.22390617363,3997.782564107864,0.0,3997.782564107864,XGB_OD,SCENARIO,Aid_HIGH__Conflict_internal_HIGH__Conflict_external_LOW
ESP,USA,2025,,170338.44134206578,173689.87582694663,3351.434484880844,0.0,3351.434484880844,XGB_OD,SCENARIO,Aid_HIGH__Conflict_internal_LOW
ESP,USA,2025,,170338.44134206578,187263.18549071404,16924.744148648257,0.0,16924.744148648257,XGB_OD,SCENARIO,Aid_HIGH__Conflict_internal_LOW__Conflict_external_HIGH
ESP,USA,2025,,170338.44134206578,178214.31238153577,7875.871039469982,0.0,7875.871039469982,XGB_OD,SCENARIO,Aid_HIGH__Conflict_internal_LOW__Conflict_external_LOW
ESP,USA,2025,,170338.44134206578,171774.7704070147,1436.329064948933,0.0,1436.329064948933,XGB_OD,SCENARIO,Aid_LOW
ESP,USA,2025,,170338.44134206578,188292.55465392745,17954.113311861656,0.0,17954.113311861656,XGB_OD,SCENARIO,Aid_LOW__Conflict_external_HIGH
ESP,USA,2025,,170338.44134206578,177280.69848931895,6942.257147253175,0.0,6942.257147253175,XGB_OD,SCENARIO,Aid_LOW__Conflict_external_LOW
ESP,USA,2025,,170338.44134206578,171774.7704070147,1436.329064948933,0.0,1436.329064948933,XGB_OD,SCENARIO,Aid_LOW__Conflict_internal_HIGH
ESP,USA,2025,,170338.44134206578,173426.548831706,3088.107489640207,0.0,3088.107489640207,XGB_OD,SCENARIO,Aid_LOW__Conflict_internal_HIGH__Conflict_external_HIGH
ESP,USA,2025,,170338.44134206578,172325.36321524513,1986.9218731793571,0.0,1986.9218731793571,XGB_OD,SCENARIO,Aid_LOW__Conflict_internal_HIGH__Conflict_external_LOW
ESP,USA,2025,,170338.44134206578,171774.7704070147,1436.329064948933,0.0,1436.329064948933,XGB_OD,SCENARIO,Aid_LOW__Conflict_internal_LOW
ESP,USA,2025,,170338.44134206578,183337.21937985363,12998.77803778784,0.0,12998.77803778784,XGB_OD,SCENARIO,Aid_LOW__Conflict_internal_LOW__Conflict_external_HIGH
ESP,USA,2025,,170338.44134206578,175628.9200646277,5290.478722561903,0.0,5290.478722561903,XGB_OD,SCENARIO,Aid_LOW__Conflict_internal_LOW__Conflict_external_LOW
ESP,USA,2025,,170338.44134206578,184701.7319915551,14363.290649489329,0.0,14363.290649489329,XGB_OD,SCENARIO,Conflict_external_HIGH
ESP,USA,2025,,170338.44134206578,175126.20489189556,4787.763549829776,0.0,4787.763549829776,XGB_OD,SCENARIO,Conflict_external_LOW
ESP,USA,2025,,170338.44134206578,170338.44134206578,0.0,0.0,0.0,XGB_OD,SCENARIO,Conflict_internal_HIGH
ESP,USA,2025,,170338.44134206578,171774.7704070147,1436.3290649489345,0.0,1436.3290649489345,XGB_OD,SCENARIO,Conflict_internal_HIGH__Conflict_external_HIGH
ESP,USA,2025,,170338.44134206578,170817.21769704876,478.776354982978,0.0,478.776354982978,XGB_OD,SCENARIO,Conflict_internal_HIGH__Conflict_external_LOW
ESP,USA,2025,,170338.44134206578,170338.44134206578,0.0,0.0,0.0,XGB_OD,SCENARIO,Conflict_internal_LOW
ESP,USA,2025,,170338.44134206578,180392.7447967083,10054.303454642528,0.0,10054.303454642528,XGB_OD,SCENARIO,Conflict_internal_LOW__Conflict_external_HIGH
ESP,USA,2025,,170338.44134206578,173689.87582694663,3351.434484880844,0.0,3351.434484880844,XGB_OD,SCENARIO,Conflict_internal_LOW__Conflict_external_LOW
ESP,USA,2030,,172567.39460006155,,,,,XGB_OD,FORECAST,
ESP,USA,2035,,173031.29294942386,,,,,XGB_OD,FORECAST,
ETH,USA,2000,74613.0,,,,,,HIST,HIST,
ETH,USA,2005,112568.0,,,,,,HIST,HIST,
ETH,USA,2010,171081.0,,,,,,HIST,HIST,
ETH,USA,2015,237172.0,,,,,,HIST,HIST,
ETH,USA,2020,285055.0,,,,,,HIST,HIST,
ETH,USA,2024,363811.0,,,,,,HIST,HIST,
ETH,USA,2025,,366452.3233399234,,,,,XGB_OD,FORECAST,
ETH,USA,2025,,366452.3233399234,373677.523964373,7225.200624449608,0.0,7225.200624449608,XGB_OD,SCENARIO,Aid_HIGH
ETH,USA,2025,,366452.3233399234,415480.4704344029,49028.147094479486,0.0,49028.147094479486,XGB_OD,SCENARIO,Aid_HIGH__Conflict_external_HIGH
ETH,USA,2025,,366452.3233399234,387611.83945438295,21159.51611445957,0.0,21159.51611445957,XGB_OD,SCENARIO,Aid_HIGH__Conflict_external_LOW
ETH,USA,2025,,366452.3233399234,373677.523964373,7225.200624449608,0.0,7225.200624449608,XGB_OD,SCENARIO,Aid_HIGH__Conflict_internal_HIGH
ETH,USA,2025,,366452.3233399234,377857.818611376,11405.4952714526,0.0,11405.4952714526,XGB_OD,SCENARIO,Aid_HIGH__Conflict_internal_HIGH__Conflict_external_HIGH
ETH,USA,2025,,366452.3233399234,375070.955513374,8618.632173450604,0.0,8618.632173450604,XGB_OD,SCENARIO,Aid_HIGH__Conflict_internal_HIGH__Conflict_external_LOW
ETH,USA,2025,,366452.3233399234,373677.523964373,7225.200624449608,0.0,7225.200624449608,XGB_OD,SCENARIO,Aid_HIGH__Conflict_internal_LOW
ETH,USA,2025,,366452.3233399234,402939.58649339393,36487.26315347051,0.0,36487.26315347051,XGB_OD,SCENARIO,Aid_HIGH__Conflict_internal_LOW__Conflict_external_HIGH
ETH,USA,2025,,366452.3233399234,383431.54480738,16979.221467456577,0.0,16979.221467456577,XGB_OD,SCENARIO,Aid_HIGH__Conflict_internal_LOW__Conflict_external_LOW
ETH,USA,2025,,366452.3233399234,369548.83789325895,3096.514553335546,0.0,3096.514553335546,XGB_OD,SCENARIO,Aid_LOW
ETH,USA,2025,,366452.3233399234,405158.7552566177,38706.43191669432,0.0,38706.43191669432,XGB_OD,SCENARIO,Aid_LOW__Conflict_external_HIGH
ETH,USA,2025,,366452.3233399234,381418.8103477119,14966.487007788472,0.0,14966.487007788472,XGB_OD,SCENARIO,Aid_LOW__Conflict_external_LOW
ETH,USA,2025,,366452.3233399234,369548.83789325895,3096.514553335546,0.0,3096.514553335546,XGB_OD,SCENARIO,Aid_LOW__Conflict_internal_HIGH
ETH,USA,2025,,366452.3233399234,373109.8296295948,6657.506289671426,0.0,6657.506289671426,XGB_OD,SCENARIO,Aid_LOW__Conflict_internal_HIGH__Conflict_external_HIGH
ETH,USA,2025,,366452.3233399234,370735.8351387042,4283.511798780839,0.0,4283.511798780839,XGB_OD,SCENARIO,Aid_LOW__Conflict_internal_HIGH__Conflict_external_LOW
ETH,USA,2025,,366452.3233399234,369548.83789325895,3096.514553335546,0.0,3096.514553335546,XGB_OD,SCENARIO,Aid_LOW__Conflict_internal_LOW
ETH,USA,2025,,366452.3233399234,394475.7800476101,28023.456707686684,0.0,28023.456707686684,XGB_OD,SCENARIO,Aid_LOW__Conflict_internal_LOW__Conflict_external_HIGH
ETH,USA,2025,,366452.3233399234,377857.818611376,11405.495271452595,0.0,11405.495271452595,XGB_OD,SCENARIO,Aid_LOW__Conflict_internal_LOW__Conflict_external_LOW
ETH,USA,2025,,366452.3233399234,397417.4688732789,30965.145533355462,0.0,30965.145533355462,XGB_OD,SCENARIO,Conflict_external_HIGH
ETH,USA,2025,,366452.3233399234,376774.0385177085,10321.715177785154,0.0,10321.715177785154,XGB_OD,SCENARIO,Conflict_external_LOW
ETH,USA,2025,,366452.3233399234,366452.3233399234,0.0,0.0,0.0,XGB_OD,SCENARIO,Conflict_internal_HIGH
ETH,USA,2025,,366452.3233399234,369548.83789325895,3096.5145533355494,0.0,3096.5145533355494,XGB_OD,SCENARIO,Conflict_internal_HIGH__Conflict_external_HIGH
ETH,USA,2025,,366452.3233399234,367484.49485770194,1032.171517778516,0.0,1032.171517778516,XGB_OD,SCENARIO,Conflict_internal_HIGH__Conflict_external_LOW
ETH,USA,2025,,366452.3233399234,366452.3233399234,0.0,0.0,0.0,XGB_OD,SCENARIO,Conflict_internal_LOW
ETH,USA,2025,,366452.3233399234,388127.9252132722,21675.60187334882,0.0,21675.60187334882,XGB_OD,SCENARIO,Conflict_internal_LOW__Conflict_external_HIGH
ETH,USA,2025,,366452.3233399234,373677.523964373,7225.200624449608,0.0,7225.200624449608,XGB_OD,SCENARIO,Conflict_internal_LOW__Conflict_external_LOW
ETH,USA,2030,,387905.9369810168,,,,,XGB_OD,FORECAST,
ETH,USA,2035,,387905.9369810168,,,,,XGB_OD,FORECAST,
FRA,USA,2000,204122.0,,,,,,HIST,HIST,
FRA,USA,2005,196697.0,,,,,,HIST,HIST,
FRA,USA,2010,204225.0,,,,,,HIST,HIST,
FRA,USA,2015,229140.0,,,,,,HIST,HIST,
FRA,USA,2020,232437.0,,,,,,HIST,HIST,
FRA,USA,2024,253094.0,,,,,,HIST,HIST,
FRA,USA,2025,,253003.87004740743,,,,,XGB_OD,FORECAST,
FRA,USA,2025,,253003.87004740743,258030.25717381216,5026.3871264047375,0.0,5026.3871264047375,XGB_OD,SCENARIO,Aid_HIGH
FRA,USA,2025,,253003.87004740743,287111.49697658245,34107.62692917501,0.0,34107.62692917501,XGB_OD,SCENARIO,Aid_HIGH__Conflict_external_HIGH
FRA,USA,2025,,253003.87004740743,267724.0037747356,14720.13372732816,0.0,14720.13372732816,XGB_OD,SCENARIO,Aid_HIGH__Conflict_external_LOW
FRA,USA,2025,,253003.87004740743,258030.25717381216,5026.3871264047375,0.0,5026.3871264047375,XGB_OD,SCENARIO,Aid_HIGH__Conflict_internal_HIGH
FRA,USA,2025,,253003.87004740743,260938.3811540892,7934.511106681766,0.0,7934.511106681766,XGB_OD,SCENARIO,Aid_HIGH__Conflict_internal_HIGH__Conflict_external_HIGH
FRA,USA,2025,,253003.87004740743,258999.6318339045,5995.76178649708,0.0,5995.76178649708,XGB_OD,SCENARIO,Aid_HIGH__Conflict_internal_HIGH__Conflict_external_LOW
FRA,USA,2025,,253003.87004740743,258030.25717381216,5026.3871264047375,0.0,5026.3871264047375,XGB_OD,SCENARIO,Aid_HIGH__Conflict_internal_LOW
FRA,USA,2025,,253003.87004740743,278387.1250357513,25383.25498834392,0.0,25383.25498834392,XGB_OD,SCENARIO,Aid_HIGH__Conflict_internal_LOW__Conflict_external_HIGH
FRA,USA,2025,,253003.87004740743,264815.87979445857,11812.009747051132,0.0,11812.009747051132,XGB_OD,SCENARIO,Aid_HIGH__Conflict_internal_LOW__Conflict_external_LOW
FRA,USA,2025,,253003.87004740743,255158.03595872372,2154.165911316316,0.0,2154.165911316316,XGB_OD,SCENARIO,Aid_LOW
FRA,USA,2025,,253003.87004740743,279930.94393886137,26927.073891453943,0.0,26927.073891453943,XGB_OD,SCENARIO,Aid_LOW__Conflict_external_HIGH
FRA,USA,2025,,253003.87004740743,263415.671952103,10411.801904695529,0.0,10411.801904695529,XGB_OD,SCENARIO,Aid_LOW__Conflict_external_LOW
FRA,USA,2025,,253003.87004740743,255158.03595872372,2154.165911316316,0.0,2154.165911316316,XGB_OD,SCENARIO,Aid_LOW__Conflict_internal_HIGH
FRA,USA,2025,,253003.87004740743,257635.32675673752,4631.456709330081,0.0,4631.456709330081,XGB_OD,SCENARIO,Aid_LOW__Conflict_internal_HIGH__Conflict_external_HIGH
FRA,USA,2025,,253003.87004740743,255983.79955806167,2979.9295106542377,0.0,2979.9295106542377,XGB_OD,SCENARIO,Aid_LOW__Conflict_internal_HIGH__Conflict_external_LOW
FRA,USA,2025,,253003.87004740743,255158.03595872372,2154.165911316316,0.0,2154.165911316316,XGB_OD,SCENARIO,Aid_LOW__Conflict_internal_LOW
FRA,USA,2025,,253003.87004740743,272499.0715448201,19495.20149741265,0.0,19495.20149741265,XGB_OD,SCENARIO,Aid_LOW__Conflict_internal_LOW__Conflict_external_HIGH
FRA,USA,2025,,253003.87004740743,260938.3811540892,7934.5111066817635,0.0,7934.5111066817635,XGB_OD,SCENARIO,Aid_LOW__Conflict_internal_LOW__Conflict_external_LOW
FRA,USA,2025,,253003.87004740743,274545.5291605706,21541.65911316316,0.0,21541.65911316316,XGB_OD,SCENARIO,Conflict_external_HIGH
FRA,USA,2025,,253003.87004740743,260184.42308512848,7180.553037721053,0.0,7180.553037721053,XGB_OD,SCENARIO,Conflict_external_LOW
FRA,USA,2025,,253003.87004740743,253003.87004740743,0.0,0.0,0.0,XGB_OD,SCENARIO,Conflict_internal_HIGH
FRA,USA,2025,,253003.87004740743,255158.03595872372,2154.165911316318,0.0,2154.165911316318,XGB_OD,SCENARIO,Conflict_internal_HIGH__Conflict_external_HIGH
FRA,USA,2025,,253003.87004740743,253721.92535117955,718.0553037721058,0.0,718.0553037721058,XGB_OD,SCENARIO,Conflict_internal_HIGH__Conflict_external_LOW
FRA,USA,2025,,253003.87004740743,253003.87004740743,0.0,0.0,0.0,XGB_OD,SCENARIO,Conflict_internal_LOW
FRA,USA,2025,,253003.87004740743,268083.03142662166,15079.161379214209,0.0,15079.161379214209,XGB_OD,SCENARIO,Conflict_internal_LOW__Conflict_external_HIGH
FRA,USA,2025,,253003.87004740743,258030.25717381216,5026.3871264047375,0.0,5026.3871264047375,XGB_OD,SCENARIO,Conflict_internal_LOW__Conflict_external_LOW
FRA,USA,2030,,252380.43707100168,,,,,XGB_OD,FORECAST,
FRA,USA,2035,,252380.43707100168,,,,,XGB_OD,FORECAST,
GBR,USA,2000,847673.0,,,,,,HIST,HIST,
GBR,USA,2005,826320.0,,,,,,HIST,HIST,
GBR,USA,2010,848418.0,,,,,,HIST,HIST,
GBR,USA,2015,860900.0,,,,,,HIST,HIST,
GBR,USA,2020,883111.0,,,,,,HIST,HIST,
GBR,USA,2024,894789.0,,,,,,HIST,HIST,
GBR,USA,2025,,876370.2772550655,,,,,XGB_OD,FORECAST,
GBR,USA,2025,,876370.2772550655,894140.5756835097,17770.29842844418,0.0,17770.29842844418,XGB_OD,SCENARIO,Aid_HIGH
GBR,USA,2025,,876370.2772550655,996954.4451623652,120584.1679072998,0.0,120584.1679072998,XGB_OD,SCENARIO,Aid_HIGH__Conflict_external_HIGH
GBR,USA,2025,,876370.2772550655,928411.8655097948,52041.58825472938,0.0,52041.58825472938,XGB_OD,SCENARIO,Aid_HIGH__Conflict_external_LOW
GBR,USA,2025,,876370.2772550655,894140.5756835097,17770.29842844418,0.0,17770.29842844418,XGB_OD,SCENARIO,Aid_HIGH__Conflict_internal_HIGH
GBR,USA,2025,,876370.2772550655,904421.9626313952,28051.685376329748,0.0,28051.685376329748,XGB_OD,SCENARIO,Aid_HIGH__Conflict_internal_HIGH__Conflict_external_HIGH
GBR,USA,2025,,876370.2772550655,897567.7046661382,21197.4274110727,0.0,21197.4274110727,XGB_OD,SCENARIO,Aid_HIGH__Conflict_internal_HIGH__Conflict_external_LOW
GBR,USA,2025,,876370.2772550655,894140.5756835097,17770.29842844418,0.0,17770.29842844418,XGB_OD,SCENARIO,Aid_HIGH__Conflict_internal_LOW
GBR,USA,2025,,876370.2772550655,966110.2843187086,89740.00706364308,0.0,89740.00706364308,XGB_OD,SCENARIO,Aid_HIGH__Conflict_internal_LOW__Conflict_external_HIGH
GBR,USA,2025,,876370.2772550655,918130.4785619092,41760.20130684382,0.0,41760.20130684382,XGB_OD,SCENARIO,Aid_HIGH__Conflict_internal_LOW__Conflict_external_LOW
GBR,USA,2025,,876370.2772550655,883986.1194386844,7615.842183618934,0.0,7615.842183618934,XGB_OD,SCENARIO,Aid_LOW
GBR,USA,2025,,876370.2772550655,971568.3045503022,95198.02729523664,0.0,95198.02729523664,XGB_OD,SCENARIO,Aid_LOW__Conflict_external_HIGH
GBR,USA,2025,,876370.2772550655,913180.1811425572,36809.90388749151,0.0,36809.90388749151,XGB_OD,SCENARIO,Aid_LOW__Conflict_external_LOW
GBR,USA,2025,,876370.2772550655,883986.1194386844,7615.842183618934,0.0,7615.842183618934,XGB_OD,SCENARIO,Aid_LOW__Conflict_internal_HIGH
GBR,USA,2025,,876370.2772550655,892744.3379498462,16374.060694780714,0.0,16374.060694780714,XGB_OD,SCENARIO,Aid_LOW__Conflict_internal_HIGH__Conflict_external_HIGH
GBR,USA,2025,,876370.2772550655,886905.5256090717,10535.248354006191,0.0,10535.248354006191,XGB_OD,SCENARIO,Aid_LOW__Conflict_internal_HIGH__Conflict_external_LOW
GBR,USA,2025,,876370.2772550655,883986.1194386844,7615.842183618934,0.0,7615.842183618934,XGB_OD,SCENARIO,Aid_LOW__Conflict_internal_LOW
GBR,USA,2025,,876370.2772550655,945293.6490168168,68923.37176175133,0.0,68923.37176175133,XGB_OD,SCENARIO,Aid_LOW__Conflict_internal_LOW__Conflict_external_HIGH
GBR,USA,2025,,876370.2772550655,904421.9626313952,28051.68537632974,0.0,28051.68537632974,XGB_OD,SCENARIO,Aid_LOW__Conflict_internal_LOW__Conflict_external_LOW
GBR,USA,2025,,876370.2772550655,952528.6990912548,76158.42183618933,0.0,76158.42183618933,XGB_OD,SCENARIO,Conflict_external_HIGH
GBR,USA,2025,,876370.2772550655,901756.4178671286,25386.14061206311,0.0,25386.14061206311,XGB_OD,SCENARIO,Conflict_external_LOW
GBR,USA,2025,,876370.2772550655,876370.2772550655,0.0,0.0,0.0,XGB_OD,SCENARIO,Conflict_internal_HIGH
GBR,USA,2025,,876370.2772550655,883986.1194386844,7615.842183618941,0.0,7615.842183618941,XGB_OD,SCENARIO,Conflict_internal_HIGH__Conflict_external_HIGH
GBR,USA,2025,,876370.2772550655,878908.8913162719,2538.614061206313,0.0,2538.614061206313,XGB_OD,SCENARIO,Conflict_internal_HIGH__Conflict_external_LOW
GBR,USA,2025,,876370.2772550655,876370.2772550655,0.0,0.0,0.0,XGB_OD,SCENARIO,Conflict_internal_LOW
GBR,USA,2025,,876370.2772550655,929681.172540398,53310.895285332525,0.0,53310.895285332525,XGB_OD,SCENARIO,Conflict_internal_LOW__Conflict_external_HIGH
GBR,USA,2025,,876370.2772550655,894140.5756835097,17770.29842844418,0.0,17770.29842844418,XGB_OD,SCENARIO,Conflict_internal_LOW__Conflict_external_LOW
GBR,USA,2030,,876370.2772550655,,,,,XGB_OD,FORECAST,
GBR,USA,2035,,876370.2772550655,,,,,XGB_OD,FORECAST,
GHA,USA,2000,66569.0,,,,,,HIST,HIST,
GHA,USA,2005,78299.0,,,,,,HIST,HIST,
GHA,USA,2010,126455.0,,,,,,HIST,HIST,
GHA,USA,2015,162903.0,,,,,,HIST,HIST,
GHA,USA,2020,210738.0,,,,,,HIST,HIST,
GHA,USA,2024,258358.0,,,,,,HIST,HIST,
GHA,USA,2025,,260549.86966392916,,,,,XGB_OD,FORECAST,
GHA,USA,2025,,260549.8696639292,265680.798588375,5130.9289244458005,0.0,5130.9289244458005,XGB_OD,SCENARIO,Aid_HIGH
GHA,USA,2025,,260549.8696639292,295366.88736552565,34817.01770159651,0.0,34817.01770159651,XGB_OD,SCENARIO,Aid_HIGH__Conflict_external_HIGH
GHA,USA,2025,,260549.8696639292,275576.1615140919,15026.2918501627,0.0,15026.2918501627,XGB_OD,SCENARIO,Aid_HIGH__Conflict_external_LOW
GHA,USA,2025,,260549.8696639292,265680.798588375,5130.9289244458005,0.0,5130.9289244458005,XGB_OD,SCENARIO,Aid_HIGH__Conflict_internal_HIGH
GHA,USA,2025,,260549.8696639292,268649.40746609005,8099.537802160873,0.0,8099.537802160873,XGB_OD,SCENARIO,Aid_HIGH__Conflict_internal_HIGH__Conflict_external_HIGH
GHA,USA,2025,,260549.8696639292,266670.33488094667,6120.46521701749,0.0,6120.46521701749,XGB_OD,SCENARIO,Aid_HIGH__Conflict_internal_HIGH__Conflict_external_LOW
GHA,USA,2025,,260549.8696639292,265680.798588375,5130.9289244458005,0.0,5130.9289244458005,XGB_OD,SCENARIO,Aid_HIGH__Conflict_internal_LOW
GHA,USA,2025,,260549.8696639292,286461.0607323804,25911.191068451284,0.0,25911.191068451284,XGB_OD,SCENARIO,Aid_HIGH__Conflict_internal_LOW__Conflict_external_HIGH
GHA,USA,2025,,260549.8696639292,272607.5526363768,12057.68297244763,0.0,12057.68297244763,XGB_OD,SCENARIO,Aid_HIGH__Conflict_internal_LOW__Conflict_external_LOW
GHA,USA,2025,,260549.8696639292,262748.83920297737,2198.9695390482,0.0,2198.9695390482,XGB_OD,SCENARIO,Aid_LOW
GHA,USA,2025,,260549.8696639292,288036.9889020317,27487.119238102496,0.0,27487.119238102496,XGB_OD,SCENARIO,Aid_LOW__Conflict_external_HIGH
GHA,USA,2025,,260549.8696639292,271178.22243599547,10628.3527720663,0.0,10628.3527720663,XGB_OD,SCENARIO,Aid_LOW__Conflict_external_LOW
GHA,USA,2025,,260549.8696639292,262748.83920297737,2198.9695390482,0.0,2198.9695390482,XGB_OD,SCENARIO,Aid_LOW__Conflict_internal_HIGH
GHA,USA,2025,,260549.8696639292,265277.6541728828,4727.784508953632,0.0,4727.784508953632,XGB_OD,SCENARIO,Aid_LOW__Conflict_internal_HIGH__Conflict_external_HIGH
GHA,USA,2025,,260549.8696639292,263591.77752627915,3041.9078623500104,0.0,3041.9078623500104,XGB_OD,SCENARIO,Aid_LOW__Conflict_internal_HIGH__Conflict_external_LOW
GHA,USA,2025,,260549.8696639292,262748.83920297737,2198.9695390482,0.0,2198.9695390482,XGB_OD,SCENARIO,Aid_LOW__Conflict_internal_LOW
GHA,USA,2025,,260549.8696639292,280450.54399231536,19900.674328386205,0.0,19900.674328386205,XGB_OD,SCENARIO,Aid_LOW__Conflict_internal_LOW__Conflict_external_HIGH
GHA,USA,2025,,260549.8696639292,268649.40746609005,8099.53780216087,0.0,8099.53780216087,XGB_OD,SCENARIO,Aid_LOW__Conflict_internal_LOW__Conflict_external_LOW
GHA,USA,2025,,260549.8696639292,282539.5650544112,21989.695390482,0.0,21989.695390482,XGB_OD,SCENARIO,Conflict_external_HIGH
GHA,USA,2025,,260549.8696639292,267879.7681274232,7329.898463494001,0.0,7329.898463494001,XGB_OD,SCENARIO,Conflict_external_LOW
GHA,USA,2025,,260549.8696639292,260549.8696639292,0.0,0.0,0.0,XGB_OD,SCENARIO,Conflict_internal_HIGH
GHA,USA,2025,,260549.8696639292,262748.83920297737,2198.9695390482025,0.0,2198.9695390482025,XGB_OD,SCENARIO,Conflict_internal_HIGH__Conflict_external_HIGH
GHA,USA,2025,,260549.8696639292,261282.85951027856,732.9898463494006,0.0,732.9898463494006,XGB_OD,SCENARIO,Conflict_internal_HIGH__Conflict_external_LOW
GHA,USA,2025,,260549.8696639292,260549.8696639292,0.0,0.0,0.0,XGB_OD,SCENARIO,Conflict_internal_LOW
GHA,USA,2025,,260549.8696639292,275942.65643726656,15392.7867733374,0.0,15392.7867733374,XGB_OD,SCENARIO,Conflict_internal_LOW__Conflict_external_HIGH
GHA,USA,2025,,260549.8696639292,265680.798588375,5130.9289244458005,0.0,5130.9289244458005,XGB_OD,SCENARIO,Conflict_internal_LOW__Conflict_external_LOW
GHA,USA,2030,,272661.0376433539,,,,,XGB_OD,FORECAST,
GHA,USA,2035,,272661.0376433539,,,,,XGB_OD,FORECAST,
GRC,USA,2000,183593.0,,,,,,HIST,HIST,
GRC,USA,2005,159776.0,,,,,,HIST,HIST,
GRC,USA,2010,146811.0,,,,,,HIST,HIST,
GRC,USA,2015,152851.0,,,,,,HIST,HIST,
GRC,USA,2020,134752.0,,,,,,HIST,HIST,
GRC,USA,2024,130822.0,,,,,,HIST,HIST,
GRC,USA,2025,,128517.8851428074,,,,,XGB_OD,FORECAST,
GRC,USA,2025,,128517.8851428074,131115.9791973899,2598.0940545825238,0.0,2598.0940545825238,XGB_OD,SCENARIO,Aid_HIGH
GRC,USA,2025,,128517.8851428074,146147.8090846174,17629.923941809982,0.0,17629.923941809982,XGB_OD,SCENARIO,Aid_HIGH__Conflict_external_HIGH
GRC,USA,2025,,128517.8851428074,136126.58915979907,7608.704016991675,0.0,7608.704016991675,XGB_OD,SCENARIO,Aid_HIGH__Conflict_external_LOW
GRC,USA,2025,,128517.8851428074,131115.9791973899,2598.0940545825238,0.0,2598.0940545825238,XGB_OD,SCENARIO,Aid_HIGH__Conflict_internal_HIGH
GRC,USA,2025,,128517.8851428074,132619.16218611266,4101.27704330527,0.0,4101.27704330527,XGB_OD,SCENARIO,Aid_HIGH__Conflict_internal_HIGH__Conflict_external_HIGH
GRC,USA,2025,,128517.8851428074,131617.04019363085,3099.1550508234386,0.0,3099.1550508234386,XGB_OD,SCENARIO,Aid_HIGH__Conflict_internal_HIGH__Conflict_external_LOW
GRC,USA,2025,,128517.8851428074,131115.9791973899,2598.0940545825238,0.0,2598.0940545825238,XGB_OD,SCENARIO,Aid_HIGH__Conflict_internal_LOW
GRC,USA,2025,,128517.8851428074,141638.26011844914,13120.37497564174,0.0,13120.37497564174,XGB_OD,SCENARIO,Aid_HIGH__Conflict_internal_LOW__Conflict_external_HIGH
GRC,USA,2025,,128517.8851428074,134623.40617107632,6105.5210282689295,0.0,6105.5210282689295,XGB_OD,SCENARIO,Aid_HIGH__Conflict_internal_LOW__Conflict_external_LOW
GRC,USA,2025,,128517.8851428074,129631.35402334276,1113.4688805353671,0.0,1113.4688805353671,XGB_OD,SCENARIO,Aid_LOW
GRC,USA,2025,,128517.8851428074,142436.2461494995,13918.361006692086,0.0,13918.361006692086,XGB_OD,SCENARIO,Aid_LOW__Conflict_external_HIGH
GRC,USA,2025,,128517.8851428074,133899.65139872834,5381.766255920941,0.0,5381.766255920941,XGB_OD,SCENARIO,Aid_LOW__Conflict_external_LOW
GRC,USA,2025,,128517.8851428074,129631.35402334276,1113.4688805353671,0.0,1113.4688805353671,XGB_OD,SCENARIO,Aid_LOW__Conflict_internal_HIGH
GRC,USA,2025,,128517.8851428074,130911.84323595844,2393.95809315104,0.0,2393.95809315104,XGB_OD,SCENARIO,Aid_LOW__Conflict_internal_HIGH__Conflict_external_HIGH
GRC,USA,2025,,128517.8851428074,130058.18376088132,1540.298618073925,0.0,1540.298618073925,XGB_OD,SCENARIO,Aid_LOW__Conflict_internal_HIGH__Conflict_external_LOW
GRC,USA,2025,,128517.8851428074,129631.35402334276,1113.4688805353671,0.0,1113.4688805353671,XGB_OD,SCENARIO,Aid_LOW__Conflict_internal_LOW
GRC,USA,2025,,128517.8851428074,138594.77851165246,10076.89336884507,0.0,10076.89336884507,XGB_OD,SCENARIO,Aid_LOW__Conflict_internal_LOW__Conflict_external_HIGH
GRC,USA,2025,,128517.8851428074,132619.16218611266,4101.277043305269,0.0,4101.277043305269,XGB_OD,SCENARIO,Aid_LOW__Conflict_internal_LOW__Conflict_external_LOW
GRC,USA,2025,,128517.8851428074,139652.5739481611,11134.688805353671,0.0,11134.688805353671,XGB_OD,SCENARIO,Conflict_external_HIGH
GRC,USA,2025,,128517.8851428074,132229.44807792528,3711.5629351178895,0.0,3711.5629351178895,XGB_OD,SCENARIO,Conflict_external_LOW
GRC,USA,2025,,128517.8851428074,128517.8851428074,0.0,0.0,0.0,XGB_OD,SCENARIO,Conflict_internal_HIGH
GRC,USA,2025,,128517.8851428074,129631.35402334276,1113.4688805353685,0.0,1113.4688805353685,XGB_OD,SCENARIO,Conflict_internal_HIGH__Conflict_external_HIGH
GRC,USA,2025,,128517.8851428074,128889.04143631918,371.1562935117893,0.0,371.1562935117893,XGB_OD,SCENARIO,Conflict_internal_HIGH__Conflict_external_LOW
GRC,USA,2025,,128517.8851428074,128517.8851428074,0.0,0.0,0.0,XGB_OD,SCENARIO,Conflict_internal_LOW
GRC,USA,2025,,128517.8851428074,136312.16730655497,7794.282163747568,0.0,7794.282163747568,XGB_OD,SCENARIO,Conflict_internal_LOW__Conflict_external_HIGH
GRC,USA,2025,,128517.8851428074,131115.9791973899,2598.0940545825238,0.0,2598.0940545825238,XGB_OD,SCENARIO,Conflict_internal_LOW__Conflict_external_LOW
GRC,USA,2030,,129458.81375347982,,,,,XGB_OD,FORECAST,
GRC,USA,2035,,129458.81375347982,,,,,XGB_OD,FORECAST,
GTM,USA,2000,454084.0,,,,,,HIST,HIST,
GTM,USA,2005,651897.0,,,,,,HIST,HIST,
GTM,USA,2010,823536.0,,,,,,HIST,HIST,
GTM,USA,2015,952839.0,,,,,,HIST,HIST,
GTM,USA,2020,1144667.0,,,,,,HIST,HIST,
GTM,USA,2024,1298936.0,,,,,,HIST,HIST,
GTM,USA,2025,,1292490.772186427,,,,,XGB_OD,FORECAST,
GTM,USA,2025,,1292490.772186427,1318287.3346826686,25796.562496241622,0.0,25796.562496241622,XGB_OD,SCENARIO,Aid_HIGH
GTM,USA,2025,,1292490.772186427,1467538.8748394952,175048.10265306817,0.0,175048.10265306817,XGB_OD,SCENARIO,Aid_HIGH__Conflict_external_HIGH
GTM,USA,2025,,1292490.772186427,1368037.8480682774,75547.07588185047,0.0,75547.07588185047,XGB_OD,SCENARIO,Aid_HIGH__Conflict_external_LOW
GTM,USA,2025,,1292490.772186427,1318287.3346826686,25796.562496241622,0.0,25796.562496241622,XGB_OD,SCENARIO,Aid_HIGH__Conflict_internal_HIGH
GTM,USA,2025,,1292490.772186427,1333212.4886983512,40721.716511924285,0.0,40721.716511924285,XGB_OD,SCENARIO,Aid_HIGH__Conflict_internal_HIGH__Conflict_external_HIGH
GTM,USA,2025,,1292490.772186427,1323262.3860212294,30771.613834802505,0.0,30771.613834802505,XGB_OD,SCENARIO,Aid_HIGH__Conflict_internal_HIGH__Conflict_external_LOW
GTM,USA,2025,,1292490.772186427,1318287.3346826686,25796.562496241622,0.0,25796.562496241622,XGB_OD,SCENARIO,Aid_HIGH__Conflict_internal_LOW
GTM,USA,2025,,1292490.772186427,1422763.412792447,130272.64060602016,0.0,130272.64060602016,XGB_OD,SCENARIO,Aid_HIGH__Conflict_internal_LOW__Conflict_external_HIGH
GTM,USA,2025,,1292490.772186427,1353112.6940525947,60621.92186616781,0.0,60621.92186616781,XGB_OD,SCENARIO,Aid_HIGH__Conflict_internal_LOW__Conflict_external_LOW
GTM,USA,2025,,1292490.772186427,1303546.4418276732,11055.66964124641,0.0,11055.66964124641,XGB_OD,SCENARIO,Aid_LOW
GTM,USA,2025,,1292490.772186427,1430686.642702007,138195.87051558009,0.0,138195.87051558009,XGB_OD,SCENARIO,Aid_LOW__Conflict_external_HIGH
GTM,USA,2025,,1292490.772186427,1345926.5087857845,53435.736599357646,0.0,53435.736599357646,XGB_OD,SCENARIO,Aid_LOW__Conflict_external_LOW
GTM,USA,2025,,1292490.772186427,1303546.4418276732,11055.66964124641,0.0,11055.66964124641,XGB_OD,SCENARIO,Aid_LOW__Conflict_internal_HIGH
GTM,USA,2025,,1292490.772186427,1316260.4619151067,23769.689728679787,0.0,23769.689728679787,XGB_OD,SCENARIO,Aid_LOW__Conflict_internal_HIGH__Conflict_external_HIGH
GTM,USA,2025,,1292490.772186427,1307784.4485234844,15293.676337057534,0.0,15293.676337057534,XGB_OD,SCENARIO,Aid_LOW__Conflict_internal_HIGH__Conflict_external_LOW
GTM,USA,2025,,1292490.772186427,1303546.4418276732,11055.66964124641,0.0,11055.66964124641,XGB_OD,SCENARIO,Aid_LOW__Conflict_internal_LOW
GTM,USA,2025,,1292490.772186427,1392544.582439707,100053.81025327998,0.0,100053.81025327998,XGB_OD,SCENARIO,Aid_LOW__Conflict_internal_LOW__Conflict_external_HIGH
GTM,USA,2025,,1292490.772186427,1333212.4886983512,40721.71651192427,0.0,40721.71651192427,XGB_OD,SCENARIO,Aid_LOW__Conflict_internal_LOW__Conflict_external_LOW
GTM,USA,2025,,1292490.772186427,1403047.468598891,110556.6964124641,0.0,110556.6964124641,XGB_OD,SCENARIO,Conflict_external_HIGH
GTM,USA,2025,,1292490.772186427,1329343.0043239149,36852.23213748803,0.0,36852.23213748803,XGB_OD,SCENARIO,Conflict_external_LOW
GTM,USA,2025,,1292490.772186427,1292490.772186427,0.0,0.0,0.0,XGB_OD,SCENARIO,Conflict_internal_HIGH
GTM,USA,2025,,1292490.772186427,1303546.4418276732,11055.66964124642,0.0,11055.66964124642,XGB_OD,SCENARIO,Conflict_internal_HIGH__Conflict_external_HIGH
GTM,USA,2025,,1292490.772186427,1296175.9954001757,3685.223213748806,0.0,3685.223213748806,XGB_OD,SCENARIO,Conflict_internal_HIGH__Conflict_external_LOW
GTM,USA,2025,,1292490.772186427,1292490.772186427,0.0,0.0,0.0,XGB_OD,SCENARIO,Conflict_internal_LOW
GTM,USA,2025,,1292490.772186427,1369880.459675152,77389.68748872484,0.0,77389.68748872484,XGB_OD,SCENARIO,Conflict_internal_LOW__Conflict_external_HIGH
GTM,USA,2025,,1292490.772186427,1318287.3346826686,25796.562496241622,0.0,25796.562496241622,XGB_OD,SCENARIO,Conflict_internal_LOW__Conflict_external_LOW
GTM,USA,2030,,1266349.940301886,,,,,XGB_OD,FORECAST,
GTM,USA,2035,,1266349.940301886,,,,,XGB_OD,FORECAST,
GUY,USA,2000,218325.0,,,,,,HIST,HIST,
GUY,USA,2005,253002.0,,,,,,HIST,HIST,
GUY,USA,2010,257524.0,,,,,,HIST,HIST,
GUY,USA,2015,279144.0,,,,,,HIST,HIST,
GUY,USA,2020,277360.0,,,,,,HIST,HIST,
GUY,USA,2024,314783.0,,,,,,HIST,HIST,
GUY,USA,2025,,322877.9759541489,,,,,XGB_OD,FORECAST,
GUY,USA,2025,,322877.9759541489,329129.4920659931,6251.516111844179,0.0,6251.516111844179,XGB_OD,SCENARIO,Aid_HIGH
GUY,USA,2025,,322877.9759541489,365298.978141663,42421.00218751408,0.0,42421.00218751408,XGB_OD,SCENARIO,Aid_HIGH__Conflict_external_HIGH
GUY,USA,2025,,322877.9759541489,341185.9874245497,18308.01147040081,0.0,18308.01147040081,XGB_OD,SCENARIO,Aid_HIGH__Conflict_external_LOW
GUY,USA,2025,,322877.9759541489,329129.4920659931,6251.516111844179,0.0,6251.516111844179,XGB_OD,SCENARIO,Aid_HIGH__Conflict_internal_HIGH
GUY,USA,2025,,322877.9759541489,332746.4406735601,9868.464719411171,0.0,9868.464719411171,XGB_OD,SCENARIO,Aid_HIGH__Conflict_internal_HIGH__Conflict_external_HIGH
GUY,USA,2025,,322877.9759541489,330335.1416018488,7457.165647699842,0.0,7457.165647699842,XGB_OD,SCENARIO,Aid_HIGH__Conflict_internal_HIGH__Conflict_external_LOW
GUY,USA,2025,,322877.9759541489,329129.4920659931,6251.516111844179,0.0,6251.516111844179,XGB_OD,SCENARIO,Aid_HIGH__Conflict_internal_LOW
GUY,USA,2025,,322877.9759541489,354448.132318962,31570.15636481309,0.0,31570.15636481309,XGB_OD,SCENARIO,Aid_HIGH__Conflict_internal_LOW__Conflict_external_HIGH
GUY,USA,2025,,322877.9759541489,337569.0388169828,14691.06286283382,0.0,14691.06286283382,XGB_OD,SCENARIO,Aid_HIGH__Conflict_internal_LOW__Conflict_external_LOW
GUY,USA,2025,,322877.9759541489,325557.1971449393,2679.2211907903625,0.0,2679.2211907903625,XGB_OD,SCENARIO,Aid_LOW
GUY,USA,2025,,322877.9759541489,356368.24083902844,33490.26488487952,0.0,33490.26488487952,XGB_OD,SCENARIO,Aid_LOW__Conflict_external_HIGH
GUY,USA,2025,,322877.9759541489,335827.545042969,12949.569088820084,0.0,12949.569088820084,XGB_OD,SCENARIO,Aid_LOW__Conflict_external_LOW
GUY,USA,2025,,322877.9759541489,325557.1971449393,2679.2211907903625,0.0,2679.2211907903625,XGB_OD,SCENARIO,Aid_LOW__Conflict_internal_HIGH
GUY,USA,2025,,322877.9759541489,328638.3015143482,5760.325560199281,0.0,5760.325560199281,XGB_OD,SCENARIO,Aid_LOW__Conflict_internal_HIGH__Conflict_external_HIGH
GUY,USA,2025,,322877.9759541489,326584.23193474225,3706.255980593335,0.0,3706.255980593335,XGB_OD,SCENARIO,Aid_LOW__Conflict_internal_HIGH__Conflict_external_LOW
GUY,USA,2025,,322877.9759541489,325557.1971449393,2679.2211907903625,0.0,2679.2211907903625,XGB_OD,SCENARIO,Aid_LOW__Conflict_internal_LOW
GUY,USA,2025,,322877.9759541489,347124.9277308017,24246.95177665277,0.0,24246.95177665277,XGB_OD,SCENARIO,Aid_LOW__Conflict_internal_LOW__Conflict_external_HIGH
GUY,USA,2025,,322877.9759541489,332746.4406735601,9868.464719411168,0.0,9868.464719411168,XGB_OD,SCENARIO,Aid_LOW__Conflict_internal_LOW__Conflict_external_LOW
GUY,USA,2025,,322877.9759541489,349670.1878620525,26792.211907903624,0.0,26792.211907903624,XGB_OD,SCENARIO,Conflict_external_HIGH
GUY,USA,2025,,322877.9759541489,331808.71325678343,8930.737302634541,0.0,8930.737302634541,XGB_OD,SCENARIO,Conflict_external_LOW
GUY,USA,2025,,322877.9759541489,322877.9759541489,0.0,0.0,0.0,XGB_OD,SCENARIO,Conflict_internal_HIGH
GUY,USA,2025,,322877.9759541489,325557.1971449393,2679.221190790365,0.0,2679.221190790365,XGB_OD,SCENARIO,Conflict_internal_HIGH__Conflict_external_HIGH
GUY,USA,2025,,322877.9759541489,323771.0496844124,893.0737302634548,0.0,893.0737302634548,XGB_OD,SCENARIO,Conflict_internal_HIGH__Conflict_external_LOW
GUY,USA,2025,,322877.9759541489,322877.9759541489,0.0,0.0,0.0,XGB_OD,SCENARIO,Conflict_internal_LOW
GUY,USA,2025,,322877.9759541489,341632.52428968146,18754.54833553253,0.0,18754.54833553253,XGB_OD,SCENARIO,Conflict_internal_LOW__Conflict_external_HIGH
GUY,USA,2025,,322877.9759541489,329129.4920659931,6251.516111844179,0.0,6251.516111844179,XGB_OD,SCENARIO,Conflict_internal_LOW__Conflict_external_LOW
GUY,USA,2030,,322726.5141682065,,,,,XGB_OD,FORECAST,
GUY,USA,2035,,325777.6823359914,,,,,XGB_OD,FORECAST,
HKG,USA,2000,210485.0,,,,,,HIST,HIST,
HKG,USA,2005,214124.0,,,,,,HIST,HIST,
HKG,USA,2010,215677.0,,,,,,HIST,HIST,
HKG,USA,2015,244595.0,,,,,,HIST,HIST,
HKG,USA,2020,258439.0,,,,,,HIST,HIST,
HKG,USA,2024,268915.0,,,,,,HIST,HIST,
HKG,USA,2025,,276222.0699348833,,,,,XGB_OD,FORECAST,
HKG,USA,2025,,276222.0699348833,281562.658388569,5340.5884536857575,0.0,5340.5884536857575,XGB_OD,SCENARIO,Aid_HIGH
HKG,USA,2025,,276222.0699348833,312461.77729917946,36239.70736429622,0.0,36239.70736429622,XGB_OD,SCENARIO,Aid_HIGH__Conflict_external_HIGH
HKG,USA,2025,,276222.0699348833,291862.36469210585,15640.294757222577,0.0,15640.294757222577,XGB_OD,SCENARIO,Aid_HIGH__Conflict_external_LOW
HKG,USA,2025,,276222.0699348833,281562.658388569,5340.5884536857575,0.0,5340.5884536857575,XGB_OD,SCENARIO,Aid_HIGH__Conflict_internal_HIGH
HKG,USA,2025,,276222.0699348833,284652.5702796301,8430.500344746806,0.0,8430.500344746806,XGB_OD,SCENARIO,Aid_HIGH__Conflict_internal_HIGH__Conflict_external_HIGH
HKG,USA,2025,,276222.0699348833,282592.6290189227,6370.55908403944,0.0,6370.55908403944,XGB_OD,SCENARIO,Aid_HIGH__Conflict_internal_HIGH__Conflict_external_LOW
HKG,USA,2025,,276222.0699348833,281562.658388569,5340.5884536857575,0.0,5340.5884536857575,XGB_OD,SCENARIO,Aid_HIGH__Conflict_internal_LOW
HKG,USA,2025,,276222.0699348833,303192.04162599635,26969.97169111307,0.0,26969.97169111307,XGB_OD,SCENARIO,Aid_HIGH__Conflict_internal_LOW__Conflict_external_HIGH
HKG,USA,2025,,276222.0699348833,288772.4528010448,12550.38286616153,0.0,12550.38286616153,XGB_OD,SCENARIO,Aid_HIGH__Conflict_internal_LOW__Conflict_external_LOW
HKG,USA,2025,,276222.0699348833,278510.8935578915,2288.823623008182,0.0,2288.823623008182,XGB_OD,SCENARIO,Aid_LOW
HKG,USA,2025,,276222.0699348833,304832.3652224856,28610.29528760227,0.0,28610.29528760227,XGB_OD,SCENARIO,Aid_LOW__Conflict_external_HIGH
HKG,USA,2025,,276222.0699348833,287284.7174460895,11062.647511206213,0.0,11062.647511206213,XGB_OD,SCENARIO,Aid_LOW__Conflict_external_LOW
HKG,USA,2025,,276222.0699348833,278510.8935578915,2288.823623008182,0.0,2288.823623008182,XGB_OD,SCENARIO,Aid_LOW__Conflict_internal_HIGH
HKG,USA,2025,,276222.0699348833,281143.04072435084,4920.970789467593,0.0,4920.970789467593,XGB_OD,SCENARIO,Aid_LOW__Conflict_internal_HIGH__Conflict_external_HIGH
HKG,USA,2025,,276222.0699348833,279388.27594671125,3166.206011827985,0.0,3166.206011827985,XGB_OD,SCENARIO,Aid_LOW__Conflict_internal_HIGH__Conflict_external_LOW
HKG,USA,2025,,276222.0699348833,278510.8935578915,2288.823623008182,0.0,2288.823623008182,XGB_OD,SCENARIO,Aid_LOW__Conflict_internal_LOW
HKG,USA,2025,,276222.0699348833,296935.9237231073,20713.85378822404,0.0,20713.85378822404,XGB_OD,SCENARIO,Aid_LOW__Conflict_internal_LOW__Conflict_external_HIGH
HKG,USA,2025,,276222.0699348833,284652.5702796301,8430.500344746803,0.0,8430.500344746803,XGB_OD,SCENARIO,Aid_LOW__Conflict_internal_LOW__Conflict_external_LOW
HKG,USA,2025,,276222.0699348833,299110.3061649651,22888.236230081817,0.0,22888.236230081817,XGB_OD,SCENARIO,Conflict_external_HIGH
HKG,USA,2025,,276222.0699348833,283851.48201157723,7629.4120766939395,0.0,7629.4120766939395,XGB_OD,SCENARIO,Conflict_external_LOW
HKG,USA,2025,,276222.0699348833,276222.0699348833,0.0,0.0,0.0,XGB_OD,SCENARIO,Conflict_internal_HIGH
HKG,USA,2025,,276222.0699348833,278510.8935578915,2288.8236230081843,0.0,2288.8236230081843,XGB_OD,SCENARIO,Conflict_internal_HIGH__Conflict_external_HIGH
HKG,USA,2025,,276222.0699348833,276985.01114255266,762.9412076693945,0.0,762.9412076693945,XGB_OD,SCENARIO,Conflict_internal_HIGH__Conflict_external_LOW
HKG,USA,2025,,276222.0699348833,276222.0699348833,0.0,0.0,0.0,XGB_OD,SCENARIO,Conflict_internal_LOW
HKG,USA,2025,,276222.0699348833,292243.8352959405,16021.765361057269,0.0,16021.765361057269,XGB_OD,SCENARIO,Conflict_internal_LOW__Conflict_external_HIGH
HKG,USA,2025,,276222.0699348833,281562.658388569,5340.5884536857575,0.0,5340.5884536857575,XGB_OD,SCENARIO,Conflict_internal_LOW__Conflict_external_LOW
HKG,USA,2030,,275131.00901468063,,,,,XGB_OD,FORECAST,
HKG,USA,2035,,278858.83364739973,,,,,XGB_OD,FORECAST,
HND,USA,2000,266664.0,,,,,,HIST,HIST,
HND,USA,2005,394260.0,,,,,,HIST,HIST,
HND,USA,2010,509973.0,,,,,,HIST,HIST,
HND,USA,2015,621409.0,,,,,,HIST,HIST,
HND,USA,2020,775889.0,,,,,,HIST,HIST,
HND,USA,2024,934727.0,,,,,,HIST,HIST,
HND,USA,2025,,1009036.7514141751,,,,,XGB_OD,FORECAST,
HND,USA,2025,,1009036.7514141751,1027600.209099869,18563.457685693844,0.0,18563.457685693844,XGB_OD,SCENARIO,Aid_HIGH
HND,USA,2025,,1009036.7514141751,1135003.0714242405,125966.3200100654,0.0,125966.3200100654,XGB_OD,SCENARIO,Aid_HIGH__Conflict_external_HIGH
HND,USA,2025,,1009036.7514141751,1063401.163207993,54364.411793817686,0.0,54364.411793817686,XGB_OD,SCENARIO,Aid_HIGH__Conflict_external_LOW
HND,USA,2025,,1009036.7514141751,1027600.209099869,18563.457685693844,0.0,18563.457685693844,XGB_OD,SCENARIO,Aid_HIGH__Conflict_internal_HIGH
HND,USA,2025,,1009036.7514141751,1038340.495332306,29303.743918131004,0.0,29303.743918131004,XGB_OD,SCENARIO,Aid_HIGH__Conflict_internal_HIGH__Conflict_external_HIGH
HND,USA,2025,,1009036.7514141751,1031180.3045106814,22143.553096506228,0.0,22143.553096506228,XGB_OD,SCENARIO,Aid_HIGH__Conflict_internal_HIGH__Conflict_external_LOW
HND,USA,2025,,1009036.7514141751,1027600.209099869,18563.457685693844,0.0,18563.457685693844,XGB_OD,SCENARIO,Aid_HIGH__Conflict_internal_LOW
HND,USA,2025,,1009036.7514141751,1102782.212726929,93745.46131275388,0.0,93745.46131275388,XGB_OD,SCENARIO,Aid_HIGH__Conflict_internal_LOW__Conflict_external_HIGH
HND,USA,2025,,1009036.7514141751,1052660.8769755557,43624.12556138053,0.0,43624.12556138053,XGB_OD,SCENARIO,Aid_HIGH__Conflict_internal_LOW__Conflict_external_LOW
HND,USA,2025,,1009036.7514141751,1016992.5189937582,7955.767579583076,0.0,7955.767579583076,XGB_OD,SCENARIO,Aid_LOW
HND,USA,2025,,1009036.7514141751,1108483.8461589636,99447.09474478842,0.0,99447.09474478842,XGB_OD,SCENARIO,Aid_LOW__Conflict_external_HIGH
HND,USA,2025,,1009036.7514141751,1047489.6280488268,38452.87663465153,0.0,38452.87663465153,XGB_OD,SCENARIO,Aid_LOW__Conflict_external_LOW
HND,USA,2025,,1009036.7514141751,1016992.5189937582,7955.767579583076,0.0,7955.767579583076,XGB_OD,SCENARIO,Aid_LOW__Conflict_internal_HIGH
HND,USA,2025,,1009036.7514141751,1026141.6517102788,17104.90029610362,0.0,17104.90029610362,XGB_OD,SCENARIO,Aid_LOW__Conflict_internal_HIGH__Conflict_external_HIGH
HND,USA,2025,,1009036.7514141751,1020042.2298992652,11005.478485089923,0.0,11005.478485089923,XGB_OD,SCENARIO,Aid_LOW__Conflict_internal_HIGH__Conflict_external_LOW
HND,USA,2025,,1009036.7514141751,1016992.5189937582,7955.767579583076,0.0,7955.767579583076,XGB_OD,SCENARIO,Aid_LOW__Conflict_internal_LOW
HND,USA,2025,,1009036.7514141751,1081036.448009402,71999.69659522682,0.0,71999.69659522682,XGB_OD,SCENARIO,Aid_LOW__Conflict_internal_LOW__Conflict_external_HIGH
HND,USA,2025,,1009036.7514141751,1038340.495332306,29303.743918131,0.0,29303.743918131,XGB_OD,SCENARIO,Aid_LOW__Conflict_internal_LOW__Conflict_external_LOW
HND,USA,2025,,1009036.7514141751,1088594.427210006,79557.67579583076,0.0,79557.67579583076,XGB_OD,SCENARIO,Conflict_external_HIGH
HND,USA,2025,,1009036.7514141751,1035555.976679452,26519.22526527692,0.0,26519.22526527692,XGB_OD,SCENARIO,Conflict_external_LOW
HND,USA,2025,,1009036.7514141751,1009036.7514141751,0.0,0.0,0.0,XGB_OD,SCENARIO,Conflict_internal_HIGH
HND,USA,2025,,1009036.7514141751,1016992.5189937582,7955.767579583084,0.0,7955.767579583084,XGB_OD,SCENARIO,Conflict_internal_HIGH__Conflict_external_HIGH
HND,USA,2025,,1009036.7514141751,1011688.6739407028,2651.922526527694,0.0,2651.922526527694,XGB_OD,SCENARIO,Conflict_internal_HIGH__Conflict_external_LOW
HND,USA,2025,,1009036.7514141751,1009036.7514141751,0.0,0.0,0.0,XGB_OD,SCENARIO,Conflict_internal_LOW
HND,USA,2025,,1009036.7514141751,1064727.1244712567,55690.37305708152,0.0,55690.37305708152,XGB_OD,SCENARIO,Conflict_internal_LOW__Conflict_external_HIGH
HND,USA,2025,,1009036.7514141751,1027600.209099869,18563.457685693844,0.0,18563.457685693844,XGB_OD,SCENARIO,Conflict_internal_LOW__Conflict_external_LOW
HND,USA,2030,,1075300.9546795916,,,,,XGB_OD,FORECAST,
HND,USA,2035,,1064979.0303876405,,,,,XGB_OD,FORECAST,
HTI,USA,2000,432213.0,,,,,,HIST,HIST,
HTI,USA,2005,491199.0,,,,,,HIST,HIST,
HTI,USA,2010,599162.0,,,,,,HIST,HIST,
HTI,USA,2015,686053.0,,,,,,HIST,HIST,
HTI,USA,2020,732899.0,,,,,,HIST,HIST,
HTI,USA,2024,798232.0,,,,,,HIST,HIST,
HTI,USA,2025,,809130.5979824624,,,,,XGB_OD,FORECAST,
HTI,USA,2025,,809130.5979824624,824983.2971720297,15852.699189567413,0.0,15852.699189567413,XGB_OD,SCENARIO,Aid_HIGH
HTI,USA,2025,,809130.5979824624,916702.4853402412,107571.88735777886,0.0,107571.88735777886,XGB_OD,SCENARIO,Aid_HIGH__Conflict_external_HIGH
HTI,USA,2025,,809130.5979824624,855556.3598947669,46425.76191230456,0.0,46425.76191230456,XGB_OD,SCENARIO,Aid_HIGH__Conflict_external_LOW
HTI,USA,2025,,809130.5979824624,824983.2971720297,15852.699189567413,0.0,15852.699189567413,XGB_OD,SCENARIO,Aid_HIGH__Conflict_internal_HIGH
HTI,USA,2025,,809130.5979824624,834155.2159888509,25024.61800638856,0.0,25024.61800638856,XGB_OD,SCENARIO,Aid_HIGH__Conflict_internal_HIGH__Conflict_external_HIGH
HTI,USA,2025,,809130.5979824624,828040.6034443035,18910.005461841123,0.0,18910.005461841123,XGB_OD,SCENARIO,Aid_HIGH__Conflict_internal_HIGH__Conflict_external_LOW
HTI,USA,2025,,809130.5979824624,824983.2971720297,15852.699189567413,0.0,15852.699189567413,XGB_OD,SCENARIO,Aid_HIGH__Conflict_internal_LOW
HTI,USA,2025,,809130.5979824624,889186.7288897778,80056.1309073154,0.0,80056.1309073154,XGB_OD,SCENARIO,Aid_HIGH__Conflict_internal_LOW__Conflict_external_HIGH
HTI,USA,2025,,809130.5979824624,846384.4410779458,37253.84309548341,0.0,37253.84309548341,XGB_OD,SCENARIO,Aid_HIGH__Conflict_internal_LOW__Conflict_external_LOW
HTI,USA,2025,,809130.5979824624,815924.6119208484,6794.013938386033,0.0,6794.013938386033,XGB_OD,SCENARIO,Aid_LOW
HTI,USA,2025,,809130.5979824624,894055.7722122878,84925.1742298254,0.0,84925.1742298254,XGB_OD,SCENARIO,Aid_LOW__Conflict_external_HIGH
HTI,USA,2025,,809130.5979824624,841968.3320179948,32837.73403553249,0.0,32837.73403553249,XGB_OD,SCENARIO,Aid_LOW__Conflict_external_LOW
HTI,USA,2025,,809130.5979824624,815924.6119208484,6794.013938386033,0.0,6794.013938386033,XGB_OD,SCENARIO,Aid_LOW__Conflict_internal_HIGH
HTI,USA,2025,,809130.5979824624,823737.7279499924,14607.129967529976,0.0,14607.129967529976,XGB_OD,SCENARIO,Aid_LOW__Conflict_internal_HIGH__Conflict_external_HIGH
HTI,USA,2025,,809130.5979824624,818528.9839305631,9398.38594810068,0.0,9398.38594810068,XGB_OD,SCENARIO,Aid_LOW__Conflict_internal_HIGH__Conflict_external_LOW
HTI,USA,2025,,809130.5979824624,815924.6119208484,6794.013938386033,0.0,6794.013938386033,XGB_OD,SCENARIO,Aid_LOW__Conflict_internal_LOW
HTI,USA,2025,,809130.5979824624,870616.424124856,61485.826142393584,0.0,61485.826142393584,XGB_OD,SCENARIO,Aid_LOW__Conflict_internal_LOW__Conflict_external_HIGH
HTI,USA,2025,,809130.5979824624,834155.2159888509,25024.618006388555,0.0,25024.618006388555,XGB_OD,SCENARIO,Aid_LOW__Conflict_internal_LOW__Conflict_external_LOW
HTI,USA,2025,,809130.5979824624,877070.7373663227,67940.13938386033,0.0,67940.13938386033,XGB_OD,SCENARIO,Conflict_external_HIGH
HTI,USA,2025,,809130.5979824624,831777.3111104158,22646.71312795344,0.0,22646.71312795344,XGB_OD,SCENARIO,Conflict_external_LOW
HTI,USA,2025,,809130.5979824624,809130.5979824624,0.0,0.0,0.0,XGB_OD,SCENARIO,Conflict_internal_HIGH
HTI,USA,2025,,809130.5979824624,815924.6119208484,6794.01393838604,0.0,6794.01393838604,XGB_OD,SCENARIO,Conflict_internal_HIGH__Conflict_external_HIGH
HTI,USA,2025,,809130.5979824624,811395.2692952577,2264.6713127953462,0.0,2264.6713127953462,XGB_OD,SCENARIO,Conflict_internal_HIGH__Conflict_external_LOW
HTI,USA,2025,,809130.5979824624,809130.5979824624,0.0,0.0,0.0,XGB_OD,SCENARIO,Conflict_internal_LOW
HTI,USA,2025,,809130.5979824624,856688.6955511646,47558.09756870222,0.0,47558.09756870222,XGB_OD,SCENARIO,Conflict_internal_LOW__Conflict_external_HIGH
HTI,USA,2025,,809130.5979824624,824983.2971720297,15852.699189567413,0.0,15852.699189567413,XGB_OD,SCENARIO,Conflict_internal_LOW__Conflict_external_LOW
HTI,USA,2030,,807983.9705875597,,,,,XGB_OD,FORECAST,
HTI,USA,2035,,807983.9705875597,,,,,XGB_OD,FORECAST,
IND,USA,2000,1109195.0,,,,,,HIST,HIST,
IND,USA,2005,1419053.0,,,,,,HIST,HIST,
IND,USA,2010,1799127.0,,,,,,HIST,HIST,
IND,USA,2015,2381638.0,,,,,,HIST,HIST,
IND,USA,2020,2741155.0,,,,,,HIST,HIST,
IND,USA,2024,3165238.0,,,,,,HIST,HIST,
IND,USA,2025,,2717972.877101419,,,,,XGB_OD,FORECAST,
IND,USA,2025,,2717972.877101419,2780833.756992714,62860.87989129483,0.0,62860.87989129483,XGB_OD,SCENARIO,Aid_HIGH
IND,USA,2025,,2717972.877101419,3144528.8477923484,426555.9706909293,0.0,426555.9706909293,XGB_OD,SCENARIO,Aid_HIGH__Conflict_external_HIGH
IND,USA,2025,,2717972.877101419,2902065.4539259253,184092.57682450628,0.0,184092.57682450628,XGB_OD,SCENARIO,Aid_HIGH__Conflict_external_LOW
IND,USA,2025,,2717972.877101419,2780833.756992714,62860.87989129483,0.0,62860.87989129483,XGB_OD,SCENARIO,Aid_HIGH__Conflict_internal_HIGH
IND,USA,2025,,2717972.877101419,2817203.266072677,99230.38897125827,0.0,99230.38897125827,XGB_OD,SCENARIO,Aid_HIGH__Conflict_internal_HIGH__Conflict_external_HIGH
IND,USA,2025,,2717972.877101419,2792956.926686035,74984.04958461598,0.0,74984.04958461598,XGB_OD,SCENARIO,Aid_HIGH__Conflict_internal_HIGH__Conflict_external_LOW
IND,USA,2025,,2717972.877101419,2780833.756992714,62860.87989129483,0.0,62860.87989129483,XGB_OD,SCENARIO,Aid_HIGH__Conflict_internal_LOW
IND,USA,2025,,2717972.877101419,3035420.320552458,317447.4434510388,0.0,317447.4434510388,XGB_OD,SCENARIO,Aid_HIGH__Conflict_internal_LOW__Conflict_external_HIGH
IND,USA,2025,,2717972.877101419,2865695.944845962,147723.06774454284,0.0,147723.06774454284,XGB_OD,SCENARIO,Aid_HIGH__Conflict_internal_LOW__Conflict_external_LOW
IND,USA,2025,,2717972.877101419,2744913.2541976883,26940.37709626921,0.0,26940.37709626921,XGB_OD,SCENARIO,Aid_LOW
IND,USA,2025,,2717972.877101419,3054727.590804784,336754.71370336507,0.0,336754.71370336507,XGB_OD,SCENARIO,Aid_LOW__Conflict_external_HIGH
IND,USA,2025,,2717972.877101419,2848184.6997333867,130211.82263196788,0.0,130211.82263196788,XGB_OD,SCENARIO,Aid_LOW__Conflict_external_LOW
IND,USA,2025,,2717972.877101419,2744913.2541976883,26940.37709626921,0.0,26940.37709626921,XGB_OD,SCENARIO,Aid_LOW__Conflict_internal_HIGH
IND,USA,2025,,2717972.877101419,2775894.687858398,57921.810756978826,0.0,57921.810756978826,XGB_OD,SCENARIO,Aid_LOW__Conflict_internal_HIGH__Conflict_external_HIGH
IND,USA,2025,,2717972.877101419,2755240.398751258,37267.52164983908,0.0,37267.52164983908,XGB_OD,SCENARIO,Aid_LOW__Conflict_internal_HIGH__Conflict_external_LOW
IND,USA,2025,,2717972.877101419,2744913.2541976883,26940.37709626921,0.0,26940.37709626921,XGB_OD,SCENARIO,Aid_LOW__Conflict_internal_LOW
IND,USA,2025,,2717972.877101419,2961783.2898226557,243810.41272123632,0.0,243810.41272123632,XGB_OD,SCENARIO,Aid_LOW__Conflict_internal_LOW__Conflict_external_HIGH
IND,USA,2025,,2717972.877101419,2817203.266072677,99230.38897125826,0.0,99230.38897125826,XGB_OD,SCENARIO,Aid_LOW__Conflict_internal_LOW__Conflict_external_LOW
IND,USA,2025,,2717972.877101419,2987376.648064112,269403.7709626921,0.0,269403.7709626921,XGB_OD,SCENARIO,Conflict_external_HIGH
IND,USA,2025,,2717972.877101419,2807774.134088983,89801.25698756403,0.0,89801.25698756403,XGB_OD,SCENARIO,Conflict_external_LOW
IND,USA,2025,,2717972.877101419,2717972.877101419,0.0,0.0,0.0,XGB_OD,SCENARIO,Conflict_internal_HIGH
IND,USA,2025,,2717972.877101419,2744913.2541976883,26940.37709626924,0.0,26940.37709626924,XGB_OD,SCENARIO,Conflict_internal_HIGH__Conflict_external_HIGH
IND,USA,2025,,2717972.877101419,2726953.0028001755,8980.12569875641,0.0,8980.12569875641,XGB_OD,SCENARIO,Conflict_internal_HIGH__Conflict_external_LOW
IND,USA,2025,,2717972.877101419,2717972.877101419,0.0,0.0,0.0,XGB_OD,SCENARIO,Conflict_internal_LOW
IND,USA,2025,,2717972.877101419,2906555.5167753035,188582.63967388443,0.0,188582.63967388443,XGB_OD,SCENARIO,Conflict_internal_LOW__Conflict_external_HIGH
IND,USA,2025,,2717972.877101419,2780833.756992714,62860.87989129483,0.0,62860.87989129483,XGB_OD,SCENARIO,Conflict_internal_LOW__Conflict_external_LOW
IND,USA,2030,,2717972.877101419,,,,,XGB_OD,FORECAST,
IND,USA,2035,,2717972.877101419,,,,,XGB_OD,FORECAST,
IRL,USA,2000,156207.0,,,,,,HIST,HIST,
IRL,USA,2005,136251.0,,,,,,HIST,HIST,
IRL,USA,2010,133578.0,,,,,,HIST,HIST,
IRL,USA,2015,134235.0,,,,,,HIST,HIST,
IRL,USA,2020,128284.0,,,,,,HIST,HIST,
IRL,USA,2024,125844.0,,,,,,HIST,HIST,
IRL,USA,2025,,127031.25530215168,,,,,XGB_OD,FORECAST,
IRL,USA,2025,,127031.25530215168,129530.487451216,2499.2321490643258,0.0,2499.2321490643258,XGB_OD,SCENARIO,Aid_HIGH
IRL,USA,2025,,127031.25530215168,143990.3305993739,16959.07529722221,0.0,16959.07529722221,XGB_OD,SCENARIO,Aid_HIGH__Conflict_external_HIGH
IRL,USA,2025,,127031.25530215168,134350.43516726865,7319.179865116955,0.0,7319.179865116955,XGB_OD,SCENARIO,Aid_HIGH__Conflict_external_LOW
IRL,USA,2025,,127031.25530215168,129530.487451216,2499.2321490643258,0.0,2499.2321490643258,XGB_OD,SCENARIO,Aid_HIGH__Conflict_internal_HIGH
IRL,USA,2025,,127031.25530215168,130976.4717660318,3945.216463880116,0.0,3945.216463880116,XGB_OD,SCENARIO,Aid_HIGH__Conflict_internal_HIGH__Conflict_external_HIGH
IRL,USA,2025,,127031.25530215168,130012.48222282129,2981.2269206695887,0.0,2981.2269206695887,XGB_OD,SCENARIO,Aid_HIGH__Conflict_internal_HIGH__Conflict_external_LOW
IRL,USA,2025,,127031.25530215168,129530.487451216,2499.2321490643258,0.0,2499.2321490643258,XGB_OD,SCENARIO,Aid_HIGH__Conflict_internal_LOW
IRL,USA,2025,,127031.25530215168,139652.37765492653,12621.122352774844,0.0,12621.122352774844,XGB_OD,SCENARIO,Aid_HIGH__Conflict_internal_LOW__Conflict_external_HIGH
IRL,USA,2025,,127031.25530215168,132904.45085245284,5873.195550301165,0.0,5873.195550301165,XGB_OD,SCENARIO,Aid_HIGH__Conflict_internal_LOW__Conflict_external_LOW
IRL,USA,2025,,127031.25530215168,128102.35479460782,1071.0994924561396,0.0,1071.0994924561396,XGB_OD,SCENARIO,Aid_LOW
IRL,USA,2025,,127031.25530215168,140419.99895785342,13388.743655701745,0.0,13388.743655701745,XGB_OD,SCENARIO,Aid_LOW__Conflict_external_HIGH
IRL,USA,2025,,127031.25530215168,132208.23618235634,5176.980880204675,0.0,5176.980880204675,XGB_OD,SCENARIO,Aid_LOW__Conflict_external_LOW
IRL,USA,2025,,127031.25530215168,128102.35479460782,1071.0994924561396,0.0,1071.0994924561396,XGB_OD,SCENARIO,Aid_LOW__Conflict_internal_HIGH
IRL,USA,2025,,127031.25530215168,129334.11921093236,2302.863908780701,0.0,2302.863908780701,XGB_OD,SCENARIO,Aid_LOW__Conflict_internal_HIGH__Conflict_external_HIGH
IRL,USA,2025,,127031.25530215168,128512.94293338268,1481.6876312309932,0.0,1481.6876312309932,XGB_OD,SCENARIO,Aid_LOW__Conflict_internal_HIGH__Conflict_external_LOW
IRL,USA,2025,,127031.25530215168,128102.35479460782,1071.0994924561396,0.0,1071.0994924561396,XGB_OD,SCENARIO,Aid_LOW__Conflict_internal_LOW
IRL,USA,2025,,127031.25530215168,136724.70570887974,9693.45040672806,0.0,9693.45040672806,XGB_OD,SCENARIO,Aid_LOW__Conflict_internal_LOW__Conflict_external_HIGH
IRL,USA,2025,,127031.25530215168,130976.4717660318,3945.216463880114,0.0,3945.216463880114,XGB_OD,SCENARIO,Aid_LOW__Conflict_internal_LOW__Conflict_external_LOW
IRL,USA,2025,,127031.25530215168,137742.25022671308,10710.994924561395,0.0,10710.994924561395,XGB_OD,SCENARIO,Conflict_external_HIGH
IRL,USA,2025,,127031.25530215168,130601.58694367214,3570.3316415204654,0.0,3570.3316415204654,XGB_OD,SCENARIO,Conflict_external_LOW
IRL,USA,2025,,127031.25530215168,127031.25530215168,0.0,0.0,0.0,XGB_OD,SCENARIO,Conflict_internal_HIGH
IRL,USA,2025,,127031.25530215168,128102.35479460782,1071.0994924561408,0.0,1071.0994924561408,XGB_OD,SCENARIO,Conflict_internal_HIGH__Conflict_external_HIGH
IRL,USA,2025,,127031.25530215168,127388.28846630373,357.0331641520468,0.0,357.0331641520468,XGB_OD,SCENARIO,Conflict_internal_HIGH__Conflict_external_LOW
IRL,USA,2025,,127031.25530215168,127031.25530215168,0.0,0.0,0.0,XGB_OD,SCENARIO,Conflict_internal_LOW
IRL,USA,2025,,127031.25530215168,134528.95174934465,7497.696447192976,0.0,7497.696447192976,XGB_OD,SCENARIO,Conflict_internal_LOW__Conflict_external_HIGH
IRL,USA,2025,,127031.25530215168,129530.487451216,2499.2321490643258,0.0,2499.2321490643258,XGB_OD,SCENARIO,Conflict_internal_LOW__Conflict_external_LOW
IRL,USA,2030,,126922.39046471518,,,,,XGB_OD,FORECAST,
IRL,USA,2035,,126922.39046471518,,,,,XGB_OD,FORECAST,
IRN,USA,2000,291868.0,,,,,,HIST,HIST,
IRN,USA,2005,299831.0,,,,,,HIST,HIST,
IRN,USA,2010,369696.0,,,,,,HIST,HIST,
IRN,USA,2015,400316.0,,,,,,HIST,HIST,
IRN,USA,2020,408216.0,,,,,,HIST,HIST,
IRN,USA,2024,431405.0,,,,,,HIST,HIST,
IRN,USA,2025,,414579.4624942944,,,,,XGB_OD,FORECAST,
IRN,USA,2025,,414579.4624942944,423147.0640109904,8567.601516695991,0.0,8567.601516695991,XGB_OD,SCENARIO,Aid_HIGH
IRN,USA,2025,,414579.4624942944,472716.75850044575,58137.29600615138,0.0,58137.29600615138,XGB_OD,SCENARIO,Aid_HIGH__Conflict_external_HIGH
IRN,USA,2025,,414579.4624942944,439670.2955074755,25090.83301318112,0.0,25090.83301318112,XGB_OD,SCENARIO,Aid_HIGH__Conflict_external_LOW
IRN,USA,2025,,414579.4624942944,423147.0640109904,8567.601516695991,0.0,8567.601516695991,XGB_OD,SCENARIO,Aid_HIGH__Conflict_internal_HIGH
IRN,USA,2025,,414579.4624942944,428104.0334599359,13524.570965641537,0.0,13524.570965641537,XGB_OD,SCENARIO,Aid_HIGH__Conflict_internal_HIGH__Conflict_external_HIGH
IRN,USA,2025,,414579.4624942944,424799.3871606389,10219.924666344505,0.0,10219.924666344505,XGB_OD,SCENARIO,Aid_HIGH__Conflict_internal_HIGH__Conflict_external_LOW
IRN,USA,2025,,414579.4624942944,423147.0640109904,8567.601516695991,0.0,8567.601516695991,XGB_OD,SCENARIO,Aid_HIGH__Conflict_internal_LOW
IRN,USA,2025,,414579.4624942944,457845.8501536091,43266.38765931475,0.0,43266.38765931475,XGB_OD,SCENARIO,Aid_HIGH__Conflict_internal_LOW__Conflict_external_HIGH
IRN,USA,2025,,414579.4624942944,434713.32605853,20133.86356423558,0.0,20133.86356423558,XGB_OD,SCENARIO,Aid_HIGH__Conflict_internal_LOW__Conflict_external_LOW
IRN,USA,2025,,414579.4624942944,418251.2917157355,3671.82922144114,0.0,3671.82922144114,XGB_OD,SCENARIO,Aid_LOW
IRN,USA,2025,,414579.4624942944,460477.3277623087,45897.86526801423,0.0,45897.86526801423,XGB_OD,SCENARIO,Aid_LOW__Conflict_external_HIGH
IRN,USA,2025,,414579.4624942944,432326.63706459326,17747.17457029884,0.0,17747.17457029884,XGB_OD,SCENARIO,Aid_LOW__Conflict_external_LOW
IRN,USA,2025,,414579.4624942944,418251.2917157355,3671.82922144114,0.0,3671.82922144114,XGB_OD,SCENARIO,Aid_LOW__Conflict_internal_HIGH
IRN,USA,2025,,414579.4624942944,422473.89532039285,7894.432826098453,0.0,7894.432826098453,XGB_OD,SCENARIO,Aid_LOW__Conflict_internal_HIGH__Conflict_external_HIGH
IRN,USA,2025,,414579.4624942944,419658.8262506213,5079.36375632691,0.0,5079.36375632691,XGB_OD,SCENARIO,Aid_LOW__Conflict_internal_HIGH__Conflict_external_LOW
IRN,USA,2025,,414579.4624942944,418251.2917157355,3671.82922144114,0.0,3671.82922144114,XGB_OD,SCENARIO,Aid_LOW__Conflict_internal_LOW
IRN,USA,2025,,414579.4624942944,447809.5169483367,33230.05445404231,0.0,33230.05445404231,XGB_OD,SCENARIO,Aid_LOW__Conflict_internal_LOW__Conflict_external_HIGH
IRN,USA,2025,,414579.4624942944,428104.0334599359,13524.570965641533,0.0,13524.570965641533,XGB_OD,SCENARIO,Aid_LOW__Conflict_internal_LOW__Conflict_external_LOW
IRN,USA,2025,,414579.4624942944,451297.75470870576,36718.29221441139,0.0,36718.29221441139,XGB_OD,SCENARIO,Conflict_external_HIGH
IRN,USA,2025,,414579.4624942944,426818.8932324315,12239.43073813713,0.0,12239.43073813713,XGB_OD,SCENARIO,Conflict_external_LOW
IRN,USA,2025,,414579.4624942944,414579.4624942944,0.0,0.0,0.0,XGB_OD,SCENARIO,Conflict_internal_HIGH
IRN,USA,2025,,414579.4624942944,418251.2917157355,3671.829221441143,0.0,3671.829221441143,XGB_OD,SCENARIO,Conflict_internal_HIGH__Conflict_external_HIGH
IRN,USA,2025,,414579.4624942944,415803.4055681081,1223.943073813714,0.0,1223.943073813714,XGB_OD,SCENARIO,Conflict_internal_HIGH__Conflict_external_LOW
IRN,USA,2025,,414579.4624942944,414579.4624942944,0.0,0.0,0.0,XGB_OD,SCENARIO,Conflict_internal_LOW
IRN,USA,2025,,414579.4624942944,440282.2670443824,25702.80455008797,0.0,25702.80455008797,XGB_OD,SCENARIO,Conflict_internal_LOW__Conflict_external_HIGH
IRN,USA,2025,,414579.4624942944,423147.0640109904,8567.601516695991,0.0,8567.601516695991,XGB_OD,SCENARIO,Conflict_internal_LOW__Conflict_external_LOW
IRN,USA,2030,,417622.7065336185,,,,,XGB_OD,FORECAST,
IRN,USA,2035,,417622.7065336185,,,,,XGB_OD,FORECAST,
IRQ,USA,2000,100564.0,,,,,,HIST,HIST,
IRQ,USA,2005,89459.0,,,,,,HIST,HIST,
IRQ,USA,2010,163127.0,,,,,,HIST,HIST,
IRQ,USA,2015,210782.0,,,,,,HIST,HIST,
IRQ,USA,2020,244938.0,,,,,,HIST,HIST,
IRQ,USA,2024,272370.0,,,,,,HIST,HIST,
IRQ,USA,2025,,272952.42771097855,,,,,XGB_OD,FORECAST,
IRQ,USA,2025,,272952.42771097855,278361.6316495108,5409.203938532205,0.0,5409.203938532205,XGB_OD,SCENARIO,Aid_HIGH
IRQ,USA,2025,,272952.42771097855,309657.7401510185,36705.31244003996,0.0,36705.31244003996,XGB_OD,SCENARIO,Aid_HIGH__Conflict_external_HIGH
IRQ,USA,2025,,272952.42771097855,288793.66781668,15841.240105701458,0.0,15841.240105701458,XGB_OD,SCENARIO,Aid_HIGH__Conflict_external_LOW
IRQ,USA,2025,,272952.42771097855,278361.6316495108,5409.203938532205,0.0,5409.203938532205,XGB_OD,SCENARIO,Aid_HIGH__Conflict_internal_HIGH
IRQ,USA,2025,,272952.42771097855,281491.2424996615,8538.814788682983,0.0,8538.814788682983,XGB_OD,SCENARIO,Aid_HIGH__Conflict_internal_HIGH__Conflict_external_HIGH
IRQ,USA,2025,,272952.42771097855,279404.83526622766,6452.4075552491295,0.0,6452.4075552491295,XGB_OD,SCENARIO,Aid_HIGH__Conflict_internal_HIGH__Conflict_external_LOW
IRQ,USA,2025,,272952.42771097855,278361.6316495108,5409.203938532205,0.0,5409.203938532205,XGB_OD,SCENARIO,Aid_HIGH__Conflict_internal_LOW
IRQ,USA,2025,,272952.42771097855,300268.90760056616,27316.479889587627,0.0,27316.479889587627,XGB_OD,SCENARIO,Aid_HIGH__Conflict_internal_LOW__Conflict_external_HIGH
IRQ,USA,2025,,272952.42771097855,285664.0569665292,12711.62925555068,0.0,12711.62925555068,XGB_OD,SCENARIO,Aid_HIGH__Conflict_internal_LOW__Conflict_external_LOW
IRQ,USA,2025,,272952.42771097855,275270.6579703495,2318.2302593709446,0.0,2318.2302593709446,XGB_OD,SCENARIO,Aid_LOW
IRQ,USA,2025,,272952.42771097855,301930.30595311534,28977.878242136805,0.0,28977.878242136805,XGB_OD,SCENARIO,Aid_LOW__Conflict_external_HIGH
IRQ,USA,2025,,272952.42771097855,284157.2072979381,11204.779586959568,0.0,11204.779586959568,XGB_OD,SCENARIO,Aid_LOW__Conflict_external_LOW
IRQ,USA,2025,,272952.42771097855,275270.6579703495,2318.2302593709446,0.0,2318.2302593709446,XGB_OD,SCENARIO,Aid_LOW__Conflict_internal_HIGH
IRQ,USA,2025,,272952.42771097855,277936.6227686261,4984.195057647533,0.0,4984.195057647533,XGB_OD,SCENARIO,Aid_LOW__Conflict_internal_HIGH__Conflict_external_HIGH
IRQ,USA,2025,,272952.42771097855,276159.3129031084,3206.885192129808,0.0,3206.885192129808,XGB_OD,SCENARIO,Aid_LOW__Conflict_internal_HIGH__Conflict_external_LOW
IRQ,USA,2025,,272952.42771097855,275270.6579703495,2318.2302593709446,0.0,2318.2302593709446,XGB_OD,SCENARIO,Aid_LOW__Conflict_internal_LOW
IRQ,USA,2025,,272952.42771097855,293932.4115582856,20979.983847307045,0.0,20979.983847307045,XGB_OD,SCENARIO,Aid_LOW__Conflict_internal_LOW__Conflict_external_HIGH
IRQ,USA,2025,,272952.42771097855,281491.2424996615,8538.81478868298,0.0,8538.81478868298,XGB_OD,SCENARIO,Aid_LOW__Conflict_internal_LOW__Conflict_external_LOW
IRQ,USA,2025,,272952.42771097855,296134.730304688,23182.302593709446,0.0,23182.302593709446,XGB_OD,SCENARIO,Conflict_external_HIGH
IRQ,USA,2025,,272952.42771097855,280679.8619088817,7727.434197903149,0.0,7727.434197903149,XGB_OD,SCENARIO,Conflict_external_LOW
IRQ,USA,2025,,272952.42771097855,272952.42771097855,0.0,0.0,0.0,XGB_OD,SCENARIO,Conflict_internal_HIGH
IRQ,USA,2025,,272952.42771097855,275270.6579703495,2318.230259370947,0.0,2318.230259370947,XGB_OD,SCENARIO,Conflict_internal_HIGH__Conflict_external_HIGH
IRQ,USA,2025,,272952.42771097855,273725.17113076884,772.7434197903156,0.0,772.7434197903156,XGB_OD,SCENARIO,Conflict_internal_HIGH__Conflict_external_LOW
IRQ,USA,2025,,272952.42771097855,272952.42771097855,0.0,0.0,0.0,XGB_OD,SCENARIO,Conflict_internal_LOW
IRQ,USA,2025,,272952.42771097855,289180.0395265751,16227.61181559661,0.0,16227.61181559661,XGB_OD,SCENARIO,Conflict_internal_LOW__Conflict_external_HIGH
IRQ,USA,2025,,272952.42771097855,278361.6316495108,5409.203938532205,0.0,5409.203938532205,XGB_OD,SCENARIO,Conflict_internal_LOW__Conflict_external_LOW
IRQ,USA,2030,,283739.59354223404,,,,,XGB_OD,FORECAST,
IRQ,USA,2035,,282713.1892478271,,,,,XGB_OD,FORECAST,
ISR,USA,2000,133038.0,,,,,,HIST,HIST,
ISR,USA,2005,145533.0,,,,,,HIST,HIST,
ISR,USA,2010,154072.0,,,,,,HIST,HIST,
ISR,USA,2015,160345.0,,,,,,HIST,HIST,
ISR,USA,2020,159288.0,,,,,,HIST,HIST,
ISR,USA,2024,170342.0,,,,,,HIST,HIST,
ISR,USA,2025,,170211.45408988534,,,,,XGB_OD,FORECAST,
ISR,USA,2025,,170211.45408988534,173594.4060203382,3382.951930452864,0.0,3382.951930452864,XGB_OD,SCENARIO,Aid_HIGH
ISR,USA,2025,,170211.45408988534,193167.19933224405,22955.745242358724,0.0,22955.745242358724,XGB_OD,SCENARIO,Aid_HIGH__Conflict_external_HIGH
ISR,USA,2025,,170211.45408988534,180118.67045764017,9907.216367754816,0.0,9907.216367754816,XGB_OD,SCENARIO,Aid_HIGH__Conflict_external_LOW
ISR,USA,2025,,170211.45408988534,173594.4060203382,3382.951930452864,0.0,3382.951930452864,XGB_OD,SCENARIO,Aid_HIGH__Conflict_internal_HIGH
ISR,USA,2025,,170211.45408988534,175551.6853515288,5340.231261643451,0.0,5340.231261643451,XGB_OD,SCENARIO,Aid_HIGH__Conflict_internal_HIGH__Conflict_external_HIGH
ISR,USA,2025,,170211.45408988534,174246.8324640684,4035.3783741830593,0.0,4035.3783741830593,XGB_OD,SCENARIO,Aid_HIGH__Conflict_internal_HIGH__Conflict_external_LOW
ISR,USA,2025,,170211.45408988534,173594.4060203382,3382.951930452864,0.0,3382.951930452864,XGB_OD,SCENARIO,Aid_HIGH__Conflict_internal_LOW
ISR,USA,2025,,170211.45408988534,187295.36133867232,17083.90724878696,0.0,17083.90724878696,XGB_OD,SCENARIO,Aid_HIGH__Conflict_internal_LOW__Conflict_external_HIGH
ISR,USA,2025,,170211.45408988534,178161.39112644957,7949.93703656423,0.0,7949.93703656423,XGB_OD,SCENARIO,Aid_HIGH__Conflict_internal_LOW__Conflict_external_LOW
ISR,USA,2025,,170211.45408988534,171661.290631508,1449.836541622656,0.0,1449.836541622656,XGB_OD,SCENARIO,Aid_LOW
ISR,USA,2025,,170211.45408988534,188334.41086016851,18122.9567702832,0.0,18122.9567702832,XGB_OD,SCENARIO,Aid_LOW__Conflict_external_HIGH
ISR,USA,2025,,170211.45408988534,177218.99737439485,7007.543284509504,0.0,7007.543284509504,XGB_OD,SCENARIO,Aid_LOW__Conflict_external_LOW
ISR,USA,2025,,170211.45408988534,171661.290631508,1449.836541622656,0.0,1449.836541622656,XGB_OD,SCENARIO,Aid_LOW__Conflict_internal_HIGH
ISR,USA,2025,,170211.45408988534,173328.60265437406,3117.148564488712,0.0,3117.148564488712,XGB_OD,SCENARIO,Aid_LOW__Conflict_internal_HIGH__Conflict_external_HIGH
ISR,USA,2025,,170211.45408988534,172217.0613057967,2005.607215911341,0.0,2005.607215911341,XGB_OD,SCENARIO,Aid_LOW__Conflict_internal_HIGH__Conflict_external_LOW
ISR,USA,2025,,170211.45408988534,171661.290631508,1449.836541622656,0.0,1449.836541622656,XGB_OD,SCENARIO,Aid_LOW__Conflict_internal_LOW
ISR,USA,2025,,170211.45408988534,183332.4747915704,13121.020701685036,0.0,13121.020701685036,XGB_OD,SCENARIO,Aid_LOW__Conflict_internal_LOW__Conflict_external_HIGH
ISR,USA,2025,,170211.45408988534,175551.68535152878,5340.231261643449,0.0,5340.231261643449,XGB_OD,SCENARIO,Aid_LOW__Conflict_internal_LOW__Conflict_external_LOW
ISR,USA,2025,,170211.45408988534,184709.8195061119,14498.36541622656,0.0,14498.36541622656,XGB_OD,SCENARIO,Conflict_external_HIGH
ISR,USA,2025,,170211.45408988534,175044.24256196083,4832.78847207552,0.0,4832.78847207552,XGB_OD,SCENARIO,Conflict_external_LOW
ISR,USA,2025,,170211.45408988534,170211.45408988534,0.0,0.0,0.0,XGB_OD,SCENARIO,Conflict_internal_HIGH
ISR,USA,2025,,170211.45408988534,171661.290631508,1449.8365416226577,0.0,1449.8365416226577,XGB_OD,SCENARIO,Conflict_internal_HIGH__Conflict_external_HIGH
ISR,USA,2025,,170211.45408988534,170694.7329370929,483.2788472075524,0.0,483.2788472075524,XGB_OD,SCENARIO,Conflict_internal_HIGH__Conflict_external_LOW
ISR,USA,2025,,170211.45408988534,170211.45408988534,0.0,0.0,0.0,XGB_OD,SCENARIO,Conflict_internal_LOW
ISR,USA,2025,,170211.45408988534,180360.30988124397,10148.85579135859,0.0,10148.85579135859,XGB_OD,SCENARIO,Conflict_internal_LOW__Conflict_external_HIGH
ISR,USA,2025,,170211.45408988534,173594.4060203382,3382.951930452864,0.0,3382.951930452864,XGB_OD,SCENARIO,Conflict_internal_LOW__Conflict_external_LOW
ISR,USA,2030,,172667.15529619326,,,,,XGB_OD,FORECAST,
ISR,USA,2035,,173131.32182225373,,,,,XGB_OD,FORECAST,
ITA,USA,2000,573020.0,,,,,,HIST,HIST,
ITA,USA,2005,449642.0,,,,,,HIST,HIST,
ITA,USA,2010,447401.0,,,,,,HIST,HIST,
ITA,USA,2015,424505.0,,,,,,HIST,HIST,
ITA,USA,2020,389417.0,,,,,,HIST,HIST,
ITA,USA,2024,360987.0,,,,,,HIST,HIST,
ITA,USA,2025,,367577.96706793294,,,,,XGB_OD,FORECAST,
ITA,USA,2025,,367577.96706793294,374747.0837186615,7169.116650728509,0.0,7169.116650728509,XGB_OD,SCENARIO,Aid_HIGH
ITA,USA,2025,,367577.96706793294,416225.5443407336,48647.577272800605,0.0,48647.577272800605,XGB_OD,SCENARIO,Aid_HIGH__Conflict_external_HIGH
ITA,USA,2025,,367577.96706793294,388573.2372593522,20995.270191419204,0.0,20995.270191419204,XGB_OD,SCENARIO,Aid_HIGH__Conflict_external_LOW
ITA,USA,2025,,367577.96706793294,374747.0837186615,7169.116650728509,0.0,7169.116650728509,XGB_OD,SCENARIO,Aid_HIGH__Conflict_internal_HIGH
ITA,USA,2025,,367577.96706793294,378894.92978086864,11316.96271293572,0.0,11316.96271293572,XGB_OD,SCENARIO,Aid_HIGH__Conflict_internal_HIGH__Conflict_external_HIGH
ITA,USA,2025,,367577.96706793294,376129.6990727305,8551.732004797579,0.0,8551.732004797579,XGB_OD,SCENARIO,Aid_HIGH__Conflict_internal_HIGH__Conflict_external_LOW
ITA,USA,2025,,367577.96706793294,374747.0837186615,7169.116650728509,0.0,7169.116650728509,XGB_OD,SCENARIO,Aid_HIGH__Conflict_internal_LOW
ITA,USA,2025,,367577.96706793294,403782.006154112,36204.03908617896,0.0,36204.03908617896,XGB_OD,SCENARIO,Aid_HIGH__Conflict_internal_LOW__Conflict_external_HIGH
ITA,USA,2025,,367577.96706793294,384425.3911971449,16847.424129211995,0.0,16847.424129211995,XGB_OD,SCENARIO,Aid_HIGH__Conflict_internal_LOW__Conflict_external_LOW
ITA,USA,2025,,367577.96706793294,370650.4456325309,3072.4785645979323,0.0,3072.4785645979323,XGB_OD,SCENARIO,Aid_LOW
ITA,USA,2025,,367577.96706793294,405983.9491254071,38405.98205747415,0.0,38405.98205747415,XGB_OD,SCENARIO,Aid_LOW__Conflict_external_HIGH
ITA,USA,2025,,367577.96706793294,382428.28013015626,14850.31306222334,0.0,14850.31306222334,XGB_OD,SCENARIO,Aid_LOW__Conflict_external_LOW
ITA,USA,2025,,367577.96706793294,370650.4456325309,3072.4785645979323,0.0,3072.4785645979323,XGB_OD,SCENARIO,Aid_LOW__Conflict_internal_HIGH
ITA,USA,2025,,367577.96706793294,374183.7959818185,6605.828913885557,0.0,6605.828913885557,XGB_OD,SCENARIO,Aid_LOW__Conflict_internal_HIGH__Conflict_external_HIGH
ITA,USA,2025,,367577.96706793294,371828.2290822934,4250.262014360474,0.0,4250.262014360474,XGB_OD,SCENARIO,Aid_LOW__Conflict_internal_HIGH__Conflict_external_LOW
ITA,USA,2025,,367577.96706793294,370650.4456325309,3072.4785645979323,0.0,3072.4785645979323,XGB_OD,SCENARIO,Aid_LOW__Conflict_internal_LOW
ITA,USA,2025,,367577.96706793294,395383.8980775442,27805.93100961128,0.0,27805.93100961128,XGB_OD,SCENARIO,Aid_LOW__Conflict_internal_LOW__Conflict_external_HIGH
ITA,USA,2025,,367577.96706793294,378894.92978086864,11316.962712935718,0.0,11316.962712935718,XGB_OD,SCENARIO,Aid_LOW__Conflict_internal_LOW__Conflict_external_LOW
ITA,USA,2025,,367577.96706793294,398302.7527139123,30724.78564597932,0.0,30724.78564597932,XGB_OD,SCENARIO,Conflict_external_HIGH
ITA,USA,2025,,367577.96706793294,377819.5622832594,10241.59521532644,0.0,10241.59521532644,XGB_OD,SCENARIO,Conflict_external_LOW
ITA,USA,2025,,367577.96706793294,367577.96706793294,0.0,0.0,0.0,XGB_OD,SCENARIO,Conflict_internal_HIGH
ITA,USA,2025,,367577.96706793294,370650.4456325309,3072.4785645979355,0.0,3072.4785645979355,XGB_OD,SCENARIO,Conflict_internal_HIGH__Conflict_external_HIGH
ITA,USA,2025,,367577.96706793294,368602.1265894656,1024.159521532645,0.0,1024.159521532645,XGB_OD,SCENARIO,Conflict_internal_HIGH__Conflict_external_LOW
ITA,USA,2025,,367577.96706793294,367577.96706793294,0.0,0.0,0.0,XGB_OD,SCENARIO,Conflict_internal_LOW
ITA,USA,2025,,367577.96706793294,389085.31702011847,21507.349952185523,0.0,21507.349952185523,XGB_OD,SCENARIO,Conflict_internal_LOW__Conflict_external_HIGH
ITA,USA,2025,,367577.96706793294,374747.0837186615,7169.116650728509,0.0,7169.116650728509,XGB_OD,SCENARIO,Conflict_internal_LOW__Conflict_external_LOW
ITA,USA,2030,,387873.38390131743,,,,,XGB_OD,FORECAST,
ITA,USA,2035,,387873.38390131743,,,,,XGB_OD,FORECAST,
JAM,USA,2000,541069.0,,,,,,HIST,HIST,
JAM,USA,2005,591724.0,,,,,,HIST,HIST,
JAM,USA,2010,681674.0,,,,,,HIST,HIST,
JAM,USA,2015,748216.0,,,,,,HIST,HIST,
JAM,USA,2020,837746.0,,,,,,HIST,HIST,
JAM,USA,2024,910748.0,,,,,,HIST,HIST,
JAM,USA,2025,,893412.2916837574,,,,,XGB_OD,FORECAST,
JAM,USA,2025,,893412.2916837574,911499.5320869236,18087.24040316617,0.0,18087.24040316617,XGB_OD,SCENARIO,Aid_HIGH
JAM,USA,2025,,893412.2916837574,1016147.1372766708,122734.84559291332,0.0,122734.84559291332,XGB_OD,SCENARIO,Aid_HIGH__Conflict_external_HIGH
JAM,USA,2025,,893412.2916837574,946382.0671501728,52969.775466415216,0.0,52969.775466415216,XGB_OD,SCENARIO,Aid_HIGH__Conflict_external_LOW
JAM,USA,2025,,893412.2916837574,911499.5320869236,18087.24040316617,0.0,18087.24040316617,XGB_OD,SCENARIO,Aid_HIGH__Conflict_internal_HIGH
JAM,USA,2025,,893412.2916837574,921964.2926058983,28552.00092214089,0.0,28552.00092214089,XGB_OD,SCENARIO,Aid_HIGH__Conflict_internal_HIGH__Conflict_external_HIGH
JAM,USA,2025,,893412.2916837574,914987.7855932486,21575.49390949108,0.0,21575.49390949108,XGB_OD,SCENARIO,Aid_HIGH__Conflict_internal_HIGH__Conflict_external_LOW
JAM,USA,2025,,893412.2916837574,911499.5320869236,18087.24040316617,0.0,18087.24040316617,XGB_OD,SCENARIO,Aid_HIGH__Conflict_internal_LOW
JAM,USA,2025,,893412.2916837574,984752.8557197466,91340.56403598914,0.0,91340.56403598914,XGB_OD,SCENARIO,Aid_HIGH__Conflict_internal_LOW__Conflict_external_HIGH
JAM,USA,2025,,893412.2916837574,935917.306631198,42505.0149474405,0.0,42505.0149474405,XGB_OD,SCENARIO,Aid_HIGH__Conflict_internal_LOW__Conflict_external_LOW
JAM,USA,2025,,893412.2916837574,901163.9661422572,7751.674458499788,0.0,7751.674458499788,XGB_OD,SCENARIO,Aid_LOW
JAM,USA,2025,,893412.2916837574,990308.2224150049,96895.93073124732,0.0,96895.93073124732,XGB_OD,SCENARIO,Aid_LOW__Conflict_external_HIGH
JAM,USA,2025,,893412.2916837574,930878.7182331732,37466.42654941564,0.0,37466.42654941564,XGB_OD,SCENARIO,Aid_LOW__Conflict_external_LOW
JAM,USA,2025,,893412.2916837574,901163.9661422572,7751.674458499788,0.0,7751.674458499788,XGB_OD,SCENARIO,Aid_LOW__Conflict_internal_HIGH
JAM,USA,2025,,893412.2916837574,910078.391769532,16666.10008577455,0.0,16666.10008577455,XGB_OD,SCENARIO,Aid_LOW__Conflict_internal_HIGH__Conflict_external_HIGH
JAM,USA,2025,,893412.2916837574,904135.4413513488,10723.149667591377,0.0,10723.149667591377,XGB_OD,SCENARIO,Aid_LOW__Conflict_internal_HIGH__Conflict_external_LOW
JAM,USA,2025,,893412.2916837574,901163.9661422572,7751.674458499788,0.0,7751.674458499788,XGB_OD,SCENARIO,Aid_LOW__Conflict_internal_LOW
JAM,USA,2025,,893412.2916837574,963564.9455331804,70152.65384942306,0.0,70152.65384942306,XGB_OD,SCENARIO,Aid_LOW__Conflict_internal_LOW__Conflict_external_HIGH
JAM,USA,2025,,893412.2916837574,921964.2926058983,28552.000922140884,0.0,28552.000922140884,XGB_OD,SCENARIO,Aid_LOW__Conflict_internal_LOW__Conflict_external_LOW
JAM,USA,2025,,893412.2916837574,970929.0362687552,77516.74458499788,0.0,77516.74458499788,XGB_OD,SCENARIO,Conflict_external_HIGH
JAM,USA,2025,,893412.2916837574,919251.2065454234,25838.91486166596,0.0,25838.91486166596,XGB_OD,SCENARIO,Conflict_external_LOW
JAM,USA,2025,,893412.2916837574,893412.2916837574,0.0,0.0,0.0,XGB_OD,SCENARIO,Conflict_internal_HIGH
JAM,USA,2025,,893412.2916837574,901163.9661422572,7751.674458499795,0.0,7751.674458499795,XGB_OD,SCENARIO,Conflict_internal_HIGH__Conflict_external_HIGH
JAM,USA,2025,,893412.2916837574,895996.1831699241,2583.891486166598,0.0,2583.891486166598,XGB_OD,SCENARIO,Conflict_internal_HIGH__Conflict_external_LOW
JAM,USA,2025,,893412.2916837574,893412.2916837574,0.0,0.0,0.0,XGB_OD,SCENARIO,Conflict_internal_LOW
JAM,USA,2025,,893412.2916837574,947674.012893256,54261.7212094985,0.0,54261.7212094985,XGB_OD,SCENARIO,Conflict_internal_LOW__Conflict_external_HIGH
JAM,USA,2025,,893412.2916837574,911499.5320869236,18087.24040316617,0.0,18087.24040316617,XGB_OD,SCENARIO,Conflict_internal_LOW__Conflict_external_LOW
JAM,USA,2030,,846846.389508324,,,,,XGB_OD,FORECAST,
JAM,USA,2035,,890455.5551623688,,,,,XGB_OD,FORECAST,
JPN,USA,2000,548222.0,,,,,,HIST,HIST,
JPN,USA,2005,517367.0,,,,,,HIST,HIST,
JPN,USA,2010,504231.0,,,,,,HIST,HIST,
JPN,USA,2015,538574.0,,,,,,HIST,HIST,
JPN,USA,2020,536286.0,,,,,,HIST,HIST,
JPN,USA,2024,547444.0,,,,,,HIST,HIST,
JPN,USA,2025,,550545.1566890605,,,,,XGB_OD,FORECAST,
JPN,USA,2025,,550545.1566890605,561417.2653681582,10872.108679097684,0.0,10872.108679097684,XGB_OD,SCENARIO,Aid_HIGH
JPN,USA,2025,,550545.1566890605,624320.1798686519,73775.02317959143,0.0,73775.02317959143,XGB_OD,SCENARIO,Aid_HIGH__Conflict_external_HIGH
JPN,USA,2025,,550545.1566890605,582384.9035349895,31839.74684592893,0.0,31839.74684592893,XGB_OD,SCENARIO,Aid_HIGH__Conflict_external_LOW
JPN,USA,2025,,550545.1566890605,561417.2653681582,10872.108679097684,0.0,10872.108679097684,XGB_OD,SCENARIO,Aid_HIGH__Conflict_internal_HIGH
JPN,USA,2025,,550545.1566890605,567707.5568182076,17162.400129147063,0.0,17162.400129147063,XGB_OD,SCENARIO,Aid_HIGH__Conflict_internal_HIGH__Conflict_external_HIGH
JPN,USA,2025,,550545.1566890605,563514.0291848413,12968.872495780808,0.0,12968.872495780808,XGB_OD,SCENARIO,Aid_HIGH__Conflict_internal_HIGH__Conflict_external_LOW
JPN,USA,2025,,550545.1566890605,561417.2653681582,10872.108679097684,0.0,10872.108679097684,XGB_OD,SCENARIO,Aid_HIGH__Conflict_internal_LOW
JPN,USA,2025,,550545.1566890605,605449.3055185038,54904.148829443286,0.0,54904.148829443286,XGB_OD,SCENARIO,Aid_HIGH__Conflict_internal_LOW__Conflict_external_HIGH
JPN,USA,2025,,550545.1566890605,576094.6120849401,25549.455395879555,0.0,25549.455395879555,XGB_OD,SCENARIO,Aid_HIGH__Conflict_internal_LOW__Conflict_external_LOW
JPN,USA,2025,,550545.1566890605,555204.6318372452,4659.475148184722,0.0,4659.475148184722,XGB_OD,SCENARIO,Aid_LOW
JPN,USA,2025,,550545.1566890605,608788.5960413695,58243.43935230901,0.0,58243.43935230901,XGB_OD,SCENARIO,Aid_LOW__Conflict_external_HIGH
JPN,USA,2025,,550545.1566890605,573065.95323862,22520.796549559487,0.0,22520.796549559487,XGB_OD,SCENARIO,Aid_LOW__Conflict_external_LOW
JPN,USA,2025,,550545.1566890605,555204.6318372452,4659.475148184722,0.0,4659.475148184722,XGB_OD,SCENARIO,Aid_LOW__Conflict_internal_HIGH
JPN,USA,2025,,550545.1566890605,560563.0282576577,10017.871568597157,0.0,10017.871568597157,XGB_OD,SCENARIO,Aid_LOW__Conflict_internal_HIGH__Conflict_external_HIGH
JPN,USA,2025,,550545.1566890605,556990.7639773827,6445.607288322199,0.0,6445.607288322199,XGB_OD,SCENARIO,Aid_LOW__Conflict_internal_HIGH__Conflict_external_LOW
JPN,USA,2025,,550545.1566890605,555204.6318372452,4659.475148184722,0.0,4659.475148184722,XGB_OD,SCENARIO,Aid_LOW__Conflict_internal_LOW
JPN,USA,2025,,550545.1566890605,592713.4067801322,42168.25009107172,0.0,42168.25009107172,XGB_OD,SCENARIO,Aid_LOW__Conflict_internal_LOW__Conflict_external_HIGH
JPN,USA,2025,,550545.1566890605,567707.5568182076,17162.400129147056,0.0,17162.400129147056,XGB_OD,SCENARIO,Aid_LOW__Conflict_internal_LOW__Conflict_external_LOW
JPN,USA,2025,,550545.1566890605,597139.9081709078,46594.75148184721,0.0,46594.75148184721,XGB_OD,SCENARIO,Conflict_external_HIGH
JPN,USA,2025,,550545.1566890605,566076.7405163429,15531.583827282404,0.0,15531.583827282404,XGB_OD,SCENARIO,Conflict_external_LOW
JPN,USA,2025,,550545.1566890605,550545.1566890605,0.0,0.0,0.0,XGB_OD,SCENARIO,Conflict_internal_HIGH
JPN,USA,2025,,550545.1566890605,555204.6318372452,4659.475148184726,0.0,4659.475148184726,XGB_OD,SCENARIO,Conflict_internal_HIGH__Conflict_external_HIGH
JPN,USA,2025,,550545.1566890605,552098.3150717887,1553.1583827282418,0.0,1553.1583827282418,XGB_OD,SCENARIO,Conflict_internal_HIGH__Conflict_external_LOW
JPN,USA,2025,,550545.1566890605,550545.1566890605,0.0,0.0,0.0,XGB_OD,SCENARIO,Conflict_internal_LOW
JPN,USA,2025,,550545.1566890605,583161.4827263536,32616.326037293045,0.0,32616.326037293045,XGB_OD,SCENARIO,Conflict_internal_LOW__Conflict_external_HIGH
JPN,USA,2025,,550545.1566890605,561417.2653681582,10872.108679097684,0.0,10872.108679097684,XGB_OD,SCENARIO,Conflict_internal_LOW__Conflict_external_LOW
JPN,USA,2030,,539544.562562573,,,,,XGB_OD,FORECAST,
JPN,USA,2035,,539544.562562573,,,,,XGB_OD,FORECAST,
KEN,USA,2000,43039.0,,,,,,HIST,HIST,
KEN,USA,2005,65380.0,,,,,,HIST,HIST,
KEN,USA,2010,89390.0,,,,,,HIST,HIST,
KEN,USA,2015,140254.0,,,,,,HIST,HIST,
KEN,USA,2020,164517.0,,,,,,HIST,HIST,
KEN,USA,2024,210991.0,,,,,,HIST,HIST,
KEN,USA,2025,,224004.00526870528,,,,,XGB_OD,FORECAST,
KEN,USA,2025,,224004.00526870528,228194.23674865847,4190.231479953193,0.0,4190.231479953193,XGB_OD,SCENARIO,Aid_HIGH
KEN,USA,2025,,224004.00526870528,252437.7188826734,28433.7136139681,0.0,28433.7136139681,XGB_OD,SCENARIO,Aid_HIGH__Conflict_external_HIGH
KEN,USA,2025,,224004.00526870528,236275.3974599968,12271.392191291494,0.0,12271.392191291494,XGB_OD,SCENARIO,Aid_HIGH__Conflict_external_LOW
KEN,USA,2025,,224004.00526870528,228194.23674865847,4190.231479953193,0.0,4190.231479953193,XGB_OD,SCENARIO,Aid_HIGH__Conflict_internal_HIGH
KEN,USA,2025,,224004.00526870528,230618.58496206,6614.579693354685,0.0,6614.579693354685,XGB_OD,SCENARIO,Aid_HIGH__Conflict_internal_HIGH__Conflict_external_HIGH
KEN,USA,2025,,224004.00526870528,229002.35281979232,4998.347551087023,0.0,4998.347551087023,XGB_OD,SCENARIO,Aid_HIGH__Conflict_internal_HIGH__Conflict_external_LOW
KEN,USA,2025,,224004.00526870528,228194.23674865847,4190.231479953193,0.0,4190.231479953193,XGB_OD,SCENARIO,Aid_HIGH__Conflict_internal_LOW
KEN,USA,2025,,224004.00526870528,245164.6742424689,21160.66897376362,0.0,21160.66897376362,XGB_OD,SCENARIO,Aid_HIGH__Conflict_internal_LOW__Conflict_external_HIGH
KEN,USA,2025,,224004.00526870528,233851.0492465953,9847.043977890004,0.0,9847.043977890004,XGB_OD,SCENARIO,Aid_HIGH__Conflict_internal_LOW__Conflict_external_LOW
KEN,USA,2025,,224004.00526870528,225799.8187601138,1795.8134914085113,0.0,1795.8134914085113,XGB_OD,SCENARIO,Aid_LOW
KEN,USA,2025,,224004.00526870528,246451.6739113117,22447.668642606382,0.0,22447.668642606382,XGB_OD,SCENARIO,Aid_LOW__Conflict_external_HIGH
KEN,USA,2025,,224004.00526870528,232683.77047717976,8679.765208474471,0.0,8679.765208474471,XGB_OD,SCENARIO,Aid_LOW__Conflict_external_LOW
KEN,USA,2025,,224004.00526870528,225799.8187601138,1795.8134914085113,0.0,1795.8134914085113,XGB_OD,SCENARIO,Aid_LOW__Conflict_internal_HIGH
KEN,USA,2025,,224004.00526870528,227865.0042752336,3860.999006528301,0.0,3860.999006528301,XGB_OD,SCENARIO,Aid_LOW__Conflict_internal_HIGH__Conflict_external_HIGH
KEN,USA,2025,,224004.00526870528,226488.2139318204,2484.208663115108,0.0,2484.208663115108,XGB_OD,SCENARIO,Aid_LOW__Conflict_internal_HIGH__Conflict_external_LOW
KEN,USA,2025,,224004.00526870528,225799.8187601138,1795.8134914085113,0.0,1795.8134914085113,XGB_OD,SCENARIO,Aid_LOW__Conflict_internal_LOW
KEN,USA,2025,,224004.00526870528,240256.1173659523,16252.112097247023,0.0,16252.112097247023,XGB_OD,SCENARIO,Aid_LOW__Conflict_internal_LOW__Conflict_external_HIGH
KEN,USA,2025,,224004.00526870528,230618.58496206,6614.579693354684,0.0,6614.579693354684,XGB_OD,SCENARIO,Aid_LOW__Conflict_internal_LOW__Conflict_external_LOW
KEN,USA,2025,,224004.00526870528,241962.1401827904,17958.134914085113,0.0,17958.134914085113,XGB_OD,SCENARIO,Conflict_external_HIGH
KEN,USA,2025,,224004.00526870528,229990.05024006695,5986.0449713617045,0.0,5986.0449713617045,XGB_OD,SCENARIO,Conflict_external_LOW
KEN,USA,2025,,224004.00526870528,224004.00526870528,0.0,0.0,0.0,XGB_OD,SCENARIO,Conflict_internal_HIGH
KEN,USA,2025,,224004.00526870528,225799.8187601138,1795.813491408513,0.0,1795.813491408513,XGB_OD,SCENARIO,Conflict_internal_HIGH__Conflict_external_HIGH
KEN,USA,2025,,224004.00526870528,224602.60976584145,598.604497136171,0.0,598.604497136171,XGB_OD,SCENARIO,Conflict_internal_HIGH__Conflict_external_LOW
KEN,USA,2025,,224004.00526870528,224004.00526870528,0.0,0.0,0.0,XGB_OD,SCENARIO,Conflict_internal_LOW
KEN,USA,2025,,224004.00526870528,236574.69970856485,12570.694439859575,0.0,12570.694439859575,XGB_OD,SCENARIO,Conflict_internal_LOW__Conflict_external_HIGH
KEN,USA,2025,,224004.00526870528,228194.23674865847,4190.231479953193,0.0,4190.231479953193,XGB_OD,SCENARIO,Conflict_internal_LOW__Conflict_external_LOW
KEN,USA,2030,,215908.313645332,,,,,XGB_OD,FORECAST,
KEN,USA,2035,,213306.42045822047,,,,,XGB_OD,FORECAST,
KHM,USA,2000,133747.0,,,,,,HIST,HIST,
KHM,USA,2005,147415.0,,,,,,HIST,HIST,
KHM,USA,2010,160007.0,,,,,,HIST,HIST,
KHM,USA,2015,164568.0,,,,,,HIST,HIST,
KHM,USA,2020,158737.0,,,,,,HIST,HIST,
KHM,USA,2024,171380.0,,,,,,HIST,HIST,
KHM,USA,2025,,171840.8527594337,,,,,XGB_OD,FORECAST,
KHM,USA,2025,,171840.8527594337,175244.41912498666,3403.566365552956,0.0,3403.566365552956,XGB_OD,SCENARIO,Aid_HIGH
KHM,USA,2025,,171840.8527594337,194936.48166854304,23095.628909109342,0.0,23095.628909109342,XGB_OD,SCENARIO,Aid_HIGH__Conflict_external_HIGH
KHM,USA,2025,,171840.8527594337,181808.4399728388,9967.587213405084,0.0,9967.587213405084,XGB_OD,SCENARIO,Aid_HIGH__Conflict_external_LOW
KHM,USA,2025,,171840.8527594337,175244.41912498666,3403.566365552956,0.0,3403.566365552956,XGB_OD,SCENARIO,Aid_HIGH__Conflict_internal_HIGH
KHM,USA,2025,,171840.8527594337,177213.6253793423,5372.772619908596,0.0,5372.772619908596,XGB_OD,SCENARIO,Aid_HIGH__Conflict_internal_HIGH__Conflict_external_HIGH
KHM,USA,2025,,171840.8527594337,175900.82120977188,4059.968450338168,0.0,4059.968450338168,XGB_OD,SCENARIO,Aid_HIGH__Conflict_internal_HIGH__Conflict_external_LOW
KHM,USA,2025,,171840.8527594337,175244.41912498666,3403.566365552956,0.0,3403.566365552956,XGB_OD,SCENARIO,Aid_HIGH__Conflict_internal_LOW
KHM,USA,2025,,171840.8527594337,189028.86290547613,17188.01014604242,0.0,17188.01014604242,XGB_OD,SCENARIO,Aid_HIGH__Conflict_internal_LOW__Conflict_external_HIGH
KHM,USA,2025,,171840.8527594337,179839.23371848316,7998.380959049445,0.0,7998.380959049445,XGB_OD,SCENARIO,Aid_HIGH__Conflict_internal_LOW__Conflict_external_LOW
KHM,USA,2025,,171840.8527594337,173299.5240589564,1458.671299522695,0.0,1458.671299522695,XGB_OD,SCENARIO,Aid_LOW
KHM,USA,2025,,171840.8527594337,190074.24400346735,18233.391244033686,0.0,18233.391244033686,XGB_OD,SCENARIO,Aid_LOW__Conflict_external_HIGH
KHM,USA,2025,,171840.8527594337,178891.0973737934,7050.2446143596935,0.0,7050.2446143596935,XGB_OD,SCENARIO,Aid_LOW__Conflict_external_LOW
KHM,USA,2025,,171840.8527594337,173299.5240589564,1458.671299522695,0.0,1458.671299522695,XGB_OD,SCENARIO,Aid_LOW__Conflict_internal_HIGH
KHM,USA,2025,,171840.8527594337,174976.9960534075,3136.143293973796,0.0,3136.143293973796,XGB_OD,SCENARIO,Aid_LOW__Conflict_internal_HIGH__Conflict_external_HIGH
KHM,USA,2025,,171840.8527594337,173858.6813904401,2017.8286310063952,0.0,2017.8286310063952,XGB_OD,SCENARIO,Aid_LOW__Conflict_internal_HIGH__Conflict_external_LOW
KHM,USA,2025,,171840.8527594337,173299.5240589564,1458.671299522695,0.0,1458.671299522695,XGB_OD,SCENARIO,Aid_LOW__Conflict_internal_LOW
KHM,USA,2025,,171840.8527594337,185041.8280201141,13200.975260680389,0.0,13200.975260680389,XGB_OD,SCENARIO,Aid_LOW__Conflict_internal_LOW__Conflict_external_HIGH
KHM,USA,2025,,171840.8527594337,177213.6253793423,5372.772619908594,0.0,5372.772619908594,XGB_OD,SCENARIO,Aid_LOW__Conflict_internal_LOW__Conflict_external_LOW
KHM,USA,2025,,171840.8527594337,186427.56575466067,14586.712995226952,0.0,14586.712995226952,XGB_OD,SCENARIO,Conflict_external_HIGH
KHM,USA,2025,,171840.8527594337,176703.09042450937,4862.2376650756505,0.0,4862.2376650756505,XGB_OD,SCENARIO,Conflict_external_LOW
KHM,USA,2025,,171840.8527594337,171840.8527594337,0.0,0.0,0.0,XGB_OD,SCENARIO,Conflict_internal_HIGH
KHM,USA,2025,,171840.8527594337,173299.5240589564,1458.6712995226967,0.0,1458.6712995226967,XGB_OD,SCENARIO,Conflict_internal_HIGH__Conflict_external_HIGH
KHM,USA,2025,,171840.8527594337,172327.07652594126,486.2237665075655,0.0,486.2237665075655,XGB_OD,SCENARIO,Conflict_internal_HIGH__Conflict_external_LOW
KHM,USA,2025,,171840.8527594337,171840.8527594337,0.0,0.0,0.0,XGB_OD,SCENARIO,Conflict_internal_LOW
KHM,USA,2025,,171840.8527594337,182051.55185609256,10210.699096658864,0.0,10210.699096658864,XGB_OD,SCENARIO,Conflict_internal_LOW__Conflict_external_HIGH
KHM,USA,2025,,171840.8527594337,175244.41912498666,3403.566365552956,0.0,3403.566365552956,XGB_OD,SCENARIO,Conflict_internal_LOW__Conflict_external_LOW
KHM,USA,2030,,174423.16444215085,,,,,XGB_OD,FORECAST,
KHM,USA,2035,,174239.4513089347,,,,,XGB_OD,FORECAST,
KOR,USA,2000,970756.0,,,,,,HIST,HIST,
KOR,USA,2005,1038088.0,,,,,,HIST,HIST,
KOR,USA,2010,1128067.0,,,,,,HIST,HIST,
KOR,USA,2015,1126824.0,,,,,,HIST,HIST,
KOR,USA,2020,1091276.0,,,,,,HIST,HIST,
KOR,USA,2024,1083174.0,,,,,,HIST,HIST,
KOR,USA,2025,,1055008.6970402645,,,,,XGB_OD,FORECAST,
KOR,USA,2025,,1055008.6970402645,1076520.277122196,21511.580081931643,0.0,21511.580081931643,XGB_OD,SCENARIO,Aid_HIGH
KOR,USA,2025,,1055008.6970402645,1200980.133310515,145971.43627025044,0.0,145971.43627025044,XGB_OD,SCENARIO,Aid_HIGH__Conflict_external_HIGH
KOR,USA,2025,,1055008.6970402645,1118006.8958516358,62998.19881137124,0.0,62998.19881137124,XGB_OD,SCENARIO,Aid_HIGH__Conflict_external_LOW
KOR,USA,2025,,1055008.6970402645,1076520.277122196,21511.580081931643,0.0,21511.580081931643,XGB_OD,SCENARIO,Aid_HIGH__Conflict_internal_HIGH
KOR,USA,2025,,1055008.6970402645,1088966.262741028,33957.56570076353,0.0,33957.56570076353,XGB_OD,SCENARIO,Aid_HIGH__Conflict_internal_HIGH__Conflict_external_HIGH
KOR,USA,2025,,1055008.6970402645,1080668.93899514,25660.241954875604,0.0,25660.241954875604,XGB_OD,SCENARIO,Aid_HIGH__Conflict_internal_HIGH__Conflict_external_LOW
KOR,USA,2025,,1055008.6970402645,1076520.277122196,21511.580081931643,0.0,21511.580081931643,XGB_OD,SCENARIO,Aid_HIGH__Conflict_internal_LOW
KOR,USA,2025,,1055008.6970402645,1163642.1764540193,108633.47941375476,0.0,108633.47941375476,XGB_OD,SCENARIO,Aid_HIGH__Conflict_internal_LOW__Conflict_external_HIGH
KOR,USA,2025,,1055008.6970402645,1105560.9102328038,50552.21319253936,0.0,50552.21319253936,XGB_OD,SCENARIO,Aid_HIGH__Conflict_internal_LOW__Conflict_external_LOW
KOR,USA,2025,,1055008.6970402645,1064227.9456468066,9219.248606542133,0.0,9219.248606542133,XGB_OD,SCENARIO,Aid_LOW
KOR,USA,2025,,1055008.6970402645,1170249.304622041,115240.60758177664,0.0,115240.60758177664,XGB_OD,SCENARIO,Aid_LOW__Conflict_external_HIGH
KOR,USA,2025,,1055008.6970402645,1099568.3986385516,44559.70159828698,0.0,44559.70159828698,XGB_OD,SCENARIO,Aid_LOW__Conflict_external_LOW
KOR,USA,2025,,1055008.6970402645,1064227.9456468066,9219.248606542133,0.0,9219.248606542133,XGB_OD,SCENARIO,Aid_LOW__Conflict_internal_HIGH
KOR,USA,2025,,1055008.6970402645,1074830.08154433,19821.384504065594,0.0,19821.384504065594,XGB_OD,SCENARIO,Aid_LOW__Conflict_internal_HIGH__Conflict_external_HIGH
KOR,USA,2025,,1055008.6970402645,1067761.9909459811,12753.29390571662,0.0,12753.29390571662,XGB_OD,SCENARIO,Aid_LOW__Conflict_internal_HIGH__Conflict_external_LOW
KOR,USA,2025,,1055008.6970402645,1064227.9456468066,9219.248606542133,0.0,9219.248606542133,XGB_OD,SCENARIO,Aid_LOW__Conflict_internal_LOW
KOR,USA,2025,,1055008.6970402645,1138442.8969294708,83434.19988920628,0.0,83434.19988920628,XGB_OD,SCENARIO,Aid_LOW__Conflict_internal_LOW__Conflict_external_HIGH
KOR,USA,2025,,1055008.6970402645,1088966.262741028,33957.56570076352,0.0,33957.56570076352,XGB_OD,SCENARIO,Aid_LOW__Conflict_internal_LOW__Conflict_external_LOW
KOR,USA,2025,,1055008.6970402645,1147201.1831056855,92192.48606542133,0.0,92192.48606542133,XGB_OD,SCENARIO,Conflict_external_HIGH
KOR,USA,2025,,1055008.6970402645,1085739.5257287382,30730.82868847377,0.0,30730.82868847377,XGB_OD,SCENARIO,Conflict_external_LOW
KOR,USA,2025,,1055008.6970402645,1055008.6970402645,0.0,0.0,0.0,XGB_OD,SCENARIO,Conflict_internal_HIGH
KOR,USA,2025,,1055008.6970402645,1064227.9456468066,9219.248606542142,0.0,9219.248606542142,XGB_OD,SCENARIO,Conflict_internal_HIGH__Conflict_external_HIGH
KOR,USA,2025,,1055008.6970402645,1058081.7799091118,3073.08286884738,0.0,3073.08286884738,XGB_OD,SCENARIO,Conflict_internal_HIGH__Conflict_external_LOW
KOR,USA,2025,,1055008.6970402645,1055008.6970402645,0.0,0.0,0.0,XGB_OD,SCENARIO,Conflict_internal_LOW
KOR,USA,2025,,1055008.6970402645,1119543.4372860594,64534.740245794914,0.0,64534.740245794914,XGB_OD,SCENARIO,Conflict_internal_LOW__Conflict_external_HIGH
KOR,USA,2025,,1055008.6970402645,1076520.277122196,21511.580081931643,0.0,21511.580081931643,XGB_OD,SCENARIO,Conflict_internal_LOW__Conflict_external_LOW
KOR,USA,2030,,1055008.6970402645,,,,,XGB_OD,FORECAST,
KOR,USA,2035,,1055008.6970402645,,,,,XGB_OD,FORECAST,
LAO,USA,2000,197031.0,,,,,,HIST,HIST,
LAO,USA,2005,201179.0,,,,,,HIST,HIST,
LAO,USA,2010,191464.0,,,,,,HIST,HIST,
LAO,USA,2015,194279.0,,,,,,HIST,HIST,
LAO,USA,2020,178574.0,,,,,,HIST,HIST,
LAO,USA,2024,176588.0,,,,,,HIST,HIST,
LAO,USA,2025,,168422.65863570428,,,,,XGB_OD,FORECAST,
LAO,USA,2025,,168422.65863570428,171929.65465251057,3506.9960168062703,0.0,3506.9960168062703,XGB_OD,SCENARIO,Aid_HIGH
LAO,USA,2025,,168422.65863570428,192220.13160688968,23797.47297118541,0.0,23797.47297118541,XGB_OD,SCENARIO,Aid_HIGH__Conflict_external_HIGH
LAO,USA,2025,,168422.65863570428,178693.14697063694,10270.48833493265,0.0,10270.48833493265,XGB_OD,SCENARIO,Aid_HIGH__Conflict_external_LOW
LAO,USA,2025,,168422.65863570428,171929.65465251057,3506.9960168062703,0.0,3506.9960168062703,XGB_OD,SCENARIO,Aid_HIGH__Conflict_internal_HIGH
LAO,USA,2025,,168422.65863570428,173958.70234794848,5536.043712244185,0.0,5536.043712244185,XGB_OD,SCENARIO,Aid_HIGH__Conflict_internal_HIGH__Conflict_external_HIGH
LAO,USA,2025,,168422.65863570428,172606.0038843232,4183.345248618908,0.0,4183.345248618908,XGB_OD,SCENARIO,Aid_HIGH__Conflict_internal_HIGH__Conflict_external_LOW
LAO,USA,2025,,168422.65863570428,171929.65465251057,3506.9960168062703,0.0,3506.9960168062703,XGB_OD,SCENARIO,Aid_HIGH__Conflict_internal_LOW
LAO,USA,2025,,168422.65863570428,186132.98852057595,17710.329884871662,0.0,17710.329884871662,XGB_OD,SCENARIO,Aid_HIGH__Conflict_internal_LOW__Conflict_external_HIGH
LAO,USA,2025,,168422.65863570428,176664.09927519903,8241.440639494735,0.0,8241.440639494735,XGB_OD,SCENARIO,Aid_HIGH__Conflict_internal_LOW__Conflict_external_LOW
LAO,USA,2025,,168422.65863570428,169925.65692862126,1502.998292916973,0.0,1502.998292916973,XGB_OD,SCENARIO,Aid_LOW
LAO,USA,2025,,168422.65863570428,187210.13729716645,18787.47866146216,0.0,18787.47866146216,XGB_OD,SCENARIO,Aid_LOW__Conflict_external_HIGH
LAO,USA,2025,,168422.65863570428,175687.15038480298,7264.491749098703,0.0,7264.491749098703,XGB_OD,SCENARIO,Aid_LOW__Conflict_external_LOW
LAO,USA,2025,,168422.65863570428,169925.65692862126,1502.998292916973,0.0,1502.998292916973,XGB_OD,SCENARIO,Aid_LOW__Conflict_internal_HIGH
LAO,USA,2025,,168422.65863570428,171654.10496547577,3231.4463297714933,0.0,3231.4463297714933,XGB_OD,SCENARIO,Aid_LOW__Conflict_internal_HIGH__Conflict_external_HIGH
LAO,USA,2025,,168422.65863570428,170501.80627423944,2079.147638535146,0.0,2079.147638535146,XGB_OD,SCENARIO,Aid_LOW__Conflict_internal_HIGH__Conflict_external_LOW
LAO,USA,2025,,168422.65863570428,169925.65692862126,1502.998292916973,0.0,1502.998292916973,XGB_OD,SCENARIO,Aid_LOW__Conflict_internal_LOW
LAO,USA,2025,,168422.65863570428,182024.79318660288,13602.134550898603,0.0,13602.134550898603,XGB_OD,SCENARIO,Aid_LOW__Conflict_internal_LOW__Conflict_external_HIGH
LAO,USA,2025,,168422.65863570428,173958.70234794848,5536.043712244184,0.0,5536.043712244184,XGB_OD,SCENARIO,Aid_LOW__Conflict_internal_LOW__Conflict_external_LOW
LAO,USA,2025,,168422.65863570428,183452.641564874,15029.98292916973,0.0,15029.98292916973,XGB_OD,SCENARIO,Conflict_external_HIGH
LAO,USA,2025,,168422.65863570428,173432.65294542752,5009.994309723244,0.0,5009.994309723244,XGB_OD,SCENARIO,Conflict_external_LOW
LAO,USA,2025,,168422.65863570428,168422.65863570428,0.0,0.0,0.0,XGB_OD,SCENARIO,Conflict_internal_HIGH
LAO,USA,2025,,168422.65863570428,169925.65692862126,1502.9982929169746,0.0,1502.9982929169746,XGB_OD,SCENARIO,Conflict_internal_HIGH__Conflict_external_HIGH
LAO,USA,2025,,168422.65863570428,168923.6580666766,500.9994309723247,0.0,500.9994309723247,XGB_OD,SCENARIO,Conflict_internal_HIGH__Conflict_external_LOW
LAO,USA,2025,,168422.65863570428,168422.65863570428,0.0,0.0,0.0,XGB_OD,SCENARIO,Conflict_internal_LOW
LAO,USA,2025,,168422.65863570428,178943.6466861231,10520.98805041881,0.0,10520.98805041881,XGB_OD,SCENARIO,Conflict_internal_LOW__Conflict_external_HIGH
LAO,USA,2025,,168422.65863570428,171929.65465251057,3506.9960168062703,0.0,3506.9960168062703,XGB_OD,SCENARIO,Conflict_internal_LOW__Conflict_external_LOW
LAO,USA,2030,,168156.71929169522,,,,,XGB_OD,FORECAST,
LAO,USA,2035,,174174.65758825853,,,,,XGB_OD,FORECAST,
LBN,USA,2000,110064.0,,,,,,HIST,HIST,
LBN,USA,2005,106542.0,,,,,,HIST,HIST,
LBN,USA,2010,123454.0,,,,,,HIST,HIST,
LBN,USA,2015,131683.0,,,,,,HIST,HIST,
LBN,USA,2020,139103.0,,,,,,HIST,HIST,
LBN,USA,2024,150380.0,,,,,,HIST,HIST,
LBN,USA,2025,,151313.3116775146,,,,,XGB_OD,FORECAST,
LBN,USA,2025,,151313.3116775146,154299.82299769105,2986.51132017645,0.0,2986.51132017645,XGB_OD,SCENARIO,Aid_HIGH
LBN,USA,2025,,151313.3116775146,171578.9242072834,20265.61252976877,0.0,20265.61252976877,XGB_OD,SCENARIO,Aid_HIGH__Conflict_external_HIGH
LBN,USA,2025,,151313.3116775146,160059.5234008885,8746.21172337389,0.0,8746.21172337389,XGB_OD,SCENARIO,Aid_HIGH__Conflict_external_LOW
LBN,USA,2025,,151313.3116775146,154299.82299769105,2986.51132017645,0.0,2986.51132017645,XGB_OD,SCENARIO,Aid_HIGH__Conflict_internal_HIGH
LBN,USA,2025,,151313.3116775146,156027.7331186503,4714.421441135683,0.0,4714.421441135683,XGB_OD,SCENARIO,Aid_HIGH__Conflict_internal_HIGH__Conflict_external_HIGH
LBN,USA,2025,,151313.3116775146,154875.7930380108,3562.481360496194,0.0,3562.481360496194,XGB_OD,SCENARIO,Aid_HIGH__Conflict_internal_HIGH__Conflict_external_LOW
LBN,USA,2025,,151313.3116775146,154299.82299769105,2986.51132017645,0.0,2986.51132017645,XGB_OD,SCENARIO,Aid_HIGH__Conflict_internal_LOW
LBN,USA,2025,,151313.3116775146,166395.19384440567,15081.88216689107,0.0,15081.88216689107,XGB_OD,SCENARIO,Aid_HIGH__Conflict_internal_LOW__Conflict_external_HIGH
LBN,USA,2025,,151313.3116775146,158331.61327992927,7018.301602414658,0.0,7018.301602414658,XGB_OD,SCENARIO,Aid_HIGH__Conflict_internal_LOW__Conflict_external_LOW
LBN,USA,2025,,151313.3116775146,152593.24510044736,1279.9334229327644,0.0,1279.9334229327644,XGB_OD,SCENARIO,Aid_LOW
LBN,USA,2025,,151313.3116775146,167312.47946417416,15999.167786659553,0.0,15999.167786659553,XGB_OD,SCENARIO,Aid_LOW__Conflict_external_HIGH
LBN,USA,2025,,151313.3116775146,157499.65655502296,6186.344877508362,0.0,6186.344877508362,XGB_OD,SCENARIO,Aid_LOW__Conflict_external_LOW
LBN,USA,2025,,151313.3116775146,152593.24510044736,1279.9334229327644,0.0,1279.9334229327644,XGB_OD,SCENARIO,Aid_LOW__Conflict_internal_HIGH
LBN,USA,2025,,151313.3116775146,154065.16853682004,2751.856859305444,0.0,2751.856859305444,XGB_OD,SCENARIO,Aid_LOW__Conflict_internal_HIGH__Conflict_external_HIGH
LBN,USA,2025,,151313.3116775146,153083.88624590493,1770.5745683903242,0.0,1770.5745683903242,XGB_OD,SCENARIO,Aid_LOW__Conflict_internal_HIGH__Conflict_external_LOW
LBN,USA,2025,,151313.3116775146,152593.24510044736,1279.9334229327644,0.0,1279.9334229327644,XGB_OD,SCENARIO,Aid_LOW__Conflict_internal_LOW
LBN,USA,2025,,151313.3116775146,162896.70915505613,11583.397477541515,0.0,11583.397477541515,XGB_OD,SCENARIO,Aid_LOW__Conflict_internal_LOW__Conflict_external_HIGH
LBN,USA,2025,,151313.3116775146,156027.7331186503,4714.4214411356825,0.0,4714.4214411356825,XGB_OD,SCENARIO,Aid_LOW__Conflict_internal_LOW__Conflict_external_LOW
LBN,USA,2025,,151313.3116775146,164112.64590684226,12799.334229327644,0.0,12799.334229327644,XGB_OD,SCENARIO,Conflict_external_HIGH
LBN,USA,2025,,151313.3116775146,155579.75642062383,4266.444743109215,0.0,4266.444743109215,XGB_OD,SCENARIO,Conflict_external_LOW
LBN,USA,2025,,151313.3116775146,151313.3116775146,0.0,0.0,0.0,XGB_OD,SCENARIO,Conflict_internal_HIGH
LBN,USA,2025,,151313.3116775146,152593.24510044738,1279.9334229327658,0.0,1279.9334229327658,XGB_OD,SCENARIO,Conflict_internal_HIGH__Conflict_external_HIGH
LBN,USA,2025,,151313.3116775146,151739.95615182552,426.6444743109218,0.0,426.6444743109218,XGB_OD,SCENARIO,Conflict_internal_HIGH__Conflict_external_LOW
LBN,USA,2025,,151313.3116775146,151313.3116775146,0.0,0.0,0.0,XGB_OD,SCENARIO,Conflict_internal_LOW
LBN,USA,2025,,151313.3116775146,160272.84563804395,8959.533960529348,0.0,8959.533960529348,XGB_OD,SCENARIO,Conflict_internal_LOW__Conflict_external_HIGH
LBN,USA,2025,,151313.3116775146,154299.82299769105,2986.51132017645,0.0,2986.51132017645,XGB_OD,SCENARIO,Conflict_internal_LOW__Conflict_external_LOW
LBN,USA,2030,,151363.68235543513,,,,,XGB_OD,FORECAST,
LBN,USA,2035,,151363.68235543513,,,,,XGB_OD,FORECAST,
MEX,USA,2000,9245920.0,,,,,,HIST,HIST,
MEX,USA,2005,11171400.0,,,,,,HIST,HIST,
MEX,USA,2010,11895927.0,,,,,,HIST,HIST,
MEX,USA,2015,11938908.0,,,,,,HIST,HIST,
MEX,USA,2020,11177052.0,,,,,,HIST,HIST,
MEX,USA,2024,11279561.0,,,,,,HIST,HIST,
MEX,USA,2025,,11306523.460333329,,,,,XGB_OD,FORECAST,
MEX,USA,2025,,11306523.460333329,11530532.880556244,224009.4202229133,0.0,224009.4202229133,XGB_OD,SCENARIO,Aid_HIGH
MEX,USA,2025,,11306523.460333329,12826587.383274524,1520063.9229411974,0.0,1520063.9229411974,XGB_OD,SCENARIO,Aid_HIGH__Conflict_external_HIGH
MEX,USA,2025,,11306523.460333329,11962551.048129003,656027.5877956746,0.0,656027.5877956746,XGB_OD,SCENARIO,Aid_HIGH__Conflict_external_LOW
MEX,USA,2025,,11306523.460333329,11530532.880556244,224009.4202229133,0.0,224009.4202229133,XGB_OD,SCENARIO,Aid_HIGH__Conflict_internal_HIGH
MEX,USA,2025,,11306523.460333329,11660138.33082807,353614.8704947418,0.0,353614.8704947418,XGB_OD,SCENARIO,Aid_HIGH__Conflict_internal_HIGH__Conflict_external_HIGH
MEX,USA,2025,,11306523.460333329,11573734.697313515,267211.2369801894,0.0,267211.2369801894,XGB_OD,SCENARIO,Aid_HIGH__Conflict_internal_HIGH__Conflict_external_LOW
MEX,USA,2025,,11306523.460333329,11530532.880556244,224009.4202229133,0.0,224009.4202229133,XGB_OD,SCENARIO,Aid_HIGH__Conflict_internal_LOW
MEX,USA,2025,,11306523.460333329,12437771.03245904,1131247.5721257117,0.0,1131247.5721257117,XGB_OD,SCENARIO,Aid_HIGH__Conflict_internal_LOW__Conflict_external_HIGH
MEX,USA,2025,,11306523.460333329,11832945.597857175,526422.1375238461,0.0,526422.1375238461,XGB_OD,SCENARIO,Aid_HIGH__Conflict_internal_LOW__Conflict_external_LOW
MEX,USA,2025,,11306523.460333329,11402527.49757172,96004.0372383914,0.0,96004.0372383914,XGB_OD,SCENARIO,Aid_LOW
MEX,USA,2025,,11306523.460333329,12506573.92581322,1200050.4654798922,0.0,1200050.4654798922,XGB_OD,SCENARIO,Aid_LOW__Conflict_external_HIGH
MEX,USA,2025,,11306523.460333329,11770542.97365222,464019.51331889175,0.0,464019.51331889175,XGB_OD,SCENARIO,Aid_LOW__Conflict_external_LOW
MEX,USA,2025,,11306523.460333329,11402527.49757172,96004.0372383914,0.0,96004.0372383914,XGB_OD,SCENARIO,Aid_LOW__Conflict_internal_HIGH
MEX,USA,2025,,11306523.460333329,11512932.14039587,206408.6800625416,0.0,206408.6800625416,XGB_OD,SCENARIO,Aid_LOW__Conflict_internal_HIGH__Conflict_external_HIGH
MEX,USA,2025,,11306523.460333329,11439329.04517977,132805.58484644146,0.0,132805.58484644146,XGB_OD,SCENARIO,Aid_LOW__Conflict_internal_HIGH__Conflict_external_LOW
MEX,USA,2025,,11306523.460333329,11402527.49757172,96004.0372383914,0.0,96004.0372383914,XGB_OD,SCENARIO,Aid_LOW__Conflict_internal_LOW
MEX,USA,2025,,11306523.460333329,12175359.99734077,868836.537007442,0.0,868836.537007442,XGB_OD,SCENARIO,Aid_LOW__Conflict_internal_LOW__Conflict_external_HIGH
MEX,USA,2025,,11306523.460333329,11660138.33082807,353614.87049474166,0.0,353614.87049474166,XGB_OD,SCENARIO,Aid_LOW__Conflict_internal_LOW__Conflict_external_LOW
MEX,USA,2025,,11306523.460333329,12266563.832717244,960040.372383914,0.0,960040.372383914,XGB_OD,SCENARIO,Conflict_external_HIGH
MEX,USA,2025,,11306523.460333329,11626536.917794634,320013.4574613047,0.0,320013.4574613047,XGB_OD,SCENARIO,Conflict_external_LOW
MEX,USA,2025,,11306523.460333329,11306523.460333329,0.0,0.0,0.0,XGB_OD,SCENARIO,Conflict_internal_HIGH
MEX,USA,2025,,11306523.460333329,11402527.49757172,96004.0372383915,0.0,96004.0372383915,XGB_OD,SCENARIO,Conflict_internal_HIGH__Conflict_external_HIGH
MEX,USA,2025,,11306523.460333329,11338524.806079458,32001.34574613049,0.0,32001.34574613049,XGB_OD,SCENARIO,Conflict_internal_HIGH__Conflict_external_LOW
MEX,USA,2025,,11306523.460333329,11306523.460333329,0.0,0.0,0.0,XGB_OD,SCENARIO,Conflict_internal_LOW
MEX,USA,2025,,11306523.460333329,11978551.721002068,672028.2606687397,0.0,672028.2606687397,XGB_OD,SCENARIO,Conflict_internal_LOW__Conflict_external_HIGH
MEX,USA,2025,,11306523.460333329,11530532.880556244,224009.4202229133,0.0,224009.4202229133,XGB_OD,SCENARIO,Conflict_internal_LOW__Conflict_external_LOW
MEX,USA,2030,,11306523.460333329,,,,,XGB_OD,FORECAST,
MEX,USA,2035,,11306523.460333329,,,,,XGB_OD,FORECAST,
MMR,USA,2000,27986.0,,,,,,HIST,HIST,
MMR,USA,2005,37223.0,,,,,,HIST,HIST,
MMR,USA,2010,81779.0,,,,,,HIST,HIST,
MMR,USA,2015,136994.0,,,,,,HIST,HIST,
MMR,USA,2020,161967.0,,,,,,HIST,HIST,
MMR,USA,2024,199585.0,,,,,,HIST,HIST,
MMR,USA,2025,,237338.4933912672,,,,,XGB_OD,FORECAST,
MMR,USA,2025,,237338.4933912672,241302.2044022888,3963.711011021601,0.0,3963.711011021601,XGB_OD,SCENARIO,Aid_HIGH
MMR,USA,2025,,237338.4933912672,264235.1038231995,26896.61043193229,0.0,26896.61043193229,XGB_OD,SCENARIO,Aid_HIGH__Conflict_external_HIGH
MMR,USA,2025,,237338.4933912672,248946.50420925903,11608.010817991832,0.0,11608.010817991832,XGB_OD,SCENARIO,Aid_HIGH__Conflict_external_LOW
MMR,USA,2025,,237338.4933912672,241302.2044022888,3963.711011021601,0.0,3963.711011021601,XGB_OD,SCENARIO,Aid_HIGH__Conflict_internal_HIGH
MMR,USA,2025,,237338.4933912672,243595.49434437987,6257.000953112672,0.0,6257.000953112672,XGB_OD,SCENARIO,Aid_HIGH__Conflict_internal_HIGH__Conflict_external_HIGH
MMR,USA,2025,,237338.4933912672,242066.63438298585,4728.140991718624,0.0,4728.140991718624,XGB_OD,SCENARIO,Aid_HIGH__Conflict_internal_HIGH__Conflict_external_LOW
MMR,USA,2025,,237338.4933912672,241302.2044022888,3963.711011021601,0.0,3963.711011021601,XGB_OD,SCENARIO,Aid_HIGH__Conflict_internal_LOW
MMR,USA,2025,,237338.4933912672,257355.23399692628,20016.74060565908,0.0,20016.74060565908,XGB_OD,SCENARIO,Aid_HIGH__Conflict_internal_LOW__Conflict_external_HIGH
MMR,USA,2025,,237338.4933912672,246653.214267168,9314.72087590076,0.0,9314.72087590076,XGB_OD,SCENARIO,Aid_HIGH__Conflict_internal_LOW__Conflict_external_LOW
MMR,USA,2025,,237338.4933912672,239037.22668170504,1698.7332904378288,0.0,1698.7332904378288,XGB_OD,SCENARIO,Aid_LOW
MMR,USA,2025,,237338.4933912672,258572.65952174005,21234.16613047285,0.0,21234.16613047285,XGB_OD,SCENARIO,Aid_LOW__Conflict_external_HIGH
MMR,USA,2025,,237338.4933912672,245549.03762838335,8210.544237116173,0.0,8210.544237116173,XGB_OD,SCENARIO,Aid_LOW__Conflict_external_LOW
MMR,USA,2025,,237338.4933912672,239037.22668170504,1698.7332904378288,0.0,1698.7332904378288,XGB_OD,SCENARIO,Aid_LOW__Conflict_internal_HIGH
MMR,USA,2025,,237338.4933912672,240990.7699657085,3652.276574441333,0.0,3652.276574441333,XGB_OD,SCENARIO,Aid_LOW__Conflict_internal_HIGH__Conflict_external_HIGH
MMR,USA,2025,,237338.4933912672,239688.4077763729,2349.914385105664,0.0,2349.914385105664,XGB_OD,SCENARIO,Aid_LOW__Conflict_internal_HIGH__Conflict_external_LOW
MMR,USA,2025,,237338.4933912672,239037.22668170504,1698.7332904378288,0.0,1698.7332904378288,XGB_OD,SCENARIO,Aid_LOW__Conflict_internal_LOW
MMR,USA,2025,,237338.4933912672,252712.0296697296,15373.536278462348,0.0,15373.536278462348,XGB_OD,SCENARIO,Aid_LOW__Conflict_internal_LOW__Conflict_external_HIGH
MMR,USA,2025,,237338.4933912672,243595.49434437987,6257.00095311267,0.0,6257.00095311267,XGB_OD,SCENARIO,Aid_LOW__Conflict_internal_LOW__Conflict_external_LOW
MMR,USA,2025,,237338.4933912672,254325.8262956455,16987.332904378287,0.0,16987.332904378287,XGB_OD,SCENARIO,Conflict_external_HIGH
MMR,USA,2025,,237338.4933912672,243000.93769272664,5662.44430145943,0.0,5662.44430145943,XGB_OD,SCENARIO,Conflict_external_LOW
MMR,USA,2025,,237338.4933912672,237338.4933912672,0.0,0.0,0.0,XGB_OD,SCENARIO,Conflict_internal_HIGH
MMR,USA,2025,,237338.4933912672,239037.22668170504,1698.7332904378306,0.0,1698.7332904378306,XGB_OD,SCENARIO,Conflict_internal_HIGH__Conflict_external_HIGH
MMR,USA,2025,,237338.4933912672,237904.73782141315,566.2444301459434,0.0,566.2444301459434,XGB_OD,SCENARIO,Conflict_internal_HIGH__Conflict_external_LOW
MMR,USA,2025,,237338.4933912672,237338.4933912672,0.0,0.0,0.0,XGB_OD,SCENARIO,Conflict_internal_LOW
MMR,USA,2025,,237338.4933912672,249229.626424332,11891.1330330648,0.0,11891.1330330648,XGB_OD,SCENARIO,Conflict_internal_LOW__Conflict_external_HIGH
MMR,USA,2025,,237338.4933912672,241302.2044022888,3963.711011021601,0.0,3963.711011021601,XGB_OD,SCENARIO,Conflict_internal_LOW__Conflict_external_LOW
MMR,USA,2030,,259996.3465598991,,,,,XGB_OD,FORECAST,
MMR,USA,2035,,292966.00909930776,,,,,XGB_OD,FORECAST,
NGA,USA,2000,125503.0,,,,,,HIST,HIST,
NGA,USA,2005,167721.0,,,,,,HIST,HIST,
NGA,USA,2010,221495.0,,,,,,HIST,HIST,
NGA,USA,2015,324227.0,,,,,,HIST,HIST,
NGA,USA,2020,451656.0,,,,,,HIST,HIST,
NGA,USA,2024,565053.0,,,,,,HIST,HIST,
NGA,USA,2025,,596648.7978953645,,,,,XGB_OD,FORECAST,
NGA,USA,2025,,596648.7978953645,607870.6171598923,11221.819264527916,0.0,11221.819264527916,XGB_OD,SCENARIO,Aid_HIGH
NGA,USA,2025,,596648.7978953645,672796.8571903753,76148.05929501085,0.0,76148.05929501085,XGB_OD,SCENARIO,Aid_HIGH__Conflict_external_HIGH
NGA,USA,2025,,596648.7978953645,629512.6971700534,32863.8992746889,0.0,32863.8992746889,XGB_OD,SCENARIO,Aid_HIGH__Conflict_external_LOW
NGA,USA,2025,,596648.7978953645,607870.6171598923,11221.819264527916,0.0,11221.819264527916,XGB_OD,SCENARIO,Aid_HIGH__Conflict_internal_HIGH
NGA,USA,2025,,596648.7978953645,614363.2411629406,17714.443267576215,0.0,17714.443267576215,XGB_OD,SCENARIO,Aid_HIGH__Conflict_internal_HIGH__Conflict_external_HIGH
NGA,USA,2025,,596648.7978953645,610034.8251609085,13386.027265544011,0.0,13386.027265544011,XGB_OD,SCENARIO,Aid_HIGH__Conflict_internal_HIGH__Conflict_external_LOW
NGA,USA,2025,,596648.7978953645,607870.6171598923,11221.819264527916,0.0,11221.819264527916,XGB_OD,SCENARIO,Aid_HIGH__Conflict_internal_LOW
NGA,USA,2025,,596648.7978953645,653318.9851812305,56670.18728586596,0.0,56670.18728586596,XGB_OD,SCENARIO,Aid_HIGH__Conflict_internal_LOW__Conflict_external_HIGH
NGA,USA,2025,,596648.7978953645,623020.0731670051,26371.2752716406,0.0,26371.2752716406,XGB_OD,SCENARIO,Aid_HIGH__Conflict_internal_LOW__Conflict_external_LOW
NGA,USA,2025,,596648.7978953645,601458.1490087336,4809.351113369106,0.0,4809.351113369106,XGB_OD,SCENARIO,Aid_LOW
NGA,USA,2025,,596648.7978953645,656765.6868124782,60116.88891711381,0.0,60116.88891711381,XGB_OD,SCENARIO,Aid_LOW__Conflict_external_HIGH
NGA,USA,2025,,596648.7978953645,619893.9949433152,23245.19704795068,0.0,23245.19704795068,XGB_OD,SCENARIO,Aid_LOW__Conflict_external_LOW
NGA,USA,2025,,596648.7978953645,601458.1490087336,4809.351113369106,0.0,4809.351113369106,XGB_OD,SCENARIO,Aid_LOW__Conflict_internal_HIGH
NGA,USA,2025,,596648.7978953645,606988.902789108,10340.104893743584,0.0,10340.104893743584,XGB_OD,SCENARIO,Aid_LOW__Conflict_internal_HIGH__Conflict_external_HIGH
NGA,USA,2025,,596648.7978953645,603301.7336021917,6652.935706827265,0.0,6652.935706827265,XGB_OD,SCENARIO,Aid_LOW__Conflict_internal_HIGH__Conflict_external_LOW
NGA,USA,2025,,596648.7978953645,601458.1490087336,4809.351113369106,0.0,4809.351113369106,XGB_OD,SCENARIO,Aid_LOW__Conflict_internal_LOW
NGA,USA,2025,,596648.7978953645,640173.4254713549,43524.6275759904,0.0,43524.6275759904,XGB_OD,SCENARIO,Aid_LOW__Conflict_internal_LOW__Conflict_external_HIGH
NGA,USA,2025,,596648.7978953645,614363.2411629406,17714.443267576207,0.0,17714.443267576207,XGB_OD,SCENARIO,Aid_LOW__Conflict_internal_LOW__Conflict_external_LOW
NGA,USA,2025,,596648.7978953645,644742.3090290555,48093.51113369106,0.0,48093.51113369106,XGB_OD,SCENARIO,Conflict_external_HIGH
NGA,USA,2025,,596648.7978953645,612679.9682732614,16031.17037789702,0.0,16031.17037789702,XGB_OD,SCENARIO,Conflict_external_LOW
NGA,USA,2025,,596648.7978953645,596648.7978953645,0.0,0.0,0.0,XGB_OD,SCENARIO,Conflict_internal_HIGH
NGA,USA,2025,,596648.7978953645,601458.1490087336,4809.351113369111,0.0,4809.351113369111,XGB_OD,SCENARIO,Conflict_internal_HIGH__Conflict_external_HIGH
NGA,USA,2025,,596648.7978953645,598251.9149331541,1603.117037789703,0.0,1603.117037789703,XGB_OD,SCENARIO,Conflict_internal_HIGH__Conflict_external_LOW
NGA,USA,2025,,596648.7978953645,596648.7978953645,0.0,0.0,0.0,XGB_OD,SCENARIO,Conflict_internal_LOW
NGA,USA,2025,,596648.7978953645,630314.2556889482,33665.45779358374,0.0,33665.45779358374,XGB_OD,SCENARIO,Conflict_internal_LOW__Conflict_external_HIGH
NGA,USA,2025,,596648.7978953645,607870.6171598923,11221.819264527916,0.0,11221.819264527916,XGB_OD,SCENARIO,Conflict_internal_LOW__Conflict_external_LOW
NGA,USA,2030,,574438.67138185,,,,,XGB_OD,FORECAST,
NGA,USA,2035,,577777.4900122711,,,,,XGB_OD,FORECAST,
NIC,USA,2000,222154.0,,,,,,HIST,HIST,
NIC,USA,2005,228735.0,,,,,,HIST,HIST,
NIC,USA,2010,255351.0,,,,,,HIST,HIST,
NIC,USA,2015,259238.0,,,,,,HIST,HIST,
NIC,USA,2020,264538.0,,,,,,HIST,HIST,
NIC,USA,2024,295024.0,,,,,,HIST,HIST,
NIC,USA,2025,,283670.8704524676,,,,,XGB_OD,FORECAST,
NIC,USA,2025,,283670.8704524676,289529.9774861406,5859.107033673062,0.0,5859.107033673062,XGB_OD,SCENARIO,Aid_HIGH
NIC,USA,2025,,283670.8704524676,323429.09675239195,39758.226299924354,0.0,39758.226299924354,XGB_OD,SCENARIO,Aid_HIGH__Conflict_external_HIGH
NIC,USA,2025,,283670.8704524676,300829.6839082244,17158.813455756823,0.0,17158.813455756823,XGB_OD,SCENARIO,Aid_HIGH__Conflict_external_LOW
NIC,USA,2025,,283670.8704524676,289529.9774861406,5859.107033673062,0.0,5859.107033673062,XGB_OD,SCENARIO,Aid_HIGH__Conflict_internal_HIGH
NIC,USA,2025,,283670.8704524676,292919.8894127658,9249.018960298194,0.0,9249.018960298194,XGB_OD,SCENARIO,Aid_HIGH__Conflict_internal_HIGH__Conflict_external_HIGH
NIC,USA,2025,,283670.8704524676,290659.94812834903,6989.077675881438,0.0,6989.077675881438,XGB_OD,SCENARIO,Aid_HIGH__Conflict_internal_HIGH__Conflict_external_LOW
NIC,USA,2025,,283670.8704524676,289529.9774861406,5859.107033673062,0.0,5859.107033673062,XGB_OD,SCENARIO,Aid_HIGH__Conflict_internal_LOW
NIC,USA,2025,,283670.8704524676,313259.36097251653,29588.49052004896,0.0,29588.49052004896,XGB_OD,SCENARIO,Aid_HIGH__Conflict_internal_LOW__Conflict_external_HIGH
NIC,USA,2025,,283670.8704524676,297439.7719815993,13768.901529131695,0.0,13768.901529131695,XGB_OD,SCENARIO,Aid_HIGH__Conflict_internal_LOW__Conflict_external_LOW
NIC,USA,2025,,283670.8704524676,286181.9163240417,2511.0458715741693,0.0,2511.0458715741693,XGB_OD,SCENARIO,Aid_LOW
NIC,USA,2025,,283670.8704524676,315058.9438471447,31388.07339467711,0.0,31388.07339467711,XGB_OD,SCENARIO,Aid_LOW__Conflict_external_HIGH
NIC,USA,2025,,283670.8704524676,295807.59216507606,12136.721712608483,0.0,12136.721712608483,XGB_OD,SCENARIO,Aid_LOW__Conflict_external_LOW
NIC,USA,2025,,283670.8704524676,286181.9163240417,2511.0458715741693,0.0,2511.0458715741693,XGB_OD,SCENARIO,Aid_LOW__Conflict_internal_HIGH
NIC,USA,2025,,283670.8704524676,289069.61907635204,5398.748623884466,0.0,5398.748623884466,XGB_OD,SCENARIO,Aid_LOW__Conflict_internal_HIGH__Conflict_external_HIGH
NIC,USA,2025,,283670.8704524676,287144.4839081452,3473.613455677601,0.0,3473.613455677601,XGB_OD,SCENARIO,Aid_LOW__Conflict_internal_HIGH__Conflict_external_LOW
NIC,USA,2025,,283670.8704524676,286181.9163240417,2511.0458715741693,0.0,2511.0458715741693,XGB_OD,SCENARIO,Aid_LOW__Conflict_internal_LOW
NIC,USA,2025,,283670.8704524676,306395.8355902138,22724.96513774623,0.0,22724.96513774623,XGB_OD,SCENARIO,Aid_LOW__Conflict_internal_LOW__Conflict_external_HIGH
NIC,USA,2025,,283670.8704524676,292919.8894127658,9249.01896029819,0.0,9249.01896029819,XGB_OD,SCENARIO,Aid_LOW__Conflict_internal_LOW__Conflict_external_LOW
NIC,USA,2025,,283670.8704524676,308781.3291682093,25110.458715741694,0.0,25110.458715741694,XGB_OD,SCENARIO,Conflict_external_HIGH
NIC,USA,2025,,283670.8704524676,292041.0233577148,8370.15290524723,0.0,8370.15290524723,XGB_OD,SCENARIO,Conflict_external_LOW
NIC,USA,2025,,283670.8704524676,283670.8704524676,0.0,0.0,0.0,XGB_OD,SCENARIO,Conflict_internal_HIGH
NIC,USA,2025,,283670.8704524676,286181.9163240418,2511.045871574172,0.0,2511.045871574172,XGB_OD,SCENARIO,Conflict_internal_HIGH__Conflict_external_HIGH
NIC,USA,2025,,283670.8704524676,284507.88574299234,837.0152905247238,0.0,837.0152905247238,XGB_OD,SCENARIO,Conflict_internal_HIGH__Conflict_external_LOW
NIC,USA,2025,,283670.8704524676,283670.8704524676,0.0,0.0,0.0,XGB_OD,SCENARIO,Conflict_internal_LOW
NIC,USA,2025,,283670.8704524676,301248.19155348674,17577.32110101918,0.0,17577.32110101918,XGB_OD,SCENARIO,Conflict_internal_LOW__Conflict_external_HIGH
NIC,USA,2025,,283670.8704524676,289529.9774861406,5859.107033673062,0.0,5859.107033673062,XGB_OD,SCENARIO,Conflict_internal_LOW__Conflict_external_LOW
NIC,USA,2030,,286486.36549213977,,,,,XGB_OD,FORECAST,
NIC,USA,2035,,286486.36549213977,,,,,XGB_OD,FORECAST,
NPL,USA,2000,15100.0,,,,,,HIST,HIST,
NPL,USA,2005,25899.0,,,,,,HIST,HIST,
NPL,USA,2010,65157.0,,,,,,HIST,HIST,
NPL,USA,2015,121642.0,,,,,,HIST,HIST,
NPL,USA,2020,175669.0,,,,,,HIST,HIST,
NPL,USA,2024,264317.0,,,,,,HIST,HIST,
NPL,USA,2025,,331631.1002766886,,,,,XGB_OD,FORECAST,
NPL,USA,2025,,331631.1002766886,336880.3735352009,5249.273258512384,0.0,5249.273258512384,XGB_OD,SCENARIO,Aid_HIGH
NPL,USA,2025,,331631.1002766886,367251.16881659406,35620.06853990547,0.0,35620.06853990547,XGB_OD,SCENARIO,Aid_HIGH__Conflict_external_HIGH
NPL,USA,2025,,331631.1002766886,347003.971962332,15372.871685643411,0.0,15372.871685643411,XGB_OD,SCENARIO,Aid_HIGH__Conflict_external_LOW
NPL,USA,2025,,331631.1002766886,336880.3735352009,5249.273258512384,0.0,5249.273258512384,XGB_OD,SCENARIO,Aid_HIGH__Conflict_internal_HIGH
NPL,USA,2025,,331631.1002766886,339917.4530633403,8286.352786651694,0.0,8286.352786651694,XGB_OD,SCENARIO,Aid_HIGH__Conflict_internal_HIGH__Conflict_external_HIGH
NPL,USA,2025,,331631.1002766886,337892.73337791406,6261.633101225487,0.0,6261.633101225487,XGB_OD,SCENARIO,Aid_HIGH__Conflict_internal_HIGH__Conflict_external_LOW
NPL,USA,2025,,331631.1002766886,336880.3735352009,5249.273258512384,0.0,5249.273258512384,XGB_OD,SCENARIO,Aid_HIGH__Conflict_internal_LOW
NPL,USA,2025,,331631.1002766886,358139.9302321761,26508.82995548753,0.0,26508.82995548753,XGB_OD,SCENARIO,Aid_HIGH__Conflict_internal_LOW__Conflict_external_HIGH
NPL,USA,2025,,331631.1002766886,343966.8924341927,12335.792157504102,0.0,12335.792157504102,XGB_OD,SCENARIO,Aid_HIGH__Conflict_internal_LOW__Conflict_external_LOW
NPL,USA,2025,,331631.1002766886,333880.78881605103,2249.6885393624502,0.0,2249.6885393624502,XGB_OD,SCENARIO,Aid_LOW
NPL,USA,2025,,331631.1002766886,359752.20701871923,28121.106742030624,0.0,28121.106742030624,XGB_OD,SCENARIO,Aid_LOW__Conflict_external_HIGH
NPL,USA,2025,,331631.1002766886,342504.5948836071,10873.49460691851,0.0,10873.49460691851,XGB_OD,SCENARIO,Aid_LOW__Conflict_external_LOW
NPL,USA,2025,,331631.1002766886,333880.78881605103,2249.6885393624502,0.0,2249.6885393624502,XGB_OD,SCENARIO,Aid_LOW__Conflict_internal_HIGH
NPL,USA,2025,,331631.1002766886,336467.9306363179,4836.83035962927,0.0,4836.83035962927,XGB_OD,SCENARIO,Aid_LOW__Conflict_internal_HIGH__Conflict_external_HIGH
NPL,USA,2025,,331631.1002766886,334743.16942280665,3112.069146118057,0.0,3112.069146118057,XGB_OD,SCENARIO,Aid_LOW__Conflict_internal_HIGH__Conflict_external_LOW
NPL,USA,2025,,331631.1002766886,333880.78881605103,2249.6885393624502,0.0,2249.6885393624502,XGB_OD,SCENARIO,Aid_LOW__Conflict_internal_LOW
NPL,USA,2025,,331631.1002766886,351990.7815579188,20359.68128123017,0.0,20359.68128123017,XGB_OD,SCENARIO,Aid_LOW__Conflict_internal_LOW__Conflict_external_HIGH
NPL,USA,2025,,331631.1002766886,339917.4530633403,8286.352786651692,0.0,8286.352786651692,XGB_OD,SCENARIO,Aid_LOW__Conflict_internal_LOW__Conflict_external_LOW
NPL,USA,2025,,331631.1002766886,354127.98567031306,22496.885393624503,0.0,22496.885393624503,XGB_OD,SCENARIO,Conflict_external_HIGH
NPL,USA,2025,,331631.1002766886,339130.0620745634,7498.961797874835,0.0,7498.961797874835,XGB_OD,SCENARIO,Conflict_external_LOW
NPL,USA,2025,,331631.1002766886,331631.1002766886,0.0,0.0,0.0,XGB_OD,SCENARIO,Conflict_internal_HIGH
NPL,USA,2025,,331631.1002766886,333880.78881605103,2249.6885393624525,0.0,2249.6885393624525,XGB_OD,SCENARIO,Conflict_internal_HIGH__Conflict_external_HIGH
NPL,USA,2025,,331631.1002766886,332380.99645647604,749.896179787484,0.0,749.896179787484,XGB_OD,SCENARIO,Conflict_internal_HIGH__Conflict_external_LOW
NPL,USA,2025,,331631.1002766886,331631.1002766886,0.0,0.0,0.0,XGB_OD,SCENARIO,Conflict_internal_LOW
NPL,USA,2025,,331631.1002766886,347378.9200522257,15747.81977553715,0.0,15747.81977553715,XGB_OD,SCENARIO,Conflict_internal_LOW__Conflict_external_HIGH
NPL,USA,2025,,331631.1002766886,336880.3735352009,5249.273258512384,0.0,5249.273258512384,XGB_OD,SCENARIO,Conflict_internal_LOW__Conflict_external_LOW
NPL,USA,2030,,336873.78527815145,,,,,XGB_OD,FORECAST,
NPL,USA,2035,,348180.4299698272,,,,,XGB_OD,FORECAST,
PAK,USA,2000,219562.0,,,,,,HIST,HIST,
PAK,USA,2005,262433.0,,,,,,HIST,HIST,
PAK,USA,2010,309705.0,,,,,,HIST,HIST,
PAK,USA,2015,390102.0,,,,,,HIST,HIST,
PAK,USA,2020,412484.0,,,,,,HIST,HIST,
PAK,USA,2024,452748.0,,,,,,HIST,HIST,
PAK,USA,2025,,430553.7699182008,,,,,XGB_OD,FORECAST,
PAK,USA,2025,,430553.7699182008,439545.2383793478,8991.468461146971,0.0,8991.468461146971,XGB_OD,SCENARIO,Aid_HIGH
PAK,USA,2025,,430553.7699182008,491567.3059045553,61013.53598635445,0.0,61013.53598635445,XGB_OD,SCENARIO,Aid_HIGH__Conflict_external_HIGH
PAK,USA,2025,,430553.7699182008,456885.92755441694,26332.15763621613,0.0,26332.15763621613,XGB_OD,SCENARIO,Aid_HIGH__Conflict_external_LOW
PAK,USA,2025,,430553.7699182008,439545.2383793478,8991.468461146971,0.0,8991.468461146971,XGB_OD,SCENARIO,Aid_HIGH__Conflict_internal_HIGH
PAK,USA,2025,,430553.7699182008,444747.4451318685,14193.675213667722,0.0,14193.675213667722,XGB_OD,SCENARIO,Aid_HIGH__Conflict_internal_HIGH__Conflict_external_HIGH
PAK,USA,2025,,430553.7699182008,441279.3072968547,10725.537378653886,0.0,10725.537378653886,XGB_OD,SCENARIO,Aid_HIGH__Conflict_internal_HIGH__Conflict_external_LOW
PAK,USA,2025,,430553.7699182008,439545.2383793478,8991.468461146971,0.0,8991.468461146971,XGB_OD,SCENARIO,Aid_HIGH__Conflict_internal_LOW
PAK,USA,2025,,430553.7699182008,475960.685646993,45406.91572879219,0.0,45406.91572879219,XGB_OD,SCENARIO,Aid_HIGH__Conflict_internal_LOW__Conflict_external_HIGH
PAK,USA,2025,,430553.7699182008,451683.7208018962,21129.95088369538,0.0,21129.95088369538,XGB_OD,SCENARIO,Aid_HIGH__Conflict_internal_LOW__Conflict_external_LOW
PAK,USA,2025,,430553.7699182008,434407.2564015495,3853.4864833487018,0.0,3853.4864833487018,XGB_OD,SCENARIO,Aid_LOW
PAK,USA,2025,,430553.7699182008,478722.3509600596,48168.58104185876,0.0,48168.58104185876,XGB_OD,SCENARIO,Aid_LOW__Conflict_external_HIGH
PAK,USA,2025,,430553.7699182008,449178.9545877195,18625.184669518723,0.0,18625.184669518723,XGB_OD,SCENARIO,Aid_LOW__Conflict_external_LOW
PAK,USA,2025,,430553.7699182008,434407.2564015495,3853.4864833487018,0.0,3853.4864833487018,XGB_OD,SCENARIO,Aid_LOW__Conflict_internal_HIGH
PAK,USA,2025,,430553.7699182008,438838.7658574005,8284.99593919971,0.0,8284.99593919971,XGB_OD,SCENARIO,Aid_LOW__Conflict_internal_HIGH__Conflict_external_HIGH
PAK,USA,2025,,430553.7699182008,435884.4262201665,5330.656301965704,0.0,5330.656301965704,XGB_OD,SCENARIO,Aid_LOW__Conflict_internal_HIGH__Conflict_external_LOW
PAK,USA,2025,,430553.7699182008,434407.2564015495,3853.4864833487018,0.0,3853.4864833487018,XGB_OD,SCENARIO,Aid_LOW__Conflict_internal_LOW
PAK,USA,2025,,430553.7699182008,465427.8225925065,34874.05267430574,0.0,34874.05267430574,XGB_OD,SCENARIO,Aid_LOW__Conflict_internal_LOW__Conflict_external_HIGH
PAK,USA,2025,,430553.7699182008,444747.4451318685,14193.675213667717,0.0,14193.675213667717,XGB_OD,SCENARIO,Aid_LOW__Conflict_internal_LOW__Conflict_external_LOW
PAK,USA,2025,,430553.7699182008,469088.6347516878,38534.864833487016,0.0,38534.864833487016,XGB_OD,SCENARIO,Conflict_external_HIGH
PAK,USA,2025,,430553.7699182008,443398.7248626965,12844.954944495672,0.0,12844.954944495672,XGB_OD,SCENARIO,Conflict_external_LOW
PAK,USA,2025,,430553.7699182008,430553.7699182008,0.0,0.0,0.0,XGB_OD,SCENARIO,Conflict_internal_HIGH
PAK,USA,2025,,430553.7699182008,434407.2564015495,3853.4864833487054,0.0,3853.4864833487054,XGB_OD,SCENARIO,Conflict_internal_HIGH__Conflict_external_HIGH
PAK,USA,2025,,430553.7699182008,431838.2654126504,1284.4954944495682,0.0,1284.4954944495682,XGB_OD,SCENARIO,Conflict_internal_HIGH__Conflict_external_LOW
PAK,USA,2025,,430553.7699182008,430553.7699182008,0.0,0.0,0.0,XGB_OD,SCENARIO,Conflict_internal_LOW
PAK,USA,2025,,430553.7699182008,457528.1753016417,26974.405383440902,0.0,26974.405383440902,XGB_OD,SCENARIO,Conflict_internal_LOW__Conflict_external_HIGH
PAK,USA,2025,,430553.7699182008,439545.2383793478,8991.468461146971,0.0,8991.468461146971,XGB_OD,SCENARIO,Conflict_internal_LOW__Conflict_external_LOW
PAK,USA,2030,,430323.069474858,,,,,XGB_OD,FORECAST,
PAK,USA,2035,,431298.025382426,,,,,XGB_OD,FORECAST,
PAN,USA,2000,142983.0,,,,,,HIST,HIST,
PAN,USA,2005,149078.0,,,,,,HIST,HIST,
PAN,USA,2010,149120.0,,,,,,HIST,HIST,
PAN,USA,2015,152154.0,,,,,,HIST,HIST,
PAN,USA,2020,151193.0,,,,,,HIST,HIST,
PAN,USA,2024,161903.0,,,,,,HIST,HIST,
PAN,USA,2025,,159159.40490225787,,,,,XGB_OD,FORECAST,
PAN,USA,2025,,159159.40490225787,162374.76028376157,3215.355381503707,0.0,3215.355381503707,XGB_OD,SCENARIO,Aid_HIGH
PAN,USA,2025,,159159.40490225787,180977.8878481759,21818.48294591801,0.0,21818.48294591801,XGB_OD,SCENARIO,Aid_HIGH__Conflict_external_HIGH
PAN,USA,2025,,159159.40490225787,168575.80280523302,9416.397902975144,0.0,9416.397902975144,XGB_OD,SCENARIO,Aid_HIGH__Conflict_external_LOW
PAN,USA,2025,,159159.40490225787,162374.76028376157,3215.355381503707,0.0,3215.355381503707,XGB_OD,SCENARIO,Aid_HIGH__Conflict_internal_HIGH
PAN,USA,2025,,159159.40490225787,164235.07304020302,5075.668137945139,0.0,5075.668137945139,XGB_OD,SCENARIO,Aid_HIGH__Conflict_internal_HIGH__Conflict_external_HIGH
PAN,USA,2025,,159159.40490225787,162994.8645359087,3835.4596336508503,0.0,3835.4596336508503,XGB_OD,SCENARIO,Aid_HIGH__Conflict_internal_HIGH__Conflict_external_LOW
PAN,USA,2025,,159159.40490225787,162374.76028376157,3215.355381503707,0.0,3215.355381503707,XGB_OD,SCENARIO,Aid_HIGH__Conflict_internal_LOW
PAN,USA,2025,,159159.40490225787,175396.94957885158,16237.544676593716,0.0,16237.544676593716,XGB_OD,SCENARIO,Aid_HIGH__Conflict_internal_LOW__Conflict_external_HIGH
PAN,USA,2025,,159159.40490225787,166715.49004879157,7556.085146533711,0.0,7556.085146533711,XGB_OD,SCENARIO,Aid_HIGH__Conflict_internal_LOW__Conflict_external_LOW
PAN,USA,2025,,159159.40490225787,160537.41435147374,1378.0094492158744,0.0,1378.0094492158744,XGB_OD,SCENARIO,Aid_LOW
PAN,USA,2025,,159159.40490225787,176384.5230174563,17225.118115198427,0.0,17225.118115198427,XGB_OD,SCENARIO,Aid_LOW__Conflict_external_HIGH
PAN,USA,2025,,159159.40490225787,165819.78390680125,6660.379004543393,0.0,6660.379004543393,XGB_OD,SCENARIO,Aid_LOW__Conflict_external_LOW
PAN,USA,2025,,159159.40490225787,160537.41435147374,1378.0094492158744,0.0,1378.0094492158744,XGB_OD,SCENARIO,Aid_LOW__Conflict_internal_HIGH
PAN,USA,2025,,159159.40490225787,162122.125218072,2962.720315814131,0.0,2962.720315814131,XGB_OD,SCENARIO,Aid_LOW__Conflict_internal_HIGH__Conflict_external_HIGH
PAN,USA,2025,,159159.40490225787,161065.65130700648,1906.2464047486264,0.0,1906.2464047486264,XGB_OD,SCENARIO,Aid_LOW__Conflict_internal_HIGH__Conflict_external_LOW
PAN,USA,2025,,159159.40490225787,160537.41435147374,1378.0094492158744,0.0,1378.0094492158744,XGB_OD,SCENARIO,Aid_LOW__Conflict_internal_LOW
PAN,USA,2025,,159159.40490225787,171630.39041766152,12470.98551540366,0.0,12470.98551540366,XGB_OD,SCENARIO,Aid_LOW__Conflict_internal_LOW__Conflict_external_HIGH
PAN,USA,2025,,159159.40490225787,164235.07304020302,5075.6681379451375,0.0,5075.6681379451375,XGB_OD,SCENARIO,Aid_LOW__Conflict_internal_LOW__Conflict_external_LOW
PAN,USA,2025,,159159.40490225787,172939.4993944166,13780.094492158743,0.0,13780.094492158743,XGB_OD,SCENARIO,Conflict_external_HIGH
PAN,USA,2025,,159159.40490225787,163752.76973297744,4593.364830719582,0.0,4593.364830719582,XGB_OD,SCENARIO,Conflict_external_LOW
PAN,USA,2025,,159159.40490225787,159159.40490225787,0.0,0.0,0.0,XGB_OD,SCENARIO,Conflict_internal_HIGH
PAN,USA,2025,,159159.40490225787,160537.41435147374,1378.0094492158755,0.0,1378.0094492158755,XGB_OD,SCENARIO,Conflict_internal_HIGH__Conflict_external_HIGH
PAN,USA,2025,,159159.40490225787,159618.74138532983,459.3364830719585,0.0,459.3364830719585,XGB_OD,SCENARIO,Conflict_internal_HIGH__Conflict_external_LOW
PAN,USA,2025,,159159.40490225787,159159.40490225787,0.0,0.0,0.0,XGB_OD,SCENARIO,Conflict_internal_LOW
PAN,USA,2025,,159159.40490225787,168805.471046769,9646.066144511118,0.0,9646.066144511118,XGB_OD,SCENARIO,Conflict_internal_LOW__Conflict_external_HIGH
PAN,USA,2025,,159159.40490225787,162374.76028376157,3215.355381503707,0.0,3215.355381503707,XGB_OD,SCENARIO,Conflict_internal_LOW__Conflict_external_LOW
PAN,USA,2030,,158379.46632913646,,,,,XGB_OD,FORECAST,
PAN,USA,2035,,158394.57138768618,,,,,XGB_OD,FORECAST,
PER,USA,2000,292068.0,,,,,,HIST,HIST,
PER,USA,2005,381086.0,,,,,,HIST,HIST,
PER,USA,2010,431044.0,,,,,,HIST,HIST,
PER,USA,2015,458582.0,,,,,,HIST,HIST,
PER,USA,2020,463475.0,,,,,,HIST,HIST,
PER,USA,2024,512316.0,,,,,,HIST,HIST,
PER,USA,2025,,550391.3409533816,,,,,XGB_OD,FORECAST,
PER,USA,2025,,550391.3409533816,560565.8158403849,10174.47488700326,0.0,10174.47488700326,XGB_OD,SCENARIO,Aid_HIGH
PER,USA,2025,,550391.3409533816,619432.4205437609,69041.07959037926,0.0,69041.07959037926,XGB_OD,SCENARIO,Aid_HIGH__Conflict_external_HIGH
PER,USA,2025,,550391.3409533816,580188.0174081769,29796.67645479526,0.0,29796.67645479526,XGB_OD,SCENARIO,Aid_HIGH__Conflict_external_LOW
PER,USA,2025,,550391.3409533816,560565.8158403849,10174.47488700326,0.0,10174.47488700326,XGB_OD,SCENARIO,Aid_HIGH__Conflict_internal_HIGH
PER,USA,2025,,550391.3409533816,566452.4763107225,16061.135357340863,0.0,16061.135357340863,XGB_OD,SCENARIO,Aid_HIGH__Conflict_internal_HIGH__Conflict_external_HIGH
PER,USA,2025,,550391.3409533816,562528.0359971641,12136.69504378246,0.0,12136.69504378246,XGB_OD,SCENARIO,Aid_HIGH__Conflict_internal_HIGH__Conflict_external_LOW
PER,USA,2025,,550391.3409533816,560565.8158403849,10174.47488700326,0.0,10174.47488700326,XGB_OD,SCENARIO,Aid_HIGH__Conflict_internal_LOW
PER,USA,2025,,550391.3409533816,601772.439132748,51381.09817936645,0.0,51381.09817936645,XGB_OD,SCENARIO,Aid_HIGH__Conflict_internal_LOW__Conflict_external_HIGH
PER,USA,2025,,550391.3409533816,574301.3569378393,23910.01598445766,0.0,23910.01598445766,XGB_OD,SCENARIO,Aid_HIGH__Conflict_internal_LOW__Conflict_external_LOW
PER,USA,2025,,550391.3409533816,554751.8301906687,4360.489237287111,0.0,4360.489237287111,XGB_OD,SCENARIO,Aid_LOW
PER,USA,2025,,550391.3409533816,604897.4564194705,54506.11546608888,0.0,54506.11546608888,XGB_OD,SCENARIO,Aid_LOW__Conflict_external_HIGH
PER,USA,2025,,550391.3409533816,571467.0389336026,21075.69798022104,0.0,21075.69798022104,XGB_OD,SCENARIO,Aid_LOW__Conflict_external_LOW
PER,USA,2025,,550391.3409533816,554751.8301906687,4360.489237287111,0.0,4360.489237287111,XGB_OD,SCENARIO,Aid_LOW__Conflict_internal_HIGH
PER,USA,2025,,550391.3409533816,559766.3928135489,9375.051860167292,0.0,9375.051860167292,XGB_OD,SCENARIO,Aid_LOW__Conflict_internal_HIGH__Conflict_external_HIGH
PER,USA,2025,,550391.3409533816,556423.3510649621,6032.010111580505,0.0,6032.010111580505,XGB_OD,SCENARIO,Aid_LOW__Conflict_internal_HIGH__Conflict_external_LOW
PER,USA,2025,,550391.3409533816,554751.8301906687,4360.489237287111,0.0,4360.489237287111,XGB_OD,SCENARIO,Aid_LOW__Conflict_internal_LOW
PER,USA,2025,,550391.3409533816,589853.76855083,39462.427597448346,0.0,39462.427597448346,XGB_OD,SCENARIO,Aid_LOW__Conflict_internal_LOW__Conflict_external_HIGH
PER,USA,2025,,550391.3409533816,566452.4763107225,16061.13535734086,0.0,16061.13535734086,XGB_OD,SCENARIO,Aid_LOW__Conflict_internal_LOW__Conflict_external_LOW
PER,USA,2025,,550391.3409533816,593996.2333262528,43604.89237287111,0.0,43604.89237287111,XGB_OD,SCENARIO,Conflict_external_HIGH
PER,USA,2025,,550391.3409533816,564926.305077672,14534.964124290367,0.0,14534.964124290367,XGB_OD,SCENARIO,Conflict_external_LOW
PER,USA,2025,,550391.3409533816,550391.3409533816,0.0,0.0,0.0,XGB_OD,SCENARIO,Conflict_internal_HIGH
PER,USA,2025,,550391.3409533816,554751.8301906687,4360.489237287115,0.0,4360.489237287115,XGB_OD,SCENARIO,Conflict_internal_HIGH__Conflict_external_HIGH
PER,USA,2025,,550391.3409533816,551844.8373658106,1453.4964124290382,0.0,1453.4964124290382,XGB_OD,SCENARIO,Conflict_internal_HIGH__Conflict_external_LOW
PER,USA,2025,,550391.3409533816,550391.3409533816,0.0,0.0,0.0,XGB_OD,SCENARIO,Conflict_internal_LOW
PER,USA,2025,,550391.3409533816,580914.7656143914,30523.424661009773,0.0,30523.424661009773,XGB_OD,SCENARIO,Conflict_internal_LOW__Conflict_external_HIGH
PER,USA,2025,,550391.3409533816,560565.8158403849,10174.47488700326,0.0,10174.47488700326,XGB_OD,SCENARIO,Conflict_internal_LOW__Conflict_external_LOW
PER,USA,2030,,572983.2947028987,,,,,XGB_OD,FORECAST,
PER,USA,2035,,560824.70561268,,,,,XGB_OD,FORECAST,
PHL,USA,2000,1462860.0,,,,,,HIST,HIST,
PHL,USA,2005,1695406.0,,,,,,HIST,HIST,
PHL,USA,2010,1898592.0,,,,,,HIST,HIST,
PHL,USA,2015,2098753.0,,,,,,HIST,HIST,
PHL,USA,2020,2159185.0,,,,,,HIST,HIST,
PHL,USA,2024,2263697.0,,,,,,HIST,HIST,
PHL,USA,2025,,2163101.848097065,,,,,XGB_OD,FORECAST,
PHL,USA,2025,,2163101.848097065,2208058.336432945,44956.48833588009,0.0,44956.48833588009,XGB_OD,SCENARIO,Aid_HIGH
PHL,USA,2025,,2163101.848097065,2468163.733233394,305061.8851363292,0.0,305061.8851363292,XGB_OD,SCENARIO,Aid_HIGH__Conflict_external_HIGH
PHL,USA,2025,,2163101.848097065,2294760.135366428,131658.28726936312,0.0,131658.28726936312,XGB_OD,SCENARIO,Aid_HIGH__Conflict_external_LOW
PHL,USA,2025,,2163101.848097065,2208058.336432945,44956.48833588009,0.0,44956.48833588009,XGB_OD,SCENARIO,Aid_HIGH__Conflict_internal_HIGH
PHL,USA,2025,,2163101.848097065,2234068.87611299,70967.02801592501,0.0,70967.02801592501,XGB_OD,SCENARIO,Aid_HIGH__Conflict_internal_HIGH__Conflict_external_HIGH
PHL,USA,2025,,2163101.848097065,2216728.5163262933,53626.66822922839,0.0,53626.66822922839,XGB_OD,SCENARIO,Aid_HIGH__Conflict_internal_HIGH__Conflict_external_LOW
PHL,USA,2025,,2163101.848097065,2208058.336432945,44956.48833588009,0.0,44956.48833588009,XGB_OD,SCENARIO,Aid_HIGH__Conflict_internal_LOW
PHL,USA,2025,,2163101.848097065,2390132.1141932597,227030.2660961944,0.0,227030.2660961944,XGB_OD,SCENARIO,Aid_HIGH__Conflict_internal_LOW__Conflict_external_HIGH
PHL,USA,2025,,2163101.848097065,2268749.595686383,105647.7475893182,0.0,105647.7475893182,XGB_OD,SCENARIO,Aid_HIGH__Conflict_internal_LOW__Conflict_external_LOW
PHL,USA,2025,,2163101.848097065,2182368.914526728,19267.066429662893,0.0,19267.066429662893,XGB_OD,SCENARIO,Aid_LOW
PHL,USA,2025,,2163101.848097065,2403940.178467851,240838.33037078613,0.0,240838.33037078613,XGB_OD,SCENARIO,Aid_LOW__Conflict_external_HIGH
PHL,USA,2025,,2163101.848097065,2256226.002507102,93124.15441003731,0.0,93124.15441003731,XGB_OD,SCENARIO,Aid_LOW__Conflict_external_LOW
PHL,USA,2025,,2163101.848097065,2182368.914526728,19267.066429662893,0.0,19267.066429662893,XGB_OD,SCENARIO,Aid_LOW__Conflict_internal_HIGH
PHL,USA,2025,,2163101.848097065,2204526.04092084,41424.19282377524,0.0,41424.19282377524,XGB_OD,SCENARIO,Aid_LOW__Conflict_internal_HIGH__Conflict_external_HIGH
PHL,USA,2025,,2163101.848097065,2189754.6233247654,26652.77522770034,0.0,26652.77522770034,XGB_OD,SCENARIO,Aid_LOW__Conflict_internal_HIGH__Conflict_external_LOW
PHL,USA,2025,,2163101.848097065,2182368.914526728,19267.066429662893,0.0,19267.066429662893,XGB_OD,SCENARIO,Aid_LOW__Conflict_internal_LOW
PHL,USA,2025,,2163101.848097065,2337468.7992855143,174366.95118844914,0.0,174366.95118844914,XGB_OD,SCENARIO,Aid_LOW__Conflict_internal_LOW__Conflict_external_HIGH
PHL,USA,2025,,2163101.848097065,2234068.87611299,70967.028015925,0.0,70967.028015925,XGB_OD,SCENARIO,Aid_LOW__Conflict_internal_LOW__Conflict_external_LOW
PHL,USA,2025,,2163101.848097065,2355772.512393694,192670.6642966289,0.0,192670.6642966289,XGB_OD,SCENARIO,Conflict_external_HIGH
PHL,USA,2025,,2163101.848097065,2227325.402862608,64223.55476554298,0.0,64223.55476554298,XGB_OD,SCENARIO,Conflict_external_LOW
PHL,USA,2025,,2163101.848097065,2163101.848097065,0.0,0.0,0.0,XGB_OD,SCENARIO,Conflict_internal_HIGH
PHL,USA,2025,,2163101.848097065,2182368.914526728,19267.066429662915,0.0,19267.066429662915,XGB_OD,SCENARIO,Conflict_internal_HIGH__Conflict_external_HIGH
PHL,USA,2025,,2163101.848097065,2169524.2035736195,6422.355476554303,0.0,6422.355476554303,XGB_OD,SCENARIO,Conflict_internal_HIGH__Conflict_external_LOW
PHL,USA,2025,,2163101.848097065,2163101.848097065,0.0,0.0,0.0,XGB_OD,SCENARIO,Conflict_internal_LOW
PHL,USA,2025,,2163101.848097065,2297971.3131047054,134869.46500764022,0.0,134869.46500764022,XGB_OD,SCENARIO,Conflict_internal_LOW__Conflict_external_HIGH
PHL,USA,2025,,2163101.848097065,2208058.336432945,44956.48833588009,0.0,44956.48833588009,XGB_OD,SCENARIO,Conflict_internal_LOW__Conflict_external_LOW
PHL,USA,2030,,2163101.848097065,,,,,XGB_OD,FORECAST,
PHL,USA,2035,,2163101.848097065,,,,,XGB_OD,FORECAST,
POL,USA,2000,459971.0,,,,,,HIST,HIST,
POL,USA,2005,456004.0,,,,,,HIST,HIST,
POL,USA,2010,470032.0,,,,,,HIST,HIST,
POL,USA,2015,440335.0,,,,,,HIST,HIST,
POL,USA,2020,421348.0,,,,,,HIST,HIST,
POL,USA,2024,396647.0,,,,,,HIST,HIST,
POL,USA,2025,,390361.54921159777,,,,,XGB_OD,FORECAST,
POL,USA,2025,,390361.54921159777,398238.8650489036,7877.315837305861,0.0,7877.315837305861,XGB_OD,SCENARIO,Aid_HIGH
POL,USA,2025,,390361.54921159777,443814.7638218876,53453.21461028978,0.0,53453.21461028978,XGB_OD,SCENARIO,Aid_HIGH__Conflict_external_HIGH
POL,USA,2025,,390361.54921159777,413430.8313065649,23069.28209496717,0.0,23069.28209496717,XGB_OD,SCENARIO,Aid_HIGH__Conflict_external_LOW
POL,USA,2025,,390361.54921159777,398238.8650489036,7877.315837305861,0.0,7877.315837305861,XGB_OD,SCENARIO,Aid_HIGH__Conflict_internal_HIGH
POL,USA,2025,,390361.54921159777,402796.454926202,12434.905714604256,0.0,12434.905714604256,XGB_OD,SCENARIO,Aid_HIGH__Conflict_internal_HIGH__Conflict_external_HIGH
POL,USA,2025,,390361.54921159777,399758.0616746697,9396.512463071993,0.0,9396.512463071993,XGB_OD,SCENARIO,Aid_HIGH__Conflict_internal_HIGH__Conflict_external_LOW
POL,USA,2025,,390361.54921159777,398238.8650489036,7877.315837305861,0.0,7877.315837305861,XGB_OD,SCENARIO,Aid_HIGH__Conflict_internal_LOW
POL,USA,2025,,390361.54921159777,430141.9941899924,39780.44497839459,0.0,39780.44497839459,XGB_OD,SCENARIO,Aid_HIGH__Conflict_internal_LOW__Conflict_external_HIGH
POL,USA,2025,,390361.54921159777,408873.2414292665,18511.692217668773,0.0,18511.692217668773,XGB_OD,SCENARIO,Aid_HIGH__Conflict_internal_LOW__Conflict_external_LOW
POL,USA,2025,,390361.54921159777,393737.5417133003,3375.992501702512,0.0,3375.992501702512,XGB_OD,SCENARIO,Aid_LOW
POL,USA,2025,,390361.54921159777,432561.4554828792,42199.90627128139,0.0,42199.90627128139,XGB_OD,SCENARIO,Aid_LOW__Conflict_external_HIGH
POL,USA,2025,,390361.54921159777,406678.8463031599,16317.297091562144,0.0,16317.297091562144,XGB_OD,SCENARIO,Aid_LOW__Conflict_external_LOW
POL,USA,2025,,390361.54921159777,393737.5417133003,3375.992501702512,0.0,3375.992501702512,XGB_OD,SCENARIO,Aid_LOW__Conflict_internal_HIGH
POL,USA,2025,,390361.54921159777,397619.93309025816,7258.383878660404,0.0,7258.383878660404,XGB_OD,SCENARIO,Aid_LOW__Conflict_internal_HIGH__Conflict_external_HIGH
POL,USA,2025,,390361.54921159777,395031.6721722863,4670.122960688475,0.0,4670.122960688475,XGB_OD,SCENARIO,Aid_LOW__Conflict_internal_HIGH__Conflict_external_LOW
POL,USA,2025,,390361.54921159777,393737.5417133003,3375.992501702512,0.0,3375.992501702512,XGB_OD,SCENARIO,Aid_LOW__Conflict_internal_LOW
POL,USA,2025,,390361.54921159777,420914.2813520055,30552.732140407727,0.0,30552.732140407727,XGB_OD,SCENARIO,Aid_LOW__Conflict_internal_LOW__Conflict_external_HIGH
POL,USA,2025,,390361.54921159777,402796.454926202,12434.905714604252,0.0,12434.905714604252,XGB_OD,SCENARIO,Aid_LOW__Conflict_internal_LOW__Conflict_external_LOW
POL,USA,2025,,390361.54921159777,424121.47422862286,33759.92501702512,0.0,33759.92501702512,XGB_OD,SCENARIO,Conflict_external_HIGH
POL,USA,2025,,390361.54921159777,401614.8575506061,11253.308339008374,0.0,11253.308339008374,XGB_OD,SCENARIO,Conflict_external_LOW
POL,USA,2025,,390361.54921159777,390361.54921159777,0.0,0.0,0.0,XGB_OD,SCENARIO,Conflict_internal_HIGH
POL,USA,2025,,390361.54921159777,393737.5417133003,3375.9925017025157,0.0,3375.9925017025157,XGB_OD,SCENARIO,Conflict_internal_HIGH__Conflict_external_HIGH
POL,USA,2025,,390361.54921159777,391486.8800454986,1125.3308339008383,0.0,1125.3308339008383,XGB_OD,SCENARIO,Conflict_internal_HIGH__Conflict_external_LOW
POL,USA,2025,,390361.54921159777,390361.54921159777,0.0,0.0,0.0,XGB_OD,SCENARIO,Conflict_internal_LOW
POL,USA,2025,,390361.54921159777,413993.4967235153,23631.94751191758,0.0,23631.94751191758,XGB_OD,SCENARIO,Conflict_internal_LOW__Conflict_external_HIGH
POL,USA,2025,,390361.54921159777,398238.8650489036,7877.315837305861,0.0,7877.315837305861,XGB_OD,SCENARIO,Conflict_internal_LOW__Conflict_external_LOW
POL,USA,2030,,390161.31462319824,,,,,XGB_OD,FORECAST,
POL,USA,2035,,390161.31462319824,,,,,XGB_OD,FORECAST,
PRI,USA,2000,1158532.0,,,,,,HIST,HIST,
PRI,USA,2005,1335675.0,,,,,,HIST,HIST,
PRI,USA,2010,1533366.0,,,,,,HIST,HIST,
PRI,USA,2015,1687821.0,,,,,,HIST,HIST,
PRI,USA,2020,1864991.0,,,,,,HIST,HIST,
PRI,USA,2024,1924799.0,,,,,,HIST,HIST,
PRI,USA,2025,,2265404.980385762,,,,,XGB_OD,FORECAST,
PRI,USA,2025,,2265404.980385762,2303631.0343993576,38226.05401359527,0.0,38226.05401359527,XGB_OD,SCENARIO,Aid_HIGH
PRI,USA,2025,,2265404.980385762,2524796.0611923016,259391.0808065393,0.0,259391.0808065393,XGB_OD,SCENARIO,Aid_HIGH__Conflict_external_HIGH
PRI,USA,2025,,2265404.980385762,2377352.7099970053,111947.7296112433,0.0,111947.7296112433,XGB_OD,SCENARIO,Aid_HIGH__Conflict_external_LOW
PRI,USA,2025,,2265404.980385762,2303631.0343993576,38226.05401359527,0.0,38226.05401359527,XGB_OD,SCENARIO,Aid_HIGH__Conflict_internal_HIGH
PRI,USA,2025,,2265404.980385762,2325747.537078652,60342.55669288969,0.0,60342.55669288969,XGB_OD,SCENARIO,Aid_HIGH__Conflict_internal_HIGH__Conflict_external_HIGH
PRI,USA,2025,,2265404.980385762,2311003.2019591224,45598.22157336007,0.0,45598.22157336007,XGB_OD,SCENARIO,Aid_HIGH__Conflict_internal_HIGH__Conflict_external_LOW
PRI,USA,2025,,2265404.980385762,2303631.0343993576,38226.05401359527,0.0,38226.05401359527,XGB_OD,SCENARIO,Aid_HIGH__Conflict_internal_LOW
PRI,USA,2025,,2265404.980385762,2458446.5531544182,193041.57276865604,0.0,193041.57276865604,XGB_OD,SCENARIO,Aid_HIGH__Conflict_internal_LOW__Conflict_external_HIGH
PRI,USA,2025,,2265404.980385762,2355236.207317711,89831.22693194887,0.0,89831.22693194887,XGB_OD,SCENARIO,Aid_HIGH__Conflict_internal_LOW__Conflict_external_LOW
PRI,USA,2025,,2265404.980385762,2281787.5749630174,16382.594577255117,0.0,16382.594577255117,XGB_OD,SCENARIO,Aid_LOW
PRI,USA,2025,,2265404.980385762,2470187.412601451,204782.4322156889,0.0,204782.4322156889,XGB_OD,SCENARIO,Aid_LOW__Conflict_external_HIGH
PRI,USA,2025,,2265404.980385762,2344587.5208424954,79182.54045673306,0.0,79182.54045673306,XGB_OD,SCENARIO,Aid_LOW__Conflict_external_LOW
PRI,USA,2025,,2265404.980385762,2281787.5749630174,16382.594577255117,0.0,16382.594577255117,XGB_OD,SCENARIO,Aid_LOW__Conflict_internal_HIGH
PRI,USA,2025,,2265404.980385762,2300627.5587268607,35222.57834109851,0.0,35222.57834109851,XGB_OD,SCENARIO,Aid_LOW__Conflict_internal_HIGH__Conflict_external_HIGH
PRI,USA,2025,,2265404.980385762,2288067.569550965,22662.589165202917,0.0,22662.589165202917,XGB_OD,SCENARIO,Aid_LOW__Conflict_internal_HIGH__Conflict_external_LOW
PRI,USA,2025,,2265404.980385762,2281787.5749630174,16382.594577255117,0.0,16382.594577255117,XGB_OD,SCENARIO,Aid_LOW__Conflict_internal_LOW
PRI,USA,2025,,2265404.980385762,2413667.461309921,148262.48092415876,0.0,148262.48092415876,XGB_OD,SCENARIO,Aid_LOW__Conflict_internal_LOW__Conflict_external_HIGH
PRI,USA,2025,,2265404.980385762,2325747.537078652,60342.55669288967,0.0,60342.55669288967,XGB_OD,SCENARIO,Aid_LOW__Conflict_internal_LOW__Conflict_external_LOW
PRI,USA,2025,,2265404.980385762,2429230.926158313,163825.94577255115,0.0,163825.94577255115,XGB_OD,SCENARIO,Conflict_external_HIGH
PRI,USA,2025,,2265404.980385762,2320013.6289766124,54608.64859085038,0.0,54608.64859085038,XGB_OD,SCENARIO,Conflict_external_LOW
PRI,USA,2025,,2265404.980385762,2265404.980385762,0.0,0.0,0.0,XGB_OD,SCENARIO,Conflict_internal_HIGH
PRI,USA,2025,,2265404.980385762,2281787.5749630174,16382.594577255131,0.0,16382.594577255131,XGB_OD,SCENARIO,Conflict_internal_HIGH__Conflict_external_HIGH
PRI,USA,2025,,2265404.980385762,2270865.8452448472,5460.864859085043,0.0,5460.864859085043,XGB_OD,SCENARIO,Conflict_internal_HIGH__Conflict_external_LOW
PRI,USA,2025,,2265404.980385762,2265404.980385762,0.0,0.0,0.0,XGB_OD,SCENARIO,Conflict_internal_LOW
PRI,USA,2025,,2265404.980385762,2380083.142426548,114678.16204078578,0.0,114678.16204078578,XGB_OD,SCENARIO,Conflict_internal_LOW__Conflict_external_HIGH
PRI,USA,2025,,2265404.980385762,2303631.0343993576,38226.05401359527,0.0,38226.05401359527,XGB_OD,SCENARIO,Conflict_internal_LOW__Conflict_external_LOW
PRI,USA,2030,,2442207.043895725,,,,,XGB_OD,FORECAST,
PRI,USA,2035,,2442207.043895725,,,,,XGB_OD,FORECAST,
PRT,USA,2000,170180.0,,,,,,HIST,HIST,
PRT,USA,2005,173644.0,,,,,,HIST,HIST,
PRT,USA,2010,175747.0,,,,,,HIST,HIST,
PRT,USA,2015,158080.0,,,,,,HIST,HIST,
PRT,USA,2020,147101.0,,,,,,HIST,HIST,
PRT,USA,2024,141889.0,,,,,,HIST,HIST,
PRT,USA,2025,,138621.14134820362,,,,,XGB_OD,FORECAST,
PRT,USA,2025,,138621.14134820362,141439.02341169957,2817.882063495952,0.0,2817.882063495952,XGB_OD,SCENARIO,Aid_HIGH
PRT,USA,2025,,138621.14134820362,157742.48392192615,19121.34257372253,0.0,19121.34257372253,XGB_OD,SCENARIO,Aid_HIGH__Conflict_external_HIGH
PRT,USA,2025,,138621.14134820362,146873.51024844177,8252.368900238143,0.0,8252.368900238143,XGB_OD,SCENARIO,Aid_HIGH__Conflict_external_LOW
PRT,USA,2025,,138621.14134820362,141439.02341169957,2817.882063495952,0.0,2817.882063495952,XGB_OD,SCENARIO,Aid_HIGH__Conflict_internal_HIGH
PRT,USA,2025,,138621.14134820362,143069.3694627222,4448.22811451861,0.0,4448.22811451861,XGB_OD,SCENARIO,Aid_HIGH__Conflict_internal_HIGH__Conflict_external_HIGH
PRT,USA,2025,,138621.14134820362,141982.4720953738,3361.3307471701705,0.0,3361.3307471701705,XGB_OD,SCENARIO,Aid_HIGH__Conflict_internal_HIGH__Conflict_external_LOW
PRT,USA,2025,,138621.14134820362,141439.02341169957,2817.882063495952,0.0,2817.882063495952,XGB_OD,SCENARIO,Aid_HIGH__Conflict_internal_LOW
PRT,USA,2025,,138621.14134820362,152851.44576885816,14230.304420654553,0.0,14230.304420654553,XGB_OD,SCENARIO,Aid_HIGH__Conflict_internal_LOW__Conflict_external_HIGH
PRT,USA,2025,,138621.14134820362,145243.1641974191,6622.022849215486,0.0,6622.022849215486,XGB_OD,SCENARIO,Aid_HIGH__Conflict_internal_LOW__Conflict_external_LOW
PRT,USA,2025,,138621.14134820362,139828.80508970187,1207.663741498265,0.0,1207.663741498265,XGB_OD,SCENARIO,Aid_LOW
PRT,USA,2025,,138621.14134820362,153716.9381169319,15095.796768728307,0.0,15095.796768728307,XGB_OD,SCENARIO,Aid_LOW__Conflict_external_HIGH
PRT,USA,2025,,138621.14134820362,144458.18276544524,5837.041417241613,0.0,5837.041417241613,XGB_OD,SCENARIO,Aid_LOW__Conflict_external_LOW
PRT,USA,2025,,138621.14134820362,139828.80508970187,1207.663741498265,0.0,1207.663741498265,XGB_OD,SCENARIO,Aid_LOW__Conflict_internal_HIGH
PRT,USA,2025,,138621.14134820362,141217.6183924249,2596.4770442212703,0.0,2596.4770442212703,XGB_OD,SCENARIO,Aid_LOW__Conflict_internal_HIGH__Conflict_external_HIGH
PRT,USA,2025,,138621.14134820362,140291.74285727623,1670.6015090725998,0.0,1670.6015090725998,XGB_OD,SCENARIO,Aid_LOW__Conflict_internal_HIGH__Conflict_external_LOW
PRT,USA,2025,,138621.14134820362,139828.80508970187,1207.663741498265,0.0,1207.663741498265,XGB_OD,SCENARIO,Aid_LOW__Conflict_internal_LOW
PRT,USA,2025,,138621.14134820362,149550.4982087629,10929.356860559294,0.0,10929.356860559294,XGB_OD,SCENARIO,Aid_LOW__Conflict_internal_LOW__Conflict_external_HIGH
PRT,USA,2025,,138621.14134820362,143069.3694627222,4448.228114518609,0.0,4448.228114518609,XGB_OD,SCENARIO,Aid_LOW__Conflict_internal_LOW__Conflict_external_LOW
PRT,USA,2025,,138621.14134820362,150697.77876318627,12076.637414982648,0.0,12076.637414982648,XGB_OD,SCENARIO,Conflict_external_HIGH
PRT,USA,2025,,138621.14134820362,142646.68715319782,4025.545804994216,0.0,4025.545804994216,XGB_OD,SCENARIO,Conflict_external_LOW
PRT,USA,2025,,138621.14134820362,138621.14134820362,0.0,0.0,0.0,XGB_OD,SCENARIO,Conflict_internal_HIGH
PRT,USA,2025,,138621.14134820362,139828.80508970187,1207.663741498266,0.0,1207.663741498266,XGB_OD,SCENARIO,Conflict_internal_HIGH__Conflict_external_HIGH
PRT,USA,2025,,138621.14134820362,139023.69592870303,402.554580499422,0.0,402.554580499422,XGB_OD,SCENARIO,Conflict_internal_HIGH__Conflict_external_LOW
PRT,USA,2025,,138621.14134820362,138621.14134820362,0.0,0.0,0.0,XGB_OD,SCENARIO,Conflict_internal_LOW
PRT,USA,2025,,138621.14134820362,147074.78753869148,8453.646190487852,0.0,8453.646190487852,XGB_OD,SCENARIO,Conflict_internal_LOW__Conflict_external_HIGH
PRT,USA,2025,,138621.14134820362,141439.02341169957,2817.882063495952,0.0,2817.882063495952,XGB_OD,SCENARIO,Conflict_internal_LOW__Conflict_external_LOW
PRT,USA,2030,,137658.1172940126,,,,,XGB_OD,FORECAST,
PRT,USA,2035,,137658.1172940126,,,,,XGB_OD,FORECAST,
ROU,USA,2000,139788.0,,,,,,HIST,HIST,
ROU,USA,2005,172393.0,,,,,,HIST,HIST,
ROU,USA,2010,169276.0,,,,,,HIST,HIST,
ROU,USA,2015,162580.0,,,,,,HIST,HIST,
ROU,USA,2020,177875.0,,,,,,HIST,HIST,
ROU,USA,2024,178498.0,,,,,,HIST,HIST,
ROU,USA,2025,,168765.1297595517,,,,,XGB_OD,FORECAST,
ROU,USA,2025,,168765.1297595517,172310.05792572311,3544.9281661714112,0.0,3544.9281661714112,XGB_OD,SCENARIO,Aid_HIGH
ROU,USA,2025,,168765.1297595517,192819.999458572,24054.86969902029,0.0,24054.86969902029,XGB_OD,SCENARIO,Aid_HIGH__Conflict_external_HIGH
ROU,USA,2025,,168765.1297595517,179146.7051033394,10381.575343787705,0.0,10381.575343787705,XGB_OD,SCENARIO,Aid_HIGH__Conflict_external_LOW
ROU,USA,2025,,168765.1297595517,172310.05792572311,3544.9281661714112,0.0,3544.9281661714112,XGB_OD,SCENARIO,Aid_HIGH__Conflict_internal_HIGH
ROU,USA,2025,,168765.1297595517,174361.052079008,5595.922319456301,0.0,5595.922319456301,XGB_OD,SCENARIO,Aid_HIGH__Conflict_internal_HIGH__Conflict_external_HIGH
ROU,USA,2025,,168765.1297595517,172993.72264348474,4228.592883933041,0.0,4228.592883933041,XGB_OD,SCENARIO,Aid_HIGH__Conflict_internal_HIGH__Conflict_external_LOW
ROU,USA,2025,,168765.1297595517,172310.05792572311,3544.9281661714112,0.0,3544.9281661714112,XGB_OD,SCENARIO,Aid_HIGH__Conflict_internal_LOW
ROU,USA,2025,,168765.1297595517,186667.01699871733,17901.887239165622,0.0,17901.887239165622,XGB_OD,SCENARIO,Aid_HIGH__Conflict_internal_LOW__Conflict_external_HIGH
ROU,USA,2025,,168765.1297595517,177095.71095005452,8330.581190502817,0.0,8330.581190502817,XGB_OD,SCENARIO,Aid_HIGH__Conflict_internal_LOW__Conflict_external_LOW
ROU,USA,2025,,168765.1297595517,170284.38468791088,1519.2549283591763,0.0,1519.2549283591763,XGB_OD,SCENARIO,Aid_LOW
ROU,USA,2025,,168765.1297595517,187755.81636404135,18990.6866044897,0.0,18990.6866044897,XGB_OD,SCENARIO,Aid_LOW__Conflict_external_HIGH
ROU,USA,2025,,168765.1297595517,176108.19524662104,7343.065487069352,0.0,7343.065487069352,XGB_OD,SCENARIO,Aid_LOW__Conflict_external_LOW
ROU,USA,2025,,168765.1297595517,170284.38468791088,1519.2549283591763,0.0,1519.2549283591763,XGB_OD,SCENARIO,Aid_LOW__Conflict_internal_HIGH
ROU,USA,2025,,168765.1297595517,172031.52785552392,3266.3980959722303,0.0,3266.3980959722303,XGB_OD,SCENARIO,Aid_LOW__Conflict_internal_HIGH__Conflict_external_HIGH
ROU,USA,2025,,168765.1297595517,170866.7657437819,2101.635984230194,0.0,2101.635984230194,XGB_OD,SCENARIO,Aid_LOW__Conflict_internal_HIGH__Conflict_external_LOW
ROU,USA,2025,,168765.1297595517,170284.38468791088,1519.2549283591763,0.0,1519.2549283591763,XGB_OD,SCENARIO,Aid_LOW__Conflict_internal_LOW
ROU,USA,2025,,168765.1297595517,182514.38686120225,13749.257101650544,0.0,13749.257101650544,XGB_OD,SCENARIO,Aid_LOW__Conflict_internal_LOW__Conflict_external_HIGH
ROU,USA,2025,,168765.1297595517,174361.052079008,5595.922319456299,0.0,5595.922319456299,XGB_OD,SCENARIO,Aid_LOW__Conflict_internal_LOW__Conflict_external_LOW
ROU,USA,2025,,168765.1297595517,183957.67904314343,15192.549283591765,0.0,15192.549283591765,XGB_OD,SCENARIO,Conflict_external_HIGH
ROU,USA,2025,,168765.1297595517,173829.3128540823,5064.183094530587,0.0,5064.183094530587,XGB_OD,SCENARIO,Conflict_external_LOW
ROU,USA,2025,,168765.1297595517,168765.1297595517,0.0,0.0,0.0,XGB_OD,SCENARIO,Conflict_internal_HIGH
ROU,USA,2025,,168765.1297595517,170284.38468791088,1519.2549283591777,0.0,1519.2549283591777,XGB_OD,SCENARIO,Conflict_internal_HIGH__Conflict_external_HIGH
ROU,USA,2025,,168765.1297595517,169271.54806900476,506.4183094530592,0.0,506.4183094530592,XGB_OD,SCENARIO,Conflict_internal_HIGH__Conflict_external_LOW
ROU,USA,2025,,168765.1297595517,168765.1297595517,0.0,0.0,0.0,XGB_OD,SCENARIO,Conflict_internal_LOW
ROU,USA,2025,,168765.1297595517,179399.91425806592,10634.784498514233,0.0,10634.784498514233,XGB_OD,SCENARIO,Conflict_internal_LOW__Conflict_external_HIGH
ROU,USA,2025,,168765.1297595517,172310.05792572311,3544.9281661714112,0.0,3544.9281661714112,XGB_OD,SCENARIO,Conflict_internal_LOW__Conflict_external_LOW
ROU,USA,2030,,168438.56089682266,,,,,XGB_OD,FORECAST,
ROU,USA,2035,,174776.00344616058,,,,,XGB_OD,FORECAST,
RUS,USA,2000,369506.0,,,,,,HIST,HIST,
RUS,USA,2005,395239.0,,,,,,HIST,HIST,
RUS,USA,2010,409175.0,,,,,,HIST,HIST,
RUS,USA,2015,416733.0,,,,,,HIST,HIST,
RUS,USA,2020,437372.0,,,,,,HIST,HIST,
RUS,USA,2024,452940.0,,,,,,HIST,HIST,
RUS,USA,2025,,458485.2307947016,,,,,XGB_OD,FORECAST,
RUS,USA,2025,,458485.2307947016,467480.512330549,8995.281535847489,0.0,8995.281535847489,XGB_OD,SCENARIO,Aid_HIGH
RUS,USA,2025,,458485.2307947016,519524.6412165239,61039.41042182226,0.0,61039.41042182226,XGB_OD,SCENARIO,Aid_HIGH__Conflict_external_HIGH
RUS,USA,2025,,458485.2307947016,484828.5552925407,26343.32449783908,0.0,26343.32449783908,XGB_OD,SCENARIO,Aid_HIGH__Conflict_external_LOW
RUS,USA,2025,,458485.2307947016,467480.512330549,8995.281535847489,0.0,8995.281535847489,XGB_OD,SCENARIO,Aid_HIGH__Conflict_internal_HIGH
RUS,USA,2025,,458485.2307947016,472684.9252191466,14199.69442444497,0.0,14199.69442444497,XGB_OD,SCENARIO,Aid_HIGH__Conflict_internal_HIGH__Conflict_external_HIGH
RUS,USA,2025,,458485.2307947016,469215.3166267482,10730.085832046649,0.0,10730.085832046649,XGB_OD,SCENARIO,Aid_HIGH__Conflict_internal_HIGH__Conflict_external_LOW
RUS,USA,2025,,458485.2307947016,467480.512330549,8995.281535847489,0.0,8995.281535847489,XGB_OD,SCENARIO,Aid_HIGH__Conflict_internal_LOW
RUS,USA,2025,,458485.2307947016,503911.4025507314,45426.17175602981,0.0,45426.17175602981,XGB_OD,SCENARIO,Aid_HIGH__Conflict_internal_LOW__Conflict_external_HIGH
RUS,USA,2025,,458485.2307947016,479624.1424039432,21138.9116092416,0.0,21138.9116092416,XGB_OD,SCENARIO,Aid_HIGH__Conflict_internal_LOW__Conflict_external_LOW
RUS,USA,2025,,458485.2307947016,462340.351452922,3855.1206582203527,0.0,3855.1206582203527,XGB_OD,SCENARIO,Aid_LOW
RUS,USA,2025,,458485.2307947016,506674.239022456,48189.0082277544,0.0,48189.0082277544,XGB_OD,SCENARIO,Aid_LOW__Conflict_external_HIGH
RUS,USA,2025,,458485.2307947016,477118.3139761,18633.08318139837,0.0,18633.08318139837,XGB_OD,SCENARIO,Aid_LOW__Conflict_external_LOW
RUS,USA,2025,,458485.2307947016,462340.351452922,3855.1206582203527,0.0,3855.1206582203527,XGB_OD,SCENARIO,Aid_LOW__Conflict_internal_HIGH
RUS,USA,2025,,458485.2307947016,466773.7402098754,8288.509415173761,0.0,8288.509415173761,XGB_OD,SCENARIO,Aid_LOW__Conflict_internal_HIGH__Conflict_external_HIGH
RUS,USA,2025,,458485.2307947016,463818.14770523977,5332.916910538155,0.0,5332.916910538155,XGB_OD,SCENARIO,Aid_LOW__Conflict_internal_HIGH__Conflict_external_LOW
RUS,USA,2025,,458485.2307947016,462340.351452922,3855.1206582203527,0.0,3855.1206582203527,XGB_OD,SCENARIO,Aid_LOW__Conflict_internal_LOW
RUS,USA,2025,,458485.2307947016,493374.0727515958,34888.84195689418,0.0,34888.84195689418,XGB_OD,SCENARIO,Aid_LOW__Conflict_internal_LOW__Conflict_external_HIGH
RUS,USA,2025,,458485.2307947016,472684.9252191466,14199.694424444966,0.0,14199.694424444966,XGB_OD,SCENARIO,Aid_LOW__Conflict_internal_LOW__Conflict_external_LOW
RUS,USA,2025,,458485.2307947016,497036.4373769051,38551.20658220353,0.0,38551.20658220353,XGB_OD,SCENARIO,Conflict_external_HIGH
RUS,USA,2025,,458485.2307947016,471335.63298876944,12850.402194067845,0.0,12850.402194067845,XGB_OD,SCENARIO,Conflict_external_LOW
RUS,USA,2025,,458485.2307947016,458485.2307947016,0.0,0.0,0.0,XGB_OD,SCENARIO,Conflict_internal_HIGH
RUS,USA,2025,,458485.2307947016,462340.351452922,3855.1206582203567,0.0,3855.1206582203567,XGB_OD,SCENARIO,Conflict_internal_HIGH__Conflict_external_HIGH
RUS,USA,2025,,458485.2307947016,459770.2710141084,1285.0402194067854,0.0,1285.0402194067854,XGB_OD,SCENARIO,Conflict_internal_HIGH__Conflict_external_LOW
RUS,USA,2025,,458485.2307947016,458485.2307947016,0.0,0.0,0.0,XGB_OD,SCENARIO,Conflict_internal_LOW
RUS,USA,2025,,458485.2307947016,485471.07540224405,26985.84460754246,0.0,26985.84460754246,XGB_OD,SCENARIO,Conflict_internal_LOW__Conflict_external_HIGH
RUS,USA,2025,,458485.2307947016,467480.512330549,8995.281535847489,0.0,8995.281535847489,XGB_OD,SCENARIO,Conflict_internal_LOW__Conflict_external_LOW
RUS,USA,2030,,467290.0272121708,,,,,XGB_OD,FORECAST,
RUS,USA,2035,,467290.0272121708,,,,,XGB_OD,FORECAST,
SLV,USA,2000,802250.0,,,,,,HIST,HIST,
SLV,USA,2005,992393.0,,,,,,HIST,HIST,
SLV,USA,2010,1223863.0,,,,,,HIST,HIST,
SLV,USA,2015,1379162.0,,,,,,HIST,HIST,
SLV,USA,2020,1463484.0,,,,,,HIST,HIST,
SLV,USA,2024,1569946.0,,,,,,HIST,HIST,
SLV,USA,2025,,1716225.432555034,,,,,XGB_OD,FORECAST,
SLV,USA,2025,,1716225.432555034,1747404.1897106788,31178.75715564477,0.0,31178.75715564477,XGB_OD,SCENARIO,Aid_HIGH
SLV,USA,2025,,1716225.432555034,1927795.5703969093,211570.13784187523,0.0,211570.13784187523,XGB_OD,SCENARIO,Aid_HIGH__Conflict_external_HIGH
SLV,USA,2025,,1716225.432555034,1807534.6499394225,91309.21738438823,0.0,91309.21738438823,XGB_OD,SCENARIO,Aid_HIGH__Conflict_external_LOW
SLV,USA,2025,,1716225.432555034,1747404.1897106788,31178.75715564477,0.0,31178.75715564477,XGB_OD,SCENARIO,Aid_HIGH__Conflict_internal_HIGH
SLV,USA,2025,,1716225.432555034,1765443.327779302,49217.89522426782,0.0,49217.89522426782,XGB_OD,SCENARIO,Aid_HIGH__Conflict_internal_HIGH__Conflict_external_HIGH
SLV,USA,2025,,1716225.432555034,1753417.235733553,37191.80317851911,0.0,37191.80317851911,XGB_OD,SCENARIO,Aid_HIGH__Conflict_internal_HIGH__Conflict_external_LOW
SLV,USA,2025,,1716225.432555034,1747404.1897106788,31178.75715564477,0.0,31178.75715564477,XGB_OD,SCENARIO,Aid_HIGH__Conflict_internal_LOW
SLV,USA,2025,,1716225.432555034,1873678.15619104,157452.72363600603,0.0,157452.72363600603,XGB_OD,SCENARIO,Aid_HIGH__Conflict_internal_LOW__Conflict_external_HIGH
SLV,USA,2025,,1716225.432555034,1789495.5118707994,73270.0793157652,0.0,73270.0793157652,XGB_OD,SCENARIO,Aid_HIGH__Conflict_internal_LOW__Conflict_external_LOW
SLV,USA,2025,,1716225.432555034,1729587.7570503105,13362.324495276329,0.0,13362.324495276329,XGB_OD,SCENARIO,Aid_LOW
SLV,USA,2025,,1716225.432555034,1883254.488745988,167029.05619095406,0.0,167029.05619095406,XGB_OD,SCENARIO,Aid_LOW__Conflict_external_HIGH
SLV,USA,2025,,1716225.432555034,1780810.0009488696,64584.56839383559,0.0,64584.56839383559,XGB_OD,SCENARIO,Aid_LOW__Conflict_external_LOW
SLV,USA,2025,,1716225.432555034,1729587.7570503105,13362.324495276329,0.0,13362.324495276329,XGB_OD,SCENARIO,Aid_LOW__Conflict_internal_HIGH
SLV,USA,2025,,1716225.432555034,1744954.4302198782,28728.997664844115,0.0,28728.997664844115,XGB_OD,SCENARIO,Aid_LOW__Conflict_internal_HIGH__Conflict_external_HIGH
SLV,USA,2025,,1716225.432555034,1734709.9814401662,18484.54888513225,0.0,18484.54888513225,XGB_OD,SCENARIO,Aid_LOW__Conflict_internal_HIGH__Conflict_external_LOW
SLV,USA,2025,,1716225.432555034,1729587.7570503105,13362.324495276329,0.0,13362.324495276329,XGB_OD,SCENARIO,Aid_LOW__Conflict_internal_LOW
SLV,USA,2025,,1716225.432555034,1837154.4692372847,120929.03668225072,0.0,120929.03668225072,XGB_OD,SCENARIO,Aid_LOW__Conflict_internal_LOW__Conflict_external_HIGH
SLV,USA,2025,,1716225.432555034,1765443.327779302,49217.895224267806,0.0,49217.895224267806,XGB_OD,SCENARIO,Aid_LOW__Conflict_internal_LOW__Conflict_external_LOW
SLV,USA,2025,,1716225.432555034,1849848.6775077973,133623.24495276329,0.0,133623.24495276329,XGB_OD,SCENARIO,Conflict_external_HIGH
SLV,USA,2025,,1716225.432555034,1760766.5142059552,44541.08165092109,0.0,44541.08165092109,XGB_OD,SCENARIO,Conflict_external_LOW
SLV,USA,2025,,1716225.432555034,1716225.432555034,0.0,0.0,0.0,XGB_OD,SCENARIO,Conflict_internal_HIGH
SLV,USA,2025,,1716225.432555034,1729587.7570503105,13362.324495276342,0.0,13362.324495276342,XGB_OD,SCENARIO,Conflict_internal_HIGH__Conflict_external_HIGH
SLV,USA,2025,,1716225.432555034,1720679.540720126,4454.108165092113,0.0,4454.108165092113,XGB_OD,SCENARIO,Conflict_internal_HIGH__Conflict_external_LOW
SLV,USA,2025,,1716225.432555034,1716225.432555034,0.0,0.0,0.0,XGB_OD,SCENARIO,Conflict_internal_LOW
SLV,USA,2025,,1716225.432555034,1809761.7040219684,93536.27146693428,0.0,93536.27146693428,XGB_OD,SCENARIO,Conflict_internal_LOW__Conflict_external_HIGH
SLV,USA,2025,,1716225.432555034,1747404.1897106788,31178.75715564477,0.0,31178.75715564477,XGB_OD,SCENARIO,Conflict_internal_LOW__Conflict_external_LOW
SLV,USA,2030,,2143059.3545153844,,,,,XGB_OD,FORECAST,
SLV,USA,2035,,2328004.5245927474,,,,,XGB_OD,FORECAST,
THA,USA,2000,168186.0,,,,,,HIST,HIST,
THA,USA,2005,194540.0,,,,,,HIST,HIST,
THA,USA,2010,240660.0,,,,,,HIST,HIST,
THA,USA,2015,271800.0,,,,,,HIST,HIST,
THA,USA,2020,283039.0,,,,,,HIST,HIST,
THA,USA,2024,307741.0,,,,,,HIST,HIST,
THA,USA,2025,,338316.47131016065,,,,,XGB_OD,FORECAST,
THA,USA,2025,,338316.47131016065,344428.1349634552,6111.663653294532,0.0,6111.663653294532,XGB_OD,SCENARIO,Aid_HIGH
THA,USA,2025,,338316.47131016065,379788.4746718021,41472.00336164147,0.0,41472.00336164147,XGB_OD,SCENARIO,Aid_HIGH__Conflict_external_HIGH
THA,USA,2025,,338316.47131016065,356214.9148662375,17898.443556076847,0.0,17898.443556076847,XGB_OD,SCENARIO,Aid_HIGH__Conflict_external_LOW
THA,USA,2025,,338316.47131016065,344428.1349634552,6111.663653294532,0.0,6111.663653294532,XGB_OD,SCENARIO,Aid_HIGH__Conflict_internal_HIGH
THA,USA,2025,,338316.47131016065,347964.1689342899,9647.697624129229,0.0,9647.697624129229,XGB_OD,SCENARIO,Aid_HIGH__Conflict_internal_HIGH__Conflict_external_HIGH
THA,USA,2025,,338316.47131016065,345606.81295373343,7290.341643572764,0.0,7290.341643572764,XGB_OD,SCENARIO,Aid_HIGH__Conflict_internal_HIGH__Conflict_external_LOW
THA,USA,2025,,338316.47131016065,344428.1349634552,6111.663653294532,0.0,6111.663653294532,XGB_OD,SCENARIO,Aid_HIGH__Conflict_internal_LOW
THA,USA,2025,,338316.47131016065,369180.372759298,30863.901449137385,0.0,30863.901449137385,XGB_OD,SCENARIO,Aid_HIGH__Conflict_internal_LOW__Conflict_external_HIGH
THA,USA,2025,,338316.47131016065,352678.8808954028,14362.40958524215,0.0,14362.40958524215,XGB_OD,SCENARIO,Aid_HIGH__Conflict_internal_LOW__Conflict_external_LOW
THA,USA,2025,,338316.47131016065,340935.7557330012,2619.284422840514,0.0,2619.284422840514,XGB_OD,SCENARIO,Aid_LOW
THA,USA,2025,,338316.47131016065,371057.5265956671,32741.055285506416,0.0,32741.055285506416,XGB_OD,SCENARIO,Aid_LOW__Conflict_external_HIGH
THA,USA,2025,,338316.47131016065,350976.34602055646,12659.874710395818,0.0,12659.874710395818,XGB_OD,SCENARIO,Aid_LOW__Conflict_external_LOW
THA,USA,2025,,338316.47131016065,340935.7557330012,2619.284422840514,0.0,2619.284422840514,XGB_OD,SCENARIO,Aid_LOW__Conflict_internal_HIGH
THA,USA,2025,,338316.47131016065,343947.93281926773,5631.461509107106,0.0,5631.461509107106,XGB_OD,SCENARIO,Aid_LOW__Conflict_internal_HIGH__Conflict_external_HIGH
THA,USA,2025,,338316.47131016065,341939.8147617567,3623.343451596045,0.0,3623.343451596045,XGB_OD,SCENARIO,Aid_LOW__Conflict_internal_HIGH__Conflict_external_LOW
THA,USA,2025,,338316.47131016065,340935.7557330012,2619.284422840514,0.0,2619.284422840514,XGB_OD,SCENARIO,Aid_LOW__Conflict_internal_LOW
THA,USA,2025,,338316.47131016065,362020.9953368673,23704.524026706644,0.0,23704.524026706644,XGB_OD,SCENARIO,Aid_LOW__Conflict_internal_LOW__Conflict_external_HIGH
THA,USA,2025,,338316.47131016065,347964.1689342899,9647.697624129223,0.0,9647.697624129223,XGB_OD,SCENARIO,Aid_LOW__Conflict_internal_LOW__Conflict_external_LOW
THA,USA,2025,,338316.47131016065,364509.3155385658,26192.844228405134,0.0,26192.844228405134,XGB_OD,SCENARIO,Conflict_external_HIGH
THA,USA,2025,,338316.47131016065,347047.4193862957,8730.948076135046,0.0,8730.948076135046,XGB_OD,SCENARIO,Conflict_external_LOW
THA,USA,2025,,338316.47131016065,338316.47131016065,0.0,0.0,0.0,XGB_OD,SCENARIO,Conflict_internal_HIGH
THA,USA,2025,,338316.47131016065,340935.7557330012,2619.2844228405165,0.0,2619.2844228405165,XGB_OD,SCENARIO,Conflict_internal_HIGH__Conflict_external_HIGH
THA,USA,2025,,338316.47131016065,339189.5661177742,873.0948076135053,0.0,873.0948076135053,XGB_OD,SCENARIO,Conflict_internal_HIGH__Conflict_external_LOW
THA,USA,2025,,338316.47131016065,338316.47131016065,0.0,0.0,0.0,XGB_OD,SCENARIO,Conflict_internal_LOW
THA,USA,2025,,338316.47131016065,356651.46227004426,18334.990959883595,0.0,18334.990959883595,XGB_OD,SCENARIO,Conflict_internal_LOW__Conflict_external_HIGH
THA,USA,2025,,338316.47131016065,344428.1349634552,6111.663653294532,0.0,6111.663653294532,XGB_OD,SCENARIO,Conflict_internal_LOW__Conflict_external_LOW
THA,USA,2030,,345445.4925082857,,,,,XGB_OD,FORECAST,
THA,USA,2035,,349928.0727171289,,,,,XGB_OD,FORECAST,
TTO,USA,2000,200590.0,,,,,,HIST,HIST,
TTO,USA,2005,208257.0,,,,,,HIST,HIST,
TTO,USA,2010,228377.0,,,,,,HIST,HIST,
TTO,USA,2015,238007.0,,,,,,HIST,HIST,
TTO,USA,2020,226400.0,,,,,,HIST,HIST,
TTO,USA,2024,241541.0,,,,,,HIST,HIST,
TTO,USA,2025,,235431.32220672537,,,,,XGB_OD,FORECAST,
TTO,USA,2025,,235431.32220672537,240228.26947888095,4796.947272155597,0.0,4796.947272155597,XGB_OD,SCENARIO,Aid_HIGH
TTO,USA,2025,,235431.32220672537,267982.0358392098,32550.71363248441,0.0,32550.71363248441,XGB_OD,SCENARIO,Aid_HIGH__Conflict_external_HIGH
TTO,USA,2025,,235431.32220672537,249479.5249323239,14048.202725598534,0.0,14048.202725598534,XGB_OD,SCENARIO,Aid_HIGH__Conflict_external_LOW
TTO,USA,2025,,235431.32220672537,240228.26947888095,4796.947272155597,0.0,4796.947272155597,XGB_OD,SCENARIO,Aid_HIGH__Conflict_internal_HIGH
TTO,USA,2025,,235431.32220672537,243003.64611491383,7572.32390818848,0.0,7572.32390818848,XGB_OD,SCENARIO,Aid_HIGH__Conflict_internal_HIGH__Conflict_external_HIGH
TTO,USA,2025,,235431.32220672537,241153.3950242253,5722.07281749989,0.0,5722.07281749989,XGB_OD,SCENARIO,Aid_HIGH__Conflict_internal_HIGH__Conflict_external_LOW
TTO,USA,2025,,235431.32220672537,240228.26947888095,4796.947272155597,0.0,4796.947272155597,XGB_OD,SCENARIO,Aid_HIGH__Conflict_internal_LOW
TTO,USA,2025,,235431.32220672537,259655.90593111116,24224.58372438576,0.0,24224.58372438576,XGB_OD,SCENARIO,Aid_HIGH__Conflict_internal_LOW__Conflict_external_HIGH
TTO,USA,2025,,235431.32220672537,246704.148296291,11272.826089565651,0.0,11272.826089565651,XGB_OD,SCENARIO,Aid_HIGH__Conflict_internal_LOW__Conflict_external_LOW
TTO,USA,2025,,235431.32220672537,237487.1567519349,2055.8345452095414,0.0,2055.8345452095414,XGB_OD,SCENARIO,Aid_LOW
TTO,USA,2025,,235431.32220672537,261129.25402184465,25697.931815119264,0.0,25697.931815119264,XGB_OD,SCENARIO,Aid_LOW__Conflict_external_HIGH
TTO,USA,2025,,235431.32220672537,245367.8558419048,9936.53363517945,0.0,9936.53363517945,XGB_OD,SCENARIO,Aid_LOW__Conflict_external_LOW
TTO,USA,2025,,235431.32220672537,237487.1567519349,2055.8345452095414,0.0,2055.8345452095414,XGB_OD,SCENARIO,Aid_LOW__Conflict_internal_HIGH
TTO,USA,2025,,235431.32220672537,239851.3664789259,4420.044272200516,0.0,4420.044272200516,XGB_OD,SCENARIO,Aid_LOW__Conflict_internal_HIGH__Conflict_external_HIGH
TTO,USA,2025,,235431.32220672537,238275.2266609319,2843.9044542065326,0.0,2843.9044542065326,XGB_OD,SCENARIO,Aid_LOW__Conflict_internal_HIGH__Conflict_external_LOW
TTO,USA,2025,,235431.32220672537,237487.1567519349,2055.8345452095414,0.0,2055.8345452095414,XGB_OD,SCENARIO,Aid_LOW__Conflict_internal_LOW
TTO,USA,2025,,235431.32220672537,254036.6248408717,18605.30263414635,0.0,18605.30263414635,XGB_OD,SCENARIO,Aid_LOW__Conflict_internal_LOW__Conflict_external_HIGH
TTO,USA,2025,,235431.32220672537,243003.64611491383,7572.323908188478,0.0,7572.323908188478,XGB_OD,SCENARIO,Aid_LOW__Conflict_internal_LOW__Conflict_external_LOW
TTO,USA,2025,,235431.32220672537,255989.6676588208,20558.34545209541,0.0,20558.34545209541,XGB_OD,SCENARIO,Conflict_external_HIGH
TTO,USA,2025,,235431.32220672537,242284.1040240905,6852.7818173651385,0.0,6852.7818173651385,XGB_OD,SCENARIO,Conflict_external_LOW
TTO,USA,2025,,235431.32220672537,235431.32220672537,0.0,0.0,0.0,XGB_OD,SCENARIO,Conflict_internal_HIGH
TTO,USA,2025,,235431.32220672537,237487.1567519349,2055.834545209544,0.0,2055.834545209544,XGB_OD,SCENARIO,Conflict_internal_HIGH__Conflict_external_HIGH
TTO,USA,2025,,235431.32220672537,236116.60038846187,685.2781817365144,0.0,685.2781817365144,XGB_OD,SCENARIO,Conflict_internal_HIGH__Conflict_external_LOW
TTO,USA,2025,,235431.32220672537,235431.32220672537,0.0,0.0,0.0,XGB_OD,SCENARIO,Conflict_internal_LOW
TTO,USA,2025,,235431.32220672537,249822.16402319216,14390.841816466787,0.0,14390.841816466787,XGB_OD,SCENARIO,Conflict_internal_LOW__Conflict_external_HIGH
TTO,USA,2025,,235431.32220672537,240228.26947888095,4796.947272155597,0.0,4796.947272155597,XGB_OD,SCENARIO,Conflict_internal_LOW__Conflict_external_LOW
TTO,USA,2030,,228184.13167962155,,,,,XGB_OD,FORECAST,
TTO,USA,2035,,224993.35782824337,,,,,XGB_OD,FORECAST,
TUR,USA,2000,93599.0,,,,,,HIST,HIST,
TUR,USA,2005,107137.0,,,,,,HIST,HIST,
TUR,USA,2010,115130.0,,,,,,HIST,HIST,
TUR,USA,2015,136192.0,,,,,,HIST,HIST,
TUR,USA,2020,144779.0,,,,,,HIST,HIST,
TUR,USA,2024,176490.0,,,,,,HIST,HIST,
TUR,USA,2025,,171977.09198249748,,,,,XGB_OD,FORECAST,
TUR,USA,2025,,171977.09198249748,175482.1417424253,3505.049759927808,0.0,3505.049759927808,XGB_OD,SCENARIO,Aid_HIGH
TUR,USA,2025,,171977.09198249748,195761.35821057903,23784.26622808156,0.0,23784.26622808156,XGB_OD,SCENARIO,Aid_HIGH__Conflict_external_HIGH
TUR,USA,2025,,171977.09198249748,182241.8805651432,10264.788582645722,0.0,10264.788582645722,XGB_OD,SCENARIO,Aid_HIGH__Conflict_external_LOW
TUR,USA,2025,,171977.09198249748,175482.1417424253,3505.049759927808,0.0,3505.049759927808,XGB_OD,SCENARIO,Aid_HIGH__Conflict_internal_HIGH
TUR,USA,2025,,171977.09198249748,177510.06338924068,5532.971406743184,0.0,5532.971406743184,XGB_OD,SCENARIO,Aid_HIGH__Conflict_internal_HIGH__Conflict_external_HIGH
TUR,USA,2025,,171977.09198249748,176158.1156246971,4181.0236421996,0.0,4181.0236421996,XGB_OD,SCENARIO,Aid_HIGH__Conflict_internal_HIGH__Conflict_external_LOW
TUR,USA,2025,,171977.09198249748,175482.1417424253,3505.049759927808,0.0,3505.049759927808,XGB_OD,SCENARIO,Aid_HIGH__Conflict_internal_LOW
TUR,USA,2025,,171977.09198249748,189677.5932701329,17700.501287635423,0.0,17700.501287635423,XGB_OD,SCENARIO,Aid_HIGH__Conflict_internal_LOW__Conflict_external_HIGH
TUR,USA,2025,,171977.09198249748,180213.95891832784,8236.866935830349,0.0,8236.866935830349,XGB_OD,SCENARIO,Aid_HIGH__Conflict_internal_LOW__Conflict_external_LOW
TUR,USA,2025,,171977.09198249748,173479.2561653237,1502.1641828262034,0.0,1502.1641828262034,XGB_OD,SCENARIO,Aid_LOW
TUR,USA,2025,,171977.09198249748,190754.14426782503,18777.052285327536,0.0,18777.052285327536,XGB_OD,SCENARIO,Aid_LOW__Conflict_external_HIGH
TUR,USA,2025,,171977.09198249748,179237.5521994908,7260.460216993316,0.0,7260.460216993316,XGB_OD,SCENARIO,Aid_LOW__Conflict_external_LOW
TUR,USA,2025,,171977.09198249748,173479.2561653237,1502.1641828262034,0.0,1502.1641828262034,XGB_OD,SCENARIO,Aid_LOW__Conflict_internal_HIGH
TUR,USA,2025,,171977.09198249748,175206.74497557382,3229.652993076338,0.0,3229.652993076338,XGB_OD,SCENARIO,Aid_LOW__Conflict_internal_HIGH__Conflict_external_HIGH
TUR,USA,2025,,171977.09198249748,174055.0857687404,2077.9937862429147,0.0,2077.9937862429147,XGB_OD,SCENARIO,Aid_LOW__Conflict_internal_HIGH__Conflict_external_LOW
TUR,USA,2025,,171977.09198249748,173479.2561653237,1502.1641828262034,0.0,1502.1641828262034,XGB_OD,SCENARIO,Aid_LOW__Conflict_internal_LOW
TUR,USA,2025,,171977.09198249748,185571.67783707465,13594.585854577135,0.0,13594.585854577135,XGB_OD,SCENARIO,Aid_LOW__Conflict_internal_LOW__Conflict_external_HIGH
TUR,USA,2025,,171977.09198249748,177510.06338924068,5532.971406743182,0.0,5532.971406743182,XGB_OD,SCENARIO,Aid_LOW__Conflict_internal_LOW__Conflict_external_LOW
TUR,USA,2025,,171977.09198249748,186998.73381075956,15021.641828262033,0.0,15021.641828262033,XGB_OD,SCENARIO,Conflict_external_HIGH
TUR,USA,2025,,171977.09198249748,176984.3059252515,5007.2139427540105,0.0,5007.2139427540105,XGB_OD,SCENARIO,Conflict_external_LOW
TUR,USA,2025,,171977.09198249748,171977.09198249748,0.0,0.0,0.0,XGB_OD,SCENARIO,Conflict_internal_HIGH
TUR,USA,2025,,171977.09198249748,173479.2561653237,1502.1641828262048,0.0,1502.1641828262048,XGB_OD,SCENARIO,Conflict_internal_HIGH__Conflict_external_HIGH
TUR,USA,2025,,171977.09198249748,172477.8133767729,500.7213942754015,0.0,500.7213942754015,XGB_OD,SCENARIO,Conflict_internal_HIGH__Conflict_external_LOW
TUR,USA,2025,,171977.09198249748,171977.09198249748,0.0,0.0,0.0,XGB_OD,SCENARIO,Conflict_internal_LOW
TUR,USA,2025,,171977.09198249748,182492.2412622809,10515.149279783422,0.0,10515.149279783422,XGB_OD,SCENARIO,Conflict_internal_LOW__Conflict_external_HIGH
TUR,USA,2025,,171977.09198249748,175482.1417424253,3505.049759927808,0.0,3505.049759927808,XGB_OD,SCENARIO,Conflict_internal_LOW__Conflict_external_LOW
TUR,USA,2030,,168644.9444755122,,,,,XGB_OD,FORECAST,
TUR,USA,2035,,174174.65758825853,,,,,XGB_OD,FORECAST,
UKR,USA,2000,273704.0,,,,,,HIST,HIST,
UKR,USA,2005,329983.0,,,,,,HIST,HIST,
UKR,USA,2010,331493.0,,,,,,HIST,HIST,
UKR,USA,2015,348685.0,,,,,,HIST,HIST,
UKR,USA,2020,387590.0,,,,,,HIST,HIST,
UKR,USA,2024,448198.0,,,,,,HIST,HIST,
UKR,USA,2025,,444540.163294724,,,,,XGB_OD,FORECAST,
UKR,USA,2025,,444540.163294724,453441.2698293728,8901.106534648728,0.0,8901.106534648728,XGB_OD,SCENARIO,Aid_HIGH
UKR,USA,2025,,444540.163294724,504940.5290655546,60400.36577083066,0.0,60400.36577083066,XGB_OD,SCENARIO,Aid_HIGH__Conflict_external_HIGH
UKR,USA,2025,,444540.163294724,470607.68957476673,26067.526280042704,0.0,26067.526280042704,XGB_OD,SCENARIO,Aid_HIGH__Conflict_external_LOW
UKR,USA,2025,,444540.163294724,453441.2698293728,8901.106534648728,0.0,8901.106534648728,XGB_OD,SCENARIO,Aid_HIGH__Conflict_internal_HIGH
UKR,USA,2025,,444540.163294724,458591.19575299096,14051.032458266924,0.0,14051.032458266924,XGB_OD,SCENARIO,Aid_HIGH__Conflict_internal_HIGH__Conflict_external_HIGH
UKR,USA,2025,,444540.163294724,455157.91180391214,10617.748509188126,0.0,10617.748509188126,XGB_OD,SCENARIO,Aid_HIGH__Conflict_internal_HIGH__Conflict_external_LOW
UKR,USA,2025,,444540.163294724,453441.2698293728,8901.106534648728,0.0,8901.106534648728,XGB_OD,SCENARIO,Aid_HIGH__Conflict_internal_LOW
UKR,USA,2025,,444540.163294724,489490.7512947001,44950.58799997607,0.0,44950.58799997607,XGB_OD,SCENARIO,Aid_HIGH__Conflict_internal_LOW__Conflict_external_HIGH
UKR,USA,2025,,444540.163294724,465457.7636511485,20917.60035642451,0.0,20917.60035642451,XGB_OD,SCENARIO,Aid_HIGH__Conflict_internal_LOW__Conflict_external_LOW
UKR,USA,2025,,444540.163294724,448354.9232381449,3814.759943420884,0.0,3814.759943420884,XGB_OD,SCENARIO,Aid_LOW
UKR,USA,2025,,444540.163294724,492224.662587485,47684.49929276104,0.0,47684.49929276104,XGB_OD,SCENARIO,Aid_LOW__Conflict_external_HIGH
UKR,USA,2025,,444540.163294724,462978.16968792496,18438.006393200936,0.0,18438.006393200936,XGB_OD,SCENARIO,Aid_LOW__Conflict_external_LOW
UKR,USA,2025,,444540.163294724,448354.9232381449,3814.759943420884,0.0,3814.759943420884,XGB_OD,SCENARIO,Aid_LOW__Conflict_internal_HIGH
UKR,USA,2025,,444540.163294724,452741.8971730789,8201.733878354902,0.0,8201.733878354902,XGB_OD,SCENARIO,Aid_LOW__Conflict_internal_HIGH__Conflict_external_HIGH
UKR,USA,2025,,444540.163294724,449817.2478831229,5277.0845883988895,0.0,5277.0845883988895,XGB_OD,SCENARIO,Aid_LOW__Conflict_internal_HIGH__Conflict_external_LOW
UKR,USA,2025,,444540.163294724,448354.9232381449,3814.759943420884,0.0,3814.759943420884,XGB_OD,SCENARIO,Aid_LOW__Conflict_internal_LOW
UKR,USA,2025,,444540.163294724,479063.740782683,34523.57748795899,0.0,34523.57748795899,XGB_OD,SCENARIO,Aid_LOW__Conflict_internal_LOW__Conflict_external_HIGH
UKR,USA,2025,,444540.163294724,458591.19575299096,14051.032458266922,0.0,14051.032458266922,XGB_OD,SCENARIO,Aid_LOW__Conflict_internal_LOW__Conflict_external_LOW
UKR,USA,2025,,444540.163294724,482687.7627289328,38147.59943420884,0.0,38147.59943420884,XGB_OD,SCENARIO,Conflict_external_HIGH
UKR,USA,2025,,444540.163294724,457256.0297727936,12715.86647806961,0.0,12715.86647806961,XGB_OD,SCENARIO,Conflict_external_LOW
UKR,USA,2025,,444540.163294724,444540.163294724,0.0,0.0,0.0,XGB_OD,SCENARIO,Conflict_internal_HIGH
UKR,USA,2025,,444540.163294724,448354.9232381449,3814.7599434208873,0.0,3814.7599434208873,XGB_OD,SCENARIO,Conflict_internal_HIGH__Conflict_external_HIGH
UKR,USA,2025,,444540.163294724,445811.749942531,1271.5866478069622,0.0,1271.5866478069622,XGB_OD,SCENARIO,Conflict_internal_HIGH__Conflict_external_LOW
UKR,USA,2025,,444540.163294724,444540.163294724,0.0,0.0,0.0,XGB_OD,SCENARIO,Conflict_internal_LOW
UKR,USA,2025,,444540.163294724,471243.4828986702,26703.31960394618,0.0,26703.31960394618,XGB_OD,SCENARIO,Conflict_internal_LOW__Conflict_external_HIGH
UKR,USA,2025,,444540.163294724,453441.2698293728,8901.106534648728,0.0,8901.106534648728,XGB_OD,SCENARIO,Conflict_internal_LOW__Conflict_external_LOW
UKR,USA,2030,,449148.0249915328,,,,,XGB_OD,FORECAST,
UKR,USA,2035,,447579.1849101512,,,,,XGB_OD,FORECAST,
VEN,USA,2000,112873.0,,,,,,HIST,HIST,
VEN,USA,2005,162176.0,,,,,,HIST,HIST,
VEN,USA,2010,193941.0,,,,,,HIST,HIST,
VEN,USA,2015,271836.0,,,,,,HIST,HIST,
VEN,USA,2020,526853.0,,,,,,HIST,HIST,
VEN,USA,2024,763915.0,,,,,,HIST,HIST,
VEN,USA,2025,,876468.0681258258,,,,,XGB_OD,FORECAST,
VEN,USA,2025,,876468.0681258258,891639.2397919559,15171.171666130123,0.0,15171.171666130123,XGB_OD,SCENARIO,Aid_HIGH
VEN,USA,2025,,876468.0681258258,979415.3044317088,102947.23630588298,0.0,102947.23630588298,XGB_OD,SCENARIO,Aid_HIGH__Conflict_external_HIGH
VEN,USA,2025,,876468.0681258258,920897.9280052067,44429.859879381074,0.0,44429.859879381074,XGB_OD,SCENARIO,Aid_HIGH__Conflict_external_LOW
VEN,USA,2025,,876468.0681258258,891639.2397919559,15171.171666130123,0.0,15171.171666130123,XGB_OD,SCENARIO,Aid_HIGH__Conflict_internal_HIGH
VEN,USA,2025,,876468.0681258258,900416.8462559313,23948.778130105413,0.0,23948.778130105413,XGB_OD,SCENARIO,Aid_HIGH__Conflict_internal_HIGH__Conflict_external_HIGH
VEN,USA,2025,,876468.0681258258,894565.108613281,18097.04048745522,0.0,18097.04048745522,XGB_OD,SCENARIO,Aid_HIGH__Conflict_internal_HIGH__Conflict_external_LOW
VEN,USA,2025,,876468.0681258258,891639.2397919559,15171.171666130123,0.0,15171.171666130123,XGB_OD,SCENARIO,Aid_HIGH__Conflict_internal_LOW
VEN,USA,2025,,876468.0681258258,953082.485039783,76614.4169139571,0.0,76614.4169139571,XGB_OD,SCENARIO,Aid_HIGH__Conflict_internal_LOW__Conflict_external_HIGH
VEN,USA,2025,,876468.0681258258,912120.3215412316,35652.25341540579,0.0,35652.25341540579,XGB_OD,SCENARIO,Aid_HIGH__Conflict_internal_LOW__Conflict_external_LOW
VEN,USA,2025,,876468.0681258258,882969.9988398816,6501.930714055767,0.0,6501.930714055767,XGB_OD,SCENARIO,Aid_LOW
VEN,USA,2025,,876468.0681258258,957742.2020515228,81274.13392569707,0.0,81274.13392569707,XGB_OD,SCENARIO,Aid_LOW__Conflict_external_HIGH
VEN,USA,2025,,876468.0681258258,907894.0665770954,31425.99845126954,0.0,31425.99845126954,XGB_OD,SCENARIO,Aid_LOW__Conflict_external_LOW
VEN,USA,2025,,876468.0681258258,882969.9988398816,6501.930714055767,0.0,6501.930714055767,XGB_OD,SCENARIO,Aid_LOW__Conflict_internal_HIGH
VEN,USA,2025,,876468.0681258258,890447.2191610457,13979.151035219904,0.0,13979.151035219904,XGB_OD,SCENARIO,Aid_LOW__Conflict_internal_HIGH__Conflict_external_HIGH
VEN,USA,2025,,876468.0681258258,885462.405613603,8994.337487777146,0.0,8994.337487777146,XGB_OD,SCENARIO,Aid_LOW__Conflict_internal_HIGH__Conflict_external_LOW
VEN,USA,2025,,876468.0681258258,882969.9988398816,6501.930714055767,0.0,6501.930714055767,XGB_OD,SCENARIO,Aid_LOW__Conflict_internal_LOW
VEN,USA,2025,,876468.0681258258,935310.5410880306,58842.47296220467,0.0,58842.47296220467,XGB_OD,SCENARIO,Aid_LOW__Conflict_internal_LOW__Conflict_external_HIGH
VEN,USA,2025,,876468.0681258258,900416.8462559313,23948.77813010541,0.0,23948.77813010541,XGB_OD,SCENARIO,Aid_LOW__Conflict_internal_LOW__Conflict_external_LOW
VEN,USA,2025,,876468.0681258258,941487.3752663836,65019.30714055766,0.0,65019.30714055766,XGB_OD,SCENARIO,Conflict_external_HIGH
VEN,USA,2025,,876468.0681258258,898141.1705060117,21673.10238018589,0.0,21673.10238018589,XGB_OD,SCENARIO,Conflict_external_LOW
VEN,USA,2025,,876468.0681258258,876468.0681258258,0.0,0.0,0.0,XGB_OD,SCENARIO,Conflict_internal_HIGH
VEN,USA,2025,,876468.0681258258,882969.9988398816,6501.930714055773,0.0,6501.930714055773,XGB_OD,SCENARIO,Conflict_internal_HIGH__Conflict_external_HIGH
VEN,USA,2025,,876468.0681258258,878635.3783638445,2167.3102380185906,0.0,2167.3102380185906,XGB_OD,SCENARIO,Conflict_internal_HIGH__Conflict_external_LOW
VEN,USA,2025,,876468.0681258258,876468.0681258258,0.0,0.0,0.0,XGB_OD,SCENARIO,Conflict_internal_LOW
VEN,USA,2025,,876468.0681258258,921981.5831242162,45513.514998390354,0.0,45513.514998390354,XGB_OD,SCENARIO,Conflict_internal_LOW__Conflict_external_HIGH
VEN,USA,2025,,876468.0681258258,891639.2397919559,15171.171666130123,0.0,15171.171666130123,XGB_OD,SCENARIO,Conflict_internal_LOW__Conflict_external_LOW
VEN,USA,2030,,848537.6099512973,,,,,XGB_OD,FORECAST,
VEN,USA,2035,,844934.4996022556,,,,,XGB_OD,FORECAST,
VNM,USA,2000,981280.0,,,,,,HIST,HIST,
VNM,USA,2005,1088252.0,,,,,,HIST,HIST,
VNM,USA,2010,1256778.0,,,,,,HIST,HIST,
VNM,USA,2015,1350067.0,,,,,,HIST,HIST,
VNM,USA,2020,1396246.0,,,,,,HIST,HIST,
VNM,USA,2024,1434631.0,,,,,,HIST,HIST,
VNM,USA,2025,,1431833.5566920463,,,,,XGB_OD,FORECAST,
VNM,USA,2025,,1431833.5566920463,1460324.989873162,28491.433181115604,0.0,28491.433181115604,XGB_OD,SCENARIO,Aid_HIGH
VNM,USA,2025,,1431833.5566920463,1625168.281849617,193334.7251575702,0.0,193334.7251575702,XGB_OD,SCENARIO,Aid_HIGH__Conflict_external_HIGH
VNM,USA,2025,,1431833.5566920463,1515272.7538653137,83439.19717326714,0.0,83439.19717326714,XGB_OD,SCENARIO,Aid_HIGH__Conflict_external_LOW
VNM,USA,2025,,1431833.5566920463,1460324.989873162,28491.433181115604,0.0,28491.433181115604,XGB_OD,SCENARIO,Aid_HIGH__Conflict_internal_HIGH
VNM,USA,2025,,1431833.5566920463,1476809.3190708074,44975.76237876108,0.0,44975.76237876108,XGB_OD,SCENARIO,Aid_HIGH__Conflict_internal_HIGH__Conflict_external_HIGH
VNM,USA,2025,,1431833.5566920463,1465819.7662723772,33986.20958033076,0.0,33986.20958033076,XGB_OD,SCENARIO,Aid_HIGH__Conflict_internal_HIGH__Conflict_external_LOW
VNM,USA,2025,,1431833.5566920463,1460324.989873162,28491.433181115604,0.0,28491.433181115604,XGB_OD,SCENARIO,Aid_HIGH__Conflict_internal_LOW
VNM,USA,2025,,1431833.5566920463,1575715.2942566802,143881.73756463378,0.0,143881.73756463378,XGB_OD,SCENARIO,Aid_HIGH__Conflict_internal_LOW__Conflict_external_HIGH
VNM,USA,2025,,1431833.5566920463,1498788.424667668,66954.86797562167,0.0,66954.86797562167,XGB_OD,SCENARIO,Aid_HIGH__Conflict_internal_LOW__Conflict_external_LOW
VNM,USA,2025,,1431833.5566920463,1444044.1709125245,12210.614220478115,0.0,12210.614220478115,XGB_OD,SCENARIO,Aid_LOW
VNM,USA,2025,,1431833.5566920463,1584466.234448023,152632.67775597642,0.0,152632.67775597642,XGB_OD,SCENARIO,Aid_LOW__Conflict_external_HIGH
VNM,USA,2025,,1431833.5566920463,1490851.5254243573,59017.968732310896,0.0,59017.968732310896,XGB_OD,SCENARIO,Aid_LOW__Conflict_external_LOW
VNM,USA,2025,,1431833.5566920463,1444044.1709125245,12210.614220478115,0.0,12210.614220478115,XGB_OD,SCENARIO,Aid_LOW__Conflict_internal_HIGH
VNM,USA,2025,,1431833.5566920463,1458086.3772660743,26252.82057402796,0.0,26252.82057402796,XGB_OD,SCENARIO,Aid_LOW__Conflict_internal_HIGH__Conflict_external_HIGH
VNM,USA,2025,,1431833.5566920463,1448724.9063637075,16891.349671661395,0.0,16891.349671661395,XGB_OD,SCENARIO,Aid_LOW__Conflict_internal_HIGH__Conflict_external_LOW
VNM,USA,2025,,1431833.5566920463,1444044.1709125245,12210.614220478115,0.0,12210.614220478115,XGB_OD,SCENARIO,Aid_LOW__Conflict_internal_LOW
VNM,USA,2025,,1431833.5566920463,1542339.6153873734,110506.05869532692,0.0,110506.05869532692,XGB_OD,SCENARIO,Aid_LOW__Conflict_internal_LOW__Conflict_external_HIGH
VNM,USA,2025,,1431833.5566920463,1476809.3190708074,44975.762378761065,0.0,44975.762378761065,XGB_OD,SCENARIO,Aid_LOW__Conflict_internal_LOW__Conflict_external_LOW
VNM,USA,2025,,1431833.5566920463,1553939.6988968274,122106.14220478116,0.0,122106.14220478116,XGB_OD,SCENARIO,Conflict_external_HIGH
VNM,USA,2025,,1431833.5566920463,1472535.60409364,40702.04740159372,0.0,40702.04740159372,XGB_OD,SCENARIO,Conflict_external_LOW
VNM,USA,2025,,1431833.5566920463,1431833.5566920463,0.0,0.0,0.0,XGB_OD,SCENARIO,Conflict_internal_HIGH
VNM,USA,2025,,1431833.5566920463,1444044.1709125245,12210.614220478128,0.0,12210.614220478128,XGB_OD,SCENARIO,Conflict_internal_HIGH__Conflict_external_HIGH
VNM,USA,2025,,1431833.5566920463,1435903.7614322058,4070.204740159376,0.0,4070.204740159376,XGB_OD,SCENARIO,Conflict_internal_HIGH__Conflict_external_LOW
VNM,USA,2025,,1431833.5566920463,1431833.5566920463,0.0,0.0,0.0,XGB_OD,SCENARIO,Conflict_internal_LOW
VNM,USA,2025,,1431833.5566920463,1517307.856235393,85474.2995433468,0.0,85474.2995433468,XGB_OD,SCENARIO,Conflict_internal_LOW__Conflict_external_HIGH
VNM,USA,2025,,1431833.5566920463,1460324.989873162,28491.433181115604,0.0,28491.433181115604,XGB_OD,SCENARIO,Conflict_internal_LOW__Conflict_external_LOW
VNM,USA,2030,,1431833.5566920463,,,,,XGB_OD,FORECAST,
VNM,USA,2035,,1431833.5566920463,,,,,XGB_OD,FORECAST,
