country,year,category,event_count,goldstein_avg,tone_avg
AF,1996,Aid/Cooperation,11059,3.429,5.219
AF,1996,Conflict/Migration,4606,-9.875,3.322
AF,1996,Disapproval/Sanction,2269,-3.15,4.703
AF,1996,Other,9605,2.027,4.869
AF,1996,Protest,473,-5.585,4.402
AF,1997,Aid/Cooperation,10718,3.292,5.386
AF,1997,Conflict/Migration,4465,-9.868,3.654
AF,1997,Disapproval/Sanction,2032,-3.225,4.779
AF,1997,Other,9987,1.669,4.923
AF,1997,Protest,263,-5.274,4.626
AF,1998,Aid/Cooperation,11230,3.356,5.346
AF,1998,Conflict/Migration,5809,-9.879,3.929
AF,1998,Disapproval/Sanction,2944,-2.87,4.766
AF,1998,Other,12664,1.331,5.046
AF,1998,Protest,503,-5.396,4.59
AF,1999,Aid/Cooperation,10344,3.416,5.322
AF,1999,Conflict/Migration,3917,-9.884,4.071
AF,1999,Disapproval/Sanction,2922,-3.085,5.184
AF,1999,Other,10829,1.555,5.117
AF,1999,Protest,507,-5.525,5.003
AF,2000,Aid/Cooperation,12487,3.271,5.121
AF,2000,Conflict/Migration,4126,-9.869,3.705
AF,2000,Disapproval/Sanction,3074,-2.952,4.833
AF,2000,Other,13246,1.584,4.863
AF,2000,Protest,562,-5.345,5.072
AF,2001,Aid/Cooperation,47908,3.016,5.512
AF,2001,Conflict/Migration,19335,-9.876,4.431
AF,2001,Disapproval/Sanction,14630,-2.995,5.407
AF,2001,Other,66381,1.68,5.401
AF,2001,Protest,3501,-5.565,5.329
AF,2002,Aid/Cooperation,49596,3.023,5.426
AF,2002,Conflict/Migration,13533,-9.895,3.956
AF,2002,Disapproval/Sanction,8792,-2.933,5
AF,2002,Other,53161,1.904,5.152
AF,2002,Protest,1691,-5.398,4.969
AF,2003,Aid/Cooperation,44512,3.038,5.448
AF,2003,Conflict/Migration,18411,-9.895,3.313
AF,2003,Disapproval/Sanction,9954,-2.853,4.772
AF,2003,Other,48693,1.444,5.002
AF,2003,Protest,1520,-5.323,4.82
AF,2004,Aid/Cooperation,34105,2.935,5.658
AF,2004,Conflict/Migration,14988,-9.856,3.42
AF,2004,Disapproval/Sanction,8404,-2.891,4.868
AF,2004,Other,42121,1.297,4.952
AF,2004,Protest,1319,-5.482,5.022
AF,2005,Aid/Cooperation,17818,2.995,5.332
AF,2005,Conflict/Migration,12802,-9.851,2.977
AF,2005,Disapproval/Sanction,5860,-2.827,4.332
AF,2005,Other,29097,1.105,4.472
AF,2005,Protest,776,-5.568,4.458
AF,2006,Aid/Cooperation,30645,2.989,5.015
AF,2006,Conflict/Migration,37944,-9.887,2.903
AF,2006,Disapproval/Sanction,13497,-2.756,4.157
AF,2006,Other,54952,1.112,4.303
AF,2006,Protest,1953,-5.388,4.324
AF,2007,Aid/Cooperation,66643,2.982,5.054
AF,2007,Conflict/Migration,72119,-9.858,3.09
AF,2007,Disapproval/Sanction,25375,-2.877,4.404
AF,2007,Other,107915,1.647,4.496
AF,2007,Protest,4308,-5.498,4.319
AF,2008,Aid/Cooperation,78313,3.06,5.133
AF,2008,Conflict/Migration,77332,-9.875,3.267
AF,2008,Disapproval/Sanction,30247,-2.779,4.416
AF,2008,Other,128267,1.691,4.654
AF,2008,Protest,5573,-5.373,4.523
AF,2009,Aid/Cooperation,149835,3.001,5.372
AF,2009,Conflict/Migration,117150,-9.895,3.615
AF,2009,Disapproval/Sanction,52451,-2.889,4.786
AF,2009,Other,251636,1.965,5.031
AF,2009,Protest,12209,-5.249,5.019
AF,2010,Aid/Cooperation,135628,3.079,5.505
AF,2010,Conflict/Migration,115931,-9.893,3.537
AF,2010,Disapproval/Sanction,46307,-2.843,4.697
AF,2010,Other,209105,1.715,4.953
AF,2010,Protest,9327,-5.383,4.698
AF,2011,Aid/Cooperation,148119,3.113,5.448
AF,2011,Conflict/Migration,128991,-9.914,3.488
AF,2011,Disapproval/Sanction,47527,-2.799,4.503
AF,2011,Other,204564,1.704,4.81
AF,2011,Protest,9447,-5.553,4.533
AF,2012,Aid/Cooperation,148327,3.356,5.033
AF,2012,Conflict/Migration,108948,-9.913,3.38
AF,2012,Disapproval/Sanction,46836,-2.774,4.137
AF,2012,Other,202202,1.777,4.48
AF,2012,Protest,7546,-5.461,4.172
AF,2013,Aid/Cooperation,117065,3.326,2.547
AF,2013,Conflict/Migration,64884,-9.896,1.687
AF,2013,Disapproval/Sanction,31162,-2.957,2.079
AF,2013,Other,145547,1.992,2.257
AF,2013,Protest,5573,-5.307,1.985
AF,2014,Aid/Cooperation,153963,3.221,2.717
AF,2014,Conflict/Migration,96405,-9.888,1.544
AF,2014,Disapproval/Sanction,44403,-2.857,2.136
AF,2014,Other,199536,2.036,2.281
AF,2014,Protest,8016,-5.256,2.118
AF,2015,Aid/Cooperation,194586,3.155,-1.771
AF,2015,Conflict/Migration,129008,-9.871,-5.539
AF,2015,Disapproval/Sanction,61028,-2.89,-4.13
AF,2015,Other,257869,1.662,-3.131
AF,2015,Protest,11856,-5.312,-4.051
AF,2016,Aid/Cooperation,206478,3.217,-2.135
AF,2016,Conflict/Migration,144909,-9.869,-6.071
AF,2016,Disapproval/Sanction,68866,-2.892,-4.459
AF,2016,Other,276064,1.655,-3.552
AF,2016,Protest,13357,-5.401,-4.669
AF,2017,Aid/Cooperation,163096,3.043,-1.977
AF,2017,Conflict/Migration,117425,-9.886,-6.325
AF,2017,Disapproval/Sanction,58318,-2.793,-4.576
AF,2017,Other,227757,1.743,-3.498
AF,2017,Protest,10598,-5.267,-4.632
AF,2018,Aid/Cooperation,140453,3.159,-1.537
AF,2018,Conflict/Migration,98311,-9.886,-6.634
AF,2018,Disapproval/Sanction,42465,-2.85,-4.578
AF,2018,Other,171765,1.821,-3.379
AF,2018,Protest,7290,-5.35,-4.919
AF,2019,Aid/Cooperation,147119,3.349,-1.437
AF,2019,Conflict/Migration,77100,-9.893,-6.358
AF,2019,Disapproval/Sanction,40995,-2.957,-4.052
AF,2019,Other,166846,1.876,-3.113
AF,2019,Protest,6984,-5.328,-4.51
AF,2020,Aid/Cooperation,105144,3.562,-1.737
AF,2020,Conflict/Migration,55431,-9.9,-6.27
AF,2020,Disapproval/Sanction,32005,-3.048,-4.272
AF,2020,Other,137123,2.401,-3.212
AF,2020,Protest,5278,-5.236,-4.358
AF,2021,Aid/Cooperation,225100,2.981,-1.989
AF,2021,Conflict/Migration,85871,-9.854,-5.127
AF,2021,Disapproval/Sanction,63837,-3.045,-3.893
AF,2021,Other,331495,2.489,-2.986
AF,2021,Protest,16288,-5.245,-4.113
AF,2022,Aid/Cooperation,82674,2.933,-1.84
AF,2022,Conflict/Migration,30546,-9.849,-5.409
AF,2022,Disapproval/Sanction,24809,-3.007,-4.225
AF,2022,Other,120086,1.917,-3.127
AF,2022,Protest,4279,-5.053,-4.392
AF,2023,Aid/Cooperation,79152,2.881,-2.099
AF,2023,Conflict/Migration,24656,-9.859,-5.305
AF,2023,Disapproval/Sanction,25007,-2.975,-4.216
AF,2023,Other,113628,1.636,-3.325
AF,2023,Protest,4362,-5.103,-4.966
AF,2024,Aid/Cooperation,57525,2.912,-1.882
AF,2024,Conflict/Migration,20015,-9.864,-5.513
AF,2024,Disapproval/Sanction,18398,-2.948,-4.293
AF,2024,Other,78724,1.67,-3.451
AF,2024,Protest,3465,-5.137,-5.237
AR,1996,Aid/Cooperation,5456,3.326,5.569
AR,1996,Conflict/Migration,622,-9.749,3.811
AR,1996,Disapproval/Sanction,1277,-3.143,4.747
AR,1996,Other,5460,1.684,4.991
AR,1996,Protest,144,-5.388,4.809
AR,1997,Aid/Cooperation,7238,3.193,5.707
AR,1997,Conflict/Migration,629,-9.882,4.276
AR,1997,Disapproval/Sanction,1663,-3.114,5.264
AR,1997,Other,6492,1.843,5.281
AR,1997,Protest,170,-5.273,5.372
AR,1998,Aid/Cooperation,6723,3.167,5.375
AR,1998,Conflict/Migration,710,-9.729,3.914
AR,1998,Disapproval/Sanction,1450,-3.352,4.566
AR,1998,Other,6714,1.496,4.755
AR,1998,Protest,177,-5.767,4.494
AR,1999,Aid/Cooperation,8414,3.134,5.689
AR,1999,Conflict/Migration,783,-9.791,4.557
AR,1999,Disapproval/Sanction,1697,-3.152,5.027
AR,1999,Other,8539,1.856,5.232
AR,1999,Protest,194,-5.238,4.75
AR,2000,Aid/Cooperation,4765,3.165,5.487
AR,2000,Conflict/Migration,589,-9.729,3.814
AR,2000,Disapproval/Sanction,1028,-3.113,5.02
AR,2000,Other,4994,1.333,5.131
AR,2000,Protest,122,-5.454,4.692
AR,2001,Aid/Cooperation,6366,3.012,5.754
AR,2001,Conflict/Migration,715,-9.778,4.06
AR,2001,Disapproval/Sanction,1785,-3.133,4.982
AR,2001,Other,8205,1.369,5.212
AR,2001,Protest,209,-5.424,4.756
AR,2002,Aid/Cooperation,4474,2.935,5.42
AR,2002,Conflict/Migration,621,-9.817,4.091
AR,2002,Disapproval/Sanction,1226,-3.184,4.859
AR,2002,Other,5834,1.453,5.091
AR,2002,Protest,131,-5.33,4.874
AR,2003,Aid/Cooperation,6238,3.06,5.648
AR,2003,Conflict/Migration,780,-9.716,4.19
AR,2003,Disapproval/Sanction,1956,-3.133,4.895
AR,2003,Other,7214,1.09,5.129
AR,2003,Protest,187,-5.247,4.658
AR,2004,Aid/Cooperation,4385,3.157,5.763
AR,2004,Conflict/Migration,454,-9.801,4.074
AR,2004,Disapproval/Sanction,1053,-3.087,5.01
AR,2004,Other,4636,1.792,5.124
AR,2004,Protest,89,-5.263,4.612
AR,2005,Aid/Cooperation,2040,3.182,5.69
AR,2005,Conflict/Migration,472,-9.587,3.778
AR,2005,Disapproval/Sanction,564,-2.839,4.536
AR,2005,Other,2421,0.858,4.747
AR,2005,Protest,41,-5.385,4.04
AR,2006,Aid/Cooperation,3209,3.482,5.92
AR,2006,Conflict/Migration,574,-9.61,4.364
AR,2006,Disapproval/Sanction,1019,-3.002,4.69
AR,2006,Other,3940,1.029,5.059
AR,2006,Protest,85,-5.499,4.861
AR,2007,Aid/Cooperation,5386,3.01,5.516
AR,2007,Conflict/Migration,1139,-9.72,4.196
AR,2007,Disapproval/Sanction,1950,-3.115,4.667
AR,2007,Other,9061,1.153,4.66
AR,2007,Protest,158,-5.508,4.137
AR,2008,Aid/Cooperation,10373,3.053,4.393
AR,2008,Conflict/Migration,1467,-9.724,4.076
AR,2008,Disapproval/Sanction,2149,-2.864,4.229
AR,2008,Other,17394,1.013,2.99
AR,2008,Protest,228,-5.504,3.59
AR,2009,Aid/Cooperation,22865,3.135,5.18
AR,2009,Conflict/Migration,2957,-9.806,4.233
AR,2009,Disapproval/Sanction,5515,-2.967,4.731
AR,2009,Other,28828,1.354,4.172
AR,2009,Protest,493,-5.283,4.629
AR,2010,Aid/Cooperation,17950,3.141,5.938
AR,2010,Conflict/Migration,2961,-9.774,4.513
AR,2010,Disapproval/Sanction,5374,-3.017,5.026
AR,2010,Other,20845,1.697,5.472
AR,2010,Protest,436,-5.237,5.14
AR,2011,Aid/Cooperation,17205,2.969,5.805
AR,2011,Conflict/Migration,2888,-9.752,4.13
AR,2011,Disapproval/Sanction,3822,-2.904,4.989
AR,2011,Other,19105,1.524,5.299
AR,2011,Protest,492,-5.13,4.969
AR,2012,Aid/Cooperation,22066,3.155,5.292
AR,2012,Conflict/Migration,4055,-9.798,4.031
AR,2012,Disapproval/Sanction,7764,-2.858,4.481
AR,2012,Other,28903,1.634,4.718
AR,2012,Protest,1087,-4.999,4.481
AR,2013,Aid/Cooperation,29330,3.121,2.735
AR,2013,Conflict/Migration,3976,-9.799,2.224
AR,2013,Disapproval/Sanction,8617,-2.919,2.357
AR,2013,Other,32497,1.662,2.508
AR,2013,Protest,777,-5.015,2.33
AR,2014,Aid/Cooperation,26904,3.133,2.716
AR,2014,Conflict/Migration,3794,-9.792,1.947
AR,2014,Disapproval/Sanction,7338,-2.943,2.175
AR,2014,Other,30977,1.812,2.319
AR,2014,Protest,717,-5.047,2.097
AR,2015,Aid/Cooperation,38735,3.029,-0.13
AR,2015,Conflict/Migration,8126,-9.839,-2.84
AR,2015,Disapproval/Sanction,13262,-2.768,-2.048
AR,2015,Other,47737,1.546,-1.26
AR,2015,Protest,1234,-5.259,-2.184
AR,2016,Aid/Cooperation,41120,3.022,-0.405
AR,2016,Conflict/Migration,5755,-9.774,-4.055
AR,2016,Disapproval/Sanction,10160,-2.976,-2.974
AR,2016,Other,47482,1.772,-1.687
AR,2016,Protest,1020,-5.074,-2.345
AR,2017,Aid/Cooperation,33498,3.074,-0.623
AR,2017,Conflict/Migration,4858,-9.816,-4.327
AR,2017,Disapproval/Sanction,7320,-2.966,-3.375
AR,2017,Other,39206,1.821,-1.685
AR,2017,Protest,716,-5.155,-2.985
AR,2018,Aid/Cooperation,43155,3.076,-0.594
AR,2018,Conflict/Migration,3969,-9.799,-3.703
AR,2018,Disapproval/Sanction,7222,-2.943,-2.976
AR,2018,Other,42735,2.007,-1.604
AR,2018,Protest,886,-5.112,-2.714
AR,2019,Aid/Cooperation,27461,3.138,-0.734
AR,2019,Conflict/Migration,3770,-9.781,-4.068
AR,2019,Disapproval/Sanction,5635,-2.818,-3.173
AR,2019,Other,28598,1.834,-1.694
AR,2019,Protest,686,-5.233,-3.155
AR,2020,Aid/Cooperation,16097,3.095,-0.882
AR,2020,Conflict/Migration,2375,-9.82,-4.081
AR,2020,Disapproval/Sanction,3868,-2.973,-2.924
AR,2020,Other,20220,1.917,-1.904
AR,2020,Protest,553,-5.118,-3.061
AR,2021,Aid/Cooperation,13815,3.155,-0.253
AR,2021,Conflict/Migration,2061,-9.837,-3.288
AR,2021,Disapproval/Sanction,3372,-2.851,-2.482
AR,2021,Other,17512,1.885,-1.391
AR,2021,Protest,355,-5.063,-2.712
AR,2022,Aid/Cooperation,16290,3.056,-0.15
AR,2022,Conflict/Migration,2358,-9.794,-3.923
AR,2022,Disapproval/Sanction,3578,-2.869,-2.839
AR,2022,Other,17756,1.763,-1.702
AR,2022,Protest,371,-5.219,-3.022
AR,2023,Aid/Cooperation,23583,3.088,0.271
AR,2023,Conflict/Migration,2672,-9.772,-4.146
AR,2023,Disapproval/Sanction,4591,-2.904,-2.415
AR,2023,Other,23278,1.897,-1.183
AR,2023,Protest,593,-5.298,-3.394
AR,2024,Aid/Cooperation,23008,3.169,-0.494
AR,2024,Conflict/Migration,2880,-9.8,-4.179
AR,2024,Disapproval/Sanction,5765,-2.938,-3.253
AR,2024,Other,24507,1.65,-1.7
AR,2024,Protest,654,-5.18,-3.338
AU,1996,Aid/Cooperation,3381,3.338,5.526
AU,1996,Conflict/Migration,251,-9.775,4.019
AU,1996,Disapproval/Sanction,526,-2.935,5.617
AU,1996,Other,2922,1.815,5.48
AU,1996,Protest,78,-5.103,5.552
AU,1997,Aid/Cooperation,5246,3.197,5.703
AU,1997,Conflict/Migration,303,-9.766,3.978
AU,1997,Disapproval/Sanction,773,-3.26,5.255
AU,1997,Other,4471,1.837,5.227
AU,1997,Protest,103,-5.056,4.779
AU,1998,Aid/Cooperation,9093,3.066,5.416
AU,1998,Conflict/Migration,312,-9.755,4.297
AU,1998,Disapproval/Sanction,1561,-3.113,5.144
AU,1998,Other,7994,1.795,5.236
AU,1998,Protest,198,-5.084,5.236
AU,1999,Aid/Cooperation,7109,2.971,5.546
AU,1999,Conflict/Migration,663,-9.759,3.888
AU,1999,Disapproval/Sanction,1400,-3.074,5.664
AU,1999,Other,6829,1.402,5.283
AU,1999,Protest,224,-5.158,5.996
AU,2000,Aid/Cooperation,11489,3.313,6.532
AU,2000,Conflict/Migration,628,-9.795,5.085
AU,2000,Disapproval/Sanction,4072,-3.004,6.655
AU,2000,Other,14214,0.825,6.437
AU,2000,Protest,751,-4.943,6.837
AU,2001,Aid/Cooperation,6307,3.292,5.769
AU,2001,Conflict/Migration,418,-9.836,4.46
AU,2001,Disapproval/Sanction,1348,-3.008,5.684
AU,2001,Other,6073,1.666,5.43
AU,2001,Protest,152,-5.174,5.434
AU,2002,Aid/Cooperation,5313,3.223,5.964
AU,2002,Conflict/Migration,326,-9.825,4.662
AU,2002,Disapproval/Sanction,1247,-3.178,5.898
AU,2002,Other,4999,1.598,5.681
AU,2002,Protest,139,-5.188,5.454
AU,2003,Aid/Cooperation,5248,3.209,5.686
AU,2003,Conflict/Migration,255,-9.71,4.589
AU,2003,Disapproval/Sanction,964,-3.184,5.44
AU,2003,Other,4999,1.53,5.329
AU,2003,Protest,114,-5.084,5.41
AU,2004,Aid/Cooperation,5066,2.988,5.722
AU,2004,Conflict/Migration,354,-9.836,4.313
AU,2004,Disapproval/Sanction,1141,-3.188,5.659
AU,2004,Other,5272,1.497,5.216
AU,2004,Protest,117,-5.01,5.412
AU,2005,Aid/Cooperation,4383,3.223,5.661
AU,2005,Conflict/Migration,449,-9.824,4.019
AU,2005,Disapproval/Sanction,1157,-3.12,5.444
AU,2005,Other,4787,1.426,5.23
AU,2005,Protest,117,-5.007,5.282
AU,2006,Aid/Cooperation,8723,3.182,5.542
AU,2006,Conflict/Migration,701,-9.7,4.117
AU,2006,Disapproval/Sanction,1807,-3.201,5.227
AU,2006,Other,9408,1.454,5.247
AU,2006,Protest,243,-4.926,5.059
AU,2007,Aid/Cooperation,10314,3.231,5.533
AU,2007,Conflict/Migration,902,-9.744,4.303
AU,2007,Disapproval/Sanction,2366,-3.053,5.017
AU,2007,Other,13601,1.359,5.163
AU,2007,Protest,433,-5.266,4.197
AU,2008,Aid/Cooperation,11550,3.103,5.552
AU,2008,Conflict/Migration,1945,-9.574,4.4
AU,2008,Disapproval/Sanction,2891,-2.967,5.142
AU,2008,Other,17562,1.234,5.015
AU,2008,Protest,395,-5.109,5.244
AU,2009,Aid/Cooperation,19939,3.327,5.746
AU,2009,Conflict/Migration,3149,-9.764,3.886
AU,2009,Disapproval/Sanction,4234,-2.933,4.908
AU,2009,Other,26612,1.482,5.096
AU,2009,Protest,536,-5.243,4.833
AU,2010,Aid/Cooperation,15301,3.195,5.991
AU,2010,Conflict/Migration,1726,-9.773,4.173
AU,2010,Disapproval/Sanction,3467,-2.958,5.211
AU,2010,Other,19169,1.41,5.409
AU,2010,Protest,453,-4.98,4.997
AU,2011,Aid/Cooperation,19446,2.985,5.897
AU,2011,Conflict/Migration,2316,-9.794,4.296
AU,2011,Disapproval/Sanction,4259,-3.021,5.159
AU,2011,Other,26015,1.596,5.349
AU,2011,Protest,526,-4.968,4.87
AU,2012,Aid/Cooperation,18600,3.211,5.683
AU,2012,Conflict/Migration,2106,-9.821,4.233
AU,2012,Disapproval/Sanction,4296,-3.016,5.131
AU,2012,Other,21774,1.749,5.251
AU,2012,Protest,492,-4.911,4.778
AU,2013,Aid/Cooperation,22684,3.146,2.699
AU,2013,Conflict/Migration,2693,-9.804,1.788
AU,2013,Disapproval/Sanction,4739,-3.105,2.283
AU,2013,Other,25976,1.697,2.394
AU,2013,Protest,549,-5.056,2.263
AU,2014,Aid/Cooperation,43642,3.603,2.49
AU,2014,Conflict/Migration,3071,-9.835,2.087
AU,2014,Disapproval/Sanction,6246,-3.11,2.367
AU,2014,Other,39605,1.695,2.294
AU,2014,Protest,907,-5.06,2.072
AU,2015,Aid/Cooperation,73566,3.332,-1.387
AU,2015,Conflict/Migration,8236,-9.745,-3.836
AU,2015,Disapproval/Sanction,12677,-3.016,-2.608
AU,2015,Other,71374,1.645,-2.29
AU,2015,Protest,1909,-5.087,-3.505
AU,2016,Aid/Cooperation,58991,3.049,-1.048
AU,2016,Conflict/Migration,8254,-9.715,-4.314
AU,2016,Disapproval/Sanction,13888,-3.012,-2.975
AU,2016,Other,70116,1.584,-2.238
AU,2016,Protest,2325,-4.978,-4.013
AU,2017,Aid/Cooperation,44566,3.097,-0.178
AU,2017,Conflict/Migration,5059,-9.764,-4.038
AU,2017,Disapproval/Sanction,9410,-2.973,-2.517
AU,2017,Other,49157,1.527,-1.589
AU,2017,Protest,1385,-5.134,-3.363
AU,2018,Aid/Cooperation,51049,3.153,-0.505
AU,2018,Conflict/Migration,4935,-9.821,-3.877
AU,2018,Disapproval/Sanction,10348,-3.04,-2.52
AU,2018,Other,53742,1.823,-1.503
AU,2018,Protest,1530,-5.161,-3.137
AU,2019,Aid/Cooperation,36324,3.176,-0.275
AU,2019,Conflict/Migration,4390,-9.813,-3.519
AU,2019,Disapproval/Sanction,8452,-2.959,-2.346
AU,2019,Other,42126,1.781,-1.448
AU,2019,Protest,989,-5.068,-3.187
AU,2020,Aid/Cooperation,26666,3.159,-1.136
AU,2020,Conflict/Migration,4103,-9.859,-4.866
AU,2020,Disapproval/Sanction,5907,-2.965,-3.014
AU,2020,Other,34033,1.646,-2.13
AU,2020,Protest,1063,-4.941,-3.568
AU,2021,Aid/Cooperation,34905,3.673,-0.846
AU,2021,Conflict/Migration,3388,-9.869,-3.805
AU,2021,Disapproval/Sanction,5983,-3.005,-2.799
AU,2021,Other,32668,1.497,-1.93
AU,2021,Protest,903,-4.973,-3.602
AU,2022,Aid/Cooperation,27067,3.306,-0.586
AU,2022,Conflict/Migration,2705,-9.849,-4.017
AU,2022,Disapproval/Sanction,5056,-3.013,-2.35
AU,2022,Other,25704,1.634,-1.606
AU,2022,Protest,727,-5.128,-3.55
AU,2023,Aid/Cooperation,27786,3.084,0.329
AU,2023,Conflict/Migration,2529,-9.829,-3.58
AU,2023,Disapproval/Sanction,5644,-2.984,-1.944
AU,2023,Other,26976,1.632,-1.057
AU,2023,Protest,621,-5.134,-3.38
AU,2024,Aid/Cooperation,25367,3.14,0.218
AU,2024,Conflict/Migration,2878,-9.827,-4.239
AU,2024,Disapproval/Sanction,5655,-2.958,-2.226
AU,2024,Other,28487,1.638,-1.447
AU,2024,Protest,882,-5.323,-4.133
BD,1996,Aid/Cooperation,143,2.852,4.878
BD,1996,Conflict/Migration,119,-9.882,3.816
BD,1996,Disapproval/Sanction,103,-2.592,4.843
BD,1996,Other,257,0.994,4.644
BD,1996,Protest,11,-5.236,5.02
BD,1997,Aid/Cooperation,95,3.121,5.708
BD,1997,Conflict/Migration,38,-9.803,4.871
BD,1997,Disapproval/Sanction,85,-2.918,6.315
BD,1997,Other,227,1.197,6.14
BD,1997,Protest,2,-7,5.856
BD,1998,Aid/Cooperation,186,2.46,6.534
BD,1998,Conflict/Migration,39,-9.923,4.131
BD,1998,Disapproval/Sanction,62,-3.145,5.873
BD,1998,Other,252,1.549,6.047
BD,1998,Protest,6,-5.3,5.875
BD,1999,Aid/Cooperation,95,2.508,5.418
BD,1999,Conflict/Migration,21,-9.952,5.449
BD,1999,Disapproval/Sanction,64,-2.688,5.833
BD,1999,Other,220,0.482,5.182
BD,1999,Protest,8,-5.7,4.325
BD,2000,Aid/Cooperation,268,2.7,5.813
BD,2000,Conflict/Migration,15,-9.8,4.905
BD,2000,Disapproval/Sanction,60,-3.2,5.383
BD,2000,Other,236,1.958,6.082
BD,2000,Protest,7,-5.514,2.89
BD,2001,Aid/Cooperation,193,2.336,5.522
BD,2001,Conflict/Migration,51,-9.755,3.97
BD,2001,Disapproval/Sanction,64,-2.625,4.627
BD,2001,Other,307,0.274,4.644
BD,2001,Protest,6,-4.4,4.269
BD,2002,Aid/Cooperation,104,2.644,6.163
BD,2002,Conflict/Migration,21,-9.786,4.103
BD,2002,Disapproval/Sanction,52,-3.25,5.516
BD,2002,Other,205,0.823,5.712
BD,2002,Protest,10,-4.92,5.609
BD,2003,Aid/Cooperation,231,3.111,5.084
BD,2003,Conflict/Migration,50,-9.8,3.835
BD,2003,Disapproval/Sanction,106,-3.047,5.642
BD,2003,Other,421,1.005,5.547
BD,2003,Protest,17,-4.4,5.895
BD,2004,Aid/Cooperation,171,3.012,5.924
BD,2004,Conflict/Migration,43,-9.767,4.227
BD,2004,Disapproval/Sanction,118,-2.966,5.931
BD,2004,Other,383,1.123,5.592
BD,2004,Protest,8,-5.05,7.052
BD,2005,Aid/Cooperation,172,2.966,5.895
BD,2005,Conflict/Migration,42,-9.75,4.188
BD,2005,Disapproval/Sanction,62,-3.081,5.267
BD,2005,Other,299,0.753,5.239
BD,2005,Protest,5,-4.68,5.399
BD,2006,Aid/Cooperation,666,3.045,5.941
BD,2006,Conflict/Migration,155,-9.784,4.334
BD,2006,Disapproval/Sanction,236,-3.047,5.719
BD,2006,Other,1366,1.34,5.726
BD,2006,Protest,48,-4.892,5.323
BD,2007,Aid/Cooperation,1457,3.22,6.611
BD,2007,Conflict/Migration,449,-9.778,4.22
BD,2007,Disapproval/Sanction,602,-2.899,5.743
BD,2007,Other,3041,1.544,6.086
BD,2007,Protest,65,-4.751,5.636
BD,2008,Aid/Cooperation,2474,3.303,5.744
BD,2008,Conflict/Migration,619,-9.806,4.76
BD,2008,Disapproval/Sanction,794,-2.933,5.432
BD,2008,Other,4515,1.351,5.591
BD,2008,Protest,114,-4.896,5.424
BD,2009,Aid/Cooperation,7064,3.106,5.83
BD,2009,Conflict/Migration,1842,-9.779,3.858
BD,2009,Disapproval/Sanction,2037,-2.95,5.032
BD,2009,Other,11423,1.222,5.206
BD,2009,Protest,228,-4.913,5.031
BD,2010,Aid/Cooperation,7564,2.972,5.707
BD,2010,Conflict/Migration,2436,-9.745,3.667
BD,2010,Disapproval/Sanction,2484,-2.803,4.642
BD,2010,Other,13445,1.228,5.088
BD,2010,Protest,317,-4.959,4.439
BD,2011,Aid/Cooperation,9925,2.88,5.902
BD,2011,Conflict/Migration,3246,-9.755,3.77
BD,2011,Disapproval/Sanction,3482,-2.879,4.795
BD,2011,Other,18952,1.223,5.107
BD,2011,Protest,413,-4.969,4.257
BD,2012,Aid/Cooperation,6946,3.025,5.947
BD,2012,Conflict/Migration,2041,-9.78,3.649
BD,2012,Disapproval/Sanction,2151,-2.958,4.634
BD,2012,Other,12318,1.279,5.033
BD,2012,Protest,253,-4.763,4.606
BD,2013,Aid/Cooperation,2372,3.167,3.04
BD,2013,Conflict/Migration,217,-9.682,1.891
BD,2013,Disapproval/Sanction,478,-2.968,2.115
BD,2013,Other,3146,1.481,2.539
BD,2013,Protest,46,-5.183,2.474
BD,2014,Aid/Cooperation,4571,2.966,2.942
BD,2014,Conflict/Migration,534,-9.816,1.871
BD,2014,Disapproval/Sanction,859,-3.101,2.439
BD,2014,Other,5541,1.677,2.516
BD,2014,Protest,162,-4.753,2.295
BD,2015,Aid/Cooperation,9045,2.908,0.646
BD,2015,Conflict/Migration,717,-9.821,-2.457
BD,2015,Disapproval/Sanction,1564,-3.027,-1.57
BD,2015,Other,10692,2.206,-0.691
BD,2015,Protest,280,-4.547,-1.107
BD,2016,Aid/Cooperation,9114,2.948,0.607
BD,2016,Conflict/Migration,670,-9.807,-2.821
BD,2016,Disapproval/Sanction,1704,-3.077,-1.651
BD,2016,Other,11259,2.111,-0.679
BD,2016,Protest,301,-4.792,-1.911
BD,2017,Aid/Cooperation,7644,2.935,0.987
BD,2017,Conflict/Migration,690,-9.784,-2.766
BD,2017,Disapproval/Sanction,1714,-3.023,-1.189
BD,2017,Other,9389,1.88,-0.256
BD,2017,Protest,228,-4.739,-2.181
BD,2018,Aid/Cooperation,8336,2.995,0.901
BD,2018,Conflict/Migration,880,-9.813,-2.717
BD,2018,Disapproval/Sanction,1941,-3.158,-1.249
BD,2018,Other,10906,1.698,-0.36
BD,2018,Protest,228,-4.918,-2.05
BD,2019,Aid/Cooperation,8398,2.978,0.893
BD,2019,Conflict/Migration,690,-9.744,-3.363
BD,2019,Disapproval/Sanction,1840,-3.01,-1.619
BD,2019,Other,11517,1.759,-0.762
BD,2019,Protest,215,-4.682,-3.613
BD,2020,Aid/Cooperation,6238,2.933,0.159
BD,2020,Conflict/Migration,772,-9.786,-3.229
BD,2020,Disapproval/Sanction,1498,-3.154,-2.307
BD,2020,Other,10087,1.764,-1.146
BD,2020,Protest,236,-4.633,-3.215
BD,2021,Aid/Cooperation,5165,3.004,0.585
BD,2021,Conflict/Migration,494,-9.823,-2.793
BD,2021,Disapproval/Sanction,1244,-3.105,-2.006
BD,2021,Other,6998,2.013,-0.742
BD,2021,Protest,191,-5.043,-2.518
BD,2022,Aid/Cooperation,6228,2.933,1.012
BD,2022,Conflict/Migration,537,-9.825,-2.555
BD,2022,Disapproval/Sanction,1311,-3.119,-1.435
BD,2022,Other,7837,2.016,-0.346
BD,2022,Protest,223,-4.648,-1.662
BD,2023,Aid/Cooperation,7756,2.979,1.587
BD,2023,Conflict/Migration,518,-9.786,-2.379
BD,2023,Disapproval/Sanction,1455,-3.099,-1.428
BD,2023,Other,9257,1.97,-0.055
BD,2023,Protest,299,-4.577,-0.994
BD,2024,Aid/Cooperation,7854,2.905,2.242
BD,2024,Conflict/Migration,589,-9.815,-2.306
BD,2024,Disapproval/Sanction,1204,-3.032,-1.155
BD,2024,Other,9016,2.204,0.644
BD,2024,Protest,309,-4.762,-1.568
BN,1996,Aid/Cooperation,401,2.881,6.087
BN,1996,Conflict/Migration,31,-9.581,4.192
BN,1996,Disapproval/Sanction,87,-2.724,4.955
BN,1996,Other,360,2.233,5.357
BN,1996,Protest,6,-4.867,4.234
BN,1997,Aid/Cooperation,506,3.471,5.876
BN,1997,Conflict/Migration,7,-9.857,4.561
BN,1997,Disapproval/Sanction,40,-3.15,4.582
BN,1997,Other,290,1.496,5.223
BN,1997,Protest,3,-4.4,3.638
BN,1998,Aid/Cooperation,282,3.082,6.272
BN,1998,Conflict/Migration,28,-9.929,3.19
BN,1998,Disapproval/Sanction,39,-3.462,4.674
BN,1998,Other,381,1.73,5.164
BN,1998,Protest,9,-5.711,5.787
BN,1999,Aid/Cooperation,527,3.069,5.826
BN,1999,Conflict/Migration,49,-9.796,4.327
BN,1999,Disapproval/Sanction,142,-2.859,5.262
BN,1999,Other,550,1.191,5.52
BN,1999,Protest,4,-6.05,4.141
BN,2000,Aid/Cooperation,1004,3.034,6.256
BN,2000,Conflict/Migration,103,-9.743,4.553
BN,2000,Disapproval/Sanction,161,-3.205,5.185
BN,2000,Other,732,1.514,5.604
BN,2000,Protest,16,-4.563,4.843
BN,2001,Aid/Cooperation,1192,3.033,5.406
BN,2001,Conflict/Migration,88,-9.898,4.081
BN,2001,Disapproval/Sanction,272,-3.32,4.54
BN,2001,Other,1163,1.155,4.861
BN,2001,Protest,33,-5.43,4.309
BN,2002,Aid/Cooperation,871,3.187,6.68
BN,2002,Conflict/Migration,39,-9.769,4.382
BN,2002,Disapproval/Sanction,207,-3.222,6.066
BN,2002,Other,804,1.642,5.927
BN,2002,Protest,11,-4.873,5.555
BN,2003,Aid/Cooperation,1285,3.021,6.048
BN,2003,Conflict/Migration,120,-9.871,4.315
BN,2003,Disapproval/Sanction,262,-3.324,5.012
BN,2003,Other,1350,1.552,5.15
BN,2003,Protest,34,-4.747,5.446
BN,2004,Aid/Cooperation,1142,3.138,6.15
BN,2004,Conflict/Migration,92,-9.853,4.433
BN,2004,Disapproval/Sanction,209,-2.971,5.658
BN,2004,Other,1005,1.304,5.765
BN,2004,Protest,20,-5.05,5.24
BN,2005,Aid/Cooperation,740,3.174,5.629
BN,2005,Conflict/Migration,118,-9.78,4.939
BN,2005,Disapproval/Sanction,146,-2.63,5.798
BN,2005,Other,1013,2.097,5.805
BN,2005,Protest,13,-5.015,5.116
BN,2006,Aid/Cooperation,1114,2.86,6.573
BN,2006,Conflict/Migration,93,-9.774,4.787
BN,2006,Disapproval/Sanction,223,-3.309,5.429
BN,2006,Other,1455,2.055,7.414
BN,2006,Protest,29,-4.49,5.05
BN,2007,Aid/Cooperation,769,3.364,6.496
BN,2007,Conflict/Migration,67,-9.821,4.024
BN,2007,Disapproval/Sanction,84,-2.893,5.067
BN,2007,Other,646,1.77,5.593
BN,2007,Protest,15,-5.013,5.138
BN,2008,Aid/Cooperation,2106,2.72,6.642
BN,2008,Conflict/Migration,77,-9.883,5.416
BN,2008,Disapproval/Sanction,126,-3,5.645
BN,2008,Other,1601,2.851,6.169
BN,2008,Protest,36,-4.956,5.605
BN,2009,Aid/Cooperation,2219,3.128,6.056
BN,2009,Conflict/Migration,307,-9.647,4.293
BN,2009,Disapproval/Sanction,394,-2.865,5.341
BN,2009,Other,2410,1.498,5.956
BN,2009,Protest,43,-4.856,6.2
BN,2010,Aid/Cooperation,1924,2.86,6.549
BN,2010,Conflict/Migration,251,-9.562,5.295
BN,2010,Disapproval/Sanction,352,-2.974,5.522
BN,2010,Other,2009,1.815,6.024
BN,2010,Protest,44,-4.759,5.852
BN,2011,Aid/Cooperation,3276,2.953,6.536
BN,2011,Conflict/Migration,464,-9.783,4.463
BN,2011,Disapproval/Sanction,555,-3.007,5.218
BN,2011,Other,3396,1.513,5.899
BN,2011,Protest,101,-5.41,4.006
BN,2012,Aid/Cooperation,3497,2.856,5.974
BN,2012,Conflict/Migration,569,-9.78,3.829
BN,2012,Disapproval/Sanction,784,-2.816,5.277
BN,2012,Other,3877,1.459,5.566
BN,2012,Protest,117,-5.128,4.867
BN,2013,Aid/Cooperation,4295,2.836,3.05
BN,2013,Conflict/Migration,646,-9.639,1.799
BN,2013,Disapproval/Sanction,899,-3.103,2.542
BN,2013,Other,4698,1.505,2.706
BN,2013,Protest,99,-5.101,2.368
BN,2014,Aid/Cooperation,6658,2.859,3.279
BN,2014,Conflict/Migration,762,-9.754,1.887
BN,2014,Disapproval/Sanction,1255,-2.936,2.642
BN,2014,Other,7079,1.348,2.854
BN,2014,Protest,247,-5.279,2.149
BN,2015,Aid/Cooperation,10190,3.037,-0.382
BN,2015,Conflict/Migration,2258,-9.843,-4.177
BN,2015,Disapproval/Sanction,2203,-2.981,-2.167
BN,2015,Other,15201,1.509,-2.159
BN,2015,Protest,594,-4.848,-2.012
BN,2016,Aid/Cooperation,12035,2.858,-0.009
BN,2016,Conflict/Migration,2354,-9.725,-4.903
BN,2016,Disapproval/Sanction,2944,-2.851,-2.16
BN,2016,Other,15422,1.049,-1.704
BN,2016,Protest,401,-5.359,-2.878
BN,2017,Aid/Cooperation,10318,2.811,-0.04
BN,2017,Conflict/Migration,2022,-9.739,-5.225
BN,2017,Disapproval/Sanction,2397,-2.875,-2.511
BN,2017,Other,12342,0.991,-1.64
BN,2017,Protest,295,-5.169,-3.262
BN,2018,Aid/Cooperation,10050,2.904,-0.356
BN,2018,Conflict/Migration,1459,-9.743,-5.558
BN,2018,Disapproval/Sanction,2382,-2.962,-2.9
BN,2018,Other,12613,1.275,-1.702
BN,2018,Protest,339,-5.028,-3.354
BN,2019,Aid/Cooperation,11022,3.084,-0.091
BN,2019,Conflict/Migration,2293,-9.66,-5.227
BN,2019,Disapproval/Sanction,2502,-2.93,-2.748
BN,2019,Other,13872,1.294,-1.608
BN,2019,Protest,387,-4.916,-3.463
BN,2020,Aid/Cooperation,9133,2.842,-0.895
BN,2020,Conflict/Migration,2308,-9.628,-5.858
BN,2020,Disapproval/Sanction,2980,-2.976,-2.436
BN,2020,Other,11989,0.809,-2.264
BN,2020,Protest,439,-4.923,-3.014
BN,2021,Aid/Cooperation,8740,2.742,-0.47
BN,2021,Conflict/Migration,1594,-9.723,-5.267
BN,2021,Disapproval/Sanction,2189,-3.07,-2.909
BN,2021,Other,11348,0.433,-2.43
BN,2021,Protest,295,-4.922,-4.22
BN,2022,Aid/Cooperation,7419,2.957,0.217
BN,2022,Conflict/Migration,1397,-9.775,-5.253
BN,2022,Disapproval/Sanction,1435,-3.034,-2.379
BN,2022,Other,7840,0.8,-1.816
BN,2022,Protest,232,-4.847,-3.629
BN,2023,Aid/Cooperation,8547,3.109,0.557
BN,2023,Conflict/Migration,1200,-9.794,-4.962
BN,2023,Disapproval/Sanction,1740,-2.939,-1.992
BN,2023,Other,9125,1.139,-1.438
BN,2023,Protest,235,-4.941,-2.052
BN,2024,Aid/Cooperation,8756,2.945,0.086
BN,2024,Conflict/Migration,1385,-9.702,-5.049
BN,2024,Disapproval/Sanction,2394,-2.86,-2.519
BN,2024,Other,11194,0.915,-1.668
BN,2024,Protest,367,-4.888,-3.052
BR,1996,Aid/Cooperation,5137,3.349,5.59
BR,1996,Conflict/Migration,546,-9.808,3.853
BR,1996,Disapproval/Sanction,1002,-3.022,5.217
BR,1996,Other,5350,2.358,5.134
BR,1996,Protest,81,-5.099,5.101
BR,1997,Aid/Cooperation,9307,3.145,5.725
BR,1997,Conflict/Migration,613,-9.821,4.369
BR,1997,Disapproval/Sanction,1871,-3.124,5.626
BR,1997,Other,9014,2.305,5.502
BR,1997,Protest,199,-5.316,5.575
BR,1998,Aid/Cooperation,6898,3.31,5.391
BR,1998,Conflict/Migration,886,-9.806,3.919
BR,1998,Disapproval/Sanction,1459,-3.095,5.284
BR,1998,Other,7593,2.239,5.08
BR,1998,Protest,147,-5.158,5.047
BR,1999,Aid/Cooperation,9232,3.003,5.481
BR,1999,Conflict/Migration,1025,-9.799,4.244
BR,1999,Disapproval/Sanction,2235,-3.093,5.213
BR,1999,Other,10186,2.111,5.234
BR,1999,Protest,228,-5.117,5.412
BR,2000,Aid/Cooperation,6153,3.095,5.424
BR,2000,Conflict/Migration,856,-9.858,3.602
BR,2000,Disapproval/Sanction,1402,-3.144,4.994
BR,2000,Other,6771,1.614,4.998
BR,2000,Protest,123,-5.372,4.873
BR,2001,Aid/Cooperation,6534,2.915,5.636
BR,2001,Conflict/Migration,872,-9.788,3.798
BR,2001,Disapproval/Sanction,1294,-3.053,5.31
BR,2001,Other,6857,1.466,5.151
BR,2001,Protest,166,-5.386,5.074
BR,2002,Aid/Cooperation,5105,2.897,6.121
BR,2002,Conflict/Migration,763,-9.788,4.011
BR,2002,Disapproval/Sanction,987,-2.871,5.396
BR,2002,Other,5282,1.762,5.667
BR,2002,Protest,122,-4.856,5.758
BR,2003,Aid/Cooperation,10983,2.956,6.001
BR,2003,Conflict/Migration,1212,-9.861,3.826
BR,2003,Disapproval/Sanction,1919,-3.075,5.695
BR,2003,Other,10960,2.061,5.723
BR,2003,Protest,261,-5.027,5.738
BR,2004,Aid/Cooperation,8008,3.063,5.987
BR,2004,Conflict/Migration,1042,-9.851,3.633
BR,2004,Disapproval/Sanction,1474,-3.048,5.324
BR,2004,Other,8217,1.988,5.435
BR,2004,Protest,140,-5.309,5.149
BR,2005,Aid/Cooperation,6071,3.071,5.463
BR,2005,Conflict/Migration,1662,-9.908,3.531
BR,2005,Disapproval/Sanction,1428,-2.95,4.907
BR,2005,Other,7151,1.33,4.922
BR,2005,Protest,128,-5.097,4.757
BR,2006,Aid/Cooperation,7788,3.06,5.426
BR,2006,Conflict/Migration,1879,-9.841,3.743
BR,2006,Disapproval/Sanction,2099,-2.876,4.906
BR,2006,Other,10439,1.563,4.983
BR,2006,Protest,242,-5.185,4.926
BR,2007,Aid/Cooperation,16489,3.051,5.539
BR,2007,Conflict/Migration,2878,-9.884,4.1
BR,2007,Disapproval/Sanction,3724,-2.91,4.957
BR,2007,Other,20856,1.516,4.914
BR,2007,Protest,419,-5.145,4.896
BR,2008,Aid/Cooperation,23708,2.939,4.246
BR,2008,Conflict/Migration,3296,-9.882,3.688
BR,2008,Disapproval/Sanction,4841,-3.033,4.157
BR,2008,Other,36741,1.454,3.554
BR,2008,Protest,563,-5.164,4.364
BR,2009,Aid/Cooperation,50429,3.049,4.889
BR,2009,Conflict/Migration,5380,-9.832,3.85
BR,2009,Disapproval/Sanction,9398,-3.088,4.573
BR,2009,Other,66281,1.713,4.127
BR,2009,Protest,1113,-5.113,4.897
BR,2010,Aid/Cooperation,32513,3.381,6.074
BR,2010,Conflict/Migration,3800,-9.811,4.557
BR,2010,Disapproval/Sanction,6461,-2.982,5.612
BR,2010,Other,41318,2.131,5.554
BR,2010,Protest,800,-5.184,5.362
BR,2011,Aid/Cooperation,37722,3.027,6.2
BR,2011,Conflict/Migration,5637,-9.847,4.201
BR,2011,Disapproval/Sanction,8398,-2.984,5.246
BR,2011,Other,48276,2.036,5.537
BR,2011,Protest,965,-5.017,5.248
BR,2012,Aid/Cooperation,39537,3.105,5.908
BR,2012,Conflict/Migration,5294,-9.826,4.086
BR,2012,Disapproval/Sanction,8781,-2.977,5.013
BR,2012,Other,50208,2.137,5.357
BR,2012,Protest,986,-4.985,4.814
BR,2013,Aid/Cooperation,51065,2.972,2.677
BR,2013,Conflict/Migration,6009,-9.832,1.951
BR,2013,Disapproval/Sanction,11472,-2.974,2.251
BR,2013,Other,67090,1.732,2.286
BR,2013,Protest,1320,-4.922,2.272
BR,2014,Aid/Cooperation,44474,3.058,2.673
BR,2014,Conflict/Migration,7045,-9.787,1.787
BR,2014,Disapproval/Sanction,9984,-2.886,2.155
BR,2014,Other,58888,2.113,2.295
BR,2014,Protest,1258,-4.923,2.259
BR,2015,Aid/Cooperation,65899,2.988,-0.019
BR,2015,Conflict/Migration,9858,-9.866,-3.487
BR,2015,Disapproval/Sanction,19334,-2.956,-2.531
BR,2015,Other,92096,1.749,-1.501
BR,2015,Protest,2069,-4.963,-2.654
BR,2016,Aid/Cooperation,89771,2.91,-1.675
BR,2016,Conflict/Migration,15846,-9.8,-4.404
BR,2016,Disapproval/Sanction,32837,-2.941,-3.747
BR,2016,Other,135442,1.428,-2.651
BR,2016,Protest,4359,-4.978,-4.125
BR,2017,Aid/Cooperation,59610,3.037,-0.782
BR,2017,Conflict/Migration,14543,-9.823,-5.177
BR,2017,Disapproval/Sanction,20282,-2.875,-3.425
BR,2017,Other,96914,1.455,-2.269
BR,2017,Protest,2189,-5.08,-3.677
BR,2018,Aid/Cooperation,62615,3.078,-0.835
BR,2018,Conflict/Migration,12777,-9.817,-4.552
BR,2018,Disapproval/Sanction,18938,-2.962,-2.87
BR,2018,Other,93548,1.549,-1.938
BR,2018,Protest,2568,-5.103,-2.995
BR,2019,Aid/Cooperation,73423,3.07,-1.033
BR,2019,Conflict/Migration,15067,-9.829,-4.889
BR,2019,Disapproval/Sanction,23754,-2.892,-3.368
BR,2019,Other,105086,1.601,-2.308
BR,2019,Protest,3144,-5.093,-3.61
BR,2020,Aid/Cooperation,50170,3.1,-1.661
BR,2020,Conflict/Migration,8865,-9.857,-4.176
BR,2020,Disapproval/Sanction,17984,-2.854,-3.817
BR,2020,Other,76418,1.63,-2.643
BR,2020,Protest,3003,-4.887,-4.042
BR,2021,Aid/Cooperation,42225,3.126,-1.029
BR,2021,Conflict/Migration,8750,-9.864,-4.072
BR,2021,Disapproval/Sanction,14227,-2.913,-3.332
BR,2021,Other,65780,1.607,-2.213
BR,2021,Protest,1967,-4.853,-3.455
BR,2022,Aid/Cooperation,41479,3.055,-0.558
BR,2022,Conflict/Migration,6887,-9.849,-4.366
BR,2022,Disapproval/Sanction,10775,-2.88,-2.666
BR,2022,Other,53160,1.672,-1.799
BR,2022,Protest,1419,-4.969,-2.938
BR,2023,Aid/Cooperation,70371,2.986,-0.37
BR,2023,Conflict/Migration,8783,-9.837,-4.588
BR,2023,Disapproval/Sanction,15473,-2.941,-2.885
BR,2023,Other,75355,1.711,-1.67
BR,2023,Protest,1949,-5.074,-3.222
BR,2024,Aid/Cooperation,56976,2.992,-0.235
BR,2024,Conflict/Migration,7554,-9.826,-4.072
BR,2024,Disapproval/Sanction,12535,-2.919,-2.929
BR,2024,Other,67386,1.611,-1.617
BR,2024,Protest,1699,-5.025,-3.556
CA,1996,Aid/Cooperation,7035,3.221,5.761
CA,1996,Conflict/Migration,844,-9.764,4.222
CA,1996,Disapproval/Sanction,1540,-2.956,5.113
CA,1996,Other,8229,1.87,5.404
CA,1996,Protest,219,-5.234,5.076
CA,1997,Aid/Cooperation,9862,3.253,5.87
CA,1997,Conflict/Migration,727,-9.812,4.353
CA,1997,Disapproval/Sanction,1627,-2.991,5.323
CA,1997,Other,8906,1.828,5.353
CA,1997,Protest,172,-5.179,5.165
CA,1998,Aid/Cooperation,7989,3.044,5.434
CA,1998,Conflict/Migration,880,-9.785,4.682
CA,1998,Disapproval/Sanction,1929,-3.055,5.225
CA,1998,Other,10208,1.687,5.171
CA,1998,Protest,195,-4.935,5.311
CA,1999,Aid/Cooperation,9648,3.085,5.949
CA,1999,Conflict/Migration,1003,-9.733,4.486
CA,1999,Disapproval/Sanction,1840,-2.996,5.313
CA,1999,Other,10155,1.721,5.558
CA,1999,Protest,213,-5.162,5.306
CA,2000,Aid/Cooperation,9215,3.023,5.875
CA,2000,Conflict/Migration,1016,-9.837,4.407
CA,2000,Disapproval/Sanction,2049,-3.033,5.256
CA,2000,Other,10617,1.361,5.36
CA,2000,Protest,202,-5.288,5.204
CA,2001,Aid/Cooperation,10391,2.97,5.871
CA,2001,Conflict/Migration,1387,-9.818,4.453
CA,2001,Disapproval/Sanction,2256,-2.918,5.392
CA,2001,Other,12742,1.224,5.418
CA,2001,Protest,313,-5.49,5.364
CA,2002,Aid/Cooperation,9791,3.141,5.809
CA,2002,Conflict/Migration,1358,-9.834,4.608
CA,2002,Disapproval/Sanction,2378,-3.018,5.416
CA,2002,Other,12071,1.521,5.631
CA,2002,Protest,339,-5.296,5.257
CA,2003,Aid/Cooperation,11388,2.929,5.808
CA,2003,Conflict/Migration,1781,-9.825,4.391
CA,2003,Disapproval/Sanction,3435,-2.955,5.281
CA,2003,Other,16804,1.401,5.445
CA,2003,Protest,610,-4.988,5.295
CA,2004,Aid/Cooperation,7442,2.993,6.228
CA,2004,Conflict/Migration,1280,-9.777,4.495
CA,2004,Disapproval/Sanction,2286,-2.951,5.395
CA,2004,Other,11072,1.685,5.663
CA,2004,Protest,293,-5.104,5.383
CA,2005,Aid/Cooperation,6513,3.047,6.249
CA,2005,Conflict/Migration,1182,-9.795,4.229
CA,2005,Disapproval/Sanction,1851,-2.964,5.512
CA,2005,Other,8816,1.677,5.701
CA,2005,Protest,261,-5.235,5.646
CA,2006,Aid/Cooperation,17573,3.005,6.118
CA,2006,Conflict/Migration,5909,-9.851,3.834
CA,2006,Disapproval/Sanction,5610,-2.977,5.524
CA,2006,Other,28625,1.684,5.812
CA,2006,Protest,761,-5.157,5.057
CA,2007,Aid/Cooperation,50351,3.024,6.503
CA,2007,Conflict/Migration,10963,-9.835,4.442
CA,2007,Disapproval/Sanction,15916,-2.93,5.497
CA,2007,Other,84213,1.768,6.044
CA,2007,Protest,2049,-4.918,5.43
CA,2008,Aid/Cooperation,98036,2.953,6.173
CA,2008,Conflict/Migration,25163,-9.808,4.54
CA,2008,Disapproval/Sanction,34386,-2.88,5.38
CA,2008,Other,170152,1.733,5.791
CA,2008,Protest,4727,-5.035,5.281
CA,2009,Aid/Cooperation,171519,2.982,6.241
CA,2009,Conflict/Migration,35909,-9.791,4.47
CA,2009,Disapproval/Sanction,50871,-2.991,5.414
CA,2009,Other,276622,1.895,5.906
CA,2009,Protest,6838,-4.909,5.28
CA,2010,Aid/Cooperation,149980,2.938,6.369
CA,2010,Conflict/Migration,30092,-9.796,4.41
CA,2010,Disapproval/Sanction,41187,-2.937,5.424
CA,2010,Other,237524,1.901,6.007
CA,2010,Protest,5665,-4.986,5.277
CA,2011,Aid/Cooperation,172712,2.924,6.535
CA,2011,Conflict/Migration,32561,-9.777,4.611
CA,2011,Disapproval/Sanction,47633,-2.953,5.618
CA,2011,Other,270660,1.882,6.09
CA,2011,Protest,7329,-4.974,5.269
CA,2012,Aid/Cooperation,225601,2.951,5.889
CA,2012,Conflict/Migration,43615,-9.801,4.313
CA,2012,Disapproval/Sanction,69796,-2.944,5.155
CA,2012,Other,361460,1.743,5.441
CA,2012,Protest,9737,-4.955,4.864
CA,2013,Aid/Cooperation,234735,2.918,2.894
CA,2013,Conflict/Migration,39804,-9.777,2.116
CA,2013,Disapproval/Sanction,69062,-2.976,2.419
CA,2013,Other,370536,1.805,2.577
CA,2013,Protest,8938,-4.975,2.217
CA,2014,Aid/Cooperation,321005,2.916,2.899
CA,2014,Conflict/Migration,69977,-9.807,1.985
CA,2014,Disapproval/Sanction,97417,-2.97,2.437
CA,2014,Other,502994,1.77,2.556
CA,2014,Protest,14057,-4.983,2.186
CA,2015,Aid/Cooperation,471516,2.911,0.113
CA,2015,Conflict/Migration,90055,-9.788,-3.061
CA,2015,Disapproval/Sanction,136961,-2.998,-1.828
CA,2015,Other,725456,1.989,-0.956
CA,2015,Protest,19414,-5.041,-2.161
CA,2016,Aid/Cooperation,569738,2.905,-0.065
CA,2016,Conflict/Migration,106618,-9.77,-3.804
CA,2016,Disapproval/Sanction,151892,-2.982,-2.189
CA,2016,Other,856223,2.059,-1.148
CA,2016,Protest,20521,-5.005,-2.754
CA,2017,Aid/Cooperation,523260,2.928,-0.113
CA,2017,Conflict/Migration,101110,-9.767,-3.581
CA,2017,Disapproval/Sanction,147715,-2.951,-2.224
CA,2017,Other,813627,1.96,-1.179
CA,2017,Protest,20858,-5.029,-2.75
CA,2018,Aid/Cooperation,529352,2.981,-0.309
CA,2018,Conflict/Migration,93571,-9.771,-3.766
CA,2018,Disapproval/Sanction,158596,-2.949,-2.291
CA,2018,Other,821121,1.913,-1.369
CA,2018,Protest,24417,-5.025,-2.664
CA,2019,Aid/Cooperation,480118,2.919,-0.37
CA,2019,Conflict/Migration,82489,-9.767,-4.076
CA,2019,Disapproval/Sanction,141392,-2.949,-2.584
CA,2019,Other,737454,1.766,-1.556
CA,2019,Protest,21776,-4.895,-2.914
CA,2020,Aid/Cooperation,377436,2.927,-0.624
CA,2020,Conflict/Migration,62498,-9.781,-3.893
CA,2020,Disapproval/Sanction,104414,-3.018,-2.466
CA,2020,Other,611419,1.892,-1.524
CA,2020,Protest,17159,-4.809,-2.635
CA,2021,Aid/Cooperation,308448,2.921,-0.496
CA,2021,Conflict/Migration,58672,-9.794,-3.31
CA,2021,Disapproval/Sanction,89394,-3.007,-2.381
CA,2021,Other,507654,1.862,-1.391
CA,2021,Protest,13082,-4.817,-2.527
CA,2022,Aid/Cooperation,284174,2.895,-0.333
CA,2022,Conflict/Migration,47043,-9.757,-4.197
CA,2022,Disapproval/Sanction,73276,-2.967,-2.594
CA,2022,Other,421417,1.754,-1.568
CA,2022,Protest,12013,-4.881,-3.121
CA,2023,Aid/Cooperation,382082,2.932,-0.167
CA,2023,Conflict/Migration,81028,-9.776,-3.747
CA,2023,Disapproval/Sanction,109921,-2.935,-2.381
CA,2023,Other,589004,1.704,-1.344
CA,2023,Protest,15966,-4.913,-2.786
CA,2024,Aid/Cooperation,357769,2.923,0.003
CA,2024,Conflict/Migration,69648,-9.759,-3.977
CA,2024,Disapproval/Sanction,105911,-2.929,-2.435
CA,2024,Other,568864,1.734,-1.354
CA,2024,Protest,16747,-4.942,-2.877
CN,1996,Aid/Cooperation,199,2.686,4.659
CN,1996,Conflict/Migration,25,-9.74,3.503
CN,1996,Disapproval/Sanction,25,-2.72,3.815
CN,1996,Other,235,1.416,3.922
CN,1996,Protest,2,-5.8,4.347
CN,1997,Aid/Cooperation,920,3.648,4.783
CN,1997,Conflict/Migration,206,-9.769,3.546
CN,1997,Disapproval/Sanction,350,-3.574,4.889
CN,1997,Other,1046,1.378,4.617
CN,1997,Protest,43,-4.642,4.475
CN,1998,Aid/Cooperation,635,3.092,4.416
CN,1998,Conflict/Migration,135,-9.9,3.926
CN,1998,Disapproval/Sanction,158,-3.601,4.44
CN,1998,Other,658,1.627,4.467
CN,1998,Protest,25,-5.96,4.622
CN,1999,Aid/Cooperation,622,3.62,5.643
CN,1999,Conflict/Migration,89,-9.854,4.518
CN,1999,Disapproval/Sanction,237,-3.443,5.475
CN,1999,Other,660,1.459,5.232
CN,1999,Protest,9,-4.711,6.126
CN,2000,Aid/Cooperation,845,3.735,6.148
CN,2000,Conflict/Migration,55,-9.691,5.418
CN,2000,Disapproval/Sanction,252,-3.433,5.52
CN,2000,Other,580,0.988,5.885
CN,2000,Protest,14,-5.643,4.73
CN,2001,Aid/Cooperation,820,3.243,5.394
CN,2001,Conflict/Migration,147,-9.861,3.215
CN,2001,Disapproval/Sanction,221,-3.104,4.916
CN,2001,Other,924,1.052,4.744
CN,2001,Protest,26,-4.662,7.2
CN,2002,Aid/Cooperation,369,3.083,5.254
CN,2002,Conflict/Migration,34,-9.676,3.754
CN,2002,Disapproval/Sanction,108,-2.926,4.512
CN,2002,Other,493,0.732,4.909
CN,2002,Protest,12,-4.633,4.65
CN,2003,Aid/Cooperation,500,2.981,5.083
CN,2003,Conflict/Migration,36,-9.861,2.907
CN,2003,Disapproval/Sanction,72,-3.181,4.876
CN,2003,Other,548,0.428,4.446
CN,2003,Protest,10,-5.58,2.351
CN,2004,Aid/Cooperation,339,3.28,4.691
CN,2004,Conflict/Migration,11,-9.864,3.894
CN,2004,Disapproval/Sanction,67,-2.567,4.488
CN,2004,Other,309,2.093,4.667
CN,2004,Protest,1,-4.4,1.681
CN,2005,Aid/Cooperation,172,2.835,5.007
CN,2005,Conflict/Migration,14,-9.857,3.526
CN,2005,Disapproval/Sanction,37,-2.622,3.611
CN,2005,Other,219,1.021,4.342
CN,2005,Protest,9,-4.689,6.737
CN,2006,Aid/Cooperation,371,3.361,5.82
CN,2006,Conflict/Migration,9,-10,4.538
CN,2006,Disapproval/Sanction,58,-2.707,4.265
CN,2006,Other,526,1.076,5.178
CN,2006,Protest,9,-5.267,5.316
CN,2007,Aid/Cooperation,521,3.277,5.009
CN,2007,Conflict/Migration,203,-9.906,3.594
CN,2007,Disapproval/Sanction,337,-2.899,4.152
CN,2007,Other,870,1.049,4.203
CN,2007,Protest,44,-5.414,3.699
CN,2008,Aid/Cooperation,912,2.893,4.464
CN,2008,Conflict/Migration,281,-9.566,3.924
CN,2008,Disapproval/Sanction,301,-3.379,4.491
CN,2008,Other,1415,1.655,4.388
CN,2008,Protest,48,-5.437,3.893
CN,2009,Aid/Cooperation,1911,2.835,5.431
CN,2009,Conflict/Migration,67,-9.873,3.67
CN,2009,Disapproval/Sanction,247,-2.911,4.176
CN,2009,Other,1693,1.51,4.365
CN,2009,Protest,19,-5.126,3.614
CN,2010,Aid/Cooperation,506,3.693,5.99
CN,2010,Conflict/Migration,67,-9.896,2.957
CN,2010,Disapproval/Sanction,110,-3.164,4.44
CN,2010,Other,539,1.353,4.852
CN,2010,Protest,15,-4.76,4.421
CN,2011,Aid/Cooperation,428,3.768,5.835
CN,2011,Conflict/Migration,144,-9.941,3.966
CN,2011,Disapproval/Sanction,84,-2.536,4.729
CN,2011,Other,450,1.896,5.129
CN,2011,Protest,10,-5.18,3.025
CN,2012,Aid/Cooperation,370,3.632,6.405
CN,2012,Conflict/Migration,37,-9.865,3.724
CN,2012,Disapproval/Sanction,37,-3,5.535
CN,2012,Other,393,1.671,5.385
CN,2012,Protest,12,-4.983,4.489
CN,2013,Aid/Cooperation,393,2.873,3.52
CN,2013,Conflict/Migration,44,-9.841,1.85
CN,2013,Disapproval/Sanction,71,-2.352,1.467
CN,2013,Other,247,0.991,2.416
CN,2013,Protest,8,-4.725,2.514
CN,2014,Aid/Cooperation,723,3.256,3.343
CN,2014,Conflict/Migration,61,-9.754,1.544
CN,2014,Disapproval/Sanction,136,-3.39,1.267
CN,2014,Other,454,1.14,2.233
CN,2014,Protest,10,-5.96,1.43
CN,2015,Aid/Cooperation,561,2.939,0.668
CN,2015,Conflict/Migration,55,-9.709,-4.776
CN,2015,Disapproval/Sanction,82,-3.159,-3.45
CN,2015,Other,663,1.416,-1.041
CN,2015,Protest,26,-4.7,-6.377
CN,2016,Aid/Cooperation,629,2.932,0.636
CN,2016,Conflict/Migration,59,-9.754,-3.468
CN,2016,Disapproval/Sanction,158,-3.196,-2.287
CN,2016,Other,1047,1.573,-1.013
CN,2016,Protest,46,-4.487,-1.104
CN,2017,Aid/Cooperation,447,3.052,0.045
CN,2017,Conflict/Migration,58,-9.776,-5.843
CN,2017,Disapproval/Sanction,80,-3.313,-3.426
CN,2017,Other,819,0.442,-1.672
CN,2017,Protest,49,-4.506,-10.967
CN,2018,Aid/Cooperation,746,3.321,-1.792
CN,2018,Conflict/Migration,227,-9.885,-6.811
CN,2018,Disapproval/Sanction,282,-2.635,-5.267
CN,2018,Other,1060,0.649,-4.075
CN,2018,Protest,42,-5.329,-4.035
CN,2019,Aid/Cooperation,943,3.161,0.803
CN,2019,Conflict/Migration,88,-9.915,-5.578
CN,2019,Disapproval/Sanction,246,-3.093,-5.437
CN,2019,Other,1054,0.696,-2.805
CN,2019,Protest,22,-5.173,-4.664
CN,2020,Aid/Cooperation,511,2.654,1.113
CN,2020,Conflict/Migration,46,-9.837,-3.708
CN,2020,Disapproval/Sanction,57,-2.614,-4.936
CN,2020,Other,312,1.167,-0.351
CN,2020,Protest,5,-4.4,-1.391
CN,2021,Aid/Cooperation,519,3.143,1.961
CN,2021,Conflict/Migration,66,-9.955,-3.167
CN,2021,Disapproval/Sanction,37,-2.351,-3.276
CN,2021,Other,668,2.142,0.088
CN,2022,Aid/Cooperation,611,3.194,0.944
CN,2022,Conflict/Migration,34,-9.809,-2.998
CN,2022,Disapproval/Sanction,147,-2.653,-3.286
CN,2022,Other,492,2.566,-1.239
CN,2022,Protest,8,-4.725,-2.118
CN,2023,Aid/Cooperation,1458,2.908,0.599
CN,2023,Conflict/Migration,21,-9.81,-2.416
CN,2023,Disapproval/Sanction,148,-3.547,-3.259
CN,2023,Other,1128,2.31,-0.382
CN,2023,Protest,12,-4.733,-5.456
CN,2024,Aid/Cooperation,758,3.302,0.527
CN,2024,Conflict/Migration,104,-9.803,-6.622
CN,2024,Disapproval/Sanction,201,-3.085,-4.326
CN,2024,Other,950,0.682,-2.88
CN,2024,Protest,30,-5.093,-5.546
CO,1996,Aid/Cooperation,5229,3,5.566
CO,1996,Conflict/Migration,2043,-9.807,3.628
CO,1996,Disapproval/Sanction,2448,-2.972,5.262
CO,1996,Other,8875,1.236,5.317
CO,1996,Protest,234,-5.15,4.977
CO,1997,Aid/Cooperation,5462,3.037,5.544
CO,1997,Conflict/Migration,2322,-9.797,3.442
CO,1997,Disapproval/Sanction,1651,-2.988,5.011
CO,1997,Other,7140,1.605,5.216
CO,1997,Protest,232,-5.298,4.934
CO,1998,Aid/Cooperation,7013,3.302,5.836
CO,1998,Conflict/Migration,3357,-9.823,3.728
CO,1998,Disapproval/Sanction,1817,-3.026,5.079
CO,1998,Other,8448,1.633,5.31
CO,1998,Protest,343,-5.437,4.923
CO,1999,Aid/Cooperation,13401,3.408,5.761
CO,1999,Conflict/Migration,4441,-9.777,4.141
CO,1999,Disapproval/Sanction,3444,-2.92,5.257
CO,1999,Other,13425,1.593,5.334
CO,1999,Protest,466,-5.162,5.514
CO,2000,Aid/Cooperation,14390,3.058,5.653
CO,2000,Conflict/Migration,5810,-9.815,4.094
CO,2000,Disapproval/Sanction,3958,-2.963,5.161
CO,2000,Other,17332,1.658,5.401
CO,2000,Protest,674,-5.274,5.295
CO,2001,Aid/Cooperation,14816,3.287,6.001
CO,2001,Conflict/Migration,5684,-9.791,4.126
CO,2001,Disapproval/Sanction,4190,-2.908,5.311
CO,2001,Other,17516,1.668,5.719
CO,2001,Protest,648,-5.209,5.461
CO,2002,Aid/Cooperation,10994,3.299,5.921
CO,2002,Conflict/Migration,5859,-9.811,4.066
CO,2002,Disapproval/Sanction,3657,-2.848,5.218
CO,2002,Other,14097,1.233,5.421
CO,2002,Protest,799,-5.426,5.152
CO,2003,Aid/Cooperation,11053,3.169,5.461
CO,2003,Conflict/Migration,5414,-9.786,4.073
CO,2003,Disapproval/Sanction,3729,-2.806,4.833
CO,2003,Other,14460,1.481,5.111
CO,2003,Protest,600,-5.239,4.912
CO,2004,Aid/Cooperation,7044,3.144,5.869
CO,2004,Conflict/Migration,3418,-9.818,4.146
CO,2004,Disapproval/Sanction,2180,-2.849,5.261
CO,2004,Other,9406,1.204,5.376
CO,2004,Protest,278,-5.441,4.78
CO,2005,Aid/Cooperation,4307,3.223,5.352
CO,2005,Conflict/Migration,2736,-9.844,3.804
CO,2005,Disapproval/Sanction,1506,-2.777,4.993
CO,2005,Other,6649,1.049,4.782
CO,2005,Protest,133,-5.274,4.886
CO,2006,Aid/Cooperation,4261,3.352,5.913
CO,2006,Conflict/Migration,1908,-9.803,4.298
CO,2006,Disapproval/Sanction,1557,-2.808,5.3
CO,2006,Other,6253,1.212,5.324
CO,2006,Protest,182,-5.268,5.387
CO,2007,Aid/Cooperation,14140,3.08,5.806
CO,2007,Conflict/Migration,4496,-9.65,4.794
CO,2007,Disapproval/Sanction,4027,-2.978,5.445
CO,2007,Other,18898,1.665,5.482
CO,2007,Protest,436,-5.265,5.35
CO,2008,Aid/Cooperation,30084,2.978,5.865
CO,2008,Conflict/Migration,10024,-9.718,5.07
CO,2008,Disapproval/Sanction,7769,-2.785,5.295
CO,2008,Other,42726,2.013,4.975
CO,2008,Protest,1105,-5.427,5.02
CO,2009,Aid/Cooperation,23746,3.353,5.39
CO,2009,Conflict/Migration,8782,-9.797,4.235
CO,2009,Disapproval/Sanction,6599,-2.746,5.032
CO,2009,Other,37962,1.496,4.508
CO,2009,Protest,924,-5.24,4.986
CO,2010,Aid/Cooperation,17552,3.164,6.026
CO,2010,Conflict/Migration,7592,-9.834,4.315
CO,2010,Disapproval/Sanction,5924,-2.695,5.229
CO,2010,Other,26417,1.309,5.332
CO,2010,Protest,837,-5.306,5.285
CO,2011,Aid/Cooperation,19261,3.171,5.974
CO,2011,Conflict/Migration,7718,-9.845,3.985
CO,2011,Disapproval/Sanction,5888,-2.808,4.966
CO,2011,Other,29705,1.391,5.32
CO,2011,Protest,741,-5.235,4.907
CO,2012,Aid/Cooperation,26973,3.325,5.325
CO,2012,Conflict/Migration,8458,-9.823,3.946
CO,2012,Disapproval/Sanction,7193,-2.833,4.46
CO,2012,Other,35618,1.678,4.823
CO,2012,Protest,729,-5.318,4.896
CO,2013,Aid/Cooperation,22166,3.505,2.942
CO,2013,Conflict/Migration,5432,-9.826,2.156
CO,2013,Disapproval/Sanction,5150,-2.936,2.42
CO,2013,Other,27812,1.761,2.569
CO,2013,Protest,575,-5.286,2.433
CO,2014,Aid/Cooperation,29640,3.431,3.105
CO,2014,Conflict/Migration,7544,-9.789,2.19
CO,2014,Disapproval/Sanction,7311,-2.826,2.532
CO,2014,Other,36610,1.505,2.654
CO,2014,Protest,902,-5.308,2.282
CO,2015,Aid/Cooperation,39159,3.198,-0.733
CO,2015,Conflict/Migration,9922,-9.824,-4.298
CO,2015,Disapproval/Sanction,9393,-2.846,-2.978
CO,2015,Other,47709,1.578,-2.099
CO,2015,Protest,1200,-5.364,-3.209
CO,2016,Aid/Cooperation,53807,3.627,-0.928
CO,2016,Conflict/Migration,10328,-9.811,-3.78
CO,2016,Disapproval/Sanction,12506,-3.106,-2.566
CO,2016,Other,58452,2.015,-1.908
CO,2016,Protest,1594,-5.151,-3.307
CO,2017,Aid/Cooperation,41320,3.223,-1.35
CO,2017,Conflict/Migration,9432,-9.819,-4.625
CO,2017,Disapproval/Sanction,10218,-2.827,-3.724
CO,2017,Other,50982,1.708,-2.49
CO,2017,Protest,1538,-5.179,-3.974
CO,2018,Aid/Cooperation,33982,3.319,-1.431
CO,2018,Conflict/Migration,8719,-9.803,-4.678
CO,2018,Disapproval/Sanction,9755,-2.791,-3.727
CO,2018,Other,42528,1.512,-2.636
CO,2018,Protest,1330,-5.316,-3.822
CO,2019,Aid/Cooperation,33629,3.064,-1.611
CO,2019,Conflict/Migration,8379,-9.83,-4.655
CO,2019,Disapproval/Sanction,9747,-2.933,-3.897
CO,2019,Other,41083,1.35,-2.857
CO,2019,Protest,1550,-5.284,-3.812
CO,2020,Aid/Cooperation,18586,3.061,-2.068
CO,2020,Conflict/Migration,4778,-9.824,-5.421
CO,2020,Disapproval/Sanction,5534,-2.934,-4.287
CO,2020,Other,26516,1.332,-3.203
CO,2020,Protest,760,-5.148,-4.254
CO,2021,Aid/Cooperation,19273,3.085,-1.856
CO,2021,Conflict/Migration,7062,-9.848,-5.553
CO,2021,Disapproval/Sanction,6405,-2.733,-5.086
CO,2021,Other,27822,0.986,-3.42
CO,2021,Protest,801,-5.295,-4.913
CO,2022,Aid/Cooperation,20016,3.23,-0.863
CO,2022,Conflict/Migration,4315,-9.847,-5.162
CO,2022,Disapproval/Sanction,4342,-2.816,-3.551
CO,2022,Other,21707,1.492,-2.326
CO,2022,Protest,617,-5.06,-3.529
CO,2023,Aid/Cooperation,25959,3.187,-1.054
CO,2023,Conflict/Migration,5490,-9.825,-4.945
CO,2023,Disapproval/Sanction,5876,-2.804,-3.83
CO,2023,Other,29776,1.661,-2.416
CO,2023,Protest,720,-4.884,-3.807
CO,2024,Aid/Cooperation,23737,3.055,-0.52
CO,2024,Conflict/Migration,4591,-9.835,-4.986
CO,2024,Disapproval/Sanction,5418,-2.805,-3.581
CO,2024,Other,27644,1.337,-2.327
CO,2024,Protest,945,-5.062,-4.073
CU,1996,Aid/Cooperation,8753,3.077,6.372
CU,1996,Conflict/Migration,871,-9.924,5.197
CU,1996,Disapproval/Sanction,1935,-2.857,5.7
CU,1996,Other,7602,1.31,5.856
CU,1996,Protest,279,-4.967,5.42
CU,1997,Aid/Cooperation,11703,3.087,6.18
CU,1997,Conflict/Migration,622,-9.847,5.318
CU,1997,Disapproval/Sanction,1746,-2.92,5.66
CU,1997,Other,8809,1.799,5.883
CU,1997,Protest,178,-5.187,5.547
CU,1998,Aid/Cooperation,13977,2.942,6.386
CU,1998,Conflict/Migration,440,-9.79,5.41
CU,1998,Disapproval/Sanction,1891,-2.986,5.985
CU,1998,Other,10896,1.928,6.135
CU,1998,Protest,148,-5.154,5.361
CU,1999,Aid/Cooperation,15718,2.944,6.191
CU,1999,Conflict/Migration,703,-9.844,4.753
CU,1999,Disapproval/Sanction,2189,-2.886,5.607
CU,1999,Other,10591,1.555,5.713
CU,1999,Protest,211,-4.974,5.907
CU,2000,Aid/Cooperation,20063,2.829,6.1
CU,2000,Conflict/Migration,1154,-9.834,5.664
CU,2000,Disapproval/Sanction,3468,-3.059,5.788
CU,2000,Other,14900,1.604,5.762
CU,2000,Protest,316,-5.116,5.772
CU,2001,Aid/Cooperation,15105,2.952,6.262
CU,2001,Conflict/Migration,778,-9.873,5.164
CU,2001,Disapproval/Sanction,2318,-2.783,5.895
CU,2001,Other,10564,1.427,6.05
CU,2001,Protest,192,-5.153,5.946
CU,2002,Aid/Cooperation,12959,2.794,6.288
CU,2002,Conflict/Migration,556,-9.81,5.159
CU,2002,Disapproval/Sanction,2112,-2.899,5.763
CU,2002,Other,9432,1.193,5.945
CU,2002,Protest,163,-5.185,5.652
CU,2003,Aid/Cooperation,15050,2.83,6.49
CU,2003,Conflict/Migration,587,-9.761,5.685
CU,2003,Disapproval/Sanction,3294,-2.828,6.049
CU,2003,Other,12377,0.666,6.145
CU,2003,Protest,293,-5.132,6.022
CU,2004,Aid/Cooperation,10930,2.854,6.617
CU,2004,Conflict/Migration,691,-9.711,5.292
CU,2004,Disapproval/Sanction,2831,-2.786,6.052
CU,2004,Other,10021,0.939,5.923
CU,2004,Protest,242,-5.034,5.583
CU,2005,Aid/Cooperation,5498,3.006,6.23
CU,2005,Conflict/Migration,553,-9.733,5.107
CU,2005,Disapproval/Sanction,1522,-2.921,5.618
CU,2005,Other,6574,0.825,5.662
CU,2005,Protest,140,-5.241,5.05
CU,2006,Aid/Cooperation,9937,2.904,6.226
CU,2006,Conflict/Migration,902,-9.764,5.295
CU,2006,Disapproval/Sanction,2452,-2.882,5.724
CU,2006,Other,11072,1.309,5.924
CU,2006,Protest,242,-5.178,5.665
CU,2007,Aid/Cooperation,15029,2.982,5.821
CU,2007,Conflict/Migration,2107,-9.762,4.695
CU,2007,Disapproval/Sanction,5097,-2.772,5.228
CU,2007,Other,20047,1.192,5.336
CU,2007,Protest,377,-5.293,5.516
CU,2008,Aid/Cooperation,24725,3.299,5.667
CU,2008,Conflict/Migration,2390,-9.727,4.681
CU,2008,Disapproval/Sanction,5898,-2.924,5.424
CU,2008,Other,34834,1.658,5.154
CU,2008,Protest,697,-5.188,4.866
CU,2009,Aid/Cooperation,56550,3.481,5.532
CU,2009,Conflict/Migration,3802,-9.73,4.773
CU,2009,Disapproval/Sanction,9697,-2.968,5.323
CU,2009,Other,60074,1.524,4.981
CU,2009,Protest,934,-5.2,5.179
CU,2010,Aid/Cooperation,36694,3.343,5.977
CU,2010,Conflict/Migration,2593,-9.775,4.884
CU,2010,Disapproval/Sanction,7504,-2.998,5.536
CU,2010,Other,42355,1.556,5.571
CU,2010,Protest,961,-5.222,5.412
CU,2011,Aid/Cooperation,40526,2.814,6.301
CU,2011,Conflict/Migration,3546,-9.813,4.934
CU,2011,Disapproval/Sanction,8262,-2.92,5.549
CU,2011,Other,43653,1.397,5.984
CU,2011,Protest,829,-5.164,5.711
CU,2012,Aid/Cooperation,49758,2.988,5.637
CU,2012,Conflict/Migration,3729,-9.823,4.837
CU,2012,Disapproval/Sanction,9434,-3.007,5.282
CU,2012,Other,47568,1.578,5.409
CU,2012,Protest,1003,-5.277,4.829
CU,2013,Aid/Cooperation,48745,3.025,2.745
CU,2013,Conflict/Migration,5461,-9.814,1.978
CU,2013,Disapproval/Sanction,9871,-2.947,2.295
CU,2013,Other,51938,1.46,2.409
CU,2013,Protest,984,-5.152,2.173
CU,2014,Aid/Cooperation,61448,3.008,2.933
CU,2014,Conflict/Migration,4839,-9.758,2.501
CU,2014,Disapproval/Sanction,11976,-2.927,2.59
CU,2014,Other,63696,1.617,2.666
CU,2014,Protest,1231,-5.015,2.65
CU,2015,Aid/Cooperation,136248,3.001,0.07
CU,2015,Conflict/Migration,8812,-9.782,-2.344
CU,2015,Disapproval/Sanction,20272,-3.007,-1.55
CU,2015,Other,117127,1.922,-0.685
CU,2015,Protest,2431,-5.027,-1.813
CU,2016,Aid/Cooperation,131422,2.974,-0.521
CU,2016,Conflict/Migration,11829,-9.775,-2.848
CU,2016,Disapproval/Sanction,22285,-2.956,-2.038
CU,2016,Other,120746,1.984,-1.326
CU,2016,Protest,2554,-5.066,-2.689
CU,2017,Aid/Cooperation,65762,2.919,-0.674
CU,2017,Conflict/Migration,7590,-9.786,-3.605
CU,2017,Disapproval/Sanction,14499,-2.868,-2.806
CU,2017,Other,68464,1.629,-1.79
CU,2017,Protest,2044,-5.125,-3.829
CU,2018,Aid/Cooperation,50326,2.923,-0.258
CU,2018,Conflict/Migration,5650,-9.795,-3.462
CU,2018,Disapproval/Sanction,10580,-2.848,-2.878
CU,2018,Other,48462,1.569,-1.725
CU,2018,Protest,1191,-5.147,-3.446
CU,2019,Aid/Cooperation,45647,2.918,-0.604
CU,2019,Conflict/Migration,4721,-9.695,-3.751
CU,2019,Disapproval/Sanction,11775,-2.761,-3.293
CU,2019,Other,44149,1.205,-1.964
CU,2019,Protest,1488,-4.986,-3.419
CU,2020,Aid/Cooperation,28258,2.876,-0.862
CU,2020,Conflict/Migration,4080,-9.804,-3.332
CU,2020,Disapproval/Sanction,7169,-2.801,-3.383
CU,2020,Other,30553,1.607,-2.054
CU,2020,Protest,871,-5.083,-3.615
CU,2021,Aid/Cooperation,30703,2.942,-1.459
CU,2021,Conflict/Migration,4296,-9.762,-3.817
CU,2021,Disapproval/Sanction,10382,-2.714,-4.077
CU,2021,Other,40881,0.811,-2.953
CU,2021,Protest,1144,-5.124,-4.384
CU,2022,Aid/Cooperation,26791,2.947,-0.681
CU,2022,Conflict/Migration,2851,-9.764,-3.999
CU,2022,Disapproval/Sanction,6145,-2.822,-3.691
CU,2022,Other,28410,1.374,-2.446
CU,2022,Protest,942,-5.224,-3.866
CU,2023,Aid/Cooperation,37051,2.895,0.125
CU,2023,Conflict/Migration,3266,-9.752,-4.241
CU,2023,Disapproval/Sanction,7174,-2.803,-3.367
CU,2023,Other,32438,1.483,-1.808
CU,2023,Protest,769,-5.045,-4.023
CU,2024,Aid/Cooperation,32454,2.85,-0.802
CU,2024,Conflict/Migration,3960,-9.732,-4.999
CU,2024,Disapproval/Sanction,8331,-2.733,-4.261
CU,2024,Other,36043,1.255,-2.895
CU,2024,Protest,993,-4.864,-5.052
DO,1996,Aid/Cooperation,76,3.267,6.65
DO,1996,Conflict/Migration,4,-10,6.812
DO,1996,Disapproval/Sanction,22,-2.955,6.028
DO,1996,Other,140,2.394,5.567
DO,1996,Protest,11,-5.818,5.578
DO,1997,Aid/Cooperation,27,3.993,6.859
DO,1997,Disapproval/Sanction,9,-2.889,5.366
DO,1997,Other,24,2.479,6.019
DO,1997,Protest,1,-4.4,2.623
DO,1998,Aid/Cooperation,185,2.483,6.99
DO,1998,Conflict/Migration,9,-9.556,4.117
DO,1998,Disapproval/Sanction,2,-4.5,8.948
DO,1998,Other,67,3.072,5.655
DO,1999,Aid/Cooperation,49,4.02,7.161
DO,1999,Disapproval/Sanction,8,-3.75,7.434
DO,1999,Other,65,3.357,5.654
DO,2000,Aid/Cooperation,163,2.973,6.597
DO,2000,Conflict/Migration,6,-9.917,4.735
DO,2000,Disapproval/Sanction,46,-2.478,6.181
DO,2000,Other,238,2.385,6.077
DO,2000,Protest,2,-4.4,6.092
DO,2001,Aid/Cooperation,216,2.972,7.069
DO,2001,Conflict/Migration,4,-10,7.392
DO,2001,Disapproval/Sanction,18,-2.944,5.52
DO,2001,Other,207,1.623,6.122
DO,2002,Aid/Cooperation,149,3.137,5.866
DO,2002,Conflict/Migration,2,-9.75,4.64
DO,2002,Disapproval/Sanction,52,-2.692,5.491
DO,2002,Other,243,1.221,5.51
DO,2002,Protest,9,-4.867,5.016
DO,2003,Aid/Cooperation,152,3.368,5.66
DO,2003,Conflict/Migration,18,-9.833,4.115
DO,2003,Disapproval/Sanction,53,-2.792,5.012
DO,2003,Other,292,1.8,4.975
DO,2003,Protest,13,-5.108,4.259
DO,2004,Aid/Cooperation,230,3.801,6.63
DO,2004,Conflict/Migration,19,-9.921,4.687
DO,2004,Disapproval/Sanction,74,-2.743,5.43
DO,2004,Other,339,1.768,6.4
DO,2004,Protest,9,-4.4,4.316
DO,2005,Aid/Cooperation,152,3.612,5.666
DO,2005,Conflict/Migration,14,-9.821,5.145
DO,2005,Disapproval/Sanction,65,-2.815,5.812
DO,2005,Other,164,1.213,5.819
DO,2005,Protest,9,-4.711,4.76
DO,2006,Aid/Cooperation,138,3.609,6.994
DO,2006,Conflict/Migration,14,-9.821,4.044
DO,2006,Disapproval/Sanction,38,-2.605,5.981
DO,2006,Other,179,1.879,6.43
DO,2006,Protest,4,-4.75,8.186
DO,2007,Aid/Cooperation,290,2.883,6.421
DO,2007,Conflict/Migration,5,-9.8,4.265
DO,2007,Disapproval/Sanction,63,-3.365,5.774
DO,2007,Other,317,1.684,5.635
DO,2007,Protest,12,-5.483,4.578
DO,2008,Aid/Cooperation,464,3.539,6.17
DO,2008,Conflict/Migration,5,-9.6,5.758
DO,2008,Disapproval/Sanction,82,-3.122,6.176
DO,2008,Other,415,2.682,6.101
DO,2008,Protest,2,-4.4,4.127
DO,2009,Aid/Cooperation,747,3.982,5.897
DO,2009,Conflict/Migration,24,-9.896,4.053
DO,2009,Disapproval/Sanction,92,-3.446,6.022
DO,2009,Other,612,2.503,5.487
DO,2009,Protest,8,-5.05,6.718
DO,2010,Aid/Cooperation,465,3.774,6.256
DO,2010,Conflict/Migration,26,-9.808,4.503
DO,2010,Disapproval/Sanction,106,-2.547,5.234
DO,2010,Other,361,2.01,5.938
DO,2010,Protest,13,-4.815,7.005
DO,2011,Aid/Cooperation,448,4.118,6.514
DO,2011,Conflict/Migration,38,-9.908,3.644
DO,2011,Disapproval/Sanction,48,-3.354,5.916
DO,2011,Other,402,1.474,5.446
DO,2011,Protest,10,-4.66,5.225
DO,2012,Aid/Cooperation,624,3.667,5.657
DO,2012,Conflict/Migration,41,-9.988,2.785
DO,2012,Disapproval/Sanction,101,-2.564,4.738
DO,2012,Other,576,0.934,4.488
DO,2012,Protest,6,-4.833,4.137
DO,2013,Aid/Cooperation,422,2.879,2.725
DO,2013,Conflict/Migration,30,-9.8,1.771
DO,2013,Disapproval/Sanction,53,-2.623,2.61
DO,2013,Other,476,2.106,2.544
DO,2013,Protest,10,-4.4,2.81
DO,2014,Aid/Cooperation,683,3.251,2.973
DO,2014,Conflict/Migration,49,-9.755,1.654
DO,2014,Disapproval/Sanction,125,-2.632,2.153
DO,2014,Other,799,1.896,2.446
DO,2014,Protest,22,-5.082,1.88
DO,2015,Aid/Cooperation,3178,3.447,1.186
DO,2015,Conflict/Migration,159,-9.865,-3.807
DO,2015,Disapproval/Sanction,338,-2.997,-1.46
DO,2015,Other,3442,2.446,-0.606
DO,2015,Protest,74,-4.597,-3.661
DO,2016,Aid/Cooperation,2378,3.11,1.492
DO,2016,Conflict/Migration,126,-9.766,-2.935
DO,2016,Disapproval/Sanction,334,-3.036,-1.487
DO,2016,Other,2606,2.235,0.274
DO,2016,Protest,34,-4.941,-2.544
DO,2017,Aid/Cooperation,3252,2.716,-1
DO,2017,Conflict/Migration,288,-9.823,-4.709
DO,2017,Disapproval/Sanction,610,-3.051,-2.645
DO,2017,Other,4648,2.114,-1.681
DO,2017,Protest,82,-5.18,-3.837
DO,2018,Aid/Cooperation,1892,3.276,0.832
DO,2018,Conflict/Migration,108,-9.866,-4.273
DO,2018,Disapproval/Sanction,278,-2.964,-2.097
DO,2018,Other,2101,2.695,-0.021
DO,2018,Protest,27,-4.689,-2.506
DO,2019,Aid/Cooperation,1944,3.3,1.309
DO,2019,Conflict/Migration,143,-9.85,-3.6
DO,2019,Disapproval/Sanction,381,-2.735,-2.106
DO,2019,Other,2318,2.023,-0.22
DO,2019,Protest,15,-4.4,-4.359
DO,2020,Aid/Cooperation,934,2.87,1.094
DO,2020,Conflict/Migration,60,-9.775,-3.061
DO,2020,Disapproval/Sanction,200,-3.195,-2.056
DO,2020,Other,1323,2.857,0.337
DO,2020,Protest,17,-4.4,-1.095
DO,2021,Aid/Cooperation,1934,3.118,0.245
DO,2021,Conflict/Migration,374,-9.295,-4.784
DO,2021,Disapproval/Sanction,621,-3.216,-4.558
DO,2021,Other,3213,1.649,-1.904
DO,2021,Protest,44,-5.227,-2.319
DO,2022,Aid/Cooperation,1215,3.377,2.057
DO,2022,Conflict/Migration,96,-9.734,-4.923
DO,2022,Disapproval/Sanction,202,-3.272,-1.493
DO,2022,Other,1617,2.141,0.226
DO,2022,Protest,16,-4.738,-2.951
DO,2023,Aid/Cooperation,1453,3.098,1.497
DO,2023,Conflict/Migration,151,-9.755,-3.27
DO,2023,Disapproval/Sanction,206,-3.112,-1.403
DO,2023,Other,1691,2.069,-0.006
DO,2023,Protest,37,-4.962,-2.564
DO,2024,Aid/Cooperation,1916,2.956,2.959
DO,2024,Conflict/Migration,145,-9.945,-3.55
DO,2024,Disapproval/Sanction,241,-2.768,-1.437
DO,2024,Other,1875,2.288,0.861
DO,2024,Protest,29,-4.848,-1.843
EC,1996,Aid/Cooperation,1349,3.208,5.299
EC,1996,Conflict/Migration,113,-9.765,3.873
EC,1996,Disapproval/Sanction,403,-3.141,5.102
EC,1996,Other,1647,1.652,5.287
EC,1996,Protest,40,-5.345,4.978
EC,1997,Aid/Cooperation,2110,3.167,5.881
EC,1997,Conflict/Migration,206,-9.886,4.387
EC,1997,Disapproval/Sanction,804,-3.136,5.337
EC,1997,Other,2633,1.491,5.285
EC,1997,Protest,60,-5.18,4.846
EC,1998,Aid/Cooperation,1610,3.588,5.86
EC,1998,Conflict/Migration,230,-9.896,4.604
EC,1998,Disapproval/Sanction,405,-3.091,5.72
EC,1998,Other,1635,2.005,5.45
EC,1998,Protest,50,-5.388,5.385
EC,1999,Aid/Cooperation,967,3.492,5.515
EC,1999,Conflict/Migration,244,-9.781,4.238
EC,1999,Disapproval/Sanction,373,-3.153,4.616
EC,1999,Other,1708,1.022,4.757
EC,1999,Protest,71,-5.386,3.998
EC,2000,Aid/Cooperation,1639,3.024,5.45
EC,2000,Conflict/Migration,289,-9.74,4.05
EC,2000,Disapproval/Sanction,502,-3.369,5.056
EC,2000,Other,2284,1.385,5.077
EC,2000,Protest,93,-5.301,5.178
EC,2001,Aid/Cooperation,1171,3.454,5.841
EC,2001,Conflict/Migration,306,-9.742,3.615
EC,2001,Disapproval/Sanction,465,-3.148,4.491
EC,2001,Other,1841,0.9,4.442
EC,2001,Protest,48,-5.3,4.07
EC,2002,Aid/Cooperation,1256,2.885,5.192
EC,2002,Conflict/Migration,167,-9.716,3.789
EC,2002,Disapproval/Sanction,284,-3,4.825
EC,2002,Other,1566,0.957,4.817
EC,2002,Protest,43,-4.916,5.785
EC,2003,Aid/Cooperation,1501,3.071,5.479
EC,2003,Conflict/Migration,196,-9.844,3.614
EC,2003,Disapproval/Sanction,425,-3.056,4.735
EC,2003,Other,1962,1.431,5.099
EC,2003,Protest,72,-5.036,5.185
EC,2004,Aid/Cooperation,1086,3.03,5.482
EC,2004,Conflict/Migration,168,-9.557,4.298
EC,2004,Disapproval/Sanction,329,-3.036,5.046
EC,2004,Other,1357,0.543,5.079
EC,2004,Protest,41,-5.044,4.682
EC,2005,Aid/Cooperation,1328,3.108,5.018
EC,2005,Conflict/Migration,171,-9.901,3.462
EC,2005,Disapproval/Sanction,475,-3.072,4.664
EC,2005,Other,1696,0.852,4.781
EC,2005,Protest,27,-5.763,3.938
EC,2006,Aid/Cooperation,1354,3.546,5.612
EC,2006,Conflict/Migration,208,-9.798,3.71
EC,2006,Disapproval/Sanction,451,-3.122,5.048
EC,2006,Other,2171,1.018,4.863
EC,2006,Protest,81,-5.314,3.938
EC,2007,Aid/Cooperation,2498,3.18,5.61
EC,2007,Conflict/Migration,358,-9.892,4.018
EC,2007,Disapproval/Sanction,922,-2.72,4.847
EC,2007,Other,3428,1.689,5.135
EC,2007,Protest,127,-5.008,4.83
EC,2008,Aid/Cooperation,5509,3.352,5.038
EC,2008,Conflict/Migration,2002,-9.89,4.593
EC,2008,Disapproval/Sanction,1884,-2.72,4.81
EC,2008,Other,10514,1.399,4.078
EC,2008,Protest,272,-5.212,4.835
EC,2009,Aid/Cooperation,7345,3.337,4.885
EC,2009,Conflict/Migration,1108,-9.901,4.144
EC,2009,Disapproval/Sanction,1905,-2.949,4.33
EC,2009,Other,12362,1.155,3.558
EC,2009,Protest,221,-5.383,4.712
EC,2010,Aid/Cooperation,6225,3.168,5.869
EC,2010,Conflict/Migration,1517,-9.794,4.384
EC,2010,Disapproval/Sanction,1575,-2.888,4.909
EC,2010,Other,7969,1.424,5.17
EC,2010,Protest,161,-4.989,4.96
EC,2011,Aid/Cooperation,4208,3.168,5.964
EC,2011,Conflict/Migration,618,-9.816,4.746
EC,2011,Disapproval/Sanction,1472,-2.723,4.991
EC,2011,Other,5675,1.273,5.347
EC,2011,Protest,141,-5.465,4.879
EC,2012,Aid/Cooperation,11319,3.118,5.635
EC,2012,Conflict/Migration,1736,-9.693,4.718
EC,2012,Disapproval/Sanction,4413,-3.087,5.114
EC,2012,Other,21635,2.235,5.218
EC,2012,Protest,627,-4.999,5.297
EC,2013,Aid/Cooperation,11067,2.912,2.619
EC,2013,Conflict/Migration,1031,-9.766,2.06
EC,2013,Disapproval/Sanction,3676,-3.02,2.249
EC,2013,Other,17589,2.108,2.237
EC,2013,Protest,395,-4.738,2.31
EC,2014,Aid/Cooperation,8553,2.965,2.98
EC,2014,Conflict/Migration,1177,-9.817,1.972
EC,2014,Disapproval/Sanction,2163,-2.994,2.216
EC,2014,Other,10542,1.796,2.357
EC,2014,Protest,223,-4.986,2.048
EC,2015,Aid/Cooperation,21754,2.717,-0.336
EC,2015,Conflict/Migration,1826,-9.683,-4.249
EC,2015,Disapproval/Sanction,4040,-3.076,-3.487
EC,2015,Other,22889,2.129,-1.935
EC,2015,Protest,484,-4.965,-3.46
EC,2016,Aid/Cooperation,16305,2.891,-0.808
EC,2016,Conflict/Migration,2139,-9.627,-4.7
EC,2016,Disapproval/Sanction,3883,-3.03,-3.787
EC,2016,Other,24269,2.129,-2.758
EC,2016,Protest,380,-5.073,-3.817
EC,2017,Aid/Cooperation,11201,2.945,-0.57
EC,2017,Conflict/Migration,1349,-9.706,-3.955
EC,2017,Disapproval/Sanction,3081,-2.948,-3.255
EC,2017,Other,14848,1.788,-2.219
EC,2017,Protest,374,-4.782,-3.166
EC,2018,Aid/Cooperation,14823,3.021,-1.638
EC,2018,Conflict/Migration,2077,-9.611,-4.838
EC,2018,Disapproval/Sanction,4685,-3.157,-4.026
EC,2018,Other,20604,1.685,-3.181
EC,2018,Protest,529,-4.888,-3.622
EC,2019,Aid/Cooperation,11759,2.908,-2.294
EC,2019,Conflict/Migration,2408,-9.623,-6.087
EC,2019,Disapproval/Sanction,4844,-2.949,-5.825
EC,2019,Other,19840,0.695,-4.676
EC,2019,Protest,495,-5.111,-5.8
EC,2020,Aid/Cooperation,7056,2.861,-1.821
EC,2020,Conflict/Migration,708,-9.754,-4.358
EC,2020,Disapproval/Sanction,1688,-2.977,-4.218
EC,2020,Other,9307,1.628,-2.908
EC,2020,Protest,257,-4.761,-3.671
EC,2021,Aid/Cooperation,5788,2.944,-1.438
EC,2021,Conflict/Migration,1711,-9.799,-8.449
EC,2021,Disapproval/Sanction,1875,-2.851,-4.761
EC,2021,Other,8974,1.391,-3.575
EC,2021,Protest,178,-4.771,-3.619
EC,2022,Aid/Cooperation,5367,2.972,-0.713
EC,2022,Conflict/Migration,1146,-9.829,-7.873
EC,2022,Disapproval/Sanction,1460,-2.973,-4.716
EC,2022,Other,6735,1.2,-3.337
EC,2022,Protest,167,-4.891,-3.823
EC,2023,Aid/Cooperation,8760,3.092,-1.576
EC,2023,Conflict/Migration,3895,-9.911,-6.702
EC,2023,Disapproval/Sanction,2630,-2.855,-5.139
EC,2023,Other,11857,1.269,-3.602
EC,2023,Protest,433,-4.781,-5.145
EC,2024,Aid/Cooperation,7945,2.966,-2.383
EC,2024,Conflict/Migration,3650,-9.805,-7.065
EC,2024,Disapproval/Sanction,3149,-2.78,-5.739
EC,2024,Other,13187,0.519,-4.655
EC,2024,Protest,513,-4.969,-6.052
EG,1996,Aid/Cooperation,24736,3.263,5.3
EG,1996,Conflict/Migration,2604,-9.868,2.723
EG,1996,Disapproval/Sanction,4564,-3.01,5.137
EG,1996,Other,18121,1.526,4.942
EG,1996,Protest,587,-5.227,4.941
EG,1997,Aid/Cooperation,27988,3.243,5.484
EG,1997,Conflict/Migration,3376,-9.846,2.974
EG,1997,Disapproval/Sanction,5078,-2.968,4.917
EG,1997,Other,20718,1.53,5.081
EG,1997,Protest,551,-5.266,4.878
EG,1998,Aid/Cooperation,28652,3.226,5.412
EG,1998,Conflict/Migration,1795,-9.807,3.783
EG,1998,Disapproval/Sanction,4195,-3.074,5.321
EG,1998,Other,20580,1.844,5.235
EG,1998,Protest,586,-5.109,5.432
EG,1999,Aid/Cooperation,27146,3.197,6.052
EG,1999,Conflict/Migration,1721,-9.775,4.347
EG,1999,Disapproval/Sanction,4048,-3.104,5.682
EG,1999,Other,19385,1.866,5.859
EG,1999,Protest,391,-5.155,6.003
EG,2000,Aid/Cooperation,33390,3.253,5.781
EG,2000,Conflict/Migration,2508,-9.861,3.975
EG,2000,Disapproval/Sanction,4735,-3.048,5.461
EG,2000,Other,22852,1.669,5.551
EG,2000,Protest,522,-5.112,5.492
EG,2001,Aid/Cooperation,32632,3.223,5.449
EG,2001,Conflict/Migration,2714,-9.842,4.26
EG,2001,Disapproval/Sanction,4650,-2.995,5.341
EG,2001,Other,21786,1.728,5.403
EG,2001,Protest,722,-5.366,5.23
EG,2002,Aid/Cooperation,30153,3.209,5.744
EG,2002,Conflict/Migration,2317,-9.843,3.824
EG,2002,Disapproval/Sanction,4242,-2.982,5.486
EG,2002,Other,21299,1.463,5.52
EG,2002,Protest,627,-5.279,5.496
EG,2003,Aid/Cooperation,32214,3.169,5.547
EG,2003,Conflict/Migration,2207,-9.82,4.136
EG,2003,Disapproval/Sanction,4788,-3.107,5.4
EG,2003,Other,23325,1.638,5.403
EG,2003,Protest,687,-5.369,5.358
EG,2004,Aid/Cooperation,33510,3.192,5.465
EG,2004,Conflict/Migration,3325,-9.75,3.84
EG,2004,Disapproval/Sanction,4604,-3.078,5.174
EG,2004,Other,25372,1.92,5.323
EG,2004,Protest,626,-5.323,4.955
EG,2005,Aid/Cooperation,20481,3.238,5.501
EG,2005,Conflict/Migration,3755,-9.779,3.731
EG,2005,Disapproval/Sanction,4311,-2.957,5.223
EG,2005,Other,20247,1.124,5.306
EG,2005,Protest,437,-5.177,4.864
EG,2006,Aid/Cooperation,27532,3.141,5.461
EG,2006,Conflict/Migration,4184,-9.752,3.847
EG,2006,Disapproval/Sanction,5847,-2.889,4.927
EG,2006,Other,25678,1.394,5.131
EG,2006,Protest,793,-5.297,4.667
EG,2007,Aid/Cooperation,43778,3.215,5.632
EG,2007,Conflict/Migration,6929,-9.726,3.833
EG,2007,Disapproval/Sanction,9510,-2.901,5.037
EG,2007,Other,43017,1.272,5.292
EG,2007,Protest,994,-5.103,4.824
EG,2008,Aid/Cooperation,52074,3.355,5.201
EG,2008,Conflict/Migration,11630,-9.771,3.671
EG,2008,Disapproval/Sanction,13018,-3.182,4.713
EG,2008,Other,54360,1.335,4.87
EG,2008,Protest,1786,-5.234,4.366
EG,2009,Aid/Cooperation,93465,3.332,5.642
EG,2009,Conflict/Migration,13902,-9.784,3.882
EG,2009,Disapproval/Sanction,19560,-3.083,5.104
EG,2009,Other,90916,1.627,5.298
EG,2009,Protest,2060,-5.344,4.836
EG,2010,Aid/Cooperation,57789,3.251,5.884
EG,2010,Conflict/Migration,12136,-9.81,3.862
EG,2010,Disapproval/Sanction,15581,-2.92,5.068
EG,2010,Other,66109,1.031,5.363
EG,2010,Protest,1975,-5.22,4.914
EG,2011,Aid/Cooperation,182464,3.051,5.606
EG,2011,Conflict/Migration,55701,-9.805,4.191
EG,2011,Disapproval/Sanction,69823,-2.989,5.059
EG,2011,Other,302506,0.515,5.15
EG,2011,Protest,10326,-5.262,5.054
EG,2012,Aid/Cooperation,149031,3.097,5.282
EG,2012,Conflict/Migration,38198,-9.821,3.942
EG,2012,Disapproval/Sanction,55405,-2.971,4.889
EG,2012,Other,211201,0.836,5.054
EG,2012,Protest,6642,-5.289,4.725
EG,2013,Aid/Cooperation,165865,3.063,2.813
EG,2013,Conflict/Migration,71559,-9.847,2.351
EG,2013,Disapproval/Sanction,70137,-2.842,2.765
EG,2013,Other,264145,-0.047,2.693
EG,2013,Protest,10789,-5.33,2.725
EG,2014,Aid/Cooperation,149798,3.134,2.675
EG,2014,Conflict/Migration,58630,-9.854,1.871
EG,2014,Disapproval/Sanction,55888,-2.796,2.463
EG,2014,Other,224281,0.321,2.472
EG,2014,Protest,6999,-5.28,2.369
EG,2015,Aid/Cooperation,181360,3.143,-1.202
EG,2015,Conflict/Migration,70681,-9.85,-5.085
EG,2015,Disapproval/Sanction,62048,-2.748,-3.697
EG,2015,Other,271207,0.78,-2.699
EG,2015,Protest,7971,-5.245,-3.768
EG,2016,Aid/Cooperation,164134,3.131,-1.404
EG,2016,Conflict/Migration,47678,-9.819,-5.97
EG,2016,Disapproval/Sanction,51400,-2.86,-4.386
EG,2016,Other,225266,0.885,-3.23
EG,2016,Protest,5870,-5.156,-4.405
EG,2017,Aid/Cooperation,147438,3.109,-1.369
EG,2017,Conflict/Migration,47326,-9.849,-6.609
EG,2017,Disapproval/Sanction,42420,-2.789,-4.274
EG,2017,Other,178953,0.99,-2.978
EG,2017,Protest,6043,-5.432,-4.777
EG,2018,Aid/Cooperation,128408,3.171,-0.8
EG,2018,Conflict/Migration,29629,-9.823,-5.948
EG,2018,Disapproval/Sanction,33425,-2.834,-4.009
EG,2018,Other,152305,1.158,-2.679
EG,2018,Protest,4064,-5.248,-4.555
EG,2019,Aid/Cooperation,128324,3.146,-0.784
EG,2019,Conflict/Migration,24541,-9.821,-5.85
EG,2019,Disapproval/Sanction,35193,-2.799,-3.821
EG,2019,Other,146715,1.272,-2.577
EG,2019,Protest,3719,-5.04,-4.026
EG,2020,Aid/Cooperation,84994,3.338,-1.085
EG,2020,Conflict/Migration,14408,-9.789,-5.277
EG,2020,Disapproval/Sanction,22719,-2.898,-3.489
EG,2020,Other,102828,1.376,-2.622
EG,2020,Protest,3411,-5.126,-3.896
EG,2021,Aid/Cooperation,95461,3.288,-0.366
EG,2021,Conflict/Migration,12225,-9.801,-4.683
EG,2021,Disapproval/Sanction,18666,-2.879,-3.41
EG,2021,Other,93266,1.771,-1.854
EG,2021,Protest,2282,-5.01,-3.346
EG,2022,Aid/Cooperation,83675,3.171,0.059
EG,2022,Conflict/Migration,10860,-9.821,-5.152
EG,2022,Disapproval/Sanction,13944,-2.947,-3.2
EG,2022,Other,79920,1.798,-1.608
EG,2022,Protest,1622,-5.105,-3.558
EG,2023,Aid/Cooperation,131838,3.127,-1.108
EG,2023,Conflict/Migration,22922,-9.783,-4.869
EG,2023,Disapproval/Sanction,23050,-2.944,-3.832
EG,2023,Other,124360,2.069,-2.255
EG,2023,Protest,3971,-5.066,-4.598
EG,2024,Aid/Cooperation,116223,3.185,-1.525
EG,2024,Conflict/Migration,23193,-9.775,-5.227
EG,2024,Disapproval/Sanction,24045,-3.061,-4.211
EG,2024,Other,116306,1.969,-2.843
EG,2024,Protest,6536,-5.197,-5.15
ER,1996,Aid/Cooperation,1746,3.98,5.451
ER,1996,Conflict/Migration,175,-9.874,3.805
ER,1996,Disapproval/Sanction,414,-2.693,4.907
ER,1996,Other,1247,2.489,4.951
ER,1996,Protest,32,-5.013,4.683
ER,1997,Aid/Cooperation,1114,3.32,5.658
ER,1997,Conflict/Migration,326,-9.84,3.814
ER,1997,Disapproval/Sanction,436,-2.651,4.267
ER,1997,Other,933,1.498,4.964
ER,1997,Protest,25,-5.128,4.375
ER,1998,Aid/Cooperation,5034,3.337,5.182
ER,1998,Conflict/Migration,1253,-9.917,3.723
ER,1998,Disapproval/Sanction,1599,-2.852,4.659
ER,1998,Other,4520,1.658,5.003
ER,1998,Protest,101,-5.582,4.51
ER,1999,Aid/Cooperation,4620,3.311,6.056
ER,1999,Conflict/Migration,1698,-9.903,3.844
ER,1999,Disapproval/Sanction,1792,-2.929,5.182
ER,1999,Other,4899,1.632,5.466
ER,1999,Protest,171,-5.451,4.705
ER,2000,Aid/Cooperation,6350,3.619,6.038
ER,2000,Conflict/Migration,1540,-9.861,4.575
ER,2000,Disapproval/Sanction,1436,-2.859,5.384
ER,2000,Other,5902,2.425,5.713
ER,2000,Protest,143,-5.561,5.279
ER,2001,Aid/Cooperation,3183,3.304,6.165
ER,2001,Conflict/Migration,246,-9.801,4.904
ER,2001,Disapproval/Sanction,614,-2.901,5.505
ER,2001,Other,2877,1.771,5.67
ER,2001,Protest,52,-5.227,5.374
ER,2002,Aid/Cooperation,3234,3.373,5.936
ER,2002,Conflict/Migration,280,-9.829,5.111
ER,2002,Disapproval/Sanction,690,-3.001,5.542
ER,2002,Other,2734,2.049,5.63
ER,2002,Protest,68,-5.241,5.241
ER,2003,Aid/Cooperation,2527,3.386,6.183
ER,2003,Conflict/Migration,310,-9.898,4.765
ER,2003,Disapproval/Sanction,608,-2.911,5.412
ER,2003,Other,2109,1.648,5.6
ER,2003,Protest,81,-4.788,5.903
ER,2004,Aid/Cooperation,2268,3.314,5.943
ER,2004,Conflict/Migration,284,-9.9,5.247
ER,2004,Disapproval/Sanction,669,-3.021,5.588
ER,2004,Other,1981,1.535,5.582
ER,2004,Protest,44,-4.932,6.184
ER,2005,Aid/Cooperation,2030,3.427,5.877
ER,2005,Conflict/Migration,266,-9.919,4.782
ER,2005,Disapproval/Sanction,661,-3.014,5.566
ER,2005,Other,2367,1.004,5.567
ER,2005,Protest,83,-5.294,5.73
ER,2006,Aid/Cooperation,3208,3.654,6.377
ER,2006,Conflict/Migration,412,-9.911,4.965
ER,2006,Disapproval/Sanction,1099,-2.878,5.296
ER,2006,Other,2767,1.557,5.933
ER,2006,Protest,110,-5.24,5.292
ER,2007,Aid/Cooperation,3897,3.221,6.177
ER,2007,Conflict/Migration,953,-9.811,4.088
ER,2007,Disapproval/Sanction,1943,-2.639,4.898
ER,2007,Other,4416,1.5,5.256
ER,2007,Protest,139,-4.981,5.111
ER,2008,Aid/Cooperation,3457,3.332,6.364
ER,2008,Conflict/Migration,850,-9.831,3.728
ER,2008,Disapproval/Sanction,1340,-2.831,4.815
ER,2008,Other,3467,1.603,5.635
ER,2008,Protest,122,-5.333,5.134
ER,2009,Aid/Cooperation,4003,3.24,5.792
ER,2009,Conflict/Migration,775,-9.806,4.413
ER,2009,Disapproval/Sanction,1913,-2.81,5.279
ER,2009,Other,4360,0.957,5.402
ER,2009,Protest,323,-5.112,5.17
ER,2010,Aid/Cooperation,2592,3.135,6.548
ER,2010,Conflict/Migration,706,-9.805,3.99
ER,2010,Disapproval/Sanction,780,-2.782,5.41
ER,2010,Other,2948,0.825,5.925
ER,2010,Protest,77,-5.088,5.915
ER,2011,Aid/Cooperation,3869,3.111,6.507
ER,2011,Conflict/Migration,613,-9.765,4.348
ER,2011,Disapproval/Sanction,1467,-2.743,5.035
ER,2011,Other,4888,1.193,5.701
ER,2011,Protest,217,-5.393,5.184
ER,2012,Aid/Cooperation,2411,3.063,5.718
ER,2012,Conflict/Migration,915,-9.747,3.462
ER,2012,Disapproval/Sanction,1126,-2.636,4.219
ER,2012,Other,3672,0.769,5.054
ER,2012,Protest,130,-5.234,4.385
ER,2013,Aid/Cooperation,3730,2.826,2.494
ER,2013,Conflict/Migration,486,-9.619,1.863
ER,2013,Disapproval/Sanction,869,-2.87,2.385
ER,2013,Other,4238,1.55,2.303
ER,2013,Protest,88,-4.775,2.261
ER,2014,Aid/Cooperation,4209,2.932,2.65
ER,2014,Conflict/Migration,937,-9.632,1.843
ER,2014,Disapproval/Sanction,1098,-2.944,2.016
ER,2014,Other,5456,1.002,2.329
ER,2014,Protest,108,-4.92,1.652
ER,2015,Aid/Cooperation,9358,2.803,-2.692
ER,2015,Conflict/Migration,2727,-9.759,-6.371
ER,2015,Disapproval/Sanction,2500,-2.874,-4.606
ER,2015,Other,11315,1.678,-3.576
ER,2015,Protest,242,-4.906,-5.324
ER,2016,Aid/Cooperation,10532,3.052,-1.387
ER,2016,Conflict/Migration,2840,-9.74,-6.548
ER,2016,Disapproval/Sanction,3267,-2.758,-5.512
ER,2016,Other,12515,1.318,-3.312
ER,2016,Protest,269,-5.227,-5.439
ER,2017,Aid/Cooperation,6691,3.075,-1.721
ER,2017,Conflict/Migration,1270,-9.703,-5.44
ER,2017,Disapproval/Sanction,1981,-2.851,-4.444
ER,2017,Other,8396,1.168,-3.607
ER,2017,Protest,175,-5.24,-4.5
ER,2018,Aid/Cooperation,20472,3.552,-0.831
ER,2018,Conflict/Migration,1839,-9.771,-4.378
ER,2018,Disapproval/Sanction,3141,-2.947,-3.495
ER,2018,Other,15243,1.842,-2.465
ER,2018,Protest,374,-4.865,-4.817
ER,2019,Aid/Cooperation,8817,3.433,-0.419
ER,2019,Conflict/Migration,1096,-9.818,-4.121
ER,2019,Disapproval/Sanction,1335,-2.749,-2.868
ER,2019,Other,7550,1.276,-2.096
ER,2019,Protest,97,-4.812,-3.066
ER,2020,Aid/Cooperation,5555,3.522,-1.605
ER,2020,Conflict/Migration,1953,-9.916,-5.218
ER,2020,Disapproval/Sanction,1412,-2.856,-4.779
ER,2020,Other,6563,1.698,-3.268
ER,2020,Protest,510,-4.736,-7.112
ER,2021,Aid/Cooperation,5173,3.183,-2.557
ER,2021,Conflict/Migration,2854,-9.742,-6.398
ER,2021,Disapproval/Sanction,2795,-3.075,-5.811
ER,2021,Other,9175,1.641,-4.806
ER,2021,Protest,265,-5.216,-6.043
ER,2022,Aid/Cooperation,3817,3.217,-0.629
ER,2022,Conflict/Migration,1397,-9.81,-5.331
ER,2022,Disapproval/Sanction,1314,-2.937,-4.457
ER,2022,Other,4491,1.936,-3.129
ER,2022,Protest,77,-5.13,-4.46
ER,2023,Aid/Cooperation,4987,3.019,-1.048
ER,2023,Conflict/Migration,1642,-9.805,-6.846
ER,2023,Disapproval/Sanction,1028,-2.892,-4.921
ER,2023,Other,5266,1.285,-3.432
ER,2023,Protest,131,-5.076,-5.325
ER,2024,Aid/Cooperation,3914,3.08,-0.442
ER,2024,Conflict/Migration,679,-9.782,-6.873
ER,2024,Disapproval/Sanction,700,-2.989,-4.026
ER,2024,Other,3725,1.226,-2.348
ER,2024,Protest,66,-4.915,-4.559
ES,1996,Aid/Cooperation,699,3.703,6.079
ES,1996,Conflict/Migration,140,-9.832,4.4
ES,1996,Disapproval/Sanction,130,-2.915,4.796
ES,1996,Other,663,1.47,5.609
ES,1996,Protest,33,-6.018,5.405
ES,1997,Aid/Cooperation,826,2.925,5.751
ES,1997,Conflict/Migration,91,-9.769,4.302
ES,1997,Disapproval/Sanction,179,-2.961,4.96
ES,1997,Other,893,1.67,5.278
ES,1997,Protest,15,-5.44,6.206
ES,1998,Aid/Cooperation,609,3.206,5.585
ES,1998,Conflict/Migration,166,-9.786,4.679
ES,1998,Disapproval/Sanction,163,-2.767,4.505
ES,1998,Other,801,1.63,4.992
ES,1998,Protest,15,-4.96,4.263
ES,1999,Aid/Cooperation,719,3.541,6.37
ES,1999,Conflict/Migration,136,-9.879,4.774
ES,1999,Disapproval/Sanction,229,-3.017,5.015
ES,1999,Other,863,1.004,5.119
ES,1999,Protest,24,-4.9,5.481
ES,2000,Aid/Cooperation,984,3.207,6.19
ES,2000,Conflict/Migration,186,-9.809,4.411
ES,2000,Disapproval/Sanction,301,-2.691,5.227
ES,2000,Other,1199,1.877,5.308
ES,2000,Protest,17,-5.259,5.068
ES,2001,Aid/Cooperation,1348,3.152,6.056
ES,2001,Conflict/Migration,170,-9.785,3.708
ES,2001,Disapproval/Sanction,149,-3.268,4.787
ES,2001,Other,1418,2.334,5.27
ES,2001,Protest,15,-4.92,4.668
ES,2002,Aid/Cooperation,488,3.839,5.57
ES,2002,Conflict/Migration,149,-9.695,4.247
ES,2002,Disapproval/Sanction,86,-2.709,5.232
ES,2002,Other,623,2.297,5.912
ES,2002,Protest,17,-5.941,4.874
ES,2003,Aid/Cooperation,706,3.439,6.482
ES,2003,Conflict/Migration,210,-9.938,4.143
ES,2003,Disapproval/Sanction,178,-2.685,4.838
ES,2003,Other,835,1.802,5.585
ES,2003,Protest,19,-5.432,4.719
ES,2004,Aid/Cooperation,951,2.812,5.636
ES,2004,Conflict/Migration,298,-9.824,4.41
ES,2004,Disapproval/Sanction,227,-3.467,5.027
ES,2004,Other,1263,2.682,5.097
ES,2004,Protest,50,-5.112,4.483
ES,2005,Aid/Cooperation,597,2.946,5.658
ES,2005,Conflict/Migration,201,-9.766,4.902
ES,2005,Disapproval/Sanction,101,-2.871,5.101
ES,2005,Other,718,2.348,5.302
ES,2005,Protest,17,-5.412,4.276
ES,2006,Aid/Cooperation,530,3.013,6.224
ES,2006,Conflict/Migration,106,-9.835,4.682
ES,2006,Disapproval/Sanction,148,-2.736,4.736
ES,2006,Other,761,2.071,5.47
ES,2006,Protest,34,-5.247,6.873
ES,2007,Aid/Cooperation,1500,3.197,5.557
ES,2007,Conflict/Migration,499,-9.852,4.413
ES,2007,Disapproval/Sanction,348,-2.552,4.333
ES,2007,Other,1854,1.335,4.792
ES,2007,Protest,33,-4.885,6.698
ES,2008,Aid/Cooperation,1621,3.345,4.458
ES,2008,Conflict/Migration,385,-9.887,4.206
ES,2008,Disapproval/Sanction,330,-3.015,4.379
ES,2008,Other,2885,1.623,3.712
ES,2008,Protest,25,-5.104,4.546
ES,2009,Aid/Cooperation,4728,3.16,5.414
ES,2009,Conflict/Migration,1289,-9.827,3.963
ES,2009,Disapproval/Sanction,941,-2.775,4.716
ES,2009,Other,7021,1.12,4.133
ES,2009,Protest,178,-4.922,5.957
ES,2010,Aid/Cooperation,2921,3.36,6.008
ES,2010,Conflict/Migration,1505,-9.787,3.213
ES,2010,Disapproval/Sanction,771,-2.672,4.396
ES,2010,Other,4360,0.931,4.801
ES,2010,Protest,75,-5.248,4.499
ES,2011,Aid/Cooperation,5136,3.065,6.363
ES,2011,Conflict/Migration,1171,-9.822,4.2
ES,2011,Disapproval/Sanction,987,-2.826,4.89
ES,2011,Other,5307,1.155,5.348
ES,2011,Protest,119,-5.239,5.336
ES,2012,Aid/Cooperation,3939,3.098,5.9
ES,2012,Conflict/Migration,1077,-9.859,4.391
ES,2012,Disapproval/Sanction,1083,-2.849,4.672
ES,2012,Other,5152,1.411,5.026
ES,2012,Protest,121,-4.919,4.827
ES,2013,Aid/Cooperation,3239,3.171,2.626
ES,2013,Conflict/Migration,1200,-9.806,1.678
ES,2013,Disapproval/Sanction,744,-3.048,2.195
ES,2013,Other,4492,1.108,2.297
ES,2013,Protest,103,-4.728,3.221
ES,2014,Aid/Cooperation,9186,2.787,2.39
ES,2014,Conflict/Migration,2628,-9.803,1.796
ES,2014,Disapproval/Sanction,2014,-2.832,2.205
ES,2014,Other,11433,1.157,2.052
ES,2014,Protest,269,-5.158,2.226
ES,2015,Aid/Cooperation,11515,2.879,-1.281
ES,2015,Conflict/Migration,4706,-9.858,-4.366
ES,2015,Disapproval/Sanction,2946,-2.909,-3.536
ES,2015,Other,13743,1.08,-2.861
ES,2015,Protest,346,-5.08,-4.203
ES,2016,Aid/Cooperation,10413,2.794,-1.847
ES,2016,Conflict/Migration,4647,-9.828,-5.07
ES,2016,Disapproval/Sanction,2987,-2.849,-4.592
ES,2016,Other,15467,1.073,-3.783
ES,2016,Protest,449,-4.901,-4.592
ES,2017,Aid/Cooperation,10475,2.911,-1.514
ES,2017,Conflict/Migration,3961,-9.78,-5.561
ES,2017,Disapproval/Sanction,3036,-2.902,-4.578
ES,2017,Other,14997,0.799,-3.584
ES,2017,Protest,395,-4.97,-5.01
ES,2018,Aid/Cooperation,16208,2.853,-2.013
ES,2018,Conflict/Migration,4728,-9.807,-4.894
ES,2018,Disapproval/Sanction,4745,-2.863,-3.853
ES,2018,Other,20965,1.045,-3.459
ES,2018,Protest,764,-4.937,-3.986
ES,2019,Aid/Cooperation,13300,2.986,-2.248
ES,2019,Conflict/Migration,3943,-9.777,-5.503
ES,2019,Disapproval/Sanction,3729,-2.816,-4.731
ES,2019,Other,19346,1.149,-3.845
ES,2019,Protest,500,-5.002,-3.693
ES,2020,Aid/Cooperation,5594,2.969,-2.52
ES,2020,Conflict/Migration,1930,-9.78,-5.464
ES,2020,Disapproval/Sanction,1888,-2.946,-4.547
ES,2020,Other,9416,0.745,-4.057
ES,2020,Protest,258,-4.916,-5.739
ES,2021,Aid/Cooperation,6958,2.907,-1.657
ES,2021,Conflict/Migration,1519,-9.805,-5.045
ES,2021,Disapproval/Sanction,2489,-2.895,-3.404
ES,2021,Other,11019,1.496,-2.773
ES,2021,Protest,222,-4.79,-3.565
ES,2022,Aid/Cooperation,5010,2.952,-1.335
ES,2022,Conflict/Migration,1829,-9.842,-5.628
ES,2022,Disapproval/Sanction,1979,-2.88,-4.39
ES,2022,Other,8429,0.564,-3.722
ES,2022,Protest,214,-5.047,-4.599
ES,2023,Aid/Cooperation,6810,2.776,-0.771
ES,2023,Conflict/Migration,2107,-9.769,-5.352
ES,2023,Disapproval/Sanction,1986,-2.718,-4.091
ES,2023,Other,9405,0.536,-3.478
ES,2023,Protest,211,-4.939,-4.832
ES,2024,Aid/Cooperation,6517,2.911,-0.979
ES,2024,Conflict/Migration,2644,-9.745,-6.181
ES,2024,Disapproval/Sanction,2249,-2.776,-4.397
ES,2024,Other,10064,0.517,-3.532
ES,2024,Protest,241,-4.732,-4.068
ET,1996,Aid/Cooperation,2359,3.153,5.019
ET,1996,Conflict/Migration,640,-9.812,3.212
ET,1996,Disapproval/Sanction,657,-2.584,4.592
ET,1996,Other,2376,1.704,4.422
ET,1996,Protest,54,-5.441,4.326
ET,1997,Aid/Cooperation,4422,3.297,5.403
ET,1997,Conflict/Migration,676,-9.801,3.49
ET,1997,Disapproval/Sanction,988,-2.748,4.551
ET,1997,Other,3736,2.048,5.022
ET,1997,Protest,77,-5.099,4.824
ET,1998,Aid/Cooperation,7903,3.238,5.243
ET,1998,Conflict/Migration,1485,-9.867,3.845
ET,1998,Disapproval/Sanction,1705,-2.872,4.827
ET,1998,Other,7174,1.928,4.927
ET,1998,Protest,178,-5.366,4.744
ET,1999,Aid/Cooperation,6703,3.15,5.94
ET,1999,Conflict/Migration,2466,-9.867,3.882
ET,1999,Disapproval/Sanction,2271,-2.89,5.045
ET,1999,Other,7312,1.571,5.533
ET,1999,Protest,176,-5.4,4.749
ET,2000,Aid/Cooperation,8024,3.535,5.983
ET,2000,Conflict/Migration,1914,-9.86,4.387
ET,2000,Disapproval/Sanction,2041,-2.901,5.257
ET,2000,Other,8932,2.172,5.576
ET,2000,Protest,287,-5.704,4.963
ET,2001,Aid/Cooperation,6278,3.44,5.722
ET,2001,Conflict/Migration,1068,-9.816,4.026
ET,2001,Disapproval/Sanction,1620,-2.849,5.014
ET,2001,Other,7263,1.473,5.299
ET,2001,Protest,140,-5.129,5.205
ET,2002,Aid/Cooperation,7437,3.138,5.883
ET,2002,Conflict/Migration,1177,-9.858,3.661
ET,2002,Disapproval/Sanction,1374,-2.842,5.193
ET,2002,Other,7184,1.91,5.657
ET,2002,Protest,154,-5.416,5.455
ET,2003,Aid/Cooperation,7474,3.292,6.383
ET,2003,Conflict/Migration,902,-9.884,3.977
ET,2003,Disapproval/Sanction,1400,-3.079,5.389
ET,2003,Other,6855,2.431,6.059
ET,2003,Protest,221,-5.143,5.379
ET,2004,Aid/Cooperation,7066,3.356,6.088
ET,2004,Conflict/Migration,1028,-9.857,4.073
ET,2004,Disapproval/Sanction,1490,-3.199,5.657
ET,2004,Other,6661,1.841,5.82
ET,2004,Protest,163,-5.074,5.739
ET,2005,Aid/Cooperation,6880,3.36,6.229
ET,2005,Conflict/Migration,1298,-9.874,3.968
ET,2005,Disapproval/Sanction,2343,-3.023,5.389
ET,2005,Other,9043,1.06,5.661
ET,2005,Protest,265,-5.165,5.491
ET,2006,Aid/Cooperation,10807,3.543,6.175
ET,2006,Conflict/Migration,3333,-9.83,3.816
ET,2006,Disapproval/Sanction,3432,-3.049,4.884
ET,2006,Other,15521,2.151,5.533
ET,2006,Protest,640,-5.583,4.597
ET,2007,Aid/Cooperation,14224,3.09,5.509
ET,2007,Conflict/Migration,8243,-9.856,3.686
ET,2007,Disapproval/Sanction,5157,-2.804,4.778
ET,2007,Other,20897,1.972,5.122
ET,2007,Protest,690,-5.459,4.589
ET,2008,Aid/Cooperation,10166,3.326,5.492
ET,2008,Conflict/Migration,6043,-9.85,3.479
ET,2008,Disapproval/Sanction,3789,-2.818,4.689
ET,2008,Other,15437,2.29,5.203
ET,2008,Protest,619,-5.272,4.669
ET,2009,Aid/Cooperation,18634,3.228,6.137
ET,2009,Conflict/Migration,4781,-9.782,4.128
ET,2009,Disapproval/Sanction,5031,-3.002,5.182
ET,2009,Other,23570,2.012,5.635
ET,2009,Protest,696,-5.469,4.704
ET,2010,Aid/Cooperation,17162,3.496,6.407
ET,2010,Conflict/Migration,2468,-9.801,4.124
ET,2010,Disapproval/Sanction,3522,-2.98,5.625
ET,2010,Other,17445,1.85,5.955
ET,2010,Protest,329,-5.253,5.254
ET,2011,Aid/Cooperation,22987,3.08,6.075
ET,2011,Conflict/Migration,4026,-9.799,4.466
ET,2011,Disapproval/Sanction,4700,-2.818,5.195
ET,2011,Other,27472,1.939,5.621
ET,2011,Protest,730,-5.081,5.164
ET,2012,Aid/Cooperation,20844,3.164,5.842
ET,2012,Conflict/Migration,4982,-9.807,3.835
ET,2012,Disapproval/Sanction,4450,-2.844,4.754
ET,2012,Other,23943,1.687,5.561
ET,2012,Protest,486,-5.158,5.109
ET,2013,Aid/Cooperation,24631,3.356,2.949
ET,2013,Conflict/Migration,3737,-9.799,1.856
ET,2013,Disapproval/Sanction,4591,-2.96,2.344
ET,2013,Other,24192,1.767,2.567
ET,2013,Protest,529,-5.037,2.423
ET,2014,Aid/Cooperation,36153,3.298,2.885
ET,2014,Conflict/Migration,5403,-9.749,1.997
ET,2014,Disapproval/Sanction,6582,-2.936,2.409
ET,2014,Other,35541,1.938,2.555
ET,2014,Protest,714,-5.358,2.371
ET,2015,Aid/Cooperation,55710,3.237,-0.361
ET,2015,Conflict/Migration,9121,-9.789,-4.788
ET,2015,Disapproval/Sanction,11312,-2.858,-3.129
ET,2015,Other,58318,1.895,-1.648
ET,2015,Protest,1550,-4.97,-3.411
ET,2016,Aid/Cooperation,54577,3.143,-0.848
ET,2016,Conflict/Migration,12457,-9.808,-5.848
ET,2016,Disapproval/Sanction,13239,-2.88,-4.386
ET,2016,Other,63974,1.333,-2.747
ET,2016,Protest,1603,-4.969,-4.425
ET,2017,Aid/Cooperation,41971,3.131,-0.359
ET,2017,Conflict/Migration,6543,-9.789,-5.293
ET,2017,Disapproval/Sanction,7899,-2.886,-3.536
ET,2017,Other,43330,1.843,-2.075
ET,2017,Protest,918,-4.887,-3.539
ET,2018,Aid/Cooperation,61291,3.244,-0.463
ET,2018,Conflict/Migration,7558,-9.818,-4.902
ET,2018,Disapproval/Sanction,10514,-2.901,-3.24
ET,2018,Other,59762,1.889,-1.913
ET,2018,Protest,988,-4.902,-3.72
ET,2019,Aid/Cooperation,56542,3.12,-0.864
ET,2019,Conflict/Migration,9733,-9.881,-4.692
ET,2019,Disapproval/Sanction,11016,-2.884,-3.212
ET,2019,Other,60432,1.691,-2.037
ET,2019,Protest,1342,-5.056,-3.678
ET,2020,Aid/Cooperation,41506,3.209,-1.459
ET,2020,Conflict/Migration,11166,-9.845,-5.28
ET,2020,Disapproval/Sanction,11843,-2.915,-3.864
ET,2020,Other,52133,1.888,-2.843
ET,2020,Protest,2598,-5.382,-4.712
ET,2021,Aid/Cooperation,40041,3.208,-2.297
ET,2021,Conflict/Migration,19006,-9.809,-5.676
ET,2021,Disapproval/Sanction,16218,-2.952,-4.659
ET,2021,Other,62287,1.791,-3.773
ET,2021,Protest,2915,-5.255,-5.246
ET,2022,Aid/Cooperation,29506,3.224,-1.13
ET,2022,Conflict/Migration,9683,-9.845,-5.774
ET,2022,Disapproval/Sanction,8747,-2.833,-4.608
ET,2022,Other,35395,2.067,-2.864
ET,2022,Protest,1098,-5.256,-4.963
ET,2023,Aid/Cooperation,38212,3.305,-0.356
ET,2023,Conflict/Migration,8002,-9.808,-5.664
ET,2023,Disapproval/Sanction,7141,-2.882,-3.495
ET,2023,Other,38767,2.016,-1.939
ET,2023,Protest,890,-4.999,-4.839
ET,2024,Aid/Cooperation,32641,3.583,-0.033
ET,2024,Conflict/Migration,5118,-9.83,-5.465
ET,2024,Disapproval/Sanction,6848,-2.905,-3.068
ET,2024,Other,33568,1.875,-1.436
ET,2024,Protest,923,-4.852,-3.756
FR,1996,Aid/Cooperation,29365,3.207,5.462
FR,1996,Conflict/Migration,3782,-9.82,3.814
FR,1996,Disapproval/Sanction,6432,-3.044,4.979
FR,1996,Other,30408,1.549,5.001
FR,1996,Protest,795,-5.327,4.701
FR,1997,Aid/Cooperation,32926,3.228,5.576
FR,1997,Conflict/Migration,3404,-9.858,4.063
FR,1997,Disapproval/Sanction,7120,-3.019,5.092
FR,1997,Other,33570,1.652,5.162
FR,1997,Protest,810,-5.016,5.074
FR,1998,Aid/Cooperation,34363,3.149,5.533
FR,1998,Conflict/Migration,3050,-9.815,4.155
FR,1998,Disapproval/Sanction,6607,-3.025,5.147
FR,1998,Other,35111,1.633,5.255
FR,1998,Protest,894,-5.224,5.146
FR,1999,Aid/Cooperation,37750,3.208,5.668
FR,1999,Conflict/Migration,3960,-9.832,4.19
FR,1999,Disapproval/Sanction,7812,-3.078,5.144
FR,1999,Other,38058,1.366,5.238
FR,1999,Protest,940,-5.358,5.155
FR,2000,Aid/Cooperation,32559,3.051,5.529
FR,2000,Conflict/Migration,4827,-9.709,4.048
FR,2000,Disapproval/Sanction,7841,-3.006,5.053
FR,2000,Other,37443,1.335,5.086
FR,2000,Protest,966,-5.164,5.118
FR,2001,Aid/Cooperation,33379,3.047,5.475
FR,2001,Conflict/Migration,4267,-9.819,3.925
FR,2001,Disapproval/Sanction,7476,-2.952,4.89
FR,2001,Other,37045,1.273,4.968
FR,2001,Protest,1014,-5.382,4.584
FR,2002,Aid/Cooperation,28651,3.023,5.578
FR,2002,Conflict/Migration,4382,-9.831,3.909
FR,2002,Disapproval/Sanction,7316,-2.986,5.026
FR,2002,Other,33010,1.141,5.049
FR,2002,Protest,1033,-5.386,4.614
FR,2003,Aid/Cooperation,45025,3.117,5.775
FR,2003,Conflict/Migration,5457,-9.855,4.295
FR,2003,Disapproval/Sanction,13082,-3.181,5.571
FR,2003,Other,51143,1.463,5.462
FR,2003,Protest,1866,-5.335,5.317
FR,2004,Aid/Cooperation,35723,3.048,5.61
FR,2004,Conflict/Migration,5875,-9.771,4.316
FR,2004,Disapproval/Sanction,8940,-3.018,5.074
FR,2004,Other,42908,1.397,5.274
FR,2004,Protest,1233,-5.427,4.807
FR,2005,Aid/Cooperation,23090,3.112,5.543
FR,2005,Conflict/Migration,3880,-9.777,4.081
FR,2005,Disapproval/Sanction,7350,-3.173,5.163
FR,2005,Other,30809,1.409,5.223
FR,2005,Protest,1021,-5.11,4.929
FR,2006,Aid/Cooperation,34711,3.124,5.664
FR,2006,Conflict/Migration,6662,-9.812,4.493
FR,2006,Disapproval/Sanction,11281,-2.996,5.197
FR,2006,Other,49057,1.305,5.3
FR,2006,Protest,1514,-5.171,5.022
FR,2007,Aid/Cooperation,71350,3.079,5.837
FR,2007,Conflict/Migration,12051,-9.781,4.42
FR,2007,Disapproval/Sanction,22227,-2.961,5.335
FR,2007,Other,95481,1.496,5.467
FR,2007,Protest,3152,-5.227,5.193
FR,2008,Aid/Cooperation,99845,3.146,5.564
FR,2008,Conflict/Migration,17164,-9.805,4.16
FR,2008,Disapproval/Sanction,28093,-2.931,4.826
FR,2008,Other,127853,1.679,5.133
FR,2008,Protest,3766,-5.205,4.841
FR,2009,Aid/Cooperation,135718,3.131,5.551
FR,2009,Conflict/Migration,23190,-9.792,4.077
FR,2009,Disapproval/Sanction,39997,-2.882,4.861
FR,2009,Other,183229,1.499,5.057
FR,2009,Protest,5173,-5.158,4.805
FR,2010,Aid/Cooperation,111549,3.103,5.762
FR,2010,Conflict/Migration,19210,-9.783,4.245
FR,2010,Disapproval/Sanction,33985,-2.84,4.761
FR,2010,Other,154223,1.408,5.152
FR,2010,Protest,5706,-5.247,4.582
FR,2011,Aid/Cooperation,163773,2.995,5.86
FR,2011,Conflict/Migration,35565,-9.712,4.488
FR,2011,Disapproval/Sanction,51618,-2.889,5.157
FR,2011,Other,218491,1.572,5.431
FR,2011,Protest,6953,-5.152,5.043
FR,2012,Aid/Cooperation,164924,3.062,5.424
FR,2012,Conflict/Migration,41039,-9.824,3.952
FR,2012,Disapproval/Sanction,50881,-2.879,4.77
FR,2012,Other,219970,1.579,4.931
FR,2012,Protest,6965,-5.058,4.674
FR,2013,Aid/Cooperation,192798,3.064,2.562
FR,2013,Conflict/Migration,52351,-9.801,1.652
FR,2013,Disapproval/Sanction,62046,-2.872,2.041
FR,2013,Other,259819,1.483,2.182
FR,2013,Protest,9337,-5.244,1.878
FR,2014,Aid/Cooperation,251446,3.048,2.597
FR,2014,Conflict/Migration,61557,-9.822,1.686
FR,2014,Disapproval/Sanction,68711,-2.883,2.118
FR,2014,Other,313681,1.485,2.231
FR,2014,Protest,11371,-5.252,1.909
FR,2015,Aid/Cooperation,432987,3.076,-0.713
FR,2015,Conflict/Migration,126251,-9.859,-3.249
FR,2015,Disapproval/Sanction,120966,-2.806,-2.394
FR,2015,Other,527370,1.539,-1.706
FR,2015,Protest,23532,-5.548,-3.198
FR,2016,Aid/Cooperation,375418,3.15,-0.965
FR,2016,Conflict/Migration,101744,-9.849,-4.862
FR,2016,Disapproval/Sanction,108141,-2.883,-3.303
FR,2016,Other,481526,1.39,-2.441
FR,2016,Protest,20661,-5.47,-4.51
FR,2017,Aid/Cooperation,322391,3.103,-0.573
FR,2017,Conflict/Migration,67823,-9.824,-4.373
FR,2017,Disapproval/Sanction,93925,-2.872,-2.529
FR,2017,Other,412987,1.819,-1.727
FR,2017,Protest,14401,-5.233,-3.292
FR,2018,Aid/Cooperation,294446,3.112,-0.709
FR,2018,Conflict/Migration,62010,-9.81,-4.512
FR,2018,Disapproval/Sanction,82594,-2.855,-2.988
FR,2018,Other,362651,1.573,-2.046
FR,2018,Protest,13896,-5.254,-3.73
FR,2019,Aid/Cooperation,292198,3.109,-0.693
FR,2019,Conflict/Migration,49693,-9.816,-4.031
FR,2019,Disapproval/Sanction,78937,-2.889,-2.8
FR,2019,Other,351228,1.491,-1.96
FR,2019,Protest,11462,-5.183,-3.483
FR,2020,Aid/Cooperation,195627,3.076,-1.444
FR,2020,Conflict/Migration,36872,-9.835,-4.463
FR,2020,Disapproval/Sanction,58517,-2.888,-3.435
FR,2020,Other,266864,1.449,-2.533
FR,2020,Protest,10045,-5.038,-3.94
FR,2021,Aid/Cooperation,187608,3.143,-0.688
FR,2021,Conflict/Migration,33376,-9.831,-3.948
FR,2021,Disapproval/Sanction,52437,-2.888,-2.825
FR,2021,Other,239161,1.542,-1.887
FR,2021,Protest,8125,-5.1,-3.415
FR,2022,Aid/Cooperation,168713,3.067,-0.448
FR,2022,Conflict/Migration,24903,-9.826,-3.973
FR,2022,Disapproval/Sanction,42253,-2.878,-2.737
FR,2022,Other,192151,1.71,-1.752
FR,2022,Protest,6202,-5.139,-3.465
FR,2023,Aid/Cooperation,226494,2.996,-0.178
FR,2023,Conflict/Migration,36649,-9.804,-4.234
FR,2023,Disapproval/Sanction,57124,-2.88,-2.742
FR,2023,Other,258985,1.405,-1.786
FR,2023,Protest,8521,-5.295,-3.712
FR,2024,Aid/Cooperation,218647,3.047,-0.123
FR,2024,Conflict/Migration,34837,-9.751,-3.91
FR,2024,Disapproval/Sanction,57066,-2.873,-2.544
FR,2024,Other,255545,1.609,-1.658
FR,2024,Protest,8234,-5.09,-3.426
GB,1996,Aid/Cooperation,744,3,4.994
GB,1996,Conflict/Migration,18,-9.889,3.725
GB,1996,Disapproval/Sanction,95,-2.895,5.065
GB,1996,Other,506,2.119,4.611
GB,1996,Protest,4,-4.4,5.166
GB,1997,Aid/Cooperation,2334,3.242,5.159
GB,1997,Conflict/Migration,226,-9.914,4.346
GB,1997,Disapproval/Sanction,252,-3.437,5.229
GB,1997,Other,1616,2.488,5.093
GB,1997,Protest,17,-5.471,5.069
GB,1998,Aid/Cooperation,892,2.891,5.279
GB,1998,Conflict/Migration,47,-9.809,4.523
GB,1998,Disapproval/Sanction,119,-2.622,5.341
GB,1998,Other,521,1.299,5.225
GB,1998,Protest,14,-4.7,4.878
GB,1999,Aid/Cooperation,734,3.065,5.446
GB,1999,Conflict/Migration,47,-9.851,3.893
GB,1999,Disapproval/Sanction,86,-3.151,5.462
GB,1999,Other,524,1.738,5.667
GB,1999,Protest,13,-5.6,4.419
GB,2000,Aid/Cooperation,689,2.922,5.534
GB,2000,Conflict/Migration,47,-9.809,4.583
GB,2000,Disapproval/Sanction,120,-3.425,5.015
GB,2000,Other,444,1.733,5.93
GB,2000,Protest,12,-5.183,6.066
GB,2001,Aid/Cooperation,1847,3.142,5.517
GB,2001,Conflict/Migration,91,-9.819,4.846
GB,2001,Disapproval/Sanction,187,-3.139,4.668
GB,2001,Other,1044,1.277,5.136
GB,2001,Protest,19,-5.326,4.197
GB,2002,Aid/Cooperation,877,3.025,5.592
GB,2002,Conflict/Migration,38,-9.776,4.006
GB,2002,Disapproval/Sanction,100,-3.1,5.242
GB,2002,Other,630,2.506,5.479
GB,2002,Protest,13,-4.8,5.416
GB,2003,Aid/Cooperation,1272,2.847,5.964
GB,2003,Conflict/Migration,37,-9.784,4.6
GB,2003,Disapproval/Sanction,94,-3.064,5.027
GB,2003,Other,648,1.939,5.261
GB,2003,Protest,9,-5.578,6.316
GB,2004,Aid/Cooperation,947,3.089,5.73
GB,2004,Conflict/Migration,46,-9.88,4.124
GB,2004,Disapproval/Sanction,60,-3.183,5.253
GB,2004,Other,639,2.19,5.364
GB,2004,Protest,27,-5.111,3.576
GB,2005,Aid/Cooperation,812,2.891,5.443
GB,2005,Conflict/Migration,23,-9.717,3.858
GB,2005,Disapproval/Sanction,96,-2.646,4.78
GB,2005,Other,673,1.79,6.009
GB,2005,Protest,8,-4.575,4.228
GB,2006,Aid/Cooperation,642,3.062,6.561
GB,2006,Conflict/Migration,41,-9.854,4.657
GB,2006,Disapproval/Sanction,84,-3.155,5.865
GB,2006,Other,593,1.877,5.527
GB,2006,Protest,12,-4.617,4.16
GB,2007,Aid/Cooperation,602,3.455,5.884
GB,2007,Conflict/Migration,29,-9.793,3.39
GB,2007,Disapproval/Sanction,106,-2.462,4.409
GB,2007,Other,513,1.5,5.299
GB,2007,Protest,16,-5.05,4.729
GB,2008,Aid/Cooperation,898,3.129,4.987
GB,2008,Conflict/Migration,71,-9.838,3.275
GB,2008,Disapproval/Sanction,164,-2.36,4.613
GB,2008,Other,775,1.456,4.522
GB,2008,Protest,20,-4.54,4.502
GB,2009,Aid/Cooperation,3061,2.825,5.009
GB,2009,Conflict/Migration,646,-9.8,4.41
GB,2009,Disapproval/Sanction,1059,-2.685,4.544
GB,2009,Other,5281,0.791,4.549
GB,2009,Protest,115,-5.12,4.487
GB,2010,Aid/Cooperation,1458,3.406,6.257
GB,2010,Conflict/Migration,74,-9.939,4.919
GB,2010,Disapproval/Sanction,198,-2.581,7.908
GB,2010,Other,1189,2.055,5.585
GB,2010,Protest,23,-4.696,5.119
GB,2011,Aid/Cooperation,1992,3.213,6.639
GB,2011,Conflict/Migration,93,-9.86,4.62
GB,2011,Disapproval/Sanction,376,-2.846,5.297
GB,2011,Other,2013,1.875,5.829
GB,2011,Protest,30,-5.213,5.726
GB,2012,Aid/Cooperation,1667,3.492,5.701
GB,2012,Conflict/Migration,220,-9.859,4.681
GB,2012,Disapproval/Sanction,324,-3,4.765
GB,2012,Other,1649,1.959,4.903
GB,2012,Protest,52,-4.854,5.255
GB,2013,Aid/Cooperation,2363,3.99,2.742
GB,2013,Conflict/Migration,310,-9.884,2.031
GB,2013,Disapproval/Sanction,409,-2.922,2.185
GB,2013,Other,2161,2.04,2.572
GB,2013,Protest,69,-4.762,2.203
GB,2014,Aid/Cooperation,2024,3.507,2.861
GB,2014,Conflict/Migration,162,-9.895,1.778
GB,2014,Disapproval/Sanction,191,-3.168,2.222
GB,2014,Other,1907,2.023,2.418
GB,2014,Protest,50,-4.452,2.765
GB,2015,Aid/Cooperation,2796,3.296,0.701
GB,2015,Conflict/Migration,224,-9.85,-3.074
GB,2015,Disapproval/Sanction,484,-2.899,-2.276
GB,2015,Other,2722,1.875,-0.666
GB,2015,Protest,98,-4.955,-3.562
GB,2016,Aid/Cooperation,4440,3.122,-1.013
GB,2016,Conflict/Migration,980,-9.732,-4.968
GB,2016,Disapproval/Sanction,2094,-2.886,-4.259
GB,2016,Other,7309,0.875,-3.201
GB,2016,Protest,188,-5.132,-4
GB,2017,Aid/Cooperation,2549,3.093,-0.394
GB,2017,Conflict/Migration,490,-9.833,-4.351
GB,2017,Disapproval/Sanction,623,-2.657,-2.785
GB,2017,Other,3090,1.66,-1.679
GB,2017,Protest,79,-5.552,-2.525
GB,2018,Aid/Cooperation,2907,3.434,-0.279
GB,2018,Conflict/Migration,253,-9.848,-3.435
GB,2018,Disapproval/Sanction,512,-2.848,-3.083
GB,2018,Other,3419,1.824,-1.856
GB,2018,Protest,83,-5.024,-2.18
GB,2019,Aid/Cooperation,2885,3.236,-0.869
GB,2019,Conflict/Migration,504,-9.775,-4.073
GB,2019,Disapproval/Sanction,695,-2.774,-2.907
GB,2019,Other,3590,0.991,-2.236
GB,2019,Protest,88,-5.245,-2.627
GB,2020,Aid/Cooperation,1371,3.508,-0.068
GB,2020,Conflict/Migration,191,-9.694,-4.496
GB,2020,Disapproval/Sanction,259,-3.008,-2.133
GB,2020,Other,1676,1.457,-1.39
GB,2020,Protest,42,-4.524,-2.285
GB,2021,Aid/Cooperation,1491,3.352,0.484
GB,2021,Conflict/Migration,234,-9.81,-3.787
GB,2021,Disapproval/Sanction,253,-2.826,-2.243
GB,2021,Other,1497,2.263,-1.267
GB,2021,Protest,51,-4.839,-2.545
GB,2022,Aid/Cooperation,2419,3.434,1.638
GB,2022,Conflict/Migration,108,-9.81,-1.923
GB,2022,Disapproval/Sanction,258,-3.031,-2.638
GB,2022,Other,1987,2.477,-0.041
GB,2022,Protest,41,-4.722,-1.705
GB,2023,Aid/Cooperation,4480,3.138,-0.371
GB,2023,Conflict/Migration,343,-9.783,-3.227
GB,2023,Disapproval/Sanction,1387,-2.731,-3.08
GB,2023,Other,5632,1.463,-1.987
GB,2023,Protest,144,-4.85,-2.523
GB,2024,Aid/Cooperation,1818,3.214,1.349
GB,2024,Conflict/Migration,102,-9.632,-3.171
GB,2024,Disapproval/Sanction,325,-3.175,-2.436
GB,2024,Other,1901,1.823,-0.512
GB,2024,Protest,35,-5.097,-2.813
GH,1996,Aid/Cooperation,1470,2.863,5.716
GH,1996,Conflict/Migration,164,-9.854,4.561
GH,1996,Disapproval/Sanction,370,-3.281,5.597
GH,1996,Other,1389,2.023,5.612
GH,1996,Protest,20,-4.93,6.324
GH,1997,Aid/Cooperation,1382,3.321,5.607
GH,1997,Conflict/Migration,126,-9.873,3.731
GH,1997,Disapproval/Sanction,179,-3.179,5.057
GH,1997,Other,1283,1.832,5.701
GH,1997,Protest,30,-4.9,4.17
GH,1998,Aid/Cooperation,2647,3.014,6.107
GH,1998,Conflict/Migration,188,-9.918,3.887
GH,1998,Disapproval/Sanction,389,-3.162,5.602
GH,1998,Other,2251,1.625,5.733
GH,1998,Protest,52,-4.888,5.023
GH,1999,Aid/Cooperation,3084,2.92,6.572
GH,1999,Conflict/Migration,305,-9.785,4.823
GH,1999,Disapproval/Sanction,640,-3.016,5.925
GH,1999,Other,3436,1.709,6.486
GH,1999,Protest,82,-4.868,6.126
GH,2000,Aid/Cooperation,3660,2.963,6.21
GH,2000,Conflict/Migration,487,-9.727,5.059
GH,2000,Disapproval/Sanction,1056,-2.897,6.122
GH,2000,Other,4652,1.734,6.296
GH,2000,Protest,131,-4.711,6.028
GH,2001,Aid/Cooperation,5038,2.843,6.576
GH,2001,Conflict/Migration,498,-9.753,4.914
GH,2001,Disapproval/Sanction,1398,-3.042,5.913
GH,2001,Other,7656,1.863,6.379
GH,2001,Protest,211,-4.793,6.115
GH,2002,Aid/Cooperation,6516,2.904,6.477
GH,2002,Conflict/Migration,792,-9.78,4.558
GH,2002,Disapproval/Sanction,1649,-2.984,5.725
GH,2002,Other,9513,1.867,6.354
GH,2002,Protest,265,-4.765,6.007
GH,2003,Aid/Cooperation,10340,3.146,6.568
GH,2003,Conflict/Migration,922,-9.76,4.963
GH,2003,Disapproval/Sanction,2610,-3.089,6.04
GH,2003,Other,14052,1.826,6.457
GH,2003,Protest,334,-4.924,6.253
GH,2004,Aid/Cooperation,7641,3.081,6.783
GH,2004,Conflict/Migration,655,-9.756,5.324
GH,2004,Disapproval/Sanction,2180,-2.922,6.232
GH,2004,Other,11051,1.818,6.714
GH,2004,Protest,261,-4.777,6.458
GH,2005,Aid/Cooperation,5580,2.97,6.44
GH,2005,Conflict/Migration,478,-9.753,5.221
GH,2005,Disapproval/Sanction,1754,-3.01,5.961
GH,2005,Other,8034,1.783,6.407
GH,2005,Protest,232,-4.795,6.012
GH,2006,Aid/Cooperation,7426,3.042,7.006
GH,2006,Conflict/Migration,692,-9.8,5.707
GH,2006,Disapproval/Sanction,2399,-3.046,6.148
GH,2006,Other,12032,1.759,6.744
GH,2006,Protest,361,-4.722,6.776
GH,2007,Aid/Cooperation,7475,2.942,6.477
GH,2007,Conflict/Migration,723,-9.823,4.899
GH,2007,Disapproval/Sanction,1741,-3,6.006
GH,2007,Other,10506,1.696,6.387
GH,2007,Protest,216,-4.903,6.366
GH,2008,Aid/Cooperation,9670,2.929,6.707
GH,2008,Conflict/Migration,1097,-9.773,5.228
GH,2008,Disapproval/Sanction,3154,-2.987,6.079
GH,2008,Other,15124,1.664,6.415
GH,2008,Protest,406,-4.881,6.213
GH,2009,Aid/Cooperation,42646,2.969,6.972
GH,2009,Conflict/Migration,4787,-9.768,4.905
GH,2009,Disapproval/Sanction,12517,-3.018,6.252
GH,2009,Other,73081,1.628,6.77
GH,2009,Protest,2021,-4.792,6.443
GH,2010,Aid/Cooperation,35422,3.012,7.101
GH,2010,Conflict/Migration,4704,-9.759,4.657
GH,2010,Disapproval/Sanction,11722,-2.934,6.249
GH,2010,Other,64250,1.535,6.711
GH,2010,Protest,1745,-4.831,6.27
GH,2011,Aid/Cooperation,46569,3.03,7.25
GH,2011,Conflict/Migration,5539,-9.751,4.926
GH,2011,Disapproval/Sanction,16745,-2.851,6.41
GH,2011,Other,84553,1.533,6.838
GH,2011,Protest,2450,-4.816,6.471
GH,2012,Aid/Cooperation,49819,2.981,6.872
GH,2012,Conflict/Migration,5391,-9.802,4.447
GH,2012,Disapproval/Sanction,16840,-3.028,5.963
GH,2012,Other,90041,1.594,6.48
GH,2012,Protest,2228,-4.838,6.272
GH,2013,Aid/Cooperation,43106,2.976,3.586
GH,2013,Conflict/Migration,4902,-9.808,2.399
GH,2013,Disapproval/Sanction,14879,-2.939,3.013
GH,2013,Other,73470,1.626,3.232
GH,2013,Protest,1981,-4.883,2.941
GH,2014,Aid/Cooperation,60667,2.989,3.412
GH,2014,Conflict/Migration,6600,-9.77,2.34
GH,2014,Disapproval/Sanction,18730,-2.958,2.913
GH,2014,Other,97966,1.593,3.078
GH,2014,Protest,2519,-4.86,2.781
GH,2015,Aid/Cooperation,90119,2.958,0.49
GH,2015,Conflict/Migration,10951,-9.775,-3.484
GH,2015,Disapproval/Sanction,31074,-2.903,-1.564
GH,2015,Other,144007,1.508,-0.678
GH,2015,Protest,3757,-4.798,-2.262
GH,2016,Aid/Cooperation,109189,2.965,0.316
GH,2016,Conflict/Migration,14696,-9.788,-3.898
GH,2016,Disapproval/Sanction,40810,-2.924,-1.851
GH,2016,Other,181440,1.603,-0.806
GH,2016,Protest,5668,-4.894,-2.367
GH,2017,Aid/Cooperation,113658,2.991,0.574
GH,2017,Conflict/Migration,13977,-9.78,-4.192
GH,2017,Disapproval/Sanction,37003,-2.917,-2.055
GH,2017,Other,182956,1.73,-0.707
GH,2017,Protest,5000,-4.867,-2.557
GH,2018,Aid/Cooperation,117354,3.066,0.684
GH,2018,Conflict/Migration,13301,-9.751,-4.034
GH,2018,Disapproval/Sanction,36452,-2.881,-1.875
GH,2018,Other,177508,1.669,-0.728
GH,2018,Protest,4770,-4.872,-2.613
GH,2019,Aid/Cooperation,107313,3.091,0.687
GH,2019,Conflict/Migration,14047,-9.729,-4.242
GH,2019,Disapproval/Sanction,34013,-2.921,-2.153
GH,2019,Other,168917,1.65,-0.821
GH,2019,Protest,4526,-4.825,-2.919
GH,2020,Aid/Cooperation,82025,3.026,0.08
GH,2020,Conflict/Migration,10975,-9.798,-3.837
GH,2020,Disapproval/Sanction,29032,-2.966,-2.068
GH,2020,Other,139019,1.593,-1.071
GH,2020,Protest,4367,-4.741,-2.475
GH,2021,Aid/Cooperation,86205,3.006,0.369
GH,2021,Conflict/Migration,12271,-9.812,-4.38
GH,2021,Disapproval/Sanction,30069,-3.005,-2.047
GH,2021,Other,142678,1.604,-0.995
GH,2021,Protest,4151,-4.809,-2.799
GH,2022,Aid/Cooperation,65860,3.037,0.656
GH,2022,Conflict/Migration,6300,-9.816,-4.265
GH,2022,Disapproval/Sanction,19114,-2.89,-1.986
GH,2022,Other,100961,1.727,-0.727
GH,2022,Protest,2825,-4.855,-2.606
GH,2023,Aid/Cooperation,84742,3.037,1.304
GH,2023,Conflict/Migration,7379,-9.81,-3.81
GH,2023,Disapproval/Sanction,24731,-2.865,-1.615
GH,2023,Other,122993,1.847,-0.294
GH,2023,Protest,3071,-4.765,-2.387
GH,2024,Aid/Cooperation,103150,3.038,1.803
GH,2024,Conflict/Migration,9569,-9.806,-3.704
GH,2024,Disapproval/Sanction,34556,-2.856,-2.004
GH,2024,Other,159831,1.713,-0.117
GH,2024,Protest,5046,-4.713,-2.603
GR,1996,Aid/Cooperation,6970,3.19,5.389
GR,1996,Conflict/Migration,899,-9.878,3.673
GR,1996,Disapproval/Sanction,1632,-3.044,4.668
GR,1996,Other,6575,1.435,4.955
GR,1996,Protest,193,-5.136,4.662
GR,1997,Aid/Cooperation,11710,3.415,5.284
GR,1997,Conflict/Migration,746,-9.827,3.214
GR,1997,Disapproval/Sanction,1968,-3.141,5.029
GR,1997,Other,9178,1.616,4.816
GR,1997,Protest,322,-5.414,4.422
GR,1998,Aid/Cooperation,13263,3.277,5.03
GR,1998,Conflict/Migration,1076,-9.842,3.302
GR,1998,Disapproval/Sanction,2786,-3.014,4.673
GR,1998,Other,11744,1.703,4.699
GR,1998,Protest,355,-5.226,4.406
GR,1999,Aid/Cooperation,16832,3.067,5.584
GR,1999,Conflict/Migration,1752,-9.772,4.31
GR,1999,Disapproval/Sanction,3656,-3.134,5.343
GR,1999,Other,16100,1.601,5.329
GR,1999,Protest,363,-5.084,4.98
GR,2000,Aid/Cooperation,11368,3.282,5.73
GR,2000,Conflict/Migration,1619,-9.841,3.76
GR,2000,Disapproval/Sanction,2360,-2.994,5.158
GR,2000,Other,10368,1.635,5.23
GR,2000,Protest,216,-5.153,5.115
GR,2001,Aid/Cooperation,10037,3.058,5.468
GR,2001,Conflict/Migration,1072,-9.858,3.725
GR,2001,Disapproval/Sanction,1815,-3.028,5.025
GR,2001,Other,9485,1.375,4.85
GR,2001,Protest,237,-5.173,4.81
GR,2002,Aid/Cooperation,7057,3.26,5.529
GR,2002,Conflict/Migration,919,-9.847,3.433
GR,2002,Disapproval/Sanction,1550,-3.074,4.948
GR,2002,Other,7273,1.245,4.957
GR,2002,Protest,193,-5.18,4.927
GR,2003,Aid/Cooperation,10647,3.197,5.565
GR,2003,Conflict/Migration,1042,-9.858,4.065
GR,2003,Disapproval/Sanction,2068,-3.107,4.836
GR,2003,Other,10859,1.108,4.972
GR,2003,Protest,258,-5.267,5.193
GR,2004,Aid/Cooperation,5940,3.284,5.73
GR,2004,Conflict/Migration,530,-9.814,3.932
GR,2004,Disapproval/Sanction,1495,-3.217,5.821
GR,2004,Other,6189,1.341,5.382
GR,2004,Protest,152,-5.128,5.489
GR,2005,Aid/Cooperation,3509,3.32,5.557
GR,2005,Conflict/Migration,564,-9.795,3.278
GR,2005,Disapproval/Sanction,1019,-3.137,4.781
GR,2005,Other,4657,0.624,4.465
GR,2005,Protest,133,-5.098,3.681
GR,2006,Aid/Cooperation,6302,3.091,5.45
GR,2006,Conflict/Migration,1003,-9.807,3.473
GR,2006,Disapproval/Sanction,1365,-3.013,4.874
GR,2006,Other,6677,0.919,4.785
GR,2006,Protest,171,-5.281,4.331
GR,2007,Aid/Cooperation,10348,3.185,5.494
GR,2007,Conflict/Migration,2609,-9.873,3.494
GR,2007,Disapproval/Sanction,3212,-2.915,4.732
GR,2007,Other,14275,0.915,4.903
GR,2007,Protest,335,-5.28,4.855
GR,2008,Aid/Cooperation,14337,3.117,5.526
GR,2008,Conflict/Migration,4563,-9.843,3.524
GR,2008,Disapproval/Sanction,4835,-3.037,4.947
GR,2008,Other,21197,0.542,4.812
GR,2008,Protest,858,-5.458,4.608
GR,2009,Aid/Cooperation,26414,3.082,5.715
GR,2009,Conflict/Migration,6734,-9.83,3.466
GR,2009,Disapproval/Sanction,6189,-3.022,4.955
GR,2009,Other,33692,1.286,5.118
GR,2009,Protest,873,-5.296,4.275
GR,2010,Aid/Cooperation,35408,3.077,5.761
GR,2010,Conflict/Migration,6527,-9.815,3.773
GR,2010,Disapproval/Sanction,8893,-3.08,5.038
GR,2010,Other,54654,1.746,5.246
GR,2010,Protest,1880,-5.27,4.592
GR,2011,Aid/Cooperation,55541,3.063,5.694
GR,2011,Conflict/Migration,7886,-9.816,4.374
GR,2011,Disapproval/Sanction,16612,-3.255,5.379
GR,2011,Other,88987,1.909,5.479
GR,2011,Protest,3596,-4.925,5.206
GR,2012,Aid/Cooperation,61591,3.231,5.651
GR,2012,Conflict/Migration,8727,-9.808,4.227
GR,2012,Disapproval/Sanction,19307,-3.206,5.261
GR,2012,Other,101110,1.918,5.298
GR,2012,Protest,3604,-4.869,5.16
GR,2013,Aid/Cooperation,41966,3.103,2.731
GR,2013,Conflict/Migration,7878,-9.743,2.061
GR,2013,Disapproval/Sanction,12032,-3.003,2.446
GR,2013,Other,63453,1.408,2.414
GR,2013,Protest,1616,-5.109,2.385
GR,2014,Aid/Cooperation,57792,2.93,2.701
GR,2014,Conflict/Migration,10029,-9.751,1.872
GR,2014,Disapproval/Sanction,14149,-2.98,2.337
GR,2014,Other,75155,1.477,2.321
GR,2014,Protest,1739,-4.967,2.157
GR,2015,Aid/Cooperation,173593,3.011,-1.577
GR,2015,Conflict/Migration,21978,-9.77,-3.651
GR,2015,Disapproval/Sanction,50841,-3.198,-2.48
GR,2015,Other,240501,2.144,-2.023
GR,2015,Protest,8854,-4.909,-2.686
GR,2016,Aid/Cooperation,141203,2.828,-2.111
GR,2016,Conflict/Migration,19572,-9.741,-4.946
GR,2016,Disapproval/Sanction,31134,-3.027,-3.751
GR,2016,Other,170069,1.687,-3.093
GR,2016,Protest,4984,-4.955,-4.497
GR,2017,Aid/Cooperation,83945,2.896,-0.657
GR,2017,Conflict/Migration,12829,-9.76,-4.584
GR,2017,Disapproval/Sanction,19835,-3.014,-3.009
GR,2017,Other,102413,1.575,-2.149
GR,2017,Protest,2528,-4.975,-3.755
GR,2018,Aid/Cooperation,80341,2.997,-0.471
GR,2018,Conflict/Migration,12883,-9.758,-4.711
GR,2018,Disapproval/Sanction,22311,-3.033,-3.119
GR,2018,Other,102146,1.521,-2.178
GR,2018,Protest,2720,-5.099,-3.692
GR,2019,Aid/Cooperation,76376,3.008,-0.216
GR,2019,Conflict/Migration,12325,-9.763,-4.957
GR,2019,Disapproval/Sanction,17578,-2.94,-2.683
GR,2019,Other,88250,1.535,-1.899
GR,2019,Protest,2173,-4.968,-3.398
GR,2020,Aid/Cooperation,70493,3.111,-1.431
GR,2020,Conflict/Migration,11838,-9.762,-5.19
GR,2020,Disapproval/Sanction,17161,-2.916,-3.322
GR,2020,Other,86160,1.373,-2.575
GR,2020,Protest,2663,-4.958,-3.927
GR,2021,Aid/Cooperation,64465,2.998,-0.183
GR,2021,Conflict/Migration,10847,-9.809,-4.215
GR,2021,Disapproval/Sanction,13055,-2.954,-2.824
GR,2021,Other,71231,1.628,-1.676
GR,2021,Protest,1580,-4.883,-3.296
GR,2022,Aid/Cooperation,51337,2.933,0.19
GR,2022,Conflict/Migration,8343,-9.794,-4.479
GR,2022,Disapproval/Sanction,11488,-2.834,-3.008
GR,2022,Other,55572,1.608,-1.563
GR,2022,Protest,1595,-4.977,-3.642
GR,2023,Aid/Cooperation,64662,2.859,0.065
GR,2023,Conflict/Migration,10476,-9.826,-4.255
GR,2023,Disapproval/Sanction,13570,-2.89,-2.831
GR,2023,Other,71923,1.621,-1.707
GR,2023,Protest,1900,-5.005,-3.457
GR,2024,Aid/Cooperation,59524,2.926,0.451
GR,2024,Conflict/Migration,10584,-9.845,-4.27
GR,2024,Disapproval/Sanction,12431,-2.901,-2.5
GR,2024,Other,65510,1.573,-1.278
GR,2024,Protest,1823,-4.896,-3
GT,1996,Aid/Cooperation,2483,4.031,6.778
GT,1996,Conflict/Migration,303,-9.757,5.238
GT,1996,Disapproval/Sanction,410,-2.932,6.109
GT,1996,Other,2065,1.849,6.47
GT,1996,Protest,67,-5.158,6.939
GT,1997,Aid/Cooperation,1310,3.458,6.342
GT,1997,Conflict/Migration,177,-9.681,4.22
GT,1997,Disapproval/Sanction,337,-3.205,5.982
GT,1997,Other,1503,1.814,5.985
GT,1997,Protest,27,-5.326,5.371
GT,1998,Aid/Cooperation,1538,3.004,5.354
GT,1998,Conflict/Migration,539,-9.702,4.149
GT,1998,Disapproval/Sanction,419,-2.78,4.542
GT,1998,Other,1655,0.978,4.572
GT,1998,Protest,44,-5.436,5.124
GT,1999,Aid/Cooperation,1334,3.275,5.95
GT,1999,Conflict/Migration,319,-9.691,4.315
GT,1999,Disapproval/Sanction,457,-2.543,5.236
GT,1999,Other,1597,1.329,5.279
GT,1999,Protest,33,-5.212,3.529
GT,2000,Aid/Cooperation,1710,3.244,5.479
GT,2000,Conflict/Migration,502,-9.711,4.126
GT,2000,Disapproval/Sanction,580,-2.802,4.994
GT,2000,Other,2457,1.174,4.998
GT,2000,Protest,60,-5.66,4.733
GT,2001,Aid/Cooperation,1075,2.573,5.25
GT,2001,Conflict/Migration,442,-9.764,3.506
GT,2001,Disapproval/Sanction,408,-2.694,4.171
GT,2001,Other,1329,1.145,4.597
GT,2001,Protest,46,-5.213,4.436
GT,2002,Aid/Cooperation,797,3.099,5.957
GT,2002,Conflict/Migration,315,-9.792,4.395
GT,2002,Disapproval/Sanction,252,-2.472,4.842
GT,2002,Other,1182,1.046,5.152
GT,2002,Protest,23,-4.974,5.081
GT,2003,Aid/Cooperation,1266,2.889,5.97
GT,2003,Conflict/Migration,458,-9.823,4.62
GT,2003,Disapproval/Sanction,597,-2.889,5.743
GT,2003,Other,1743,0.38,5.425
GT,2003,Protest,60,-4.53,5.562
GT,2004,Aid/Cooperation,1089,3.096,6.25
GT,2004,Conflict/Migration,261,-9.824,3.901
GT,2004,Disapproval/Sanction,225,-2.849,5.518
GT,2004,Other,1143,1.334,5.721
GT,2004,Protest,20,-5.32,5.443
GT,2005,Aid/Cooperation,616,3.356,5.765
GT,2005,Conflict/Migration,347,-9.859,3.234
GT,2005,Disapproval/Sanction,140,-2.793,4.562
GT,2005,Other,1070,1.608,4.817
GT,2005,Protest,16,-6.275,4.001
GT,2006,Aid/Cooperation,875,3.073,5.162
GT,2006,Conflict/Migration,406,-9.852,4.121
GT,2006,Disapproval/Sanction,267,-2.925,4.92
GT,2006,Other,1102,1.878,5.198
GT,2006,Protest,27,-5.652,4.22
GT,2007,Aid/Cooperation,2674,3.081,5.616
GT,2007,Conflict/Migration,865,-9.856,4.458
GT,2007,Disapproval/Sanction,490,-2.784,5.01
GT,2007,Other,3141,1.351,5.061
GT,2007,Protest,58,-5.166,6.364
GT,2008,Aid/Cooperation,2104,3.237,5.324
GT,2008,Conflict/Migration,740,-9.769,3.747
GT,2008,Disapproval/Sanction,463,-2.922,4.565
GT,2008,Other,3529,1.455,4.254
GT,2008,Protest,38,-5.395,5.905
GT,2009,Aid/Cooperation,4669,3.368,5.29
GT,2009,Conflict/Migration,1693,-9.9,3.555
GT,2009,Disapproval/Sanction,1176,-2.687,4.382
GT,2009,Other,8010,0.96,3.758
GT,2009,Protest,168,-5.292,4.648
GT,2010,Aid/Cooperation,3515,3.134,5.568
GT,2010,Conflict/Migration,1385,-9.858,3.542
GT,2010,Disapproval/Sanction,1181,-2.647,4.429
GT,2010,Other,5558,0.992,4.776
GT,2010,Protest,124,-5.076,3.683
GT,2011,Aid/Cooperation,4805,2.967,6.138
GT,2011,Conflict/Migration,1956,-9.835,3.961
GT,2011,Disapproval/Sanction,1722,-2.751,4.883
GT,2011,Other,6838,0.965,4.932
GT,2011,Protest,114,-5.281,4.951
GT,2012,Aid/Cooperation,6768,2.934,5.084
GT,2012,Conflict/Migration,2053,-9.824,3.637
GT,2012,Disapproval/Sanction,1869,-2.86,3.863
GT,2012,Other,10196,1.118,4.129
GT,2012,Protest,200,-5.26,3.942
GT,2013,Aid/Cooperation,6854,3.005,2.689
GT,2013,Conflict/Migration,2354,-9.83,1.456
GT,2013,Disapproval/Sanction,1848,-2.742,1.814
GT,2013,Other,9460,0.616,2.089
GT,2013,Protest,128,-5.131,1.876
GT,2014,Aid/Cooperation,13239,2.685,2.427
GT,2014,Conflict/Migration,2989,-9.789,1.608
GT,2014,Disapproval/Sanction,2584,-2.732,2.006
GT,2014,Other,14938,1.226,2.026
GT,2014,Protest,288,-4.885,1.815
GT,2015,Aid/Cooperation,15503,2.809,-1.109
GT,2015,Conflict/Migration,4044,-9.805,-5.186
GT,2015,Disapproval/Sanction,5299,-2.863,-4.721
GT,2015,Other,21058,0.812,-3.734
GT,2015,Protest,465,-5.049,-4.614
GT,2016,Aid/Cooperation,13671,2.802,-0.957
GT,2016,Conflict/Migration,4535,-9.787,-5.128
GT,2016,Disapproval/Sanction,3573,-2.799,-4.17
GT,2016,Other,17078,1.082,-3.092
GT,2016,Protest,353,-4.93,-3.444
GT,2017,Aid/Cooperation,14385,2.89,-1.267
GT,2017,Conflict/Migration,3827,-9.785,-4.589
GT,2017,Disapproval/Sanction,4252,-2.879,-4.56
GT,2017,Other,19347,0.912,-3.547
GT,2017,Protest,433,-5.127,-4.089
GT,2018,Aid/Cooperation,22795,2.797,-1.935
GT,2018,Conflict/Migration,4862,-9.741,-5.096
GT,2018,Disapproval/Sanction,6002,-2.868,-4.34
GT,2018,Other,28573,1.041,-3.627
GT,2018,Protest,913,-5.021,-4.142
GT,2019,Aid/Cooperation,18976,3.279,-2.234
GT,2019,Conflict/Migration,3371,-9.684,-4.786
GT,2019,Disapproval/Sanction,4401,-2.912,-4.265
GT,2019,Other,24242,1.267,-3.579
GT,2019,Protest,618,-5.01,-3.986
GT,2020,Aid/Cooperation,7919,2.89,-2.512
GT,2020,Conflict/Migration,1720,-9.709,-5.583
GT,2020,Disapproval/Sanction,2131,-2.992,-4.627
GT,2020,Other,12390,0.883,-4.13
GT,2020,Protest,293,-4.902,-5.837
GT,2021,Aid/Cooperation,13952,2.6,-2.48
GT,2021,Conflict/Migration,2288,-9.77,-5.52
GT,2021,Disapproval/Sanction,2763,-2.881,-4.715
GT,2021,Other,14410,1.41,-3.456
GT,2021,Protest,307,-4.871,-4.359
GT,2022,Aid/Cooperation,5841,2.647,-1.243
GT,2022,Conflict/Migration,1182,-9.701,-6.22
GT,2022,Disapproval/Sanction,1553,-2.708,-4.972
GT,2022,Other,6857,0.893,-3.384
GT,2022,Protest,164,-5.034,-5.11
GT,2023,Aid/Cooperation,9676,2.715,-0.853
GT,2023,Conflict/Migration,1731,-9.742,-5.25
GT,2023,Disapproval/Sanction,2901,-2.898,-4.53
GT,2023,Other,11516,0.908,-3.246
GT,2023,Protest,330,-4.954,-4.233
GT,2024,Aid/Cooperation,7235,2.773,-1.207
GT,2024,Conflict/Migration,1746,-9.658,-6.351
GT,2024,Disapproval/Sanction,2040,-2.652,-5.215
GT,2024,Other,10094,0.893,-3.767
GT,2024,Protest,234,-4.944,-4.778
GY,1996,Aid/Cooperation,237,2.978,5.752
GY,1996,Conflict/Migration,24,-9.958,4.129
GY,1996,Disapproval/Sanction,52,-2.673,5.4
GY,1996,Other,269,1.366,5.387
GY,1996,Protest,4,-6.35,4.097
GY,1997,Aid/Cooperation,280,3.579,5.532
GY,1997,Conflict/Migration,20,-9.9,3.745
GY,1997,Disapproval/Sanction,73,-3.356,5.341
GY,1997,Other,254,0.289,5.229
GY,1997,Protest,6,-4.833,6.364
GY,1998,Aid/Cooperation,375,3.475,6.713
GY,1998,Conflict/Migration,95,-9.916,3.992
GY,1998,Disapproval/Sanction,77,-2.818,5.165
GY,1998,Other,401,0.232,5.551
GY,1998,Protest,16,-5.475,4.758
GY,1999,Aid/Cooperation,239,3.436,6.711
GY,1999,Conflict/Migration,26,-9.788,4.103
GY,1999,Disapproval/Sanction,57,-2.895,4.91
GY,1999,Other,388,1.841,5.957
GY,1999,Protest,8,-5.7,4.045
GY,2000,Aid/Cooperation,540,3.466,5.684
GY,2000,Conflict/Migration,71,-9.887,4.376
GY,2000,Disapproval/Sanction,152,-2.855,5.39
GY,2000,Other,553,1.224,5.206
GY,2000,Protest,12,-4.733,5.932
GY,2001,Aid/Cooperation,297,3.468,5.515
GY,2001,Conflict/Migration,76,-9.875,4.296
GY,2001,Disapproval/Sanction,80,-2.85,5.734
GY,2001,Other,458,0.669,5.249
GY,2001,Protest,15,-5.227,5.038
GY,2002,Aid/Cooperation,382,3.171,5.657
GY,2002,Conflict/Migration,216,-9.856,3.128
GY,2002,Disapproval/Sanction,112,-2.33,4.281
GY,2002,Other,473,1.196,5.037
GY,2002,Protest,19,-4.958,4.582
GY,2003,Aid/Cooperation,793,3.045,5.463
GY,2003,Conflict/Migration,283,-9.853,2.545
GY,2003,Disapproval/Sanction,182,-2.626,5.051
GY,2003,Other,795,0.978,5.145
GY,2003,Protest,25,-4.816,4.903
GY,2004,Aid/Cooperation,700,3.266,5.269
GY,2004,Conflict/Migration,189,-9.854,3.907
GY,2004,Disapproval/Sanction,348,-3.011,5.321
GY,2004,Other,1013,1.101,4.913
GY,2004,Protest,19,-4.821,5.697
GY,2005,Aid/Cooperation,526,3.577,6.21
GY,2005,Conflict/Migration,121,-9.876,3.222
GY,2005,Disapproval/Sanction,165,-2.818,5.099
GY,2005,Other,802,1.988,5.667
GY,2005,Protest,16,-4.663,6.152
GY,2006,Aid/Cooperation,582,3.041,5.904
GY,2006,Conflict/Migration,295,-9.893,3.336
GY,2006,Disapproval/Sanction,208,-2.779,5.246
GY,2006,Other,842,0.923,5.19
GY,2006,Protest,39,-4.944,4.341
GY,2007,Aid/Cooperation,918,3.144,5.334
GY,2007,Conflict/Migration,225,-9.718,3.833
GY,2007,Disapproval/Sanction,380,-2.561,4.645
GY,2007,Other,1482,0.211,4.607
GY,2007,Protest,61,-5.341,4.667
GY,2008,Aid/Cooperation,1582,3.431,5.833
GY,2008,Conflict/Migration,736,-9.872,3.153
GY,2008,Disapproval/Sanction,580,-2.769,4.515
GY,2008,Other,2506,1.104,4.87
GY,2008,Protest,64,-5.291,4.313
GY,2009,Aid/Cooperation,3471,2.973,5.562
GY,2009,Conflict/Migration,639,-9.787,3.89
GY,2009,Disapproval/Sanction,928,-2.875,4.801
GY,2009,Other,5118,1.278,5.178
GY,2009,Protest,61,-5.046,4.702
GY,2010,Aid/Cooperation,2779,2.962,5.58
GY,2010,Conflict/Migration,601,-9.881,3.949
GY,2010,Disapproval/Sanction,700,-2.983,4.795
GY,2010,Other,3861,1.131,5.243
GY,2010,Protest,64,-5.525,4.365
GY,2011,Aid/Cooperation,2585,3.025,6.715
GY,2011,Conflict/Migration,497,-9.83,4.584
GY,2011,Disapproval/Sanction,637,-2.918,5.637
GY,2011,Other,3133,1.479,6.088
GY,2011,Protest,50,-5.128,6.196
GY,2012,Aid/Cooperation,2959,3.317,5.831
GY,2012,Conflict/Migration,768,-9.802,3.404
GY,2012,Disapproval/Sanction,843,-2.892,4.58
GY,2012,Other,4461,1.344,5.104
GY,2012,Protest,81,-5.435,5.538
GY,2013,Aid/Cooperation,5082,2.926,2.646
GY,2013,Conflict/Migration,1100,-9.852,1.792
GY,2013,Disapproval/Sanction,1448,-2.842,2.268
GY,2013,Other,6995,1.418,2.419
GY,2013,Protest,137,-4.974,2.382
GY,2014,Aid/Cooperation,6575,2.865,2.536
GY,2014,Conflict/Migration,1697,-9.785,1.63
GY,2014,Disapproval/Sanction,2174,-2.949,2.243
GY,2014,Other,9806,1.208,2.259
GY,2014,Protest,231,-5.144,2.068
GY,2015,Aid/Cooperation,19758,2.909,-0.443
GY,2015,Conflict/Migration,3371,-9.834,-4.635
GY,2015,Disapproval/Sanction,6408,-3.043,-2.511
GY,2015,Other,28629,1.309,-1.562
GY,2015,Protest,542,-4.967,-2.275
GY,2016,Aid/Cooperation,23782,2.842,-0.578
GY,2016,Conflict/Migration,4223,-9.844,-5.39
GY,2016,Disapproval/Sanction,6658,-3.029,-2.91
GY,2016,Other,35007,1.347,-1.832
GY,2016,Protest,487,-4.835,-2.696
GY,2017,Aid/Cooperation,19091,2.974,-0.589
GY,2017,Conflict/Migration,3450,-9.824,-5.16
GY,2017,Disapproval/Sanction,5466,-3.052,-2.728
GY,2017,Other,29129,1.263,-1.749
GY,2017,Protest,479,-4.763,-2.695
GY,2018,Aid/Cooperation,14602,3.066,-0.76
GY,2018,Conflict/Migration,2866,-9.861,-5.145
GY,2018,Disapproval/Sanction,4253,-3.023,-2.789
GY,2018,Other,20650,1.359,-1.858
GY,2018,Protest,326,-4.959,-3.523
GY,2019,Aid/Cooperation,16846,3.021,-0.216
GY,2019,Conflict/Migration,2644,-9.829,-5.54
GY,2019,Disapproval/Sanction,4873,-3.119,-2.79
GY,2019,Other,23130,1.291,-1.585
GY,2019,Protest,408,-5.308,-3.712
GY,2020,Aid/Cooperation,9905,2.945,-0.881
GY,2020,Conflict/Migration,1790,-9.803,-5.49
GY,2020,Disapproval/Sanction,3503,-3.068,-2.608
GY,2020,Other,15532,1.56,-1.695
GY,2020,Protest,357,-4.779,-2.559
GY,2021,Aid/Cooperation,5623,3.052,-0.337
GY,2021,Conflict/Migration,979,-9.856,-4.962
GY,2021,Disapproval/Sanction,1580,-3.068,-2.848
GY,2021,Other,8013,1.629,-1.793
GY,2021,Protest,113,-4.809,-2.823
GY,2022,Aid/Cooperation,8312,3.116,0.537
GY,2022,Conflict/Migration,1113,-9.799,-5.541
GY,2022,Disapproval/Sanction,1742,-3.062,-2.431
GY,2022,Other,10483,1.625,-1.211
GY,2022,Protest,146,-4.744,-2.871
GY,2023,Aid/Cooperation,18380,3.108,-0.077
GY,2023,Conflict/Migration,2206,-9.792,-5.212
GY,2023,Disapproval/Sanction,4462,-3.092,-2.396
GY,2023,Other,21626,1.624,-1.515
GY,2023,Protest,420,-4.893,-2.816
GY,2024,Aid/Cooperation,15977,2.978,0.246
GY,2024,Conflict/Migration,1945,-9.787,-4.789
GY,2024,Disapproval/Sanction,3991,-3.037,-2.565
GY,2024,Other,21472,1.575,-1.251
GY,2024,Protest,434,-4.849,-2.893
HK,1996,Aid/Cooperation,5657,2.918,5.524
HK,1996,Conflict/Migration,274,-9.823,4.201
HK,1996,Disapproval/Sanction,1307,-3.174,5.23
HK,1996,Other,6308,1.472,5.352
HK,1996,Protest,199,-4.916,4.83
HK,1997,Aid/Cooperation,13287,2.896,6.311
HK,1997,Conflict/Migration,552,-9.75,4.654
HK,1997,Disapproval/Sanction,2216,-3.19,5.555
HK,1997,Other,12490,1.778,5.871
HK,1997,Protest,326,-5.028,5.813
HK,1998,Aid/Cooperation,7032,2.967,6.242
HK,1998,Conflict/Migration,386,-9.671,4.434
HK,1998,Disapproval/Sanction,1423,-3.15,5.328
HK,1998,Other,7449,1.52,5.524
HK,1998,Protest,181,-4.925,5.388
HK,1999,Aid/Cooperation,4592,2.902,6.07
HK,1999,Conflict/Migration,342,-9.813,4.393
HK,1999,Disapproval/Sanction,1293,-3.209,5.446
HK,1999,Other,6018,1.037,5.489
HK,1999,Protest,186,-4.717,5.486
HK,2000,Aid/Cooperation,3274,2.903,6.003
HK,2000,Conflict/Migration,318,-9.756,4.231
HK,2000,Disapproval/Sanction,1000,-3.158,5.509
HK,2000,Other,4522,0.871,5.543
HK,2000,Protest,137,-4.653,5.698
HK,2001,Aid/Cooperation,4033,2.839,6.097
HK,2001,Conflict/Migration,284,-9.736,4.857
HK,2001,Disapproval/Sanction,1135,-3.108,5.156
HK,2001,Other,5348,0.877,5.439
HK,2001,Protest,156,-4.759,5.682
HK,2002,Aid/Cooperation,2916,2.954,5.962
HK,2002,Conflict/Migration,306,-9.794,4.069
HK,2002,Disapproval/Sanction,857,-3.114,5.157
HK,2002,Other,4183,0.665,5.25
HK,2002,Protest,136,-4.946,4.685
HK,2003,Aid/Cooperation,5589,2.724,5.884
HK,2003,Conflict/Migration,364,-9.813,4.675
HK,2003,Disapproval/Sanction,1249,-3.074,5.4
HK,2003,Other,7221,1.208,5.566
HK,2003,Protest,272,-4.804,5.26
HK,2004,Aid/Cooperation,3832,2.708,6.082
HK,2004,Conflict/Migration,265,-9.781,4.894
HK,2004,Disapproval/Sanction,1274,-3.086,5.576
HK,2004,Other,5120,1.237,5.701
HK,2004,Protest,158,-4.92,5.58
HK,2005,Aid/Cooperation,2746,2.863,6.106
HK,2005,Conflict/Migration,262,-9.845,5.088
HK,2005,Disapproval/Sanction,863,-3.072,5.575
HK,2005,Other,4053,1.108,5.588
HK,2005,Protest,115,-4.877,5.066
HK,2006,Aid/Cooperation,3354,2.928,6.281
HK,2006,Conflict/Migration,354,-9.812,4.154
HK,2006,Disapproval/Sanction,1038,-3.035,5.468
HK,2006,Other,5447,1.533,5.615
HK,2006,Protest,132,-5.129,5.009
HK,2007,Aid/Cooperation,5824,2.918,6.173
HK,2007,Conflict/Migration,724,-9.781,4.962
HK,2007,Disapproval/Sanction,1783,-3.08,5.665
HK,2007,Other,9292,1.644,5.88
HK,2007,Protest,268,-4.966,5.312
HK,2008,Aid/Cooperation,7552,2.749,5.464
HK,2008,Conflict/Migration,949,-9.808,4.089
HK,2008,Disapproval/Sanction,1921,-2.953,5.111
HK,2008,Other,10002,1.649,5.268
HK,2008,Protest,212,-4.955,5.055
HK,2009,Aid/Cooperation,9841,3.048,5.758
HK,2009,Conflict/Migration,1075,-9.742,4.488
HK,2009,Disapproval/Sanction,2304,-2.977,5.349
HK,2009,Other,13863,1.611,5.47
HK,2009,Protest,292,-4.713,5.06
HK,2010,Aid/Cooperation,11115,2.959,5.758
HK,2010,Conflict/Migration,1890,-9.701,4.188
HK,2010,Disapproval/Sanction,3194,-3.001,5.122
HK,2010,Other,17054,1.632,5.502
HK,2010,Protest,400,-4.758,4.827
HK,2011,Aid/Cooperation,10735,2.958,6.074
HK,2011,Conflict/Migration,1196,-9.795,4.814
HK,2011,Disapproval/Sanction,2867,-2.979,5.583
HK,2011,Other,15750,1.798,5.718
HK,2011,Protest,349,-4.764,5.186
HK,2012,Aid/Cooperation,11713,2.962,5.759
HK,2012,Conflict/Migration,997,-9.803,4.713
HK,2012,Disapproval/Sanction,2889,-2.937,5.342
HK,2012,Other,16768,1.694,5.323
HK,2012,Protest,325,-4.851,5.008
HK,2013,Aid/Cooperation,16920,2.881,2.424
HK,2013,Conflict/Migration,1339,-9.765,2.083
HK,2013,Disapproval/Sanction,4648,-2.985,2.283
HK,2013,Other,24160,1.843,2.275
HK,2013,Protest,593,-4.861,2.078
HK,2014,Aid/Cooperation,32044,3.033,2.475
HK,2014,Conflict/Migration,5400,-9.782,1.73
HK,2014,Disapproval/Sanction,11168,-3.026,2.157
HK,2014,Other,50894,0.435,2.196
HK,2014,Protest,2168,-5.107,2.036
HK,2015,Aid/Cooperation,31491,2.906,0.181
HK,2015,Conflict/Migration,3438,-9.723,-3.288
HK,2015,Disapproval/Sanction,10056,-2.982,-1.637
HK,2015,Other,47320,1.586,-0.968
HK,2015,Protest,1274,-4.819,-2.037
HK,2016,Aid/Cooperation,37635,2.897,-0.338
HK,2016,Conflict/Migration,5374,-9.75,-4.095
HK,2016,Disapproval/Sanction,12285,-3.018,-2.381
HK,2016,Other,56253,1.316,-1.741
HK,2016,Protest,1683,-4.87,-3.143
HK,2017,Aid/Cooperation,32481,2.888,0.051
HK,2017,Conflict/Migration,3383,-9.672,-3.238
HK,2017,Disapproval/Sanction,9196,-2.975,-1.98
HK,2017,Other,46444,1.611,-1.171
HK,2017,Protest,1253,-4.774,-2.704
HK,2018,Aid/Cooperation,27998,2.94,0.015
HK,2018,Conflict/Migration,2978,-9.738,-3.495
HK,2018,Disapproval/Sanction,9016,-2.932,-2.036
HK,2018,Other,43209,1.563,-1.22
HK,2018,Protest,1137,-4.774,-2.689
HK,2019,Aid/Cooperation,52068,2.858,-3.278
HK,2019,Conflict/Migration,14535,-9.781,-6.929
HK,2019,Disapproval/Sanction,24787,-2.948,-5.402
HK,2019,Other,97230,-0.528,-4.831
HK,2019,Protest,4285,-5.035,-6.038
HK,2020,Aid/Cooperation,35714,2.839,-2.635
HK,2020,Conflict/Migration,4788,-9.766,-4.83
HK,2020,Disapproval/Sanction,15465,-2.898,-4.108
HK,2020,Other,70564,0.387,-3.604
HK,2020,Protest,3238,-4.847,-4.323
HK,2021,Aid/Cooperation,21569,2.886,-1.525
HK,2021,Conflict/Migration,3316,-9.806,-3.937
HK,2021,Disapproval/Sanction,7902,-2.939,-3.499
HK,2021,Other,39375,0.474,-3.035
HK,2021,Protest,1282,-4.787,-4.176
HK,2022,Aid/Cooperation,17238,2.859,-0.77
HK,2022,Conflict/Migration,1949,-9.762,-3.824
HK,2022,Disapproval/Sanction,4671,-2.972,-2.962
HK,2022,Other,27975,1.143,-2.333
HK,2022,Protest,755,-4.765,-3.315
HK,2023,Aid/Cooperation,22730,2.89,0.503
HK,2023,Conflict/Migration,1735,-9.78,-3.596
HK,2023,Disapproval/Sanction,5679,-2.882,-2.588
HK,2023,Other,31641,1.179,-1.56
HK,2023,Protest,739,-4.779,-3.258
HK,2024,Aid/Cooperation,19930,2.905,0.822
HK,2024,Conflict/Migration,1592,-9.784,-3.534
HK,2024,Disapproval/Sanction,5369,-2.83,-2.594
HK,2024,Other,28737,1.253,-1.521
HK,2024,Protest,826,-4.729,-3.837
ID,1996,Aid/Cooperation,12700,2.964,5.436
ID,1996,Conflict/Migration,1963,-9.619,4.446
ID,1996,Disapproval/Sanction,3449,-2.888,5.222
ID,1996,Other,14312,0.953,4.949
ID,1996,Protest,313,-5.042,5.443
ID,1997,Aid/Cooperation,10725,3.03,5.042
ID,1997,Conflict/Migration,1948,-9.814,3.446
ID,1997,Disapproval/Sanction,2843,-2.877,4.786
ID,1997,Other,14671,0.809,4.587
ID,1997,Protest,326,-5.012,4.565
ID,1998,Aid/Cooperation,18071,3.022,4.989
ID,1998,Conflict/Migration,5071,-9.775,3.417
ID,1998,Disapproval/Sanction,6628,-3.223,4.785
ID,1998,Other,32804,0.727,4.748
ID,1998,Protest,982,-5.062,4.279
ID,1999,Aid/Cooperation,27538,3.055,5.41
ID,1999,Conflict/Migration,11374,-9.848,3.383
ID,1999,Disapproval/Sanction,10586,-3.163,5.073
ID,1999,Other,41577,1.286,5.012
ID,1999,Protest,1819,-5.127,4.866
ID,2000,Aid/Cooperation,20432,2.971,4.822
ID,2000,Conflict/Migration,10223,-9.883,3.211
ID,2000,Disapproval/Sanction,8052,-3.039,4.418
ID,2000,Other,33800,0.868,4.423
ID,2000,Protest,1515,-5.238,4.307
ID,2001,Aid/Cooperation,20037,2.914,5.108
ID,2001,Conflict/Migration,8034,-9.868,3.188
ID,2001,Disapproval/Sanction,7685,-3.038,4.619
ID,2001,Other,30884,0.813,4.564
ID,2001,Protest,1403,-5.273,4.662
ID,2002,Aid/Cooperation,18011,3.133,4.97
ID,2002,Conflict/Migration,6874,-9.869,3.621
ID,2002,Disapproval/Sanction,7031,-2.811,4.411
ID,2002,Other,28686,0.477,4.449
ID,2002,Protest,1133,-5.454,4.409
ID,2003,Aid/Cooperation,20996,3.049,4.9
ID,2003,Conflict/Migration,9057,-9.876,3.257
ID,2003,Disapproval/Sanction,9092,-2.835,4.272
ID,2003,Other,36794,0.23,4.315
ID,2003,Protest,1419,-5.69,4.382
ID,2004,Aid/Cooperation,14167,2.894,5.295
ID,2004,Conflict/Migration,5637,-9.882,3.41
ID,2004,Disapproval/Sanction,6175,-2.823,4.609
ID,2004,Other,24263,0.606,4.636
ID,2004,Protest,878,-5.43,4.664
ID,2005,Aid/Cooperation,14092,3.137,5.347
ID,2005,Conflict/Migration,3908,-9.88,3.884
ID,2005,Disapproval/Sanction,4397,-2.792,4.725
ID,2005,Other,22456,1.15,4.834
ID,2005,Protest,846,-5.38,4.541
ID,2006,Aid/Cooperation,16266,3.108,5.459
ID,2006,Conflict/Migration,4090,-9.87,3.831
ID,2006,Disapproval/Sanction,5333,-2.77,4.771
ID,2006,Other,27103,0.869,4.808
ID,2006,Protest,868,-5.243,4.538
ID,2007,Aid/Cooperation,29006,3.096,5.318
ID,2007,Conflict/Migration,5982,-9.889,3.693
ID,2007,Disapproval/Sanction,8387,-2.93,4.702
ID,2007,Other,45688,1.162,4.789
ID,2007,Protest,1142,-5.161,4.54
ID,2008,Aid/Cooperation,27251,3.061,5.457
ID,2008,Conflict/Migration,5917,-9.882,4.148
ID,2008,Disapproval/Sanction,8699,-2.973,4.875
ID,2008,Other,44417,0.848,4.853
ID,2008,Protest,1254,-5.298,4.531
ID,2009,Aid/Cooperation,53774,3.036,5.456
ID,2009,Conflict/Migration,14313,-9.878,3.761
ID,2009,Disapproval/Sanction,15971,-2.998,4.768
ID,2009,Other,88389,1.26,4.842
ID,2009,Protest,2360,-5.298,4.524
ID,2010,Aid/Cooperation,53482,2.952,5.438
ID,2010,Conflict/Migration,11202,-9.837,3.753
ID,2010,Disapproval/Sanction,15895,-3.017,4.779
ID,2010,Other,86888,0.992,4.885
ID,2010,Protest,2359,-5.127,4.481
ID,2011,Aid/Cooperation,67280,3.007,5.574
ID,2011,Conflict/Migration,14572,-9.843,3.841
ID,2011,Disapproval/Sanction,19736,-3.02,4.9
ID,2011,Other,104095,1.174,4.989
ID,2011,Protest,2472,-5.205,4.673
ID,2012,Aid/Cooperation,68662,3.045,5.198
ID,2012,Conflict/Migration,14071,-9.845,3.315
ID,2012,Disapproval/Sanction,19304,-3.045,4.582
ID,2012,Other,103164,1.148,4.575
ID,2012,Protest,2698,-5.099,4.264
ID,2013,Aid/Cooperation,74385,3.052,2.611
ID,2013,Conflict/Migration,11353,-9.811,1.615
ID,2013,Disapproval/Sanction,19660,-3.071,2.343
ID,2013,Other,102665,1.303,2.288
ID,2013,Protest,2663,-5.006,2.136
ID,2014,Aid/Cooperation,83930,3.021,2.561
ID,2014,Conflict/Migration,12291,-9.803,1.634
ID,2014,Disapproval/Sanction,21483,-3.016,2.238
ID,2014,Other,123294,1.37,2.151
ID,2014,Protest,2585,-4.868,2.239
ID,2015,Aid/Cooperation,136161,2.955,-0.972
ID,2015,Conflict/Migration,23220,-9.864,-3.867
ID,2015,Disapproval/Sanction,38679,-3.086,-2.61
ID,2015,Other,205443,1.24,-1.967
ID,2015,Protest,5731,-5.084,-3.017
ID,2016,Aid/Cooperation,126696,2.984,-1.014
ID,2016,Conflict/Migration,28599,-9.753,-5.625
ID,2016,Disapproval/Sanction,34856,-2.992,-3.547
ID,2016,Other,181801,1.154,-2.58
ID,2016,Protest,6036,-5.333,-4.66
ID,2017,Aid/Cooperation,111497,2.939,-0.434
ID,2017,Conflict/Migration,18606,-9.849,-5.448
ID,2017,Disapproval/Sanction,26523,-3.003,-3.198
ID,2017,Other,151409,1.129,-2.215
ID,2017,Protest,4443,-5.087,-3.975
ID,2018,Aid/Cooperation,97911,2.952,-0.486
ID,2018,Conflict/Migration,15851,-9.842,-6.023
ID,2018,Disapproval/Sanction,20958,-2.959,-3.325
ID,2018,Other,129326,1.431,-2.278
ID,2018,Protest,3349,-5.043,-4.274
ID,2019,Aid/Cooperation,75005,2.974,-0.705
ID,2019,Conflict/Migration,15032,-9.805,-5.745
ID,2019,Disapproval/Sanction,20112,-2.973,-3.576
ID,2019,Other,110576,1.123,-2.56
ID,2019,Protest,2932,-5.009,-4.47
ID,2020,Aid/Cooperation,60466,2.908,-1.35
ID,2020,Conflict/Migration,8917,-9.8,-5.09
ID,2020,Disapproval/Sanction,14691,-3.093,-3.278
ID,2020,Other,87612,1.331,-2.531
ID,2020,Protest,2259,-4.853,-3.74
ID,2021,Aid/Cooperation,48667,3.024,-0.697
ID,2021,Conflict/Migration,9115,-9.865,-5.056
ID,2021,Disapproval/Sanction,10815,-3.045,-3.134
ID,2021,Other,70635,1.7,-2.025
ID,2021,Protest,1664,-4.957,-3.727
ID,2022,Aid/Cooperation,65692,2.958,0.397
ID,2022,Conflict/Migration,5101,-9.822,-4.826
ID,2022,Disapproval/Sanction,9725,-3.122,-2.423
ID,2022,Other,71816,1.931,-0.981
ID,2022,Protest,1372,-4.764,-3.383
ID,2023,Aid/Cooperation,89608,2.964,0.709
ID,2023,Conflict/Migration,6843,-9.761,-4.504
ID,2023,Disapproval/Sanction,12572,-3.037,-2.289
ID,2023,Other,90738,1.994,-0.702
ID,2023,Protest,1739,-4.86,-2.829
ID,2024,Aid/Cooperation,80114,2.951,0.864
ID,2024,Conflict/Migration,7329,-9.783,-4.054
ID,2024,Disapproval/Sanction,13084,-3.045,-1.919
ID,2024,Other,90744,1.885,-0.572
ID,2024,Protest,1681,-4.794,-2.986
IN,1996,Aid/Cooperation,10410,3.398,5.757
IN,1996,Conflict/Migration,3589,-9.847,3.681
IN,1996,Disapproval/Sanction,4453,-2.967,5.391
IN,1996,Other,14393,1.211,5.408
IN,1996,Protest,581,-5.315,5.361
IN,1997,Aid/Cooperation,16350,3.343,6.061
IN,1997,Conflict/Migration,3886,-9.861,3.684
IN,1997,Disapproval/Sanction,5023,-3.001,5.778
IN,1997,Other,19623,1.591,5.672
IN,1997,Protest,621,-5.169,5.628
IN,1998,Aid/Cooperation,15842,3.373,5.582
IN,1998,Conflict/Migration,3938,-9.888,3.666
IN,1998,Disapproval/Sanction,6756,-2.854,5.432
IN,1998,Other,21541,1.076,5.395
IN,1998,Protest,951,-5.104,5.257
IN,1999,Aid/Cooperation,19910,3.275,5.629
IN,1999,Conflict/Migration,7534,-9.869,3.556
IN,1999,Disapproval/Sanction,7946,-3.02,5.208
IN,1999,Other,26623,1.34,5.273
IN,1999,Protest,1245,-5.359,4.892
IN,2000,Aid/Cooperation,21250,3.334,5.768
IN,2000,Conflict/Migration,7993,-9.882,3.24
IN,2000,Disapproval/Sanction,6937,-3.02,5.224
IN,2000,Other,27729,1.611,5.328
IN,2000,Protest,1015,-5.198,5.138
IN,2001,Aid/Cooperation,25705,3.15,5.781
IN,2001,Conflict/Migration,10534,-9.881,3.108
IN,2001,Disapproval/Sanction,8140,-2.956,5.173
IN,2001,Other,32611,1.419,5.399
IN,2001,Protest,1401,-5.375,5.265
IN,2002,Aid/Cooperation,21964,3.096,5.386
IN,2002,Conflict/Migration,13701,-9.873,2.909
IN,2002,Disapproval/Sanction,8282,-2.758,4.754
IN,2002,Other,29145,1.032,4.92
IN,2002,Protest,1254,-5.496,4.578
IN,2003,Aid/Cooperation,27474,3.238,5.808
IN,2003,Conflict/Migration,11656,-9.881,2.904
IN,2003,Disapproval/Sanction,8182,-2.895,5.072
IN,2003,Other,35223,1.492,5.276
IN,2003,Protest,1062,-5.35,5.058
IN,2004,Aid/Cooperation,17697,3.315,5.977
IN,2004,Conflict/Migration,6350,-9.884,3.112
IN,2004,Disapproval/Sanction,4454,-3.056,5.281
IN,2004,Other,21240,1.576,5.424
IN,2004,Protest,578,-5.416,4.919
IN,2005,Aid/Cooperation,13198,3.225,5.871
IN,2005,Conflict/Migration,4081,-9.874,3.394
IN,2005,Disapproval/Sanction,3213,-2.951,5.131
IN,2005,Other,16797,1.65,5.383
IN,2005,Protest,458,-5.278,5.271
IN,2006,Aid/Cooperation,41622,3.18,5.772
IN,2006,Conflict/Migration,11039,-9.867,3.696
IN,2006,Disapproval/Sanction,13868,-2.96,5.136
IN,2006,Other,63307,1.217,5.355
IN,2006,Protest,1794,-5.204,4.923
IN,2007,Aid/Cooperation,112069,3.092,5.867
IN,2007,Conflict/Migration,25104,-9.819,3.876
IN,2007,Disapproval/Sanction,38138,-2.962,5.201
IN,2007,Other,170205,1.433,5.505
IN,2007,Protest,4122,-5.169,5.088
IN,2008,Aid/Cooperation,161496,3.068,5.665
IN,2008,Conflict/Migration,44694,-9.83,3.906
IN,2008,Disapproval/Sanction,62544,-2.896,5.007
IN,2008,Other,248691,1.277,5.295
IN,2008,Protest,7168,-5.362,4.813
IN,2009,Aid/Cooperation,213289,3.089,5.724
IN,2009,Conflict/Migration,52903,-9.811,3.826
IN,2009,Disapproval/Sanction,89493,-3.013,5.046
IN,2009,Other,322221,1.355,5.235
IN,2009,Protest,9222,-5.336,4.869
IN,2010,Aid/Cooperation,211002,3.06,5.841
IN,2010,Conflict/Migration,50371,-9.813,3.747
IN,2010,Disapproval/Sanction,78870,-3.025,5.092
IN,2010,Other,311123,1.379,5.318
IN,2010,Protest,8217,-5.344,4.903
IN,2011,Aid/Cooperation,234151,3.025,5.763
IN,2011,Conflict/Migration,52101,-9.8,3.928
IN,2011,Disapproval/Sanction,97433,-3.006,5.029
IN,2011,Other,355730,1.246,5.301
IN,2011,Protest,8711,-5.246,4.91
IN,2012,Aid/Cooperation,303466,2.969,5.235
IN,2012,Conflict/Migration,78124,-9.717,3.365
IN,2012,Disapproval/Sanction,138309,-2.991,4.51
IN,2012,Other,472995,1.228,4.751
IN,2012,Protest,10977,-5.232,4.471
IN,2013,Aid/Cooperation,337360,2.94,2.523
IN,2013,Conflict/Migration,103654,-9.613,1.665
IN,2013,Disapproval/Sanction,152487,-2.961,2.122
IN,2013,Other,533511,1.172,2.215
IN,2013,Protest,12560,-5.203,2.161
IN,2014,Aid/Cooperation,514908,2.98,2.646
IN,2014,Conflict/Migration,118695,-9.697,1.687
IN,2014,Disapproval/Sanction,211278,-2.9,2.247
IN,2014,Other,782015,1.312,2.329
IN,2014,Protest,18951,-5.197,2.198
IN,2015,Aid/Cooperation,797822,3.008,-0.338
IN,2015,Conflict/Migration,173689,-9.748,-4.424
IN,2015,Disapproval/Sanction,308010,-2.946,-2.704
IN,2015,Other,1207874,1.333,-1.514
IN,2015,Protest,29052,-5.174,-2.743
IN,2016,Aid/Cooperation,943085,3.039,-1.012
IN,2016,Conflict/Migration,248526,-9.78,-5.199
IN,2016,Disapproval/Sanction,385221,-2.93,-3.312
IN,2016,Other,1451939,1.243,-2.181
IN,2016,Protest,37827,-5.226,-3.55
IN,2017,Aid/Cooperation,837381,3.004,-0.853
IN,2017,Conflict/Migration,209872,-9.76,-5.203
IN,2017,Disapproval/Sanction,350951,-2.912,-3.229
IN,2017,Other,1292347,1.264,-2.102
IN,2017,Protest,34908,-5.134,-3.412
IN,2018,Aid/Cooperation,779551,3.001,-0.808
IN,2018,Conflict/Migration,194137,-9.738,-5.383
IN,2018,Disapproval/Sanction,329193,-2.888,-3.246
IN,2018,Other,1204753,1.237,-2.089
IN,2018,Protest,30326,-5.11,-3.422
IN,2019,Aid/Cooperation,750482,3.013,-0.971
IN,2019,Conflict/Migration,180326,-9.769,-5.254
IN,2019,Disapproval/Sanction,335402,-2.847,-3.238
IN,2019,Other,1159108,1.114,-2.235
IN,2019,Protest,33363,-5.179,-3.508
IN,2020,Aid/Cooperation,641467,2.926,-1.526
IN,2020,Conflict/Migration,139145,-9.766,-4.885
IN,2020,Disapproval/Sanction,249145,-2.972,-3.541
IN,2020,Other,1008376,1.199,-2.434
IN,2020,Protest,25163,-5.071,-3.664
IN,2021,Aid/Cooperation,488312,3.005,-0.816
IN,2021,Conflict/Migration,103398,-9.802,-4.381
IN,2021,Disapproval/Sanction,184966,-2.961,-3.193
IN,2021,Other,770096,1.348,-1.989
IN,2021,Protest,18461,-4.967,-3.132
IN,2022,Aid/Cooperation,451435,3.01,-0.363
IN,2022,Conflict/Migration,85009,-9.767,-4.955
IN,2022,Disapproval/Sanction,170990,-2.912,-3.173
IN,2022,Other,656558,1.207,-1.865
IN,2022,Protest,15193,-5.099,-3.326
IN,2023,Aid/Cooperation,735274,3.001,-0.079
IN,2023,Conflict/Migration,126450,-9.794,-4.949
IN,2023,Disapproval/Sanction,252217,-2.924,-3.1
IN,2023,Other,969562,1.272,-1.702
IN,2023,Protest,23305,-5.11,-3.353
IN,2024,Aid/Cooperation,726864,3.024,-0.018
IN,2024,Conflict/Migration,140151,-9.745,-5.156
IN,2024,Disapproval/Sanction,289421,-2.831,-3.186
IN,2024,Other,1008681,1.215,-1.806
IN,2024,Protest,29858,-5.179,-3.792
IR,1996,Aid/Cooperation,20961,3.407,5.612
IR,1996,Conflict/Migration,3535,-9.864,4.113
IR,1996,Disapproval/Sanction,6526,-2.79,5.033
IR,1996,Other,19975,1.567,5.2
IR,1996,Protest,821,-5.332,4.881
IR,1997,Aid/Cooperation,33476,3.263,5.906
IR,1997,Conflict/Migration,3634,-9.872,3.774
IR,1997,Disapproval/Sanction,7831,-2.857,5.287
IR,1997,Other,29901,1.382,5.471
IR,1997,Protest,957,-5.208,5.031
IR,1998,Aid/Cooperation,39867,3.174,5.694
IR,1998,Conflict/Migration,4972,-9.835,4.186
IR,1998,Disapproval/Sanction,10998,-2.908,5.275
IR,1998,Other,42125,1.199,5.409
IR,1998,Protest,1407,-5.044,5.079
IR,1999,Aid/Cooperation,37857,3.162,5.999
IR,1999,Conflict/Migration,6435,-9.837,4.41
IR,1999,Disapproval/Sanction,12773,-2.894,5.548
IR,1999,Other,42593,0.933,5.593
IR,1999,Protest,1064,-5.079,5.38
IR,2000,Aid/Cooperation,41298,3.086,5.774
IR,2000,Conflict/Migration,6768,-9.863,3.913
IR,2000,Disapproval/Sanction,12527,-2.923,5.245
IR,2000,Other,46766,1.019,5.39
IR,2000,Protest,1261,-5.113,5.392
IR,2001,Aid/Cooperation,51332,3.075,5.834
IR,2001,Conflict/Migration,6544,-9.843,3.866
IR,2001,Disapproval/Sanction,14100,-2.904,5.438
IR,2001,Other,52630,1.149,5.436
IR,2001,Protest,1423,-5.158,5.444
IR,2002,Aid/Cooperation,39578,3.173,5.851
IR,2002,Conflict/Migration,3813,-9.831,4.206
IR,2002,Disapproval/Sanction,11717,-2.85,5.495
IR,2002,Other,40928,1.19,5.429
IR,2002,Protest,1490,-5.119,5.411
IR,2003,Aid/Cooperation,54703,3.461,5.74
IR,2003,Conflict/Migration,6431,-9.833,3.806
IR,2003,Disapproval/Sanction,15428,-3.061,5.413
IR,2003,Other,58619,1.158,5.396
IR,2003,Protest,2123,-5.255,5.468
IR,2004,Aid/Cooperation,37197,3.302,5.66
IR,2004,Conflict/Migration,4719,-9.81,3.985
IR,2004,Disapproval/Sanction,11825,-2.99,5.336
IR,2004,Other,43822,1.129,5.357
IR,2004,Protest,1645,-5.211,5.434
IR,2005,Aid/Cooperation,32504,3.6,5.817
IR,2005,Conflict/Migration,3235,-9.806,4.018
IR,2005,Disapproval/Sanction,12061,-3.106,5.574
IR,2005,Other,38691,1.116,5.59
IR,2005,Protest,1788,-5.121,5.559
IR,2006,Aid/Cooperation,79967,3.323,5.73
IR,2006,Conflict/Migration,10316,-9.862,4.234
IR,2006,Disapproval/Sanction,28566,-3.152,5.544
IR,2006,Other,95035,1.302,5.548
IR,2006,Protest,5348,-5.203,5.344
IR,2007,Aid/Cooperation,117055,3.309,5.648
IR,2007,Conflict/Migration,18838,-9.801,4.332
IR,2007,Disapproval/Sanction,46939,-2.94,5.296
IR,2007,Other,154762,1.056,5.385
IR,2007,Protest,8481,-5.201,5.391
IR,2008,Aid/Cooperation,94049,3.261,5.637
IR,2008,Conflict/Migration,15916,-9.849,4.345
IR,2008,Disapproval/Sanction,34328,-2.91,5.246
IR,2008,Other,112816,1.264,5.357
IR,2008,Protest,7368,-5.321,5.124
IR,2009,Aid/Cooperation,175999,3.33,5.631
IR,2009,Conflict/Migration,33505,-9.832,4.456
IR,2009,Disapproval/Sanction,74137,-2.882,5.254
IR,2009,Other,255692,0.69,5.335
IR,2009,Protest,12506,-5.194,5.313
IR,2010,Aid/Cooperation,133601,3.383,5.723
IR,2010,Conflict/Migration,24408,-9.831,4.556
IR,2010,Disapproval/Sanction,51074,-2.879,5.294
IR,2010,Other,189078,0.861,5.376
IR,2010,Protest,9441,-5.291,5.19
IR,2011,Aid/Cooperation,137759,3.137,5.548
IR,2011,Conflict/Migration,32277,-9.848,4.459
IR,2011,Disapproval/Sanction,57428,-2.787,5.046
IR,2011,Other,206326,0.655,5.144
IR,2011,Protest,11064,-5.261,5
IR,2012,Aid/Cooperation,210006,3.355,4.956
IR,2012,Conflict/Migration,37336,-9.829,4.097
IR,2012,Disapproval/Sanction,77642,-2.875,4.67
IR,2012,Other,273457,1.019,4.711
IR,2012,Protest,19413,-5.389,4.678
IR,2013,Aid/Cooperation,254517,3.446,2.27
IR,2013,Conflict/Migration,39832,-9.847,1.638
IR,2013,Disapproval/Sanction,83072,-2.856,2.119
IR,2013,Other,293426,1.335,2.183
IR,2013,Protest,15005,-5.186,2.229
IR,2014,Aid/Cooperation,231209,3.38,2.472
IR,2014,Conflict/Migration,43242,-9.826,1.89
IR,2014,Disapproval/Sanction,71546,-2.862,2.27
IR,2014,Other,266031,1.441,2.333
IR,2014,Protest,10956,-5.149,2.361
IR,2015,Aid/Cooperation,369655,3.505,-1.345
IR,2015,Conflict/Migration,67898,-9.865,-3.683
IR,2015,Disapproval/Sanction,127512,-2.973,-2.608
IR,2015,Other,477365,1.672,-2.001
IR,2015,Protest,24830,-5.181,-2.558
IR,2016,Aid/Cooperation,331174,3.338,-1.683
IR,2016,Conflict/Migration,76922,-9.856,-4.937
IR,2016,Disapproval/Sanction,111363,-2.856,-3.808
IR,2016,Other,424748,1.384,-2.753
IR,2016,Protest,18239,-5.159,-3.915
IR,2017,Aid/Cooperation,271768,3.416,-1.908
IR,2017,Conflict/Migration,57748,-9.864,-4.908
IR,2017,Disapproval/Sanction,102537,-2.902,-3.826
IR,2017,Other,363208,1.02,-3.014
IR,2017,Protest,21130,-5.12,-3.86
IR,2018,Aid/Cooperation,265559,3.578,-2.486
IR,2018,Conflict/Migration,62262,-9.859,-5.24
IR,2018,Disapproval/Sanction,108769,-2.886,-4.351
IR,2018,Other,381694,1.48,-3.502
IR,2018,Protest,28486,-5.199,-4.372
IR,2019,Aid/Cooperation,264871,3.369,-2.641
IR,2019,Conflict/Migration,70339,-9.867,-4.993
IR,2019,Disapproval/Sanction,119756,-2.866,-4.403
IR,2019,Other,379978,1.166,-3.724
IR,2019,Protest,31672,-5.261,-4.594
IR,2020,Aid/Cooperation,174250,3.228,-3.225
IR,2020,Conflict/Migration,74472,-9.913,-5.2
IR,2020,Disapproval/Sanction,76434,-2.854,-4.867
IR,2020,Other,257243,1.023,-4.23
IR,2020,Protest,22059,-5.384,-4.977
IR,2021,Aid/Cooperation,149809,3.597,-1.992
IR,2021,Conflict/Migration,33679,-9.872,-4.911
IR,2021,Disapproval/Sanction,48315,-2.918,-4.029
IR,2021,Other,167880,1.294,-3.115
IR,2021,Protest,10751,-5.235,-3.981
IR,2022,Aid/Cooperation,129237,3.38,-2.427
IR,2022,Conflict/Migration,41453,-9.863,-6.376
IR,2022,Disapproval/Sanction,50833,-2.762,-5.401
IR,2022,Other,174463,0.168,-4.378
IR,2022,Protest,9943,-5.061,-4.809
IR,2023,Aid/Cooperation,158424,3.185,-1.998
IR,2023,Conflict/Migration,45813,-9.849,-5.629
IR,2023,Disapproval/Sanction,49917,-2.766,-4.934
IR,2023,Other,190237,0.953,-3.781
IR,2023,Protest,13223,-5.248,-4.842
IR,2024,Aid/Cooperation,157308,3.072,-3.099
IR,2024,Conflict/Migration,92174,-9.904,-5.69
IR,2024,Disapproval/Sanction,63452,-2.7,-5.336
IR,2024,Other,211380,1.136,-4.342
IR,2024,Protest,25444,-5.437,-5.461
IT,1996,Aid/Cooperation,10809,2.993,5.539
IT,1996,Conflict/Migration,1123,-9.845,3.973
IT,1996,Disapproval/Sanction,2157,-3.037,4.846
IT,1996,Other,11048,1.27,4.979
IT,1996,Protest,243,-5.019,4.835
IT,1997,Aid/Cooperation,19240,3.1,5.451
IT,1997,Conflict/Migration,1813,-9.81,4.041
IT,1997,Disapproval/Sanction,3348,-3.169,5.195
IT,1997,Other,18262,1.831,5.062
IT,1997,Protest,458,-5.063,4.816
IT,1998,Aid/Cooperation,24059,3.039,5.219
IT,1998,Conflict/Migration,2313,-9.791,4.255
IT,1998,Disapproval/Sanction,4884,-3.161,4.955
IT,1998,Other,24833,1.258,4.928
IT,1998,Protest,596,-5.185,5.203
IT,1999,Aid/Cooperation,22880,3.029,5.669
IT,1999,Conflict/Migration,2639,-9.83,4.362
IT,1999,Disapproval/Sanction,3791,-3.103,5.248
IT,1999,Other,22137,1.681,5.362
IT,1999,Protest,593,-5.415,5.112
IT,2000,Aid/Cooperation,18032,3.135,5.876
IT,2000,Conflict/Migration,1680,-9.802,4.244
IT,2000,Disapproval/Sanction,3009,-2.96,5.244
IT,2000,Other,17064,1.452,5.363
IT,2000,Protest,356,-5.022,5.5
IT,2001,Aid/Cooperation,20782,2.98,5.42
IT,2001,Conflict/Migration,2510,-9.821,4.035
IT,2001,Disapproval/Sanction,4094,-3.005,4.859
IT,2001,Other,20988,1.176,4.977
IT,2001,Protest,599,-5.358,4.96
IT,2002,Aid/Cooperation,15512,2.999,5.484
IT,2002,Conflict/Migration,2130,-9.864,3.972
IT,2002,Disapproval/Sanction,3376,-2.895,4.797
IT,2002,Other,16985,1.003,4.89
IT,2002,Protest,505,-5.533,4.685
IT,2003,Aid/Cooperation,19740,3.008,5.461
IT,2003,Conflict/Migration,2580,-9.895,3.87
IT,2003,Disapproval/Sanction,4161,-3.012,4.96
IT,2003,Other,20684,1.378,5.08
IT,2003,Protest,679,-5.487,4.653
IT,2004,Aid/Cooperation,16541,3.031,5.555
IT,2004,Conflict/Migration,3336,-9.769,4.143
IT,2004,Disapproval/Sanction,3699,-3.124,4.962
IT,2004,Other,18569,1.507,5.026
IT,2004,Protest,778,-5.748,4.244
IT,2005,Aid/Cooperation,15353,2.88,5.477
IT,2005,Conflict/Migration,2677,-9.737,4.311
IT,2005,Disapproval/Sanction,3532,-3.063,4.961
IT,2005,Other,19007,1.194,5.026
IT,2005,Protest,467,-5.573,4.314
IT,2006,Aid/Cooperation,19743,2.948,5.47
IT,2006,Conflict/Migration,3754,-9.741,4.073
IT,2006,Disapproval/Sanction,5242,-3,5.039
IT,2006,Other,27339,1.598,5.113
IT,2006,Protest,683,-5.275,4.631
IT,2007,Aid/Cooperation,35179,3.085,5.593
IT,2007,Conflict/Migration,7860,-9.726,4.136
IT,2007,Disapproval/Sanction,9455,-2.937,5
IT,2007,Other,46011,1.302,5.076
IT,2007,Protest,1157,-5.285,4.974
IT,2008,Aid/Cooperation,35032,3.1,5.635
IT,2008,Conflict/Migration,5613,-9.778,4.204
IT,2008,Disapproval/Sanction,9900,-2.798,4.814
IT,2008,Other,47054,1.367,5.116
IT,2008,Protest,1133,-4.99,4.825
IT,2009,Aid/Cooperation,78091,3.047,5.768
IT,2009,Conflict/Migration,14061,-9.779,4.053
IT,2009,Disapproval/Sanction,20739,-2.888,4.919
IT,2009,Other,98796,1.37,5.175
IT,2009,Protest,1926,-5.175,5.024
IT,2010,Aid/Cooperation,56428,3.02,6.059
IT,2010,Conflict/Migration,10054,-9.855,4.46
IT,2010,Disapproval/Sanction,15333,-2.859,5.261
IT,2010,Other,74230,1.28,5.463
IT,2010,Protest,1758,-5.12,5.043
IT,2011,Aid/Cooperation,93567,3.004,5.832
IT,2011,Conflict/Migration,17780,-9.825,4.461
IT,2011,Disapproval/Sanction,25378,-2.97,5.213
IT,2011,Other,124378,1.577,5.372
IT,2011,Protest,3462,-5.099,4.999
IT,2012,Aid/Cooperation,87670,3.056,5.475
IT,2012,Conflict/Migration,16072,-9.789,4.077
IT,2012,Disapproval/Sanction,24545,-2.888,4.734
IT,2012,Other,121885,1.59,4.934
IT,2012,Protest,2627,-4.97,4.553
IT,2013,Aid/Cooperation,106044,2.954,2.802
IT,2013,Conflict/Migration,16330,-9.797,2.222
IT,2013,Disapproval/Sanction,29673,-2.95,2.447
IT,2013,Other,141818,1.292,2.464
IT,2013,Protest,3411,-5.011,2.429
IT,2014,Aid/Cooperation,125021,2.893,2.854
IT,2014,Conflict/Migration,17133,-9.823,2.188
IT,2014,Disapproval/Sanction,27194,-2.906,2.514
IT,2014,Other,143547,1.713,2.509
IT,2014,Protest,3307,-5.022,2.297
IT,2015,Aid/Cooperation,192903,2.922,-0.381
IT,2015,Conflict/Migration,29843,-9.823,-3.554
IT,2015,Disapproval/Sanction,42029,-2.899,-2.079
IT,2015,Other,221006,1.786,-1.568
IT,2015,Protest,6018,-5.125,-3.401
IT,2016,Aid/Cooperation,210050,2.914,-0.702
IT,2016,Conflict/Migration,33685,-9.804,-4.022
IT,2016,Disapproval/Sanction,49275,-2.922,-2.44
IT,2016,Other,250600,1.852,-1.957
IT,2016,Protest,6237,-5.181,-3.612
IT,2017,Aid/Cooperation,177098,2.966,-0.434
IT,2017,Conflict/Migration,25484,-9.769,-4.037
IT,2017,Disapproval/Sanction,40462,-2.91,-2.362
IT,2017,Other,198315,1.758,-1.677
IT,2017,Protest,4773,-5.058,-3.367
IT,2018,Aid/Cooperation,167573,2.954,-0.567
IT,2018,Conflict/Migration,25651,-9.783,-3.831
IT,2018,Disapproval/Sanction,47553,-2.956,-2.581
IT,2018,Other,202266,1.811,-1.819
IT,2018,Protest,5715,-5,-3.32
IT,2019,Aid/Cooperation,155416,2.952,-0.19
IT,2019,Conflict/Migration,20460,-9.801,-3.569
IT,2019,Disapproval/Sanction,39946,-2.912,-2.352
IT,2019,Other,176506,1.801,-1.591
IT,2019,Protest,4406,-4.977,-3.055
IT,2020,Aid/Cooperation,144303,2.893,-1.41
IT,2020,Conflict/Migration,17726,-9.825,-3.548
IT,2020,Disapproval/Sanction,30372,-3.013,-2.706
IT,2020,Other,172087,1.594,-2.197
IT,2020,Protest,5330,-4.829,-3.723
IT,2021,Aid/Cooperation,105863,2.942,-0.25
IT,2021,Conflict/Migration,16239,-9.84,-3.382
IT,2021,Disapproval/Sanction,23585,-2.902,-2.166
IT,2021,Other,121256,1.704,-1.528
IT,2021,Protest,2889,-5.066,-3.007
IT,2022,Aid/Cooperation,93093,2.972,0.037
IT,2022,Conflict/Migration,11467,-9.808,-3.375
IT,2022,Disapproval/Sanction,19747,-2.871,-1.741
IT,2022,Other,98110,1.807,-1.163
IT,2022,Protest,2370,-5.018,-2.907
IT,2023,Aid/Cooperation,140986,3.01,0.059
IT,2023,Conflict/Migration,17078,-9.82,-3.634
IT,2023,Disapproval/Sanction,28388,-2.846,-1.87
IT,2023,Other,140267,1.722,-1.234
IT,2023,Protest,3217,-5.013,-3.156
IT,2024,Aid/Cooperation,135167,2.974,0.345
IT,2024,Conflict/Migration,15012,-9.807,-3.23
IT,2024,Disapproval/Sanction,28529,-2.833,-1.767
IT,2024,Other,135841,1.711,-1.064
IT,2024,Protest,3371,-5.077,-2.968
JM,1996,Aid/Cooperation,376,3.019,5.456
JM,1996,Conflict/Migration,79,-9.816,2.722
JM,1996,Disapproval/Sanction,88,-2.932,4.783
JM,1996,Other,515,1.039,5.241
JM,1996,Protest,8,-4.4,5.146
JM,1997,Aid/Cooperation,620,3.906,6.608
JM,1997,Conflict/Migration,75,-9.893,5.004
JM,1997,Disapproval/Sanction,118,-2.856,4.998
JM,1997,Other,569,1.301,5.41
JM,1997,Protest,10,-4.96,5.657
JM,1998,Aid/Cooperation,546,3.15,6.273
JM,1998,Conflict/Migration,60,-9.933,3.868
JM,1998,Disapproval/Sanction,68,-3.265,4.67
JM,1998,Other,466,1.045,5.278
JM,1998,Protest,11,-5.236,5.265
JM,1999,Aid/Cooperation,576,3.575,5.59
JM,1999,Conflict/Migration,241,-9.855,3.597
JM,1999,Disapproval/Sanction,137,-2.839,4.757
JM,1999,Other,868,0.381,4.679
JM,1999,Protest,22,-5.136,4.601
JM,2000,Aid/Cooperation,474,3.198,6.31
JM,2000,Conflict/Migration,105,-9.895,3.298
JM,2000,Disapproval/Sanction,102,-3.039,4.966
JM,2000,Other,471,1.492,5.351
JM,2000,Protest,1,-4.4,4.299
JM,2001,Aid/Cooperation,603,2.792,5.63
JM,2001,Conflict/Migration,239,-9.925,3.816
JM,2001,Disapproval/Sanction,121,-2.628,5.03
JM,2001,Other,652,0.915,4.858
JM,2001,Protest,12,-5.733,5.419
JM,2002,Aid/Cooperation,767,3.072,5.985
JM,2002,Conflict/Migration,270,-9.896,3.663
JM,2002,Disapproval/Sanction,185,-2.703,4.739
JM,2002,Other,1004,0.876,5.005
JM,2002,Protest,24,-5,5.144
JM,2003,Aid/Cooperation,1047,3.022,5.618
JM,2003,Conflict/Migration,440,-9.916,3.317
JM,2003,Disapproval/Sanction,323,-2.842,4.405
JM,2003,Other,1336,0.562,4.671
JM,2003,Protest,56,-4.639,4.763
JM,2004,Aid/Cooperation,2368,2.795,5.492
JM,2004,Conflict/Migration,445,-9.882,3.62
JM,2004,Disapproval/Sanction,455,-3.044,5.2
JM,2004,Other,2589,1.605,5.174
JM,2004,Protest,53,-4.502,5.526
JM,2005,Aid/Cooperation,976,3.153,6.202
JM,2005,Conflict/Migration,266,-9.929,3.417
JM,2005,Disapproval/Sanction,215,-2.884,4.98
JM,2005,Other,1110,1.378,5.13
JM,2005,Protest,51,-4.969,4.167
JM,2006,Aid/Cooperation,1854,3.046,5.517
JM,2006,Conflict/Migration,635,-9.844,3.697
JM,2006,Disapproval/Sanction,479,-3.096,4.948
JM,2006,Other,2643,1.091,4.983
JM,2006,Protest,72,-5.028,4.065
JM,2007,Aid/Cooperation,3691,2.854,5.28
JM,2007,Conflict/Migration,1563,-9.9,3.591
JM,2007,Disapproval/Sanction,1182,-2.933,5.025
JM,2007,Other,6175,1.006,5.173
JM,2007,Protest,176,-5,4.701
JM,2008,Aid/Cooperation,5223,3.265,5.666
JM,2008,Conflict/Migration,1525,-9.879,3.867
JM,2008,Disapproval/Sanction,1718,-2.999,4.93
JM,2008,Other,8663,1.139,5.136
JM,2008,Protest,242,-4.839,4.468
JM,2009,Aid/Cooperation,20858,2.908,5.717
JM,2009,Conflict/Migration,5030,-9.857,3.561
JM,2009,Disapproval/Sanction,5512,-3.027,4.747
JM,2009,Other,30768,1.355,5.161
JM,2009,Protest,638,-5.052,4.789
JM,2010,Aid/Cooperation,19370,2.91,6.125
JM,2010,Conflict/Migration,4960,-9.846,3.648
JM,2010,Disapproval/Sanction,5420,-2.992,4.881
JM,2010,Other,30798,1.266,5.441
JM,2010,Protest,635,-4.898,4.787
JM,2011,Aid/Cooperation,25297,2.871,6.317
JM,2011,Conflict/Migration,5431,-9.831,3.731
JM,2011,Disapproval/Sanction,7252,-3.024,5.073
JM,2011,Other,38721,1.303,5.564
JM,2011,Protest,853,-4.865,4.832
JM,2012,Aid/Cooperation,25763,2.931,6.046
JM,2012,Conflict/Migration,5801,-9.822,3.681
JM,2012,Disapproval/Sanction,6571,-2.986,4.835
JM,2012,Other,38921,1.222,5.353
JM,2012,Protest,669,-4.735,4.551
JM,2013,Aid/Cooperation,22487,2.948,2.942
JM,2013,Conflict/Migration,5715,-9.857,1.698
JM,2013,Disapproval/Sanction,5793,-2.988,2.306
JM,2013,Other,35286,1.233,2.534
JM,2013,Protest,714,-4.853,2.218
JM,2014,Aid/Cooperation,25037,2.823,2.975
JM,2014,Conflict/Migration,5420,-9.838,1.674
JM,2014,Disapproval/Sanction,6115,-3.003,2.316
JM,2014,Other,39972,1.201,2.53
JM,2014,Protest,658,-4.923,2.218
JM,2015,Aid/Cooperation,38594,2.917,0.554
JM,2015,Conflict/Migration,6894,-9.836,-3.693
JM,2015,Disapproval/Sanction,8502,-3.033,-1.72
JM,2015,Other,54825,1.52,-0.681
JM,2015,Protest,895,-4.851,-2.331
JM,2016,Aid/Cooperation,41484,2.915,0.264
JM,2016,Conflict/Migration,7279,-9.86,-4.377
JM,2016,Disapproval/Sanction,8984,-3.012,-2.061
JM,2016,Other,57591,1.582,-0.943
JM,2016,Protest,1083,-4.829,-2.838
JM,2017,Aid/Cooperation,36752,2.935,0.425
JM,2017,Conflict/Migration,7253,-9.841,-4.618
JM,2017,Disapproval/Sanction,8139,-2.943,-2.364
JM,2017,Other,49932,1.527,-1.12
JM,2017,Protest,997,-4.889,-2.912
JM,2018,Aid/Cooperation,36400,2.917,0.36
JM,2018,Conflict/Migration,6705,-9.845,-4.493
JM,2018,Disapproval/Sanction,7611,-2.955,-2.165
JM,2018,Other,44505,1.591,-0.986
JM,2018,Protest,993,-4.89,-3.25
JM,2019,Aid/Cooperation,33936,2.889,0.37
JM,2019,Conflict/Migration,6878,-9.845,-4.732
JM,2019,Disapproval/Sanction,7409,-2.948,-2.136
JM,2019,Other,44330,1.58,-1.156
JM,2019,Protest,755,-4.734,-3.074
JM,2020,Aid/Cooperation,29084,2.829,-0.308
JM,2020,Conflict/Migration,6049,-9.861,-4.573
JM,2020,Disapproval/Sanction,7791,-3.069,-2.41
JM,2020,Other,43659,1.622,-1.395
JM,2020,Protest,896,-4.72,-2.822
JM,2021,Aid/Cooperation,22979,2.935,0.135
JM,2021,Conflict/Migration,5536,-9.84,-5.084
JM,2021,Disapproval/Sanction,6045,-3.022,-2.577
JM,2021,Other,36761,1.58,-1.313
JM,2021,Protest,641,-4.733,-2.648
JM,2022,Aid/Cooperation,24595,2.824,0.212
JM,2022,Conflict/Migration,5995,-9.882,-5.531
JM,2022,Disapproval/Sanction,5275,-2.872,-2.834
JM,2022,Other,33673,1.345,-1.623
JM,2022,Protest,630,-4.711,-3.066
JM,2023,Aid/Cooperation,26061,2.841,0.096
JM,2023,Conflict/Migration,6645,-9.835,-5.47
JM,2023,Disapproval/Sanction,6234,-2.951,-2.465
JM,2023,Other,36016,1.365,-1.458
JM,2023,Protest,665,-4.917,-3.184
JM,2024,Aid/Cooperation,28877,2.823,0.401
JM,2024,Conflict/Migration,5949,-9.857,-5.077
JM,2024,Disapproval/Sanction,6580,-2.92,-2.439
JM,2024,Other,36796,1.506,-1.176
JM,2024,Protest,739,-4.786,-3.236
KE,1996,Aid/Cooperation,3562,2.947,4.885
KE,1996,Conflict/Migration,709,-9.843,3.055
KE,1996,Disapproval/Sanction,695,-2.978,4.536
KE,1996,Other,3436,1.657,4.723
KE,1996,Protest,86,-5.042,5.021
KE,1997,Aid/Cooperation,6733,3.125,4.904
KE,1997,Conflict/Migration,1835,-9.838,3.297
KE,1997,Disapproval/Sanction,2652,-2.943,4.808
KE,1997,Other,9466,1.152,4.541
KE,1997,Protest,379,-5.192,4.565
KE,1998,Aid/Cooperation,10322,3.033,5.062
KE,1998,Conflict/Migration,3180,-9.848,3.738
KE,1998,Disapproval/Sanction,4895,-2.946,4.638
KE,1998,Other,17812,1.365,4.754
KE,1998,Protest,756,-5.043,4.606
KE,1999,Aid/Cooperation,10854,3.054,5.508
KE,1999,Conflict/Migration,2807,-9.797,3.798
KE,1999,Disapproval/Sanction,4864,-2.977,5.019
KE,1999,Other,17553,1.313,5.218
KE,1999,Protest,697,-4.904,5.08
KE,2000,Aid/Cooperation,11770,3.004,5.372
KE,2000,Conflict/Migration,3187,-9.813,3.766
KE,2000,Disapproval/Sanction,5394,-2.925,4.862
KE,2000,Other,18531,1.519,5.087
KE,2000,Protest,769,-4.924,4.77
KE,2001,Aid/Cooperation,12886,3.028,5.466
KE,2001,Conflict/Migration,3821,-9.827,3.676
KE,2001,Disapproval/Sanction,5526,-2.875,4.84
KE,2001,Other,20620,1.229,4.986
KE,2001,Protest,658,-5.104,4.935
KE,2002,Aid/Cooperation,22202,3.095,5.766
KE,2002,Conflict/Migration,5463,-9.842,3.847
KE,2002,Disapproval/Sanction,11063,-2.948,5.314
KE,2002,Other,35403,1.271,5.407
KE,2002,Protest,1453,-5.112,5.015
KE,2003,Aid/Cooperation,23809,3.108,5.716
KE,2003,Conflict/Migration,4272,-9.826,3.888
KE,2003,Disapproval/Sanction,9866,-2.986,5.013
KE,2003,Other,37293,1.449,5.366
KE,2003,Protest,1451,-5.1,4.95
KE,2004,Aid/Cooperation,26717,3.018,5.522
KE,2004,Conflict/Migration,4782,-9.807,3.86
KE,2004,Disapproval/Sanction,11545,-2.978,5.021
KE,2004,Other,40728,1.524,5.234
KE,2004,Protest,1456,-4.979,5.213
KE,2005,Aid/Cooperation,23009,2.98,5.478
KE,2005,Conflict/Migration,4972,-9.841,3.747
KE,2005,Disapproval/Sanction,11393,-2.963,4.975
KE,2005,Other,36909,1.524,5.198
KE,2005,Protest,1505,-4.91,4.988
KE,2006,Aid/Cooperation,27247,3.002,5.506
KE,2006,Conflict/Migration,5574,-9.835,3.872
KE,2006,Disapproval/Sanction,11705,-2.977,4.925
KE,2006,Other,42329,1.637,5.134
KE,2006,Protest,1774,-4.912,4.967
KE,2007,Aid/Cooperation,18250,3.034,5.594
KE,2007,Conflict/Migration,6548,-9.866,3.639
KE,2007,Disapproval/Sanction,7667,-2.842,5.047
KE,2007,Other,30684,1.304,5.181
KE,2007,Protest,1050,-4.999,5.003
KE,2008,Aid/Cooperation,35385,3.057,5.56
KE,2008,Conflict/Migration,11547,-9.813,4.09
KE,2008,Disapproval/Sanction,12406,-2.897,5.125
KE,2008,Other,50964,1.351,5.317
KE,2008,Protest,1971,-5.065,5.168
KE,2009,Aid/Cooperation,51993,2.953,5.676
KE,2009,Conflict/Migration,10891,-9.787,4.11
KE,2009,Disapproval/Sanction,18042,-2.922,5.011
KE,2009,Other,75499,1.75,5.278
KE,2009,Protest,2638,-4.978,5.013
KE,2010,Aid/Cooperation,34665,3.034,5.966
KE,2010,Conflict/Migration,5618,-9.79,4.18
KE,2010,Disapproval/Sanction,12744,-2.924,5.229
KE,2010,Other,52286,1.46,5.596
KE,2010,Protest,1753,-5.024,5.219
KE,2011,Aid/Cooperation,54557,2.871,5.69
KE,2011,Conflict/Migration,16111,-9.774,3.826
KE,2011,Disapproval/Sanction,20135,-2.918,4.958
KE,2011,Other,81172,1.673,5.367
KE,2011,Protest,3807,-5.148,4.676
KE,2012,Aid/Cooperation,45866,3.064,5.445
KE,2012,Conflict/Migration,19288,-9.824,3.316
KE,2012,Disapproval/Sanction,19670,-2.853,4.496
KE,2012,Other,72582,1.474,5.023
KE,2012,Protest,3264,-5.235,4.421
KE,2013,Aid/Cooperation,71223,2.966,2.534
KE,2013,Conflict/Migration,27860,-9.822,1.621
KE,2013,Disapproval/Sanction,32397,-2.818,2.145
KE,2013,Other,110991,1.41,2.271
KE,2013,Protest,5329,-5.19,2.028
KE,2014,Aid/Cooperation,84038,2.978,2.654
KE,2014,Conflict/Migration,31355,-9.851,1.406
KE,2014,Disapproval/Sanction,36956,-2.862,2.129
KE,2014,Other,132913,1.494,2.288
KE,2014,Protest,6151,-5.144,2.077
KE,2015,Aid/Cooperation,125646,2.94,-1.018
KE,2015,Conflict/Migration,38798,-9.848,-5.678
KE,2015,Disapproval/Sanction,43574,-2.86,-3.35
KE,2015,Other,168181,1.779,-2.131
KE,2015,Protest,7964,-5.264,-4.315
KE,2016,Aid/Cooperation,139991,3.004,-1.128
KE,2016,Conflict/Migration,40062,-9.834,-5.815
KE,2016,Disapproval/Sanction,52348,-2.846,-3.622
KE,2016,Other,196671,1.524,-2.509
KE,2016,Protest,7741,-5.076,-4.08
KE,2017,Aid/Cooperation,118614,2.896,-1.016
KE,2017,Conflict/Migration,33993,-9.843,-5.495
KE,2017,Disapproval/Sanction,51705,-2.872,-2.936
KE,2017,Other,179231,1.397,-2.238
KE,2017,Protest,7903,-4.981,-3.398
KE,2018,Aid/Cooperation,122972,2.922,-0.945
KE,2018,Conflict/Migration,25574,-9.792,-5.462
KE,2018,Disapproval/Sanction,48284,-2.883,-3.55
KE,2018,Other,182489,1.481,-2.42
KE,2018,Protest,6641,-4.883,-3.828
KE,2019,Aid/Cooperation,105134,2.937,-1.001
KE,2019,Conflict/Migration,23771,-9.821,-5.543
KE,2019,Disapproval/Sanction,40801,-2.865,-3.413
KE,2019,Other,152284,1.476,-2.433
KE,2019,Protest,5883,-4.968,-3.796
KE,2020,Aid/Cooperation,74659,2.903,-1.46
KE,2020,Conflict/Migration,18218,-9.828,-5.367
KE,2020,Disapproval/Sanction,27495,-2.915,-3.42
KE,2020,Other,115867,1.556,-2.504
KE,2020,Protest,4538,-4.898,-3.957
KE,2021,Aid/Cooperation,63471,2.978,-0.716
KE,2021,Conflict/Migration,11589,-9.78,-4.908
KE,2021,Disapproval/Sanction,20833,-2.861,-2.849
KE,2021,Other,89120,1.71,-1.853
KE,2021,Protest,3003,-4.849,-3.177
KE,2022,Aid/Cooperation,62680,3.05,-0.253
KE,2022,Conflict/Migration,10611,-9.82,-4.381
KE,2022,Disapproval/Sanction,19765,-2.859,-2.376
KE,2022,Other,83519,1.857,-1.281
KE,2022,Protest,2688,-4.859,-3.009
KE,2023,Aid/Cooperation,92071,3.053,-0.258
KE,2023,Conflict/Migration,15487,-9.804,-5.218
KE,2023,Disapproval/Sanction,30020,-2.887,-3.326
KE,2023,Other,130828,1.626,-1.891
KE,2023,Protest,5078,-4.894,-3.873
KE,2024,Aid/Cooperation,90535,3.053,-0.577
KE,2024,Conflict/Migration,17682,-9.754,-5.458
KE,2024,Disapproval/Sanction,34331,-2.902,-3.675
KE,2024,Other,139477,1.556,-2.183
KE,2024,Protest,5336,-4.945,-4.008
KR,1996,Aid/Cooperation,80,2.624,6.724
KR,1996,Conflict/Migration,2,-9.25,4.716
KR,1996,Disapproval/Sanction,2,-3,2.734
KR,1996,Other,29,2.448,4.388
KR,1996,Protest,2,-4.4,4.575
KR,1997,Aid/Cooperation,43,3.691,5.572
KR,1997,Conflict/Migration,2,-10,3.571
KR,1997,Disapproval/Sanction,1,-5,3.743
KR,1997,Other,43,1.795,5.216
KR,1998,Aid/Cooperation,61,4.351,6.423
KR,1998,Conflict/Migration,12,-9.917,2.069
KR,1998,Disapproval/Sanction,8,-2.75,3.331
KR,1998,Other,70,2.854,5.778
KR,1999,Aid/Cooperation,130,2.851,4.567
KR,1999,Conflict/Migration,6,-9.917,5.822
KR,1999,Disapproval/Sanction,11,-3.545,5.613
KR,1999,Other,116,0.33,4.924
KR,1999,Protest,4,-5.05,4
KR,2000,Aid/Cooperation,191,2.815,5.52
KR,2000,Conflict/Migration,9,-9.333,3.815
KR,2000,Disapproval/Sanction,13,-2.923,5.345
KR,2000,Other,135,2.731,5.37
KR,2000,Protest,4,-7,5.508
KR,2001,Aid/Cooperation,52,3.05,5.728
KR,2001,Conflict/Migration,7,-10,6.682
KR,2001,Disapproval/Sanction,11,-2.636,5.461
KR,2001,Other,72,2.197,6.264
KR,2002,Aid/Cooperation,68,2.809,5.822
KR,2002,Conflict/Migration,6,-9.917,4.002
KR,2002,Disapproval/Sanction,20,-2.35,3.999
KR,2002,Other,61,1.954,5.153
KR,2002,Protest,4,-5.05,3.666
KR,2003,Aid/Cooperation,174,5.089,6.44
KR,2003,Conflict/Migration,13,-9.885,3.668
KR,2003,Disapproval/Sanction,28,-2.929,6.662
KR,2003,Other,132,0.862,5.432
KR,2003,Protest,2,-4.4,5.081
KR,2004,Aid/Cooperation,105,4.143,6.135
KR,2004,Conflict/Migration,4,-9.125,5.48
KR,2004,Disapproval/Sanction,13,-2.923,5.787
KR,2004,Other,64,1.777,5.806
KR,2005,Aid/Cooperation,85,3.001,6.307
KR,2005,Conflict/Migration,1,-10,6.584
KR,2005,Disapproval/Sanction,9,-3.333,4.779
KR,2005,Other,65,1.863,5.745
KR,2006,Aid/Cooperation,136,2.851,6.331
KR,2006,Conflict/Migration,4,-9.875,5.226
KR,2006,Disapproval/Sanction,19,-2.263,6.855
KR,2006,Other,59,3.766,6.996
KR,2006,Protest,2,-5.7,6.952
KR,2007,Aid/Cooperation,97,2.677,6.016
KR,2007,Conflict/Migration,21,-9.619,5.5
KR,2007,Disapproval/Sanction,22,-3.591,5.629
KR,2007,Other,152,2.465,5.918
KR,2007,Protest,23,-4.765,4.286
KR,2008,Aid/Cooperation,181,3.022,6.164
KR,2008,Conflict/Migration,18,-9.5,4.934
KR,2008,Disapproval/Sanction,21,-2.667,5.876
KR,2008,Other,274,1.645,5.689
KR,2008,Protest,5,-4.68,7.226
KR,2009,Aid/Cooperation,368,3.45,6.184
KR,2009,Conflict/Migration,37,-9.878,5.253
KR,2009,Disapproval/Sanction,28,-3.464,5.805
KR,2009,Other,391,2.267,5.914
KR,2009,Protest,7,-5,5.109
KR,2010,Aid/Cooperation,531,3.67,6.152
KR,2010,Conflict/Migration,136,-9.706,4.599
KR,2010,Disapproval/Sanction,28,-3.214,6.081
KR,2010,Other,460,2.467,6.123
KR,2010,Protest,10,-4.4,5.434
KR,2011,Aid/Cooperation,539,3.182,6.994
KR,2011,Conflict/Migration,57,-9.772,6.014
KR,2011,Disapproval/Sanction,51,-2.804,5.435
KR,2011,Other,673,2.226,5.744
KR,2011,Protest,11,-4.636,5.907
KR,2012,Aid/Cooperation,635,3.101,5.969
KR,2012,Conflict/Migration,62,-9.831,4.535
KR,2012,Disapproval/Sanction,79,-3.038,5.292
KR,2012,Other,937,1.931,5.865
KR,2012,Protest,8,-5.7,5.137
KR,2013,Aid/Cooperation,885,3.907,2.437
KR,2013,Conflict/Migration,102,-9.799,2.617
KR,2013,Disapproval/Sanction,212,-3.547,1.842
KR,2013,Other,974,1.832,1.977
KR,2013,Protest,23,-5.096,1.816
KR,2014,Aid/Cooperation,1054,2.648,2.587
KR,2014,Conflict/Migration,168,-9.497,2.197
KR,2014,Disapproval/Sanction,141,-3.305,2.409
KR,2014,Other,861,2.011,2.657
KR,2014,Protest,25,-4.664,2.657
KR,2015,Aid/Cooperation,2020,2.777,-0.713
KR,2015,Conflict/Migration,384,-9.854,-2.287
KR,2015,Disapproval/Sanction,320,-3.122,-2.898
KR,2015,Other,1939,2.147,-1.771
KR,2015,Protest,55,-4.993,-2.208
KR,2016,Aid/Cooperation,1508,3.616,-0.384
KR,2016,Conflict/Migration,501,-9.884,-2.713
KR,2016,Disapproval/Sanction,172,-3.087,-1.728
KR,2016,Other,1561,1.793,-0.909
KR,2016,Protest,96,-4.698,-4.599
KR,2017,Aid/Cooperation,1324,2.871,-0.394
KR,2017,Conflict/Migration,453,-9.84,-3.33
KR,2017,Disapproval/Sanction,173,-3.191,-2.19
KR,2017,Other,1269,2.034,-0.773
KR,2017,Protest,22,-5.355,-2.765
KR,2018,Aid/Cooperation,1460,3.299,-1.076
KR,2018,Conflict/Migration,406,-9.858,-3.564
KR,2018,Disapproval/Sanction,215,-2.944,-3.601
KR,2018,Other,1341,1.825,-1.274
KR,2018,Protest,23,-4.626,-3.341
KR,2019,Aid/Cooperation,1914,3.167,-0.04
KR,2019,Conflict/Migration,439,-9.818,-3.704
KR,2019,Disapproval/Sanction,218,-2.954,-1.716
KR,2019,Other,1451,1.106,-0.799
KR,2019,Protest,26,-5.1,-0.36
KR,2020,Aid/Cooperation,1149,3.019,0.394
KR,2020,Conflict/Migration,315,-9.857,-2.901
KR,2020,Disapproval/Sanction,180,-2.983,-1.504
KR,2020,Other,1183,1.635,-0.444
KR,2020,Protest,31,-4.568,-4.768
KR,2021,Aid/Cooperation,820,2.885,0.009
KR,2021,Conflict/Migration,158,-9.797,-3.465
KR,2021,Disapproval/Sanction,122,-3.508,-2.902
KR,2021,Other,826,1.713,-1.262
KR,2021,Protest,17,-4.706,-2.741
KR,2022,Aid/Cooperation,1439,3.024,-0.122
KR,2022,Conflict/Migration,156,-9.878,-2.864
KR,2022,Disapproval/Sanction,217,-3.387,-1.949
KR,2022,Other,1311,2.66,-0.849
KR,2022,Protest,27,-4.504,-1.373
KR,2023,Aid/Cooperation,1255,3.093,0.576
KR,2023,Conflict/Migration,156,-9.885,-4.387
KR,2023,Disapproval/Sanction,108,-3.065,-3.199
KR,2023,Other,1138,2.099,-0.81
KR,2023,Protest,16,-4.737,-1.918
KR,2024,Aid/Cooperation,990,3.327,0.504
KR,2024,Conflict/Migration,174,-9.494,-2.134
KR,2024,Disapproval/Sanction,205,-3.288,-0.658
KR,2024,Other,1073,1.653,-0.794
KR,2024,Protest,39,-4.867,-1.967
LA,1996,Aid/Cooperation,1704,3.198,7.041
LA,1996,Conflict/Migration,43,-9.837,3.55
LA,1996,Disapproval/Sanction,65,-3.738,4.733
LA,1996,Other,861,2.898,6.233
LA,1996,Protest,7,-4.771,4.757
LA,1997,Aid/Cooperation,2627,3.377,5.982
LA,1997,Conflict/Migration,70,-9.807,5.09
LA,1997,Disapproval/Sanction,187,-3.273,5.124
LA,1997,Other,1715,2.713,5.466
LA,1997,Protest,17,-5.024,4.566
LA,1998,Aid/Cooperation,1489,3.484,7.271
LA,1998,Conflict/Migration,59,-9.924,4.269
LA,1998,Disapproval/Sanction,75,-3.213,5.496
LA,1998,Other,1036,2.636,5.918
LA,1998,Protest,14,-5.614,4.323
LA,1999,Aid/Cooperation,1937,3.447,7.191
LA,1999,Conflict/Migration,50,-9.79,4.228
LA,1999,Disapproval/Sanction,86,-3.36,4.884
LA,1999,Other,818,2.319,6.287
LA,1999,Protest,7,-5.343,4.73
LA,2000,Aid/Cooperation,2947,3.379,7.038
LA,2000,Conflict/Migration,397,-9.916,4.3
LA,2000,Disapproval/Sanction,273,-2.875,4.546
LA,2000,Other,2024,1.684,5.557
LA,2000,Protest,37,-4.897,4.925
LA,2001,Aid/Cooperation,2497,3.135,7.431
LA,2001,Conflict/Migration,71,-9.93,5.179
LA,2001,Disapproval/Sanction,211,-3.227,5.647
LA,2001,Other,1868,1.259,6.187
LA,2001,Protest,21,-5.343,5.815
LA,2002,Aid/Cooperation,1305,3.536,7.777
LA,2002,Conflict/Migration,62,-9.831,4.283
LA,2002,Disapproval/Sanction,103,-3.029,5.183
LA,2002,Other,796,1.999,6.259
LA,2002,Protest,12,-4.617,5.821
LA,2003,Aid/Cooperation,1732,2.848,6.618
LA,2003,Conflict/Migration,355,-9.734,3.344
LA,2003,Disapproval/Sanction,355,-2.876,4.761
LA,2003,Other,1888,0.925,5.436
LA,2003,Protest,16,-5.05,4.866
LA,2004,Aid/Cooperation,2264,3.176,6.917
LA,2004,Conflict/Migration,181,-9.837,4.305
LA,2004,Disapproval/Sanction,188,-2.771,5.161
LA,2004,Other,1426,2.166,5.904
LA,2004,Protest,25,-5.6,4.162
LA,2005,Aid/Cooperation,1385,3.177,6.194
LA,2005,Conflict/Migration,47,-9.734,4.302
LA,2005,Disapproval/Sanction,90,-3.356,4.732
LA,2005,Other,1005,2.33,5.414
LA,2005,Protest,7,-4.4,5.004
LA,2006,Aid/Cooperation,1573,2.944,7.835
LA,2006,Conflict/Migration,134,-9.907,3.433
LA,2006,Disapproval/Sanction,146,-3.144,4.713
LA,2006,Other,1109,2.105,5.857
LA,2006,Protest,16,-4.888,5.259
LA,2007,Aid/Cooperation,2007,3.276,6.332
LA,2007,Conflict/Migration,247,-9.798,4.162
LA,2007,Disapproval/Sanction,372,-2.944,4.805
LA,2007,Other,2211,1.966,5.125
LA,2007,Protest,49,-5.518,4.257
LA,2008,Aid/Cooperation,2348,2.854,6.124
LA,2008,Conflict/Migration,228,-9.765,4.805
LA,2008,Disapproval/Sanction,242,-2.773,4.606
LA,2008,Other,2013,2.136,5.539
LA,2008,Protest,32,-5.05,5.29
LA,2009,Aid/Cooperation,4931,3.291,6.259
LA,2009,Conflict/Migration,558,-9.745,4.539
LA,2009,Disapproval/Sanction,770,-3.095,5.036
LA,2009,Other,6014,1.596,5.465
LA,2009,Protest,94,-5.043,4.991
LA,2010,Aid/Cooperation,5336,3.068,7.544
LA,2010,Conflict/Migration,483,-9.814,4.634
LA,2010,Disapproval/Sanction,509,-2.788,5.329
LA,2010,Other,4134,2.333,6.171
LA,2010,Protest,71,-5.011,5.212
LA,2011,Aid/Cooperation,5607,2.985,7.66
LA,2011,Conflict/Migration,732,-9.921,4.607
LA,2011,Disapproval/Sanction,671,-3.271,5.512
LA,2011,Other,5204,2.078,6.108
LA,2011,Protest,136,-5.085,5.15
LA,2012,Aid/Cooperation,6392,2.936,6.172
LA,2012,Conflict/Migration,420,-9.843,4.233
LA,2012,Disapproval/Sanction,595,-3.101,4.442
LA,2012,Other,5231,2.183,5.192
LA,2012,Protest,108,-4.98,4.927
LA,2013,Aid/Cooperation,7274,2.962,3.167
LA,2013,Conflict/Migration,794,-9.819,2.077
LA,2013,Disapproval/Sanction,829,-3.207,2.297
LA,2013,Other,6468,2.066,2.45
LA,2013,Protest,123,-4.86,2.383
LA,2014,Aid/Cooperation,7335,2.882,3.184
LA,2014,Conflict/Migration,711,-9.835,1.876
LA,2014,Disapproval/Sanction,823,-3.149,2.378
LA,2014,Other,7083,1.968,2.572
LA,2014,Protest,98,-4.82,2.233
LA,2015,Aid/Cooperation,12778,2.955,1.554
LA,2015,Conflict/Migration,984,-9.772,-3.051
LA,2015,Disapproval/Sanction,1121,-3.173,-1.897
LA,2015,Other,10667,2.275,-0.2
LA,2015,Protest,164,-4.801,-2.806
LA,2016,Aid/Cooperation,32686,2.852,0.155
LA,2016,Conflict/Migration,2029,-9.841,-3.934
LA,2016,Disapproval/Sanction,3836,-3.065,-2.82
LA,2016,Other,23673,2.233,-0.977
LA,2016,Protest,640,-4.894,-3.959
LA,2017,Aid/Cooperation,15787,3.017,1.779
LA,2017,Conflict/Migration,1221,-9.825,-2.744
LA,2017,Disapproval/Sanction,1521,-2.937,-2.516
LA,2017,Other,12354,2.012,-0.351
LA,2017,Protest,294,-5.002,-3.12
LA,2018,Aid/Cooperation,12862,3.08,1.492
LA,2018,Conflict/Migration,1091,-9.853,-2.919
LA,2018,Disapproval/Sanction,1149,-3.166,-2.572
LA,2018,Other,12024,2.311,-0.961
LA,2018,Protest,247,-4.709,-3.166
LA,2019,Aid/Cooperation,10749,2.999,1.523
LA,2019,Conflict/Migration,864,-9.81,-3.006
LA,2019,Disapproval/Sanction,995,-3.021,-2.673
LA,2019,Other,9056,2.053,-0.8
LA,2019,Protest,119,-4.659,-2.871
LA,2020,Aid/Cooperation,6616,3.01,0.289
LA,2020,Conflict/Migration,689,-9.824,-3.069
LA,2020,Disapproval/Sanction,814,-2.99,-3.204
LA,2020,Other,7307,1.958,-1.594
LA,2020,Protest,118,-4.907,-3.464
LA,2021,Aid/Cooperation,7786,3.077,1.346
LA,2021,Conflict/Migration,594,-9.885,-2.66
LA,2021,Disapproval/Sanction,766,-3.151,-2.359
LA,2021,Other,8127,2.358,-0.489
LA,2021,Protest,92,-4.861,-1.984
LA,2022,Aid/Cooperation,9550,3.037,2.731
LA,2022,Conflict/Migration,509,-9.833,-2.862
LA,2022,Disapproval/Sanction,598,-3.095,-1.471
LA,2022,Other,7368,2.451,0.534
LA,2022,Protest,94,-4.945,-3.47
LA,2023,Aid/Cooperation,18476,3.1,2.695
LA,2023,Conflict/Migration,871,-9.868,-3.269
LA,2023,Disapproval/Sanction,787,-3.036,-1.441
LA,2023,Other,11602,2.543,0.94
LA,2023,Protest,135,-4.68,-0.796
LA,2024,Aid/Cooperation,23050,2.989,1.659
LA,2024,Conflict/Migration,873,-9.863,-3.163
LA,2024,Disapproval/Sanction,1047,-2.986,-2.097
LA,2024,Other,12956,2.369,0.213
LA,2024,Protest,260,-4.567,-4.661
MX,1996,Aid/Cooperation,6470,3.263,6.025
MX,1996,Conflict/Migration,1632,-9.805,3.979
MX,1996,Disapproval/Sanction,1892,-2.877,5.251
MX,1996,Other,7530,0.971,5.282
MX,1996,Protest,259,-5.182,5.564
MX,1997,Aid/Cooperation,7730,3.072,5.875
MX,1997,Conflict/Migration,1908,-9.81,4.241
MX,1997,Disapproval/Sanction,2632,-2.952,5.22
MX,1997,Other,9360,0.965,5.24
MX,1997,Protest,310,-5.168,5.294
MX,1998,Aid/Cooperation,7047,3.082,5.223
MX,1998,Conflict/Migration,2277,-9.83,4.02
MX,1998,Disapproval/Sanction,2765,-2.862,5.011
MX,1998,Other,10244,0.789,4.953
MX,1998,Protest,324,-5.149,4.912
MX,1999,Aid/Cooperation,7371,2.899,5.642
MX,1999,Conflict/Migration,1860,-9.814,4.317
MX,1999,Disapproval/Sanction,2481,-2.82,5.487
MX,1999,Other,9663,1.074,5.208
MX,1999,Protest,262,-5.138,5.472
MX,2000,Aid/Cooperation,8225,3.053,6.121
MX,2000,Conflict/Migration,1800,-9.815,4.347
MX,2000,Disapproval/Sanction,2332,-2.794,5.512
MX,2000,Other,10365,1.486,5.736
MX,2000,Protest,278,-5.049,5.482
MX,2001,Aid/Cooperation,11186,3.037,6.279
MX,2001,Conflict/Migration,1529,-9.826,4.673
MX,2001,Disapproval/Sanction,2878,-3.04,5.97
MX,2001,Other,12361,1.598,5.94
MX,2001,Protest,404,-5.051,5.997
MX,2002,Aid/Cooperation,8238,2.944,6.033
MX,2002,Conflict/Migration,1543,-9.816,4.357
MX,2002,Disapproval/Sanction,2119,-2.953,5.638
MX,2002,Other,9693,1.465,5.763
MX,2002,Protest,266,-5.144,5.49
MX,2003,Aid/Cooperation,8889,2.997,5.851
MX,2003,Conflict/Migration,1679,-9.797,4.078
MX,2003,Disapproval/Sanction,2429,-2.952,5.656
MX,2003,Other,11300,1.13,5.609
MX,2003,Protest,265,-5.143,5.819
MX,2004,Aid/Cooperation,8152,2.965,6.144
MX,2004,Conflict/Migration,1569,-9.782,3.924
MX,2004,Disapproval/Sanction,2428,-2.852,5.54
MX,2004,Other,9743,1.122,5.514
MX,2004,Protest,235,-5.23,5.254
MX,2005,Aid/Cooperation,5328,2.934,5.8
MX,2005,Conflict/Migration,2002,-9.864,3.726
MX,2005,Disapproval/Sanction,1815,-2.799,5.202
MX,2005,Other,7501,0.921,5.272
MX,2005,Protest,197,-5.279,4.815
MX,2006,Aid/Cooperation,9874,2.873,5.544
MX,2006,Conflict/Migration,3621,-9.826,3.884
MX,2006,Disapproval/Sanction,4471,-2.881,5.138
MX,2006,Other,17283,1.055,5.25
MX,2006,Protest,663,-5.069,5.244
MX,2007,Aid/Cooperation,16765,2.982,5.487
MX,2007,Conflict/Migration,5711,-9.834,3.563
MX,2007,Disapproval/Sanction,5176,-2.74,5.023
MX,2007,Other,27299,1.245,4.866
MX,2007,Protest,714,-5.138,4.717
MX,2008,Aid/Cooperation,26713,3.121,5.273
MX,2008,Conflict/Migration,11890,-9.847,3.417
MX,2008,Disapproval/Sanction,7593,-2.803,4.603
MX,2008,Other,45321,1.182,4.432
MX,2008,Protest,1144,-5.097,4.534
MX,2009,Aid/Cooperation,62776,3.067,5.314
MX,2009,Conflict/Migration,21808,-9.856,3.435
MX,2009,Disapproval/Sanction,13852,-2.862,4.679
MX,2009,Other,85467,1.217,4.668
MX,2009,Protest,2396,-5.005,4.556
MX,2010,Aid/Cooperation,55021,3.038,5.399
MX,2010,Conflict/Migration,36281,-9.843,3.275
MX,2010,Disapproval/Sanction,15518,-2.75,4.512
MX,2010,Other,85949,1.192,4.768
MX,2010,Protest,2433,-5.045,4.184
MX,2011,Aid/Cooperation,60493,2.837,5.483
MX,2011,Conflict/Migration,33279,-9.821,3.472
MX,2011,Disapproval/Sanction,20084,-2.775,4.637
MX,2011,Other,100649,0.944,4.736
MX,2011,Protest,2664,-4.994,4.458
MX,2012,Aid/Cooperation,75649,3.038,5.519
MX,2012,Conflict/Migration,26974,-9.836,3.597
MX,2012,Disapproval/Sanction,20044,-2.781,4.701
MX,2012,Other,106968,1.204,4.777
MX,2012,Protest,2454,-4.991,4.352
MX,2013,Aid/Cooperation,65779,3.038,2.711
MX,2013,Conflict/Migration,21201,-9.782,1.749
MX,2013,Disapproval/Sanction,17582,-2.86,2.262
MX,2013,Other,101545,1.428,2.286
MX,2013,Protest,1975,-4.933,2.206
MX,2014,Aid/Cooperation,95696,2.823,2.583
MX,2014,Conflict/Migration,33477,-9.787,1.517
MX,2014,Disapproval/Sanction,25612,-2.885,2.01
MX,2014,Other,145064,1.057,2.08
MX,2014,Protest,3184,-5.203,1.909
MX,2015,Aid/Cooperation,127222,2.871,-0.54
MX,2015,Conflict/Migration,44171,-9.784,-4.458
MX,2015,Disapproval/Sanction,37923,-2.82,-2.832
MX,2015,Other,185847,1.282,-2.205
MX,2015,Protest,5086,-5.042,-3.215
MX,2016,Aid/Cooperation,175633,2.859,-0.993
MX,2016,Conflict/Migration,49815,-9.757,-4.766
MX,2016,Disapproval/Sanction,55858,-2.772,-2.995
MX,2016,Other,244881,1.423,-2.375
MX,2016,Protest,6819,-5.023,-3.282
MX,2017,Aid/Cooperation,152291,2.946,-0.917
MX,2017,Conflict/Migration,41535,-9.81,-4.835
MX,2017,Disapproval/Sanction,47872,-2.885,-2.905
MX,2017,Other,239274,1.595,-2.247
MX,2017,Protest,8208,-5.076,-3.185
MX,2018,Aid/Cooperation,165518,3.039,-1.111
MX,2018,Conflict/Migration,42392,-9.795,-4.819
MX,2018,Disapproval/Sanction,48721,-2.876,-3.074
MX,2018,Other,244347,1.665,-2.42
MX,2018,Protest,8485,-5.071,-3.422
MX,2019,Aid/Cooperation,147874,2.947,-1.551
MX,2019,Conflict/Migration,45532,-9.767,-5.185
MX,2019,Disapproval/Sanction,45850,-2.878,-3.663
MX,2019,Other,228516,1.5,-2.99
MX,2019,Protest,7911,-4.951,-4.069
MX,2020,Aid/Cooperation,80888,2.915,-1.311
MX,2020,Conflict/Migration,22166,-9.799,-5.077
MX,2020,Disapproval/Sanction,23781,-2.909,-3.394
MX,2020,Other,120559,1.406,-2.673
MX,2020,Protest,3441,-4.889,-3.864
MX,2021,Aid/Cooperation,90398,2.802,-1.34
MX,2021,Conflict/Migration,22583,-9.783,-4.61
MX,2021,Disapproval/Sanction,23169,-2.878,-3.13
MX,2021,Other,123313,1.646,-2.517
MX,2021,Protest,2922,-4.856,-3.611
MX,2022,Aid/Cooperation,72484,2.866,-0.95
MX,2022,Conflict/Migration,22578,-9.798,-5.244
MX,2022,Disapproval/Sanction,19940,-2.891,-3.342
MX,2022,Other,98726,1.447,-2.66
MX,2022,Protest,2592,-4.867,-3.686
MX,2023,Aid/Cooperation,97861,2.814,-1.068
MX,2023,Conflict/Migration,28709,-9.752,-5.304
MX,2023,Disapproval/Sanction,26914,-2.849,-3.387
MX,2023,Other,133440,1.371,-2.706
MX,2023,Protest,3755,-4.905,-4.042
MX,2024,Aid/Cooperation,84595,2.837,-0.787
MX,2024,Conflict/Migration,25074,-9.787,-5.204
MX,2024,Disapproval/Sanction,24608,-2.884,-3.122
MX,2024,Other,120951,1.331,-2.558
MX,2024,Protest,3802,-4.802,-3.856
MY,1996,Aid/Cooperation,5459,3.146,5.29
MY,1996,Conflict/Migration,274,-9.704,3.987
MY,1996,Disapproval/Sanction,895,-2.915,4.998
MY,1996,Other,5030,1.625,4.934
MY,1996,Protest,146,-5.023,4.612
MY,1997,Aid/Cooperation,9296,3.066,5.307
MY,1997,Conflict/Migration,367,-9.796,4.021
MY,1997,Disapproval/Sanction,1116,-3.159,4.802
MY,1997,Other,8045,2.003,4.97
MY,1997,Protest,152,-4.899,4.947
MY,1998,Aid/Cooperation,11027,2.931,5.031
MY,1998,Conflict/Migration,975,-9.753,3.807
MY,1998,Disapproval/Sanction,3447,-2.95,4.561
MY,1998,Other,15019,1.163,4.604
MY,1998,Protest,369,-4.811,4.638
MY,1999,Aid/Cooperation,6983,2.967,5.528
MY,1999,Conflict/Migration,733,-9.729,4.361
MY,1999,Disapproval/Sanction,3151,-3.019,4.747
MY,1999,Other,11237,0.89,4.944
MY,1999,Protest,288,-4.944,4.645
MY,2000,Aid/Cooperation,12054,2.913,5.391
MY,2000,Conflict/Migration,2774,-9.421,4.134
MY,2000,Disapproval/Sanction,3489,-3.04,5.178
MY,2000,Other,15823,1.144,4.998
MY,2000,Protest,419,-5.16,4.845
MY,2001,Aid/Cooperation,10691,3.144,5.614
MY,2001,Conflict/Migration,1314,-9.763,4.179
MY,2001,Disapproval/Sanction,3056,-2.964,5.021
MY,2001,Other,14644,0.99,5.156
MY,2001,Protest,485,-5.194,4.715
MY,2002,Aid/Cooperation,9761,3.209,5.535
MY,2002,Conflict/Migration,897,-9.745,4.022
MY,2002,Disapproval/Sanction,2877,-2.893,4.851
MY,2002,Other,12884,0.768,4.893
MY,2002,Protest,411,-5.597,4.49
MY,2003,Aid/Cooperation,13104,3.189,5.679
MY,2003,Conflict/Migration,1234,-9.82,4.285
MY,2003,Disapproval/Sanction,3156,-2.959,5.274
MY,2003,Other,14650,1.316,5.288
MY,2003,Protest,455,-5.077,5.32
MY,2004,Aid/Cooperation,8900,3.245,5.856
MY,2004,Conflict/Migration,1413,-9.771,3.729
MY,2004,Disapproval/Sanction,2424,-2.933,5.043
MY,2004,Other,11855,1.19,5.105
MY,2004,Protest,322,-5.002,4.851
MY,2005,Aid/Cooperation,7604,3.285,5.718
MY,2005,Conflict/Migration,1103,-9.817,3.362
MY,2005,Disapproval/Sanction,1897,-2.898,4.783
MY,2005,Other,9875,1.404,5.07
MY,2005,Protest,274,-5.285,4.462
MY,2006,Aid/Cooperation,15795,3.081,6.026
MY,2006,Conflict/Migration,1648,-9.857,4.139
MY,2006,Disapproval/Sanction,3873,-3.052,5.561
MY,2006,Other,20627,1.652,5.711
MY,2006,Protest,440,-5.005,5.593
MY,2007,Aid/Cooperation,24806,3.269,6.018
MY,2007,Conflict/Migration,3456,-9.847,3.984
MY,2007,Disapproval/Sanction,7323,-3.052,5.375
MY,2007,Other,38938,1.523,5.617
MY,2007,Protest,921,-4.881,5.013
MY,2008,Aid/Cooperation,30223,3.239,5.932
MY,2008,Conflict/Migration,3464,-9.806,4.366
MY,2008,Disapproval/Sanction,11804,-3.037,5.381
MY,2008,Other,52023,1.573,5.575
MY,2008,Protest,1260,-4.96,5.352
MY,2009,Aid/Cooperation,55388,3.051,5.973
MY,2009,Conflict/Migration,7394,-9.828,4.254
MY,2009,Disapproval/Sanction,18728,-3.129,5.38
MY,2009,Other,87745,1.487,5.546
MY,2009,Protest,1763,-4.991,5.163
MY,2010,Aid/Cooperation,44057,3.131,6.056
MY,2010,Conflict/Migration,5862,-9.808,4.295
MY,2010,Disapproval/Sanction,14868,-3.03,5.374
MY,2010,Other,71648,1.439,5.506
MY,2010,Protest,1638,-5.026,5.101
MY,2011,Aid/Cooperation,54919,3.08,6.154
MY,2011,Conflict/Migration,6856,-9.787,4.303
MY,2011,Disapproval/Sanction,17917,-3.066,5.392
MY,2011,Other,87312,1.56,5.556
MY,2011,Protest,2026,-4.932,5.259
MY,2012,Aid/Cooperation,59759,3.128,5.729
MY,2012,Conflict/Migration,7346,-9.779,3.948
MY,2012,Disapproval/Sanction,20254,-3.064,4.985
MY,2012,Other,98246,1.576,5.116
MY,2012,Protest,2021,-4.911,4.705
MY,2013,Aid/Cooperation,82557,3.111,2.801
MY,2013,Conflict/Migration,15333,-9.835,1.779
MY,2013,Disapproval/Sanction,28888,-3.059,2.458
MY,2013,Other,127504,1.522,2.443
MY,2013,Protest,3156,-4.884,2.326
MY,2014,Aid/Cooperation,146459,2.997,2.333
MY,2014,Conflict/Migration,28664,-9.826,1.616
MY,2014,Disapproval/Sanction,48552,-3.043,2.143
MY,2014,Other,231271,1.311,2.089
MY,2014,Protest,5401,-4.968,2.06
MY,2015,Aid/Cooperation,159471,2.973,-0.755
MY,2015,Conflict/Migration,24239,-9.822,-3.222
MY,2015,Disapproval/Sanction,59316,-3.093,-2.21
MY,2015,Other,264945,1.364,-1.674
MY,2015,Protest,6613,-4.964,-2.564
MY,2016,Aid/Cooperation,138142,3.044,-0.825
MY,2016,Conflict/Migration,23636,-9.76,-4.453
MY,2016,Disapproval/Sanction,49638,-3.014,-2.643
MY,2016,Other,234416,1.455,-2.065
MY,2016,Protest,6280,-5.032,-3.263
MY,2017,Aid/Cooperation,121221,2.988,-0.63
MY,2017,Conflict/Migration,24148,-9.815,-4.796
MY,2017,Disapproval/Sanction,45014,-3.03,-2.848
MY,2017,Other,206284,1.356,-2.133
MY,2017,Protest,5000,-5.028,-3.429
MY,2018,Aid/Cooperation,114382,3.013,-0.582
MY,2018,Conflict/Migration,15360,-9.839,-4.377
MY,2018,Disapproval/Sanction,46174,-2.997,-2.371
MY,2018,Other,195529,1.63,-1.824
MY,2018,Protest,4495,-4.968,-2.743
MY,2019,Aid/Cooperation,99752,3,-0.424
MY,2019,Conflict/Migration,12569,-9.794,-4.609
MY,2019,Disapproval/Sanction,36456,-3.06,-2.624
MY,2019,Other,160804,1.67,-1.779
MY,2019,Protest,3770,-4.916,-2.858
MY,2020,Aid/Cooperation,81100,2.899,-1.167
MY,2020,Conflict/Migration,8863,-9.828,-3.945
MY,2020,Disapproval/Sanction,26596,-3.189,-2.689
MY,2020,Other,131867,1.722,-1.97
MY,2020,Protest,2654,-4.859,-2.882
MY,2021,Aid/Cooperation,55114,3.052,-0.369
MY,2021,Conflict/Migration,7150,-9.833,-3.274
MY,2021,Disapproval/Sanction,20477,-3.193,-2.342
MY,2021,Other,101331,1.844,-1.502
MY,2021,Protest,2254,-4.889,-2.956
MY,2022,Aid/Cooperation,52262,3.006,0.284
MY,2022,Conflict/Migration,4766,-9.841,-3.805
MY,2022,Disapproval/Sanction,16708,-3.08,-1.987
MY,2022,Other,83978,1.765,-1.204
MY,2022,Protest,1600,-4.882,-2.015
MY,2023,Aid/Cooperation,68781,3.012,0.998
MY,2023,Conflict/Migration,5090,-9.809,-3.81
MY,2023,Disapproval/Sanction,18826,-3.076,-1.793
MY,2023,Other,97364,1.828,-0.754
MY,2023,Protest,1888,-4.899,-2.144
MY,2024,Aid/Cooperation,67472,2.97,1.316
MY,2024,Conflict/Migration,6231,-9.82,-4.343
MY,2024,Disapproval/Sanction,15888,-3.105,-2.067
MY,2024,Other,94510,1.741,-0.851
MY,2024,Protest,1693,-4.807,-2.571
NG,1996,Aid/Cooperation,914,3.554,6.288
NG,1996,Conflict/Migration,91,-9.901,4.643
NG,1996,Disapproval/Sanction,210,-3.043,5.113
NG,1996,Other,988,0.762,5.938
NG,1996,Protest,44,-5.127,5.286
NG,1997,Aid/Cooperation,1226,3.152,5.479
NG,1997,Conflict/Migration,144,-9.816,3.19
NG,1997,Disapproval/Sanction,127,-3.047,4.962
NG,1997,Other,884,1.694,5.437
NG,1997,Protest,19,-5.2,5.663
NG,1998,Aid/Cooperation,1195,3.157,5.357
NG,1998,Conflict/Migration,222,-9.757,3.376
NG,1998,Disapproval/Sanction,199,-3.075,4.566
NG,1998,Other,1077,0.982,4.942
NG,1998,Protest,29,-5.531,4.315
NG,1999,Aid/Cooperation,1356,2.793,5.703
NG,1999,Conflict/Migration,375,-9.899,4.784
NG,1999,Disapproval/Sanction,423,-2.929,5.215
NG,1999,Other,1484,1.252,5.562
NG,1999,Protest,46,-5.026,5.267
NG,2000,Aid/Cooperation,963,3.142,6.188
NG,2000,Conflict/Migration,136,-9.831,4.147
NG,2000,Disapproval/Sanction,241,-2.959,4.674
NG,2000,Other,960,1.179,5.206
NG,2000,Protest,24,-4.892,4.827
NG,2001,Aid/Cooperation,640,3.079,5.84
NG,2001,Conflict/Migration,158,-9.902,4.667
NG,2001,Disapproval/Sanction,170,-2.759,5.335
NG,2001,Other,824,1.301,5.404
NG,2001,Protest,25,-5.24,5.479
NG,2002,Aid/Cooperation,853,3.389,5.211
NG,2002,Conflict/Migration,227,-9.612,3.197
NG,2002,Disapproval/Sanction,314,-3.048,4.533
NG,2002,Other,1163,0.59,4.837
NG,2002,Protest,40,-5.57,4.678
NG,2003,Aid/Cooperation,1299,2.79,5.649
NG,2003,Conflict/Migration,140,-9.807,4.49
NG,2003,Disapproval/Sanction,296,-2.973,4.963
NG,2003,Other,1464,1.289,5.262
NG,2003,Protest,33,-4.836,5.067
NG,2004,Aid/Cooperation,879,2.882,5.577
NG,2004,Conflict/Migration,185,-9.83,4.121
NG,2004,Disapproval/Sanction,199,-2.794,4.988
NG,2004,Other,1216,1.486,5.234
NG,2004,Protest,33,-5.109,4.951
NG,2005,Aid/Cooperation,1474,2.792,5.468
NG,2005,Conflict/Migration,179,-9.785,4.255
NG,2005,Disapproval/Sanction,316,-2.722,5.013
NG,2005,Other,2185,1.893,5.341
NG,2005,Protest,74,-5.005,5.239
NG,2006,Aid/Cooperation,1223,3.019,5.77
NG,2006,Conflict/Migration,247,-9.565,4.354
NG,2006,Disapproval/Sanction,359,-3,4.922
NG,2006,Other,1877,1.227,4.891
NG,2006,Protest,47,-5.017,4.627
NG,2007,Aid/Cooperation,1647,2.906,5.49
NG,2007,Conflict/Migration,815,-9.683,4.041
NG,2007,Disapproval/Sanction,752,-2.809,4.727
NG,2007,Other,2666,0.893,4.724
NG,2007,Protest,111,-5.258,4.183
NG,2008,Aid/Cooperation,1651,3.033,5.223
NG,2008,Conflict/Migration,517,-9.698,3.993
NG,2008,Disapproval/Sanction,612,-2.926,4.597
NG,2008,Other,2531,1.317,4.863
NG,2008,Protest,70,-5.109,4.837
NG,2009,Aid/Cooperation,5352,3.135,5.503
NG,2009,Conflict/Migration,1407,-9.609,4.061
NG,2009,Disapproval/Sanction,1679,-2.95,4.668
NG,2009,Other,7473,1.411,5.395
NG,2009,Protest,306,-5.136,4.862
NG,2010,Aid/Cooperation,4674,2.912,5.365
NG,2010,Conflict/Migration,1390,-9.444,3.853
NG,2010,Disapproval/Sanction,1135,-2.733,5.12
NG,2010,Other,6642,1.523,5.24
NG,2010,Protest,217,-5.241,4.72
NG,2011,Aid/Cooperation,6591,2.952,5.081
NG,2011,Conflict/Migration,2831,-9.683,3.938
NG,2011,Disapproval/Sanction,1429,-2.959,4.838
NG,2011,Other,9152,1.688,4.875
NG,2011,Protest,284,-5.158,4.902
NG,2012,Aid/Cooperation,4763,2.953,5.478
NG,2012,Conflict/Migration,1528,-9.765,3.673
NG,2012,Disapproval/Sanction,893,-2.925,4.45
NG,2012,Other,6388,2.333,4.952
NG,2012,Protest,258,-4.971,4.451
NG,2013,Aid/Cooperation,7934,2.984,2.065
NG,2013,Conflict/Migration,2343,-9.785,1.315
NG,2013,Disapproval/Sanction,1406,-2.922,1.788
NG,2013,Other,8653,1.845,1.914
NG,2013,Protest,267,-5.198,1.689
NG,2014,Aid/Cooperation,8181,2.952,2.52
NG,2014,Conflict/Migration,2284,-9.783,1.309
NG,2014,Disapproval/Sanction,1642,-2.783,2.184
NG,2014,Other,10502,1.562,2.31
NG,2014,Protest,250,-5.311,2.097
NG,2015,Aid/Cooperation,14592,2.96,-1.881
NG,2015,Conflict/Migration,11795,-9.862,-4.714
NG,2015,Disapproval/Sanction,4256,-2.793,-2.777
NG,2015,Other,23182,1.437,-2.467
NG,2015,Protest,899,-5.159,-2.992
NG,2016,Aid/Cooperation,15061,2.952,-2.43
NG,2016,Conflict/Migration,6338,-9.838,-6.689
NG,2016,Disapproval/Sanction,4478,-2.96,-4.185
NG,2016,Other,21812,1.599,-3.379
NG,2016,Protest,1104,-5.295,-5.069
NG,2017,Aid/Cooperation,16791,2.789,-1.901
NG,2017,Conflict/Migration,7850,-9.763,-5.233
NG,2017,Disapproval/Sanction,4374,-2.898,-3.94
NG,2017,Other,24582,1.68,-3.174
NG,2017,Protest,891,-5.092,-4.076
NG,2018,Aid/Cooperation,13010,3.058,-1.779
NG,2018,Conflict/Migration,5316,-9.773,-5.784
NG,2018,Disapproval/Sanction,3061,-3.008,-3.438
NG,2018,Other,17051,1.539,-3.087
NG,2018,Protest,566,-4.98,-3.768
NG,2019,Aid/Cooperation,11698,3.053,-1.033
NG,2019,Conflict/Migration,5076,-9.798,-6.828
NG,2019,Disapproval/Sanction,2780,-2.904,-3.179
NG,2019,Other,15472,1.77,-2.833
NG,2019,Protest,463,-4.855,-4.397
NG,2020,Aid/Cooperation,10857,2.81,-2.731
NG,2020,Conflict/Migration,5604,-9.747,-6.593
NG,2020,Disapproval/Sanction,2915,-2.914,-4.419
NG,2020,Other,15684,1.58,-3.705
NG,2020,Protest,541,-5.163,-4.581
NG,2021,Aid/Cooperation,12378,2.83,-2.498
NG,2021,Conflict/Migration,9052,-9.706,-6.943
NG,2021,Disapproval/Sanction,3367,-2.877,-4.545
NG,2021,Other,15738,1.573,-3.509
NG,2021,Protest,608,-5.118,-5.067
NG,2022,Aid/Cooperation,8749,2.943,-0.821
NG,2022,Conflict/Migration,3417,-9.75,-6.68
NG,2022,Disapproval/Sanction,2094,-2.85,-3.409
NG,2022,Other,10086,1.798,-2.795
NG,2022,Protest,323,-5.123,-3.937
NG,2023,Aid/Cooperation,34238,2.992,-2.123
NG,2023,Conflict/Migration,6320,-9.744,-4.951
NG,2023,Disapproval/Sanction,10022,-3.114,-3.334
NG,2023,Other,44044,1.25,-2.836
NG,2023,Protest,3773,-5.456,-3.705
NG,2024,Aid/Cooperation,13918,3.191,-1.539
NG,2024,Conflict/Migration,4090,-9.802,-6.394
NG,2024,Disapproval/Sanction,3761,-2.98,-3.867
NG,2024,Other,21530,2.005,-2.79
NG,2024,Protest,871,-5.197,-3.625
NI,1996,Aid/Cooperation,4733,2.992,5.312
NI,1996,Conflict/Migration,1206,-9.891,3.927
NI,1996,Disapproval/Sanction,1486,-2.869,4.947
NI,1996,Other,6889,0.971,4.941
NI,1996,Protest,225,-5.244,5.117
NI,1997,Aid/Cooperation,6675,3.019,4.979
NI,1997,Conflict/Migration,1645,-9.863,3.487
NI,1997,Disapproval/Sanction,1745,-2.86,4.688
NI,1997,Other,8497,0.838,4.711
NI,1997,Protest,352,-5.25,4.365
NI,1998,Aid/Cooperation,14185,2.888,5.593
NI,1998,Conflict/Migration,2413,-9.817,4.143
NI,1998,Disapproval/Sanction,3737,-2.999,5.381
NI,1998,Other,18765,1.253,5.384
NI,1998,Protest,581,-5.082,5.324
NI,1999,Aid/Cooperation,19496,2.796,5.828
NI,1999,Conflict/Migration,4382,-9.863,4.373
NI,1999,Disapproval/Sanction,6329,-2.965,5.537
NI,1999,Other,26245,1.342,5.686
NI,1999,Protest,902,-5.175,5.551
NI,2000,Aid/Cooperation,37837,2.848,5.848
NI,2000,Conflict/Migration,7213,-9.856,4.295
NI,2000,Disapproval/Sanction,13467,-2.921,5.363
NI,2000,Other,53405,1.289,5.62
NI,2000,Protest,1825,-4.934,5.413
NI,2001,Aid/Cooperation,36146,2.925,5.946
NI,2001,Conflict/Migration,7218,-9.872,4.312
NI,2001,Disapproval/Sanction,13046,-2.914,5.501
NI,2001,Other,52332,1.318,5.673
NI,2001,Protest,1933,-4.955,5.43
NI,2002,Aid/Cooperation,45266,2.883,6.181
NI,2002,Conflict/Migration,8924,-9.853,4.482
NI,2002,Disapproval/Sanction,19502,-2.92,5.66
NI,2002,Other,72460,1.258,5.861
NI,2002,Protest,2789,-4.947,5.513
NI,2003,Aid/Cooperation,50073,2.894,6.297
NI,2003,Conflict/Migration,8937,-9.811,4.682
NI,2003,Disapproval/Sanction,20677,-2.981,5.783
NI,2003,Other,79842,1.375,6.062
NI,2003,Protest,2802,-4.995,5.741
NI,2004,Aid/Cooperation,52181,2.99,6.386
NI,2004,Conflict/Migration,9956,-9.848,4.531
NI,2004,Disapproval/Sanction,20018,-2.98,5.674
NI,2004,Other,78098,1.352,6.027
NI,2004,Protest,2989,-5.043,5.499
NI,2005,Aid/Cooperation,44162,3.006,6.517
NI,2005,Conflict/Migration,5470,-9.833,4.793
NI,2005,Disapproval/Sanction,15333,-3.026,5.839
NI,2005,Other,65246,1.427,6.201
NI,2005,Protest,1887,-4.953,5.813
NI,2006,Aid/Cooperation,53560,2.92,6.301
NI,2006,Conflict/Migration,11032,-9.741,4.601
NI,2006,Disapproval/Sanction,19765,-3.02,5.68
NI,2006,Other,77880,1.464,5.96
NI,2006,Protest,2575,-4.994,5.663
NI,2007,Aid/Cooperation,26328,2.973,5.845
NI,2007,Conflict/Migration,10186,-9.586,4.19
NI,2007,Disapproval/Sanction,10782,-2.977,5.3
NI,2007,Other,44025,1.356,5.458
NI,2007,Protest,1464,-5.154,5.258
NI,2008,Aid/Cooperation,27071,2.94,5.741
NI,2008,Conflict/Migration,7925,-9.751,4.215
NI,2008,Disapproval/Sanction,10713,-2.898,5.222
NI,2008,Other,43870,1.361,5.436
NI,2008,Protest,1373,-5.295,5.197
NI,2009,Aid/Cooperation,97488,2.928,6.209
NI,2009,Conflict/Migration,22125,-9.782,4.499
NI,2009,Disapproval/Sanction,36892,-2.992,5.583
NI,2009,Other,150564,1.489,5.871
NI,2009,Protest,4904,-5.151,5.58
NI,2010,Aid/Cooperation,88462,2.881,6.237
NI,2010,Conflict/Migration,19677,-9.774,4.38
NI,2010,Disapproval/Sanction,33115,-2.906,5.639
NI,2010,Other,128609,1.337,5.861
NI,2010,Protest,4592,-5.113,5.567
NI,2011,Aid/Cooperation,113120,2.92,6.357
NI,2011,Conflict/Migration,33873,-9.849,4.13
NI,2011,Disapproval/Sanction,50675,-2.853,5.581
NI,2011,Other,180776,1.175,5.912
NI,2011,Protest,6718,-5.185,5.388
NI,2012,Aid/Cooperation,131901,2.937,5.65
NI,2012,Conflict/Migration,56448,-9.856,3.342
NI,2012,Disapproval/Sanction,56606,-2.842,4.851
NI,2012,Other,225025,1.168,5.209
NI,2012,Protest,8551,-5.19,4.721
NI,2013,Aid/Cooperation,159160,2.939,3.026
NI,2013,Conflict/Migration,46144,-9.801,1.752
NI,2013,Disapproval/Sanction,62796,-2.905,2.622
NI,2013,Other,238795,1.278,2.743
NI,2013,Protest,7630,-5.089,2.521
NI,2014,Aid/Cooperation,261450,2.897,3.042
NI,2014,Conflict/Migration,98961,-9.719,1.701
NI,2014,Disapproval/Sanction,112410,-2.905,2.595
NI,2014,Other,415510,1.432,2.695
NI,2014,Protest,15158,-5.048,2.493
NI,2015,Aid/Cooperation,468895,2.884,-0.622
NI,2015,Conflict/Migration,144570,-9.789,-4.555
NI,2015,Disapproval/Sanction,200717,-2.936,-2.221
NI,2015,Other,738440,1.42,-1.682
NI,2015,Protest,29320,-5.057,-2.699
NI,2016,Aid/Cooperation,516753,2.891,-1.191
NI,2016,Conflict/Migration,140557,-9.725,-5.223
NI,2016,Disapproval/Sanction,210380,-2.921,-3.218
NI,2016,Other,818469,1.315,-2.42
NI,2016,Protest,30674,-5.093,-3.683
NI,2017,Aid/Cooperation,501778,2.846,-0.773
NI,2017,Conflict/Migration,114120,-9.756,-5.369
NI,2017,Disapproval/Sanction,194387,-2.952,-2.917
NI,2017,Other,761290,1.351,-2.159
NI,2017,Protest,29123,-5.036,-3.358
NI,2018,Aid/Cooperation,480443,2.915,-0.711
NI,2018,Conflict/Migration,122726,-9.769,-5.399
NI,2018,Disapproval/Sanction,204447,-2.965,-2.854
NI,2018,Other,728255,1.295,-2.111
NI,2018,Protest,26836,-4.996,-3.292
NI,2019,Aid/Cooperation,412874,2.949,-0.594
NI,2019,Conflict/Migration,109124,-9.724,-5.413
NI,2019,Disapproval/Sanction,175930,-2.946,-2.755
NI,2019,Other,656095,1.229,-2.102
NI,2019,Protest,24206,-4.955,-3.237
NI,2020,Aid/Cooperation,338327,2.942,-1.193
NI,2020,Conflict/Migration,102667,-9.72,-5.531
NI,2020,Disapproval/Sanction,140226,-2.996,-3.205
NI,2020,Other,585390,1.144,-2.497
NI,2020,Protest,21719,-4.946,-3.485
NI,2021,Aid/Cooperation,329452,2.932,-0.943
NI,2021,Conflict/Migration,120676,-9.679,-5.413
NI,2021,Disapproval/Sanction,132216,-2.984,-3.099
NI,2021,Other,532266,1.23,-2.298
NI,2021,Protest,21477,-5.103,-3.641
NI,2022,Aid/Cooperation,306011,2.902,-0.14
NI,2022,Conflict/Migration,79235,-9.712,-5.382
NI,2022,Disapproval/Sanction,123165,-2.934,-2.367
NI,2022,Other,459758,1.367,-1.677
NI,2022,Protest,16805,-5.047,-2.988
NI,2023,Aid/Cooperation,417835,2.95,0.211
NI,2023,Conflict/Migration,86045,-9.721,-5.084
NI,2023,Disapproval/Sanction,153770,-2.972,-2.173
NI,2023,Other,623453,1.348,-1.345
NI,2023,Protest,23088,-4.934,-2.783
NI,2024,Aid/Cooperation,398197,2.97,0.277
NI,2024,Conflict/Migration,85467,-9.682,-5.095
NI,2024,Disapproval/Sanction,137167,-2.981,-2.891
NI,2024,Other,632889,1.309,-1.663
NI,2024,Protest,21829,-4.934,-3.328
NP,1996,Aid/Cooperation,1560,3.397,5.877
NP,1996,Conflict/Migration,190,-9.811,3.176
NP,1996,Disapproval/Sanction,276,-3.018,4.997
NP,1996,Other,1400,1.668,5.058
NP,1996,Protest,35,-4.931,6.084
NP,1997,Aid/Cooperation,1737,3.147,5.521
NP,1997,Conflict/Migration,258,-9.868,2.897
NP,1997,Disapproval/Sanction,375,-2.896,5.214
NP,1997,Other,1968,2.123,5.285
NP,1997,Protest,43,-5.088,4.385
NP,1998,Aid/Cooperation,1459,3.072,5.942
NP,1998,Conflict/Migration,213,-9.897,2.65
NP,1998,Disapproval/Sanction,223,-3.229,5.441
NP,1998,Other,1585,1.913,5.048
NP,1998,Protest,31,-5.077,6.183
NP,1999,Aid/Cooperation,1695,2.913,5.455
NP,1999,Conflict/Migration,523,-9.866,2.494
NP,1999,Disapproval/Sanction,370,-3.205,4.965
NP,1999,Other,1777,1.492,5.05
NP,1999,Protest,46,-5.43,5.321
NP,2000,Aid/Cooperation,2942,3.262,5.411
NP,2000,Conflict/Migration,1233,-9.864,2.962
NP,2000,Disapproval/Sanction,645,-2.86,4.784
NP,2000,Other,3619,1.453,4.829
NP,2000,Protest,77,-5.205,4.485
NP,2001,Aid/Cooperation,5040,3.216,5.996
NP,2001,Conflict/Migration,2506,-9.875,4.173
NP,2001,Disapproval/Sanction,1334,-3.224,5.915
NP,2001,Other,6285,1.146,5.651
NP,2001,Protest,175,-5.365,4.994
NP,2002,Aid/Cooperation,4703,2.995,5.46
NP,2002,Conflict/Migration,4830,-9.906,2.687
NP,2002,Disapproval/Sanction,1340,-2.959,4.355
NP,2002,Other,6773,1.595,4.545
NP,2002,Protest,166,-5.317,4.919
NP,2003,Aid/Cooperation,4984,3.441,5.905
NP,2003,Conflict/Migration,3200,-9.85,2.771
NP,2003,Disapproval/Sanction,1489,-3.041,5.368
NP,2003,Other,7226,1.234,5.241
NP,2003,Protest,221,-5.181,5.105
NP,2004,Aid/Cooperation,7570,3.242,5.814
NP,2004,Conflict/Migration,5568,-9.74,2.901
NP,2004,Disapproval/Sanction,2608,-3.092,5.519
NP,2004,Other,11975,1.046,5.335
NP,2004,Protest,391,-5.254,4.758
NP,2005,Aid/Cooperation,7683,3.052,6.087
NP,2005,Conflict/Migration,4543,-9.771,3.081
NP,2005,Disapproval/Sanction,2936,-3.022,5.56
NP,2005,Other,13210,0.617,5.473
NP,2005,Protest,427,-5.187,5.578
NP,2006,Aid/Cooperation,11664,3.318,5.969
NP,2006,Conflict/Migration,5071,-9.781,3.375
NP,2006,Disapproval/Sanction,3839,-3.203,5.517
NP,2006,Other,18478,0.797,5.544
NP,2006,Protest,676,-5.273,5.342
NP,2007,Aid/Cooperation,11640,3.365,5.785
NP,2007,Conflict/Migration,3927,-9.776,3.949
NP,2007,Disapproval/Sanction,3413,-3.247,5.376
NP,2007,Other,15793,1.023,5.379
NP,2007,Protest,573,-4.987,4.815
NP,2008,Aid/Cooperation,15110,3.272,6.001
NP,2008,Conflict/Migration,4289,-9.812,4.43
NP,2008,Disapproval/Sanction,4623,-3.182,5.491
NP,2008,Other,24005,0.545,5.408
NP,2008,Protest,585,-5.249,5.327
NP,2009,Aid/Cooperation,30491,3.139,5.95
NP,2009,Conflict/Migration,5318,-9.813,4.149
NP,2009,Disapproval/Sanction,8242,-3.167,5.65
NP,2009,Other,37331,1.299,5.805
NP,2009,Protest,1141,-5.175,5.453
NP,2010,Aid/Cooperation,22340,3.006,6.118
NP,2010,Conflict/Migration,3843,-9.819,4.276
NP,2010,Disapproval/Sanction,6538,-3.184,5.681
NP,2010,Other,30741,1.457,5.845
NP,2010,Protest,818,-5.172,5.573
NP,2011,Aid/Cooperation,26997,3.217,6.339
NP,2011,Conflict/Migration,4337,-9.803,4.049
NP,2011,Disapproval/Sanction,8074,-3.214,5.905
NP,2011,Other,35542,1.527,5.978
NP,2011,Protest,782,-5.138,5.425
NP,2012,Aid/Cooperation,24809,3.161,5.258
NP,2012,Conflict/Migration,4877,-9.787,3.216
NP,2012,Disapproval/Sanction,8159,-3.2,5.111
NP,2012,Other,35021,1.109,4.991
NP,2012,Protest,867,-4.957,4.73
NP,2013,Aid/Cooperation,27287,3.178,2.802
NP,2013,Conflict/Migration,5768,-9.718,1.675
NP,2013,Disapproval/Sanction,8520,-3.154,2.472
NP,2013,Other,38648,0.969,2.474
NP,2013,Protest,812,-5.047,2.322
NP,2014,Aid/Cooperation,46779,3.026,2.766
NP,2014,Conflict/Migration,5067,-9.75,1.767
NP,2014,Disapproval/Sanction,9816,-3.166,2.46
NP,2014,Other,54114,1.576,2.541
NP,2014,Protest,840,-5.062,2.243
NP,2015,Aid/Cooperation,75383,3.012,-0.916
NP,2015,Conflict/Migration,14767,-9.786,-5.137
NP,2015,Disapproval/Sanction,16732,-3.08,-2.672
NP,2015,Other,114562,1.897,-1.975
NP,2015,Protest,1829,-5.027,-3.157
NP,2016,Aid/Cooperation,64219,3.03,-0.307
NP,2016,Conflict/Migration,8946,-9.794,-4.941
NP,2016,Disapproval/Sanction,14968,-3.051,-2.864
NP,2016,Other,78743,1.456,-1.624
NP,2016,Protest,1606,-5.038,-3.073
NP,2017,Aid/Cooperation,45810,3.102,0.021
NP,2017,Conflict/Migration,6148,-9.787,-4.697
NP,2017,Disapproval/Sanction,9766,-3.008,-2.297
NP,2017,Other,55420,1.457,-1.396
NP,2017,Protest,1007,-5.01,-2.989
NP,2018,Aid/Cooperation,54478,3.109,0.145
NP,2018,Conflict/Migration,6268,-9.736,-5.506
NP,2018,Disapproval/Sanction,10384,-3.129,-2.511
NP,2018,Other,61051,1.555,-1.274
NP,2018,Protest,919,-4.911,-2.86
NP,2019,Aid/Cooperation,40179,3.064,-0.103
NP,2019,Conflict/Migration,4983,-9.736,-5.323
NP,2019,Disapproval/Sanction,9668,-3.074,-2.982
NP,2019,Other,50900,1.284,-1.757
NP,2019,Protest,903,-4.972,-3.321
NP,2020,Aid/Cooperation,24524,3.051,-1.08
NP,2020,Conflict/Migration,2708,-9.77,-4.427
NP,2020,Disapproval/Sanction,5561,-3.099,-2.951
NP,2020,Other,30217,1.584,-2.03
NP,2020,Protest,565,-4.823,-3.437
NP,2021,Aid/Cooperation,17988,3.046,-0.185
NP,2021,Conflict/Migration,2268,-9.832,-3.859
NP,2021,Disapproval/Sanction,3830,-3.074,-2.15
NP,2021,Other,23324,1.796,-1.343
NP,2021,Protest,418,-4.765,-2.735
NP,2022,Aid/Cooperation,18867,3.083,0.691
NP,2022,Conflict/Migration,1764,-9.792,-4.75
NP,2022,Disapproval/Sanction,2968,-3.03,-1.983
NP,2022,Other,19165,1.836,-0.984
NP,2022,Protest,366,-4.895,-2.36
NP,2023,Aid/Cooperation,35498,3.104,0.409
NP,2023,Conflict/Migration,3670,-9.783,-4.574
NP,2023,Disapproval/Sanction,7443,-3.203,-2.243
NP,2023,Other,41995,1.67,-1.2
NP,2023,Protest,677,-4.822,-2.627
NP,2024,Aid/Cooperation,34556,3.028,0.767
NP,2024,Conflict/Migration,3154,-9.758,-4.801
NP,2024,Disapproval/Sanction,6763,-3.076,-2.449
NP,2024,Other,37994,1.783,-0.97
NP,2024,Protest,595,-4.958,-2.997
NZ,1996,Aid/Cooperation,1236,3.277,6.787
NZ,1996,Conflict/Migration,155,-9.823,4.643
NZ,1996,Disapproval/Sanction,287,-2.937,6.042
NZ,1996,Other,1434,1.068,6.197
NZ,1996,Protest,41,-4.898,6.285
NZ,1997,Aid/Cooperation,2041,3.048,7.006
NZ,1997,Conflict/Migration,266,-9.816,4.836
NZ,1997,Disapproval/Sanction,423,-2.903,5.837
NZ,1997,Other,2335,1.507,6.274
NZ,1997,Protest,47,-4.885,6.46
NZ,1998,Aid/Cooperation,2069,3.008,6.777
NZ,1998,Conflict/Migration,303,-9.68,4.373
NZ,1998,Disapproval/Sanction,444,-3.023,5.785
NZ,1998,Other,2299,1.869,5.873
NZ,1998,Protest,51,-4.843,4.697
NZ,1999,Aid/Cooperation,3808,2.786,7.296
NZ,1999,Conflict/Migration,420,-9.771,5.539
NZ,1999,Disapproval/Sanction,434,-3.164,6.294
NZ,1999,Other,3170,2.237,6.681
NZ,1999,Protest,72,-5.136,6.509
NZ,2000,Aid/Cooperation,2499,3.188,7.055
NZ,2000,Conflict/Migration,551,-9.819,4.892
NZ,2000,Disapproval/Sanction,619,-3.04,6.452
NZ,2000,Other,3119,1.825,6.561
NZ,2000,Protest,94,-4.989,6.58
NZ,2001,Aid/Cooperation,2933,3.136,7.201
NZ,2001,Conflict/Migration,339,-9.872,5.35
NZ,2001,Disapproval/Sanction,508,-2.856,6.278
NZ,2001,Other,3084,2.088,6.975
NZ,2001,Protest,98,-4.951,5.499
NZ,2002,Aid/Cooperation,1921,2.953,7.576
NZ,2002,Conflict/Migration,301,-9.814,5.675
NZ,2002,Disapproval/Sanction,402,-3.03,6.823
NZ,2002,Other,2487,1.936,7.083
NZ,2002,Protest,73,-4.926,6.408
NZ,2003,Aid/Cooperation,2602,2.925,7.607
NZ,2003,Conflict/Migration,339,-9.764,5.652
NZ,2003,Disapproval/Sanction,616,-2.997,6.322
NZ,2003,Other,3560,1.743,6.73
NZ,2003,Protest,132,-5.429,6.444
NZ,2004,Aid/Cooperation,2372,3.078,7.754
NZ,2004,Conflict/Migration,334,-9.662,5.128
NZ,2004,Disapproval/Sanction,444,-2.982,6.403
NZ,2004,Other,3061,1.657,6.96
NZ,2004,Protest,77,-5.029,5.966
NZ,2005,Aid/Cooperation,2357,3.246,7.936
NZ,2005,Conflict/Migration,226,-9.785,5.707
NZ,2005,Disapproval/Sanction,494,-2.964,6.574
NZ,2005,Other,2633,1.449,7.183
NZ,2005,Protest,87,-5.347,5.786
NZ,2006,Aid/Cooperation,7538,2.925,6.628
NZ,2006,Conflict/Migration,1063,-9.726,5.25
NZ,2006,Disapproval/Sanction,2257,-3.024,5.902
NZ,2006,Other,11405,1.632,6.25
NZ,2006,Protest,365,-4.876,5.406
NZ,2007,Aid/Cooperation,12001,2.918,6.88
NZ,2007,Conflict/Migration,2556,-9.807,5.487
NZ,2007,Disapproval/Sanction,4433,-2.949,6.331
NZ,2007,Other,20775,1.364,6.542
NZ,2007,Protest,754,-4.68,5.655
NZ,2008,Aid/Cooperation,23632,3.082,6.842
NZ,2008,Conflict/Migration,5380,-9.792,5.495
NZ,2008,Disapproval/Sanction,8395,-2.932,6.281
NZ,2008,Other,41618,1.425,6.584
NZ,2008,Protest,1041,-5.037,6.077
NZ,2009,Aid/Cooperation,47067,2.939,7.084
NZ,2009,Conflict/Migration,8539,-9.802,4.836
NZ,2009,Disapproval/Sanction,12593,-3.015,6.049
NZ,2009,Other,69910,1.655,6.501
NZ,2009,Protest,1575,-4.943,5.6
NZ,2010,Aid/Cooperation,44303,2.949,7.123
NZ,2010,Conflict/Migration,7783,-9.792,4.937
NZ,2010,Disapproval/Sanction,11345,-3.005,6.162
NZ,2010,Other,68099,1.642,6.508
NZ,2010,Protest,1684,-5.092,5.553
NZ,2011,Aid/Cooperation,53373,2.891,7.052
NZ,2011,Conflict/Migration,8991,-9.814,5.039
NZ,2011,Disapproval/Sanction,12279,-2.983,6.119
NZ,2011,Other,78562,1.778,6.513
NZ,2011,Protest,1806,-4.937,5.511
NZ,2012,Aid/Cooperation,60486,2.937,6.955
NZ,2012,Conflict/Migration,10978,-9.81,4.895
NZ,2012,Disapproval/Sanction,16832,-3.014,5.873
NZ,2012,Other,94021,1.671,6.309
NZ,2012,Protest,2057,-4.913,5.476
NZ,2013,Aid/Cooperation,56193,2.948,3.177
NZ,2013,Conflict/Migration,7789,-9.775,2.209
NZ,2013,Disapproval/Sanction,14163,-3.01,2.529
NZ,2013,Other,83370,1.824,2.706
NZ,2013,Protest,1597,-4.805,2.377
NZ,2014,Aid/Cooperation,93390,2.897,3.156
NZ,2014,Conflict/Migration,13806,-9.767,1.919
NZ,2014,Disapproval/Sanction,22597,-2.983,2.481
NZ,2014,Other,127614,1.892,2.721
NZ,2014,Protest,2505,-4.981,2.276
NZ,2015,Aid/Cooperation,126484,2.931,0.661
NZ,2015,Conflict/Migration,17670,-9.78,-2.652
NZ,2015,Disapproval/Sanction,30378,-2.999,-1.466
NZ,2015,Other,176361,1.96,-0.581
NZ,2015,Protest,3561,-4.962,-2.224
NZ,2016,Aid/Cooperation,128555,3.001,0.412
NZ,2016,Conflict/Migration,16417,-9.783,-2.963
NZ,2016,Disapproval/Sanction,30002,-3.035,-1.772
NZ,2016,Other,173362,2.061,-0.822
NZ,2016,Protest,3868,-4.937,-2.43
NZ,2017,Aid/Cooperation,112430,2.972,0.495
NZ,2017,Conflict/Migration,15171,-9.802,-2.947
NZ,2017,Disapproval/Sanction,27438,-3.001,-1.643
NZ,2017,Other,152225,2.003,-0.751
NZ,2017,Protest,3468,-4.902,-2.457
NZ,2018,Aid/Cooperation,130961,2.939,0.498
NZ,2018,Conflict/Migration,17252,-9.789,-3.057
NZ,2018,Disapproval/Sanction,30162,-3.001,-1.719
NZ,2018,Other,172930,1.919,-0.762
NZ,2018,Protest,3837,-4.987,-2.28
NZ,2019,Aid/Cooperation,141933,2.911,-0.435
NZ,2019,Conflict/Migration,34660,-9.857,-4.68
NZ,2019,Disapproval/Sanction,38417,-2.872,-3.053
NZ,2019,Other,198340,1.677,-1.649
NZ,2019,Protest,5130,-5.075,-3.311
NZ,2020,Aid/Cooperation,120203,2.956,-0.329
NZ,2020,Conflict/Migration,16196,-9.811,-3.452
NZ,2020,Disapproval/Sanction,28802,-3.112,-2.003
NZ,2020,Other,173860,1.911,-1.201
NZ,2020,Protest,3963,-4.837,-2.44
NZ,2021,Aid/Cooperation,89938,2.933,-0.277
NZ,2021,Conflict/Migration,12497,-9.815,-3.451
NZ,2021,Disapproval/Sanction,22337,-3.09,-2.018
NZ,2021,Other,133340,1.868,-1.239
NZ,2021,Protest,3102,-4.903,-2.675
NZ,2022,Aid/Cooperation,71962,2.894,-0.015
NZ,2022,Conflict/Migration,9544,-9.802,-3.559
NZ,2022,Disapproval/Sanction,16421,-3.052,-2.072
NZ,2022,Other,102633,1.814,-1.261
NZ,2022,Protest,2221,-4.947,-3.02
NZ,2023,Aid/Cooperation,88219,2.91,0.215
NZ,2023,Conflict/Migration,11858,-9.785,-3.711
NZ,2023,Disapproval/Sanction,19511,-3.012,-1.956
NZ,2023,Other,117854,1.789,-1.083
NZ,2023,Protest,2520,-4.897,-2.501
NZ,2024,Aid/Cooperation,86589,2.912,0.536
NZ,2024,Conflict/Migration,10118,-9.754,-3.359
NZ,2024,Disapproval/Sanction,19204,-3.006,-1.755
NZ,2024,Other,116939,1.806,-0.825
NZ,2024,Protest,2346,-4.888,-2.452
PA,1996,Aid/Cooperation,1288,3.683,6.018
PA,1996,Conflict/Migration,83,-9.886,4.287
PA,1996,Disapproval/Sanction,318,-3.314,5.178
PA,1996,Other,1329,1.922,5.546
PA,1996,Protest,27,-5.459,5.775
PA,1997,Aid/Cooperation,1487,3.414,5.997
PA,1997,Conflict/Migration,64,-9.797,4.431
PA,1997,Disapproval/Sanction,357,-3.333,5.433
PA,1997,Other,1395,1.709,5.554
PA,1997,Protest,18,-5.211,5.895
PA,1998,Aid/Cooperation,1255,3.072,5.784
PA,1998,Conflict/Migration,119,-9.84,4.906
PA,1998,Disapproval/Sanction,508,-3.256,5.428
PA,1998,Other,1881,0.995,5.711
PA,1998,Protest,46,-4.739,5.065
PA,1999,Aid/Cooperation,2024,3.024,4.805
PA,1999,Conflict/Migration,489,-9.866,3.801
PA,1999,Disapproval/Sanction,878,-3.082,4.372
PA,1999,Other,2717,1.363,4.609
PA,1999,Protest,86,-5.716,4.106
PA,2000,Aid/Cooperation,787,3.146,4.904
PA,2000,Conflict/Migration,195,-9.895,4.121
PA,2000,Disapproval/Sanction,317,-3.091,4.637
PA,2000,Other,1201,0.546,4.467
PA,2000,Protest,28,-5.657,3.598
PA,2001,Aid/Cooperation,924,3.683,6.002
PA,2001,Conflict/Migration,80,-9.831,3.223
PA,2001,Disapproval/Sanction,210,-3.319,4.89
PA,2001,Other,848,1.057,4.806
PA,2001,Protest,10,-5.32,3.138
PA,2002,Aid/Cooperation,702,2.641,5.714
PA,2002,Conflict/Migration,82,-9.78,3.495
PA,2002,Disapproval/Sanction,180,-2.889,4.564
PA,2002,Other,723,0.509,4.716
PA,2002,Protest,10,-5.6,4.334
PA,2003,Aid/Cooperation,1192,3.047,6.104
PA,2003,Conflict/Migration,100,-9.825,5.521
PA,2003,Disapproval/Sanction,249,-3.012,5.217
PA,2003,Other,1098,1.484,5.682
PA,2003,Protest,24,-5.375,5.996
PA,2004,Aid/Cooperation,857,3.023,5.637
PA,2004,Conflict/Migration,126,-9.837,3.545
PA,2004,Disapproval/Sanction,146,-2.973,4.636
PA,2004,Other,777,1.896,5.225
PA,2004,Protest,6,-5.7,5.713
PA,2005,Aid/Cooperation,506,3.109,5.861
PA,2005,Conflict/Migration,89,-9.551,3.44
PA,2005,Disapproval/Sanction,89,-2.843,4.866
PA,2005,Other,497,1.464,4.742
PA,2005,Protest,8,-6.2,4.947
PA,2006,Aid/Cooperation,692,3.409,5.492
PA,2006,Conflict/Migration,111,-9.833,3.979
PA,2006,Disapproval/Sanction,96,-2.927,5.327
PA,2006,Other,825,1.144,4.808
PA,2006,Protest,4,-5.7,5.317
PA,2007,Aid/Cooperation,1061,3.704,5.856
PA,2007,Conflict/Migration,204,-9.407,4.434
PA,2007,Disapproval/Sanction,249,-3.321,5.013
PA,2007,Other,1427,1.684,4.94
PA,2007,Protest,18,-5.433,6.685
PA,2008,Aid/Cooperation,1967,3.323,5.692
PA,2008,Conflict/Migration,192,-9.758,4.762
PA,2008,Disapproval/Sanction,424,-2.929,5.6
PA,2008,Other,3615,1.407,4.177
PA,2008,Protest,61,-5.043,6.398
PA,2009,Aid/Cooperation,3239,3.209,4.414
PA,2009,Conflict/Migration,375,-9.784,3.505
PA,2009,Disapproval/Sanction,916,-2.874,4.466
PA,2009,Other,6118,1.36,3.068
PA,2009,Protest,72,-5.367,5.018
PA,2010,Aid/Cooperation,1774,3.492,6.075
PA,2010,Conflict/Migration,296,-9.779,3.775
PA,2010,Disapproval/Sanction,455,-3.04,5.114
PA,2010,Other,1975,1.519,4.929
PA,2010,Protest,55,-5.382,4.824
PA,2011,Aid/Cooperation,2289,3.069,6.042
PA,2011,Conflict/Migration,256,-9.893,4.408
PA,2011,Disapproval/Sanction,310,-3.132,4.721
PA,2011,Other,2289,1.99,5.393
PA,2011,Protest,30,-4.747,5.243
PA,2012,Aid/Cooperation,4166,3.099,5.037
PA,2012,Conflict/Migration,600,-9.883,3.73
PA,2012,Disapproval/Sanction,1529,-2.831,4.818
PA,2012,Other,4433,0.84,4.722
PA,2012,Protest,160,-5.104,4.818
PA,2013,Aid/Cooperation,2737,3.029,3.041
PA,2013,Conflict/Migration,409,-9.834,1.623
PA,2013,Disapproval/Sanction,628,-3.025,2.357
PA,2013,Other,2840,1.615,2.475
PA,2013,Protest,49,-4.702,2.378
PA,2014,Aid/Cooperation,2930,3.052,2.683
PA,2014,Conflict/Migration,1113,-9.866,1.571
PA,2014,Disapproval/Sanction,982,-2.547,2.192
PA,2014,Other,3955,1.387,2.216
PA,2014,Protest,92,-4.789,1.858
PA,2015,Aid/Cooperation,7447,2.696,-0.613
PA,2015,Conflict/Migration,1011,-9.675,-4.324
PA,2015,Disapproval/Sanction,1511,-2.776,-3.478
PA,2015,Other,7115,1.514,-1.896
PA,2015,Protest,156,-4.959,-4.303
PA,2016,Aid/Cooperation,4668,3.243,-0.211
PA,2016,Conflict/Migration,685,-9.788,-5.278
PA,2016,Disapproval/Sanction,1028,-2.917,-3.54
PA,2016,Other,4445,1.505,-1.973
PA,2016,Protest,127,-5.197,-3.042
PA,2017,Aid/Cooperation,4757,3.273,-0.991
PA,2017,Conflict/Migration,1012,-9.787,-4.949
PA,2017,Disapproval/Sanction,958,-3.066,-4.356
PA,2017,Other,4969,1.732,-2.223
PA,2017,Protest,80,-5.138,-3.862
PA,2018,Aid/Cooperation,6048,3.178,0.197
PA,2018,Conflict/Migration,489,-9.824,-4.501
PA,2018,Disapproval/Sanction,910,-2.834,-2.607
PA,2018,Other,5511,1.637,-1.31
PA,2018,Protest,103,-5.905,-3.566
PA,2019,Aid/Cooperation,4522,3.447,-0.767
PA,2019,Conflict/Migration,407,-9.861,-4.425
PA,2019,Disapproval/Sanction,679,-2.786,-3.297
PA,2019,Other,3596,1.909,-1.815
PA,2019,Protest,90,-4.978,-3.026
PA,2020,Aid/Cooperation,1845,3.099,-0.867
PA,2020,Conflict/Migration,323,-9.802,-4.261
PA,2020,Disapproval/Sanction,335,-2.851,-3.958
PA,2020,Other,2281,1.653,-2.373
PA,2020,Protest,41,-5.088,-4.492
PA,2021,Aid/Cooperation,2422,3.119,-0.57
PA,2021,Conflict/Migration,565,-9.908,-4.591
PA,2021,Disapproval/Sanction,482,-3.008,-3.827
PA,2021,Other,2859,1.347,-2.175
PA,2021,Protest,39,-5.036,-3.055
PA,2022,Aid/Cooperation,2258,3.015,0.064
PA,2022,Conflict/Migration,465,-9.884,-5.779
PA,2022,Disapproval/Sanction,520,-3.199,-3.58
PA,2022,Other,2266,1.212,-2.299
PA,2022,Protest,78,-4.856,-4.776
PA,2023,Aid/Cooperation,4211,2.938,0.426
PA,2023,Conflict/Migration,539,-9.804,-5.256
PA,2023,Disapproval/Sanction,877,-2.661,-4.021
PA,2023,Other,4310,1.741,-1.372
PA,2023,Protest,79,-4.853,-3.263
PA,2024,Aid/Cooperation,3896,3.262,-0.398
PA,2024,Conflict/Migration,783,-9.837,-4.709
PA,2024,Disapproval/Sanction,964,-2.827,-3.579
PA,2024,Other,4744,1.439,-2.103
PA,2024,Protest,92,-5.03,-3.53
PE,1996,Aid/Cooperation,6071,3.158,5.99
PE,1996,Conflict/Migration,1079,-9.581,4.891
PE,1996,Disapproval/Sanction,1347,-3.235,5.676
PE,1996,Other,6092,1.578,5.786
PE,1996,Protest,158,-5.638,5.473
PE,1997,Aid/Cooperation,8948,3.103,6.026
PE,1997,Conflict/Migration,1475,-9.552,5.154
PE,1997,Disapproval/Sanction,1861,-3.42,5.637
PE,1997,Other,7566,1.502,5.685
PE,1997,Protest,152,-5.282,5.292
PE,1998,Aid/Cooperation,3402,3.446,6.05
PE,1998,Conflict/Migration,457,-9.752,4.613
PE,1998,Disapproval/Sanction,781,-3.05,5.832
PE,1998,Other,3220,1.796,5.712
PE,1998,Protest,70,-5.674,4.578
PE,1999,Aid/Cooperation,2258,3.081,5.879
PE,1999,Conflict/Migration,411,-9.804,4.497
PE,1999,Disapproval/Sanction,510,-3.106,5.572
PE,1999,Other,2322,0.9,5.386
PE,1999,Protest,48,-4.808,5.151
PE,2000,Aid/Cooperation,5425,2.874,5.469
PE,2000,Conflict/Migration,568,-9.64,4.529
PE,2000,Disapproval/Sanction,1934,-2.9,5.243
PE,2000,Other,7643,0.834,5.304
PE,2000,Protest,279,-5.402,5.258
PE,2001,Aid/Cooperation,3688,2.859,5.374
PE,2001,Conflict/Migration,921,-9.868,4.253
PE,2001,Disapproval/Sanction,1464,-2.807,5.01
PE,2001,Other,6081,0.445,5.18
PE,2001,Protest,132,-5.879,4.397
PE,2002,Aid/Cooperation,2104,3.042,5.522
PE,2002,Conflict/Migration,519,-9.793,4.417
PE,2002,Disapproval/Sanction,670,-2.825,4.92
PE,2002,Other,2911,0.702,5.324
PE,2002,Protest,80,-5.503,5.06
PE,2003,Aid/Cooperation,3532,3.431,5.546
PE,2003,Conflict/Migration,994,-9.779,4.401
PE,2003,Disapproval/Sanction,1359,-2.98,5.201
PE,2003,Other,4977,0.861,5.004
PE,2003,Protest,128,-5.345,4.826
PE,2004,Aid/Cooperation,2357,3.118,5.322
PE,2004,Conflict/Migration,468,-9.772,3.697
PE,2004,Disapproval/Sanction,949,-2.841,4.873
PE,2004,Other,3576,0.562,4.989
PE,2004,Protest,82,-5.044,5.123
PE,2005,Aid/Cooperation,1632,3.115,4.909
PE,2005,Conflict/Migration,535,-9.761,3.428
PE,2005,Disapproval/Sanction,651,-3.077,4.346
PE,2005,Other,2695,0.592,4.259
PE,2005,Protest,50,-5.208,4.657
PE,2006,Aid/Cooperation,2181,3.226,6
PE,2006,Conflict/Migration,442,-9.764,4.076
PE,2006,Disapproval/Sanction,889,-2.895,5.384
PE,2006,Other,3473,0.89,5.634
PE,2006,Protest,89,-4.935,5.735
PE,2007,Aid/Cooperation,5209,3.123,5.858
PE,2007,Conflict/Migration,1211,-9.762,4.411
PE,2007,Disapproval/Sanction,1645,-2.905,5.094
PE,2007,Other,8762,1.202,5.136
PE,2007,Protest,136,-4.881,4.825
PE,2008,Aid/Cooperation,9617,3.232,5.425
PE,2008,Conflict/Migration,1500,-9.768,4.127
PE,2008,Disapproval/Sanction,1959,-2.843,5.011
PE,2008,Other,13111,1.361,4.359
PE,2008,Protest,180,-5.18,4.516
PE,2009,Aid/Cooperation,11583,3.233,5.483
PE,2009,Conflict/Migration,3221,-9.804,4.11
PE,2009,Disapproval/Sanction,3158,-2.907,4.696
PE,2009,Other,18783,1.204,4.4
PE,2009,Protest,310,-5.238,4.834
PE,2010,Aid/Cooperation,11493,3.284,5.957
PE,2010,Conflict/Migration,2280,-9.825,3.988
PE,2010,Disapproval/Sanction,2667,-2.817,4.844
PE,2010,Other,15166,1.564,5.191
PE,2010,Protest,260,-5.065,4.753
PE,2011,Aid/Cooperation,14262,3.14,6.409
PE,2011,Conflict/Migration,2278,-9.816,4.175
PE,2011,Disapproval/Sanction,3002,-2.996,5.205
PE,2011,Other,18449,1.497,5.586
PE,2011,Protest,367,-5.09,5.501
PE,2012,Aid/Cooperation,16028,3.117,5.586
PE,2012,Conflict/Migration,4356,-9.784,4.065
PE,2012,Disapproval/Sanction,4000,-2.972,4.942
PE,2012,Other,23343,1.477,5.025
PE,2012,Protest,445,-5.296,4.338
PE,2013,Aid/Cooperation,18060,2.971,2.835
PE,2013,Conflict/Migration,2703,-9.838,1.94
PE,2013,Disapproval/Sanction,4263,-2.902,2.195
PE,2013,Other,24675,1.478,2.282
PE,2013,Protest,443,-4.912,2.069
PE,2014,Aid/Cooperation,25535,3.013,2.766
PE,2014,Conflict/Migration,3916,-9.86,2.084
PE,2014,Disapproval/Sanction,5606,-2.988,2.275
PE,2014,Other,32426,1.592,2.376
PE,2014,Protest,711,-5.264,1.858
PE,2015,Aid/Cooperation,31792,3.011,0.17
PE,2015,Conflict/Migration,4887,-9.794,-4.025
PE,2015,Disapproval/Sanction,7585,-2.963,-2.999
PE,2015,Other,40561,1.552,-1.526
PE,2015,Protest,758,-5.087,-3.11
PE,2016,Aid/Cooperation,40284,2.971,-0.246
PE,2016,Conflict/Migration,6812,-9.819,-4.819
PE,2016,Disapproval/Sanction,11658,-2.799,-3.621
PE,2016,Other,51132,1.395,-2.229
PE,2016,Protest,1320,-4.958,-3.697
PE,2017,Aid/Cooperation,29603,2.969,-0.555
PE,2017,Conflict/Migration,4407,-9.773,-5.311
PE,2017,Disapproval/Sanction,10185,-2.917,-4.7
PE,2017,Other,42478,1.369,-2.678
PE,2017,Protest,937,-5.128,-4.625
PE,2018,Aid/Cooperation,33923,2.937,-0.845
PE,2018,Conflict/Migration,4895,-9.754,-5.758
PE,2018,Disapproval/Sanction,8096,-2.889,-4.055
PE,2018,Other,42361,1.57,-2.742
PE,2018,Protest,961,-4.922,-4.599
PE,2019,Aid/Cooperation,28000,3.194,-0.614
PE,2019,Conflict/Migration,4276,-9.746,-6.205
PE,2019,Disapproval/Sanction,6991,-2.854,-4.502
PE,2019,Other,33502,1.28,-2.823
PE,2019,Protest,798,-5.085,-5.524
PE,2020,Aid/Cooperation,17788,2.904,-1.136
PE,2020,Conflict/Migration,3257,-9.768,-6.322
PE,2020,Disapproval/Sanction,4344,-2.931,-4.206
PE,2020,Other,25820,1.258,-2.99
PE,2020,Protest,572,-4.845,-4.72
PE,2021,Aid/Cooperation,15899,3.073,-0.303
PE,2021,Conflict/Migration,2990,-9.742,-6.951
PE,2021,Disapproval/Sanction,4569,-2.88,-3.921
PE,2021,Other,22803,1.43,-2.595
PE,2021,Protest,516,-4.86,-5.151
PE,2022,Aid/Cooperation,16188,2.865,-0.906
PE,2022,Conflict/Migration,3294,-9.763,-6.165
PE,2022,Disapproval/Sanction,4991,-3.038,-4.547
PE,2022,Other,23183,1.059,-3.198
PE,2022,Protest,547,-4.927,-4.233
PE,2023,Aid/Cooperation,20464,2.838,-1.052
PE,2023,Conflict/Migration,4904,-9.806,-7.296
PE,2023,Disapproval/Sanction,6759,-2.955,-5.274
PE,2023,Other,29962,0.879,-3.641
PE,2023,Protest,716,-5.213,-5.353
PE,2024,Aid/Cooperation,19972,2.918,0.398
PE,2024,Conflict/Migration,3410,-9.752,-6.939
PE,2024,Disapproval/Sanction,3964,-2.907,-4.403
PE,2024,Other,22859,1.606,-2.098
PE,2024,Protest,487,-4.878,-4.187
PK,1996,Aid/Cooperation,11509,3.379,5.296
PK,1996,Conflict/Migration,3549,-9.88,3.414
PK,1996,Disapproval/Sanction,4415,-2.785,4.587
PK,1996,Other,12895,1.103,4.967
PK,1996,Protest,442,-5.402,4.377
PK,1997,Aid/Cooperation,21067,3.243,5.581
PK,1997,Conflict/Migration,5286,-9.9,3.275
PK,1997,Disapproval/Sanction,5753,-2.93,5.056
PK,1997,Other,22807,1.314,5.237
PK,1997,Protest,479,-5.088,5.008
PK,1998,Aid/Cooperation,21547,3.447,5.389
PK,1998,Conflict/Migration,5135,-9.894,3.439
PK,1998,Disapproval/Sanction,6611,-2.859,4.747
PK,1998,Other,25585,1.075,5.037
PK,1998,Protest,929,-5.176,4.816
PK,1999,Aid/Cooperation,29252,3.261,5.618
PK,1999,Conflict/Migration,9681,-9.873,3.583
PK,1999,Disapproval/Sanction,11552,-3.028,4.992
PK,1999,Other,38922,1.117,5.151
PK,1999,Protest,1615,-5.266,4.82
PK,2000,Aid/Cooperation,20296,3.393,5.775
PK,2000,Conflict/Migration,8037,-9.88,3.071
PK,2000,Disapproval/Sanction,7618,-2.981,4.877
PK,2000,Other,26317,1.187,5.126
PK,2000,Protest,884,-5.323,5.005
PK,2001,Aid/Cooperation,36790,3.136,5.715
PK,2001,Conflict/Migration,12247,-9.879,3.434
PK,2001,Disapproval/Sanction,11157,-3.019,5.232
PK,2001,Other,46457,1.127,5.269
PK,2001,Protest,1837,-5.422,5.233
PK,2002,Aid/Cooperation,31696,3.135,5.274
PK,2002,Conflict/Migration,16894,-9.857,3.105
PK,2002,Disapproval/Sanction,12535,-2.885,4.698
PK,2002,Other,48918,0.558,4.658
PK,2002,Protest,1864,-5.587,4.608
PK,2003,Aid/Cooperation,32981,3.111,5.563
PK,2003,Conflict/Migration,14321,-9.895,2.928
PK,2003,Disapproval/Sanction,11470,-2.95,4.907
PK,2003,Other,48489,0.809,4.885
PK,2003,Protest,1394,-5.511,4.865
PK,2004,Aid/Cooperation,28412,3.138,5.559
PK,2004,Conflict/Migration,13558,-9.872,3.1
PK,2004,Disapproval/Sanction,8158,-2.885,4.71
PK,2004,Other,43060,0.858,4.822
PK,2004,Protest,1248,-5.535,4.536
PK,2005,Aid/Cooperation,21747,3.065,5.686
PK,2005,Conflict/Migration,8881,-9.832,3.139
PK,2005,Disapproval/Sanction,5657,-2.903,4.692
PK,2005,Other,31981,1.025,4.938
PK,2005,Protest,726,-5.432,4.264
PK,2006,Aid/Cooperation,43028,3.15,5.31
PK,2006,Conflict/Migration,21613,-9.864,3.228
PK,2006,Disapproval/Sanction,16818,-2.853,4.527
PK,2006,Other,66808,0.566,4.707
PK,2006,Protest,2103,-5.366,4.468
PK,2007,Aid/Cooperation,95485,3.108,5.385
PK,2007,Conflict/Migration,55919,-9.871,3.404
PK,2007,Disapproval/Sanction,38990,-2.948,4.934
PK,2007,Other,150456,0.582,4.921
PK,2007,Protest,6668,-5.449,4.665
PK,2008,Aid/Cooperation,137018,3.159,5.386
PK,2008,Conflict/Migration,82537,-9.881,3.441
PK,2008,Disapproval/Sanction,58865,-2.873,4.775
PK,2008,Other,211137,1.03,4.938
PK,2008,Protest,9763,-5.39,4.723
PK,2009,Aid/Cooperation,223669,3.099,5.456
PK,2009,Conflict/Migration,159912,-9.879,3.514
PK,2009,Disapproval/Sanction,90532,-2.887,4.713
PK,2009,Other,358230,1.109,4.904
PK,2009,Protest,16524,-5.494,4.567
PK,2010,Aid/Cooperation,161648,3.054,5.628
PK,2010,Conflict/Migration,102362,-9.89,3.382
PK,2010,Disapproval/Sanction,65457,-2.903,4.799
PK,2010,Other,266618,1.301,5.146
PK,2010,Protest,11046,-5.347,4.616
PK,2011,Aid/Cooperation,201110,3.053,5.62
PK,2011,Conflict/Migration,127402,-9.885,3.631
PK,2011,Disapproval/Sanction,87464,-2.903,4.803
PK,2011,Other,307311,1.054,5.083
PK,2011,Protest,13937,-5.496,4.724
PK,2012,Aid/Cooperation,221365,3.086,5.195
PK,2012,Conflict/Migration,113348,-9.873,3.183
PK,2012,Disapproval/Sanction,95367,-2.956,4.458
PK,2012,Other,340838,0.91,4.709
PK,2012,Protest,12107,-5.39,4.258
PK,2013,Aid/Cooperation,234105,3.154,2.665
PK,2013,Conflict/Migration,125894,-9.869,1.548
PK,2013,Disapproval/Sanction,97829,-2.907,2.201
PK,2013,Other,347730,1.037,2.334
PK,2013,Protest,13041,-5.371,2.095
PK,2014,Aid/Cooperation,291105,3.114,2.646
PK,2014,Conflict/Migration,162074,-9.862,1.411
PK,2014,Disapproval/Sanction,125941,-2.932,2.174
PK,2014,Other,440928,0.99,2.322
PK,2014,Protest,17126,-5.317,2.049
PK,2015,Aid/Cooperation,387110,3.074,-1.132
PK,2015,Conflict/Migration,174193,-9.871,-5.711
PK,2015,Disapproval/Sanction,154685,-2.929,-3.517
PK,2015,Other,561292,0.926,-2.574
PK,2015,Protest,18492,-5.255,-3.723
PK,2016,Aid/Cooperation,435614,3.063,-1.884
PK,2016,Conflict/Migration,189089,-9.852,-6.432
PK,2016,Disapproval/Sanction,187845,-2.899,-4.206
PK,2016,Other,656450,0.911,-3.315
PK,2016,Protest,23399,-5.32,-4.676
PK,2017,Aid/Cooperation,332432,3.023,-1.464
PK,2017,Conflict/Migration,134794,-9.833,-6.59
PK,2017,Disapproval/Sanction,146720,-2.919,-4.062
PK,2017,Other,511096,0.978,-3.069
PK,2017,Protest,17080,-5.168,-4.528
PK,2018,Aid/Cooperation,322338,3.004,-1.082
PK,2018,Conflict/Migration,105996,-9.827,-6.309
PK,2018,Disapproval/Sanction,135560,-2.907,-3.685
PK,2018,Other,476906,1.054,-2.679
PK,2018,Protest,12789,-5.178,-4.095
PK,2019,Aid/Cooperation,330385,3.023,-1.199
PK,2019,Conflict/Migration,100684,-9.835,-5.893
PK,2019,Disapproval/Sanction,124078,-2.933,-3.93
PK,2019,Other,469106,1.152,-2.77
PK,2019,Protest,15908,-5.259,-4.513
PK,2020,Aid/Cooperation,196703,2.998,-1.467
PK,2020,Conflict/Migration,61339,-9.792,-6.123
PK,2020,Disapproval/Sanction,79721,-2.928,-4.12
PK,2020,Other,303352,1.129,-3.007
PK,2020,Protest,9298,-5.026,-4.301
PK,2021,Aid/Cooperation,205037,3.076,-0.937
PK,2021,Conflict/Migration,59694,-9.794,-6.071
PK,2021,Disapproval/Sanction,74251,-2.965,-3.743
PK,2021,Other,287192,1.253,-2.495
PK,2021,Protest,7995,-5.071,-3.87
PK,2022,Aid/Cooperation,186965,2.995,-1.109
PK,2022,Conflict/Migration,59701,-9.826,-6.354
PK,2022,Disapproval/Sanction,76616,-2.917,-3.884
PK,2022,Other,271867,1.178,-2.805
PK,2022,Protest,8882,-5.117,-4.256
PK,2023,Aid/Cooperation,216600,3.009,-1.001
PK,2023,Conflict/Migration,73398,-9.837,-6.688
PK,2023,Disapproval/Sanction,87305,-2.948,-4.176
PK,2023,Other,332484,0.899,-2.982
PK,2023,Protest,9426,-5.213,-4.84
PK,2024,Aid/Cooperation,232865,3.014,-0.513
PK,2024,Conflict/Migration,75947,-9.828,-6.855
PK,2024,Disapproval/Sanction,88696,-2.88,-4.299
PK,2024,Other,328206,0.987,-2.718
PK,2024,Protest,10416,-5.075,-4.797
PL,1996,Aid/Cooperation,9527,3.426,5.901
PL,1996,Conflict/Migration,410,-9.805,4.699
PL,1996,Disapproval/Sanction,1828,-3.085,5.33
PL,1996,Other,9177,1.807,5.484
PL,1996,Protest,170,-5.021,5.216
PL,1997,Aid/Cooperation,13113,3.619,6.005
PL,1997,Conflict/Migration,542,-9.825,4.866
PL,1997,Disapproval/Sanction,2526,-3.141,5.846
PL,1997,Other,12320,2.031,5.812
PL,1997,Protest,201,-5.119,6.005
PL,1998,Aid/Cooperation,13814,3.467,5.628
PL,1998,Conflict/Migration,773,-9.765,4.391
PL,1998,Disapproval/Sanction,2859,-3.214,5.351
PL,1998,Other,13955,1.812,5.418
PL,1998,Protest,268,-5.033,5.374
PL,1999,Aid/Cooperation,12879,3.234,5.722
PL,1999,Conflict/Migration,966,-9.804,4.57
PL,1999,Disapproval/Sanction,3042,-3.076,5.334
PL,1999,Other,13971,1.756,5.423
PL,1999,Protest,350,-5.153,5.509
PL,2000,Aid/Cooperation,12568,3.251,6.13
PL,2000,Conflict/Migration,908,-9.79,4.737
PL,2000,Disapproval/Sanction,3026,-3.075,5.697
PL,2000,Other,14399,1.523,5.651
PL,2000,Protest,292,-5.14,5.816
PL,2001,Aid/Cooperation,11973,3.346,5.85
PL,2001,Conflict/Migration,1018,-9.887,4.544
PL,2001,Disapproval/Sanction,2766,-3.09,5.343
PL,2001,Other,13207,1.446,5.308
PL,2001,Protest,233,-5.201,5.449
PL,2002,Aid/Cooperation,10036,3.227,5.549
PL,2002,Conflict/Migration,576,-9.813,4.156
PL,2002,Disapproval/Sanction,1748,-3.128,4.965
PL,2002,Other,10105,1.78,5.097
PL,2002,Protest,203,-5.101,5.237
PL,2003,Aid/Cooperation,12909,3.314,5.739
PL,2003,Conflict/Migration,1018,-9.846,4.102
PL,2003,Disapproval/Sanction,2449,-3.194,5.352
PL,2003,Other,14178,1.972,5.368
PL,2003,Protest,310,-4.981,5.618
PL,2004,Aid/Cooperation,10679,3.155,5.621
PL,2004,Conflict/Migration,1483,-9.838,3.794
PL,2004,Disapproval/Sanction,2412,-3.2,5.333
PL,2004,Other,12483,1.988,5.34
PL,2004,Protest,253,-5.331,5.278
PL,2005,Aid/Cooperation,8970,3.055,5.647
PL,2005,Conflict/Migration,743,-9.878,4.628
PL,2005,Disapproval/Sanction,2039,-3.045,5.142
PL,2005,Other,11144,1.459,5.317
PL,2005,Protest,226,-5.11,5.019
PL,2006,Aid/Cooperation,10426,3.2,5.525
PL,2006,Conflict/Migration,985,-9.874,4.537
PL,2006,Disapproval/Sanction,2660,-3.149,5.481
PL,2006,Other,13661,1.544,5.202
PL,2006,Protest,250,-4.921,5.529
PL,2007,Aid/Cooperation,19518,3.484,5.469
PL,2007,Conflict/Migration,2646,-9.85,4.467
PL,2007,Disapproval/Sanction,5909,-3.086,5.167
PL,2007,Other,22841,1.652,5.281
PL,2007,Protest,837,-4.987,5.372
PL,2008,Aid/Cooperation,18834,3.587,5.495
PL,2008,Conflict/Migration,2074,-9.844,4.381
PL,2008,Disapproval/Sanction,3648,-3.145,5.249
PL,2008,Other,19746,1.939,5.493
PL,2008,Protest,751,-5.104,5.385
PL,2009,Aid/Cooperation,27338,3.443,5.471
PL,2009,Conflict/Migration,4333,-9.829,4.052
PL,2009,Disapproval/Sanction,6341,-3.055,4.977
PL,2009,Other,31592,1.779,5.193
PL,2009,Protest,627,-5.277,5.061
PL,2010,Aid/Cooperation,27424,3.078,5.72
PL,2010,Conflict/Migration,3983,-9.861,4.466
PL,2010,Disapproval/Sanction,5168,-3.059,4.947
PL,2010,Other,32513,1.515,5.135
PL,2010,Protest,681,-5.099,4.775
PL,2011,Aid/Cooperation,31117,3.076,5.913
PL,2011,Conflict/Migration,3819,-9.843,4.432
PL,2011,Disapproval/Sanction,5927,-2.926,5.215
PL,2011,Other,34392,1.716,5.453
PL,2011,Protest,784,-5.001,5.123
PL,2012,Aid/Cooperation,24746,3.181,5.523
PL,2012,Conflict/Migration,3749,-9.859,4.063
PL,2012,Disapproval/Sanction,5218,-2.975,4.8
PL,2012,Other,31123,1.538,4.944
PL,2012,Protest,512,-5.18,4.312
PL,2013,Aid/Cooperation,29808,3.201,2.729
PL,2013,Conflict/Migration,4455,-9.826,2.096
PL,2013,Disapproval/Sanction,6198,-3.009,2.326
PL,2013,Other,33970,1.691,2.393
PL,2013,Protest,705,-5.284,1.973
PL,2014,Aid/Cooperation,46805,3.103,2.685
PL,2014,Conflict/Migration,6049,-9.749,2.147
PL,2014,Disapproval/Sanction,8641,-2.952,2.274
PL,2014,Other,54547,1.616,2.303
PL,2014,Protest,1318,-5.211,2.141
PL,2015,Aid/Cooperation,55954,3.036,-0.412
PL,2015,Conflict/Migration,10177,-9.803,-3.378
PL,2015,Disapproval/Sanction,15253,-2.928,-2.489
PL,2015,Other,72898,1.569,-1.609
PL,2015,Protest,2042,-5.131,-2.956
PL,2016,Aid/Cooperation,81641,2.985,-0.811
PL,2016,Conflict/Migration,12583,-9.81,-4.328
PL,2016,Disapproval/Sanction,18798,-2.958,-3.083
PL,2016,Other,96350,1.487,-1.945
PL,2016,Protest,3023,-5.065,-3.272
PL,2017,Aid/Cooperation,69663,2.957,-0.516
PL,2017,Conflict/Migration,10893,-9.786,-4.001
PL,2017,Disapproval/Sanction,20174,-3.09,-3.129
PL,2017,Other,81743,1.566,-1.855
PL,2017,Protest,2773,-5.094,-3.306
PL,2018,Aid/Cooperation,62429,3.111,-0.875
PL,2018,Conflict/Migration,10626,-9.835,-4.087
PL,2018,Disapproval/Sanction,19338,-2.906,-3.53
PL,2018,Other,75179,1.505,-2.191
PL,2018,Protest,2633,-5.077,-3.431
PL,2019,Aid/Cooperation,57664,3.043,-0.833
PL,2019,Conflict/Migration,8799,-9.828,-4.048
PL,2019,Disapproval/Sanction,14377,-2.862,-3.033
PL,2019,Other,67147,1.423,-2.084
PL,2019,Protest,1801,-5.13,-3.169
PL,2020,Aid/Cooperation,34445,3.159,-1.198
PL,2020,Conflict/Migration,5899,-9.815,-3.917
PL,2020,Disapproval/Sanction,11346,-3.038,-3.315
PL,2020,Other,50519,1.302,-2.397
PL,2020,Protest,1515,-5.088,-3.538
PL,2021,Aid/Cooperation,35248,3.187,-1.718
PL,2021,Conflict/Migration,8228,-9.781,-4.617
PL,2021,Disapproval/Sanction,13953,-2.926,-4.319
PL,2021,Other,51067,1.289,-3.067
PL,2021,Protest,1956,-4.958,-4.194
PL,2022,Aid/Cooperation,74176,2.893,-1.68
PL,2022,Conflict/Migration,12611,-9.776,-3.795
PL,2022,Disapproval/Sanction,12761,-2.972,-3.493
PL,2022,Other,80565,2.226,-2.468
PL,2022,Protest,2746,-5.23,-3.935
PL,2023,Aid/Cooperation,56015,3.039,-1.027
PL,2023,Conflict/Migration,8820,-9.812,-3.678
PL,2023,Disapproval/Sanction,14264,-2.942,-3.164
PL,2023,Other,68199,1.691,-2.064
PL,2023,Protest,2503,-5.112,-3.587
PL,2024,Aid/Cooperation,47349,3.108,-0.654
PL,2024,Conflict/Migration,8891,-9.819,-4.098
PL,2024,Disapproval/Sanction,11287,-2.988,-3.356
PL,2024,Other,57383,1.524,-2.173
PL,2024,Protest,2021,-5.205,-3.501
PS,1996,Aid/Cooperation,81,2.551,6.519
PS,1996,Conflict/Migration,2,-10,6.17
PS,1996,Disapproval/Sanction,2,-3.5,6.327
PS,1996,Other,19,0.984,5.11
PS,1996,Protest,2,-4.4,5.259
PS,1997,Aid/Cooperation,44,3.357,5.905
PS,1997,Disapproval/Sanction,6,-2.5,3.298
PS,1997,Other,42,2.733,5.799
PS,1998,Aid/Cooperation,40,2.458,4.806
PS,1998,Disapproval/Sanction,16,-2.563,4.702
PS,1998,Other,48,1.521,5.273
PS,1999,Aid/Cooperation,86,2.969,6.796
PS,1999,Conflict/Migration,5,-9.9,4.043
PS,1999,Disapproval/Sanction,9,-3.667,4.462
PS,1999,Other,65,0.392,5.706
PS,1999,Protest,2,-4.4,5.289
PS,2000,Aid/Cooperation,136,3.271,6.6
PS,2000,Conflict/Migration,10,-10,3.629
PS,2000,Disapproval/Sanction,9,-4,6.339
PS,2000,Other,113,1.88,6.266
PS,2000,Protest,3,-4.4,4.722
PS,2001,Aid/Cooperation,178,2.48,7.252
PS,2001,Conflict/Migration,1,-9,6.511
PS,2001,Disapproval/Sanction,22,-2.773,5.501
PS,2001,Other,79,2.519,5.379
PS,2002,Aid/Cooperation,102,3.414,5.826
PS,2002,Conflict/Migration,7,-9.571,4.242
PS,2002,Disapproval/Sanction,28,-4.143,4.354
PS,2002,Other,100,2.792,4.861
PS,2003,Aid/Cooperation,165,3.372,5.65
PS,2003,Conflict/Migration,15,-9.867,3.947
PS,2003,Disapproval/Sanction,23,-2.826,4.062
PS,2003,Other,133,1.627,5.027
PS,2003,Protest,4,-5.05,3.998
PS,2004,Aid/Cooperation,105,4.484,6.238
PS,2004,Conflict/Migration,10,-9.85,2.773
PS,2004,Disapproval/Sanction,10,-3.2,4.199
PS,2004,Other,102,1.09,5.81
PS,2004,Protest,1,-4.4,1.852
PS,2005,Aid/Cooperation,130,3.139,5.157
PS,2005,Conflict/Migration,7,-10,3.137
PS,2005,Disapproval/Sanction,11,-3.364,3.482
PS,2005,Other,65,2.317,4.47
PS,2006,Aid/Cooperation,233,3.161,6.614
PS,2006,Conflict/Migration,8,-9.375,3.621
PS,2006,Disapproval/Sanction,39,-2.641,6.51
PS,2006,Other,130,2.307,5.658
PS,2006,Protest,2,-5.7,6.33
PS,2007,Aid/Cooperation,308,3.156,6.014
PS,2007,Conflict/Migration,15,-9.8,3.947
PS,2007,Disapproval/Sanction,48,-3.083,6.157
PS,2007,Other,259,1.502,5.843
PS,2007,Protest,8,-5.05,5.614
PS,2008,Aid/Cooperation,254,3.039,5.448
PS,2008,Conflict/Migration,28,-9.857,5.53
PS,2008,Disapproval/Sanction,59,-3.034,5.491
PS,2008,Other,301,1.167,5.331
PS,2008,Protest,2,-4.4,5.695
PS,2009,Aid/Cooperation,1936,2.986,5.495
PS,2009,Conflict/Migration,105,-9.738,4.604
PS,2009,Disapproval/Sanction,471,-3.333,5.139
PS,2009,Other,2666,1.945,5.309
PS,2009,Protest,35,-5.189,6.218
PS,2010,Aid/Cooperation,933,3.329,6.416
PS,2010,Conflict/Migration,90,-9.756,5.913
PS,2010,Disapproval/Sanction,218,-2.991,5.921
PS,2010,Other,1122,1.742,6.325
PS,2010,Protest,39,-4.867,6.554
PS,2011,Aid/Cooperation,583,3.993,7.037
PS,2011,Conflict/Migration,100,-9.88,4.385
PS,2011,Disapproval/Sanction,168,-3.036,5.602
PS,2011,Other,907,1.768,5.777
PS,2011,Protest,25,-4.768,5.23
PS,2012,Aid/Cooperation,903,3.2,6.268
PS,2012,Conflict/Migration,101,-9.812,4.15
PS,2012,Disapproval/Sanction,219,-3.05,4.361
PS,2012,Other,1081,1.341,5.285
PS,2012,Protest,19,-4.674,6.043
PS,2013,Aid/Cooperation,735,3.35,2.886
PS,2013,Conflict/Migration,77,-9.773,2.128
PS,2013,Disapproval/Sanction,179,-2.793,2.167
PS,2013,Other,1054,2.102,2.759
PS,2013,Protest,15,-4.573,2.389
PS,2014,Aid/Cooperation,1186,2.986,2.811
PS,2014,Conflict/Migration,149,-9.644,1.932
PS,2014,Disapproval/Sanction,317,-2.909,2.138
PS,2014,Other,1407,1.393,2.46
PS,2014,Protest,20,-4.53,2.196
PS,2015,Aid/Cooperation,1809,2.881,0.046
PS,2015,Conflict/Migration,384,-9.799,-4.156
PS,2015,Disapproval/Sanction,194,-2.856,-2.69
PS,2015,Other,1551,2.164,-1.011
PS,2015,Protest,38,-4.847,-1.497
PS,2016,Aid/Cooperation,1605,2.988,0.691
PS,2016,Conflict/Migration,132,-9.864,-2.331
PS,2016,Disapproval/Sanction,183,-2.995,-2.433
PS,2016,Other,1434,2.049,-0.296
PS,2016,Protest,37,-4.681,-2.823
PS,2017,Aid/Cooperation,1248,3.32,1.375
PS,2017,Conflict/Migration,61,-9.893,-3.072
PS,2017,Disapproval/Sanction,137,-3.08,-1.29
PS,2017,Other,1039,1.968,-0.139
PS,2017,Protest,15,-4.747,-1.053
PS,2018,Aid/Cooperation,1501,3.159,0.596
PS,2018,Conflict/Migration,94,-9.904,-0.761
PS,2018,Disapproval/Sanction,240,-3.15,-2.171
PS,2018,Other,1723,2.146,-0.75
PS,2018,Protest,36,-5.061,-2.281
PS,2019,Aid/Cooperation,1909,2.812,1.152
PS,2019,Conflict/Migration,84,-9.869,-1.818
PS,2019,Disapproval/Sanction,154,-3.13,-0.849
PS,2019,Other,1454,2.665,0.398
PS,2019,Protest,52,-4.831,-1.569
PS,2020,Aid/Cooperation,1492,3,-0.611
PS,2020,Conflict/Migration,92,-9.94,-2.428
PS,2020,Disapproval/Sanction,139,-3.482,-1.389
PS,2020,Other,1366,1.773,-0.976
PS,2020,Protest,18,-4.833,-1.651
PS,2021,Aid/Cooperation,1658,3.373,0.365
PS,2021,Conflict/Migration,65,-9.908,-1.429
PS,2021,Disapproval/Sanction,196,-3.25,-1.966
PS,2021,Other,1547,2.232,-0.349
PS,2021,Protest,16,-4.725,-1.631
PS,2022,Aid/Cooperation,1097,3.056,0.951
PS,2022,Conflict/Migration,38,-9.908,-0.992
PS,2022,Disapproval/Sanction,91,-3.286,-0.966
PS,2022,Other,856,2.385,0.183
PS,2022,Protest,18,-4.544,-1.665
PS,2023,Aid/Cooperation,1766,3.812,0.875
PS,2023,Conflict/Migration,95,-9.911,-2.513
PS,2023,Disapproval/Sanction,132,-3.144,-1.18
PS,2023,Other,1396,2.201,-0.208
PS,2023,Protest,24,-4.792,-1.026
PS,2024,Aid/Cooperation,2017,3.24,1.369
PS,2024,Conflict/Migration,119,-9.924,-1.226
PS,2024,Disapproval/Sanction,270,-2.959,-1.425
PS,2024,Other,1652,2.321,0.358
PS,2024,Protest,53,-5.14,-1.568
RO,1996,Aid/Cooperation,5896,3.749,6.23
RO,1996,Conflict/Migration,309,-9.879,4.517
RO,1996,Disapproval/Sanction,939,-3.066,5.826
RO,1996,Other,4848,1.761,5.906
RO,1996,Protest,85,-5.052,5.848
RO,1997,Aid/Cooperation,11356,3.449,6.254
RO,1997,Conflict/Migration,288,-9.797,4.934
RO,1997,Disapproval/Sanction,1744,-3.147,5.881
RO,1997,Other,9010,1.917,6.043
RO,1997,Protest,162,-4.925,6.037
RO,1998,Aid/Cooperation,11771,3.286,5.868
RO,1998,Conflict/Migration,369,-9.846,4.581
RO,1998,Disapproval/Sanction,1943,-3.176,5.691
RO,1998,Other,10138,1.985,5.667
RO,1998,Protest,169,-5.254,5.697
RO,1999,Aid/Cooperation,13275,3.165,5.707
RO,1999,Conflict/Migration,875,-9.849,4.171
RO,1999,Disapproval/Sanction,2313,-3.142,5.431
RO,1999,Other,11939,1.608,5.399
RO,1999,Protest,244,-5.384,5.224
RO,2000,Aid/Cooperation,8759,3.665,6.123
RO,2000,Conflict/Migration,506,-9.87,4.09
RO,2000,Disapproval/Sanction,1654,-3.054,5.774
RO,2000,Other,7931,1.662,5.658
RO,2000,Protest,205,-5.204,5.697
RO,2001,Aid/Cooperation,8170,3.128,5.903
RO,2001,Conflict/Migration,417,-9.838,3.918
RO,2001,Disapproval/Sanction,1462,-3.174,5.516
RO,2001,Other,7698,1.806,5.592
RO,2001,Protest,165,-5.067,5.571
RO,2002,Aid/Cooperation,7054,3.508,6.257
RO,2002,Conflict/Migration,298,-9.869,4.276
RO,2002,Disapproval/Sanction,1206,-3.034,5.536
RO,2002,Other,5812,1.774,5.612
RO,2002,Protest,127,-5.123,6.169
RO,2003,Aid/Cooperation,8910,3.478,6.083
RO,2003,Conflict/Migration,397,-9.831,4.467
RO,2003,Disapproval/Sanction,1400,-3.105,5.59
RO,2003,Other,7687,1.883,5.625
RO,2003,Protest,148,-5.049,5.389
RO,2004,Aid/Cooperation,7653,3.371,6.272
RO,2004,Conflict/Migration,438,-9.863,4.11
RO,2004,Disapproval/Sanction,1360,-3.029,5.581
RO,2004,Other,6937,1.971,5.875
RO,2004,Protest,163,-4.784,5.835
RO,2005,Aid/Cooperation,6551,3.34,5.688
RO,2005,Conflict/Migration,594,-9.581,4.133
RO,2005,Disapproval/Sanction,1220,-3.207,5.215
RO,2005,Other,6846,1.99,5.181
RO,2005,Protest,189,-5.433,4.668
RO,2006,Aid/Cooperation,6910,3.306,5.799
RO,2006,Conflict/Migration,526,-9.811,4.198
RO,2006,Disapproval/Sanction,1549,-3.028,5.182
RO,2006,Other,7580,1.802,5.323
RO,2006,Protest,140,-4.889,5.1
RO,2007,Aid/Cooperation,8405,3.554,5.691
RO,2007,Conflict/Migration,804,-9.854,4.391
RO,2007,Disapproval/Sanction,2386,-2.997,5.133
RO,2007,Other,8664,1.555,5.32
RO,2007,Protest,230,-4.947,4.975
RO,2008,Aid/Cooperation,9887,2.946,5.683
RO,2008,Conflict/Migration,758,-9.804,4.624
RO,2008,Disapproval/Sanction,1856,-3.134,5.409
RO,2008,Other,8510,1.647,5.397
RO,2008,Protest,417,-5.214,4.927
RO,2009,Aid/Cooperation,17415,3.413,5.914
RO,2009,Conflict/Migration,1445,-9.794,4.862
RO,2009,Disapproval/Sanction,4512,-2.898,5.164
RO,2009,Other,21160,1.902,5.327
RO,2009,Protest,340,-5.15,5.141
RO,2010,Aid/Cooperation,15458,3.324,5.484
RO,2010,Conflict/Migration,1148,-9.875,4.171
RO,2010,Disapproval/Sanction,3248,-2.912,4.688
RO,2010,Other,17531,1.919,5.039
RO,2010,Protest,430,-5.042,4.548
RO,2011,Aid/Cooperation,15185,3.251,6.219
RO,2011,Conflict/Migration,1035,-9.8,4.288
RO,2011,Disapproval/Sanction,3350,-2.934,5.309
RO,2011,Other,17442,2.019,5.411
RO,2011,Protest,478,-5.005,5.185
RO,2012,Aid/Cooperation,15245,3.305,5.603
RO,2012,Conflict/Migration,1486,-9.851,4.178
RO,2012,Disapproval/Sanction,4527,-2.871,4.963
RO,2012,Other,20616,1.655,5.033
RO,2012,Protest,413,-4.961,4.859
RO,2013,Aid/Cooperation,16851,3.173,2.892
RO,2013,Conflict/Migration,1498,-9.765,2.027
RO,2013,Disapproval/Sanction,4432,-2.896,2.405
RO,2013,Other,22184,1.363,2.508
RO,2013,Protest,524,-4.904,2.302
RO,2014,Aid/Cooperation,24003,3.21,2.965
RO,2014,Conflict/Migration,2222,-9.805,2.179
RO,2014,Disapproval/Sanction,5504,-2.925,2.534
RO,2014,Other,30299,1.797,2.441
RO,2014,Protest,647,-4.859,2.308
RO,2015,Aid/Cooperation,35897,3.158,0.089
RO,2015,Conflict/Migration,3122,-9.741,-3.337
RO,2015,Disapproval/Sanction,9127,-2.98,-2.802
RO,2015,Other,45315,1.719,-1.47
RO,2015,Protest,804,-4.938,-2.233
RO,2016,Aid/Cooperation,41409,3.114,0.124
RO,2016,Conflict/Migration,4033,-9.763,-3.341
RO,2016,Disapproval/Sanction,9189,-3.06,-2.351
RO,2016,Other,48227,1.781,-1.352
RO,2016,Protest,1051,-4.964,-2.316
RO,2017,Aid/Cooperation,42352,2.969,0.282
RO,2017,Conflict/Migration,3383,-9.774,-3.739
RO,2017,Disapproval/Sanction,9413,-3.092,-2.94
RO,2017,Other,47767,1.653,-1.521
RO,2017,Protest,1175,-5.079,-3.728
RO,2018,Aid/Cooperation,38442,2.974,0.081
RO,2018,Conflict/Migration,3538,-9.784,-4.183
RO,2018,Disapproval/Sanction,9303,-3.006,-3.019
RO,2018,Other,42164,1.64,-1.596
RO,2018,Protest,1006,-4.994,-3.567
RO,2019,Aid/Cooperation,29189,3.032,0.111
RO,2019,Conflict/Migration,3068,-9.813,-4.236
RO,2019,Disapproval/Sanction,6496,-3.072,-2.522
RO,2019,Other,31013,1.8,-1.342
RO,2019,Protest,659,-4.817,-2.918
RO,2020,Aid/Cooperation,16455,3.241,-0.193
RO,2020,Conflict/Migration,1459,-9.798,-3.994
RO,2020,Disapproval/Sanction,3548,-3.059,-2.425
RO,2020,Other,19782,1.871,-1.44
RO,2020,Protest,409,-4.823,-2.884
RO,2021,Aid/Cooperation,17439,3.062,0.378
RO,2021,Conflict/Migration,2234,-9.853,-3.592
RO,2021,Disapproval/Sanction,3854,-2.995,-1.995
RO,2021,Other,21446,2.056,-0.995
RO,2021,Protest,372,-4.822,-3.013
RO,2022,Aid/Cooperation,34033,2.946,-0.145
RO,2022,Conflict/Migration,3229,-9.758,-3.318
RO,2022,Disapproval/Sanction,3908,-3.071,-2.153
RO,2022,Other,31976,2.435,-1.212
RO,2022,Protest,622,-5.248,-3.258
RO,2023,Aid/Cooperation,36303,3.214,0.376
RO,2023,Conflict/Migration,4070,-9.696,-4.264
RO,2023,Disapproval/Sanction,6338,-2.972,-3.054
RO,2023,Other,39311,1.876,-1.277
RO,2023,Protest,588,-5.284,-2.59
RO,2024,Aid/Cooperation,28620,3.294,0.795
RO,2024,Conflict/Migration,2841,-9.749,-4.127
RO,2024,Disapproval/Sanction,5890,-2.91,-2.465
RO,2024,Other,32222,2.132,-0.978
RO,2024,Protest,716,-4.927,-2.941
SA,1996,Aid/Cooperation,8116,3.083,5.46
SA,1996,Conflict/Migration,1450,-9.914,3.225
SA,1996,Disapproval/Sanction,1472,-2.825,5.026
SA,1996,Other,6431,1.431,4.912
SA,1996,Protest,268,-5.43,4.516
SA,1997,Aid/Cooperation,11863,3.178,5.654
SA,1997,Conflict/Migration,1588,-9.906,3.164
SA,1997,Disapproval/Sanction,1838,-3.085,4.684
SA,1997,Other,8607,1.15,4.955
SA,1997,Protest,255,-5.412,4.659
SA,1998,Aid/Cooperation,12388,3.068,6.068
SA,1998,Conflict/Migration,1124,-9.91,3.799
SA,1998,Disapproval/Sanction,1598,-2.926,5.264
SA,1998,Other,8707,1.783,5.555
SA,1998,Protest,178,-5.5,5.307
SA,1999,Aid/Cooperation,13617,3.015,6.297
SA,1999,Conflict/Migration,1416,-9.886,3.589
SA,1999,Disapproval/Sanction,2026,-2.99,5.336
SA,1999,Other,9406,1.694,5.69
SA,1999,Protest,199,-5.542,5.003
SA,2000,Aid/Cooperation,12866,3.22,5.892
SA,2000,Conflict/Migration,1818,-9.851,3.3
SA,2000,Disapproval/Sanction,1936,-3.016,5.388
SA,2000,Other,10075,1.792,5.37
SA,2000,Protest,191,-5.254,4.668
SA,2001,Aid/Cooperation,15184,3.126,5.783
SA,2001,Conflict/Migration,2385,-9.87,3.86
SA,2001,Disapproval/Sanction,3660,-2.74,5.34
SA,2001,Other,13870,1.365,5.341
SA,2001,Protest,456,-5.433,5.283
SA,2002,Aid/Cooperation,15727,3.107,6.283
SA,2002,Conflict/Migration,1645,-9.84,3.965
SA,2002,Disapproval/Sanction,3244,-2.901,5.755
SA,2002,Other,14307,1.545,5.752
SA,2002,Protest,478,-5.42,5.401
SA,2003,Aid/Cooperation,17407,2.993,5.933
SA,2003,Conflict/Migration,4841,-9.904,3.643
SA,2003,Disapproval/Sanction,4632,-2.791,5.237
SA,2003,Other,19141,1.085,5.137
SA,2003,Protest,1030,-5.734,4.847
SA,2004,Aid/Cooperation,12358,2.984,5.691
SA,2004,Conflict/Migration,6338,-9.882,3.314
SA,2004,Disapproval/Sanction,3755,-2.793,5.003
SA,2004,Other,15084,1.127,4.925
SA,2004,Protest,723,-5.642,4.446
SA,2005,Aid/Cooperation,9201,3.012,5.918
SA,2005,Conflict/Migration,2796,-9.897,3.004
SA,2005,Disapproval/Sanction,2123,-2.898,5.261
SA,2005,Other,10271,1.103,5.201
SA,2005,Protest,278,-5.47,4.627
SA,2006,Aid/Cooperation,16088,3.193,5.973
SA,2006,Conflict/Migration,2179,-9.879,3.394
SA,2006,Disapproval/Sanction,2874,-2.899,5.215
SA,2006,Other,14924,1.723,5.446
SA,2006,Protest,485,-5.243,4.954
SA,2007,Aid/Cooperation,42220,3.162,6.042
SA,2007,Conflict/Migration,5372,-9.794,3.724
SA,2007,Disapproval/Sanction,8155,-3.047,5.519
SA,2007,Other,40069,1.693,5.586
SA,2007,Protest,1254,-5.259,5.035
SA,2008,Aid/Cooperation,29894,3.204,5.941
SA,2008,Conflict/Migration,3413,-9.803,4.032
SA,2008,Disapproval/Sanction,6160,-2.976,5.367
SA,2008,Other,31465,1.849,5.5
SA,2008,Protest,875,-5.191,5.029
SA,2009,Aid/Cooperation,50705,3.12,6.047
SA,2009,Conflict/Migration,9321,-9.84,3.8
SA,2009,Disapproval/Sanction,11194,-2.953,5.212
SA,2009,Other,55522,1.782,5.399
SA,2009,Protest,1557,-5.079,4.737
SA,2010,Aid/Cooperation,47754,3.091,6.133
SA,2010,Conflict/Migration,7845,-9.799,4.207
SA,2010,Disapproval/Sanction,11924,-3.11,5.547
SA,2010,Other,56395,1.805,5.603
SA,2010,Protest,1697,-5.334,4.888
SA,2011,Aid/Cooperation,68699,3.055,6.136
SA,2011,Conflict/Migration,17781,-9.867,4.655
SA,2011,Disapproval/Sanction,24771,-3.141,5.476
SA,2011,Other,98531,1.237,5.583
SA,2011,Protest,3179,-5.21,5.152
SA,2012,Aid/Cooperation,67512,3.094,5.99
SA,2012,Conflict/Migration,12441,-9.831,3.701
SA,2012,Disapproval/Sanction,19258,-2.995,4.951
SA,2012,Other,83508,1.368,5.228
SA,2012,Protest,2216,-5.149,4.564
SA,2013,Aid/Cooperation,64934,3.138,3.005
SA,2013,Conflict/Migration,11719,-9.827,1.877
SA,2013,Disapproval/Sanction,20898,-2.967,2.368
SA,2013,Other,86335,1.382,2.477
SA,2013,Protest,3018,-5.013,2.385
SA,2014,Aid/Cooperation,105827,3.104,2.982
SA,2014,Conflict/Migration,21389,-9.872,1.607
SA,2014,Disapproval/Sanction,27835,-2.854,2.287
SA,2014,Other,118497,1.569,2.46
SA,2014,Protest,4414,-5.15,2.195
SA,2015,Aid/Cooperation,189005,3.085,-1.077
SA,2015,Conflict/Migration,73008,-9.886,-4.831
SA,2015,Disapproval/Sanction,66575,-2.788,-3.295
SA,2015,Other,243708,1.646,-2.265
SA,2015,Protest,10326,-5.162,-3.769
SA,2016,Aid/Cooperation,189921,3.168,-1.577
SA,2016,Conflict/Migration,64705,-9.886,-5.441
SA,2016,Disapproval/Sanction,76584,-2.784,-4.203
SA,2016,Other,266444,1.47,-2.91
SA,2016,Protest,11333,-5.154,-4.388
SA,2017,Aid/Cooperation,204923,3.059,-1.126
SA,2017,Conflict/Migration,43281,-9.891,-5.199
SA,2017,Disapproval/Sanction,56613,-2.822,-3.578
SA,2017,Other,218215,1.736,-2.233
SA,2017,Protest,8610,-5.129,-4.084
SA,2018,Aid/Cooperation,179509,3.064,-1.187
SA,2018,Conflict/Migration,62967,-9.885,-4.583
SA,2018,Disapproval/Sanction,65403,-2.873,-3.461
SA,2018,Other,238636,1.511,-2.406
SA,2018,Protest,9763,-5.223,-3.88
SA,2019,Aid/Cooperation,151847,3.081,-0.992
SA,2019,Conflict/Migration,46466,-9.896,-4.872
SA,2019,Disapproval/Sanction,51409,-2.789,-3.938
SA,2019,Other,182332,1.833,-2.481
SA,2019,Protest,7760,-5.3,-4.407
SA,2020,Aid/Cooperation,84610,3.094,-0.97
SA,2020,Conflict/Migration,17907,-9.889,-4.698
SA,2020,Disapproval/Sanction,22494,-2.967,-3.399
SA,2020,Other,102384,1.623,-2.277
SA,2020,Protest,3292,-5.14,-3.891
SA,2021,Aid/Cooperation,77313,3.245,0.182
SA,2021,Conflict/Migration,15884,-9.903,-4.24
SA,2021,Disapproval/Sanction,17788,-2.892,-2.927
SA,2021,Other,84570,1.861,-1.37
SA,2021,Protest,3048,-5.221,-3.966
SA,2022,Aid/Cooperation,89066,3.204,0.835
SA,2022,Conflict/Migration,11781,-9.887,-3.902
SA,2022,Disapproval/Sanction,15701,-2.84,-2.56
SA,2022,Other,78101,2.094,-0.79
SA,2022,Protest,2263,-5.154,-3.585
SA,2023,Aid/Cooperation,148799,3.313,0.417
SA,2023,Conflict/Migration,10804,-9.861,-4.053
SA,2023,Disapproval/Sanction,18700,-2.916,-2.4
SA,2023,Other,105564,2.306,-0.505
SA,2023,Protest,2637,-5.044,-3.017
SA,2024,Aid/Cooperation,87154,3.251,0.752
SA,2024,Conflict/Migration,7533,-9.879,-3.944
SA,2024,Disapproval/Sanction,11792,-2.936,-2.405
SA,2024,Other,68421,2.366,-0.374
SA,2024,Protest,2129,-5.233,-3.861
SG,1996,Aid/Cooperation,656,3.477,5.203
SG,1996,Conflict/Migration,39,-9.795,4.304
SG,1996,Disapproval/Sanction,100,-3.04,4.924
SG,1996,Other,430,1.314,4.968
SG,1996,Protest,7,-4.771,5.171
SG,1997,Aid/Cooperation,1312,3.154,5.653
SG,1997,Conflict/Migration,349,-9.913,3.121
SG,1997,Disapproval/Sanction,158,-3.051,5.1
SG,1997,Other,1171,2.386,5.173
SG,1997,Protest,20,-5.38,4.78
SG,1998,Aid/Cooperation,2339,2.829,5.514
SG,1998,Conflict/Migration,672,-9.885,3.603
SG,1998,Disapproval/Sanction,518,-3.05,4.727
SG,1998,Other,2417,2.202,5.224
SG,1998,Protest,49,-5.469,4.4
SG,1999,Aid/Cooperation,1905,3.197,6.044
SG,1999,Conflict/Migration,222,-9.856,4.1
SG,1999,Disapproval/Sanction,340,-2.882,5.131
SG,1999,Other,1535,2.383,5.583
SG,1999,Protest,32,-5.056,6.148
SG,2000,Aid/Cooperation,2699,3.264,5.925
SG,2000,Conflict/Migration,534,-9.817,4.184
SG,2000,Disapproval/Sanction,587,-2.859,5.43
SG,2000,Other,2685,1.539,5.675
SG,2000,Protest,74,-4.811,5.801
SG,2001,Aid/Cooperation,2983,3.012,5.645
SG,2001,Conflict/Migration,651,-9.85,3.694
SG,2001,Disapproval/Sanction,608,-3.016,5.202
SG,2001,Other,2819,1.623,5.473
SG,2001,Protest,57,-5.277,5.405
SG,2002,Aid/Cooperation,2840,3.198,5.709
SG,2002,Conflict/Migration,246,-9.856,3.386
SG,2002,Disapproval/Sanction,469,-3.032,5.402
SG,2002,Other,2600,2.279,5.484
SG,2002,Protest,52,-5.404,5.24
SG,2003,Aid/Cooperation,3429,2.919,6.054
SG,2003,Conflict/Migration,147,-9.748,5.25
SG,2003,Disapproval/Sanction,503,-2.99,5.166
SG,2003,Other,2515,2.377,5.877
SG,2003,Protest,44,-5.177,5.489
SG,2004,Aid/Cooperation,2452,2.933,6.176
SG,2004,Conflict/Migration,176,-9.866,3.673
SG,2004,Disapproval/Sanction,309,-2.718,5.185
SG,2004,Other,1890,1.838,5.72
SG,2004,Protest,39,-5.241,4.579
SG,2005,Aid/Cooperation,1561,3.293,5.875
SG,2005,Conflict/Migration,115,-9.657,4.44
SG,2005,Disapproval/Sanction,370,-3.038,5.178
SG,2005,Other,1755,1.447,5.46
SG,2005,Protest,37,-5.508,5.16
SG,2006,Aid/Cooperation,2788,3.184,5.763
SG,2006,Conflict/Migration,494,-9.858,3.5
SG,2006,Disapproval/Sanction,440,-3.016,4.638
SG,2006,Other,2878,1.645,5.163
SG,2006,Protest,63,-5.397,5.325
SG,2007,Aid/Cooperation,3302,3.187,5.861
SG,2007,Conflict/Migration,774,-9.893,4.135
SG,2007,Disapproval/Sanction,783,-2.775,5.356
SG,2007,Other,4472,1.338,5.192
SG,2007,Protest,153,-5.179,4.212
SG,2008,Aid/Cooperation,3826,3.185,5.575
SG,2008,Conflict/Migration,527,-9.824,3.536
SG,2008,Disapproval/Sanction,797,-2.726,4.879
SG,2008,Other,4018,1.648,5.236
SG,2008,Protest,140,-5.583,4.719
SG,2009,Aid/Cooperation,6255,3.15,6.021
SG,2009,Conflict/Migration,1074,-9.847,3.29
SG,2009,Disapproval/Sanction,1500,-2.679,4.251
SG,2009,Other,7207,1.652,5.112
SG,2009,Protest,105,-4.918,4.333
SG,2010,Aid/Cooperation,4432,2.908,6.1
SG,2010,Conflict/Migration,528,-9.745,4.041
SG,2010,Disapproval/Sanction,832,-2.821,5.291
SG,2010,Other,4713,1.828,5.623
SG,2010,Protest,116,-4.728,5.113
SG,2011,Aid/Cooperation,5160,2.934,6.27
SG,2011,Conflict/Migration,1029,-9.803,4.129
SG,2011,Disapproval/Sanction,1298,-2.823,4.794
SG,2011,Other,6183,1.089,5.383
SG,2011,Protest,142,-5.285,5.063
SG,2012,Aid/Cooperation,8174,3.083,5.733
SG,2012,Conflict/Migration,1709,-9.827,3.988
SG,2012,Disapproval/Sanction,1851,-2.955,5.059
SG,2012,Other,9715,1.21,5.251
SG,2012,Protest,220,-5.156,5.125
SG,2013,Aid/Cooperation,8275,2.712,2.937
SG,2013,Conflict/Migration,1408,-9.767,1.908
SG,2013,Disapproval/Sanction,1304,-2.783,2.3
SG,2013,Other,8874,1.898,2.456
SG,2013,Protest,160,-5.162,2.42
SG,2014,Aid/Cooperation,10583,3.311,2.815
SG,2014,Conflict/Migration,1144,-9.811,2.244
SG,2014,Disapproval/Sanction,1721,-2.895,2.3
SG,2014,Other,11722,2.098,2.477
SG,2014,Protest,297,-4.893,2.029
SG,2015,Aid/Cooperation,12463,3.002,0.136
SG,2015,Conflict/Migration,2031,-9.729,-3.72
SG,2015,Disapproval/Sanction,2398,-2.939,-3.266
SG,2015,Other,14240,1.811,-1.613
SG,2015,Protest,322,-5.08,-3.28
SG,2016,Aid/Cooperation,14492,2.953,-0.509
SG,2016,Conflict/Migration,1994,-9.696,-4.877
SG,2016,Disapproval/Sanction,2692,-2.929,-3.541
SG,2016,Other,15543,1.672,-2.075
SG,2016,Protest,439,-5.062,-3.534
SG,2017,Aid/Cooperation,14681,3.015,-0.653
SG,2017,Conflict/Migration,2012,-9.735,-3.535
SG,2017,Disapproval/Sanction,2415,-3.145,-2.785
SG,2017,Other,16152,1.976,-1.959
SG,2017,Protest,357,-5.188,-3.288
SG,2018,Aid/Cooperation,13002,2.974,0.217
SG,2018,Conflict/Migration,1535,-9.814,-5.514
SG,2018,Disapproval/Sanction,1647,-2.839,-3.119
SG,2018,Other,12509,1.937,-1.755
SG,2018,Protest,164,-5.371,-2.79
SG,2019,Aid/Cooperation,10241,2.915,0.704
SG,2019,Conflict/Migration,1103,-9.794,-3.908
SG,2019,Disapproval/Sanction,1441,-3.033,-2.135
SG,2019,Other,10327,1.947,-0.891
SG,2019,Protest,187,-5.034,-2.346
SG,2020,Aid/Cooperation,9471,2.876,-0.642
SG,2020,Conflict/Migration,1045,-9.818,-4.063
SG,2020,Disapproval/Sanction,1304,-3.023,-3.149
SG,2020,Other,10420,1.831,-1.953
SG,2020,Protest,298,-4.736,-3.579
SG,2021,Aid/Cooperation,8030,2.97,0.225
SG,2021,Conflict/Migration,1553,-9.736,-5.963
SG,2021,Disapproval/Sanction,1353,-2.761,-4.436
SG,2021,Other,8565,1.477,-2.294
SG,2021,Protest,250,-4.714,-3.84
SG,2022,Aid/Cooperation,9988,3.15,0.17
SG,2022,Conflict/Migration,1024,-9.823,-4.458
SG,2022,Disapproval/Sanction,1574,-2.882,-3.653
SG,2022,Other,8703,1.891,-1.609
SG,2022,Protest,237,-5.064,-3.886
SG,2023,Aid/Cooperation,11747,2.886,-0.529
SG,2023,Conflict/Migration,1990,-9.719,-7.054
SG,2023,Disapproval/Sanction,2718,-2.94,-5.252
SG,2023,Other,13710,0.76,-3.603
SG,2023,Protest,247,-5.009,-5.188
SG,2024,Aid/Cooperation,10893,2.954,-0.093
SG,2024,Conflict/Migration,1293,-9.845,-4.778
SG,2024,Disapproval/Sanction,2894,-2.963,-3.706
SG,2024,Other,13573,1.311,-2.307
SG,2024,Protest,338,-4.751,-3.489
SO,1996,Aid/Cooperation,1674,3.085,5.81
SO,1996,Conflict/Migration,1442,-9.861,4.873
SO,1996,Disapproval/Sanction,753,-2.798,5.534
SO,1996,Other,2285,1.423,5.463
SO,1996,Protest,74,-5.7,5.065
SO,1997,Aid/Cooperation,2858,3.212,6.288
SO,1997,Conflict/Migration,1093,-9.825,4.203
SO,1997,Disapproval/Sanction,788,-2.919,5.532
SO,1997,Other,2942,2.315,5.594
SO,1997,Protest,69,-5.101,5.283
SO,1998,Aid/Cooperation,2976,3.086,5.299
SO,1998,Conflict/Migration,1335,-9.76,3.942
SO,1998,Disapproval/Sanction,839,-3.036,4.954
SO,1998,Other,3385,2.166,5.043
SO,1998,Protest,138,-5.155,4.559
SO,1999,Aid/Cooperation,1913,3.082,5.477
SO,1999,Conflict/Migration,1475,-9.827,4.007
SO,1999,Disapproval/Sanction,612,-2.894,4.846
SO,1999,Other,2772,1.513,4.957
SO,1999,Protest,120,-5.405,4.22
SO,2000,Aid/Cooperation,5219,3.18,6.18
SO,2000,Conflict/Migration,1431,-9.859,3.61
SO,2000,Disapproval/Sanction,1098,-3.111,5.722
SO,2000,Other,4693,1.647,5.681
SO,2000,Protest,162,-5.175,5.94
SO,2001,Aid/Cooperation,6052,3.105,5.321
SO,2001,Conflict/Migration,2061,-9.836,4.004
SO,2001,Disapproval/Sanction,1478,-2.794,4.99
SO,2001,Other,6640,1.303,4.943
SO,2001,Protest,197,-5.24,4.839
SO,2002,Aid/Cooperation,6512,3.227,5.138
SO,2002,Conflict/Migration,2314,-9.843,3.883
SO,2002,Disapproval/Sanction,1333,-2.926,4.86
SO,2002,Other,6372,1.325,4.952
SO,2002,Protest,220,-5.415,4.243
SO,2003,Aid/Cooperation,4438,3.321,5.766
SO,2003,Conflict/Migration,1361,-9.889,3.887
SO,2003,Disapproval/Sanction,1047,-2.965,5.579
SO,2003,Other,4280,1.192,5.444
SO,2003,Protest,194,-5.244,5.416
SO,2004,Aid/Cooperation,4581,3.25,5.532
SO,2004,Conflict/Migration,1367,-9.847,3.614
SO,2004,Disapproval/Sanction,1072,-2.956,5.296
SO,2004,Other,4954,1.584,5.472
SO,2004,Protest,172,-5.23,5.488
SO,2005,Aid/Cooperation,7232,3.706,4.922
SO,2005,Conflict/Migration,1393,-9.824,3.587
SO,2005,Disapproval/Sanction,1327,-2.924,4.677
SO,2005,Other,6848,2.308,4.869
SO,2005,Protest,198,-5.368,4.634
SO,2006,Aid/Cooperation,15154,3.351,4.917
SO,2006,Conflict/Migration,7224,-9.829,3.978
SO,2006,Disapproval/Sanction,5052,-2.903,4.618
SO,2006,Other,20313,1.815,4.739
SO,2006,Protest,1368,-5.539,4.676
SO,2007,Aid/Cooperation,22476,3.061,4.735
SO,2007,Conflict/Migration,17240,-9.892,3.352
SO,2007,Disapproval/Sanction,7988,-2.772,4.221
SO,2007,Other,37377,2.039,4.589
SO,2007,Protest,1531,-5.429,4.275
SO,2008,Aid/Cooperation,25834,3.091,4.792
SO,2008,Conflict/Migration,20991,-9.805,3.562
SO,2008,Disapproval/Sanction,9391,-2.801,4.525
SO,2008,Other,39353,1.905,4.583
SO,2008,Protest,1733,-5.345,4.159
SO,2009,Aid/Cooperation,50764,2.96,4.972
SO,2009,Conflict/Migration,34838,-9.805,3.715
SO,2009,Disapproval/Sanction,15775,-2.866,4.522
SO,2009,Other,71109,1.938,4.671
SO,2009,Protest,4023,-5.545,4.287
SO,2010,Aid/Cooperation,26433,3.028,5.086
SO,2010,Conflict/Migration,18290,-9.835,3.465
SO,2010,Disapproval/Sanction,9317,-2.696,4.32
SO,2010,Other,41820,1.461,4.634
SO,2010,Protest,2113,-5.613,4.196
SO,2011,Aid/Cooperation,45818,2.893,5.182
SO,2011,Conflict/Migration,27884,-9.831,3.62
SO,2011,Disapproval/Sanction,13789,-2.757,4.384
SO,2011,Other,71939,1.815,4.858
SO,2011,Protest,3585,-5.38,4.309
SO,2012,Aid/Cooperation,39970,2.934,4.859
SO,2012,Conflict/Migration,27565,-9.833,3.482
SO,2012,Disapproval/Sanction,13505,-2.868,4.121
SO,2012,Other,58887,1.437,4.541
SO,2012,Protest,2781,-5.409,4.214
SO,2013,Aid/Cooperation,52960,3.088,1.842
SO,2013,Conflict/Migration,26816,-9.835,1.483
SO,2013,Disapproval/Sanction,15415,-2.828,1.501
SO,2013,Other,63175,1.415,1.664
SO,2013,Protest,3046,-5.432,1.531
SO,2014,Aid/Cooperation,47720,2.981,2.711
SO,2014,Conflict/Migration,31088,-9.863,1.522
SO,2014,Disapproval/Sanction,14560,-2.759,2.065
SO,2014,Other,61881,1.533,2.217
SO,2014,Protest,2994,-5.422,1.94
SO,2015,Aid/Cooperation,56998,3.023,-2.07
SO,2015,Conflict/Migration,38790,-9.873,-6.048
SO,2015,Disapproval/Sanction,16811,-2.793,-4.56
SO,2015,Other,71152,1.623,-3.535
SO,2015,Protest,3663,-5.44,-5.126
SO,2016,Aid/Cooperation,64048,3.022,-2.416
SO,2016,Conflict/Migration,46430,-9.875,-6.676
SO,2016,Disapproval/Sanction,19503,-2.776,-5.07
SO,2016,Other,83192,1.576,-4.108
SO,2016,Protest,3653,-5.268,-5.325
SO,2017,Aid/Cooperation,60272,2.966,-2.474
SO,2017,Conflict/Migration,37759,-9.87,-6.602
SO,2017,Disapproval/Sanction,16781,-2.803,-5.171
SO,2017,Other,80235,1.709,-4.126
SO,2017,Protest,3566,-5.305,-5.396
SO,2018,Aid/Cooperation,41052,3.08,-1.456
SO,2018,Conflict/Migration,21381,-9.857,-6.37
SO,2018,Disapproval/Sanction,10545,-2.792,-4.613
SO,2018,Other,47555,1.584,-3.415
SO,2018,Protest,1813,-5.22,-5.055
SO,2019,Aid/Cooperation,32676,2.958,-1.75
SO,2019,Conflict/Migration,18098,-9.866,-6.652
SO,2019,Disapproval/Sanction,10799,-2.708,-4.663
SO,2019,Other,40422,1.514,-3.644
SO,2019,Protest,1566,-5.131,-5.331
SO,2020,Aid/Cooperation,22541,3.057,-2.021
SO,2020,Conflict/Migration,13122,-9.877,-6.501
SO,2020,Disapproval/Sanction,7405,-2.868,-4.481
SO,2020,Other,30454,1.783,-3.647
SO,2020,Protest,1512,-5.094,-5.589
SO,2021,Aid/Cooperation,18369,3.152,-1.817
SO,2021,Conflict/Migration,10399,-9.885,-6.813
SO,2021,Disapproval/Sanction,6831,-2.939,-4.801
SO,2021,Other,25751,1.601,-3.837
SO,2021,Protest,1120,-5.215,-5.345
SO,2022,Aid/Cooperation,16138,2.966,-2.111
SO,2022,Conflict/Migration,8975,-9.901,-6.403
SO,2022,Disapproval/Sanction,4643,-2.742,-4.912
SO,2022,Other,22049,2.04,-4.091
SO,2022,Protest,1380,-5.074,-6.311
SO,2023,Aid/Cooperation,22014,3.028,-1.376
SO,2023,Conflict/Migration,11042,-9.906,-5.811
SO,2023,Disapproval/Sanction,4949,-2.919,-4.545
SO,2023,Other,27127,2.258,-3.271
SO,2023,Protest,1135,-5.2,-5.035
SO,2024,Aid/Cooperation,27815,3.593,-0.749
SO,2024,Conflict/Migration,7710,-9.843,-5.515
SO,2024,Disapproval/Sanction,7211,-2.937,-3.582
SO,2024,Other,29198,1.933,-2.594
SO,2024,Protest,1406,-4.975,-4.096
SV,1996,Aid/Cooperation,64,3.391,3.798
SV,1996,Conflict/Migration,4,-10,2.797
SV,1996,Disapproval/Sanction,9,-2,4.165
SV,1996,Other,63,1.032,3.045
SV,1996,Protest,3,-4.4,4.406
SV,1997,Aid/Cooperation,14,2.321,3.981
SV,1997,Conflict/Migration,4,-10,3.327
SV,1997,Disapproval/Sanction,3,-5,3.1
SV,1997,Other,19,1.442,4.068
SV,1998,Aid/Cooperation,4,3.775,3.716
SV,1998,Conflict/Migration,2,-10,2.237
SV,1998,Disapproval/Sanction,1,-2,4.425
SV,1998,Other,14,1.286,4.382
SV,1998,Protest,7,-4.771,4.982
SV,1999,Aid/Cooperation,2,2.35,3.458
SV,1999,Conflict/Migration,1,-10,3.462
SV,2000,Aid/Cooperation,3,3,4.427
SV,2000,Other,1,7,3.093
SV,2001,Aid/Cooperation,14,3.286,7.491
SV,2001,Disapproval/Sanction,1,-4,4.954
SV,2001,Other,23,1.8,5.042
SV,2002,Aid/Cooperation,2,8,5.045
SV,2002,Conflict/Migration,1,-10,4.313
SV,2002,Other,3,0,3.851
SV,2003,Aid/Cooperation,2,1.9,3.145
SV,2003,Other,12,2.7,4.118
SV,2003,Protest,2,-4.4,3.59
SV,2004,Aid/Cooperation,8,2.35,7.625
SV,2004,Other,2,0,4.504
SV,2005,Aid/Cooperation,10,2.35,4.361
SV,2005,Conflict/Migration,2,-10,1.667
SV,2005,Disapproval/Sanction,4,-2,4.296
SV,2005,Other,11,3.036,3.099
SV,2006,Aid/Cooperation,21,2.562,5.777
SV,2006,Disapproval/Sanction,7,-2.571,4.587
SV,2006,Other,20,1.51,5.65
SV,2007,Aid/Cooperation,60,3.222,5.009
SV,2007,Conflict/Migration,5,-9.6,3.316
SV,2007,Disapproval/Sanction,8,-3.75,5.586
SV,2007,Other,117,2.805,4.604
SV,2007,Protest,2,-5.7,3.241
SV,2008,Aid/Cooperation,177,3.182,5.682
SV,2008,Conflict/Migration,5,-10,4.622
SV,2008,Disapproval/Sanction,6,-3.333,6.016
SV,2008,Other,146,1.91,5.189
SV,2009,Aid/Cooperation,141,2.711,6.219
SV,2009,Conflict/Migration,10,-9.9,3.727
SV,2009,Disapproval/Sanction,21,-2.524,7.372
SV,2009,Other,160,2.67,5.558
SV,2009,Protest,2,-7,4.413
SV,2010,Aid/Cooperation,64,2.336,6.496
SV,2010,Conflict/Migration,10,-10,5.421
SV,2010,Disapproval/Sanction,5,-3.2,5.998
SV,2010,Other,53,1.904,5.639
SV,2010,Protest,1,-4.4,5.206
SV,2011,Aid/Cooperation,202,2.517,6.295
SV,2011,Conflict/Migration,126,-9.956,4.216
SV,2011,Disapproval/Sanction,41,-2.537,5.086
SV,2011,Other,355,1.556,5.401
SV,2011,Protest,24,-5.05,4.847
SV,2012,Aid/Cooperation,136,3.233,5.211
SV,2012,Conflict/Migration,4,-9.875,3.636
SV,2012,Disapproval/Sanction,9,-2.667,3.503
SV,2012,Other,159,2.544,5.947
SV,2012,Protest,4,-5.05,5.57
SV,2013,Aid/Cooperation,139,2.653,2.432
SV,2013,Conflict/Migration,13,-9.846,2.508
SV,2013,Disapproval/Sanction,22,-3.591,2.231
SV,2013,Other,133,1.665,2.175
SV,2013,Protest,3,-5.267,2.079
SV,2014,Aid/Cooperation,194,2.425,1.929
SV,2014,Conflict/Migration,27,-9.981,0.849
SV,2014,Disapproval/Sanction,40,-3.125,1.727
SV,2014,Other,275,1.904,1.995
SV,2014,Protest,5,-4.68,0.438
SV,2015,Aid/Cooperation,906,2.556,-0.897
SV,2015,Conflict/Migration,123,-9.927,-3.512
SV,2015,Disapproval/Sanction,74,-3.068,-0.81
SV,2015,Other,967,1.803,-1.312
SV,2015,Protest,22,-4.636,-3.746
SV,2016,Aid/Cooperation,596,3.022,-0.211
SV,2016,Conflict/Migration,73,-9.89,-2.701
SV,2016,Disapproval/Sanction,65,-3.277,-1.027
SV,2016,Other,553,2.479,-1.062
SV,2016,Protest,18,-4.544,-0.429
SV,2017,Aid/Cooperation,815,2.948,-0.908
SV,2017,Conflict/Migration,39,-9.769,-1.835
SV,2017,Disapproval/Sanction,97,-3.402,-1.332
SV,2017,Other,553,2.006,-1.106
SV,2017,Protest,27,-4.593,-2.23
SV,2018,Aid/Cooperation,557,2.726,-1.302
SV,2018,Conflict/Migration,167,-9.964,-3.833
SV,2018,Disapproval/Sanction,66,-2.985,-1.624
SV,2018,Other,565,0.895,-1.759
SV,2018,Protest,19,-4.674,-3.523
SV,2019,Aid/Cooperation,658,2.426,-0.386
SV,2019,Conflict/Migration,38,-9.632,-2.48
SV,2019,Disapproval/Sanction,59,-3.475,-1.454
SV,2019,Other,521,1.493,-0.962
SV,2019,Protest,23,-4.974,-2.999
SV,2020,Aid/Cooperation,542,2.845,-1.295
SV,2020,Conflict/Migration,71,-9.838,-4.026
SV,2020,Disapproval/Sanction,58,-2.793,-1.952
SV,2020,Other,451,1.666,-1.5
SV,2020,Protest,16,-5.213,-3.612
SV,2021,Aid/Cooperation,249,2.929,-0.156
SV,2021,Conflict/Migration,42,-9.857,-1.238
SV,2021,Disapproval/Sanction,30,-3.367,-1.251
SV,2021,Other,301,2.073,-0.61
SV,2021,Protest,10,-4.4,-1.53
SV,2022,Aid/Cooperation,400,3.094,0.08
SV,2022,Conflict/Migration,51,-9.804,-4.555
SV,2022,Disapproval/Sanction,61,-2.803,-2.697
SV,2022,Other,383,1.328,-1.062
SV,2022,Protest,8,-5.55,-4.181
SV,2023,Aid/Cooperation,507,2.868,0
SV,2023,Conflict/Migration,33,-9.864,-2.399
SV,2023,Disapproval/Sanction,52,-2.962,-1.4
SV,2023,Other,434,2.437,-0.683
SV,2023,Protest,18,-5.2,-3.177
SV,2024,Aid/Cooperation,540,2.905,0.347
SV,2024,Conflict/Migration,58,-9.784,-0.394
SV,2024,Disapproval/Sanction,46,-2.717,-1.903
SV,2024,Other,502,1.781,-0.334
SV,2024,Protest,16,-4.888,-0.529
SY,1996,Aid/Cooperation,18129,3.54,5.802
SY,1996,Conflict/Migration,987,-9.825,4.238
SY,1996,Disapproval/Sanction,3310,-3.176,5.876
SY,1996,Other,10984,1.941,5.817
SY,1996,Protest,398,-5.322,5.565
SY,1997,Aid/Cooperation,16838,3.437,5.676
SY,1997,Conflict/Migration,791,-9.828,4.332
SY,1997,Disapproval/Sanction,2388,-3.161,5.817
SY,1997,Other,9501,1.988,5.625
SY,1997,Protest,275,-5.199,5.508
SY,1998,Aid/Cooperation,15452,3.399,5.528
SY,1998,Conflict/Migration,743,-9.847,4.646
SY,1998,Disapproval/Sanction,2940,-3.152,5.541
SY,1998,Other,9971,2.073,5.565
SY,1998,Protest,329,-5.13,5.674
SY,1999,Aid/Cooperation,22095,3.651,6.398
SY,1999,Conflict/Migration,1023,-9.837,4.794
SY,1999,Disapproval/Sanction,3094,-3.388,6.257
SY,1999,Other,14264,2.439,6.314
SY,1999,Protest,336,-5.102,6.089
SY,2000,Aid/Cooperation,25049,3.535,5.958
SY,2000,Conflict/Migration,1393,-9.836,4.768
SY,2000,Disapproval/Sanction,4420,-3.298,5.956
SY,2000,Other,18664,2.056,5.908
SY,2000,Protest,603,-5.227,5.537
SY,2001,Aid/Cooperation,19643,3.114,5.625
SY,2001,Conflict/Migration,1569,-9.88,4.195
SY,2001,Disapproval/Sanction,3249,-3.024,5.298
SY,2001,Other,12598,1.756,5.381
SY,2001,Protest,604,-5.415,4.588
SY,2002,Aid/Cooperation,11390,3.226,5.886
SY,2002,Conflict/Migration,663,-9.879,4.242
SY,2002,Disapproval/Sanction,2037,-2.974,5.398
SY,2002,Other,7220,1.531,5.434
SY,2002,Protest,321,-5.152,4.978
SY,2003,Aid/Cooperation,19312,3.1,5.757
SY,2003,Conflict/Migration,1800,-9.841,4.494
SY,2003,Disapproval/Sanction,4661,-2.947,5.48
SY,2003,Other,14438,1.606,5.502
SY,2003,Protest,836,-5.229,5.093
SY,2004,Aid/Cooperation,12717,3.31,5.867
SY,2004,Conflict/Migration,1779,-9.788,4.08
SY,2004,Disapproval/Sanction,3254,-3.058,5.404
SY,2004,Other,12098,1.332,5.578
SY,2004,Protest,345,-5.067,5.121
SY,2005,Aid/Cooperation,15009,3.127,5.405
SY,2005,Conflict/Migration,4337,-9.892,3.955
SY,2005,Disapproval/Sanction,7562,-3.109,4.997
SY,2005,Other,21153,2.014,5.106
SY,2005,Protest,705,-5.094,4.999
SY,2006,Aid/Cooperation,23794,3.262,5.553
SY,2006,Conflict/Migration,4558,-9.845,4.138
SY,2006,Disapproval/Sanction,8360,-2.966,5.151
SY,2006,Other,23482,1.451,5.278
SY,2006,Protest,1094,-5.155,4.97
SY,2007,Aid/Cooperation,41253,3.328,5.676
SY,2007,Conflict/Migration,7299,-9.884,4.028
SY,2007,Disapproval/Sanction,13281,-2.917,4.995
SY,2007,Other,36836,1.5,5.268
SY,2007,Protest,1538,-5.099,4.768
SY,2008,Aid/Cooperation,45202,3.517,5.749
SY,2008,Conflict/Migration,8410,-9.877,3.988
SY,2008,Disapproval/Sanction,12090,-2.864,4.953
SY,2008,Other,38215,1.523,5.267
SY,2008,Protest,1551,-5.389,4.76
SY,2009,Aid/Cooperation,54495,3.333,6.028
SY,2009,Conflict/Migration,4860,-9.841,4.422
SY,2009,Disapproval/Sanction,9769,-2.941,5.329
SY,2009,Other,39201,1.864,5.652
SY,2009,Protest,871,-5.293,5.223
SY,2010,Aid/Cooperation,40772,3.4,6.277
SY,2010,Conflict/Migration,4070,-9.844,4.573
SY,2010,Disapproval/Sanction,7723,-2.837,5.296
SY,2010,Other,30675,1.626,5.641
SY,2010,Protest,1396,-5.417,4.985
SY,2011,Aid/Cooperation,120211,2.969,4.96
SY,2011,Conflict/Migration,77411,-9.843,3.672
SY,2011,Disapproval/Sanction,66675,-2.841,4.558
SY,2011,Other,221481,-0.217,4.526
SY,2011,Protest,9725,-5.182,4.59
SY,2012,Aid/Cooperation,238702,3.067,4.577
SY,2012,Conflict/Migration,184816,-9.866,3.434
SY,2012,Disapproval/Sanction,123952,-2.962,4.384
SY,2012,Other,364597,1.364,4.445
SY,2012,Protest,20021,-5.209,4.128
SY,2013,Aid/Cooperation,225224,3.113,2.222
SY,2013,Conflict/Migration,135405,-9.859,1.719
SY,2013,Disapproval/Sanction,99213,-2.856,2.073
SY,2013,Other,317949,1.813,2.151
SY,2013,Protest,23200,-5.513,2.043
SY,2014,Aid/Cooperation,216539,2.988,2.174
SY,2014,Conflict/Migration,180678,-9.856,1.613
SY,2014,Disapproval/Sanction,80687,-2.821,2.059
SY,2014,Other,306617,1.737,2.09
SY,2014,Protest,20503,-5.327,1.978
SY,2015,Aid/Cooperation,363792,3.032,-3.163
SY,2015,Conflict/Migration,245539,-9.869,-4.851
SY,2015,Disapproval/Sanction,125762,-2.888,-4.209
SY,2015,Other,505189,1.902,-3.723
SY,2015,Protest,30119,-5.368,-4.185
SY,2016,Aid/Cooperation,407459,3.065,-3.596
SY,2016,Conflict/Migration,289073,-9.867,-5.698
SY,2016,Disapproval/Sanction,158233,-2.885,-4.9
SY,2016,Other,576597,1.85,-4.176
SY,2016,Protest,35278,-5.429,-5.01
SY,2017,Aid/Cooperation,289961,3.139,-3.073
SY,2017,Conflict/Migration,193411,-9.881,-5.259
SY,2017,Disapproval/Sanction,108282,-2.882,-4.731
SY,2017,Other,379101,1.442,-3.866
SY,2017,Protest,25487,-5.506,-4.778
SY,2018,Aid/Cooperation,226283,3.001,-3.328
SY,2018,Conflict/Migration,158602,-9.858,-5.498
SY,2018,Disapproval/Sanction,90214,-2.864,-4.844
SY,2018,Other,327785,1.91,-4.04
SY,2018,Protest,27681,-5.477,-4.997
SY,2019,Aid/Cooperation,175544,2.956,-3.08
SY,2019,Conflict/Migration,99738,-9.849,-5.442
SY,2019,Disapproval/Sanction,61617,-2.971,-4.325
SY,2019,Other,243222,2.21,-3.806
SY,2019,Protest,14908,-5.301,-4.634
SY,2020,Aid/Cooperation,71864,3.014,-3.545
SY,2020,Conflict/Migration,45352,-9.857,-5.919
SY,2020,Disapproval/Sanction,23772,-2.9,-5.223
SY,2020,Other,95254,1.626,-4.432
SY,2020,Protest,5315,-5.358,-5.495
SY,2021,Aid/Cooperation,56375,2.944,-2.631
SY,2021,Conflict/Migration,27612,-9.844,-5.589
SY,2021,Disapproval/Sanction,16374,-2.866,-4.647
SY,2021,Other,67360,1.425,-3.839
SY,2021,Protest,3165,-5.204,-4.723
SY,2022,Aid/Cooperation,49228,2.982,-2.91
SY,2022,Conflict/Migration,25845,-9.857,-5.964
SY,2022,Disapproval/Sanction,14467,-2.831,-4.901
SY,2022,Other,56309,1.201,-4.217
SY,2022,Protest,3122,-5.309,-5.042
SY,2023,Aid/Cooperation,75013,2.962,-2.44
SY,2023,Conflict/Migration,32487,-9.882,-5.846
SY,2023,Disapproval/Sanction,17513,-2.877,-4.645
SY,2023,Other,77021,1.669,-3.564
SY,2023,Protest,3676,-5.219,-5.281
SY,2024,Aid/Cooperation,71365,2.936,-3.255
SY,2024,Conflict/Migration,44164,-9.839,-5.785
SY,2024,Disapproval/Sanction,21740,-2.857,-5.166
SY,2024,Other,93138,1.432,-4.354
SY,2024,Protest,5891,-5.193,-5.333
TH,1996,Aid/Cooperation,7456,3.068,6.092
TH,1996,Conflict/Migration,872,-9.782,3.761
TH,1996,Disapproval/Sanction,1538,-3.004,5.382
TH,1996,Other,8297,1.856,5.312
TH,1996,Protest,188,-4.962,5.054
TH,1997,Aid/Cooperation,10580,3.156,5.673
TH,1997,Conflict/Migration,1762,-9.818,3.752
TH,1997,Disapproval/Sanction,2291,-3.096,5.024
TH,1997,Other,13070,2.055,5.031
TH,1997,Protest,329,-5.173,4.741
TH,1998,Aid/Cooperation,9723,3.047,5.578
TH,1998,Conflict/Migration,1600,-9.798,3.974
TH,1998,Disapproval/Sanction,2582,-3.098,5.105
TH,1998,Other,14334,1.977,5.157
TH,1998,Protest,457,-5.154,4.947
TH,1999,Aid/Cooperation,9277,3.035,5.913
TH,1999,Conflict/Migration,1489,-9.811,3.704
TH,1999,Disapproval/Sanction,2719,-3.009,5.143
TH,1999,Other,13253,1.533,5.275
TH,1999,Protest,368,-5.047,4.679
TH,2000,Aid/Cooperation,9804,3.063,5.771
TH,2000,Conflict/Migration,1802,-9.809,3.736
TH,2000,Disapproval/Sanction,1992,-2.925,4.976
TH,2000,Other,11551,1.332,5.136
TH,2000,Protest,318,-5.217,5.009
TH,2001,Aid/Cooperation,8477,3.064,6.016
TH,2001,Conflict/Migration,1699,-9.835,3.939
TH,2001,Disapproval/Sanction,2164,-2.854,5.029
TH,2001,Other,11132,1.416,5.302
TH,2001,Protest,326,-5.267,4.978
TH,2002,Aid/Cooperation,9791,3.315,5.775
TH,2002,Conflict/Migration,1776,-9.827,3.432
TH,2002,Disapproval/Sanction,1842,-2.792,4.687
TH,2002,Other,10582,1.197,5.058
TH,2002,Protest,348,-5.287,4.561
TH,2003,Aid/Cooperation,12383,3.165,5.905
TH,2003,Conflict/Migration,1746,-9.843,3.77
TH,2003,Disapproval/Sanction,2506,-2.986,4.892
TH,2003,Other,15249,1.019,5.091
TH,2003,Protest,472,-5.385,4.433
TH,2004,Aid/Cooperation,9699,3.147,5.257
TH,2004,Conflict/Migration,4389,-9.913,3.065
TH,2004,Disapproval/Sanction,3065,-2.709,4.143
TH,2004,Other,14588,1.205,4.607
TH,2004,Protest,667,-5.432,4.069
TH,2005,Aid/Cooperation,8554,2.901,5.185
TH,2005,Conflict/Migration,3793,-9.88,2.731
TH,2005,Disapproval/Sanction,2599,-2.807,4.219
TH,2005,Other,11984,1.221,4.714
TH,2005,Protest,465,-5.293,4.001
TH,2006,Aid/Cooperation,15135,3.066,5.568
TH,2006,Conflict/Migration,5350,-9.857,2.894
TH,2006,Disapproval/Sanction,4723,-2.988,5.088
TH,2006,Other,22909,0.812,5.194
TH,2006,Protest,759,-5.343,4.95
TH,2007,Aid/Cooperation,23229,2.968,5.443
TH,2007,Conflict/Migration,10346,-9.876,2.672
TH,2007,Disapproval/Sanction,8405,-2.96,4.894
TH,2007,Other,39642,0.736,5.011
TH,2007,Protest,1445,-5.213,4.675
TH,2008,Aid/Cooperation,35692,2.941,5.2
TH,2008,Conflict/Migration,9371,-9.846,3.31
TH,2008,Disapproval/Sanction,11994,-3.016,4.751
TH,2008,Other,54998,0.888,4.905
TH,2008,Protest,1946,-5.251,4.585
TH,2009,Aid/Cooperation,54890,2.961,5.47
TH,2009,Conflict/Migration,12617,-9.858,3.128
TH,2009,Disapproval/Sanction,15853,-3.009,4.765
TH,2009,Other,79724,1.079,5.022
TH,2009,Protest,2102,-5.159,4.557
TH,2010,Aid/Cooperation,42005,3.038,5.373
TH,2010,Conflict/Migration,12945,-9.844,3.23
TH,2010,Disapproval/Sanction,15105,-3.074,4.607
TH,2010,Other,71386,0.899,4.807
TH,2010,Protest,2403,-5.335,4.18
TH,2011,Aid/Cooperation,53372,2.935,5.579
TH,2011,Conflict/Migration,15156,-9.887,3.243
TH,2011,Disapproval/Sanction,17410,-3.034,4.786
TH,2011,Other,84950,1.524,4.986
TH,2011,Protest,2226,-4.913,4.415
TH,2012,Aid/Cooperation,54640,2.973,5.465
TH,2012,Conflict/Migration,10171,-9.857,3.206
TH,2012,Disapproval/Sanction,13099,-2.955,4.457
TH,2012,Other,72990,1.384,4.754
TH,2012,Protest,2090,-5.14,4.107
TH,2013,Aid/Cooperation,61555,3.108,2.859
TH,2013,Conflict/Migration,12463,-9.842,1.734
TH,2013,Disapproval/Sanction,17135,-3.012,2.265
TH,2013,Other,83360,1.306,2.383
TH,2013,Protest,2565,-5.172,2.136
TH,2014,Aid/Cooperation,79531,2.934,2.533
TH,2014,Conflict/Migration,17957,-9.803,1.563
TH,2014,Disapproval/Sanction,26380,-2.967,2.05
TH,2014,Other,126989,0.849,2.107
TH,2014,Protest,3785,-5.091,1.988
TH,2015,Aid/Cooperation,105139,2.947,-0.775
TH,2015,Conflict/Migration,18659,-9.825,-4.777
TH,2015,Disapproval/Sanction,31460,-2.909,-3.546
TH,2015,Other,155102,1.121,-2.54
TH,2015,Protest,3596,-5.029,-3.559
TH,2016,Aid/Cooperation,105197,2.926,-0.549
TH,2016,Conflict/Migration,19398,-9.805,-5.056
TH,2016,Disapproval/Sanction,28096,-2.892,-3.501
TH,2016,Other,143002,1.212,-2.192
TH,2016,Protest,3681,-4.994,-4.017
TH,2017,Aid/Cooperation,83084,2.951,-0.306
TH,2017,Conflict/Migration,13790,-9.787,-4.941
TH,2017,Disapproval/Sanction,20551,-2.899,-3.327
TH,2017,Other,111689,1.226,-2.158
TH,2017,Protest,2241,-4.971,-3.691
TH,2018,Aid/Cooperation,69749,2.981,-0.161
TH,2018,Conflict/Migration,11267,-9.73,-4.731
TH,2018,Disapproval/Sanction,17292,-2.877,-2.736
TH,2018,Other,94596,1.379,-1.899
TH,2018,Protest,1856,-4.954,-3.197
TH,2019,Aid/Cooperation,78698,2.91,-0.075
TH,2019,Conflict/Migration,9757,-9.788,-4.838
TH,2019,Disapproval/Sanction,17074,-2.876,-2.64
TH,2019,Other,93762,1.538,-1.626
TH,2019,Protest,1898,-4.919,-3.132
TH,2020,Aid/Cooperation,53422,2.881,-1.483
TH,2020,Conflict/Migration,7878,-9.801,-5.009
TH,2020,Disapproval/Sanction,14405,-3.088,-3.609
TH,2020,Other,76761,1.13,-2.657
TH,2020,Protest,2257,-5.181,-3.571
TH,2021,Aid/Cooperation,41465,2.94,-0.989
TH,2021,Conflict/Migration,9313,-9.855,-4.9
TH,2021,Disapproval/Sanction,10937,-2.976,-3.751
TH,2021,Other,64740,1.268,-2.624
TH,2021,Protest,1421,-4.953,-3.812
TH,2022,Aid/Cooperation,48558,2.935,0.121
TH,2022,Conflict/Migration,7062,-9.842,-4.996
TH,2022,Disapproval/Sanction,9058,-2.965,-2.645
TH,2022,Other,57241,1.652,-1.607
TH,2022,Protest,1035,-4.88,-3.253
TH,2023,Aid/Cooperation,71690,2.899,0.161
TH,2023,Conflict/Migration,10375,-9.785,-4.829
TH,2023,Disapproval/Sanction,12626,-2.925,-2.039
TH,2023,Other,79231,1.612,-1.413
TH,2023,Protest,1576,-4.898,-2.89
TH,2024,Aid/Cooperation,68103,2.972,0.662
TH,2024,Conflict/Migration,9235,-9.778,-4.58
TH,2024,Disapproval/Sanction,12696,-2.883,-1.942
TH,2024,Other,81402,1.539,-1.336
TH,2024,Protest,1781,-4.81,-3.469
TL,1996,Aid/Cooperation,6,6.467,7.748
TL,1996,Other,41,3.99,7.513
TL,1997,Aid/Cooperation,18,2.756,5.703
TL,1997,Conflict/Migration,1,-9,4.098
TL,1997,Disapproval/Sanction,1,-4,6.357
TL,1997,Other,8,0.975,5.142
TL,1999,Other,1,4,3.819
TL,2000,Aid/Cooperation,2,3.4,8.108
TL,2000,Protest,1,-4.4,6.311
TL,2001,Aid/Cooperation,2,2.35,6.555
TL,2001,Other,3,7,3.746
TL,2002,Aid/Cooperation,2,2.8,5.243
TL,2003,Aid/Cooperation,8,5.45,5.523
TL,2003,Other,8,4,4.957
TL,2004,Aid/Cooperation,18,2.433,8.754
TL,2004,Other,29,3.703,8.91
TL,2005,Aid/Cooperation,21,2.729,5.66
TL,2005,Disapproval/Sanction,2,-2,7.211
TL,2005,Other,11,-0.773,5.685
TL,2005,Protest,1,-4.4,2.011
TL,2006,Aid/Cooperation,28,2.854,6.976
TL,2006,Conflict/Migration,3,-9.5,6.56
TL,2006,Disapproval/Sanction,9,-3.667,7.69
TL,2006,Other,38,2.937,6.762
TL,2007,Aid/Cooperation,25,2.44,6.219
TL,2007,Conflict/Migration,4,-9.75,7.129
TL,2007,Disapproval/Sanction,6,-2.833,5.923
TL,2007,Other,47,2.926,5.845
TL,2007,Protest,3,-6.133,6.452
TL,2008,Aid/Cooperation,11,2.418,4.699
TL,2008,Conflict/Migration,1,-10,6.134
TL,2008,Disapproval/Sanction,2,-4,10.002
TL,2008,Other,16,2.188,7.361
TL,2009,Aid/Cooperation,33,2.4,6.77
TL,2009,Conflict/Migration,11,-9.545,3.398
TL,2009,Disapproval/Sanction,7,-3.286,5.781
TL,2009,Other,42,0.119,5.375
TL,2010,Aid/Cooperation,98,2.872,5.977
TL,2010,Conflict/Migration,1,-9.5,2.264
TL,2010,Other,120,2.622,5.423
TL,2011,Aid/Cooperation,89,3.547,5.199
TL,2011,Conflict/Migration,2,-10,2.381
TL,2011,Disapproval/Sanction,17,-2.176,4.129
TL,2011,Other,115,2.168,5.992
TL,2011,Protest,9,-4.556,4.884
TL,2012,Aid/Cooperation,67,2.616,6.524
TL,2012,Conflict/Migration,2,-10,1.22
TL,2012,Disapproval/Sanction,2,-3,2.108
TL,2012,Other,56,4.25,5.931
TL,2013,Aid/Cooperation,89,2.821,2.715
TL,2013,Disapproval/Sanction,3,-2,1.773
TL,2013,Other,84,4.467,2.587
TL,2014,Aid/Cooperation,137,4.559,2.867
TL,2014,Conflict/Migration,1,-10,1.418
TL,2014,Disapproval/Sanction,10,-3.7,1.995
TL,2014,Other,133,2.215,2.623
TL,2014,Protest,4,-4.4,2.293
TL,2015,Aid/Cooperation,358,2.711,1.464
TL,2015,Conflict/Migration,4,-10,-2.098
TL,2015,Disapproval/Sanction,20,-3.2,-1.104
TL,2015,Other,209,1.896,0.305
TL,2015,Protest,3,-4.4,-0.513
TL,2016,Aid/Cooperation,203,2.75,1.284
TL,2016,Conflict/Migration,16,-10,-6.971
TL,2016,Disapproval/Sanction,19,-3.474,-1.809
TL,2016,Other,158,3.213,0.211
TL,2016,Protest,1,-4.4,-4.739
TL,2017,Aid/Cooperation,248,4.309,-0.003
TL,2017,Disapproval/Sanction,34,-3.353,-2.418
TL,2017,Other,159,2.757,-0.752
TL,2017,Protest,1,-4.4,-1.351
TL,2018,Aid/Cooperation,288,2.794,1.484
TL,2018,Conflict/Migration,5,-10,-0.792
TL,2018,Disapproval/Sanction,39,-3.051,-1.16
TL,2018,Other,253,2.583,0.117
TL,2018,Protest,2,-4.4,-2.185
TL,2019,Aid/Cooperation,342,2.532,-1.151
TL,2019,Conflict/Migration,17,-9.853,-2.262
TL,2019,Disapproval/Sanction,49,-3.143,-2.528
TL,2019,Other,213,2.028,-0.728
TL,2019,Protest,2,-4.4,-1.822
TL,2020,Aid/Cooperation,64,2.612,0.44
TL,2020,Disapproval/Sanction,14,-3.357,-1.982
TL,2020,Other,130,4.298,0.683
TL,2021,Aid/Cooperation,175,2.833,1.433
TL,2021,Conflict/Migration,8,-9.938,-1.609
TL,2021,Disapproval/Sanction,5,-2.4,0.518
TL,2021,Other,175,3.953,-0.585
TL,2021,Protest,5,-5.2,-0.162
TL,2022,Aid/Cooperation,40,3.595,1.948
TL,2022,Conflict/Migration,1,-9.5,-8.824
TL,2022,Disapproval/Sanction,14,-3.214,-2.922
TL,2022,Other,76,1.816,1.82
TL,2022,Protest,2,-4.4,1.348
TL,2023,Aid/Cooperation,87,3.102,0.58
TL,2023,Disapproval/Sanction,4,-3.25,-0.086
TL,2023,Other,92,1.607,-0.041
TL,2024,Aid/Cooperation,186,5.136,0.711
TL,2024,Conflict/Migration,8,-9.5,-4.089
TL,2024,Disapproval/Sanction,13,-3.077,-9.012
TL,2024,Other,69,0.6,-1.415
TT,1996,Aid/Cooperation,1832,2.687,5.632
TT,1996,Conflict/Migration,324,-9.843,4.029
TT,1996,Disapproval/Sanction,531,-2.87,6.058
TT,1996,Other,2091,0.435,5.177
TT,1996,Protest,31,-5.219,6.601
TT,1997,Aid/Cooperation,1845,3.199,5.546
TT,1997,Conflict/Migration,553,-9.79,3.312
TT,1997,Disapproval/Sanction,458,-3.148,4.981
TT,1997,Other,2145,0.5,5.034
TT,1997,Protest,35,-5.206,6.887
TT,1998,Aid/Cooperation,2079,3.308,5.801
TT,1998,Conflict/Migration,506,-9.889,4.178
TT,1998,Disapproval/Sanction,699,-3.577,5.563
TT,1998,Other,3124,1.818,5.695
TT,1998,Protest,79,-5.332,5.485
TT,1999,Aid/Cooperation,13929,2.955,5.361
TT,1999,Conflict/Migration,3931,-9.844,4.205
TT,1999,Disapproval/Sanction,4242,-3.313,5.363
TT,1999,Other,19710,2.028,5.298
TT,1999,Protest,726,-5.027,5.005
TT,2000,Aid/Cooperation,4765,2.919,5.32
TT,2000,Conflict/Migration,1319,-9.885,4.234
TT,2000,Disapproval/Sanction,1236,-2.905,4.948
TT,2000,Other,6004,2.129,5.101
TT,2000,Protest,216,-5.201,4.938
TT,2001,Aid/Cooperation,2290,2.961,5.713
TT,2001,Conflict/Migration,506,-9.834,4.302
TT,2001,Disapproval/Sanction,494,-3.111,5.028
TT,2001,Other,3207,2.046,5.49
TT,2001,Protest,72,-4.986,4.778
TT,2002,Aid/Cooperation,2983,3.22,6.001
TT,2002,Conflict/Migration,475,-9.905,4.686
TT,2002,Disapproval/Sanction,580,-2.993,5.558
TT,2002,Other,3308,1.924,5.646
TT,2002,Protest,96,-4.871,5.27
TT,2003,Aid/Cooperation,1135,3.23,5.99
TT,2003,Conflict/Migration,288,-9.835,4.361
TT,2003,Disapproval/Sanction,358,-2.841,5.075
TT,2003,Other,1648,1.157,5.43
TT,2003,Protest,43,-4.702,4.736
TT,2004,Aid/Cooperation,1155,3.115,6.207
TT,2004,Conflict/Migration,132,-9.795,5.085
TT,2004,Disapproval/Sanction,374,-3.294,6.048
TT,2004,Other,1353,1.13,5.794
TT,2004,Protest,29,-5.317,4.909
TT,2005,Aid/Cooperation,889,3.258,6.254
TT,2005,Conflict/Migration,77,-9.942,5.456
TT,2005,Disapproval/Sanction,134,-2.896,6.241
TT,2005,Other,908,2.257,6.572
TT,2005,Protest,32,-5.013,5.763
TT,2006,Aid/Cooperation,3373,3.075,5.042
TT,2006,Conflict/Migration,1265,-9.86,4.348
TT,2006,Disapproval/Sanction,1158,-2.902,4.628
TT,2006,Other,5398,1.869,4.889
TT,2006,Protest,175,-5.125,4.661
TT,2007,Aid/Cooperation,2890,3.122,5.899
TT,2007,Conflict/Migration,1217,-9.891,4.478
TT,2007,Disapproval/Sanction,917,-2.973,5.454
TT,2007,Other,4835,1.271,5.684
TT,2007,Protest,143,-5.182,5.041
TT,2008,Aid/Cooperation,3308,3.017,5.825
TT,2008,Conflict/Migration,2499,-9.826,5.047
TT,2008,Disapproval/Sanction,883,-2.884,5.341
TT,2008,Other,4884,1.746,5.444
TT,2008,Protest,112,-5.521,5.209
TT,2009,Aid/Cooperation,2791,3.06,6.744
TT,2009,Conflict/Migration,761,-9.867,5.071
TT,2009,Disapproval/Sanction,527,-2.795,5.977
TT,2009,Other,3098,1.871,6.304
TT,2009,Protest,78,-5.185,5.461
TT,2010,Aid/Cooperation,2939,3.337,6.048
TT,2010,Conflict/Migration,391,-9.84,5.816
TT,2010,Disapproval/Sanction,749,-3.276,5.139
TT,2010,Other,3183,2.234,5.688
TT,2010,Protest,58,-4.738,6.207
TT,2011,Aid/Cooperation,1788,3.09,7.001
TT,2011,Conflict/Migration,160,-9.841,5.348
TT,2011,Disapproval/Sanction,382,-3.107,5.583
TT,2011,Other,2182,2.05,6.148
TT,2011,Protest,47,-5.191,5.866
TT,2012,Aid/Cooperation,2522,2.96,6.647
TT,2012,Conflict/Migration,248,-9.772,5.559
TT,2012,Disapproval/Sanction,366,-2.954,6.064
TT,2012,Other,3293,2.834,6.321
TT,2012,Protest,30,-4.8,6.766
TT,2013,Aid/Cooperation,1821,3.137,2.882
TT,2013,Conflict/Migration,246,-9.858,2.629
TT,2013,Disapproval/Sanction,323,-2.907,2.484
TT,2013,Other,1720,1.475,2.724
TT,2013,Protest,47,-4.762,2.374
TT,2014,Aid/Cooperation,1980,2.973,2.921
TT,2014,Conflict/Migration,273,-9.758,2.96
TT,2014,Disapproval/Sanction,402,-3.102,2.829
TT,2014,Other,2558,1.985,2.895
TT,2014,Protest,57,-4.719,3.083
TT,2015,Aid/Cooperation,4326,2.649,0.543
TT,2015,Conflict/Migration,315,-9.881,-3.232
TT,2015,Disapproval/Sanction,385,-3.216,-2.113
TT,2015,Other,3297,2.494,-0.228
TT,2015,Protest,54,-4.907,-1.636
TT,2016,Aid/Cooperation,4008,2.879,0.289
TT,2016,Conflict/Migration,276,-9.79,-3.269
TT,2016,Disapproval/Sanction,792,-2.808,-3.561
TT,2016,Other,3325,2.125,-1.203
TT,2016,Protest,54,-4.715,-2.566
TT,2017,Aid/Cooperation,2552,2.954,1.041
TT,2017,Conflict/Migration,268,-9.868,-2.525
TT,2017,Disapproval/Sanction,401,-3.097,-1.755
TT,2017,Other,2662,1.93,-0.905
TT,2017,Protest,41,-5.356,-1.973
TT,2018,Aid/Cooperation,2812,3.61,0.33
TT,2018,Conflict/Migration,221,-9.837,-3.369
TT,2018,Disapproval/Sanction,489,-2.908,-2.17
TT,2018,Other,2602,2.207,-0.777
TT,2018,Protest,46,-5.309,-2.011
TT,2019,Aid/Cooperation,2075,2.93,0.08
TT,2019,Conflict/Migration,245,-9.888,-2.924
TT,2019,Disapproval/Sanction,318,-3.324,-2.777
TT,2019,Other,2446,1.515,-1.438
TT,2019,Protest,18,-5.7,-3.359
TT,2020,Aid/Cooperation,949,2.964,-0.462
TT,2020,Conflict/Migration,144,-9.781,-3.274
TT,2020,Disapproval/Sanction,172,-3.238,-2.334
TT,2020,Other,1492,2.278,-1.541
TT,2020,Protest,22,-4.4,-3.418
TT,2021,Aid/Cooperation,1349,3.038,-1.052
TT,2021,Conflict/Migration,231,-9.898,-4.143
TT,2021,Disapproval/Sanction,392,-2.638,-5.122
TT,2021,Other,1750,1.808,-2.673
TT,2021,Protest,26,-4.7,-4.219
TT,2022,Aid/Cooperation,3058,3.282,1.53
TT,2022,Conflict/Migration,208,-9.685,-3.375
TT,2022,Disapproval/Sanction,367,-3.027,-2.017
TT,2022,Other,2073,2.3,-0.274
TT,2022,Protest,42,-4.657,-1.897
TT,2023,Aid/Cooperation,3818,3.021,1.153
TT,2023,Conflict/Migration,210,-9.836,-3.356
TT,2023,Disapproval/Sanction,589,-3.358,-3.105
TT,2023,Other,2847,2.276,-0.273
TT,2023,Protest,30,-4.793,-1.252
TT,2024,Aid/Cooperation,7540,2.802,1.827
TT,2024,Conflict/Migration,253,-9.808,-2.486
TT,2024,Disapproval/Sanction,456,-3.048,-2.162
TT,2024,Other,4012,2.107,0.044
TT,2024,Protest,45,-4.862,-1.861
US,1996,Aid/Cooperation,93069,3.125,6.123
US,1996,Conflict/Migration,13651,-9.843,4.985
US,1996,Disapproval/Sanction,31602,-3.02,5.894
US,1996,Other,120996,1.56,5.885
US,1996,Protest,4230,-5.202,5.743
US,1997,Aid/Cooperation,109511,3.123,6.321
US,1997,Conflict/Migration,11782,-9.819,4.844
US,1997,Disapproval/Sanction,31455,-3.09,5.945
US,1997,Other,130806,1.669,5.976
US,1997,Protest,4043,-5.088,5.8
US,1998,Aid/Cooperation,127492,3.15,6.094
US,1998,Conflict/Migration,16178,-9.855,5.006
US,1998,Disapproval/Sanction,40000,-3.027,5.772
US,1998,Other,157283,1.631,5.863
US,1998,Protest,6270,-5.279,5.694
US,1999,Aid/Cooperation,133947,3.137,6.188
US,1999,Conflict/Migration,21215,-9.853,4.994
US,1999,Disapproval/Sanction,41677,-3.034,5.819
US,1999,Other,162868,1.618,5.923
US,1999,Protest,6136,-5.222,5.645
US,2000,Aid/Cooperation,129431,3.084,6.204
US,2000,Conflict/Migration,18820,-9.817,4.942
US,2000,Disapproval/Sanction,39834,-2.978,5.872
US,2000,Other,159721,1.644,5.961
US,2000,Protest,5206,-5.133,5.815
US,2001,Aid/Cooperation,171733,3.041,6.003
US,2001,Conflict/Migration,37519,-9.847,4.843
US,2001,Disapproval/Sanction,60004,-2.915,5.723
US,2001,Other,233867,1.425,5.797
US,2001,Protest,10336,-5.447,5.585
US,2002,Aid/Cooperation,142489,3.081,6.052
US,2002,Conflict/Migration,31746,-9.842,4.637
US,2002,Disapproval/Sanction,54020,-2.916,5.571
US,2002,Other,197769,1.335,5.697
US,2002,Protest,9752,-5.497,5.454
US,2003,Aid/Cooperation,176389,3.166,6.091
US,2003,Conflict/Migration,41920,-9.86,4.631
US,2003,Disapproval/Sanction,66488,-2.967,5.715
US,2003,Other,251228,1.39,5.785
US,2003,Protest,12169,-5.419,5.532
US,2004,Aid/Cooperation,132832,3.039,6.062
US,2004,Conflict/Migration,40315,-9.834,4.549
US,2004,Disapproval/Sanction,54688,-2.896,5.616
US,2004,Other,201767,1.436,5.708
US,2004,Protest,8052,-5.325,5.415
US,2005,Aid/Cooperation,103596,3.04,6.113
US,2005,Conflict/Migration,28107,-9.83,4.384
US,2005,Disapproval/Sanction,42377,-2.971,5.586
US,2005,Other,164544,1.369,5.686
US,2005,Protest,5514,-5.265,5.383
US,2006,Aid/Cooperation,288814,3.044,6.08
US,2006,Conflict/Migration,73297,-9.821,4.418
US,2006,Disapproval/Sanction,117569,-2.982,5.695
US,2006,Other,483550,1.578,5.781
US,2006,Protest,15125,-5.202,5.354
US,2007,Aid/Cooperation,643861,3.01,6.012
US,2007,Conflict/Migration,167301,-9.835,4.36
US,2007,Disapproval/Sanction,258368,-2.938,5.504
US,2007,Other,1102862,1.618,5.68
US,2007,Protest,34153,-5.189,5.336
US,2008,Aid/Cooperation,1000284,2.955,5.93
US,2008,Conflict/Migration,236017,-9.841,4.54
US,2008,Disapproval/Sanction,364233,-2.896,5.489
US,2008,Other,1612829,1.732,5.644
US,2008,Protest,45485,-5.123,5.337
US,2009,Aid/Cooperation,1553216,3.037,6.094
US,2009,Conflict/Migration,346609,-9.821,4.324
US,2009,Disapproval/Sanction,509450,-2.945,5.451
US,2009,Other,2474136,1.721,5.69
US,2009,Protest,64850,-5.086,5.366
US,2010,Aid/Cooperation,2083568,2.963,6.057
US,2010,Conflict/Migration,510283,-9.814,4.101
US,2010,Disapproval/Sanction,689419,-2.88,5.275
US,2010,Other,3396075,1.673,5.579
US,2010,Protest,85236,-5.101,5.08
US,2011,Aid/Cooperation,3107926,2.893,6.065
US,2011,Conflict/Migration,843476,-9.808,4.053
US,2011,Disapproval/Sanction,1035698,-2.931,5.183
US,2011,Other,5169469,1.571,5.478
US,2011,Protest,130146,-5.115,4.977
US,2012,Aid/Cooperation,3738672,2.912,5.696
US,2012,Conflict/Migration,1041319,-9.809,3.739
US,2012,Disapproval/Sanction,1240063,-2.878,4.86
US,2012,Other,6095240,1.531,5.078
US,2012,Protest,141978,-5.121,4.623
US,2013,Aid/Cooperation,3685224,2.936,2.8
US,2013,Conflict/Migration,999295,-9.806,1.723
US,2013,Disapproval/Sanction,1176506,-2.916,2.273
US,2013,Other,5984367,1.532,2.394
US,2013,Protest,153594,-5.077,2.109
US,2014,Aid/Cooperation,4882251,2.905,2.773
US,2014,Conflict/Migration,1396733,-9.799,1.671
US,2014,Disapproval/Sanction,1622688,-2.91,2.248
US,2014,Other,7961975,1.505,2.355
US,2014,Protest,196119,-5.103,2.141
US,2015,Aid/Cooperation,6378948,2.895,-0.141
US,2015,Conflict/Migration,1703344,-9.808,-3.985
US,2015,Disapproval/Sanction,2066543,-2.957,-2.424
US,2015,Other,10089446,1.622,-1.55
US,2015,Protest,249919,-5.128,-2.737
US,2016,Aid/Cooperation,7337305,2.889,-0.531
US,2016,Conflict/Migration,1982079,-9.802,-4.533
US,2016,Disapproval/Sanction,2488222,-2.896,-2.851
US,2016,Other,11535525,1.596,-1.992
US,2016,Protest,305804,-5.111,-3.246
US,2017,Aid/Cooperation,6642017,2.896,-0.599
US,2017,Conflict/Migration,1663249,-9.79,-4.743
US,2017,Disapproval/Sanction,2205942,-2.912,-3.091
US,2017,Other,10589776,1.544,-2.096
US,2017,Protest,296911,-5.132,-3.427
US,2018,Aid/Cooperation,6278187,2.906,-0.634
US,2018,Conflict/Migration,1676993,-9.78,-4.74
US,2018,Disapproval/Sanction,2112504,-2.877,-3.152
US,2018,Other,9979076,1.541,-2.182
US,2018,Protest,269239,-5.09,-3.524
US,2019,Aid/Cooperation,5856089,2.907,-0.636
US,2019,Conflict/Migration,1493061,-9.786,-5.001
US,2019,Disapproval/Sanction,1924681,-2.886,-3.358
US,2019,Other,9240599,1.54,-2.261
US,2019,Protest,234278,-5.059,-3.641
US,2020,Aid/Cooperation,4796660,2.909,-0.938
US,2020,Conflict/Migration,1134572,-9.811,-4.626
US,2020,Disapproval/Sanction,1652047,-2.993,-3.112
US,2020,Other,8232933,1.56,-2.171
US,2020,Protest,225400,-4.936,-3.378
US,2021,Aid/Cooperation,4067043,2.925,-0.78
US,2021,Conflict/Migration,1107963,-9.82,-4.631
US,2021,Disapproval/Sanction,1403023,-2.984,-3.308
US,2021,Other,6830625,1.625,-2.209
US,2021,Protest,171486,-5.028,-3.569
US,2022,Aid/Cooperation,3607079,2.909,-0.603
US,2022,Conflict/Migration,972799,-9.807,-4.938
US,2022,Disapproval/Sanction,1195625,-2.947,-3.247
US,2022,Other,5771189,1.54,-2.248
US,2022,Protest,147846,-5.035,-3.703
US,2023,Aid/Cooperation,4515131,2.889,-0.584
US,2023,Conflict/Migration,1163039,-9.799,-5.067
US,2023,Disapproval/Sanction,1477970,-2.923,-3.392
US,2023,Other,7058214,1.452,-2.314
US,2023,Protest,181504,-5.07,-3.741
US,2024,Aid/Cooperation,4350511,2.875,-0.542
US,2024,Conflict/Migration,1100161,-9.788,-5.04
US,2024,Disapproval/Sanction,1454915,-2.9,-3.361
US,2024,Other,6846771,1.431,-2.28
US,2024,Protest,185481,-5.058,-3.804
VE,1996,Aid/Cooperation,2139,3.05,5.6
VE,1996,Conflict/Migration,327,-9.841,3.537
VE,1996,Disapproval/Sanction,382,-2.982,4.527
VE,1996,Other,1990,1.849,5.116
VE,1996,Protest,33,-5.436,4.442
VE,1997,Aid/Cooperation,2832,2.874,4.811
VE,1997,Conflict/Migration,389,-9.806,3.585
VE,1997,Disapproval/Sanction,340,-3.079,4.826
VE,1997,Other,2302,1.571,5.279
VE,1997,Protest,55,-5.24,4.884
VE,1998,Aid/Cooperation,2552,2.943,5.74
VE,1998,Conflict/Migration,346,-9.848,3.985
VE,1998,Disapproval/Sanction,623,-3.002,5.506
VE,1998,Other,2743,1.688,5.176
VE,1998,Protest,64,-5.038,5.837
VE,1999,Aid/Cooperation,4679,3.088,5.737
VE,1999,Conflict/Migration,651,-9.748,4.358
VE,1999,Disapproval/Sanction,1219,-3.097,5.082
VE,1999,Other,5170,1.748,5.268
VE,1999,Protest,187,-4.77,5.11
VE,2000,Aid/Cooperation,5734,3.12,5.571
VE,2000,Conflict/Migration,438,-9.776,4.644
VE,2000,Disapproval/Sanction,1536,-2.936,5.22
VE,2000,Other,5429,1.672,5.273
VE,2000,Protest,187,-5.148,5.831
VE,2001,Aid/Cooperation,5945,3.058,5.913
VE,2001,Conflict/Migration,536,-9.784,4.233
VE,2001,Disapproval/Sanction,1338,-2.833,5.203
VE,2001,Other,6112,1.395,5.326
VE,2001,Protest,171,-5.26,5.17
VE,2002,Aid/Cooperation,5248,3.116,5.449
VE,2002,Conflict/Migration,1047,-9.805,4.24
VE,2002,Disapproval/Sanction,2422,-2.993,4.911
VE,2002,Other,7493,0.823,4.999
VE,2002,Protest,383,-5.427,4.712
VE,2003,Aid/Cooperation,5732,3.116,5.497
VE,2003,Conflict/Migration,1297,-9.803,3.779
VE,2003,Disapproval/Sanction,2523,-2.87,4.933
VE,2003,Other,7870,0.955,5.008
VE,2003,Protest,376,-5.216,4.669
VE,2004,Aid/Cooperation,4537,3.095,5.729
VE,2004,Conflict/Migration,943,-9.84,3.924
VE,2004,Disapproval/Sanction,1870,-2.842,5.084
VE,2004,Other,6115,1.012,5.176
VE,2004,Protest,257,-5.37,4.861
VE,2005,Aid/Cooperation,4071,3.356,5.707
VE,2005,Conflict/Migration,605,-9.702,4.351
VE,2005,Disapproval/Sanction,1700,-2.821,5.194
VE,2005,Other,6001,1.241,5.272
VE,2005,Protest,145,-5.108,5.481
VE,2006,Aid/Cooperation,7780,3.441,6.147
VE,2006,Conflict/Migration,1017,-9.725,4.345
VE,2006,Disapproval/Sanction,2459,-2.712,5.451
VE,2006,Other,8917,1.645,5.498
VE,2006,Protest,243,-4.963,5.385
VE,2007,Aid/Cooperation,12096,3.253,5.849
VE,2007,Conflict/Migration,1576,-9.773,4.773
VE,2007,Disapproval/Sanction,4418,-2.801,5.195
VE,2007,Other,15597,1.496,5.209
VE,2007,Protest,450,-5.23,5.402
VE,2008,Aid/Cooperation,20498,3.32,5.061
VE,2008,Conflict/Migration,2669,-9.753,4.365
VE,2008,Disapproval/Sanction,5011,-2.793,5.076
VE,2008,Other,31520,1.649,3.99
VE,2008,Protest,722,-5.495,4.747
VE,2009,Aid/Cooperation,34847,3.616,5.172
VE,2009,Conflict/Migration,4009,-9.83,4.19
VE,2009,Disapproval/Sanction,10551,-2.815,4.871
VE,2009,Other,51429,1.295,4.216
VE,2009,Protest,1423,-5.237,4.956
VE,2010,Aid/Cooperation,19438,3.507,5.771
VE,2010,Conflict/Migration,2769,-9.813,4.256
VE,2010,Disapproval/Sanction,7018,-2.891,5.131
VE,2010,Other,27209,1.469,5.033
VE,2010,Protest,669,-5.286,5.048
VE,2011,Aid/Cooperation,21564,3,5.841
VE,2011,Conflict/Migration,3503,-9.818,4.167
VE,2011,Disapproval/Sanction,6570,-2.9,5.253
VE,2011,Other,25913,1.421,5.397
VE,2011,Protest,597,-5.04,5.41
VE,2012,Aid/Cooperation,24963,3.174,5.186
VE,2012,Conflict/Migration,5115,-9.826,3.876
VE,2012,Disapproval/Sanction,7415,-2.829,4.7
VE,2012,Other,30577,1.666,4.765
VE,2012,Protest,772,-5.047,4.601
VE,2013,Aid/Cooperation,32228,3.094,2.619
VE,2013,Conflict/Migration,4999,-9.881,1.94
VE,2013,Disapproval/Sanction,10640,-2.851,2.278
VE,2013,Other,43185,1.618,2.341
VE,2013,Protest,966,-5.221,2.332
VE,2014,Aid/Cooperation,27626,2.994,2.787
VE,2014,Conflict/Migration,7838,-9.866,1.913
VE,2014,Disapproval/Sanction,11860,-2.737,2.154
VE,2014,Other,43709,0.58,2.258
VE,2014,Protest,1310,-5.285,2.278
VE,2015,Aid/Cooperation,36980,3.164,-1.105
VE,2015,Conflict/Migration,6634,-9.83,-4.644
VE,2015,Disapproval/Sanction,16160,-2.796,-3.653
VE,2015,Other,51927,0.742,-2.673
VE,2015,Protest,1554,-5.126,-3.797
VE,2016,Aid/Cooperation,41087,3.152,-1.726
VE,2016,Conflict/Migration,7625,-9.835,-4.985
VE,2016,Disapproval/Sanction,16263,-2.872,-4.256
VE,2016,Other,59077,1.215,-3.038
VE,2016,Protest,1908,-5.081,-4.289
VE,2017,Aid/Cooperation,40493,3.04,-2.805
VE,2017,Conflict/Migration,12179,-9.823,-6.677
VE,2017,Disapproval/Sanction,25795,-2.757,-5.446
VE,2017,Other,75536,0.181,-4.542
VE,2017,Protest,3709,-5.213,-5.507
VE,2018,Aid/Cooperation,38492,2.996,-2.06
VE,2018,Conflict/Migration,8171,-9.764,-5.597
VE,2018,Disapproval/Sanction,17007,-2.835,-4.398
VE,2018,Other,59295,1.003,-3.467
VE,2018,Protest,2172,-5.069,-4.152
VE,2019,Aid/Cooperation,94957,3.099,-2.513
VE,2019,Conflict/Migration,13677,-9.777,-4.592
VE,2019,Disapproval/Sanction,39331,-2.898,-3.944
VE,2019,Other,129052,0.915,-3.317
VE,2019,Protest,7092,-5.317,-3.934
VE,2020,Aid/Cooperation,32491,2.936,-2.736
VE,2020,Conflict/Migration,5032,-9.771,-5.187
VE,2020,Disapproval/Sanction,12811,-2.842,-4.429
VE,2020,Other,46305,0.817,-3.644
VE,2020,Protest,1805,-5.094,-4.481
VE,2021,Aid/Cooperation,18367,3.025,-2.05
VE,2021,Conflict/Migration,4176,-9.805,-5.235
VE,2021,Disapproval/Sanction,7815,-2.799,-4.234
VE,2021,Other,27063,1.05,-3.192
VE,2021,Protest,673,-5.073,-3.978
VE,2022,Aid/Cooperation,24770,2.977,-1.64
VE,2022,Conflict/Migration,3330,-9.761,-4.911
VE,2022,Disapproval/Sanction,5903,-2.903,-3.858
VE,2022,Other,27044,1.493,-2.863
VE,2022,Protest,652,-4.863,-3.542
VE,2023,Aid/Cooperation,31158,3.186,-1.533
VE,2023,Conflict/Migration,4183,-9.719,-5.159
VE,2023,Disapproval/Sanction,8491,-2.917,-3.663
VE,2023,Other,38831,1.503,-2.892
VE,2023,Protest,963,-4.978,-3.891
VE,2024,Aid/Cooperation,30115,2.993,-2.253
VE,2024,Conflict/Migration,8190,-9.757,-6.619
VE,2024,Disapproval/Sanction,15150,-2.835,-5.013
VE,2024,Other,51884,0.552,-4.098
VE,2024,Protest,1682,-4.963,-4.7
