iso3,year,gdelt_events_Aid/Cooperation,gdelt_events_Conflict/Migration,gdelt_events_Disapproval/Sanction,gdelt_events_Other,gdelt_events_Protest,gdelt_goldstein_Aid/Cooperation,gdelt_goldstein_Conflict/Migration,gdelt_goldstein_Disapproval/Sanction,gdelt_goldstein_Other,gdelt_goldstein_Protest,gdelt_tone_Aid/Cooperation,gdelt_tone_Conflict/Migration,gdelt_tone_Disapproval/Sanction,gdelt_tone_Other,gdelt_tone_Protest,conflict_events,conflict_tone,conflict_goldstein,coop_events,coop_tone,coop_goldstein,conflict_events_d1,conflict_events_d2,coop_events_d1,coop_events_d2,conflict_tone_d1,conflict_tone_d2,coop_tone_d1,coop_tone_d2,conflict_goldstein_d1,conflict_goldstein_d2,coop_goldstein_d1,coop_goldstein_d2,conflict_events_z,conflict_spike_hi,conflict_spike_med,push_multiplier,coop_events_z,pull_multiplier
AFG,2000,55838,22923,13241,56331,2308,3.350279881084566,-9.875108101033897,-3.038943282229439,1.612152828815395,-5.436750433275564,5.273762384039544,3.737413951053527,4.8649972811721165,4.964630150361257,4.763665077989602,38472,4.187063526720731,-7.256024407361198,55838,5.273762384039544,3.350279881084566,,,,,,,,,,,,,-1.362773238032395,0,0,0.5457422539892016,-1.4841917915464407,0.505269402817853
AFG,2005,193939,79069,47640,239453,8807,3.00666589494635,-9.875837180184396,-2.9148768261964735,1.544496991058788,-5.479001816736687,5.484455596862933,3.6623213901781986,4.971895256087321,5.072714123439673,5.049305552401499,135516,4.212834012219959,-7.143000612473804,193939,5.484455596862933,3.00666589494635,97044.0,,138101.0,,0.025770485499228002,,0.21069321282338915,,0.11302379488739422,,-0.34361398613821637,,-1.0411787830897334,0,0,0.6529404056367556,-0.9596661239413978,0.680111292019534
AFG,2010,461064,420476,167877,751875,33370,3.0304221496364927,-9.883702192277324,-2.8439855370300875,1.7407440611803826,-5.347442583158526,5.300836296045669,3.3751937875170044,4.586475490984471,4.814998098088113,4.715400659274798,621723,3.7741963044635636,-7.739368628794495,461064,5.300836296045669,3.0304221496364927,486207.0,583251.0,267125.0,405226.0,-0.43863770775639566,-0.41286722225716765,-0.18361930081726374,0.02707391200612541,-0.5963680163206915,-0.48334422143329725,0.023756254690142864,-0.3198577314480735,0.5700643144155899,0,0,1.19002143813853,0.05490957760310284,1.0183031925343675
AFG,2015,762060,528236,230956,1009718,42438,3.225561900637745,-9.896336050553161,-2.8504453748766,1.8150148932672292,-5.380908054102456,2.5265101474949483,0.6851069673403557,1.3654530689828366,1.8481112112490816,1.2799095150572601,801630,0.9126087384454177,-7.627313608522635,762060,2.5265101474949483,3.225561900637745,179907.0,666114.0,300996.0,568121.0,-2.861587566018146,-3.3002252737745414,-2.774326148550721,-2.9579454493679846,0.11205502027186043,-0.48431299604883105,0.19513975100125247,0.21889600569139533,1.16625875822839,0,1,1.3887529194094634,1.1981317689445665,1.3993772563148554
AFG,2020,762290,493176,242649,979555,43507,3.2421471356045597,-9.88367280037958,-2.892413943597542,1.846640418353232,-5.328077849541454,-1.8014046019231524,-6.310941748990218,-4.414518633911535,-3.386739818591095,-4.638624658100995,779332,-5.627121923647431,-7.452587922733828,762290,-1.8014046019231524,3.2421471356045597,-22298.0,157609.0,230.0,301226.0,-6.539730662092849,-9.401318228110995,-4.327914749418101,-7.102240897968821,0.17472568578880665,0.2867807060606671,0.01658523496681452,0.211724985968067,1.0923653371378388,0,1,1.3641217790459463,1.1990053390385498,1.3996684463461833
AFG,2024,444451,161088,132051,643933,28394,2.945331777856276,-9.855059669249105,-3.0110900864060097,2.1316820305839275,-5.181071282665352,-1.9670248418835823,-5.255678300059594,-4.072272016114986,-3.1289631312574446,-4.423251708107347,321533,-4.696152827237016,-6.631545275290561,444451,-1.9670248418835823,2.945331777856276,-457799.0,-480097.0,-317839.0,-317609.0,0.9309690964104149,-5.608761565682434,-0.16562023996042985,-4.493534989378531,0.8210426474432673,0.9957683332320739,-0.2968153577482835,-0.28023012278146897,-0.42473638865969077,0,0,0.8584212037801031,-0.008188770098380696,0.9972704099672064
ARG,2000,32596,3333,7115,32199,807,3.190576512455516,-9.776171617161715,-3.1766269852424456,1.6680308705239293,-5.420819083023544,5.578618726224076,4.096478547854786,4.937179198875615,5.08588602130501,4.826639405204461,11255,4.680292403376277,-5.291895335406486,32596,5.578618726224076,3.190576512455516,,,,,,,,,,,,,-1.030269686332233,0,0,0.656576771222589,-0.9623590609028695,0.6792136463657101
ARG,2005,23503,3042,6584,28310,657,3.0518906948049187,-9.743860946745562,-3.109955042527339,1.3407854821617804,-5.330634703196347,5.6584105433348935,4.057995726495727,4.899522782503038,5.111738290356764,4.687445966514459,10283,4.637025478945834,-5.214333949236604,23503,5.6584105433348935,3.0518906948049187,-972.0,,-9093.0,,-0.04326692443044333,,0.0797918171108174,,0.07756138616988206,,-0.13868581765059718,,-1.074286629379664,0,0,0.6419044568734453,-1.1418164463920937,0.6193945178693021
ARG,2010,59783,9098,16007,80068,1400,3.129938142950337,-9.759231039788965,-2.990215968013994,1.3304789928560725,-5.343172857142858,5.341030811434688,4.302445152780831,4.752237770975198,4.352538292451417,4.577491428571428,26505,4.588613620071685,-5.438004640633842,59783,5.341030811434688,3.129938142950337,16222.0,15250.0,36280.0,27187.0,-0.04841185887414845,-0.09167878330459178,-0.3173797319002052,-0.2375879147893878,-0.22367069139723839,-0.14610930522735632,0.07804744814541831,-0.06063836950517887,-0.3396746436642039,0,0,0.8867751187785987,-0.4258025955673879,0.8580658014775373
ARG,2015,134240,22839,40803,159219,4307,3.0829659713945174,-9.805948246420597,-2.8612252285371174,1.634762572306069,-5.099334339447411,2.718277421036949,0.9380816585664871,1.54322684606524,2.0775866448099785,1.8422331088925006,67949,1.3587783484672324,-5.337347981574416,134240,2.718277421036949,3.0829659713945174,41444.0,57666.0,74457.0,110737.0,-3.2298352716044527,-3.278247130478601,-2.6227533903977394,-2.9401331222979445,0.10065665905942645,-0.12301403233781194,-0.046972171555819564,0.031075276589598744,1.5371136152429303,1,0,1.5123712050809768,1.0436638677968655,1.3478879559322885
ARG,2020,161331,20727,34205,178241,3861,3.0742703200252897,-9.795175326868335,-2.940523900014618,1.8655182982590988,-5.132293188293188,-0.6044148489750886,-4.05669093452984,-3.0873673147200704,-1.692400042638899,-2.794826987826988,58793,-3.409883132345687,-5.501012076267583,161331,-0.6044148489750886,3.0742703200252897,-9156.0,32288.0,27091.0,101548.0,-4.76866148081292,-7.998496752417372,-3.3226922700120376,-5.945445660409777,-0.1636640946931669,-0.06300743563374045,-0.008695651369227786,-0.05566782292504735,1.1224848801171288,0,1,1.3741616267057095,1.5783256989074526,1.5261085663024843
ARG,2024,76696,9971,17306,83053,1973,3.11757094242203,-9.798725604252331,-2.897763087946377,1.792937810795516,-5.201747592498732,-0.14229756441013872,-3.9254471968709255,-2.794872067491043,-1.4903697398047029,-3.182775468829194,29250,-3.2064378119658117,-5.405635179487179,76696,-0.14229756441013872,3.11757094242203,-29543.0,-38699.0,-84635.0,-57544.0,0.2034453203798754,-4.565216160433044,0.4621172845649498,-2.8605749854470877,0.09537689678040362,-0.06828719791276328,0.04330062239674026,0.03460497102751248,-0.2153675359839587,0,0,0.9282108213386804,-0.09201146384196762,0.9693295120526775
AUS,2000,36318,2157,8332,36430,1354,3.169785615948015,-9.77174779786741,-3.055577412385982,1.3496210540763105,-5.017000738552437,5.846183545349414,4.32354705609643,6.009985717714835,5.731874444139446,6.233169867060561,11843,5.7283461960651865,-4.503060879844634,36318,5.846183545349414,3.169785615948015,,,,,,,,,,,,,-0.9640938325962487,0,0,0.6786353891345838,-0.9841658923140867,0.6719447025619711
AUS,2005,26317,1802,5857,26130,639,3.1915070866740134,-9.813189789123197,-3.1303523988389963,1.5489068503635668,-5.100383411580594,5.764781624045294,4.3760377358490565,5.63712224688407,5.378880290853426,5.402209702660407,8298,5.345174379368523,-4.733307664497469,26317,5.764781624045294,3.1915070866740134,-3545.0,,-10001.0,,-0.3831718166966631,,-0.0814019213041206,,-0.23024678465283532,,0.021721470725998504,,-1.1023116769183945,0,0,0.6325627743605351,-1.1243701560338653,0.6252099479887117
AUS,2010,65827,8423,14765,86352,2060,3.2227584122016797,-9.714502196367091,-2.997555706061632,1.393155607281823,-5.12691213592233,5.708502787609947,4.127381574260952,5.081472536403658,5.176012622753381,4.840848058252428,25248,4.743544993662865,-5.412135654309253,65827,5.708502787609947,3.2227584122016797,16950.0,13405.0,39510.0,29509.0,-0.6016293857056585,-0.9848012024023216,-0.05627883643534659,-0.1376807577394672,-0.6788279898117837,-0.909074774464619,0.031251325527666296,0.0529727962536648,-0.4414393324161737,0,0,0.8528535558612754,-0.5704784992426993,0.8098405002524336
AUS,2015,177938,18422,32217,184744,4383,3.324184895862604,-9.783476658343284,-3.047976596206972,1.6683878393885592,-5.0434923568332195,1.6198536344119863,-0.08168499620019559,1.13470403824068,1.3157854274022431,0.3064207164042892,55022,0.66146270582676,-5.4620605575951435,177938,1.6198536344119863,3.324184895862604,29774.0,46724.0,112111.0,151621.0,-4.082082287836105,-4.683711673541763,-4.088649153197961,-4.144927989633308,-0.04992490328589039,-0.7287528930976741,0.10142648366092422,0.1326778091885905,0.7194346018144531,0,0,1.239811533938151,1.0012083530608797,1.33373611768696
AUS,2020,217596,26741,48005,249174,7292,3.1179106049743557,-9.782015182678284,-2.9952760962399756,1.66607620779054,-5.052839413055402,-0.6241692724130958,-4.135320332074343,-2.681196125403604,-1.803129720596852,-3.528842155787164,82038,-3.2305241229674055,-5.390360588995344,217596,-0.6241692724130958,3.1179106049743557,27016.0,56790.0,39658.0,151769.0,-3.8919868287941655,-7.97406911663027,-2.244022906825082,-6.332672060023043,0.07169996859979921,0.021775065313908826,-0.20627429088824822,-0.10484780722732401,1.7727754430576388,1,0,1.5909251476858794,1.5571748254735363,1.5190582751578454
AUS,2024,115125,11500,22338,113835,3133,3.3271137546145497,-9.844988173913043,-2.989606455367535,1.5952112267755962,-5.1394111075646345,-0.2668342410423452,-3.913998869565218,-2.33628717879846,-1.5290919752273027,-3.6954171720395785,36971,-2.9422171972627194,-5.30418349517189,115125,-0.2668342410423452,3.3271137546145497,-45067.0,-18051.0,-102471.0,-62813.0,0.2883069257046862,-3.6036799030894793,0.3573350313707506,-1.8866878754543315,0.08617709382345407,0.15787706242325328,0.20920314964019404,0.0029288587519458176,0.015634797058725107,0,0,1.0052115990195751,0.12063136905623509,1.0402104563520784
BGD,2000,787,232,374,1192,34,2.69854002541296,-9.876987068965516,-2.8717326203208557,1.246353187919463,-5.517470588235294,5.75315374841169,4.259978448275862,5.604336898395721,5.6095,4.618,640,5.0646078125,-5.5516921875,787,5.75315374841169,2.69854002541296,,,,,,,,,,,,,-1.3068571176777901,0,0,0.56438096077407,-1.2912767943493682,0.569574401883544
BGD,2005,871,207,402,1615,46,2.8354408725602758,-9.77049275362319,-2.987542288557214,0.8242687306501548,-4.656521739130436,5.634955223880596,4.048502415458937,5.491104477611941,5.349939318885449,5.76804347826087,655,5.054647328244275,-5.248372519083969,871,5.634955223880596,2.8354408725602758,15.0,,84.0,,-0.009960484255724822,,-0.1181985245310937,,0.3033196684160302,,0.13690084714731565,,-1.3044222322499668,0,0,0.5651925892500111,-1.2856544475907348,0.571448517469755
BGD,2010,19225,5501,6153,33790,772,3.0851559947984395,-9.767041265224506,-2.8871922639362912,1.2753736312518495,-4.914432642487046,5.833573836150845,3.9178763861116157,5.022085161709735,5.310710417283221,4.915040155440415,12426,4.526600595525511,-6.058854820537583,19225,5.833573836150845,3.0851559947984395,11771.0,11786.0,18354.0,18438.0,-0.5280467327187646,-0.5380072169744894,0.19861861227024846,0.08042008773915477,-0.8104823014536136,-0.5071626330375834,0.24971512223816372,0.3866159693854794,0.6063135258105155,0,0,1.2021045086035052,-0.05717168082935665,0.9809427730568812
BGD,2015,32859,6755,8534,50649,1154,2.9510398977449097,-9.772036269430053,-2.953366182329505,1.5098235503168869,-4.799653379549394,3.8463448065978882,2.8620016284233905,3.2006696742441996,3.4220820944145,2.685522530329289,16443,3.025386425834702,-5.884141093474428,32859,3.8463448065978882,2.9510398977449097,4017.0,15788.0,13634.0,31988.0,-1.501214169690809,-2.0292609024095736,-1.9872290295529567,-1.7886104172827082,0.17471372706315513,-0.6357685743904584,-0.13411609705352978,0.11559902518463394,1.2583758433815762,0,1,1.4194586144605255,0.8553887442564355,1.2851295814188117
BGD,2020,39730,3702,8697,53158,1208,2.9593463377800155,-9.788017828200974,-3.083523053926641,1.8433599458218897,-4.755137417218543,0.7319108482255222,-2.9721307401404644,-1.5764522249051398,-0.6454392753677716,-2.545872516556291,13607,-2.042231718968178,-5.05598941721173,39730,0.7319108482255222,2.9593463377800155,-2836.0,1181.0,6871.0,20505.0,-5.06761814480288,-6.568832314493688,-3.114433958372366,-5.101662987925323,0.8281516762626975,1.0028654033258526,0.008306440035105833,-0.12580965701842395,0.7980201718277977,0,0,1.2660067239425992,1.3152833225727387,1.4384277741909128
BGD,2024,27003,2138,5214,33108,1022,2.951649001962745,-9.81233395696913,-3.0899888761028005,2.0537006161652775,-4.73551663405088,1.453234862793023,-2.498752572497662,-1.5046238971998465,-0.07874075752084085,-1.5981232876712328,8374,-1.7698500119417242,-5.00712562694053,27003,1.453234862793023,2.951649001962745,-5233.0,-8069.0,-12727.0,-5856.0,0.2723817070264538,-4.795236437776426,0.7213240145675007,-2.3931099438048653,0.04886379027120036,0.8770154665338978,-0.007697335817270723,0.0006091042178351103,-0.051430191092132975,0,0,0.982856602969289,0.46343085594028477,1.154476951980095
BRA,2000,36727,3926,7969,38914,778,3.1604525008849076,-9.818130412633723,-3.100689672480863,2.1283943310890683,-5.214088688946015,5.531624880877828,3.9958178807947022,5.284939013678002,5.211218327594182,5.267133676092545,12673,4.884485914937269,-5.3114445671900885,36727,5.531624880877828,3.1604525008849076,,,,,,,,,,,,,-1.0116371275666671,0,0,0.6627876241444444,-1.1809759427069386,0.6063413524310204
BRA,2005,36701,5551,7102,38467,817,2.9828639001662083,-9.851693388578635,-3.0119031258800337,1.7623945719707799,-5.133697674418605,5.860659954769625,3.7224768510178348,5.347855392847085,5.402921933085501,5.351449204406364,13470,4.678253303637713,-5.959281143281365,36701,5.860659954769625,2.9828639001662083,797.0,,-26.0,,-0.20623261129955583,,0.32903507389179687,,-0.6478365760912768,,-0.1775886007186993,,-0.9990253555230786,0,0,0.6669915481589739,-1.1812154137363569,0.6062615287545476
BRA,2010,130927,17233,26523,175635,3137,3.1124329206351633,-9.846597980618581,-3.010369980771406,1.7248457198166651,-5.15008798214855,5.18064089148915,4.004998839435966,4.830440938053765,4.487165394141259,4.922030283710552,46893,4.5332211417482355,-5.6657985626852625,130927,5.18064089148915,3.1124329206351633,33423.0,34220.0,94226.0,94200.0,-0.14503216188947743,-0.35126477318903326,-0.6800190632804748,-0.3509839893886779,0.29348258059610277,-0.354353995495174,0.12956902046895502,-0.04801958024974429,-0.4701379565107049,0,0,0.843287347829765,-0.31335398227648387,0.8955486725745054
BRA,2015,238697,33843,57969,316558,6598,3.0231622642932257,-9.834096090772094,-2.9547434835860544,1.9184179834343156,-4.958356471658079,3.0238709409837576,1.041587595662323,1.4918266487260432,2.168790780836371,1.53996059411943,98410,1.340217538868001,-5.454873234427397,238697,3.0238709409837576,3.0231622642932257,51517.0,84940.0,107770.0,201996.0,-3.1930036028802347,-3.338035764769712,-2.1567699505053928,-2.8367890137858676,0.2109253282578658,0.5044079088539686,-0.08927065634193765,0.04029836412701737,0.3450698984071796,0,0,1.1150232994690599,0.67925343466184,1.2264178115539466
BRA,2020,335589,67098,113795,507408,15263,3.0273154364415995,-9.82226513457927,-2.908753697438376,1.5217161022293695,-5.019444342527681,-1.2170938230990884,-4.678509076276491,-3.475605685662815,-2.3743454852899437,-3.7482116228788573,196156,-3.9082878168396586,-5.437854320030995,335589,-1.2170938230990884,3.0273154364415995,97746.0,149263.0,96892.0,204662.0,-5.2485053557076595,-8.441508958587894,-4.240964764082846,-6.397734714588239,0.017018914396401463,0.22794424265426727,0.0041531721483738515,-0.0851174841935638,1.8918080040189882,1,0,1.6306026680063295,1.571669857061284,1.5238899523537612
BRA,2024,211051,31974,53010,261681,7034,3.0291905416226412,-9.844374741977857,-2.915883965289568,1.6511830472980462,-4.979181546772818,-0.5023498443504177,-4.277066804278476,-2.970857083569138,-1.8190544670801474,-3.3105386693204437,92018,-3.450698743724054,-5.4810864178747645,211051,-0.5023498443504177,3.0291905416226412,-104138.0,-6392.0,-124538.0,-27646.0,0.4575890731156047,-4.790916282592055,0.7147439787486707,-3.5262207853341754,-0.043232097843769246,-0.026213183447367783,0.0018751051810417252,0.006028277329415577,0.24392253717428333,0,0,1.0813075123914277,0.4246220469966558,1.1415406823322185
BRN,2000,2720,218,469,2313,38,3.1044963235294114,-9.759426605504586,-3.0276950959488276,1.5824245568525726,-5.026552631578948,6.078740073529412,4.276059633027523,5.071727078891258,5.425335927367056,4.801394736842106,725,4.818308965517241,-5.1566248275862065,2720,6.078740073529412,3.1044963235294114,,,,,,,,,,,,,-0.9660384739661336,0,0,0.677987175344622,-1.0525465333439712,0.6491511555520095
BRN,2005,5230,457,1096,5335,111,3.0985762906309753,-9.840374179431072,-3.1439790145985396,1.5357851921274603,-5.048522522522522,5.9699181644359465,4.460533916849015,5.321821167883212,5.444318837863168,5.043009009009009,1664,5.066679086538461,-5.110118990384615,5230,5.9699181644359465,3.0985762906309753,939.0,,2510.0,,0.24837012102122014,,-0.10882190909346523,,0.046505837201591405,,-0.005920032898436123,,-0.8607604987577079,0,0,0.7130798337474307,-0.9131302657565009,0.695623244747833
BRN,2010,8132,795,1179,8121,167,2.9445336940482045,-9.672542138364781,-2.997944868532655,1.9645869966752862,-4.802544910179641,6.43683448106247,4.753241509433963,5.424650551314674,6.247160817633296,5.684958083832337,2141,5.195645959831856,-5.617128911723494,8132,6.43683448106247,2.9445336940482045,477.0,1416.0,2902.0,5412.0,0.12896687329339418,0.3773369943146143,0.46691631662652355,0.3580944075330583,-0.507009921338879,-0.4605040841372876,-0.15404259658277075,-0.15996262948120687,-0.8072806327572615,0,0,0.7309064557475795,-0.75194062092031,0.7493531263598967
BRN,2015,27916,4699,5696,34251,1158,2.9310908439604524,-9.786969142370715,-2.9701630969101123,1.4699127616711918,-5.038868739205527,2.6272304771457224,-0.5494967014258351,1.379955231741573,1.2177653499167909,0.46990673575129516,11553,0.5039636458062842,-5.9501451571020505,27916,2.6272304771457224,2.9310908439604524,9412.0,9889.0,19784.0,22686.0,-4.691682314025572,-4.562715440732177,-3.8096040039167476,-3.342687687290224,-0.33301624537855634,-0.8400261667174354,-0.013442850087752145,-0.1674854466705229,0.24796569595594778,0,0,1.082655231985316,0.34694839818348033,1.1156494660611602
BRN,2020,52558,10436,13205,66238,1861,2.902183530575745,-9.694494921425834,-2.9185568345323745,1.0890975572933965,-5.073613648576034,-0.252594695384147,-5.339355021080873,-2.5308960999621357,-1.7729485491711705,-3.179312735088662,25502,-3.7274995294486706,-5.848689789036155,52558,-0.252594695384147,2.902183530575745,13949.0,23361.0,24642.0,44426.0,-4.231463175254955,-8.923145489280525,-2.8798251725298694,-6.689429176446617,0.10145536806589561,-0.23156087731266073,-0.02890731338470731,-0.04235016347245946,1.811887395830635,1,0,1.6039624652768785,1.7156717710481995,1.5718905903493998
BRN,2024,33462,5576,7758,39507,1129,2.936528181220489,-9.746091642754665,-2.969156999226605,0.8054666008555447,-4.899490699734278,0.09012665112665112,-5.143705882352942,-2.4849486981180715,-1.8631235477257198,-3.2676102745792734,14463,-3.5710895388232045,-5.732590195671715,33462,0.09012665112665112,2.936528181220489,-11039.0,2910.0,-19096.0,5546.0,0.15640999062546612,-4.075053184629489,0.34272134651079816,-2.5371038260190715,0.11609959336443954,0.21755496143033515,0.03434465064474379,0.005437337260036479,0.5742265136945197,0,0,1.1914088378981733,0.6549972507891021,1.2183324169297007
CAN,2000,43749,4470,8985,48115,1001,3.124193970147889,-9.7855774049217,-3.0093432387312187,1.679638075444248,-5.161879120879121,5.791329584676221,4.435151901565995,5.248639955481358,5.367920856281825,5.211843156843156,14456,4.994549944659656,-5.253702338129496,43749,5.791329584676221,3.124193970147889,,,,,,,,,,,,,-1.0969206593918805,0,0,0.6343597802027066,-1.0609798007071003,0.6463400664309666
CAN,2005,45525,6988,12206,61505,1816,3.011296430532674,-9.811492987979392,-2.9610508766180565,1.478568490366637,-5.186234030837005,5.954343701263043,4.437124212936463,5.384197689660823,5.551849264287457,5.364443832599118,21010,5.067490290337934,-5.431865825797239,45525,5.954343701263043,3.011296430532674,6554.0,,1776.0,,0.072940345678278,,0.16301411658682152,,-0.17816348766774315,,-0.11289753961521498,,-1.0821929760141809,0,0,0.639269007995273,-1.058943521160159,0.647018826279947
CAN,2010,487459,108036,147970,797136,20040,2.967797281412386,-9.80409880965604,-2.9430824491450966,1.8412144401959014,-4.970825149700598,6.289335295891552,4.4319645488540855,5.421980496046496,5.922751329760542,5.286256437125749,276046,5.02466529129203,-5.775482582613042,487459,6.289335295891552,2.967797281412386,255036.0,261590.0,441934.0,443710.0,-0.0428249990459042,0.030115346632373807,0.3349915946285087,0.4980057112153302,-0.34361675681580284,-0.521780244483546,-0.043499149120288294,-0.15639668873550328,-0.5090941878062112,0,0,0.8303019373979296,-0.5522424145734457,0.8159191951421848
CAN,2015,1425569,276012,420869,2231106,59475,2.9211836291333495,-9.791987301276755,-2.9738606383458985,1.8562344164732647,-4.995037175283733,2.890379281536004,1.0351778908163414,1.8568772539673866,2.313655765346873,1.5900422530474991,756356,1.5360377335540405,-5.6208869738588705,1425569,2.890379281536004,2.9211836291333495,480310.0,735346.0,938110.0,1380044.0,-3.4886275577379897,-3.531452556783894,-3.3989560143555475,-3.063964419727039,0.1545956087541711,-0.18902114806163173,-0.046613652279036355,-0.09011280139932465,0.5702243357127035,0,0,1.1900747785709012,0.523351169762816,1.1744503899209386
CAN,2020,2479904,446286,704009,3839844,104731,2.9321345084325845,-9.770515929247164,-2.96677311369599,1.9239388532450794,-4.959458641662927,-0.27133906877040403,-3.8082486253209824,-2.339735764741644,-1.3400559673778414,-2.745991645262625,1255026,-2.8958392359998917,-5.55246545330535,2479904,-0.27133906877040403,2.9321345084325845,498670.0,978980.0,1054335.0,1992445.0,-4.431876969553932,-7.9205045272919214,-3.1617183503064084,-6.560674364661955,0.06842152055352013,0.22301712930769124,0.010950879299234995,-0.03566277297980136,1.6908001474242589,1,0,1.5636000491414195,1.7322029693824477,1.5774009897941492
CAN,2024,1332473,256391,378502,2086939,57808,2.919146240861916,-9.772014926420974,-2.9565209800740817,1.76070798331911,-4.8930265534182125,-0.23291619192283827,-3.7920434141604034,-2.4373457577502893,-1.403391187763514,-2.8233666966509827,692701,-2.9709777075534753,-5.640762554117866,1332473,-0.23291619192283827,2.919146240861916,-562325.0,-63655.0,-1147431.0,-93096.0,-0.07513847155358366,-4.507015441107516,0.03842287684756576,-3.1232954734588425,-0.08829710081251552,-0.019875580258995384,-0.012988267570668288,-0.0020373882714332936,0.42718334007530995,0,0,1.14239444669177,0.4166115972954416,1.1388705324318138
CHN,2000,3221,510,1022,3179,93,3.496370381868985,-9.808676470588235,-3.4921379647749506,1.3780100660585088,-5.178569892473119,5.2271552312946294,4.015986274509804,5.084794520547945,4.8936011324315825,4.709924731182796,1625,4.727899076923077,-5.571075076923076,3221,5.2271552312946294,3.496370381868985,,,,,,,,,,,,,0.9476424537031864,0,0,1.3158808179010621,0.14977086040095014,1.0499236201336501
CHN,2005,2200,242,505,2493,58,3.1304213636363634,-9.834913223140497,-2.970350495049505,0.9778596068993182,-4.813948275862069,5.1612540909090905,3.293764462809918,4.67149900990099,4.66626634576815,5.669379310344828,805,4.329219875776398,-5.1668136645962734,2200,5.1612540909090905,3.1304213636363634,-820.0,,-1021.0,,-0.39867920114667843,,-0.06590114038553896,,0.4042614123268029,,-0.3659490182326217,,-0.9829583215430567,0,0,0.6723472261523145,-1.4132551886897127,0.5289149371034292
CHN,2010,4221,627,1053,5043,135,3.051174366263918,-9.750377990430621,-3.0561301044634375,1.4091072774142372,-5.2991777777777775,5.271181710495143,3.695497607655503,4.2908423551756885,4.48035514574658,3.944037037037037,1815,4.059382369146006,-5.535526721763084,4221,5.271181710495143,3.051174366263918,1010.0,190.0,2021.0,1000.0,-0.26983750663039263,-0.6685167077770711,0.10992761958605257,0.04402647920051361,-0.36871305716681047,0.03554835515999244,-0.07924699737244545,-0.44519601560506716,1.394976779674877,0,1,1.4649922598916256,1.6806484794907277,1.5602161598302424
CHN,2015,2475,341,410,2207,66,3.268080808080808,-9.848979472140762,-2.953887804878049,1.4549379247847756,-5.018121212121212,3.6534654545454543,1.8234486803519063,1.452682926829268,2.4217063887630266,-0.7162424242424243,817,1.4322203182374542,-5.9985214198286405,2475,3.6534654545454543,3.268080808080808,-998.0,12.0,-1746.0,275.0,-2.6271620509085514,-2.896999557538944,-1.6177162559496887,-1.5077886363636361,-0.4629946980655566,-0.8317077552323671,0.21690644181689,0.13765944444444456,-0.9547056272711606,0,0,0.6817647909096132,-0.9922638434400239,0.669245385519992
CHN,2020,3276,478,823,4292,164,3.059510073260073,-9.856508368200837,-2.944051032806805,0.8840999534016775,-4.7976829268292684,0.12493864468864464,-5.755303347280336,-4.543832320777644,-2.2869200838769808,-5.287804878048781,1465,-5.022395221843004,-5.406952218430034,3276,0.12493864468864464,3.059510073260073,648.0,-350.0,801.0,-945.0,-6.454615540080458,-9.08177759098901,-3.52852680985681,-5.146243065806498,0.5915692013986069,0.12857450333305032,-0.20857073482073485,0.008335706996155157,0.5709398634112366,0,0,1.1903132878037455,0.2339691294508879,1.0779897098169626
CHN,2024,3346,225,533,3238,50,3.0859327555289897,-9.849146666666666,-3.043187617260788,1.8365991352686841,-4.9477199999999995,0.8569488942020324,-4.668346666666666,-3.670003752345216,-1.1481470043236566,-4.9759199999999995,808,-4.028819306930693,-5.056266089108911,3346,0.8569488942020324,3.0859327555289897,-657.0,-9.0,70.0,871.0,0.9935759149123111,-5.461039625168147,0.7320102495133877,-2.796516560343422,0.3506861293211223,0.9422553307197292,0.026422682268916642,-0.1821480525518182,-0.9758951479750827,0,0,0.6747016173416391,0.34113056278717235,1.113710187595724
COL,2000,45495,17973,13318,55220,1949,3.1895207825035716,-9.803869860346076,-2.96522901336537,1.5636954907642155,-5.263876346844536,5.6899360589075725,3.9000470149668947,5.174607748911248,5.333367928286853,5.200743458183684,33240,4.486980144404332,-6.797688567990374,45495,5.6899360589075725,3.1895207825035716,,,,,,,,,,,,,-1.1945525323787645,0,0,0.6018158225404118,-1.1027498293782367,0.6324167235405878
COL,2005,48214,23111,15262,62128,2458,3.2360756626705935,-9.805166587339363,-2.847347136679334,1.3892797772340972,-5.316617575264442,5.78170288712822,4.063211111591883,5.133403944437164,5.357666028199846,5.118410903173312,40831,4.5267550880458485,-6.934232886777203,48214,5.78170288712822,3.2360756626705935,7591.0,,2719.0,,0.03977494364151646,,0.09176682822064741,,-0.1365443187868296,,0.04655488016702192,,-0.8495466056466786,0,0,0.7168177981177738,-1.0461820190569573,0.6512726603143475
COL,2010,89783,32802,25876,132256,3484,3.1473562923938827,-9.761622401073106,-2.785869570258154,1.6363888897290104,-5.319756888633754,5.76383151598855,4.588968294616182,5.236463672901531,5.001208247640938,5.135115671641789,62162,4.889109343328721,-6.608891798848171,89783,5.76383151598855,3.1473562923938827,21331.0,28922.0,41569.0,44288.0,0.3623542552828729,0.40212919892438936,-0.017871371139669634,0.07389545708097778,0.3253410879290328,0.18879676914220322,-0.08871937027671084,-0.042164490109688924,0.11993322877857816,0,0,1.0399777429261927,-0.18135402816130725,0.9395486572795643
COL,2015,137199,39074,34935,177454,4147,3.3191131713788,-9.821452116496904,-2.8460007728638903,1.5803895262997734,-5.309868097419821,2.822451067427605,1.2724444387572302,1.841210419350222,2.244452032639445,1.6425874125874123,78156,1.5463174932186912,-6.4641035876964015,137199,2.822451067427605,3.3191131713788,15994.0,37325.0,47416.0,88985.0,-3.3427918501100304,-2.9804375948271575,-2.9413804485609454,-2.959251819700615,0.1447882111517691,0.4701292990808019,0.1717568789849171,0.08303750870820625,0.8468499449099155,0,0,1.282283314969972,0.8051186802586244,1.2683728934195415
COL,2020,181324,41636,47760,219561,6772,3.314782428139684,-9.816452469017197,-2.926734380234506,1.6393700793856836,-5.219869462492617,-1.3619559738368887,-4.523876092804303,-3.521931113902848,-2.5181169834351276,-3.7814929119905494,96168,-3.9740017989351974,-6.071121422926545,181324,-1.3619559738368887,3.314782428139684,18012.0,34006.0,44125.0,91541.0,-5.520319292153888,-8.863111142263918,-4.184407041264493,-7.125787489825439,0.39298216476985637,0.5377703759216255,-0.004330743239115975,0.16742613574580112,1.6654834256500461,1,0,1.5551611418833486,1.7231233255055767,1.5743744418351922
COL,2024,88985,21458,22041,106949,3083,3.139369028487948,-9.839133004007829,-2.7859775418538177,1.367355468494329,-5.080566007135907,-1.0422938922290275,-5.197506384565197,-4.078817204301076,-2.63591175233055,-4.120250081089847,46582,-4.596883624576017,-6.1868797389549615,88985,-1.0422938922290275,3.139369028487948,-49586.0,-31574.0,-92339.0,-48214.0,-0.6228818256408193,-6.143201117794708,0.31966208160786125,-3.8647449596566323,-0.11575831602841635,0.27722384874144,-0.17541339965173597,-0.17974414289085194,-0.5881674613130959,0,0,0.8039441795623014,-0.19795612916769972,0.9340146236107667
CUB,2000,70214,3790,11229,52798,1132,2.951156393311875,-9.8535635883905,-2.9565595333511445,1.6512387590439033,-5.068940812720848,6.224545190417865,5.301424274406333,5.750823938017633,5.86286984355468,5.621292402826856,16151,5.636288960435886,-4.7230669308401945,70214,6.224545190417865,2.951156393311875,,,,,,,,,,,,,-1.1043752412592371,0,0,0.6318749195802542,-0.9474864251490216,0.6841711916169928
CUB,2005,59542,3165,12077,48968,1030,2.8737716905713615,-9.781330489731438,-2.833654218762938,1.0088946863257635,-5.136092233009708,6.3875004534614215,5.277735860979463,5.915813529850128,5.975708135925502,5.714019417475729,16272,5.7789303097345135,-4.330760078662733,59542,6.3875004534614215,2.8737716905713615,121.0,,-10672.0,,0.1426413492986276,,0.1629552630435569,,0.39230685217746153,,-0.07738470274051368,,-1.100925687093646,0,0,0.6330247709687846,-1.0427968202738707,0.6524010599087098
CUB,2010,142935,11794,30648,168382,3211,3.321509028579424,-9.747602764117348,-2.9274010702166535,1.506106353410697,-5.213240423544067,5.748226704446076,4.804748431405799,5.41087154137301,5.269470935135584,5.256985985674245,45653,5.243462116399798,-4.850106893303836,142935,5.748226704446076,3.321509028579424,29381.0,29502.0,83393.0,72721.0,-0.5354681933347152,-0.3928268440360876,-0.6392737490153451,-0.47631848597178816,-0.5193468146411027,-0.12703996246364113,0.4477373380080625,0.3703526352675488,-0.26331121652144585,0,0,0.9122295944928513,-0.2980236024471713,0.9006587991842763
CUB,2015,336725,26387,59815,323982,6478,2.981324597223253,-9.794181415090765,-2.969064131070802,1.6667270126118117,-5.099947051559123,2.552259383770139,1.4318416644559824,1.9715190336872022,2.2631351340506574,1.6318130595862919,92680,1.794122809667674,-5.0611900410012955,336725,2.552259383770139,2.981324597223253,47027.0,76408.0,193790.0,277183.0,-3.4493393067321243,-3.9848075000668395,-3.1959673206759374,-3.8352410696912824,-0.21108314769745995,-0.7304299623385626,-0.34018443135617105,0.10755290665189143,1.0773679879848288,0,1,1.3591226626616095,1.432692427467043,1.4775641424890142
CUB,2020,321415,33870,66308,312374,8148,2.9381925485742735,-9.773143785060526,-2.8681392290523013,1.6948370030796416,-5.079848060873834,-0.5528918749902775,-3.3042300856214935,-2.708241328346504,-1.6509735253254112,-3.317931394207168,108326,-2.9404468364012333,-5.193467477798497,321415,-0.5528918749902775,2.9381925485742735,15646.0,62673.0,-15310.0,178480.0,-4.734569646068907,-8.183908952801032,-3.1051512587604164,-6.301118579436354,-0.13227743679720128,-0.3433605844946612,-0.04313204864897946,-0.3833164800051505,1.5234152976942545,1,0,1.507805099231418,1.2959605918822004,1.4319868639607334
CUB,2024,126999,14373,32032,137772,3848,2.9058327073441528,-9.751858902108118,-2.7595930007492506,1.2014730859681213,-5.065597972972973,-0.664864140662525,-4.275107980240729,-3.8917912712287714,-2.563691040269431,-4.357430093555093,50253,-4.037079895727618,-4.936047041967644,126999,-0.664864140662525,2.9058327073441528,-58073.0,-42427.0,-194416.0,-209726.0,-1.0966330593263844,-5.831202705395292,-0.1119722656722475,-3.217123524432664,0.25742043583085295,0.12514299903365167,-0.0323598412301207,-0.07549188987910016,-0.1321711408047541,0,0,0.9559429530650819,-0.44034617147917976,0.8532179428402734
DOM,2000,500,19,87,534,14,2.994074,-9.763473684210524,-2.804586206896552,2.5960955056179778,-5.514142857142857,6.819886,4.879526315789474,6.236827586206897,5.836249063670412,5.440357142857144,120,5.929,-4.222525,500,6.819886,2.994074,,,,,,,,,,,,,-1.0777657796810727,0,0,0.6407447401063091,-1.0803780717973364,0.6398739760675545
DOM,2005,899,57,262,1245,40,3.3866017797552836,-9.86819298245614,-2.7744618320610686,1.5715244979919678,-4.805149999999999,6.281857619577308,4.8070350877192976,5.458503816793893,5.769317269076304,4.554875,359,5.254384401114207,-4.127025069637883,899,6.281857619577308,3.3866017797552836,239.0,,399.0,,-0.6746155988857936,,-0.5380283804226922,,0.09549993036211735,,0.39252777975528375,,-0.8293703878355795,0,0,0.7235432040548069,-0.966818838223275,0.6777270539255751
DOM,2010,2104,74,381,1884,39,3.6623916349809886,-9.824405405405406,-3.028879265091864,2.2508731422505304,-5.040794871794871,6.180722908745248,4.338932432432433,5.790813648293963,5.823164543524417,6.172897435897435,494,5.6034898785425105,-4.205668016194331,2104,6.180722908745248,3.6623916349809886,135.0,374.0,1205.0,1604.0,0.3491054774283038,-0.3255101214574898,-0.10113471083205994,-0.6391630912547521,-0.07864294655644866,0.01685698380566869,0.275789855225705,0.6683176349809887,-0.6890633673370792,0,0,0.7703122108876402,-0.6238642606374503,0.7920452464541833
DOM,2015,5355,317,665,5695,122,3.4590119514472457,-9.862908517350158,-2.858587969924812,2.1188804214223005,-4.685081967213115,2.501934080298786,-0.6892113564668768,1.0172646616541354,1.0278886742756805,-1.0195245901639345,1104,0.3021911231884059,-5.071633152173914,5355,2.501934080298786,3.4590119514472457,610.0,745.0,3251.0,4456.0,-5.301298755354105,-4.952193277925801,-3.678788828446462,-3.779923539278522,-0.8659651359795824,-0.944608082536031,-0.20337968353374292,0.07241017169196207,-0.05508349693644826,0,0,0.9816388343545173,0.3014015748243886,1.1004671916081294
DOM,2020,10400,725,1803,12996,175,3.0309600000000003,-9.820852413793103,-2.9840049916805325,2.2915975684826098,-4.915182857142857,0.5227511538461539,-3.980615172413793,-2.16675540765391,-0.5545917205293938,-3.1588114285714286,2703,-2.71749833518313,-4.942817610062892,10400,0.5227511538461539,3.0309600000000003,1599.0,2209.0,5045.0,8296.0,-3.019689458371536,-8.320988213725641,-1.9791829264526322,-5.657971754899094,0.1288155421110213,-0.737149593868561,-0.4280519514472454,-0.6314316349809883,1.6067752125235664,1,0,1.5355917375078554,1.7372570469575714,1.5790856823191906
DOM,2024,6518,766,1270,8396,126,3.114200214789813,-9.563738903394256,-3.123023622047244,1.971047284421153,-4.9998571428571426,1.659660938938325,-4.269378590078329,-2.9664874015748035,-0.49403060981419716,-2.3616428571428574,2162,-3.392853839037928,-5.5143598519889,6518,1.659660938938325,3.114200214789813,-541.0,1058.0,-3882.0,1163.0,-0.675355503854798,-3.695044962226334,1.136909785092171,-0.8422731413604612,-0.5715422419260072,-0.4427266998149859,0.08324021478981258,-0.3448117366574328,1.0445078192666133,0,1,1.348169273088871,0.6324025488761015,1.2108008496253673
ECU,2000,7675,1082,2487,9907,314,3.2729305537459283,-9.812814232902035,-3.179062726176116,1.4972986777026347,-5.316557324840764,5.636145407166124,4.255834565619224,5.196435062324085,5.173581104269709,4.8552292993630575,3883,4.9067445274272465,-5.200410249806851,7675,5.636145407166124,3.2729305537459283,,,,,,,,,,,,,-1.1989132220186198,0,0,0.6003622593271267,-1.0545333215833275,0.6484888928055574
ECU,2005,6342,1008,1978,8422,231,3.105608483128351,-9.753665674603175,-3.0701031344792717,0.9671131560199477,-5.154913419913419,5.392982970671713,3.7315109126984125,4.725239635995956,4.835687603894562,4.829969696969696,3217,4.421389493316754,-5.314001865091701,6342,5.392982970671713,3.105608483128351,-666.0,,-1333.0,,-0.4853550341104924,,-0.24316243649441116,,-0.11359161528484929,,-0.16732207061757753,,-1.2670425911196779,0,0,0.577652469626774,-1.1161851677126042,0.627938277429132
ECU,2010,22931,5193,6737,36444,862,3.2899636736295848,-9.860756017716158,-2.850940626391569,1.3262820217319722,-5.193719257540603,5.310785399677292,4.361138070479491,4.7184127950126165,4.286581357699484,4.741786542923434,12792,4.57494973420888,-5.854493355222015,22931,5.310785399677292,3.2899636736295848,9575.0,8909.0,16589.0,15256.0,0.1535602408921255,-0.3317947932183669,-0.08219757099442049,-0.32536000748883165,-0.5404914901303144,-0.6540831054151637,0.18435519050123395,0.01703311988365641,-0.2875550398544659,0,0,0.9041483200485114,-0.3489364989664882,0.8836878336778373
ECU,2015,56901,6388,15764,78330,1870,2.905325969666614,-9.736670162805257,-3.021807218979955,2.0467282650325545,-4.968655614973263,2.390856856645753,1.2225588603631812,1.8325225831007355,2.082720885995149,1.980573262032085,24022,1.6818443093830653,-4.9589960869203225,56901,2.390856856645753,2.905325969666614,11230.0,20805.0,33970.0,50559.0,-2.8931054248258143,-2.739545183933689,-2.9199285430315394,-3.00212611402596,0.8954972683016926,0.35500577817137824,-0.3846377039629707,-0.20028251346173676,0.8612329706633753,0,0,1.2870776568877917,1.2221911927150817,1.4073970642383606
ECU,2020,61144,8681,18181,88868,2035,2.9322152786863795,-9.644696463541067,-3.02232852978384,1.5964718571364271,-4.941268796068796,-1.3682978869553841,-4.974090657758323,-4.34143721467466,-3.209924089661071,-4.1105793611793615,28897,-4.515236183686888,-5.146902688860435,61144,-1.3682978869553841,2.9322152786863795,4875.0,16105.0,4243.0,38213.0,-6.197080493069953,-9.090185917895766,-3.7591547436011368,-6.679083286632676,-0.18790660194011277,0.7075906663615799,0.026889309019765495,-0.3577483949432052,1.3599276769211204,0,1,1.4533092256403735,1.4184318402218494,1.4728106134072831
ECU,2024,27860,10402,9114,40753,1291,3.0022033740129217,-9.846348586810228,-2.8471664472240508,1.0417741025200598,-4.868555383423703,-1.6112171572146448,-7.245744760622957,-5.20078077682686,-3.8929930066498173,-5.124,20807,-6.218351372134378,-6.471672898543759,27860,-1.6112171572146448,3.0022033740129217,-8090.0,-3215.0,-33284.0,-29041.0,-1.70311518844749,-7.9001956815174434,-0.24291927025926063,-4.002074013860398,-1.324770209683324,-1.5126768116234368,0.06998809532654215,0.09687740434630765,0.5323502054082677,0,0,1.1774500684694225,-0.12096804467451121,0.9596773184418296
EGY,2000,141912,12004,22620,101656,2637,3.2366074468684816,-9.837895368210598,-3.037216887709991,1.688174864248052,-5.175486537732271,5.615922529454873,3.446508497167611,5.287089301503095,5.3414122826001424,5.303486537732272,37261,4.695288424894662,-5.379450363651004,141912,5.615922529454873,3.2366074468684816,,,,,,,,,,,,,-0.8836507047657575,0,0,0.7054497650780809,-1.0570752469444165,0.6476415843518613
EGY,2005,148990,14318,22595,112029,3099,3.203580622860595,-9.800883782651209,-3.0259548130117278,1.5932023226128946,-5.3137253952888015,5.540638895227867,3.934062369045956,5.324182828059305,5.389595113765186,5.205032591158438,40012,4.8175100469859045,-5.627505198440468,148990,5.540638895227867,3.203580622860595,2751.0,,7078.0,,0.12222162209124221,,-0.07528363422700579,,-0.248054834789464,,-0.03302682400788637,,-0.8710723128148863,0,0,0.709642562395038,-1.029416817336014,0.6568610608879952
EGY,2010,274638,48781,63516,280080,7608,3.2815195675762276,-9.776385887948177,-3.018196501668871,1.3537634497286488,-5.249601340694006,5.589564546785223,3.8167571595498253,4.988705538761886,5.21404069194516,4.726731466876972,119905,4.495298986697802,-5.9092165964722065,274638,5.589564546785223,3.2815195675762276,79893.0,82644.0,125648.0,132726.0,-0.32221106028810276,-0.19998943819686055,0.04892565155735529,-0.026357982669650504,-0.2817113980317387,-0.5297662328212027,0.07793894471563245,0.044912120707746084,-0.5057777042612885,0,0,0.8314074319129038,-0.5384269383537376,0.8205243538820874
EGY,2015,828518,294769,313301,1273340,42727,3.0968217685071413,-9.837805895463905,-2.8707514754182077,0.4739311354390815,-5.283144966882768,2.968394290769784,1.026357795426249,2.318215055170587,2.480950239527542,2.329135722142907,650797,1.7338041478371906,-6.184758763485387,828518,2.968394290769784,3.0968217685071413,530892.0,610785.0,553880.0,679528.0,-2.761494838860611,-3.083705899148714,-2.621170256015439,-2.5722446044580836,-0.2755421670131808,-0.5572535650449195,-0.18469779906908634,-0.10675885435345389,1.9216187550560062,1,0,1.6405395850186686,1.6259487315391639,1.5419829105130547
EGY,2020,653298,163582,185157,806067,23107,3.1637741735012197,-9.82606152266142,-2.832108421501753,1.0929685472795685,-5.221262561128663,-1.1140974930276843,-6.071843796994779,-4.074830273767667,-2.8735277340469216,-4.3925317436274725,371846,-4.973096206494086,-6.057344193564003,653298,-1.1140974930276843,3.1637741735012197,-278951.0,251941.0,-175220.0,378660.0,-6.706900354331276,-9.468395193191888,-4.082491783797468,-6.703662039812907,0.12741456992138467,-0.14812759709179613,0.0669524049940784,-0.11774539407500795,0.6461716401568955,0,0,1.2153905467189652,0.9412482460935183,1.3137494153645062
EGY,2024,427197,69200,79705,413852,14411,3.1873746163947776,-9.789462225433526,-2.9645985446333354,1.921405719919198,-5.120935951703559,-0.8270621750620908,-5.000540809248555,-3.7369419107960606,-2.204933845915931,-4.533044618694054,163316,-4.342600143280511,-6.0466942675549245,427197,-0.8270621750620908,3.1873746163947776,-208530.0,-487481.0,-226101.0,-401321.0,0.6304960632135748,-6.076404291117702,0.28703531796559356,-3.7954564658318746,0.010649926009078214,0.13806449593046288,0.023600442893557894,0.09055284788763629,-0.3072896733709698,0,0,0.8975701088763434,0.05772202500148587,1.0192406750004952
ERI,2000,18864,4992,5677,17501,472,3.4840695504664976,-9.888426482371797,-2.8510442134930423,1.9600648534369465,-5.4655550847457635,5.737206636980493,4.035811298076923,4.995458692971639,5.3662607279584025,4.818205508474577,11141,4.557955479759447,-6.115083475451037,18864,5.737206636980493,3.4840695504664976,,,,,,,,,,,,,-0.30130212924392363,0,0,0.8995659569186921,-0.3796752399102569,0.873441586696581
ERI,2005,13242,1386,3242,12068,328,3.3570682676332884,-9.87128427128427,-2.9719602097470696,1.6233069274113356,-5.098871951219512,6.030334843679202,4.961597402597402,5.52499814929056,5.614057093138879,5.675807926829268,4956,5.377417877320419,-5.042196327683616,13242,6.030334843679202,3.3570682676332884,-6185.0,,-5622.0,,0.8194623975609723,,0.2931282066987091,,1.0728871477674211,,-0.12700128283320922,,-1.5685946619699813,0,0,0.47713511267667286,-0.8121465437750771,0.7292844854083076
ERI,2010,17157,3696,7075,17958,771,3.315768082998193,-9.82455221861472,-2.774491731448763,1.2860251698407394,-5.139217898832684,6.218297196479571,4.152396915584416,5.103568197879859,5.5787544269963245,5.245476005188067,11542,4.808461791717207,-5.1900373418818235,17157,6.218297196479571,3.315768082998193,6586.0,401.0,3915.0,-1707.0,-0.5689560856032125,0.25050631195775974,0.1879623528003691,0.4810905594990782,-0.1478410141982076,0.9250461335692135,-0.04130018463509533,-0.16830146746830454,-0.21913813480202404,0,0,0.926953955065992,-0.5109858972736948,0.829671367575435
ERI,2015,23577,5678,7060,29569,785,2.906798744539169,-9.724772983444876,-2.8192151558073655,1.3418625587608644,-5.082182165605095,1.451686601348772,-1.5689246213455443,0.6951943342776205,0.9614621394027529,0.9986675159235671,13523,-0.23784130740220372,-5.850065296162096,23577,1.451686601348772,2.906798744539169,1981.0,8567.0,6420.0,10335.0,-5.04630309911941,-5.615259184722623,-4.766610595130799,-4.57864824233043,-0.6600279542802721,-0.8078689684784797,-0.40896933845902383,-0.45026952309411916,0.1867642916054651,0,0,1.0622547638684883,-0.01712859189978071,0.9942904693667398
ERI,2020,52067,8998,11136,50267,1425,3.3662109205446824,-9.788814736608137,-2.83919998204023,1.495149461873595,-4.929611929824562,-1.0706479151862025,-5.3638177372749505,-4.343192438936781,-2.9160429506435634,-5.597663859649123,21559,-4.8520846978060215,-5.877906350016235,52067,-1.0706479151862025,3.3662109205446824,8036.0,10017.0,28490.0,34910.0,-4.614243390403818,-9.660546489523227,-2.5223345165349746,-7.2889451116657735,-0.027841053854139375,-0.6878690081344114,0.4594121760055132,0.05044283754648937,1.8333225443114634,1,0,1.6111075147704876,2.174459356714365,1.724819785571455
ERI,2024,17891,6572,5837,22657,539,3.1220066513889666,-9.776327754108339,-3.0013909542573245,1.548502052345853,-5.132831168831169,-1.2623452014979597,-6.332196895922094,-5.1353830734966595,-3.750125833075871,-5.460638218923934,12948,-5.756388090824838,-6.528864766759345,17891,-1.2623452014979597,3.1220066513889666,-8611.0,-575.0,-34176.0,-5686.0,-0.9043033930188162,-5.518546783422634,-0.1916972863117572,-2.7140318028467316,-0.6509584167431104,-0.6787994705972498,-0.2442042691557158,0.2152079068497974,0.06894809009900055,0,0,1.022982696699667,-0.4545230838555558,0.8484923053814815
ESP,2000,3837,719,1002,4419,104,3.2990794891842583,-9.816346314325452,-2.8551636726546903,1.5588424983027835,-5.399971153846154,6.012979410998175,4.525599443671767,4.957482035928144,5.252908350305499,5.318269230769231,1825,4.807892054794521,-5.742698082191781,3837,6.012979410998175,3.2990794891842583,,,,,,,,,,,,,-0.9795722870045281,0,0,0.6734759043318239,-0.995838488608219,0.6680538371305937
ESP,2005,4090,1028,741,4857,118,3.1743853300733496,-9.810800583657588,-3.0699271255060725,2.3303568046119003,-5.3017711864406785,5.91579511002445,4.3119406614786,4.967218623481782,5.366246242536545,4.5710254237288135,1887,4.585461049284579,-6.881784843667196,4090,5.91579511002445,3.1743853300733496,62.0,,253.0,,-0.2224310055099421,,-0.09718430097372455,,-1.139086761475415,,-0.12469415911090875,,-0.9746870981695747,0,0,0.6751043006101418,-0.98215872003931,0.6726137599868967
ESP,2010,11300,3784,2538,16881,345,3.236254424778761,-9.820716437632136,-2.742065011820331,1.2236334340382677,-5.034547826086956,5.487380353982301,3.7689114693446086,4.523622537431048,4.366228955630591,5.698947826086957,6667,4.156089995500225,-6.8783367331633425,11300,5.487380353982301,3.236254424778761,4780.0,4842.0,7210.0,7463.0,-0.4293710537843536,-0.6518020592942957,-0.42841475604214896,-0.5255990570158735,0.0034481105038537407,-1.1356386509715612,0.06186909470541124,-0.06282506440549751,-0.598054797668323,0,0,0.8006484007772257,-0.5923123509411556,0.8025625496862815
ESP,2015,33015,10782,7774,40127,958,2.9371133727093746,-9.83499693934335,-2.8834580653460247,1.1574903182395893,-5.063471816283926,2.1696170528547634,-0.38634770914487065,0.7130306148700796,1.214536471702345,0.7258559498956155,19514,0.10622471046428222,-6.831390078917701,33015,2.1696170528547634,2.9371133727093746,12847.0,17627.0,21715.0,28925.0,-4.049865285035943,-4.4792363388202965,-3.317763301127538,-3.7461780571696868,0.04694665424564182,0.05039476474949556,-0.29914105206938624,-0.237271957363975,0.4142036049550203,0,0,1.13806786831834,0.5818227260306089,1.1939409086768697
ESP,2020,55990,19209,16385,80191,2366,2.8960610287551347,-9.797641886615649,-2.8665414708574914,0.9942586200446435,-4.94712383770076,-1.9952481693159494,-5.256395023166224,-4.4018451022276475,-3.7082082278559936,-4.401193575655114,37960,-4.8342346680716535,-6.503584826132771,55990,-1.9952481693159494,2.8960610287551347,18446.0,31293.0,22975.0,44690.0,-4.940459378535936,-8.99032466357188,-4.164865222170713,-7.482628523298251,0.32780525278492956,0.3747519070305714,-0.041052343954239845,-0.3401933960236261,1.8676260767219848,1,0,1.622542025573995,1.8240862946894296,1.6080287648964764
ESP,2024,25295,8099,8703,38917,888,2.8816751531923304,-9.784402518829486,-2.820446627599678,0.8089664670966416,-4.871597972972974,-1.1800122158529356,-5.627385479688851,-4.041588532689878,-3.3451978055862477,-4.251752252252253,17690,-4.778162577727531,-6.111712945166762,25295,-1.1800122158529356,2.8816751531923304,-20270.0,-1824.0,-30695.0,-7720.0,0.05607209034412275,-4.884387288191813,0.8152359534630138,-3.349629268707699,0.39187188096600956,0.7196771337509391,-0.014385875562804351,-0.055438219517044196,0.27048450116542133,0,0,1.0901615003884737,0.1644005388686461,1.054800179622882
ETH,2000,29411,7181,7662,29530,772,3.3010256366665534,-9.854019356635565,-2.8443752283998958,1.9105641720284459,-5.478022020725388,5.609830607595797,3.912334633059462,4.950417515009136,5.244743989163561,4.805296632124353,15615,4.465850976625039,-6.198165161703489,29411,5.609830607595797,3.3010256366665534,,,,,,,,,,,,,-1.1727721683638983,0,0,0.6090759438787006,-1.0773160459588522,0.6408946513470493
ETH,2005,35135,5473,8227,37006,943,3.3120344385939946,-9.85769596199525,-2.9999133341436734,1.700611387342593,-5.179760339342523,6.069573274512594,3.9345015530787504,5.330961346784977,5.691520645300762,5.459279957582184,14643,4.817281089940586,-5.7034740831796755,35135,6.069573274512594,3.3120344385939946,-972.0,,5724.0,,0.35143011331554685,,0.45974266691679677,,0.49469107852381367,,0.011008801927441247,,-1.2007735082717763,0,0,0.5997421639094078,-1.0055680946273013,0.6648106351242329
ETH,2010,70993,24868,20931,92870,2974,3.3271221247165212,-9.83137196396976,-2.923912856528594,2.042008991062776,-5.426314391392065,5.989868085585902,3.781567596911694,5.0188976637523295,5.490823333692257,4.707851714862139,48773,4.369050929817727,-6.598422016279499,70993,5.989868085585902,3.3271221247165212,34130.0,33158.0,35858.0,41582.0,-0.44823016012285866,-0.0968000468073118,-0.07970518892669176,0.380037477990105,-0.8949479330998233,-0.4002568545760097,0.015087686122526645,0.026096488049967892,-0.21755773558054928,0,0,0.9274807548064836,-0.5561030284416354,0.8146323238527882
ETH,2015,160325,27269,31635,169466,4009,3.2370364946203023,-9.787209908687519,-2.8811192666350562,1.8634910896581025,-5.090946121227239,2.608723449243724,0.40853720341780064,1.1630755176228862,2.032072451111137,0.9828648041905711,62913,0.8245450065964112,-6.015310635321793,160325,2.608723449243724,3.2370364946203023,14140.0,48270.0,89332.0,125190.0,-3.5445059232213163,-3.992736083344175,-3.3811446363421784,-3.46084982526887,0.583111380957706,-0.31183655214211736,-0.09008563009621895,-0.0749979439736923,0.18978685937561687,0,0,1.063262286458539,0.5636363126397944,1.1878787708799314
ETH,2020,255887,47457,54511,279631,7449,3.170846936342995,-9.830650272878605,-2.893332299902772,1.7116935032238914,-5.10972439253591,-0.7782191357904076,-5.250093073729904,-3.6911306341839265,-2.3290877513580397,-4.187822392267418,109417,-4.401107487867517,-6.053117376641654,255887,-0.7782191357904076,3.170846936342995,46504.0,60644.0,95562.0,184894.0,-5.225652494463928,-8.770158417685245,-3.3869425850341317,-6.76808722137631,-0.03780674131986128,0.5453046396378447,-0.0661895582773071,-0.15627518837352605,1.5294723645977915,1,0,1.5098241215325972,1.761466103895152,1.5871553679650505
ETH,2024,140400,41809,38954,170017,5826,3.324944693732194,-9.819716926977444,-2.9041841402680086,1.9163480946023046,-5.152234637830416,-0.9971266524216524,-5.670570834030951,-4.154471864250141,-2.704158948811001,-4.894432200480604,86589,-4.936298548314451,-6.394565741606901,140400,-0.9971266524216524,3.324944693732194,-22828.0,23676.0,-115487.0,-19925.0,-0.5351910604469339,-5.760843554910862,-0.21890751663124486,-3.6058501016653763,-0.3414483649652471,-0.3792551062851084,0.15409775738919862,0.08790819911189152,0.8718441882428155,0,0,1.2906147294142718,0.3138847524928427,1.1046282508309475
FRA,2000,166963,19023,35812,174590,4405,3.169009175685631,-9.800330389528465,-3.0346209371160504,1.4999113809496534,-5.21977866061294,5.558735743847439,4.050877674394155,5.084655925388138,5.1529294633140506,5.0482286038592505,59240,4.7499829675894665,-5.369693703578664,166963,5.558735743847439,3.169009175685631,,,,,,,,,,,,,-1.0817188279525358,0,0,0.6394270573491547,-1.0890302467450743,0.6369899177516418
FRA,2005,165868,23861,44164,194915,6167,3.0711197759664315,-9.810788944302418,-3.075605470518975,1.3492920555113768,-5.3324139776228305,5.612767851544603,4.128318511378399,5.196931618512816,5.219004771310572,4.912518242257176,74192,4.829612303213285,-5.429308712529653,165868,5.612767851544603,3.0711197759664315,14952.0,,-1095.0,,0.07962933562381824,,0.05403210769716349,,-0.05961500895098926,,-0.09788939971919941,,-1.0311953567046415,0,0,0.6562682144317862,-1.0912171640873687,0.6362609453042105
FRA,2010,453173,78277,135583,609843,19311,3.1186893062914165,-9.792650523142173,-2.904061423629806,1.497648416067742,-5.205745119362022,5.659486752299894,4.224639498192317,4.934344438462048,5.180697531987742,4.8264723214748075,233171,4.687158072830669,-5.407228210197666,453173,5.659486752299894,3.1186893062914165,158979.0,173931.0,287305.0,286210.0,-0.14245423038261595,-0.06282489475879771,0.04671890075529106,0.10075100845245455,0.02208050233198655,-0.037534506619002705,0.04756953032498501,-0.0503198693942144,-0.4939982636388991,0,0,0.835333912120367,-0.5174159887194367,0.8275280037601878
FRA,2015,1205928,316763,354222,1539331,58158,3.055328274158988,-9.821185018452281,-2.8550776688065675,1.5289439204433615,-5.335294920733175,2.232713365142861,0.32163258650789395,1.387462032284838,1.7139594018440478,0.5434364661783417,729143,0.8571104118122232,-6.079204537381557,1205928,2.232713365142861,3.055328274158988,495972.0,654951.0,752755.0,1040060.0,-3.8300476610184457,-3.9725018914010617,-3.426773387157033,-3.380054486401742,-0.6719763271838906,-0.649895824851904,-0.06336103213242872,-0.01579150180744371,1.1819131249218695,0,1,1.3939710416406232,0.985974845982666,1.328658281994222
FRA,2020,1480080,318142,422114,1875256,70465,3.1143277113399277,-9.829291687359733,-2.876888854669591,1.547181504818542,-5.270700957922372,-0.8382987602021511,-4.513489718427621,-2.9933771800982676,-2.130370921623501,-3.85894739232243,810721,-3.66512991399014,-5.813202718321099,1480080,-0.8382987602021511,3.1143277113399277,81578.0,577550.0,274152.0,1026907.0,-4.522240325802363,-8.352287986820809,-3.071012125345012,-6.497785512502045,0.26600181906045783,-0.4059745081234327,0.05899943718093992,-0.004361594951488801,1.4575688055974123,0,1,1.4858562685324708,1.5335070498408283,1.5111690166136094
FRA,2024,801462,129765,208880,945842,31082,3.059269370225912,-9.80093798019497,-2.8796913443125245,1.5567190947325242,-5.158591242519787,-0.3392141374138761,-4.023369961083497,-2.7077312236690925,-1.7700484636968965,-3.509312174248761,369727,-3.236874618299449,-5.500458386863822,801462,-0.3392141374138761,3.059269370225912,-440994.0,-359416.0,-678618.0,-404466.0,0.4282552956906911,-4.093985030111672,0.499084622788275,-2.5719275025567367,0.3127443314572771,0.5787461505177349,-0.05505834111401553,0.003941096066924388,-0.032569482223205666,0,0,0.9891435059255981,0.17818150372838587,1.0593938345761287
GBR,2000,5393,385,672,3611,60,3.085586501019841,-9.879503896103897,-3.1773110119047616,2.0630753253946277,-5.19005,5.243055813091043,4.312205194805195,5.217252976190475,5.230713652727776,5.0894666666666675,1117,4.898443151298119,-5.595492390331245,5393,5.243055813091043,3.085586501019841,,,,,,,,,,,,,-0.9281199517797522,0,0,0.6906266827400827,-1.0863047452139836,0.6378984182620056
GBR,2005,5755,235,537,3634,76,3.0148319721980887,-9.808493617021277,-3.0353910614525144,1.8636543753439734,-5.110434210526316,5.651836142484797,4.4334127659574465,4.923117318435754,5.419519812878371,4.439092105263159,848,4.744029481132076,-5.098341981132076,5755,5.651836142484797,3.0148319721980887,-269.0,,362.0,,-0.15441367016604346,,0.4087803293937533,,0.4971504091991692,,-0.07075452882175215,,-1.0598109937289846,0,0,0.6467296687570052,-0.9720620731273728,0.6759793089575423
GBR,2010,6661,861,1611,8351,186,3.07293634589401,-9.817415795586527,-2.6489664804469277,1.153350137708059,-4.9667311827957,5.507868338087374,4.337558652729384,5.024472998137802,4.8095176625553835,4.566483870967742,2658,4.769913468773513,-5.133217456734387,6661,5.507868338087374,3.07293634589401,1810.0,1541.0,906.0,1268.0,0.0258839876414374,-0.12852968252460606,-0.1439678043974224,0.2648125249963309,-0.034875475602311745,0.46227493359685745,0.058104373695921474,-0.012650155125830675,-0.17371141778805213,0,0,0.9420961940706493,-0.6861398054188939,0.7712867315270354
GBR,2015,10842,1009,1784,10452,299,3.5015323741007194,-9.870555004955401,-2.9402455156950675,1.9493701683888254,-4.83466889632107,3.4088231876037627,1.673488602576809,2.103147421524664,2.6956745120551093,1.2917090301003342,3092,1.8844715394566625,-5.384978654592497,10842,3.4088231876037627,3.5015323741007194,434.0,2244.0,4181.0,5087.0,-2.8854419293168507,-2.8595579416754133,-2.0990451504836116,-2.243012954881034,-0.2517611978581096,-0.2866366734604213,0.42859602820670917,0.48670040190263064,0.03875665732706649,0,0,1.0129188857756888,0.6333314984322657,1.2111104994774218
GBR,2020,14152,2418,4183,19084,480,3.241499646693047,-9.770565756823821,-2.836187664355726,1.2450562251100397,-5.149966666666667,-0.6298312605992086,-4.4587315963606295,-3.5392562754004304,-2.373022584363865,-3.040752083333333,7081,-3.819444005084028,-5.360963846914277,14152,-0.6298312605992086,3.241499646693047,3989.0,4423.0,3310.0,7491.0,-5.70391554454069,-8.589357473857541,-4.038654448202971,-6.1376995986865825,0.02401480767821962,-0.22774639017988996,-0.2600327274076726,0.1685633007990366,1.9916026288344586,1,0,1.6638675429448195,1.677926096793265,1.5593086989310883
GBR,2024,10208,787,2223,11017,271,3.252935932601881,-9.775162642947903,-2.8415420602789023,1.8167059090496507,-4.860464944649446,0.536282131661442,-3.207299872935197,-2.839290598290598,-1.283676318416992,-2.440837638376384,3281,-2.894652544955806,-4.671437671441633,10208,0.536282131661442,3.252935932601881,-3800.0,189.0,-3944.0,-634.0,0.9247914601282221,-4.7791240844124685,1.1661133922606506,-2.8725410559423206,0.6895261754726443,0.7135409831508639,0.011436285908834165,-0.24859644149883842,0.1312830771352633,0,0,1.0437610257117544,0.4332490285347208,1.144416342844907
GHA,2000,12243,1270,2634,13011,315,2.991599281221923,-9.800088188976376,-3.0381552771450266,1.749056183229575,-4.812993650793651,6.151537286612759,4.632766929133859,5.8512160212604405,6.117079548074706,5.729447619047619,4219,5.475347949751127,-5.206140317610807,12243,6.151537286612759,2.991599281221923,,,,,,,,,,,,,-1.089720469879564,0,0,0.6367598433734787,-1.1113781178838955,0.6295406273720348
GHA,2005,35115,3345,9591,50306,1303,3.0155107219137123,-9.76190971599402,-3.0116903346887707,1.830759571422892,-4.8180360706062935,6.578705481987755,4.96736980568012,5.9965230945678245,6.474123205979406,6.1787751343054484,14239,5.771434019242925,-4.76273691972751,35115,6.578705481987755,3.0155107219137123,10020.0,,22872.0,,0.29608606949179794,,0.4271681953749962,,0.44340339788329786,,0.0239114406917893,,-0.982973907608027,0,0,0.6723420307973242,-0.9880142163916037,0.6706619278694654
GHA,2010,102639,12003,31533,174993,4749,2.9833865294868422,-9.77008764475548,-2.9848097548599877,1.6100553622144886,-4.813666666666667,6.957962908835823,4.883204198950263,6.2120865759680335,6.692874629270885,6.381579911560328,48285,5.898414600807705,-4.851412881847365,102639,6.957962908835823,2.9833865294868422,34046.0,44066.0,67524.0,90396.0,0.12698058156477998,0.4230666510565779,0.37925742684806796,0.8064256222230641,-0.08867596211985518,0.3547274357634427,-0.032124192426870035,-0.008212751735080737,-0.62026996957442,0,0,0.7932433434751933,-0.6238123938852417,0.7920625353715861
GHA,2015,290280,33383,98268,490037,12935,2.982649958660604,-9.779235299403888,-2.9314940570684254,1.5627997824654056,-4.833391032083495,3.740228910017914,1.2074859958661595,2.6310045080799447,3.2711749031195603,2.640981213761113,144586,2.303225402182784,-4.682695302449754,290280,3.740228910017914,2.982649958660604,96301.0,130347.0,187641.0,255165.0,-3.595189198624921,-3.468208617060141,-3.217733998817909,-2.838476571969841,0.16871757939761078,0.0800416172777556,-0.0007365708262381254,-0.03286076325310816,0.4056582433308961,0,0,1.135219414443632,0.3882602643831707,1.1294200881277237
GHA,2020,529539,66996,177310,849840,24331,3.027946874545595,-9.768252910621529,-2.9200004963059047,1.6518325437729455,-4.843842382146233,0.4915588521336484,-4.0484696847573,-1.9919696576617225,-0.8147257860303115,-2.5763382105133372,268637,-2.5577723842955367,-4.8021482111548295,529539,0.4915588521336484,3.027946874545595,124051.0,220352.0,239259.0,426900.0,-4.86099778647832,-8.45618698510324,-3.2486700578842655,-6.466404056702174,-0.11945290870507552,0.04926467069253526,0.04529691588499096,0.04456034505875284,1.7272169056409175,1,0,1.5757389685469725,1.6787431127193129,1.5595810375731043
GHA,2024,339957,35519,108470,526463,15093,3.029442558911862,-9.810677552859033,-2.905347616852586,1.7174497220127531,-4.776561783608295,1.0927759187191322,-4.0590682733185055,-1.9240567530192678,-0.5132809447197618,-2.613517127145034,159082,-2.4661639657535104,-4.6246662664537785,339957,1.0927759187191322,3.029442558911862,-109555.0,14496.0,-189582.0,49677.0,0.09160841854202628,-4.769389367936294,0.6012170665854837,-2.647452991298782,0.17748194470105094,0.05802903599597542,0.0014956843662670138,0.046792600251257976,0.5600891980901973,0,0,1.1866963993633992,0.6562013510582573,1.2187337836860856
GRC,2000,60143,6092,12402,53965,1449,3.2359596461766125,-9.82507862770847,-3.0696697306885983,1.6120556842397848,-5.209334713595583,5.408416407561977,3.757580925804333,5.018635220125787,5.040062429352358,4.693140096618358,19943,4.609770696484983,-5.288710274281702,60143,5.408416407561977,3.2359596461766125,,,,,,,,,,,,,-0.9990759997618054,0,0,0.6669746667460649,-0.9360933026356859,0.6879688991214381
GRC,2005,37190,4127,7947,38463,973,3.19694178542619,-9.841290283498909,-3.10706102931924,1.1786378857603412,-5.182031860226105,5.557589056197903,3.7113179064695903,5.079257203976343,4.943664352754595,4.886511819116135,13047,4.63217919828313,-5.3919625967655405,37190,5.557589056197903,3.19694178542619,-6896.0,,-22953.0,,0.022408501798147462,,0.14917264863592639,,-0.1032523224838382,,-0.03901786075042235,,-1.0925046092777189,0,0,0.635831796907427,-1.0774320374770723,0.6408559875076425
GRC,2010,92809,21436,24494,130495,4117,3.0975945759570735,-9.832357342787834,-3.0314859965705883,1.2984432966780337,-5.315963808598494,5.66071794761284,3.5755594327299876,4.949798644566016,5.081346212498563,4.538675006072382,50047,4.327367974104342,-6.132344656023338,92809,5.66071794761284,3.0975945759570735,37000.0,30104.0,55619.0,32666.0,-0.30481122417878836,-0.2824027223806409,0.10312889141493642,0.2523015400508628,-0.7403820592577972,-0.8436343817416354,-0.09934720946911657,-0.13836507021953892,-0.5912200164574175,0,0,0.8029266611808609,-0.7349443847457053,0.7550185384180982
GRC,2015,390483,56498,112941,569206,19409,3.0509962917719853,-9.775152837268575,-3.159666870312818,1.8970022557738324,-4.926385645834406,1.6934165431017483,0.462875871712273,1.1274991367174012,1.518461377778871,1.0892243289195735,188848,0.9247288613064475,-5.320409747521817,390483,1.6934165431017483,3.0509962917719853,138801.0,175801.0,297674.0,353293.0,-3.4026391127978943,-3.7074503369766827,-3.9673014045110913,-3.864172513096155,0.8119349085015211,0.07155284924372385,-0.04659828418508827,-0.14594549365420484,1.2892881664628701,0,1,1.4297627221542901,1.0980563800856817,1.366018793361894
GRC,2020,452358,69447,108019,549038,15068,2.9451264529421386,-9.75514762336746,-2.9940599987039316,1.561517370382378,-4.986754579240776,-1.1239874347308991,-4.879077656342246,-3.2422608429998423,-2.473474863306365,-3.9679707326785243,192534,-3.8894556961367863,-5.588735090944975,452358,-1.1239874347308991,2.9451264529421386,3686.0,142487.0,61875.0,359549.0,-4.814184557443234,-8.216823670241128,-2.8174039778326474,-6.784705382343739,-0.2683253434231583,0.5436095650783628,-0.10586983882984669,-0.15246812301493495,1.339226950493563,0,1,1.4464089834978544,1.4790668893137031,1.493022296437901
GRC,2024,239988,40250,50544,264236,6898,2.928785493441339,-9.819781888198758,-2.8965078545425764,1.6082526869919314,-4.941774862278921,0.12086141390402853,-4.294595329192546,-2.788014284583729,-1.5619996253349275,-3.3421238040011594,97692,-3.4478649838267206,-5.8933758854358596,239988,0.12086141390402853,2.928785493441339,-94842.0,-91156.0,-212370.0,-150495.0,0.44159071231006575,-4.372593845133168,1.2448488486349276,-1.5725551291977198,-0.30464079449088466,-0.5729661379140429,-0.016340959500799723,-0.12221079833064641,0.054285508540508336,0,0,1.0180951695135028,0.17134645545907815,1.057115485153026
GTM,2000,8375,1840,2203,9277,231,3.4716650746268662,-9.709585326086957,-2.829930095324557,1.419655923251051,-5.368692640692641,6.051180417910448,4.357664130434783,5.316883340898775,5.45794049800582,5.349883116883118,4274,4.9057133832475435,-5.928905240992045,8375,6.051180417910448,3.4716650746268662,,,,,,,,,,,,,-0.9517345230960693,0,0,0.6827551589679769,-0.8970490385251066,0.7009836538249645
GTM,2005,4843,1823,1622,6467,165,2.9593623786908942,-9.810334064728469,-2.761327990135635,1.030731250966445,-5.047272727272727,5.844928556679744,3.9442654964344492,5.074446979038225,5.156663831761249,5.015242424242424,3610,4.501014958448754,-6.425460664819944,4843,5.844928556679744,2.9593623786908942,-664.0,,-3532.0,,-0.4046984247987897,,-0.2062518612307036,,-0.49655542382789886,,-0.512302695935972,,-1.0004981114548632,0,0,0.6665006295150455,-1.0343826166938062,0.655205794435398
GTM,2010,13837,5089,3577,21340,415,3.214520416275204,-9.858212222440558,-2.7352641878669273,1.1551489222118088,-5.242703614457831,5.420695237406953,3.778023383768914,4.547390550740844,4.371309793814433,4.686742168674699,9081,4.12260488932937,-6.841559740116728,13837,5.420695237406953,3.214520416275204,5471.0,4807.0,8994.0,5462.0,-0.3784100691193837,-0.7831084939181734,-0.4242333192727914,-0.630485180503495,-0.4160990752967839,-0.9126544991246828,0.25515803758430966,-0.25714465835166234,-0.5987125814684752,0,0,0.8004291395105083,-0.684671913961846,0.7717760286793847
GTM,2015,47169,13396,13322,62490,1195,2.8367075621700697,-9.813115332935206,-2.8059077465845967,0.947963546167387,-5.075704602510461,2.0621644300281963,0.1848334577485813,-0.06397913226242347,0.7556417986877898,-0.024977405857740168,27913,0.057100669938737865,-6.265978683767422,47169,2.0621644300281963,2.8367075621700697,18832.0,24303.0,33332.0,42326.0,-4.065504219390633,-4.443914288510016,-3.3585308073787568,-3.782764126651548,0.5755810563493062,0.15948198105252231,-0.3778128541051342,-0.12265481652082455,0.7842932859604516,0,0,1.2614310953201504,0.6113651266720984,1.2037883755573662
GTM,2020,77746,18315,20359,101630,2610,2.942204370642863,-9.74808768768769,-2.880678569674345,1.0579783233297255,-5.010314176245211,-1.7711802407840915,-4.98666126126126,-4.369940173878875,-3.571741355898849,-4.192147126436782,41284,-4.6322986386978,-6.061933945354133,77746,-1.7711802407840915,2.942204370642863,13371.0,32203.0,30577.0,63909.0,-4.6893993086365375,-8.754903528027171,-3.833344670812288,-7.191875478191045,0.2040447384132884,0.7796257947625946,0.10549680847279319,-0.272316045632341,1.7662480147939361,1,0,1.5887493382646454,1.800280421027796,1.600093473675932
GTM,2024,36704,6947,9257,42877,1035,2.67189739537925,-9.723134014682596,-2.8068386086205033,1.0707808615341559,-4.9397961352657,-1.6033019834350482,-5.780681733122211,-4.810326347628822,-3.4612981785106234,-4.532555555555556,17239,-5.1846848425082666,-5.722037589187307,36704,-1.6033019834350482,2.67189739537925,-24045.0,-10674.0,-41042.0,-10465.0,-0.5523862038104665,-5.241785512447004,0.16787825734904338,-3.6654664134632444,0.33989635616682623,0.5439410945801146,-0.2703069752636127,-0.1648101667908195,0.0004039152650201305,0,0,1.0001346384216734,0.20445802148086392,1.0681526738269547
GUY,2000,1671,236,411,1865,46,3.413450029922202,-9.896088983050847,-2.919574209245742,1.0322101876675605,-5.31291304347826,6.045989228007182,4.112754237288136,5.273839416058394,5.4656589812332435,5.092260869565218,693,4.866380952380952,-5.454279942279942,1671,6.045989228007182,3.413450029922202,,,,,,,,,,,,,-0.9900644539847704,0,0,0.6699785153384099,-0.9712724389696906,0.6762425203434365
GUY,2005,2698,885,887,3541,94,3.2704614529280946,-9.85897966101695,-2.7955918827508457,1.2310954532617906,-4.8852553191489365,5.591492957746478,3.221089265536723,5.13023337091319,5.195882801468511,5.232744680851064,1866,4.229935155412647,-6.250857984994641,2698,5.591492957746478,3.2704614529280946,1173.0,,1027.0,,-0.6364457969683048,,-0.4544962702607034,,-0.7965780427146996,,-0.1429885769941075,,-0.9079712208657221,0,0,0.6973429263780926,-0.9367075435660498,0.68776415214465
GUY,2010,9332,2496,2796,13809,289,3.0684287398199745,-9.841006009615386,-2.830233190271817,1.0691640958794988,-5.254833910034602,5.612201885983713,3.616270833333333,4.752072961373391,5.079730682887972,4.485121107266436,5581,4.230282745027774,-6.0912255868124,9332,5.612201885983713,3.0684287398199745,3715.0,4888.0,6634.0,7661.0,0.0003475896151261537,-0.6360982073531787,0.02070892823723458,-0.4337873420234688,0.15963239818224118,-0.6369456445324584,-0.2020327131081201,-0.3450212901022276,-0.6479743231357442,0,0,0.784008558954752,-0.7134324548535338,0.7621891817154888
GUY,2015,36959,7433,11510,53024,1041,2.944288454774209,-9.821903000134533,-2.98198158123371,1.3176902911888955,-5.051345821325648,1.5146671176168187,-0.8065054486748287,-0.04156672458731546,0.682649536059143,0.3163976945244958,19984,-0.3074368494795838,-5.6338702962369895,36959,1.5146671176168187,2.944288454774209,14403.0,18118.0,27627.0,34261.0,-4.537719594507357,-4.537372004892231,-4.097534768366894,-4.0768258401296595,0.4573552905754106,0.6169876887576518,-0.12414028504576535,-0.32617299815388545,0.3600298001495515,0,0,1.1200099333831839,0.2163867908294145,1.0721289302764716
GUY,2020,84226,14973,24753,123448,2057,2.9586683565644813,-9.83509543845589,-3.0562850563568054,1.345493292722442,-4.921984929508993,-0.5752755206230855,-5.328551392506513,-2.782658223245667,-1.7532478047436977,-3.00457656781721,41783,-3.7059079769284153,-5.5773312351913455,84226,-0.5752755206230855,2.9586683565644813,21799.0,36202.0,47267.0,74894.0,-3.3984711274488317,-7.936190721956189,-2.0899426382399042,-6.187477406606798,0.05653906104564399,0.5138943516210546,0.014379901790272154,-0.1097603832554932,1.8856482048913525,1,0,1.6285494016304507,1.8072133838614453,1.6024044612871484
GUY,2024,48292,6243,11775,61594,1113,3.0598470554129045,-9.801726413583213,-3.065699787685775,1.6077390005520018,-4.847769092542677,0.10526950633645325,-5.099664904693256,-2.519109044585987,-1.4073949410656883,-2.8539505840071877,19131,-3.3806995975118914,-5.367537504573728,48292,0.10526950633645325,3.0598470554129045,-22652.0,-853.0,-35934.0,11333.0,0.3252083794165239,-3.073262748032308,0.6805450269595388,-1.4093976112803654,0.2097937306176174,0.2663327916632614,0.10117869884842312,0.11555860063869527,0.3003319929453331,0,0,1.100110664315111,0.5978122626984141,1.1992707542328047
HKG,2000,33842,1872,7239,36787,1029,2.915921872229774,-9.756924145299145,-3.178221439425335,1.4405742245902085,-4.8820796890184655,6.1026100998758945,4.422793803418803,5.425875397154303,5.608930600483867,5.473720116618076,10140,5.245546351084812,-4.5656574950690345,33842,6.1026100998758945,2.915921872229774,,,,,,,,,,,,,-0.7846941757782927,0,0,0.7384352747405691,-0.7575971796146542,0.7474676067951153
HKG,2005,19116,1481,5378,25925,837,2.8001067691985777,-9.794243754220123,-3.0900714020081814,1.042199537126326,-4.850612903225807,6.012417294413057,4.696939905469277,5.379557084418,5.518915795564127,5.278974910394265,7696,5.237256756756757,-4.571679054054054,19116,6.012417294413057,2.8001067691985777,-2444.0,,-14726.0,,-0.008289594328054761,,-0.09019280546283781,,-0.006021558985019659,,-0.11581510303119646,,-0.851805786232301,0,0,0.7160647379225664,-1.017190662857495,0.6609364457141684
HKG,2010,37686,4992,10240,55658,1304,2.931063126890623,-9.749644230769231,-3.00379736328125,1.622139099500521,-4.860254601226994,5.809764952502256,4.343626802884616,5.3006322265625,5.526143932588307,5.034343558282209,16536,4.990725870827286,-5.186676402999516,37686,5.809764952502256,2.931063126890623,8840.0,6396.0,18570.0,3844.0,-0.24653088592947103,-0.2548204802575258,-0.20265234191080062,-0.2928451473736384,-0.6149973489454617,-0.6210189079304813,0.13095635769204517,0.015141254660848702,-0.6090616633135478,0,0,0.7969794455621507,-0.6898342195721797,0.7700552601426067
HKG,2015,102903,12370,31628,154892,4709,2.9532360961293644,-9.766711398544867,-2.99359510560263,1.2811428737442865,-4.955015077511149,2.5138470987240416,0.912158286176233,1.570715410395852,1.9383572295534952,1.377931195582926,48707,1.3848248301065555,-4.903377584330794,102903,2.5138470987240416,2.9532360961293644,32171.0,41011.0,65217.0,83787.0,-3.6059010407207306,-3.8524319266502016,-3.2959178537782146,-3.498570195689015,0.28329881866872153,-0.3316985302767401,0.02217296923874157,0.15312932693078674,0.2743457098107967,0,0,1.0914485699369323,0.4598268015230489,1.153275600507683
HKG,2020,185896,31058,70749,313700,11596,2.8798372907432115,-9.75732767724902,-2.9506959532996935,0.6131868887472108,-4.904762935494999,-1.4816317887420924,-5.383728797733274,-3.7208276442069845,-2.961645403251514,-4.450317178337358,113403,-4.250844880646897,-5.014660123629887,185896,-1.4816317887420924,2.8798372907432115,64696.0,96867.0,82993.0,148210.0,-5.635669710753453,-9.241570751474182,-3.9954788874661338,-7.291396741244348,-0.1112825392990926,0.17201627936962893,-0.07339880538615295,-0.051225836147411385,2.0508812048732006,1,0,1.683627068291067,1.9228474422111563,1.6409491474037188
HKG,2024,81467,8592,23621,127728,3602,2.886051112720488,-9.786692504655493,-2.907046187714322,0.970432285794814,-4.767446973903387,-0.2252486896534793,-3.7678370577281193,-2.968080860251471,-2.175229683389703,-3.7294505830094393,35815,-3.2365147284657265,-4.744574731257853,81467,-0.2252486896534793,2.886051112720488,-77588.0,-12892.0,-104429.0,-21436.0,1.01433015218117,-4.6213395585722825,1.2563830990886131,-2.739095788377521,0.2700853923720343,0.15880285307294173,0.006213821977276712,-0.06718498340887624,-0.07966528935985542,0,0,0.9734449035467149,0.08194781831012403,1.027315939436708
IDN,2000,89466,30579,31558,137164,4955,3.0132360226231194,-9.830728768108832,-3.088142879776919,0.9635407614242805,-5.135121089808274,5.150253202333848,3.4033882075934465,4.835818809810508,4.751689080225132,4.59539576185671,67092,4.165193525308531,-6.312436549812198,89466,5.150253202333848,3.0132360226231194,,,,,,,,,,,,,-0.9149601571273789,0,0,0.6950132809575404,-1.0987129578275645,0.6337623473908118
IDN,2005,87303,33510,34380,143083,5679,3.024397638110947,-9.874121874067441,-2.8678138452588713,0.6135062306493433,-5.453518401126959,5.098430237219798,3.413984989555357,4.496456660849331,4.531497606284464,4.523845571403417,73569,4.005515040302301,-6.2587203169813375,87303,5.098430237219798,3.024397638110947,6477.0,,-2163.0,,-0.15967848500623028,,-0.0518229651140496,,0.05371623283086091,,0.011161615487827792,,-0.8152493256809688,0,0,0.7282502247730105,-1.1128894622793146,0.6290368459068951
IDN,2010,179779,41504,54285,292485,7983,3.030995516717748,-9.86830136854279,-2.9666522980565535,1.0662790057609792,-5.221890392083177,5.428802969201074,3.811110519468003,4.778465045592706,4.845014872557567,4.516204058624577,103772,4.371392697452108,-5.900484244304822,179779,5.428802969201074,3.030995516717748,30203.0,36680.0,92476.0,90313.0,0.3658776571498068,0.20619917214357653,0.33037273198127615,0.27854976686722654,0.35823607267651525,0.41195230550737616,0.006597878606800833,0.017759494094628625,-0.3502861880901202,0,0,0.8832379373032933,-0.5067931027416103,0.8310689657527965
IDN,2015,430418,75507,118862,638661,16149,3.007118789177033,-9.838508045611665,-3.053249835944204,1.2496056546430738,-5.057590191343118,2.343627053236621,0.6786558332340047,1.5004582793491612,1.7024709321533649,1.0676502569818564,210518,1.1724993682250449,-5.6406893139779015,430418,2.343627053236621,3.007118789177033,106746.0,136949.0,250639.0,343115.0,-3.198893329227063,-2.833015672077256,-3.085175915964453,-2.754803183983177,0.2597949303269207,0.6180310030034359,-0.023876727540715237,-0.017278848933914404,1.293025902936358,0,1,1.4310086343121193,1.135918362483645,1.378639454161215
IDN,2020,471575,87005,117140,660724,19019,2.9553810464931347,-9.803545118096663,-2.9979911388082634,1.2207715188187505,-5.117506230611493,-0.7611765106292742,-5.62555951956784,-3.399502697626772,-2.427401872794087,-4.293443977075556,223164,-4.3435615197791755,-5.831908264773889,471575,-0.7611765106292742,2.9553810464931347,12646.0,119392.0,41157.0,291796.0,-5.516060888004221,-8.714954217231284,-3.1048035638658953,-6.189979479830348,-0.19121895079598783,0.06857597953093286,-0.05173774268389808,-0.07561447022461332,1.4877060286845905,0,1,1.49590200956153,1.4056651926827595,1.4685550642275864
IDN,2024,284081,28388,46196,323933,6456,2.9692252209757077,-9.811033781879667,-3.0590325785782317,1.885390522114141,-4.847414807930607,0.43969639997043103,-4.6229217979427935,-2.4102387436141655,-1.0159230921209015,-3.2190676889714993,81040,-3.2497679417571566,-5.566702936821322,284081,0.43969639997043103,2.9692252209757077,-142124.0,-129478.0,-187494.0,-146337.0,1.093793578022019,-4.422267309982201,1.2008729105997051,-1.90393065326619,0.26520532795256724,0.07398637715657941,0.013844174482573024,-0.037893568201325056,-0.7002362607224802,0,0,0.7665879130925066,0.17681196768208515,1.058937322560695
IND,2000,83762,26940,31115,109909,4413,3.337062701463671,-9.871549554565703,-2.973304129840913,1.3845496820096626,-5.234487423521414,5.755607005563382,3.5134396807720862,5.378411216455087,5.399702353765387,5.192555177883526,62468,4.560992444131395,-6.107986425049626,83762,5.755607005563382,3.337062701463671,,,,,,,,,,,,,-1.0373664697535943,0,0,0.6542111767488019,-1.0663464127510678,0.6445511957496441
IND,2005,106038,46322,32271,135016,4753,3.198487438465456,-9.87842832779241,-2.903023550556227,1.407941688392487,-5.396976856722071,5.750090797638583,3.023552933811148,5.050585014409221,5.265455560822422,4.995996844098465,83346,3.920889076860317,-6.9220341828042145,106038,5.750090797638583,3.198487438465456,20878.0,,22276.0,,-0.6401033672710783,,-0.005516207924799232,,-0.8140477577545884,,-0.1385752629982151,,-1.0157281965328955,0,0,0.6614239344890349,-1.0504544189223115,0.6498485270258962
IND,2010,739478,184111,282913,1115547,30523,3.0817155845069095,-9.820608029938462,-2.981006949132772,1.3483742621332855,-5.313948497854078,5.768873130776035,3.8228298526432423,5.075508414247489,5.319529705158097,4.897750909150476,497547,4.60106560787222,-5.6550340651234965,739478,5.768873130776035,3.0817155845069095,414201.0,435079.0,633440.0,655716.0,0.6801765310119032,0.040073163740824924,0.0187823331374517,0.013266125212652469,1.267000117680718,0.4529523599261296,-0.1167718539585465,-0.2553471169567616,-0.586444050240783,0,0,0.804518649919739,-0.5985499221146553,0.8004833592951149
IND,2015,2187707,526263,907517,3352125,80251,2.9873333791956598,-9.710453512787332,-2.951111091031904,1.2784284756684192,-5.19971894431222,2.2315596809810456,0.1367419465172356,1.1892054771425766,1.5832472055785511,1.008784924798445,1514031,0.8138158419477538,-5.41978237301614,2187707,2.2315596809810456,2.9873333791956598,1016484.0,1430685.0,1448229.0,2081669.0,-3.7872497659244666,-3.1070732349125634,-3.537313449794989,-3.5185311166575373,0.2352516921073562,1.5022518097880742,-0.09438220531124974,-0.21115405926979625,0.4670552560370665,0,0,1.1556850853456888,0.4346358531872756,1.144878617729092
IND,2020,3951966,972006,1649912,6116523,161587,3.000808989247377,-9.763248241266,-2.9072609084605725,1.2145552926066001,-5.150513246733958,-1.0137136516356668,-5.201867365016265,-3.3007138138276466,-2.1981303649148383,-3.5052458056650595,2783505,-3.9764741841670843,-5.431611049378391,3951966,-1.0137136516356668,3.000808989247377,1269474.0,2285958.0,1764259.0,3212488.0,-4.790290026114838,-8.577539792039305,-3.2452733326167125,-6.782586782411702,-0.011828676362251045,0.22342301574510515,0.013475610051717268,-0.08090659525953248,1.7827572034732944,1,0,1.5942524011577648,1.6932816217421167,1.5644272072473724
IND,2024,2401885,455008,897594,3404897,86817,3.010465080551317,-9.775680634186653,-2.89935156095072,1.259769441777534,-5.10139749127475,-0.2637527171367488,-4.884806067146071,-3.1608006671167588,-1.829151960837582,-3.4522613197875995,1439419,-3.72334707545197,-5.205809764217369,2401885,-0.2637527171367488,3.010465080551317,-1344086.0,-74612.0,-1550081.0,214178.0,0.25312710871511435,-4.537162917399724,0.749960934498918,-2.4953123981177945,0.2258012851610225,0.21397260879877145,0.009656091303940073,0.02313170135565734,0.3897262570169118,0,0,1.1299087523389706,0.5874332788586417,1.1958110929528805
IRN,2000,173459,25344,50655,181360,5510,3.1957617362027917,-9.85233534564394,-2.8850927647813642,1.1608166354212617,-5.137946460980036,5.810617385088119,4.100714054608586,5.3070975027144405,5.434516348698721,5.170917059891107,81509,4.922784894919579,-5.203744936142021,173459,5.810617385088119,3.1957617362027917,,,,,,,,,,,,,-1.170209636632692,0,0,0.6099301211224359,-1.1608988278326857,0.6130337240557715
IRN,2005,215314,24742,65131,234690,8469,3.309551961321605,-9.827419691213322,-2.9844954629899743,1.1492231709915206,-5.1779374188215845,5.780617024438727,3.945372766954975,5.448998065437349,5.435425710511738,5.466547172039201,98342,5.072210184865063,-4.895010717699457,215314,5.780617024438727,3.309551961321605,16833.0,,41855.0,,0.14942528994548354,,-0.030000360649392377,,0.3087342184425639,,0.1137902251188132,,-1.1178721471031148,0,0,0.6273759509656285,-1.0654456530833794,0.6448514489722068
IRN,2010,600671,102983,235044,807383,43144,3.32596043091809,-9.831724867211094,-2.929834635217236,0.9524442600352001,-5.239406360096422,5.668894711081441,4.41762531679986,5.305156013342183,5.382331570023148,5.272983103096607,381171,5.061725527387971,-5.055970999892437,600671,5.668894711081441,3.32596043091809,282829.0,299662.0,385357.0,427212.0,-0.010484657477092263,0.13894063246839128,-0.11172231335728622,-0.1417226740066786,-0.16096028219297942,0.14777393624958446,0.01640846959648501,0.1301986947152982,-0.2384947440162724,0,0,0.9205017519945758,-0.1866128000940487,0.9377957333019837
IRN,2015,1203146,220585,417200,1516605,81268,3.4001799365995478,-9.845523521544981,-2.8868265723873443,1.31017956158657,-5.238186801693163,2.0423065288834437,0.8785393249767662,1.5777984659635667,1.751008856623841,1.746470135846828,719053,1.382349078579743,-5.2873095821865705,1203146,2.0423065288834437,3.4001799365995478,337882.0,620711.0,602475.0,987832.0,-3.6793764488082275,-3.6898611062853197,-3.626588182197997,-3.7383104955552833,-0.23133858229413384,-0.39229886448711326,0.07421950568145785,0.09062797527794286,0.812054512636293,0,0,1.270684837545431,1.187372421673681,1.3957908072245604
IRN,2020,1307622,341743,518859,1806871,121586,3.394572591314615,-9.872583815908447,-2.8733929025033773,1.2338702923451648,-5.22898494070041,-2.292374570785747,-5.056141618116538,-4.218719788998553,-3.3781650743190856,-4.382059513430822,982188,-4.530312754788289,-5.600296014612274,1307622,-2.292374570785747,3.394572591314615,263135.0,601017.0,104476.0,706951.0,-5.912661833368032,-9.59203828217626,-4.33468109966919,-7.961269281867187,-0.3129864324257037,-0.5443250147198375,-0.005607345284932563,0.06861216039652529,1.6301989495973408,1,0,1.5433996498657803,1.4256370468106665,1.475212348936889
IRN,2024,594778,213119,212517,743960,59361,3.3012563494278537,-9.879145266259696,-2.7798940225958395,0.8978574721759234,-5.295334310405822,-2.3808990430042805,-5.687213875815859,-4.95998210966652,-3.9301081657615997,-4.945857852798976,484997,-5.277815986490638,-6.207346927919142,594778,-2.3808990430042805,3.3012563494278537,-497191.0,-234056.0,-712844.0,-608368.0,-0.7475032317023489,-6.660165065070381,-0.08852447221853366,-4.423205571887724,-0.6070509133068676,-0.9200373457325712,-0.09331624188676146,-0.09892358717169403,0.08432306551844462,0,0,1.0281076885061482,-0.20005218747423414,0.9333159375085887
ITA,2000,95020,9568,17189,93344,2246,3.061928836034519,-9.813626463210703,-3.0990201873291054,1.5073043902125471,-5.177051647373108,5.535413218269837,4.208932378762542,5.103279190179767,5.142698898697292,5.107318343722173,29003,4.808549736234183,-5.475071337447851,95020,5.535413218269837,3.061928836034519,,,,,,,,,,,,,-1.1075350008250977,0,0,0.6308216663916342,-1.049762819221605,0.650079060259465
ITA,2005,87928,13233,18862,96233,3028,2.981771210535893,-9.81224688279302,-3.021053652846994,1.2563074620972012,-5.549476552179657,5.4758441452097175,4.075750396735433,4.90948298165624,5.002916068292581,4.561698150594451,35123,4.565381516385274,-5.797693591094156,87928,5.4758441452097175,2.981771210535893,6120.0,,-7092.0,,-0.24316821984890957,,-0.05956907306011949,,-0.3226222536463048,,-0.08015762549862604,,-1.0562209615840483,0,0,0.6479263461386506,-1.0749705624821233,0.6416764791726255
ITA,2010,224473,41342,60669,293430,6657,3.0457320746815872,-9.78381977166078,-2.8832981258962564,1.3573314998466415,-5.158367132341896,5.766759552373783,4.190076121135891,5.011292290955843,5.217095037998841,4.94613699864804,108668,4.694874783744985,-5.6479252493834435,224473,5.766759552373783,3.0457320746815872,73545.0,79665.0,136545.0,129453.0,0.12949326735971134,-0.11367495248919823,0.29091540716406517,0.23134633410394567,0.14976834171071207,-0.17285391193559274,0.06396086414569435,-0.016196761352931688,-0.43957210276329883,0,0,0.8534759657455671,-0.5896361993254017,0.8034546002248661
ITA,2015,605205,97158,148819,752634,18825,2.9537050800968268,-9.813371683237612,-2.9207413367916732,1.6127132696636082,-5.059838140770252,2.6538531125816873,1.1584467156590301,2.029907471492215,2.169182860460728,1.3111048605577695,264802,1.6590611664564467,-5.601773491136774,605205,2.6538531125816873,2.9537050800968268,156134.0,229679.0,380732.0,517277.0,-3.035813617288538,-2.906320349928827,-3.1129064397920954,-2.82199103262803,0.04615175824666995,0.19592009995738202,-0.09202699458476049,-0.02806613043906614,0.8695563617566399,0,0,1.2898521205855467,0.7636343177450509,1.2545447725816836
ITA,2020,854440,123006,207608,999774,26461,2.935988040119845,-9.79489682617108,-2.9388377422835346,1.7716470722383257,-5.014850648123653,-0.6464184647254342,-3.841621929011593,-2.479076726330392,-1.8502346470302289,-3.4343545217489893,357075,-3.0192401120212846,-5.454471099908982,854440,-0.6464184647254342,2.935988040119845,92273.0,248407.0,249235.0,629967.0,-4.678301278477731,-7.7141148957662695,-3.3002715773071216,-6.4131780170992165,0.14730239122779132,0.19345414947446127,-0.01771703997698193,-0.10974403456174242,1.6432328883725487,1,0,1.5477442961241827,1.6495130390557216,1.5498376796852407
ITA,2024,475109,59796,100249,495474,11847,2.9771607357469545,-9.819866546257275,-2.860399724685533,1.7314101627936076,-5.045135646155145,0.06720453622221426,-3.4144697805873303,-1.884915959261439,-1.2452831026451439,-3.016357980923441,171892,-2.4949815465524865,-5.431961196565285,475109,0.06720453622221426,2.9771607357469545,-185183.0,-92910.0,-379331.0,-130096.0,0.5242585654687981,-4.154042713008933,0.7136230009476484,-2.586648576359473,0.02250990334369707,0.1698122945714884,0.04117269562710968,0.02345565565012775,0.09053881504325582,0,0,1.0301796050144185,0.30122222422835776,1.1004074080761193
JAM,2000,2592,560,513,2889,52,3.415052469135803,-9.870444642857144,-2.95509746588694,0.9677272412599515,-4.995923076923077,6.089604166666667,3.634973214285714,4.846918128654971,5.1293340256143996,5.022576923076922,1125,4.2517582222222225,-6.491735111111112,2592,6.089604166666667,3.415052469135803,,,,,,,,,,,,,-1.2544622262498675,0,0,0.5818459245833776,-1.1753535068832366,0.6082154977055878
JAM,2005,5761,1660,1299,6691,196,2.9334702308626976,-9.907011445783132,-2.8799761354888376,1.18246017037812,-4.799005102040816,5.715264537406701,3.5423710843373497,4.884418783679753,5.010114781049171,4.9010561224489795,3155,4.1793353407290015,-6.696460538827258,5761,5.715264537406701,2.9334702308626976,2030.0,,3169.0,,-0.07242288149322107,,-0.3743396292599659,,-0.20472542771614588,,-0.4815822382731052,,-1.18635907805805,0,0,0.6045469739806499,-1.1268909441209745,0.6243696852930085
JAM,2010,50996,13713,14311,79047,1763,2.946432210369441,-9.85976700940713,-3.004928796031025,1.2605617923513859,-4.961123085649461,5.827848301827594,3.6362147597170567,4.849407169310321,5.262338583374448,4.705864435621099,29787,4.2823956088226405,-6.276462248631953,50996,5.827848301827594,2.946432210369441,26632.0,28662.0,45235.0,48404.0,0.103060268093639,0.030637386600417926,0.11258376442089357,-0.2617558648390723,0.41999829019530477,0.2152728624791589,0.012961979506743493,-0.4686202587663617,-0.2928994511395864,0,0,0.9023668496201379,-0.4351257101194191,0.8549580966268603
JAM,2015,137178,29261,34233,207725,3789,2.8990717534881685,-9.836768463142064,-3.0090979172143837,1.3135777349861595,-4.846550804961732,3.4815141786583856,1.193880933665972,2.3795092162533225,2.7776907738596703,2.1438812351543945,67283,1.8506168720181917,-6.081888619710773,137178,3.4815141786583856,2.8990717534881685,37496.0,64128.0,86182.0,131417.0,-2.431778736804449,-2.32871846871081,-2.3463341231692088,-2.233750358748315,0.19457362892118013,0.6145719191164849,-0.04736045688127266,-0.03439847737452917,0.9650294378261207,0,0,1.3216764792753737,0.8828296650706337,1.2942765550235444
JAM,2020,177656,34164,39934,240017,4724,2.9005016436258835,-9.850179633532374,-2.986319952922322,1.5791334738789335,-4.818628281117697,0.24358211374791736,-4.55710323732584,-2.2245797816397053,-1.109354204077211,-2.974904741744284,78822,-3.280539620918018,-6.071153205957728,177656,0.24358211374791736,2.9005016436258835,11539.0,49035.0,40478.0,126660.0,-5.13115649293621,-7.562935229740658,-3.2379320649104684,-5.584266188079677,0.010735413753044654,0.20530904267422478,0.0014298901377149953,-0.045930566743557666,1.352143835355865,0,1,1.4507146117852883,1.501847530482703,1.5006158434942343
JAM,2024,102512,24125,24134,143246,2675,2.852921775011706,-9.853251730569948,-2.9430647219690065,1.4516927593091604,-4.78820261682243,0.21848991337599505,-5.299672207253886,-2.5666174276953675,-1.3871374837691803,-3.0421353271028044,50934,-3.886108473711077,-6.3129945419562565,102512,0.21848991337599505,2.852921775011706,-27888.0,-16349.0,-75144.0,-34666.0,-0.6055688527930592,-5.736725345729269,-0.025092200371922307,-3.2630242652823904,-0.24184133599852853,-0.23110592224548387,-0.04757986861417729,-0.046149978476462294,0.4165474822655184,0,0,1.1388491607551727,0.3526929655702929,1.1175643218567644
KEN,2000,43241,11718,18500,66798,2687,3.0376184870840173,-9.8243955453149,-2.9487996756756756,1.378893709392497,-4.99387123185709,5.219149372123678,3.649603857313535,4.824021081081081,4.936530030839246,4.783389281726833,32905,4.40247424403586,-5.564309162741225,43241,5.219149372123678,3.0376184870840173,,,,,,,,,,,,,-1.1750079304306906,0,0,0.6083306898564365,-1.2402206493401453,0.5865931168866183
KEN,2005,108623,23310,49393,170953,6523,3.046602432265726,-9.8292154011154,-2.957895228068755,1.4196623516405094,-5.032230875364096,5.598431529234141,3.8078205491205495,5.054167594598425,5.260936707750084,5.030437375440748,79226,4.685511574483124,-5.150374523515007,108623,5.598431529234141,3.046602432265726,46321.0,,65382.0,,0.2830373304472644,,0.3792821571104623,,0.413934639226218,,0.008983945181708641,,-0.8164082496766946,0,0,0.7278639167744352,-0.8692254731594975,0.7102581756135009
KEN,2010,167540,40178,62564,251762,9186,3.008516640802197,-9.814425954502465,-2.9179362093216548,1.5356474885010447,-4.995100043544524,5.6749238390832035,4.0042605405943545,5.066333066939453,5.31590413167992,5.075542891356411,111928,4.6858442838253165,-5.563994317775713,167540,5.6749238390832035,3.008516640802197,32702.0,79023.0,58917.0,124299.0,0.0003327093421923166,0.28337003978945674,0.07649230984906286,0.45577446695952517,-0.4136197942607067,0.00031484496551126284,-0.038085791463529084,-0.029101846281820443,-0.5632417213198546,0,0,0.8122527595600485,-0.5349144579712923,0.8216951806762359
KEN,2015,381330,133412,152732,565839,26515,2.9582733931240663,-9.830869449524782,-2.8583197889112957,1.5853448684166345,-5.201064529511597,2.1917446988172973,-0.04084460168500587,1.2470447515910221,1.7637548914090404,0.8089705826890438,312659,0.6603498827796417,-6.0321918735747255,381330,2.1917446988172973,2.9582733931240663,200731.0,233433.0,213790.0,272707.0,-4.025494401045675,-4.025161691703483,-3.4831791402659062,-3.4066868304168434,-0.4681975557990121,-0.8818173500597188,-0.05024324767813049,-0.08832903914165957,0.9907418394286265,0,0,1.3302472798095422,0.6781879053039318,1.2260626351013106
KEN,2020,561370,141618,220633,826542,32706,2.937237342572635,-9.825621813611264,-2.8723025567344864,1.4826091789648923,-4.96973124197395,-1.084617072519016,-5.571155587566552,-3.381657544428984,-2.415881875331199,-3.795883201858986,394957,-4.201037877541099,-5.539209762075365,561370,-1.084617072519016,2.937237342572635,82298.0,283029.0,180040.0,393830.0,-4.86138776032074,-8.886882161366415,-3.2763617713363136,-6.75954091160222,0.49298211149936044,0.02478455570034832,-0.02103605055143154,-0.07127929822956203,1.627861861161585,1,0,1.5426206203871948,1.6997836276673324,1.5665945425557775
KEN,2024,308757,55369,104949,442944,16105,3.0369732702416465,-9.786075529628492,-2.881472429465741,1.6644147409153303,-4.896665072958708,-0.44467425515858744,-5.069355144575485,-3.1665647314409857,-1.860283101249819,-3.643744489289041,176423,-3.807300816786927,-5.232388390402612,308757,-0.44467425515858744,3.0369732702416465,-218534.0,-136236.0,-252613.0,-72573.0,0.3937370607541717,-4.467650699566569,0.6399428173604287,-2.636418953975885,0.30682137167275325,0.7998034831721137,0.09973592766901174,0.0786998771175802,-0.0639457991629716,0,0,0.9786847336123428,0.2663890474996714,1.088796349166557
KOR,2000,505,31,35,393,10,3.0541366336633664,-9.709774193548387,-3.1426857142857143,1.9209211195928755,-5.7,5.57890891089109,3.5699677419354843,4.7739142857142856,5.221715012722647,4.7182,76,4.2755,-6.157855263157894,505,5.57890891089109,3.0541366336633664,,,,,,,,,,,,,-0.9558632307395007,0,0,0.681378923086833,-1.0382228392208528,0.6539257202597157
KOR,2005,484,31,81,394,6,3.977681818181818,-9.822806451612903,-2.790172839506173,1.588794416243655,-4.833333333333333,6.1871528925619845,4.741096774193548,5.491716049382715,5.653233502538072,4.137666666666667,118,5.225669491525423,-4.741618644067796,484,6.1871528925619845,3.977681818181818,42.0,,-21.0,,0.9501694915254228,,0.6082439816708947,,1.416236619090098,,0.9235451845184515,,-0.9187022412075115,0,0,0.6937659195974961,-1.046266129785402,0.6512446234048661
KOR,2010,1313,216,118,1336,47,3.3608202589489715,-9.712967592592591,-3.0931355932203393,2.2970217065868264,-4.753085106382979,6.171116527037318,4.838152777777778,6.019381355932204,5.988053892215569,5.079042553191489,381,5.233708661417323,-7.0508818897637795,1313,6.171116527037318,3.3608202589489715,263.0,305.0,829.0,808.0,0.008039169891899789,0.9582086614173226,-0.016036365524666252,0.5922076161462284,-2.309263245695983,-0.8930266266058853,-0.6168615592328464,0.3066836252856051,-0.6860036639000551,0,0,0.771332112033315,-0.7287476594039138,0.7570841135320288
KOR,2015,5133,773,803,5384,122,3.0279485680888367,-9.761262613195344,-3.237876712328767,2.040549219910847,-4.959172131147541,2.1436321839080463,0.49390685640362236,0.6202565379825653,1.8834552377414564,0.7608688524590165,1698,0.5728398115429918,-6.331266195524147,5133,2.1436321839080463,3.0279485680888367,1317.0,1580.0,3820.0,4649.0,-4.660868849874331,-4.652829679982431,-4.027484343129272,-4.043520708653938,0.7196156942396321,-1.589647551456351,-0.3328716908601348,-0.9497332500929812,0.4792587935673215,0,0,1.1597529311891073,0.7343651956712182,1.2447883985570727
KOR,2020,7355,2114,958,6805,198,3.2088566961250846,-9.851849101229897,-3.023882045929019,1.6702946362968405,-4.795070707070707,-0.31210632222977563,-3.2424588457899715,-2.1869613778705634,-0.8512742101396032,-3.7189141414141416,3270,-2.962083180428134,-7.545294189602447,7355,-0.31210632222977563,3.2088566961250846,1572.0,2889.0,2222.0,6042.0,-3.5349229919711256,-8.195791841845457,-2.455738506137822,-6.483222849267094,-1.2140279940782994,-0.4944122998386673,0.1809081280362479,-0.1519635628238869,1.8701415446217757,1,0,1.6233805148739253,1.5854219401678005,1.5284739800559335
KOR,2024,4504,644,652,4348,99,3.084520648312611,-9.756071428571428,-3.325176380368098,2.0847582796688133,-4.719343434343434,0.2339391651865009,-3.183139751552795,-1.9284647239263806,-0.9036782428702852,-1.9299898989898991,1395,-2.5077921146953406,-6.392931899641576,4504,0.2339391651865009,3.084520648312611,-1875.0,-303.0,-2851.0,-629.0,0.45429106573279343,-3.0806319262383326,0.5460454874162766,-1.9096930187215455,1.1523622899608705,-0.06166570411742889,-0.12433604781247354,0.05657208022377436,0.2111687976579706,0,0,1.0703895992193235,0.4934494925711506,1.1644831641903834
LAO,2000,10704,619,686,6454,82,3.3766067825112107,-9.888770597738286,-3.163018950437318,2.3526846916640842,-5.073060975609756,6.839410500747384,4.328466882067851,4.867514577259476,5.773471490548497,4.716804878048781,1387,4.618034607065609,-6.277556596971881,10704,6.839410500747384,3.3766067825112107,,,,,,,,,,,,,-1.006172948671293,0,0,0.6646090171095691,-0.9479166379364721,0.6840277873545093
LAO,2005,9183,716,947,6983,81,3.1542981596428183,-9.787872905027934,-2.9956198521647304,1.5924075612201058,-5.175395061728395,7.013540890776436,3.9130921787709494,5.080959873284055,5.823116425605041,5.048160493827161,1744,4.599967889908257,-5.885422018348625,9183,7.013540890776436,3.1542981596428183,357.0,,-1521.0,,-0.018066717157352308,,0.17413039002905162,,0.3921345786232564,,-0.22230862286839237,,-0.9326710573932795,0,0,0.6891096475355736,-1.0060506327875416,0.6646497890708194
LAO,2010,16195,1650,2039,15481,262,3.118604816301328,-9.789052121212121,-2.95610593428151,1.952328983915768,-5.114553435114504,6.824936338376042,4.45730909090909,4.992835213339872,5.642672889348233,4.9665,3951,4.767444697544925,-5.952783852189318,16195,6.824936338376042,3.118604816301328,2207.0,2564.0,7012.0,5491.0,0.1674768076366684,0.14941009047931608,-0.18860455240039364,-0.014474162371342025,-0.06736183384069339,0.324772744782563,-0.03569334334149055,-0.2580019662098829,-0.478277012433684,0,0,0.840574329188772,-0.7380456545523678,0.7539847818158774
LAO,2015,39386,3641,4039,34653,629,2.943885009901996,-9.832697335896732,-3.180762317405298,2.1297677545955613,-4.907637519872814,3.774169857309704,1.4092210931062896,1.9995820747709825,2.622458661587742,2.041772655007949,8309,1.744080033698399,-6.226363461307017,39386,3.774169857309704,2.943885009901996,4358.0,6565.0,23191.0,30203.0,-3.023364663846526,-2.8558878562098577,-3.050766481066338,-3.239371033466732,-0.2735796091176983,-0.3409414429583917,-0.17471980639933182,-0.21041314974082237,0.41898136904974037,0,0,1.1396604563499135,0.14833532808481303,1.0494451093616044
LAO,2020,78700,5894,8315,64414,1418,2.9557207369758576,-9.833375127248047,-3.042935177390259,2.148672571180178,-4.865527503526093,0.8973857433290978,-3.2624472344757383,-2.750123271196632,-0.8990591641568604,-3.5144167842031035,15627,-3.0127076214244575,-5.769452678057208,78700,0.8973857433290978,2.9557207369758576,7318.0,11676.0,39314.0,62505.0,-4.7567876551228565,-7.780152318969383,-2.876784113980606,-5.927550595046944,0.4569107832498087,0.18333117413211042,0.011835727073861602,-0.16288407932547022,1.925667196423696,1,0,1.6418890654745653,1.6509519445048952,1.550317314834965
LAO,2024,58862,2847,3198,40053,581,3.0432693758282086,-9.863756234632948,-3.0582082551594745,2.432254362969066,-4.700967297762479,2.116709863749108,-3.0366687741482266,-1.8812626641651033,0.3401971637580206,-3.1463476764199654,6626,-2.4886359794747963,-6.126399939631755,58862,2.116709863749108,3.0432693758282086,-9001.0,-1683.0,-19838.0,19476.0,0.5240716419496612,-4.232716013173196,1.2193241204200103,-1.6574599935605958,-0.3569472615745468,0.0999635216752619,0.08754863885235098,0.09938436592621258,0.07247245302481996,0,0,1.0241574843416066,0.892725652686673,1.2975752175622244
MEX,2000,36843,9477,12102,47162,1433,3.0686013082539425,-9.81567901234568,-2.8622050900677576,1.0645646495059582,-5.137663642707607,5.7849357544173925,4.177832225387781,5.288099322426045,5.286818540350282,5.325445917655269,23012,4.833185207717713,-5.867541630453677,36843,5.7849357544173925,3.0686013082539425,,,,,,,,,,,,,-1.079822898245427,0,0,0.6400590339181911,-1.0528817909696147,0.6490394030101285
MEX,2005,41793,8322,11669,50598,1367,2.9829856435288202,-9.819140951694305,-2.929280658154083,1.275983042808016,-5.15056035113387,6.052079893762113,4.125335015621245,5.635423429599795,5.651112158583343,5.5657702999268475,21358,5.042569622623842,-5.7560390954209195,41793,6.052079893762113,2.9829856435288202,-1654.0,,4950.0,,0.20938441490612902,,0.2671441393447207,,0.11150253503275742,,-0.08561566472512228,,-1.0905357289972508,0,0,0.6364880903342498,-1.0323240204550967,0.6558919931816345
MEX,2010,171149,79311,46610,261319,7350,3.046586862908927,-9.845750034673626,-2.8033746835443036,1.194918046525511,-5.051253333333333,5.365142086719759,3.3888255349194942,4.693249281270114,4.719136932255213,4.507136598639455,133271,3.90670847371146,-7.118339976438985,171149,5.365142086719759,3.046586862908927,111913.0,110259.0,129356.0,134306.0,-1.1358611489123818,-0.9264767340062527,-0.6869378070423542,-0.4197936676976335,-1.362300881018066,-1.2507983459853085,0.06360121938010677,-0.02201444534501551,-0.36568383786734937,0,0,0.8781053873775502,-0.49509756334883404,0.834967478883722
MEX,2015,424839,159102,121245,640073,15363,2.9109405563048587,-9.800919963293989,-2.8256296259639573,1.1879846361274415,-5.044885048493132,2.6033384576274776,0.650658106120602,1.4120913852117614,1.7368833789270912,1.0830915836750639,295710,0.9853219776132024,-6.693868996652126,424839,2.6033384576274776,2.9109405563048587,162439.0,274352.0,253690.0,383046.0,-2.9213864960982576,-4.057247645010639,-2.7618036290922814,-3.4487414361346356,0.4244709797868591,-0.9378299012312068,-0.1356463066040683,-0.07204508722396152,0.6864210681154236,0,0,1.228807022705141,0.5584985582325983,1.1861661860775328
MEX,2020,722204,201440,222082,1077577,34864,2.9428893124380373,-9.78280690528197,-2.8557286092524388,1.5304942495988683,-5.0175966613125285,-1.1538867909898034,-4.920310092335186,-3.17356871786097,-2.5205417710288915,-3.52925628155117,458386,-3.968235818720467,-6.0642952315297585,722204,-1.1538867909898034,2.9428893124380373,162676.0,325115.0,297365.0,551055.0,-4.953557796333669,-7.874944292431927,-3.757225248617281,-6.519028877709562,0.6295737651223678,1.054044744909227,0.0319487561331786,-0.10369755047088969,1.740061004864933,1,0,1.5800203349549777,1.7934806651113189,1.5978268883704396
MEX,2024,345338,98944,94631,476430,13071,2.827407377699529,-9.77844173471863,-2.8740516321290066,1.4477714270721824,-4.856550761227144,-1.0455986106365358,-5.106568301261319,-3.2456842260992698,-2.6099768675356296,-3.8209529492770247,206646,-4.173080117689189,-6.305336149744008,345338,-1.0455986106365358,2.827407377699529,-251740.0,-89064.0,-376866.0,-79501.0,-0.2048442989687218,-5.1584020953023915,0.1082881803532676,-3.648937068264013,-0.24104091821424944,0.3885328469081184,-0.11548193473850832,-0.08353317860532972,0.10956039212967081,0,0,1.0365201307098904,0.2283241514296283,1.0761080504765428
MYS,2000,44819,5123,12098,55154,1374,2.98595573305964,-9.570254538356432,-3.010617292114399,1.2665885339231968,-4.977566957787482,5.294048439277986,4.088287917235994,4.8419447842618615,4.869786923885847,4.734012372634643,18595,4.6263339607421345,-4.963164237698305,44819,5.294048439277986,2.98595573305964,,,,,,,,,,,,,-1.0079601538069543,0,0,0.6640132820643485,-1.0711229028018332,0.642959032399389
MYS,2005,50060,5961,13410,63908,1947,3.207827586895725,-9.783979365878208,-2.932650782997763,1.1210462226951243,-5.232781715459682,5.674432620854974,3.919475423586647,5.014379567486949,5.110488530387432,4.795775552131484,21318,4.688253963786471,-5.058512712261938,50060,5.674432620854974,3.207827586895725,2723.0,,5241.0,,0.06192000304433609,,0.3803841815769884,,-0.09534847456363238,,0.2218718538360851,,-0.9845211217201527,0,0,0.6718262927599491,-1.045165842170675,0.6516113859431083
MYS,2010,170269,21824,56596,270981,6022,3.1396129712396266,-9.824334677419353,-3.068571842533041,1.50855168443544,-4.978233477250083,5.998671102784417,4.231349248533724,5.390371651706834,5.563753274214798,5.194158087014281,84442,5.076829776651429,-4.950783899007603,170269,5.998671102784417,3.1396129712396266,63124.0,65847.0,120209.0,125450.0,0.3885758128649588,0.4504958159092949,0.32423848192944327,0.7046226635064317,0.10772881325433481,0.01238033869070243,-0.06821461565609832,0.15365723817998678,-0.44116252405314427,0,0,0.8529458253156186,-0.44980764690052133,0.8500641176998263
MYS,2015,503165,82438,174927,809278,19217,3.032715719495593,-9.819066243722556,-3.0673840744996483,1.4206301975340982,-4.943038299422386,2.251470662705077,0.655083201921444,1.380804186889388,1.6543529775923722,1.1278931675079358,276582,1.1469235380465828,-5.210110723040545,503165,2.251470662705077,3.032715719495593,192140.0,255264.0,332896.0,453105.0,-3.929906238604847,-3.541330425739888,-3.7472004400793404,-3.422961958149897,-0.25932682403294205,-0.15159801077860724,-0.10689725174403364,-0.17511186740013196,1.2127396519138254,0,1,1.4042465506379418,1.1989238272208267,1.3996412757402756
MYS,2020,554597,84576,203878,928900,22199,2.9962485588634626,-9.802229592319334,-3.044736724904109,1.5449739562923888,-4.977756925987657,-0.7101467407865532,-4.507078745743474,-2.6292628336554213,-1.9663752976639033,-3.080765484931754,310653,-3.172766569130187,-5.022611820906285,554597,-0.7101467407865532,2.9962485588634626,34071.0,226211.0,51432.0,384328.0,-4.31969010717677,-8.249596345781617,-2.96161740349163,-6.70881784357097,0.18749890213426035,-0.0718279218986817,-0.03646716063213029,-0.14336441237616393,1.5060159142088738,1,0,1.5020053047362913,1.4536507004094776,1.484550233469826
MYS,2024,243629,23237,71899,377183,7435,3.008130033780872,-9.825897749279166,-3.1166597171031585,1.7964723648732843,-4.871360995292536,0.6236611076678064,-3.7869717691612514,-2.0549860776923183,-1.0794472179286978,-2.4596367182246133,102571,-2.476691326008326,-4.763799436487896,243629,0.6236611076678064,3.008130033780872,-208082.0,-174011.0,-310968.0,-259536.0,0.6960752431218613,-3.6236148640549084,1.3338078484543594,-1.6278095550372704,0.2588123844183885,0.44631128655264884,0.011881474917409207,-0.024585685714721084,-0.28511176654244796,0,0,0.9049627444858507,-0.0864781357572751,0.971173954747575
NGA,2000,5654,968,1200,5393,162,3.1302400070746375,-9.844721074380164,-2.991675,1.1677682180604487,-5.144388888888889,5.758474177573399,4.1212159090909095,4.9540975000000005,5.423206749490079,5.082999999999999,2330,4.6170386266094425,-5.9884510729613725,5654,5.758474177573399,3.1302400070746375,,,,,,,,,,,,,-1.0717153026329465,0,0,0.6427615657890178,-1.0425473182062255,0.6524842272645914
NGA,2005,5145,889,1295,6852,205,2.9415496598639455,-9.774448818897639,-2.874338223938224,1.3993682136602452,-5.133439024390244,5.5359862001943645,4.0671934758155235,4.923613899613899,5.227163455925277,5.084756097560976,2389,4.618748430305567,-5.635876098786103,5145,5.5359862001943645,2.9415496598639455,59.0,,-509.0,,0.0017098036961247232,,-0.2224879773790347,,0.35257497417526906,,-0.188690347210692,,-1.0688372979059104,0,0,0.6437209006980298,-1.0612562345480565,0.6462479218173145
NGA,2010,14547,4376,4537,21189,751,3.0160933525812883,-9.578402422303473,-2.873062596429359,1.353405682193591,-5.174407456724367,5.447857221420223,3.9997100091407676,4.801374917346264,5.153794846382557,4.703573901464714,9664,4.43076914321192,-6.0881781870860925,14547,5.447857221420223,3.0160933525812883,7275.0,7334.0,9402.0,8893.0,-0.18797928709364697,-0.18626948339752225,-0.08812897877414105,-0.31061695615317575,-0.4523020882999891,-0.09972711412472002,0.07454369271734285,-0.11414665449334915,-0.7139646811400342,0,0,0.7620117729533219,-0.7156742474244918,0.7614419175251694
NGA,2015,42061,20781,9626,57877,1958,2.9609248234706738,-9.813118233001301,-2.847024932474548,1.6592640081552257,-5.158808478038815,1.6436333658258244,-1.5769215629661713,0.5369308123831289,1.0346224579712149,0.42182379979570994,32365,-0.8273004789124055,-7.459688521551059,42061,1.6436333658258244,2.9609248234706738,22701.0,29976.0,27514.0,36916.0,-5.258069622124326,-5.446048909217973,-3.8042238555943992,-3.8923528343685403,-1.3715103344649666,-1.8238124227649557,-0.05516852911061454,0.019375163606728307,0.39338422239290854,0,0,1.1311280741309695,0.29563640921428236,1.098545469738094
NGA,2020,67417,30184,17608,94601,3565,2.926515789785959,-9.783424927113701,-2.9364862562471608,1.6340503483049864,-5.11707713884993,-1.9786880460417995,-6.156499337397296,-3.874188607451158,-3.2378500121563203,-4.452934642356241,51357,-5.255743150884982,-7.11199890959363,67417,-1.9786880460417995,2.926515789785959,18992.0,41693.0,25356.0,52870.0,-4.428442671972576,-9.686512294096902,-3.622321411867624,-7.426545267462023,0.34768961195742953,-1.023820722507537,-0.03440903368471471,-0.08957756279532925,1.3198090660516746,0,1,1.4399363553505582,1.2276271415590072,1.4092090471863357
NGA,2024,69283,22879,19244,91398,5575,2.9968459939667738,-9.740229992569606,-3.0176183225940547,1.5439413553907089,-5.3593808071748885,-1.9082639175555332,-6.25531605402334,-3.6582101434213254,-2.9365248254885223,-3.8544801793721972,47698,-4.926887898863683,-6.515919262862174,69283,-1.9082639175555332,2.9968459939667738,-3659.0,15333.0,1866.0,27222.0,0.32885525202129884,-4.099587419951277,0.07042412848626634,-3.551897283381358,0.5960796467314555,0.9437692586888851,0.0703302041808147,0.0359211704961,1.141323993234308,0,1,1.3804413310781027,1.2962142494054836,1.4320714164684945
NIC,2000,82926,16859,26764,113801,3885,2.864600161589851,-9.855424165134348,-2.93543151247945,1.2423624133355595,-5.05867232947233,5.69913766490606,4.188353816952369,5.339552869526229,5.487331798490348,5.319633462033462,47508,4.9294019112570515,-5.564734928854087,82926,5.69913766490606,2.864600161589851,,,,,,,,,,,,,-1.0564108546049926,0,0,0.6478630484650025,-1.0532466516074732,0.648917782797509
NIC,2005,227828,40505,88576,347978,12400,2.9404302895166525,-9.843189063078633,-2.965265071802745,1.3466527883946686,-4.983147258064516,6.281293620626085,4.549876904085915,5.699444273843931,5.9798515768238225,5.593860564516129,141481,5.361077536913084,-5.111221421957719,227828,6.281293620626085,2.9404302895166525,93973.0,,144902.0,,0.4316756256560321,,0.5821559557200251,,0.4535135068963676,,0.07583012792680144,,-0.8945377172734793,0,0,0.7018207609088403,-0.8679675867934875,0.7106774710688375
NIC,2010,292909,70945,111267,444948,14908,2.917496457944276,-9.741801832405384,-2.960874670836816,1.4149098748617817,-5.125733901261067,6.15830792840097,4.4057661850729435,5.554716196176764,5.799934291198073,5.5234372149181645,197120,5.138834674310065,-5.565108634334416,292909,6.15830792840097,2.917496457944276,55639.0,149612.0,65081.0,209983.0,-0.22224286260301884,0.20943276305301328,-0.12298569222511535,0.45917026349490975,-0.4538872123766966,-0.00037370548032900075,-0.022933831572376384,0.052896296354425054,-0.798696789688023,0,0,0.733767736770659,-0.7847517111177963,0.7384160962940679
NIC,2015,1134526,379996,483204,1798546,67377,2.9044629272489124,-9.787528547668922,-2.905043354359649,1.347764321846647,-5.088241002122386,2.159175602850882,-0.2126198565248054,1.175436225693496,1.5421685027794672,0.8082179230301141,930577,0.5820432806742485,-5.873539407270972,1134526,2.159175602850882,2.9044629272489124,733457.0,789096.0,841617.0,906698.0,-4.556791393635816,-4.779034256238835,-3.999132325550088,-4.122118017775204,-0.3084307729365561,-0.7623179853132527,-0.013033530695363726,-0.03596736226774011,0.46471914560998606,0,0,1.1549063818699954,0.29138257751557195,1.097127525838524
NIC,2020,2250175,589194,925370,3549499,132558,2.904399842678903,-9.739112847381339,-2.9533512378832247,1.2745197744808492,-5.011554715671631,-0.8860615094381548,-5.3767970379874885,-2.984355378929509,-2.2545426594006646,-3.4185565940946607,1647122,-3.8751024611413123,-5.546335462704038,2250175,-0.8860615094381548,2.904399842678903,716545.0,1450002.0,1115649.0,1957266.0,-4.457145741815561,-9.013937135451377,-3.045237112289037,-7.044369437839125,0.3272039445669339,0.01877317163037784,-6.308457000958612e-05,-0.013096615265373313,1.6990033249935246,1,0,1.5663344416645082,1.7179081146417572,1.572636038213919
NIC,2024,1451495,371423,546318,2248366,83199,2.941281593116063,-9.696460001130786,-2.968596899607921,1.3129724924678632,-5.00045005348622,-0.10682160255460744,-5.256995670704292,-2.6211125132248982,-1.7280105312035496,-3.1888834360989917,1000940,-3.6464143325274243,-5.634022646712091,1451495,-0.10682160255460744,2.941281593116063,-646182.0,70363.0,-798680.0,316969.0,0.228688128613888,-4.228457613201673,0.7792399068835473,-2.2659972054054895,-0.08768718400805309,0.23951676055888083,0.03688175043716013,0.036818665867150546,0.585922890962984,0,0,1.1953076303209946,0.6966752573614283,1.2322250857871428
NPL,2000,9393,2417,1889,10349,232,3.170663898647929,-9.863601572196938,-3.0013684489147696,1.686642187650981,-5.169487068965518,5.599154902587032,2.843121224658668,5.01349655902594,5.018181563436081,5.10034051724138,4538,3.861965182899956,-6.767128911414719,9393,5.599154902587032,3.170663898647929,,,,,,,,,,,,,-1.487568824004801,0,0,0.5041437253317329,-1.2577375836137985,0.5807541387954005
NPL,2005,29980,20647,9707,45469,1380,3.1832730153435627,-9.819087664067421,-3.062784897496652,1.0468417823132243,-5.243232608695652,5.874154136090727,3.024783213057587,5.401975275574327,5.2861563042952335,5.116589130434782,31734,3.842899287830087,-7.553438488687214,29980,5.874154136090727,3.1832730153435627,27196.0,,20587.0,,-0.01906589506986922,,0.2749992335036948,,-0.7863095772724948,,0.012609116695633471,,-0.5935251838763037,0,0,0.8021582720412321,-1.0037323095395259,0.6654225634868247
NPL,2010,91245,22448,26655,126348,3793,3.1801738287029426,-9.800134622238062,-3.1891997749015193,1.086273910152911,-5.1748312681254935,5.980957816866678,4.014596756949395,5.575787732132809,5.647886939247158,5.343282098602689,52896,4.896577416061707,-6.1371309172716275,91245,5.980957816866678,3.1801738287029426,21162.0,48358.0,61265.0,81852.0,1.0536781282316197,1.0346122331617504,0.10680368077595137,0.3818029142796462,1.4163075714155866,0.6299979941430918,-0.003099186640620033,0.009509930055013438,0.10215622193334703,0,0,1.0340520739777823,-0.24783620441686074,0.9173879318610464
NPL,2015,201255,34816,51301,277887,5130,3.0836279048967725,-9.771752814797795,-3.148919748153057,1.5587940889642193,-5.040986744639377,2.1782204914163623,-0.6892906996783085,1.7519836845285663,1.418269883081972,1.2356122807017544,91247,0.7914655933893717,-5.782286979297949,201255,2.1782204914163623,3.0836279048967725,38351.0,59513.0,110010.0,171275.0,-4.105111822672335,-3.051433694440715,-3.802737325450316,-3.6959336446743647,0.3548439379736781,1.7711515093892647,-0.09654592380617011,-0.09964511044679014,1.362910290273103,0,1,1.4543034300910342,1.1094825016068786,1.3698275005356262
NPL,2020,229210,29053,50347,276331,5000,3.0713732908686358,-9.767820741403641,-3.068464913500308,1.4603876546605337,-4.9728036,-0.18096186902840192,-5.028870512511617,-2.7134797505313126,-1.5698410095139523,-3.1028538000000006,84400,-3.533573566350711,-5.487399490521327,229210,-0.18096186902840192,3.0713732908686358,-6847.0,31504.0,27955.0,137965.0,-4.325039159740083,-8.430150982412417,-2.3591823604447644,-6.16191968589508,0.29488748877662285,0.6497314267503009,-0.012254614028136768,-0.10880053783430688,1.1378214241177926,0,1,1.3792738080392641,1.454395186152771,1.484798395384257
NPL,2024,106909,10856,21004,122478,2056,3.065969834158022,-9.787436072218128,-3.1141390687488095,1.755023726710103,-4.8627645914396895,0.4745386356621052,-4.519173360353721,-2.2556313083222244,-1.1220845539607112,-2.708503891050584,33916,-3.0076102724377876,-5.356163079372568,106909,0.4745386356621052,3.065969834158022,-50484.0,-57331.0,-122301.0,-94346.0,0.5259632939129233,-3.7990758658271595,0.6555005046905071,-1.7036818557542572,0.13123641114875895,0.4261238999253818,-0.005403456710613597,-0.017658070738750364,-0.5217939284431378,0,0,0.826068690518954,-0.054571590189464586,0.9818094699368451
NZL,2000,11653,1695,2207,12357,305,3.0095934094224663,-9.782153392330384,-3.0213121884911645,1.7909406004693695,-4.971029508196721,7.047387282244915,4.927983480825959,6.115554599003172,6.367309541150766,6.190229508196722,4207,5.642496077965297,-5.886605657237937,11653,7.047387282244915,3.0095934094224663,,,,,,,,,,,,,-1.0927769486825885,0,0,0.6357410171058038,-1.0779061894670605,0.6406979368443131
NZL,2005,12185,1539,2464,14825,467,3.0720795240049243,-9.7785159194282,-2.96399512987013,1.777173558178752,-5.168835117773019,7.5966420188756665,5.484332033788173,6.459784902597402,6.968129510961213,6.038668094218416,4470,6.079945190156599,-5.54055167785235,12185,7.5966420188756665,3.0720795240049243,263.0,,532.0,,0.43744911219130245,,0.5492547366307514,,0.34605397938558724,,0.06248611458245801,,-1.0900252535691854,0,0,0.6366582488102714,-1.0755319615040313,0.6414893461653228
NZL,2010,134541,25321,39023,211807,5419,2.9647531384485024,-9.794115714229296,-2.9872599492606926,1.5758464923255604,-4.966253921387709,7.0105899688570785,5.090158248094467,6.155295056761398,6.510065361390322,5.671612659162207,69763,5.731124593265771,-5.611581769706004,134541,7.0105899688570785,2.9647531384485024,65293.0,65556.0,122356.0,122888.0,-0.3488205968908282,0.08862851530047422,-0.586052050018588,-0.03679731338783654,-0.07103009185365394,0.2750238875319333,-0.10732638555642193,-0.044840270973963925,-0.4068829378299459,0,0,0.8643723540566847,-0.5294773813453688,0.8235075395515438
NZL,2015,389926,59234,96249,559928,11526,2.9207622035976053,-9.78703330857278,-2.997444212407402,1.850188693903502,-4.931713951067152,3.472290770556464,1.6186942296653948,2.2996267285893883,2.813261647926162,1.9776837584591358,167009,2.03589800549671,-5.5390372614649515,389926,3.472290770556464,2.9207622035976053,97246.0,162539.0,255385.0,377741.0,-3.695226587769061,-4.044047184659889,-3.5382991983006145,-4.124351248319202,0.07254450824105252,0.001514416387398576,-0.04399093485089711,-0.15131732040731904,0.6105746401091606,0,0,1.203524880036387,0.6102636117716014,1.2034212039238672
NZL,2020,634082,99696,154821,870717,20266,2.9543764450023815,-9.817204872813353,-2.9962286640701197,1.905235647173536,-4.955854732063555,0.1144149274068653,-3.653198363023592,-2.0996516170286976,-1.0617292633542241,-2.631186519293398,274783,-2.702507262094089,-5.615523984380402,634082,0.1144149274068653,2.9543764450023815,107774.0,205020.0,244156.0,499541.0,-4.7384052675907995,-8.43363185535986,-3.357875843149599,-6.896175041450213,-0.07648672291545022,-0.003942214674397704,0.0336142414047762,-0.01037669344612091,1.738183724336885,1,0,1.5793945747789615,1.6998914360974897,1.5666304786991634
NZL,2024,336708,44017,77473,470766,10189,2.9132382954963947,-9.790077583660858,-3.0414799736682454,1.8210491454353122,-4.9076534497988025,0.11697534065124679,-3.523312424744985,-1.9486390613504059,-1.10190419444055,-2.6558231426047696,131679,-2.5297332072691927,-5.441767510385103,336708,0.11697534065124679,2.9132382954963947,-143104.0,-35330.0,-297374.0,-53218.0,0.17277405482489616,-4.5656312127659024,0.0025604132443814848,-3.3553154299052173,0.17375647399529903,0.09726975107984881,-0.04113814950598682,-0.007523908101210619,0.2409267756356745,0,0,1.0803089252118916,0.37276048444736964,1.1242534948157898
PAK,2000,103671,31688,35949,126526,4349,3.334942278940108,-9.883466391062862,-2.9414344766196554,1.1571503959660465,-5.252578063922741,5.557875490735114,3.3595004733653115,4.883077693398982,5.1194974392614965,4.832432743159347,71986,4.209344330842109,-6.13692069291251,103671,5.557875490735114,3.334942278940108,,,,,,,,,,,,,-1.2484813907734242,0,0,0.5838395364088587,-1.2173807023122147,0.5942064325625951
PAK,2005,151626,65901,48977,218905,7069,3.1205446427393717,-9.869063200861898,-2.9328268166690488,0.8615924213700007,-5.504035648606591,5.556359773389788,3.1312304062153835,4.869897462074035,4.911117790822504,4.77305630216438,121947,3.924696122085824,-6.830264139339221,151626,5.556359773389788,3.1205446427393717,49961.0,,47955.0,,-0.28464820875628494,,-0.00151571734532574,,-0.6933434464267103,,-0.21439763620073649,,-1.1504236756532427,0,0,0.6165254414489192,-1.1316934357993793,0.6227688547335402
PAK,2010,660848,422343,270662,1053249,46104,3.1050539080091033,-9.880230064189535,-2.8944993164906783,1.0320417280244274,-5.42441041992018,5.463794035844854,3.438541443802786,4.767560943168971,4.962007925951033,4.621432348603158,739109,3.9990150383772893,-7.044108511735076,660848,5.463794035844854,3.1050539080091033,617162.0,667123.0,509222.0,557177.0,0.07431891629146525,-0.21032929246481968,-0.09256573754493402,-0.09408145489025976,-0.2138443723958554,-0.9071878188225657,-0.015490734730268407,-0.2298883709310049,0.060871045809527964,0,0,1.020290348603176,-0.2218020537078552,0.9260659820973816
PAK,2015,1334795,702911,561286,1998099,74703,3.09558059477298,-9.871426611619395,-2.9263746539197486,0.9763978141223233,-5.356305570057427,2.4244730539146464,0.35870465677731606,1.4080627273796245,1.7805619156007786,1.4852997469981128,1338900,0.8614681395175144,-6.708043595488836,1334795,2.4244730539146464,3.09558059477298,599791.0,1216953.0,673947.0,1183169.0,-3.137546898859775,-3.0632279825683097,-3.039320981930208,-3.131886719475142,0.33606491624624013,0.12222054385038472,-0.009473313236123104,-0.02496404796639151,1.2380719627176924,0,1,1.4126906542392308,0.9824243294539807,1.3274747764846602
PAK,2020,1617472,591902,673924,2416910,78474,3.0269460114301823,-9.834086639342324,-2.914653754726052,1.0275232764149262,-5.2165746871575305,-1.44722249040478,-6.322247907592811,-4.008862082371306,-2.993044685983342,-4.471626538726202,1344300,-5.054471451312951,-6.095690060998289,1617472,-1.44722249040478,3.0269460114301823,5400.0,605191.0,282677.0,956624.0,-5.915939590830465,-9.05348648969024,-3.8716955443194263,-6.911016526249634,0.6123535344905466,0.9484184507367868,-0.06863458334279793,-0.07810789657892103,1.2486704627807212,0,1,1.4162234875935737,1.4875190940468024,1.4958396980156008
PAK,2024,841467,268740,326868,1219749,36719,3.0235986639998953,-9.822461501823323,-2.9261436023104124,1.0682143129447124,-5.119713962798551,-0.8743541921430075,-6.5239448425987945,-4.042573213040126,-2.7568476555422468,-4.475335221547428,632327,-5.122290511080501,-5.984469725316173,841467,-0.8743541921430075,3.0235986639998953,-711973.0,-706573.0,-776005.0,-493328.0,-0.0678190597675501,-5.983758650598015,0.5728682982617724,-3.298827246057654,0.1112203356821162,0.7235738701726628,-0.0033473474302869732,-0.0719819307730849,-0.14870840488127537,0,0,0.9504305317062416,0.10093276831866567,1.0336442561062218
PAN,2000,6841,950,2378,8523,205,3.2556877649466456,-9.865794736842105,-3.18907653490328,1.310454652117799,-5.410521951219512,5.483468937289869,4.090003157894738,4.899980656013457,5.132978411357503,4.628707317073171,3533,4.666442683272007,-5.113299179167846,6841,5.483468937289869,3.2556877649466456,,,,,,,,,,,,,-0.5921056429917213,0,0,0.8026314523360929,-0.8453440725838128,0.7182186424720625
PAN,2005,4181,477,874,3943,58,3.1219715379095914,-9.770316561844863,-3.03670823798627,1.292055541465889,-5.551724137931035,5.890844056445827,3.87706498951782,4.871147597254003,5.107935835658129,5.042724137931034,1409,4.541675656493966,-5.419818310858765,4181,5.890844056445827,3.1219715379095914,-2124.0,,-2660.0,,-0.12476702677804052,,0.40737511915595803,,-0.3065191316909184,,-0.1337162270370542,,-1.4439677240807367,0,0,0.518677425306421,-1.255363565014679,0.5815454783284404
PAN,2010,8733,1178,2140,13960,210,3.368152066872782,-9.717836162988116,-2.974579906542056,1.4150199140401145,-5.288814285714285,5.299878621321425,3.9832631578947364,4.930726635514019,3.912652865329513,5.516628571428571,3528,4.649243480725623,-5.363906746031746,8733,5.299878621321425,3.368152066872782,2119.0,-5.0,4552.0,1892.0,0.10756782423165667,-0.01719920254638385,-0.590965435124402,-0.183590315968444,0.05591156482701898,-0.2506075668638994,0.24618052896319043,0.11246430192613621,-0.5941109680413659,0,0,0.801963010652878,-0.5537061478923846,0.8154312840358718
PAN,2015,19569,3389,4960,20632,487,2.9253012417599265,-9.810208616110947,-2.801392943548387,1.4115512310973246,-4.935605749486653,2.3728180285144878,0.4152298613160227,1.4531681451612901,1.7245270938348196,1.1177823408624223,8836,1.0365875961973745,-5.6072143503847895,19569,2.3728180285144878,2.9253012417599265,5308.0,7427.0,10836.0,15388.0,-3.6126558845282486,-3.505088060296592,-2.9270605928069373,-3.5180260279313393,-0.24330760435304377,-0.1873960395260248,-0.44285082511285534,-0.1966702961496649,1.5347421046613148,1,0,1.5115807015537714,1.1165837844312494,1.3721945948104164
PAN,2020,21840,2916,3910,20802,441,3.2616079670329667,-9.805429698216736,-2.9057859335038363,1.680261369099125,-5.296829931972789,-0.438446336996337,-4.801812414266117,-3.5164017902813303,-1.873619603884242,-3.4446802721088434,7267,-4.027840924728223,-5.819479565157562,21840,-0.438446336996337,3.2616079670329667,-1569.0,3739.0,2271.0,13107.0,-5.064428520925597,-8.677084405453847,-2.8112643655108247,-5.7383249583177625,-0.21226521477277238,-0.45557281912581615,0.3363067252730403,-0.10654409983981505,0.9054711040828471,0,0,1.301823701360949,1.4666417796607596,1.4888805932202531
PAN,2024,12787,2352,2843,14179,288,3.084598263861735,-9.855785289115646,-2.874520225114316,1.4759708724169545,-4.935135416666666,-0.07763744427934623,-5.017551445578231,-3.757575448469926,-1.9266387615487695,-3.7298958333333334,5483,-4.296603684114536,-5.977455225241656,12787,-0.07763744427934623,3.084598263861735,-1784.0,-3353.0,-9053.0,-6782.0,-0.26876275938631267,-5.33319128031191,0.3608088927169908,-2.450455472793834,-0.15797566008409447,-0.37024087485686685,-0.17700970317123188,0.1592970221018084,0.18997112636966285,0,0,1.0633237087898877,0.0711882213988679,1.023729407132956
PER,2000,26104,3990,6433,26843,707,3.11099839105118,-9.621234837092732,-3.1551181408363127,1.3122411801959541,-5.415544554455446,5.892282600367761,4.864265413533835,5.545235970775687,5.576814290504042,5.238766619519095,11130,5.281646900269541,-5.616746810422282,26104,5.892282600367761,3.11099839105118,,,,,,,,,,,,,-0.9805238718367781,0,0,0.6731587093877407,-0.8767784034141187,0.7077405321952938
PER,2005,13313,3437,5093,20240,472,3.1169126417787125,-9.801208030258946,-2.8963781661103476,0.6245017786561264,-5.454313559322034,5.376813190114925,4.116440500436426,4.938724131160416,5.001053409090909,4.779381355932204,9002,4.6164181293045985,-5.666789824483448,13313,5.376813190114925,3.1169126417787125,-2128.0,,-12791.0,,-0.6652287709649425,,-0.5154694102528357,,-0.05004301406116607,,0.0059142507275327105,,-1.0804586456991767,0,0,0.6398471181002745,-1.1452116487782968,0.6182627837405676
PER,2010,40083,8654,10318,59295,975,3.232707332285507,-9.7953725444881,-2.8702327970536925,1.3121059279871827,-5.10370358974359,5.681858568470424,4.121188236653571,4.9167930800542745,4.774285673328275,4.8346820512820505,19947,4.5676066075099016,-5.983873615079963,40083,5.681858568470424,3.232707332285507,10945.0,8817.0,26770.0,13979.0,-0.048811521794696944,-0.7140402927596394,0.3050453783554987,-0.21042403189733694,-0.3170837905965147,-0.36712680465768077,0.11579469050679458,0.1217089412343273,-0.5664614182913043,0,0,0.8111795272362319,-0.5834136675102923,0.8055287774965693
PER,2015,105677,18140,24456,139454,2724,3.038133964817321,-9.815165600882029,-2.9636204203467447,1.5283769415004231,-5.139286343612334,2.916170178941492,1.1550374310915106,1.421202567877004,2.092526058772068,1.4058377386196768,45320,1.3137425198587822,-5.836823058252427,105677,2.916170178941492,3.038133964817321,25373.0,36318.0,65594.0,92364.0,-3.2538640876511193,-3.3026756094458163,-2.7656883895289317,-2.460643011173433,0.1470505568275362,-0.1700332337689785,-0.1945733674681862,-0.07877867696139162,0.6251010897964021,0,0,1.208367029932134,0.7931487823699276,1.2643829274566425
PER,2020,149598,23647,41274,195293,4588,2.996666225484298,-9.776747198376114,-2.8689806900227746,1.3894630734332516,-4.993179598953792,-0.6176795946469873,-5.562707700765424,-4.183184183747638,-2.6404485567839093,-4.520770706190061,69509,-4.674781524694644,-5.359216187831791,149598,-0.6176795946469873,2.996666225484298,24189.0,49562.0,43921.0,109515.0,-5.988524044553426,-9.242388132204546,-3.5338497735884795,-6.299538163117411,0.47760687042063577,0.624657427248172,-0.041467739333022724,-0.23604110680120893,1.7610607913742025,1,0,1.5870202637914008,1.7148794187267458,1.5716264729089153
PER,2024,72523,14598,20283,98807,2266,2.917576148256415,-9.770574462255103,-2.9491481043238177,1.2165862641310838,-4.991581200353044,-0.4558967086303656,-6.886736128236746,-4.620104718236948,-2.9386869654983956,-4.786047661076787,37147,-5.520966484507498,-5.754417314991789,72523,-0.4558967086303656,2.917576148256415,-32362.0,-8173.0,-77075.0,-33154.0,-0.8461849598128541,-6.83470900436628,0.16178288601662172,-3.3720668875718576,-0.3952011271599982,0.08240574326063754,-0.07909007722788308,-0.1205578165609058,0.24128205465665417,0,0,1.080427351552218,0.0973755186060344,1.0324585062020115
POL,2000,61901,3599,13281,63822,1281,3.400556388426681,-9.795367879966657,-3.1190809427000974,1.7760955783272228,-5.102078844652615,5.871360107268056,4.632959433175882,5.517197123710564,5.5572087994735355,5.589679156908665,18161,5.347078630031386,-4.582005726556908,61901,5.871360107268056,3.400556388426681,,,,,,,,,,,,,-1.0404192690689134,0,0,0.653193576977029,-1.0288847650707234,0.6570384116430923
POL,2005,54567,4838,11414,61117,1225,3.2313275606135576,-9.853160396858206,-3.133340196250219,1.7363178493708789,-5.138815510204083,5.690193963384464,4.187802811078958,5.249022253373051,5.295209401639479,5.341988571428571,17477,4.961770670023459,-5.13409532528466,54567,5.690193963384464,3.2313275606135576,-684.0,,-7334.0,,-0.38530796000792655,,-0.1811661438835923,,-0.5520895987277523,,-0.16922882781312332,,-1.0552952952830115,0,0,0.6482349015723294,-1.1103642349682008,0.6298785883439331
POL,2010,103540,14021,23726,120353,3146,3.355778211319297,-9.847433563939806,-3.0879685155525585,1.6831551602369696,-5.09172631913541,5.546377245508983,4.3306622209542835,5.116111776110596,5.244274193414372,5.196367132867133,40893,4.852978602694838,-5.559743183429927,103540,5.546377245508983,3.355778211319297,23416.0,22732.0,48973.0,41639.0,-0.10879206732862112,-0.4941000273365477,-0.143816717875481,-0.3249828617590733,-0.4256478581452674,-0.9777374568730197,0.12445065070573946,-0.044778177107383854,-0.5460306317898486,0,0,0.8179897894033838,-0.5662826861150289,0.8112391046283237
POL,2015,188430,28249,41237,226930,5361,3.1043920023350853,-9.807903642606819,-2.9508633023740813,1.616586744811175,-5.156456631225518,2.6780841055033697,0.7117056178979787,1.2623898440720713,1.8993996254351562,0.820896661070696,74847,1.0229263564337918,-5.696848023300868,188430,2.6780841055033697,3.1043920023350853,33954.0,57370.0,84890.0,133863.0,-3.8300522462610465,-3.9388443135896676,-2.868293140005613,-3.012109857881094,-0.1371048398709407,-0.5627526980162081,-0.2513862089842118,-0.12693555827847236,0.19242052913630675,0,0,1.064140176378769,0.3768305126301114,1.125610170876704
POL,2020,305842,48800,84033,370938,11745,3.0348735687054096,-9.81393637295082,-2.972100174931277,1.4712763372854762,-5.087471094082588,-0.804603540390136,-4.102362991803278,-3.219678590553711,-2.0617450759965275,-3.334189527458493,144578,-3.5269171035703906,-5.453298129729282,305842,-0.804603540390136,3.0348735687054096,69731.0,103685.0,117412.0,202302.0,-4.549843460004182,-8.379895706265229,-3.4826876458935057,-6.350980785899119,0.2435498935715863,0.10644505370064561,-0.06951843362967569,-0.3209046426138875,1.7089705056498763,1,0,1.5696568352166254,1.6812574992135065,1.5604191664045022
POL,2024,212788,38550,52265,257214,9226,3.027975360452657,-9.795221089494163,-2.9549873529130393,1.7415041716236286,-5.134843810969001,-1.2860941171494633,-4.013558988326848,-3.5941384865588826,-2.413993421819963,-3.8004287882072405,100041,-3.7747833688187837,-5.791847902360032,212788,-1.2860941171494633,3.027975360452657,-44537.0,25194.0,-93054.0,24358.0,-0.24786626524839317,-4.7977097252525756,-0.48149057675932727,-3.964178222652833,-0.33854977263075003,-0.09499987905916374,-0.006898208252752447,-0.07641664188242814,0.7403541613555904,0,0,1.2467847204518634,0.6474436743103343,1.2158145581034447
PSE,2000,387,17,42,287,7,2.978937984496124,-9.970588235294118,-3.1431190476190474,1.5484668989547037,-4.4,6.3621576227390175,4.049705882352941,4.878166666666666,5.82822299651568,5.037428571428571,66,4.681666666666666,-5.035015151515151,387,6.3621576227390175,2.978937984496124,,,,,,,,,,,,,-1.3381435074949004,0,0,0.5539521641683665,-1.3164556619195265,0.5611814460268245
PSE,2005,680,40,94,479,5,3.2719676470588235,-9.81255,-3.3086382978723403,1.9966116910229643,-4.92,6.092291176470588,3.6274749999999996,4.432468085106383,5.141549060542798,3.5688000000000004,139,4.169748201438849,-5.238230215827338,680,6.092291176470588,3.2719676470588235,73.0,,293.0,,-0.5119184652278168,,-0.2698664462684297,,-0.20321506431218683,,0.2930296625626996,,-1.2329556294829178,0,0,0.5890147901723608,-1.2108653227620063,0.596378225745998
PSE,2010,3664,246,835,4478,86,3.1024344978165943,-9.750105691056909,-3.175892215568862,1.826728226887003,-5.023581395348837,5.841051855895197,5.116272357723577,5.490589221556886,5.606063421170165,6.304627906976744,1167,5.4716735218509,-4.697878320479863,3664,5.841051855895197,3.1024344978165943,1028.0,1101.0,2984.0,3277.0,1.3019253204120513,0.7900068551842345,-0.2512393205753911,-0.5211057668438208,0.5403518953474746,0.3371368310352878,-0.16953314924222918,0.1234965133204704,0.24832024169952036,0,0,1.0827734138998402,-0.13550159564241498,0.9548328014525284
PSE,2015,5216,811,1077,6000,117,3.150478144171779,-9.77966091245376,-2.9286555246053854,1.76417,-4.712709401709402,2.9334442101226994,-0.3533045622688039,2.2655283194057567,2.6256615000000005,2.294324786324786,2005,1.2079201995012472,-5.803917206982544,5216,2.9334442101226994,3.150478144171779,838.0,1866.0,1552.0,4536.0,-4.263753322349653,-2.9618280019376018,-2.9076076457724973,-3.1588469663478884,-1.106038886502681,-0.5656869911552063,0.048043646355184766,-0.12148950288704441,1.455819444083648,0,1,1.4852731480278827,0.4238028629667022,1.1412676209889008
PSE,2020,7755,463,853,7016,158,3.0335096067053513,-9.891950323974083,-3.1559941383352874,2.134749714937286,-4.84053164556962,0.645674661508704,-2.0360820734341254,-1.7196084407971863,-0.37281342645381976,-1.9852405063291139,1474,-1.8474898236092268,-5.452401628222524,7755,0.645674661508704,3.0335096067053513,-531.0,307.0,2539.0,4091.0,-3.0554100231104737,-7.319163345460127,-2.2877695486139955,-5.195377194386492,0.3515155787600204,-0.7545233077426605,-0.11696853746642777,-0.068924891111243,0.690685701284159,0,0,1.2302285670947197,1.3387990101371587,1.4462663367123862
PSE,2024,6538,317,689,5451,111,3.3973597430406857,-9.914905362776024,-3.1204121915820027,2.275059988992845,-4.908288288288288,0.9108198225757113,-1.625268138801262,-1.4713381712626994,-0.015081086039258871,-1.4756216216216214,1117,-1.5154485228290062,-5.226328558639212,6538,0.9108198225757113,3.3973597430406857,-357.0,-888.0,-1217.0,1322.0,0.33204130078022054,-2.723368722330253,0.26514516106700725,-2.0226243875469883,0.22607306958331197,0.5775886483433323,0.36385013633533436,0.2468815988689066,0.17627374991049125,0,0,1.0587579166368304,0.9002207072200868,1.3000735690733622
ROU,2000,51057,2347,8593,43866,865,3.4092791194155554,-9.850624627183638,-3.125459327359479,1.785270186476998,-5.197354913294797,5.997542237107547,4.357178951853429,5.6903048993366685,5.696074932749737,5.642090173410405,11805,5.421727827191868,-4.61433290978399,51057,5.997542237107547,3.4092791194155554,,,,,,,,,,,,,-1.0037184362730291,0,0,0.6654271879089904,-0.8575477362920597,0.7141507545693134
ROU,2005,38338,2144,6648,34980,792,3.363993296468256,-9.774917444029848,-3.110465102286402,1.8863368782161234,-5.1017133838383835,6.046888778757369,4.168206623134329,5.49327135980746,5.578260034305318,5.47172601010101,9584,5.195065734557596,-4.765896494156928,38338,6.046888778757369,3.363993296468256,-2221.0,,-12719.0,,-0.22666209263427195,,0.049346541649821773,,-0.15156358437293882,,-0.04528582294729944,,-1.1349683934090466,0,0,0.6216772021969845,-1.1389608368480335,0.6203463877173221
ROU,2010,58075,4681,13551,63445,1557,3.3174811708996983,-9.82770006408887,-2.965970777064423,1.8131603593663803,-5.08385870263327,5.714261696082652,4.498483657338176,5.080064349494502,5.2553758215777435,4.89170777135517,19789,4.927674111880337,-4.7557179240992475,58075,5.714261696082652,3.3174811708996983,10205.0,7984.0,19737.0,7018.0,-0.267391622677259,-0.49405371531153097,-0.3326270826747164,-0.28328054102489464,0.010178570057680858,-0.14138501431525796,-0.04651212556855766,-0.0917979485158571,-0.5319040923856081,0,0,0.822698635871464,-0.7022716029716868,0.7659094656761044
ROU,2015,107181,9363,26940,135856,2866,3.2060881966020096,-9.7840081170565,-2.930907535263549,1.707068204569544,-4.9284382414515004,2.826527742790233,0.8658184342625223,1.4582365627319969,1.9220591729478271,1.8804567341242147,39169,1.3475181904056777,-4.715239628277465,107181,2.826527742790233,3.2060881966020096,19380.0,29585.0,49106.0,68843.0,-3.5801559214746588,-3.847547544151918,-2.8877339532924196,-3.220361035967136,0.04047829582178242,0.050656865879463275,-0.11139297429768868,-0.15790509986624635,0.6133566772208824,0,0,1.204452225740294,0.38421882205399494,1.128072940684665
ROU,2020,167847,15481,37949,188953,4300,3.043539205347727,-9.783410567792778,-3.056660201849851,1.729719136504845,-4.966503023255814,0.12068101306547034,-3.8593138686131385,-2.6970441381854595,-1.4567420522563812,-3.1407990697674424,57730,-3.0417738091113806,-5.00277394768751,167847,0.12068101306547034,3.043539205347727,18561.0,37941.0,60666.0,109772.0,-4.3892919995170585,-7.969447920991717,-2.7058467297247626,-5.593580683017182,-0.28753431941004504,-0.24705602358826262,-0.1625489912542828,-0.2739419655519715,1.7102186557898231,1,0,1.5700728852632744,1.726478996464617,1.575492998821539
ROU,2024,116395,12374,19990,124955,2298,3.1325362601486315,-9.752692177145628,-2.977520460230115,2.1159559521427713,-5.08823498694517,0.3269898621074788,-3.8643637465653793,-2.500137868934467,-1.1348641110799889,-2.948645778938207,34662,-3.0168882638047427,-5.536126334314234,116395,0.3269898621074788,3.1325362601486315,-23068.0,-4507.0,-51452.0,9214.0,0.02488554530663789,-4.36440645421042,0.20630884904200847,-2.499537880682754,-0.5333523866267242,-0.8208867060367693,0.0889970548009047,-0.0735519364533781,0.34701558905697877,0,0,1.115671863018993,0.588082357593168,1.196027452531056
SAU,2000,58850,7396,8870,43226,1091,3.1132098725573494,-9.89082774472688,-2.976448027057497,1.5873214269189841,-5.426830430797434,5.915205896346644,3.3872609518658736,5.147828635851184,5.326123906907879,4.793917506874427,17357,4.375386645157573,-6.0767602696318495,58850,5.915205896346644,3.1132098725573494,,,,,,,,,,,,,-0.8898187465623485,0,0,0.7033937511458839,-1.0462317126547553,0.6512560957817481
SAU,2005,69877,18005,17414,72673,2965,3.04846813686907,-9.884817661760621,-2.8142485930860226,1.240260220439503,-5.589900168634064,5.934405312191422,3.4861207442377116,5.307612955093603,5.262050857952747,4.88495784148398,38384,4.4205469987494785,-6.345287645894123,69877,5.934405312191422,3.04846813686907,21027.0,,11027.0,,0.04516035359190518,,0.01919941584477769,,-0.2685273762622735,,-0.06474173568827934,,-0.7790395487461327,0,0,0.7403201504179557,-1.0048170347380876,0.6650609884206375
SAU,2010,186661,28130,40307,198375,5868,3.141825094690374,-9.818312939921793,-3.0181281911330538,1.7767502608695651,-5.221466768916155,6.044516717471781,3.895690899395663,5.397117895154688,5.5143213660995585,4.905828220858896,74305,4.789917448354754,-5.766508350716641,186661,6.044516717471781,3.141825094690374,35921.0,56948.0,116784.0,127811.0,0.36937044960527565,0.41453080319718083,0.11011140528035934,0.12931082112513703,0.5787792951774824,0.31025191891520887,0.09335695782130404,0.028615222133024698,-0.5897924110300395,0,0,0.8034025296566535,-0.5662052866814875,0.8112649044395042
SAU,2015,495977,136338,159337,630579,23153,3.0930625774985536,-9.871235510275932,-2.9029037637209183,1.4946611320706842,-5.145636418606661,2.284538079386746,-1.2286982792765042,0.7830751049662036,1.490747696957875,0.19263153802962865,318828,-0.1200817682261284,-6.0455838383078015,495977,2.284538079386746,3.0930625774985536,244523.0,280444.0,309316.0,426100.0,-4.909999216580883,-4.540628766975607,-3.7599786380850353,-3.649867232804676,-0.27907548759116096,0.2997038075863214,-0.048762517191820454,0.04459444062948359,0.6984589699379802,0,0,1.2328196566459935,0.5955089161363241,1.1985029720454414
SAU,2020,810810,235326,272503,1008011,40758,3.0934111666111663,-9.888854843918649,-2.829304484721269,1.6184909728167651,-5.191913268560773,-1.2037713175713174,-4.998024115482353,-3.7787084802736115,-2.502233022258686,-4.165571814122381,548587,-4.330497798890605,-6.033155390120436,810810,-1.2037713175713174,3.0934111666111663,229759.0,474282.0,314833.0,624149.0,-4.210416030664476,-9.120415247245358,-3.4883093969580634,-7.248288035043099,0.012428448187365326,-0.26664703940379564,0.0003485891126127072,-0.048413928079207746,1.9089273064127954,1,0,1.6363091021375986,1.777943603044664,1.5926478676815545
SAU,2024,402332,46002,63981,336656,10077,3.262372592784069,-9.885108256162775,-2.8943631390569076,2.157225577444038,-5.16217078495584,0.5369447794358887,-4.0610492152515105,-2.586702239727419,-0.7617864051138254,-3.609915748734742,120060,-3.2374921122771947,-5.7632699733466595,402332,0.5369447794358887,3.262372592784069,-428527.0,-198768.0,-408478.0,-93645.0,1.09300568661341,-3.1174103440510663,1.7407160970072062,-1.7475932999508572,0.26988541677377675,0.2823138649611421,0.16896142617290266,0.16931001528551537,-0.3487355700122549,0,0,0.883754809995915,0.24380151489334287,1.0812671716311142
SGP,2000,8911,1816,1703,8238,182,3.13498058579284,-9.864907488986784,-2.9501297709923664,1.9994391842680264,-5.09221978021978,5.749359780047133,3.757024779735683,5.096145625367,5.417274945375091,5.3483901098901105,3701,4.451472574979736,-6.4483996217238575,8911,5.749359780047133,3.13498058579284,,,,,,,,,,,,,-1.2149461800361723,0,0,0.5950179399879425,-1.2042691234122818,0.5985769588625727
SGP,2005,13265,1335,2259,11579,229,3.0462462118356575,-9.825358052434456,-2.9763736166445334,1.9424904568615595,-5.317816593886462,5.889648548812665,3.870073408239701,5.229250553342187,5.601566801969082,5.203414847161572,3823,4.7530753335077165,-5.508307873397855,13265,5.889648548812665,3.0462462118356575,122.0,,4354.0,,0.3016027585279808,,0.1402887687655321,,0.9400917483260027,,-0.08873437395718264,,-1.1950868480772048,0,0,0.6016377173075984,-0.9738124886593832,0.6753958371135389
SGP,2010,20603,3397,4352,23288,577,3.1149726738824444,-9.839658522225493,-2.7660981158088234,1.6257659738921335,-5.162662045060658,5.894615881182352,3.667962908448631,4.802767233455882,5.258475137409825,4.659694974003466,8326,4.329853110737449,-5.818188205620946,20603,5.894615881182352,3.1149726738824444,4503.0,4625.0,7338.0,11692.0,-0.4232222227702671,-0.12161946424228631,0.00496733236968705,0.14525610113521914,-0.3098803322230914,0.6302114161029113,0.0687264620467869,-0.020007911910395748,-0.4620821610999081,0,0,0.8459726129666973,-0.5854131350037172,0.8048622883320943
SGP,2015,44655,7321,8572,50734,1141,3.0284608890381817,-9.782399808769293,-2.8923247783481103,1.689452536760358,-5.082989482909729,3.0232791400739,1.1969011064062285,1.7163384274381708,2.2106944455394806,1.5601218229623135,17034,1.482626805213103,-6.000331572149818,44655,3.0232791400739,3.0284608890381817,8708.0,13211.0,24052.0,31390.0,-2.8472263055243463,-3.2704485282946134,-2.871336741108452,-2.866369408738765,-0.18214336652887209,-0.4920236987519635,-0.0865117848442627,-0.0177853227974758,0.9554183528237651,0,0,1.3184727842745882,0.6876559920235491,1.2292186640078497
SGP,2020,61887,7689,9499,64951,1445,2.954047699840031,-9.76040135258161,-2.99699136751237,1.867867623285246,-5.057345328719723,-0.21026071711344868,-4.403369358824295,-3.0085241604379407,-1.7766994349586611,-3.244322491349481,18633,-3.6024002576074707,-5.947727741104492,61887,-0.21026071711344868,2.954047699840031,1599.0,10307.0,17232.0,41284.0,-5.085027062820574,-7.93225336834492,-3.2335398571873486,-6.1048765982958,0.05260383104532629,-0.1295395354835458,-0.07441318919815076,-0.16092497404241346,1.2157058266138379,0,1,1.405235275537946,1.5997434357676807,1.53324781192256
SGP,2024,40658,5860,8539,44551,1072,2.9856624526538447,-9.769480375426621,-2.9087414217121443,1.2866530717604543,-4.871015858208956,-0.09155644645580206,-5.809034982935153,-4.303996955146973,-2.5669744337949765,-4.05009328358209,15471,-4.856471785922047,-5.643373214401138,40658,-0.09155644645580206,2.9856624526538447,-3162.0,-1563.0,-21229.0,-3997.0,-1.2540715283145767,-6.3390985911351505,0.11870427065764662,-3.114835586529702,0.30435452670335383,0.3569583577486801,0.03161475281381376,-0.042798436384337,0.7009910097756827,0,0,1.2336636699252277,0.4760953192841519,1.158698439761384
SLV,2000,87,11,13,97,10,3.199057471264368,-10.0,-2.6923076923076925,1.2104948453608249,-4.6597,3.8375517241379304,2.9483636363636365,3.9392307692307686,3.4388453608247427,4.8092,34,3.8745294117647053,-5.635205882352942,87,3.8375517241379304,3.199057471264368,,,,,,,,,,,,,-0.9392537068794669,0,0,0.6869154310401777,-0.9766993235294589,0.6744335588235137
SLV,2005,36,3,5,51,2,3.0028888888888887,-10.0,-2.4,2.1018823529411765,-4.4,6.274000000000001,2.549,4.4276,4.3143529411764705,3.59,10,3.6964999999999995,-5.08,36,6.274000000000001,3.0028888888888887,-24.0,,-51.0,,-0.17802941176470588,,2.4364482758620705,,0.5552058823529418,,-0.19616858237547907,,-1.0178889009437944,0,0,0.6607036996854019,-1.0226439804087848,0.6591186731970717
SLV,2010,463,30,47,496,5,2.8986846652267815,-9.9,-2.9148723404255317,2.349510080645161,-5.959999999999999,5.875149028077755,4.372333333333333,6.333936170212767,5.236711693548388,4.1028,82,5.480231707317073,-5.656085365853659,463,5.875149028077755,2.8986846652267815,72.0,48.0,427.0,376.0,1.7837317073170738,1.6057022955523679,-0.39885097192224617,2.0375973039398243,-0.5760853658536593,-0.020879483500717555,-0.10420422366210724,-0.3003728060375863,-0.781983318750812,0,0,0.7393388937497294,-0.6379700884975666,0.7873433038341444
SLV,2015,1577,293,186,1889,58,2.601823081800888,-9.940143344709897,-3.0056666666666665,1.8239396506087875,-4.872293103448275,1.1920596068484464,0.5778532423208192,1.6036290322580644,1.2875193223928003,1.1141896551724135,537,0.9910782122905029,-6.9908919925512105,1577,1.1920596068484464,2.601823081800888,455.0,527.0,1114.0,1541.0,-4.489153495026571,-2.7054217877094966,-4.683089421229308,-5.081940393151554,-1.3348066266975511,-1.9108919925512104,-0.29686158342589364,-0.4010658070880009,0.7088089020520627,0,0,1.2362696340173542,0.36560535784692266,1.1218684526156408
SLV,2020,3168,388,345,2643,103,2.7968472222222225,-9.874904639175258,-3.208776811594203,1.7083234960272418,-4.780766990291262,-0.803935606060606,-3.321997422680412,-1.4554927536231885,-1.2752330684827846,-2.540174757281554,836,-2.4554043062200956,-6.496303827751196,3168,-0.803935606060606,2.7968472222222225,299.0,754.0,1591.0,2705.0,-3.4464825185105985,-7.935636013537168,-1.9959952129090524,-6.679084634138361,0.4945881648000148,-0.8402184618975364,0.19502414042133465,-0.10183744300455899,1.6884723614368087,1,0,1.5628241204789362,1.798898477356871,1.5996328257856236
SLV,2024,1696,184,189,1620,52,2.942038325471698,-9.820554347826087,-2.9153386243386246,1.9038993827160493,-5.004,0.10644811320754717,-2.099565217391304,-1.9173809523809524,-0.6508925925925926,-2.1999615384615385,425,-2.030830588235294,-6.1604447058823535,1696,0.10644811320754717,2.942038325471698,-411.0,-112.0,-1472.0,119.0,0.4245737179848015,-3.021908800525797,0.9103837192681532,-1.0856114936408992,0.33585912186884226,0.830447286668857,0.1451911032494757,0.34021524367081035,0.34184466308520123,0,0,1.1139482210284004,0.4728095572320162,1.1576031857440054
SOM,2000,14640,6776,4090,16077,563,3.143470491803279,-9.827470631641084,-2.9685271393643036,1.8235741742862475,-5.2790568383658965,5.8878271174863395,4.126261806375442,5.362159413202934,5.374932823287928,5.039358792184725,11429,4.613521830431359,-7.148860442733397,14640,5.8878271174863395,3.143470491803279,,,,,,,,,,,,,-1.1587871718338645,0,0,0.6137376093887119,-1.2211420970388207,0.592952634320393
SOM,2005,28815,8496,6257,29094,981,3.339730140551796,-9.846199152542372,-2.906061211443184,1.5758884993469444,-5.304118246687054,5.2815843137254905,3.8211796139359704,5.046908102924724,5.091330996081666,4.891860346585117,15734,4.375375683233761,-6.803093491801194,28815,5.2815843137254905,3.339730140551796,4305.0,,14175.0,,-0.23814614719759764,,-0.6062428037608489,,0.34576695093220255,,0.19625964874851665,,-1.1119085683677612,0,0,0.6293638105440795,-1.0600385577648208,0.6466538140783931
SOM,2010,140661,98583,47523,209972,10768,3.0551009021690447,-9.827538936733514,-2.807959619552638,1.8428910759529844,-5.50890044576523,4.916568572667619,3.5918313908077453,4.442601456137028,4.639119396871964,4.296256407875186,156874,3.897913943674542,-7.404609916238511,140661,4.916568572667619,3.0551009021690447,141140.0,145445.0,111846.0,126021.0,-0.4774617395592191,-0.7156078867568167,-0.3650157410578716,-0.9712585448187205,-0.6015164244373166,-0.255749473505114,-0.2846292383827511,-0.08836958963423447,0.4250127076382306,0,0,1.141670902546077,0.2111280350845474,1.070376011694849
SOM,2015,243466,152143,74080,327034,16069,2.9898310564924877,-9.849314283272973,-2.8005723002159826,1.5745329170667268,-5.416378679444893,2.2203448777242,0.32471789040573656,1.2506916306695466,1.8581449818673283,1.1738220797809449,242292,0.6641446560348669,-7.400188235682564,243466,2.2203448777242,2.9898310564924877,85418.0,226558.0,102805.0,214651.0,-3.2337692876396753,-3.7112310271988944,-2.696223694943419,-3.0612394360012907,0.0044216805559464945,-0.5970947438813701,-0.06526984567655703,-0.34989908405930814,1.3551582479094493,0,1,1.4517194159698164,1.3795406879990844,1.4598468959996949
SOM,2020,220589,136790,65033,281858,12110,3.011589032091355,-9.869807434754001,-2.784745329294358,1.6286843623384828,-5.232268208092485,-2.114171463672259,-6.58778116821405,-4.887309335260561,-3.879847926970319,-5.339222956234518,213933,-6.000182131788924,-7.453520821939577,220589,-2.114171463672259,3.011589032091355,-28359.0,57059.0,-22877.0,79928.0,-6.664326787823791,-9.898096075463467,-4.3345163413964585,-7.030740036339878,-0.05333258625701287,-0.048910905701066376,0.021757975598867496,-0.04351187007768953,1.046347489327517,0,1,1.3487824964425057,1.11953605533797,1.3731786851126566
SOM,2024,84336,38126,23634,104125,5041,3.2294877988047808,-9.886355033310602,-2.895500253871541,1.9582214741896757,-5.106084110295575,-1.4059060187820147,-6.16379961181346,-4.3972689345857665,-3.3947762304921962,-5.191287641341004,66801,-5.465417568599272,-7.0522775856648865,84336,-1.4059060187820147,3.2294877988047808,-147132.0,-175491.0,-136253.0,-159130.0,0.5347645631896523,-6.129562224634139,0.7082654448902443,-3.626250896506215,0.4012432362746905,0.3479106500176776,0.21789876671342556,0.23965674231229306,-0.5558227046735712,0,0,0.8147257651088096,-0.42902412361796016,0.8569919587940132
SYR,2000,97563,4937,16152,63384,1941,3.523746440761354,-9.834381810816286,-3.2434088657751365,2.1147433894989276,-5.204432766615147,5.911886206861207,4.579214502734454,5.901174715205547,5.887218793386344,5.657409067490985,23030,5.597237820234477,-4.8216103777681285,97563,5.911886206861207,3.523746440761354,,,,,,,,,,,,,-0.8120867389617089,0,0,0.729304420346097,-0.8282776128985747,0.7239074623671418
SYR,2005,78071,10148,20763,67507,2811,3.1613025963546004,-9.862017441860464,-3.0380952174541256,1.7047123113158635,-5.206432230522946,5.692855003778612,4.1283756405203,5.255653710928093,5.361681840401736,4.951219494841694,33722,4.891043591720538,-5.272374266057766,78071,5.692855003778612,3.1613025963546004,10692.0,,-19492.0,,-0.7061942285139384,,-0.21903120308259538,,-0.45076388828963765,,-0.3624438444067537,,-0.7946172315605904,0,0,0.7351275894798033,-0.8689218552381708,0.7103593815872764
SYR,2010,205516,29197,51223,168409,6450,3.377537909457171,-9.863161831695038,-2.9050031626417825,1.6060664275662229,-5.273256744186047,5.890383775472469,4.175205877316163,5.119628565292935,5.426492503369772,4.908746821705426,86870,4.786550443190975,-5.419479901001497,205516,5.890383775472469,3.377537909457171,53148.0,63840.0,127445.0,107953.0,-0.10449314852956348,-0.8106873770435019,0.1975287716938574,-0.021502431388737975,-0.1471056349437312,-0.5978695232333688,0.21623531310257071,-0.146208531304183,-0.7077794669370728,0,0,0.7640735110209758,-0.6031766538750568,0.798941115374981
SYR,2015,1164468,823849,496289,1715833,103568,3.0401554022952975,-9.861389384462443,-2.8828777385757087,1.4681811545762322,-5.344162405376179,1.296141269661339,0.30587699444922584,1.3898777567103042,1.2046486184844327,0.8611632647149701,1423706,0.7241428040620749,-7.1001460308518745,1164468,1.296141269661339,3.0401554022952975,1336836.0,1389984.0,958952.0,1086397.0,-4.0624076391288995,-4.166900787658463,-4.59424250581113,-4.396713734117273,-1.680666129850377,-1.8277717647941083,-0.3373825071618737,-0.12114719405930297,1.4764579438449832,0,1,1.4921526479483278,1.3964066356817,1.4654688785605667
SYR,2020,1171111,786176,442118,1621959,108669,3.051487738566199,-9.865768128256269,-2.8927723639390392,1.8075925877287897,-5.4382537706245575,-3.3342492223196607,-5.529923176235347,-4.7844130729805165,-4.035609776819266,-4.924414690482106,1336963,-5.234175696709632,-7.200009615075361,1171111,-3.3342492223196607,3.051487738566199,-86743.0,1250093.0,6643.0,965595.0,-5.958318500771707,-10.020726139900606,-4.630390491981,-9.22463299779213,-0.09986358422348651,-1.7805297140738636,0.011332336270901688,-0.326050170890972,1.3347297844271728,0,1,1.444909928142391,1.4102584570372272,1.4700861523457425
SYR,2024,251981,130108,70094,293828,15854,2.9545165786309284,-9.854373466658467,-2.8587331583302427,1.4482512694501544,-5.224067427778478,-2.8053738178672196,-5.794192440126665,-4.8598948554797845,-4.002599442531004,-5.141861864513688,216056,-5.443215360832377,-7.245044016366126,251981,-2.8053738178672196,2.9545165786309284,-1120907.0,-1207650.0,-919130.0,-912487.0,-0.209039664122745,-6.167358164894452,0.5288754044524411,-4.101515087528559,-0.0450344012907653,-0.14489798551425181,-0.09697115993527072,-0.08563882366436903,-0.49670429081278333,0,0,0.8344319030624056,-0.5062889707071249,0.8312370097642917
THA,2000,46840,7525,11122,60505,1660,3.0759354397950474,-9.806035481727575,-3.0318463405862253,1.7568660606561444,-5.124369277108434,5.788022438087105,3.786916146179402,5.112805160942276,5.17287468804231,4.870755421686747,20307,4.6016948342935935,-5.71315630078298,46840,5.788022438087105,3.0759354397950474,,,,,,,,,,,,,-1.254577362373232,0,0,0.5818075458755894,-1.1941185786167583,0.601960473794414
THA,2005,48904,13403,12176,63535,2278,3.1277767667266483,-9.873259121092293,-2.8252557490144548,1.1990131581018337,-5.348124231782264,5.643759303942417,3.221739983585764,4.5531404402102496,4.940234059966947,4.3357857769973664,27857,3.894781886060954,-6.422609505689771,48904,5.643759303942417,3.1277767667266483,7550.0,,2064.0,,-0.7069129482326395,,-0.14426313414468783,,-0.709453204906791,,0.05184132693160093,,-1.1396237939328637,0,0,0.6201254020223788,-1.1787121700880072,0.6070959433039975
THA,2010,170951,50629,56080,268659,8655,2.9859915063380735,-9.85577194888305,-3.018892207560627,0.9186926698900836,-5.253702021952628,5.3948013875321,3.0698561693890856,4.765985520684736,4.953964051083344,4.51278902368573,115364,4.0026213116743525,-6.187009326999756,170951,5.3948013875321,2.9859915063380735,87507.0,95057.0,122047.0,124111.0,0.10783942561339854,-0.599073522619241,-0.24895791641031728,-0.3932210505550051,0.23560017869001548,-0.4738530262167755,-0.14178526038857475,-0.08994393345697382,0.19272612838651404,0,0,1.0642420427955046,-0.26771122933777447,0.9107629235540752
THA,2015,354237,74406,105484,523391,14262,2.974260359589767,-9.839541313872537,-2.9665798130522165,1.1865567482054524,-5.069333683915299,2.5190057249807327,0.5685391500685427,1.1664244624777218,1.6102852036049526,1.3053341747300522,194152,0.9474974143969673,-5.755008719971981,354237,2.5190057249807327,2.974260359589767,78788.0,166295.0,183286.0,305333.0,-3.0551238972773853,-2.9472844716639868,-2.875795662551367,-3.1247535789616845,0.4320006070277751,0.6676007857177906,-0.011731146748306553,-0.1535164071368813,1.3923237112050215,0,1,1.464107903735007,1.1003987481819284,1.3667995827273094
THA,2020,390150,62090,97418,519810,11933,2.931767363834423,-9.784213625382511,-2.9169920240612615,1.2920930878590255,-5.006899187128132,-0.4601656337306164,-4.931263053631825,-3.1935698741505676,-2.097947401935323,-3.603119332942261,171441,-3.851408566212284,-5.549528298365035,390150,-0.4601656337306164,2.931767363834423,-22711.0,56077.0,35913.0,219199.0,-4.798905980609251,-7.854029877886637,-2.979171358711349,-5.854967021262716,0.20548042160694546,0.6374810286347206,-0.042492995755344154,-0.05422414250365071,1.0465342419534716,0,1,1.3488447473178238,1.3684657779750664,1.4561552593250222
THA,2024,229816,35985,45317,282614,5813,2.93563657882828,-9.812505877448938,-2.9335370832138046,1.520273241948382,-4.88127834164803,0.09352224823336931,-4.81624640822565,-2.546133746717567,-1.7075251827581082,-3.3574120075692417,87115,-3.537994673707169,-5.905033518911783,229816,0.09352224823336931,2.93563657882828,-84326.0,-107037.0,-160334.0,-124421.0,0.31341389250511487,-4.485492088104136,0.5536878819639858,-2.425483476747363,-0.35550522054674794,-0.15002479893980247,0.003869214993857284,-0.03862378076148687,-0.23738292523891139,0,0,0.9208723582536962,0.17167745188554487,1.0572258172951816
TLS,2000,26,1,1,50,1,3.6619230769230766,-9.0,-4.0,3.5078000000000005,-4.4,6.359923076923077,4.098,6.357,7.059760000000001,6.311,3,5.588666666666666,-5.8,26,6.359923076923077,3.6619230769230766,,,,,,,,,,,,,-0.9368537514302785,0,0,0.6877154161899072,-1.0306262713753906,0.6564579095415364
TLS,2005,51,0,2,51,1,3.039274509803922,,-2.0,2.978117647058824,-4.4,6.749254901960784,,7.211,7.2905686274509796,2.011,3,5.477666666666667,-2.8000000000000003,51,6.749254901960784,3.039274509803922,0.0,,25.0,,-0.11099999999999888,,0.3893318250377069,,2.9999999999999996,,-0.6226485671191546,,-0.9368537514302785,0,0,0.6877154161899072,-0.9685154072908955,0.6771615309030348
TLS,2010,195,20,24,263,3,2.70854358974359,-9.59975,-3.375125,2.2957186311787074,-6.133,6.213579487179488,4.6986,6.884125,5.802117870722433,6.452000000000001,47,5.926531914893617,-6.199936170212766,195,6.213579487179488,2.70854358974359,44.0,44.0,144.0,169.0,0.44886524822694973,0.33786524822695085,-0.5356754147812959,-0.14634358974358896,-3.3999361702127655,-0.39993617021276595,-0.3307309200603319,-0.9533794871794865,-0.2701977126766571,0,0,0.9099340957744476,-0.610756830164203,0.7964143899452657
TLS,2015,740,9,52,597,16,3.158304054054054,-10.0,-2.884461538461539,2.6020217755443884,-4.48775,2.781547297297297,0.025333333333333305,1.4922692307692307,2.765708542713568,3.2243125,77,1.6807142857142856,-4.049298701298702,740,2.781547297297297,3.158304054054054,30.0,74.0,545.0,689.0,-4.2458176291793315,-3.7969523809523813,-3.432032189882191,-3.9677076046634867,2.1506374689140637,-1.2492987012987018,0.4497604643104638,0.1190295442501319,0.1843404955644484,0,0,1.061446831854816,0.7432600068777929,1.247753335625931
TLS,2020,1145,38,155,913,6,3.025909170305677,-9.934236842105262,-3.2258193548387095,2.837042716319825,-4.4,0.28106375545851525,-4.0513157894736835,-2.0222129032258063,-0.13461445783132528,-2.3506666666666667,199,-2.4195829145728642,-4.542226130653266,1145,0.28106375545851525,3.025909170305677,122.0,152.0,405.0,950.0,-4.10029720028715,-8.346114829466481,-2.500483541838782,-5.932515731720973,-0.49292742935456424,1.6577100395594995,-0.13239488374837682,0.31736558056208697,2.0327958757449442,1,0,1.6775986252483146,1.7494560050466157,1.5831520016822052
TLS,2024,488,17,36,412,7,3.8211987704918036,-9.706117647058825,-3.055472222222223,2.473385922330097,-4.971428571428571,1.0479528688524589,-3.2004705882352944,-4.328277777777778,-0.15888834951456315,0.26942857142857146,60,-3.4723333333333333,-5.16335,488,1.0479528688524589,3.8211987704918036,-139.0,-17.0,-657.0,-252.0,-1.052750418760469,-5.153047619047619,0.7668891133939436,-1.7335944284448384,-0.621123869346734,-1.1140512987012983,0.7952896001861265,0.6628947164377497,-0.07323115577217804,0,0,0.9755896147426073,0.11718249690608104,1.039060832302027
TTO,2000,24450,6633,7166,33074,1087,2.976331329243354,-9.85103497663199,-3.2250073960368404,1.8266890306585233,-5.094981600735971,5.424688834355828,4.125659731644807,5.338013815238627,5.274965259720627,5.1326853725850965,14886,4.782811836625018,-6.314024116619641,24450,5.424688834355828,2.976331329243354,,,,,,,,,,,,,1.7932616705035167,1,0,1.597753890167839,1.9564616858524235,1.6521538952841412
TTO,2005,8452,1478,1940,10424,272,3.140817203028869,-9.859156292286874,-3.0463257731958766,1.7662217958557174,-4.938981617647058,5.976253431140558,4.566956698240866,5.475550515463918,5.66372755180353,5.0748566176470575,3690,5.082084281842819,-5.914663414634147,8452,5.976253431140558,3.140817203028869,-11196.0,,-15998.0,,0.2992724452178015,,0.55156459678473,,0.39936070198549434,,0.16448587378551505,,-0.6104446503869021,0,0,0.7965184498710326,-1.2870631470739209,0.5709789509753598
TTO,2010,15301,6133,4234,21398,566,3.118926475393765,-9.851891081037014,-2.9664662257912138,1.76038840078512,-5.186372791519434,5.8768349781060065,4.841918473830099,5.213895843174304,5.519027666137022,5.134116607773851,10933,5.001100429891156,-6.943853745541023,15301,5.8768349781060065,3.118926475393765,7243.0,-3953.0,6849.0,-9149.0,-0.08098385195166369,0.2182885932661378,-0.09941845303455121,0.4521461437501788,-1.0291903309068768,-0.6298296289213825,-0.021890727635104135,0.1425951461504109,0.9445790082598736,0,0,1.314859669419958,0.10154177733616365,1.0338472591120547
TTO,2015,12437,1242,1858,13050,235,2.8984989145292275,-9.82249033816425,-3.063596878363832,2.27147969348659,-4.875540425531915,3.4302679102677494,2.1506006441223833,2.9484472551130247,3.4918745593869733,2.8836042553191485,3335,2.646749025487256,-5.7083802098950525,12437,3.4302679102677494,2.8984989145292275,-7598.0,-355.0,-2864.0,3985.0,-2.3543514044038996,-2.4353352563555632,-2.446567067838257,-2.5459855208728084,1.235473535645971,0.20628320473909412,-0.2204275608645374,-0.24231828849964154,-0.686660776138608,0,0,0.771113074620464,-0.4791217506986563,0.8402927497671145
TTO,2020,12396,1154,2172,12527,181,3.075310261374637,-9.836798093587522,-2.9934682320441985,1.9997098267741675,-5.070828729281769,0.36063778638270405,-3.0427461005199308,-2.702454419889503,-1.1373320827013653,-2.4730441988950274,3507,-2.802589392643285,-5.352522954091816,12396,0.36063778638270405,3.075310261374637,172.0,-7426.0,-41.0,-2905.0,-5.449338418130541,-7.803689822534441,-3.0696301238850454,-5.516197191723302,0.3558572558032367,1.5913307914492076,0.17681134684540956,-0.04361621401912785,-0.6497335264786265,0,0,0.7834221578404579,-0.4874343221544621,0.8375218926151793
TTO,2024,15765,902,1804,10682,143,2.9683397399302254,-9.809203991130818,-3.0558508869179604,2.1405126380827557,-4.7578601398601394,1.3598050111005393,-3.3179057649667403,-3.0835809312638585,-0.5473183860700244,-2.1725384615384615,2849,-3.1120407160407164,-5.27940716040716,15765,1.3598050111005393,2.9683397399302254,-658.0,-486.0,3369.0,3328.0,-0.3094513233974312,-5.7587897415279725,0.9991672247178353,-2.07046289916721,0.07311579368465537,0.42897304948789206,-0.10697052144441166,0.0698408254009979,-0.7910017257592531,0,0,0.736332758080249,0.1956157567384529,1.065205252246151
USA,2000,593450,81646,184568,731674,25885,3.123768170865279,-9.838519658035912,-3.0275435611807024,1.6259964068697261,-5.193709252462816,6.185644495745218,4.961240734389927,5.854567823241298,5.921588562665886,5.731283755070504,292099,5.593944570162855,-5.123271904388581,593450,6.185644495745218,3.123768170865279,,,,,,,,,,,,,-1.0773928131399602,0,0,0.64086906228668,-1.0678440134923914,0.6440519955025361
USA,2005,727039,179607,277577,1049175,45823,3.0786581242546824,-9.843572048973593,-2.932456186931914,1.3929870212309672,-5.406866791785784,6.060406605422817,4.6192868986175375,5.649506126228037,5.740752679009698,5.488866246208236,503007,5.267015254260875,-5.625599033413054,727039,6.060406605422817,3.0786581242546824,210908.0,,133589.0,,-0.32692931590197993,,-0.12523789032240096,,-0.5023271290244731,,-0.04511004661059648,,-1.0482507768610205,0,0,0.6505830743796599,-1.0560501191251237,0.6479832936249588
USA,2010,5569743,1333507,1939039,9069452,244849,2.9918327689446356,-9.823617588809057,-2.9139958917793813,1.6848332153916248,-5.119627844099832,6.040500477670156,4.286579361788126,5.417418132899853,5.6438913675269475,5.256125542681408,3517395,4.977469322325186,-5.687092367504929,5569743,6.040500477670156,2.9918327689446356,3014388.0,3225296.0,4842704.0,4976293.0,-0.289545931935689,-0.6164752478376689,-0.01990612775266154,-0.1451440180750625,-0.06149333409187552,-0.5638204631163486,-0.08682535531004687,-0.13193540192064335,-0.6317402393053082,0,0,0.7894199202315639,-0.628512377035995,0.790495874321335
USA,2015,21793021,5984167,7141498,35300497,871756,2.9068046169918342,-9.805739389960205,-2.9220778860401557,1.5571721913716967,-5.110309255112669,2.8955473615613,0.7653530152149833,1.7793787023394814,2.173010887778719,1.5645354411096684,13997421,1.3324828094403967,-6.001258246215499,21793021,2.8955473615613,2.9068046169918342,10480026.0,13494414.0,16223278.0,21065982.0,-3.6449865128847896,-3.9345324448204786,-3.1449531161088555,-3.164859243861517,-0.3141658787105692,-0.37565921280244474,-0.08502815195280133,-0.1718535072628482,0.8163285769379365,0,0,1.272109525645979,0.8037584463313294,1.2679194821104431
USA,2020,30910258,7949954,10383396,49577909,1331632,2.9004708230516876,-9.793128167282477,-2.909113170777653,1.5574066687645094,-5.072666328234828,-0.6495832994988266,-4.721766826197988,-3.0987308308380035,-2.1323201026892846,-3.4344018580208346,19664982,-3.777605176348497,-5.83861797152929,30910258,-0.6495832994988266,2.9004708230516876,5667561.0,16147587.0,9117237.0,25340515.0,-5.110087985788894,-8.755074498673682,-3.545130661060127,-6.690083777168982,0.16264027468620856,-0.15152560402436066,-0.006333793940146659,-0.091361945892948,1.5994390719172789,1,0,1.5331463573057595,1.6086729984227772,1.5362243328075924
USA,2024,16539764,4343962,5531533,26506799,686317,2.8985314524439403,-9.803361880697851,-2.9376101194732094,1.5103163801106276,-5.048722960381281,-0.6252916089371044,-4.920067939820836,-3.3311991475057634,-2.2637900778966182,-3.7068635339063434,10561812,-4.009095185750324,-5.898603686090985,16539764,-0.6252916089371044,2.8985314524439403,-9103170.0,-3435609.0,-14370494.0,-5253257.0,-0.23149000940182685,-5.34157799519072,0.0242916905617222,-3.5208389704984047,-0.059985714561695325,0.10265456012451324,-0.0019393706077472928,-0.008273164547893952,0.341616180451073,0,0,1.1138720601503578,0.3399750648994042,1.1133250216331347
VEN,2000,17936,2151,4100,17634,526,3.0392777653880465,-9.794414225941422,-3.0100412195121953,1.703560394692072,-5.027920152091254,5.521809154772525,4.0916336587633655,5.125187804878048,5.23951134172621,5.38924144486692,6777,4.817635384388372,-5.32,17936,5.521809154772525,3.0392777653880465,,,,,,,,,,,,,-1.0405881846091098,0,0,0.6531372717969635,-1.134757364425915,0.6217475451913617
VEN,2005,25533,4428,9853,33591,1332,3.137029765401637,-9.795252935862692,-2.881442200345073,1.0670849334643207,-5.300275525525525,5.658700936043552,4.051991418247516,5.037947325687608,5.141600160757345,4.8711201201201195,15613,4.7440879395375655,-5.048625952731698,25533,5.658700936043552,3.137029765401637,8836.0,,7597.0,,-0.07354744485080644,,0.13689178127102686,,0.27137404726830194,,0.0977520000135903,,-0.8822646856989746,0,0,0.7059117714336751,-1.0363849508313518,0.6545383497228827
VEN,2010,94659,12040,29457,134672,3507,3.4687504199283743,-9.792690780730897,-2.8186662592932072,1.4594617515147914,-5.2795791274593675,5.437612102388574,4.333378073089701,5.064827850765522,4.528059284780801,5.017476190476191,45004,4.8654518487245575,-4.876209514709804,94659,5.437612102388574,3.4687504199283743,29391.0,38227.0,69126.0,76723.0,0.12136390918699203,0.04781646433618558,-0.2210888336549779,-0.08419705238395103,0.17241643802189444,0.4437904852901964,0.3317206545267375,0.4294726545403278,-0.3556365783576687,0,0,0.8814544738807771,-0.1412827444159552,0.9529057518613483
VEN,2015,143361,28089,52645,195311,5199,3.0925771862640468,-9.846897041546514,-2.811451324912147,1.134181070190619,-5.162108867089825,2.6223961607410664,1.0077467691979063,1.1418860290625887,1.7743086769306393,1.1767832275437584,85933,1.1001511060942823,-5.25335028452399,143361,2.6223961607410664,3.0925771862640468,40929.0,70320.0,48702.0,117828.0,-3.7653007426302754,-3.6439368334432833,-2.8152159416475073,-3.036304775302485,-0.3771407698141864,-0.204724331792292,-0.37617323366432753,-0.04445257913759004,0.37772947946181046,0,0,1.1259098264872702,0.48935214921079373,1.1631173830702646
VEN,2020,247520,46684,111207,369265,16686,3.060731637847447,-9.795551730785709,-2.845406278381757,0.8146919448092833,-5.210491849454633,-2.3889579185520367,-5.440165002998886,-4.463325752875269,-3.588038690371413,-4.411791441927364,174577,-4.719618747028532,-4.930013117420966,247520,-2.3889579185520367,3.060731637847447,88644.0,129573.0,104159.0,152861.0,-5.819769853122814,-9.58507059575309,-5.011354079293103,-7.82657002094061,0.3233371671030243,-0.053803602711162135,-0.03184554841659981,-0.40801878208092734,1.966053182199476,1,0,1.6553510607331585,1.8380914183428325,1.6126971394476108
VEN,2024,104410,19879,37359,144822,3970,3.0524283880854326,-9.75975738216208,-2.8568508525388796,1.0757744196323762,-4.968862720403022,-1.857000852408773,-5.73493118366115,-4.360715409941379,-3.374707931115438,-4.191186649874055,61208,-4.796034423604757,-5.235748480590773,104410,-1.857000852408773,3.0524283880854326,-113369.0,-24725.0,-143110.0,-38951.0,-0.07641567657622517,-5.896185529699039,0.5319570661432635,-4.479397013149839,-0.30573536316980654,0.017601803933217752,-0.008303249762014353,-0.040148798178614165,-0.0652932129955333,0,0,0.9782355956681555,-0.015018507880403705,0.9949938307065321
