iso3,year,ethnic_group,value_interp,share_interp,total_pop_interp
ARG,2000,African,229472,0.0050302082780061645,45618787.0
ARG,2000,Indigenous,1306730,0.028644558216771525,45618787.0
ARG,2000,Not Stated,44082585,0.9663252335052223,45618787.0
ARG,2005,African,229472,0.0050302082780061645,45618787.0
ARG,2005,Indigenous,1306730,0.028644558216771525,45618787.0
ARG,2005,Not Stated,44082585,0.9663252335052223,45618787.0
ARG,2010,African,229472,0.0050302082780061645,45618787.0
ARG,2010,Indigenous,1306730,0.028644558216771525,45618787.0
ARG,2010,Not Stated,44082585,0.9663252335052223,45618787.0
ARG,2015,African,229472,0.0050302082780061645,45618787.0
ARG,2015,Indigenous,1306730,0.028644558216771525,45618787.0
ARG,2015,Not Stated,44082585,0.9663252335052223,45618787.0
ARG,2020,African,229472,0.0050302082780061645,45618787.0
ARG,2020,Indigenous,1306730,0.028644558216771525,45618787.0
ARG,2020,Not Stated,44082585,0.9663252335052223,45618787.0
ARG,2024,African,229472,0.0050302082780061645,45618787.0
ARG,2024,Indigenous,1306730,0.028644558216771525,45618787.0
ARG,2024,Not Stated,44082585,0.9663252335052223,45618787.0
AUS,2000,Acehnese,67,2.946796068471125e-06,22812914.0
AUS,2000,Acholi,110,4.8229789869236175e-06,22812914.0
AUS,2000,Afgan,12408,0.0005439024580551174,22812914.0
AUS,2000,African American,1201,5.2645619932639906e-05,22812914.0
AUS,2000,"African, so described",11977,0.0005250011875588156,22812914.0
AUS,2000,Afrikaner,1645,7.21082804239739e-05,22812914.0
AUS,2000,Akan,124,5.435517794877059e-06,22812914.0
AUS,2000,Albanian,10458,0.00045842455724858297,22812914.0
AUS,2000,Algerian,696,3.050903536479382e-05,22812914.0
AUS,2000,American,44255,0.0019399100000990668,22812914.0
AUS,2000,Amhara,129,5.657848451464559e-06,22812914.0
AUS,2000,Anglo-Burmese,822,3.6032222801523734e-05,22812914.0
AUS,2000,Anglo-Indian,12327,0.0005403518375600767,22812914.0
AUS,2000,Angolan,114,4.99716958561278e-06,22812914.0
AUS,2000,"Arab, nec (incl. Baggara, Bedouin, Yemeni)",623,2.730909343716458e-05,22812914.0
AUS,2000,"Arab, nfd",15838,0.000694255893832765,22812914.0
AUS,2000,Argentinean,6482,0.00028413730924510566,22812914.0
AUS,2000,Armenian,14666,0.0006428814837069915,22812914.0
AUS,2000,"Asian, so described",3596,0.00015763394435608203,22812914.0
AUS,2000,Assyrian/ Chaldean,18666,0.0008182207674127032,22812914.0
AUS,2000,Australian,6739594,0.29542889610682793,22812914.0
AUS,2000,Australian Aboriginal,94950,0.004162116246964329,22812914.0
AUS,2000,Australian South Sea Islander,3441,0.0001508356188078384,22812914.0
AUS,2000,"Australian peoples, nfd",51,2.239565012038055e-06,22812914.0
AUS,2000,Austrian,38112,0.0016706326951480201,22812914.0
AUS,2000,Azeris,264,1.1551440588406809e-05,22812914.0
AUS,2000,Bahraini,93,4.072737811179944e-06,22812914.0
AUS,2000,Balinese,463,2.031324756532762e-05,22812914.0
AUS,2000,Bangladeshi,20466,0.0008971098173380665,22812914.0
AUS,2000,Barbadian,254,1.1119243831697712e-05,22812914.0
AUS,2000,Bari,67,2.929513162427679e-06,22812914.0
AUS,2000,Basque,454,1.9901008700598267e-05,22812914.0
AUS,2000,Batswana,398,1.744503272534906e-05,22812914.0
AUS,2000,Belarus,1378,6.0404383236617645e-05,22812914.0
AUS,2000,Belgian,7974,0.0003495293043349217,22812914.0
AUS,2000,Bengali,9548,0.0004185348702055336,22812914.0
AUS,2000,Berber,108,4.734160660054213e-06,22812914.0
AUS,2000,Bermudian,203,8.879678819659657e-06,22812914.0
AUS,2000,Bhutanese,2134,9.353006657604468e-05,22812914.0
AUS,2000,Bolivian,473,2.0733870298200398e-05,22812914.0
AUS,2000,Bosnian,17991,0.0007886322632873643,22812914.0
AUS,2000,Brazil,3765,0.00016503810078800105,22812914.0
AUS,2000,Breton,60,2.630089255585674e-06,22812914.0
AUS,2000,British NEC,202,8.859991027830054e-06,22812914.0
AUS,2000,"British, nec (incl. Channel Islander, Guernsey Islander, Manx)",2289,0.00010033790510059346,22812914.0
AUS,2000,"British, nfd",11758,0.0005154098244529393,22812914.0
AUS,2000,Bruneian,212,9.272584962122473e-06,22812914.0
AUS,2000,Bulgarian,4179,0.0001831857166515422,22812914.0
AUS,2000,Burgher,919,4.028420043138724e-05,22812914.0
AUS,2000,Burmese,10559,0.0004628518741621522,22812914.0
AUS,2000,Burundian,2139,9.374442119768573e-05,22812914.0
AUS,2000,Cameroonian,171,7.502411757436739e-06,22812914.0
AUS,2000,Canadian,20007,0.0008770032622750429,22812914.0
AUS,2000,"Caribbean, nfd",1733,7.596574466549955e-05,22812914.0
AUS,2000,"Carribbean Islander, nec (incl.Bahamian, Haitian, Puerto Rican)",723,3.169257552980737e-05,22812914.0
AUS,2000,Catalan,109,4.777995480980641e-06,22812914.0
AUS,2000,"Caucasian, so described",164,7.190182407069544e-06,22812914.0
AUS,2000,"Central American, nec (incl. Belizean, Costa Rican, Mayan)",817,3.5813048696891596e-05,22812914.0
AUS,2000,"Central American, nfd",397,1.7402423907791875e-05,22812914.0
AUS,2000,"Central Asian, nec (incl. Azerbaijani, Chechen, Tatar)",1356,5.944001717623623e-05,22812914.0
AUS,2000,"Central Asian, nfd",22,9.643660603814138e-07,22812914.0
AUS,2000,"Central and West Africa, nec (incl. Fang, Kongo, Liberian)",1691,7.412468218658958e-05,22812914.0
AUS,2000,"Central and West Africa, nfd",142,6.224544571552762e-06,22812914.0
AUS,2000,Chaldean,7339,0.00032171056131294204,22812914.0
AUS,2000,Channel Islander,1040,4.5577112525686733e-05,22812914.0
AUS,2000,Chilean,21579,0.0009459116007713876,22812914.0
AUS,2000,Chin,24467,0.0010724876236107186,22812914.0
AUS,2000,Chinese,556554,0.024396444925887155,22812914.0
AUS,2000,"Chinese Asian, nec (incl. Hui, Manchu, Yi)",500,2.191741046321395e-05,22812914.0
AUS,2000,"Chinese Asian, nfd",3,1.315044627792837e-07,22812914.0
AUS,2000,Colombian,3475,0.00015232600271933695,22812914.0
AUS,2000,Congo,2646,0.00011596585030780788,22812914.0
AUS,2000,Cook Islander,8153,0.00035738529501316667,22812914.0
AUS,2000,Coptic,3346,0.00014667131081982774,22812914.0
AUS,2000,Costa Rican,216,9.469038033353882e-06,22812914.0
AUS,2000,"Creole, so described",356,1.559837385577382e-05,22812914.0
AUS,2000,Croatian,105747,0.004635400808506971,22812914.0
AUS,2000,Cubans,414,1.8147615863541152e-05,22812914.0
AUS,2000,Cypriot,9610,0.000421273965948632,22812914.0
AUS,2000,Czech,17127,0.0007507589780069307,22812914.0
AUS,2000,Danish,38637,0.0016936459761343948,22812914.0
AUS,2000,Darfu/Darfurian,8,3.572577027350828e-07,22812914.0
AUS,2000,Dinka,1192,5.225651694755461e-05,22812914.0
AUS,2000,Dutch,268754,0.011780783463261203,22812914.0
AUS,2000,"Eastern European, nec (incl. Adygei, Khanty, Sorb/Wend)",431,1.8892807819290425e-05,22812914.0
AUS,2000,"Eastern European, nfd",8225,0.0003605414021198695,22812914.0
AUS,2000,Ecuadorian,976,4.278278522419363e-05,22812914.0
AUS,2000,Egyptian,27001,0.0011835839998344797,22812914.0
AUS,2000,Emirati,147,6.4306386492314905e-06,22812914.0
AUS,2000,English,6358880,0.27874036609264385,22812914.0
AUS,2000,Eritrean,2029,8.894085165972221e-05,22812914.0
AUS,2000,Estonian,7542,0.0003306022194271192,22812914.0
AUS,2000,Ethiopian,3054,0.0001338715431093108,22812914.0
AUS,2000,"Eurasian, so described",3438,0.00015071879624873645,22812914.0
AUS,2000,"European, so described",8100,0.00035506928094364737,22812914.0
AUS,2000,Fijian,16620,0.0007285347237972317,22812914.0
AUS,2000,Fijian Indian/Indo-Fijian,13212,0.0005791504619038427,22812914.0
AUS,2000,Filipino,129821,0.005690680287489797,22812914.0
AUS,2000,Finnish,18106,0.0007936732676939036,22812914.0
AUS,2000,Flemish,460,2.0164017626156833e-05,22812914.0
AUS,2000,French,79079,0.003466413804040992,22812914.0
AUS,2000,French Canadian,1246,5.461818687432916e-05,22812914.0
AUS,2000,Frisian,219,9.586909876092726e-06,22812914.0
AUS,2000,Fulani,27,1.1835401650135533e-06,22812914.0
AUS,2000,Georgian,332,1.4553160547574063e-05,22812914.0
AUS,2000,German,742212,0.0325347301094459,22812914.0
AUS,2000,Ghanaian,1816,7.960403480239307e-05,22812914.0
AUS,2000,Gibraltarian,165,7.229473021315826e-06,22812914.0
AUS,2000,Gio,31,1.3575792703933146e-06,22812914.0
AUS,2000,Greek,375703,0.01646887372652174,22812914.0
AUS,2000,Guatemalan,210,9.19400373362991e-06,22812914.0
AUS,2000,Gujarati,120,5.260178511171348e-06,22812914.0
AUS,2000,Gurkha,16,7.013571348228464e-07,22812914.0
AUS,2000,Guyanese,301,1.3194281098854798e-05,22812914.0
AUS,2000,Hawaiian,248,1.0883500146220021e-05,22812914.0
AUS,2000,Hazara,832,3.646169002054938e-05,22812914.0
AUS,2000,Hispanic,2605,0.00011418970851334467,22812914.0
AUS,2000,Hmong,1838,8.056840086277448e-05,22812914.0
AUS,2000,Hungarian,62859,0.0027554130086143314,22812914.0
AUS,2000,Hutu,13,5.500685994479433e-07,22812914.0
AUS,2000,Icelandic,624,2.735292825809101e-05,22812914.0
AUS,2000,Igbo,281,1.2325390744360357e-05,22812914.0
AUS,2000,Inadequately described,69829,0.003060941710471534,22812914.0
AUS,2000,Indian,156628,0.006865760332064549,22812914.0
AUS,2000,Indian Tamil,415,1.8184417069215715e-05,22812914.0
AUS,2000,Indonesian,28267,0.0012390788831273373,22812914.0
AUS,2000,Iranian,18799,0.0008240507985959181,22812914.0
AUS,2000,Iraqi,11193,0.0004906431506295075,22812914.0
AUS,2000,Irish,1919727,0.08415088927262865,22812914.0
AUS,2000,Italian,800256,0.035079078455299485,22812914.0
AUS,2000,Ivoirean,100,4.400548795583546e-06,22812914.0
AUS,2000,Jamaican,1167,5.115523602114136e-05,22812914.0
AUS,2000,Japanese,31433,0.0013778599261804081,22812914.0
AUS,2000,Javanese,597,2.6169388093077457e-05,22812914.0
AUS,2000,Jewish,22554,0.000988650551174655,22812914.0
AUS,2000,Jordanian,2686,0.00011774032900838534,22812914.0
AUS,2000,Kadazan,164,7.190182407069544e-06,22812914.0
AUS,2000,Karen,795,3.4850774836451836e-05,22812914.0
AUS,2000,Kashmiri,212,9.288700271112153e-06,22812914.0
AUS,2000,Kazak,85,3.7259597787463715e-06,22812914.0
AUS,2000,Kenyan,1118,4.900732979574639e-05,22812914.0
AUS,2000,Khmer,21363,0.0009364432794512792,22812914.0
AUS,2000,Kiribati,358,1.5692865891661186e-05,22812914.0
AUS,2000,Korean,43753,0.0019179049199939998,22812914.0
AUS,2000,Krahn,27,1.1789504190257732e-06,22812914.0
AUS,2000,Kunama,15,6.43063864923149e-07,22812914.0
AUS,2000,Kurd,4494,0.00019699368524336698,22812914.0
AUS,2000,Kuwaiti,359,1.5736700712587617e-05,22812914.0
AUS,2000,Kyrgyz,87,3.822657419265386e-06,22812914.0
AUS,2000,Lao,10090,0.0004422933431476575,22812914.0
AUS,2000,Latvian,18937,0.0008301000038837651,22812914.0
AUS,2000,Lebanese,162237,0.007111629842640883,22812914.0
AUS,2000,Liberian,1025,4.4948462697746224e-05,22812914.0
AUS,2000,Libyan,178,7.802598124904166e-06,22812914.0
AUS,2000,Lithuanian,12317,0.0005399134893508124,22812914.0
AUS,2000,Luxembourg,150,6.561532579129038e-06,22812914.0
AUS,2000,Macedonian,81898,0.003589984164232592,22812914.0
AUS,2000,Madi,115,5.037333608564668e-06,22812914.0
AUS,2000,Madura,16,7.013571348228464e-07,22812914.0
AUS,2000,"Mainland South-East Asian, nec (incl. Arakanese, Karen, Mon)",767,3.3621307650570196e-05,22812914.0
AUS,2000,"Mainland South-East Asian, nfd",106,4.644350135556076e-06,22812914.0
AUS,2000,Malawian,106,4.646491018201357e-06,22812914.0
AUS,2000,Malay,18296,0.0008020018836699249,22812914.0
AUS,2000,Malayali,90,3.945133883378511e-06,22812914.0
AUS,2000,Maldivian,272,1.1905056116623344e-05,22812914.0
AUS,2000,Maltese,136754,0.005994587100972721,22812914.0
AUS,2000,Mandaean,243,1.0646279541505467e-05,22812914.0
AUS,2000,Mandinka,71,3.1081420137952206e-06,22812914.0
AUS,2000,Manx,1661,7.280550819835992e-05,22812914.0
AUS,2000,Marathi,9,3.945133883378511e-07,22812914.0
AUS,2000,"Maritime South-East Asian, nec (incl. Balinese, Irian Jayan, Sumatran)",1387,6.07988966249555e-05,22812914.0
AUS,2000,Masai,29,1.2572996558810133e-06,22812914.0
AUS,2000,Mauritian,17886,0.0007840296070900895,22812914.0
AUS,2000,Maya,114,4.989908009277771e-06,22812914.0
AUS,2000,"Melanesian and Papuan, nec (incl. Bisorio, Bougainvillian, Huli)",152,6.662892780817041e-06,22812914.0
AUS,2000,"Melanesian and Papuan, nfd",429,1.8805138177437568e-05,22812914.0
AUS,2000,Mexican,1635,7.166993221470962e-05,22812914.0
AUS,2000,"Micronesian, nec (incl. Marianas Islander, Marshallese, Palauan)",202,8.854633827138436e-06,22812914.0
AUS,2000,"Micronesian, nfd",80,3.506785674114232e-06,22812914.0
AUS,2000,Moldovan,139,6.093040108773478e-06,22812914.0
AUS,2000,Mon,143,6.247207665158784e-06,22812914.0
AUS,2000,Mongol,415,1.819145068446758e-05,22812914.0
AUS,2000,Montenegrian,771,3.379664693427591e-05,22812914.0
AUS,2000,Moroccan,1161,5.089222709558279e-05,22812914.0
AUS,2000,Mozambican,111,4.865665122833497e-06,22812914.0
AUS,2000,Namibian,41,1.797227657983544e-06,22812914.0
AUS,2000,Native North American Indian,1854,8.126975799759733e-05,22812914.0
AUS,2000,Nauru,280,1.2273749859399813e-05,22812914.0
AUS,2000,Nepalese,2947,0.00012918121727018301,22812914.0
AUS,2000,New Caledonian,174,7.627258841198455e-06,22812914.0
AUS,2000,New Zealand,123314,0.00540544710772153,22812914.0
AUS,2000,New Zealand Maori,72956,0.003198013195508474,22812914.0
AUS,2000,"New Zealand Peoples, nfd",16,7.013571348228464e-07,22812914.0
AUS,2000,Ni-Vanuatu,311,1.3632629308119076e-05,22812914.0
AUS,2000,Nicaraguan,456,1.998867834245112e-05,22812914.0
AUS,2000,Nigerian,1160,5.0848392274656366e-05,22812914.0
AUS,2000,Niuean,1301,5.70291020252827e-05,22812914.0
AUS,2000,"North African and Middle Eastern, nfd",1138,4.988402621427495e-05,22812914.0
AUS,2000,"North American, nec (incl. Bermudan, Inuit, Metis)",263,1.1528557903650538e-05,22812914.0
AUS,2000,"North American, nfd",10,4.38348209264279e-07,22812914.0
AUS,2000,"North European, nec (incl. Faeroese, Greenlandic, Saami)",957,4.19499236265915e-05,22812914.0
AUS,2000,"North European, nfd",1992,8.731896328544438e-05,22812914.0
AUS,2000,"North-East Asian, nfd",3,1.315044627792837e-07,22812914.0
AUS,2000,"North-West European, nfd",3794,0.00016630931059486746,22812914.0
AUS,2000,Norwegian,17293,0.0007580355582807177,22812914.0
AUS,2000,Not Stated,1299722,0.05697308112413872,22812914.0
AUS,2000,Nubian,35,1.536208121760856e-06,22812914.0
AUS,2000,Nuer,255,1.1197825060190275e-05,22812914.0
AUS,2000,"Oceania, nfd",8880,0.00038925320982667973,22812914.0
AUS,2000,Ogaden,11,4.644350135556076e-07,22812914.0
AUS,2000,Omani,199,8.717087946736021e-06,22812914.0
AUS,2000,Oromo,400,1.753392837057116e-05,22812914.0
AUS,2000,Other,18873,0.0008272881743812705,22812914.0
AUS,2000,"Other North African and Middle Eastern, nec (incl. Azande, Beja, Nubian)",289,1.2668263247737663e-05,22812914.0
AUS,2000,"Other North African and Middle Eastern, nfd",97,4.251366662547486e-06,22812914.0
AUS,2000,"Other North-East Asian, nec (incl. Ainu, Menba, Xiareba)",3,1.315044627792837e-07,22812914.0
AUS,2000,"Other North-East Asian, nfd",4,1.753392837057116e-07,22812914.0
AUS,2000,Pakistani,12619,0.0005531516052705936,22812914.0
AUS,2000,Palestinian,7001,0.00030688758130592174,22812914.0
AUS,2000,Papua New Guinean,9442,0.0004138883791873322,22812914.0
AUS,2000,Paraguayan,260,1.1394278131421683e-05,22812914.0
AUS,2000,Parsi,111,4.858704757197126e-06,22812914.0
AUS,2000,Pathan,175,7.671093662124882e-06,22812914.0
AUS,2000,"People of the Americas, nfd",488,2.1391392612096814e-05,22812914.0
AUS,2000,"Peoples of the Sudan, nec",45,1.9656526975421137e-06,22812914.0
AUS,2000,"Peoples of the Sudan, nfd",1866,8.178824484990447e-05,22812914.0
AUS,2000,Peruvian,4772,0.00020917976546091393,22812914.0
AUS,2000,Pitcairn Islander,400,1.751994795635362e-05,22812914.0
AUS,2000,Polish,150900,0.00661467447779797,22812914.0
AUS,2000,"Polynesian, nec (incl. Hawaiian, Pitcairn Islander, Tahitian)",2100,9.20531239454986e-05,22812914.0
AUS,2000,"Polynesian, nfd",1827,8.008621783258378e-05,22812914.0
AUS,2000,Portuguese,35689,0.0015644209240432852,22812914.0
AUS,2000,Puerto Rican,202,8.840388205413374e-06,22812914.0
AUS,2000,Punjabi,2263,9.919819975650633e-05,22812914.0
AUS,2000,Qatari,7,2.8580616218806624e-07,22812914.0
AUS,2000,Rohingya,210,9.217248730565136e-06,22812914.0
AUS,2000,Romani (Gypsy),603,2.6432397018636022e-05,22812914.0
AUS,2000,Romanian,16122,0.0007067049829758706,22812914.0
AUS,2000,Russian,60213,0.0026394260724430033,22812914.0
AUS,2000,Rwandan,533,2.3364653758874417e-05,22812914.0
AUS,2000,Salvadoran,6616,0.000290011175249247,22812914.0
AUS,2000,Samoan,28092,0.0012314077894652125,22812914.0
AUS,2000,Saudi Arabian,184,8.065607050462734e-06,22812914.0
AUS,2000,Scottish,540046,0.023672819702033682,22812914.0
AUS,2000,Senegalese,117,5.144510919385192e-06,22812914.0
AUS,2000,Serbian,97315,0.004265785598455331,22812914.0
AUS,2000,Seychellois,2103,9.218462840827787e-05,22812914.0
AUS,2000,Shona,474,2.079239829918182e-05,22812914.0
AUS,2000,Sierra Leonean,784,3.437928746549646e-05,22812914.0
AUS,2000,Sikh,1097,4.8086798556291405e-05,22812914.0
AUS,2000,Sindhi,241,1.057482800095845e-05,22812914.0
AUS,2000,Singaporean,4144,0.00018164050966056012,22812914.0
AUS,2000,Sinhalese,58601,0.0025687643411096014,22812914.0
AUS,2000,Slovak,7054,0.0003092108268150224,22812914.0
AUS,2000,Slovenian,14187,0.0006218846044832326,22812914.0
AUS,2000,Solomon Islander,769,3.370897729242306e-05,22812914.0
AUS,2000,Somalie,5007,0.0002194809483786245,22812914.0
AUS,2000,Sorb/Wend,218,9.547619261846444e-06,22812914.0
AUS,2000,South African,52119,0.002284627031864496,22812914.0
AUS,2000,"South American, nec (incl. Arawak, Carib, Surinamese)",765,3.353363800871734e-05,22812914.0
AUS,2000,"South American, nfd",7903,0.0003464265897815597,22812914.0
AUS,2000,"South Eastern European, nec (incl. Aromani, Karakachani, Vlach)",119,5.21634369024492e-06,22812914.0
AUS,2000,"South Eastern European, nfd",9798,0.00042949357543714057,22812914.0
AUS,2000,South Sudanese,9411,0.00041253067700155576,22812914.0
AUS,2000,"South-East Asian, nfd",45,1.9725669416892555e-06,22812914.0
AUS,2000,"Southern Asian, nec (incl. Bhote, Kashmiri, Sherpa)",915,4.010886114768153e-05,22812914.0
AUS,2000,"Southern Asian, nfd",3084,0.00013518658773710364,22812914.0
AUS,2000,"Southern European, nec (incl. Andorran, Galician, Ladin)",218,9.555990961961282e-06,22812914.0
AUS,2000,"Southern European, nfd",32,1.4027142696456927e-06,22812914.0
AUS,2000,"Southern and Central Asian, nfd",6,2.630089255585674e-07,22812914.0
AUS,2000,"Southern and East African, nec (incl. Afar, Tutsi, Zulu)",2412,0.00010572958807454409,22812914.0
AUS,2000,"Southern and East African, nfd",298,1.3062776636075515e-05,22812914.0
AUS,2000,"Southern and Eastern European, nfd",2125,9.314899446865929e-05,22812914.0
AUS,2000,Spanish,75237,0.0032980004220416557,22812914.0
AUS,2000,Sri Lanka Tamil,4223,0.00018513094155731992,22812914.0
AUS,2000,Sri Lankan,61237,0.002684291475270318,22812914.0
AUS,2000,"Sub-saharan African, nfd",7571,0.00033187342923398565,22812914.0
AUS,2000,Sudanese,3788,0.00016604630166930888,22812914.0
AUS,2000,Sundanese,86,3.7697945996727994e-06,22812914.0
AUS,2000,Swahili,196,8.609910635915495e-06,22812914.0
AUS,2000,Swaziland,82,3.572577027350828e-06,22812914.0
AUS,2000,Swedish,24424,0.001070621666307075,22812914.0
AUS,2000,Swiss,22151,0.0009709851183413044,22812914.0
AUS,2000,Syrian,10213,0.00044768502612160815,22812914.0
AUS,2000,Tahitian,620,2.718910505842691e-05,22812914.0
AUS,2000,Taiwanese,4416,0.0001935745692111056,22812914.0
AUS,2000,Tajik,106,4.636292481061236e-06,22812914.0
AUS,2000,Tamil,7706,0.0003377911300590534,22812914.0
AUS,2000,Tanzanian,270,1.1835401650135532e-05,22812914.0
AUS,2000,Tatar,268,1.1747893659638218e-05,22812914.0
AUS,2000,Telugu,649,2.843771313771259e-05,22812914.0
AUS,2000,Thai,20608,0.0009033479896518262,22812914.0
AUS,2000,Themne,38,1.679111202854889e-06,22812914.0
AUS,2000,Tibetan,289,1.2668263247737663e-05,22812914.0
AUS,2000,Tigray,82,3.5754458964116315e-06,22812914.0
AUS,2000,Tigre,21,9.036841276644782e-07,22812914.0
AUS,2000,Timorese,5491,0.0002406970017070156,22812914.0
AUS,2000,Togolese,152,6.64499327087254e-06,22812914.0
AUS,2000,Tokelauan,1016,4.451626594103713e-05,22812914.0
AUS,2000,Tongan,14889,0.000652656648773585,22812914.0
AUS,2000,Torres Strait Islander,9789,0.00042909906204880273,22812914.0
AUS,2000,Trinidad and Tobago,358,1.5692865891661186e-05,22812914.0
AUS,2000,Tunisian,258,1.1309383799018397e-05,22812914.0
AUS,2000,Turkish,54595,0.002393162048478331,22812914.0
AUS,2000,Turkmenian,268,1.1747893659638218e-05,22812914.0
AUS,2000,Tuvaluan,298,1.3044483929765512e-05,22812914.0
AUS,2000,Ugandan,339,1.4860004294059057e-05,22812914.0
AUS,2000,Uighur,269,1.17871842738845e-05,22812914.0
AUS,2000,Ukrainian,33958,0.0014885428490196387,22812914.0
AUS,2000,Uruguayan,5195,0.00022772189471279293,22812914.0
AUS,2000,Uzbek,159,6.969736527302036e-06,22812914.0
AUS,2000,Venezuelan,448,1.9637999775039698e-05,22812914.0
AUS,2000,Vietnamese,156580,0.00686365626066008,22812914.0
AUS,2000,Vlach,68,2.9860866827174063e-06,22812914.0
AUS,2000,Walloon,13,5.698526720435627e-07,22812914.0
AUS,2000,Welsh,84246,0.003692908323767845,22812914.0
AUS,2000,"Western European, nec (incl. Alsatian, Frisian, Luxembourgish)",7919,0.0003471279469163825,22812914.0
AUS,2000,"Western European, nfd",69,3.024602643923525e-06,22812914.0
AUS,2000,Yazidi,15,6.409737057202545e-07,22812914.0
AUS,2000,Yemeni,281,1.2297962259086161e-05,22812914.0
AUS,2000,Yoruba,103,4.5149865554220736e-06,22812914.0
AUS,2000,Zambian,328,1.4377821263868351e-05,22812914.0
AUS,2000,Zimbabwean,2895,0.00012690180658200877,22812914.0
AUS,2000,Zulu,239,1.0490594003757204e-05,22812914.0
AUS,2005,Acehnese,71,2.946796068471125e-06,24132142.5
AUS,2005,Acholi,116,4.8229789869236175e-06,24132142.5
AUS,2005,Afgan,15767,0.0006533452215162147,24132142.5
AUS,2005,African American,1490,6.174329870934287e-05,24132142.5
AUS,2005,"African, so described",12669,0.0005250011875588156,24132142.5
AUS,2005,Afrikaner,2306,9.555977548798052e-05,24132142.5
AUS,2005,Akan,147,6.096751722618752e-06,24132142.5
AUS,2005,Albanian,10895,0.0004514596381083837,24132142.5
AUS,2005,Algerian,793,3.287635817185424e-05,24132142.5
AUS,2005,American,50087,0.00207553394901853,24132142.5
AUS,2005,Amhara,137,5.657848451464559e-06,24132142.5
AUS,2005,Anglo-Burmese,772,3.200357007243814e-05,24132142.5
AUS,2005,Anglo-Indian,12720,0.000527077600029351,24132142.5
AUS,2005,Angolan,129,5.32750901853867e-06,24132142.5
AUS,2005,"Arab, nec (incl. Baggara, Bedouin, Yemeni)",709,2.9370792417094956e-05,24132142.5
AUS,2005,"Arab, nfd",17842,0.0007393661489370124,24132142.5
AUS,2005,Argentinean,7676,0.0003180906064458947,24132142.5
AUS,2005,Armenian,15242,0.0006316204960207664,24132142.5
AUS,2005,"Asian, so described",3804,0.00015763394435608203,24132142.5
AUS,2005,Assyrian/ Chaldean,21491,0.0008905579253731639,24132142.5
AUS,2005,Australian,7059525,0.2925361749458474,24132142.5
AUS,2005,Australian Aboriginal,104872,0.004345729838023593,24132142.5
AUS,2005,Australian South Sea Islander,3763,0.00015592427799455033,24132142.5
AUS,2005,"Australian peoples, nfd",54,2.239565012038055e-06,24132142.5
AUS,2005,Austrian,39828,0.0016504001401131231,24132142.5
AUS,2005,Azeris,279,1.1551440588406809e-05,24132142.5
AUS,2005,Bahraini,98,4.072737811179944e-06,24132142.5
AUS,2005,Balinese,490,2.031324756532762e-05,24132142.5
AUS,2005,Bangladeshi,21649,0.0008971098173380665,24132142.5
AUS,2005,Barbadian,268,1.1119243831697712e-05,24132142.5
AUS,2005,Bari,71,2.929513162427679e-06,24132142.5
AUS,2005,Basque,497,2.0578615503918326e-05,24132142.5
AUS,2005,Batswana,421,1.744503272534906e-05,24132142.5
AUS,2005,Belarus,1468,6.084887073040852e-05,24132142.5
AUS,2005,Belgian,8435,0.0003495293043349217,24132142.5
AUS,2005,Bengali,13256,0.0005492884107900884,24132142.5
AUS,2005,Berber,99,4.115512663986641e-06,24132142.5
AUS,2005,Bermudian,214,8.879678819659657e-06,24132142.5
AUS,2005,Bhutanese,2257,9.353006657604468e-05,24132142.5
AUS,2005,Bolivian,527,2.1820149201891305e-05,24132142.5
AUS,2005,Bosnian,18269,0.0007570274370582314,24132142.5
AUS,2005,Brazil,5139,0.00021296388969165565,24132142.5
AUS,2005,Breton,63,2.630089255585674e-06,24132142.5
AUS,2005,British NEC,214,8.859991027830054e-06,24132142.5
AUS,2005,"British, nec (incl. Channel Islander, Guernsey Islander, Manx)",1255,5.201561141987197e-05,24132142.5
AUS,2005,"British, nfd",8912,0.00036930990199303274,24132142.5
AUS,2005,Bruneian,224,9.272584962122473e-06,24132142.5
AUS,2005,Bulgarian,4532,0.00018781557261491488,24132142.5
AUS,2005,Burgher,975,4.039641185965182e-05,24132142.5
AUS,2005,Burmese,12137,0.0005029437268300055,24132142.5
AUS,2005,Burundian,2262,9.374442119768573e-05,24132142.5
AUS,2005,Cameroonian,181,7.502411757436739e-06,24132142.5
AUS,2005,Canadian,24104,0.0009988447262108675,24132142.5
AUS,2005,"Caribbean, nfd",1862,7.717526004341573e-05,24132142.5
AUS,2005,"Carribbean Islander, nec (incl.Bahamian, Haitian, Puerto Rican)",646,2.678872383249313e-05,24132142.5
AUS,2005,Catalan,111,4.589272138282093e-06,24132142.5
AUS,2005,"Caucasian, so described",174,7.190182407069544e-06,24132142.5
AUS,2005,"Central American, nec (incl. Belizean, Costa Rican, Mayan)",588,2.435018508483599e-05,24132142.5
AUS,2005,"Central American, nfd",397,1.646110826753657e-05,24132142.5
AUS,2005,"Central Asian, nec (incl. Azerbaijani, Chechen, Tatar)",910,3.7696003280113295e-05,24132142.5
AUS,2005,"Central Asian, nfd",55,2.2895512855196635e-06,24132142.5
AUS,2005,"Central and West Africa, nec (incl. Fang, Kongo, Liberian)",2154,8.924027681235684e-05,24132142.5
AUS,2005,"Central and West Africa, nfd",166,6.864525946296279e-06,24132142.5
AUS,2005,Chaldean,7764,0.00032171056131294204,24132142.5
AUS,2005,Channel Islander,1100,4.5577112525686733e-05,24132142.5
AUS,2005,Chilean,23471,0.0009725948964485346,24132142.5
AUS,2005,Chin,25881,0.0010724876236107186,24132142.5
AUS,2005,Chinese,611958,0.025358633350042743,24132142.5
AUS,2005,"Chinese Asian, nec (incl. Hui, Manchu, Yi)",442,1.8325695402784786e-05,24132142.5
AUS,2005,"Chinese Asian, nfd",3,1.2468815275906435e-07,24132142.5
AUS,2005,Colombian,4211,0.00017450740881811149,24132142.5
AUS,2005,Congo,2799,0.00011596585030780788,24132142.5
AUS,2005,Cook Islander,9719,0.0004027277299388814,24132142.5
AUS,2005,Coptic,2665,0.0001104456405655269,24132142.5
AUS,2005,Costa Rican,229,9.469038033353882e-06,24132142.5
AUS,2005,"Creole, so described",376,1.559837385577382e-05,24132142.5
AUS,2005,Croatian,111896,0.004636809264833138,24132142.5
AUS,2005,Cubans,475,1.9682273778266624e-05,24132142.5
AUS,2005,Cypriot,10166,0.000421273965948632,24132142.5
AUS,2005,Czech,19106,0.0007917421281713121,24132142.5
AUS,2005,Danish,44336,0.0018372215013732194,24132142.5
AUS,2005,Darfu/Darfurian,9,3.572577027350828e-07,24132142.5
AUS,2005,Dinka,1261,5.225651694755461e-05,24132142.5
AUS,2005,Dutch,289152,0.011982047854988357,24132142.5
AUS,2005,"Eastern European, nec (incl. Adygei, Khanty, Sorb/Wend)",282,1.1685968921683267e-05,24132142.5
AUS,2005,"Eastern European, nfd",7487,0.0003102440529866345,24132142.5
AUS,2005,Ecuadorian,1158,4.797149314970636e-05,24132142.5
AUS,2005,Egyptian,29348,0.0012161395055977787,24132142.5
AUS,2005,Emirati,155,6.4306386492314905e-06,24132142.5
AUS,2005,English,6342274,0.26281435821472443,24132142.5
AUS,2005,Eritrean,2334,9.670729747029257e-05,24132142.5
AUS,2005,Estonian,7893,0.0003270605685655012,24132142.5
AUS,2005,Ethiopian,4272,0.00017700842736561348,24132142.5
AUS,2005,"Eurasian, so described",3637,0.00015071879624873645,24132142.5
AUS,2005,"European, so described",8569,0.00035506928094364737,24132142.5
AUS,2005,Fijian,17880,0.0007409071900634719,24132142.5
AUS,2005,Fijian Indian/Indo-Fijian,13976,0.0005791504619038427,24132142.5
AUS,2005,Filipino,144695,0.005995956273618609,24132142.5
AUS,2005,Finnish,19526,0.0008091326944403084,24132142.5
AUS,2005,Flemish,506,2.098515426642158e-05,24132142.5
AUS,2005,French,88444,0.0036649888873603034,24132142.5
AUS,2005,French Canadian,1458,6.043108124678002e-05,24132142.5
AUS,2005,Frisian,231,9.586909876092726e-06,24132142.5
AUS,2005,Fulani,46,1.896525655154459e-06,24132142.5
AUS,2005,Georgian,357,1.480073290194997e-05,24132142.5
AUS,2005,German,777305,0.03221037653335803,24132142.5
AUS,2005,Ghanaian,2158,8.940641788712713e-05,24132142.5
AUS,2005,Gibraltarian,174,7.229473021315826e-06,24132142.5
AUS,2005,Gio,33,1.3575792703933146e-06,24132142.5
AUS,2005,Greek,371826,0.015407920759275745,24132142.5
AUS,2005,Guatemalan,222,9.19400373362991e-06,24132142.5
AUS,2005,Gujarati,264,1.0959699475797387e-05,24132142.5
AUS,2005,Gurkha,17,7.013571348228464e-07,24132142.5
AUS,2005,Guyanese,335,1.3885549492112648e-05,24132142.5
AUS,2005,Hawaiian,263,1.0883500146220021e-05,24132142.5
AUS,2005,Hazara,880,3.646169002054938e-05,24132142.5
AUS,2005,Hispanic,3226,0.00013369190672979844,24132142.5
AUS,2005,Hmong,2010,8.328777772394252e-05,24132142.5
AUS,2005,Hungarian,65306,0.002706181107895318,24132142.5
AUS,2005,Hutu,13,5.500685994479433e-07,24132142.5
AUS,2005,Icelandic,690,2.85872522355094e-05,24132142.5
AUS,2005,Igbo,297,1.2325390744360357e-05,24132142.5
AUS,2005,Inadequately described,49812,0.0020641552685430106,24132142.5
AUS,2005,Indian,194120,0.00804402665397589,24132142.5
AUS,2005,Indian Tamil,439,1.8184417069215715e-05,24132142.5
AUS,2005,Indonesian,31989,0.0013255917795693501,24132142.5
AUS,2005,Iranian,21120,0.0008751635147260042,24132142.5
AUS,2005,Iraqi,13867,0.0005746358586199635,24132142.5
AUS,2005,Irish,1870492,0.07751039232537987,24132142.5
AUS,2005,Italian,827385,0.03428561157086457,24132142.5
AUS,2005,Ivoirean,106,4.400548795583546e-06,24132142.5
AUS,2005,Jamaican,1462,6.05659099968845e-05,24132142.5
AUS,2005,Japanese,36048,0.0014937589053110377,24132142.5
AUS,2005,Javanese,610,2.5284429770009183e-05,24132142.5
AUS,2005,Jewish,19343,0.0008015385883790038,24132142.5
AUS,2005,Jordanian,3030,0.0001255659821872558,24132142.5
AUS,2005,Kadazan,174,7.190182407069544e-06,24132142.5
AUS,2005,Karen,841,3.4850774836451836e-05,24132142.5
AUS,2005,Kashmiri,224,9.288700271112153e-06,24132142.5
AUS,2005,Kazak,107,4.436515122504635e-06,24132142.5
AUS,2005,Kenyan,1616,6.697681889810368e-05,24132142.5
AUS,2005,Khmer,23413,0.0009702181726432572,24132142.5
AUS,2005,Kiribati,417,1.7276180364938193e-05,24132142.5
AUS,2005,Korean,51998,0.002154703368661213,24132142.5
AUS,2005,Krahn,28,1.1789504190257732e-06,24132142.5
AUS,2005,Kunama,16,6.43063864923149e-07,24132142.5
AUS,2005,Kurd,4970,0.00020595667258526383,24132142.5
AUS,2005,Kuwaiti,363,1.5038887456240213e-05,24132142.5
AUS,2005,Kyrgyz,92,3.822657419265386e-06,24132142.5
AUS,2005,Lao,10442,0.00043268733867580925,24132142.5
AUS,2005,Latvian,19527,0.0008091545081392108,24132142.5
AUS,2005,Lebanese,171976,0.007126408426872657,24132142.5
AUS,2005,Liberian,1085,4.4948462697746224e-05,24132142.5
AUS,2005,Libyan,225,9.303758521315812e-06,24132142.5
AUS,2005,Lithuanian,12808,0.0005307481967351008,24132142.5
AUS,2005,Luxembourg,158,6.561532579129038e-06,24132142.5
AUS,2005,Macedonian,83132,0.0034448639102390324,24132142.5
AUS,2005,Madi,122,5.037333608564668e-06,24132142.5
AUS,2005,Madura,14,5.864222528891132e-07,24132142.5
AUS,2005,"Mainland South-East Asian, nec (incl. Arakanese, Karen, Mon)",697,2.8892517706016708e-05,24132142.5
AUS,2005,"Mainland South-East Asian, nfd",112,4.644350135556076e-06,24132142.5
AUS,2005,Malawian,147,6.075499169620577e-06,24132142.5
AUS,2005,Malay,21680,0.0008983808275786421,24132142.5
AUS,2005,Malayali,157,6.490987580011647e-06,24132142.5
AUS,2005,Maldivian,287,1.1905056116623344e-05,24132142.5
AUS,2005,Maltese,145246,0.006018781076639666,24132142.5
AUS,2005,Mandaean,257,1.0646279541505467e-05,24132142.5
AUS,2005,Mandinka,75,3.1081420137952206e-06,24132142.5
AUS,2005,Manx,1757,7.280550819835992e-05,24132142.5
AUS,2005,Marathi,10,3.945133883378511e-07,24132142.5
AUS,2005,"Maritime South-East Asian, nec (incl. Balinese, Irian Jayan, Sumatran)",1046,4.334570570662756e-05,24132142.5
AUS,2005,Masai,30,1.2572996558810133e-06,24132142.5
AUS,2005,Mauritian,19807,0.0008207736315075934,24132142.5
AUS,2005,Maya,120,4.989908009277771e-06,24132142.5
AUS,2005,"Melanesian and Papuan, nec (incl. Bisorio, Bougainvillian, Huli)",252,1.0443047568985502e-05,24132142.5
AUS,2005,"Melanesian and Papuan, nfd",445,1.8419765058240427e-05,24132142.5
AUS,2005,Mexican,2181,9.037033868119376e-05,24132142.5
AUS,2005,"Micronesian, nec (incl. Marianas Islander, Marshallese, Palauan)",180,7.452694210532906e-06,24132142.5
AUS,2005,"Micronesian, nfd",90,3.7179235493711993e-06,24132142.5
AUS,2005,Moldovan,183,7.584585999832271e-06,24132142.5
AUS,2005,Mon,151,6.247207665158784e-06,24132142.5
AUS,2005,Mongol,518,2.1472268829812514e-05,24132142.5
AUS,2005,Montenegrian,962,3.984404218696645e-05,24132142.5
AUS,2005,Moroccan,1333,5.522839914647289e-05,24132142.5
AUS,2005,Mozambican,123,5.084949023040761e-06,24132142.5
AUS,2005,Namibian,92,3.794224411863964e-06,24132142.5
AUS,2005,Native North American Indian,2845,0.00011789987191411155,24132142.5
AUS,2005,Nauru,325,1.3464574486631437e-05,24132142.5
AUS,2005,Nepalese,4074,0.00016880896292335363,24132142.5
AUS,2005,New Caledonian,209,8.646374972891872e-06,24132142.5
AUS,2005,New Zealand,141400,0.005859390438328404,24132142.5
AUS,2005,New Zealand Maori,82638,0.0034243895997151134,24132142.5
AUS,2005,"New Zealand Peoples, nfd",12,5.078410243965499e-07,24132142.5
AUS,2005,Ni-Vanuatu,406,1.6815775979738223e-05,24132142.5
AUS,2005,Nicaraguan,456,1.89133086051315e-05,24132142.5
AUS,2005,Nigerian,1528,6.331999357786685e-05,24132142.5
AUS,2005,Niuean,1722,7.134132054108836e-05,24132142.5
AUS,2005,"North African and Middle Eastern, nfd",1582,6.554886293066958e-05,24132142.5
AUS,2005,"North American, nec (incl. Bermudan, Inuit, Metis)",203,8.39675010632614e-06,24132142.5
AUS,2005,"North American, nfd",7,2.78110026001562e-07,24132142.5
AUS,2005,"North European, nec (incl. Faeroese, Greenlandic, Saami)",583,2.4177146874367705e-05,24132142.5
AUS,2005,"North European, nfd",2458,0.00010184888134146534,24132142.5
AUS,2005,"North-East Asian, nfd",4,1.8362407412848686e-07,24132142.5
AUS,2005,"North-West European, nfd",2955,0.0001224452695437154,24132142.5
AUS,2005,Norwegian,18838,0.0007806071473516038,24132142.5
AUS,2005,Not Stated,1450450,0.060104503303644266,24132142.5
AUS,2005,Nubian,37,1.536208121760856e-06,24132142.5
AUS,2005,Nuer,270,1.1197825060190275e-05,24132142.5
AUS,2005,"Oceania, nfd",9314,0.0003859718962927316,24132142.5
AUS,2005,Ogaden,11,4.644350135556076e-07,24132142.5
AUS,2005,Omani,210,8.717087946736021e-06,24132142.5
AUS,2005,Oromo,461,1.9100395732057658e-05,24132142.5
AUS,2005,Other,19964,0.0008272881743812705,24132142.5
AUS,2005,"Other North African and Middle Eastern, nec (incl. Azande, Beja, Nubian)",3858,0.0001598818520983376,24132142.5
AUS,2005,"Other North African and Middle Eastern, nfd",103,4.251366662547486e-06,24132142.5
AUS,2005,"Other North-East Asian, nec (incl. Ainu, Menba, Xiareba)",3,1.4433345988220517e-07,24132142.5
AUS,2005,"Other North-East Asian, nfd",2,8.76696418528558e-08,24132142.5
AUS,2005,Pakistani,15443,0.0006399550484920328,24132142.5
AUS,2005,Palestinian,7337,0.00030402506975183536,24132142.5
AUS,2005,Papua New Guinean,10943,0.00045345350337483724,24132142.5
AUS,2005,Paraguayan,275,1.1394278131421683e-05,24132142.5
AUS,2005,Parsi,117,4.858704757197126e-06,24132142.5
AUS,2005,Pathan,272,1.1281118230732817e-05,24132142.5
AUS,2005,"People of the Americas, nfd",530,2.1952457287608105e-05,24132142.5
AUS,2005,"Peoples of the Sudan, nec",47,1.9656526975421137e-06,24132142.5
AUS,2005,"Peoples of the Sudan, nfd",1974,8.178824484990447e-05,24132142.5
AUS,2005,Peruvian,5570,0.0002308109809966368,24132142.5
AUS,2005,Pitcairn Islander,423,1.751994795635362e-05,24132142.5
AUS,2005,Polish,157469,0.0065252778362837,24132142.5
AUS,2005,"Polynesian, nec (incl. Hawaiian, Pitcairn Islander, Tahitian)",1342,5.561347184884202e-05,24132142.5
AUS,2005,"Polynesian, nfd",1771,7.338119510426188e-05,24132142.5
AUS,2005,Portuguese,38421,0.0015921078934802465,24132142.5
AUS,2005,Puerto Rican,213,8.840388205413374e-06,24132142.5
AUS,2005,Punjabi,3499,0.0001449770659611019,24132142.5
AUS,2005,Qatari,7,2.8580616218806624e-07,24132142.5
AUS,2005,Rohingya,222,9.217248730565136e-06,24132142.5
AUS,2005,Romani (Gypsy),631,2.614281059634468e-05,24132142.5
AUS,2005,Romanian,17215,0.000713352744519491,24132142.5
AUS,2005,Russian,63638,0.002637048750670833,24132142.5
AUS,2005,Rwandan,564,2.3364653758874417e-05,24132142.5
AUS,2005,Salvadoran,6757,0.0002799884928677242,24132142.5
AUS,2005,Samoan,33821,0.0014014768890439934,24132142.5
AUS,2005,Saudi Arabian,453,1.8786429174710133e-05,24132142.5
AUS,2005,Scottish,997332,0.041327944904275854,24132142.5
AUS,2005,Senegalese,124,5.144510919385192e-06,24132142.5
AUS,2005,Serbian,96681,0.004006308577104621,24132142.5
AUS,2005,Seychellois,2398,9.939003242922002e-05,24132142.5
AUS,2005,Shona,502,2.079239829918182e-05,24132142.5
AUS,2005,Sierra Leonean,830,3.437928746549646e-05,24132142.5
AUS,2005,Sikh,1608,6.663442512111503e-05,24132142.5
AUS,2005,Sindhi,255,1.057482800095845e-05,24132142.5
AUS,2005,Singaporean,4383,0.00018164050966056012,24132142.5
AUS,2005,Sinhalese,66005,0.0027351684562916282,24132142.5
AUS,2005,Slovak,7763,0.00032166910518270083,24132142.5
AUS,2005,Slovenian,15129,0.0006269370673173365,24132142.5
AUS,2005,Solomon Islander,935,3.8739360781390416e-05,24132142.5
AUS,2005,Somalie,5684,0.00023554902100590615,24132142.5
AUS,2005,Sorb/Wend,230,9.547619261846444e-06,24132142.5
AUS,2005,South African,65265,0.0027044690477501607,24132142.5
AUS,2005,"South American, nec (incl. Arawak, Carib, Surinamese)",697,2.8887973499336566e-05,24132142.5
AUS,2005,"South American, nfd",8111,0.0003361121815558636,24132142.5
AUS,2005,"South Eastern European, nec (incl. Aromani, Karakachani, Vlach)",69,2.8439155306001497e-06,24132142.5
AUS,2005,"South Eastern European, nfd",5659,0.0002344903213773268,24132142.5
AUS,2005,South Sudanese,9955,0.00041253067700155576,24132142.5
AUS,2005,"South-East Asian, nfd",80,3.3240750184983864e-06,24132142.5
AUS,2005,"Southern Asian, nec (incl. Bhote, Kashmiri, Sherpa)",1172,4.8579416516641256e-05,24132142.5
AUS,2005,"Southern Asian, nfd",4367,0.00018096636127619756,24132142.5
AUS,2005,"Southern European, nec (incl. Andorran, Galician, Ladin)",129,5.328064080428584e-06,24132142.5
AUS,2005,"Southern European, nfd",34,1.4085881912559162e-06,24132142.5
AUS,2005,"Southern and Central Asian, nfd",7,2.8866691976441033e-07,24132142.5
AUS,2005,"Southern and East African, nec (incl. Afar, Tutsi, Zulu)",2634,0.00010914859894507053,24132142.5
AUS,2005,"Southern and East African, nfd",339,1.4055540946200696e-05,24132142.5
AUS,2005,"Southern and Eastern European, nfd",2022,8.378270892555839e-05,24132142.5
AUS,2005,Spanish,79772,0.003305630024793925,24132142.5
AUS,2005,Sri Lanka Tamil,4468,0.00018513094155731992,24132142.5
AUS,2005,Sri Lankan,64778,0.002684291475270318,24132142.5
AUS,2005,"Sub-saharan African, nfd",4033,0.0001671350783515044,24132142.5
AUS,2005,Sudanese,10463,0.00043357401113997945,24132142.5
AUS,2005,Sundanese,112,4.654885604199257e-06,24132142.5
AUS,2005,Swahili,208,8.609910635915495e-06,24132142.5
AUS,2005,Swaziland,86,3.572577027350828e-06,24132142.5
AUS,2005,Swedish,27320,0.0011320959729403095,24132142.5
AUS,2005,Swiss,24285,0.0010063289416193618,24132142.5
AUS,2005,Syrian,10214,0.0004232620256678066,24132142.5
AUS,2005,Tahitian,656,2.718910505842691e-05,24132142.5
AUS,2005,Taiwanese,5104,0.00021149623289757211,24132142.5
AUS,2005,Tajik,112,4.636292481061236e-06,24132142.5
AUS,2005,Tamil,8294,0.0003436798625041107,24132142.5
AUS,2005,Tanzanian,323,1.3382917531861281e-05,24132142.5
AUS,2005,Tatar,284,1.1747893659638218e-05,24132142.5
AUS,2005,Telugu,686,2.843771313771259e-05,24132142.5
AUS,2005,Thai,25133,0.0010414654052768471,24132142.5
AUS,2005,Themne,41,1.679111202854889e-06,24132142.5
AUS,2005,Tibetan,405,1.6785435013379752e-05,24132142.5
AUS,2005,Tigray,86,3.5754458964116315e-06,24132142.5
AUS,2005,Tigre,22,9.036841276644782e-07,24132142.5
AUS,2005,Timorese,5863,0.00024297450791615287,24132142.5
AUS,2005,Togolese,160,6.64499327087254e-06,24132142.5
AUS,2005,Tokelauan,1074,4.451626594103713e-05,24132142.5
AUS,2005,Tongan,16608,0.0006881948815950466,24132142.5
AUS,2005,Torres Strait Islander,11725,0.0004858708677020994,24132142.5
AUS,2005,Trinidad and Tobago,494,2.0458720118887006e-05,24132142.5
AUS,2005,Tunisian,290,1.2019771407406829e-05,24132142.5
AUS,2005,Turkish,57035,0.0023634533314323613,24132142.5
AUS,2005,Turkmenian,284,1.1747893659638218e-05,24132142.5
AUS,2005,Tuvaluan,315,1.3044483929765512e-05,24132142.5
AUS,2005,Ugandan,442,1.831350229324955e-05,24132142.5
AUS,2005,Uighur,284,1.17871842738845e-05,24132142.5
AUS,2005,Ukrainian,35779,0.0014826206474259445,24132142.5
AUS,2005,Uruguayan,5821,0.00024122147343571849,24132142.5
AUS,2005,Uzbek,213,8.828391801145324e-06,24132142.5
AUS,2005,Venezuelan,653,2.7067579541637502e-05,24132142.5
AUS,2005,Vietnamese,165150,0.006843550037177416,24132142.5
AUS,2005,Vlach,72,2.9860866827174063e-06,24132142.5
AUS,2005,Walloon,14,5.698526720435627e-07,24132142.5
AUS,2005,Welsh,98246,0.0040711673217368825,24132142.5
AUS,2005,"Western European, nec (incl. Alsatian, Frisian, Luxembourgish)",4308,0.00017851459085322274,24132142.5
AUS,2005,"Western European, nfd",65,2.6910197493502122e-06,24132142.5
AUS,2005,Yazidi,15,6.409737057202545e-07,24132142.5
AUS,2005,Yemeni,297,1.2297962259086161e-05,24132142.5
AUS,2005,Yoruba,137,5.695422024260682e-06,24132142.5
AUS,2005,Zambian,625,2.5910888320287386e-05,24132142.5
AUS,2005,Zimbabwean,5162,0.00021389466524001686,24132142.5
AUS,2005,Zulu,253,1.0490594003757204e-05,24132142.5
AUS,2010,Acehnese,96,3.581218480372551e-06,26721185.0
AUS,2010,Acholi,129,4.8229789869236175e-06,26721185.0
AUS,2010,Afgan,24260,0.0009078846690093476,26721185.0
AUS,2010,African American,2018,7.552266587503596e-05,26721185.0
AUS,2010,"African, so described",19093,0.0007145209021649714,26721185.0
AUS,2010,Afrikaner,4014,0.00015023122888556785,26721185.0
AUS,2010,Akan,171,6.397820413291673e-06,26721185.0
AUS,2010,Albanian,12212,0.0004570013959513151,26721185.0
AUS,2010,Algerian,1101,4.1218711755109546e-05,26721185.0
AUS,2010,American,59594,0.002230226197179037,26721185.0
AUS,2010,Amhara,195,7.3125083950575685e-06,26721185.0
AUS,2010,Anglo-Burmese,688,2.5741237091660496e-05,26721185.0
AUS,2010,Anglo-Indian,13693,0.0005124481160157174,26721185.0
AUS,2010,Angolan,159,5.954929124664255e-06,26721185.0
AUS,2010,"Arab, nec (incl. Baggara, Bedouin, Yemeni)",481,1.798483211088044e-05,26721185.0
AUS,2010,"Arab, nfd",24980,0.0009348233380495369,26721185.0
AUS,2010,Argentinean,9419,0.000352489394089336,26721185.0
AUS,2010,Armenian,16271,0.00060890078230921,26721185.0
AUS,2010,"Asian, so described",5802,0.00021712929179192833,26721185.0
AUS,2010,Assyrian/ Chaldean,23187,0.0008677502956342573,26721185.0
AUS,2010,Australian,7258039,0.27162116695529076,26721185.0
AUS,2010,Australian Aboriginal,121453,0.004545190534180557,26721185.0
AUS,2010,Australian South Sea Islander,4078,0.0001526189358877076,26721185.0
AUS,2010,"Australian peoples, nfd",285,1.0658563169045739e-05,26721185.0
AUS,2010,Austrian,41990,0.0015714162121144202,26721185.0
AUS,2010,Azeris,369,1.3814018605742767e-05,26721185.0
AUS,2010,Bahraini,109,4.072737811179944e-06,26721185.0
AUS,2010,Balinese,592,2.216048259456259e-05,26721185.0
AUS,2010,Bangladeshi,23972,0.0008971098173380665,26721185.0
AUS,2010,Barbadian,339,1.2704775970550513e-05,26721185.0
AUS,2010,Bari,78,2.929513162427679e-06,26721185.0
AUS,2010,Basque,576,2.1560196857312722e-05,26721185.0
AUS,2010,Batswana,432,1.615347657956425e-05,26721185.0
AUS,2010,Belarus,1613,6.037051997965858e-05,26721185.0
AUS,2010,Belgian,9454,0.0003537864870080108,26721185.0
AUS,2010,Bengali,12110,0.00045318235302865904,26721185.0
AUS,2010,Berber,113,4.23137336796836e-06,26721185.0
AUS,2010,Bermudian,237,8.869834923744856e-06,26721185.0
AUS,2010,Bhutanese,2499,9.353006657604468e-05,26721185.0
AUS,2010,Bolivian,671,2.5100458297271268e-05,26721185.0
AUS,2010,Bosnian,19356,0.0007243811407784103,26721185.0
AUS,2010,Brazil,9325,0.0003489793760607053,26721185.0
AUS,2010,Breton,70,2.630089255585674e-06,26721185.0
AUS,2010,British NEC,237,8.859991027830054e-06,26721185.0
AUS,2010,"British, nec (incl. Channel Islander, Guernsey Islander, Manx)",99,3.6933177391504766e-06,26721185.0
AUS,2010,"British, nfd",5971,0.0002234623764929175,26721185.0
AUS,2010,Bruneian,279,1.0423867265369578e-05,26721185.0
AUS,2010,Bulgarian,5166,0.0001933253578925393,26721185.0
AUS,2010,Burgher,842,3.1507929280113304e-05,26721185.0
AUS,2010,Burmese,16855,0.0006307761356193287,26721185.0
AUS,2010,Burundian,2505,9.374442119768573e-05,26721185.0
AUS,2010,Cameroonian,200,7.502411757436739e-06,26721185.0
AUS,2010,Canadian,30829,0.001153712413546045,26721185.0
AUS,2010,"Caribbean, nfd",2205,8.25277470524315e-05,26721185.0
AUS,2010,"Carribbean Islander, nec (incl.Bahamian, Haitian, Puerto Rican)",624,2.3339278352496815e-05,26721185.0
AUS,2010,Catalan,140,5.25482775617673e-06,26721185.0
AUS,2010,"Caucasian, so described",277,1.0382987555501345e-05,26721185.0
AUS,2010,"Central American, nec (incl. Belizean, Costa Rican, Mayan)",344,1.2892162270758436e-05,26721185.0
AUS,2010,"Central American, nfd",405,1.5155130760256843e-05,26721185.0
AUS,2010,"Central Asian, nec (incl. Azerbaijani, Chechen, Tatar)",247,9.262122421841475e-06,26721185.0
AUS,2010,"Central Asian, nfd",82,3.0577702149017465e-06,26721185.0
AUS,2010,"Central and West Africa, nec (incl. Fang, Kongo, Liberian)",2059,7.704307182942381e-05,26721185.0
AUS,2010,"Central and West Africa, nfd",223,8.343015140665714e-06,26721185.0
AUS,2010,Chaldean,8596,0.00032171056131294204,26721185.0
AUS,2010,Channel Islander,1147,4.2920027811965285e-05,26721185.0
AUS,2010,Chilean,27680,0.0010358829078682,26721185.0
AUS,2010,Chin,28658,0.0010724876236107186,26721185.0
AUS,2010,Chinese,765118,0.028633384895636695,26721185.0
AUS,2010,"Chinese Asian, nec (incl. Hui, Manchu, Yi)",369,1.3797628820409302e-05,26721185.0
AUS,2010,"Chinese Asian, nfd",2,5.89359213694225e-08,26721185.0
AUS,2010,Colombian,7493,0.00028042079565737796,26721185.0
AUS,2010,Congo,3099,0.00011596585030780788,26721185.0
AUS,2010,Cook Islander,13716,0.0005132887814517579,26721185.0
AUS,2010,Coptic,1967,7.360385949000173e-05,26721185.0
AUS,2010,Costa Rican,290,1.0861488618583611e-05,26721185.0
AUS,2010,"Creole, so described",479,1.7927442800426506e-05,26721185.0
AUS,2010,Croatian,122240,0.004574655366797598,26721185.0
AUS,2010,Cubans,664,2.4863048185625854e-05,26721185.0
AUS,2010,Cypriot,16454,0.0006157672178758999,26721185.0
AUS,2010,Czech,21995,0.000823136259502012,26721185.0
AUS,2010,Danish,52252,0.0019554587457043015,26721185.0
AUS,2010,Darfu/Darfurian,10,3.572577027350828e-07,26721185.0
AUS,2010,Dinka,1349,5.0493233800309956e-05,26721185.0
AUS,2010,Dutch,322913,0.012084529046542811,26721185.0
AUS,2010,"Eastern European, nec (incl. Adygei, Khanty, Sorb/Wend)",207,7.759196519295084e-06,26721185.0
AUS,2010,"Eastern European, nfd",6587,0.00024651081455888375,26721185.0
AUS,2010,Ecuadorian,1436,5.374954883061259e-05,26721185.0
AUS,2010,Egyptian,35442,0.0013263588915549767,26721185.0
AUS,2010,Emirati,172,6.4306386492314905e-06,26721185.0
AUS,2010,English,6753653,0.2527452587060069,26721185.0
AUS,2010,Eritrean,3370,0.00012613562745118333,26721185.0
AUS,2010,Estonian,8404,0.00031450498965632625,26721185.0
AUS,2010,Ethiopian,7050,0.00026385423395327445,26721185.0
AUS,2010,"Eurasian, so described",4323,0.0001617978993011215,26721185.0
AUS,2010,"European, so described",10712,0.00040089215622179746,26721185.0
AUS,2010,Fijian,21410,0.000801240607865502,26721185.0
AUS,2010,Fijian Indian/Indo-Fijian,15476,0.0005791504619038427,26721185.0
AUS,2010,Filipino,191453,0.007164852992230785,26721185.0
AUS,2010,Finnish,21718,0.0008127819453593845,26721185.0
AUS,2010,Flemish,583,2.1817368271899942e-05,26721185.0
AUS,2010,French,104315,0.0039038266415523278,26721185.0
AUS,2010,French Canadian,1761,6.591824492069604e-05,26721185.0
AUS,2010,Frisian,234,8.759015438405781e-06,26721185.0
AUS,2010,Fulani,70,2.6095111452953645e-06,26721185.0
AUS,2010,Georgian,434,1.6259103460035713e-05,26721185.0
AUS,2010,German,854969,0.03199592191602247,26721185.0
AUS,2010,Ghanaian,3006,0.00011249961905244193,26721185.0
AUS,2010,Gibraltarian,181,6.776467179863396e-06,26721185.0
AUS,2010,Gio,36,1.3575792703933146e-06,26721185.0
AUS,2010,Greek,372239,0.013930477456694863,26721185.0
AUS,2010,Guatemalan,264,9.866552982157427e-06,26721185.0
AUS,2010,Gujarati,911,3.4087890587411185e-05,26721185.0
AUS,2010,Gurkha,19,7.013571348228464e-07,26721185.0
AUS,2010,Guyanese,463,1.734521327467783e-05,26721185.0
AUS,2010,Hawaiian,304,1.139009082364914e-05,26721185.0
AUS,2010,Hazara,3557,0.00013312492220987732,26721185.0
AUS,2010,Hispanic,3015,0.0001128229835304635,26721185.0
AUS,2010,Hmong,2460,9.20729227632189e-05,26721185.0
AUS,2010,Hungarian,68510,0.002563871739646069,26721185.0
AUS,2010,Hutu,9,3.464858402709882e-07,26721185.0
AUS,2010,Icelandic,842,3.150540839850849e-05,26721185.0
AUS,2010,Igbo,329,1.2325390744360357e-05,26721185.0
AUS,2010,Inadequately described,29500,0.0011039927470683933,26721185.0
AUS,2010,Indian,309796,0.011593641110589989,26721185.0
AUS,2010,Indian Tamil,486,1.8184417069215715e-05,26721185.0
AUS,2010,Indonesian,42177,0.0015784041965442065,26721185.0
AUS,2010,Iranian,29639,0.001109202945054169,26721185.0
AUS,2010,Iraqi,22165,0.0008294929300194625,26721185.0
AUS,2010,Irish,1943387,0.07272832903640511,26721185.0
AUS,2010,Italian,884755,0.03311063653758317,26721185.0
AUS,2010,Ivoirean,86,3.236321735723513e-06,26721185.0
AUS,2010,Jamaican,2080,7.785921631452375e-05,26721185.0
AUS,2010,Japanese,45735,0.0017115668546476106,26721185.0
AUS,2010,Javanese,716,2.6811575765335343e-05,26721185.0
AUS,2010,Jewish,20513,0.0007676827658469245,26721185.0
AUS,2010,Jordanian,3796,0.0001420414671898921,26721185.0
AUS,2010,Kadazan,213,7.989360947176291e-06,26721185.0
AUS,2010,Karen,3393,0.0001269605990768023,26721185.0
AUS,2010,Kashmiri,248,9.288700271112153e-06,26721185.0
AUS,2010,Kazak,202,7.557280186285854e-06,26721185.0
AUS,2010,Kenyan,2942,0.00011010203712798165,26721185.0
AUS,2010,Khmer,29259,0.001094990730802445,26721185.0
AUS,2010,Kiribati,575,2.1522920656690155e-05,26721185.0
AUS,2010,Korean,74420,0.002785065387936639,26721185.0
AUS,2010,Krahn,32,1.1789504190257732e-06,26721185.0
AUS,2010,Kunama,17,6.43063864923149e-07,26721185.0
AUS,2010,Kurd,6208,0.00023233925995462854,26721185.0
AUS,2010,Kuwaiti,467,1.7477421823853542e-05,26721185.0
AUS,2010,Kyrgyz,102,3.822657419265386e-06,26721185.0
AUS,2010,Lao,11558,0.0004325402820139027,26721185.0
AUS,2010,Latvian,20136,0.0007535772066893686,26721185.0
AUS,2010,Lebanese,192372,0.007199242129347315,26721185.0
AUS,2010,Liberian,1548,5.794992123046683e-05,26721185.0
AUS,2010,Libyan,635,2.374764249431023e-05,26721185.0
AUS,2010,Lithuanian,13457,0.0005036195126087303,26721185.0
AUS,2010,Luxembourg,189,7.067697938556397e-06,26721185.0
AUS,2010,Macedonian,88749,0.0033213019903688213,26721185.0
AUS,2010,Madi,135,5.037333608564668e-06,26721185.0
AUS,2010,Madura,10,3.855442146058371e-07,26721185.0
AUS,2010,"Mainland South-East Asian, nec (incl. Arakanese, Karen, Mon)",584,2.1852862050536125e-05,26721185.0
AUS,2010,"Mainland South-East Asian, nfd",124,4.644350135556076e-06,26721185.0
AUS,2010,Malawian,233,8.735998613674303e-06,26721185.0
AUS,2010,Malay,29338,0.0010979300840413537,26721185.0
AUS,2010,Malayali,612,2.2917192329179154e-05,26721185.0
AUS,2010,Maldivian,372,1.3919374829304019e-05,26721185.0
AUS,2010,Maltese,159013,0.005950822059729618,26721185.0
AUS,2010,Mandaean,284,1.0646279541505467e-05,26721185.0
AUS,2010,Mandinka,83,3.1081420137952206e-06,26721185.0
AUS,2010,Manx,1919,7.182485532536341e-05,26721185.0
AUS,2010,Marathi,11,3.945133883378511e-07,26721185.0
AUS,2010,"Maritime South-East Asian, nec (incl. Balinese, Irian Jayan, Sumatran)",1624,6.0765200905240644e-05,26721185.0
AUS,2010,Masai,30,1.1109477266328684e-06,26721185.0
AUS,2010,Mauritian,24843,0.0009297234416228185,26721185.0
AUS,2010,Maya,150,5.62095890357086e-06,26721185.0
AUS,2010,"Melanesian and Papuan, nec (incl. Bisorio, Bougainvillian, Huli)",443,1.6578930301056675e-05,26721185.0
AUS,2010,"Melanesian and Papuan, nfd",548,2.0503031112454555e-05,26721185.0
AUS,2010,Mexican,3778,0.00014138472010873757,26721185.0
AUS,2010,"Micronesian, nec (incl. Marianas Islander, Marshallese, Palauan)",147,5.490455445835759e-06,26721185.0
AUS,2010,"Micronesian, nfd",100,3.732956340852743e-06,26721185.0
AUS,2010,Moldovan,300,1.1218784986591581e-05,26721185.0
AUS,2010,Mon,193,7.21420452889609e-06,26721185.0
AUS,2010,Mongol,920,3.443720663147009e-05,26721185.0
AUS,2010,Montenegrian,1355,5.0704642222344425e-05,26721185.0
AUS,2010,Moroccan,1807,6.763373920346353e-05,26721185.0
AUS,2010,Mozambican,152,5.70666982000897e-06,26721185.0
AUS,2010,Namibian,155,5.791221165744384e-06,26721185.0
AUS,2010,Native North American Indian,3563,0.0001333544522447209,26721185.0
AUS,2010,Nauru,391,1.4633619577863973e-05,26721185.0
AUS,2010,Nepalese,15470,0.0005789245267975034,26721185.0
AUS,2010,New Caledonian,227,8.47677412019049e-06,26721185.0
AUS,2010,New Zealand,173709,0.006500813336689655,26721185.0
AUS,2010,New Zealand Maori,110078,0.004119513340074211,26721185.0
AUS,2010,"New Zealand Peoples, nfd",8,3.179284232159139e-07,26721185.0
AUS,2010,Ni-Vanuatu,604,2.2592795347090352e-05,26721185.0
AUS,2010,Nicaraguan,501,1.8761419144257468e-05,26721185.0
AUS,2010,Nigerian,2667,9.982642020966527e-05,26721185.0
AUS,2010,Niuean,2645,9.896981751326527e-05,26721185.0
AUS,2010,"North African and Middle Eastern, nfd",3047,0.00011404117062072836,26721185.0
AUS,2010,"North American, nec (incl. Bermudan, Inuit, Metis)",137,5.133275073646451e-06,26721185.0
AUS,2010,"North American, nfd",413,1.545674290925149e-05,26721185.0
AUS,2010,"North European, nec (incl. Faeroese, Greenlandic, Saami)",171,6.417504385687701e-06,26721185.0
AUS,2010,"North European, nfd",3334,0.00012478223548856258,26721185.0
AUS,2010,"North-East Asian, nfd",5,1.8932338328586154e-07,26721185.0
AUS,2010,"North-West European, nfd",1548,5.792160344391623e-05,26721185.0
AUS,2010,Norwegian,21727,0.0008130966531066501,26721185.0
AUS,2010,Not Stated,1549022,0.05796982678186871,26721185.0
AUS,2010,Nubian,41,1.536208121760856e-06,26721185.0
AUS,2010,Nuer,261,9.760964766958852e-06,26721185.0
AUS,2010,"Oceania, nfd",11099,0.0004153637338794254,26721185.0
AUS,2010,Ogaden,12,4.644350135556076e-07,26721185.0
AUS,2010,Omani,233,8.717087946736021e-06,26721185.0
AUS,2010,Oromo,949,3.552009958959541e-05,26721185.0
AUS,2010,Other,22106,0.0008272881743812705,26721185.0
AUS,2010,"Other North African and Middle Eastern, nec (incl. Azande, Beja, Nubian)",8332,0.00031183074567124716,26721185.0
AUS,2010,"Other North African and Middle Eastern, nfd",114,4.251366662547486e-06,26721185.0
AUS,2010,"Other North-East Asian, nec (incl. Ainu, Menba, Xiareba)",6,2.393471947233506e-07,26721185.0
AUS,2010,"Other North-East Asian, nfd",0,0.0,26721185.0
AUS,2010,Pakistani,25485,0.0009537297367413235,26721185.0
AUS,2010,Palestinian,8371,0.0003132585740392944,26721185.0
AUS,2010,Papua New Guinean,13966,0.0005226695179953902,26721185.0
AUS,2010,Paraguayan,301,1.125249634324138e-05,26721185.0
AUS,2010,Parsi,130,4.858704757197126e-06,26721185.0
AUS,2010,Pathan,552,2.0646243515731683e-05,26721185.0
AUS,2010,"People of the Americas, nfd",2164,8.097560167031111e-05,26721185.0
AUS,2010,"Peoples of the Sudan, nec",53,1.9656526975421137e-06,26721185.0
AUS,2010,"Peoples of the Sudan, nfd",2185,8.178824484990447e-05,26721185.0
AUS,2010,Peruvian,7492,0.00028037779699636805,26721185.0
AUS,2010,Pitcairn Islander,468,1.751994795635362e-05,26721185.0
AUS,2010,Polish,167300,0.006260954531971329,26721185.0
AUS,2010,"Polynesian, nec (incl. Hawaiian, Pitcairn Islander, Tahitian)",468,1.750016799167481e-05,26721185.0
AUS,2010,"Polynesian, nfd",1924,7.199336962390596e-05,26721185.0
AUS,2010,Portuguese,43846,0.0016408609851352699,26721185.0
AUS,2010,Puerto Rican,270,1.0100591576194503e-05,26721185.0
AUS,2010,Punjabi,8144,0.0003047667056558808,26721185.0
AUS,2010,Qatari,8,2.8580616218806624e-07,26721185.0
AUS,2010,Rohingya,246,9.217248730565136e-06,26721185.0
AUS,2010,Romani (Gypsy),716,2.6788210953147882e-05,26721185.0
AUS,2010,Romanian,19642,0.0007350851151331192,26721185.0
AUS,2010,Russian,70674,0.0026448517491574892,26721185.0
AUS,2010,Rwandan,624,2.3364653758874417e-05,26721185.0
AUS,2010,Salvadoran,7179,0.0002686687376065686,26721185.0
AUS,2010,Samoan,47652,0.0017832900890031485,26721185.0
AUS,2010,Saudi Arabian,2158,8.077484911492207e-05,26721185.0
AUS,2010,Scottish,1643699,0.0615129359328775,26721185.0
AUS,2010,Senegalese,137,5.144510919385192e-06,26721185.0
AUS,2010,Serbian,83254,0.003115672261827386,26721185.0
AUS,2010,Seychellois,2897,0.00010842258175710435,26721185.0
AUS,2010,Shona,556,2.079239829918182e-05,26721185.0
AUS,2010,Sierra Leonean,1294,4.8431829836931224e-05,26721185.0
AUS,2010,Sikh,4715,0.00017645548705780484,26721185.0
AUS,2010,Sindhi,283,1.057482800095845e-05,26721185.0
AUS,2010,Singaporean,5362,0.00020065913553618127,26721185.0
AUS,2010,Sinhalese,49719,0.0018606501851996511,26721185.0
AUS,2010,Slovak,9263,0.000346639276054979,26721185.0
AUS,2010,Slovenian,16630,0.0006223432451710538,26721185.0
AUS,2010,Solomon Islander,1255,4.6982225752318456e-05,26721185.0
AUS,2010,Somalie,8197,0.0003067774361370501,26721185.0
AUS,2010,Sorb/Wend,220,8.22134646231677e-06,26721185.0
AUS,2010,South African,93749,0.00350840618189296,26721185.0
AUS,2010,"South American, nec (incl. Arawak, Carib, Surinamese)",620,2.319614327976546e-05,26721185.0
AUS,2010,"South American, nfd",8817,0.00032997045134914525,26721185.0
AUS,2010,"South Eastern European, nec (incl. Aromani, Karakachani, Vlach)",18,6.823158138965435e-07,26721185.0
AUS,2010,"South Eastern European, nfd",13790,0.000516081660068607,26721185.0
AUS,2010,South Sudanese,11023,0.00041253067700155576,26721185.0
AUS,2010,"South-East Asian, nfd",182,6.821375716979048e-06,26721185.0
AUS,2010,"Southern Asian, nec (incl. Bhote, Kashmiri, Sherpa)",1343,5.0246254269093526e-05,26721185.0
AUS,2010,"Southern Asian, nfd",8834,0.00033058575067057604,26721185.0
AUS,2010,"Southern European, nec (incl. Andorran, Galician, Ladin)",32,1.2109953495078465e-06,26721185.0
AUS,2010,"Southern European, nfd",37,1.368157806492973e-06,26721185.0
AUS,2010,"Southern and Central Asian, nfd",19,6.930490110877509e-07,26721185.0
AUS,2010,"Southern and East African, nec (incl. Afar, Tutsi, Zulu)",2226,8.331035011970749e-05,26721185.0
AUS,2010,"Southern and East African, nfd",384,1.4365637635539776e-05,26721185.0
AUS,2010,"Southern and Eastern European, nfd",1909,7.145136249838641e-05,26721185.0
AUS,2010,Spanish,88635,0.003317020713004668,26721185.0
AUS,2010,Sri Lanka Tamil,4947,0.00018513094155731992,26721185.0
AUS,2010,Sri Lankan,71727,0.002684291475270318,26721185.0
AUS,2010,"Sub-saharan African, nfd",86,3.2168697549648085e-06,26721185.0
AUS,2010,Sudanese,21817,0.00081648635621242,26721185.0
AUS,2010,Sundanese,190,7.128532277730867e-06,26721185.0
AUS,2010,Swahili,230,8.609910635915495e-06,26721185.0
AUS,2010,Swaziland,95,3.572577027350828e-06,26721185.0
AUS,2010,Swedish,32189,0.0012046412581053789,26721185.0
AUS,2010,Swiss,27734,0.0010379133185023318,26721185.0
AUS,2010,Syrian,11781,0.0004408721310005083,26721185.0
AUS,2010,Tahitian,708,2.6491555597949945e-05,26721185.0
AUS,2010,Taiwanese,6984,0.0002613632352647708,26721185.0
AUS,2010,Tajik,151,5.640642875966888e-06,26721185.0
AUS,2010,Tamil,11226,0.0004201310248279021,26721185.0
AUS,2010,Tanzanian,497,1.8593794146991345e-05,26721185.0
AUS,2010,Tatar,354,1.3233455506161815e-05,26721185.0
AUS,2010,Telugu,760,2.843771313771259e-05,26721185.0
AUS,2010,Thai,37542,0.0014049641736667094,26721185.0
AUS,2010,Themne,45,1.679111202854889e-06,26721185.0
AUS,2010,Tibetan,735,2.751035869511113e-05,26721185.0
AUS,2010,Tigray,134,5.003042272821561e-06,26721185.0
AUS,2010,Tigre,30,1.1127688138921423e-06,26721185.0
AUS,2010,Timorese,6659,0.0002491845482565482,26721185.0
AUS,2010,Togolese,178,6.64499327087254e-06,26721185.0
AUS,2010,Tokelauan,1385,5.1821207871846666e-05,26721185.0
AUS,2010,Tongan,21648,0.000810153522600236,26721185.0
AUS,2010,Torres Strait Islander,13624,0.0005098623047939128,26721185.0
AUS,2010,Trinidad and Tobago,710,2.658106334999815e-05,26721185.0
AUS,2010,Tunisian,382,1.4314063393753221e-05,26721185.0
AUS,2010,Turkish,63122,0.002362238717659646,26721185.0
AUS,2010,Turkmenian,333,1.2447488560144632e-05,26721185.0
AUS,2010,Tuvaluan,380,1.4203282573687035e-05,26721185.0
AUS,2010,Ugandan,740,2.7692475059905664e-05,26721185.0
AUS,2010,Uighur,535,2.0023134280114773e-05,26721185.0
AUS,2010,Ukrainian,38245,0.001431268400255955,26721185.0
AUS,2010,Uruguayan,6850,0.00025634841965182365,26721185.0
AUS,2010,Uzbek,423,1.584689999790574e-05,26721185.0
AUS,2010,Venezuelan,1514,5.665410426579728e-05,26721185.0
AUS,2010,Vietnamese,196707,0.007361455890975631,26721185.0
AUS,2010,Vlach,67,2.511227794153689e-06,26721185.0
AUS,2010,Walloon,15,5.698526720435627e-07,26721185.0
AUS,2010,Welsh,119397,0.004468237944373871,26721185.0
AUS,2010,"Western European, nec (incl. Alsatian, Frisian, Luxembourgish)",203,7.612187280407856e-06,26721185.0
AUS,2010,"Western European, nfd",65,2.42912038696124e-06,26721185.0
AUS,2010,Yazidi,17,6.409737057202545e-07,26721185.0
AUS,2010,Yemeni,402,1.5044697927646642e-05,26721185.0
AUS,2010,Yoruba,282,1.0565219916114548e-05,26721185.0
AUS,2010,Zambian,1206,4.5141184805612586e-05,26721185.0
AUS,2010,Zimbabwean,10238,0.0003831435666255086,26721185.0
AUS,2010,Zulu,293,1.0979283130776681e-05,26721185.0
AUS,2015,Acehnese,106,4.116204724060452e-06,25696447.5
AUS,2015,Acholi,143,5.552260651491056e-06,25696447.5
AUS,2015,Afgan,39913,0.0015532450899237763,25696447.5
AUS,2015,African American,1632,6.351908318099302e-05,25696447.5
AUS,2015,"African, so described",29095,0.0011322429706860883,25696447.5
AUS,2015,Afrikaner,3823,0.00014877644555763865,25696447.5
AUS,2015,Akan,175,6.821938242051626e-06,25696447.5
AUS,2015,Albanian,12571,0.0004892205976381638,25696447.5
AUS,2015,Algerian,1239,4.8231627355500664e-05,25696447.5
AUS,2015,American,40346,0.0015700812421052361,25696447.5
AUS,2015,Amhara,229,8.92766852898572e-06,25696447.5
AUS,2015,Anglo-Burmese,529,2.0599215558923735e-05,25696447.5
AUS,2015,Anglo-Indian,11382,0.0004429244147386258,25696447.5
AUS,2015,Angolan,150,5.839460253147719e-06,25696447.5
AUS,2015,"Arab, nec (incl. Baggara, Bedouin, Yemeni)",358,1.3934307856476406e-05,25696447.5
AUS,2015,"Arab, nfd",32951,0.0012823328898006526,25696447.5
AUS,2015,Argentinean,7914,0.00030799524667979034,25696447.5
AUS,2015,Armenian,15668,0.0006097214701574068,25696447.5
AUS,2015,"Asian, so described",11322,0.0004405955192315593,25696447.5
AUS,2015,Assyrian/ Chaldean,24744,0.000962922699633386,25696447.5
AUS,2015,Australian,5911789,0.23006250473078,25696447.5
AUS,2015,Australian Aboriginal,108529,0.004223502413788935,25696447.5
AUS,2015,Australian South Sea Islander,3741,0.00014558941976280828,25696447.5
AUS,2015,"Australian peoples, nfd",470,1.8277388851012846e-05,25696447.5
AUS,2015,Austrian,29830,0.0011608722910455504,25696447.5
AUS,2015,Azeris,560,2.179786719433416e-05,25696447.5
AUS,2015,Bahraini,118,4.60026372847099e-06,25696447.5
AUS,2015,Balinese,564,2.1938951250562728e-05,25696447.5
AUS,2015,Bangladeshi,31532,0.001227102937427045,25696447.5
AUS,2015,Barbadian,264,1.0264559422540229e-05,25696447.5
AUS,2015,Bari,77,2.981727684751775e-06,25696447.5
AUS,2015,Basque,451,1.755548066280283e-05,25696447.5
AUS,2015,Batswana,398,1.550722890896493e-05,25696447.5
AUS,2015,Belarus,1592,6.196481826528769e-05,25696447.5
AUS,2015,Belgian,7693,0.0002993966967748138,25696447.5
AUS,2015,Bengali,8008,0.00031162820242251895,25696447.5
AUS,2015,Berber,176,6.862928023097231e-06,25696447.5
AUS,2015,Bermudian,152,5.925600827262287e-06,25696447.5
AUS,2015,Bhutanese,4407,0.00017151988221137453,25696447.5
AUS,2015,Bolivian,678,2.6381255198122553e-05,25696447.5
AUS,2015,Bosnian,19882,0.0007737090991910313,25696447.5
AUS,2015,Brazil,13494,0.0005251336259992386,25696447.5
AUS,2015,Breton,68,2.630089255585674e-06,25696447.5
AUS,2015,British NEC,189,7.3357429798468475e-06,25696447.5
AUS,2015,"British, nec (incl. Channel Islander, Guernsey Islander, Manx)",95,3.6933177391504766e-06,25696447.5
AUS,2015,"British, nfd",5371,0.00020900763472335432,25696447.5
AUS,2015,Bruneian,231,8.97107752271894e-06,25696447.5
AUS,2015,Bulgarian,4876,0.00018976607566035365,25696447.5
AUS,2015,Burgher,466,1.8133402077552504e-05,25696447.5
AUS,2015,Burmese,19955,0.0007765535940844755,25696447.5
AUS,2015,Burundian,2995,0.00011654605241063451,25696447.5
AUS,2015,Cameroonian,237,9.220848167531207e-06,25696447.5
AUS,2015,Canadian,20860,0.0008117917915919711,25696447.5
AUS,2015,"Caribbean, nfd",1591,6.192359680765292e-05,25696447.5
AUS,2015,"Carribbean Islander, nec (incl.Bahamian, Haitian, Puerto Rican)",532,2.068676887888933e-05,25696447.5
AUS,2015,Catalan,184,7.156785074994587e-06,25696447.5
AUS,2015,"Caucasian, so described",367,1.428728870889355e-05,25696447.5
AUS,2015,"Central American, nec (incl. Belizean, Costa Rican, Mayan)",285,1.1106243795935427e-05,25696447.5
AUS,2015,"Central American, nfd",395,1.538603997792872e-05,25696447.5
AUS,2015,"Central Asian, nec (incl. Azerbaijani, Chechen, Tatar)",79,3.0594883156723355e-06,25696447.5
AUS,2015,"Central Asian, nfd",84,3.2587862374962537e-06,25696447.5
AUS,2015,"Central and West Africa, nec (incl. Fang, Kongo, Liberian)",1492,5.804620827648027e-05,25696447.5
AUS,2015,"Central and West Africa, nfd",245,9.547624804382449e-06,25696447.5
AUS,2015,Chaldean,11960,0.0004654246198245453,25696447.5
AUS,2015,Channel Islander,708,2.7545400745286193e-05,25696447.5
AUS,2015,Chilean,26898,0.0010467580026213513,25696447.5
AUS,2015,Chin,17582,0.0006842232746659754,25696447.5
AUS,2015,Chinese,1015757,0.03952910176844211,25696447.5
AUS,2015,"Chinese Asian, nec (incl. Hui, Manchu, Yi)",311,1.2092573049760405e-05,25696447.5
AUS,2015,"Chinese Asian, nfd",0,0.0,25696447.5
AUS,2015,Colombian,12852,0.0005001489067675158,25696447.5
AUS,2015,Congo,4622,0.00017987475819170566,25696447.5
AUS,2015,Cook Islander,14131,0.0005499163393456966,25696447.5
AUS,2015,Coptic,1547,6.018853565584745e-05,25696447.5
AUS,2015,Costa Rican,262,1.0207835528325623e-05,25696447.5
AUS,2015,"Creole, so described",422,1.6431163978788765e-05,25696447.5
AUS,2015,Croatian,106512,0.004145008795940111,25696447.5
AUS,2015,Cubans,679,2.643308274781464e-05,25696447.5
AUS,2015,Cypriot,20925,0.0008143064828432037,25696447.5
AUS,2015,Czech,17775,0.0006917291641071997,25696447.5
AUS,2015,Danish,33852,0.0013173821126425125,25696447.5
AUS,2015,Darfu/Darfurian,6,2.4272622193956686e-07,25696447.5
AUS,2015,Dinka,1343,5.226869731555439e-05,25696447.5
AUS,2015,Dutch,236803,0.009215389594483828,25696447.5
AUS,2015,"Eastern European, nec (incl. Adygei, Khanty, Sorb/Wend)",339,1.3189950185709408e-05,25696447.5
AUS,2015,"Eastern European, nfd",5686,0.00022129393193706426,25696447.5
AUS,2015,Ecuadorian,1501,5.842759934196079e-05,25696447.5
AUS,2015,Egyptian,39349,0.001531303166335303,25696447.5
AUS,2015,Emirati,146,5.672385196543388e-06,25696447.5
AUS,2015,English,7611477,0.2962073675412594,25696447.5
AUS,2015,Eritrean,5285,0.0002056829497068362,25696447.5
AUS,2015,Estonian,6306,0.0002453875970711521,25696447.5
AUS,2015,Ethiopian,10691,0.0004160466527328538,25696447.5
AUS,2015,"Eurasian, so described",3711,0.00014442525575424564,25696447.5
AUS,2015,"European, so described",12486,0.00048592171140318067,25696447.5
AUS,2015,Fijian,23487,0.0009140055698082508,25696447.5
AUS,2015,Fijian Indian/Indo-Fijian,13350,0.0005195138649839674,25696447.5
AUS,2015,Filipino,234347,0.009119806086320808,25696447.5
AUS,2015,Finnish,16831,0.0006549738117271595,25696447.5
AUS,2015,Flemish,458,1.7836738840335528e-05,25696447.5
AUS,2015,French,78108,0.0030396504604601757,25696447.5
AUS,2015,French Canadian,1224,4.764548129359983e-05,25696447.5
AUS,2015,Frisian,196,7.640476413155545e-06,25696447.5
AUS,2015,Fulani,105,4.096948399455102e-06,25696447.5
AUS,2015,Georgian,469,1.826409325691389e-05,25696447.5
AUS,2015,German,656353,0.02554256888215614,25696447.5
AUS,2015,Ghanaian,4111,0.0001599813691929392,25696447.5
AUS,2015,Gibraltarian,115,4.486409661027342e-06,25696447.5
AUS,2015,Gio,27,1.06337385862881e-06,25696447.5
AUS,2015,Greek,336771,0.013105731286888155,25696447.5
AUS,2015,Guatemalan,252,9.820464425956278e-06,25696447.5
AUS,2015,Gujarati,1563,6.0840907860288066e-05,25696447.5
AUS,2015,Gurkha,18,7.013571348228464e-07,25696447.5
AUS,2015,Guyanese,421,1.6381078228432424e-05,25696447.5
AUS,2015,Hawaiian,218,8.469503993038797e-06,25696447.5
AUS,2015,Hazara,10491,0.00040826774230776314,25696447.5
AUS,2015,Hispanic,2168,8.438442214711918e-05,25696447.5
AUS,2015,Hmong,2982,0.00011605109771843021,25696447.5
AUS,2015,Hungarian,54073,0.0021042797257421024,25696447.5
AUS,2015,Hutu,16,6.269620855045704e-07,25696447.5
AUS,2015,Icelandic,681,2.6486981150327193e-05,25696447.5
AUS,2015,Igbo,531,2.0670066911648602e-05,25696447.5
AUS,2015,Inadequately described,35567,0.001384131282123966,25696447.5
AUS,2015,Indian,479262,0.01865088679052884,25696447.5
AUS,2015,Indian Tamil,498,1.939051940651328e-05,25696447.5
AUS,2015,Indonesian,44054,0.0017143990157432235,25696447.5
AUS,2015,Iranian,47120,0.0018337250089551834,25696447.5
AUS,2015,Iraqi,33585,0.0013069936158945277,25696447.5
AUS,2015,Irish,1641058,0.06386323705475745,25696447.5
AUS,2015,Italian,838076,0.032614465484417654,25696447.5
AUS,2015,Ivoirean,83,3.23672372757128e-06,25696447.5
AUS,2015,Jamaican,1608,6.25915486742031e-05,25696447.5
AUS,2015,Japanese,46864,0.0018237362616203637,25696447.5
AUS,2015,Javanese,810,3.1533545872879604e-05,25696447.5
AUS,2015,Jewish,19033,0.0007406817914059528,25696447.5
AUS,2015,Jordanian,4194,0.00016322314456107586,25696447.5
AUS,2015,Kadazan,196,7.6205040624334656e-06,25696447.5
AUS,2015,Karen,7812,0.00030402799976429225,25696447.5
AUS,2015,Kashmiri,355,1.3831639917546392e-05,25696447.5
AUS,2015,Kazak,338,1.3145476805992311e-05,25696447.5
AUS,2015,Kenyan,4307,0.0001675994154299202,25696447.5
AUS,2015,Khmer,33537,0.0013051373507302205,25696447.5
AUS,2015,Kiribati,522,2.0297636670801812e-05,25696447.5
AUS,2015,Korean,103248,0.004018006581826852,25696447.5
AUS,2015,Krahn,26,1.0167910133263896e-06,25696447.5
AUS,2015,Kunama,17,6.633845755123769e-07,25696447.5
AUS,2015,Kurd,8027,0.00031238560470441326,25696447.5
AUS,2015,Kuwaiti,807,3.139491964210351e-05,25696447.5
AUS,2015,Kyrgyz,136,5.287123559759367e-06,25696447.5
AUS,2015,Lao,11807,0.00045948456502023825,25696447.5
AUS,2015,Latvian,14267,0.000555226070219006,25696447.5
AUS,2015,Lebanese,193372,0.00752523460981948,25696447.5
AUS,2015,Liberian,2143,8.33777914890874e-05,25696447.5
AUS,2015,Libyan,998,3.8856341618494644e-05,25696447.5
AUS,2015,Lithuanian,10394,0.00040450299492187465,25696447.5
AUS,2015,Luxembourg,149,5.816681717106017e-06,25696447.5
AUS,2015,Macedonian,86675,0.003373044424611835,25696447.5
AUS,2015,Madi,193,7.518261708900319e-06,25696447.5
AUS,2015,Madura,8,2.9960105825629426e-07,25696447.5
AUS,2015,"Mainland South-East Asian, nec (incl. Arakanese, Karen, Mon)",716,2.784645667111569e-05,25696447.5
AUS,2015,"Mainland South-East Asian, nfd",90,3.497293528265171e-06,25696447.5
AUS,2015,Malawian,307,1.1948992555314504e-05,25696447.5
AUS,2015,Malay,29399,0.0011440745349582592,25696447.5
AUS,2015,Malayali,1059,4.1217435614497824e-05,25696447.5
AUS,2015,Maldivian,512,1.9910323487579755e-05,25696447.5
AUS,2015,Maltese,128027,0.004982266484047333,25696447.5
AUS,2015,Mandaean,914,3.555573289055807e-05,25696447.5
AUS,2015,Mandinka,110,4.2888921513040295e-06,25696447.5
AUS,2015,Manx,1229,4.7835625326965724e-05,25696447.5
AUS,2015,Marathi,10,3.945133883378511e-07,25696447.5
AUS,2015,"Maritime South-East Asian, nec (incl. Balinese, Irian Jayan, Sumatran)",1613,6.277499664456343e-05,25696447.5
AUS,2015,Masai,25,9.737110730778901e-07,25696447.5
AUS,2015,Mauritian,23281,0.0009060172640950894,25696447.5
AUS,2015,Maya,168,6.544531329439998e-06,25696447.5
AUS,2015,"Melanesian and Papuan, nec (incl. Bisorio, Bougainvillian, Huli)",272,1.0599716002585478e-05,25696447.5
AUS,2015,"Melanesian and Papuan, nfd",641,2.4946282963058256e-05,25696447.5
AUS,2015,Mexican,4768,0.00018555929821581783,25696447.5
AUS,2015,"Micronesian, nec (incl. Marianas Islander, Marshallese, Palauan)",105,4.088878203363383e-06,25696447.5
AUS,2015,"Micronesian, nfd",70,2.708520396928366e-06,25696447.5
AUS,2015,Moldovan,412,1.6038935144661764e-05,25696447.5
AUS,2015,Mon,262,1.0179850900659115e-05,25696447.5
AUS,2015,Mongol,2135,8.308135992845958e-05,25696447.5
AUS,2015,Montenegrian,1456,5.666683763049941e-05,25696447.5
AUS,2015,Moroccan,1982,7.714314176543362e-05,25696447.5
AUS,2015,Mozambican,174,6.772200851562433e-06,25696447.5
AUS,2015,Namibian,174,6.7784906355535475e-06,25696447.5
AUS,2015,Native North American Indian,2017,7.850217323942624e-05,25696447.5
AUS,2015,Nauru,347,1.3501999176228236e-05,25696447.5
AUS,2015,Nepalese,44800,0.0017434281598217223,25696447.5
AUS,2015,New Caledonian,133,5.16099967143578e-06,25696447.5
AUS,2015,New Zealand,125993,0.004903122699274819,25696447.5
AUS,2015,New Zealand Maori,93453,0.003636799325275742,25696447.5
AUS,2015,"New Zealand Peoples, nfd",17,6.735449308069909e-07,25696447.5
AUS,2015,Ni-Vanuatu,537,2.09046264055843e-05,25696447.5
AUS,2015,Nicaraguan,481,1.8730618429672393e-05,25696447.5
AUS,2015,Nigerian,4411,0.0001716439553982435,25696447.5
AUS,2015,Niuean,2687,0.00010457929434707882,25696447.5
AUS,2015,"North African and Middle Eastern, nfd",5145,0.00020024028557885328,25696447.5
AUS,2015,"North American, nec (incl. Bermudan, Inuit, Metis)",102,3.95367765211149e-06,25696447.5
AUS,2015,"North American, nfd",524,2.0376036102309377e-05,25696447.5
AUS,2015,"North European, nec (incl. Faeroese, Greenlandic, Saami)",155,6.01423783959419e-06,25696447.5
AUS,2015,"North European, nfd",2806,0.00010919622143002569,25696447.5
AUS,2015,"North-East Asian, nfd",5,2.1327292970348113e-07,25696447.5
AUS,2015,"North-West European, nfd",796,3.09804159278448e-05,25696447.5
AUS,2015,Norwegian,14237,0.0005540598370475897,25696447.5
AUS,2015,Not Stated,1573533,0.061235426466175885,25696447.5
AUS,2015,Nubian,63,2.4346356957530897e-06,25696447.5
AUS,2015,Nuer,277,1.0764081405782337e-05,25696447.5
AUS,2015,"Oceania, nfd",8957,0.0003485809993116698,25696447.5
AUS,2015,Ogaden,15,5.740701498286062e-07,25696447.5
AUS,2015,Omani,343,1.3332175853451572e-05,25696447.5
AUS,2015,Oromo,1544,6.007700342419585e-05,25696447.5
AUS,2015,Other,21258,0.0008272881743812705,25696447.5
AUS,2015,"Other North African and Middle Eastern, nec (incl. Azande, Beja, Nubian)",7066,0.0002749829712182461,25696447.5
AUS,2015,"Other North African and Middle Eastern, nfd",130,5.074162377586913e-06,25696447.5
AUS,2015,"Other North-East Asian, nec (incl. Ainu, Menba, Xiareba)",7,2.8896070737483816e-07,25696447.5
AUS,2015,"Other North-East Asian, nfd",56,2.189633655408777e-06,25696447.5
AUS,2015,Pakistani,46260,0.001800231092011949,25696447.5
AUS,2015,Palestinian,9734,0.00037879226271909905,25696447.5
AUS,2015,Papua New Guinean,12036,0.0004683882185597233,25696447.5
AUS,2015,Paraguayan,267,1.0384025860623121e-05,25696447.5
AUS,2015,Parsi,134,5.206905103386332e-06,25696447.5
AUS,2015,Pathan,1228,4.7791886434764374e-05,25696447.5
AUS,2015,"People of the Americas, nfd",4449,0.0001731506310018098,25696447.5
AUS,2015,"Peoples of the Sudan, nec",51,1.9656526975421137e-06,25696447.5
AUS,2015,"Peoples of the Sudan, nfd",2102,8.178824484990447e-05,25696447.5
AUS,2015,Peruvian,8082,0.00031450695411120523,25696447.5
AUS,2015,Pitcairn Islander,450,1.751994795635362e-05,25696447.5
AUS,2015,Polish,133546,0.005197070170030103,25696447.5
AUS,2015,"Polynesian, nec (incl. Hawaiian, Pitcairn Islander, Tahitian)",290,1.1267687175518081e-05,25696447.5
AUS,2015,"Polynesian, nfd",1851,7.202864771377054e-05,25696447.5
AUS,2015,Portuguese,41314,0.0016077809534292328,25696447.5
AUS,2015,Puerto Rican,241,9.398044966665293e-06,25696447.5
AUS,2015,Punjabi,17159,0.0006677490365335861,25696447.5
AUS,2015,Qatari,13,5.061215143355106e-07,25696447.5
AUS,2015,Rohingya,1069,4.159280718534125e-05,25696447.5
AUS,2015,Romani (Gypsy),527,2.052772540561186e-05,25696447.5
AUS,2015,Romanian,19434,0.0007562719248933988,25696447.5
AUS,2015,Russian,61820,0.0024057620024707698,25696447.5
AUS,2015,Rwandan,851,3.3112214440684384e-05,25696447.5
AUS,2015,Salvadoran,7063,0.00027487097394344936,25696447.5
AUS,2015,Samoan,52523,0.0020439707666506488,25696447.5
AUS,2015,Saudi Arabian,3843,0.00014954009732079246,25696447.5
AUS,2015,Scottish,1313511,0.051116456254618865,25696447.5
AUS,2015,Senegalese,140,5.435271345243066e-06,25696447.5
AUS,2015,Serbian,63937,0.00248815980733927,25696447.5
AUS,2015,Seychellois,2337,9.093392789159482e-05,25696447.5
AUS,2015,Shona,679,2.642054179259727e-05,25696447.5
AUS,2015,Sierra Leonean,1839,7.158079798417767e-05,25696447.5
AUS,2015,Sikh,11568,0.0004501849849877811,25696447.5
AUS,2015,Sindhi,388,1.5094311697999119e-05,25696447.5
AUS,2015,Singaporean,5113,0.00019897695738139791,25696447.5
AUS,2015,Sinhalese,19769,0.0007693219536307424,25696447.5
AUS,2015,Slovak,8752,0.000340609544946908,25696447.5
AUS,2015,Slovenian,13302,0.0005176561450811108,25696447.5
AUS,2015,Solomon Islander,1103,4.2916422636162646e-05,25696447.5
AUS,2015,Somalie,12904,0.0005021608132568757,25696447.5
AUS,2015,Sorb/Wend,121,4.708118452643383e-06,25696447.5
AUS,2015,South African,89061,0.0034658924773868175,25696447.5
AUS,2015,"South American, nec (incl. Arawak, Carib, Surinamese)",544,2.115964175478624e-05,25696447.5
AUS,2015,"South American, nfd",7940,0.0003089831431305258,25696447.5
AUS,2015,"South Eastern European, nec (incl. Aromani, Karakachani, Vlach)",18,7.029616107069553e-07,25696447.5
AUS,2015,"South Eastern European, nfd",22342,0.0008694489205096107,25696447.5
AUS,2015,South Sudanese,10601,0.00041253067700155576,25696447.5
AUS,2015,"South-East Asian, nfd",603,2.3477771648835493e-05,25696447.5
AUS,2015,"Southern Asian, nec (incl. Bhote, Kashmiri, Sherpa)",1280,4.979591663684018e-05,25696447.5
AUS,2015,"Southern Asian, nfd",12919,0.0005027664691613038,25696447.5
AUS,2015,"Southern European, nec (incl. Andorran, Galician, Ladin)",30,1.1737057146361068e-06,25696447.5
AUS,2015,"Southern European, nfd",43,1.665118889021635e-06,25696447.5
AUS,2015,"Southern and Central Asian, nfd",65,2.544270832026088e-06,25696447.5
AUS,2015,"Southern and East African, nec (incl. Afar, Tutsi, Zulu)",1318,5.1298082868515987e-05,25696447.5
AUS,2015,"Southern and East African, nfd",336,1.3080295743053978e-05,25696447.5
AUS,2015,"Southern and Eastern European, nfd",1916,7.458176268715236e-05,25696447.5
AUS,2015,Spanish,75229,0.0029276172812307045,25696447.5
AUS,2015,Sri Lanka Tamil,6537,0.00025438996568283355,25696447.5
AUS,2015,Sri Lankan,85340,0.003321066590885682,25696447.5
AUS,2015,"Sub-saharan African, nfd",120,4.689229794287611e-06,25696447.5
AUS,2015,Sudanese,20896,0.0008131936838761383,25696447.5
AUS,2015,Sundanese,164,6.388294041482149e-06,25696447.5
AUS,2015,Swahili,223,8.684942307046154e-06,25696447.5
AUS,2015,Swaziland,78,3.0255043447345726e-06,25696447.5
AUS,2015,Swedish,22385,0.0008711253850481058,25696447.5
AUS,2015,Swiss,20358,0.000792268313709518,25696447.5
AUS,2015,Syrian,14056,0.000547004783910351,25696447.5
AUS,2015,Tahitian,476,1.8516205888884053e-05,25696447.5
AUS,2015,Taiwanese,12143,0.0004725680505413102,25696447.5
AUS,2015,Tajik,284,1.1056912684460674e-05,25696447.5
AUS,2015,Tamil,14741,0.0005736748252134231,25696447.5
AUS,2015,Tanzanian,617,2.4012148925174947e-05,25696447.5
AUS,2015,Tatar,389,1.5136656305748458e-05,25696447.5
AUS,2015,Telugu,938,3.650337573773048e-05,25696447.5
AUS,2015,Thai,48621,0.001892115417776756,25696447.5
AUS,2015,Themne,41,1.5873582581010748e-06,25696447.5
AUS,2015,Tibetan,1321,5.141524593220584e-05,25696447.5
AUS,2015,Tigray,177,6.890235237411871e-06,25696447.5
AUS,2015,Tigre,38,1.4728267773055588e-06,25696447.5
AUS,2015,Timorese,5829,0.00022682819455874156,25696447.5
AUS,2015,Togolese,261,1.0138183706261642e-05,25696447.5
AUS,2015,Tokelauan,1466,5.7060846876727015e-05,25696447.5
AUS,2015,Tongan,23009,0.0008954088567122407,25696447.5
AUS,2015,Torres Strait Islander,10122,0.00039391299438280446,25696447.5
AUS,2015,Trinidad and Tobago,534,2.0763097457576434e-05,25696447.5
AUS,2015,Tunisian,419,1.6303007850409575e-05,25696447.5
AUS,2015,Turkish,63910,0.002487120719604479,25696447.5
AUS,2015,Turkmenian,358,1.3944739346108449e-05,25696447.5
AUS,2015,Tuvaluan,374,1.4539459260011003e-05,25696447.5
AUS,2015,Ugandan,1048,4.0802757297813834e-05,25696447.5
AUS,2015,Uighur,887,3.4512505985076616e-05,25696447.5
AUS,2015,Ukrainian,31204,0.0012143299211530663,25696447.5
AUS,2015,Uruguayan,5859,0.00022799696531609028,25696447.5
AUS,2015,Uzbek,757,2.9454832359540294e-05,25696447.5
AUS,2015,Venezuelan,2581,0.00010042622139624786,25696447.5
AUS,2015,Vietnamese,240445,0.009357116360325466,25696447.5
AUS,2015,Vlach,50,1.9582792211846924e-06,25696447.5
AUS,2015,Walloon,15,5.698526720435627e-07,25696447.5
AUS,2015,Welsh,80360,0.0031272993299679966,25696447.5
AUS,2015,"Western European, nec (incl. Alsatian, Frisian, Luxembourgish)",110,4.2853699398676785e-06,25696447.5
AUS,2015,"Western European, nfd",72,2.8101046434920757e-06,25696447.5
AUS,2015,Yazidi,16,6.409737057202545e-07,25696447.5
AUS,2015,Yemeni,499,1.9429051362106408e-05,25696447.5
AUS,2015,Yoruba,547,2.1292810065982526e-05,25696447.5
AUS,2015,Zambian,1517,5.9023402948229654e-05,25696447.5
AUS,2015,Zimbabwean,12554,0.0004885337764196404,25696447.5
AUS,2015,Zulu,258,1.0049875747414458e-05,25696447.5
AUS,2020,Acehnese,112,4.604476875354229e-06,24412359.0
AUS,2020,Acholi,143,5.8745353325964926e-06,24412359.0
AUS,2020,Afgan,47623,0.0019507667044068137,24412359.0
AUS,2020,African American,1315,5.3881659332466745e-05,24412359.0
AUS,2020,"African, so described",38062,0.0015591180107398129,24412359.0
AUS,2020,Afrikaner,2943,0.00012055374796802627,24412359.0
AUS,2020,Akan,186,7.618580077436907e-06,24412359.0
AUS,2020,Albanian,13046,0.0005343922122257295,24412359.0
AUS,2020,Algerian,1238,5.071368627313022e-05,24412359.0
AUS,2020,American,20227,0.0008285739930660193,24412359.0
AUS,2020,Amhara,215,8.810240091703082e-06,24412359.0
AUS,2020,Anglo-Burmese,377,1.5434005473328196e-05,24412359.0
AUS,2020,Anglo-Indian,9088,0.0003722512406983513,24412359.0
AUS,2020,Angolan,136,5.584891105919469e-06,24412359.0
AUS,2020,"Arab, nec (incl. Baggara, Bedouin, Yemeni)",1021,4.1815796836997744e-05,24412359.0
AUS,2020,"Arab, nfd",40751,0.0016692669078609338,24412359.0
AUS,2020,Argentinean,6718,0.0002751979288397943,24412359.0
AUS,2020,Armenian,15186,0.0006220792042394251,24412359.0
AUS,2020,"Asian, so described",17911,0.0007336672528907508,24412359.0
AUS,2020,Assyrian/ Chaldean,40180,0.0016458954179168186,24412359.0
AUS,2020,Australian,4767491,0.19529006308690225,24412359.0
AUS,2020,Australian Aboriginal,393203,0.01610673378679168,24412359.0
AUS,2020,Australian South Sea Islander,2466,0.00010101126789302783,24412359.0
AUS,2020,"Australian peoples, nfd",444,1.817894490591619e-05,24412359.0
AUS,2020,Austrian,18423,0.0007546780268646365,24412359.0
AUS,2020,Azeris,670,2.742838975563102e-05,24412359.0
AUS,2020,Bahraini,107,4.392960061979966e-06,24412359.0
AUS,2020,Balinese,538,2.2030523858511827e-05,24412359.0
AUS,2020,Bangladeshi,40014,0.0016390937227018232,24412359.0
AUS,2020,Barbadian,144,5.892504278730526e-06,24412359.0
AUS,2020,Bari,71,2.9133542430650895e-06,24412359.0
AUS,2020,Basque,344,1.4077327492641569e-05,24412359.0
AUS,2020,Batswana,443,1.8145961191200597e-05,24412359.0
AUS,2020,Belarus,1698,6.954997480171487e-05,24412359.0
AUS,2020,Belgian,5912,0.0002421552055955615,24412359.0
AUS,2020,Bengali,11862,0.0004859054107739893,24412359.0
AUS,2020,Berber,216,8.864146930105181e-06,24412359.0
AUS,2020,Bermudian,71,2.8919884528744146e-06,24412359.0
AUS,2020,Bhutanese,8377,0.0003431609723662965,24412359.0
AUS,2020,Bolivian,643,2.634382972199155e-05,24412359.0
AUS,2020,Bosnian,20298,0.0008314655572575376,24412359.0
AUS,2020,Brazil,18793,0.0007698246115641188,24412359.0
AUS,2020,Breton,64,2.630089255585674e-06,24412359.0
AUS,2020,British NEC,549,2.249444615563668e-05,24412359.0
AUS,2020,"British, nec (incl. Channel Islander, Guernsey Islander, Manx)",90,3.6933177391504766e-06,24412359.0
AUS,2020,"British, nfd",4413,0.00018075623005516797,24412359.0
AUS,2020,Bruneian,127,5.209241659133088e-06,24412359.0
AUS,2020,Bulgarian,4600,0.00018842384763946113,24412359.0
AUS,2020,Burgher,1225,5.0167661766739175e-05,24412359.0
AUS,2020,Burmese,22020,0.00090201720394346,24412359.0
AUS,2020,Burundian,3551,0.00014547187870950505,24412359.0
AUS,2020,Cameroonian,291,1.1940206414227396e-05,24412359.0
AUS,2020,Canadian,10423,0.0004269555777447145,24412359.0
AUS,2020,"Caribbean, nfd",956,3.914063719554761e-05,24412359.0
AUS,2020,"Carribbean Islander, nec (incl.Bahamian, Haitian, Puerto Rican)",405,1.6579853187963914e-05,24412359.0
AUS,2020,Catalan,210,8.606059025788758e-06,24412359.0
AUS,2020,"Caucasian, so described",462,1.890646589109246e-05,24412359.0
AUS,2020,"Central American, nec (incl. Belizean, Costa Rican, Mayan)",227,9.315484523134366e-06,24412359.0
AUS,2020,"Central American, nfd",378,1.5484072801169488e-05,24412359.0
AUS,2020,"Central Asian, nec (incl. Azerbaijani, Chechen, Tatar)",87,3.546721171652075e-06,24412359.0
AUS,2020,"Central Asian, nfd",165,6.748220005050845e-06,24412359.0
AUS,2020,"Central and West Africa, nec (incl. Fang, Kongo, Liberian)",1620,6.636214433223701e-05,24412359.0
AUS,2020,"Central and West Africa, nfd",338,1.3826846365458417e-05,24412359.0
AUS,2020,Chaldean,14871,0.0006091386783361485,24412359.0
AUS,2020,Channel Islander,346,1.417950384401415e-05,24412359.0
AUS,2020,Chilean,25194,0.0010320141250089781,24412359.0
AUS,2020,Chin,6994,0.00028647706945991497,24412359.0
AUS,2020,Chinese,1203444,0.049296520034216224,24412359.0
AUS,2020,"Chinese Asian, nec (incl. Hui, Manchu, Yi)",310,1.2683184834489393e-05,24412359.0
AUS,2020,"Chinese Asian, nfd",0,0.0,24412359.0
AUS,2020,Colombian,20504,0.0008399067980203271,24412359.0
AUS,2020,Congo,7426,0.00030418866853466355,24412359.0
AUS,2020,Cook Islander,13148,0.0005385625524603028,24412359.0
AUS,2020,Coptic,1092,4.471907788701547e-05,24412359.0
AUS,2020,Costa Rican,222,9.076377439656941e-06,24412359.0
AUS,2020,"Creole, so described",334,1.3678171167132024e-05,24412359.0
AUS,2020,Croatian,93151,0.0038157433296476316,24412359.0
AUS,2020,Cubans,639,2.6181666540281084e-05,24412359.0
AUS,2020,Cypriot,21303,0.0008726377786874985,24412359.0
AUS,2020,Czech,13503,0.0005531397760348974,24412359.0
AUS,2020,Danish,16048,0.0006573824278105105,24412359.0
AUS,2020,Darfu/Darfurian,5,2.214363158708597e-07,24412359.0
AUS,2020,Dinka,1304,5.341229849559525e-05,24412359.0
AUS,2020,Dutch,148433,0.006080224600025172,24412359.0
AUS,2020,"Eastern European, nec (incl. Adygei, Khanty, Sorb/Wend)",385,1.575360699317999e-05,24412359.0
AUS,2020,"Eastern European, nfd",5745,0.00023534779390291268,24412359.0
AUS,2020,Ecuadorian,1589,6.508602428820711e-05,24412359.0
AUS,2020,Egyptian,41304,0.0016919418827980488,24412359.0
AUS,2020,Emirati,71,2.8897479714994366e-06,24412359.0
AUS,2020,English,8036317,0.3291905300248088,24412359.0
AUS,2020,Eritrean,7207,0.00029523969069341076,24412359.0
AUS,2020,Estonian,4474,0.000183269298758896,24412359.0
AUS,2020,Ethiopian,13482,0.0005522800855126137,24412359.0
AUS,2020,"Eurasian, so described",2578,0.00010562112026671442,24412359.0
AUS,2020,"European, so described",13780,0.0005644779643135075,24412359.0
AUS,2020,Fijian,25849,0.0010588341005122485,24412359.0
AUS,2020,Fijian Indian/Indo-Fijian,12169,0.0004984572115526689,24412359.0
AUS,2020,Filipino,276319,0.011318805504342049,24412359.0
AUS,2020,Finnish,11964,0.0004900636628098113,24412359.0
AUS,2020,Flemish,322,1.3176739097407409e-05,24412359.0
AUS,2020,French,51092,0.0020928657065511845,24412359.0
AUS,2020,French Canadian,710,2.9068731363901373e-05,24412359.0
AUS,2020,Frisian,173,7.077370604883416e-06,24412359.0
AUS,2020,Fulani,105,4.304100057160623e-06,24412359.0
AUS,2020,Georgian,496,2.0326527546173617e-05,24412359.0
AUS,2020,German,439923,0.01802049738939889,24412359.0
AUS,2020,Ghanaian,5031,0.0002060827049821953,24412359.0
AUS,2020,Gibraltarian,59,2.426051608913699e-06,24412359.0
AUS,2020,Gio,21,8.762684274910097e-07,24412359.0
AUS,2020,Greek,295933,0.012122270656580728,24412359.0
AUS,2020,Guatemalan,263,1.0785469018080114e-05,24412359.0
AUS,2020,Gujarati,4635,0.00018986481493081677,24412359.0
AUS,2020,Gurkha,17,7.013571348228464e-07,24412359.0
AUS,2020,Guyanese,277,1.135912014600254e-05,24412359.0
AUS,2020,Hawaiian,154,6.316965297834044e-06,24412359.0
AUS,2020,Hazara,25358,0.001038727583725063,24412359.0
AUS,2020,Hispanic,3059,0.00012529390902253529,24412359.0
AUS,2020,Hmong,3340,0.00013680090922412429,24412359.0
AUS,2020,Hungarian,40021,0.0016393714048125777,24412359.0
AUS,2020,Hutu,14,5.555105449575538e-07,24412359.0
AUS,2020,Icelandic,488,2.0001388093732695e-05,24412359.0
AUS,2020,Igbo,966,3.9563598578307784e-05,24412359.0
AUS,2020,Inadequately described,41608,0.0017044007134905431,24412359.0
AUS,2020,Indian,610579,0.02501106907448237,24412359.0
AUS,2020,Indian Tamil,1032,4.225778413573113e-05,24412359.0
AUS,2020,Indonesian,42652,0.0017471394400362422,24412359.0
AUS,2020,Iranian,62315,0.002552595197164609,24412359.0
AUS,2020,Iraqi,43831,0.0017954542319655,24412359.0
AUS,2020,Irish,1269395,0.05199805168031185,24412359.0
AUS,2020,Italian,790746,0.032391205351415917,24412359.0
AUS,2020,Ivoirean,106,4.324752151173802e-06,24412359.0
AUS,2020,Jamaican,1029,4.21610914192394e-05,24412359.0
AUS,2020,Japanese,44643,0.0018287185350958442,24412359.0
AUS,2020,Javanese,930,3.808379397370793e-05,24412359.0
AUS,2020,Jewish,14867,0.0006090113992889435,24412359.0
AUS,2020,Jordanian,4160,0.00017042143923164783,24412359.0
AUS,2020,Kadazan,287,1.1742204733091351e-05,24412359.0
AUS,2020,Karen,10601,0.0004342380060048146,24412359.0
AUS,2020,Kashmiri,660,2.7025592705245648e-05,24412359.0
AUS,2020,Kazak,484,1.9824481173113993e-05,24412359.0
AUS,2020,Kenyan,5644,0.00023121088004955914,24412359.0
AUS,2020,Khmer,35826,0.001467547096593259,24412359.0
AUS,2020,Kiribati,454,1.8608501191104673e-05,24412359.0
AUS,2020,Korean,117449,0.004811039742796725,24412359.0
AUS,2020,Krahn,17,7.026589580864628e-07,24412359.0
AUS,2020,Kunama,16,6.368631654861166e-07,24412359.0
AUS,2020,Kurd,8441,0.00034576948631583,24412359.0
AUS,2020,Kuwaiti,797,3.265244739766069e-05,24412359.0
AUS,2020,Kyrgyz,185,7.564944268708135e-06,24412359.0
AUS,2020,Lao,11446,0.0004688488333939717,24412359.0
AUS,2020,Latvian,9020,0.0003694752327050411,24412359.0
AUS,2020,Lebanese,181894,0.007450912095061371,24412359.0
AUS,2020,Liberian,2362,9.675584412278171e-05,24412359.0
AUS,2020,Libyan,831,3.4022640510585536e-05,24412359.0
AUS,2020,Lithuanian,7801,0.0003195448986120567,24412359.0
AUS,2020,Luxembourg,104,4.2521626704601735e-06,24412359.0
AUS,2020,Macedonian,81904,0.003355030236406712,24412359.0
AUS,2020,Madi,210,8.618390646491173e-06,24412359.0
AUS,2020,Madura,6,2.6416789625221e-07,24412359.0
AUS,2020,"Mainland South-East Asian, nec (incl. Arakanese, Karen, Mon)",883,3.615091700262235e-05,24412359.0
AUS,2020,"Mainland South-East Asian, nfd",48,1.9618131869813044e-06,24412359.0
AUS,2020,Malawian,355,1.4556851712828853e-05,24412359.0
AUS,2020,Malay,28288,0.0011587589475153517,24412359.0
AUS,2020,Malayali,5492,0.0002249795412644807,24412359.0
AUS,2020,Maldivian,564,2.311454183280464e-05,24412359.0
AUS,2020,Maltese,95172,0.003898498111458185,24412359.0
AUS,2020,Mandaean,1070,4.382274451999214e-05,24412359.0
AUS,2020,Mandinka,94,3.855861129660613e-06,24412359.0
AUS,2020,Manx,539,2.2089869236660567e-05,24412359.0
AUS,2020,Marathi,10,3.945133883378511e-07,24412359.0
AUS,2020,"Maritime South-East Asian, nec (incl. Balinese, Irian Jayan, Sumatran)",730,2.991210626694521e-05,24412359.0
AUS,2020,Masai,26,1.0814342192561568e-06,24412359.0
AUS,2020,Mauritian,19568,0.0008015467925878818,24412359.0
AUS,2020,Maya,152,6.2112927095623315e-06,24412359.0
AUS,2020,"Melanesian and Papuan, nec (incl. Bisorio, Bougainvillian, Huli)",61,2.489435283308228e-06,24412359.0
AUS,2020,"Melanesian and Papuan, nfd",742,3.0374384439750024e-05,24412359.0
AUS,2020,Mexican,5434,0.00022257503536742647,24412359.0
AUS,2020,"Micronesian, nec (incl. Marianas Islander, Marshallese, Palauan)",64,2.62683583077138e-06,24412359.0
AUS,2020,"Micronesian, nfd",52,2.1398042262933175e-06,24412359.0
AUS,2020,Moldovan,488,1.9998262279349383e-05,24412359.0
AUS,2020,Mon,386,1.5804930076545433e-05,24412359.0
AUS,2020,Mongol,4549,0.00018634116671508967,24412359.0
AUS,2020,Montenegrian,1398,5.7268259018098346e-05,24412359.0
AUS,2020,Moroccan,2039,8.350393178962402e-05,24412359.0
AUS,2020,Mozambican,187,7.670788493810686e-06,24412359.0
AUS,2020,Namibian,160,6.542512153939041e-06,24412359.0
AUS,2020,Native North American Indian,1182,4.841297462065059e-05,24412359.0
AUS,2020,Nauru,303,1.2410967494599746e-05,24412359.0
AUS,2020,Nepalese,93233,0.0038191076211339346,24412359.0
AUS,2020,New Caledonian,83,3.4050384471239466e-06,24412359.0
AUS,2020,New Zealand,68155,0.0027918252203099807,24412359.0
AUS,2020,New Zealand Maori,65144,0.0026684856097230346,24412359.0
AUS,2020,"New Zealand Peoples, nfd",45,1.8304926314539406e-06,24412359.0
AUS,2020,Ni-Vanuatu,956,3.91693930309065e-05,24412359.0
AUS,2020,Nicaraguan,437,1.7915490705841477e-05,24412359.0
AUS,2020,Nigerian,6340,0.000259716349603393,24412359.0
AUS,2020,Niuean,2439,9.992541621130407e-05,24412359.0
AUS,2020,"North African and Middle Eastern, nfd",12370,0.0005067008482056922,24412359.0
AUS,2020,"North American, nec (incl. Bermudan, Inuit, Metis)",71,2.90574746593182e-06,24412359.0
AUS,2020,"North American, nfd",268,1.0976776403945365e-05,24412359.0
AUS,2020,"North European, nec (incl. Faeroese, Greenlandic, Saami)",94,3.860956395745576e-06,24412359.0
AUS,2020,"North European, nfd",2300,9.421055969822389e-05,24412359.0
AUS,2020,"North-East Asian, nfd",7,2.836427783129291e-07,24412359.0
AUS,2020,"North-West European, nfd",553,2.265512764728388e-05,24412359.0
AUS,2020,Norwegian,6627,0.00027145248308825456,24412359.0
AUS,2020,Not Stated,1612190,0.06603989904342988,24412359.0
AUS,2020,Nubian,71,2.9055758291009816e-06,24412359.0
AUS,2020,Nuer,227,9.296458607161158e-06,24412359.0
AUS,2020,"Oceania, nfd",5474,0.00022423677865844761,24412359.0
AUS,2020,Ogaden,8,3.418526430508024e-07,24412359.0
AUS,2020,Omani,278,1.1373050795890785e-05,24412359.0
AUS,2020,Oromo,1952,7.996794320948853e-05,24412359.0
AUS,2020,Other,20196,0.0008272881743812705,24412359.0
AUS,2020,"Other North African and Middle Eastern, nec (incl. Azande, Beja, Nubian)",5698,0.00023339989204293533,24412359.0
AUS,2020,"Other North African and Middle Eastern, nfd",437,1.789567884970242e-05,24412359.0
AUS,2020,"Other North-East Asian, nec (incl. Ainu, Menba, Xiareba)",5,2.0686421379346804e-07,24412359.0
AUS,2020,"Other North-East Asian, nfd",107,4.379267310817554e-06,24412359.0
AUS,2020,Pakistani,70285,0.0028790698044345317,24412359.0
AUS,2020,Palestinian,10547,0.00043204300283316676,24412359.0
AUS,2020,Papua New Guinean,9196,0.0003766882603402251,24412359.0
AUS,2020,Paraguayan,226,9.253826419622298e-06,24412359.0
AUS,2020,Parsi,128,5.235973745082054e-06,24412359.0
AUS,2020,Pathan,2213,9.064321358141276e-05,24412359.0
AUS,2020,"People of the Americas, nfd",6365,0.0002607117335074056,24412359.0
AUS,2020,"Peoples of the Sudan, nec",33,1.3565063438557882e-06,24412359.0
AUS,2020,"Peoples of the Sudan, nfd",2010,8.233326714303271e-05,24412359.0
AUS,2020,Peruvian,8298,0.00033989365933514927,24412359.0
AUS,2020,Pitcairn Islander,415,1.69809338700409e-05,24412359.0
AUS,2020,Polish,101837,0.004171515194169627,24412359.0
AUS,2020,"Polynesian, nec (incl. Hawaiian, Pitcairn Islander, Tahitian)",164,6.708858119871996e-06,24412359.0
AUS,2020,"Polynesian, nfd",1859,7.614989003095515e-05,24412359.0
AUS,2020,Portuguese,38154,0.0015629024378337052,24412359.0
AUS,2020,Puerto Rican,233,9.539188469234344e-06,24412359.0
AUS,2020,Punjabi,40831,0.001672544937831658,24412359.0
AUS,2020,Qatari,11,4.4188790589089466e-07,24412359.0
AUS,2020,Rohingya,1854,7.592557178152015e-05,24412359.0
AUS,2020,Romani (Gypsy),380,1.5555776948874783e-05,24412359.0
AUS,2020,Romanian,18513,0.0007583285146731411,24412359.0
AUS,2020,Russian,52343,0.00214409931795324,24412359.0
AUS,2020,Rwandan,1083,4.436203883855227e-05,24412359.0
AUS,2020,Salvadoran,7085,0.0002902244575143021,24412359.0
AUS,2020,Samoan,54729,0.002241875643603105,24412359.0
AUS,2020,Saudi Arabian,2710,0.00011099418717815809,24412359.0
AUS,2020,Scottish,895897,0.03669849058766088,24412359.0
AUS,2020,Senegalese,150,6.147466368663635e-06,24412359.0
AUS,2020,Serbian,64025,0.0026226387621218024,24412359.0
AUS,2020,Seychellois,1736,7.113165757915985e-05,24412359.0
AUS,2020,Shona,787,3.2249921376948644e-05,24412359.0
AUS,2020,Sierra Leonean,1998,8.185642607072457e-05,24412359.0
AUS,2020,Sikh,33117,0.0013565866279843506,24412359.0
AUS,2020,Sindhi,720,2.949393322803653e-05,24412359.0
AUS,2020,Singaporean,4545,0.0001861572038203904,24412359.0
AUS,2020,Sinhalese,33119,0.0013566526221037677,24412359.0
AUS,2020,Slovak,7780,0.0003186875838565505,24412359.0
AUS,2020,Slovenian,10000,0.00040961373816679545,24412359.0
AUS,2020,Solomon Islander,1090,4.466502656063667e-05,24412359.0
AUS,2020,Somalie,15871,0.0006501089890836325,24412359.0
AUS,2020,Sorb/Wend,57,2.322619502016965e-06,24412359.0
AUS,2020,South African,74873,0.0030669916848531558,24412359.0
AUS,2020,"South American, nec (incl. Arawak, Carib, Surinamese)",644,2.6388901176590367e-05,24412359.0
AUS,2020,"South American, nfd",7339,0.00030060757214850104,24412359.0
AUS,2020,"South Eastern European, nec (incl. Aromani, Karakachani, Vlach)",13,5.127789645762036e-07,24412359.0
AUS,2020,"South Eastern European, nfd",14185,0.0005810538776803319,24412359.0
AUS,2020,South Sudanese,11143,0.0004564342615259243,24412359.0
AUS,2020,"South-East Asian, nfd",1708,6.995233838817016e-05,24412359.0
AUS,2020,"Southern Asian, nec (incl. Bhote, Kashmiri, Sherpa)",1371,5.614929662109429e-05,24412359.0
AUS,2020,"Southern Asian, nfd",21815,0.0008935901400057183,24412359.0
AUS,2020,"Southern European, nec (incl. Andorran, Galician, Ladin)",25,1.0437979049597693e-06,24412359.0
AUS,2020,"Southern European, nfd",85,3.462613159256017e-06,24412359.0
AUS,2020,"Southern and Central Asian, nfd",84,3.4441021537753264e-06,24412359.0
AUS,2020,"Southern and East African, nec (incl. Afar, Tutsi, Zulu)",1185,4.854307531321394e-05,24412359.0
AUS,2020,"Southern and East African, nfd",427,1.7488545324543794e-05,24412359.0
AUS,2020,"Southern and Eastern European, nfd",1846,7.562187036325827e-05,24412359.0
AUS,2020,Spanish,58979,0.0024159580216259226,24412359.0
AUS,2020,Sri Lanka Tamil,6772,0.00027738995022616735,24412359.0
AUS,2020,Sri Lankan,83278,0.0034112952765147854,24412359.0
AUS,2020,"Sub-saharan African, nfd",130,5.345485843914576e-06,24412359.0
AUS,2020,Sudanese,15271,0.0006255514474663563,24412359.0
AUS,2020,Sundanese,102,4.173493197810756e-06,24412359.0
AUS,2020,Swahili,229,9.395165870488747e-06,24412359.0
AUS,2020,Swaziland,55,2.242251607339227e-06,24412359.0
AUS,2020,Swedish,12687,0.0005197120801984366,24412359.0
AUS,2020,Swiss,12903,0.0005285267469551814,24412359.0
AUS,2020,Syrian,17585,0.0007203369600608971,24412359.0
AUS,2020,Tahitian,254,1.0418040651762009e-05,24412359.0
AUS,2020,Taiwanese,17454,0.0007149736405562511,24412359.0
AUS,2020,Tajik,544,2.2288268489166572e-05,24412359.0
AUS,2020,Tamil,35429,0.001451256150457885,24412359.0
AUS,2020,Tanzanian,715,2.9305823900542942e-05,24412359.0
AUS,2020,Tatar,438,1.7925509601180565e-05,24412359.0
AUS,2020,Telugu,7328,0.00030018443130294014,24412359.0
AUS,2020,Thai,55852,0.002287862512317134,24412359.0
AUS,2020,Themne,24,9.838110746218816e-07,24412359.0
AUS,2020,Tibetan,2143,8.777276255555986e-05,24412359.0
AUS,2020,Tigray,394,1.6144027327728737e-05,24412359.0
AUS,2020,Tigre,89,3.6636684107870263e-06,24412359.0
AUS,2020,Timorese,5066,0.00020751581195415638,24412359.0
AUS,2020,Togolese,305,1.2499556469745761e-05,24412359.0
AUS,2020,Tokelauan,1304,5.341936321338186e-05,24412359.0
AUS,2020,Tongan,23384,0.0009578834424965996,24412359.0
AUS,2020,Torres Strait Islander,21112,0.0008648133306190333,24412359.0
AUS,2020,Trinidad and Tobago,356,1.4602266441089349e-05,24412359.0
AUS,2020,Tunisian,454,1.8600722777140566e-05,24412359.0
AUS,2020,Turkish,64282,0.0026331671546514024,24412359.0
AUS,2020,Turkmenian,333,1.3625420691411587e-05,24412359.0
AUS,2020,Tuvaluan,382,1.5649732219779088e-05,24412359.0
AUS,2020,Ugandan,1347,5.5186228289622086e-05,24412359.0
AUS,2020,Uighur,1202,4.925466030424017e-05,24412359.0
AUS,2020,Ukrainian,24897,0.0010198605225199431,24412359.0
AUS,2020,Uruguayan,4846,0.00019850628727693893,24412359.0
AUS,2020,Uzbek,990,4.054622614139386e-05,24412359.0
AUS,2020,Venezuelan,3040,0.0001245266285808102,24412359.0
AUS,2020,Vietnamese,263360,0.010787961290685932,24412359.0
AUS,2020,Vlach,46,1.9037958083450663e-06,24412359.0
AUS,2020,Walloon,14,5.698526720435627e-07,24412359.0
AUS,2020,Welsh,39913,0.0016349696724082085,24412359.0
AUS,2020,"Western European, nec (incl. Alsatian, Frisian, Luxembourgish)",79,3.2476001089826226e-06,24412359.0
AUS,2020,"Western European, nfd",113,4.6474794854089085e-06,24412359.0
AUS,2020,Yazidi,368,1.5090680342788192e-05,24412359.0
AUS,2020,Yemeni,514,2.1066669128005697e-05,24412359.0
AUS,2020,Yoruba,871,3.568161966603321e-05,24412359.0
AUS,2020,Zambian,1646,6.741543747833736e-05,24412359.0
AUS,2020,Zimbabwean,13413,0.0005494481110389313,24412359.0
AUS,2020,Zulu,212,8.701712718721386e-06,24412359.0
AUS,2024,Acehnese,141,5.467662873703954e-06,25840289.060000002
AUS,2024,Acholi,156,6.0418475462526485e-06,25840289.060000002
AUS,2024,Afgan,58575,0.002266794178457567,25840289.060000002
AUS,2024,African American,1560,6.0378512680919416e-05,25840289.060000002
AUS,2024,"African, so described",51940,0.0020100509239136814,25840289.060000002
AUS,2024,Afrikaner,3864,0.00014954010689278578,25840289.060000002
AUS,2024,Akan,208,8.058747051171674e-06,25840289.060000002
AUS,2024,Albanian,14417,0.0005579406237797974,25840289.060000002
AUS,2024,Algerian,1494,5.779983661951941e-05,25840289.060000002
AUS,2024,American,17008,0.0006581778335741351,25840289.060000002
AUS,2024,Amhara,258,9.98531790708203e-06,25840289.060000002
AUS,2024,Anglo-Burmese,236,9.121354108131778e-06,25840289.060000002
AUS,2024,Anglo-Indian,8713,0.0003372053326572982,25840289.060000002
AUS,2024,Angolan,154,5.945239657476434e-06,25840289.060000002
AUS,2024,"Arab, nec (incl. Baggara, Bedouin, Yemeni)",1149,4.444726943943741e-05,25840289.060000002
AUS,2024,"Arab, nfd",50843,0.001967592786983112,25840289.060000002
AUS,2024,Argentinean,7404,0.0002865348952247074,25840289.060000002
AUS,2024,Armenian,15784,0.0006108401548593455,25840289.060000002
AUS,2024,"Asian, so described",25552,0.0009888592442666678,25840289.060000002
AUS,2024,Assyrian/ Chaldean,49248,0.0019058550749781686,25840289.060000002
AUS,2024,Australian,4299441,0.16638517067905967,25840289.060000002
AUS,2024,Australian Aboriginal,555559,0.021499713307442565,25840289.060000002
AUS,2024,Australian South Sea Islander,2021,7.819338554650716e-05,25840289.060000002
AUS,2024,"Australian peoples, nfd",635,2.4575493955947574e-05,25840289.060000002
AUS,2024,Austrian,14127,0.0005466943734003151,25840289.060000002
AUS,2024,Azeris,852,3.2981407603176324e-05,25840289.060000002
AUS,2024,Bahraini,102,3.955968358646933e-06,25840289.060000002
AUS,2024,Balinese,612,2.36781075225836e-05,25840289.060000002
AUS,2024,Bangladeshi,53016,0.002051695203892736,25840289.060000002
AUS,2024,Barbadian,106,4.098293227469232e-06,25840289.060000002
AUS,2024,Bari,73,2.8103624206577993e-06,25840289.060000002
AUS,2024,Basque,350,1.356124331904019e-05,25840289.060000002
AUS,2024,Batswana,494,1.912512746476292e-05,25840289.060000002
AUS,2024,Belarus,1868,7.2295410758699e-05,25840289.060000002
AUS,2024,Belgian,5340,0.00020665384668048988,25840289.060000002
AUS,2024,Bengali,12073,0.0004672013816744212,25840289.060000002
AUS,2024,Berber,252,9.758751172604367e-06,25840289.060000002
AUS,2024,Bermudian,21,8.140081614514384e-07,25840289.060000002
AUS,2024,Bhutanese,13819,0.0005347703872040403,25840289.060000002
AUS,2024,Bolivian,744,2.8773539390572704e-05,25840289.060000002
AUS,2024,Bosnian,21503,0.0008321320703907194,25840289.060000002
AUS,2024,Brazil,25024,0.000968415420724086,25840289.060000002
AUS,2024,Breton,68,2.631043590693982e-06,25840289.060000002
AUS,2024,British NEC,1091,4.221886653600632e-05,25840289.060000002
AUS,2024,"British, nec (incl. Channel Islander, Guernsey Islander, Manx)",0,0.0,25840289.060000002
AUS,2024,"British, nfd",1969,7.621770018506883e-05,25840289.060000002
AUS,2024,Bruneian,89,3.4347925888018543e-06,25840289.060000002
AUS,2024,Bulgarian,4958,0.000191889860836824,25840289.060000002
AUS,2024,Burgher,1495,5.7864919382755135e-05,25840289.060000002
AUS,2024,Burmese,27011,0.0010452990004899134,25840289.060000002
AUS,2024,Burundian,4511,0.00017457403664252862,25840289.060000002
AUS,2024,Cameroonian,383,1.4817289267273528e-05,25840289.060000002
AUS,2024,Canadian,10100,0.0003908436252245996,25840289.060000002
AUS,2024,"Caribbean, nfd",905,3.503135961218902e-05,25840289.060000002
AUS,2024,"Carribbean Islander, nec (incl.Bahamian, Haitian, Puerto Rican)",274,1.058848710053643e-05,25840289.060000002
AUS,2024,Catalan,250,9.691909826703054e-06,25840289.060000002
AUS,2024,"Caucasian, so described",641,2.4795646686998326e-05,25840289.060000002
AUS,2024,"Central American, nec (incl. Belizean, Costa Rican, Mayan)",0,0.0,25840289.060000002
AUS,2024,"Central American, nfd",377,1.4605274169490725e-05,25840289.060000002
AUS,2024,"Central Asian, nec (incl. Azerbaijani, Chechen, Tatar)",0,0.0,25840289.060000002
AUS,2024,"Central Asian, nfd",224,8.650894298789431e-06,25840289.060000002
AUS,2024,"Central and West Africa, nec (incl. Fang, Kongo, Liberian)",1279,4.9508104218058385e-05,25840289.060000002
AUS,2024,"Central and West Africa, nfd",432,1.6733339263308277e-05,25840289.060000002
AUS,2024,Chaldean,27634,0.0010694115637457193,25840289.060000002
AUS,2024,Channel Islander,78,3.0205368173886583e-06,25840289.060000002
AUS,2024,Chilean,27723,0.0010728712348046414,25840289.060000002
AUS,2024,Chin,0,0.0,25840289.060000002
AUS,2024,Chinese,1428992,0.055300939154025175,25840289.060000002
AUS,2024,"Chinese Asian, nec (incl. Hui, Manchu, Yi)",258,9.997851996501376e-06,25840289.060000002
AUS,2024,"Chinese Asian, nfd",0,0.0,25840289.060000002
AUS,2024,Colombian,27306,0.0010567362855892347,25840289.060000002
AUS,2024,Congo,11383,0.0004405097678758893,25840289.060000002
AUS,2024,Cook Islander,15883,0.0006146624289366225,25840289.060000002
AUS,2024,Coptic,395,1.5289326084536484e-05,25840289.060000002
AUS,2024,Costa Rican,244,9.441844787707532e-06,25840289.060000002
AUS,2024,"Creole, so described",353,1.3666974149840505e-05,25840289.060000002
AUS,2024,Croatian,94422,0.0036540726939146345,25840289.060000002
AUS,2024,Cubans,775,3.0001241647545733e-05,25840289.060000002
AUS,2024,Cypriot,27516,0.0010648469964581323,25840289.060000002
AUS,2024,Czech,13464,0.0005210364441281529,25840289.060000002
AUS,2024,Danish,12631,0.0004888101791009702,25840289.060000002
AUS,2024,Darfu/Darfurian,6,2.3273067811725413e-07,25840289.060000002
AUS,2024,Dinka,1361,5.2677347654668146e-05,25840289.060000002
AUS,2024,Dutch,128631,0.004977920077991618,25840289.060000002
AUS,2024,"Eastern European, nec (incl. Adygei, Khanty, Sorb/Wend)",377,1.4595328690807179e-05,25840289.060000002
AUS,2024,"Eastern European, nfd",5172,0.0002001449901422606,25840289.060000002
AUS,2024,Ecuadorian,1847,7.148324089252883e-05,25840289.060000002
AUS,2024,Egyptian,47364,0.001832965414399799,25840289.060000002
AUS,2024,Emirati,0,0.0,25840289.060000002
AUS,2024,English,8658431,0.33507484952757993,25840289.060000002
AUS,2024,Eritrean,9085,0.0003515749026153847,25840289.060000002
AUS,2024,Estonian,3920,0.00015168330153569212,25840289.060000002
AUS,2024,Ethiopian,17174,0.0006646115717770737,25840289.060000002
AUS,2024,"Eurasian, so described",2244,8.685774048185666e-05,25840289.060000002
AUS,2024,"European, so described",16954,0.0006561075514179397,25840289.060000002
AUS,2024,Fijian,30031,0.0011621645764172334,25840289.060000002
AUS,2024,Fijian Indian/Indo-Fijian,12709,0.0004918427179268335,25840289.060000002
AUS,2024,Filipino,337358,0.01305552256106879,25840289.060000002
AUS,2024,Finnish,11118,0.00043025739684932296,25840289.060000002
AUS,2024,Flemish,310,1.1983968840330696e-05,25840289.060000002
AUS,2024,French,49278,0.0019070149207858831,25840289.060000002
AUS,2024,French Canadian,667,2.5812783938798415e-05,25840289.060000002
AUS,2024,Frisian,156,6.0456548717354066e-06,25840289.060000002
AUS,2024,Fulani,131,5.079658549921575e-06,25840289.060000002
AUS,2024,Georgian,575,2.2257189400538558e-05,25840289.060000002
AUS,2024,German,390635,0.015117266363911568,25840289.060000002
AUS,2024,Ghanaian,6204,0.00024009365212131797,25840289.060000002
AUS,2024,Gibraltarian,17,6.630997042693029e-07,25840289.060000002
AUS,2024,Gio,19,7.376042299455564e-07,25840289.060000002
AUS,2024,Greek,277281,0.010730558092284426,25840289.060000002
AUS,2024,Guatemalan,312,1.209188694426808e-05,25840289.060000002
AUS,2024,Gujarati,6793,0.00026287822048644163,25840289.060000002
AUS,2024,Gurkha,18,7.016116241850619e-07,25840289.060000002
AUS,2024,Guyanese,310,1.1998805512448544e-05,25840289.060000002
AUS,2024,Hawaiian,138,5.342156718097541e-06,25840289.060000002
AUS,2024,Hazara,40767,0.0015776349941835862,25840289.060000002
AUS,2024,Hispanic,3209,0.0001241838771440879,25840289.060000002
AUS,2024,Hmong,3899,0.0001509029544413588,25840289.060000002
AUS,2024,Hungarian,35204,0.0013623797794655027,25840289.060000002
AUS,2024,Hutu,8,3.0787142828731655e-07,25840289.060000002
AUS,2024,Icelandic,511,1.976075535366243e-05,25840289.060000002
AUS,2024,Igbo,1569,6.073587681961061e-05,25840289.060000002
AUS,2024,Inadequately described,31426,0.001216170081422471,25840289.060000002
AUS,2024,Indian,775257,0.03000187481818271,25840289.060000002
AUS,2024,Indian Tamil,1831,7.084664959054499e-05,25840289.060000002
AUS,2024,Indonesian,50296,0.0019464315039972979,25840289.060000002
AUS,2024,Iranian,77479,0.0029983944741508155,25840289.060000002
AUS,2024,Iraqi,56080,0.002170245440426081,25840289.060000002
AUS,2024,Irish,1158007,0.04481399868510948,25840289.060000002
AUS,2024,Italian,814378,0.031515810376479624,25840289.060000002
AUS,2024,Ivoirean,108,4.175185291414615e-06,25840289.060000002
AUS,2024,Jamaican,1216,4.705441378015856e-05,25840289.060000002
AUS,2024,Japanese,51227,0.001982435135599396,25840289.060000002
AUS,2024,Javanese,1087,4.206319704058288e-05,25840289.060000002
AUS,2024,Jewish,14533,0.0005624240094180058,25840289.060000002
AUS,2024,Jordanian,4761,0.00018423525748450834,25840289.060000002
AUS,2024,Kadazan,403,1.5581167385924862e-05,25840289.060000002
AUS,2024,Karen,15417,0.0005966208780544821,25840289.060000002
AUS,2024,Kashmiri,1091,4.2238940643864894e-05,25840289.060000002
AUS,2024,Kazak,641,2.4804516072032854e-05,25840289.060000002
AUS,2024,Kenyan,7425,0.0002873356424200209,25840289.060000002
AUS,2024,Khmer,41883,0.001620837537419693,25840289.060000002
AUS,2024,Kiribati,548,2.1221600772370212e-05,25840289.060000002
AUS,2024,Korean,143297,0.005545494912759852,25840289.060000002
AUS,2024,Krahn,9,3.5894168575010637e-07,25840289.060000002
AUS,2024,Kunama,15,5.967122493987398e-07,25840289.060000002
AUS,2024,Kurd,9679,0.00037455932314828044,25840289.060000002
AUS,2024,Kuwaiti,886,3.4292730002540455e-05,25840289.060000002
AUS,2024,Kyrgyz,258,9.96564320259058e-06,25840289.060000002
AUS,2024,Lao,12217,0.00047278273042322086,25840289.060000002
AUS,2024,Latvian,6750,0.00026121186811192145,25840289.060000002
AUS,2024,Lebanese,192589,0.007453058765271047,25840289.060000002
AUS,2024,Liberian,2994,0.00011585218170562222,25840289.060000002
AUS,2024,Libyan,1099,4.2535174957994895e-05,25840289.060000002
AUS,2024,Lithuanian,6957,0.00026923527883265206,25840289.060000002
AUS,2024,Luxembourg,93,3.5896904512267087e-06,25840289.060000002
AUS,2024,Macedonian,84482,0.0032693825110885594,25840289.060000002
AUS,2024,Madi,237,9.188244037601512e-06,25840289.060000002
AUS,2024,Madura,4,1.5724324106723253e-07,25840289.060000002
AUS,2024,"Mainland South-East Asian, nec (incl. Arakanese, Karen, Mon)",757,2.9299914843465382e-05,25840289.060000002
AUS,2024,"Mainland South-East Asian, nfd",10,3.993684831736109e-07,25840289.060000002
AUS,2024,Malawian,450,1.740260042044146e-05,25840289.060000002
AUS,2024,Malay,33860,0.001310349411035128,25840289.060000002
AUS,2024,Malayali,8211,0.00031777495322823153,25840289.060000002
AUS,2024,Maldivian,692,2.677221044763217e-05,25840289.060000002
AUS,2024,Maltese,88850,0.0034384473017316226,25840289.060000002
AUS,2024,Mandaean,1189,4.600782947955721e-05,25840289.060000002
AUS,2024,Mandinka,75,2.9148290598374196e-06,25840289.060000002
AUS,2024,Manx,94,3.6197975716563995e-06,25840289.060000002
AUS,2024,Marathi,10,3.9465653860409734e-07,25840289.060000002
AUS,2024,"Maritime South-East Asian, nec (incl. Balinese, Irian Jayan, Sumatran)",1188,4.5973377050493084e-05,25840289.060000002
AUS,2024,Masai,27,1.051728606257709e-06,25840289.060000002
AUS,2024,Mauritian,21756,0.0008419507082538024,25840289.060000002
AUS,2024,Maya,166,6.416555735949011e-06,25840289.060000002
AUS,2024,"Melanesian and Papuan, nec (incl. Bisorio, Bougainvillian, Huli)",98,3.798737330312414e-06,25840289.060000002
AUS,2024,"Melanesian and Papuan, nfd",885,3.424672906314251e-05,25840289.060000002
AUS,2024,Mexican,7094,0.00027453957387629313,25840289.060000002
AUS,2024,"Micronesian, nec (incl. Marianas Islander, Marshallese, Palauan)",19,7.280348008108656e-07,25840289.060000002
AUS,2024,"Micronesian, nfd",50,1.9426285889608197e-06,25840289.060000002
AUS,2024,Moldovan,623,2.4117920255958055e-05,25840289.060000002
AUS,2024,Mon,534,2.0662510635255007e-05,25840289.060000002
AUS,2024,Mongol,6155,0.0002382047354529525,25840289.060000002
AUS,2024,Montenegrian,1679,6.499290807632817e-05,25840289.060000002
AUS,2024,Moroccan,2458,9.512968397961953e-05,25840289.060000002
AUS,2024,Mozambican,219,8.462382748333466e-06,25840289.060000002
AUS,2024,Namibian,224,8.662433727225838e-06,25840289.060000002
AUS,2024,Native North American Indian,1169,4.5234141622252134e-05,25840289.060000002
AUS,2024,Nauru,330,1.2769908053501662e-05,25840289.060000002
AUS,2024,Nepalese,128623,0.004977623307151497,25840289.060000002
AUS,2024,New Caledonian,66,2.552315300412741e-06,25840289.060000002
AUS,2024,New Zealand,63039,0.0024395610293975775,25840289.060000002
AUS,2024,New Zealand Maori,72888,0.002820696483344147,25840289.060000002
AUS,2024,"New Zealand Peoples, nfd",57,2.1910716842254068e-06,25840289.060000002
AUS,2024,Ni-Vanuatu,1333,5.15757183985579e-05,25840289.060000002
AUS,2024,Nicaraguan,456,1.7653188549378058e-05,25840289.060000002
AUS,2024,Nigerian,8295,0.0003210103155735425,25840289.060000002
AUS,2024,Niuean,3044,0.00011781718021924837,25840289.060000002
AUS,2024,"North African and Middle Eastern, nfd",17377,0.0006724920647639006,25840289.060000002
AUS,2024,"North American, nec (incl. Bermudan, Inuit, Metis)",0,0.0,25840289.060000002
AUS,2024,"North American, nfd",497,1.9236635473989358e-05,25840289.060000002
AUS,2024,"North European, nec (incl. Faeroese, Greenlandic, Saami)",0,0.0,25840289.060000002
AUS,2024,"North European, nfd",2720,0.00010525996354635307,25840289.060000002
AUS,2024,"North-East Asian, nfd",9,3.547003390451419e-07,25840289.060000002
AUS,2024,"North-West European, nfd",0,0.0,25840289.060000002
AUS,2024,Norwegian,4927,0.00019067422122018626,25840289.060000002
AUS,2024,Not Stated,1692460,0.065496963421168,25840289.060000002
AUS,2024,Nubian,83,3.203786220974097e-06,25840289.060000002
AUS,2024,Nuer,178,6.896354756389419e-06,25840289.060000002
AUS,2024,"Oceania, nfd",5175,0.00020028599457864212,25840289.060000002
AUS,2024,Ogaden,0,1.1169473778747695e-08,25840289.060000002
AUS,2024,Omani,190,7.355797857397084e-06,25840289.060000002
AUS,2024,Oromo,2591,0.00010027103259868966,25840289.060000002
AUS,2024,Other,21385,0.0008275883581669817,25840289.060000002
AUS,2024,"Other North African and Middle Eastern, nec (incl. Azande, Beja, Nubian)",11003,0.00042580316317081203,25840289.060000002
AUS,2024,"Other North African and Middle Eastern, nfd",875,3.387428806279795e-05,25840289.060000002
AUS,2024,"Other North-East Asian, nec (incl. Ainu, Menba, Xiareba)",6,2.441069562028935e-07,25840289.060000002
AUS,2024,"Other North-East Asian, nfd",165,6.402504988444969e-06,25840289.060000002
AUS,2024,Pakistani,91307,0.0035335304651326113,25840289.060000002
AUS,2024,Palestinian,11854,0.0004587256687949048,25840289.060000002
AUS,2024,Papua New Guinean,10105,0.0003910530533282501,25840289.060000002
AUS,2024,Paraguayan,216,8.34828387997496e-06,25840289.060000002
AUS,2024,Parsi,133,5.158598375139924e-06,25840289.060000002
AUS,2024,Pathan,2959,0.00011451238247904196,25840289.060000002
AUS,2024,"People of the Americas, nfd",8823,0.00034145569780680036,25840289.060000002
AUS,2024,"Peoples of the Sudan, nec",0,1.6390310858072555e-08,25840289.060000002
AUS,2024,"Peoples of the Sudan, nfd",2159,8.356262611821356e-05,25840289.060000002
AUS,2024,Peruvian,9969,0.00038578329114902064,25840289.060000002
AUS,2024,Pitcairn Islander,408,1.5800834176604522e-05,25840289.060000002
AUS,2024,Polish,93091,0.003602536222441626,25840289.060000002
AUS,2024,"Polynesian, nec (incl. Hawaiian, Pitcairn Islander, Tahitian)",0,0.0,25840289.060000002
AUS,2024,"Polynesian, nfd",2020,7.816399727903034e-05,25840289.060000002
AUS,2024,Portuguese,40874,0.001581791245721466,25840289.060000002
AUS,2024,Puerto Rican,278,1.076513683401877e-05,25840289.060000002
AUS,2024,Punjabi,57145,0.0022114862248211594,25840289.060000002
AUS,2024,Qatari,7,2.8719105474289054e-07,25840289.060000002
AUS,2024,Rohingya,2808,0.00010866130120187736,25840289.060000002
AUS,2024,Romani (Gypsy),374,1.4474262176640748e-05,25840289.060000002
AUS,2024,Romanian,20020,0.000774745124830452,25840289.060000002
AUS,2024,Russian,53124,0.0020558706072966175,25840289.060000002
AUS,2024,Rwandan,1431,5.538271799738594e-05,25840289.060000002
AUS,2024,Salvadoran,7470,0.00028908461053249993,25840289.060000002
AUS,2024,Samoan,67075,0.00259575013672708,25840289.060000002
AUS,2024,Saudi Arabian,3579,0.0001385091153669111,25840289.060000002
AUS,2024,Scottish,1153171,0.04462685859668324,25840289.060000002
AUS,2024,Senegalese,180,6.955182714787956e-06,25840289.060000002
AUS,2024,Serbian,52624,0.0020365100832641482,25840289.060000002
AUS,2024,Seychellois,1809,6.998939821587841e-05,25840289.060000002
AUS,2024,Shona,976,3.777145485750006e-05,25840289.060000002
AUS,2024,Sierra Leonean,2575,9.965426826567322e-05,25840289.060000002
AUS,2024,Sikh,47099,0.0018227062918709902,25840289.060000002
AUS,2024,Sindhi,1195,4.6243732846173236e-05,25840289.060000002
AUS,2024,Singaporean,4977,0.0001925942691131482,25840289.060000002
AUS,2024,Sinhalese,24157,0.0009348472928715491,25840289.060000002
AUS,2024,Slovak,8479,0.00032812660577834804,25840289.060000002
AUS,2024,Slovenian,9450,0.00036571339593878224,25840289.060000002
AUS,2024,Solomon Islander,1336,5.169635777587189e-05,25840289.060000002
AUS,2024,Somalie,19547,0.0007564681574485687,25840289.060000002
AUS,2024,Sorb/Wend,0,0.0,25840289.060000002
AUS,2024,South African,90117,0.0034874802047677052,25840289.060000002
AUS,2024,"South American, nec (incl. Arawak, Carib, Surinamese)",646,2.5009762530983398e-05,25840289.060000002
AUS,2024,"South American, nfd",7639,0.0002956123586946331,25840289.060000002
AUS,2024,"South Eastern European, nec (incl. Aromani, Karakachani, Vlach)",0,0.0,25840289.060000002
AUS,2024,"South Eastern European, nfd",18132,0.0007016825684080077,25840289.060000002
AUS,2024,South Sudanese,14295,0.0005532228130842763,25840289.060000002
AUS,2024,"South-East Asian, nfd",2371,9.176935373411841e-05,25840289.060000002
AUS,2024,"Southern Asian, nec (incl. Bhote, Kashmiri, Sherpa)",1548,5.990869679506964e-05,25840289.060000002
AUS,2024,"Southern Asian, nfd",30200,0.001168726351826258,25840289.060000002
AUS,2024,"Southern European, nec (incl. Andorran, Galician, Ladin)",0,0.0,25840289.060000002
AUS,2024,"Southern European, nfd",108,4.196139472491451e-06,25840289.060000002
AUS,2024,"Southern and Central Asian, nfd",104,4.027940566700491e-06,25840289.060000002
AUS,2024,"Southern and East African, nec (incl. Afar, Tutsi, Zulu)",230,8.903612555724378e-06,25840289.060000002
AUS,2024,"Southern and East African, nfd",506,1.960004019757648e-05,25840289.060000002
AUS,2024,"Southern and Eastern European, nfd",1741,6.73684477950524e-05,25840289.060000002
AUS,2024,Spanish,57645,0.002230831649268359,25840289.060000002
AUS,2024,Sri Lanka Tamil,7327,0.0002835397684715327,25840289.060000002
AUS,2024,Sri Lankan,85648,0.003314528822751538,25840289.060000002
AUS,2024,"Sub-saharan African, nfd",0,0.0,25840289.060000002
AUS,2024,Sudanese,20974,0.0008116875214158782,25840289.060000002
AUS,2024,Sundanese,133,5.160916863961096e-06,25840289.060000002
AUS,2024,Swahili,265,1.0273498242046202e-05,25840289.060000002
AUS,2024,Swaziland,37,1.4330088167567978e-06,25840289.060000002
AUS,2024,Swedish,11385,0.00044057447979499405,25840289.060000002
AUS,2024,Swiss,11674,0.0004517580320773437,25840289.060000002
AUS,2024,Syrian,20881,0.0008080827025768398,25840289.060000002
AUS,2024,Tahitian,112,4.31708740030064e-06,25840289.060000002
AUS,2024,Taiwanese,21792,0.0008433455634489128,25840289.060000002
AUS,2024,Tajik,807,3.124578515433062e-05,25840289.060000002
AUS,2024,Tamil,48808,0.001888834779686177,25840289.060000002
AUS,2024,Tanzanian,912,3.528200321594393e-05,25840289.060000002
AUS,2024,Tatar,546,2.114832493717278e-05,25840289.060000002
AUS,2024,Telugu,16324,0.0006317210193818185,25840289.060000002
AUS,2024,Thai,69813,0.0027017145856801867,25840289.060000002
AUS,2024,Themne,6,2.4999296819850815e-07,25840289.060000002
AUS,2024,Tibetan,2845,0.00011008310990058016,25840289.060000002
AUS,2024,Tigray,626,2.423390498482434e-05,25840289.060000002
AUS,2024,Tigre,142,5.477521364338271e-06,25840289.060000002
AUS,2024,Timorese,5314,0.00020564239539041197,25840289.060000002
AUS,2024,Togolese,370,1.4331430137584937e-05,25840289.060000002
AUS,2024,Tokelauan,1457,5.638926931029948e-05,25840289.060000002
AUS,2024,Tongan,27760,0.0010742791091268645,25840289.060000002
AUS,2024,Torres Strait Islander,28178,0.0010904794093476086,25840289.060000002
AUS,2024,Trinidad and Tobago,428,1.6552539489770182e-05,25840289.060000002
AUS,2024,Tunisian,549,2.1245435703701343e-05,25840289.060000002
AUS,2024,Turkish,69597,0.002693335423428946,25840289.060000002
AUS,2024,Turkmenian,358,1.3855643902224502e-05,25840289.060000002
AUS,2024,Tuvaluan,451,1.7446364560285333e-05,25840289.060000002
AUS,2024,Ugandan,1749,6.76783188275231e-05,25840289.060000002
AUS,2024,Uighur,1712,6.624177314655057e-05,25840289.060000002
AUS,2024,Ukrainian,23515,0.0009100277044242106,25840289.060000002
AUS,2024,Uruguayan,5113,0.00019787699853232398,25840289.060000002
AUS,2024,Uzbek,1289,4.987971307295637e-05,25840289.060000002
AUS,2024,Venezuelan,4007,0.00015505204383934538,25840289.060000002
AUS,2024,Vietnamese,302362,0.011701186652046296,25840289.060000002
AUS,2024,Vlach,39,1.508289922658366e-06,25840289.060000002
AUS,2024,Walloon,15,5.700594446503628e-07,25840289.060000002
AUS,2024,Welsh,34729,0.0013439947309451443,25840289.060000002
AUS,2024,"Western European, nec (incl. Alsatian, Frisian, Luxembourgish)",0,0.0,25840289.060000002
AUS,2024,"Western European, nfd",136,5.274079810034263e-06,25840289.060000002
AUS,2024,Yazidi,1212,4.689704549374317e-05,25840289.060000002
AUS,2024,Yemeni,735,2.846166423775202e-05,25840289.060000002
AUS,2024,Yoruba,1163,4.502536346423896e-05,25840289.060000002
AUS,2024,Zambian,2167,8.387461395144321e-05,25840289.060000002
AUS,2024,Zimbabwean,17903,0.0006928410149970398,25840289.060000002
AUS,2024,Zulu,211,8.16492186397735e-06,25840289.060000002
BGD,2000,Bagdi,12096,0.007328785963823813,1650478.0
BGD,2000,Banai,2851,0.0017273783715990156,1650478.0
BGD,2000,Barman,44671,0.027065492542160514,1650478.0
BGD,2000,Bedia,7209,0.004367825563261068,1650478.0
BGD,2000,Bhuimali,1930,0.001169358210166994,1650478.0
BGD,2000,Bhumij,9664,0.005855273441996803,1650478.0
BGD,2000,Bom,13193,0.007993441899861738,1650478.0
BGD,2000,Boraik/Baraik,3447,0.002088485881059911,1650478.0
BGD,2000,Chak,3077,0.0018643084003543216,1650478.0
BGD,2000,Chakma,483365,0.2928636431385332,1650478.0
BGD,2000,Dalu,386,0.0002338716420333988,1650478.0
BGD,2000,Garo,76854,0.04656469216796589,1650478.0
BGD,2000,Gonju,4137,0.002506546588321686,1650478.0
BGD,2000,Gorait,2730,0.001654066276557458,1650478.0
BGD,2000,Gurkha,101,6.119439338179606e-05,1650478.0
BGD,2000,Hajong,7996,0.004844657123572686,1650478.0
BGD,2000,Ho,224,0.00013571825858932988,1650478.0
BGD,2000,Hudi,1505,0.0009118570498970601,1650478.0
BGD,2000,Kharia/Khadria,3100,0.0018782437572630473,1650478.0
BGD,2000,Kharoar/Kheroar,314,0.00019024791605825705,1650478.0
BGD,2000,Khasia/Khasi,12422,0.007526304500877928,1650478.0
BGD,2000,Khiang,4826,0.0029240014105004733,1650478.0
BGD,2000,Khumi,3780,0.002290245613694942,1650478.0
BGD,2000,Koch,13704,0.008303049177268646,1650478.0
BGD,2000,Kol,3822,0.002315692787180441,1650478.0
BGD,2000,Kondo,1899,0.0011505757725943635,1650478.0
BGD,2000,Kora,816,0.0004944022277182732,1650478.0
BGD,2000,Lohar,3420,0.0020721269838192328,1650478.0
BGD,2000,Lusai,380,0.00023023633153547034,1650478.0
BGD,2000,Mahali,6614,0.00400732393888316,1650478.0
BGD,2000,Mahato/Kurmi Mahato/Bedia Mahato,19271,0.011676011434263287,1650478.0
BGD,2000,Malo/Ghasimalo,14797,0.008965281572974618,1650478.0
BGD,2000,Marma,224299,0.1358994182291433,1650478.0
BGD,2000,Monipuri,22979,0.013922633321983086,1650478.0
BGD,2000,Mro,52463,0.03178654910880363,1650478.0
BGD,2000,Munda,60201,0.036474887880965395,1650478.0
BGD,2000,Mushor,4603,0.0027888890369941314,1650478.0
BGD,2000,Oraon,85858,0.052020081455190555,1650478.0
BGD,2000,Other,68588,0.04155644607198642,1650478.0
BGD,2000,Pahari/Malpahari,8801,0.00533239461537809,1650478.0
BGD,2000,Pankhoa/Pankho,1857,0.0011251285991088643,1650478.0
BGD,2000,Patro,3103,0.0018800614125120117,1650478.0
BGD,2000,Rajoar,2327,0.0014098945881132617,1650478.0
BGD,2000,Rakhain,11197,0.006784095274217529,1650478.0
BGD,2000,Saontal,129056,0.07819310527010963,1650478.0
BGD,2000,Shobor,1980,0.001199652464316398,1650478.0
BGD,2000,Teli,2082,0.0012614527427811822,1650478.0
BGD,2000,Tonchonga,45974,0.027854960805293982,1650478.0
BGD,2000,Tripura,156620,0.09489372169759307,1650478.0
BGD,2000,Turi,3794,0.002298728004856775,1650478.0
BGD,2000,Vil,95,5.7559082883867584e-05,1650478.0
BGD,2005,Bagdi,12096,0.007328785963823813,1650478.0
BGD,2005,Banai,2851,0.0017273783715990156,1650478.0
BGD,2005,Barman,44671,0.027065492542160514,1650478.0
BGD,2005,Bedia,7209,0.004367825563261068,1650478.0
BGD,2005,Bhuimali,1930,0.001169358210166994,1650478.0
BGD,2005,Bhumij,9664,0.005855273441996803,1650478.0
BGD,2005,Bom,13193,0.007993441899861738,1650478.0
BGD,2005,Boraik/Baraik,3447,0.002088485881059911,1650478.0
BGD,2005,Chak,3077,0.0018643084003543216,1650478.0
BGD,2005,Chakma,483365,0.2928636431385332,1650478.0
BGD,2005,Dalu,386,0.0002338716420333988,1650478.0
BGD,2005,Garo,76854,0.04656469216796589,1650478.0
BGD,2005,Gonju,4137,0.002506546588321686,1650478.0
BGD,2005,Gorait,2730,0.001654066276557458,1650478.0
BGD,2005,Gurkha,101,6.119439338179606e-05,1650478.0
BGD,2005,Hajong,7996,0.004844657123572686,1650478.0
BGD,2005,Ho,224,0.00013571825858932988,1650478.0
BGD,2005,Hudi,1505,0.0009118570498970601,1650478.0
BGD,2005,Kharia/Khadria,3100,0.0018782437572630473,1650478.0
BGD,2005,Kharoar/Kheroar,314,0.00019024791605825705,1650478.0
BGD,2005,Khasia/Khasi,12422,0.007526304500877928,1650478.0
BGD,2005,Khiang,4826,0.0029240014105004733,1650478.0
BGD,2005,Khumi,3780,0.002290245613694942,1650478.0
BGD,2005,Koch,13704,0.008303049177268646,1650478.0
BGD,2005,Kol,3822,0.002315692787180441,1650478.0
BGD,2005,Kondo,1899,0.0011505757725943635,1650478.0
BGD,2005,Kora,816,0.0004944022277182732,1650478.0
BGD,2005,Lohar,3420,0.0020721269838192328,1650478.0
BGD,2005,Lusai,380,0.00023023633153547034,1650478.0
BGD,2005,Mahali,6614,0.00400732393888316,1650478.0
BGD,2005,Mahato/Kurmi Mahato/Bedia Mahato,19271,0.011676011434263287,1650478.0
BGD,2005,Malo/Ghasimalo,14797,0.008965281572974618,1650478.0
BGD,2005,Marma,224299,0.1358994182291433,1650478.0
BGD,2005,Monipuri,22979,0.013922633321983086,1650478.0
BGD,2005,Mro,52463,0.03178654910880363,1650478.0
BGD,2005,Munda,60201,0.036474887880965395,1650478.0
BGD,2005,Mushor,4603,0.0027888890369941314,1650478.0
BGD,2005,Oraon,85858,0.052020081455190555,1650478.0
BGD,2005,Other,68588,0.04155644607198642,1650478.0
BGD,2005,Pahari/Malpahari,8801,0.00533239461537809,1650478.0
BGD,2005,Pankhoa/Pankho,1857,0.0011251285991088643,1650478.0
BGD,2005,Patro,3103,0.0018800614125120117,1650478.0
BGD,2005,Rajoar,2327,0.0014098945881132617,1650478.0
BGD,2005,Rakhain,11197,0.006784095274217529,1650478.0
BGD,2005,Saontal,129056,0.07819310527010963,1650478.0
BGD,2005,Shobor,1980,0.001199652464316398,1650478.0
BGD,2005,Teli,2082,0.0012614527427811822,1650478.0
BGD,2005,Tonchonga,45974,0.027854960805293982,1650478.0
BGD,2005,Tripura,156620,0.09489372169759307,1650478.0
BGD,2005,Turi,3794,0.002298728004856775,1650478.0
BGD,2005,Vil,95,5.7559082883867584e-05,1650478.0
BGD,2010,Bagdi,12096,0.007328785963823813,1650478.0
BGD,2010,Banai,2851,0.0017273783715990156,1650478.0
BGD,2010,Barman,44671,0.027065492542160514,1650478.0
BGD,2010,Bedia,7209,0.004367825563261068,1650478.0
BGD,2010,Bhuimali,1930,0.001169358210166994,1650478.0
BGD,2010,Bhumij,9664,0.005855273441996803,1650478.0
BGD,2010,Bom,13193,0.007993441899861738,1650478.0
BGD,2010,Boraik/Baraik,3447,0.002088485881059911,1650478.0
BGD,2010,Chak,3077,0.0018643084003543216,1650478.0
BGD,2010,Chakma,483365,0.2928636431385332,1650478.0
BGD,2010,Dalu,386,0.0002338716420333988,1650478.0
BGD,2010,Garo,76854,0.04656469216796589,1650478.0
BGD,2010,Gonju,4137,0.002506546588321686,1650478.0
BGD,2010,Gorait,2730,0.001654066276557458,1650478.0
BGD,2010,Gurkha,101,6.119439338179606e-05,1650478.0
BGD,2010,Hajong,7996,0.004844657123572686,1650478.0
BGD,2010,Ho,224,0.00013571825858932988,1650478.0
BGD,2010,Hudi,1505,0.0009118570498970601,1650478.0
BGD,2010,Kharia/Khadria,3100,0.0018782437572630473,1650478.0
BGD,2010,Kharoar/Kheroar,314,0.00019024791605825705,1650478.0
BGD,2010,Khasia/Khasi,12422,0.007526304500877928,1650478.0
BGD,2010,Khiang,4826,0.0029240014105004733,1650478.0
BGD,2010,Khumi,3780,0.002290245613694942,1650478.0
BGD,2010,Koch,13704,0.008303049177268646,1650478.0
BGD,2010,Kol,3822,0.002315692787180441,1650478.0
BGD,2010,Kondo,1899,0.0011505757725943635,1650478.0
BGD,2010,Kora,816,0.0004944022277182732,1650478.0
BGD,2010,Lohar,3420,0.0020721269838192328,1650478.0
BGD,2010,Lusai,380,0.00023023633153547034,1650478.0
BGD,2010,Mahali,6614,0.00400732393888316,1650478.0
BGD,2010,Mahato/Kurmi Mahato/Bedia Mahato,19271,0.011676011434263287,1650478.0
BGD,2010,Malo/Ghasimalo,14797,0.008965281572974618,1650478.0
BGD,2010,Marma,224299,0.1358994182291433,1650478.0
BGD,2010,Monipuri,22979,0.013922633321983086,1650478.0
BGD,2010,Mro,52463,0.03178654910880363,1650478.0
BGD,2010,Munda,60201,0.036474887880965395,1650478.0
BGD,2010,Mushor,4603,0.0027888890369941314,1650478.0
BGD,2010,Oraon,85858,0.052020081455190555,1650478.0
BGD,2010,Other,68588,0.04155644607198642,1650478.0
BGD,2010,Pahari/Malpahari,8801,0.00533239461537809,1650478.0
BGD,2010,Pankhoa/Pankho,1857,0.0011251285991088643,1650478.0
BGD,2010,Patro,3103,0.0018800614125120117,1650478.0
BGD,2010,Rajoar,2327,0.0014098945881132617,1650478.0
BGD,2010,Rakhain,11197,0.006784095274217529,1650478.0
BGD,2010,Saontal,129056,0.07819310527010963,1650478.0
BGD,2010,Shobor,1980,0.001199652464316398,1650478.0
BGD,2010,Teli,2082,0.0012614527427811822,1650478.0
BGD,2010,Tonchonga,45974,0.027854960805293982,1650478.0
BGD,2010,Tripura,156620,0.09489372169759307,1650478.0
BGD,2010,Turi,3794,0.002298728004856775,1650478.0
BGD,2010,Vil,95,5.7559082883867584e-05,1650478.0
BGD,2015,Bagdi,12096,0.007328785963823813,1650478.0
BGD,2015,Banai,2851,0.0017273783715990156,1650478.0
BGD,2015,Barman,44671,0.027065492542160514,1650478.0
BGD,2015,Bedia,7209,0.004367825563261068,1650478.0
BGD,2015,Bhuimali,1930,0.001169358210166994,1650478.0
BGD,2015,Bhumij,9664,0.005855273441996803,1650478.0
BGD,2015,Bom,13193,0.007993441899861738,1650478.0
BGD,2015,Boraik/Baraik,3447,0.002088485881059911,1650478.0
BGD,2015,Chak,3077,0.0018643084003543216,1650478.0
BGD,2015,Chakma,483365,0.2928636431385332,1650478.0
BGD,2015,Dalu,386,0.0002338716420333988,1650478.0
BGD,2015,Garo,76854,0.04656469216796589,1650478.0
BGD,2015,Gonju,4137,0.002506546588321686,1650478.0
BGD,2015,Gorait,2730,0.001654066276557458,1650478.0
BGD,2015,Gurkha,101,6.119439338179606e-05,1650478.0
BGD,2015,Hajong,7996,0.004844657123572686,1650478.0
BGD,2015,Ho,224,0.00013571825858932988,1650478.0
BGD,2015,Hudi,1505,0.0009118570498970601,1650478.0
BGD,2015,Kharia/Khadria,3100,0.0018782437572630473,1650478.0
BGD,2015,Kharoar/Kheroar,314,0.00019024791605825705,1650478.0
BGD,2015,Khasia/Khasi,12422,0.007526304500877928,1650478.0
BGD,2015,Khiang,4826,0.0029240014105004733,1650478.0
BGD,2015,Khumi,3780,0.002290245613694942,1650478.0
BGD,2015,Koch,13704,0.008303049177268646,1650478.0
BGD,2015,Kol,3822,0.002315692787180441,1650478.0
BGD,2015,Kondo,1899,0.0011505757725943635,1650478.0
BGD,2015,Kora,816,0.0004944022277182732,1650478.0
BGD,2015,Lohar,3420,0.0020721269838192328,1650478.0
BGD,2015,Lusai,380,0.00023023633153547034,1650478.0
BGD,2015,Mahali,6614,0.00400732393888316,1650478.0
BGD,2015,Mahato/Kurmi Mahato/Bedia Mahato,19271,0.011676011434263287,1650478.0
BGD,2015,Malo/Ghasimalo,14797,0.008965281572974618,1650478.0
BGD,2015,Marma,224299,0.1358994182291433,1650478.0
BGD,2015,Monipuri,22979,0.013922633321983086,1650478.0
BGD,2015,Mro,52463,0.03178654910880363,1650478.0
BGD,2015,Munda,60201,0.036474887880965395,1650478.0
BGD,2015,Mushor,4603,0.0027888890369941314,1650478.0
BGD,2015,Oraon,85858,0.052020081455190555,1650478.0
BGD,2015,Other,68588,0.04155644607198642,1650478.0
BGD,2015,Pahari/Malpahari,8801,0.00533239461537809,1650478.0
BGD,2015,Pankhoa/Pankho,1857,0.0011251285991088643,1650478.0
BGD,2015,Patro,3103,0.0018800614125120117,1650478.0
BGD,2015,Rajoar,2327,0.0014098945881132617,1650478.0
BGD,2015,Rakhain,11197,0.006784095274217529,1650478.0
BGD,2015,Saontal,129056,0.07819310527010963,1650478.0
BGD,2015,Shobor,1980,0.001199652464316398,1650478.0
BGD,2015,Teli,2082,0.0012614527427811822,1650478.0
BGD,2015,Tonchonga,45974,0.027854960805293982,1650478.0
BGD,2015,Tripura,156620,0.09489372169759307,1650478.0
BGD,2015,Turi,3794,0.002298728004856775,1650478.0
BGD,2015,Vil,95,5.7559082883867584e-05,1650478.0
BGD,2020,Bagdi,12096,0.007328785963823813,1650478.0
BGD,2020,Banai,2851,0.0017273783715990156,1650478.0
BGD,2020,Barman,44671,0.027065492542160514,1650478.0
BGD,2020,Bedia,7209,0.004367825563261068,1650478.0
BGD,2020,Bhuimali,1930,0.001169358210166994,1650478.0
BGD,2020,Bhumij,9664,0.005855273441996803,1650478.0
BGD,2020,Bom,13193,0.007993441899861738,1650478.0
BGD,2020,Boraik/Baraik,3447,0.002088485881059911,1650478.0
BGD,2020,Chak,3077,0.0018643084003543216,1650478.0
BGD,2020,Chakma,483365,0.2928636431385332,1650478.0
BGD,2020,Dalu,386,0.0002338716420333988,1650478.0
BGD,2020,Garo,76854,0.04656469216796589,1650478.0
BGD,2020,Gonju,4137,0.002506546588321686,1650478.0
BGD,2020,Gorait,2730,0.001654066276557458,1650478.0
BGD,2020,Gurkha,101,6.119439338179606e-05,1650478.0
BGD,2020,Hajong,7996,0.004844657123572686,1650478.0
BGD,2020,Ho,224,0.00013571825858932988,1650478.0
BGD,2020,Hudi,1505,0.0009118570498970601,1650478.0
BGD,2020,Kharia/Khadria,3100,0.0018782437572630473,1650478.0
BGD,2020,Kharoar/Kheroar,314,0.00019024791605825705,1650478.0
BGD,2020,Khasia/Khasi,12422,0.007526304500877928,1650478.0
BGD,2020,Khiang,4826,0.0029240014105004733,1650478.0
BGD,2020,Khumi,3780,0.002290245613694942,1650478.0
BGD,2020,Koch,13704,0.008303049177268646,1650478.0
BGD,2020,Kol,3822,0.002315692787180441,1650478.0
BGD,2020,Kondo,1899,0.0011505757725943635,1650478.0
BGD,2020,Kora,816,0.0004944022277182732,1650478.0
BGD,2020,Lohar,3420,0.0020721269838192328,1650478.0
BGD,2020,Lusai,380,0.00023023633153547034,1650478.0
BGD,2020,Mahali,6614,0.00400732393888316,1650478.0
BGD,2020,Mahato/Kurmi Mahato/Bedia Mahato,19271,0.011676011434263287,1650478.0
BGD,2020,Malo/Ghasimalo,14797,0.008965281572974618,1650478.0
BGD,2020,Marma,224299,0.1358994182291433,1650478.0
BGD,2020,Monipuri,22979,0.013922633321983086,1650478.0
BGD,2020,Mro,52463,0.03178654910880363,1650478.0
BGD,2020,Munda,60201,0.036474887880965395,1650478.0
BGD,2020,Mushor,4603,0.0027888890369941314,1650478.0
BGD,2020,Oraon,85858,0.052020081455190555,1650478.0
BGD,2020,Other,68588,0.04155644607198642,1650478.0
BGD,2020,Pahari/Malpahari,8801,0.00533239461537809,1650478.0
BGD,2020,Pankhoa/Pankho,1857,0.0011251285991088643,1650478.0
BGD,2020,Patro,3103,0.0018800614125120117,1650478.0
BGD,2020,Rajoar,2327,0.0014098945881132617,1650478.0
BGD,2020,Rakhain,11197,0.006784095274217529,1650478.0
BGD,2020,Saontal,129056,0.07819310527010963,1650478.0
BGD,2020,Shobor,1980,0.001199652464316398,1650478.0
BGD,2020,Teli,2082,0.0012614527427811822,1650478.0
BGD,2020,Tonchonga,45974,0.027854960805293982,1650478.0
BGD,2020,Tripura,156620,0.09489372169759307,1650478.0
BGD,2020,Turi,3794,0.002298728004856775,1650478.0
BGD,2020,Vil,95,5.7559082883867584e-05,1650478.0
BGD,2024,Bagdi,12096,0.007328785963823813,1650478.0
BGD,2024,Banai,2851,0.0017273783715990156,1650478.0
BGD,2024,Barman,44671,0.027065492542160514,1650478.0
BGD,2024,Bedia,7209,0.004367825563261068,1650478.0
BGD,2024,Bhuimali,1930,0.001169358210166994,1650478.0
BGD,2024,Bhumij,9664,0.005855273441996803,1650478.0
BGD,2024,Bom,13193,0.007993441899861738,1650478.0
BGD,2024,Boraik/Baraik,3447,0.002088485881059911,1650478.0
BGD,2024,Chak,3077,0.0018643084003543216,1650478.0
BGD,2024,Chakma,483365,0.2928636431385332,1650478.0
BGD,2024,Dalu,386,0.0002338716420333988,1650478.0
BGD,2024,Garo,76854,0.04656469216796589,1650478.0
BGD,2024,Gonju,4137,0.002506546588321686,1650478.0
BGD,2024,Gorait,2730,0.001654066276557458,1650478.0
BGD,2024,Gurkha,101,6.119439338179606e-05,1650478.0
BGD,2024,Hajong,7996,0.004844657123572686,1650478.0
BGD,2024,Ho,224,0.00013571825858932988,1650478.0
BGD,2024,Hudi,1505,0.0009118570498970601,1650478.0
BGD,2024,Kharia/Khadria,3100,0.0018782437572630473,1650478.0
BGD,2024,Kharoar/Kheroar,314,0.00019024791605825705,1650478.0
BGD,2024,Khasia/Khasi,12422,0.007526304500877928,1650478.0
BGD,2024,Khiang,4826,0.0029240014105004733,1650478.0
BGD,2024,Khumi,3780,0.002290245613694942,1650478.0
BGD,2024,Koch,13704,0.008303049177268646,1650478.0
BGD,2024,Kol,3822,0.002315692787180441,1650478.0
BGD,2024,Kondo,1899,0.0011505757725943635,1650478.0
BGD,2024,Kora,816,0.0004944022277182732,1650478.0
BGD,2024,Lohar,3420,0.0020721269838192328,1650478.0
BGD,2024,Lusai,380,0.00023023633153547034,1650478.0
BGD,2024,Mahali,6614,0.00400732393888316,1650478.0
BGD,2024,Mahato/Kurmi Mahato/Bedia Mahato,19271,0.011676011434263287,1650478.0
BGD,2024,Malo/Ghasimalo,14797,0.008965281572974618,1650478.0
BGD,2024,Marma,224299,0.1358994182291433,1650478.0
BGD,2024,Monipuri,22979,0.013922633321983086,1650478.0
BGD,2024,Mro,52463,0.03178654910880363,1650478.0
BGD,2024,Munda,60201,0.036474887880965395,1650478.0
BGD,2024,Mushor,4603,0.0027888890369941314,1650478.0
BGD,2024,Oraon,85858,0.052020081455190555,1650478.0
BGD,2024,Other,68588,0.04155644607198642,1650478.0
BGD,2024,Pahari/Malpahari,8801,0.00533239461537809,1650478.0
BGD,2024,Pankhoa/Pankho,1857,0.0011251285991088643,1650478.0
BGD,2024,Patro,3103,0.0018800614125120117,1650478.0
BGD,2024,Rajoar,2327,0.0014098945881132617,1650478.0
BGD,2024,Rakhain,11197,0.006784095274217529,1650478.0
BGD,2024,Saontal,129056,0.07819310527010963,1650478.0
BGD,2024,Shobor,1980,0.001199652464316398,1650478.0
BGD,2024,Teli,2082,0.0012614527427811822,1650478.0
BGD,2024,Tonchonga,45974,0.027854960805293982,1650478.0
BGD,2024,Tripura,156620,0.09489372169759307,1650478.0
BGD,2024,Turi,3794,0.002298728004856775,1650478.0
BGD,2024,Vil,95,5.7559082883867584e-05,1650478.0
BRA,2000,Asians,2084288,0.010926472541995958,190755799.0
BRA,2000,Black,14517961,0.07610757353699113,190755799.0
BRA,2000,Indigenous,817963,0.004288011186490849,190755799.0
BRA,2000,Mulatto,82277333,0.4313228401512449,190755799.0
BRA,2000,Unknown,6608,3.4641148707620676e-05,190755799.0
BRA,2000,White,91051646,0.4773204614345695,190755799.0
BRA,2005,Asians,2084288,0.010926472541995958,190755799.0
BRA,2005,Black,14517961,0.07610757353699113,190755799.0
BRA,2005,Indigenous,817963,0.004288011186490849,190755799.0
BRA,2005,Mulatto,82277333,0.4313228401512449,190755799.0
BRA,2005,Unknown,6608,3.4641148707620676e-05,190755799.0
BRA,2005,White,91051646,0.4773204614345695,190755799.0
BRA,2010,Asians,2084288,0.010926472541995958,190755799.0
BRA,2010,Black,14517961,0.07610757353699113,190755799.0
BRA,2010,Indigenous,817963,0.004288011186490849,190755799.0
BRA,2010,Mulatto,82277333,0.4313228401512449,190755799.0
BRA,2010,Unknown,6608,3.4641148707620676e-05,190755799.0
BRA,2010,White,91051646,0.4773204614345695,190755799.0
BRA,2015,Asians,1691346,0.008679780499118755,194860411.66666666
BRA,2015,Black,16494038,0.08464540116061302,194860411.66666666
BRA,2015,Indigenous,949714,0.004873815363782937,194860411.66666666
BRA,2015,Mulatto,85485417,0.43870079103068904,194860411.66666666
BRA,2015,Unknown,6750,3.4641148707620676e-05,194860411.66666666
BRA,2015,White,90235398,0.4630771178466578,194860411.66666666
BRA,2020,Asians,1279960,0.006433088456241551,198965024.33333334
BRA,2020,Black,18540203,0.09318322878423489,198965024.33333334
BRA,2020,Indigenous,1086273,0.005459619541075026,198965024.33333334
BRA,2020,Mulatto,88754068,0.44607874191013325,198965024.33333334
BRA,2020,Unknown,6892,3.4641148707620676e-05,198965024.33333334
BRA,2020,White,89302223,0.4488337742587461,198965024.33333334
BRA,2024,Asians,628273,0.0030629266047473404,205121943.33333278
BRA,2024,Black,21739990,0.10598568684273874,205121943.33333278
BRA,2024,Indigenous,1300077,0.00633806965599738,205121943.33333278
BRA,2024,Mulatto,93766818,0.4571271935830254,205121943.33333278
BRA,2024,Unknown,7105,3.463974875348493e-05,205121943.33333278
BRA,2024,White,87679679,0.4274514835647375,205121943.33333278
BRN,2000,Chinese,40534,0.10304241277976063,393372.0
BRN,2000,Indigenous,13280,0.03375939314440275,393372.0
BRN,2000,Malay,258446,0.6570015151052947,393372.0
BRN,2000,Other,81112,0.2061966789705419,393372.0
BRN,2005,Chinese,40534,0.10304241277976063,393372.0
BRN,2005,Indigenous,13280,0.03375939314440275,393372.0
BRN,2005,Malay,258446,0.6570015151052947,393372.0
BRN,2005,Other,81112,0.2061966789705419,393372.0
BRN,2010,Chinese,40534,0.10304241277976063,393372.0
BRN,2010,Indigenous,13280,0.03375939314440275,393372.0
BRN,2010,Malay,258446,0.6570015151052947,393372.0
BRN,2010,Other,81112,0.2061966789705419,393372.0
BRN,2015,Chinese,41145,0.10056134077311067,409153.0
BRN,2015,Indigenous,11427,0.02792775520027752,409153.0
BRN,2015,Malay,271124,0.6626480797940165,409153.0
BRN,2015,Other,85457,0.2088628242325953,409153.0
BRN,2020,Chinese,41678,0.09808026876646073,424934.0
BRN,2020,Indigenous,9389,0.022096117256152285,424934.0
BRN,2020,Malay,283981,0.6682946444827382,424934.0
BRN,2020,Other,89886,0.21152896949464875,424934.0
BRN,2024,Chinese,42474,0.09336623195382582,454917.89999999665
BRN,2024,Indigenous,5011,0.011016005162315164,454917.89999999665
BRN,2024,Malay,308900,0.679023117391309,454917.89999999665
BRN,2024,Other,98533,0.21659464549254995,454917.89999999665
CAN,2000,Aboriginal,44600047,0.9564063987052139,46632945.0
CAN,2000,Acadian,64356,0.0013800459635176167,46632945.0
CAN,2000,Afgan,19076,0.0004090729483644266,46632945.0
CAN,2000,African,94434,0.0020250445862978095,46632945.0
CAN,2000,Akan,729,1.5626951741160172e-05,46632945.0
CAN,2000,Albanian,9388,0.00020131609173268107,46632945.0
CAN,2000,Algerian,11051,0.0002369699856050886,46632945.0
CAN,2000,American,230536,0.00494363374883991,46632945.0
CAN,2000,Angolan,1079,2.3127888576917054e-05,46632945.0
CAN,2000,Antiguan,2337,5.011029981730807e-05,46632945.0
CAN,2000,Arab,79201,0.0016983835250965397,46632945.0
CAN,2000,Argentinean,8083,0.00017333219660928162,46632945.0
CAN,2000,Armenian,38992,0.0008361441186426989,46632945.0
CAN,2000,Ashanti,1812,3.885901999635163e-05,46632945.0
CAN,2000,Asiatic,3443918,0.07385161232633423,46632945.0
CAN,2000,Assyrian,6777,0.0001453306511927896,46632945.0
CAN,2000,Australian,21976,0.00047124737721054714,46632945.0
CAN,2000,Austrian,144072,0.00308949236590462,46632945.0
CAN,2000,Azerbaijani,1404,3.010792702130193e-05,46632945.0
CAN,2000,Bahamian,1442,3.092539775286243e-05,46632945.0
CAN,2000,Bangladeshi,9937,0.00021308069725265027,46632945.0
CAN,2000,Barbadian,22556,0.0004836817311148369,46632945.0
CAN,2000,Basque,2681,5.749717352057903e-05,46632945.0
CAN,2000,Belgian,126705,0.0027170742803214855,46632945.0
CAN,2000,Belizian,704,1.5106053349788167e-05,46632945.0
CAN,2000,Bengali,5362,0.00011499234261509836,46632945.0
CAN,2000,Berber,3957,8.486279742720996e-05,46632945.0
CAN,2000,Bermudian,1666,3.573250200241086e-05,46632945.0
CAN,2000,Black,50176,0.0010759830542524528,46632945.0
CAN,2000,Bolivian,1744,3.740050450051001e-05,46632945.0
CAN,2000,Bosnian,12262,0.0002629458741621045,46632945.0
CAN,2000,Brazil,8075,0.00017316783942538711,46632945.0
CAN,2000,British,482087,0.010337912546932797,46632945.0
CAN,2000,British and Canadian,1461227,0.03133465497784295,46632945.0
CAN,2000,British and French,1116199,0.02393584474869247,46632945.0
CAN,2000,British and others,150528,0.0032279319984547714,46632945.0
CAN,2000,Bulgarian,13763,0.00029514091636210766,46632945.0
CAN,2000,Burmese,2461,5.2780231210295206e-05,46632945.0
CAN,2000,Burundian,1271,2.7252228916164916e-05,46632945.0
CAN,2000,Byelorussian,4576,9.812809709272905e-05,46632945.0
CAN,2000,Cambodian,20965,0.00044957541476704424,46632945.0
CAN,2000,Cameroonian,2016,4.3234566483876477e-05,46632945.0
CAN,2000,Canadian,10211200,0.21896965107037628,46632945.0
CAN,2000,Carib,1287,2.7607614742716304e-05,46632945.0
CAN,2000,Caribbean,18374,0.000394019234886612,46632945.0
CAN,2000,Central/South American Indian,9140,0.00019599939203566416,46632945.0
CAN,2000,Chilean,33997,0.0007290435536923914,46632945.0
CAN,2000,Chinese,1006476,0.02158293842293113,46632945.0
CAN,2000,Colombian,12096,0.0002593791957655337,46632945.0
CAN,2000,"Congolese, nos",6053,0.00012980787912990382,46632945.0
CAN,2000,Costa Rican,1359,2.9139504173271633e-05,46632945.0
CAN,2000,Croatian,90667,0.001944258850047332,46632945.0
CAN,2000,Cubans,5209,0.00011169569053263247,46632945.0
CAN,2000,Cypriot,2311,4.956583430372469e-05,46632945.0
CAN,2000,Czech,75860,0.001626756553646439,46632945.0
CAN,2000,Czech and Slovak,2811,6.0278195172884454e-05,46632945.0
CAN,2000,Czechoslovakian,36476,0.0007821927566997763,46632945.0
CAN,2000,Danish,166983,0.003580795388866454,46632945.0
CAN,2000,Dominican,6675,0.00014314287794902716,46632945.0
CAN,2000,Dutch,920445,0.019738094584673523,46632945.0
CAN,2000,East African,1976,4.23721468370666e-05,46632945.0
CAN,2000,East Indian,628829,0.01348465397617957,46632945.0
CAN,2000,Ecuadorian,7829,0.00016789375014654993,46632945.0
CAN,2000,Egyptian,38389,0.0008232149251342144,46632945.0
CAN,2000,English,6423408,0.13774399567204826,46632945.0
CAN,2000,Eritrean,6685,0.00014334392872198258,46632945.0
CAN,2000,Estonian,22420,0.000480785162908814,46632945.0
CAN,2000,Ethiopian,15342,0.00032899127960523994,46632945.0
CAN,2000,Fijian,9740,0.00020885536477733123,46632945.0
CAN,2000,Filipino,284219,0.0060948128161908335,46632945.0
CAN,2000,Finnish,111713,0.0023955819608611605,46632945.0
CAN,2000,Flemish,11626,0.00024930596447095206,46632945.0
CAN,2000,French,5151079,0.11046008475600677,46632945.0
CAN,2000,Frisian,2807,6.019100610678749e-05,46632945.0
CAN,2000,Georgian,942,2.0210857585233822e-05,46632945.0
CAN,2000,German,2752507,0.05902494541509941,46632945.0
CAN,2000,Ghanaian,15919,0.00034137613303281995,46632945.0
CAN,2000,Goan,4152,8.902639298272875e-05,46632945.0
CAN,2000,Greek,209232,0.004486776864142637,46632945.0
CAN,2000,Grenadian,7335,0.00015728901339393008,46632945.0
CAN,2000,Guatemalan,8994,0.00019287184409347614,46632945.0
CAN,2000,Guinean,1088,2.3336247933465857e-05,46632945.0
CAN,2000,Gujarati,2473,5.302304335629675e-05,46632945.0
CAN,2000,Guyanese,45923,0.0009847729668403253,46632945.0
CAN,2000,Haitian,83134,0.0017827386295759904,46632945.0
CAN,2000,Hawaiian,1900,4.073425420529085e-05,46632945.0
CAN,2000,Hispanic,6530,0.00014004016345084625,46632945.0
CAN,2000,Hmong,578,1.2397381714653736e-05,46632945.0
CAN,2000,Honduran,2407,5.1615128247656255e-05,46632945.0
CAN,2000,Hungarian,258866,0.00555114783764918,46632945.0
CAN,2000,Ibo,1171,2.5107302464130675e-05,46632945.0
CAN,2000,Icelandic,72885,0.0015629573586353922,46632945.0
CAN,2000,Indonesian,9196,0.00019719563481287373,46632945.0
CAN,2000,Inuit,53038,0.0011373513575379432,46632945.0
CAN,2000,Iranian,76032,0.001630438645951345,46632945.0
CAN,2000,Iraqi,14909,0.00031971789648434364,46632945.0
CAN,2000,Irish,3797567,0.08143527364467557,46632945.0
CAN,2000,Israelis,5058,0.00010847007388781065,46632945.0
CAN,2000,Italian,1239060,0.026570489163100605,46632945.0
CAN,2000,Ivoirean,1088,2.3336247933465857e-05,46632945.0
CAN,2000,Jamaican,200083,0.004290592262595974,46632945.0
CAN,2000,Japanese,81128,0.001739724505723857,46632945.0
CAN,2000,Jewish,350499,0.007516120109497794,46632945.0
CAN,2000,Jordanian,3338,7.158682073278058e-05,46632945.0
CAN,2000,Kashmiri,471,1.0105428792616911e-05,46632945.0
CAN,2000,Kenyan,2354,5.047739262101701e-05,46632945.0
CAN,2000,Khmer,972,2.083593565488023e-05,46632945.0
CAN,2000,Kittitian/Nevisian,1698,3.641198067304672e-05,46632945.0
CAN,2000,Korean,83745,0.001795826891851046,46632945.0
CAN,2000,Kosovar,1171,2.5107302464130675e-05,46632945.0
CAN,2000,Kurd,4935,0.00010583657197511856,46632945.0
CAN,2000,Kuwaiti,831,1.7814724984922596e-05,46632945.0
CAN,2000,Laotian,17155,0.00036787325405221785,46632945.0
CAN,2000,Latin/Central/South American,35856,0.0007689032639970527,46632945.0
CAN,2000,Latvian,23409,0.000501992840626325,46632945.0
CAN,2000,Lebanese,137446,0.0029473988719225055,46632945.0
CAN,2000,Libyan,1151,2.4690583751033073e-05,46632945.0
CAN,2000,Lithuanian,36179,0.0007758229018056771,46632945.0
CAN,2000,Luxembourg,2523,5.4111333976660994e-05,46632945.0
CAN,2000,Macedonian,31114,0.0006672069290935725,46632945.0
CAN,2000,Malagas,758,1.625202981080658e-05,46632945.0
CAN,2000,Malay,7164,0.00015362280457800672,46632945.0
CAN,2000,Malian,797,1.7085467237001788e-05,46632945.0
CAN,2000,Maltese,31388,0.0006730843251075735,46632945.0
CAN,2000,Maori,1268,2.71908960296187e-05,46632945.0
CAN,2000,Martinique,583,1.2501561392928138e-05,46632945.0
CAN,2000,Mauritian,2506,5.3738951507227657e-05,46632945.0
CAN,2000,Maya,2793,5.990331500778066e-05,46632945.0
CAN,2000,Mexican,29767,0.0006383160561979598,46632945.0
CAN,2000,Mongol,1434,3.075544456745098e-05,46632945.0
CAN,2000,Montenegrian,1025,2.198191211589864e-05,46632945.0
CAN,2000,Moroccan,17904,0.00038394457044305043,46632945.0
CAN,2000,Métis,263246,0.005645056228500126,46632945.0
CAN,2000,Nepalese,1137,2.4378044716209867e-05,46632945.0
CAN,2000,New Zealand,7199,0.0001543729568800593,46632945.0
CAN,2000,Newfoundlander,13326,0.00028576485750668234,46632945.0
CAN,2000,Nicaraguan,5528,0.00011854947162846765,46632945.0
CAN,2000,Nigerian,7841,0.00016814182422305847,46632945.0
CAN,2000,North American Indian,932902,0.02000520415583381,46632945.0
CAN,2000,Norwegian,355083,0.0076144199700554725,46632945.0
CAN,2000,Oromo,1001,2.1461013724526635e-05,46632945.0
CAN,2000,Other,3385,7.259429765959214e-05,46632945.0
CAN,2000,Other African,39992,0.0008575965827002514,46632945.0
CAN,2000,Other Arab,60034,0.001287369913349967,46632945.0
CAN,2000,Other Asiatic,1556,3.3365045286921745e-05,46632945.0
CAN,2000,Other British,8206,0.00017596714179290507,46632945.0
CAN,2000,Other Caribbean,13258,0.00028430084245838406,46632945.0
CAN,2000,Other East/Southeast Asian,5741,0.00012310251625854583,46632945.0
CAN,2000,Other European,17122,0.00036717179540876816,46632945.0
CAN,2000,Other Maghrebi,1651,3.541105399118859e-05,46632945.0
CAN,2000,Other Pacific Islander,379,8.12601490540329e-06,46632945.0
CAN,2000,Other Scandinavian,31954,0.0006852334795778224,46632945.0
CAN,2000,Other South Asian,40043,0.0008586918225947841,46632945.0
CAN,2000,Pacific Islander,3542,7.595584824153528e-05,46632945.0
CAN,2000,Pakistani,55864,0.001197954392120281,46632945.0
CAN,2000,Palestinian,13026,0.00027933872176981163,46632945.0
CAN,2000,Panamanian,1876,4.022706721713609e-05,46632945.0
CAN,2000,Paraguayan,732,1.5703944986548544e-05,46632945.0
CAN,2000,Pashtun,1011,2.1669373081075438e-05,46632945.0
CAN,2000,Peruvian,16011,0.00034333888434816154,46632945.0
CAN,2000,Polish,802150,0.017201367257552322,46632945.0
CAN,2000,Polynesian,2841,6.092111289984187e-05,46632945.0
CAN,2000,Portuguese,346368,0.007427537914753434,46632945.0
CAN,2000,Puerto Rican,1015,2.177355275934984e-05,46632945.0
CAN,2000,Punjabi,48580,0.0010417633706494116,46632945.0
CAN,2000,Québécois,89344,0.0019159092128960722,46632945.0
CAN,2000,Romani (Gypsy),1938,4.156112115215664e-05,46632945.0
CAN,2000,Romanian,119231,0.002556806249399116,46632945.0
CAN,2000,Russian,304452,0.006528680318097835,46632945.0
CAN,2000,Rwandan,2231,4.7838113803694284e-05,46632945.0
CAN,2000,Saint Lucia,2440,5.2330215088670984e-05,46632945.0
CAN,2000,Salvadoran,25414,0.0005449700899862839,46632945.0
CAN,2000,Saudi Arabian,1045,2.2398630828996246e-05,46632945.0
CAN,2000,Scottish,4214130,0.09036807749438173,46632945.0
CAN,2000,Senegalese,1627,3.490019222192439e-05,46632945.0
CAN,2000,Serbian,47689,0.0010226501866564394,46632945.0
CAN,2000,Seychellois,947,2.0315037263508222e-05,46632945.0
CAN,2000,Sicilian,2390,5.125640171100537e-05,46632945.0
CAN,2000,Sierra Leonean,549,1.177230364500733e-05,46632945.0
CAN,2000,Sinhalese,3321,7.12119743335987e-05,46632945.0
CAN,2000,Slav (European),6509,0.00013958719616056727,46632945.0
CAN,2000,Slovak,48004,0.001029395249755948,46632945.0
CAN,2000,Slovenian,27372,0.0005869568388279373,46632945.0
CAN,2000,Somalie,31938,0.0006848863068504328,46632945.0
CAN,2000,South African,16379,0.00035122917256101636,46632945.0
CAN,2000,Spanish,208780,0.004477098886562464,46632945.0
CAN,2000,Sri Lankan,53781,0.0011532802412472602,46632945.0
CAN,2000,Sudanese,4527,9.708231919308303e-05,46632945.0
CAN,2000,Swedish,281052,0.006026891101866683,46632945.0
CAN,2000,Swiss,107516,0.0023055772338409723,46632945.0
CAN,2000,Syrian,20706,0.0004440230306045055,46632945.0
CAN,2000,Taiwanese,12785,0.00027417170786746877,46632945.0
CAN,2000,Tamil,34468,0.0007391314431327853,46632945.0
CAN,2000,Tanzanian,1462,3.135744275379224e-05,46632945.0
CAN,2000,Tatar,850,1.82314436980202e-05,46632945.0
CAN,2000,Thai,5969,0.0001280008123956061,46632945.0
CAN,2000,Tibetan,1094,2.3460222255380694e-05,46632945.0
CAN,2000,Togolese,734,1.5731131419434572e-05,46632945.0
CAN,2000,Trinidad and Tobago,46769,0.0010029111719977472,46632945.0
CAN,2000,Tunisian,4555,9.766835068478958e-05,46632945.0
CAN,2000,Turkish,24204,0.0005190231571630665,46632945.0
CAN,2000,Turks,15058,0.00032290774214683134,46632945.0
CAN,2000,Ugandan,1715,3.6775120095071054e-05,46632945.0
CAN,2000,Ukrainian,1049008,0.022494998730790514,46632945.0
CAN,2000,Unknown,1030,2.2088764362252643e-05,46632945.0
CAN,2000,Uruguayan,3360,7.205876135678382e-05,46632945.0
CAN,2000,Venezuelan,5235,0.00011225763992800403,46632945.0
CAN,2000,Vietnamese,144020,0.0030883664349525995,46632945.0
CAN,2000,Vincentian/Grenadinian,6210,0.00013316710268549426,46632945.0
CAN,2000,Welsh,357793,0.007672529393285615,46632945.0
CAN,2000,Welsh-Gallois,340429,0.007300182595722112,46632945.0
CAN,2000,West Asian,5583,0.00011973084762153387,46632945.0
CAN,2000,West Indian,57062,0.0012236474884541684,46632945.0
CAN,2000,Yemeni,1399,3.000374734302753e-05,46632945.0
CAN,2000,Yoruba,1822,3.906737935290043e-05,46632945.0
CAN,2000,Yugoslav,66300,0.0014217399257410606,46632945.0
CAN,2000,Zairian,2901,6.221396266296659e-05,46632945.0
CAN,2000,Zimbabwean,1210,2.5940739890325886e-05,46632945.0
CAN,2005,Aboriginal,23790004,0.9564063987052139,24874367.5
CAN,2005,Acadian,41981,0.0016877396961301522,24874367.5
CAN,2005,Afgan,18064,0.0007262039759103044,24874367.5
CAN,2005,African,118243,0.004753619846837362,24874367.5
CAN,2005,Akan,416,1.6729214966366338e-05,24874367.5
CAN,2005,Albanian,9366,0.0003765440493039942,24874367.5
CAN,2005,Algerian,12662,0.0005090521851996156,24874367.5
CAN,2005,American,141823,0.005701552791604041,24874367.5
CAN,2005,Angolan,669,2.690446395497947e-05,24874367.5
CAN,2005,Antiguan,24835,0.0009983998400133359,24874367.5
CAN,2005,Arab,42246,0.0016983835250965397,24874367.5
CAN,2005,Argentinean,5658,0.0002274647330296492,24874367.5
CAN,2005,Armenian,22290,0.000896118835951746,24874367.5
CAN,2005,Ashanti,786,3.1589126868322805e-05,24874367.5
CAN,2005,Asiatic,1837012,0.07385161232633423,24874367.5
CAN,2005,Assyrian,4019,0.00016155495062627597,24874367.5
CAN,2005,Australian,14190,0.0005704840737286043,24874367.5
CAN,2005,Austrian,80455,0.0032344384814062327,24874367.5
CAN,2005,Azerbaijani,1179,4.738080745104003e-05,24874367.5
CAN,2005,Bahamian,12141,0.00048809500167379757,24874367.5
CAN,2005,Bangladeshi,9609,0.00038628144625773745,24874367.5
CAN,2005,Barbadian,221865,0.008919440653702648,24874367.5
CAN,2005,Basque,1768,7.106394666283435e-05,24874367.5
CAN,2005,Belgian,71123,0.002859305692838578,24874367.5
CAN,2005,Belizian,418,1.680070510645467e-05,24874367.5
CAN,2005,Bengali,5099,0.00020498284696987226,24874367.5
CAN,2005,Berber,5778,0.00023229011585010605,24874367.5
CAN,2005,Bermudian,18162,0.0007301567361733043,24874367.5
CAN,2005,Black,22088,0.0008879756221861801,24874367.5
CAN,2005,Bolivian,1183,4.7576390445050043e-05,24874367.5
CAN,2005,Bosnian,8842,0.00035548282840550127,24874367.5
CAN,2005,Brazil,7134,0.00028679655499837156,24874367.5
CAN,2005,British,257149,0.010337912546932797,24874367.5
CAN,2005,British and Canadian,779430,0.03133465497784295,24874367.5
CAN,2005,British and French,595389,0.02393584474869247,24874367.5
CAN,2005,British and others,78045,0.0031375793705901395,24874367.5
CAN,2005,Bulgarian,9786,0.00039343615048741153,24874367.5
CAN,2005,Burmese,2149,8.637992487612415e-05,24874367.5
CAN,2005,Burundian,1755,7.05612842642446e-05,24874367.5
CAN,2005,Byelorussian,4083,0.00016416386922521423,24874367.5
CAN,2005,Cambodian,12169,0.0004892150424353233,24874367.5
CAN,2005,Cameroonian,2287,9.193551571184654e-05,24874367.5
CAN,2005,Canadian,5609521,0.22551413154569652,24874367.5
CAN,2005,Carib,947,3.805668488507088e-05,24874367.5
CAN,2005,Caribbean,9801,0.000394019234886612,24874367.5
CAN,2005,Central/South American Indian,5580,0.00022434286248878825,24874367.5
CAN,2005,Chilean,17460,0.0007019413186336366,24874367.5
CAN,2005,Chinese,599601,0.024105173226679703,24874367.5
CAN,2005,Colombian,16878,0.0006785234305976171,24874367.5
CAN,2005,"Congolese, nos",5869,0.0002359446498730314,24874367.5
CAN,2005,Costa Rican,1352,5.434852656962616e-05,24874367.5
CAN,2005,Croatian,50628,0.0020353529302883236,24874367.5
CAN,2005,Cubans,101616,0.004085152968406669,24874367.5
CAN,2005,Cypriot,1431,5.751846150633004e-05,24874367.5
CAN,2005,Czech,41718,0.0016771445653651258,24874367.5
CAN,2005,Czech and Slovak,1499,6.0278195172884454e-05,24874367.5
CAN,2005,Czechoslovakian,17546,0.0007053898901596255,24874367.5
CAN,2005,Danish,89228,0.003587140846108321,24874367.5
CAN,2005,Dominican,88252,0.0035478897329570633,24874367.5
CAN,2005,Dutch,477834,0.019209890856311144,24874367.5
CAN,2005,East African,1174,4.719339425830372e-05,24874367.5
CAN,2005,East Indian,419848,0.01687872802957771,24874367.5
CAN,2005,Ecuadorian,6029,0.00024239149231656428,24874367.5
CAN,2005,Egyptian,25173,0.0010120196327944972,24874367.5
CAN,2005,English,3034463,0.1219915654621487,24874367.5
CAN,2005,Eritrean,4472,0.0001797981449374427,24874367.5
CAN,2005,Estonian,11083,0.00044554176051450725,24874367.5
CAN,2005,Ethiopian,10018,0.000402742404137745,24874367.5
CAN,2005,Fijian,6120,0.00024603519703859613,24874367.5
CAN,2005,Filipino,211771,0.008513626499450738,24874367.5
CAN,2005,Finnish,59897,0.0024079843880667733,24874367.5
CAN,2005,Flemish,6092,0.00024489757029803823,24874367.5
CAN,2005,French,2368541,0.09522016828099673,24874367.5
CAN,2005,Frisian,1849,7.434287671335625e-05,24874367.5
CAN,2005,Georgian,805,3.237773534972005e-05,24874367.5
CAN,2005,German,1424351,0.057261786707880624,24874367.5
CAN,2005,Ghanaian,10219,0.00041081601072604765,24874367.5
CAN,2005,Goan,2097,8.428634060117517e-05,24874367.5
CAN,2005,Greek,111964,0.00450117629430079,24874367.5
CAN,2005,Grenadian,88437,0.00355533578492607,24874367.5
CAN,2005,Guatemalan,6390,0.0002569062656051049,24874367.5
CAN,2005,Guinean,1106,4.445164429151783e-05,24874367.5
CAN,2005,Gujarati,1844,7.413868135887835e-05,24874367.5
CAN,2005,Guyanese,29031,0.001167100104703968,24874367.5
CAN,2005,Haitian,49008,0.001970213501751565,24874367.5
CAN,2005,Hawaiian,1142,4.591044414368557e-05,24874367.5
CAN,2005,Hispanic,3679,0.00014789594651550906,24874367.5
CAN,2005,Hmong,329,1.3230167707376202e-05,24874367.5
CAN,2005,Honduran,2344,9.421404807664476e-05,24874367.5
CAN,2005,Hungarian,139478,0.00560729808687358,24874367.5
CAN,2005,Ibo,832,3.3428608768444935e-05,24874367.5
CAN,2005,Icelandic,39963,0.0016066024239283704,24874367.5
CAN,2005,Indonesian,6049,0.00024316687463745562,24874367.5
CAN,2005,Inuit,30268,0.0012168281779619085,24874367.5
CAN,2005,Iranian,54782,0.0022023377658123553,24874367.5
CAN,2005,Iraqi,14042,0.000564521981335388,24874367.5
CAN,2005,Irish,1997103,0.08028759569020669,24874367.5
CAN,2005,Israelis,4327,0.00017397037393697927,24874367.5
CAN,2005,Italian,660422,0.026550294720034763,24874367.5
CAN,2005,Ivoirean,1161,4.666506745872418e-05,24874367.5
CAN,2005,Jamaican,111384,0.004477855773824583,24874367.5
CAN,2005,Japanese,45777,0.001840347668859178,24874367.5
CAN,2005,Jewish,166527,0.006694706890149802,24874367.5
CAN,2005,Jordanian,2702,0.00010861121389089944,24874367.5
CAN,2005,Kashmiri,482,1.9359446806263722e-05,24874367.5
CAN,2005,Kenyan,2232,8.974969676850236e-05,24874367.5
CAN,2005,Khmer,518,2.083593565488023e-05,24874367.5
CAN,2005,Kittitian/Nevisian,927,3.7281407001318814e-05,24874367.5
CAN,2005,Korean,60275,0.0024231928280916038,24874367.5
CAN,2005,Kosovar,820,3.297994191022743e-05,24874367.5
CAN,2005,Kurd,3702,0.00014883095064731477,24874367.5
CAN,2005,Kuwaiti,628,2.524675569816335e-05,24874367.5
CAN,2005,Laotian,9143,0.0003675635070832609,24874367.5
CAN,2005,Latin/Central/South American,17354,0.0006976825234571009,24874367.5
CAN,2005,Latvian,11884,0.00047778021531060856,24874367.5
CAN,2005,Lebanese,77940,0.0031333482002475583,24874367.5
CAN,2005,Libyan,1229,4.942244768440134e-05,24874367.5
CAN,2005,Lithuanian,19917,0.0008006964806307958,24874367.5
CAN,2005,Luxembourg,1391,5.590113383591487e-05,24874367.5
CAN,2005,Macedonian,16309,0.0006556422997582762,24874367.5
CAN,2005,Malagas,706,2.8362605134901542e-05,24874367.5
CAN,2005,Malay,4212,0.00016933211271415966,24874367.5
CAN,2005,Malian,658,2.6465517927442658e-05,24874367.5
CAN,2005,Maltese,17171,0.0006903118081108462,24874367.5
CAN,2005,Maori,751,3.0181446943856075e-05,24874367.5
CAN,2005,Martinique,419,1.685904456808467e-05,24874367.5
CAN,2005,Mauritian,1936,7.783349153106535e-05,24874367.5
CAN,2005,Maya,1691,6.799217753905503e-05,24874367.5
CAN,2005,Mexican,26931,0.0010826721652659275,24874367.5
CAN,2005,Mongol,1377,5.5371061610195646e-05,24874367.5
CAN,2005,Montenegrian,806,3.242181566267892e-05,24874367.5
CAN,2005,Moroccan,18078,0.0007267861431417065,24874367.5
CAN,2005,Métis,172979,0.006954101995531945,24874367.5
CAN,2005,Nepalese,1862,7.48479214940126e-05,24874367.5
CAN,2005,New Zealand,5037,0.00020248301344434546,24874367.5
CAN,2005,Newfoundlander,8017,0.0003222983168248764,24874367.5
CAN,2005,Nicaraguan,3843,0.00015447943482367802,24874367.5
CAN,2005,Nigerian,8017,0.00032229300091995516,24874367.5
CAN,2005,North American Indian,549557,0.022093310188464273,24874367.5
CAN,2005,Norwegian,193051,0.007761036369870891,24874367.5
CAN,2005,Oromo,627,2.5194991575762522e-05,24874367.5
CAN,2005,Other,1806,7.259429765959214e-05,24874367.5
CAN,2005,Other African,33848,0.0013607407520993503,24874367.5
CAN,2005,Other Arab,37161,0.0014939365864549124,24874367.5
CAN,2005,Other Asiatic,5204,0.00020921147562129227,24874367.5
CAN,2005,Other British,4377,0.00017596714179290507,24874367.5
CAN,2005,Other Caribbean,3919,0.00015756337954793388,24874367.5
CAN,2005,Other East/Southeast Asian,4384,0.00017624734803359756,24874367.5
CAN,2005,Other European,23894,0.0009605930560391009,24874367.5
CAN,2005,Other Maghrebi,1176,4.729757393657812e-05,24874367.5
CAN,2005,Other Pacific Islander,481,1.9355926998892653e-05,24874367.5
CAN,2005,Other Scandinavian,16963,0.0006819601739842299,24874367.5
CAN,2005,Other South Asian,24946,0.0010028791234020216,24874367.5
CAN,2005,Pacific Islander,3639,0.00014627906157069613,24874367.5
CAN,2005,Pakistani,48683,0.0019571443952085977,24874367.5
CAN,2005,Palestinian,9722,0.00039082897007584,24874367.5
CAN,2005,Panamanian,1259,5.062825363195501e-05,24874367.5
CAN,2005,Paraguayan,772,3.104599392373867e-05,24874367.5
CAN,2005,Pashtun,852,3.424741273004947e-05,24874367.5
CAN,2005,Peruvian,11317,0.00045496604248200214,24874367.5
CAN,2005,Polish,432716,0.01739605490438429,24874367.5
CAN,2005,Polynesian,731,2.938385178607138e-05,24874367.5
CAN,2005,Portuguese,187555,0.007540095900569392,24874367.5
CAN,2005,Puerto Rican,709,2.8514107815952687e-05,24874367.5
CAN,2005,Punjabi,27627,0.0011106581448234879,24874367.5
CAN,2005,Québécois,62943,0.0025304215869941505,24874367.5
CAN,2005,Romani (Gypsy),1677,6.741330676319964e-05,24874367.5
CAN,2005,Romanian,75998,0.003055283765301449,24874367.5
CAN,2005,Russian,198693,0.007987849135089188,24874367.5
CAN,2005,Rwandan,2263,9.09613294234461e-05,24874367.5
CAN,2005,Saint Lucia,1944,7.815945836190008e-05,24874367.5
CAN,2005,Salvadoran,18756,0.0007540188343005839,24874367.5
CAN,2005,Saudi Arabian,1556,6.255092977148192e-05,24874367.5
CAN,2005,Scottish,2138008,0.08595226002661799,24874367.5
CAN,2005,Senegalese,1521,6.116418877205476e-05,24874367.5
CAN,2005,Serbian,31144,0.0012520469913272806,24874367.5
CAN,2005,Seychellois,492,1.976487194295487e-05,24874367.5
CAN,2005,Sicilian,1739,6.991472751199807e-05,24874367.5
CAN,2005,Sierra Leonean,465,1.8676029274987317e-05,24874367.5
CAN,2005,Sinhalese,2305,9.268182550028924e-05,24874367.5
CAN,2005,Slav (European),3047,0.00012250222645428498,24874367.5
CAN,2005,Slovak,27475,0.0011045343615487086,24874367.5
CAN,2005,Slovenian,15520,0.0006239372281209866,24874367.5
CAN,2005,Somalie,18348,0.0007376314904471784,24874367.5
CAN,2005,South African,11850,0.0004763856571095085,24874367.5
CAN,2005,Spanish,128436,0.005163405132704503,24874367.5
CAN,2005,Sri Lankan,41930,0.0016856855525073506,24874367.5
CAN,2005,Sudanese,4723,0.00018987179826535362,24874367.5
CAN,2005,Swedish,148567,0.005972676494690243,24874367.5
CAN,2005,Swiss,60133,0.0024174511776015014,24874367.5
CAN,2005,Syrian,13702,0.0005508405844685409,24874367.5
CAN,2005,Taiwanese,10760,0.00043258335522331496,24874367.5
CAN,2005,Tamil,20787,0.0008356957599778978,24874367.5
CAN,2005,Tanzanian,1249,5.02237570462898e-05,24874367.5
CAN,2005,Tatar,726,2.9173725287064118e-05,24874367.5
CAN,2005,Thai,4652,0.00018702959730194292,24874367.5
CAN,2005,Tibetan,1359,5.4640598193695694e-05,24874367.5
CAN,2005,Togolese,724,2.9122051124256714e-05,24874367.5
CAN,2005,Trinidad and Tobago,27287,0.0010970032292327444,24874367.5
CAN,2005,Tunisian,4088,0.000164349357072624,24874367.5
CAN,2005,Turkish,16856,0.0006776400685792088,24874367.5
CAN,2005,Turks,6103,0.00024534618640602226,24874367.5
CAN,2005,Ugandan,1410,5.666724512409263e-05,24874367.5
CAN,2005,Ukrainian,556251,0.02236243212629564,24874367.5
CAN,2005,Unknown,549,2.2088764362252643e-05,24874367.5
CAN,2005,Uruguayan,2131,8.568660659498021e-05,24874367.5
CAN,2005,Venezuelan,4749,0.00019089960577820675,24874367.5
CAN,2005,Vietnamese,85115,0.0034218112413048544,24874367.5
CAN,2005,Vincentian/Grenadinian,4684,0.00018831309441289456,24874367.5
CAN,2005,Welsh,195489,0.007859066100381997,24874367.5
CAN,2005,Welsh-Gallois,181587,0.007300182595722112,24874367.5
CAN,2005,West Asian,5501,0.00022115357585031638,24874367.5
CAN,2005,West Indian,29059,0.001168232725756704,24874367.5
CAN,2005,Yemeni,1082,4.348273047540106e-05,24874367.5
CAN,2005,Yoruba,1443,5.8019910997567735e-05,24874367.5
CAN,2005,Yugoslav,29824,0.0011989664112362168,24874367.5
CAN,2005,Zairian,977,3.9275738709449235e-05,24874367.5
CAN,2005,Zimbabwean,1388,5.578944302861243e-05,24874367.5
CAN,2010,Aboriginal,20812567,0.7242257247738971,28737680.0
CAN,2010,Acadian,54137,0.0018838347587274286,28737680.0
CAN,2010,Afgan,26632,0.0009267172952479807,28737680.0
CAN,2010,African,215021,0.007482195107376915,28737680.0
CAN,2010,Akan,512,1.7831478191572503e-05,28737680.0
CAN,2010,Albanian,12699,0.00044190339960235213,28737680.0
CAN,2010,Algerian,19980,0.0006952515474268619,28737680.0
CAN,2010,American,178002,0.006194017489809752,28737680.0
CAN,2010,Angolan,882,3.068103933304189e-05,28737680.0
CAN,2010,Antiguan,28902,0.001005702258785069,28737680.0
CAN,2010,Arab,48808,0.0016983835250965397,28737680.0
CAN,2010,Argentinean,7628,0.0002654266312781627,28737680.0
CAN,2010,Armenian,27251,0.0009482780982025682,28737680.0
CAN,2010,Ashanti,699,2.4319233740293975e-05,28737680.0
CAN,2010,Asiatic,2122324,0.07385161232633423,28737680.0
CAN,2010,Assyrian,5109,0.00017777925005976235,28737680.0
CAN,2010,Australian,17571,0.0006114228427884276,28737680.0
CAN,2010,Austrian,97530,0.003393805399186967,28737680.0
CAN,2010,Azerbaijani,1858,6.465368788077813e-05,28737680.0
CAN,2010,Bahamian,14199,0.0004941055989498237,28737680.0
CAN,2010,Bangladeshi,14370,0.0005000288541496414,28737680.0
CAN,2010,Barbadian,258076,0.008980418765220414,28737680.0
CAN,2010,Basque,2459,8.555832802266887e-05,28737680.0
CAN,2010,Belgian,86630,0.0030145236563868002,28737680.0
CAN,2010,Belizian,532,1.8495356863121175e-05,28737680.0
CAN,2010,Bengali,7578,0.0002636974256424853,28737680.0
CAN,2010,Berber,10013,0.0003484198904242548,28737680.0
CAN,2010,Bermudian,21141,0.0007356571294194617,28737680.0
CAN,2010,Black,19245,0.0006696672407764945,28737680.0
CAN,2010,Bolivian,1660,5.7752276389590074e-05,28737680.0
CAN,2010,Bosnian,11016,0.00038332056863801096,28737680.0
CAN,2010,Brazil,10670,0.0003712761747878561,28737680.0
CAN,2010,British,297088,0.010337912546932797,28737680.0
CAN,2010,British and Canadian,900485,0.03133465497784295,28737680.0
CAN,2010,British and French,687861,0.02393584474869247,28737680.0
CAN,2010,British and others,90167,0.0031375793705901395,28737680.0
CAN,2010,Bulgarian,13514,0.000470270258698918,28737680.0
CAN,2010,Burmese,3264,0.00011358579249238845,28737680.0
CAN,2010,Burundian,2921,0.00010163847046249114,28737680.0
CAN,2010,Byelorussian,6373,0.00022175192757571612,28737680.0
CAN,2010,Cambodian,15885,0.0005527519194414433,28737680.0
CAN,2010,Cameroonian,4042,0.0001406364649398166,28737680.0
CAN,2010,Canadian,5966192,0.20760869433483686,28737680.0
CAN,2010,Carib,1394,4.850575502742545e-05,28737680.0
CAN,2010,Caribbean,11323,0.000394019234886612,28737680.0
CAN,2010,Central/South American Indian,7526,0.00026189156183157523,28737680.0
CAN,2010,Chilean,19920,0.0006931688720793086,28737680.0
CAN,2010,Chinese,729970,0.025401143512283744,28737680.0
CAN,2010,Colombian,29499,0.0010264847420305594,28737680.0
CAN,2010,"Congolese, nos",9831,0.0003420814206161589,28737680.0
CAN,2010,Costa Rican,2157,7.504701705662075e-05,28737680.0
CAN,2010,Croatian,58871,0.002048578305270521,28737680.0
CAN,2010,Cubans,121069,0.004212905049994384,28737680.0
CAN,2010,Cypriot,2069,7.20107158853324e-05,28737680.0
CAN,2010,Czech,48546,0.0016892895125487722,28737680.0
CAN,2010,Czech and Slovak,1732,6.0278195172884454e-05,28737680.0
CAN,2010,Czechoslovakian,20460,0.0007119424984545682,28737680.0
CAN,2010,Danish,103913,0.0036159206010761965,28737680.0
CAN,2010,Dominican,104213,0.0036263524913704836,28737680.0
CAN,2010,Dutch,551236,0.019181649783436554,28737680.0
CAN,2010,East African,1356,4.719339425830372e-05,28737680.0
CAN,2010,East Indian,542986,0.01889455807845971,28737680.0
CAN,2010,Ecuadorian,8671,0.00030173928990500574,28737680.0
CAN,2010,Egyptian,33431,0.0011633067636858919,28737680.0
CAN,2010,English,3431500,0.11940767613572538,28737680.0
CAN,2010,Eritrean,6047,0.00021041099058594293,28737680.0
CAN,2010,Estonian,12381,0.0004308177024127102,28737680.0
CAN,2010,Ethiopian,13732,0.00047783972010249844,28737680.0
CAN,2010,Fijian,8129,0.0002828776001021948,28737680.0
CAN,2010,Filipino,293198,0.010202546454823732,28737680.0
CAN,2010,Finnish,69726,0.0024262953158753326,28737680.0
CAN,2010,Flemish,7088,0.0002466397715036242,28737680.0
CAN,2010,French,2677479,0.09316964619139405,28737680.0
CAN,2010,Frisian,2372,8.253165772246778e-05,28737680.0
CAN,2010,Georgian,1280,4.454461311420628e-05,28737680.0
CAN,2010,German,1648839,0.057375498359303674,28737680.0
CAN,2010,Ghanaian,13472,0.0004687754511366987,28737680.0
CAN,2010,Goan,2530,8.804178989623824e-05,28737680.0
CAN,2010,Greek,129907,0.00452043864955857,28737680.0
CAN,2010,Grenadian,103616,0.0036055673891512157,28737680.0
CAN,2010,Guatemalan,9047,0.0003148293457061036,28737680.0
CAN,2010,Guinean,1884,6.55670406495698e-05,28737680.0
CAN,2010,Gujarati,2582,8.983256320581765e-05,28737680.0
CAN,2010,Guyanese,36201,0.0012596910076857625,28737680.0
CAN,2010,Haitian,63894,0.00222333754618445,28737680.0
CAN,2010,Hawaiian,1468,5.1086634082080284e-05,28737680.0
CAN,2010,Hispanic,3800,0.0001322297981402083,28737680.0
CAN,2010,Hmong,404,1.4062953700098668e-05,28737680.0
CAN,2010,Honduran,3604,0.00012539939079727683,28737680.0
CAN,2010,Hungarian,162255,0.005646088190302143,28737680.0
CAN,2010,Ibo,1200,4.1749915072759194e-05,28737680.0
CAN,2010,Icelandic,47378,0.0016486344395317846,28737680.0
CAN,2010,Indonesian,8168,0.000284225173422573,28737680.0
CAN,2010,Inuit,36209,0.0012599681004844135,28737680.0
CAN,2010,Iranian,73753,0.0025664251084729023,28737680.0
CAN,2010,Iraqi,20923,0.0007280563809926059,28737680.0
CAN,2010,Irish,2325640,0.08092649358992891,28737680.0
CAN,2010,Israelis,6370,0.00022167497780538434,28737680.0
CAN,2010,Italian,765320,0.026631241862179328,28737680.0
CAN,2010,Ivoirean,2011,6.999388698398251e-05,28737680.0
CAN,2010,Jamaican,130590,0.004544223071119648,28737680.0
CAN,2010,Japanese,54744,0.0019049527215311887,28737680.0
CAN,2010,Jewish,176044,0.006125902431330081,28737680.0
CAN,2010,Jordanian,3991,0.00013887930971944923,28737680.0
CAN,2010,Kashmiri,822,2.861346481991053e-05,28737680.0
CAN,2010,Kenyan,3368,0.00011719994592891282,28737680.0
CAN,2010,Khmer,599,2.083593565488023e-05,28737680.0
CAN,2010,Kittitian/Nevisian,1107,3.851664531969484e-05,28737680.0
CAN,2010,Korean,78369,0.002727058461047065,28737680.0
CAN,2010,Kosovar,1174,4.0852581356324186e-05,28737680.0
CAN,2010,Kurd,5153,0.00017931378677490983,28737680.0
CAN,2010,Kuwaiti,939,3.2678786411404104e-05,28737680.0
CAN,2010,Laotian,10977,0.000381957904816302,28737680.0
CAN,2010,Latin/Central/South American,15178,0.0005281734049580869,28737680.0
CAN,2010,Latvian,13919,0.00048435574578610074,28737680.0
CAN,2010,Lebanese,94088,0.0032740309623846687,28737680.0
CAN,2010,Libyan,2131,7.41543116177696e-05,28737680.0
CAN,2010,Lithuanian,24177,0.0008412980285715608,28737680.0
CAN,2010,Luxembourg,1782,6.200438145666599e-05,28737680.0
CAN,2010,Macedonian,18960,0.0006597448915884475,28737680.0
CAN,2010,Malagas,1163,4.0473180458996505e-05,28737680.0
CAN,2010,Malay,6086,0.0002117733772900987,28737680.0
CAN,2010,Malian,1030,3.584556861788353e-05,28737680.0
CAN,2010,Maltese,19919,0.0006931419192889192,28737680.0
CAN,2010,Maori,953,3.317199785809345e-05,28737680.0
CAN,2010,Martinique,610,2.12165277432412e-05,28737680.0
CAN,2010,Mauritian,2845,9.899323808085645e-05,28737680.0
CAN,2010,Maya,2186,7.608104007032938e-05,28737680.0
CAN,2010,Mexican,40327,0.0014032699839546107,28737680.0
CAN,2010,Mongol,2177,7.57377513201925e-05,28737680.0
CAN,2010,Montenegrian,1232,4.2861719209459195e-05,28737680.0
CAN,2010,Moroccan,28985,0.0010086208803734456,28737680.0
CAN,2010,Métis,215359,0.007493965379387286,28737680.0
CAN,2010,Nepalese,3601,0.00012531779827181533,28737680.0
CAN,2010,New Zealand,6491,0.00022588115993499533,28737680.0
CAN,2010,Newfoundlander,10312,0.0003588317761430705,28737680.0
CAN,2010,Nicaraguan,5172,0.00017998442794364743,28737680.0
CAN,2010,Nigerian,12815,0.0004459153553706273,28737680.0
CAN,2010,North American Indian,670512,0.023332140739315475,28737680.0
CAN,2010,Norwegian,228257,0.007942792785922548,28737680.0
CAN,2010,Oromo,831,2.8928969426998408e-05,28737680.0
CAN,2010,Other,2086,7.259429765959214e-05,28737680.0
CAN,2010,Other African,77365,0.0026921028349253195,28737680.0
CAN,2010,Other Arab,42932,0.0014939365864549124,28737680.0
CAN,2010,Other Asiatic,10821,0.00037654272057627524,28737680.0
CAN,2010,Other British,5057,0.00017596714179290507,28737680.0
CAN,2010,Other Caribbean,2475,8.6139826248734e-05,28737680.0
CAN,2010,Other East/Southeast Asian,4864,0.00016924264198252351,28737680.0
CAN,2010,Other European,42965,0.001495091227935901,28737680.0
CAN,2010,Other Maghrebi,1359,4.729757393657812e-05,28737680.0
CAN,2010,Other Pacific Islander,879,3.058583909238201e-05,28737680.0
CAN,2010,Other Scandinavian,19598,0.0006819601739842299,28737680.0
CAN,2010,Other South Asian,28178,0.0009805260329056615,28737680.0
CAN,2010,Pacific Islander,6225,0.00021660227489985698,28737680.0
CAN,2010,Pakistani,68172,0.00237222119259951,28737680.0
CAN,2010,Palestinian,13673,0.0004757864047380383,28737680.0
CAN,2010,Panamanian,1667,5.8021940780033546e-05,28737680.0
CAN,2010,Paraguayan,1329,4.625667674976836e-05,28737680.0
CAN,2010,Pashtun,1346,4.6825452379023496e-05,28737680.0
CAN,2010,Peruvian,15404,0.0005360312196371785,28737680.0
CAN,2010,Polish,510593,0.017767379324200774,28737680.0
CAN,2010,Polynesian,644,2.2408995854376758e-05,28737680.0
CAN,2010,Portuguese,219190,0.0076272817970663995,28737680.0
CAN,2010,Puerto Rican,1013,3.525466287255553e-05,28737680.0
CAN,2010,Punjabi,35597,0.0012386935641628244,28737680.0
CAN,2010,Québécois,86356,0.003004961402921269,28737680.0
CAN,2010,Romani (Gypsy),2324,8.086154018025949e-05,28737680.0
CAN,2010,Romanian,96667,0.003363766133220038,28737680.0
CAN,2010,Russian,256739,0.008933881276576778,28737680.0
CAN,2010,Rwandan,3396,0.00011816469574295869,28737680.0
CAN,2010,Saint Lucia,2837,9.870755463805632e-05,28737680.0
CAN,2010,Salvadoran,27329,0.0009509889288679449,28737680.0
CAN,2010,Saudi Arabian,2951,0.0001027032287139676,28737680.0
CAN,2010,Scottish,2450895,0.08528505580973304,28737680.0
CAN,2010,Senegalese,2512,8.742818532218515e-05,28737680.0
CAN,2010,Serbian,38703,0.0013467619367042386,28737680.0
CAN,2010,Seychellois,552,1.9214706622401518e-05,28737680.0
CAN,2010,Sicilian,2545,8.857305331299076e-05,28737680.0
CAN,2010,Sierra Leonean,735,2.5579754904967303e-05,28737680.0
CAN,2010,Sinhalese,3192,0.00011108354039093046,28737680.0
CAN,2010,Slav (European),2963,0.00010311173109883563,28737680.0
CAN,2010,Slovak,33030,0.0011493530356902085,28737680.0
CAN,2010,Slovenian,18550,0.0006455075564593858,28737680.0
CAN,2010,Somalie,22202,0.0007725710509335211,28737680.0
CAN,2010,South African,16049,0.0005584512319504086,28737680.0
CAN,2010,Spanish,169169,0.00588667237735403,28737680.0
CAN,2010,Sri Lankan,60171,0.00209381571033572,28737680.0
CAN,2010,Sudanese,7009,0.00024389329606088812,28737680.0
CAN,2010,Swedish,173972,0.006053783823606553,28737680.0
CAN,2010,Swiss,72599,0.0025262806846422727,28737680.0
CAN,2010,Syrian,18448,0.0006419362487121495,28737680.0
CAN,2010,Taiwanese,14037,0.0004884529938063954,28737680.0
CAN,2010,Tamil,24635,0.0008572273342413505,28737680.0
CAN,2010,Tanzanian,1770,6.158849409622797e-05,28737680.0
CAN,2010,Tatar,1153,4.0116006876108034e-05,28737680.0
CAN,2010,Thai,6576,0.00022883272308937065,28737680.0
CAN,2010,Tibetan,2287,7.958998807918706e-05,28737680.0
CAN,2010,Togolese,1222,4.251297082907886e-05,28737680.0
CAN,2010,Trinidad and Tobago,33357,0.0011607524093399783,28737680.0
CAN,2010,Tunisian,6261,0.00021785153646128522,28737680.0
CAN,2010,Turkish,24032,0.000836256979995351,28737680.0
CAN,2010,Turks,4822,0.00016778463066521312,28737680.0
CAN,2010,Ugandan,1988,6.916230665983918e-05,28737680.0
CAN,2010,Ukrainian,643966,0.02240843118975353,28737680.0
CAN,2010,Unknown,635,2.2088764362252643e-05,28737680.0
CAN,2010,Uruguayan,2650,9.219665770141554e-05,28737680.0
CAN,2010,Venezuelan,7427,0.00025845047247952254,28737680.0
CAN,2010,Vietnamese,106009,0.003688853465104294,28737680.0
CAN,2010,Vincentian/Grenadinian,6362,0.0002213984681969314,28737680.0
CAN,2010,Welsh,231212,0.008045602807478382,28737680.0
CAN,2010,Welsh-Gallois,209790,0.007300182595722112,28737680.0
CAN,2010,West Asian,7442,0.0002589509179376868,28737680.0
CAN,2010,West Indian,31395,0.001092455913238784,28737680.0
CAN,2010,Yemeni,1637,5.6961713607774596e-05,28737680.0
CAN,2010,Yoruba,2212,7.697244264223505e-05,28737680.0
CAN,2010,Yugoslav,29688,0.0010330748573995044,28737680.0
CAN,2010,Zairian,1129,3.9275738709449235e-05,28737680.0
CAN,2010,Zimbabwean,2461,8.563814616689897e-05,28737680.0
CAN,2015,Aboriginal,34013640,0.4920450508425803,69127085.0
CAN,2015,Acadian,122005,0.0017649429014282886,69127085.0
CAN,2015,Afgan,74137,0.001072469041180894,69127085.0
CAN,2015,African,705841,0.010210770367916467,69127085.0
CAN,2015,Akan,1475,2.1340831282478365e-05,69127085.0
CAN,2015,Albanian,32686,0.0004728452848347487,69127085.0
CAN,2015,Algerian,58665,0.0008486505238353627,69127085.0
CAN,2015,American,389161,0.005629644900266375,69127085.0
CAN,2015,Angolan,2428,3.513062036393638e-05,69127085.0
CAN,2015,Antiguan,4141,5.991001548336718e-05,69127085.0
CAN,2015,Arab,105354,0.0015240689094633301,69127085.0
CAN,2015,Argentinean,19147,0.0002769766651062775,69127085.0
CAN,2015,Armenian,61301,0.0008867887946310937,69127085.0
CAN,2015,Ashanti,1253,1.8126827198954573e-05,69127085.0
CAN,2015,Asiatic,5105147,0.07385161232633423,69127085.0
CAN,2015,Assyrian,12497,0.00018078589451175258,69127085.0
CAN,2015,Australian,40269,0.0005825311333182975,69127085.0
CAN,2015,Austrian,209519,0.0030309246977007556,69127085.0
CAN,2015,Azerbaijani,5522,7.988685389429995e-05,69127085.0
CAN,2015,Bahamian,3094,4.4756461643185406e-05,69127085.0
CAN,2015,Bangladeshi,40455,0.0005852295180496098,69127085.0
CAN,2015,Barbadian,37123,0.0005370210464324979,69127085.0
CAN,2015,Basque,6375,9.222132173131807e-05,69127085.0
CAN,2015,Belgian,187729,0.0027157141010707405,69127085.0
CAN,2015,Belizian,1433,2.072704553822356e-05,69127085.0
CAN,2015,Bengali,20736,0.00029996777100933965,69127085.0
CAN,2015,Berber,31577,0.00045678961763988523,69127085.0
CAN,2015,Bermudian,2997,4.335033407417415e-05,69127085.0
CAN,2015,Black,28323,0.0004097258185817845,69127085.0
CAN,2015,Bolivian,4465,6.458799479054468e-05,69127085.0
CAN,2015,Bosnian,25409,0.000367573902267475,69127085.0
CAN,2015,Brazil,31176,0.00045099930950484325,69127085.0
CAN,2015,British,5052633,0.07309194855030318,69127085.0
CAN,2015,British and Canadian,2166073,0.03133465497784295,69127085.0
CAN,2015,British and French,1654615,0.02393584474869247,69127085.0
CAN,2015,British and others,216892,0.0031375793705901395,69127085.0
CAN,2015,Bulgarian,33385,0.0004829519014365323,69127085.0
CAN,2015,Burmese,8776,0.0001269485963600004,69127085.0
CAN,2015,Burundian,9190,0.00013293682154936803,69127085.0
CAN,2015,Byelorussian,18328,0.00026513413760054976,69127085.0
CAN,2015,Cambodian,37422,0.0005413526187847803,69127085.0
CAN,2015,Cameroonian,16850,0.00024375961000651123,69127085.0
CAN,2015,Canadian,11220358,0.16231492893659996,69127085.0
CAN,2015,Carib,3307,4.783358632952764e-05,69127085.0
CAN,2015,Caribbean,327351,0.004735497849015585,69127085.0
CAN,2015,Central/South American Indian,19867,0.00028739143367196337,69127085.0
CAN,2015,Chilean,42580,0.0006159657017130429,69127085.0
CAN,2015,Chinese,1663653,0.024066593469288508,69127085.0
CAN,2015,Colombian,87845,0.0012707736656598764,69127085.0
CAN,2015,"Congolese, nos",31559,0.00045652975763113595,69127085.0
CAN,2015,Costa Rican,5627,8.14045761073091e-05,69127085.0
CAN,2015,Croatian,127365,0.0018424809872221943,69127085.0
CAN,2015,Cubans,25468,0.0003684234127739142,69127085.0
CAN,2015,Cypriot,5356,7.747999392992402e-05,69127085.0
CAN,2015,Czech,102604,0.0014842778404979599,69127085.0
CAN,2015,Czech and Slovak,4167,6.0278195172884454e-05,69127085.0
CAN,2015,Czechoslovakian,41884,0.000605904851728855,69127085.0
CAN,2015,Danish,212861,0.0030792634280777105,69127085.0
CAN,2015,Dominican,20056,0.0002901287577327338,69127085.0
CAN,2015,Dutch,1127548,0.016311239188028976,69127085.0
CAN,2015,East African,3262,4.719339425830372e-05,69127085.0
CAN,2015,East Indian,1298441,0.018783384033469797,69127085.0
CAN,2015,Ecuadorian,23122,0.00033448096118937783,69127085.0
CAN,2015,Egyptian,86955,0.0012579012591841469,69127085.0
CAN,2015,English,6684580,0.09669987305510586,69127085.0
CAN,2015,Eritrean,18907,0.00027351032337161874,69127085.0
CAN,2015,Estonian,24654,0.0003566530736260708,69127085.0
CAN,2015,Ethiopian,37565,0.0005434205959403775,69127085.0
CAN,2015,Fijian,19162,0.0002772062343992766,69127085.0
CAN,2015,Filipino,761586,0.01101718658029589,69127085.0
CAN,2015,Finnish,144650,0.0020925250946302212,69127085.0
CAN,2015,Flemish,13478,0.0001949803890628859,69127085.0
CAN,2015,French,5109642,0.07391663967049131,69127085.0
CAN,2015,Frisian,5058,7.316709642449815e-05,69127085.0
CAN,2015,Georgian,3958,5.7253088265062924e-05,69127085.0
CAN,2015,German,3378393,0.048872210097790025,69127085.0
CAN,2015,Ghanaian,33070,0.00047840123688453715,69127085.0
CAN,2015,Goan,5715,8.267154851642638e-05,69127085.0
CAN,2015,Greek,270570,0.003914091134762003,69127085.0
CAN,2015,Grenadian,16733,0.00024205489153859296,69127085.0
CAN,2015,Guatemalan,23887,0.0003455539241709947,69127085.0
CAN,2015,Guinean,6030,8.723246562588998e-05,69127085.0
CAN,2015,Gujarati,7144,0.00010334871782925776,69127085.0
CAN,2015,Guyanese,82032,0.0011866909693038566,69127085.0
CAN,2015,Haitian,154736,0.0022384302293811673,69127085.0
CAN,2015,Hawaiian,3325,4.809299368963717e-05,69127085.0
CAN,2015,Hispanic,8658,0.00012525459740620593,69127085.0
CAN,2015,Hmong,854,1.2354965797947361e-05,69127085.0
CAN,2015,Honduran,9870,0.00014278130059118798,69127085.0
CAN,2015,Hungarian,342261,0.004951187905248915,69127085.0
CAN,2015,Ibo,3956,5.723464153102816e-05,69127085.0
CAN,2015,Icelandic,101063,0.0014619916188107229,69127085.0
CAN,2015,Indonesian,20203,0.000292255708799067,69127085.0
CAN,2015,Inuit,78178,0.0011309348789665537,69127085.0
CAN,2015,Iranian,189403,0.0027399198350520322,69127085.0
CAN,2015,Iraqi,60519,0.0008754691932418837,69127085.0
CAN,2015,Irish,4756892,0.06881372410008574,69127085.0
CAN,2015,Israelis,21344,0.00030877053425344995,69127085.0
CAN,2015,Italian,1588279,0.022976213789423827,69127085.0
CAN,2015,Ivoirean,7805,0.00011290714860036713,69127085.0
CAN,2015,Jamaican,288967,0.004180229907714916,69127085.0
CAN,2015,Japanese,118951,0.001720752407684868,69127085.0
CAN,2015,Jewish,252235,0.003648861831190706,69127085.0
CAN,2015,Jordanian,11814,0.0001709022426621468,69127085.0
CAN,2015,Kashmiri,2613,3.780485732917016e-05,69127085.0
CAN,2015,Kenyan,9571,0.00013844973002740746,69127085.0
CAN,2015,Khmer,1440,2.083593565488023e-05,69127085.0
CAN,2015,Kittitian/Nevisian,2597,3.756571981716807e-05,69127085.0
CAN,2015,Korean,187766,0.002716246600771767,69127085.0
CAN,2015,Kosovar,2884,4.17191905260906e-05,69127085.0
CAN,2015,Kurd,14086,0.00020376720765999376,69127085.0
CAN,2015,Kuwaiti,2322,3.359535850267395e-05,69127085.0
CAN,2015,Laotian,23993,0.000347085309902788,69127085.0
CAN,2015,Latin/Central/South American,294924,0.0042663978379761805,69127085.0
CAN,2015,Latvian,29833,0.0004315717957001919,69127085.0
CAN,2015,Lebanese,209970,0.003037452481569113,69127085.0
CAN,2015,Libyan,6659,9.633311575692053e-05,69127085.0
CAN,2015,Lithuanian,55309,0.0008001068049066059,69127085.0
CAN,2015,Luxembourg,3991,5.774115425538616e-05,69127085.0
CAN,2015,Macedonian,40999,0.0005930902929077676,69127085.0
CAN,2015,Malagas,3702,5.355352206675014e-05,69127085.0
CAN,2015,Malay,15872,0.00022961110303178746,69127085.0
CAN,2015,Malian,3443,4.981387239786615e-05,69127085.0
CAN,2015,Maltese,41608,0.00060191308536765,69127085.0
CAN,2015,Maori,2297,3.322663226127897e-05,69127085.0
CAN,2015,Martinique,1726,2.4963873190790166e-05,69127085.0
CAN,2015,Mauritian,8060,0.00011659896790524759,69127085.0
CAN,2015,Maya,5541,8.016038099883737e-05,69127085.0
CAN,2015,Mexican,113388,0.001640284133239483,69127085.0
CAN,2015,Mongol,6454,9.336713127743444e-05,69127085.0
CAN,2015,Montenegrian,3587,5.188297759805893e-05,69127085.0
CAN,2015,Moroccan,88133,0.001274941498534064,69127085.0
CAN,2015,Métis,528947,0.007651800271648568,69127085.0
CAN,2015,Nepalese,13254,0.0001917304111165876,69127085.0
CAN,2015,New Zealand,15061,0.00021787447629202167,69127085.0
CAN,2015,Newfoundlander,22968,0.00033226426780889136,69127085.0
CAN,2015,Nicaraguan,12844,0.00018580185311893116,69127085.0
CAN,2015,Nigerian,41393,0.0005987927050932543,69127085.0
CAN,2015,North American Indian,1741483,0.025192480789118114,69127085.0
CAN,2015,Norwegian,474824,0.006868860868824397,69127085.0
CAN,2015,Oromo,2532,3.662625319176932e-05,69127085.0
CAN,2015,Other,6324,9.148683292670989e-05,69127085.0
CAN,2015,Other African,278130,0.004023464917751289,69127085.0
CAN,2015,Other Arab,103271,0.0014939365864549124,69127085.0
CAN,2015,Other Asiatic,37596,0.0005438739655312583,69127085.0
CAN,2015,Other British,12164,0.00017596714179290507,69127085.0
CAN,2015,Other Caribbean,1017,1.471627294953413e-05,69127085.0
CAN,2015,Other East/Southeast Asian,11215,0.00016223793593144945,69127085.0
CAN,2015,Other European,85865,0.0012421265216218053,69127085.0
CAN,2015,Other Maghrebi,3270,4.729757393657812e-05,69127085.0
CAN,2015,Other Pacific Islander,2891,4.181575118587137e-05,69127085.0
CAN,2015,Other Scandinavian,47142,0.0006819601739842299,69127085.0
CAN,2015,Other South Asian,66236,0.0009581729424093015,69127085.0
CAN,2015,Pacific Islander,19834,0.0002869254882290178,69127085.0
CAN,2015,Pakistani,186609,0.0026995120417032522,69127085.0
CAN,2015,Palestinian,38153,0.0005519281864009044,69127085.0
CAN,2015,Panamanian,4229,6.118108676926953e-05,69127085.0
CAN,2015,Paraguayan,3936,5.6935148911845484e-05,69127085.0
CAN,2015,Pashtun,4068,5.884141456571725e-05,69127085.0
CAN,2015,Peruvian,38979,0.0005638686414548419,69127085.0
CAN,2015,Polish,1090355,0.01577320220970164,69127085.0
CAN,2015,Polynesian,1174,1.698602898091057e-05,69127085.0
CAN,2015,Portuguese,468746,0.006780924021709375,69127085.0
CAN,2015,Puerto Rican,2880,4.1655877106234085e-05,69127085.0
CAN,2015,Punjabi,96823,0.0014006486407164586,69127085.0
CAN,2015,Québécois,201742,0.002918422940697031,69127085.0
CAN,2015,Romani (Gypsy),5201,7.52343802991202e-05,69127085.0
CAN,2015,Romanian,226617,0.0032782652274376267,69127085.0
CAN,2015,Russian,602156,0.008710847912777958,69127085.0
CAN,2015,Rwandan,9537,0.0001379605234729751,69127085.0
CAN,2015,Saint Lucia,7885,0.00011406024166026442,69127085.0
CAN,2015,Salvadoran,67409,0.0009751497511136609,69127085.0
CAN,2015,Saudi Arabian,7789,0.00011268371868003598,69127085.0
CAN,2015,Scottish,4934431,0.07138201535492354,69127085.0
CAN,2015,Senegalese,8191,0.00011848769748786994,69127085.0
CAN,2015,Serbian,90248,0.0013055309993144832,69127085.0
CAN,2015,Seychellois,1183,1.711698459873245e-05,69127085.0
CAN,2015,Sicilian,6613,9.565920301830697e-05,69127085.0
CAN,2015,Sierra Leonean,2220,3.2114075320592656e-05,69127085.0
CAN,2015,Sinhalese,7526,0.00010887620048886674,69127085.0
CAN,2015,Slav (European),4933,7.136377501241434e-05,69127085.0
CAN,2015,Slovak,71549,0.0010350290232326378,69127085.0
CAN,2015,Slovenian,40005,0.0005787119956812308,69127085.0
CAN,2015,Somalie,54105,0.0007826921597452732,69127085.0
CAN,2015,South African,39466,0.0005709140762287838,69127085.0
CAN,2015,Spanish,394493,0.005706781244268787,69127085.0
CAN,2015,Sri Lankan,150378,0.002175384997347476,69127085.0
CAN,2015,Sudanese,18658,0.0002699082249188682,69127085.0
CAN,2015,Swedish,358466,0.005185614747243313,69127085.0
CAN,2015,Swiss,156040,0.0022572942612765685,69127085.0
CAN,2015,Syrian,57601,0.0008332655954731287,69127085.0
CAN,2015,Taiwanese,34103,0.0004933441226028963,69127085.0
CAN,2015,Tamil,50755,0.0007342292813651125,69127085.0
CAN,2015,Tanzanian,4494,6.501046980979703e-05,69127085.0
CAN,2015,Tatar,3785,5.475968493154515e-05,69127085.0
CAN,2015,Thai,17313,0.0002504529350050125,69127085.0
CAN,2015,Tibetan,6982,0.00010100745062445465,69127085.0
CAN,2015,Togolese,4154,6.0090394677941474e-05,69127085.0
CAN,2015,Trinidad and Tobago,75392,0.001090632068566943,69127085.0
CAN,2015,Tunisian,20119,0.0002910379390078881,69127085.0
CAN,2015,Turkish,61170,0.0008848854908669018,69127085.0
CAN,2015,Turks,6237,9.022307492440404e-05,69127085.0
CAN,2015,Ugandan,5212,7.5390390768802e-05,69127085.0
CAN,2015,Ukrainian,1345503,0.01946419975128072,69127085.0
CAN,2015,Unknown,1527,2.2088764362252643e-05,69127085.0
CAN,2015,Uruguayan,6257,9.051843710848411e-05,69127085.0
CAN,2015,Venezuelan,22301,0.00032260245087836585,69127085.0
CAN,2015,Vietnamese,237495,0.003435627958500046,69127085.0
CAN,2015,Vincentian/Grenadinian,16091,0.00023277477466427543,69127085.0
CAN,2015,Welsh,483372,0.0069925064156447,69127085.0
CAN,2015,Welsh-Gallois,504640,0.007300182595722112,69127085.0
CAN,2015,West Asian,20513,0.00029674826002505715,69127085.0
CAN,2015,West Indian,64568,0.000934045269514124,69127085.0
CAN,2015,Yemeni,5217,7.547670960212591e-05,69127085.0
CAN,2015,Yoruba,7332,0.0001060600799523868,69127085.0
CAN,2015,Yugoslav,46088,0.0006667090001951437,69127085.0
CAN,2015,Zairian,2715,3.9275738709449235e-05,69127085.0
CAN,2015,Zimbabwean,7380,0.00010675380273646024,69127085.0
CAN,2020,Aboriginal,21070366,0.2598643769112635,81082162.5
CAN,2020,Acadian,214149,0.002641133909610639,81082162.5
CAN,2020,Afgan,90546,0.0011167216583346223,81082162.5
CAN,2020,African,1234365,0.015223636497996792,81082162.5
CAN,2020,Akan,4852,5.9845357565842915e-05,81082162.5
CAN,2020,Albanian,38964,0.00048054500187350317,81082162.5
CAN,2020,Algerian,70635,0.0008711567199332618,81082162.5
CAN,2020,American,365356,0.004505991369033517,81082162.5
CAN,2020,Angolan,3226,3.978405365187405e-05,81082162.5
CAN,2020,Antiguan,4107,5.064973552044736e-05,81082162.5
CAN,2020,Arab,188979,0.0023307066103568684,81082162.5
CAN,2020,Argentinean,22122,0.00027283839894322944,81082162.5
CAN,2020,Armenian,66396,0.0008188777954099292,81082162.5
CAN,2020,Ashanti,3322,4.096565531871344e-05,81082162.5
CAN,2020,Asiatic,6564860,0.08096552647987629,81082162.5
CAN,2020,Assyrian,16815,0.00020738581476286057,81082162.5
CAN,2020,Australian,44594,0.0005499867646087494,81082162.5
CAN,2020,Austrian,198199,0.002444424760268223,81082162.5
CAN,2020,Azerbaijani,8204,0.00010117964319103658,81082162.5
CAN,2020,Bahamian,4537,5.5951500785498946e-05,81082162.5
CAN,2020,Bangladeshi,60968,0.0007519333527491298,81082162.5
CAN,2020,Barbadian,34564,0.00042628773739991274,81082162.5
CAN,2020,Basque,7364,9.082565679152369e-05,81082162.5
CAN,2020,Belgian,184439,0.0022747162291886693,81082162.5
CAN,2020,Belizian,2038,2.513648194180504e-05,81082162.5
CAN,2020,Bengali,24832,0.00030625352470977924,81082162.5
CAN,2020,Berber,39434,0.00048634819542290025,81082162.5
CAN,2020,Bermudian,3303,4.073079508311398e-05,81082162.5
CAN,2020,Black,63077,0.000777943585817888,81082162.5
CAN,2020,Bolivian,5105,6.29606537422666e-05,81082162.5
CAN,2020,Bosnian,27640,0.000340882849965077,81082162.5
CAN,2020,Brazil,54623,0.0006736695262401651,81082162.5
CAN,2020,British,10961103,0.13518513844304625,81082162.5
CAN,2020,British and Canadian,1591161,0.019624057288834915,81082162.5
CAN,2020,British and French,1798284,0.022178546318339754,81082162.5
CAN,2020,British and others,254402,0.0031375793705901395,81082162.5
CAN,2020,Bulgarian,33823,0.00041713972707453693,81082162.5
CAN,2020,Burmese,9244,0.00011400542107982954,81082162.5
CAN,2020,Burundian,12582,0.00015517538216581166,81082162.5
CAN,2020,Byelorussian,19770,0.0002438228924508649,81082162.5
CAN,2020,Cambodian,40266,0.0004966113755091759,81082162.5
CAN,2020,Cameroonian,25598,0.0003157036017676688,81082162.5
CAN,2020,Canadian,8360410,0.10311034943986921,81082162.5
CAN,2020,Carib,3812,4.7019711345076964e-05,81082162.5
CAN,2020,Caribbean,762306,0.009401651391397967,81082162.5
CAN,2020,Central/South American Indian,38736,0.00047774078751847203,81082162.5
CAN,2020,Chilean,45456,0.0005606226292081804,81082162.5
CAN,2020,Chinese,1741595,0.021479389732943728,81082162.5
CAN,2020,Colombian,98509,0.001214933338470771,81082162.5
CAN,2020,"Congolese, nos",41888,0.0005166072362769875,81082162.5
CAN,2020,Costa Rican,6028,7.434518365047527e-05,81082162.5
CAN,2020,Croatian,132407,0.0016329951358996628,81082162.5
CAN,2020,Cubans,29583,0.0003648574241844839,81082162.5
CAN,2020,Cypriot,5234,6.455597574411414e-05,81082162.5
CAN,2020,Czech,101734,0.0012547085749523334,81082162.5
CAN,2020,Czech and Slovak,4887,6.0278195172884454e-05,81082162.5
CAN,2020,Czechoslovakian,36869,0.00045471125638050846,81082162.5
CAN,2020,Danish,202181,0.002493526703006063,81082162.5
CAN,2020,Dominican,22623,0.0002790169632823076,81082162.5
CAN,2020,Dutch,1049352,0.012941838955142369,81082162.5
CAN,2020,East African,3827,4.719339425830372e-05,81082162.5
CAN,2020,East Indian,1361407,0.01679046369973894,81082162.5
CAN,2020,Ecuadorian,24830,0.0003062340449341451,81082162.5
CAN,2020,Egyptian,102280,0.0012614354213715685,81082162.5
CAN,2020,English,5814395,0.07170991565171364,81082162.5
CAN,2020,Eritrean,30881,0.0003808625409652281,81082162.5
CAN,2020,Estonian,23991,0.0002958796960310314,81082162.5
CAN,2020,Ethiopian,43305,0.000534091225159915,81082162.5
CAN,2020,Fijian,21234,0.0002618883216580257,81082162.5
CAN,2020,Filipino,882384,0.010882585338796779,81082162.5
CAN,2020,Finnish,143900,0.001774740244208053,81082162.5
CAN,2020,Flemish,10971,0.00013530590847925868,81082162.5
CAN,2020,French,4341645,0.05354623656107786,81082162.5
CAN,2020,Frisian,4273,5.2703027460842546e-05,81082162.5
CAN,2020,Georgian,5321,6.562936800919314e-05,81082162.5
CAN,2020,German,3136773,0.03868635093425153,81082162.5
CAN,2020,Ghanaian,33584,0.0004142029943279347,81082162.5
CAN,2020,Goan,7920,9.767902196004439e-05,81082162.5
CAN,2020,Greek,266778,0.003290212099293405,81082162.5
CAN,2020,Grenadian,15362,0.00018946766950998884,81082162.5
CAN,2020,Guatemalan,26378,0.0003253194867127063,81082162.5
CAN,2020,Guinean,7321,9.029289944787245e-05,81082162.5
CAN,2020,Gujarati,22923,0.0002827193365051229,81082162.5
CAN,2020,Guyanese,90887,0.0011209295298821717,81082162.5
CAN,2020,Haitian,172224,0.0021240738251136026,81082162.5
CAN,2020,Hawaiian,3171,3.911246660411817e-05,81082162.5
CAN,2020,Hispanic,27019,0.0003332328627639777,81082162.5
CAN,2020,Hmong,922,1.1374443975294188e-05,81082162.5
CAN,2020,Honduran,10788,0.0001330553808413896,81082162.5
CAN,2020,Hungarian,333974,0.00411896377761262,81082162.5
CAN,2020,Ibo,12439,0.00015341471394796378,81082162.5
CAN,2020,Icelandic,101924,0.0012570514251683826,81082162.5
CAN,2020,Indonesian,23914,0.00029493948091418513,81082162.5
CAN,2020,Inuit,80622,0.0009943199076847876,81082162.5
CAN,2020,Iranian,205412,0.00253337906733242,81082162.5
CAN,2020,Iraqi,65029,0.00080201723768281,81082162.5
CAN,2020,Irish,4519594,0.05574091467623516,81082162.5
CAN,2020,Israelis,32109,0.00039601124429005535,81082162.5
CAN,2020,Italian,1567308,0.019329869103240714,81082162.5
CAN,2020,Ivoirean,13013,0.0001604932650900171,81082162.5
CAN,2020,Jamaican,278829,0.0034388399393107177,81082162.5
CAN,2020,Japanese,125566,0.0015486303341510361,81082162.5
CAN,2020,Jewish,214144,0.002641079012818964,81082162.5
CAN,2020,Jordanian,13733,0.00016936803271745947,81082162.5
CAN,2020,Kashmiri,4669,5.758101937497823e-05,81082162.5
CAN,2020,Kenyan,12268,0.0001512989780577643,81082162.5
CAN,2020,Khmer,1689,2.083593565488023e-05,81082162.5
CAN,2020,Kittitian/Nevisian,2656,3.275932679135375e-05,81082162.5
CAN,2020,Korean,208171,0.0025674042599557433,81082162.5
CAN,2020,Kosovar,3306,4.077717054101129e-05,81082162.5
CAN,2020,Kurd,19792,0.00024410167270340984,81082162.5
CAN,2020,Kuwaiti,2307,2.8452524266976584e-05,81082162.5
CAN,2020,Laotian,25247,0.00031137773155503166,81082162.5
CAN,2020,Latin/Central/South American,789842,0.009741254586643164,81082162.5
CAN,2020,Latvian,29416,0.000362796617169913,81082162.5
CAN,2020,Lebanese,215069,0.002652479920806695,81082162.5
CAN,2020,Libyan,7847,9.677651346557732e-05,81082162.5
CAN,2020,Lithuanian,55615,0.0006859150663167874,81082162.5
CAN,2020,Luxembourg,4031,4.971370627830324e-05,81082162.5
CAN,2020,Macedonian,41255,0.0005088094697003919,81082162.5
CAN,2020,Malagas,5395,6.653665571753694e-05,81082162.5
CAN,2020,Malay,13298,0.00016400637811110223,81082162.5
CAN,2020,Malian,4489,5.536228205103591e-05,81082162.5
CAN,2020,Maltese,41295,0.0005092931323926134,81082162.5
CAN,2020,Maori,2659,3.2789287920509944e-05,81082162.5
CAN,2020,Martinique,2125,2.6210385045278466e-05,81082162.5
CAN,2020,Mauritian,11586,0.00014288982711107233,81082162.5
CAN,2020,Maya,9049,0.00011160226985162684,81082162.5
CAN,2020,Mexican,142275,0.0017547000192519682,81082162.5
CAN,2020,Mongol,8302,0.00010239082681666475,81082162.5
CAN,2020,Montenegrian,4240,5.229456426109878e-05,81082162.5
CAN,2020,Moroccan,101960,0.0012574859765424077,81082162.5
CAN,2020,Métis,579998,0.007153217399631234,81082162.5
CAN,2020,Nepalese,19607,0.0002418171297297094,81082162.5
CAN,2020,New Zealand,16599,0.0002047180892557161,81082162.5
CAN,2020,Newfoundlander,57583,0.0007101756241926673,81082162.5
CAN,2020,Nicaraguan,13781,0.00016995820729469785,81082162.5
CAN,2020,Nigerian,60865,0.0007506640264661863,81082162.5
CAN,2020,North American Indian,1773006,0.021866783748404305,81082162.5
CAN,2020,Norwegian,465065,0.005735729814519648,81082162.5
CAN,2020,Oromo,5848,7.212774842266895e-05,81082162.5
CAN,2020,Other,1436478,0.017716324131032225,81082162.5
CAN,2020,Other African,326231,0.004023464917751289,81082162.5
CAN,2020,Other Arab,121132,0.0014939365864549124,81082162.5
CAN,2020,Other Asiatic,44098,0.0005438739655312583,81082162.5
CAN,2020,Other British,14268,0.00017596714179290507,81082162.5
CAN,2020,Other Caribbean,1193,1.471627294953413e-05,81082162.5
CAN,2020,Other East/Southeast Asian,13155,0.00016223793593144945,81082162.5
CAN,2020,Other European,450743,0.0055590951592136804,81082162.5
CAN,2020,Other Maghrebi,3835,4.729757393657812e-05,81082162.5
CAN,2020,Other Pacific Islander,3391,4.181575118587137e-05,81082162.5
CAN,2020,Other Scandinavian,55295,0.0006819601739842299,81082162.5
CAN,2020,Other South Asian,77691,0.0009581729424093015,81082162.5
CAN,2020,Pacific Islander,34448,0.0004248544990816585,81082162.5
CAN,2020,Pakistani,260276,0.003210026116304806,81082162.5
CAN,2020,Palestinian,45389,0.0005597927822644591,81082162.5
CAN,2020,Panamanian,4569,5.635193807267255e-05,81082162.5
CAN,2020,Paraguayan,5141,6.340441770721108e-05,81082162.5
CAN,2020,Pashtun,7365,9.083063392396743e-05,81082162.5
CAN,2020,Peruvian,42235,0.0005208898456458673,81082162.5
CAN,2020,Polish,1043929,0.012874956148090339,81082162.5
CAN,2020,Polynesian,1910,2.3553635479810344e-05,81082162.5
CAN,2020,Portuguese,465297,0.005738587704821418,81082162.5
CAN,2020,Puerto Rican,3500,4.316840665152893e-05,81082162.5
CAN,2020,Punjabi,200685,0.002475084225907983,81082162.5
CAN,2020,Québécois,595333,0.007342337551953508,81082162.5
CAN,2020,Romani (Gypsy),5609,6.917540885530729e-05,81082162.5
CAN,2020,Romanian,226842,0.0027976782857118713,81082162.5
CAN,2020,Russian,584817,0.007212650568544201,81082162.5
CAN,2020,Rwandan,11855,0.00014621252741866452,81082162.5
CAN,2020,Saint Lucia,8122,0.00010017477576924807,81082162.5
CAN,2020,Salvadoran,62708,0.0007733880945885695,81082162.5
CAN,2020,Saudi Arabian,5351,6.599513078734734e-05,81082162.5
CAN,2020,Scottish,4593436,0.05665161964582689,81082162.5
CAN,2020,Senegalese,10066,0.0001241488391502606,81082162.5
CAN,2020,Serbian,94947,0.0011709980063301863,81082162.5
CAN,2020,Seychellois,1362,1.679504833042183e-05,81082162.5
CAN,2020,Sicilian,8416,0.0001037972686202026,81082162.5
CAN,2020,Sierra Leonean,2644,3.2605813192258286e-05,81082162.5
CAN,2020,Sinhalese,9729,0.00011998363510729384,81082162.5
CAN,2020,Slav (European),17778,0.00021925389236203042,81082162.5
CAN,2020,Slovak,70236,0.0008662323029774554,81082162.5
CAN,2020,Slovenian,39528,0.00048751023481332533,81082162.5
CAN,2020,Somalie,64100,0.0007905553003435122,81082162.5
CAN,2020,South African,45698,0.0005635999694390212,81082162.5
CAN,2020,Spanish,368881,0.004549473295447571,81082162.5
CAN,2020,Sri Lankan,142365,0.0017558116281447679,81082162.5
CAN,2020,Sudanese,18709,0.00023073876992793654,81082162.5
CAN,2020,Swedish,342047,0.004218518928930394,81082162.5
CAN,2020,Swiss,150308,0.0018537700895305451,81082162.5
CAN,2020,Syrian,87865,0.001083659292717739,81082162.5
CAN,2020,Taiwanese,50527,0.0006231630204673316,81082162.5
CAN,2020,Tamil,75923,0.0009363730771974613,81082162.5
CAN,2020,Tanzanian,6458,7.964474056038889e-05,81082162.5
CAN,2020,Tatar,5132,6.329399995031273e-05,81082162.5
CAN,2020,Thai,20676,0.00025499926030369673,81082162.5
CAN,2020,Tibetan,8712,0.00010744621214903936,81082162.5
CAN,2020,Togolese,5477,6.755188907506059e-05,81082162.5
CAN,2020,Trinidad and Tobago,78196,0.000964405617318037,81082162.5
CAN,2020,Tunisian,28107,0.0003466501660768654,81082162.5
CAN,2020,Turkish,70487,0.0008693287627177194,81082162.5
CAN,2020,Turks,1027,1.2661519183594936e-05,81082162.5
CAN,2020,Ugandan,7020,8.65830449009412e-05,81082162.5
CAN,2020,Ukrainian,1308660,0.01613992693523995,81082162.5
CAN,2020,Unknown,1791,2.2088764362252643e-05,81082162.5
CAN,2020,Uruguayan,7238,8.926205926958937e-05,81082162.5
CAN,2020,Venezuelan,27397,0.00033789338044774397,81082162.5
CAN,2020,Vietnamese,258468,0.0031877271052966017,81082162.5
CAN,2020,Vincentian/Grenadinian,21610,0.00026652586661470354,81082162.5
CAN,2020,Welsh,465241,0.005737892815043453,81082162.5
CAN,2020,Welsh-Gallois,591915,0.007300182595722112,81082162.5
CAN,2020,West Asian,24061,0.00029674826002505715,81082162.5
CAN,2020,West Indian,61032,0.0007527149279665901,81082162.5
CAN,2020,Yemeni,7396,9.121027308913073e-05,81082162.5
CAN,2020,Yoruba,26132,0.00032228562009009327,81082162.5
CAN,2020,Yugoslav,34463,0.0004250343312740826,81082162.5
CAN,2020,Zairian,3185,3.9275738709449235e-05,81082162.5
CAN,2020,Zimbabwean,8640,0.0001065572175379806,81082162.5
CAN,2024,Aboriginal,0,0.0,81324498.18095398
CAN,2024,Acadian,239132,0.002940463158160521,81324498.18095398
CAN,2024,Afgan,106171,0.0013055286260787587,81324498.18095398
CAN,2024,African,1484955,0.018259629182224752,81324498.18095398
CAN,2024,Akan,5926,7.287052930678829e-05,81324498.18095398
CAN,2024,Albanian,46290,0.0005692020988969733,81324498.18095398
CAN,2024,Algerian,84591,0.0010401691129102598,81324498.18095398
CAN,2024,American,379954,0.004672074152624272,81324498.18095398
CAN,2024,Angolan,3491,4.292081949890905e-05,81324498.18095398
CAN,2024,Antiguan,15402,0.0001893849624385452,81324498.18095398
CAN,2024,Arab,260038,0.0031975369615270385,81324498.18095398
CAN,2024,Argentinean,24465,0.00030083555721608225,81324498.18095398
CAN,2024,Armenian,66444,0.0008170260650581628,81324498.18095398
CAN,2024,Ashanti,3293,4.0486083348336586e-05,81324498.18095398
CAN,2024,Asiatic,7366512,0.09058170626863715,81324498.18095398
CAN,2024,Assyrian,18117,0.00022277680227290465,81324498.18095398
CAN,2024,Australian,47307,0.0005817085811507168,81324498.18095398
CAN,2024,Austrian,191778,0.00235818509658438,81324498.18095398
CAN,2024,Azerbaijani,9844,0.00012104159066177788,81324498.18095398
CAN,2024,Bahamian,10236,0.0001258671974375874,81324498.18095398
CAN,2024,Bangladeshi,71540,0.0008796846025319251,81324498.18095398
CAN,2024,Barbadian,135015,0.0016601952990157487,81324498.18095398
CAN,2024,Basque,8033,9.877868796287992e-05,81324498.18095398
CAN,2024,Belgian,180630,0.002221096243347266,81324498.18095398
CAN,2024,Belizian,2198,2.7025251503659207e-05,81324498.18095398
CAN,2024,Bengali,29330,0.0003606576403081411,81324498.18095398
CAN,2024,Berber,47726,0.0005868571984407692,81324498.18095398
CAN,2024,Bermudian,11725,0.00014418069357971178,81324498.18095398
CAN,2024,Black,50893,0.0006258064785668748,81324498.18095398
CAN,2024,Bolivian,5595,6.88011688948953e-05,81324498.18095398
CAN,2024,Bosnian,30497,0.00037500817825258806,81324498.18095398
CAN,2024,Brazil,62985,0.0007744857973431013,81324498.18095398
CAN,2024,British,14709100,0.18086923529960972,81324498.18095398
CAN,2024,British and Canadian,0,0.0,81324498.18095398
CAN,2024,British and French,1396239,0.01716873195758837,81324498.18095398
CAN,2024,British and others,175847,0.0021622865731599134,81324498.18095398
CAN,2024,Bulgarian,37835,0.00046523224272909544,81324498.18095398
CAN,2024,Burmese,10893,0.00013394156427698023,81324498.18095398
CAN,2024,Burundian,15068,0.00018528840984347972,81324498.18095398
CAN,2024,Byelorussian,23033,0.00028322246371835426,81324498.18095398
CAN,2024,Cambodian,41602,0.0005115577813965854,81324498.18095398
CAN,2024,Cameroonian,30028,0.0003692363534231578,81324498.18095398
CAN,2024,Canadian,6607063,0.08124320428275296,81324498.18095398
CAN,2024,Carib,4487,5.517231850757331e-05,81324498.18095398
CAN,2024,Caribbean,1057135,0.012998978552444302,81324498.18095398
CAN,2024,Central/South American Indian,42471,0.0005222418978527439,81324498.18095398
CAN,2024,Chilean,40950,0.0005035433160980268,81324498.18095398
CAN,2024,Chinese,1759278,0.021632815370073093,81324498.18095398
CAN,2024,Colombian,121725,0.0014967865083853136,81324498.18095398
CAN,2024,"Congolese, nos",49944,0.0006141296517092847,81324498.18095398
CAN,2024,Costa Rican,7412,9.113713428027937e-05,81324498.18095398
CAN,2024,Croatian,126602,0.0015567493697624842,81324498.18095398
CAN,2024,Cubans,81563,0.0010029277086411542,81324498.18095398
CAN,2024,Cypriot,5615,6.904117667661719e-05,81324498.18095398
CAN,2024,Czech,95764,0.0011775515000407495,81324498.18095398
CAN,2024,Czech and Slovak,4596,5.651335174627495e-05,81324498.18095398
CAN,2024,Czechoslovakian,30170,0.0003709789103811881,81324498.18095398
CAN,2024,Danish,185660,0.002282954824431193,81324498.18095398
CAN,2024,Dominican,0,0.0,81324498.18095398
CAN,2024,Dutch,928529,0.011417582498433063,81324498.18095398
CAN,2024,East African,6980,8.583092953605754e-05,81324498.18095398
CAN,2024,East Indian,1468866,0.01806178537260416,81324498.18095398
CAN,2024,Ecuadorian,28165,0.0003463225094318119,81324498.18095398
CAN,2024,Egyptian,109683,0.0013487089051200463,81324498.18095398
CAN,2024,English,4481265,0.055103509748824324,81324498.18095398
CAN,2024,Eritrean,33258,0.0004089598259113402,81324498.18095398
CAN,2024,Estonian,20053,0.0002465794729643457,81324498.18095398
CAN,2024,Ethiopian,46295,0.0005692575251091158,81324498.18095398
CAN,2024,Fijian,22868,0.00028119542441452255,81324498.18095398
CAN,2024,Filipino,991437,0.012191125695418914,81324498.18095398
CAN,2024,Finnish,133729,0.001644386837391915,81324498.18095398
CAN,2024,Flemish,9586,0.00011787869438445415,81324498.18095398
CAN,2024,French,3194824,0.03928488871732805,81324498.18095398
CAN,2024,Frisian,4651,5.7191094168623794e-05,81324498.18095398
CAN,2024,Georgian,6267,7.706031711404642e-05,81324498.18095398
CAN,2024,German,2774865,0.03412089737844743,81324498.18095398
CAN,2024,Ghanaian,35684,0.00043878374213668163,81324498.18095398
CAN,2024,Goan,7754,9.534551973664383e-05,81324498.18095398
CAN,2024,Greek,246181,0.003027145518184359,81324498.18095398
CAN,2024,Grenadian,56849,0.000699036303698934,81324498.18095398
CAN,2024,Guatemalan,29312,0.00036043105333107266,81324498.18095398
CAN,2024,Guinean,8694,0.00010690672659190738,81324498.18095398
CAN,2024,Gujarati,26222,0.0003224366069265542,81324498.18095398
CAN,2024,Guyanese,96197,0.0011828825885197986,81324498.18095398
CAN,2024,Haitian,178625,0.0021964468147543706,81324498.18095398
CAN,2024,Hawaiian,3161,3.8866961158397207e-05,81324498.18095398
CAN,2024,Hispanic,28812,0.0003542901157983256,81324498.18095398
CAN,2024,Hmong,921,1.1320789210214158e-05,81324498.18095398
CAN,2024,Honduran,12900,0.000158621252988879,81324498.18095398
CAN,2024,Hungarian,308866,0.0037979402143627702,81324498.18095398
CAN,2024,Ibo,15545,0.00019114838259088126,81324498.18095398
CAN,2024,Icelandic,97343,0.0011969753564592422,81324498.18095398
CAN,2024,Indonesian,26130,0.0003213111608932734,81324498.18095398
CAN,2024,Inuit,79493,0.0009774762974243008,81324498.18095398
CAN,2024,Iranian,226773,0.0027884919185418803,81324498.18095398
CAN,2024,Iraqi,75540,0.0009288692761847792,81324498.18095398
CAN,2024,Irish,4101610,0.05043510545537809,81324498.18095398
CAN,2024,Israelis,35753,0.00043963612293947206,81324498.18095398
CAN,2024,Italian,1441906,0.017730276616066964,81324498.18095398
CAN,2024,Ivoirean,15579,0.00019156225084283188,81324498.18095398
CAN,2024,Jamaican,262170,0.003223757704205286,81324498.18095398
CAN,2024,Japanese,123387,0.0015172153104061508,81324498.18095398
CAN,2024,Jewish,146352,0.0017996005677621107,81324498.18095398
CAN,2024,Jordanian,15434,0.00018978779793853436,81324498.18095398
CAN,2024,Kashmiri,5804,7.136975633765982e-05,81324498.18095398
CAN,2024,Kenyan,14366,0.00017665076620105736,81324498.18095398
CAN,2024,Khmer,1589,1.9534568963947492e-05,81324498.18095398
CAN,2024,Kittitian/Nevisian,2509,3.085465449387957e-05,81324498.18095398
CAN,2024,Korean,231358,0.002844869016569346,81324498.18095398
CAN,2024,Kosovar,3767,4.632467136100794e-05,81324498.18095398
CAN,2024,Kurd,22195,0.00027291613534231705,81324498.18095398
CAN,2024,Kuwaiti,2647,3.255314752704904e-05,81324498.18095398
CAN,2024,Laotian,24041,0.0002956196152001056,81324498.18095398
CAN,2024,Latin/Central/South American,799388,0.00982960910180033,81324498.18095398
CAN,2024,Latvian,26233,0.0003225708062555207,81324498.18095398
CAN,2024,Lebanese,210938,0.002593784020250285,81324498.18095398
CAN,2024,Libyan,9417,0.0001157921416003127,81324498.18095398
CAN,2024,Lithuanian,53409,0.0006567403336762055,81324498.18095398
CAN,2024,Luxembourg,4031,4.956686717612311e-05,81324498.18095398
CAN,2024,Macedonian,37579,0.00046208256699797987,81324498.18095398
CAN,2024,Malagas,6483,7.971625081226541e-05,81324498.18095398
CAN,2024,Malay,13723,0.00016873964436219554,81324498.18095398
CAN,2024,Malian,5133,6.312239140760532e-05,81324498.18095398
CAN,2024,Maltese,38728,0.00047621995119798393,81324498.18095398
CAN,2024,Maori,2749,3.3808323146875e-05,81324498.18095398
CAN,2024,Martinique,2398,2.948523615529338e-05,81324498.18095398
CAN,2024,Mauritian,13123,0.0001613710768701434,81324498.18095398
CAN,2024,Maya,10249,0.00012602770647730628,81324498.18095398
CAN,2024,Mexican,165739,0.0020379970021608845,81324498.18095398
CAN,2024,Mongol,9707,0.0001193588014621578,81324498.18095398
CAN,2024,Montenegrian,4858,5.973043829022483e-05,81324498.18095398
CAN,2024,Moroccan,119490,0.0014693025680118984,81324498.18095398
CAN,2024,Métis,610431,0.007506112314083196,81324498.18095398
CAN,2024,Nepalese,24090,0.00029621536322613565,81324498.18095398
CAN,2024,New Zealand,18373,0.00022592425355214983,81324498.18095398
CAN,2024,Newfoundlander,70254,0.0008638666443889357,81324498.18095398
CAN,2024,Nicaraguan,15183,0.00018669139616812397,81324498.18095398
CAN,2024,Nigerian,70316,0.0008646350809716192,81324498.18095398
CAN,2024,North American Indian,1728861,0.021258799527093294,81324498.18095398
CAN,2024,Norwegian,439982,0.005410208214674286,81324498.18095398
CAN,2024,Oromo,6964,8.562768347587717e-05,81324498.18095398
CAN,2024,Other,3052461,0.03753433373765777,81324498.18095398
CAN,2024,Other African,455934,0.005606350984753243,81324498.18095398
CAN,2024,Other Arab,258803,0.0031823463486949843,81324498.18095398
CAN,2024,Other Asiatic,75425,0.0009274527017312791,81324498.18095398
CAN,2024,Other British,13417,0.00016497662133723795,81324498.18095398
CAN,2024,Other Caribbean,0,0.0,81324498.18095398
CAN,2024,Other East/Southeast Asian,19120,0.00023511349963664844,81324498.18095398
CAN,2024,Other European,551569,0.006782321753170613,81324498.18095398
CAN,2024,Other Maghrebi,11944,0.00014686932095746044,81324498.18095398
CAN,2024,Other Pacific Islander,6528,8.026524571745768e-05,81324498.18095398
CAN,2024,Other Scandinavian,49700,0.0006111329106011826,81324498.18095398
CAN,2024,Other South Asian,91167,0.0011210266854141202,81324498.18095398
CAN,2024,Pacific Islander,40504,0.0004980558939924554,81324498.18095398
CAN,2024,Pakistani,299605,0.003684065571003089,81324498.18095398
CAN,2024,Palestinian,50387,0.0006195783157197652,81324498.18095398
CAN,2024,Panamanian,4924,6.0546791036182005e-05,81324498.18095398
CAN,2024,Paraguayan,6152,7.56472972233975e-05,81324498.18095398
CAN,2024,Pashtun,9022,0.00011093857311798973,81324498.18095398
CAN,2024,Peruvian,46739,0.0005747203493929924,81324498.18095398
CAN,2024,Polish,970786,0.011937191701885199,81324498.18095398
CAN,2024,Polynesian,421,5.181884961497456e-06,81324498.18095398
CAN,2024,Portuguese,434246,0.005339669934438836,81324498.18095398
CAN,2024,Puerto Rican,3891,4.784383911315649e-05,81324498.18095398
CAN,2024,Punjabi,215310,0.0026475429445551968,81324498.18095398
CAN,2024,Québécois,686112,0.0084367194191396,81324498.18095398
CAN,2024,Romani (Gypsy),6830,8.397845294814713e-05,81324498.18095398
CAN,2024,Romanian,238780,0.002936144232643111,81324498.18095398
CAN,2024,Russian,624581,0.007680106619457711,81324498.18095398
CAN,2024,Rwandan,14045,0.00017270273953819273,81324498.18095398
CAN,2024,Saint Lucia,9198,0.00011310386801943651,81324498.18095398
CAN,2024,Salvadoran,72239,0.0008882783980287231,81324498.18095398
CAN,2024,Saudi Arabian,6943,8.537192297828247e-05,81324498.18095398
CAN,2024,Scottish,3969994,0.048816705893174384,81324498.18095398
CAN,2024,Senegalese,11749,0.00014446472237114675,81324498.18095398
CAN,2024,Serbian,100418,0.0012347769532469722,81324498.18095398
CAN,2024,Seychellois,1237,1.520598130410009e-05,81324498.18095398
CAN,2024,Sicilian,9785,0.00012031789065743255,81324498.18095398
CAN,2024,Sierra Leonean,3065,3.7685199748760334e-05,81324498.18095398
CAN,2024,Sinhalese,11043,0.00013578738846925536,81324498.18095398
CAN,2024,Slav (European),18111,0.00022270160681290438,81324498.18095398
CAN,2024,Slovak,68929,0.0008475785734499302,81324498.18095398
CAN,2024,Slovenian,38509,0.00047352737870809544,81324498.18095398
CAN,2024,Somalie,63975,0.0007866694264448719,81324498.18095398
CAN,2024,South African,51340,0.0006312991186206622,81324498.18095398
CAN,2024,Spanish,387220,0.004761414593450975,81324498.18095398
CAN,2024,Sri Lankan,164912,0.002027832394406369,81324498.18095398
CAN,2024,Sudanese,22731,0.0002795038842810484,81324498.18095398
CAN,2024,Swedish,313169,0.0038508553737307766,81324498.18095398
CAN,2024,Swiss,145655,0.0017910291278153115,81324498.18095398
CAN,2024,Syrian,93836,0.0011538524780279984,81324498.18095398
CAN,2024,Taiwanese,58509,0.0007194455254150756,81324498.18095398
CAN,2024,Tamil,80818,0.000993774446140602,81324498.18095398
CAN,2024,Tanzanian,7559,9.295186410077682e-05,81324498.18095398
CAN,2024,Tatar,5971,7.34279455759051e-05,81324498.18095398
CAN,2024,Thai,23542,0.0002894845163464513,81324498.18095398
CAN,2024,Tibetan,10477,0.0001288353063107378,81324498.18095398
CAN,2024,Togolese,6455,7.93731592595535e-05,81324498.18095398
CAN,2024,Trinidad and Tobago,78410,0.0009641601135520811,81324498.18095398
CAN,2024,Tunisian,31848,0.0003916148550194986,81324498.18095398
CAN,2024,Turkish,79429,0.0009766897505300018,81324498.18095398
CAN,2024,Turks,0,0.0,81324498.18095398
CAN,2024,Ugandan,8094,9.952362840548511e-05,81324498.18095398
CAN,2024,Ukrainian,1192515,0.014663661713890845,81324498.18095398
CAN,2024,Unknown,1684,2.070914874714275e-05,81324498.18095398
CAN,2024,Uruguayan,7623,9.373691484072605e-05,81324498.18095398
CAN,2024,Venezuelan,31635,0.0003890018624845918,81324498.18095398
CAN,2024,Vietnamese,265873,0.0032692892272825893,81324498.18095398
CAN,2024,Vincentian/Grenadinian,24486,0.00030108973572165145,81324498.18095398
CAN,2024,Welsh,443881,0.005458141938459282,81324498.18095398
CAN,2024,Welsh-Gallois,556604,0.006844229255053463,81324498.18095398
CAN,2024,West Asian,38630,0.00047500505487091166,81324498.18095398
CAN,2024,West Indian,49838,0.0006128229819318825,81324498.18095398
CAN,2024,Yemeni,8537,0.0001049766581764953,81324498.18095398
CAN,2024,Yoruba,33287,0.0004093160537026133,81324498.18095398
CAN,2024,Yugoslav,14924,0.00018351618647799466,81324498.18095398
CAN,2024,Zairian,0,0.0,81324498.18095398
CAN,2024,Zimbabwean,10601,0.00013035959943082253,81324498.18095398
CHN,2000,Achang,33936,2.7310209323499768e-05,1242612226.0
CHN,2000,Bai,1858063,0.0014952878791327777,1242612226.0
CHN,2000,Blang,91882,7.394261707513572e-05,1242612226.0
CHN,2000,Bonan,16505,1.3282502501307274e-05,1242612226.0
CHN,2000,Bouyei,2971460,0.002391301113755499,1242612226.0
CHN,2000,Dai,1158989,0.0009327036832164566,1242612226.0
CHN,2000,Daur,132394,0.00010654490373572101,1242612226.0
CHN,2000,Deang,17935,1.4433303990363281e-05,1242612226.0
CHN,2000,Dong,2960293,0.0023823144003091434,1242612226.0
CHN,2000,Dongxiang,513805,0.0004134878035555398,1242612226.0
CHN,2000,Drung,7426,5.976120180230707e-06,1242612226.0
CHN,2000,Ewenki,30505,2.4549090506051402e-05,1242612226.0
CHN,2000,Foreigners,941,7.572756651760161e-07,1242612226.0
CHN,2000,Gaoshan,4461,3.5900177920831114e-06,1242612226.0
CHN,2000,Gelao,579357,0.000466241187618896,1242612226.0
CHN,2000,Han,1137386112,0.9153186233015544,1242612226.0
CHN,2000,Hani,1439673,0.0011585858966109996,1242612226.0
CHN,2000,Hezhen,4640,3.7340691672866254e-06,1242612226.0
CHN,2000,Hui,9816805,0.007900135532708014,1242612226.0
CHN,2000,Jing,22517,1.8120697293058823e-05,1242612226.0
CHN,2000,Jingpo,132143,0.00010634290990792167,1242612226.0
CHN,2000,Jino,20899,1.6818601622224824e-05,1242612226.0
CHN,2000,Kazak,1250458,0.0010063139359454524,1242612226.0
CHN,2000,Korean,1923842,0.001548223942873068,1242612226.0
CHN,2000,Kyrgyz,160823,0.00012942332019192607,1242612226.0
CHN,2000,Lahu,453705,0.00036512195076374534,1242612226.0
CHN,2000,Lhoba,2965,2.3861023881475956e-06,1242612226.0
CHN,2000,Li,1247814,0.0010041861603251278,1242612226.0
CHN,2000,Lisu,634912,0.0005109494230905789,1242612226.0
CHN,2000,Manchu,10682262,0.008596617493766716,1242612226.0
CHN,2000,Maonan,107166,8.624251215117209e-05,1242612226.0
CHN,2000,Miao,8940116,0.007194614549044361,1242612226.0
CHN,2000,Monba,8923,7.180840340452276e-06,1242612226.0
CHN,2000,Mongol,5813947,0.004678810395029865,1242612226.0
CHN,2000,Mulam,207352,0.00016686782542569317,1242612226.0
CHN,2000,Naxi,308839,0.0002485401266283694,1242612226.0
CHN,2000,Nu,28759,2.3143986030602598e-05,1242612226.0
CHN,2000,Orogen,8196,6.595782520491634e-06,1242612226.0
CHN,2000,Other,734438,0.0005910435972163049,1242612226.0
CHN,2000,Pumi,33600,2.703981121138591e-05,1242612226.0
CHN,2000,Qiang,306072,0.0002463133659848603,1242612226.0
CHN,2000,Russian,15609,1.256144086900365e-05,1242612226.0
CHN,2000,Salar,104503,8.409944616141255e-05,1242612226.0
CHN,2000,She,709592,0.0005710486225330283,1242612226.0
CHN,2000,Shui,406902,0.0003274569423075997,1242612226.0
CHN,2000,Tajik,41028,3.301754090418872e-05,1242612226.0
CHN,2000,Tatar,4890,3.935258238799913e-06,1242612226.0
CHN,2000,Tibetan,5416021,0.0043585769451458785,1242612226.0
CHN,2000,Tu,241198,0.00019410560668344816,1242612226.0
CHN,2000,Tujia,8028133,0.00646069049702075,1242612226.0
CHN,2000,Unknown,737300,0.0005933470166343636,1242612226.0
CHN,2000,Uyghur,8399393,0.006759464315780843,1242612226.0
CHN,2000,Uzbek,12370,9.95483525847749e-06,1242612226.0
CHN,2000,Va,396610,0.00031917439061154065,1242612226.0
CHN,2000,Xibe,188824,0.00015195730095770037,1242612226.0
CHN,2000,Yao,2637421,0.0021224811287185903,1242612226.0
CHN,2000,Yi,7762272,0.006246737186054373,1242612226.0
CHN,2000,Yugur,13719,1.1040451488363193e-05,1242612226.0
CHN,2000,Zhuang,16178811,0.013019999853115883,1242612226.0
CHN,2005,Achang,36692,2.8494044274268905e-05,1287711547.5
CHN,2005,Bai,1896792,0.0014729944168815614,1287711547.5
CHN,2005,Blang,105404,8.185352055380254e-05,1287711547.5
CHN,2005,Bonan,18249,1.4171952142619428e-05,1287711547.5
CHN,2005,Bouyei,2926112,0.0022723352038724765,1287711547.5
CHN,2005,Dai,1209842,0.0009395288802027418,1287711547.5
CHN,2005,Daur,132362,0.00010278885478368937,1287711547.5
CHN,2005,Deang,19223,1.4928173741482766e-05,1287711547.5
CHN,2005,Dong,2925128,0.0022715708083362136,1287711547.5
CHN,2005,Dongxiang,566461,0.000439897762710157,1287711547.5
CHN,2005,Drung,7196,5.587828804936661e-06,1287711547.5
CHN,2005,Ewenki,30721,2.3857208899505914e-05,1287711547.5
CHN,2005,Foreigners,1187,9.218506895954039e-07,1287711547.5
CHN,2005,Gaoshan,4248,3.2989732218306787e-06,1287711547.5
CHN,2005,Gelao,566247,0.0004397313038546105,1287711547.5
CHN,2005,Han,1179100124,0.9156554716445775,1287711547.5
CHN,2005,Hani,1548327,0.0012023866064650357,1287711547.5
CHN,2005,Hezhen,4991,3.875571625368173e-06,1287711547.5
CHN,2005,Hui,10200487,0.00792140655350791,1287711547.5
CHN,2005,Jing,25290,1.963911891914789e-05,1287711547.5
CHN,2005,Jingpo,139882,0.00010862868577280705,1287711547.5
CHN,2005,Jino,22009,1.7091327848213353e-05,1287711547.5
CHN,2005,Kazak,1354470,0.0010518424694262712,1287711547.5
CHN,2005,Korean,1881320,0.0014609794942733395,1287711547.5
CHN,2005,Kyrgyz,173525,0.00013475460630185866,1287711547.5
CHN,2005,Lahu,469847,0.0003648696627219667,1287711547.5
CHN,2005,Lhoba,3315,2.5743424506354218e-06,1287711547.5
CHN,2005,Li,1353330,0.00105095715158844,1287711547.5
CHN,2005,Lisu,668506,0.0005191426543672653,1287711547.5
CHN,2005,Manchu,10553208,0.00819532003393642,1287711547.5
CHN,2005,Maonan,104412,8.108313136998688e-05,1287711547.5
CHN,2005,Miao,9185820,0.007133445529108998,1287711547.5
CHN,2005,Monba,9725,7.552347644573588e-06,1287711547.5
CHN,2005,Mongol,5902193,0.00458347453215659,1287711547.5
CHN,2005,Mulam,211908,0.0001645620776422999,1287711547.5
CHN,2005,Naxi,317651,0.00024667865390619315,1287711547.5
CHN,2005,Nu,33028,2.564863392240663e-05,1287711547.5
CHN,2005,Orogen,8430,6.546289139270016e-06,1287711547.5
CHN,2005,Other,689768,0.0005356537689004806,1287711547.5
CHN,2005,Pumi,38115,2.9599081202512012e-05,1287711547.5
CHN,2005,Qiang,308141,0.00023929319087980693,1287711547.5
CHN,2005,Russian,15524,1.2055358216210972e-05,1287711547.5
CHN,2005,Salar,117242,9.104654740057158e-05,1287711547.5
CHN,2005,She,710009,0.0005513726084565335,1287711547.5
CHN,2005,Shui,409791,0.0003182316379493281,1287711547.5
CHN,2005,Tajik,45929,3.566715263062385e-05,1287711547.5
CHN,2005,Tatar,4252,3.30165185387392e-06,1287711547.5
CHN,2005,Tibetan,5841101,0.004536032083432553,1287711547.5
CHN,2005,Tu,264859,0.0002056822445981789,1287711547.5
CHN,2005,Tujia,8195370,0.0063642902793863195,1287711547.5
CHN,2005,Unknown,764060,0.0005933470166343636,1287711547.5
CHN,2005,Uyghur,9216431,0.007157217108757821,1287711547.5
CHN,2005,Uzbek,11515,8.94234627959176e-06,1287711547.5
CHN,2005,Va,413087,0.00032079123782772546,1287711547.5
CHN,2005,Xibe,189856,0.00014743702631837076,1287711547.5
CHN,2005,Yao,2717268,0.0021101527037455173,1287711547.5
CHN,2005,Yi,8231757,0.006392546989860923,1287711547.5
CHN,2005,Yugur,14054,1.0914089320184591e-05,1287711547.5
CHN,2005,Zhuang,16559817,0.012859880991340885,1287711547.5
CHN,2010,Achang,39555,2.967787922503804e-05,1332810869.0
CHN,2010,Bai,1933510,0.0014507009546303451,1332810869.0
CHN,2010,Blang,119639,8.976442403246938e-05,1332810869.0
CHN,2010,Bonan,20074,1.506140178393158e-05,1332810869.0
CHN,2010,Bouyei,2870034,0.0021533692939894535,1332810869.0
CHN,2010,Dai,1261311,0.0009463540771890269,1332810869.0
CHN,2010,Daur,131992,9.903280583165772e-05,1332810869.0
CHN,2010,Deang,20556,1.542304349260225e-05,1332810869.0
CHN,2010,Dong,2879974,0.002160827216363284,1332810869.0
CHN,2010,Dongxiang,621500,0.0004663077218647742,1332810869.0
CHN,2010,Drung,6930,5.199537429642615e-06,1332810869.0
CHN,2010,Ewenki,30875,2.3165327292960423e-05,1332810869.0
CHN,2010,Foreigners,1448,1.0864257140147917e-06,1332810869.0
CHN,2010,Gaoshan,4009,3.007928651578246e-06,1332810869.0
CHN,2010,Gelao,550746,0.0004132214200903249,1332810869.0
CHN,2010,Han,1220844520,0.9159923199876006,1332810869.0
CHN,2010,Hani,1660932,0.0012461873163190718,1332810869.0
CHN,2010,Hezhen,5354,4.0170740834497204e-06,1332810869.0
CHN,2010,Hui,10586087,0.007942677574307807,1332810869.0
CHN,2010,Jing,28199,2.1157540545236956e-05,1332810869.0
CHN,2010,Jingpo,147828,0.00011091446163769242,1332810869.0
CHN,2010,Jino,23143,1.736405407420188e-05,1332810869.0
CHN,2010,Kazak,1462588,0.00109737100290709,1332810869.0
CHN,2010,Korean,1830929,0.0013737350456736108,1332810869.0
CHN,2010,Kyrgyz,186708,0.00014008589241179125,1332810869.0
CHN,2010,Lahu,485966,0.00036461737468018805,1332810869.0
CHN,2010,Lhoba,3682,2.762582513123248e-06,1332810869.0
CHN,2010,Li,1463064,0.0010977281428517522,1332810869.0
CHN,2010,Lisu,702839,0.0005273358856439518,1332810869.0
CHN,2010,Manchu,10387958,0.007794022574106124,1332810869.0
CHN,2010,Maonan,101192,7.592375058880165e-05,1332810869.0
CHN,2010,Miao,9426007,0.007072276509173636,1332810869.0
CHN,2010,Monba,10561,7.9238549486949e-06,1332810869.0
CHN,2010,Mongol,5981840,0.004488138669283316,1332810869.0
CHN,2010,Mulam,216257,0.00016225632985890663,1332810869.0
CHN,2010,Naxi,326295,0.0002448171811840169,1332810869.0
CHN,2010,Nu,37523,2.8153281814210656e-05,1332810869.0
CHN,2010,Orogen,8659,6.496795758048399e-06,1332810869.0
CHN,2010,Other,640101,0.0004802639405846562,1332810869.0
CHN,2010,Pumi,42861,3.2158351193638115e-05,1332810869.0
CHN,2010,Qiang,309576,0.00023227301577475356,1332810869.0
CHN,2010,Russian,15393,1.1549275563418293e-05,1332810869.0
CHN,2010,Salar,130607,9.79936486397306e-05,1332810869.0
CHN,2010,She,708651,0.0005316965943800388,1332810869.0
CHN,2010,Shui,411847,0.0003090063335910566,1332810869.0
CHN,2010,Tajik,51069,3.8316764357058974e-05,1332810869.0
CHN,2010,Tatar,3556,2.6680454689479276e-06,1332810869.0
CHN,2010,Tibetan,6282187,0.004713487221719228,1332810869.0
CHN,2010,Tu,289565,0.00021725888251290963,1332810869.0
CHN,2010,Tujia,8353912,0.00626789006175189,1332810869.0
CHN,2010,Unknown,790819,0.0005933470166343636,1332810869.0
CHN,2010,Uyghur,10069346,0.007554969901734798,1332810869.0
CHN,2010,Uzbek,10569,7.929857300706031e-06,1332810869.0
CHN,2010,Va,429709,0.00032240808504391033,1332810869.0
CHN,2010,Xibe,190481,0.00014291675167904113,1332810869.0
CHN,2010,Yao,2796003,0.0020978242787724447,1332810869.0
CHN,2010,Yi,8714393,0.006538356793667474,1332810869.0
CHN,2010,Yugur,14378,1.078772715200599e-05,1332810869.0
CHN,2010,Zhuang,16926381,0.012699762129565887,1332810869.0
CHN,2015,Achang,41639,3.0364425724196214e-05,1371294796.5
CHN,2015,Bai,2011894,0.0014671488050930289,1371294796.5
CHN,2015,Blang,123481,9.004710131130112e-05,1371294796.5
CHN,2015,Bonan,22210,1.6196599867470545e-05,1371294796.5
CHN,2015,Bouyei,3216009,0.0023452354979579164,1371294796.5
CHN,2015,Dai,1295705,0.0009448769505588537,1371294796.5
CHN,2015,Daur,132245,9.64383055335052e-05,1371294796.5
CHN,2015,Deang,21447,1.563971629890951e-05,1371294796.5
CHN,2015,Dong,3181846,0.0023203220209291166,1371294796.5
CHN,2015,Dongxiang,696619,0.0005080008943027105,1371294796.5
CHN,2015,Drung,7120,5.1923741625965294e-06,1371294796.5
CHN,2015,Ewenki,32719,2.3860122303885798e-05,1371294796.5
CHN,2015,Foreigners,8816,6.428888288721458e-06,1371294796.5
CHN,2015,Gaoshan,3754,2.737845906200887e-06,1371294796.5
CHN,2015,Gelao,612837,0.0004469040938457255,1371294796.5
CHN,2015,Han,1252739633,0.9135450937142668,1371294796.5
CHN,2015,Hani,1697372,0.0012377879965314632,1371294796.5
CHN,2015,Hezhen,5367,3.914155245677837e-06,1371294796.5
CHN,2015,Hui,10979537,0.008006693345391655,1371294796.5
CHN,2015,Jing,30611,2.2322457220187988e-05,1371294796.5
CHN,2015,Jingpo,154093,0.00011237077237971318,1371294796.5
CHN,2015,Jino,24563,1.7912198963003832e-05,1371294796.5
CHN,2015,Kazak,1512342,0.0011028568665762321,1371294796.5
CHN,2015,Korean,1769900,0.0012906782383118958,1371294796.5
CHN,2015,Kyrgyz,195461,0.000142537301710157,1371294796.5
CHN,2015,Lahu,492769,0.00035934604487082095,1371294796.5
CHN,2015,Lhoba,3955,2.884009352625046e-06,1371294796.5
CHN,2015,Li,1531839,0.0011170752285123977,1371294796.5
CHN,2015,Lisu,732650,0.0005342763677509367,1371294796.5
CHN,2015,Manchu,10413336,0.007593798173730464,1371294796.5
CHN,2015,Maonan,112409,8.197303743192789e-05,1371294796.5
CHN,2015,Miao,10231987,0.007461551800549794,1371294796.5
CHN,2015,Monba,10852,7.913966120661991e-06,1371294796.5
CHN,2015,Mongol,6136528,0.004474988234507251,1371294796.5
CHN,2015,Mulam,246083,0.0001794531698683135,1371294796.5
CHN,2015,Naxi,325323,0.00023723760399964729,1371294796.5
CHN,2015,Nu,37092,2.7048534785679708e-05,1371294796.5
CHN,2015,Orogen,8913,6.499971989175119e-06,1371294796.5
CHN,2015,Other,658583,0.0004802639405846562,1371294796.5
CHN,2015,Pumi,43941,3.2043383040766834e-05,1371294796.5
CHN,2015,Qiang,311476,0.00022714009826359244,1371294796.5
CHN,2015,Russian,15766,1.1497521708562905e-05,1371294796.5
CHN,2015,Salar,147514,0.00010757303815695255,1371294796.5
CHN,2015,She,727562,0.0005305653720378591,1371294796.5
CHN,2015,Shui,453065,0.00033039176248694693,1371294796.5
CHN,2015,Tajik,51025,3.7209441941862957e-05,1371294796.5
CHN,2015,Tatar,3553,2.5909575781012394e-06,1371294796.5
CHN,2015,Tibetan,6665784,0.004860941922196876,1371294796.5
CHN,2015,Tu,286079,0.0002086196011306508,1371294796.5
CHN,2015,Tujia,8960566,0.006534383637580297,1371294796.5
CHN,2015,Unknown,813654,0.0005933470166343636,1371294796.5
CHN,2015,Uyghur,10906605,0.007953508393252673,1371294796.5
CHN,2015,Uzbek,11634,8.48407757176914e-06,1371294796.5
CHN,2015,Va,430664,0.00031405675361167085,1371294796.5
CHN,2015,Xibe,191327,0.0001395226034849365,1371294796.5
CHN,2015,Yao,3047869,0.0022226215108152097,1371294796.5
CHN,2015,Yi,9263997,0.006755657101842198,1371294796.5
CHN,2015,Yugur,14549,1.0609575712115499e-05,1371294796.5
CHN,2015,Zhuang,18224742,0.01329017093682672,1371294796.5
CHN,2020,Achang,43775,3.105097222335439e-05,1409778724.0
CHN,2020,Bai,2091543,0.0014835966555557126,1409778724.0
CHN,2020,Blang,127345,9.032977859013285e-05,1409778724.0
CHN,2020,Bonan,24434,1.733179795100951e-05,1409778724.0
CHN,2020,Bouyei,3576752,0.00253710170192638,1409778724.0
CHN,2020,Dai,1329985,0.0009433998239286806,1409778724.0
CHN,2020,Daur,132299,9.384380523535267e-05,1409778724.0
CHN,2020,Deang,22354,1.585638910521677e-05,1409778724.0
CHN,2020,Dong,3495993,0.002479816825494949,1409778724.0
CHN,2020,Dongxiang,774947,0.0005496940667406468,1409778724.0
CHN,2020,Drung,7310,5.185210895550443e-06,1409778724.0
CHN,2020,Ewenki,34617,2.4554917314811173e-05,1409778724.0
CHN,2020,Foreigners,16595,1.1771350863428124e-05,1409778724.0
CHN,2020,Gaoshan,3479,2.467763160823528e-06,1409778724.0
CHN,2020,Gelao,677521,0.000480586767601126,1409778724.0
CHN,2020,Han,1284446389,0.9110978674409332,1409778724.0
CHN,2020,Hani,1733166,0.0012293886767438546,1409778724.0
CHN,2020,Hezhen,5373,3.8112364079059543e-06,1409778724.0
CHN,2020,Hui,11377914,0.008070709116475502,1409778724.0
CHN,2020,Jing,33112,2.3487373895139022e-05,1409778724.0
CHN,2020,Jingpo,160471,0.00011382708312173394,1409778724.0
CHN,2020,Jino,26025,1.8460343851805782e-05,1409778724.0
CHN,2020,Kazak,1562518,0.0011083427302453744,1409778724.0
CHN,2020,Korean,1702479,0.0012076214309501808,1409778724.0
CHN,2020,Kyrgyz,204402,0.00014498871100852278,1409778724.0
CHN,2020,Lahu,499167,0.00035407471506145385,1409778724.0
CHN,2020,Lhoba,4237,3.0054361921268432e-06,1409778724.0
CHN,2020,Li,1602104,0.0011364223141730433,1409778724.0
CHN,2020,Lisu,762996,0.0005412168498579214,1409778724.0
CHN,2020,Manchu,10423303,0.0073935737733548034,1409778724.0
CHN,2020,Maonan,124092,8.802232427505411e-05,1409778724.0
CHN,2020,Miao,11067929,0.007850827091925952,1409778724.0
CHN,2020,Monba,11143,7.90407729262908e-06,1409778724.0
CHN,2020,Mongol,6290204,0.004461837799731186,1409778724.0
CHN,2020,Mulam,277233,0.00019665000987772037,1409778724.0
CHN,2020,Naxi,323767,0.00022965802681527772,1409778724.0
CHN,2020,Nu,36575,2.594378775714876e-05,1409778724.0
CHN,2020,Orogen,9168,6.503148220301841e-06,1409778724.0
CHN,2020,Other,677066,0.0004802639405846562,1409778724.0
CHN,2020,Pumi,45012,3.1928414887895554e-05,1409778724.0
CHN,2020,Qiang,312981,0.00022200718075243134,1409778724.0
CHN,2020,Russian,16136,1.1445767853707516e-05,1409778724.0
CHN,2020,Salar,165159,0.0001171524276741745,1409778724.0
CHN,2020,She,746385,0.0005294341496956794,1409778724.0
CHN,2020,Shui,495928,0.0003517771913828372,1409778724.0
CHN,2020,Tajik,50896,3.610211952666694e-05,1409778724.0
CHN,2020,Tatar,3544,2.5138696872545512e-06,1409778724.0
CHN,2020,Tibetan,7060731,0.005008396622674524,1409778724.0
CHN,2020,Tu,281928,0.00019998031974839195,1409778724.0
CHN,2020,Tujia,9587732,0.006800877213408705,1409778724.0
CHN,2020,Unknown,836488,0.0005933470166343636,1409778724.0
CHN,2020,Uyghur,11774538,0.008352046884770549,1409778724.0
CHN,2020,Uzbek,12742,9.038297842832248e-06,1409778724.0
CHN,2020,Va,430977,0.0003057054221794313,1409778724.0
CHN,2020,Xibe,191911,0.00013612845529083187,1409778724.0
CHN,2020,Yao,3309341,0.0023474187428579748,1409778724.0
CHN,2020,Yi,9830327,0.006972957410016922,1409778724.0
CHN,2020,Yugur,14706,1.0431424272225007e-05,1409778724.0
CHN,2020,Zhuang,19568546,0.013880579744087554,1409778724.0
CHN,2024,Achang,46186,3.1953319809622344e-05,1445417154.9333344
CHN,2024,Bai,2121602,0.0014678132589609413,1445417154.9333344
CHN,2024,Blang,138926,9.611515713978915e-05,1445417154.9333344
CHN,2024,Bonan,26094,1.8053205232594613e-05,1445417154.9333344
CHN,2024,Bouyei,3558270,0.0024617599032249237,1445417154.9333344
CHN,2024,Dai,1370202,0.0009479633095205451,1445417154.9333344
CHN,2024,Daur,131365,9.088350080639525e-05,1445417154.9333344
CHN,2024,Deang,23456,1.6227863596360268e-05,1445417154.9333344
CHN,2024,Dong,3481093,0.0024083659630920093,1445417154.9333344
CHN,2024,Dongxiang,826250,0.0005716339707662889,1445417154.9333344
CHN,2024,Drung,7080,4.898213074026869e-06,1445417154.9333344
CHN,2024,Ewenki,34813,2.4085137783010513e-05,1445417154.9333344
CHN,2024,Foreigners,17697,1.2243770869537218e-05,1445417154.9333344
CHN,2024,Gaoshan,3231,2.2355156533342366e-06,1445417154.9333344
CHN,2024,Gelao,669552,0.0004632240003892683,1445417154.9333344
CHN,2024,Han,1316561096,0.910851992505227,1445417154.9333344
CHN,2024,Hani,1821938,0.0012604929162413486,1445417154.9333344
CHN,2024,Hezhen,5647,3.906729298606696e-06,1445417154.9333344
CHN,2024,Hui,11690025,0.008087647675187866,1445417154.9333344
CHN,2024,Jing,35658,2.4669613251781154e-05,1445417154.9333344
CHN,2024,Jingpo,167030,0.00011555857137137242,1445417154.9333344
CHN,2024,Jino,27015,1.8690119838615335e-05,1445417154.9333344
CHN,2024,Kazak,1650208,0.001141682731223344,1445417154.9333344
CHN,2024,Korean,1644441,0.0011376931779738233,1445417154.9333344
CHN,2024,Kyrgyz,215378,0.00014900780397708176,1445417154.9333344
CHN,2024,Lahu,510825,0.0003534103394574538,1445417154.9333344
CHN,2024,Lhoba,4554,3.1504335004070933e-06,1445417154.9333344
CHN,2024,Li,1693432,0.0011715867064215951,1445417154.9333344
CHN,2024,Lisu,791351,0.0005474897148408206,1445417154.9333344
CHN,2024,Manchu,10238434,0.0070833763366865525,1445417154.9333344
CHN,2024,Maonan,122299,8.461143294189821e-05,1445417154.9333344
CHN,2024,Miao,11316297,0.00782908719341789,1445417154.9333344
CHN,2024,Monba,11813,8.172897956675554e-06,1445417154.9333344
CHN,2024,Mongol,6344599,0.004389459056379299,1445417154.9333344
CHN,2024,Mulam,283352,0.00019603461528922223,1445417154.9333344
CHN,2024,Naxi,329129,0.00022770520733490424,1445417154.9333344
CHN,2024,Nu,40034,2.7696852867159424e-05,1445417154.9333344
CHN,2024,Orogen,9344,6.464724449093113e-06,1445417154.9333344
CHN,2024,Other,469840,0.0003250547442690298,1445417154.9333344
CHN,2024,Pumi,48834,3.3785317303206655e-05,1445417154.9333344
CHN,2024,Qiang,312844,0.00021643850230009115,1445417154.9333344
CHN,2024,Russian,15997,1.1067183751871811e-05,1445417154.9333344
CHN,2024,Salar,177557,0.00012284112333786233,1445417154.9333344
CHN,2024,She,744019,0.0005147433093818125,1445417154.9333344
CHN,2024,Shui,500566,0.0003463122907115977,1445417154.9333344
CHN,2024,Tajik,54865,3.795760513625916e-05,1445417154.9333344
CHN,2024,Tatar,2953,2.0433460756252284e-06,1445417154.9333344
CHN,2024,Tibetan,7438836,0.005146497557785173,1445417154.9333344
CHN,2024,Tu,300385,0.00020781866715744216,1445417154.9333344
CHN,2024,Tujia,9750073,0.006745507935290634,1445417154.9333344
CHN,2024,Unknown,857324,0.0005931322895822308,1445417154.9333344
CHN,2024,Uyghur,12527667,0.008667163793412471,1445417154.9333344
CHN,2024,Uzbek,12040,8.329738392894547e-06,1445417154.9333344
CHN,2024,Va,442621,0.00030622349500798144,1445417154.9333344
CHN,2024,Xibe,191575,0.00013253932849737295,1445417154.9333344
CHN,2024,Yao,3390730,0.0023458484641421294,1445417154.9333344
CHN,2024,Yi,10250615,0.007091803896288824,1445417154.9333344
CHN,2024,Yugur,14921,1.0323144712082079e-05,1445417154.9333344
CHN,2024,Zhuang,19943179,0.013797524822410962,1445417154.9333344
COL,2000,Indigenous,1388985,0.03373381806609,41174853.0
COL,2000,"Negro, mulato, afrocolombiano",4251019,0.1032430886881369,41174853.0
COL,2000,Other,34631579,0.8410856743070825,41174853.0
COL,2000,Palenquero,7459,0.0001811542593728264,41174853.0
COL,2000,Raizal de San Andrés y Providencia,30359,0.0007373189650488856,41174853.0
COL,2000,Rom,4700,0.00011414734133962786,41174853.0
COL,2000,Unknown,860752,0.020904798372929224,41174853.0
COL,2005,Indigenous,1388985,0.03373381806609,41174853.0
COL,2005,"Negro, mulato, afrocolombiano",4251019,0.1032430886881369,41174853.0
COL,2005,Other,34631579,0.8410856743070825,41174853.0
COL,2005,Palenquero,7459,0.0001811542593728264,41174853.0
COL,2005,Raizal de San Andrés y Providencia,30359,0.0007373189650488856,41174853.0
COL,2005,Rom,4700,0.00011414734133962786,41174853.0
COL,2005,Unknown,860752,0.020904798372929224,41174853.0
COL,2010,Indigenous,1554941,0.03687195973586507,42171374.333333336
COL,2010,"Negro, mulato, afrocolombiano",3841583,0.0910945542605919,42171374.333333336
COL,2010,Other,35957450,0.8526506599619051,42171374.333333336
COL,2010,Palenquero,7206,0.00017086262382176226,42171374.333333336
COL,2010,Raizal de San Andrés y Providencia,28850,0.0006841218234493681,42171374.333333336
COL,2010,Rom,4052,9.609169877437248e-05,42171374.333333336
COL,2010,Unknown,777292,0.01843174989559231,42171374.333333336
COL,2015,Indigenous,1727152,0.04001010140564014,43167895.666666664
COL,2015,"Negro, mulato, afrocolombiano",3407934,0.0789460198330469,43167895.666666664
COL,2015,Other,37306371,0.8642156456167279,43167895.666666664
COL,2015,Palenquero,6932,0.00016057098827069815,43167895.666666664
COL,2015,Raizal de San Andrés y Providencia,27236,0.0006309246818498506,43167895.666666664
COL,2015,Rom,3369,7.803605620911712e-05,43167895.666666664
COL,2015,Unknown,688904,0.015958701418255394,43167895.666666664
COL,2020,Indigenous,1905617,0.04314824307541521,44164417.0
COL,2020,"Negro, mulato, afrocolombiano",2950072,0.0667974854055019,44164417.0
COL,2020,Other,38678341,0.8757806312715506,44164417.0
COL,2020,Palenquero,6637,0.000150279352719634,44164417.0
COL,2020,Raizal de San Andrés y Providencia,25515,0.0005777275402503332,44164417.0
COL,2020,Rom,2649,5.9980413643861756e-05,44164417.0
COL,2020,Unknown,595586,0.013485652940918478,44164417.0
COL,2024,Indigenous,2163048,0.04749336231048901,45544215.7692309
COL,2024,"Negro, mulato, afrocolombiano",2276138,0.04997643773659105,45544215.7692309
COL,2024,Other,40616044,0.8917936883320766,45544215.7692309
COL,2024,Palenquero,6195,0.00013602939580277458,45544215.7692309
COL,2024,Raizal de San Andrés y Providencia,22957,0.0005040699595740763,45544215.7692309
COL,2024,Rom,1593,3.498029316888894e-05,45544215.7692309
COL,2024,Unknown,458240,0.010061431972297596,45544215.7692309
CUB,2000,Black,1126894,0.10081588027207282,11177743.0
CUB,2000,Mulatto,2778923,0.24861217510547523,11177743.0
CUB,2000,White,7271926,0.6505719446224519,11177743.0
CUB,2005,Black,1126894,0.10081588027207282,11177743.0
CUB,2005,Mulatto,2778923,0.24861217510547523,11177743.0
CUB,2005,White,7271926,0.6505719446224519,11177743.0
CUB,2010,Black,1126894,0.10081588027207282,11177743.0
CUB,2010,Mulatto,2778923,0.24861217510547523,11177743.0
CUB,2010,White,7271926,0.6505719446224519,11177743.0
CUB,2015,Black,1126894,0.10081588027207282,11177743.0
CUB,2015,Mulatto,2778923,0.24861217510547523,11177743.0
CUB,2015,White,7271926,0.6505719446224519,11177743.0
CUB,2020,Black,1126894,0.10081588027207282,11177743.0
CUB,2020,Mulatto,2778923,0.24861217510547523,11177743.0
CUB,2020,White,7271926,0.6505719446224519,11177743.0
CUB,2024,Black,1126894,0.10081588027207282,11177743.0
CUB,2024,Mulatto,2778923,0.24861217510547523,11177743.0
CUB,2024,White,7271926,0.6505719446224519,11177743.0
ECU,2000,African,1041559,0.07191349272713728,14483499.0
ECU,2000,Indigenous,1018176,0.0702990347843432,14483499.0
ECU,2000,Mestizo,10417299,0.7192529236201832,14483499.0
ECU,2000,Montubio,1070728,0.07392743977128731,14483499.0
ECU,2000,Other,53354,0.0036837783466550453,14483499.0
ECU,2000,White,882383,0.060923330750393946,14483499.0
ECU,2005,African,1041559,0.07191349272713728,14483499.0
ECU,2005,Indigenous,1018176,0.0702990347843432,14483499.0
ECU,2005,Mestizo,10417299,0.7192529236201832,14483499.0
ECU,2005,Montubio,1070728,0.07392743977128731,14483499.0
ECU,2005,Other,53354,0.0036837783466550453,14483499.0
ECU,2005,White,882383,0.060923330750393946,14483499.0
ECU,2010,African,1041559,0.07191349272713728,14483499.0
ECU,2010,Indigenous,1018176,0.0702990347843432,14483499.0
ECU,2010,Mestizo,10417299,0.7192529236201832,14483499.0
ECU,2010,Montubio,1070728,0.07392743977128731,14483499.0
ECU,2010,Other,53354,0.0036837783466550453,14483499.0
ECU,2010,White,882383,0.060923330750393946,14483499.0
ECU,2015,African,1041559,0.07191349272713728,14483499.0
ECU,2015,Indigenous,1018176,0.0702990347843432,14483499.0
ECU,2015,Mestizo,10417299,0.7192529236201832,14483499.0
ECU,2015,Montubio,1070728,0.07392743977128731,14483499.0
ECU,2015,Other,53354,0.0036837783466550453,14483499.0
ECU,2015,White,882383,0.060923330750393946,14483499.0
ECU,2020,African,1041559,0.07191349272713728,14483499.0
ECU,2020,Indigenous,1018176,0.0702990347843432,14483499.0
ECU,2020,Mestizo,10417299,0.7192529236201832,14483499.0
ECU,2020,Montubio,1070728,0.07392743977128731,14483499.0
ECU,2020,Other,53354,0.0036837783466550453,14483499.0
ECU,2020,White,882383,0.060923330750393946,14483499.0
ECU,2024,African,1041559,0.07191349272713728,14483499.0
ECU,2024,Indigenous,1018176,0.0702990347843432,14483499.0
ECU,2024,Mestizo,10417299,0.7192529236201832,14483499.0
ECU,2024,Montubio,1070728,0.07392743977128731,14483499.0
ECU,2024,Other,53354,0.0036837783466550453,14483499.0
ECU,2024,White,882383,0.060923330750393946,14483499.0
EGY,2000,Egyptian,72613352,0.9974631319355327,72798031.0
EGY,2000,Foreigners,184679,0.002536868064467293,72798031.0
EGY,2005,Egyptian,72613352,0.9974631319355327,72798031.0
EGY,2005,Foreigners,184679,0.002536868064467293,72798031.0
EGY,2010,Egyptian,72613352,0.9974631319355327,72798031.0
EGY,2010,Foreigners,184679,0.002536868064467293,72798031.0
EGY,2015,Egyptian,72613352,0.9974631319355327,72798031.0
EGY,2015,Foreigners,184679,0.002536868064467293,72798031.0
EGY,2020,Egyptian,72613352,0.9974631319355327,72798031.0
EGY,2020,Foreigners,184679,0.002536868064467293,72798031.0
EGY,2024,Egyptian,72613352,0.9974631319355327,72798031.0
EGY,2024,Foreigners,184679,0.002536868064467293,72798031.0
ETH,2000,Affar,1276867,0.017313232055155586,73750932.0
ETH,2000,Agew/Awingi,636415,0.00862924688192415,73750932.0
ETH,2000,Agew/Kamyr,268172,0.0036361845569626156,73750932.0
ETH,2000,Alaba,232620,0.0031541296318804484,73750932.0
ETH,2000,Amhara,19878199,0.2695314955477444,73750932.0
ETH,2000,Anyiwak,89051,0.0012074559274722115,73750932.0
ETH,2000,Arborie,7283,9.875129442431996e-05,73750932.0
ETH,2000,Argoba,140820,0.0019093995991806584,73750932.0
ETH,2000,Ari,289835,0.003929916438208537,73750932.0
ETH,2000,Bacha,2630,3.566056629630118e-05,73750932.0
ETH,2000,Basketo,78265,0.0010612069282053276,73750932.0
ETH,2000,Bena,27018,0.0003663411331534088,73750932.0
ETH,2000,Bench,352194,0.004775451515649999,73750932.0
ETH,2000,Berta,208759,0.0028305947374332842,73750932.0
ETH,2000,Bodi,6984,9.469710837010169e-05,73750932.0
ETH,2000,Brayle,5002,6.782287171638725e-05,73750932.0
ETH,2000,Burji,71758,0.0009729775347110189,73750932.0
ETH,2000,Chara,13214,0.00017917061712521815,73750932.0
ETH,2000,Dasenech,48072,0.0006518154916333803,73750932.0
ETH,2000,Dawro,537954,0.007294199346524868,73750932.0
ETH,2000,Debase/Gewada,68598,0.0009301306185527256,73750932.0
ETH,2000,Derashe,30123,0.000408442296024137,73750932.0
ETH,2000,Dime,873,1.1837138546262711e-05,73750932.0
ETH,2000,Dizi,34680,0.00047023134568658736,73750932.0
ETH,2000,Djebutians,733,9.938857450642116e-06,73750932.0
ETH,2000,Donga,35193,0.00047718718998696855,73750932.0
ETH,2000,Eritrean,9736,0.00013201189104972938,73750932.0
ETH,2000,Fedashe,4050,5.491456026616721e-05,73750932.0
ETH,2000,Gamo,1104360,0.014974183648282574,73750932.0
ETH,2000,Gebato,1497,2.0298048572457364e-05,73750932.0
ETH,2000,Gedeo,975506,0.013227032846174745,73750932.0
ETH,2000,Gedicho,5491,7.445329640037634e-05,73750932.0
ETH,2000,Gidole,41107,0.0005573760071262557,73750932.0
ETH,2000,Goffa,362241,0.004911680302562143,73750932.0
ETH,2000,Guagu,0,0.0,73750932.0
ETH,2000,Gumuz,181541,0.0024615417741432745,73750932.0
ETH,2000,Guragie,1859831,0.025217728773922476,73750932.0
ETH,2000,Hadiya,1269382,0.0172117418122933,73750932.0
ETH,2000,Hamer,46534,0.0006309615178829198,73750932.0
ETH,2000,Hareri,31722,0.0004301233779662608,73750932.0
ETH,2000,Irob,33407,0.000452970546867123,73750932.0
ETH,2000,Karo,1488,2.0176016216310322e-05,73750932.0
ETH,2000,Kefficho,865131,0.01173044158953815,73750932.0
ETH,2000,Kembata,627565,0.008509248398379562,73750932.0
ETH,2000,Kenyan,727,9.85750254654409e-06,73750932.0
ETH,2000,Koma,9096,0.00012333403461260665,73750932.0
ETH,2000,Konso,250535,0.0033970418163664696,73750932.0
ETH,2000,Konta,83626,0.0011338975350169134,73750932.0
ETH,2000,Kore,156884,0.002127213795752439,73750932.0
ETH,2000,Koyego,1938,2.6277634023662235e-05,73750932.0
ETH,2000,Kunama,4864,6.595170892213267e-05,73750932.0
ETH,2000,Kusumie,9213,0.00012492045524251815,73750932.0
ETH,2000,Malie,97925,0.0013277798306331912,73750932.0
ETH,2000,Mao,46026,0.0006240734693359536,73750932.0
ETH,2000,Mareko,64272,0.0008714737326980491,73750932.0
ETH,2000,Mashola,10410,0.00014115075861007424,73750932.0
ETH,2000,Me'enite,150221,0.0020368691747515814,73750932.0
ETH,2000,Mejenger,21951,0.00029763691664262627,73750932.0
ETH,2000,Mere,14200,0.00019253993969866036,73750932.0
ETH,2000,Messengo,10871,0.0001474015270749392,73750932.0
ETH,2000,Mixed,36524,0.0004952344195460472,73750932.0
ETH,2000,Mossiya,19628,0.00026613900960600743,73750932.0
ETH,2000,Murle,1453,1.9701445942405175e-05,73750932.0
ETH,2000,Mursi,7483,0.0001014631245609208,73750932.0
ETH,2000,Nao,9796,0.00013282544009070963,73750932.0
ETH,2000,Nuwer,147759,0.002003486545770025,73750932.0
ETH,2000,Nyanegatome,25238,0.0003422058449376613,73750932.0
ETH,2000,Oida,45120,0.0006117888788171518,73750932.0
ETH,2000,Oromo,25363756,0.34391098949095317,73750932.0
ETH,2000,Other,15550,0.0002108447931207161,73750932.0
ETH,2000,Other Ethiopian national groups,142275,0.0019291281634244296,73750932.0
ETH,2000,Qebena,52736,0.0007150553704189122,73750932.0
ETH,2000,Qechem,2586,3.506396366624899e-05,73750932.0
ETH,2000,Qewama,289,3.918594547388228e-06,73750932.0
ETH,2000,She,319,4.325369067878356e-06,73750932.0
ETH,2000,Shekecho,77561,0.0010516612861244925,73750932.0
ETH,2000,Sheko,37576,0.0005094986460645677,73750932.0
ETH,2000,Shinasha,62298,0.0008447079692497988,73750932.0
ETH,2000,Sidama,2951889,0.040025107750502734,73750932.0
ETH,2000,Silte,934891,0.012676327941184526,73750932.0
ETH,2000,Somali an,20227,0.000274260940865127,73750932.0
ETH,2000,Somalie,4586876,0.0621941428482558,73750932.0
ETH,2000,Sudanese,10333,0.00014010670400748293,73750932.0
ETH,2000,Surma,27886,0.0003781104759462565,73750932.0
ETH,2000,Tembaro,98589,0.001336783106686706,73750932.0
ETH,2000,Tigray,4486513,0.060833305808257444,73750932.0
ETH,2000,Tsemay,20045,0.0002717931754408202,73750932.0
ETH,2000,Upo,1586,2.150481298324474e-05,73750932.0
ETH,2000,Welaita,1676128,0.022726872116002547,73750932.0
ETH,2000,Werji,12847,0.0001741944088245556,73750932.0
ETH,2000,Yem,159923,0.0021684200546780888,73750932.0
ETH,2000,Zelmam,2703,3.665038429616049e-05,73750932.0
ETH,2000,Zeyese,17889,0.00024255964656826303,73750932.0
ETH,2005,Affar,1276867,0.017313232055155586,73750932.0
ETH,2005,Agew/Awingi,636415,0.00862924688192415,73750932.0
ETH,2005,Agew/Kamyr,268172,0.0036361845569626156,73750932.0
ETH,2005,Alaba,232620,0.0031541296318804484,73750932.0
ETH,2005,Amhara,19878199,0.2695314955477444,73750932.0
ETH,2005,Anyiwak,89051,0.0012074559274722115,73750932.0
ETH,2005,Arborie,7283,9.875129442431996e-05,73750932.0
ETH,2005,Argoba,140820,0.0019093995991806584,73750932.0
ETH,2005,Ari,289835,0.003929916438208537,73750932.0
ETH,2005,Bacha,2630,3.566056629630118e-05,73750932.0
ETH,2005,Basketo,78265,0.0010612069282053276,73750932.0
ETH,2005,Bena,27018,0.0003663411331534088,73750932.0
ETH,2005,Bench,352194,0.004775451515649999,73750932.0
ETH,2005,Berta,208759,0.0028305947374332842,73750932.0
ETH,2005,Bodi,6984,9.469710837010169e-05,73750932.0
ETH,2005,Brayle,5002,6.782287171638725e-05,73750932.0
ETH,2005,Burji,71758,0.0009729775347110189,73750932.0
ETH,2005,Chara,13214,0.00017917061712521815,73750932.0
ETH,2005,Dasenech,48072,0.0006518154916333803,73750932.0
ETH,2005,Dawro,537954,0.007294199346524868,73750932.0
ETH,2005,Debase/Gewada,68598,0.0009301306185527256,73750932.0
ETH,2005,Derashe,30123,0.000408442296024137,73750932.0
ETH,2005,Dime,873,1.1837138546262711e-05,73750932.0
ETH,2005,Dizi,34680,0.00047023134568658736,73750932.0
ETH,2005,Djebutians,733,9.938857450642116e-06,73750932.0
ETH,2005,Donga,35193,0.00047718718998696855,73750932.0
ETH,2005,Eritrean,9736,0.00013201189104972938,73750932.0
ETH,2005,Fedashe,4050,5.491456026616721e-05,73750932.0
ETH,2005,Gamo,1104360,0.014974183648282574,73750932.0
ETH,2005,Gebato,1497,2.0298048572457364e-05,73750932.0
ETH,2005,Gedeo,975506,0.013227032846174745,73750932.0
ETH,2005,Gedicho,5491,7.445329640037634e-05,73750932.0
ETH,2005,Gidole,41107,0.0005573760071262557,73750932.0
ETH,2005,Goffa,362241,0.004911680302562143,73750932.0
ETH,2005,Guagu,0,0.0,73750932.0
ETH,2005,Gumuz,181541,0.0024615417741432745,73750932.0
ETH,2005,Guragie,1859831,0.025217728773922476,73750932.0
ETH,2005,Hadiya,1269382,0.0172117418122933,73750932.0
ETH,2005,Hamer,46534,0.0006309615178829198,73750932.0
ETH,2005,Hareri,31722,0.0004301233779662608,73750932.0
ETH,2005,Irob,33407,0.000452970546867123,73750932.0
ETH,2005,Karo,1488,2.0176016216310322e-05,73750932.0
ETH,2005,Kefficho,865131,0.01173044158953815,73750932.0
ETH,2005,Kembata,627565,0.008509248398379562,73750932.0
ETH,2005,Kenyan,727,9.85750254654409e-06,73750932.0
ETH,2005,Koma,9096,0.00012333403461260665,73750932.0
ETH,2005,Konso,250535,0.0033970418163664696,73750932.0
ETH,2005,Konta,83626,0.0011338975350169134,73750932.0
ETH,2005,Kore,156884,0.002127213795752439,73750932.0
ETH,2005,Koyego,1938,2.6277634023662235e-05,73750932.0
ETH,2005,Kunama,4864,6.595170892213267e-05,73750932.0
ETH,2005,Kusumie,9213,0.00012492045524251815,73750932.0
ETH,2005,Malie,97925,0.0013277798306331912,73750932.0
ETH,2005,Mao,46026,0.0006240734693359536,73750932.0
ETH,2005,Mareko,64272,0.0008714737326980491,73750932.0
ETH,2005,Mashola,10410,0.00014115075861007424,73750932.0
ETH,2005,Me'enite,150221,0.0020368691747515814,73750932.0
ETH,2005,Mejenger,21951,0.00029763691664262627,73750932.0
ETH,2005,Mere,14200,0.00019253993969866036,73750932.0
ETH,2005,Messengo,10871,0.0001474015270749392,73750932.0
ETH,2005,Mixed,36524,0.0004952344195460472,73750932.0
ETH,2005,Mossiya,19628,0.00026613900960600743,73750932.0
ETH,2005,Murle,1453,1.9701445942405175e-05,73750932.0
ETH,2005,Mursi,7483,0.0001014631245609208,73750932.0
ETH,2005,Nao,9796,0.00013282544009070963,73750932.0
ETH,2005,Nuwer,147759,0.002003486545770025,73750932.0
ETH,2005,Nyanegatome,25238,0.0003422058449376613,73750932.0
ETH,2005,Oida,45120,0.0006117888788171518,73750932.0
ETH,2005,Oromo,25363756,0.34391098949095317,73750932.0
ETH,2005,Other,15550,0.0002108447931207161,73750932.0
ETH,2005,Other Ethiopian national groups,142275,0.0019291281634244296,73750932.0
ETH,2005,Qebena,52736,0.0007150553704189122,73750932.0
ETH,2005,Qechem,2586,3.506396366624899e-05,73750932.0
ETH,2005,Qewama,289,3.918594547388228e-06,73750932.0
ETH,2005,She,319,4.325369067878356e-06,73750932.0
ETH,2005,Shekecho,77561,0.0010516612861244925,73750932.0
ETH,2005,Sheko,37576,0.0005094986460645677,73750932.0
ETH,2005,Shinasha,62298,0.0008447079692497988,73750932.0
ETH,2005,Sidama,2951889,0.040025107750502734,73750932.0
ETH,2005,Silte,934891,0.012676327941184526,73750932.0
ETH,2005,Somali an,20227,0.000274260940865127,73750932.0
ETH,2005,Somalie,4586876,0.0621941428482558,73750932.0
ETH,2005,Sudanese,10333,0.00014010670400748293,73750932.0
ETH,2005,Surma,27886,0.0003781104759462565,73750932.0
ETH,2005,Tembaro,98589,0.001336783106686706,73750932.0
ETH,2005,Tigray,4486513,0.060833305808257444,73750932.0
ETH,2005,Tsemay,20045,0.0002717931754408202,73750932.0
ETH,2005,Upo,1586,2.150481298324474e-05,73750932.0
ETH,2005,Welaita,1676128,0.022726872116002547,73750932.0
ETH,2005,Werji,12847,0.0001741944088245556,73750932.0
ETH,2005,Yem,159923,0.0021684200546780888,73750932.0
ETH,2005,Zelmam,2703,3.665038429616049e-05,73750932.0
ETH,2005,Zeyese,17889,0.00024255964656826303,73750932.0
ETH,2010,Affar,1276867,0.017313232055155586,73750932.0
ETH,2010,Agew/Awingi,636415,0.00862924688192415,73750932.0
ETH,2010,Agew/Kamyr,268172,0.0036361845569626156,73750932.0
ETH,2010,Alaba,232620,0.0031541296318804484,73750932.0
ETH,2010,Amhara,19878199,0.2695314955477444,73750932.0
ETH,2010,Anyiwak,89051,0.0012074559274722115,73750932.0
ETH,2010,Arborie,7283,9.875129442431996e-05,73750932.0
ETH,2010,Argoba,140820,0.0019093995991806584,73750932.0
ETH,2010,Ari,289835,0.003929916438208537,73750932.0
ETH,2010,Bacha,2630,3.566056629630118e-05,73750932.0
ETH,2010,Basketo,78265,0.0010612069282053276,73750932.0
ETH,2010,Bena,27018,0.0003663411331534088,73750932.0
ETH,2010,Bench,352194,0.004775451515649999,73750932.0
ETH,2010,Berta,208759,0.0028305947374332842,73750932.0
ETH,2010,Bodi,6984,9.469710837010169e-05,73750932.0
ETH,2010,Brayle,5002,6.782287171638725e-05,73750932.0
ETH,2010,Burji,71758,0.0009729775347110189,73750932.0
ETH,2010,Chara,13214,0.00017917061712521815,73750932.0
ETH,2010,Dasenech,48072,0.0006518154916333803,73750932.0
ETH,2010,Dawro,537954,0.007294199346524868,73750932.0
ETH,2010,Debase/Gewada,68598,0.0009301306185527256,73750932.0
ETH,2010,Derashe,30123,0.000408442296024137,73750932.0
ETH,2010,Dime,873,1.1837138546262711e-05,73750932.0
ETH,2010,Dizi,34680,0.00047023134568658736,73750932.0
ETH,2010,Djebutians,733,9.938857450642116e-06,73750932.0
ETH,2010,Donga,35193,0.00047718718998696855,73750932.0
ETH,2010,Eritrean,9736,0.00013201189104972938,73750932.0
ETH,2010,Fedashe,4050,5.491456026616721e-05,73750932.0
ETH,2010,Gamo,1104360,0.014974183648282574,73750932.0
ETH,2010,Gebato,1497,2.0298048572457364e-05,73750932.0
ETH,2010,Gedeo,975506,0.013227032846174745,73750932.0
ETH,2010,Gedicho,5491,7.445329640037634e-05,73750932.0
ETH,2010,Gidole,41107,0.0005573760071262557,73750932.0
ETH,2010,Goffa,362241,0.004911680302562143,73750932.0
ETH,2010,Guagu,0,0.0,73750932.0
ETH,2010,Gumuz,181541,0.0024615417741432745,73750932.0
ETH,2010,Guragie,1859831,0.025217728773922476,73750932.0
ETH,2010,Hadiya,1269382,0.0172117418122933,73750932.0
ETH,2010,Hamer,46534,0.0006309615178829198,73750932.0
ETH,2010,Hareri,31722,0.0004301233779662608,73750932.0
ETH,2010,Irob,33407,0.000452970546867123,73750932.0
ETH,2010,Karo,1488,2.0176016216310322e-05,73750932.0
ETH,2010,Kefficho,865131,0.01173044158953815,73750932.0
ETH,2010,Kembata,627565,0.008509248398379562,73750932.0
ETH,2010,Kenyan,727,9.85750254654409e-06,73750932.0
ETH,2010,Koma,9096,0.00012333403461260665,73750932.0
ETH,2010,Konso,250535,0.0033970418163664696,73750932.0
ETH,2010,Konta,83626,0.0011338975350169134,73750932.0
ETH,2010,Kore,156884,0.002127213795752439,73750932.0
ETH,2010,Koyego,1938,2.6277634023662235e-05,73750932.0
ETH,2010,Kunama,4864,6.595170892213267e-05,73750932.0
ETH,2010,Kusumie,9213,0.00012492045524251815,73750932.0
ETH,2010,Malie,97925,0.0013277798306331912,73750932.0
ETH,2010,Mao,46026,0.0006240734693359536,73750932.0
ETH,2010,Mareko,64272,0.0008714737326980491,73750932.0
ETH,2010,Mashola,10410,0.00014115075861007424,73750932.0
ETH,2010,Me'enite,150221,0.0020368691747515814,73750932.0
ETH,2010,Mejenger,21951,0.00029763691664262627,73750932.0
ETH,2010,Mere,14200,0.00019253993969866036,73750932.0
ETH,2010,Messengo,10871,0.0001474015270749392,73750932.0
ETH,2010,Mixed,36524,0.0004952344195460472,73750932.0
ETH,2010,Mossiya,19628,0.00026613900960600743,73750932.0
ETH,2010,Murle,1453,1.9701445942405175e-05,73750932.0
ETH,2010,Mursi,7483,0.0001014631245609208,73750932.0
ETH,2010,Nao,9796,0.00013282544009070963,73750932.0
ETH,2010,Nuwer,147759,0.002003486545770025,73750932.0
ETH,2010,Nyanegatome,25238,0.0003422058449376613,73750932.0
ETH,2010,Oida,45120,0.0006117888788171518,73750932.0
ETH,2010,Oromo,25363756,0.34391098949095317,73750932.0
ETH,2010,Other,15550,0.0002108447931207161,73750932.0
ETH,2010,Other Ethiopian national groups,142275,0.0019291281634244296,73750932.0
ETH,2010,Qebena,52736,0.0007150553704189122,73750932.0
ETH,2010,Qechem,2586,3.506396366624899e-05,73750932.0
ETH,2010,Qewama,289,3.918594547388228e-06,73750932.0
ETH,2010,She,319,4.325369067878356e-06,73750932.0
ETH,2010,Shekecho,77561,0.0010516612861244925,73750932.0
ETH,2010,Sheko,37576,0.0005094986460645677,73750932.0
ETH,2010,Shinasha,62298,0.0008447079692497988,73750932.0
ETH,2010,Sidama,2951889,0.040025107750502734,73750932.0
ETH,2010,Silte,934891,0.012676327941184526,73750932.0
ETH,2010,Somali an,20227,0.000274260940865127,73750932.0
ETH,2010,Somalie,4586876,0.0621941428482558,73750932.0
ETH,2010,Sudanese,10333,0.00014010670400748293,73750932.0
ETH,2010,Surma,27886,0.0003781104759462565,73750932.0
ETH,2010,Tembaro,98589,0.001336783106686706,73750932.0
ETH,2010,Tigray,4486513,0.060833305808257444,73750932.0
ETH,2010,Tsemay,20045,0.0002717931754408202,73750932.0
ETH,2010,Upo,1586,2.150481298324474e-05,73750932.0
ETH,2010,Welaita,1676128,0.022726872116002547,73750932.0
ETH,2010,Werji,12847,0.0001741944088245556,73750932.0
ETH,2010,Yem,159923,0.0021684200546780888,73750932.0
ETH,2010,Zelmam,2703,3.665038429616049e-05,73750932.0
ETH,2010,Zeyese,17889,0.00024255964656826303,73750932.0
ETH,2015,Affar,1276867,0.017313232055155586,73750932.0
ETH,2015,Agew/Awingi,636415,0.00862924688192415,73750932.0
ETH,2015,Agew/Kamyr,268172,0.0036361845569626156,73750932.0
ETH,2015,Alaba,232620,0.0031541296318804484,73750932.0
ETH,2015,Amhara,19878199,0.2695314955477444,73750932.0
ETH,2015,Anyiwak,89051,0.0012074559274722115,73750932.0
ETH,2015,Arborie,7283,9.875129442431996e-05,73750932.0
ETH,2015,Argoba,140820,0.0019093995991806584,73750932.0
ETH,2015,Ari,289835,0.003929916438208537,73750932.0
ETH,2015,Bacha,2630,3.566056629630118e-05,73750932.0
ETH,2015,Basketo,78265,0.0010612069282053276,73750932.0
ETH,2015,Bena,27018,0.0003663411331534088,73750932.0
ETH,2015,Bench,352194,0.004775451515649999,73750932.0
ETH,2015,Berta,208759,0.0028305947374332842,73750932.0
ETH,2015,Bodi,6984,9.469710837010169e-05,73750932.0
ETH,2015,Brayle,5002,6.782287171638725e-05,73750932.0
ETH,2015,Burji,71758,0.0009729775347110189,73750932.0
ETH,2015,Chara,13214,0.00017917061712521815,73750932.0
ETH,2015,Dasenech,48072,0.0006518154916333803,73750932.0
ETH,2015,Dawro,537954,0.007294199346524868,73750932.0
ETH,2015,Debase/Gewada,68598,0.0009301306185527256,73750932.0
ETH,2015,Derashe,30123,0.000408442296024137,73750932.0
ETH,2015,Dime,873,1.1837138546262711e-05,73750932.0
ETH,2015,Dizi,34680,0.00047023134568658736,73750932.0
ETH,2015,Djebutians,733,9.938857450642116e-06,73750932.0
ETH,2015,Donga,35193,0.00047718718998696855,73750932.0
ETH,2015,Eritrean,9736,0.00013201189104972938,73750932.0
ETH,2015,Fedashe,4050,5.491456026616721e-05,73750932.0
ETH,2015,Gamo,1104360,0.014974183648282574,73750932.0
ETH,2015,Gebato,1497,2.0298048572457364e-05,73750932.0
ETH,2015,Gedeo,975506,0.013227032846174745,73750932.0
ETH,2015,Gedicho,5491,7.445329640037634e-05,73750932.0
ETH,2015,Gidole,41107,0.0005573760071262557,73750932.0
ETH,2015,Goffa,362241,0.004911680302562143,73750932.0
ETH,2015,Guagu,0,0.0,73750932.0
ETH,2015,Gumuz,181541,0.0024615417741432745,73750932.0
ETH,2015,Guragie,1859831,0.025217728773922476,73750932.0
ETH,2015,Hadiya,1269382,0.0172117418122933,73750932.0
ETH,2015,Hamer,46534,0.0006309615178829198,73750932.0
ETH,2015,Hareri,31722,0.0004301233779662608,73750932.0
ETH,2015,Irob,33407,0.000452970546867123,73750932.0
ETH,2015,Karo,1488,2.0176016216310322e-05,73750932.0
ETH,2015,Kefficho,865131,0.01173044158953815,73750932.0
ETH,2015,Kembata,627565,0.008509248398379562,73750932.0
ETH,2015,Kenyan,727,9.85750254654409e-06,73750932.0
ETH,2015,Koma,9096,0.00012333403461260665,73750932.0
ETH,2015,Konso,250535,0.0033970418163664696,73750932.0
ETH,2015,Konta,83626,0.0011338975350169134,73750932.0
ETH,2015,Kore,156884,0.002127213795752439,73750932.0
ETH,2015,Koyego,1938,2.6277634023662235e-05,73750932.0
ETH,2015,Kunama,4864,6.595170892213267e-05,73750932.0
ETH,2015,Kusumie,9213,0.00012492045524251815,73750932.0
ETH,2015,Malie,97925,0.0013277798306331912,73750932.0
ETH,2015,Mao,46026,0.0006240734693359536,73750932.0
ETH,2015,Mareko,64272,0.0008714737326980491,73750932.0
ETH,2015,Mashola,10410,0.00014115075861007424,73750932.0
ETH,2015,Me'enite,150221,0.0020368691747515814,73750932.0
ETH,2015,Mejenger,21951,0.00029763691664262627,73750932.0
ETH,2015,Mere,14200,0.00019253993969866036,73750932.0
ETH,2015,Messengo,10871,0.0001474015270749392,73750932.0
ETH,2015,Mixed,36524,0.0004952344195460472,73750932.0
ETH,2015,Mossiya,19628,0.00026613900960600743,73750932.0
ETH,2015,Murle,1453,1.9701445942405175e-05,73750932.0
ETH,2015,Mursi,7483,0.0001014631245609208,73750932.0
ETH,2015,Nao,9796,0.00013282544009070963,73750932.0
ETH,2015,Nuwer,147759,0.002003486545770025,73750932.0
ETH,2015,Nyanegatome,25238,0.0003422058449376613,73750932.0
ETH,2015,Oida,45120,0.0006117888788171518,73750932.0
ETH,2015,Oromo,25363756,0.34391098949095317,73750932.0
ETH,2015,Other,15550,0.0002108447931207161,73750932.0
ETH,2015,Other Ethiopian national groups,142275,0.0019291281634244296,73750932.0
ETH,2015,Qebena,52736,0.0007150553704189122,73750932.0
ETH,2015,Qechem,2586,3.506396366624899e-05,73750932.0
ETH,2015,Qewama,289,3.918594547388228e-06,73750932.0
ETH,2015,She,319,4.325369067878356e-06,73750932.0
ETH,2015,Shekecho,77561,0.0010516612861244925,73750932.0
ETH,2015,Sheko,37576,0.0005094986460645677,73750932.0
ETH,2015,Shinasha,62298,0.0008447079692497988,73750932.0
ETH,2015,Sidama,2951889,0.040025107750502734,73750932.0
ETH,2015,Silte,934891,0.012676327941184526,73750932.0
ETH,2015,Somali an,20227,0.000274260940865127,73750932.0
ETH,2015,Somalie,4586876,0.0621941428482558,73750932.0
ETH,2015,Sudanese,10333,0.00014010670400748293,73750932.0
ETH,2015,Surma,27886,0.0003781104759462565,73750932.0
ETH,2015,Tembaro,98589,0.001336783106686706,73750932.0
ETH,2015,Tigray,4486513,0.060833305808257444,73750932.0
ETH,2015,Tsemay,20045,0.0002717931754408202,73750932.0
ETH,2015,Upo,1586,2.150481298324474e-05,73750932.0
ETH,2015,Welaita,1676128,0.022726872116002547,73750932.0
ETH,2015,Werji,12847,0.0001741944088245556,73750932.0
ETH,2015,Yem,159923,0.0021684200546780888,73750932.0
ETH,2015,Zelmam,2703,3.665038429616049e-05,73750932.0
ETH,2015,Zeyese,17889,0.00024255964656826303,73750932.0
ETH,2020,Affar,1276867,0.017313232055155586,73750932.0
ETH,2020,Agew/Awingi,636415,0.00862924688192415,73750932.0
ETH,2020,Agew/Kamyr,268172,0.0036361845569626156,73750932.0
ETH,2020,Alaba,232620,0.0031541296318804484,73750932.0
ETH,2020,Amhara,19878199,0.2695314955477444,73750932.0
ETH,2020,Anyiwak,89051,0.0012074559274722115,73750932.0
ETH,2020,Arborie,7283,9.875129442431996e-05,73750932.0
ETH,2020,Argoba,140820,0.0019093995991806584,73750932.0
ETH,2020,Ari,289835,0.003929916438208537,73750932.0
ETH,2020,Bacha,2630,3.566056629630118e-05,73750932.0
ETH,2020,Basketo,78265,0.0010612069282053276,73750932.0
ETH,2020,Bena,27018,0.0003663411331534088,73750932.0
ETH,2020,Bench,352194,0.004775451515649999,73750932.0
ETH,2020,Berta,208759,0.0028305947374332842,73750932.0
ETH,2020,Bodi,6984,9.469710837010169e-05,73750932.0
ETH,2020,Brayle,5002,6.782287171638725e-05,73750932.0
ETH,2020,Burji,71758,0.0009729775347110189,73750932.0
ETH,2020,Chara,13214,0.00017917061712521815,73750932.0
ETH,2020,Dasenech,48072,0.0006518154916333803,73750932.0
ETH,2020,Dawro,537954,0.007294199346524868,73750932.0
ETH,2020,Debase/Gewada,68598,0.0009301306185527256,73750932.0
ETH,2020,Derashe,30123,0.000408442296024137,73750932.0
ETH,2020,Dime,873,1.1837138546262711e-05,73750932.0
ETH,2020,Dizi,34680,0.00047023134568658736,73750932.0
ETH,2020,Djebutians,733,9.938857450642116e-06,73750932.0
ETH,2020,Donga,35193,0.00047718718998696855,73750932.0
ETH,2020,Eritrean,9736,0.00013201189104972938,73750932.0
ETH,2020,Fedashe,4050,5.491456026616721e-05,73750932.0
ETH,2020,Gamo,1104360,0.014974183648282574,73750932.0
ETH,2020,Gebato,1497,2.0298048572457364e-05,73750932.0
ETH,2020,Gedeo,975506,0.013227032846174745,73750932.0
ETH,2020,Gedicho,5491,7.445329640037634e-05,73750932.0
ETH,2020,Gidole,41107,0.0005573760071262557,73750932.0
ETH,2020,Goffa,362241,0.004911680302562143,73750932.0
ETH,2020,Guagu,0,0.0,73750932.0
ETH,2020,Gumuz,181541,0.0024615417741432745,73750932.0
ETH,2020,Guragie,1859831,0.025217728773922476,73750932.0
ETH,2020,Hadiya,1269382,0.0172117418122933,73750932.0
ETH,2020,Hamer,46534,0.0006309615178829198,73750932.0
ETH,2020,Hareri,31722,0.0004301233779662608,73750932.0
ETH,2020,Irob,33407,0.000452970546867123,73750932.0
ETH,2020,Karo,1488,2.0176016216310322e-05,73750932.0
ETH,2020,Kefficho,865131,0.01173044158953815,73750932.0
ETH,2020,Kembata,627565,0.008509248398379562,73750932.0
ETH,2020,Kenyan,727,9.85750254654409e-06,73750932.0
ETH,2020,Koma,9096,0.00012333403461260665,73750932.0
ETH,2020,Konso,250535,0.0033970418163664696,73750932.0
ETH,2020,Konta,83626,0.0011338975350169134,73750932.0
ETH,2020,Kore,156884,0.002127213795752439,73750932.0
ETH,2020,Koyego,1938,2.6277634023662235e-05,73750932.0
ETH,2020,Kunama,4864,6.595170892213267e-05,73750932.0
ETH,2020,Kusumie,9213,0.00012492045524251815,73750932.0
ETH,2020,Malie,97925,0.0013277798306331912,73750932.0
ETH,2020,Mao,46026,0.0006240734693359536,73750932.0
ETH,2020,Mareko,64272,0.0008714737326980491,73750932.0
ETH,2020,Mashola,10410,0.00014115075861007424,73750932.0
ETH,2020,Me'enite,150221,0.0020368691747515814,73750932.0
ETH,2020,Mejenger,21951,0.00029763691664262627,73750932.0
ETH,2020,Mere,14200,0.00019253993969866036,73750932.0
ETH,2020,Messengo,10871,0.0001474015270749392,73750932.0
ETH,2020,Mixed,36524,0.0004952344195460472,73750932.0
ETH,2020,Mossiya,19628,0.00026613900960600743,73750932.0
ETH,2020,Murle,1453,1.9701445942405175e-05,73750932.0
ETH,2020,Mursi,7483,0.0001014631245609208,73750932.0
ETH,2020,Nao,9796,0.00013282544009070963,73750932.0
ETH,2020,Nuwer,147759,0.002003486545770025,73750932.0
ETH,2020,Nyanegatome,25238,0.0003422058449376613,73750932.0
ETH,2020,Oida,45120,0.0006117888788171518,73750932.0
ETH,2020,Oromo,25363756,0.34391098949095317,73750932.0
ETH,2020,Other,15550,0.0002108447931207161,73750932.0
ETH,2020,Other Ethiopian national groups,142275,0.0019291281634244296,73750932.0
ETH,2020,Qebena,52736,0.0007150553704189122,73750932.0
ETH,2020,Qechem,2586,3.506396366624899e-05,73750932.0
ETH,2020,Qewama,289,3.918594547388228e-06,73750932.0
ETH,2020,She,319,4.325369067878356e-06,73750932.0
ETH,2020,Shekecho,77561,0.0010516612861244925,73750932.0
ETH,2020,Sheko,37576,0.0005094986460645677,73750932.0
ETH,2020,Shinasha,62298,0.0008447079692497988,73750932.0
ETH,2020,Sidama,2951889,0.040025107750502734,73750932.0
ETH,2020,Silte,934891,0.012676327941184526,73750932.0
ETH,2020,Somali an,20227,0.000274260940865127,73750932.0
ETH,2020,Somalie,4586876,0.0621941428482558,73750932.0
ETH,2020,Sudanese,10333,0.00014010670400748293,73750932.0
ETH,2020,Surma,27886,0.0003781104759462565,73750932.0
ETH,2020,Tembaro,98589,0.001336783106686706,73750932.0
ETH,2020,Tigray,4486513,0.060833305808257444,73750932.0
ETH,2020,Tsemay,20045,0.0002717931754408202,73750932.0
ETH,2020,Upo,1586,2.150481298324474e-05,73750932.0
ETH,2020,Welaita,1676128,0.022726872116002547,73750932.0
ETH,2020,Werji,12847,0.0001741944088245556,73750932.0
ETH,2020,Yem,159923,0.0021684200546780888,73750932.0
ETH,2020,Zelmam,2703,3.665038429616049e-05,73750932.0
ETH,2020,Zeyese,17889,0.00024255964656826303,73750932.0
ETH,2024,Affar,1276867,0.017313232055155583,73750932.0
ETH,2024,Agew/Awingi,636415,0.008629246881924148,73750932.0
ETH,2024,Agew/Kamyr,268172,0.0036361845569626147,73750932.0
ETH,2024,Alaba,232620,0.0031541296318804476,73750932.0
ETH,2024,Amhara,19878199,0.26953149554774436,73750932.0
ETH,2024,Anyiwak,89051,0.0012074559274722113,73750932.0
ETH,2024,Arborie,7283,9.875129442431993e-05,73750932.0
ETH,2024,Argoba,140820,0.001909399599180658,73750932.0
ETH,2024,Ari,289835,0.003929916438208536,73750932.0
ETH,2024,Bacha,2630,3.5660566296301174e-05,73750932.0
ETH,2024,Basketo,78265,0.0010612069282053274,73750932.0
ETH,2024,Bena,27018,0.0003663411331534087,73750932.0
ETH,2024,Bench,352194,0.004775451515649998,73750932.0
ETH,2024,Berta,208759,0.002830594737433284,73750932.0
ETH,2024,Bodi,6984,9.469710837010166e-05,73750932.0
ETH,2024,Brayle,5002,6.782287171638724e-05,73750932.0
ETH,2024,Burji,71758,0.0009729775347110187,73750932.0
ETH,2024,Chara,13214,0.00017917061712521812,73750932.0
ETH,2024,Dasenech,48072,0.0006518154916333802,73750932.0
ETH,2024,Dawro,537954,0.0072941993465248664,73750932.0
ETH,2024,Debase/Gewada,68598,0.0009301306185527254,73750932.0
ETH,2024,Derashe,30123,0.0004084422960241369,73750932.0
ETH,2024,Dime,873,1.1837138546262708e-05,73750932.0
ETH,2024,Dizi,34680,0.00047023134568658726,73750932.0
ETH,2024,Djebutians,733,9.938857450642114e-06,73750932.0
ETH,2024,Donga,35193,0.00047718718998696844,73750932.0
ETH,2024,Eritrean,9736,0.00013201189104972936,73750932.0
ETH,2024,Fedashe,4050,5.4914560266167197e-05,73750932.0
ETH,2024,Gamo,1104360,0.01497418364828257,73750932.0
ETH,2024,Gebato,1497,2.029804857245736e-05,73750932.0
ETH,2024,Gedeo,975506,0.013227032846174741,73750932.0
ETH,2024,Gedicho,5491,7.445329640037633e-05,73750932.0
ETH,2024,Gidole,41107,0.0005573760071262556,73750932.0
ETH,2024,Goffa,362241,0.004911680302562142,73750932.0
ETH,2024,Guagu,0,0.0,73750932.0
ETH,2024,Gumuz,181541,0.002461541774143274,73750932.0
ETH,2024,Guragie,1859831,0.02521772877392247,73750932.0
ETH,2024,Hadiya,1269382,0.017211741812293298,73750932.0
ETH,2024,Hamer,46534,0.0006309615178829197,73750932.0
ETH,2024,Hareri,31722,0.0004301233779662607,73750932.0
ETH,2024,Irob,33407,0.0004529705468671229,73750932.0
ETH,2024,Karo,1488,2.017601621631032e-05,73750932.0
ETH,2024,Kefficho,865131,0.011730441589538147,73750932.0
ETH,2024,Kembata,627565,0.00850924839837956,73750932.0
ETH,2024,Kenyan,727,9.857502546544088e-06,73750932.0
ETH,2024,Koma,9096,0.00012333403461260663,73750932.0
ETH,2024,Konso,250535,0.0033970418163664687,73750932.0
ETH,2024,Konta,83626,0.0011338975350169132,73750932.0
ETH,2024,Kore,156884,0.0021272137957524385,73750932.0
ETH,2024,Koyego,1938,2.6277634023662228e-05,73750932.0
ETH,2024,Kunama,4864,6.595170892213266e-05,73750932.0
ETH,2024,Kusumie,9213,0.00012492045524251812,73750932.0
ETH,2024,Malie,97925,0.001327779830633191,73750932.0
ETH,2024,Mao,46026,0.0006240734693359535,73750932.0
ETH,2024,Mareko,64272,0.0008714737326980489,73750932.0
ETH,2024,Mashola,10410,0.00014115075861007422,73750932.0
ETH,2024,Me'enite,150221,0.002036869174751581,73750932.0
ETH,2024,Mejenger,21951,0.0002976369166426262,73750932.0
ETH,2024,Mere,14200,0.0001925399396986603,73750932.0
ETH,2024,Messengo,10871,0.00014740152707493916,73750932.0
ETH,2024,Mixed,36524,0.0004952344195460471,73750932.0
ETH,2024,Mossiya,19628,0.0002661390096060074,73750932.0
ETH,2024,Murle,1453,1.970144594240517e-05,73750932.0
ETH,2024,Mursi,7483,0.00010146312456092077,73750932.0
ETH,2024,Nao,9796,0.0001328254400907096,73750932.0
ETH,2024,Nuwer,147759,0.0020034865457700247,73750932.0
ETH,2024,Nyanegatome,25238,0.0003422058449376612,73750932.0
ETH,2024,Oida,45120,0.0006117888788171517,73750932.0
ETH,2024,Oromo,25363756,0.3439109894909531,73750932.0
ETH,2024,Other,15550,0.00021084479312071604,73750932.0
ETH,2024,Other Ethiopian national groups,142275,0.0019291281634244292,73750932.0
ETH,2024,Qebena,52736,0.000715055370418912,73750932.0
ETH,2024,Qechem,2586,3.5063963666248985e-05,73750932.0
ETH,2024,Qewama,289,3.918594547388227e-06,73750932.0
ETH,2024,She,319,4.325369067878355e-06,73750932.0
ETH,2024,Shekecho,77561,0.0010516612861244923,73750932.0
ETH,2024,Sheko,37576,0.0005094986460645676,73750932.0
ETH,2024,Shinasha,62298,0.0008447079692497986,73750932.0
ETH,2024,Sidama,2951889,0.04002510775050273,73750932.0
ETH,2024,Silte,934891,0.012676327941184522,73750932.0
ETH,2024,Somali an,20227,0.00027426094086512693,73750932.0
ETH,2024,Somalie,4586876,0.062194142848255786,73750932.0
ETH,2024,Sudanese,10333,0.0001401067040074829,73750932.0
ETH,2024,Surma,27886,0.0003781104759462564,73750932.0
ETH,2024,Tembaro,98589,0.0013367831066867057,73750932.0
ETH,2024,Tigray,4486513,0.06083330580825743,73750932.0
ETH,2024,Tsemay,20045,0.0002717931754408201,73750932.0
ETH,2024,Upo,1586,2.1504812983244736e-05,73750932.0
ETH,2024,Welaita,1676128,0.022726872116002543,73750932.0
ETH,2024,Werji,12847,0.00017419440882455558,73750932.0
ETH,2024,Yem,159923,0.0021684200546780883,73750932.0
ETH,2024,Zelmam,2703,3.665038429616048e-05,73750932.0
ETH,2024,Zeyese,17889,0.00024255964656826298,73750932.0
GBR,2000,Asians,247664,0.0042127469888428816,58789194.0
GBR,2000,Bangladeshi,283063,0.004814881455935592,58789194.0
GBR,2000,Black,485277,0.00825452718402637,58789194.0
GBR,2000,Black Caribbean,565876,0.00962551042968883,58789194.0
GBR,2000,Black Other,97585,0.0016599138950603746,58789194.0
GBR,2000,Chinese,247403,0.004208307397444503,58789194.0
GBR,2000,Indian,1053411,0.01791844603278623,58789194.0
GBR,2000,Other,907732,0.015440456625413167,58789194.0
GBR,2000,Pakistani,747285,0.012711264590564042,58789194.0
GBR,2000,White,54153898,0.921153945400238,58789194.0
GBR,2005,Asians,443178,0.0073552179025128984,60253522.0
GBR,2005,Bangladeshi,336942,0.005592074790434541,60253522.0
GBR,2005,Black,497364,0.00825452718402637,60253522.0
GBR,2005,Black Caribbean,579971,0.00962551042968883,60253522.0
GBR,2005,Black Other,672143,0.011155244602704027,60253522.0
GBR,2005,Chinese,306734,0.005090729087813922,60253522.0
GBR,2005,Indian,1181288,0.01960529066415842,60253522.0
GBR,2005,Other,1202145,0.019951440303394144,60253522.0
GBR,2005,Pakistani,884105,0.014673092170243688,60253522.0
GBR,2005,White,54508764,0.9046568854029282,60253522.0
GBR,2010,Asians,647895,0.010497688816182916,61717850.0
GBR,2010,Bangladeshi,393098,0.006369268124933489,61717850.0
GBR,2010,Black,509452,0.00825452718402637,61717850.0
GBR,2010,Black Caribbean,594066,0.00962551042968883,61717850.0
GBR,2010,Black Other,1274509,0.020650575310347682,61717850.0
GBR,2010,Chinese,368650,0.005973150778183342,61717850.0
GBR,2010,Indian,1314105,0.021292135295530614,61717850.0
GBR,2010,Other,1509768,0.024462423981375117,61717850.0
GBR,2010,Pakistani,1026671,0.016634919749923333,61717850.0
GBR,2010,White,54815315,0.8881598254056184,61717850.0
GBR,2015,Asians,861815,0.013640159729852934,63182178.0
GBR,2015,Bangladeshi,451529,0.007146461459432437,63182178.0
GBR,2015,Black,521539,0.00825452718402637,63182178.0
GBR,2015,Black Caribbean,608161,0.00962551042968883,63182178.0
GBR,2015,Black Other,1904684,0.030145906017991338,63182178.0
GBR,2015,Chinese,433150,0.006855572468552762,63182178.0
GBR,2015,Indian,1451862,0.022978979926902805,63182178.0
GBR,2015,Other,1830603,0.028973407659356094,63182178.0
GBR,2015,Pakistani,1174983,0.018596747329602977,63182178.0
GBR,2015,White,55073552,0.8716627654083087,63182178.0
GBR,2020,Asians,861815,0.013640159729852934,63182178.0
GBR,2020,Bangladeshi,451529,0.007146461459432437,63182178.0
GBR,2020,Black,521539,0.00825452718402637,63182178.0
GBR,2020,Black Caribbean,608161,0.00962551042968883,63182178.0
GBR,2020,Black Other,1904684,0.030145906017991338,63182178.0
GBR,2020,Chinese,433150,0.006855572468552762,63182178.0
GBR,2020,Indian,1451862,0.022978979926902805,63182178.0
GBR,2020,Other,1830603,0.028973407659356094,63182178.0
GBR,2020,Pakistani,1174983,0.018596747329602977,63182178.0
GBR,2020,White,55073552,0.8716627654083087,63182178.0
GBR,2024,Asians,1713572,0.024872920172209826,68893057.20000005
GBR,2024,Bangladeshi,673465,0.009775506681513635,68893057.20000005
GBR,2024,Black,546217,0.007928475856979264,68893057.20000005
GBR,2024,Black Caribbean,636937,0.009245305679115223,68893057.20000005
GBR,2024,Black Other,4445269,0.06452419711361346,68893057.20000005
GBR,2024,Chinese,681372,0.009890288001592059,68893057.20000005
GBR,2024,Indian,1955885,0.02839015480689929,68893057.20000005
GBR,2024,Other,3081372,0.04472689145009642,68893057.20000005
GBR,2024,Pakistani,1736869,0.025211091771300195,68893057.20000005
GBR,2024,White,53422099,0.7754351684666806,68893057.20000005
GHA,2000,Akan,8562748,0.49107919190406063,17436593.0
GHA,2000,Ewe,2212113,0.12686612573912806,17436593.0
GHA,2000,Ga-Dangme,1387217,0.07955780122871481,17436593.0
GHA,2000,Grusi,490379,0.028123556018082203,17436593.0
GHA,2000,Guan,758779,0.043516471365707736,17436593.0
GHA,2000,Gurma,678681,0.038922798737115676,17436593.0
GHA,2000,Mande-Busanga,193443,0.01109408242768527,17436593.0
GHA,2000,Mole-Dagbon,2883931,0.1653953269425971,17436593.0
GHA,2000,Other,269302,0.01544464563690854,17436593.0
GHA,2005,Akan,9967473,0.4831521073136662,20630093.5
GHA,2005,Ewe,2073390,0.1005031833560028,20630093.5
GHA,2005,Ga-Dangme,2259453,0.10952219795228216,20630093.5
GHA,2005,Grusi,671055,0.032527946463725144,20630093.5
GHA,2005,Guan,1039238,0.050374866741962745,20630093.5
GHA,2005,Gurma,2117382,0.10263560473824304,20630093.5
GHA,2005,Mande-Busanga,371731,0.01801887900624289,20630093.5
GHA,2005,Mole-Dagbon,1822896,0.08836099873465134,20630093.5
GHA,2005,Other,307475,0.01490421569322371,20630093.5
GHA,2010,Akan,11321568,0.4752250227232717,23823594.0
GHA,2010,Ewe,1766287,0.07414024097287757,23823594.0
GHA,2010,Ga-Dangme,3323072,0.1394865946758495,23823594.0
GHA,2010,Grusi,879861,0.036932336909368084,23823594.0
GHA,2010,Guan,1363502,0.05723326211821776,23823594.0
GHA,2010,Gurma,3963017,0.1663484107393704,23823594.0
GHA,2010,Mande-Busanga,594248,0.024943675584800512,23823594.0
GHA,2010,Mole-Dagbon,269842,0.011326670526705584,23823594.0
GHA,2010,Other,342197,0.014363785749538881,23823594.0
GHA,2015,Akan,11321568,0.4752250227232717,23823594.0
GHA,2015,Ewe,1766287,0.07414024097287757,23823594.0
GHA,2015,Ga-Dangme,3323072,0.1394865946758495,23823594.0
GHA,2015,Grusi,879861,0.036932336909368084,23823594.0
GHA,2015,Guan,1363502,0.05723326211821776,23823594.0
GHA,2015,Gurma,3963017,0.1663484107393704,23823594.0
GHA,2015,Mande-Busanga,594248,0.024943675584800512,23823594.0
GHA,2015,Mole-Dagbon,269842,0.011326670526705584,23823594.0
GHA,2015,Other,342197,0.014363785749538881,23823594.0
GHA,2020,Akan,11321568,0.4752250227232717,23823594.0
GHA,2020,Ewe,1766287,0.07414024097287757,23823594.0
GHA,2020,Ga-Dangme,3323072,0.1394865946758495,23823594.0
GHA,2020,Grusi,879861,0.036932336909368084,23823594.0
GHA,2020,Guan,1363502,0.05723326211821776,23823594.0
GHA,2020,Gurma,3963017,0.1663484107393704,23823594.0
GHA,2020,Mande-Busanga,594248,0.024943675584800512,23823594.0
GHA,2020,Mole-Dagbon,269842,0.011326670526705584,23823594.0
GHA,2020,Other,342197,0.014363785749538881,23823594.0
GHA,2024,Akan,12324856,0.37615466454344737,32765395.400000334
GHA,2024,Ewe,8815,0.00026902235069223236,32765395.400000334
GHA,2024,Ga-Dangme,6077338,0.18548038211057838,32765395.400000334
GHA,2024,Grusi,1340266,0.04090491519885761,32765395.400000334
GHA,2024,Guan,2079496,0.0634662140174291,32765395.400000334
GHA,2024,Gurma,9378918,0.2862446137143485,32765395.400000334
GHA,2024,Mande-Busanga,1206101,0.036810221366553666,32765395.400000334
GHA,2024,Mole-Dagbon,0,0.0,32765395.400000334
GHA,2024,Other,349606,0.010669966698093142,32765395.400000334
HKG,2000,British,25418,0.0037889871920069036,6708389.0
HKG,2000,Chinese,6338762,0.9449007802022215,6708389.0
HKG,2000,Filipino,143662,0.021415275709264922,6708389.0
HKG,2000,Indian,16481,0.002456774644404193,6708389.0
HKG,2000,Indonesian,54629,0.008143385841220598,6708389.0
HKG,2000,Japanese,14715,0.0021935221705241003,6708389.0
HKG,2000,Nepalese,12379,0.001845301457622687,6708389.0
HKG,2000,Other,77630,0.011572077886359899,6708389.0
HKG,2000,Pakistani,9922,0.0014790436273149931,6708389.0
HKG,2000,Thai,14791,0.0022048512690602765,6708389.0
HKG,2000,United States,13299,0.0019824175529613453,6708389.0
HKG,2005,British,25210,0.003714768972565181,6786367.5
HKG,2005,Chinese,6399664,0.9430176517164197,6786367.5
HKG,2005,Filipino,129685,0.019109676446509967,6786367.5
HKG,2005,Indian,17126,0.00252363088946983,6786367.5
HKG,2005,Indonesian,82292,0.012126065471178116,6786367.5
HKG,2005,Japanese,14308,0.002108292263906017,6786367.5
HKG,2005,Nepalese,14094,0.0020768029233539844,6786367.5
HKG,2005,Other,71708,0.010566465221225957,6786367.5
HKG,2005,Pakistani,10088,0.0014865704035741472,6786367.5
HKG,2005,Thai,15465,0.002278866915316392,6786367.5
HKG,2005,United States,13453,0.0019824175529613453,6786367.5
HKG,2010,British,29303,0.004205387266754241,6967961.0
HKG,2010,Chinese,6523928,0.9362750472630911,6967961.0
HKG,2010,Filipino,125096,0.01795302128654133,6967961.0
HKG,2010,Indian,22155,0.0031795477167246584,6967961.0
HKG,2010,Indonesian,123817,0.01776953364054267,6967961.0
HKG,2010,Japanese,13876,0.0019913693363615677,6967961.0
HKG,2010,Nepalese,15897,0.0022814115211764775,6967961.0
HKG,2010,Other,69830,0.010021549331803756,6967961.0
HKG,2010,Pakistani,13706,0.001966932248099777,6967961.0
HKG,2010,Thai,15199,0.0021812385141045413,6967961.0
HKG,2010,United States,15155,0.002174961874799916,6967961.0
HKG,2015,British,34400,0.004775120320545325,7204080.5
HKG,2015,Chinese,6677972,0.9269707574527839,7204080.5
HKG,2015,Filipino,160553,0.022286403874954105,7204080.5
HKG,2015,Indian,27703,0.0038455027180007363,7204080.5
HKG,2015,Indonesian,148495,0.020612669944571373,7204080.5
HKG,2015,Japanese,12301,0.00170756093336867,7204080.5
HKG,2015,Nepalese,19256,0.002672869443602426,7204080.5
HKG,2015,Other,78481,0.010894025596289457,7204080.5
HKG,2015,Pakistani,16268,0.002258105119530606,7204080.5
HKG,2015,Thai,12881,0.001788063562271063,7204080.5
HKG,2015,United States,15769,0.0021889210340822716,7204080.5
HKG,2020,British,36151,0.004901990645548408,7374827.5
HKG,2020,Chinese,6793989,0.9212404170469867,7374827.5
HKG,2020,Filipino,195076,0.026451668295183306,7374827.5
HKG,2020,Indian,30777,0.004173237575325077,7374827.5
HKG,2020,Indonesian,152868,0.02072838863854568,7374827.5
HKG,2020,Japanese,11080,0.0015024355464734141,7374827.5
HKG,2020,Nepalese,24719,0.0033518118660415108,7374827.5
HKG,2020,Other,86409,0.01171678700605357,7374827.5
HKG,2020,Pakistani,16699,0.0022642991862306928,7374827.5
HKG,2020,Thai,12660,0.001716617828399024,7374827.5
HKG,2020,United States,14398,0.001952346365212636,7374827.5
HKG,2024,British,40436,0.005342991893638698,7568009.460000023
HKG,2024,Chinese,6923411,0.9148258456691024,7568009.460000023
HKG,2024,Filipino,207717,0.027446732858941933,7568009.460000023
HKG,2024,Indian,36366,0.004805175445346747,7568009.460000023
HKG,2024,Indonesian,185516,0.024513237594584358,7568009.460000023
HKG,2024,Japanese,10252,0.001354677696832345,7568009.460000023
HKG,2024,Nepalese,28361,0.00374746181550373,7568009.460000023
HKG,2024,Other,89005,0.011760748153879553,7568009.460000023
HKG,2024,Pakistani,20037,0.0026476093478698015,7568009.460000023
HKG,2024,Thai,12268,0.0016209757337872182,7568009.460000023
HKG,2024,United States,14641,0.0019345437905131941,7568009.460000023
IDN,2000,"Banjar, Melayu Banjar",3496273,0.017386414487067372,201092238.0
IDN,2000,Banten,4113162,0.020454106239545657,201092238.0
IDN,2000,Betawi,5041688,0.02507151966750701,201092238.0
IDN,2000,"Bugis, Ugi",5010423,0.024916043751027326,201092238.0
IDN,2000,Jawa,83752853,0.4164897354218118,201092238.0
IDN,2000,Madura,6771727,0.03367473089637602,201092238.0
IDN,2000,Minangkabau,5475145,0.027227032999652626,201092238.0
IDN,2000,Other,56452563,0.2807296967872027,201092238.0
IDN,2000,"Sunda, Priangan",30978404,0.15405071974980955,201092238.0
IDN,2005,"Banjar, Melayu Banjar",6292053,0.028742605292256862,218910308.5
IDN,2005,Banten,4392408,0.02006487657734823,218910308.5
IDN,2005,Betawi,5891980,0.02691504133088233,218910308.5
IDN,2005,"Bugis, Ugi",5667698,0.02589050518584799,218910308.5
IDN,2005,Jawa,89612062,0.409355149465507,218910308.5
IDN,2005,Madura,7005363,0.0320010649385647,218910308.5
IDN,2005,Minangkabau,5968278,0.02726357617433623,218910308.5
IDN,2005,Other,60249216,0.27522329517069855,218910308.5
IDN,2005,"Sunda, Priangan",33831250,0.15454388586455808,218910308.5
IDN,2010,"Banjar, Melayu Banjar",9492523,0.04009879609744635,236728379.0
IDN,2010,Banten,4657784,0.019675646915150804,236728379.0
IDN,2010,Betawi,6807968,0.02875856299425765,236728379.0
IDN,2010,"Bugis, Ugi",6359700,0.02686496662066866,236728379.0
IDN,2010,Jawa,95217022,0.40222056350920227,236728379.0
IDN,2010,Madura,7179356,0.03032739898075338,236728379.0
IDN,2010,Minangkabau,6462713,0.02730011934901983,236728379.0
IDN,2010,Other,63849643,0.2697168935541944,236728379.0
IDN,2010,"Sunda, Priangan",36701670,0.15503705197930662,236728379.0
IDN,2015,"Banjar, Melayu Banjar",9492523,0.04009879609744635,236728379.0
IDN,2015,Banten,4657784,0.019675646915150804,236728379.0
IDN,2015,Betawi,6807968,0.02875856299425765,236728379.0
IDN,2015,"Bugis, Ugi",6359700,0.02686496662066866,236728379.0
IDN,2015,Jawa,95217022,0.40222056350920227,236728379.0
IDN,2015,Madura,7179356,0.03032739898075338,236728379.0
IDN,2015,Minangkabau,6462713,0.02730011934901983,236728379.0
IDN,2015,Other,63849643,0.2697168935541944,236728379.0
IDN,2015,"Sunda, Priangan",36701670,0.15503705197930662,236728379.0
IDN,2020,"Banjar, Melayu Banjar",9492523,0.04009879609744635,236728379.0
IDN,2020,Banten,4657784,0.019675646915150804,236728379.0
IDN,2020,Betawi,6807968,0.02875856299425765,236728379.0
IDN,2020,"Bugis, Ugi",6359700,0.02686496662066866,236728379.0
IDN,2020,Jawa,95217022,0.40222056350920227,236728379.0
IDN,2020,Madura,7179356,0.03032739898075338,236728379.0
IDN,2020,Minangkabau,6462713,0.02730011934901983,236728379.0
IDN,2020,Other,63849643,0.2697168935541944,236728379.0
IDN,2020,"Sunda, Priangan",36701670,0.15503705197930662,236728379.0
IDN,2024,"Banjar, Melayu Banjar",20606795,0.07189613035197702,286618976.4000015
IDN,2024,Banten,5327044,0.018585803860998024,286618976.4000015
IDN,2024,Betawi,9722237,0.03392042365170859,286618976.4000015
IDN,2024,"Bugis, Ugi",8482047,0.029593458638166457,286618976.4000015
IDN,2024,Jawa,109558305,0.38224372283154867,286618976.4000015
IDN,2024,Madura,7349236,0.025641134298881842,286618976.4000015
IDN,2024,Minangkabau,7854059,0.027402440238133943,286618976.4000015
IDN,2024,Other,72886910,0.25429896902798294,286618976.4000015
IDN,2024,"Sunda, Priangan",44832343,0.15641791710060265,286618976.4000015
IRL,2000,Black African,40525,0.009713536367216497,4172013.0
IRL,2000,Black Other,3793,0.0009091534470290481,4172013.0
IRL,2000,Chinese,16533,0.003962835206889336,4172013.0
IRL,2000,Irish,3645199,0.8737266638430896,4172013.0
IRL,2000,Irish traveller,22369,0.005361680320746843,4172013.0
IRL,2000,Mixed,46438,0.01113083779940283,4172013.0
IRL,2000,Not Stated,72303,0.017330482910767536,4172013.0
IRL,2000,Other Asian,35812,0.008583865870024854,4172013.0
IRL,2000,White non-Irish,289041,0.0692809442348334,4172013.0
IRL,2005,Black African,40525,0.009713536367216497,4172013.0
IRL,2005,Black Other,3793,0.0009091534470290481,4172013.0
IRL,2005,Chinese,16533,0.003962835206889336,4172013.0
IRL,2005,Irish,3645199,0.8737266638430896,4172013.0
IRL,2005,Irish traveller,22369,0.005361680320746843,4172013.0
IRL,2005,Mixed,46438,0.01113083779940283,4172013.0
IRL,2005,Not Stated,72303,0.017330482910767536,4172013.0
IRL,2005,Other Asian,35812,0.008583865870024854,4172013.0
IRL,2005,White non-Irish,289041,0.0692809442348334,4172013.0
IRL,2010,Black African,49323,0.01134222179411332,4348647.0
IRL,2010,Black Other,5043,0.001159615813904712,4348647.0
IRL,2010,Chinese,17184,0.003951681991446208,4348647.0
IRL,2010,Irish,3736170,0.8591569972210036,4348647.0
IRL,2010,Irish traveller,25830,0.005939753805735997,4348647.0
IRL,2010,Mixed,43769,0.010065028979163884,4348647.0
IRL,2010,Not Stated,71472,0.016435366669707477,4348647.0
IRL,2010,Other Asian,50788,0.011679098505504071,4348647.0
IRL,2010,White non-Irish,349067,0.08027023521942075,4348647.0
IRL,2015,Black African,58697,0.012970907221010143,4525281.0
IRL,2015,Black Other,6381,0.0014100781807803759,4525281.0
IRL,2015,Chinese,17832,0.003940528776003082,4525281.0
IRL,2015,Irish,3821995,0.8445873305989176,4525281.0
IRL,2015,Irish traveller,29495,0.006517827290725151,4525281.0
IRL,2015,Mixed,40724,0.008999220158924938,4525281.0
IRL,2015,Not Stated,70324,0.015540250428647415,4525281.0
IRL,2015,Other Asian,66858,0.01477433114098329,4525281.0
IRL,2015,White non-Irish,412975,0.09125952620400811,4525281.0
IRL,2020,Black African,58697,0.012970907221010143,4525281.0
IRL,2020,Black Other,6381,0.0014100781807803759,4525281.0
IRL,2020,Chinese,17832,0.003940528776003082,4525281.0
IRL,2020,Irish,3821995,0.8445873305989176,4525281.0
IRL,2020,Irish traveller,29495,0.006517827290725151,4525281.0
IRL,2020,Mixed,40724,0.008999220158924938,4525281.0
IRL,2020,Not Stated,70324,0.015540250428647415,4525281.0
IRL,2020,Other Asian,66858,0.01477433114098329,4525281.0
IRL,2020,White non-Irish,412975,0.09125952620400811,4525281.0
IRL,2024,Black African,116715,0.021440071440874012,5443777.800000042
IRL,2024,Black Other,14766,0.0027124824885338687,5443777.800000042
IRL,2024,Chinese,21136,0.0038825320556988155,5443777.800000042
IRL,2024,Irish,4185313,0.7688250641640677,5443777.800000042
IRL,2024,Irish traveller,51846,0.009523809412668895,5443777.800000042
IRL,2024,Mixed,18819,0.003457014293682171,5443777.800000042
IRL,2024,Not Stated,59259,0.010885645975134752,5443777.800000042
IRL,2024,Other Asian,168047,0.030869540845476003,5443777.800000042
IRL,2024,White non-Irish,807878,0.14840383932386383,5443777.800000042
IRN,2000,Afgan,1452513,0.019328268764563686,75149669.0
IRN,2000,Iranian,73461474,0.9775355630641567,75149669.0
IRN,2000,Iraqi,51506,0.00068537893360515,75149669.0
IRN,2000,Not Stated,140516,0.0018698152882083885,75149669.0
IRN,2000,Other,24290,0.0003232216498518443,75149669.0
IRN,2000,Pakistani,17731,0.00023594248964689386,75149669.0
IRN,2000,Turkish,1639,2.1809809967359938e-05,75149669.0
IRN,2005,Afgan,1452513,0.019328268764563686,75149669.0
IRN,2005,Iranian,73461474,0.9775355630641567,75149669.0
IRN,2005,Iraqi,51506,0.00068537893360515,75149669.0
IRN,2005,Not Stated,140516,0.0018698152882083885,75149669.0
IRN,2005,Other,24290,0.0003232216498518443,75149669.0
IRN,2005,Pakistani,17731,0.00023594248964689386,75149669.0
IRN,2005,Turkish,1639,2.1809809967359938e-05,75149669.0
IRN,2010,Afgan,1452513,0.019328268764563686,75149669.0
IRN,2010,Iranian,73461474,0.9775355630641567,75149669.0
IRN,2010,Iraqi,51506,0.00068537893360515,75149669.0
IRN,2010,Not Stated,140516,0.0018698152882083885,75149669.0
IRN,2010,Other,24290,0.0003232216498518443,75149669.0
IRN,2010,Pakistani,17731,0.00023594248964689386,75149669.0
IRN,2010,Turkish,1639,2.1809809967359938e-05,75149669.0
IRN,2015,Afgan,1517661,0.0195731355154512,77537969.5
IRN,2015,Iranian,75813609,0.9777610874876796,77537969.5
IRN,2015,Iraqi,43322,0.000558713560007475,77537969.5
IRN,2015,Not Stated,123451,0.0015921383643667563,77537969.5
IRN,2015,Other,22642,0.00029200600037949953,77537969.5
IRN,2015,Pakistani,16093,0.0002075538063517154,77537969.5
IRN,2015,Turkish,1191,1.536526576368384e-05,77537969.5
IRN,2020,Afgan,1583979,0.019818002266338713,79926270.0
IRN,2020,Iranian,78166822,0.9779866119112026,79926270.0
IRN,2020,Iraqi,34532,0.00043204818640979996,79926270.0
IRN,2020,Not Stated,105060,0.001314461440525124,79926270.0
IRN,2020,Other,20844,0.0002607903509071548,79926270.0
IRN,2020,Pakistani,14320,0.00017916512305653698,79926270.0
IRN,2020,Turkish,713,8.920721560007742e-06,79926270.0
IRN,2024,Afgan,1804035,0.020601334796069456,87568831.60000014
IRN,2024,Iranian,85703339,0.9786968375323547,87568831.60000014
IRN,2024,Iraqi,2340,2.6718678240073774e-05,87568831.60000014
IRN,2024,Not Stated,37295,0.0004258903005403347,87568831.60000014
IRN,2024,Other,14090,0.00016089838979166778,87568831.60000014
IRN,2024,Pakistani,7734,8.832030300369484e-05,87568831.60000014
IRN,2024,Turkish,0,0.0,87568831.60000014
JAM,2000,Black,2378098,0.9160758131282353,2595962.0
JAM,2000,Chinese,5154,0.001985391157497683,2595962.0
JAM,2000,East Indian,23227,0.008947357472875181,2595962.0
JAM,2000,Mixed,161233,0.062109152599306154,2595962.0
JAM,2000,Other,2117,0.0008154972992670925,2595962.0
JAM,2000,Unknown,21417,0.008250120764479603,2595962.0
JAM,2000,White,4716,0.001816667578338974,2595962.0
JAM,2005,Black,2409283,0.917684452810349,2625393.3333333335
JAM,2005,Chinese,5180,0.0019731844073640516,2625393.3333333335
JAM,2005,East Indian,22205,0.008457836604931383,2625393.3333333335
JAM,2005,Mixed,161779,0.061620889989529845,2625393.3333333335
JAM,2005,Other,2046,0.0007792360387239491,2625393.3333333335
JAM,2005,Unknown,20296,0.007730493704221694,2625393.3333333335
JAM,2005,White,4605,0.0017539064448800366,2625393.3333333335
JAM,2010,Black,2440562,0.9192930924924627,2654824.6666666665
JAM,2010,Chinese,5206,0.0019609776572304207,2654824.6666666665
JAM,2010,East Indian,21154,0.007968315736987586,2654824.6666666665
JAM,2010,Mixed,162296,0.061132627379753536,2654824.6666666665
JAM,2010,Other,1972,0.0007429747781808055,2654824.6666666665
JAM,2010,Unknown,19144,0.007210866643963785,2654824.6666666665
JAM,2010,White,4490,0.001691145311421099,2654824.6666666665
JAM,2015,Black,2471936,0.9209017321745765,2684256.0
JAM,2015,Chinese,5231,0.0019487709070967897,2684256.0
JAM,2015,East Indian,20075,0.007478794869043787,2684256.0
JAM,2015,Mixed,162785,0.06064436476997723,2684256.0
JAM,2015,Other,1897,0.000706713517637662,2684256.0
JAM,2015,Unknown,17961,0.006691239583705876,2684256.0
JAM,2015,White,4371,0.0016283841779621616,2684256.0
JAM,2020,Black,2471936,0.9209017321745765,2684256.0
JAM,2020,Chinese,5231,0.0019487709070967897,2684256.0
JAM,2020,East Indian,20075,0.007478794869043787,2684256.0
JAM,2020,Mixed,162785,0.06064436476997723,2684256.0
JAM,2020,Other,1897,0.000706713517637662,2684256.0
JAM,2020,Unknown,17961,0.006691239583705876,2684256.0
JAM,2020,White,4371,0.0016283841779621616,2684256.0
JAM,2024,Black,2595199,0.9271754269348201,2799038.200000003
JAM,2024,Chinese,5321,0.0019011645815756274,2799038.200000003
JAM,2024,East Indian,15590,0.005569663484063014,2799038.200000003
JAM,2024,Mixed,164416,0.05874014059184951,2799038.200000003
JAM,2024,Other,1582,0.0005652946015194012,2799038.200000003
JAM,2024,Unknown,13057,0.004664694048699958,2799038.200000003
JAM,2024,White,3873,0.001383615757472298,2799038.200000003
KEN,2000,African,319939,0.008286407568465834,38610097.0
KEN,2000,American,6014,0.00015576236444057626,38610097.0
KEN,2000,Asians,35009,0.0009067317287496066,38610097.0
KEN,2000,Australian,719,1.862207183784076e-05,38610097.0
KEN,2000,Basuba,139271,0.0036071134449623373,38610097.0
KEN,2000,Borana,161399,0.004180227778241531,38610097.0
KEN,2000,Burji,23735,0.000614735570335397,38610097.0
KEN,2000,Caribbean,112,2.9007956131267944e-06,38610097.0
KEN,2000,Dasenach,12530,0.0003245265092185601,38610097.0
KEN,2000,Embu,324092,0.008393970105799009,38610097.0
KEN,2000,European,27172,0.0007037537357132255,38610097.0
KEN,2000,Gabbra,89515,0.002318434993830759,38610097.0
KEN,2000,Galjeel,7553,0.00019562240416023819,38610097.0
KEN,2000,Galla,8146,0.0002109810809333113,38610097.0
KEN,2000,Gosha,21864,0.0005662767436196806,38610097.0
KEN,2000,Ilchamus,27288,0.0007067581311696782,38610097.0
KEN,2000,Isaak,3160,8.184387622750598e-05,38610097.0
KEN,2000,Kalenjin,4967328,0.12865360063715975,38610097.0
KEN,2000,Kamba,3893157,0.10083261381083813,38610097.0
KEN,2000,Kenyan,610122,0.015802135902429876,38610097.0
KEN,2000,Kenyan Americans,2422,6.272970513386692e-05,38610097.0
KEN,2000,Kenyan Arab,40760,0.0010556824034915011,38610097.0
KEN,2000,Kenyan Asian,46782,0.0012116519676187293,38610097.0
KEN,2000,Kenyan European,5166,0.00013379919765547338,38610097.0
KEN,2000,Kenyan Somali,2385572,0.06178622136069744,38610097.0
KEN,2000,Kikuyu,6622576,0.17152445900356064,38610097.0
KEN,2000,Kisii,2205669,0.05712674070723003,38610097.0
KEN,2000,Konso,1758,4.5532131141758074e-05,38610097.0
KEN,2000,Kuria,260401,0.006744375700480628,38610097.0
KEN,2000,Leysan,5941,0.00015387166729987755,38610097.0
KEN,2000,Luhya,5338666,0.1382712402924033,38610097.0
KEN,2000,Luo,4044440,0.10475083758530832,38610097.0
KEN,2000,Masai,841622,0.021797976834919634,38610097.0
KEN,2000,Mbere,168155,0.004355207913619073,38610097.0
KEN,2000,Meru,1658108,0.042944932254378954,38610097.0
KEN,2000,Mijikenda,1960574,0.05077878980723617,38610097.0
KEN,2000,Njemp,5228,0.00013540499522702573,38610097.0
KEN,2000,Nubi,15463,0.000400491094337318,38610097.0
KEN,2000,Orma,66275,0.001716519904106949,38610097.0
KEN,2000,Rendile,60437,0.0015653159327727148,38610097.0
KEN,2000,Sakuye,26784,0.0006937045509106077,38610097.0
KEN,2000,Samburu,237179,0.006142926810051785,38610097.0
KEN,2000,Swahili/Shirazi,110614,0.00286489826741435,38610097.0
KEN,2000,Taita,273519,0.007084131386668104,38610097.0
KEN,2000,Taveta,20828,0.0005394443841982578,38610097.0
KEN,2000,Teso,338833,0.008775761428415992,38610097.0
KEN,2000,Tharaka,175905,0.004555932610063114,38610097.0
KEN,2000,Turkana,988592,0.025604494078323606,38610097.0
KEN,2000,Waat,6900,0.00017870972973727572,38610097.0
KEN,2000,Walwana,16803,0.0004351970418515136,38610097.0
KEN,2005,African,319939,0.008286407568465834,38610097.0
KEN,2005,American,6014,0.00015576236444057626,38610097.0
KEN,2005,Asians,35009,0.0009067317287496066,38610097.0
KEN,2005,Australian,719,1.862207183784076e-05,38610097.0
KEN,2005,Basuba,139271,0.0036071134449623373,38610097.0
KEN,2005,Borana,161399,0.004180227778241531,38610097.0
KEN,2005,Burji,23735,0.000614735570335397,38610097.0
KEN,2005,Caribbean,112,2.9007956131267944e-06,38610097.0
KEN,2005,Dasenach,12530,0.0003245265092185601,38610097.0
KEN,2005,Embu,324092,0.008393970105799009,38610097.0
KEN,2005,European,27172,0.0007037537357132255,38610097.0
KEN,2005,Gabbra,89515,0.002318434993830759,38610097.0
KEN,2005,Galjeel,7553,0.00019562240416023819,38610097.0
KEN,2005,Galla,8146,0.0002109810809333113,38610097.0
KEN,2005,Gosha,21864,0.0005662767436196806,38610097.0
KEN,2005,Ilchamus,27288,0.0007067581311696782,38610097.0
KEN,2005,Isaak,3160,8.184387622750598e-05,38610097.0
KEN,2005,Kalenjin,4967328,0.12865360063715975,38610097.0
KEN,2005,Kamba,3893157,0.10083261381083813,38610097.0
KEN,2005,Kenyan,610122,0.015802135902429876,38610097.0
KEN,2005,Kenyan Americans,2422,6.272970513386692e-05,38610097.0
KEN,2005,Kenyan Arab,40760,0.0010556824034915011,38610097.0
KEN,2005,Kenyan Asian,46782,0.0012116519676187293,38610097.0
KEN,2005,Kenyan European,5166,0.00013379919765547338,38610097.0
KEN,2005,Kenyan Somali,2385572,0.06178622136069744,38610097.0
KEN,2005,Kikuyu,6622576,0.17152445900356064,38610097.0
KEN,2005,Kisii,2205669,0.05712674070723003,38610097.0
KEN,2005,Konso,1758,4.5532131141758074e-05,38610097.0
KEN,2005,Kuria,260401,0.006744375700480628,38610097.0
KEN,2005,Leysan,5941,0.00015387166729987755,38610097.0
KEN,2005,Luhya,5338666,0.1382712402924033,38610097.0
KEN,2005,Luo,4044440,0.10475083758530832,38610097.0
KEN,2005,Masai,841622,0.021797976834919634,38610097.0
KEN,2005,Mbere,168155,0.004355207913619073,38610097.0
KEN,2005,Meru,1658108,0.042944932254378954,38610097.0
KEN,2005,Mijikenda,1960574,0.05077878980723617,38610097.0
KEN,2005,Njemp,5228,0.00013540499522702573,38610097.0
KEN,2005,Nubi,15463,0.000400491094337318,38610097.0
KEN,2005,Orma,66275,0.001716519904106949,38610097.0
KEN,2005,Rendile,60437,0.0015653159327727148,38610097.0
KEN,2005,Sakuye,26784,0.0006937045509106077,38610097.0
KEN,2005,Samburu,237179,0.006142926810051785,38610097.0
KEN,2005,Swahili/Shirazi,110614,0.00286489826741435,38610097.0
KEN,2005,Taita,273519,0.007084131386668104,38610097.0
KEN,2005,Taveta,20828,0.0005394443841982578,38610097.0
KEN,2005,Teso,338833,0.008775761428415992,38610097.0
KEN,2005,Tharaka,175905,0.004555932610063114,38610097.0
KEN,2005,Turkana,988592,0.025604494078323606,38610097.0
KEN,2005,Waat,6900,0.00017870972973727572,38610097.0
KEN,2005,Walwana,16803,0.0004351970418515136,38610097.0
KEN,2010,African,319939,0.008286407568465834,38610097.0
KEN,2010,American,6014,0.00015576236444057626,38610097.0
KEN,2010,Asians,35009,0.0009067317287496066,38610097.0
KEN,2010,Australian,719,1.862207183784076e-05,38610097.0
KEN,2010,Basuba,139271,0.0036071134449623373,38610097.0
KEN,2010,Borana,161399,0.004180227778241531,38610097.0
KEN,2010,Burji,23735,0.000614735570335397,38610097.0
KEN,2010,Caribbean,112,2.9007956131267944e-06,38610097.0
KEN,2010,Dasenach,12530,0.0003245265092185601,38610097.0
KEN,2010,Embu,324092,0.008393970105799009,38610097.0
KEN,2010,European,27172,0.0007037537357132255,38610097.0
KEN,2010,Gabbra,89515,0.002318434993830759,38610097.0
KEN,2010,Galjeel,7553,0.00019562240416023819,38610097.0
KEN,2010,Galla,8146,0.0002109810809333113,38610097.0
KEN,2010,Gosha,21864,0.0005662767436196806,38610097.0
KEN,2010,Ilchamus,27288,0.0007067581311696782,38610097.0
KEN,2010,Isaak,3160,8.184387622750598e-05,38610097.0
KEN,2010,Kalenjin,4967328,0.12865360063715975,38610097.0
KEN,2010,Kamba,3893157,0.10083261381083813,38610097.0
KEN,2010,Kenyan,610122,0.015802135902429876,38610097.0
KEN,2010,Kenyan Americans,2422,6.272970513386692e-05,38610097.0
KEN,2010,Kenyan Arab,40760,0.0010556824034915011,38610097.0
KEN,2010,Kenyan Asian,46782,0.0012116519676187293,38610097.0
KEN,2010,Kenyan European,5166,0.00013379919765547338,38610097.0
KEN,2010,Kenyan Somali,2385572,0.06178622136069744,38610097.0
KEN,2010,Kikuyu,6622576,0.17152445900356064,38610097.0
KEN,2010,Kisii,2205669,0.05712674070723003,38610097.0
KEN,2010,Konso,1758,4.5532131141758074e-05,38610097.0
KEN,2010,Kuria,260401,0.006744375700480628,38610097.0
KEN,2010,Leysan,5941,0.00015387166729987755,38610097.0
KEN,2010,Luhya,5338666,0.1382712402924033,38610097.0
KEN,2010,Luo,4044440,0.10475083758530832,38610097.0
KEN,2010,Masai,841622,0.021797976834919634,38610097.0
KEN,2010,Mbere,168155,0.004355207913619073,38610097.0
KEN,2010,Meru,1658108,0.042944932254378954,38610097.0
KEN,2010,Mijikenda,1960574,0.05077878980723617,38610097.0
KEN,2010,Njemp,5228,0.00013540499522702573,38610097.0
KEN,2010,Nubi,15463,0.000400491094337318,38610097.0
KEN,2010,Orma,66275,0.001716519904106949,38610097.0
KEN,2010,Rendile,60437,0.0015653159327727148,38610097.0
KEN,2010,Sakuye,26784,0.0006937045509106077,38610097.0
KEN,2010,Samburu,237179,0.006142926810051785,38610097.0
KEN,2010,Swahili/Shirazi,110614,0.00286489826741435,38610097.0
KEN,2010,Taita,273519,0.007084131386668104,38610097.0
KEN,2010,Taveta,20828,0.0005394443841982578,38610097.0
KEN,2010,Teso,338833,0.008775761428415992,38610097.0
KEN,2010,Tharaka,175905,0.004555932610063114,38610097.0
KEN,2010,Turkana,988592,0.025604494078323606,38610097.0
KEN,2010,Waat,6900,0.00017870972973727572,38610097.0
KEN,2010,Walwana,16803,0.0004351970418515136,38610097.0
KEN,2015,African,319939,0.008286407568465834,38610097.0
KEN,2015,American,6014,0.00015576236444057626,38610097.0
KEN,2015,Asians,35009,0.0009067317287496066,38610097.0
KEN,2015,Australian,719,1.862207183784076e-05,38610097.0
KEN,2015,Basuba,139271,0.0036071134449623373,38610097.0
KEN,2015,Borana,161399,0.004180227778241531,38610097.0
KEN,2015,Burji,23735,0.000614735570335397,38610097.0
KEN,2015,Caribbean,112,2.9007956131267944e-06,38610097.0
KEN,2015,Dasenach,12530,0.0003245265092185601,38610097.0
KEN,2015,Embu,324092,0.008393970105799009,38610097.0
KEN,2015,European,27172,0.0007037537357132255,38610097.0
KEN,2015,Gabbra,89515,0.002318434993830759,38610097.0
KEN,2015,Galjeel,7553,0.00019562240416023819,38610097.0
KEN,2015,Galla,8146,0.0002109810809333113,38610097.0
KEN,2015,Gosha,21864,0.0005662767436196806,38610097.0
KEN,2015,Ilchamus,27288,0.0007067581311696782,38610097.0
KEN,2015,Isaak,3160,8.184387622750598e-05,38610097.0
KEN,2015,Kalenjin,4967328,0.12865360063715975,38610097.0
KEN,2015,Kamba,3893157,0.10083261381083813,38610097.0
KEN,2015,Kenyan,610122,0.015802135902429876,38610097.0
KEN,2015,Kenyan Americans,2422,6.272970513386692e-05,38610097.0
KEN,2015,Kenyan Arab,40760,0.0010556824034915011,38610097.0
KEN,2015,Kenyan Asian,46782,0.0012116519676187293,38610097.0
KEN,2015,Kenyan European,5166,0.00013379919765547338,38610097.0
KEN,2015,Kenyan Somali,2385572,0.06178622136069744,38610097.0
KEN,2015,Kikuyu,6622576,0.17152445900356064,38610097.0
KEN,2015,Kisii,2205669,0.05712674070723003,38610097.0
KEN,2015,Konso,1758,4.5532131141758074e-05,38610097.0
KEN,2015,Kuria,260401,0.006744375700480628,38610097.0
KEN,2015,Leysan,5941,0.00015387166729987755,38610097.0
KEN,2015,Luhya,5338666,0.1382712402924033,38610097.0
KEN,2015,Luo,4044440,0.10475083758530832,38610097.0
KEN,2015,Masai,841622,0.021797976834919634,38610097.0
KEN,2015,Mbere,168155,0.004355207913619073,38610097.0
KEN,2015,Meru,1658108,0.042944932254378954,38610097.0
KEN,2015,Mijikenda,1960574,0.05077878980723617,38610097.0
KEN,2015,Njemp,5228,0.00013540499522702573,38610097.0
KEN,2015,Nubi,15463,0.000400491094337318,38610097.0
KEN,2015,Orma,66275,0.001716519904106949,38610097.0
KEN,2015,Rendile,60437,0.0015653159327727148,38610097.0
KEN,2015,Sakuye,26784,0.0006937045509106077,38610097.0
KEN,2015,Samburu,237179,0.006142926810051785,38610097.0
KEN,2015,Swahili/Shirazi,110614,0.00286489826741435,38610097.0
KEN,2015,Taita,273519,0.007084131386668104,38610097.0
KEN,2015,Taveta,20828,0.0005394443841982578,38610097.0
KEN,2015,Teso,338833,0.008775761428415992,38610097.0
KEN,2015,Tharaka,175905,0.004555932610063114,38610097.0
KEN,2015,Turkana,988592,0.025604494078323606,38610097.0
KEN,2015,Waat,6900,0.00017870972973727572,38610097.0
KEN,2015,Walwana,16803,0.0004351970418515136,38610097.0
KEN,2020,African,319939,0.008286407568465834,38610097.0
KEN,2020,American,6014,0.00015576236444057626,38610097.0
KEN,2020,Asians,35009,0.0009067317287496066,38610097.0
KEN,2020,Australian,719,1.862207183784076e-05,38610097.0
KEN,2020,Basuba,139271,0.0036071134449623373,38610097.0
KEN,2020,Borana,161399,0.004180227778241531,38610097.0
KEN,2020,Burji,23735,0.000614735570335397,38610097.0
KEN,2020,Caribbean,112,2.9007956131267944e-06,38610097.0
KEN,2020,Dasenach,12530,0.0003245265092185601,38610097.0
KEN,2020,Embu,324092,0.008393970105799009,38610097.0
KEN,2020,European,27172,0.0007037537357132255,38610097.0
KEN,2020,Gabbra,89515,0.002318434993830759,38610097.0
KEN,2020,Galjeel,7553,0.00019562240416023819,38610097.0
KEN,2020,Galla,8146,0.0002109810809333113,38610097.0
KEN,2020,Gosha,21864,0.0005662767436196806,38610097.0
KEN,2020,Ilchamus,27288,0.0007067581311696782,38610097.0
KEN,2020,Isaak,3160,8.184387622750598e-05,38610097.0
KEN,2020,Kalenjin,4967328,0.12865360063715975,38610097.0
KEN,2020,Kamba,3893157,0.10083261381083813,38610097.0
KEN,2020,Kenyan,610122,0.015802135902429876,38610097.0
KEN,2020,Kenyan Americans,2422,6.272970513386692e-05,38610097.0
KEN,2020,Kenyan Arab,40760,0.0010556824034915011,38610097.0
KEN,2020,Kenyan Asian,46782,0.0012116519676187293,38610097.0
KEN,2020,Kenyan European,5166,0.00013379919765547338,38610097.0
KEN,2020,Kenyan Somali,2385572,0.06178622136069744,38610097.0
KEN,2020,Kikuyu,6622576,0.17152445900356064,38610097.0
KEN,2020,Kisii,2205669,0.05712674070723003,38610097.0
KEN,2020,Konso,1758,4.5532131141758074e-05,38610097.0
KEN,2020,Kuria,260401,0.006744375700480628,38610097.0
KEN,2020,Leysan,5941,0.00015387166729987755,38610097.0
KEN,2020,Luhya,5338666,0.1382712402924033,38610097.0
KEN,2020,Luo,4044440,0.10475083758530832,38610097.0
KEN,2020,Masai,841622,0.021797976834919634,38610097.0
KEN,2020,Mbere,168155,0.004355207913619073,38610097.0
KEN,2020,Meru,1658108,0.042944932254378954,38610097.0
KEN,2020,Mijikenda,1960574,0.05077878980723617,38610097.0
KEN,2020,Njemp,5228,0.00013540499522702573,38610097.0
KEN,2020,Nubi,15463,0.000400491094337318,38610097.0
KEN,2020,Orma,66275,0.001716519904106949,38610097.0
KEN,2020,Rendile,60437,0.0015653159327727148,38610097.0
KEN,2020,Sakuye,26784,0.0006937045509106077,38610097.0
KEN,2020,Samburu,237179,0.006142926810051785,38610097.0
KEN,2020,Swahili/Shirazi,110614,0.00286489826741435,38610097.0
KEN,2020,Taita,273519,0.007084131386668104,38610097.0
KEN,2020,Taveta,20828,0.0005394443841982578,38610097.0
KEN,2020,Teso,338833,0.008775761428415992,38610097.0
KEN,2020,Tharaka,175905,0.004555932610063114,38610097.0
KEN,2020,Turkana,988592,0.025604494078323606,38610097.0
KEN,2020,Waat,6900,0.00017870972973727572,38610097.0
KEN,2020,Walwana,16803,0.0004351970418515136,38610097.0
KEN,2024,African,319939,0.008286407568465833,38610097.0
KEN,2024,American,6014,0.00015576236444057623,38610097.0
KEN,2024,Asians,35009,0.0009067317287496064,38610097.0
KEN,2024,Australian,719,1.8622071837840756e-05,38610097.0
KEN,2024,Basuba,139271,0.0036071134449623364,38610097.0
KEN,2024,Borana,161399,0.00418022777824153,38610097.0
KEN,2024,Burji,23735,0.0006147355703353969,38610097.0
KEN,2024,Caribbean,112,2.9007956131267935e-06,38610097.0
KEN,2024,Dasenach,12530,0.00032452650921856006,38610097.0
KEN,2024,Embu,324092,0.008393970105799007,38610097.0
KEN,2024,European,27172,0.0007037537357132254,38610097.0
KEN,2024,Gabbra,89515,0.0023184349938307584,38610097.0
KEN,2024,Galjeel,7553,0.00019562240416023813,38610097.0
KEN,2024,Galla,8146,0.00021098108093331125,38610097.0
KEN,2024,Gosha,21864,0.0005662767436196805,38610097.0
KEN,2024,Ilchamus,27288,0.0007067581311696781,38610097.0
KEN,2024,Isaak,3160,8.184387622750597e-05,38610097.0
KEN,2024,Kalenjin,4967328,0.12865360063715972,38610097.0
KEN,2024,Kamba,3893157,0.1008326138108381,38610097.0
KEN,2024,Kenyan,610122,0.015802135902429872,38610097.0
KEN,2024,Kenyan Americans,2422,6.272970513386691e-05,38610097.0
KEN,2024,Kenyan Arab,40760,0.001055682403491501,38610097.0
KEN,2024,Kenyan Asian,46782,0.001211651967618729,38610097.0
KEN,2024,Kenyan European,5166,0.00013379919765547335,38610097.0
KEN,2024,Kenyan Somali,2385572,0.061786221360697426,38610097.0
KEN,2024,Kikuyu,6622576,0.17152445900356061,38610097.0
KEN,2024,Kisii,2205669,0.05712674070723001,38610097.0
KEN,2024,Konso,1758,4.553213114175807e-05,38610097.0
KEN,2024,Kuria,260401,0.006744375700480626,38610097.0
KEN,2024,Leysan,5941,0.00015387166729987752,38610097.0
KEN,2024,Luhya,5338666,0.13827124029240329,38610097.0
KEN,2024,Luo,4044440,0.10475083758530829,38610097.0
KEN,2024,Masai,841622,0.02179797683491963,38610097.0
KEN,2024,Mbere,168155,0.004355207913619072,38610097.0
KEN,2024,Meru,1658108,0.04294493225437895,38610097.0
KEN,2024,Mijikenda,1960574,0.05077878980723616,38610097.0
KEN,2024,Njemp,5228,0.0001354049952270257,38610097.0
KEN,2024,Nubi,15463,0.0004004910943373179,38610097.0
KEN,2024,Orma,66275,0.0017165199041069485,38610097.0
KEN,2024,Rendile,60437,0.0015653159327727144,38610097.0
KEN,2024,Sakuye,26784,0.0006937045509106076,38610097.0
KEN,2024,Samburu,237179,0.006142926810051783,38610097.0
KEN,2024,Swahili/Shirazi,110614,0.0028648982674143496,38610097.0
KEN,2024,Taita,273519,0.0070841313866681025,38610097.0
KEN,2024,Taveta,20828,0.0005394443841982577,38610097.0
KEN,2024,Teso,338833,0.00877576142841599,38610097.0
KEN,2024,Tharaka,175905,0.004555932610063113,38610097.0
KEN,2024,Turkana,988592,0.0256044940783236,38610097.0
KEN,2024,Waat,6900,0.0001787097297372757,38610097.0
KEN,2024,Walwana,16803,0.0004351970418515135,38610097.0
LAO,2000,Akha,82251,0.016132744644148628,5098415.0
LAO,2000,Alack,18493,0.003627224336196525,5098415.0
LAO,2000,Bid,1731,0.0003395950070700166,5098415.0
LAO,2000,Brao,20651,0.004050528799273993,5098415.0
LAO,2000,Hanyi,769,0.00015083648435729606,5098415.0
LAO,2000,Harak,19298,0.0037851419659472407,5098415.0
LAO,2000,Hayi,1250,0.00024525404997062197,5098415.0
LAO,2000,Hmong,380713,0.07467273817555371,5098415.0
LAO,2000,Hor,9692,0.0019009412733843201,5098415.0
LAO,2000,Iewmien,24893,0.0048824418150040325,5098415.0
LAO,2000,Jeng,7056,0.0013838801493050257,5098415.0
LAO,2000,Katang,106812,0.020950013702951478,5098415.0
LAO,2000,Katu,19806,0.003884716488772307,5098415.0
LAO,2000,Khir,1827,0.0003582632690747321,5098415.0
LAO,2000,Khmu,557505,0.1093487780415299,5098415.0
LAO,2000,Kmer,4816,0.0009445179881788297,5098415.0
LAO,2000,Kor,73674,0.014450316163509695,5098415.0
LAO,2000,Kree,636,0.00012479133089201617,5098415.0
LAO,2000,Kriang,11680,0.002290829106176434,5098415.0
LAO,2000,Kui,6985,0.0013701001650765227,5098415.0
LAO,2000,Lahu,13819,0.0027104320149015063,5098415.0
LAO,2000,Lamed,18318,0.0035929150763587756,5098415.0
LAO,2000,Lao,2730191,0.5354980731267522,5098415.0
LAO,2000,Lavae,19552,0.0038348815086315436,5098415.0
LAO,2000,Laven,45156,0.008856906284099493,5098415.0
LAO,2000,Lavy,841,0.00016490113914060042,5098415.0
LAO,2000,Leu,122213,0.0239707767567435,5098415.0
LAO,2000,Lolo,1551,0.0003041674021761461,5098415.0
LAO,2000,Makong,104877,0.020570529573259347,5098415.0
LAO,2000,Mone,242,4.743326991410425e-05,5098415.0
LAO,2000,Moy,484,9.4984295574052e-05,5098415.0
LAO,2000,Musir,9698,0.0019021396995047705,5098415.0
LAO,2000,Ngae,13584,0.0026643508155899387,5098415.0
LAO,2000,Nguane,1076,0.0002111023559650753,5098415.0
LAO,2000,Nhahem,5947,0.0011665136910803775,5098415.0
LAO,2000,Nhuane,27971,0.005486217115270715,5098415.0
LAO,2000,Not Stated,49554,0.009719525960773264,5098415.0
LAO,2000,Oedou,589,0.00011543971503288342,5098415.0
LAO,2000,Oey,18512,0.0036309444928170707,5098415.0
LAO,2000,Other,11367,0.0022294539801660344,5098415.0
LAO,2000,Pako,14964,0.0029349820763887135,5098415.0
LAO,2000,Phong,23853,0.00467860691416996,5098415.0
LAO,2000,Phounoy,39713,0.007789329831286198,5098415.0
LAO,2000,Phutai,348234,0.06830238926985971,5098415.0
LAO,2000,Pray,19880,0.003899336568491326,5098415.0
LAO,2000,Sadang,863,0.00016932703018840282,5098415.0
LAO,2000,Samtao,2835,0.0005560789894713909,5098415.0
LAO,2000,Sida,1975,0.00038733527321563473,5098415.0
LAO,2000,Sila,2665,0.000522769372082657,5098415.0
LAO,2000,Singsily,33960,0.0066608181954335675,5098415.0
LAO,2000,Talieng,25734,0.0050473808091547525,5098415.0
LAO,2000,Taoey,31795,0.006236251527608218,5098415.0
LAO,2000,Thai,195208,0.0382879205234026,5098415.0
LAO,2000,Thaneua,13421,0.002632345674532576,5098415.0
LAO,2000,Thin,13157,0.002580551731599848,5098415.0
LAO,2000,Toum,3420,0.0006708054451874832,5098415.0
LAO,2000,Tri,23747,0.00465771331350155,5098415.0
LAO,2000,Triang,26421,0.005182158178379084,5098415.0
LAO,2000,Unknown,26840,0.005264437200973672,5098415.0
LAO,2000,Xaek,3222,0.0006320103190217451,5098415.0
LAO,2000,Xingmoon,7135,0.0013993588459497708,5098415.0
LAO,2000,Xuay,44775,0.008782134823163298,5098415.0
LAO,2000,Yae,9258,0.0018158267304753464,5098415.0
LAO,2000,Yang,5373,0.0010538772363208565,5098415.0
LAO,2000,Yao,25259,0.004954262961304944,5098415.0
LAO,2000,Yrou,42782,0.00839116880843802,5098415.0
LAO,2005,Akha,90698,0.016132744644148628,5621982.0
LAO,2005,Alack,20392,0.003627224336196525,5621982.0
LAO,2005,Bid,1964,0.0003493429897143036,5621982.0
LAO,2005,Brao,22772,0.004050528799273993,5621982.0
LAO,2005,Hanyi,848,0.00015083648435729606,5621982.0
LAO,2005,Harak,21280,0.0037851419659472407,5621982.0
LAO,2005,Hayi,1379,0.00024525404997062197,5621982.0
LAO,2005,Hmong,451946,0.08038908698035675,5621982.0
LAO,2005,Hor,10437,0.0018564627207984657,5621982.0
LAO,2005,Iewmien,27449,0.0048824418150040325,5621982.0
LAO,2005,Jeng,7559,0.0013445436146896238,5621982.0
LAO,2005,Katang,118276,0.02103813210358909,5621982.0
LAO,2005,Katu,22759,0.004048216447509081,5621982.0
LAO,2005,Khir,2014,0.0003582632690747321,5621982.0
LAO,2005,Khmu,613893,0.1091951201551339,5621982.0
LAO,2005,Kmer,5825,0.001036111463892983,5621982.0
LAO,2005,Kor,81239,0.014450316163509695,5621982.0
LAO,2005,Kree,495,8.804724027931786e-05,5621982.0
LAO,2005,Kriang,12879,0.002290829106176434,5621982.0
LAO,2005,Kui,7703,0.0013701001650765227,5621982.0
LAO,2005,Lahu,15238,0.0027104320149015063,5621982.0
LAO,2005,Lamed,19827,0.003526692187915223,5621982.0
LAO,2005,Lao,3067005,0.5455380326724631,5621982.0
LAO,2005,Lavae,21560,0.0038348815086315436,5621982.0
LAO,2005,Laven,49793,0.008856906284099493,5621982.0
LAO,2005,Lavy,1193,0.00021220274273379034,5621982.0
LAO,2005,Leu,123054,0.021888010313800364,5621982.0
LAO,2005,Lolo,1691,0.00030078360265116465,5621982.0
LAO,2005,Makong,117842,0.020960935129283587,5621982.0
LAO,2005,Mone,267,4.743326991410425e-05,5621982.0
LAO,2005,Moy,534,9.4984295574052e-05,5621982.0
LAO,2005,Musir,10694,0.0019021396995047705,5621982.0
LAO,2005,Ngae,14979,0.0026643508155899387,5621982.0
LAO,2005,Nguane,722,0.00012842445955892423,5621982.0
LAO,2005,Nhahem,6785,0.0012068697480710538,5621982.0
LAO,2005,Nhuane,29442,0.0052369431278862155,5621982.0
LAO,2005,Not Stated,54643,0.009719525960773264,5621982.0
LAO,2005,Oedou,649,0.00011543971503288342,5621982.0
LAO,2005,Oey,22458,0.003994676610490749,5621982.0
LAO,2005,Other,12532,0.0022291071013745686,5621982.0
LAO,2005,Pako,16750,0.002979376312481968,5621982.0
LAO,2005,Phong,26314,0.0046805557186060005,5621982.0
LAO,2005,Phounoy,43791,0.007789329831286198,5621982.0
LAO,2005,Phutai,187391,0.03333183919834678,5621982.0
LAO,2005,Pray,21922,0.003899336568491326,5621982.0
LAO,2005,Sadang,938,0.00016684507349899023,5621982.0
LAO,2005,Samtao,3533,0.0006284260604178384,5621982.0
LAO,2005,Sida,2178,0.00038733527321563473,5621982.0
LAO,2005,Sila,2939,0.000522769372082657,5621982.0
LAO,2005,Singsily,37447,0.0066608181954335675,5621982.0
LAO,2005,Talieng,28376,0.0050473808091547525,5621982.0
LAO,2005,Taoey,32177,0.005723426364581032,5621982.0
LAO,2005,Thai,215254,0.0382879205234026,5621982.0
LAO,2005,Thaneua,14799,0.002632345674532576,5621982.0
LAO,2005,Thin,514,9.142683132034218e-05,5621982.0
LAO,2005,Toum,4458,0.0007929587821519172,5621982.0
LAO,2005,Tri,26680,0.00474565731444889,5621982.0
LAO,2005,Triang,29134,0.005182158178379084,5621982.0
LAO,2005,Unknown,29597,0.005264437200973672,5621982.0
LAO,2005,Xaek,3733,0.0006640007029549365,5621982.0
LAO,2005,Xingmoon,8565,0.0015234840666512274,5621982.0
LAO,2005,Xuay,42834,0.007619021192170306,5621982.0
LAO,2005,Yae,10570,0.001880119858085636,5621982.0
LAO,2005,Yang,6160,0.0010956989901426224,5621982.0
LAO,2005,Yao,27853,0.004954262961304944,5621982.0
LAO,2005,Yrou,47175,0.00839116880843802,5621982.0
LAO,2010,Akha,90698,0.016132744644148628,5621982.0
LAO,2010,Alack,20392,0.003627224336196525,5621982.0
LAO,2010,Bid,1964,0.0003493429897143036,5621982.0
LAO,2010,Brao,22772,0.004050528799273993,5621982.0
LAO,2010,Hanyi,848,0.00015083648435729606,5621982.0
LAO,2010,Harak,21280,0.0037851419659472407,5621982.0
LAO,2010,Hayi,1379,0.00024525404997062197,5621982.0
LAO,2010,Hmong,451946,0.08038908698035675,5621982.0
LAO,2010,Hor,10437,0.0018564627207984657,5621982.0
LAO,2010,Iewmien,27449,0.0048824418150040325,5621982.0
LAO,2010,Jeng,7559,0.0013445436146896238,5621982.0
LAO,2010,Katang,118276,0.02103813210358909,5621982.0
LAO,2010,Katu,22759,0.004048216447509081,5621982.0
LAO,2010,Khir,2014,0.0003582632690747321,5621982.0
LAO,2010,Khmu,613893,0.1091951201551339,5621982.0
LAO,2010,Kmer,5825,0.001036111463892983,5621982.0
LAO,2010,Kor,81239,0.014450316163509695,5621982.0
LAO,2010,Kree,495,8.804724027931786e-05,5621982.0
LAO,2010,Kriang,12879,0.002290829106176434,5621982.0
LAO,2010,Kui,7703,0.0013701001650765227,5621982.0
LAO,2010,Lahu,15238,0.0027104320149015063,5621982.0
LAO,2010,Lamed,19827,0.003526692187915223,5621982.0
LAO,2010,Lao,3067005,0.5455380326724631,5621982.0
LAO,2010,Lavae,21560,0.0038348815086315436,5621982.0
LAO,2010,Laven,49793,0.008856906284099493,5621982.0
LAO,2010,Lavy,1193,0.00021220274273379034,5621982.0
LAO,2010,Leu,123054,0.021888010313800364,5621982.0
LAO,2010,Lolo,1691,0.00030078360265116465,5621982.0
LAO,2010,Makong,117842,0.020960935129283587,5621982.0
LAO,2010,Mone,267,4.743326991410425e-05,5621982.0
LAO,2010,Moy,534,9.4984295574052e-05,5621982.0
LAO,2010,Musir,10694,0.0019021396995047705,5621982.0
LAO,2010,Ngae,14979,0.0026643508155899387,5621982.0
LAO,2010,Nguane,722,0.00012842445955892423,5621982.0
LAO,2010,Nhahem,6785,0.0012068697480710538,5621982.0
LAO,2010,Nhuane,29442,0.0052369431278862155,5621982.0
LAO,2010,Not Stated,54643,0.009719525960773264,5621982.0
LAO,2010,Oedou,649,0.00011543971503288342,5621982.0
LAO,2010,Oey,22458,0.003994676610490749,5621982.0
LAO,2010,Other,12532,0.0022291071013745686,5621982.0
LAO,2010,Pako,16750,0.002979376312481968,5621982.0
LAO,2010,Phong,26314,0.0046805557186060005,5621982.0
LAO,2010,Phounoy,43791,0.007789329831286198,5621982.0
LAO,2010,Phutai,187391,0.03333183919834678,5621982.0
LAO,2010,Pray,21922,0.003899336568491326,5621982.0
LAO,2010,Sadang,938,0.00016684507349899023,5621982.0
LAO,2010,Samtao,3533,0.0006284260604178384,5621982.0
LAO,2010,Sida,2178,0.00038733527321563473,5621982.0
LAO,2010,Sila,2939,0.000522769372082657,5621982.0
LAO,2010,Singsily,37447,0.0066608181954335675,5621982.0
LAO,2010,Talieng,28376,0.0050473808091547525,5621982.0
LAO,2010,Taoey,32177,0.005723426364581032,5621982.0
LAO,2010,Thai,215254,0.0382879205234026,5621982.0
LAO,2010,Thaneua,14799,0.002632345674532576,5621982.0
LAO,2010,Thin,514,9.142683132034218e-05,5621982.0
LAO,2010,Toum,4458,0.0007929587821519172,5621982.0
LAO,2010,Tri,26680,0.00474565731444889,5621982.0
LAO,2010,Triang,29134,0.005182158178379084,5621982.0
LAO,2010,Unknown,29597,0.005264437200973672,5621982.0
LAO,2010,Xaek,3733,0.0006640007029549365,5621982.0
LAO,2010,Xingmoon,8565,0.0015234840666512274,5621982.0
LAO,2010,Xuay,42834,0.007619021192170306,5621982.0
LAO,2010,Yae,10570,0.001880119858085636,5621982.0
LAO,2010,Yang,6160,0.0010956989901426224,5621982.0
LAO,2010,Yao,27853,0.004954262961304944,5621982.0
LAO,2010,Yrou,47175,0.00839116880843802,5621982.0
LAO,2015,Akha,90698,0.016132744644148628,5621982.0
LAO,2015,Alack,20392,0.003627224336196525,5621982.0
LAO,2015,Bid,1964,0.0003493429897143036,5621982.0
LAO,2015,Brao,22772,0.004050528799273993,5621982.0
LAO,2015,Hanyi,848,0.00015083648435729606,5621982.0
LAO,2015,Harak,21280,0.0037851419659472407,5621982.0
LAO,2015,Hayi,1379,0.00024525404997062197,5621982.0
LAO,2015,Hmong,451946,0.08038908698035675,5621982.0
LAO,2015,Hor,10437,0.0018564627207984657,5621982.0
LAO,2015,Iewmien,27449,0.0048824418150040325,5621982.0
LAO,2015,Jeng,7559,0.0013445436146896238,5621982.0
LAO,2015,Katang,118276,0.02103813210358909,5621982.0
LAO,2015,Katu,22759,0.004048216447509081,5621982.0
LAO,2015,Khir,2014,0.0003582632690747321,5621982.0
LAO,2015,Khmu,613893,0.1091951201551339,5621982.0
LAO,2015,Kmer,5825,0.001036111463892983,5621982.0
LAO,2015,Kor,81239,0.014450316163509695,5621982.0
LAO,2015,Kree,495,8.804724027931786e-05,5621982.0
LAO,2015,Kriang,12879,0.002290829106176434,5621982.0
LAO,2015,Kui,7703,0.0013701001650765227,5621982.0
LAO,2015,Lahu,15238,0.0027104320149015063,5621982.0
LAO,2015,Lamed,19827,0.003526692187915223,5621982.0
LAO,2015,Lao,3067005,0.5455380326724631,5621982.0
LAO,2015,Lavae,21560,0.0038348815086315436,5621982.0
LAO,2015,Laven,49793,0.008856906284099493,5621982.0
LAO,2015,Lavy,1193,0.00021220274273379034,5621982.0
LAO,2015,Leu,123054,0.021888010313800364,5621982.0
LAO,2015,Lolo,1691,0.00030078360265116465,5621982.0
LAO,2015,Makong,117842,0.020960935129283587,5621982.0
LAO,2015,Mone,267,4.743326991410425e-05,5621982.0
LAO,2015,Moy,534,9.4984295574052e-05,5621982.0
LAO,2015,Musir,10694,0.0019021396995047705,5621982.0
LAO,2015,Ngae,14979,0.0026643508155899387,5621982.0
LAO,2015,Nguane,722,0.00012842445955892423,5621982.0
LAO,2015,Nhahem,6785,0.0012068697480710538,5621982.0
LAO,2015,Nhuane,29442,0.0052369431278862155,5621982.0
LAO,2015,Not Stated,54643,0.009719525960773264,5621982.0
LAO,2015,Oedou,649,0.00011543971503288342,5621982.0
LAO,2015,Oey,22458,0.003994676610490749,5621982.0
LAO,2015,Other,12532,0.0022291071013745686,5621982.0
LAO,2015,Pako,16750,0.002979376312481968,5621982.0
LAO,2015,Phong,26314,0.0046805557186060005,5621982.0
LAO,2015,Phounoy,43791,0.007789329831286198,5621982.0
LAO,2015,Phutai,187391,0.03333183919834678,5621982.0
LAO,2015,Pray,21922,0.003899336568491326,5621982.0
LAO,2015,Sadang,938,0.00016684507349899023,5621982.0
LAO,2015,Samtao,3533,0.0006284260604178384,5621982.0
LAO,2015,Sida,2178,0.00038733527321563473,5621982.0
LAO,2015,Sila,2939,0.000522769372082657,5621982.0
LAO,2015,Singsily,37447,0.0066608181954335675,5621982.0
LAO,2015,Talieng,28376,0.0050473808091547525,5621982.0
LAO,2015,Taoey,32177,0.005723426364581032,5621982.0
LAO,2015,Thai,215254,0.0382879205234026,5621982.0
LAO,2015,Thaneua,14799,0.002632345674532576,5621982.0
LAO,2015,Thin,514,9.142683132034218e-05,5621982.0
LAO,2015,Toum,4458,0.0007929587821519172,5621982.0
LAO,2015,Tri,26680,0.00474565731444889,5621982.0
LAO,2015,Triang,29134,0.005182158178379084,5621982.0
LAO,2015,Unknown,29597,0.005264437200973672,5621982.0
LAO,2015,Xaek,3733,0.0006640007029549365,5621982.0
LAO,2015,Xingmoon,8565,0.0015234840666512274,5621982.0
LAO,2015,Xuay,42834,0.007619021192170306,5621982.0
LAO,2015,Yae,10570,0.001880119858085636,5621982.0
LAO,2015,Yang,6160,0.0010956989901426224,5621982.0
LAO,2015,Yao,27853,0.004954262961304944,5621982.0
LAO,2015,Yrou,47175,0.00839116880843802,5621982.0
LAO,2020,Akha,90698,0.016132744644148628,5621982.0
LAO,2020,Alack,20392,0.003627224336196525,5621982.0
LAO,2020,Bid,1964,0.0003493429897143036,5621982.0
LAO,2020,Brao,22772,0.004050528799273993,5621982.0
LAO,2020,Hanyi,848,0.00015083648435729606,5621982.0
LAO,2020,Harak,21280,0.0037851419659472407,5621982.0
LAO,2020,Hayi,1379,0.00024525404997062197,5621982.0
LAO,2020,Hmong,451946,0.08038908698035675,5621982.0
LAO,2020,Hor,10437,0.0018564627207984657,5621982.0
LAO,2020,Iewmien,27449,0.0048824418150040325,5621982.0
LAO,2020,Jeng,7559,0.0013445436146896238,5621982.0
LAO,2020,Katang,118276,0.02103813210358909,5621982.0
LAO,2020,Katu,22759,0.004048216447509081,5621982.0
LAO,2020,Khir,2014,0.0003582632690747321,5621982.0
LAO,2020,Khmu,613893,0.1091951201551339,5621982.0
LAO,2020,Kmer,5825,0.001036111463892983,5621982.0
LAO,2020,Kor,81239,0.014450316163509695,5621982.0
LAO,2020,Kree,495,8.804724027931786e-05,5621982.0
LAO,2020,Kriang,12879,0.002290829106176434,5621982.0
LAO,2020,Kui,7703,0.0013701001650765227,5621982.0
LAO,2020,Lahu,15238,0.0027104320149015063,5621982.0
LAO,2020,Lamed,19827,0.003526692187915223,5621982.0
LAO,2020,Lao,3067005,0.5455380326724631,5621982.0
LAO,2020,Lavae,21560,0.0038348815086315436,5621982.0
LAO,2020,Laven,49793,0.008856906284099493,5621982.0
LAO,2020,Lavy,1193,0.00021220274273379034,5621982.0
LAO,2020,Leu,123054,0.021888010313800364,5621982.0
LAO,2020,Lolo,1691,0.00030078360265116465,5621982.0
LAO,2020,Makong,117842,0.020960935129283587,5621982.0
LAO,2020,Mone,267,4.743326991410425e-05,5621982.0
LAO,2020,Moy,534,9.4984295574052e-05,5621982.0
LAO,2020,Musir,10694,0.0019021396995047705,5621982.0
LAO,2020,Ngae,14979,0.0026643508155899387,5621982.0
LAO,2020,Nguane,722,0.00012842445955892423,5621982.0
LAO,2020,Nhahem,6785,0.0012068697480710538,5621982.0
LAO,2020,Nhuane,29442,0.0052369431278862155,5621982.0
LAO,2020,Not Stated,54643,0.009719525960773264,5621982.0
LAO,2020,Oedou,649,0.00011543971503288342,5621982.0
LAO,2020,Oey,22458,0.003994676610490749,5621982.0
LAO,2020,Other,12532,0.0022291071013745686,5621982.0
LAO,2020,Pako,16750,0.002979376312481968,5621982.0
LAO,2020,Phong,26314,0.0046805557186060005,5621982.0
LAO,2020,Phounoy,43791,0.007789329831286198,5621982.0
LAO,2020,Phutai,187391,0.03333183919834678,5621982.0
LAO,2020,Pray,21922,0.003899336568491326,5621982.0
LAO,2020,Sadang,938,0.00016684507349899023,5621982.0
LAO,2020,Samtao,3533,0.0006284260604178384,5621982.0
LAO,2020,Sida,2178,0.00038733527321563473,5621982.0
LAO,2020,Sila,2939,0.000522769372082657,5621982.0
LAO,2020,Singsily,37447,0.0066608181954335675,5621982.0
LAO,2020,Talieng,28376,0.0050473808091547525,5621982.0
LAO,2020,Taoey,32177,0.005723426364581032,5621982.0
LAO,2020,Thai,215254,0.0382879205234026,5621982.0
LAO,2020,Thaneua,14799,0.002632345674532576,5621982.0
LAO,2020,Thin,514,9.142683132034218e-05,5621982.0
LAO,2020,Toum,4458,0.0007929587821519172,5621982.0
LAO,2020,Tri,26680,0.00474565731444889,5621982.0
LAO,2020,Triang,29134,0.005182158178379084,5621982.0
LAO,2020,Unknown,29597,0.005264437200973672,5621982.0
LAO,2020,Xaek,3733,0.0006640007029549365,5621982.0
LAO,2020,Xingmoon,8565,0.0015234840666512274,5621982.0
LAO,2020,Xuay,42834,0.007619021192170306,5621982.0
LAO,2020,Yae,10570,0.001880119858085636,5621982.0
LAO,2020,Yang,6160,0.0010956989901426224,5621982.0
LAO,2020,Yao,27853,0.004954262961304944,5621982.0
LAO,2020,Yrou,47175,0.00839116880843802,5621982.0
LAO,2024,Akha,113972,0.01497361030764038,7611536.600000054
LAO,2024,Alack,25625,0.0033666090244783985,7611536.600000054
LAO,2024,Bid,2730,0.0003586236188713866,7611536.600000054
LAO,2024,Brao,28616,0.003759499150208238,7611536.600000054
LAO,2024,Hanyi,1066,0.00013999891442897355,7611536.600000054
LAO,2024,Harak,26741,0.003513180305481789,7611536.600000054
LAO,2024,Hayi,1733,0.00022763259765365572,7611536.600000054
LAO,2024,Hmong,721380,0.09477454313088525,7611536.600000054
LAO,2024,Hor,11921,0.0015662017057886176,7611536.600000054
LAO,2024,Iewmien,34493,0.004531639389340678,7611536.600000054
LAO,2024,Jeng,8443,0.0011091996278376317,7611536.600000054
LAO,2024,Katang,150993,0.019837337727017318,7611536.600000054
LAO,2024,Katu,32988,0.004334012519538177,7611536.600000054
LAO,2024,Khir,2531,0.00033252212794504613,7611536.600000054
LAO,2024,Khmu,767300,0.10080752667865259,7611536.600000054
LAO,2024,Kmer,9779,0.0012847145850647828,7611536.600000054
LAO,2024,Kor,102086,0.013412063962288657,7611536.600000054
LAO,2024,Kree,0,0.0,7611536.600000054
LAO,2024,Kriang,16184,0.002126233512890036,7611536.600000054
LAO,2024,Kui,9679,0.0012716587540936846,7611536.600000054
LAO,2024,Lahu,19148,0.0025156880401753525,7611536.600000054
LAO,2024,Lamed,23137,0.003039733896713489,7611536.600000054
LAO,2024,Lao,4123564,0.5417518829335506,7611536.600000054
LAO,2024,Lavae,27092,0.003559346072402617,7611536.600000054
LAO,2024,Laven,62571,0.008220539415622528,7611536.600000054
LAO,2024,Lavy,2769,0.00036378739427543545,7611536.600000054
LAO,2024,Leu,98718,0.012969504927122932,7611536.600000054
LAO,2024,Lolo,2034,0.0002672378014670078,7611536.600000054
LAO,2024,Makong,158562,0.020831845307322037,7611536.600000054
LAO,2024,Mone,335,4.402519936795302e-05,7611536.600000054
LAO,2024,Moy,671,8.815969375598099e-05,7611536.600000054
LAO,2024,Musir,13438,0.0017654713589858398,7611536.600000054
LAO,2024,Ngae,18823,0.00247291776541926,7611536.600000054
LAO,2024,Nguane,0,0.0,7611536.600000054
LAO,2024,Nhahem,9609,0.001262491042813507,7611536.600000054
LAO,2024,Nhuane,30305,0.003981487783928763,7611536.600000054
LAO,2024,Not Stated,68665,0.009021180048516984,7611536.600000054
LAO,2024,Oedou,816,0.00010714539559481585,7611536.600000054
LAO,2024,Oey,37986,0.0049905324850057055,7611536.600000054
LAO,2024,Other,15739,0.0020677227898884243,7611536.600000054
LAO,2024,Pako,22240,0.002921885920164658,7611536.600000054
LAO,2024,Phong,33119,0.004351132143171319,7611536.600000054
LAO,2024,Phounoy,55029,0.007229668108188968,7611536.600000054
LAO,2024,Phutai,0,0.0,7611536.600000054
LAO,2024,Pray,27547,0.0036191700496603285,7611536.600000054
LAO,2024,Sadang,1112,0.00014610350102833386,7611536.600000054
LAO,2024,Samtao,6382,0.0008384397852800286,7611536.600000054
LAO,2024,Sida,2736,0.0003595053146544367,7611536.600000054
LAO,2024,Sila,3693,0.00048520850177683167,7611536.600000054
LAO,2024,Singsily,47056,0.0061822397979030335,7611536.600000054
LAO,2024,Talieng,35658,0.0046847275511769735,7611536.600000054
LAO,2024,Taoey,26667,0.003503480002650968,7611536.600000054
LAO,2024,Thai,270491,0.03553694142275268,7611536.600000054
LAO,2024,Thaneua,18597,0.002443212187068844,7611536.600000054
LAO,2024,Thin,0,0.0,7611536.600000054
LAO,2024,Toum,8881,0.0011668161108363121,7611536.600000054
LAO,2024,Tri,35887,0.004714858749360693,7611536.600000054
LAO,2024,Triang,36610,0.004809821194544476,7611536.600000054
LAO,2024,Unknown,37191,0.004886188486533552,7611536.600000054
LAO,2024,Xaek,5550,0.0007291215407801731,7611536.600000054
LAO,2024,Xingmoon,14095,0.0018518080824193738,7611536.600000054
LAO,2024,Xuay,22601,0.0029693283039354448,7611536.600000054
LAO,2024,Yae,15008,0.001971793621843051,7611536.600000054
LAO,2024,Yang,8863,0.0011644773505604055,7611536.600000054
LAO,2024,Yao,35000,0.004598300201265692,7611536.600000054
LAO,2024,Yrou,59281,0.0077882650804089945,7611536.600000054
LKA,2000,Bharatha,1428,8.433434732656436e-05,16929689.0
LKA,2000,Burgher,35283,0.0020840902629693904,16929689.0
LKA,2000,Indian Tamil,855025,0.050504471759640714,16929689.0
LKA,2000,Malay,54782,0.0032358538895782434,16929689.0
LKA,2000,Other,26087,0.0015409024938378962,16929689.0
LKA,2000,Sinhalese,13876245,0.8196396874154038,16929689.0
LKA,2000,Sri Lanka Chetty,10787,0.0006371646874316475,16929689.0
LKA,2000,Sri Lanka Moor,1339331,0.07911137647005802,16929689.0
LKA,2000,Sri Lanka Tamil,732149,0.0432464530210803,16929689.0
LKA,2005,Bharatha,1524,8.433434732656436e-05,18072939.0
LKA,2005,Burgher,36441,0.002016342676220737,18072939.0
LKA,2005,Indian Tamil,856917,0.04741436185995851,18072939.0
LKA,2005,Malay,52046,0.0028797509229922295,18072939.0
LKA,2005,Other,23956,0.001325492001629335,18072939.0
LKA,2005,Sinhalese,14387997,0.7961072246936006,18072939.0
LKA,2005,Sri Lanka Chetty,9333,0.0005163801611206378,18072939.0
LKA,2005,Sri Lanka Moor,1513211,0.08372798626550831,18072939.0
LKA,2005,Sri Lanka Tamil,1192531,0.06598434996986083,18072939.0
LKA,2010,Bharatha,1621,8.433434732656436e-05,19216189.0
LKA,2010,Burgher,37445,0.0019485950894720832,19216189.0
LKA,2010,Indian Tamil,851743,0.04432425196027631,19216189.0
LKA,2010,Malay,48495,0.002523647956406215,19216189.0
LKA,2010,Other,21332,0.001110081509420774,19216189.0
LKA,2010,Sinhalese,14845943,0.7725747619717973,19216189.0
LKA,2010,Sri Lanka Chetty,7602,0.00039559563480962804,19216189.0
LKA,2010,Sri Lanka Moor,1697646,0.08834459606095861,19216189.0
LKA,2010,Sri Lanka Tamil,1704903,0.08872224691864135,19216189.0
LKA,2015,Bharatha,1717,8.433434732656436e-05,20359439.0
LKA,2015,Burgher,38293,0.0018808475027234297,20359439.0
LKA,2015,Indian Tamil,839504,0.04123414206059411,20359439.0
LKA,2015,Malay,44130,0.002167544989820201,20359439.0
LKA,2015,Other,18215,0.000894671017212213,20359439.0
LKA,2015,Sinhalese,15250081,0.7490422992499941,20359439.0
LKA,2015,Sri Lanka Chetty,5595,0.00027481110849861826,20359439.0
LKA,2015,Sri Lanka Moor,1892638,0.09296120585640891,20359439.0
LKA,2015,Sri Lanka Tamil,2269266,0.11146014386742188,20359439.0
LKA,2020,Bharatha,1717,8.433434732656436e-05,20359439.0
LKA,2020,Burgher,38293,0.0018808475027234297,20359439.0
LKA,2020,Indian Tamil,839504,0.04123414206059411,20359439.0
LKA,2020,Malay,44130,0.002167544989820201,20359439.0
LKA,2020,Other,18215,0.000894671017212213,20359439.0
LKA,2020,Sinhalese,15250081,0.7490422992499941,20359439.0
LKA,2020,Sri Lanka Chetty,5595,0.00027481110849861826,20359439.0
LKA,2020,Sri Lanka Moor,1892638,0.09296120585640891,20359439.0
LKA,2020,Sri Lanka Tamil,2269266,0.11146014386742188,20359439.0
LKA,2024,Bharatha,2032,8.433194533360678e-05,24100984.45454538
LKA,2024,Burgher,39985,0.0016590808729749075,24100984.45454538
LKA,2024,Indian Tamil,750027,0.031120168732901025,24100984.45454538
LKA,2024,Malay,24151,0.0010020885570887802,24100984.45454538
LKA,2024,Other,4572,0.00018968582178446563,24100984.45454538
LKA,2024,Sinhalese,16196050,0.6720078261766642,24100984.45454538
LKA,2024,Sri Lanka Chetty,0,0.0,24100984.45454538
LKA,2024,Sri Lanka Moor,2604522,0.10806703261159613,24100984.45454538
LKA,2024,Sri Lanka Tamil,4479645,0.1858697852816567,24100984.45454538
MYS,2000,Chinese,5691908,0.24455354722232606,23274690.0
MYS,2000,Indian,1680132,0.07218708390960309,23274690.0
MYS,2000,Malay,11680421,0.5018507657889321,23274690.0
MYS,2000,Non-Malaysian citizens,1384774,0.05949699007806334,23274690.0
MYS,2000,Other,269697,0.011587565720531616,23274690.0
MYS,2000,Other Bumi,2567758,0.1103240472805438,23274690.0
MYS,2005,Chinese,5962866,0.23494681249403399,25379643.0
MYS,2005,Indian,1771629,0.06980511624899892,25379643.0
MYS,2005,Malay,12721691,0.5012556951901244,25379643.0
MYS,2005,Non-Malaysian citizens,1795703,0.07075368208998924,25379643.0
MYS,2005,Other,231962,0.009139693420493799,25379643.0
MYS,2005,Other Bumi,2895792,0.11409900055635974,25379643.0
MYS,2010,Chinese,6193381,0.22534007776574194,27484596.0
MYS,2010,Indian,1853098,0.06742314858839475,27484596.0
MYS,2010,Malay,13760455,0.5006606245913165,27484596.0
MYS,2010,Non-Malaysian citizens,2254022,0.08201037410191513,27484596.0
MYS,2010,Other,183922,0.006691821120455982,27484596.0
MYS,2010,Other Bumi,3239718,0.11787395383217567,27484596.0
MYS,2015,Chinese,6558908,0.21887839743010057,29965990.5
MYS,2015,Indian,1933162,0.06451186837028394,29965990.5
MYS,2015,Malay,15311189,0.5109522083282662,29965990.5
MYS,2015,Non-Malaysian citizens,2471397,0.082473397817403,29965990.5
MYS,2015,Other,199837,0.006668782341729027,29965990.5
MYS,2015,Other Bumi,3491498,0.11651534571221732,29965990.5
MYS,2020,Chinese,6892367,0.21241671709445922,32447385.0
MYS,2020,Indian,1998778,0.061600588152173126,32447385.0
MYS,2020,Malay,16912998,0.5212437920652158,32447385.0
MYS,2020,Non-Malaysian citizens,2691070,0.08293642153289087,32447385.0
MYS,2020,Other,215637,0.006645743563002072,32447385.0
MYS,2020,Other Bumi,3736535,0.11515673759225897,32447385.0
MYS,2024,Chinese,7000056,0.20494099960466872,34156443.50000024
MYS,2024,Indian,2037764,0.05965972651985567,34156443.50000024
MYS,2024,Malay,17812364,0.5214935125418861,34156443.50000024
MYS,2024,Non-Malaysian citizens,3115826,0.09122219725600357,34156443.50000024
MYS,2024,Other,165628,0.004849101291059083,34156443.50000024
MYS,2024,Other Bumi,4024806,0.1178344627865268,34156443.50000024
NPL,2000,Aathpahariya,4583,0.00020154586155849745,22736934.0
NPL,2000,Adibas/Janajati,5259,0.0002312976762830028,22736934.0
NPL,2000,Amat,36229,0.0015934055346180562,22736934.0
NPL,2000,Badhae,45975,0.002022040438697671,22736934.0
NPL,2000,Badi,4442,0.00019536495114072988,22736934.0
NPL,2000,Bahing,5104,0.00022448464709484226,22736934.0
NPL,2000,Bania,126971,0.00558435011510347,22736934.0
NPL,2000,Baniyan,41830,0.0018397317458185062,22736934.0
NPL,2000,Bankariya,140,6.171870547895464e-06,22736934.0
NPL,2000,Bantar,35839,0.0015762459441541238,22736934.0
NPL,2000,Bantar/Sardar,48092,0.0021151343249334862,22736934.0
NPL,2000,Bantawa,12255,0.0005389757396798266,22736934.0
NPL,2000,Barae,35434,0.0015584335161460204,22736934.0
NPL,2000,Beldar,2368,0.00010413317141088069,22736934.0
NPL,2000,Bengali,9860,0.0004336556547158029,22736934.0
NPL,2000,Bhediya/Gaderi,17729,0.0007797445337176948,22736934.0
NPL,2000,Bhote,12332,0.0005423702684811692,22736934.0
NPL,2000,Bhote Sherpa,19261,0.0008471238910224219,22736934.0
NPL,2000,Bhumihar,25103,0.001104044776509367,22736934.0
NPL,2000,Bing/Binda,18720,0.0008233300057078936,22736934.0
NPL,2000,Bishwokarma,1146031,0.05040395235617673,22736934.0
NPL,2000,Bote,7969,0.00035048700937426305,22736934.0
NPL,2000,Brahman (Terai),134496,0.005915309425624405,22736934.0
NPL,2000,Brahman (hill),2896477,0.12739083466574694,22736934.0
NPL,2000,Brahmu/Baramu,7383,0.00032471396539216765,22736934.0
NPL,2000,Buryat-Bouriates,2103,9.24926817309669e-05,22736934.0
NPL,2000,Byasi/Sauka,4458,0.00019605975440481257,22736934.0
NPL,2000,Chai/Khulaut,3746,0.00016475465545909835,22736934.0
NPL,2000,Chamar,269661,0.011860042343439974,22736934.0
NPL,2000,Chamar/Harijan/Ram,306585,0.013483994179514616,22736934.0
NPL,2000,Chamling,9494,0.00041756133073483865,22736934.0
NPL,2000,Chepang,52237,0.0022974513626155576,22736934.0
NPL,2000,Chepang/Praja,65771,0.002892687149459183,22736934.0
NPL,2000,Chhantel,9814,0.00043163251474451214,22736934.0
NPL,2000,Chhantyal/Chhantel,9326,0.00041018937424707467,22736934.0
NPL,2000,Chhetri,3593496,0.15804663900594512,22736934.0
NPL,2000,Chidmiar,12296,0.000540794110586766,22736934.0
NPL,2000,Chumba/Nubri,3441,0.000151347981102281,22736934.0
NPL,2000,Churoute,4893,0.0002152005191201241,22736934.0
NPL,2000,Dalit/Unidentified Dalit,173401,0.00762640204699543,22736934.0
NPL,2000,Damai,390305,0.017166122749883515,22736934.0
NPL,2000,Danuwar,53229,0.0023410808159094803,22736934.0
NPL,2000,Darai,14859,0.0006535181920306406,22736934.0
NPL,2000,Dev,5783,0.0002543496429127142,22736934.0
NPL,2000,Dhagar/Jhagar,41764,0.001836835168717119,22736934.0
NPL,2000,Dhandi,1824,8.02000289529305e-05,22736934.0
NPL,2000,Dhankar/ Dharikar,3189,0.00014023861411606916,22736934.0
NPL,2000,Dhanuk,188150,0.008275082295616463,22736934.0
NPL,2000,Dhimai,19537,0.0008592627308501665,22736934.0
NPL,2000,Dhobi,73413,0.0032287994502688887,22736934.0
NPL,2000,Dhunia,1231,5.4140984883889795e-05,22736934.0
NPL,2000,Dhusadh,158525,0.006972136172801487,22736934.0
NPL,2000,Dolpo,4536,0.00019948857137586562,22736934.0
NPL,2000,Dom,8931,0.0003927970235564742,22736934.0
NPL,2000,Done,1657,7.2862360634877e-05,22736934.0
NPL,2000,Dura,5169,0.0002273393589478687,22736934.0
NPL,2000,Gaine,5887,0.0002589179350214941,22736934.0
NPL,2000,Gangain,31318,0.0013774064700192207,22736934.0
NPL,2000,Ghale,27625,0.0012149670055229325,22736934.0
NPL,2000,Ghart/bhujel,117568,0.005170793916189404,22736934.0
NPL,2000,Gharti/Bhujel,93744,0.004122980966842723,22736934.0
NPL,2000,Gondh/Gond,9563,0.0004206129778390759,22736934.0
NPL,2000,Gurung,543571,0.023906961246402,22736934.0
NPL,2000,Hajam/Thakur,98169,0.004317600605253109,22736934.0
NPL,2000,Halkhor,3621,0.0001592563007835621,22736934.0
NPL,2000,Haluwai,50583,0.0022247062862565375,22736934.0
NPL,2000,Hayu,1821,8.008995408088004e-05,22736934.0
NPL,2000,Hyolmo/Yholmopa,7655,0.0003366755383876976,22736934.0
NPL,2000,Jaine,1015,4.464102327956795e-05,22736934.0
NPL,2000,Jirel,5316,0.0002338046105952544,22736934.0
NPL,2000,Kahar,34531,0.0015187183988835083,22736934.0
NPL,2000,Kalar,726,3.192228600050376e-05,22736934.0
NPL,2000,Kalwar,115606,0.00508450259828348,22736934.0
NPL,2000,Kamar,8761,0.00038532020192344317,22736934.0
NPL,2000,Kami,895954,0.0394052249964749,22736934.0
NPL,2000,Kanu,95826,0.004214552410628451,22736934.0
NPL,2000,Karmarong,1296,5.702122622861198e-05,22736934.0
NPL,2000,Kathabaniyan,40903,0.0017989631120326856,22736934.0
NPL,2000,Kayastha,46071,0.0020262626438551476,22736934.0
NPL,2000,Kewarat,6868,0.0003020444869800619,22736934.0
NPL,2000,Kewat,136953,0.006023371488873566,22736934.0
NPL,2000,Khaling,4591,0.00020192303142531326,22736934.0
NPL,2000,Khatik,7135,0.0003138053291907738,22736934.0
NPL,2000,Khatway,74972,0.003297366302774156,22736934.0
NPL,2000,Khatwe,96720,0.004253858910627817,22736934.0
NPL,2000,Khawas,17581,0.00077323251514217,22736934.0
NPL,2000,Kisan,2876,0.00012649022950939648,22736934.0
NPL,2000,Koche,1429,6.284928302118482e-05,22736934.0
NPL,2000,Koiri,251274,0.011051358111872075,22736934.0
NPL,2000,Koiri/Kushwaha,277312,0.012196541983223622,22736934.0
NPL,2000,Kshetri,3739775,0.16448017866056558,22736934.0
NPL,2000,Kulung,26030,0.0011448134102951875,22736934.0
NPL,2000,Kumal,99389,0.004371257795796038,22736934.0
NPL,2000,Kumhar,54413,0.0023931546795183554,22736934.0
NPL,2000,Kurmi,212842,0.009361068647162366,22736934.0
NPL,2000,Kusunda,164,7.212933810688811e-06,22736934.0
NPL,2000,Lepcha,3660,0.00016097157162878688,22736934.0
NPL,2000,Lhomi,277,1.2172300247238277e-05,22736934.0
NPL,2000,Lhopa,1084,4.7660555897637195e-05,22736934.0
NPL,2000,Limbu,359379,0.01580595695092399,22736934.0
NPL,2000,Lodha,24738,0.001088009491517194,22736934.0
NPL,2000,Lohar,82637,0.0036344829958164103,22736934.0
NPL,2000,Loharung,2025,8.908066490795787e-05,22736934.0
NPL,2000,Magar,1622421,0.07135619076872898,22736934.0
NPL,2000,Majhi,72614,0.0031936583885936423,22736934.0
NPL,2000,Mali,11390,0.0005009470494130827,22736934.0
NPL,2000,Mallah,115986,0.005101215493698491,22736934.0
NPL,2000,Marwadi,43971,0.001933901906035352,22736934.0
NPL,2000,Meche,3763,0.00016550164591232926,22736934.0
NPL,2000,Mewahang,4465,0.00019636834793220734,22736934.0
NPL,2000,Mijar,352561,0.015506104700023433,22736934.0
NPL,2000,Moslem,971056,0.042708308868733134,22736934.0
NPL,2000,Mugal/Mugum,1656,7.282807246516648e-05,22736934.0
NPL,2000,Munda,660,2.9027660457650096e-05,22736934.0
NPL,2000,Musahar,172434,0.007583872126294601,22736934.0
NPL,2000,Musalman,1106012,0.04864383774042608,22736934.0
NPL,2000,Nachhiring,5691,0.0002503036388868716,22736934.0
NPL,2000,Natuwa,2258,9.929853948169591e-05,22736934.0
NPL,2000,Newari,1245232,0.054766926798485674,22736934.0
NPL,2000,Nunia,66873,0.0029411617239158104,22736934.0
NPL,2000,Nurang,17522,0.0007706404038468863,22736934.0
NPL,2000,Oraon/Kudukh,36517,0.0016060578692412418,22736934.0
NPL,2000,Other,111714,0.004913323278670448,22736934.0
NPL,2000,Pahari,11505,0.0005060048993413097,22736934.0
NPL,2000,Pariyar,441205,0.019404772460619866,22736934.0
NPL,2000,Patharkata/Kuswadiya,552,2.427767965548917e-05,22736934.0
NPL,2000,Patharkatt/ Kushwadiya,2606,0.00011462535134230298,22736934.0
NPL,2000,Phree,718,3.1579404303398456e-05,22736934.0
NPL,2000,Pun,7661,0.0003369498437453818,22736934.0
NPL,2000,Rai,499474,0.021967538841124325,22736934.0
NPL,2000,Raikirati,635151,0.027934769041419567,22736934.0
NPL,2000,Rajbansi,95812,0.004213936672376319,22736934.0
NPL,2000,Rajbhar,24263,0.0010671183722484306,22736934.0
NPL,2000,Rajdhob,11999,0.0005277292200147727,22736934.0
NPL,2000,Raji,2399,0.00010551114763318572,22736934.0
NPL,2000,Rajput,48454,0.002131070090628754,22736934.0
NPL,2000,Ranatharu,64948,0.002856478842244863,22736934.0
NPL,2000,Rauniyar,21251,0.0009346269299696365,22736934.0
NPL,2000,Raute,658,2.8939697850202672e-05,22736934.0
NPL,2000,Sampang,3774,0.00016598902956867746,22736934.0
NPL,2000,Santha/satar,42698,0.0018779137063950663,22736934.0
NPL,2000,Sanyasi,199127,0.008757865066591652,22736934.0
NPL,2000,Sarbaria,4516,0.00019863136713310235,22736934.0
NPL,2000,Sarki,318989,0.014029552093523252,22736934.0
NPL,2000,Sherpa,154622,0.006800477144367838,22736934.0
NPL,2000,Sikh,3054,0.00013431890157221727,22736934.0
NPL,2000,Sonar,145088,0.006381159394665965,22736934.0
NPL,2000,Sudhi,89846,0.003951544214360652,22736934.0
NPL,2000,Sundi,83714,0.00368186366351675,22736934.0
NPL,2000,Sunuwari,95254,0.004189395104898488,22736934.0
NPL,2000,Surel,248,1.0903637967948653e-05,22736934.0
NPL,2000,Tajpuriya,13250,0.0005827522743391875,22736934.0
NPL,2000,Tamang,1282304,0.05639740169013113,22736934.0
NPL,2000,Tatma,76512,0.0033650975105086727,22736934.0
NPL,2000,Teli,304536,0.013393890310804438,22736934.0
NPL,2000,Thakali,12973,0.0005705694532077192,22736934.0
NPL,2000,Thakkuri,334120,0.014695033200166742,22736934.0
NPL,2000,Thami,22999,0.0010115260043416583,22736934.0
NPL,2000,Tharu,1533879,0.06746199817442404,22736934.0
NPL,2000,Thulung,4864,0.00021392389082399888,22736934.0
NPL,2000,Topkegola,501,2.201300495416049e-05,22736934.0
NPL,2000,Unknown,231641,0.010187873175864432,22736934.0
NPL,2000,Walung,1148,5.049053667482168e-05,22736934.0
NPL,2000,Yadav,895423,0.03938187092419761,22736934.0
NPL,2000,Yakkha,17003,0.0007478141072142796,22736934.0
NPL,2000,Yamphu,7103,0.0003123995142326421,22736934.0
NPL,2000,Yehlmo,579,2.54651748560294e-05,22736934.0
NPL,2005,Aathpahariya,4832,0.00020154586155849745,23974623.333333332
NPL,2005,Adibas/Janajati,5545,0.0002312976762830028,23974623.333333332
NPL,2005,Amat,38201,0.0015934055346180562,23974623.333333332
NPL,2005,Badhae,41060,0.0017126394079323517,23974623.333333332
NPL,2005,Badi,14786,0.000616733497119136,23974623.333333332
NPL,2005,Bahing,5382,0.00022448464709484226,23974623.333333332
NPL,2005,Bania,131143,0.005470058104675809,23974623.333333332
NPL,2005,Baniyan,44107,0.0018397317458185062,23974623.333333332
NPL,2005,Bankariya,148,6.171870547895464e-06,23974623.333333332
NPL,2005,Bantar,41842,0.001745272920971637,23974623.333333332
NPL,2005,Bantar/Sardar,50710,0.0021151343249334862,23974623.333333332
NPL,2005,Bantawa,12922,0.0005389757396798266,23974623.333333332
NPL,2005,Barae,49260,0.002054670786513344,23974623.333333332
NPL,2005,Beldar,2497,0.00010413317141088069,23974623.333333332
NPL,2005,Bengali,14963,0.0006241005938813489,23974623.333333332
NPL,2005,Bhediya/Gaderi,20432,0.0008522178177610243,23974623.333333332
NPL,2005,Bhote,13003,0.0005423702684811692,23974623.333333332
NPL,2005,Bhote Sherpa,51713,0.002156973462907888,23974623.333333332
NPL,2005,Bhumihar,26469,0.001104044776509367,23974623.333333332
NPL,2005,Bing/Binda,35879,0.0014965236498566566,23974623.333333332
NPL,2005,Bishwokarma,1208416,0.05040395235617673,23974623.333333332
NPL,2005,Bote,8743,0.00036468509149005675,23974623.333333332
NPL,2005,Brahman (Terai),135063,0.005633596200065425,23974623.333333332
NPL,2005,Brahman (hill),3011067,0.12559392450936113,23974623.333333332
NPL,2005,Brahmu/Baramu,7649,0.00031905946003459067,23974623.333333332
NPL,2005,Buryat-Bouriates,2217,9.24926817309669e-05,23974623.333333332
NPL,2005,Byasi/Sauka,4700,0.00019605975440481257,23974623.333333332
NPL,2005,Chai/Khulaut,3950,0.00016475465545909835,23974623.333333332
NPL,2005,Chamar,291046,0.012139750656202142,23974623.333333332
NPL,2005,Chamar/Harijan/Ram,323274,0.013483994179514616,23974623.333333332
NPL,2005,Chamling,10011,0.00041756133073483865,23974623.333333332
NPL,2005,Chepang,57386,0.0023936253548886744,23974623.333333332
NPL,2005,Chepang/Praja,69351,0.002892687149459183,23974623.333333332
NPL,2005,Chhantel,10467,0.00043658927708858334,23974623.333333332
NPL,2005,Chhantyal/Chhantel,9834,0.00041018937424707467,23974623.333333332
NPL,2005,Chhetri,3854890,0.1607904205527225,23974623.333333332
NPL,2005,Chidmiar,9022,0.00037633280850938265,23974623.333333332
NPL,2005,Chumba/Nubri,3629,0.000151347981102281,23974623.333333332
NPL,2005,Churoute,5159,0.0002152005191201241,23974623.333333332
NPL,2005,Dalit/Unidentified Dalit,168832,0.007042100271443791,23974623.333333332
NPL,2005,Damai,417237,0.017403274829409957,23974623.333333332
NPL,2005,Danuwar,62832,0.002620770873362439,23974623.333333332
NPL,2005,Darai,15518,0.0006472603791925819,23974623.333333332
NPL,2005,Dev,6098,0.0002543496429127142,23974623.333333332
NPL,2005,Dhagar/Jhagar,40665,0.0016961887535645085,23974623.333333332
NPL,2005,Dhandi,1923,8.02000289529305e-05,23974623.333333332
NPL,2005,Dhankar/ Dharikar,3362,0.00014023861411606916,23974623.333333332
NPL,2005,Dhanuk,198674,0.008286828441303963,23974623.333333332
NPL,2005,Dhimai,21679,0.0009042595648830163,23974623.333333332
NPL,2005,Dhobi,84563,0.003527189447653249,23974623.333333332
NPL,2005,Dhunia,5351,0.00022318912385364798,23974623.333333332
NPL,2005,Dhusadh,174556,0.007280856808375583,23974623.333333332
NPL,2005,Dolpo,4783,0.00019948857137586562,23974623.333333332
NPL,2005,Dom,10287,0.000429073239355843,23974623.333333332
NPL,2005,Done,1747,7.2862360634877e-05,23974623.333333332
NPL,2005,Dura,5263,0.00021953688318183227,23974623.333333332
NPL,2005,Gaine,6190,0.000258194810953244,23974623.333333332
NPL,2005,Gangain,33191,0.0013844083108656936,23974623.333333332
NPL,2005,Ghale,29128,0.0012149670055229325,23974623.333333332
NPL,2005,Ghart/bhujel,118494,0.004942469933141468,23974623.333333332
NPL,2005,Gharti/Bhujel,98847,0.004122980966842723,23974623.333333332
NPL,2005,Gondh/Gond,10084,0.0004206129778390759,23974623.333333332
NPL,2005,Gurung,540016,0.022524501706559553,23974623.333333332
NPL,2005,Hajam/Thakur,104588,0.004362433057513467,23974623.333333332
NPL,2005,Halkhor,3755,0.00015661824837764522,23974623.333333332
NPL,2005,Haluwai,60898,0.0025400876647923122,23974623.333333332
NPL,2005,Hayu,2164,9.025530371400816e-05,23974623.333333332
NPL,2005,Hyolmo/Yholmopa,8072,0.0003366755383876976,23974623.333333332
NPL,2005,Jaine,1070,4.464102327956795e-05,23974623.333333332
NPL,2005,Jirel,5481,0.00022863596047752535,23974623.333333332
NPL,2005,Kahar,40335,0.0016824095687631225,23974623.333333332
NPL,2005,Kalar,765,3.192228600050376e-05,23974623.333333332
NPL,2005,Kalwar,120010,0.005005698522407251,23974623.333333332
NPL,2005,Kamar,6699,0.00027940061180374646,23974623.333333332
NPL,2005,Kami,1010073,0.04213094274919679,23974623.333333332
NPL,2005,Kanu,105184,0.004387319635243061,23974623.333333332
NPL,2005,Karmarong,1367,5.702122622861198e-05,23974623.333333332
NPL,2005,Kathabaniyan,43129,0.0017989631120326856,23974623.333333332
NPL,2005,Kayastha,45772,0.001909178204283789,23974623.333333332
NPL,2005,Kewarat,7241,0.0003020444869800619,23974623.333333332
NPL,2005,Kewat,142732,0.005953476246175679,23974623.333333332
NPL,2005,Khaling,4841,0.00020192303142531326,23974623.333333332
NPL,2005,Khatik,7523,0.0003138053291907738,23974623.333333332
NPL,2005,Khatway,83194,0.0034700903564672454,23974623.333333332
NPL,2005,Khatwe,101985,0.004253858910627817,23974623.333333332
NPL,2005,Khawas,18538,0.00077323251514217,23974623.333333332
NPL,2005,Kisan,2547,0.00010624238197295148,23974623.333333332
NPL,2005,Koche,1499,6.250443538993317e-05,23974623.333333332
NPL,2005,Koiri,269208,0.011228857226847156,23974623.333333332
NPL,2005,Koiri/Kushwaha,292408,0.012196541983223622,23974623.333333332
NPL,2005,Kshetri,3943350,0.16448017866056558,23974623.333333332
NPL,2005,Kulung,27446,0.0011448134102951875,23974623.333333332
NPL,2005,Kumal,106484,0.0044415315467353795,23974623.333333332
NPL,2005,Kumhar,57103,0.0023818132051450598,23974623.333333332
NPL,2005,Kurmi,219451,0.009153491039170982,23974623.333333332
NPL,2005,Kusunda,198,8.249075966511878e-06,23974623.333333332
NPL,2005,Lepcha,3614,0.0001507296267003321,23974623.333333332
NPL,2005,Lhomi,292,1.2172300247238277e-05,23974623.333333332
NPL,2005,Lhopa,1143,4.7660555897637195e-05,23974623.333333332
NPL,2005,Limbu,369646,0.01541821163728339,23974623.333333332
NPL,2005,Lodha,27311,0.001139164456437439,23974623.333333332
NPL,2005,Lohar,88733,0.0037011360152464272,23974623.333333332
NPL,2005,Loharung,2136,8.908066490795787e-05,23974623.333333332
NPL,2005,Magar,1710847,0.07136074793857641,23974623.333333332
NPL,2005,Majhi,76342,0.0031842661931397614,23974623.333333332
NPL,2005,Mali,12537,0.0005229375901715783,23974623.333333332
NPL,2005,Mallah,133882,0.005584313629686583,23974623.333333332
NPL,2005,Marwadi,46453,0.0019375728662815444,23974623.333333332
NPL,2005,Meche,4116,0.00017167027978257245,23974623.333333332
NPL,2005,Mewahang,4708,0.00019636834793220734,23974623.333333332
NPL,2005,Mijar,371753,0.015506104700023433,23974623.333333332
NPL,2005,Moslem,1062867,0.04433299866403562,23974623.333333332
NPL,2005,Mugal/Mugum,1746,7.282807246516648e-05,23974623.333333332
NPL,2005,Munda,1174,4.896739836819082e-05,23974623.333333332
NPL,2005,Musahar,192062,0.008011050003152777,23974623.333333332
NPL,2005,Musalman,1166218,0.04864383774042608,23974623.333333332
NPL,2005,Nachhiring,6001,0.0002503036388868716,23974623.333333332
NPL,2005,Natuwa,2381,9.929853948169591e-05,23974623.333333332
NPL,2005,Newari,1274750,0.053170804381635454,23974623.333333332
NPL,2005,Nunia,68322,0.002849747320243344,23974623.333333332
NPL,2005,Nurang,12401,0.0005172637346248204,23974623.333333332
NPL,2005,Oraon/Kudukh,38505,0.0016060578692412418,23974623.333333332
NPL,2005,Other,117795,0.004913323278670448,23974623.333333332
NPL,2005,Pahari,12174,0.0005077839716757536,23974623.333333332
NPL,2005,Pariyar,465222,0.019404772460619866,23974623.333333332
NPL,2005,Patharkata/Kuswadiya,1349,5.628593589376787e-05,23974623.333333332
NPL,2005,Patharkatt/ Kushwadiya,2748,0.00011462535134230298,23974623.333333332
NPL,2005,Phree,757,3.1579404303398456e-05,23974623.333333332
NPL,2005,Pun,8078,0.0003369498437453818,23974623.333333332
NPL,2005,Rai,526663,0.021967538841124325,23974623.333333332
NPL,2005,Raikirati,633810,0.026436713741775537,23974623.333333332
NPL,2005,Rajbansi,102171,0.004261616146877846,23974623.333333332
NPL,2005,Rajbhar,19939,0.0008316642869619376,23974623.333333332
NPL,2005,Rajdhob,12652,0.0005277292200147727,23974623.333333332
NPL,2005,Raji,2966,0.00012371190156986397,23974623.333333332
NPL,2005,Rajput,46742,0.0019496610538194724,23974623.333333332
NPL,2005,Ranatharu,68483,0.002856478842244863,23974623.333333332
NPL,2005,Rauniyar,22407,0.0009346269299696365,23974623.333333332
NPL,2005,Raute,649,2.7081411084386214e-05,23974623.333333332
NPL,2005,Sampang,3980,0.00016598902956867746,23974623.333333332
NPL,2005,Santha/satar,45646,0.0019039272987572784,23974623.333333332
NPL,2005,Sanyasi,208811,0.008709679203479313,23974623.333333332
NPL,2005,Sarbaria,4762,0.00019863136713310235,23974623.333333332
NPL,2005,Sarki,337482,0.014076613451870293,23974623.333333332
NPL,2005,Sherpa,142818,0.00595704136605821,23974623.333333332
NPL,2005,Sikh,4315,0.00017998071015200553,23974623.333333332
NPL,2005,Sonar,121429,0.005064881249063386,23974623.333333332
NPL,2005,Sudhi,91291,0.0038078346805147734,23974623.333333332
NPL,2005,Sundi,88271,0.00368186366351675,23974623.333333332
NPL,2005,Sunuwari,83792,0.0034950346167171107,23974623.333333332
NPL,2005,Surel,261,1.0903637967948653e-05,23974623.333333332
NPL,2005,Tajpuriya,15119,0.0006306313025805205,23974623.333333332
NPL,2005,Tamang,1366645,0.05700381137964304,23974623.333333332
NPL,2005,Tatma,85468,0.0035649483349289076,23974623.333333332
NPL,2005,Teli,325772,0.013588213856179369,23974623.333333332
NPL,2005,Thakali,13112,0.0005469202656010658,23974623.333333332
NPL,2005,Thakkuri,363469,0.015160557329623308,23974623.333333332
NPL,2005,Thami,24830,0.001035673893657648,23974623.333333332
NPL,2005,Tharu,1603206,0.06687094608757842,23974623.333333332
NPL,2005,Thulung,5129,0.00021392389082399888,23974623.333333332
NPL,2005,Topkegola,528,2.201300495416049e-05,23974623.333333332
NPL,2005,Unknown,167455,0.006984694263976757,23974623.333333332
NPL,2005,Walung,1184,4.940074726724297e-05,23974623.333333332
NPL,2005,Yadav,958501,0.03997979696961254,23974623.333333332
NPL,2005,Yakkha,19305,0.0008052345864081198,23974623.333333332
NPL,2005,Yamphu,7490,0.0003123995142326421,23974623.333333332
NPL,2005,Yehlmo,3656,0.00015247771817111967,23974623.333333332
NPL,2010,Aathpahariya,5081,0.00020154586155849745,25212312.666666668
NPL,2010,Adibas/Janajati,5832,0.0002312976762830028,25212312.666666668
NPL,2010,Amat,40173,0.0015934055346180562,25212312.666666668
NPL,2010,Badhae,35379,0.0014032383771670322,25212312.666666668
NPL,2010,Badi,26173,0.001038102043097542,25212312.666666668
NPL,2010,Bahing,5660,0.00022448464709484226,25212312.666666668
NPL,2010,Bania,135031,0.005355766094248147,25212312.666666668
NPL,2010,Baniyan,46384,0.0018397317458185062,25212312.666666668
NPL,2010,Bankariya,156,6.171870547895464e-06,25212312.666666668
NPL,2010,Bantar,48264,0.0019142998977891503,25212312.666666668
NPL,2010,Bantar/Sardar,53327,0.0021151343249334862,25212312.666666668
NPL,2010,Bantawa,13589,0.0005389757396798266,25212312.666666668
NPL,2010,Barae,64314,0.002550908056880667,25212312.666666668
NPL,2010,Beldar,2625,0.00010413317141088069,25212312.666666668
NPL,2010,Bengali,20537,0.0008145455330468948,25212312.666666668
NPL,2010,Bhediya/Gaderi,23314,0.000924691101804354,25212312.666666668
NPL,2010,Bhote,13674,0.0005423702684811692,25212312.666666668
NPL,2010,Bhote Sherpa,87407,0.0034668230347933543,25212312.666666668
NPL,2010,Bhumihar,27836,0.001104044776509367,25212312.666666668
NPL,2010,Bing/Binda,54704,0.0021697172940054197,25212312.666666668
NPL,2010,Bishwokarma,1270800,0.05040395235617673,25212312.666666668
NPL,2010,Bote,9553,0.0003788831736058505,25212312.666666668
NPL,2010,Brahman (Terai),134933,0.0053518829745064465,25212312.666666668
NPL,2010,Brahman (hill),3121209,0.1237970143529753,25212312.666666668
NPL,2010,Brahmu/Baramu,7902,0.0003134049546770137,25212312.666666668
NPL,2010,Buryat-Bouriates,2332,9.24926817309669e-05,25212312.666666668
NPL,2010,Byasi/Sauka,4943,0.00019605975440481257,25212312.666666668
NPL,2010,Chai/Khulaut,4154,0.00016475465545909835,25212312.666666668
NPL,2010,Chamar,313123,0.012419458968964313,25212312.666666668
NPL,2010,Chamar/Harijan/Ram,339963,0.013483994179514616,25212312.666666668
NPL,2010,Chamling,10528,0.00041756133073483865,25212312.666666668
NPL,2010,Chepang,62774,0.0024897993471617915,25212312.666666668
NPL,2010,Chepang/Praja,72931,0.002892687149459183,25212312.666666668
NPL,2010,Chhantel,11132,0.0004415460394326546,25212312.666666668
NPL,2010,Chhantyal/Chhantel,10342,0.00041018937424707467,25212312.666666668
NPL,2010,Chhetri,4123075,0.16353420209949984,25212312.666666668
NPL,2010,Chidmiar,5342,0.0002118715064319993,25212312.666666668
NPL,2010,Chumba/Nubri,3816,0.000151347981102281,25212312.666666668
NPL,2010,Churoute,5426,0.0002152005191201241,25212312.666666668
NPL,2010,Dalit/Unidentified Dalit,162816,0.006457798495892152,25212312.666666668
NPL,2010,Damai,444756,0.017640426908936396,25212312.666666668
NPL,2010,Danuwar,73127,0.0029004609308153975,25212312.666666668
NPL,2010,Darai,16161,0.0006410025663545234,25212312.666666668
NPL,2010,Dev,6413,0.0002543496429127142,25212312.666666668
NPL,2010,Dhagar/Jhagar,39219,0.001555542338411898,25212312.666666668
NPL,2010,Dhandi,2022,8.02000289529305e-05,25212312.666666668
NPL,2010,Dhankar/ Dharikar,3536,0.00014023861411606916,25212312.666666668
NPL,2010,Dhanuk,209226,0.008298574586991462,25212312.666666668
NPL,2010,Dhimai,23933,0.0009492563989158662,25212312.666666668
NPL,2010,Dhobi,96452,0.00382557944503761,25212312.666666668
NPL,2010,Dhunia,9889,0.0003922372628234062,25212312.666666668
NPL,2010,Dhusadh,191351,0.007589577443949678,25212312.666666668
NPL,2010,Dolpo,5030,0.00019948857137586562,25212312.666666668
NPL,2010,Dom,11733,0.00046534945515521185,25212312.666666668
NPL,2010,Done,1837,7.2862360634877e-05,25212312.666666668
NPL,2010,Dura,5338,0.00021173440741579586,25212312.666666668
NPL,2010,Gaine,6491,0.0002574716868849939,25212312.666666668
NPL,2010,Gangain,35081,0.0013914101517121665,25212312.666666668
NPL,2010,Ghale,30632,0.0012149670055229325,25212312.666666668
NPL,2010,Ghart/bhujel,118855,0.004714145950093534,25212312.666666668
NPL,2010,Gharti/Bhujel,103950,0.004122980966842723,25212312.666666668
NPL,2010,Gondh/Gond,10605,0.0004206129778390759,25212312.666666668
NPL,2010,Gurung,533040,0.02114204216671711,25212312.666666668
NPL,2010,Hajam/Thakur,111117,0.0044072655097738235,25212312.666666668
NPL,2010,Halkhor,3882,0.00015398019597172833,25212312.666666668
NPL,2010,Haluwai,71993,0.0028554690433280874,25212312.666666668
NPL,2010,Hayu,2532,0.0001004206533471363,25212312.666666668
NPL,2010,Hyolmo/Yholmopa,8488,0.0003366755383876976,25212312.666666668
NPL,2010,Jaine,1126,4.464102327956795e-05,25212312.666666668
NPL,2010,Jirel,5634,0.00022346731035979633,25212312.666666668
NPL,2010,Kahar,46544,0.0018461007386427369,25212312.666666668
NPL,2010,Kalar,805,3.192228600050376e-05,25212312.666666668
NPL,2010,Kalwar,124218,0.004926894446531022,25212312.666666668
NPL,2010,Kamar,4374,0.00017348102168404973,25212312.666666668
NPL,2010,Kami,1130940,0.044856660501918694,25212312.666666668
NPL,2010,Kanu,114970,0.004560086859857671,25212312.666666668
NPL,2010,Karmarong,1438,5.702122622861198e-05,25212312.666666668
NPL,2010,Kathabaniyan,45356,0.0017989631120326856,25212312.666666668
NPL,2010,Kayastha,45183,0.0017920937647124306,25212312.666666668
NPL,2010,Kewarat,7615,0.0003020444869800619,25212312.666666668
NPL,2010,Kewat,148339,0.005883581003477792,25212312.666666668
NPL,2010,Khaling,5091,0.00020192303142531326,25212312.666666668
NPL,2010,Khatik,7912,0.0003138053291907738,25212312.666666668
NPL,2010,Khatway,91844,0.003642814410160335,25212312.666666668
NPL,2010,Khatwe,107250,0.004253858910627817,25212312.666666668
NPL,2010,Khawas,19495,0.00077323251514217,25212312.666666668
NPL,2010,Kisan,2168,8.599453443650649e-05,25212312.666666668
NPL,2010,Koche,1567,6.215958775868151e-05,25212312.666666668
NPL,2010,Koiri,287581,0.011406356341822238,25212312.666666668
NPL,2010,Koiri/Kushwaha,307503,0.012196541983223622,25212312.666666668
NPL,2010,Kshetri,4146926,0.16448017866056558,25212312.666666668
NPL,2010,Kulung,28863,0.0011448134102951875,25212312.666666668
NPL,2010,Kumal,113753,0.00451180529767472,25212312.666666668
NPL,2010,Kumhar,59765,0.002370471730771764,25212312.666666668
NPL,2010,Kurmi,225547,0.0089459134311796,25212312.666666668
NPL,2010,Kusunda,234,9.285218122334946e-06,25212312.666666668
NPL,2010,Lepcha,3542,0.00014048768177187733,25212312.666666668
NPL,2010,Lhomi,307,1.2172300247238277e-05,25212312.666666668
NPL,2010,Lhopa,1202,4.7660555897637195e-05,25212312.666666668
NPL,2010,Limbu,378953,0.01503046632364279,25212312.666666668
NPL,2010,Lodha,30011,0.001190319421357684,25212312.666666668
NPL,2010,Lohar,94995,0.003767789034676444,25212312.666666668
NPL,2010,Loharung,2246,8.908066490795787e-05,25212312.666666668
NPL,2010,Magar,1799284,0.07136530510842386,25212312.666666668
NPL,2010,Majhi,80046,0.003174873997685881,25212312.666666668
NPL,2010,Mali,13739,0.0005449281309300737,25212312.666666668
NPL,2010,Mallah,152973,0.0060674117656746756,25212312.666666668
NPL,2010,Marwadi,48943,0.001941243826527737,25212312.666666668
NPL,2010,Meche,4484,0.0001778389136528156,25212312.666666668
NPL,2010,Mewahang,4951,0.00019636834793220734,25212312.666666668
NPL,2010,Mijar,390945,0.015506104700023433,25212312.666666668
NPL,2010,Moslem,1158700,0.045957688459338106,25212312.666666668
NPL,2010,Mugal/Mugum,1836,7.282807246516648e-05,25212312.666666668
NPL,2010,Munda,1737,6.890713627873154e-05,25212312.666666668
NPL,2010,Musahar,212747,0.008438227880010953,25212312.666666668
NPL,2010,Musalman,1226424,0.04864383774042608,25212312.666666668
NPL,2010,Nachhiring,6311,0.0002503036388868716,25212312.666666668
NPL,2010,Natuwa,2504,9.929853948169591e-05,25212312.666666668
NPL,2010,Newari,1300317,0.05157468196478523,25212312.666666668
NPL,2010,Nunia,69544,0.0027583329165708774,25212312.666666668
NPL,2010,Nurang,6653,0.00026388706540275437,25212312.666666668
NPL,2010,Oraon/Kudukh,40492,0.0016060578692412418,25212312.666666668
NPL,2010,Other,123876,0.004913323278670448,25212312.666666668
NPL,2010,Pahari,12847,0.0005095630440101976,25212312.666666668
NPL,2010,Pariyar,489239,0.019404772460619866,25212312.666666668
NPL,2010,Patharkata/Kuswadiya,2226,8.829419213204657e-05,25212312.666666668
NPL,2010,Patharkatt/ Kushwadiya,2890,0.00011462535134230298,25212312.666666668
NPL,2010,Phree,796,3.1579404303398456e-05,25212312.666666668
NPL,2010,Pun,8495,0.0003369498437453818,25212312.666666668
NPL,2010,Rai,553852,0.021967538841124325,25212312.666666668
NPL,2010,Raikirati,628761,0.024938658442131504,25212312.666666668
NPL,2010,Rajbansi,108647,0.004309295621379374,25212312.666666668
NPL,2010,Rajbhar,15032,0.0005962102016754446,25212312.666666668
NPL,2010,Rajdhob,13305,0.0005277292200147727,25212312.666666668
NPL,2010,Raji,3578,0.00014191265550654223,25212312.666666668
NPL,2010,Rajput,44582,0.0017682520170101907,25212312.666666668
NPL,2010,Ranatharu,72018,0.002856478842244863,25212312.666666668
NPL,2010,Rauniyar,23564,0.0009346269299696365,25212312.666666668
NPL,2010,Raute,636,2.522312431856976e-05,25212312.666666668
NPL,2010,Sampang,4185,0.00016598902956867746,25212312.666666668
NPL,2010,Santha/satar,48658,0.0019299408911194903,25212312.666666668
NPL,2010,Sanyasi,218376,0.008661493340366972,25212312.666666668
NPL,2010,Sarbaria,5008,0.00019863136713310235,25212312.666666668
NPL,2010,Sarki,356091,0.014123674810217332,25212312.666666668
NPL,2010,Sherpa,128926,0.0051136055877485835,25212312.666666668
NPL,2010,Sikh,5689,0.0002256425187317938,25212312.666666668
NPL,2010,Sonar,94511,0.003748603103460806,25212312.666666668
NPL,2010,Sudhi,92381,0.0036641251466688948,25212312.666666668
NPL,2010,Sundi,92828,0.00368186366351675,25212312.666666668
NPL,2010,Sunuwari,70611,0.0028006741285357337,25212312.666666668
NPL,2010,Surel,275,1.0903637967948653e-05,25212312.666666668
NPL,2010,Tajpuriya,17107,0.0006785103308218534,25212312.666666668
NPL,2010,Tamang,1452487,0.057610221069154956,25212312.666666668
NPL,2010,Tatma,94919,0.0037647991593491425,25212312.666666668
NPL,2010,Teli,347490,0.013782537401554298,25212312.666666668
NPL,2010,Thakali,13193,0.0005232710779944122,25212312.666666668
NPL,2010,Thakkuri,393970,0.015626081459079875,25212312.666666668
NPL,2010,Thami,26721,0.001059821782973638,25212312.666666668
NPL,2010,Tharu,1671069,0.06627989400073281,25212312.666666668
NPL,2010,Thulung,5394,0.00021392389082399888,25212312.666666668
NPL,2010,Topkegola,555,2.201300495416049e-05,25212312.666666668
NPL,2010,Unknown,95341,0.00378151535208908,25212312.666666668
NPL,2010,Walung,1218,4.831095785966427e-05,25212312.666666668
NPL,2010,Yadav,1023058,0.04057772301502748,25212312.666666668
NPL,2010,Yakkha,21750,0.0008626550656019599,25212312.666666668
NPL,2010,Yamphu,7876,0.0003123995142326421,25212312.666666668
NPL,2010,Yehlmo,7047,0.00027949026148620993,25212312.666666668
NPL,2015,Aathpahariya,5513,0.00020154586155849745,27354860.666666668
NPL,2015,Adibas/Janajati,6327,0.0002312976762830028,27354860.666666668
NPL,2015,Amat,43587,0.0015934055346180562,27354860.666666668
NPL,2015,Badhae,36342,0.001328547815971502,27354860.666666668
NPL,2015,Badi,30202,0.0011040754949105597,27354860.666666668
NPL,2015,Bahing,6141,0.00022448464709484226,27354860.666666668
NPL,2015,Bania,143380,0.005241474083820486,27354860.666666668
NPL,2015,Baniyan,50326,0.0018397317458185062,27354860.666666668
NPL,2015,Bankariya,169,6.171870547895464e-06,27354860.666666668
NPL,2015,Bantar,56989,0.0020833268746066635,27354860.666666668
NPL,2015,Bantar/Sardar,57859,0.0021151343249334862,27354860.666666668
NPL,2015,Bantawa,14744,0.0005389757396798266,27354860.666666668
NPL,2015,Barae,76833,0.0028087544548929537,27354860.666666668
NPL,2015,Beldar,2849,0.00010413317141088069,27354860.666666668
NPL,2015,Bengali,22642,0.0008277192288100668,27354860.666666668
NPL,2015,Bhediya/Gaderi,29283,0.0010704853106366877,27354860.666666668
NPL,2015,Bhote,14836,0.0005423702684811692,27354860.666666668
NPL,2015,Bhote Sherpa,130665,0.00477667260667882,27354860.666666668
NPL,2015,Bhumihar,30201,0.001104044776509367,27354860.666666668
NPL,2015,Bing/Binda,82164,0.0030036276152724454,27354860.666666668
NPL,2015,Bishwokarma,1378793,0.05040395235617673,27354860.666666668
NPL,2015,Bote,10688,0.00039072624201481307,27354860.666666668
NPL,2015,Brahman (Terai),160549,0.005869137122811991,27354860.666666668
NPL,2015,Brahman (hill),3254222,0.11896321752251564,27354860.666666668
NPL,2015,Brahmu/Baramu,8069,0.0002949905414646438,27354860.666666668
NPL,2015,Buryat-Bouriates,2530,9.24926817309669e-05,27354860.666666668
NPL,2015,Byasi/Sauka,5363,0.00019605975440481257,27354860.666666668
NPL,2015,Chai/Khulaut,4507,0.00016475465545909835,27354860.666666668
NPL,2015,Chamar,347384,0.012699167281726481,27354860.666666668
NPL,2015,Chamar/Harijan/Ram,368853,0.013483994179514616,27354860.666666668
NPL,2015,Chamling,11422,0.00041756133073483865,27354860.666666668
NPL,2015,Chepang,70739,0.0025859733394349082,27354860.666666668
NPL,2015,Chepang/Praja,79129,0.002892687149459183,27354860.666666668
NPL,2015,Chhantel,12214,0.0004465028017767258,27354860.666666668
NPL,2015,Chhantyal/Chhantel,11221,0.00041018937424707467,27354860.666666668
NPL,2015,Chhetri,4548511,0.16627798364627722,27354860.666666668
NPL,2015,Chidmiar,1370,5.006526759724613e-05,27354860.666666668
NPL,2015,Chumba/Nubri,4140,0.000151347981102281,27354860.666666668
NPL,2015,Churoute,5887,0.0002152005191201241,27354860.666666668
NPL,2015,Dalit/Unidentified Dalit,160669,0.005873496720340513,27354860.666666668
NPL,2015,Damai,489039,0.017877578988462837,27354860.666666668
NPL,2015,Danuwar,83877,0.0030662712726177523,27354860.666666668
NPL,2015,Darai,17421,0.0006368356132570982,27354860.666666668
NPL,2015,Dev,6958,0.0002543496429127142,27354860.666666668
NPL,2015,Dhagar/Jhagar,38704,0.0014148959232592874,27354860.666666668
NPL,2015,Dhandi,2194,8.02000289529305e-05,27354860.666666668
NPL,2015,Dhankar/ Dharikar,3836,0.00014023861411606916,27354860.666666668
NPL,2015,Dhanuk,230372,0.008421620163410394,27354860.666666668
NPL,2015,Dhimai,26149,0.0009559193339281872,27354860.666666668
NPL,2015,Dhobi,106812,0.0039046985575705816,27354860.666666668
NPL,2015,Dhunia,14936,0.0005460082862815772,27354860.666666668
NPL,2015,Dhusadh,222506,0.008134046042829109,27354860.666666668
NPL,2015,Dolpo,5457,0.00019948857137586562,27354860.666666668
NPL,2015,Dom,15370,0.0005618734024394753,27354860.666666668
NPL,2015,Done,1993,7.2862360634877e-05,27354860.666666668
NPL,2015,Dura,5464,0.0001997420461513296,27354860.666666668
NPL,2015,Gaine,6862,0.00025083998556186496,27354860.666666668
NPL,2015,Gangain,38460,0.00140597715564664,27354860.666666668
NPL,2015,Ghale,33235,0.0012149670055229325,27354860.666666668
NPL,2015,Ghart/bhujel,122709,0.004485821967045598,27354860.666666668
NPL,2015,Gharti/Bhujel,112784,0.004122980966842723,27354860.666666668
NPL,2015,Gondh/Gond,11506,0.0004206129778390759,27354860.666666668
NPL,2015,Gurung,530363,0.019388243020212876,27354860.666666668
NPL,2015,Hajam/Thakur,123864,0.004528028447783173,27354860.666666668
NPL,2015,Halkhor,3676,0.00013437144540458877,27354860.666666668
NPL,2015,Haluwai,80272,0.0029344847587549874,27354860.666666668
NPL,2015,Hayu,2976,0.0001088007996007155,27354860.666666668
NPL,2015,Hyolmo/Yholmopa,9210,0.0003366755383876976,27354860.666666668
NPL,2015,Jaine,1221,4.464102327956795e-05,27354860.666666668
NPL,2015,Jirel,5867,0.00021446309066944772,27354860.666666668
NPL,2015,Kahar,55374,0.0020242759985502267,27354860.666666668
NPL,2015,Kalar,873,3.192228600050376e-05,27354860.666666668
NPL,2015,Kalwar,130593,0.004774044956545359,27354860.666666668
NPL,2015,Kamar,2024,7.398016961192296e-05,27354860.666666668
NPL,2015,Kami,1301609,0.04758237825464059,27354860.666666668
NPL,2015,Kanu,134105,0.004902424032084639,27354860.666666668
NPL,2015,Karmarong,1560,5.702122622861198e-05,27354860.666666668
NPL,2015,Kathabaniyan,49210,0.0017989631120326856,27354860.666666668
NPL,2015,Kayastha,41021,0.0014995803039747773,27354860.666666668
NPL,2015,Kewarat,8262,0.0003020444869800619,27354860.666666668
NPL,2015,Kewat,163642,0.005982204207623711,27354860.666666668
NPL,2015,Khaling,5524,0.00020192303142531326,27354860.666666668
NPL,2015,Khatik,8584,0.0003138053291907738,27354860.666666668
NPL,2015,Khatway,104374,0.0038155384638534242,27354860.666666668
NPL,2015,Khatwe,116364,0.004253858910627817,27354860.666666668
NPL,2015,Khawas,21152,0.00077323251514217,27354860.666666668
NPL,2015,Kisan,1661,6.0735192267332454e-05,27354860.666666668
NPL,2015,Koche,1392,5.0890519999892974e-05,27354860.666666668
NPL,2015,Koiri,217712,0.0079588157938371,27354860.666666668
NPL,2015,Koiri/Kushwaha,333635,0.012196541983223622,27354860.666666668
NPL,2015,Kshetri,4499332,0.16448017866056558,27354860.666666668
NPL,2015,Kulung,31316,0.0011448134102951875,27354860.666666668
NPL,2015,Kumal,124113,0.004537134095007777,27354860.666666668
NPL,2015,Kumhar,72951,0.0026668204233892484,27354860.666666668
NPL,2015,Kurmi,246207,0.009000481719195274,27354860.666666668
NPL,2015,Kusunda,267,9.772542497693402e-06,27354860.666666668
NPL,2015,Lepcha,3494,0.00012772484830370756,27354860.666666668
NPL,2015,Lhomi,333,1.2172300247238277e-05,27354860.666666668
NPL,2015,Lhopa,1304,4.7660555897637195e-05,27354860.666666668
NPL,2015,Limbu,396690,0.014501627717213389,27354860.666666668
NPL,2015,Lodha,35106,0.0012833622250847082,27354860.666666668
NPL,2015,Lohar,101405,0.0037070056782230396,27354860.666666668
NPL,2015,Loharung,2437,8.908066490795787e-05,27354860.666666668
NPL,2015,Magar,1931061,0.07059296189745201,27354860.666666668
NPL,2015,Majhi,92542,0.0033830066260236587,27354860.666666668
NPL,2015,Mali,16468,0.0006020189701840288,27354860.666666668
NPL,2015,Mallah,184179,0.006732958887474527,27354860.666666668
NPL,2015,Marwadi,46037,0.0016829575247576387,27354860.666666668
NPL,2015,Meche,4979,0.00018202452011763392,27354860.666666668
NPL,2015,Mewahang,5372,0.00019636834793220734,27354860.666666668
NPL,2015,Mijar,424167,0.015506104700023433,27354860.666666668
NPL,2015,Moslem,1301609,0.04758237825464059,27354860.666666668
NPL,2015,Mugal/Mugum,1992,7.282807246516648e-05,27354860.666666668
NPL,2015,Munda,2742,0.00010025132982321266,27354860.666666668
NPL,2015,Musahar,244519,0.00893876166487211,27354860.666666668
NPL,2015,Musalman,1330645,0.04864383774042608,27354860.666666668
NPL,2015,Nachhiring,6847,0.0002503036388868716,27354860.666666668
NPL,2015,Natuwa,2716,9.929853948169591e-05,27354860.666666668
NPL,2015,Newari,1330814,0.048650000427765384,27354860.666666668
NPL,2015,Nunia,82628,0.003020583233744938,27354860.666666668
NPL,2015,Nurang,203,7.41838882365195e-06,27354860.666666668
NPL,2015,Oraon/Kudukh,43933,0.0016060578692412418,27354860.666666668
NPL,2015,Other,134403,0.004913323278670448,27354860.666666668
NPL,2015,Pahari,14020,0.0005125070336309655,27354860.666666668
NPL,2015,Pariyar,530815,0.019404772460619866,27354860.666666668
NPL,2015,Patharkata/Kuswadiya,3291,0.00012030244837032527,27354860.666666668
NPL,2015,Patharkatt/ Kushwadiya,3136,0.00011462535134230298,27354860.666666668
NPL,2015,Phree,864,3.1579404303398456e-05,27354860.666666668
NPL,2015,Pun,9217,0.0003369498437453818,27354860.666666668
NPL,2015,Rai,600919,0.021967538841124325,27354860.666666668
NPL,2015,Raikirati,641214,0.023440603142487474,27354860.666666668
NPL,2015,Rajbansi,120902,0.004419775707089515,27354860.666666668
NPL,2015,Rajbhar,15721,0.0005746994383712702,27354860.666666668
NPL,2015,Rajdhob,14436,0.0005277292200147727,27354860.666666668
NPL,2015,Raji,4522,0.00016531789621763632,27354860.666666668
NPL,2015,Rajput,43501,0.00159024201366973,27354860.666666668
NPL,2015,Ranatharu,78139,0.002856478842244863,27354860.666666668
NPL,2015,Rauniyar,25567,0.0009346269299696365,27354860.666666668
NPL,2015,Raute,603,2.204559305388893e-05,27354860.666666668
NPL,2015,Sampang,4541,0.00016598902956867746,27354860.666666668
NPL,2015,Santha/satar,53588,0.001958987991024633,27354860.666666668
NPL,2015,Sanyasi,219247,0.008014927737759504,27354860.666666668
NPL,2015,Sarbaria,5434,0.00019863136713310235,27354860.666666668
NPL,2015,Sarki,387639,0.014170736168564372,27354860.666666668
NPL,2015,Sherpa,118717,0.004339881081784155,27354860.666666668
NPL,2015,Sikh,5525,0.0002019682053029344,27354860.666666668
NPL,2015,Sonar,73552,0.002688826401095259,27354860.666666668
NPL,2015,Sudhi,96300,0.003520415612823016,27354860.666666668
NPL,2015,Sundi,100717,0.00368186366351675,27354860.666666668
NPL,2015,Sunuwari,63083,0.002306102250855554,27354860.666666668
NPL,2015,Surel,298,1.0903637967948653e-05,27354860.666666668
NPL,2015,Tajpuriya,19809,0.0007241510373935648,27354860.666666668
NPL,2015,Tamang,1574375,0.0575537550759541,27354860.666666668
NPL,2015,Tatma,111701,0.004083408846040123,27354860.666666668
NPL,2015,Teli,389750,0.014247940344662199,27354860.666666668
NPL,2015,Thakali,12782,0.00046727372711561813,27354860.666666668
NPL,2015,Thakkuri,448051,0.016379227484612943,27354860.666666668
NPL,2015,Thami,30005,0.001096878961803717,27354860.666666668
NPL,2015,Tharu,1762936,0.06444688607591562,27354860.666666668
NPL,2015,Thulung,5852,0.00021392389082399888,27354860.666666668
NPL,2015,Topkegola,602,2.201300495416049e-05,27354860.666666668
NPL,2015,Unknown,11934,0.0004362584004129064,27354860.666666668
NPL,2015,Walung,1012,3.6978315511645406e-05,27354860.666666668
NPL,2015,Yadav,1135018,0.04149236398400598,27354860.666666668
NPL,2015,Yakkha,22238,0.00081294084424582,27354860.666666668
NPL,2015,Yamphu,8546,0.0003123995142326421,27354860.666666668
NPL,2015,Yehlmo,11120,0.0004065028048013002,27354860.666666668
NPL,2020,Aathpahariya,5696,0.00020154586155849745,28259719.333333332
NPL,2020,Adibas/Janajati,6536,0.0002312976762830028,28259719.333333332
NPL,2020,Amat,45029,0.0015934055346180562,28259719.333333332
NPL,2020,Badhae,44177,0.0015632582855412912,28259719.333333332
NPL,2020,Badi,21157,0.0007486804007451715,28259719.333333332
NPL,2020,Bahing,6344,0.00022448464709484226,28259719.333333332
NPL,2020,Bania,148123,0.005241474083820486,28259719.333333332
NPL,2020,Baniyan,51990,0.0018397317458185062,28259719.333333332
NPL,2020,Bankariya,174,6.171870547895464e-06,28259719.333333332
NPL,2020,Bantar,58874,0.0020833268746066635,28259719.333333332
NPL,2020,Bantar/Sardar,59773,0.0021151343249334862,28259719.333333332
NPL,2020,Bantawa,15231,0.0005389757396798266,28259719.333333332
NPL,2020,Barae,72638,0.0025703635825379168,28259719.333333332
NPL,2020,Beldar,2943,0.00010413317141088069,28259719.333333332
NPL,2020,Bengali,18381,0.0006504479854076929,28259719.333333332
NPL,2020,Bhediya/Gaderi,32324,0.0011438062354256918,28259719.333333332
NPL,2020,Bhote,15327,0.0005423702684811692,28259719.333333332
NPL,2020,Bhote Sherpa,134987,0.00477667260667882,28259719.333333332
NPL,2020,Bhumihar,31200,0.001104044776509367,28259719.333333332
NPL,2020,Bing/Binda,89423,0.003164344292390708,28259719.333333332
NPL,2020,Bishwokarma,1424402,0.05040395235617673,28259719.333333332
NPL,2020,Bote,10975,0.0003883712283079819,28259719.333333332
NPL,2020,Brahman (Terai),188439,0.006668104496676514,28259719.333333332
NPL,2020,Brahman (hill),3276046,0.1159263308484418,28259719.333333332
NPL,2020,Brahmu/Baramu,7976,0.00028223063360985096,28259719.333333332
NPL,2020,Buryat-Bouriates,2614,9.24926817309669e-05,28259719.333333332
NPL,2020,Byasi/Sauka,5541,0.00019605975440481257,28259719.333333332
NPL,2020,Chai/Khulaut,4656,0.00016475465545909835,28259719.333333332
NPL,2020,Chamar,358875,0.012699167281726481,28259719.333333332
NPL,2020,Chamar/Harijan/Ram,381054,0.013483994179514616,28259719.333333332
NPL,2020,Chamling,11800,0.00041756133073483865,28259719.333333332
NPL,2020,Chepang,73079,0.0025859733394349082,28259719.333333332
NPL,2020,Chepang/Praja,81747,0.002892687149459183,28259719.333333332
NPL,2020,Chhantel,12618,0.0004465028017767258,28259719.333333332
NPL,2020,Chhantyal/Chhantel,11592,0.00041018937424707467,28259719.333333332
NPL,2020,Chhetri,4698969,0.16627798364627722,28259719.333333332
NPL,2020,Chidmiar,1490,5.2720330839876325e-05,28259719.333333332
NPL,2020,Chumba/Nubri,4277,0.000151347981102281,28259719.333333332
NPL,2020,Churoute,6082,0.0002152005191201241,28259719.333333332
NPL,2020,Dalit/Unidentified Dalit,165983,0.005873496720340513,28259719.333333332
NPL,2020,Damai,505215,0.017877578988462837,28259719.333333332
NPL,2020,Danuwar,83434,0.002952391556967149,28259719.333333332
NPL,2020,Darai,18056,0.0006389264729977315,28259719.333333332
NPL,2020,Dev,7188,0.0002543496429127142,28259719.333333332
NPL,2020,Dhagar/Jhagar,39985,0.0014148959232592874,28259719.333333332
NPL,2020,Dhandi,2266,8.02000289529305e-05,28259719.333333332
NPL,2020,Dhankar/ Dharikar,3963,0.00014023861411606916,28259719.333333332
NPL,2020,Dhanuk,241138,0.008532919594141824,28259719.333333332
NPL,2020,Dhimai,25931,0.0009175854349076587,28259719.333333332
NPL,2020,Dhobi,104149,0.0036854276727191922,28259719.333333332
NPL,2020,Dhunia,14998,0.0005307311707699899,28259719.333333332
NPL,2020,Dhusadh,236528,0.008369794006134443,28259719.333333332
NPL,2020,Dolpo,5637,0.00019948857137586562,28259719.333333332
NPL,2020,Dom,17581,0.00062212113392437,28259719.333333332
NPL,2020,Done,2059,7.2862360634877e-05,28259719.333333332
NPL,2020,Dura,5526,0.00019555216065289974,28259719.333333332
NPL,2020,Gaine,6922,0.00024493140830698603,28259719.333333332
NPL,2020,Gangain,39946,0.0014135423187346405,28259719.333333332
NPL,2020,Ghale,34335,0.0012149670055229325,28259719.333333332
NPL,2020,Ghart/bhujel,126768,0.004485821967045598,28259719.333333332
NPL,2020,Gharti/Bhujel,116514,0.004122980966842723,28259719.333333332
NPL,2020,Gondh/Gond,11886,0.0004206129778390759,28259719.333333332
NPL,2020,Gurung,537412,0.019016903413551087,28259719.333333332
NPL,2020,Hajam/Thakur,130107,0.004603958933532165,28259719.333333332
NPL,2020,Halkhor,3318,0.0001174007472433661,28259719.333333332
NPL,2020,Haluwai,76248,0.0026981190956461122,28259719.333333332
NPL,2020,Hayu,3024,0.00010701559622116659,28259719.333333332
NPL,2020,Hyolmo/Yholmopa,9514,0.0003366755383876976,28259719.333333332
NPL,2020,Jaine,1262,4.464102327956795e-05,28259719.333333332
NPL,2020,Jirel,5952,0.00021062752109682814,28259719.333333332
NPL,2020,Kahar,57615,0.002038760088578103,28259719.333333332
NPL,2020,Kalar,902,3.192228600050376e-05,28259719.333333332
NPL,2020,Kalwar,132821,0.004699999542435926,28259719.333333332
NPL,2020,Kamar,2272,8.03989076594929e-05,28259719.333333332
NPL,2020,Kami,1344665,0.04758237825464059,28259719.333333332
NPL,2020,Kanu,143333,0.005071993979696997,28259719.333333332
NPL,2020,Karmarong,1611,5.702122622861198e-05,28259719.333333332
NPL,2020,Kathabaniyan,50838,0.0017989631120326856,28259719.333333332
NPL,2020,Kayastha,37420,0.0013241512828084826,28259719.333333332
NPL,2020,Kewarat,8536,0.0003020444869800619,28259719.333333332
NPL,2020,Kewat,173818,0.0061507226544675175,28259719.333333332
NPL,2020,Khaling,5706,0.00020192303142531326,28259719.333333332
NPL,2020,Khatik,8868,0.0003138053291907738,28259719.333333332
NPL,2020,Khatway,107826,0.0038155384638534242,28259719.333333332
NPL,2020,Khatwe,120213,0.004253858910627817,28259719.333333332
NPL,2020,Khawas,21851,0.00077323251514217,28259719.333333332
NPL,2020,Kisan,1575,5.572369763460342e-05,28259719.333333332
NPL,2020,Koche,1129,3.996629987235609e-05,28259719.333333332
NPL,2020,Koiri,122471,0.004333776130876881,28259719.333333332
NPL,2020,Koiri/Kushwaha,344671,0.012196541983223622,28259719.333333332
NPL,2020,Kshetri,4648164,0.16448017866056558,28259719.333333332
NPL,2020,Kulung,32352,0.0011448134102951875,28259719.333333332
NPL,2020,Kumal,126948,0.004492189141401493,28259719.333333332
NPL,2020,Kumhar,84059,0.002974510590380028,28259719.333333332
NPL,2020,Kurmi,261759,0.009262627615202329,28259719.333333332
NPL,2020,Kusunda,261,9.223724717228792e-06,28259719.333333332
NPL,2020,Lepcha,3538,0.0001252039597639926,28259719.333333332
NPL,2020,Lhomi,344,1.2172300247238277e-05,28259719.333333332
NPL,2020,Lhopa,1347,4.7660555897637195e-05,28259719.333333332
NPL,2020,Limbu,405825,0.014360534424424585,28259719.333333332
NPL,2020,Lodha,37451,0.0013252500638914874,28259719.333333332
NPL,2020,Lohar,101158,0.0035795693023396176,28259719.333333332
NPL,2020,Loharung,2517,8.908066490795787e-05,28259719.333333332
NPL,2020,Magar,1972982,0.06981606151663272,28259719.333333332
NPL,2020,Majhi,101750,0.0036005314498153175,28259719.333333332
NPL,2020,Mali,18005,0.0006371192686794882,28259719.333333332
NPL,2020,Mallah,195427,0.006915407873286287,28259719.333333332
NPL,2020,Marwadi,40157,0.0014210002627413482,28259719.333333332
NPL,2020,Meche,5088,0.000180041492712209,28259719.333333332
NPL,2020,Mewahang,5549,0.00019636834793220734,28259719.333333332
NPL,2020,Mijar,438198,0.015506104700023433,28259719.333333332
NPL,2020,Moslem,1344665,0.04758237825464059,28259719.333333332
NPL,2020,Mugal/Mugum,2058,7.282807246516648e-05,28259719.333333332
NPL,2020,Munda,3155,0.00011165578545715305,28259719.333333332
NPL,2020,Musahar,254680,0.00901211757287509,28259719.333333332
NPL,2020,Musalman,1374661,0.04864383774042608,28259719.333333332
NPL,2020,Nachhiring,7074,0.0002503036388868716,28259719.333333332
NPL,2020,Natuwa,2806,9.929853948169591e-05,28259719.333333332
NPL,2020,Newari,1337291,0.04732144130759575,28259719.333333332
NPL,2020,Nunia,95355,0.003374247954591465,28259719.333333332
NPL,2020,Nurang,122,4.326381466615521e-06,28259719.333333332
NPL,2020,Oraon/Kudukh,45387,0.0016060578692412418,28259719.333333332
NPL,2020,Other,138849,0.004913323278670448,28259719.333333332
NPL,2020,Pahari,14516,0.0005136719509172894,28259719.333333332
NPL,2020,Pariyar,548373,0.019404772460619866,28259719.333333332
NPL,2020,Patharkata/Kuswadiya,3400,0.00012030244837032527,28259719.333333332
NPL,2020,Patharkatt/ Kushwadiya,3239,0.00011462535134230298,28259719.333333332
NPL,2020,Phree,892,3.1579404303398456e-05,28259719.333333332
NPL,2020,Pun,9522,0.0003369498437453818,28259719.333333332
NPL,2020,Rai,620796,0.021967538841124325,28259719.333333332
NPL,2020,Raikirati,662425,0.023440603142487474,28259719.333333332
NPL,2020,Rajbansi,126676,0.004482576318298131,28259719.333333332
NPL,2020,Rajbhar,22287,0.0007886427603535889,28259719.333333332
NPL,2020,Rajdhob,14913,0.0005277292200147727,28259719.333333332
NPL,2020,Raji,4819,0.0001705223829920522,28259719.333333332
NPL,2020,Rajput,45036,0.0015936410471385513,28259719.333333332
NPL,2020,Ranatharu,80723,0.002856478842244863,28259719.333333332
NPL,2020,Rauniyar,26412,0.0009346269299696365,28259719.333333332
NPL,2020,Raute,586,2.0726348555024556e-05,28259719.333333332
NPL,2020,Sampang,4691,0.00016598902956867746,28259719.333333332
NPL,2020,Santha/satar,55446,0.001962021498567564,28259719.333333332
NPL,2020,Sanyasi,209590,0.007416547998264378,28259719.333333332
NPL,2020,Sarbaria,5613,0.00019863136713310235,28259719.333333332
NPL,2020,Sarki,400461,0.014170736168564372,28259719.333333332
NPL,2020,Sherpa,124614,0.004409592354129355,28259719.333333332
NPL,2020,Sikh,3748,0.0001326320832942867,28259719.333333332
NPL,2020,Sonar,83234,0.0029453278443322918,28259719.333333332
NPL,2020,Sudhi,99486,0.003520415612823016,28259719.333333332
NPL,2020,Sundi,104048,0.00368186366351675,28259719.333333332
NPL,2020,Sunuwari,70816,0.0025058908613567526,28259719.333333332
NPL,2020,Surel,308,1.0903637967948653e-05,28259719.333333332
NPL,2020,Tajpuriya,20401,0.0007219127157239432,28259719.333333332
NPL,2020,Tamang,1607720,0.056890879393241334,28259719.333333332
NPL,2020,Tatma,118752,0.004202167708310869,28259719.333333332
NPL,2020,Teli,410303,0.014519019742395167,28259719.333333332
NPL,2020,Thakali,12291,0.0004349255638434775,28259719.333333332
NPL,2020,Thakkuri,471000,0.016666849380689443,28259719.333333332
NPL,2020,Thami,31362,0.0011097882513178062,28259719.333333332
NPL,2020,Tharu,1786154,0.06320493023794403,28259719.333333332
NPL,2020,Thulung,6045,0.00021392389082399888,28259719.333333332
NPL,2020,Topkegola,622,2.201300495416049e-05,28259719.333333332
NPL,2020,Unknown,8313,0.0002941803606244095,28259719.333333332
NPL,2020,Walung,756,2.6735462571205255e-05,28259719.333333332
NPL,2020,Yadav,1181513,0.04180907890756953,28259719.333333332
NPL,2020,Yakkha,19946,0.0007058061436958401,28259719.333333332
NPL,2020,Yamphu,8828,0.0003123995142326421,28259719.333333332
NPL,2020,Yehlmo,11488,0.0004065028048013002,28259719.333333332
NPL,2024,Aathpahariya,4396,0.00014509196879852632,30295139.933333635
NPL,2024,Adibas/Janajati,5044,0.00016651016781450836,30295139.933333635
NPL,2024,Amat,34751,0.0011470855532555828,30295139.933333635
NPL,2024,Badhae,32546,0.0010743017503296638,30295139.933333635
NPL,2024,Badi,17695,0.0005840909832931785,30295139.933333635
NPL,2024,Bahing,4896,0.000161605498421904,30295139.933333635
NPL,2024,Bania,104592,0.0034524284591352546,30295139.933333635
NPL,2024,Baniyan,40123,0.0013244146964758298,30295139.933333635
NPL,2024,Bankariya,135,4.443102140819111e-06,30295139.933333635
NPL,2024,Bantar,59813,0.001974336642350184,30295139.933333635
NPL,2024,Bantar/Sardar,46130,0.0015226757875594916,30295139.933333635
NPL,2024,Bantawa,11755,0.00038800623639742,30295139.933333635
NPL,2024,Barae,61400,0.002026734654922971,30295139.933333635
NPL,2024,Beldar,2271,7.496500667593133e-05,30295139.933333635
NPL,2024,Bengali,14459,0.00047726411071863275,30295139.933333635
NPL,2024,Bhediya/Gaderi,27966,0.0009231297906204318,30295139.933333635
NPL,2024,Bhote,11829,0.00039044994257487055,30295139.933333635
NPL,2024,Bhote Sherpa,215587,0.0071162293745750185,30295139.933333635
NPL,2024,Bhumihar,24078,0.000794796921290192,30295139.933333635
NPL,2024,Bing/Binda,86290,0.0028483092865247335,30295139.933333635
NPL,2024,Bishwokarma,1099277,0.036285580989030564,30295139.933333635
NPL,2024,Bote,8715,0.00028768620252491133,30295139.933333635
NPL,2024,Brahman (Terai),156144,0.005154089263624634,30295139.933333635
NPL,2024,Brahman (hill),2428126,0.08014901228692753,30295139.933333635
NPL,2024,Brahmu/Baramu,5774,0.0001905829457116888,30295139.933333635
NPL,2024,Buryat-Bouriates,2017,6.658506995891065e-05,30295139.933333635
NPL,2024,Byasi/Sauka,4276,0.00014114254467335375,30295139.933333635
NPL,2024,Chai/Khulaut,3593,0.00011860614325908792,30295139.933333635
NPL,2024,Chamar,300751,0.00992738101248444,30295139.933333635
NPL,2024,Chamar/Harijan/Ram,294077,0.009707067402154552,30295139.933333635
NPL,2024,Chamling,9107,0.00030060054372719515,30295139.933333635
NPL,2024,Chepang,64579,0.002131648091966829,30295139.933333635
NPL,2024,Chepang/Praja,63088,0.002082432605600353,30295139.933333635
NPL,2024,Chhantel,10160,0.00033535194942695574,30295139.933333635
NPL,2024,Chhantyal/Chhantel,8946,0.0002952935050589946,30295139.933333635
NPL,2024,Chhetri,3859789,0.12740620132890765,30295139.933333635
NPL,2024,Chidmiar,0,0.0,30295139.933333635
NPL,2024,Chumba/Nubri,3301,0.00010895473805319752,30295139.933333635
NPL,2024,Churoute,4693,0.00015492189600996187,30295139.933333635
NPL,2024,Dalit/Unidentified Dalit,78398,0.0025878227833726957,30295139.933333635
NPL,2024,Damai,410069,0.013535815987349093,30295139.933333635
NPL,2024,Danuwar,67825,0.0022388113636649695,30295139.933333635
NPL,2024,Darai,13848,0.00045711054206212375,30295139.933333635
NPL,2024,Dev,5547,0.00018310517600331203,30295139.933333635
NPL,2024,Dhagar/Jhagar,18895,0.0006236994378885726,30295139.933333635
NPL,2024,Dhandi,1749,5.7735643929866116e-05,30295139.933333635
NPL,2024,Dhankar/ Dharikar,3059,0.00010095715419972313,30295139.933333635
NPL,2024,Dhanuk,188647,0.0062269618065918155,30295139.933333635
NPL,2024,Dhimai,20150,0.0006651224574693874,30295139.933333635
NPL,2024,Dhobi,82016,0.002707232602529448,30295139.933333635
NPL,2024,Dhunia,14761,0.0004872351296188174,30295139.933333635
NPL,2024,Dhusadh,193820,0.006397739952235525,30295139.933333635
NPL,2024,Dolpo,4351,0.0001436109347515866,30295139.933333635
NPL,2024,Dom,15568,0.0005138750377789051,30295139.933333635
NPL,2024,Done,1589,5.245328916244783e-05,30295139.933333635
NPL,2024,Dura,4016,0.00013257554506072077,30295139.933333635
NPL,2024,Gaine,5204,0.00017178960516846535,30295139.933333635
NPL,2024,Gangain,31130,0.0010275652098242878,30295139.933333635
NPL,2024,Ghale,26498,0.0008746493403210242,30295139.933333635
NPL,2024,Ghart/bhujel,78412,0.0025882825356449406,30295139.933333635
NPL,2024,Gharti/Bhujel,89919,0.002968115649571078,30295139.933333635
NPL,2024,Gondh/Gond,9173,0.0003027974108968224,30295139.933333635
NPL,2024,Gurung,378409,0.012490759546067515,30295139.933333635
NPL,2024,Hajam/Thakur,102911,0.0033969594138603667,30295139.933333635
NPL,2024,Halkhor,2154,7.11058358179486e-05,30295139.933333635
NPL,2024,Haluwai,60481,0.0019964028383428643,30295139.933333635
NPL,2024,Hayu,2508,8.277123996341268e-05,30295139.933333635
NPL,2024,Hyolmo/Yholmopa,7343,0.0002423712217816825,30295139.933333635
NPL,2024,Jaine,974,3.213687399348279e-05,30295139.933333635
NPL,2024,Jirel,4407,0.00014547182228464247,30295139.933333635
NPL,2024,Kahar,48156,0.001589548512536856,30295139.933333635
NPL,2024,Kalar,696,2.2980711628347734e-05,30295139.933333635
NPL,2024,Kalwar,99337,0.0032789748700055047,30295139.933333635
NPL,2024,Kamar,0,0.0,30295139.933333635
NPL,2024,Kami,1269580,0.041907047461966614,30295139.933333635
NPL,2024,Kanu,117710,0.0038854305505895558,30295139.933333635
NPL,2024,Karmarong,1244,4.104932700101212e-05,30295139.933333635
NPL,2024,Kathabaniyan,39234,0.0012950655384456416,30295139.933333635
NPL,2024,Kayastha,22818,0.0007532004339525307,30295139.933333635
NPL,2024,Kewarat,6587,0.0002174404819915308,30295139.933333635
NPL,2024,Kewat,136187,0.00449532635192928,30295139.933333635
NPL,2024,Khaling,4404,0.0001453634917071319,30295139.933333635
NPL,2024,Khatik,6844,0.00022590705995986947,30295139.933333635
NPL,2024,Khatway,97906,0.003231727942445529,30295139.933333635
NPL,2024,Khatwe,92774,0.0030623340988572252,30295139.933333635
NPL,2024,Khawas,16864,0.0005566466465422875,30295139.933333635
NPL,2024,Kisan,692,2.2840358325169034e-05,30295139.933333635
NPL,2024,Koche,638,2.1064637274011716e-05,30295139.933333635
NPL,2024,Koiri,23088,0.0007620905070155223,30295139.933333635
NPL,2024,Koiri/Kushwaha,265998,0.008780236295579686,30295139.933333635
NPL,2024,Kshetri,3587204,0.1184085486333254,30295139.933333635
NPL,2024,Kulung,24968,0.0008241460793203804,30295139.933333635
NPL,2024,Kumal,98496,0.0032512293554082727,30295139.933333635
NPL,2024,Kumhar,71012,0.0023440100363102626,30295139.933333635
NPL,2024,Kurmi,203142,0.006705443693122445,30295139.933333635
NPL,2024,Kusunda,211,6.973399892319253e-06,30295139.933333635
NPL,2024,Lepcha,2466,8.14052617755669e-05,30295139.933333635
NPL,2024,Lhomi,265,8.76278477772658e-06,30295139.933333635
NPL,2024,Lhopa,1039,3.431062208743647e-05,30295139.933333635
NPL,2024,Limbu,302237,0.009976411692287914,30295139.933333635
NPL,2024,Lodha,30831,0.0010176736685679017,30295139.933333635
NPL,2024,Lohar,76809,0.002535346226217618,30295139.933333635
NPL,2024,Loharung,1943,6.412877423248918e-05,30295139.933333635
NPL,2024,Magar,1506640,0.04973206586573041,30295139.933333635
NPL,2024,Majhi,82837,0.0027343486325601034,30295139.933333635
NPL,2024,Mali,15078,0.0004977037952099118,30295139.933333635
NPL,2024,Mallah,164610,0.005433539542962662,30295139.933333635
NPL,2024,Marwadi,25640,0.0008463295640491993,30295139.933333635
NPL,2024,Meche,4013,0.00013247360886026985,30295139.933333635
NPL,2024,Mewahang,4283,0.0001413646997803947,30295139.933333635
NPL,2024,Mijar,338178,0.011162775766891588,30295139.933333635
NPL,2024,Moslem,1175930,0.03881580946801986,30295139.933333635
NPL,2024,Mugal/Mugum,1588,5.242860526166551e-05,30295139.933333635
NPL,2024,Munda,3085,0.0001018168212198751,30295139.933333635
NPL,2024,Musahar,206919,0.006830098776171642,30295139.933333635
NPL,2024,Musalman,1060890,0.0350184823101713,30295139.933333635
NPL,2024,Nachhiring,5459,0.00018019247571099726,30295139.933333635
NPL,2024,Natuwa,2166,7.148457666562303e-05,30295139.933333635
NPL,2024,Newari,971453,0.03206630304154339,30295139.933333635
NPL,2024,Nunia,79024,0.002608459280561681,30295139.933333635
NPL,2024,Nurang,0,0.0,30295139.933333635
NPL,2024,Oraon/Kudukh,35027,0.0011561939126442618,30295139.933333635
NPL,2024,Other,107156,0.0035370795626037473,30295139.933333635
NPL,2024,Pahari,11264,0.000371803548251521,30295139.933333635
NPL,2024,Pariyar,423205,0.013969409337544673,30295139.933333635
NPL,2024,Patharkata/Kuswadiya,5346,0.00017647134195879514,30295139.933333635
NPL,2024,Patharkatt/ Kushwadiya,2500,8.251828031532382e-05,30295139.933333635
NPL,2024,Phree,689,2.2733872620524448e-05,30295139.933333635
NPL,2024,Pun,7349,0.00024256869298794112,30295139.933333635
NPL,2024,Rai,479097,0.01581433344981746,30295139.933333635
NPL,2024,Raikirati,383805,0.012668856845413669,30295139.933333635
NPL,2024,Rajbansi,100051,0.0033025441587130598,30295139.933333635
NPL,2024,Rajbhar,16754,0.0005530291858550616,30295139.933333635
NPL,2024,Rajdhob,11509,0.0003799099169408163,30295139.933333635
NPL,2024,Raji,4204,0.00013876516683843413,30295139.933333635
NPL,2024,Rajput,31068,0.0010255139189226672,30295139.933333635
NPL,2024,Ranatharu,62298,0.002056366406374214,30295139.933333635
NPL,2024,Rauniyar,20384,0.0006728337675247074,30295139.933333635
NPL,2024,Raute,386,1.2747690000825948e-05,30295139.933333635
NPL,2024,Sampang,3620,0.00011949476368725176,30295139.933333635
NPL,2024,Santha/satar,43392,0.0014323158793110964,30295139.933333635
NPL,2024,Sanyasi,148354,0.004896953183247263,30295139.933333635
NPL,2024,Sarbaria,4332,0.0001429938372320284,30295139.933333635
NPL,2024,Sarki,313057,0.010333579027376522,30295139.933333635
NPL,2024,Sherpa,80140,0.002645295124656568,30295139.933333635
NPL,2024,Sikh,2402,7.929036527649087e-05,30295139.933333635
NPL,2024,Sonar,42278,0.001395546302439252,30295139.933333635
NPL,2024,Sudhi,64555,0.0021308537027227626,30295139.933333635
NPL,2024,Sundi,80299,0.002650557266006423,30295139.933333635
NPL,2024,Sunuwari,44405,0.0014657415900845912,30295139.933333635
NPL,2024,Surel,238,7.84948044878043e-06,30295139.933333635
NPL,2024,Tajpuriya,16690,0.0005509154657983603,30295139.933333635
NPL,2024,Tamang,1239582,0.04091687375795541,30295139.933333635
NPL,2024,Tatma,98248,0.003243019243116431,30295139.933333635
NPL,2024,Teli,326293,0.010770467130896126,30295139.933333635
NPL,2024,Thakali,8325,0.00027480434635767477,30295139.933333635
NPL,2024,Thakkuri,379097,0.012513467845313434,30295139.933333635
NPL,2024,Thami,24972,0.000824275056463035,30295139.933333635
NPL,2024,Tharu,1340480,0.04424735246277996,30295139.933333635
NPL,2024,Thulung,4666,0.00015400285698094685,30295139.933333635
NPL,2024,Topkegola,480,1.5847064302254828e-05,30295139.933333635
NPL,2024,Unknown,0,0.0,30295139.933333635
NPL,2024,Walung,348,1.1496337671301588e-05,30295139.933333635
NPL,2024,Yadav,930779,0.03072369350804654,30295139.933333635
NPL,2024,Yakkha,14363,0.0004741071074289179,30295139.933333635
NPL,2024,Yamphu,6813,0.000224895020027794,30295139.933333635
NPL,2024,Yehlmo,19669,0.0006492390424120711,30295139.933333635
NZL,2000,Afgan,767,0.00017578838476613938,4362589.5
NZL,2000,African,1346,0.0003084958348408696,4362589.5
NZL,2000,African American,277,6.338837666288297e-05,4362589.5
NZL,2000,African nfd,1913,0.00043849072928654097,4362589.5
NZL,2000,Afrikaner,635,0.00014550459943911572,4362589.5
NZL,2000,Aitutaki Islander,26,5.881395772844812e-06,4362589.5
NZL,2000,Albanian,299,6.86162840165228e-05,4362589.5
NZL,2000,Algerian,60,1.372325680330456e-05,4362589.5
NZL,2000,American,8234,0.0018874289009882272,4362589.5
NZL,2000,Anglo-Indian,307,7.026267729569467e-05,4362589.5
NZL,2000,Arab,2267,0.0005196743914587223,4362589.5
NZL,2000,Argentinean,151,3.463488621786389e-05,4362589.5
NZL,2000,Armenian,145,3.332790937945393e-05,4362589.5
NZL,2000,Asian nfd,2921,0.0006696642363337368,4362589.5
NZL,2000,Assyrian,985,0.0002256787565184611,4362589.5
NZL,2000,Atiu Islander,3,6.534884192049791e-07,4362589.5
NZL,2000,Austral Islander,3,6.534884192049791e-07,4362589.5
NZL,2000,Australian,38168,0.008748855245028827,4362589.5
NZL,2000,Australian Aboriginal,354,8.10325639814174e-05,4362589.5
NZL,2000,Austrian,847,0.0001940860605038788,4362589.5
NZL,2000,Bangladeshi,1134,0.00025985253889245034,4362589.5
NZL,2000,Belau/Palau Islander,9,1.9604652576149372e-06,4362589.5
NZL,2000,Belgian,279,6.404186508208795e-05,4362589.5
NZL,2000,Bengali,51,1.1762791545689623e-05,4362589.5
NZL,2000,Bhutanese,644,0.00014771759714921634,4362589.5
NZL,2000,Black,34,7.841861030459749e-06,4362589.5
NZL,2000,Bolivian,48,1.1109303126484644e-05,4362589.5
NZL,2000,Bosnian,130,2.9875469086358364e-05,4362589.5
NZL,2000,Bougainvillean,3,6.534884192049791e-07,4362589.5
NZL,2000,Brazil,553,0.00012677675332576594,4362589.5
NZL,2000,British NEC,34,7.841861030459749e-06,4362589.5
NZL,2000,British nfd,8259,0.0018930970636734878,4362589.5
NZL,2000,Bulgarian,345,7.907209872380247e-05,4362589.5
NZL,2000,Burgher,11,2.6139536768199164e-06,4362589.5
NZL,2000,Burmese,547,0.00012546977648735598,4362589.5
NZL,2000,Burundian,82,1.8810480535855266e-05,4362589.5
NZL,2000,Byelorussian,40,9.148837868869706e-06,4362589.5
NZL,2000,Cambodian,4828,0.0011067260057216182,4362589.5
NZL,2000,Canadian,4688,0.0010744811404567872,4362589.5
NZL,2000,Caribbean,842,0.00019308405020627904,4362589.5
NZL,2000,Carolinian,6,1.3069768384099582e-06,4362589.5
NZL,2000,Celtic,1041,0.00023865560410174752,4362589.5
NZL,2000,Central American Indian,6,1.3069768384099582e-06,4362589.5
NZL,2000,Channel Islander,68,1.5683722060919498e-05,4362589.5
NZL,2000,Chilean,559,0.0001280837301641759,4362589.5
NZL,2000,Chinese,2428,0.0005566313556535122,4362589.5
NZL,2000,Chinese nec,46,1.0455814707279666e-05,4362589.5
NZL,2000,Chinese nfd,89340,0.020478692499671117,4362589.5
NZL,2000,Colombian,114,2.6139536768199162e-05,4362589.5
NZL,2000,Congo,123,2.82157208037829e-05,4362589.5
NZL,2000,Cook Island Maori,48780,0.011181420893654634,4362589.5
NZL,2000,Cornish,66,1.5030233641714518e-05,4362589.5
NZL,2000,Corsican,6,1.3069768384099582e-06,4362589.5
NZL,2000,Costa Rican,11,2.6139536768199164e-06,4362589.5
NZL,2000,Creole,26,5.881395772844812e-06,4362589.5
NZL,2000,Croat/Croatian,3248,0.000744444178685735,4362589.5
NZL,2000,Cypriot,151,3.463488621786389e-05,4362589.5
NZL,2000,Czech,570,0.0001306976838409958,4362589.5
NZL,2000,Dalmatian,282,6.469535350129292e-05,4362589.5
NZL,2000,Danish,2798,0.0006414060362189618,4362589.5
NZL,2000,Dutch,38167,0.008748618173486555,4362589.5
NZL,2000,Easter Islander,6,1.3069768384099582e-06,4362589.5
NZL,2000,Ecuadorian,11,2.6139536768199164e-06,4362589.5
NZL,2000,Egyptian,892,0.00020454187521115843,4362589.5
NZL,2000,English,165395,0.03791208675504841,4362589.5
NZL,2000,Eritrean,275,6.307043473786766e-05,4362589.5
NZL,2000,Estonian,105,2.4179071510584225e-05,4362589.5
NZL,2000,Ethiopian,1315,0.0003015209380012094,4362589.5
NZL,2000,Eurasian,1117,0.0002561544849441467,4362589.5
NZL,2000,European,22003,0.005043606251163976,4362589.5
NZL,2000,European nec,453,0.00010390465865359167,4362589.5
NZL,2000,European nfd,12802,0.002934427969312001,4362589.5
NZL,2000,Falkland Islander/Kelper,29,6.5348841920497904e-06,4362589.5
NZL,2000,Fijian,9928,0.0022756806791456403,4362589.5
NZL,2000,Fijian (except Fiji Indian/Indo-Fijian),7407,0.0016978308815916742,4362589.5
NZL,2000,Fijian Indian/Indo-Fijian,2509,0.0005751566440741687,4362589.5
NZL,2000,Filipino,9589,0.00219807307123068,4362589.5
NZL,2000,Finnish,371,8.495349449664728e-05,4362589.5
NZL,2000,Flemish,43,9.802326288074686e-06,4362589.5
NZL,2000,French,4776,0.0010947711344983836,4362589.5
NZL,2000,Gaelic,40,9.148837868869706e-06,4362589.5
NZL,2000,Gambier Islander,6,1.3069768384099582e-06,4362589.5
NZL,2000,German,11378,0.0026081871175023873,4362589.5
NZL,2000,Ghanaian,302,6.915617844064435e-05,4362589.5
NZL,2000,Greek,2965,0.0006796668093398023,4362589.5
NZL,2000,Greenlander,3,6.534884192049791e-07,4362589.5
NZL,2000,Guam Islander/Chamorro,11,2.6139536768199164e-06,4362589.5
NZL,2000,Guatemalan,9,1.9604652576149372e-06,4362589.5
NZL,2000,Gujarati,14,3.2674420960248952e-06,4362589.5
NZL,2000,Guyanese,23,5.227907353639833e-06,4362589.5
NZL,2000,Hawaiian,257,5.8813957728448116e-05,4362589.5
NZL,2000,Honduran,3,6.534884192049791e-07,4362589.5
NZL,2000,Hong Kong Chinese,83,1.8951164156944394e-05,4362589.5
NZL,2000,Hungarian,850,0.00019473954892308375,4362589.5
NZL,2000,Icelandic,83,1.8951164156944394e-05,4362589.5
NZL,2000,Indian,49925,0.011444002064065987,4362589.5
NZL,2000,Indian Tamil,253,5.809118989014126e-05,4362589.5
NZL,2000,Indian ndf,57220,0.013116166061863135,4362589.5
NZL,2000,Indian nec,194,4.4437212505938575e-05,4362589.5
NZL,2000,Indigenous,1668,0.000382295354419882,4362589.5
NZL,2000,Indonesian,1862,0.0004267752101746288,4362589.5
NZL,2000,Inuit,40,9.148837868869706e-06,4362589.5
NZL,2000,Iranian,1897,0.00043479956509541646,4362589.5
NZL,2000,Iraqi,1527,0.0003500830892699642,4362589.5
NZL,2000,Irish,44103,0.01010926516569372,4362589.5
NZL,2000,Israelis,1576,0.0003613629670594323,4362589.5
NZL,2000,Italian,3997,0.0009161205675302705,4362589.5
NZL,2000,Jamaican,228,5.2279073536398324e-05,4362589.5
NZL,2000,Japanese,8699,0.001993952889572279,4362589.5
NZL,2000,Jordanian,86,1.9604652576149372e-05,4362589.5
NZL,2000,Kampuchean Chinese,9,1.9604652576149372e-06,4362589.5
NZL,2000,Kanaka/Kanak,14,3.2674420960248952e-06,4362589.5
NZL,2000,Karen,437,0.00010013814638205303,4362589.5
NZL,2000,Kenyan,71,1.6337210480124476e-05,4362589.5
NZL,2000,Kiribati,616,0.00014115349854827548,4362589.5
NZL,2000,Korean,15769,0.0036145034391282314,4362589.5
NZL,2000,Kurd,391,8.952791343108213e-05,4362589.5
NZL,2000,Lao,1340,0.0003071452381777659,4362589.5
NZL,2000,Latin American/Hispanic nec,51,1.1762791545689623e-05,4362589.5
NZL,2000,Latin American/Hispanic nfd,803,0.00018409150208936644,4362589.5
NZL,2000,Latvian,165,3.790232831388879e-05,4362589.5
NZL,2000,Lebanese,1243,0.0002849135459773885,4362589.5
NZL,2000,Libyan,23,5.227907353639833e-06,4362589.5
NZL,2000,Lithuanian,88,2.025814099535435e-05,4362589.5
NZL,2000,Macedonian,433,9.933023971915682e-05,4362589.5
NZL,2000,Malaitian,3,6.534884192049791e-07,4362589.5
NZL,2000,Malay,2525,0.0005786808862113935,4362589.5
NZL,2000,Malaysian Chinese,465,0.00010651861233041158,4362589.5
NZL,2000,Maldivian,109,2.489622423863197e-05,4362589.5
NZL,2000,Maltese,211,4.835814302116845e-05,4362589.5
NZL,2000,Malvinian (Spanish-speaking Falkland Islander),3,6.534884192049791e-07,4362589.5
NZL,2000,Mangaia Islander,14,3.2674420960248952e-06,4362589.5
NZL,2000,Manihiki Islander,3,6.534884192049791e-07,4362589.5
NZL,2000,Manus Islander,3,6.534884192049791e-07,4362589.5
NZL,2000,Manx,157,3.594186305627385e-05,4362589.5
NZL,2000,Maori,526189,0.12061394051997879,4362589.5
NZL,2000,Marianas Islander,3,6.534884192049791e-07,4362589.5
NZL,2000,Marquesas Islander,3,6.534884192049791e-07,4362589.5
NZL,2000,Marshallese,14,3.2674420960248952e-06,4362589.5
NZL,2000,Mauke Islander,3,6.534884192049791e-07,4362589.5
NZL,2000,Mauritian,148,3.3981397798658914e-05,4362589.5
NZL,2000,Mexican,316,7.253721453175267e-05,4362589.5
NZL,2000,Middle Eastern nec,316,7.253721453175267e-05,4362589.5
NZL,2000,Middle Eastern nfd,824,0.00018885815315023894,4362589.5
NZL,2000,Mongol,118,2.7109221948732587e-05,4362589.5
NZL,2000,Moroccan,91,2.091162941455933e-05,4362589.5
NZL,2000,Nauru,60,1.372325680330456e-05,4362589.5
NZL,2000,Nepalese,365,8.364651765823733e-05,4362589.5
NZL,2000,New Britain Islander,3,6.534884192049791e-07,4362589.5
NZL,2000,New Caledonian,26,5.881395772844812e-06,4362589.5
NZL,2000,New Zealand,36469,0.00835959884990509,4362589.5
NZL,2000,New Zealand European,2598511,0.5956349892129921,4362589.5
NZL,2000,New Zealand Maori,500125,0.11463951291587186,4362589.5
NZL,2000,Ni-Vanuatu,796,0.0001825723110833011,4362589.5
NZL,2000,Nicaraguan,3,6.534884192049791e-07,4362589.5
NZL,2000,Nigerian,143,3.267442096024895e-05,4362589.5
NZL,2000,Niuean,19322,0.004428941127735087,4362589.5
NZL,2000,North American Indian,513,0.00011762791545689623,4362589.5
NZL,2000,Norwegian,790,0.0001810162921197792,4362589.5
NZL,2000,Ocean Islander/Banaban,3,6.534884192049791e-07,4362589.5
NZL,2000,Omani,3,6.534884192049791e-07,4362589.5
NZL,2000,Orkney Islander,11,2.6139536768199164e-06,4362589.5
NZL,2000,Other,16663,0.003819574128489354,4362589.5
NZL,2000,Other African,1796,0.00041177885812149824,4362589.5
NZL,2000,Other African nec,1807,0.00041431165777595675,4362589.5
NZL,2000,Other Asian nec,182,4.182325882911866e-05,4362589.5
NZL,2000,Other Asiatic,4733,0.00108493136379213,4362589.5
NZL,2000,Other European,40831,0.00935936608861258,4362589.5
NZL,2000,Other European nfd,354,8.10325639814174e-05,4362589.5
NZL,2000,Other Pacific Islander,2004,0.0004592652611511005,4362589.5
NZL,2000,Other Southeast Asian nec,157,3.594186305627385e-05,4362589.5
NZL,2000,Other nec,3,6.534884192049791e-07,4362589.5
NZL,2000,Other nfd,117,2.6793025187404143e-05,4362589.5
NZL,2000,Pacific people nfd,644,0.00014768838274032526,4362589.5
NZL,2000,Pakistani,831,0.00019058378072789355,4362589.5
NZL,2000,Palestinian,57,1.3069768384099581e-05,4362589.5
NZL,2000,Palmerston Islander,3,6.534884192049791e-07,4362589.5
NZL,2000,Panamanian,6,1.3069768384099582e-06,4362589.5
NZL,2000,Papuan/New Guinean/Irian Jayan,505,0.0001156674501992813,4362589.5
NZL,2000,Paraguayan,11,2.6139536768199164e-06,4362589.5
NZL,2000,Penrhyn Islander,9,1.9604652576149372e-06,4362589.5
NZL,2000,Peruvian,220,5.031860827878339e-05,4362589.5
NZL,2000,Phoenix Islander,3,6.534884192049791e-07,4362589.5
NZL,2000,Pitcairn Islander,163,3.7248839894683804e-05,4362589.5
NZL,2000,Polish,2911,0.0006672713250160836,4362589.5
NZL,2000,Portuguese,781,0.00017905582686216425,4362589.5
NZL,2000,Puerto Rican,37,8.495349449664729e-06,4362589.5
NZL,2000,Pukapuka Islander,23,5.227907353639833e-06,4362589.5
NZL,2000,Punjabi,103,2.3525583091379247e-05,4362589.5
NZL,2000,Rarotongan,1123,0.0002574276220796624,4362589.5
NZL,2000,Romani (Gypsy),123,2.81000020258141e-05,4362589.5
NZL,2000,Romanian,496,0.00011370698494166635,4362589.5
NZL,2000,Rotuman,485,0.00011109303126484644,4362589.5
NZL,2000,Russian,2646,0.0006065873369418137,4362589.5
NZL,2000,Samoan,108335,0.024832726935535884,4362589.5
NZL,2000,Sardinian,3,6.534884192049791e-07,4362589.5
NZL,2000,Scottish,63006,0.014442345014985886,4362589.5
NZL,2000,Serbian,716,0.00016402559322044975,4362589.5
NZL,2000,Seychellois,40,9.148837868869706e-06,4362589.5
NZL,2000,Shetland Islander,26,5.881395772844812e-06,4362589.5
NZL,2000,Sikh,63,1.4376745222509538e-05,4362589.5
NZL,2000,Singaporean Chinese,288,6.600233033970288e-05,4362589.5
NZL,2000,Sinhalese,584,0.0001339651259370207,4362589.5
NZL,2000,Slavic,83,1.8951164156944394e-05,4362589.5
NZL,2000,Slovak,111,2.5486048348994184e-05,4362589.5
NZL,2000,Slovenian,128,2.9406978864224058e-05,4362589.5
NZL,2000,Society Islander (including Tahitian),1123,0.0002573533159287904,4362589.5
NZL,2000,Solomon Islander,376,8.626047133505724e-05,4362589.5
NZL,2000,Somalie,1873,0.00042934189141767125,4362589.5
NZL,2000,South African,10653,0.0024420119692892127,4362589.5
NZL,2000,South American Indian,14,3.2674420960248952e-06,4362589.5
NZL,2000,South Slav (formerly Yugoslav groups) nfd,2329,0.0005339125675133832,4362589.5
NZL,2000,South Slav (formerly Yugoslav) nec,274,6.273488824367799e-05,4362589.5
NZL,2000,Southeast Asian nfd,205,4.705116618275849e-05,4362589.5
NZL,2000,Spanish,2283,0.0005234020755763436,4362589.5
NZL,2000,Sri Lanka Tamil,676,0.00015487675535158003,4362589.5
NZL,2000,Sri Lankan,8369,0.0019184396598456248,4362589.5
NZL,2000,Sri Lankan nfd,5022,0.001151117264962736,4362589.5
NZL,2000,Sudanese,186,4.260020591943692e-05,4362589.5
NZL,2000,Swedish,1491,0.0003417365045709361,4362589.5
NZL,2000,Swiss,3090,0.0007082968451067226,4362589.5
NZL,2000,Syrian,120,2.744651360660912e-05,4362589.5
NZL,2000,Tahitian,1338,0.0003067011076548581,4362589.5
NZL,2000,Taiwanese,5488,0.0012579591706746664,4362589.5
NZL,2000,Taiwanese Chinese,3226,0.0007394564852656958,4362589.5
NZL,2000,Tamil,3,6.534884192049791e-07,4362589.5
NZL,2000,Thai,3661,0.0008392129329689724,4362589.5
NZL,2000,Tibetan,34,7.841861030459749e-06,4362589.5
NZL,2000,Tokelauan,5542,0.001270347353319188,4362589.5
NZL,2000,Tongan,35907,0.008230619850438319,4362589.5
NZL,2000,Torres Strait Islander,9,1.9604652576149372e-06,4362589.5
NZL,2000,Tunisian,23,5.227907353639833e-06,4362589.5
NZL,2000,Turkish,413,9.475582078472196e-05,4362589.5
NZL,2000,Tuvaluan,1397,0.000320319846590023,4362589.5
NZL,2000,Ugandan,26,5.881395772844812e-06,4362589.5
NZL,2000,Ukrainian,479,0.00010978605442643648,4362589.5
NZL,2000,Uruguayan,14,3.2674420960248952e-06,4362589.5
NZL,2000,Vanuatu,188,4.313023566752862e-05,4362589.5
NZL,2000,Venezuelan,34,7.841861030459749e-06,4362589.5
NZL,2000,Vietnamese,3166,0.0007257201425149831,4362589.5
NZL,2000,Vietnamese Chinese,66,1.5030233641714518e-05,4362589.5
NZL,2000,Wallisian,29,6.5348841920497904e-06,4362589.5
NZL,2000,Welsh,3244,0.0007436698210552662,4362589.5
NZL,2000,Welsh-Gallois,6880,0.001577079064984642,4362589.5
NZL,2000,West Indian/Caribbean,470,0.00010782558916882155,4362589.5
NZL,2000,Yemeni,9,1.9604652576149372e-06,4362589.5
NZL,2000,Zambian,162,3.7067711644185376e-05,4362589.5
NZL,2000,Zimbabwean,2365,0.0005421844389746518,4362589.5
NZL,2005,Afgan,1668,0.0003738879131168598,4461978.0
NZL,2005,African,5269,0.0011808883410148233,4461978.0
NZL,2005,African American,388,8.696030420832951e-05,4461978.0
NZL,2005,African nfd,3160,0.0007081205295333994,4461978.0
NZL,2005,Afrikaner,649,0.00014550459943911572,4461978.0
NZL,2005,Aitutaki Islander,26,5.881395772844812e-06,4461978.0
NZL,2005,Albanian,281,6.294213863353906e-05,4461978.0
NZL,2005,Algerian,72,1.6239873948373836e-05,4461978.0
NZL,2005,American,9682,0.0021699537414619605,4461978.0
NZL,2005,Anglo-Indian,314,7.026267729569467e-05,4461978.0
NZL,2005,Arab,2729,0.0006115306471853813,4461978.0
NZL,2005,Argentinean,491,0.00011007007764722145,4461978.0
NZL,2005,Armenian,166,3.716741944014385e-05,4461978.0
NZL,2005,Asian nfd,3024,0.0006776189987995238,4461978.0
NZL,2005,Assyrian,1436,0.000321935446063409,4461978.0
NZL,2005,Atiu Islander,265,5.941118034583272e-05,4461978.0
NZL,2005,Austral Islander,166,3.714289088794524e-05,4461978.0
NZL,2005,Australian,23670,0.005304732677295266,4461978.0
NZL,2005,Australian Aboriginal,362,8.10325639814174e-05,4461978.0
NZL,2005,Austrian,911,0.0002042089846955755,4461978.0
NZL,2005,Bangladeshi,1322,0.0002962061975095154,4461978.0
NZL,2005,Belau/Palau Islander,9,1.9604652576149372e-06,4461978.0
NZL,2005,Belgian,397,8.897185644842742e-05,4461978.0
NZL,2005,Bengali,81,1.808902157031356e-05,4461978.0
NZL,2005,Bhutanese,659,0.00014771759714921634,4461978.0
NZL,2005,Black,35,7.841861030459749e-06,4461978.0
NZL,2005,Bolivian,65,1.4556033404521475e-05,4461978.0
NZL,2005,Bosnian,133,2.9875469086358364e-05,4461978.0
NZL,2005,Bougainvillean,3,6.534884192049791e-07,4461978.0
NZL,2005,Brazil,1795,0.0004022743096276667,4461978.0
NZL,2005,British NEC,52,1.155220240497765e-05,4461978.0
NZL,2005,British nfd,22054,0.004942563501184596,4461978.0
NZL,2005,Bulgarian,395,8.862629370168506e-05,4461978.0
NZL,2005,Burgher,12,2.6139536768199164e-06,4461978.0
NZL,2005,Burmese,929,0.00020821002679258016,4461978.0
NZL,2005,Burundian,84,1.8810480535855266e-05,4461978.0
NZL,2005,Byelorussian,68,1.5160369814529603e-05,4461978.0
NZL,2005,Cambodian,6120,0.001371670341254351,4461978.0
NZL,2005,Canadian,5018,0.0011246607166837412,4461978.0
NZL,2005,Caribbean,862,0.00019308405020627904,4461978.0
NZL,2005,Carolinian,6,1.3069768384099582e-06,4461978.0
NZL,2005,Celtic,1512,0.00033878004260178403,4461978.0
NZL,2005,Central American Indian,6,1.3069768384099582e-06,4461978.0
NZL,2005,Channel Islander,72,1.6188786965890862e-05,4461978.0
NZL,2005,Chilean,1022,0.00022911928494293168,4461978.0
NZL,2005,Chinese,2484,0.0005566313556535122,4461978.0
NZL,2005,Chinese nec,81,1.8076975439675113e-05,4461978.0
NZL,2005,Chinese nfd,120868,0.02708845981662148,4461978.0
NZL,2005,Colombian,421,9.429332529204527e-05,4461978.0
NZL,2005,Congo,126,2.82157208037829e-05,4461978.0
NZL,2005,Cook Island Maori,54360,0.012182984515313022,4461978.0
NZL,2005,Cornish,84,1.8879854859756767e-05,4461978.0
NZL,2005,Corsican,6,1.3069768384099582e-06,4461978.0
NZL,2005,Costa Rican,12,2.6139536768199164e-06,4461978.0
NZL,2005,Creole,26,5.881395772844812e-06,4461978.0
NZL,2005,Croat/Croatian,2530,0.0005670512070820543,4461978.0
NZL,2005,Cypriot,132,2.9572285942311425e-05,4461978.0
NZL,2005,Czech,795,0.0001782444298718943,4461978.0
NZL,2005,Dalmatian,259,5.8065067750778614e-05,4461978.0
NZL,2005,Danish,1963,0.0004398682088913821,4461978.0
NZL,2005,Dutch,28112,0.0063004165059391565,4461978.0
NZL,2005,Easter Islander,6,1.3069768384099582e-06,4461978.0
NZL,2005,Ecuadorian,32,7.216334819103908e-06,4461978.0
NZL,2005,Egyptian,1000,0.00022408402077470736,4461978.0
NZL,2005,English,39807,0.008921323897911693,4461978.0
NZL,2005,Eritrean,281,6.307043473786766e-05,4461978.0
NZL,2005,Estonian,120,2.6847982116459358e-05,4461978.0
NZL,2005,Ethiopian,1345,0.0003015209380012094,4461978.0
NZL,2005,Eurasian,1143,0.0002561544849441467,4461978.0
NZL,2005,European,22504,0.005043606251163976,4461978.0
NZL,2005,European nec,753,0.00016866140010431916,4461978.0
NZL,2005,European nfd,24326,0.005451932776937371,4461978.0
NZL,2005,Falkland Islander/Kelper,29,6.5348841920497904e-06,4461978.0
NZL,2005,Fijian,10154,0.0022756806791456403,4461978.0
NZL,2005,Fijian (except Fiji Indian/Indo-Fijian),6844,0.0015337373198740858,4461978.0
NZL,2005,Fijian Indian/Indo-Fijian,3857,0.000864342679474502,4461978.0
NZL,2005,Filipino,14111,0.003162414035698743,4461978.0
NZL,2005,Finnish,445,9.981464601850181e-05,4461978.0
NZL,2005,Flemish,45,1.0117991853681789e-05,4461978.0
NZL,2005,French,3673,0.0008232645397680901,4461978.0
NZL,2005,Gaelic,41,9.148837868869706e-06,4461978.0
NZL,2005,Gambier Islander,6,1.3069768384099582e-06,4461978.0
NZL,2005,German,10021,0.0022457845945781482,4461978.0
NZL,2005,Ghanaian,309,6.915617844064435e-05,4461978.0
NZL,2005,Greek,2322,0.0005203909095448123,4461978.0
NZL,2005,Greenlander,3,6.534884192049791e-07,4461978.0
NZL,2005,Guam Islander/Chamorro,12,2.6139536768199164e-06,4461978.0
NZL,2005,Guatemalan,9,1.9604652576149372e-06,4461978.0
NZL,2005,Gujarati,15,3.2674420960248952e-06,4461978.0
NZL,2005,Guyanese,23,5.227907353639833e-06,4461978.0
NZL,2005,Hawaiian,285,6.388913533036037e-05,4461978.0
NZL,2005,Honduran,3,6.534884192049791e-07,4461978.0
NZL,2005,Hong Kong Chinese,717,0.00016068615905499305,4461978.0
NZL,2005,Hungarian,989,0.00022157320854949647,4461978.0
NZL,2005,Icelandic,87,1.9607555036078557e-05,4461978.0
NZL,2005,Indian,80214,0.017977333752509962,4461978.0
NZL,2005,Indian Tamil,259,5.809118989014126e-05,4461978.0
NZL,2005,Indian ndf,89545,0.02006836620962004,4461978.0
NZL,2005,Indian nec,220,4.937214277768342e-05,4461978.0
NZL,2005,Indigenous,1706,0.000382295354419882,4461978.0
NZL,2005,Indonesian,2686,0.0006020602759468673,4461978.0
NZL,2005,Inuit,41,9.148837868869706e-06,4461978.0
NZL,2005,Iranian,2540,0.000569303877061578,4461978.0
NZL,2005,Iraqi,2701,0.0006054020078582378,4461978.0
NZL,2005,Irish,12204,0.0027350553035554205,4461978.0
NZL,2005,Israelis,1600,0.0003586599576007899,4461978.0
NZL,2005,Italian,3041,0.0006815072122072079,4461978.0
NZL,2005,Jamaican,291,6.521202824598102e-05,4461978.0
NZL,2005,Japanese,11001,0.002465576440717732,4461978.0
NZL,2005,Jordanian,116,2.6045102696377703e-05,4461978.0
NZL,2005,Kampuchean Chinese,9,1.9604652576149372e-06,4461978.0
NZL,2005,Kanaka/Kanak,15,3.2674420960248952e-06,4461978.0
NZL,2005,Karen,447,0.00010013814638205303,4461978.0
NZL,2005,Kenyan,121,2.719064240327254e-05,4461978.0
NZL,2005,Kiribati,1136,0.00025455090755859195,4461978.0
NZL,2005,Korean,25100,0.005625236798709218,4461978.0
NZL,2005,Kurd,489,0.00010960782863586723,4461978.0
NZL,2005,Lao,1373,0.00030767091860374907,4461978.0
NZL,2005,Latin American/Hispanic nec,126,2.832413597952893e-05,4461978.0
NZL,2005,Latin American/Hispanic nfd,3933,0.000881498245413986,4461978.0
NZL,2005,Latvian,181,4.045992128408871e-05,4461978.0
NZL,2005,Lebanese,1009,0.00022603882525960934,4461978.0
NZL,2005,Libyan,23,5.227907353639833e-06,4461978.0
NZL,2005,Lithuanian,113,2.529040779884984e-05,4461978.0
NZL,2005,Macedonian,453,0.00010160690173810021,4461978.0
NZL,2005,Malaitian,3,6.534884192049791e-07,4461978.0
NZL,2005,Malay,2818,0.0006316201340916669,4461978.0
NZL,2005,Malaysian Chinese,1357,0.000304231602109259,4461978.0
NZL,2005,Maldivian,111,2.489622423863197e-05,4461978.0
NZL,2005,Maltese,231,5.175959123658067e-05,4461978.0
NZL,2005,Malvinian (Spanish-speaking Falkland Islander),3,6.534884192049791e-07,4461978.0
NZL,2005,Mangaia Islander,15,3.2674420960248952e-06,4461978.0
NZL,2005,Manihiki Islander,3,6.534884192049791e-07,4461978.0
NZL,2005,Manus Islander,3,6.534884192049791e-07,4461978.0
NZL,2005,Manx,143,3.2073954496813066e-05,4461978.0
NZL,2005,Maori,546824,0.12255189734936306,4461978.0
NZL,2005,Marianas Islander,3,6.534884192049791e-07,4461978.0
NZL,2005,Marquesas Islander,3,6.534884192049791e-07,4461978.0
NZL,2005,Marshallese,15,3.2674420960248952e-06,4461978.0
NZL,2005,Mauke Islander,3,6.534884192049791e-07,4461978.0
NZL,2005,Mauritian,227,5.079720965827002e-05,4461978.0
NZL,2005,Mexican,536,0.00012010128041742665,4461978.0
NZL,2005,Middle Eastern nec,309,6.92023330851124e-05,4461978.0
NZL,2005,Middle Eastern nfd,2333,0.000522832470427511,4461978.0
NZL,2005,Mongol,121,2.7109221948732587e-05,4461978.0
NZL,2005,Moroccan,124,2.7716897109591617e-05,4461978.0
NZL,2005,Nauru,74,1.6516498662136414e-05,4461978.0
NZL,2005,Nepalese,1027,0.00023009284007003734,4461978.0
NZL,2005,New Britain Islander,3,6.534884192049791e-07,4461978.0
NZL,2005,New Caledonian,43,9.66691639112258e-06,4461978.0
NZL,2005,New Zealand,37300,0.00835959884990509,4461978.0
NZL,2005,New Zealand European,2536456,0.5684600594006729,4461978.0
NZL,2005,New Zealand Maori,511519,0.11463951291587186,4461978.0
NZL,2005,Ni-Vanuatu,815,0.0001825723110833011,4461978.0
NZL,2005,Nicaraguan,3,6.534884192049791e-07,4461978.0
NZL,2005,Nigerian,240,5.382803537901992e-05,4461978.0
NZL,2005,Niuean,21362,0.004787526975620954,4461978.0
NZL,2005,North American Indian,525,0.00011762791545689623,4461978.0
NZL,2005,Norwegian,838,0.00018790597763408026,4461978.0
NZL,2005,Ocean Islander/Banaban,3,6.534884192049791e-07,4461978.0
NZL,2005,Omani,3,6.534884192049791e-07,4461978.0
NZL,2005,Orkney Islander,12,2.6139536768199164e-06,4461978.0
NZL,2005,Other,238238,0.053392905633823644,4461978.0
NZL,2005,Other African,1849,0.00041431165777595675,4461978.0
NZL,2005,Other African nec,1849,0.00041431165777595675,4461978.0
NZL,2005,Other Asian nec,187,4.182325882911866e-05,4461978.0
NZL,2005,Other Asiatic,5836,0.0013078337959196442,4461978.0
NZL,2005,Other European,28838,0.006463118830579235,4461978.0
NZL,2005,Other European nfd,362,8.10325639814174e-05,4461978.0
NZL,2005,Other Pacific Islander,2774,0.0006216121369570929,4461978.0
NZL,2005,Other Southeast Asian nec,160,3.594186305627385e-05,4461978.0
NZL,2005,Other nec,829,0.00018569036217844933,4461978.0
NZL,2005,Other nfd,120,2.6793025187404143e-05,4461978.0
NZL,2005,Pacific people nfd,1124,0.00025184489107415845,4461978.0
NZL,2005,Pakistani,1551,0.0003475423114750215,4461978.0
NZL,2005,Palestinian,103,2.30803125486784e-05,4461978.0
NZL,2005,Palmerston Islander,3,6.534884192049791e-07,4461978.0
NZL,2005,Panamanian,6,1.3069768384099582e-06,4461978.0
NZL,2005,Papuan/New Guinean/Irian Jayan,620,0.00013889434619370681,4461978.0
NZL,2005,Paraguayan,12,2.6139536768199164e-06,4461978.0
NZL,2005,Penrhyn Islander,9,1.9604652576149372e-06,4461978.0
NZL,2005,Peruvian,302,6.761442529544591e-05,4461978.0
NZL,2005,Phoenix Islander,3,6.534884192049791e-07,4461978.0
NZL,2005,Pitcairn Islander,169,3.789511961646564e-05,4461978.0
NZL,2005,Polish,1962,0.0004397744995072476,4461978.0
NZL,2005,Portuguese,880,0.00019722399252760956,4461978.0
NZL,2005,Puerto Rican,54,1.2180631076262672e-05,4461978.0
NZL,2005,Pukapuka Islander,23,5.227907353639833e-06,4461978.0
NZL,2005,Punjabi,173,3.880597792137161e-05,4461978.0
NZL,2005,Rarotongan,1131,0.00025344988818845095,4461978.0
NZL,2005,Romani (Gypsy),121,2.716074522213728e-05,4461978.0
NZL,2005,Romanian,686,0.0001537448553624877,4461978.0
NZL,2005,Rotuman,574,0.00012854791414881623,4461978.0
NZL,2005,Russian,4016,0.0009001171982208847,4461978.0
NZL,2005,Samoan,123395,0.02765474953143625,4461978.0
NZL,2005,Sardinian,3,6.534884192049791e-07,4461978.0
NZL,2005,Scottish,14442,0.003236708664199967,4461978.0
NZL,2005,Serbian,813,0.00018221688366052888,4461978.0
NZL,2005,Seychellois,54,1.2117497963141251e-05,4461978.0
NZL,2005,Shetland Islander,26,5.881395772844812e-06,4461978.0
NZL,2005,Sikh,88,1.9634549757284633e-05,4461978.0
NZL,2005,Singaporean Chinese,360,8.062202805306713e-05,4461978.0
NZL,2005,Sinhalese,2335,0.0005232947194388651,4461978.0
NZL,2005,Slavic,89,2.0022492106722423e-05,4461978.0
NZL,2005,Slovak,169,3.792501679760091e-05,4461978.0
NZL,2005,Slovenian,145,3.256697327114599e-05,4461978.0
NZL,2005,Society Islander (including Tahitian),1163,0.00026074187926278665,4461978.0
NZL,2005,Solomon Islander,449,0.0001005182539335467,4461978.0
NZL,2005,Somalie,2150,0.00048190938262706413,4461978.0
NZL,2005,South African,18373,0.004117663161687862,4461978.0
NZL,2005,South American Indian,15,3.2674420960248952e-06,4461978.0
NZL,2005,South Slav (formerly Yugoslav groups) nfd,2370,0.0005311660366524847,4461978.0
NZL,2005,South Slav (formerly Yugoslav) nec,225,5.037066274790942e-05,4461978.0
NZL,2005,Southeast Asian nfd,1774,0.000397528437309164,4461978.0
NZL,2005,Spanish,1797,0.0004028067877649673,4461978.0
NZL,2005,Sri Lanka Tamil,1239,0.000277568086994149,4461978.0
NZL,2005,Sri Lankan,8560,0.0019184396598456248,4461978.0
NZL,2005,Sri Lankan nfd,5278,0.0011829445545530257,4461978.0
NZL,2005,Sudanese,190,4.260020591943692e-05,4461978.0
NZL,2005,Swedish,1191,0.0002669182133277619,4461978.0
NZL,2005,Swiss,2331,0.0005224062450489838,4461978.0
NZL,2005,Syrian,258,5.7790909206023506e-05,4461978.0
NZL,2005,Tahitian,1368,0.0003067011076548581,4461978.0
NZL,2005,Taiwanese,5613,0.0012579591706746664,4461978.0
NZL,2005,Taiwanese Chinese,3662,0.0008207814545214537,4461978.0
NZL,2005,Tamil,3,6.534884192049791e-07,4461978.0
NZL,2005,Thai,5332,0.0011949023787489927,4461978.0
NZL,2005,Tibetan,48,1.0722328263689915e-05,4461978.0
NZL,2005,Tokelauan,6527,0.0014628834575201913,4461978.0
NZL,2005,Tongan,45776,0.01025912414794016,4461978.0
NZL,2005,Torres Strait Islander,9,1.9604652576149372e-06,4461978.0
NZL,2005,Tunisian,23,5.227907353639833e-06,4461978.0
NZL,2005,Turkish,589,0.0001319243026163085,4461978.0
NZL,2005,Tuvaluan,2306,0.0005169107633821823,4461978.0
NZL,2005,Ugandan,26,5.881395772844812e-06,4461978.0
NZL,2005,Ukrainian,631,0.00014139891720813764,4461978.0
NZL,2005,Uruguayan,78,1.752662847207914e-05,4461978.0
NZL,2005,Vanuatu,192,4.313023566752862e-05,4461978.0
NZL,2005,Venezuelan,58,1.3073638330671824e-05,4461978.0
NZL,2005,Vietnamese,4138,0.0009274632255237383,4461978.0
NZL,2005,Vietnamese Chinese,176,3.9350083678187495e-05,4461978.0
NZL,2005,Wallisian,29,6.5348841920497904e-06,4461978.0
NZL,2005,Welsh,3601,0.0008069627799657331,4461978.0
NZL,2005,Welsh-Gallois,3318,0.0007436698210552662,4461978.0
NZL,2005,West Indian/Caribbean,481,0.00010782558916882155,4461978.0
NZL,2005,Yemeni,9,1.9604652576149372e-06,4461978.0
NZL,2005,Zambian,165,3.7067711644185376e-05,4461978.0
NZL,2005,Zimbabwean,2419,0.0005421844389746518,4461978.0
NZL,2010,Afgan,2686,0.0005719874414675802,4696309.0
NZL,2010,African,9032,0.0019232859527431056,4696309.0
NZL,2010,African American,519,0.00011053223175377605,4696309.0
NZL,2010,African nfd,4592,0.0009777503297802577,4696309.0
NZL,2010,Afrikaner,683,0.00014550459943911572,4696309.0
NZL,2010,Aitutaki Islander,28,5.881395772844812e-06,4696309.0
NZL,2010,Albanian,269,5.726799325055533e-05,4696309.0
NZL,2010,Algerian,88,1.875649109344311e-05,4696309.0
NZL,2010,American,12500,0.0026615860080756114,4696309.0
NZL,2010,Anglo-Indian,330,7.026267729569467e-05,4696309.0
NZL,2010,Arab,2746,0.0005846745224151166,4696309.0
NZL,2010,Argentinean,871,0.00018550526907657903,4696309.0
NZL,2010,Armenian,193,4.100692950083378e-05,4696309.0
NZL,2010,Asian nfd,5114,0.0010888863299113951,4696309.0
NZL,2010,Assyrian,1587,0.0003379524556200914,4696309.0
NZL,2010,Atiu Islander,555,0.00011816887227246046,4696309.0
NZL,2010,Austral Islander,346,7.36322933566855e-05,4696309.0
NZL,2010,Australian,27515,0.005858878107385156,4696309.0
NZL,2010,Australian Aboriginal,381,8.10325639814174e-05,4696309.0
NZL,2010,Austrian,1007,0.00021433190888727223,4696309.0
NZL,2010,Bangladeshi,1752,0.0003730516318281244,4696309.0
NZL,2010,Belau/Palau Islander,9,1.9604652576149372e-06,4696309.0
NZL,2010,Belgian,535,0.0001139018478147669,4696309.0
NZL,2010,Bengali,115,2.44152515949375e-05,4696309.0
NZL,2010,Bhutanese,694,0.00014771759714921634,4696309.0
NZL,2010,Black,37,7.841861030459749e-06,4696309.0
NZL,2010,Bolivian,85,1.8002763682558307e-05,4696309.0
NZL,2010,Bosnian,140,2.9875469086358364e-05,4696309.0
NZL,2010,Bougainvillean,3,6.534884192049791e-07,4696309.0
NZL,2010,Brazil,3183,0.0006777718659295674,4696309.0
NZL,2010,British NEC,72,1.526254377949555e-05,4696309.0
NZL,2010,British nfd,22998,0.004897011994818868,4696309.0
NZL,2010,Bulgarian,461,9.818048867956765e-05,4696309.0
NZL,2010,Burgher,12,2.6139536768199164e-06,4696309.0
NZL,2010,Burmese,1366,0.00029095027709780434,4696309.0
NZL,2010,Burundian,88,1.8810480535855266e-05,4696309.0
NZL,2010,Byelorussian,99,2.11719017601895e-05,4696309.0
NZL,2010,Cambodian,8196,0.0017452955571583214,4696309.0
NZL,2010,Canadian,6300,0.0013414770047596913,4696309.0
NZL,2010,Caribbean,907,0.00019308405020627904,4696309.0
NZL,2010,Carolinian,6,1.3069768384099582e-06,4696309.0
NZL,2010,Celtic,1249,0.00026600042017659535,4696309.0
NZL,2010,Central American Indian,6,1.3069768384099582e-06,4696309.0
NZL,2010,Channel Islander,78,1.6693851870862226e-05,4696309.0
NZL,2010,Chilean,1551,0.0003301548397216874,4696309.0
NZL,2010,Chinese,1984,0.0004223553507196725,4696309.0
NZL,2010,Chinese nec,121,2.5698136172070565e-05,4696309.0
NZL,2010,Chinese nfd,167757,0.0357210905550118,4696309.0
NZL,2010,Colombian,763,0.0001624471138158914,4696309.0
NZL,2010,Congo,133,2.82157208037829e-05,4696309.0
NZL,2010,Cook Island Maori,64424,0.013718112056594687,4696309.0
NZL,2010,Cornish,107,2.2729476077799015e-05,4696309.0
NZL,2010,Corsican,6,1.3069768384099582e-06,4696309.0
NZL,2010,Costa Rican,12,2.6139536768199164e-06,4696309.0
NZL,2010,Creole,28,5.881395772844812e-06,4696309.0
NZL,2010,Croat/Croatian,2691,0.0005729543764157315,4696309.0
NZL,2010,Cypriot,115,2.4509685666758958e-05,4696309.0
NZL,2010,Czech,1060,0.00022579117590279283,4696309.0
NZL,2010,Dalmatian,242,5.14347820002643e-05,4696309.0
NZL,2010,Danish,2033,0.0004328771051788236,4696309.0
NZL,2010,Dutch,29303,0.006239533892938057,4696309.0
NZL,2010,Easter Islander,6,1.3069768384099582e-06,4696309.0
NZL,2010,Ecuadorian,56,1.1818715961387901e-05,4696309.0
NZL,2010,Egyptian,1144,0.0002436261663382563,4696309.0
NZL,2010,English,52782,0.011239038554985382,4696309.0
NZL,2010,Eritrean,296,6.307043473786766e-05,4696309.0
NZL,2010,Estonian,139,2.951689272233449e-05,4696309.0
NZL,2010,Ethiopian,1416,0.0003015209380012094,4696309.0
NZL,2010,Eurasian,1203,0.0002561544849441467,4696309.0
NZL,2010,European,23686,0.005043606251163976,4696309.0
NZL,2010,European nec,1096,0.00023341814155504662,4696309.0
NZL,2010,European nfd,27067,0.005763525648408376,4696309.0
NZL,2010,Falkland Islander/Kelper,31,6.5348841920497904e-06,4696309.0
NZL,2010,Fijian,12818,0.002729474364947216,4696309.0
NZL,2010,Fijian (except Fiji Indian/Indo-Fijian),7203,0.0015337373198740858,4696309.0
NZL,2010,Fijian Indian/Indo-Fijian,8428,0.0017946830467153022,4696309.0
NZL,2010,Filipino,33201,0.00706953730500407,4696309.0
NZL,2010,Finnish,539,0.00011467579754035636,4696309.0
NZL,2010,Flemish,49,1.0433657419288892e-05,4696309.0
NZL,2010,French,4973,0.0010590155298309202,4696309.0
NZL,2010,Gaelic,43,9.148837868869706e-06,4696309.0
NZL,2010,Gambier Islander,6,1.3069768384099582e-06,4696309.0
NZL,2010,German,12741,0.002712963864619649,4696309.0
NZL,2010,Ghanaian,325,6.915617844064435e-05,4696309.0
NZL,2010,Greek,2416,0.0005144616806191746,4696309.0
NZL,2010,Greenlander,3,6.534884192049791e-07,4696309.0
NZL,2010,Guam Islander/Chamorro,12,2.6139536768199164e-06,4696309.0
NZL,2010,Guatemalan,9,1.9604652576149372e-06,4696309.0
NZL,2010,Gujarati,15,3.2674420960248952e-06,4696309.0
NZL,2010,Guyanese,25,5.227907353639833e-06,4696309.0
NZL,2010,Hawaiian,324,6.896431293227264e-05,4696309.0
NZL,2010,Honduran,3,6.534884192049791e-07,4696309.0
NZL,2010,Hong Kong Chinese,1420,0.0003024211539530417,4696309.0
NZL,2010,Hungarian,1167,0.00024840686817590915,4696309.0
NZL,2010,Icelandic,95,2.0263945915212717e-05,4696309.0
NZL,2010,Indian,107257,0.022838501443156793,4696309.0
NZL,2010,Indian Tamil,273,5.809118989014126e-05,4696309.0
NZL,2010,Indian ndf,126897,0.027020566357376943,4696309.0
NZL,2010,Indian nec,255,5.4307073049428276e-05,4696309.0
NZL,2010,Indigenous,1795,0.000382295354419882,4696309.0
NZL,2010,Indonesian,4098,0.0008725682357330916,4696309.0
NZL,2010,Inuit,43,9.148837868869706e-06,4696309.0
NZL,2010,Iranian,3369,0.0007174116967302486,4696309.0
NZL,2010,Iraqi,3104,0.0006609436930107899,4696309.0
NZL,2010,Irish,14290,0.0030427194868482203,4696309.0
NZL,2010,Israelis,1691,0.0003599764405803992,4696309.0
NZL,2010,Italian,3797,0.0008085512138999663,4696309.0
NZL,2010,Jamaican,367,7.814498295556372e-05,4696309.0
NZL,2010,Japanese,13840,0.0029470651446626235,4696309.0
NZL,2010,Jordanian,153,3.2485552816606035e-05,4696309.0
NZL,2010,Kampuchean Chinese,9,1.9604652576149372e-06,4696309.0
NZL,2010,Kanaka/Kanak,15,3.2674420960248952e-06,4696309.0
NZL,2010,Karen,470,0.00010013814638205303,4696309.0
NZL,2010,Kenyan,179,3.8044074326420605e-05,4696309.0
NZL,2010,Kiribati,1728,0.00036794831656890845,4696309.0
NZL,2010,Korean,32544,0.006929709760019986,4696309.0
NZL,2010,Kurd,609,0.00012968774384065234,4696309.0
NZL,2010,Lao,1435,0.0003056223946770097,4696309.0
NZL,2010,Latin American/Hispanic nec,211,4.4885480413368234e-05,4696309.0
NZL,2010,Latin American/Hispanic nfd,7636,0.0016260258907288116,4696309.0
NZL,2010,Latvian,202,4.301751425428863e-05,4696309.0
NZL,2010,Lebanese,1091,0.00023225813631439252,4696309.0
NZL,2010,Libyan,25,5.227907353639833e-06,4696309.0
NZL,2010,Lithuanian,142,3.0322674602345328e-05,4696309.0
NZL,2010,Macedonian,488,0.00010388356375704358,4696309.0
NZL,2010,Malaitian,3,6.534884192049791e-07,4696309.0
NZL,2010,Malay,3632,0.0007733991391026745,4696309.0
NZL,2010,Malaysian Chinese,2357,0.0005019445918881065,4696309.0
NZL,2010,Maldivian,117,2.489622423863197e-05,4696309.0
NZL,2010,Maltese,259,5.51610394519929e-05,4696309.0
NZL,2010,Malvinian (Spanish-speaking Falkland Islander),3,6.534884192049791e-07,4696309.0
NZL,2010,Mangaia Islander,15,3.2674420960248952e-06,4696309.0
NZL,2010,Manihiki Islander,3,6.534884192049791e-07,4696309.0
NZL,2010,Manus Islander,3,6.534884192049791e-07,4696309.0
NZL,2010,Manx,132,2.820604593735229e-05,4696309.0
NZL,2010,Maori,632445,0.1346685015056146,4696309.0
NZL,2010,Marianas Islander,3,6.534884192049791e-07,4696309.0
NZL,2010,Marquesas Islander,3,6.534884192049791e-07,4696309.0
NZL,2010,Marshallese,15,3.2674420960248952e-06,4696309.0
NZL,2010,Mauke Islander,3,6.534884192049791e-07,4696309.0
NZL,2010,Mauritian,318,6.761302151788112e-05,4696309.0
NZL,2010,Mexican,787,0.00016766534630310062,4696309.0
NZL,2010,Middle Eastern nec,309,6.586745163847212e-05,4696309.0
NZL,2010,Middle Eastern nfd,4024,0.0008568067877047828,4696309.0
NZL,2010,Mongol,127,2.7109221948732587e-05,4696309.0
NZL,2010,Moroccan,162,3.45221648046239e-05,4696309.0
NZL,2010,Nauru,91,1.9309740520968263e-05,4696309.0
NZL,2010,Nepalese,1768,0.0003765391624818374,4696309.0
NZL,2010,New Britain Islander,3,6.534884192049791e-07,4696309.0
NZL,2010,New Caledonian,63,1.3452437009400348e-05,4696309.0
NZL,2010,New Zealand,39259,0.00835959884990509,4696309.0
NZL,2010,New Zealand European,2590353,0.5515720955672468,4696309.0
NZL,2010,New Zealand Maori,538383,0.11463951291587186,4696309.0
NZL,2010,Ni-Vanuatu,857,0.0001825723110833011,4696309.0
NZL,2010,Nicaraguan,3,6.534884192049791e-07,4696309.0
NZL,2010,Nigerian,352,7.498164979779088e-05,4696309.0
NZL,2010,Niuean,25148,0.0053549449385096185,4696309.0
NZL,2010,North American Indian,552,0.00011762791545689623,4696309.0
NZL,2010,Norwegian,915,0.0001947956631483813,4696309.0
NZL,2010,Ocean Islander/Banaban,3,6.534884192049791e-07,4696309.0
NZL,2010,Omani,3,6.534884192049791e-07,4696309.0
NZL,2010,Orkney Islander,12,2.6139536768199164e-06,4696309.0
NZL,2010,Other,472163,0.1005391154684669,4696309.0
NZL,2010,Other African,1946,0.00041431165777595675,4696309.0
NZL,2010,Other African nec,1946,0.00041431165777595675,4696309.0
NZL,2010,Other Asian nec,196,4.182325882911866e-05,4696309.0
NZL,2010,Other Asiatic,7189,0.0015307362280471586,4696309.0
NZL,2010,Other European,16751,0.0035668715725458893,4696309.0
NZL,2010,Other European nfd,381,8.10325639814174e-05,4696309.0
NZL,2010,Other Pacific Islander,5495,0.0011700335709632283,4696309.0
NZL,2010,Other Southeast Asian nec,169,3.594186305627385e-05,4696309.0
NZL,2010,Other nec,1741,0.00037072723593769365,4696309.0
NZL,2010,Other nfd,126,2.6793025187404143e-05,4696309.0
NZL,2010,Pacific people nfd,1672,0.0003560013994079916,4696309.0
NZL,2010,Pakistani,3254,0.0006928330589893506,4696309.0
NZL,2010,Palestinian,155,3.3090856713257224e-05,4696309.0
NZL,2010,Palmerston Islander,3,6.534884192049791e-07,4696309.0
NZL,2010,Panamanian,6,1.3069768384099582e-06,4696309.0
NZL,2010,Papuan/New Guinean/Irian Jayan,761,0.00016212124218813233,4696309.0
NZL,2010,Paraguayan,12,2.6139536768199164e-06,4696309.0
NZL,2010,Penrhyn Islander,9,1.9604652576149372e-06,4696309.0
NZL,2010,Peruvian,399,8.491024231210842e-05,4696309.0
NZL,2010,Phoenix Islander,3,6.534884192049791e-07,4696309.0
NZL,2010,Pitcairn Islander,181,3.854139933824748e-05,4696309.0
NZL,2010,Polish,2249,0.00047880293384242365,4696309.0
NZL,2010,Portuguese,1012,0.00021539215819305486,4696309.0
NZL,2010,Puerto Rican,75,1.5865912702860617e-05,4696309.0
NZL,2010,Pukapuka Islander,25,5.227907353639833e-06,4696309.0
NZL,2010,Punjabi,254,5.408637275136397e-05,4696309.0
NZL,2010,Rarotongan,1131,0.00024092998976047543,4696309.0
NZL,2010,Romani (Gypsy),123,2.6221488418460456e-05,4696309.0
NZL,2010,Romanian,910,0.000193782725783309,4696309.0
NZL,2010,Rotuman,686,0.00014600279703278605,4696309.0
NZL,2010,Russian,5721,0.0012181561070784953,4696309.0
NZL,2010,Samoan,147476,0.03140252533340674,4696309.0
NZL,2010,Sardinian,3,6.534884192049791e-07,4696309.0
NZL,2010,Scottish,16244,0.0034588005932699325,4696309.0
NZL,2010,Serbian,941,0.00020040817410060802,4696309.0
NZL,2010,Seychellois,71,1.5086158057412794e-05,4696309.0
NZL,2010,Shetland Islander,28,5.881395772844812e-06,4696309.0
NZL,2010,Sikh,117,2.4892354292059725e-05,4696309.0
NZL,2010,Singaporean Chinese,447,9.524172576643136e-05,4696309.0
NZL,2010,Sinhalese,4286,0.0009126243129407095,4696309.0
NZL,2010,Slavic,99,2.109382005650045e-05,4696309.0
NZL,2010,Slovak,237,5.036398524620762e-05,4696309.0
NZL,2010,Slovenian,168,3.5726967678067914e-05,4696309.0
NZL,2010,Society Islander (including Tahitian),1225,0.00026074187926278665,4696309.0
NZL,2010,Solomon Islander,539,0.00011477603653203619,4696309.0
NZL,2010,Somalie,2164,0.00046088205769322555,4696309.0
NZL,2010,South African,28778,0.006127871776941808,4696309.0
NZL,2010,South American Indian,15,3.2674420960248952e-06,4696309.0
NZL,2010,South Slav (formerly Yugoslav groups) nfd,2390,0.0005088734196273388,4696309.0
NZL,2010,South Slav (formerly Yugoslav) nec,178,3.8006437252140855e-05,4696309.0
NZL,2010,Southeast Asian nfd,3513,0.0007480057084355696,4696309.0
NZL,2010,Spanish,2131,0.0004537039145909132,4696309.0
NZL,2010,Sri Lanka Tamil,1880,0.00040025941863671793,4696309.0
NZL,2010,Sri Lankan,9010,0.0019184396598456248,4696309.0
NZL,2010,Sri Lankan nfd,4930,0.0010497634328272237,4696309.0
NZL,2010,Sudanese,200,4.260020591943692e-05,4696309.0
NZL,2010,Swedish,1460,0.0003108634593058857,4696309.0
NZL,2010,Swiss,2436,0.0005186961123546866,4696309.0
NZL,2010,Syrian,414,8.81353048054379e-05,4696309.0
NZL,2010,Tahitian,1462,0.00031124454461559363,4696309.0
NZL,2010,Taiwanese,5835,0.0012425115292098072,4696309.0
NZL,2010,Taiwanese Chinese,3855,0.0008207814545214537,4696309.0
NZL,2010,Tamil,3,6.534884192049791e-07,4696309.0
NZL,2010,Thai,7443,0.0015848916323854094,4696309.0
NZL,2010,Tibetan,64,1.3602795496920084e-05,4696309.0
NZL,2010,Tokelauan,7434,0.0015829010242172398,4696309.0
NZL,2010,Tongan,60257,0.012830698656328006,4696309.0
NZL,2010,Torres Strait Islander,9,1.9604652576149372e-06,4696309.0
NZL,2010,Tunisian,25,5.227907353639833e-06,4696309.0
NZL,2010,Turkish,794,0.00016909278444789507,4696309.0
NZL,2010,Tuvaluan,3240,0.0006898876954872407,4696309.0
NZL,2010,Ugandan,28,5.881395772844812e-06,4696309.0
NZL,2010,Ukrainian,813,0.00017301177998983882,4696309.0
NZL,2010,Uruguayan,149,3.178581484813339e-05,4696309.0
NZL,2010,Vanuatu,203,4.313023566752862e-05,4696309.0
NZL,2010,Venezuelan,86,1.83054156308839e-05,4696309.0
NZL,2010,Vietnamese,6358,0.0013538754019698108,4696309.0
NZL,2010,Vietnamese Chinese,299,6.366993371466047e-05,4696309.0
NZL,2010,Wallisian,31,6.5348841920497904e-06,4696309.0
NZL,2010,Welsh,4160,0.0008857485930538606,4696309.0
NZL,2010,Welsh-Gallois,3493,0.0007436698210552662,4696309.0
NZL,2010,West Indian/Caribbean,506,0.00010782558916882155,4696309.0
NZL,2010,Yemeni,9,1.9604652576149372e-06,4696309.0
NZL,2010,Zambian,174,3.7067711644185376e-05,4696309.0
NZL,2010,Zimbabwean,2546,0.0005421844389746518,4696309.0
NZL,2015,Afgan,3896,0.0007700869698183007,5059409.0
NZL,2015,African,9731,0.0019232859527431056,5059409.0
NZL,2015,African American,678,0.0001341041592992226,5059409.0
NZL,2015,African nfd,6311,0.0012473801300271162,5059409.0
NZL,2015,Afrikaner,736,0.00014550459943911572,5059409.0
NZL,2015,Aitutaki Islander,30,5.881395772844812e-06,5059409.0
NZL,2015,Albanian,261,5.1593847867571595e-05,5059409.0
NZL,2015,Algerian,108,2.1273108238512386e-05,5059409.0
NZL,2015,American,14312,0.0028287158290621625,5059409.0
NZL,2015,Anglo-Indian,355,7.026267729569467e-05,5059409.0
NZL,2015,Arab,2876,0.0005684087255426105,5059409.0
NZL,2015,Argentinean,1320,0.0002609404605059366,5059409.0
NZL,2015,Armenian,227,4.4846439561523706e-05,5059409.0
NZL,2015,Asian nfd,8493,0.001678604491382265,5059409.0
NZL,2015,Assyrian,1458,0.00028820147944171655,5059409.0
NZL,2015,Atiu Islander,895,0.0001769265641990882,5059409.0
NZL,2015,Austral Islander,557,0.00011012169582542577,5059409.0
NZL,2015,Australian,28513,0.0056356586284318725,5059409.0
NZL,2015,Australian Aboriginal,410,8.10325639814174e-05,5059409.0
NZL,2015,Austrian,1136,0.00022445483307896894,5059409.0
NZL,2015,Bangladeshi,2034,0.00040201646793511003,5059409.0
NZL,2015,Belau/Palau Islander,10,1.9604652576149372e-06,5059409.0
NZL,2015,Belgian,702,0.00013883183918110637,5059409.0
NZL,2015,Bengali,156,3.0741481619561434e-05,5059409.0
NZL,2015,Bhutanese,747,0.00014771759714921634,5059409.0
NZL,2015,Black,40,7.841861030459749e-06,5059409.0
NZL,2015,Bolivian,109,2.144949396059514e-05,5059409.0
NZL,2015,Bosnian,151,2.9875469086358364e-05,5059409.0
NZL,2015,Bougainvillean,3,6.534884192049791e-07,5059409.0
NZL,2015,Brazil,4823,0.0009532694222314681,5059409.0
NZL,2015,British NEC,96,1.8972885154013448e-05,5059409.0
NZL,2015,British nfd,17803,0.003518767014956846,5059409.0
NZL,2015,Bulgarian,545,0.00010773468365745024,5059409.0
NZL,2015,Burgher,13,2.6139536768199164e-06,5059409.0
NZL,2015,Burmese,1891,0.00037369052740302857,5059409.0
NZL,2015,Burundian,95,1.8810480535855266e-05,5059409.0
NZL,2015,Byelorussian,138,2.7183433705849392e-05,5059409.0
NZL,2015,Cambodian,9586,0.0018947760959318843,5059409.0
NZL,2015,Canadian,7031,0.0013896861334487844,5059409.0
NZL,2015,Caribbean,977,0.00019308405020627904,5059409.0
NZL,2015,Carolinian,7,1.3069768384099582e-06,5059409.0
NZL,2015,Celtic,933,0.00018445240684813706,5059409.0
NZL,2015,Central American Indian,7,1.3069768384099582e-06,5059409.0
NZL,2015,Channel Islander,87,1.7198916775833593e-05,5059409.0
NZL,2015,Chilean,2182,0.0004311903945004432,5059409.0
NZL,2015,Chinese,1458,0.00028807934578583275,5059409.0
NZL,2015,Chinese nec,169,3.331929690446601e-05,5059409.0
NZL,2015,Chinese nfd,198310,0.03919633282529974,5059409.0
NZL,2015,Colombian,1167,0.0002306009023397375,5059409.0
NZL,2015,Congo,143,2.82157208037829e-05,5059409.0
NZL,2015,Cook Island Maori,72272,0.014284769844539972,5059409.0
NZL,2015,Cornish,134,2.6579097295841266e-05,5059409.0
NZL,2015,Corsican,7,1.3069768384099582e-06,5059409.0
NZL,2015,Costa Rican,13,2.6139536768199164e-06,5059409.0
NZL,2015,Creole,30,5.881395772844812e-06,5059409.0
NZL,2015,Croat/Croatian,2824,0.0005581226571227168,5059409.0
NZL,2015,Cypriot,98,1.944708539120649e-05,5059409.0
NZL,2015,Czech,1383,0.00027333792193369135,5059409.0
NZL,2015,Dalmatian,227,4.480449624975e-05,5059409.0
NZL,2015,Danish,2128,0.0004205875913461939,5059409.0
NZL,2015,Dutch,29696,0.005869416601269048,5059409.0
NZL,2015,Easter Islander,7,1.3069768384099582e-06,5059409.0
NZL,2015,Ecuadorian,83,1.6421097103671892e-05,5059409.0
NZL,2015,Egyptian,1331,0.0002631683119018052,5059409.0
NZL,2015,English,62116,0.012277322888330406,5059409.0
NZL,2015,Eritrean,319,6.307043473786766e-05,5059409.0
NZL,2015,Estonian,163,3.218580332820962e-05,5059409.0
NZL,2015,Ethiopian,1526,0.0003015209380012094,5059409.0
NZL,2015,Eurasian,1296,0.0002561544849441467,5059409.0
NZL,2015,European,25518,0.005043606251163976,5059409.0
NZL,2015,European nec,1509,0.0002981748830057741,5059409.0
NZL,2015,European nfd,30737,0.006075118519879382,5059409.0
NZL,2015,Falkland Islander/Kelper,33,6.5348841920497904e-06,5059409.0
NZL,2015,Fijian,16105,0.0031832680507487923,5059409.0
NZL,2015,Fijian (except Fiji Indian/Indo-Fijian),7760,0.0015337373198740858,5059409.0
NZL,2015,Fijian Indian/Indo-Fijian,11599,0.002292636579576092,5059409.0
NZL,2015,Filipino,51759,0.01023019322441146,5059409.0
NZL,2015,Finnish,655,0.0001295369490622109,5059409.0
NZL,2015,Flemish,54,1.0749322984895995e-05,5059409.0
NZL,2015,French,6260,0.0012373904074338958,5059409.0
NZL,2015,Gaelic,46,9.148837868869706e-06,5059409.0
NZL,2015,Gambier Islander,7,1.3069768384099582e-06,5059409.0
NZL,2015,German,14709,0.002907240077662834,5059409.0
NZL,2015,Ghanaian,350,6.915617844064435e-05,5059409.0
NZL,2015,Greek,2456,0.0004854462291637137,5059409.0
NZL,2015,Greenlander,3,6.534884192049791e-07,5059409.0
NZL,2015,Guam Islander/Chamorro,13,2.6139536768199164e-06,5059409.0
NZL,2015,Guatemalan,10,1.9604652576149372e-06,5059409.0
NZL,2015,Gujarati,17,3.2674420960248952e-06,5059409.0
NZL,2015,Guyanese,26,5.227907353639833e-06,5059409.0
NZL,2015,Hawaiian,375,7.403949053418489e-05,5059409.0
NZL,2015,Honduran,3,6.534884192049791e-07,5059409.0
NZL,2015,Hong Kong Chinese,2247,0.0004441561488510904,5059409.0
NZL,2015,Hungarian,1393,0.00027524052780232187,5059409.0
NZL,2015,Icelandic,106,2.0920336794346877e-05,5059409.0
NZL,2015,Indian,115549,0.022838501443156793,5059409.0
NZL,2015,Indian Tamil,294,5.809118989014126e-05,5059409.0
NZL,2015,Indian ndf,171882,0.03397276650513385,5059409.0
NZL,2015,Indian nec,300,5.924200332117312e-05,5059409.0
NZL,2015,Indigenous,1934,0.000382295354419882,5059409.0
NZL,2015,Indonesian,5022,0.000992576417243089,5059409.0
NZL,2015,Inuit,46,9.148837868869706e-06,5059409.0
NZL,2015,Iranian,3879,0.000766727301164926,5059409.0
NZL,2015,Iraqi,2926,0.0005783275900366644,5059409.0
NZL,2015,Irish,16018,0.003165893666742633,5059409.0
NZL,2015,Israelis,1776,0.00035094229339547244,5059409.0
NZL,2015,Italian,4542,0.0008977740963024213,5059409.0
NZL,2015,Jamaican,461,9.107793766514641e-05,5059409.0
NZL,2015,Japanese,15918,0.0031462822164536174,5059409.0
NZL,2015,Jordanian,197,3.892600293683437e-05,5059409.0
NZL,2015,Kampuchean Chinese,10,1.9604652576149372e-06,5059409.0
NZL,2015,Kanaka/Kanak,17,3.2674420960248952e-06,5059409.0
NZL,2015,Karen,507,0.00010013814638205303,5059409.0
NZL,2015,Kenyan,247,4.889750624956866e-05,5059409.0
NZL,2015,Kiribati,2435,0.00048134572557922495,5059409.0
NZL,2015,Korean,34168,0.006753369477219514,5059409.0
NZL,2015,Kurd,758,0.00014976765904543745,5059409.0
NZL,2015,Lao,1523,0.0003010820439152463,5059409.0
NZL,2015,Latin American/Hispanic nec,311,6.144682484720754e-05,5059409.0
NZL,2015,Latin American/Hispanic nfd,8684,0.0017164692605129836,5059409.0
NZL,2015,Latvian,231,4.557510722448855e-05,5059409.0
NZL,2015,Lebanese,1184,0.00023397119622005423,5059409.0
NZL,2015,Libyan,26,5.227907353639833e-06,5059409.0
NZL,2015,Lithuanian,179,3.5354941405840815e-05,5059409.0
NZL,2015,Macedonian,537,0.00010616022577598696,5059409.0
NZL,2015,Malaitian,3,6.534884192049791e-07,5059409.0
NZL,2015,Malay,3696,0.000730544088758221,5059409.0
NZL,2015,Malaysian Chinese,3540,0.0006996575816669538,5059409.0
NZL,2015,Maldivian,126,2.489622423863197e-05,5059409.0
NZL,2015,Maltese,296,5.856248766740512e-05,5059409.0
NZL,2015,Malvinian (Spanish-speaking Falkland Islander),3,6.534884192049791e-07,5059409.0
NZL,2015,Mangaia Islander,17,3.2674420960248952e-06,5059409.0
NZL,2015,Manihiki Islander,3,6.534884192049791e-07,5059409.0
NZL,2015,Manus Islander,3,6.534884192049791e-07,5059409.0
NZL,2015,Manx,123,2.433813737789151e-05,5059409.0
NZL,2015,Maori,702614,0.138872721228375,5059409.0
NZL,2015,Marianas Islander,3,6.534884192049791e-07,5059409.0
NZL,2015,Marquesas Islander,3,6.534884192049791e-07,5059409.0
NZL,2015,Marshallese,17,3.2674420960248952e-06,5059409.0
NZL,2015,Mauke Islander,3,6.534884192049791e-07,5059409.0
NZL,2015,Mauritian,427,8.442883337749223e-05,5059409.0
NZL,2015,Mexican,1089,0.0002152294121887746,5059409.0
NZL,2015,Middle Eastern nec,316,6.253257019183185e-05,5059409.0
NZL,2015,Middle Eastern nfd,6025,0.0011907811049820546,5059409.0
NZL,2015,Mongol,137,2.7109221948732587e-05,5059409.0
NZL,2015,Moroccan,209,4.1327432499656185e-05,5059409.0
NZL,2015,Nauru,112,2.2102982379800116e-05,5059409.0
NZL,2015,Nepalese,2646,0.0005229854848936374,5059409.0
NZL,2015,New Britain Islander,3,6.534884192049791e-07,5059409.0
NZL,2015,New Caledonian,87,1.7237957627678115e-05,5059409.0
NZL,2015,New Zealand,42295,0.00835959884990509,5059409.0
NZL,2015,New Zealand European,2801142,0.5536500402638572,5059409.0
NZL,2015,New Zealand Maori,580008,0.11463951291587186,5059409.0
NZL,2015,Ni-Vanuatu,924,0.0001825723110833011,5059409.0
NZL,2015,Nicaraguan,3,6.534884192049791e-07,5059409.0
NZL,2015,Nigerian,486,9.613526421656186e-05,5059409.0
NZL,2015,Niuean,27946,0.005523664149157968,5059409.0
NZL,2015,North American Indian,595,0.00011762791545689623,5059409.0
NZL,2015,Norwegian,1020,0.00020168534866268233,5059409.0
NZL,2015,Ocean Islander/Banaban,3,6.534884192049791e-07,5059409.0
NZL,2015,Omani,3,6.534884192049791e-07,5059409.0
NZL,2015,Orkney Islander,13,2.6139536768199164e-06,5059409.0
NZL,2015,Other,508669,0.1005391154684669,5059409.0
NZL,2015,Other African,2096,0.00041431165777595675,5059409.0
NZL,2015,Other African nec,2096,0.00041431165777595675,5059409.0
NZL,2015,Other Asian nec,212,4.182325882911866e-05,5059409.0
NZL,2015,Other Asiatic,7745,0.0015307362280471586,5059409.0
NZL,2015,Other European,18046,0.0035668715725458893,5059409.0
NZL,2015,Other European nfd,410,8.10325639814174e-05,5059409.0
NZL,2015,Other Pacific Islander,5920,0.0011700335709632283,5059409.0
NZL,2015,Other Southeast Asian nec,182,3.594186305627385e-05,5059409.0
NZL,2015,Other nec,2812,0.000555764109696938,5059409.0
NZL,2015,Other nfd,136,2.6793025187404143e-05,5059409.0
NZL,2015,Pacific people nfd,2328,0.0004601579077418248,5059409.0
NZL,2015,Pakistani,4615,0.0009121140691391461,5059409.0
NZL,2015,Palestinian,218,4.3101400877836046e-05,5059409.0
NZL,2015,Palmerston Islander,3,6.534884192049791e-07,5059409.0
NZL,2015,Panamanian,7,1.3069768384099582e-06,5059409.0
NZL,2015,Papuan/New Guinean/Irian Jayan,938,0.00018534813818255787,5059409.0
NZL,2015,Paraguayan,13,2.6139536768199164e-06,5059409.0
NZL,2015,Penrhyn Islander,10,1.9604652576149372e-06,5059409.0
NZL,2015,Peruvian,517,0.00010220605932877094,5059409.0
NZL,2015,Phoenix Islander,3,6.534884192049791e-07,5059409.0
NZL,2015,Pitcairn Islander,198,3.918767906002931e-05,5059409.0
NZL,2015,Polish,2551,0.0005041313179919984,5059409.0
NZL,2015,Portuguese,1182,0.00023356032385850016,5059409.0
NZL,2015,Puerto Rican,99,1.955119432945856e-05,5059409.0
NZL,2015,Pukapuka Islander,26,5.227907353639833e-06,5059409.0
NZL,2015,Punjabi,351,6.936676758135633e-05,5059409.0
NZL,2015,Rarotongan,1219,0.00024092998976047543,5059409.0
NZL,2015,Romani (Gypsy),128,2.5282231614783633e-05,5059409.0
NZL,2015,Romanian,1183,0.00023382059620413032,5059409.0
NZL,2015,Rotuman,827,0.00016345767991675586,5059409.0
NZL,2015,Russian,6680,0.0013202801926228342,5059409.0
NZL,2015,Samoan,164682,0.03254964410784067,5059409.0
NZL,2015,Sardinian,3,6.534884192049791e-07,5059409.0
NZL,2015,Scottish,17440,0.0034469631443868097,5059409.0
NZL,2015,Serbian,1106,0.00021859946454068715,5059409.0
NZL,2015,Seychellois,91,1.805481815168434e-05,5059409.0
NZL,2015,Shetland Islander,30,5.881395772844812e-06,5059409.0
NZL,2015,Sikh,153,3.015015882683482e-05,5059409.0
NZL,2015,Singaporean Chinese,556,0.00010986142347979561,5059409.0
NZL,2015,Sinhalese,6587,0.001301953906442554,5059409.0
NZL,2015,Slavic,112,2.2165148006278476e-05,5059409.0
NZL,2015,Slovak,318,6.280295369481435e-05,5059409.0
NZL,2015,Slovenian,197,3.888696208498984e-05,5059409.0
NZL,2015,Society Islander (including Tahitian),1319,0.00026074187926278665,5059409.0
NZL,2015,Solomon Islander,653,0.00012903381913052564,5059409.0
NZL,2015,Somalie,1959,0.00038728724154999414,5059409.0
NZL,2015,South African,36776,0.007268908162375844,5059409.0
NZL,2015,South American Indian,17,3.2674420960248952e-06,5059409.0
NZL,2015,South Slav (formerly Yugoslav groups) nfd,1517,0.0002998031628707321,5059409.0
NZL,2015,South Slav (formerly Yugoslav) nec,130,2.5642211756372287e-05,5059409.0
NZL,2015,Southeast Asian nfd,5558,0.0010984829795619752,5059409.0
NZL,2015,Spanish,2423,0.0004788570715331646,5059409.0
NZL,2015,Sri Lanka Tamil,2646,0.0005229507502792869,5059409.0
NZL,2015,Sri Lankan,9706,0.0019184396598456248,5059409.0
NZL,2015,Sri Lankan nfd,4637,0.0009165823111014215,5059409.0
NZL,2015,Sudanese,216,4.260020591943692e-05,5059409.0
NZL,2015,Swedish,1678,0.00033164167231970466,5059409.0
NZL,2015,Swiss,2548,0.0005036076784296991,5059409.0
NZL,2015,Syrian,599,0.00011847970040485228,5059409.0
NZL,2015,Tahitian,1598,0.00031578798157632916,5059409.0
NZL,2015,Taiwanese,6208,0.0012270638877449483,5059409.0
NZL,2015,Taiwanese Chinese,4153,0.0008207814545214537,5059409.0
NZL,2015,Tamil,3,6.534884192049791e-07,5059409.0
NZL,2015,Thai,8965,0.0017719739276259915,5059409.0
NZL,2015,Tibetan,83,1.6483262730150252e-05,5059409.0
NZL,2015,Tokelauan,8052,0.001591449184309994,5059409.0
NZL,2015,Tongan,70894,0.014012293842225666,5059409.0
NZL,2015,Torres Strait Islander,10,1.9604652576149372e-06,5059409.0
NZL,2015,Tunisian,26,5.227907353639833e-06,5059409.0
NZL,2015,Turkish,1044,0.0002062612662794816,5059409.0
NZL,2015,Tuvaluan,3916,0.0007739887787893779,5059409.0
NZL,2015,Ugandan,30,5.881395772844812e-06,5059409.0
NZL,2015,Ukrainian,1035,0.00020462464277153997,5059409.0
NZL,2015,Uruguayan,233,4.604500122418764e-05,5059409.0
NZL,2015,Vanuatu,218,4.313023566752862e-05,5059409.0
NZL,2015,Venezuelan,119,2.3537192931095977e-05,5059409.0
NZL,2015,Vietnamese,8130,0.0016069499886546908,5059409.0
NZL,2015,Vietnamese Chinese,445,8.798978375113345e-05,5059409.0
NZL,2015,Wallisian,33,6.5348841920497904e-06,5059409.0
NZL,2015,Welsh,4560,0.000901241447231521,5059409.0
NZL,2015,Welsh-Gallois,3763,0.0007436698210552662,5059409.0
NZL,2015,West Indian/Caribbean,546,0.00010782558916882155,5059409.0
NZL,2015,Yemeni,10,1.9604652576149372e-06,5059409.0
NZL,2015,Zambian,188,3.7067711644185376e-05,5059409.0
NZL,2015,Zimbabwean,2743,0.0005421844389746518,5059409.0
NZL,2020,Afgan,5250,0.000968186498169021,5422509.0
NZL,2020,African,10429,0.0019232859527431056,5422509.0
NZL,2020,African American,855,0.00015767608684466914,5422509.0
NZL,2020,African nfd,8226,0.0015170099302739745,5422509.0
NZL,2020,Afrikaner,789,0.00014550459943911572,5422509.0
NZL,2020,Aitutaki Islander,32,5.881395772844812e-06,5422509.0
NZL,2020,Albanian,249,4.591970248458785e-05,5422509.0
NZL,2020,Algerian,129,2.378972538358166e-05,5422509.0
NZL,2020,American,16245,0.0029958456500487137,5422509.0
NZL,2020,Anglo-Indian,381,7.026267729569467e-05,5422509.0
NZL,2020,Arab,2994,0.0005521429286701045,5422509.0
NZL,2020,Argentinean,1824,0.00033637565193529414,5422509.0
NZL,2020,Armenian,264,4.8685949622213627e-05,5422509.0
NZL,2020,Asian nfd,12300,0.002268322652853135,5422509.0
NZL,2020,Assyrian,1293,0.00023845050326334175,5422509.0
NZL,2020,Atiu Islander,1278,0.00023568425612571596,5422509.0
NZL,2020,Austral Islander,795,0.00014661109829416604,5422509.0
NZL,2020,Australian,29349,0.00541243914947859,5422509.0
NZL,2020,Australian Aboriginal,439,8.10325639814174e-05,5422509.0
NZL,2020,Austrian,1272,0.00023457775727066566,5422509.0
NZL,2020,Bangladeshi,2337,0.00043098130404209563,5422509.0
NZL,2020,Belau/Palau Islander,11,1.9604652576149372e-06,5422509.0
NZL,2020,Belgian,888,0.00016376183054744585,5422509.0
NZL,2020,Bengali,201,3.7067711644185376e-05,5422509.0
NZL,2020,Bhutanese,801,0.00014771759714921634,5422509.0
NZL,2020,Black,43,7.841861030459749e-06,5422509.0
NZL,2020,Bolivian,135,2.489622423863197e-05,5422509.0
NZL,2020,Bosnian,162,2.9875469086358364e-05,5422509.0
NZL,2020,Bougainvillean,4,6.534884192049791e-07,5422509.0
NZL,2020,Brazil,6663,0.001228766978533369,5422509.0
NZL,2020,British NEC,123,2.268322652853135e-05,5422509.0
NZL,2020,British nfd,11607,0.0021405220350948244,5422509.0
NZL,2020,Bulgarian,636,0.00011728887863533283,5422509.0
NZL,2020,Burgher,14,2.6139536768199164e-06,5422509.0
NZL,2020,Burmese,2475,0.00045643077770825274,5422509.0
NZL,2020,Burundian,102,1.8810480535855266e-05,5422509.0
NZL,2020,Byelorussian,180,3.319496565150929e-05,5422509.0
NZL,2020,Cambodian,11085,0.0020442566347054474,5422509.0
NZL,2020,Canadian,7797,0.0014378952621378776,5422509.0
NZL,2020,Caribbean,1047,0.00019308405020627904,5422509.0
NZL,2020,Carolinian,7,1.3069768384099582e-06,5422509.0
NZL,2020,Celtic,558,0.0001029043935196788,5422509.0
NZL,2020,Central American Indian,7,1.3069768384099582e-06,5422509.0
NZL,2020,Channel Islander,96,1.7703981680804957e-05,5422509.0
NZL,2020,Chilean,2886,0.000532225949279199,5422509.0
NZL,2020,Chinese,834,0.00015380334085199305,5422509.0
NZL,2020,Chinese nec,222,4.094045763686146e-05,5422509.0
NZL,2020,Chinese nfd,231387,0.04267157509558767,5422509.0
NZL,2020,Colombian,1620,0.0002987546908635836,5422509.0
NZL,2020,Congo,153,2.82157208037829e-05,5422509.0
NZL,2020,Cook Island Maori,80532,0.014851427632485257,5422509.0
NZL,2020,Cornish,165,3.0428718513883517e-05,5422509.0
NZL,2020,Corsican,7,1.3069768384099582e-06,5422509.0
NZL,2020,Costa Rican,14,2.6139536768199164e-06,5422509.0
NZL,2020,Creole,32,5.881395772844812e-06,5422509.0
NZL,2020,Croat/Croatian,2946,0.0005432909378297021,5422509.0
NZL,2020,Cypriot,78,1.4384485115654026e-05,5422509.0
NZL,2020,Czech,1740,0.00032088466796458985,5422509.0
NZL,2020,Dalmatian,207,3.817421049923569e-05,5422509.0
NZL,2020,Danish,2214,0.0004082980775135643,5422509.0
NZL,2020,Dutch,29820,0.005499299309600039,5422509.0
NZL,2020,Easter Islander,7,1.3069768384099582e-06,5422509.0
NZL,2020,Ecuadorian,114,2.1023478245955884e-05,5422509.0
NZL,2020,Egyptian,1533,0.00028271045746535415,5422509.0
NZL,2020,English,72204,0.013315607221675428,5422509.0
NZL,2020,Eritrean,342,6.307043473786766e-05,5422509.0
NZL,2020,Estonian,189,3.485471393408476e-05,5422509.0
NZL,2020,Ethiopian,1635,0.0003015209380012094,5422509.0
NZL,2020,Eurasian,1389,0.0002561544849441467,5422509.0
NZL,2020,European,27349,0.005043606251163976,5422509.0
NZL,2020,European nec,1968,0.0003629316244565016,5422509.0
NZL,2020,European nfd,34632,0.006386711391350388,5422509.0
NZL,2020,Falkland Islander/Kelper,35,6.5348841920497904e-06,5422509.0
NZL,2020,Fijian,19722,0.003637061736550368,5422509.0
NZL,2020,Fijian (except Fiji Indian/Indo-Fijian),8317,0.0015337373198740858,5422509.0
NZL,2020,Fijian Indian/Indo-Fijian,15132,0.0027905901124368813,5422509.0
NZL,2020,Filipino,72612,0.013390849143818849,5422509.0
NZL,2020,Finnish,783,0.00014439810058406542,5422509.0
NZL,2020,Flemish,60,1.1064988550503098e-05,5422509.0
NZL,2020,French,7677,0.0014157652850368713,5422509.0
NZL,2020,Gaelic,50,9.148837868869706e-06,5422509.0
NZL,2020,Gambier Islander,7,1.3069768384099582e-06,5422509.0
NZL,2020,German,16818,0.003101516290706018,5422509.0
NZL,2020,Ghanaian,375,6.915617844064435e-05,5422509.0
NZL,2020,Greek,2475,0.00045643077770825274,5422509.0
NZL,2020,Greenlander,4,6.534884192049791e-07,5422509.0
NZL,2020,Guam Islander/Chamorro,14,2.6139536768199164e-06,5422509.0
NZL,2020,Guatemalan,11,1.9604652576149372e-06,5422509.0
NZL,2020,Gujarati,18,3.2674420960248952e-06,5422509.0
NZL,2020,Guyanese,28,5.227907353639833e-06,5422509.0
NZL,2020,Hawaiian,429,7.911466813609715e-05,5422509.0
NZL,2020,Honduran,4,6.534884192049791e-07,5422509.0
NZL,2020,Hong Kong Chinese,3177,0.000585891143749139,5422509.0
NZL,2020,Hungarian,1638,0.0003020741874287346,5422509.0
NZL,2020,Icelandic,117,2.157672767348104e-05,5422509.0
NZL,2020,Indian,123842,0.022838501443156793,5422509.0
NZL,2020,Indian Tamil,315,5.809118989014126e-05,5422509.0
NZL,2020,Indian ndf,221916,0.040924966652890755,5422509.0
NZL,2020,Indian nec,348,6.417693359291797e-05,5422509.0
NZL,2020,Indigenous,2073,0.000382295354419882,5422509.0
NZL,2020,Indonesian,6033,0.0011125845987530864,5422509.0
NZL,2020,Inuit,50,9.148837868869706e-06,5422509.0
NZL,2020,Iranian,4425,0.0008160429055996034,5422509.0
NZL,2020,Iraqi,2688,0.0004957114870625388,5422509.0
NZL,2020,Irish,17835,0.0032890678466370457,5422509.0
NZL,2020,Israelis,1854,0.0003419081462105457,5422509.0
NZL,2020,Italian,5352,0.0009869969787048762,5422509.0
NZL,2020,Jamaican,564,0.00010401089237472911,5422509.0
NZL,2020,Japanese,18141,0.0033454992882446114,5422509.0
NZL,2020,Jordanian,246,4.53664530570627e-05,5422509.0
NZL,2020,Kampuchean Chinese,11,1.9604652576149372e-06,5422509.0
NZL,2020,Kanaka/Kanak,18,3.2674420960248952e-06,5422509.0
NZL,2020,Karen,543,0.00010013814638205303,5422509.0
NZL,2020,Kenyan,324,5.975093817271673e-05,5422509.0
NZL,2020,Kiribati,3225,0.0005947431345895415,5422509.0
NZL,2020,Korean,35664,0.0065770291944190415,5422509.0
NZL,2020,Kurd,921,0.00016984757425022256,5422509.0
NZL,2020,Lao,1608,0.000296541693153483,5422509.0
NZL,2020,Latin American/Hispanic nec,423,7.800816928104684e-05,5422509.0
NZL,2020,Latin American/Hispanic nfd,9798,0.0018069126302971558,5422509.0
NZL,2020,Latvian,261,4.813270019468847e-05,5422509.0
NZL,2020,Lebanese,1278,0.00023568425612571596,5422509.0
NZL,2020,Libyan,28,5.227907353639833e-06,5422509.0
NZL,2020,Lithuanian,219,4.0387208209336306e-05,5422509.0
NZL,2020,Macedonian,588,0.00010843688779493035,5422509.0
NZL,2020,Malaitian,4,6.534884192049791e-07,5422509.0
NZL,2020,Malay,3729,0.0006876890384137675,5422509.0
NZL,2020,Malaysian Chinese,4866,0.0008973705714458013,5422509.0
NZL,2020,Maldivian,135,2.489622423863197e-05,5422509.0
NZL,2020,Maltese,336,6.196393588281735e-05,5422509.0
NZL,2020,Malvinian (Spanish-speaking Falkland Islander),4,6.534884192049791e-07,5422509.0
NZL,2020,Mangaia Islander,18,3.2674420960248952e-06,5422509.0
NZL,2020,Manihiki Islander,4,6.534884192049791e-07,5422509.0
NZL,2020,Manus Islander,4,6.534884192049791e-07,5422509.0
NZL,2020,Manx,111,2.047022881843073e-05,5422509.0
NZL,2020,Maori,775836,0.14307694095113535,5422509.0
NZL,2020,Marianas Islander,4,6.534884192049791e-07,5422509.0
NZL,2020,Marquesas Islander,4,6.534884192049791e-07,5422509.0
NZL,2020,Marshallese,18,3.2674420960248952e-06,5422509.0
NZL,2020,Mauke Islander,4,6.534884192049791e-07,5422509.0
NZL,2020,Mauritian,549,0.00010124464523710334,5422509.0
NZL,2020,Mexican,1425,0.00026279347807444856,5422509.0
NZL,2020,Middle Eastern nec,321,5.919768874519157e-05,5422509.0
NZL,2020,Middle Eastern nfd,8268,0.0015247554222593267,5422509.0
NZL,2020,Mongol,147,2.7109221948732587e-05,5422509.0
NZL,2020,Moroccan,261,4.813270019468847e-05,5422509.0
NZL,2020,Nauru,135,2.489622423863197e-05,5422509.0
NZL,2020,Nepalese,3630,0.0006694318073054374,5422509.0
NZL,2020,New Britain Islander,4,6.534884192049791e-07,5422509.0
NZL,2020,New Caledonian,114,2.1023478245955884e-05,5422509.0
NZL,2020,New Zealand,45330,0.00835959884990509,5422509.0
NZL,2020,New Zealand European,3013440,0.5557279849604676,5422509.0
NZL,2020,New Zealand Maori,621634,0.11463951291587186,5422509.0
NZL,2020,Ni-Vanuatu,990,0.0001825723110833011,5422509.0
NZL,2020,Nicaraguan,4,6.534884192049791e-07,5422509.0
NZL,2020,Nigerian,636,0.00011728887863533283,5422509.0
NZL,2020,Niuean,30867,0.005692383359806318,5422509.0
NZL,2020,North American Indian,638,0.00011762791545689623,5422509.0
NZL,2020,Norwegian,1131,0.0002085750341769834,5422509.0
NZL,2020,Ocean Islander/Banaban,4,6.534884192049791e-07,5422509.0
NZL,2020,Omani,4,6.534884192049791e-07,5422509.0
NZL,2020,Orkney Islander,14,2.6139536768199164e-06,5422509.0
NZL,2020,Other,545174,0.1005391154684669,5422509.0
NZL,2020,Other African,2247,0.00041431165777595675,5422509.0
NZL,2020,Other African nec,2247,0.00041431165777595675,5422509.0
NZL,2020,Other Asian nec,227,4.182325882911866e-05,5422509.0
NZL,2020,Other Asiatic,8300,0.0015307362280471586,5422509.0
NZL,2020,Other European,19341,0.0035668715725458893,5422509.0
NZL,2020,Other European nfd,439,8.10325639814174e-05,5422509.0
NZL,2020,Other Pacific Islander,6345,0.0011700335709632283,5422509.0
NZL,2020,Other Southeast Asian nec,195,3.594186305627385e-05,5422509.0
NZL,2020,Other nec,4017,0.0007408009834561824,5422509.0
NZL,2020,Other nfd,145,2.6793025187404143e-05,5422509.0
NZL,2020,Pacific people nfd,3060,0.000564314416075658,5422509.0
NZL,2020,Pakistani,6135,0.0011313950792889416,5422509.0
NZL,2020,Palestinian,288,5.311194504241487e-05,5422509.0
NZL,2020,Palmerston Islander,4,6.534884192049791e-07,5422509.0
NZL,2020,Panamanian,7,1.3069768384099582e-06,5422509.0
NZL,2020,Papuan/New Guinean/Irian Jayan,1131,0.0002085750341769834,5422509.0
NZL,2020,Paraguayan,14,2.6139536768199164e-06,5422509.0
NZL,2020,Penrhyn Islander,11,1.9604652576149372e-06,5422509.0
NZL,2020,Peruvian,648,0.00011950187634543346,5422509.0
NZL,2020,Phoenix Islander,4,6.534884192049791e-07,5422509.0
NZL,2020,Pitcairn Islander,216,3.983395878181115e-05,5422509.0
NZL,2020,Polish,2871,0.0005294597021415732,5422509.0
NZL,2020,Portuguese,1365,0.00025172848952394547,5422509.0
NZL,2020,Puerto Rican,126,2.3236475956056505e-05,5422509.0
NZL,2020,Pukapuka Islander,28,5.227907353639833e-06,5422509.0
NZL,2020,Punjabi,459,8.46471624113487e-05,5422509.0
NZL,2020,Rarotongan,1306,0.00024092998976047543,5422509.0
NZL,2020,Romani (Gypsy),132,2.4342974811106813e-05,5422509.0
NZL,2020,Romanian,1485,0.00027385846662495166,5422509.0
NZL,2020,Rotuman,981,0.00018091256280072565,5422509.0
NZL,2020,Russian,7713,0.0014224042781671733,5422509.0
NZL,2020,Samoan,182721,0.033696762882274606,5422509.0
NZL,2020,Sardinian,4,6.534884192049791e-07,5422509.0
NZL,2020,Scottish,18627,0.0034351256955036866,5422509.0
NZL,2020,Serbian,1284,0.0002367907549807663,5422509.0
NZL,2020,Seychellois,114,2.1023478245955884e-05,5422509.0
NZL,2020,Shetland Islander,32,5.881395772844812e-06,5422509.0
NZL,2020,Sikh,192,3.5407963361609915e-05,5422509.0
NZL,2020,Singaporean Chinese,675,0.00012448112119315985,5422509.0
NZL,2020,Sinhalese,9171,0.0016912834999443984,5422509.0
NZL,2020,Slavic,126,2.3236475956056505e-05,5422509.0
NZL,2020,Slovak,408,7.524192214342106e-05,5422509.0
NZL,2020,Slovenian,228,4.204695649191177e-05,5422509.0
NZL,2020,Society Islander (including Tahitian),1414,0.00026074187926278665,5422509.0
NZL,2020,Solomon Islander,777,0.00014329160172901512,5422509.0
NZL,2020,Somalie,1701,0.0003136924254067628,5422509.0
NZL,2020,South African,45603,0.00840994454780988,5422509.0
NZL,2020,South American Indian,18,3.2674420960248952e-06,5422509.0
NZL,2020,South Slav (formerly Yugoslav groups) nfd,492,9.07329061141254e-05,5422509.0
NZL,2020,South Slav (formerly Yugoslav) nec,72,1.3277986260603717e-05,5422509.0
NZL,2020,Southeast Asian nfd,7857,0.0014489602506883806,5422509.0
NZL,2020,Spanish,2733,0.000504010228475416,5422509.0
NZL,2020,Sri Lanka Tamil,3501,0.0006456420819218558,5422509.0
NZL,2020,Sri Lankan,10403,0.0019184396598456248,5422509.0
NZL,2020,Sri Lankan nfd,4248,0.0007834011893756193,5422509.0
NZL,2020,Sudanese,231,4.260020591943692e-05,5422509.0
NZL,2020,Swedish,1911,0.00035241988533352364,5422509.0
NZL,2020,Swiss,2649,0.0004885192445047117,5422509.0
NZL,2020,Syrian,807,0.00014882409600426667,5422509.0
NZL,2020,Tahitian,1737,0.0003203314185370647,5422509.0
NZL,2020,Taiwanese,6570,0.0012116162462800892,5422509.0
NZL,2020,Taiwanese Chinese,4451,0.0008207814545214537,5422509.0
NZL,2020,Tamil,4,6.534884192049791e-07,5422509.0
NZL,2020,Thai,10623,0.0019590562228665735,5422509.0
NZL,2020,Tibetan,105,1.936372996338042e-05,5422509.0
NZL,2020,Tokelauan,8676,0.0015999973444027478,5422509.0
NZL,2020,Tongan,82389,0.015193889028123329,5422509.0
NZL,2020,Torres Strait Islander,11,1.9604652576149372e-06,5422509.0
NZL,2020,Tunisian,28,5.227907353639833e-06,5422509.0
NZL,2020,Turkish,1320,0.00024342974811106813,5422509.0
NZL,2020,Tuvaluan,4653,0.0008580898620915152,5422509.0
NZL,2020,Ugandan,32,5.881395772844812e-06,5422509.0
NZL,2020,Ukrainian,1281,0.00023623750555324112,5422509.0
NZL,2020,Uruguayan,327,6.0304187600241884e-05,5422509.0
NZL,2020,Vanuatu,234,4.313023566752862e-05,5422509.0
NZL,2020,Venezuelan,156,2.8768970231308052e-05,5422509.0
NZL,2020,Vietnamese,10086,0.0018600245753395707,5422509.0
NZL,2020,Vietnamese Chinese,609,0.00011230963378760643,5422509.0
NZL,2020,Wallisian,35,6.5348841920497904e-06,5422509.0
NZL,2020,Welsh,4971,0.0009167343014091816,5422509.0
NZL,2020,Welsh-Gallois,4033,0.0007436698210552662,5422509.0
NZL,2020,West Indian/Caribbean,585,0.00010782558916882155,5422509.0
NZL,2020,Yemeni,11,1.9604652576149372e-06,5422509.0
NZL,2020,Zambian,201,3.7067711644185376e-05,5422509.0
NZL,2020,Zimbabwean,2940,0.0005421844389746518,5422509.0
NZL,2024,Afgan,4883,0.0008645002867243138,5648766.359887555
NZL,2024,African,19018,0.003366787988105751,5648766.359887555
NZL,2024,African American,747,0.00013229076149107974,5648766.359887555
NZL,2024,African nfd,7426,0.0013146791912347939,5648766.359887555
NZL,2024,Afrikaner,569,0.00010080387924736618,5648766.359887555
NZL,2024,Aitutaki Islander,23,4.074561983450531e-06,5648766.359887555
NZL,2024,Albanian,148,2.6263010370811173e-05,5648766.359887555
NZL,2024,Algerian,107,1.894263013924875e-05,5648766.359887555
NZL,2024,American,13020,0.002304841331557063,5648766.359887555
NZL,2024,Anglo-Indian,275,4.8677158419830824e-05,5648766.359887555
NZL,2024,Arab,2417,0.000427793807108189,5648766.359887555
NZL,2024,Argentinean,1733,0.00030681679737649465,5648766.359887555
NZL,2024,Armenian,212,3.748430291672007e-05,5648766.359887555
NZL,2024,Asian nfd,9846,0.0017430233673106144,5648766.359887555
NZL,2024,Assyrian,1174,0.00020789252218797759,5648766.359887555
NZL,2024,Atiu Islander,1247,0.00022074748430580502,5648766.359887555
NZL,2024,Austral Islander,775,0.0001372590555755437,5648766.359887555
NZL,2024,Australian,10307,0.0018246050507775245,5648766.359887555
NZL,2024,Australian Aboriginal,317,5.613840954976286e-05,5648766.359887555
NZL,2024,Austrian,974,0.000172413484610627,5648766.359887555
NZL,2024,Bangladeshi,1868,0.0003307711420293307,5648766.359887555
NZL,2024,Belau/Palau Islander,8,1.3581873278168435e-06,5648766.359887555
NZL,2024,Belgian,779,0.00013783515310708395,5648766.359887555
NZL,2024,Bengali,180,3.186747043176486e-05,5648766.359887555
NZL,2024,Bhutanese,578,0.00010233701809523487,5648766.359887555
NZL,2024,Black,31,5.432749311267374e-06,5648766.359887555
NZL,2024,Bolivian,116,2.061890045530905e-05,5648766.359887555
NZL,2024,Bosnian,117,2.069737444622728e-05,5648766.359887555
NZL,2024,Bougainvillean,3,4.527291092722812e-07,5648766.359887555
NZL,2024,Brazil,6331,0.0011207268387191931,5648766.359887555
NZL,2024,British NEC,109,1.9343587501025735e-05,5648766.359887555
NZL,2024,British nfd,16071,0.0028450176842893084,5648766.359887555
NZL,2024,Bulgarian,512,9.060087777766211e-05,5648766.359887555
NZL,2024,Burgher,10,1.8109164370891247e-06,5648766.359887555
NZL,2024,Burmese,2243,0.0003971343220997322,5648766.359887555
NZL,2024,Burundian,74,1.3031680206883843e-05,5648766.359887555
NZL,2024,Byelorussian,163,2.8876685725636216e-05,5648766.359887555
NZL,2024,Cambodian,9172,0.0016237036580999996,5648766.359887555
NZL,2024,Canadian,5931,0.0010500154916626295,5648766.359887555
NZL,2024,Caribbean,756,0.00013376636447654297,5648766.359887555
NZL,2024,Carolinian,5,9.054582185445624e-07,5648766.359887555
NZL,2024,Celtic,580,0.00010262142139329234,5648766.359887555
NZL,2024,Central American Indian,5,9.054582185445624e-07,5648766.359887555
NZL,2024,Channel Islander,72,1.2759091545448826e-05,5648766.359887555
NZL,2024,Chilean,2641,0.0004675381237930283,5648766.359887555
NZL,2024,Chinese,0,0.0,5648766.359887555
NZL,2024,Chinese nec,202,3.581697560458761e-05,5648766.359887555
NZL,2024,Chinese nfd,195626,0.034631682740920086,5648766.359887555
NZL,2024,Colombian,1546,0.00027363183155334786,5648766.359887555
NZL,2024,Congo,110,1.9547520310325764e-05,5648766.359887555
NZL,2024,Cook Island Maori,62599,0.011081836774772959,5648766.359887555
NZL,2024,Cornish,140,2.484579667993507e-05,5648766.359887555
NZL,2024,Corsican,5,9.054582185445624e-07,5648766.359887555
NZL,2024,Costa Rican,10,1.8109164370891247e-06,5648766.359887555
NZL,2024,Creole,23,4.074561983450531e-06,5648766.359887555
NZL,2024,Croat/Croatian,1553,0.0002749161855243522,5648766.359887555
NZL,2024,Cypriot,28,5.013905941634593e-06,5648766.359887555
NZL,2024,Czech,1518,0.00026880841920678294,5648766.359887555
NZL,2024,Dalmatian,113,1.996186746965695e-05,5648766.359887555
NZL,2024,Danish,948,0.00016773675651999062,5648766.359887555
NZL,2024,Dutch,13335,0.0023607611749380153,5648766.359887555
NZL,2024,Easter Islander,5,9.054582185445624e-07,5648766.359887555
NZL,2024,Ecuadorian,108,1.9066196449222165e-05,5648766.359887555
NZL,2024,Egyptian,1214,0.00021497176191393174,5648766.359887555
NZL,2024,English,0,0.0,5648766.359887555
NZL,2024,Eritrean,247,4.369445716425759e-05,5648766.359887555
NZL,2024,Estonian,151,2.6757275610704972e-05,5648766.359887555
NZL,2024,Ethiopian,1180,0.00020889016802210866,5648766.359887555
NZL,2024,Eurasian,1002,0.00017746082164080056,5648766.359887555
NZL,2024,European,19738,0.003494151232836688,5648766.359887555
NZL,2024,European nec,1778,0.0003147703625832271,5648766.359887555
NZL,2024,European nfd,31615,0.005596833108587363,5648766.359887555
NZL,2024,Falkland Islander/Kelper,26,4.5272910927228115e-06,5648766.359887555
NZL,2024,Fijian,16897,0.002991288108034701,5648766.359887555
NZL,2024,Fijian (except Fiji Indian/Indo-Fijian),94,1.6679952779014763e-05,5648766.359887555
NZL,2024,Fijian Indian/Indo-Fijian,12846,0.002274147289238297,5648766.359887555
NZL,2024,Filipino,61134,0.010822562213153735,5648766.359887555
NZL,2024,Finnish,647,0.0001145723188650919,5648766.359887555
NZL,2024,Flemish,45,7.974432215905514e-06,5648766.359887555
NZL,2024,French,5018,0.0008883542041111141,5648766.359887555
NZL,2024,Gaelic,36,6.338207529811936e-06,5648766.359887555
NZL,2024,Gambier Islander,5,9.054582185445624e-07,5648766.359887555
NZL,2024,German,11440,0.002025207301443245,5648766.359887555
NZL,2024,Ghanaian,271,4.7910588995896476e-05,5648766.359887555
NZL,2024,Greek,1246,0.0002206350499742597,5648766.359887555
NZL,2024,Greenlander,3,4.527291092722812e-07,5648766.359887555
NZL,2024,Guam Islander/Chamorro,10,1.8109164370891247e-06,5648766.359887555
NZL,2024,Guatemalan,8,1.3581873278168435e-06,5648766.359887555
NZL,2024,Gujarati,13,2.2636455463614057e-06,5648766.359887555
NZL,2024,Guyanese,20,3.6218328741782494e-06,5648766.359887555
NZL,2024,Hawaiian,338,5.977351168547065e-05,5648766.359887555
NZL,2024,Honduran,3,4.527291092722812e-07,5648766.359887555
NZL,2024,Hong Kong Chinese,3076,0.0005445229920218271,5648766.359887555
NZL,2024,Hungarian,1330,0.00023551822150029114,5648766.359887555
NZL,2024,Icelandic,88,1.5590089507128046e-05,5648766.359887555
NZL,2024,Indian,177259,0.03138018698048374,5648766.359887555
NZL,2024,Indian Tamil,227,4.024489475655304e-05,5648766.359887555
NZL,2024,Indian ndf,198565,0.035151964041200266,5648766.359887555
NZL,2024,Indian nec,278,4.928765499678377e-05,5648766.359887555
NZL,2024,Indigenous,1496,0.0002648497359693157,5648766.359887555
NZL,2024,Indonesian,5166,0.0009146084337399617,5648766.359887555
NZL,2024,Inuit,36,6.338207529811936e-06,5648766.359887555
NZL,2024,Iranian,3737,0.0006615826392580994,5648766.359887555
NZL,2024,Iraqi,2651,0.00046921996565016985,5648766.359887555
NZL,2024,Irish,0,0.0,5648766.359887555
NZL,2024,Israelis,1318,0.00023332492429294717,5648766.359887555
NZL,2024,Italian,3295,0.0005833547803697836,5648766.359887555
NZL,2024,Jamaican,478,8.470665424090409e-05,5648766.359887555
NZL,2024,Japanese,15019,0.0026588292292114915,5648766.359887555
NZL,2024,Jordanian,213,3.7728454535357366e-05,5648766.359887555
NZL,2024,Kampuchean Chinese,8,1.3581873278168435e-06,5648766.359887555
NZL,2024,Kanaka/Kanak,13,2.2636455463614057e-06,5648766.359887555
NZL,2024,Karen,392,6.93745328660581e-05,5648766.359887555
NZL,2024,Kenyan,294,5.200999165503669e-05,5648766.359887555
NZL,2024,Kiribati,2954,0.0005229398575159741,5648766.359887555
NZL,2024,Korean,32299,0.005717830089072741,5648766.359887555
NZL,2024,Kurd,776,0.00013730764843402417,5648766.359887555
NZL,2024,Lao,1155,0.00020452069506951608,5648766.359887555
NZL,2024,Latin American/Hispanic nec,397,7.024103394753876e-05,5648766.359887555
NZL,2024,Latin American/Hispanic nfd,9660,0.0017101633524510384,5648766.359887555
NZL,2024,Latvian,202,3.5847234036444505e-05,5648766.359887555
NZL,2024,Lebanese,743,0.00013145865259358688,5648766.359887555
NZL,2024,Libyan,20,3.6218328741782494e-06,5648766.359887555
NZL,2024,Lithuanian,186,3.2901612768720106e-05,5648766.359887555
NZL,2024,Macedonian,437,7.73505019936288e-05,5648766.359887555
NZL,2024,Malaitian,3,4.527291092722812e-07,5648766.359887555
NZL,2024,Malay,2854,0.0005052225635450198,5648766.359887555
NZL,2024,Malaysian Chinese,4604,0.0008150617879870168,5648766.359887555
NZL,2024,Maldivian,97,1.7247812038522734e-05,5648766.359887555
NZL,2024,Maltese,261,4.6254687853561464e-05,5648766.359887555
NZL,2024,Malvinian (Spanish-speaking Falkland Islander),3,4.527291092722812e-07,5648766.359887555
NZL,2024,Mangaia Islander,13,2.2636455463614057e-06,5648766.359887555
NZL,2024,Manihiki Islander,3,4.527291092722812e-07,5648766.359887555
NZL,2024,Manus Islander,3,4.527291092722812e-07,5648766.359887555
NZL,2024,Manx,59,1.0398510813188671e-05,5648766.359887555
NZL,2024,Maori,576222,0.10200841295972221,5648766.359887555
NZL,2024,Marianas Islander,3,4.527291092722812e-07,5648766.359887555
NZL,2024,Marquesas Islander,3,4.527291092722812e-07,5648766.359887555
NZL,2024,Marshallese,13,2.2636455463614057e-06,5648766.359887555
NZL,2024,Mauke Islander,3,4.527291092722812e-07,5648766.359887555
NZL,2024,Mauritian,489,8.658787473981574e-05,5648766.359887555
NZL,2024,Mexican,1291,0.00022858046420388167,5648766.359887555
NZL,2024,Middle Eastern nec,213,3.774976996328642e-05,5648766.359887555
NZL,2024,Middle Eastern nfd,7812,0.0013829775909821756,5648766.359887555
NZL,2024,Mongol,106,1.878095088639142e-05,5648766.359887555
NZL,2024,Moroccan,226,4.000168939211997e-05,5648766.359887555
NZL,2024,Nauru,113,1.9979753477512628e-05,5648766.359887555
NZL,2024,Nepalese,3429,0.0006070069163603071,5648766.359887555
NZL,2024,New Britain Islander,3,4.527291092722812e-07,5648766.359887555
NZL,2024,New Caledonian,103,1.8267262726976676e-05,5648766.359887555
NZL,2024,New Zealand,32714,0.005791431997823966,5648766.359887555
NZL,2024,New Zealand European,2086001,0.3692843209815233,5648766.359887555
NZL,2024,New Zealand Maori,448630,0.07942090945230847,5648766.359887555
NZL,2024,Ni-Vanuatu,714,0.00012648395494916671,5648766.359887555
NZL,2024,Nicaraguan,3,4.527291092722812e-07,5648766.359887555
NZL,2024,Nigerian,576,0.00010194573663354381,5648766.359887555
NZL,2024,Niuean,23841,0.004220639233493834,5648766.359887555
NZL,2024,North American Indian,460,8.149123966901061e-05,5648766.359887555
NZL,2024,Norwegian,854,0.00015123682105040143,5648766.359887555
NZL,2024,Ocean Islander/Banaban,3,4.527291092722812e-07,5648766.359887555
NZL,2024,Omani,3,4.527291092722812e-07,5648766.359887555
NZL,2024,Orkney Islander,10,1.8109164370891247e-06,5648766.359887555
NZL,2024,Other,1033516,0.18296312702688727,5648766.359887555
NZL,2024,Other African,1713,0.00030317343899853626,5648766.359887555
NZL,2024,Other African nec,1621,0.0002870302552786263,5648766.359887555
NZL,2024,Other Asian nec,164,2.8974662993425995e-05,5648766.359887555
NZL,2024,Other Asiatic,10701,0.0018943667221217337,5648766.359887555
NZL,2024,Other European,0,0.0,5648766.359887555
NZL,2024,Other European nfd,317,5.613840954976286e-05,5648766.359887555
NZL,2024,Other Pacific Islander,5647,0.0009996821485966242,5648766.359887555
NZL,2024,Other Southeast Asian nec,141,2.4900101009975465e-05,5648766.359887555
NZL,2024,Other nec,3921,0.000694194288223382,5648766.359887555
NZL,2024,Other nfd,105,1.856189348016353e-05,5648766.359887555
NZL,2024,Pacific people nfd,2784,0.0004928210982692144,5648766.359887555
NZL,2024,Pakistani,5344,0.0009459901458680778,5648766.359887555
NZL,2024,Palestinian,263,4.658618534769667e-05,5648766.359887555
NZL,2024,Palmerston Islander,3,4.527291092722812e-07,5648766.359887555
NZL,2024,Panamanian,5,9.054582185445624e-07,5648766.359887555
NZL,2024,Papuan/New Guinean/Irian Jayan,945,0.0001672154954953052,5648766.359887555
NZL,2024,Paraguayan,10,1.8109164370891247e-06,5648766.359887555
NZL,2024,Penrhyn Islander,8,1.3581873278168435e-06,5648766.359887555
NZL,2024,Peruvian,563,9.970574120994824e-05,5648766.359887555
NZL,2024,Phoenix Islander,3,4.527291092722812e-07,5648766.359887555
NZL,2024,Pitcairn Islander,159,2.8228595743912784e-05,5648766.359887555
NZL,2024,Polish,1408,0.00024928021830966575,5648766.359887555
NZL,2024,Portuguese,1085,0.00019216399147604997,5648766.359887555
NZL,2024,Puerto Rican,111,1.9702362425709055e-05,5648766.359887555
NZL,2024,Pukapuka Islander,20,3.6218328741782494e-06,5648766.359887555
NZL,2024,Punjabi,416,7.358761257703939e-05,5648766.359887555
NZL,2024,Rarotongan,914,0.00016185670151744024,5648766.359887555
NZL,2024,Romani (Gypsy),90,1.5945883430501723e-05,5648766.359887555
NZL,2024,Romanian,1293,0.00022888513268623544,5648766.359887555
NZL,2024,Rotuman,804,0.00014240591924984577,5648766.359887555
NZL,2024,Russian,6743,0.0011937963013108337,5648766.359887555
NZL,2024,Samoan,143669,0.025433687785189344,5648766.359887555
NZL,2024,Sardinian,3,4.527291092722812e-07,5648766.359887555
NZL,2024,Scottish,0,0.0,5648766.359887555
NZL,2024,Serbian,1027,0.00018183792153181127,5648766.359887555
NZL,2024,Seychellois,99,1.7468329004731637e-05,5648766.359887555
NZL,2024,Shetland Islander,23,4.074561983450531e-06,5648766.359887555
NZL,2024,Sikh,168,2.9672638446572926e-05,5648766.359887555
NZL,2024,Singaporean Chinese,568,0.00010053791436536,5648766.359887555
NZL,2024,Sinhalese,8770,0.0015524867399246784,5648766.359887555
NZL,2024,Slavic,97,1.7145774514524197e-05,5648766.359887555
NZL,2024,Slovak,363,6.42927039684476e-05,5648766.359887555
NZL,2024,Slovenian,182,3.222028335382927e-05,5648766.359887555
NZL,2024,Society Islander (including Tahitian),1142,0.0002022364382533409,5648766.359887555
NZL,2024,Solomon Islander,640,0.00011321562203793019,5648766.359887555
NZL,2024,Somalie,1119,0.00019809533946613597,5648766.359887555
NZL,2024,South African,40450,0.00716085683724147,5648766.359887555
NZL,2024,South American Indian,13,2.2636455463614057e-06,5648766.359887555
NZL,2024,South Slav (formerly Yugoslav groups) nfd,59,1.0418748492112133e-05,5648766.359887555
NZL,2024,South Slav (formerly Yugoslav) nec,0,0.0,5648766.359887555
NZL,2024,Southeast Asian nfd,7607,0.0013466083658565354,5648766.359887555
NZL,2024,Spanish,1648,0.000291685019431503,5648766.359887555
NZL,2024,Sri Lanka Tamil,3205,0.000567292009442696,5648766.359887555
NZL,2024,Sri Lankan,7508,0.0013290724867797477,5648766.359887555
NZL,2024,Sri Lankan nfd,2919,0.0005168381797613142,5648766.359887555
NZL,2024,Sudanese,167,2.951292282147223e-05,5648766.359887555
NZL,2024,Swedish,1189,0.0002105445043297678,5648766.359887555
NZL,2024,Swiss,1308,0.00023154932881049617,5648766.359887555
NZL,2024,Syrian,750,0.00013278204572966297,5648766.359887555
NZL,2024,Tahitian,1280,0.00022664330795456233,5648766.359887555
NZL,2024,Taiwanese,4651,0.000823340602074736,5648766.359887555
NZL,2024,Taiwanese Chinese,6140,0.0010869648185812411,5648766.359887555
NZL,2024,Tamil,3,4.527291092722812e-07,5648766.359887555
NZL,2024,Thai,9179,0.0016249868967540494,5648766.359887555
NZL,2024,Tibetan,92,1.6232217486233507e-05,5648766.359887555
NZL,2024,Tokelauan,6922,0.0012253433446062637,5648766.359887555
NZL,2024,Tongan,68372,0.012103839937195996,5648766.359887555
NZL,2024,Torres Strait Islander,8,1.3581873278168435e-06,5648766.359887555
NZL,2024,Tunisian,20,3.6218328741782494e-06,5648766.359887555
NZL,2024,Turkish,1158,0.0002049980564729957,5648766.359887555
NZL,2024,Tuvaluan,4152,0.0007350392097410906,5648766.359887555
NZL,2024,Ugandan,23,4.074561983450531e-06,5648766.359887555
NZL,2024,Ukrainian,1099,0.0001945816596519485,5648766.359887555
NZL,2024,Uruguayan,315,5.5724288213149524e-05,5648766.359887555
NZL,2024,Vanuatu,169,2.9880121211970557e-05,5648766.359887555
NZL,2024,Venezuelan,141,2.504776586147825e-05,5648766.359887555
NZL,2024,Vietnamese,8411,0.0014890732768653378,5648766.359887555
NZL,2024,Vietnamese Chinese,574,0.00010159292371148135,5648766.359887555
NZL,2024,Wallisian,26,4.5272910927228115e-06,5648766.359887555
NZL,2024,Welsh,3854,0.0006823421573040443,5648766.359887555
NZL,2024,Welsh-Gallois,0,0.0,5648766.359887555
NZL,2024,West Indian/Caribbean,422,7.47003030299264e-05,5648766.359887555
NZL,2024,Yemeni,8,1.3581873278168435e-06,5648766.359887555
NZL,2024,Zambian,145,2.5680075701800512e-05,5648766.359887555
NZL,2024,Zimbabwean,2122,0.0003756190177278284,5648766.359887555
PER,2000,Aymara,548292,0.02363695283460259,23196391.0
PER,2000,"Black, Brown, Zambo, Mulato, Afro-Peruvian or Afro-descendants",828841,0.03573146357120813,23196391.0
PER,2000,Mestizo,13965254,0.602044257660599,23196391.0
PER,2000,Native or Indigenous Amazonians,210612,0.00907951586089405,23196391.0
PER,2000,Nikkei (Japanese descendants),22534,0.000971444221646376,23196391.0
PER,2000,Other,241947,0.010430372552350924,23196391.0
PER,2000,Other Indigenous,49838,0.002148523880288102,23196391.0
PER,2000,Quechua,5176809,0.22317303583992873,23196391.0
PER,2000,Tusán (Chinese descendants),14307,0.0006167769805225304,23196391.0
PER,2000,Unknown,771026,0.03323904998842277,23196391.0
PER,2000,White,1366931,0.058928606609536804,23196391.0
PER,2005,Aymara,548292,0.02363695283460259,23196391.0
PER,2005,"Black, Brown, Zambo, Mulato, Afro-Peruvian or Afro-descendants",828841,0.03573146357120813,23196391.0
PER,2005,Mestizo,13965254,0.602044257660599,23196391.0
PER,2005,Native or Indigenous Amazonians,210612,0.00907951586089405,23196391.0
PER,2005,Nikkei (Japanese descendants),22534,0.000971444221646376,23196391.0
PER,2005,Other,241947,0.010430372552350924,23196391.0
PER,2005,Other Indigenous,49838,0.002148523880288102,23196391.0
PER,2005,Quechua,5176809,0.22317303583992873,23196391.0
PER,2005,Tusán (Chinese descendants),14307,0.0006167769805225304,23196391.0
PER,2005,Unknown,771026,0.03323904998842277,23196391.0
PER,2005,White,1366931,0.058928606609536804,23196391.0
PER,2010,Aymara,548292,0.02363695283460259,23196391.0
PER,2010,"Black, Brown, Zambo, Mulato, Afro-Peruvian or Afro-descendants",828841,0.03573146357120813,23196391.0
PER,2010,Mestizo,13965254,0.602044257660599,23196391.0
PER,2010,Native or Indigenous Amazonians,210612,0.00907951586089405,23196391.0
PER,2010,Nikkei (Japanese descendants),22534,0.000971444221646376,23196391.0
PER,2010,Other,241947,0.010430372552350924,23196391.0
PER,2010,Other Indigenous,49838,0.002148523880288102,23196391.0
PER,2010,Quechua,5176809,0.22317303583992873,23196391.0
PER,2010,Tusán (Chinese descendants),14307,0.0006167769805225304,23196391.0
PER,2010,Unknown,771026,0.03323904998842277,23196391.0
PER,2010,White,1366931,0.058928606609536804,23196391.0
PER,2015,Aymara,548292,0.02363695283460259,23196391.0
PER,2015,"Black, Brown, Zambo, Mulato, Afro-Peruvian or Afro-descendants",828841,0.03573146357120813,23196391.0
PER,2015,Mestizo,13965254,0.602044257660599,23196391.0
PER,2015,Native or Indigenous Amazonians,210612,0.00907951586089405,23196391.0
PER,2015,Nikkei (Japanese descendants),22534,0.000971444221646376,23196391.0
PER,2015,Other,241947,0.010430372552350924,23196391.0
PER,2015,Other Indigenous,49838,0.002148523880288102,23196391.0
PER,2015,Quechua,5176809,0.22317303583992873,23196391.0
PER,2015,Tusán (Chinese descendants),14307,0.0006167769805225304,23196391.0
PER,2015,Unknown,771026,0.03323904998842277,23196391.0
PER,2015,White,1366931,0.058928606609536804,23196391.0
PER,2020,Aymara,548292,0.02363695283460259,23196391.0
PER,2020,"Black, Brown, Zambo, Mulato, Afro-Peruvian or Afro-descendants",828841,0.03573146357120813,23196391.0
PER,2020,Mestizo,13965254,0.602044257660599,23196391.0
PER,2020,Native or Indigenous Amazonians,210612,0.00907951586089405,23196391.0
PER,2020,Nikkei (Japanese descendants),22534,0.000971444221646376,23196391.0
PER,2020,Other,241947,0.010430372552350924,23196391.0
PER,2020,Other Indigenous,49838,0.002148523880288102,23196391.0
PER,2020,Quechua,5176809,0.22317303583992873,23196391.0
PER,2020,Tusán (Chinese descendants),14307,0.0006167769805225304,23196391.0
PER,2020,Unknown,771026,0.03323904998842277,23196391.0
PER,2020,White,1366931,0.058928606609536804,23196391.0
PER,2024,Aymara,548292,0.02363695283460259,23196391.0
PER,2024,"Black, Brown, Zambo, Mulato, Afro-Peruvian or Afro-descendants",828841,0.03573146357120813,23196391.0
PER,2024,Mestizo,13965254,0.602044257660599,23196391.0
PER,2024,Native or Indigenous Amazonians,210612,0.00907951586089405,23196391.0
PER,2024,Nikkei (Japanese descendants),22534,0.000971444221646376,23196391.0
PER,2024,Other,241947,0.010430372552350924,23196391.0
PER,2024,Other Indigenous,49838,0.002148523880288102,23196391.0
PER,2024,Quechua,5176809,0.22317303583992873,23196391.0
PER,2024,Tusán (Chinese descendants),14307,0.0006167769805225304,23196391.0
PER,2024,Unknown,771026,0.03323904998842277,23196391.0
PER,2024,White,1366931,0.058928606609536804,23196391.0
PHL,2000,Abelling                       ,8869,0.00011618908702941225,76332470.0
PHL,2000,Abiyan                         ,13075,0.00017129014690602833,76332470.0
PHL,2000,Aburlin                        ,6112,8.007077459959045e-05,76332470.0
PHL,2000,Aeta,31297,0.00041000338933322585,76332470.0
PHL,2000,Aeta/Ayta                      ,27883,0.0003652836073560832,76332470.0
PHL,2000,Aeta/Ayta-Sambal,32042,0.000419771052397826,76332470.0
PHL,2000,Afgan,1213,1.58850633125704e-05,76332470.0
PHL,2000,Aggay                          ,10258,0.00013438579938524194,76332470.0
PHL,2000,Agta                           ,4558,5.971246574360819e-05,76332470.0
PHL,2000,Agutaynon     ,13718,0.0001797138229641986,76332470.0
PHL,2000,Akeanon/Aklanon                ,518284,0.0067898235180913185,76332470.0
PHL,2000,Alangan                        ,3566,4.6716685572994036e-05,76332470.0
PHL,2000,Alta,1003,1.3142780442790636e-05,76332470.0
PHL,2000,American,12611,0.00016521147553590234,76332470.0
PHL,2000,Apayao/Yapayao                 ,3763,4.9297500788327696e-05,76332470.0
PHL,2000,Applai                         ,16849,0.00022073175412769952,76332470.0
PHL,2000,Aromanen-Manobo/Eromanen,10650,0.00013952625183264058,76332470.0
PHL,2000,Aromanen-Manobo/Eromanen-Manobo,7578,9.927247418895035e-05,76332470.0
PHL,2000,Ata,24574,0.00032192933448876073,76332470.0
PHL,2000,Ati,38858,0.0005090649186860393,76332470.0
PHL,2000,Atta/Ata/Ati                   ,8846,0.00011588777357787584,76332470.0
PHL,2000,Australian,1751,2.293795805123474e-05,76332470.0
PHL,2000,Ayangan                        ,15993,0.00020951765349660505,76332470.0
PHL,2000,Badjao,47560,0.0006230576738314997,76332470.0
PHL,2000,"Badjao, Sama Dilaut            ",42601,0.0005580980151696912,76332470.0
PHL,2000,Bago,71461,0.0009361823542901983,76332470.0
PHL,2000,Bagobo,42366,0.0005550233784200406,76332470.0
PHL,2000,Bagobo Klata,12891,0.0001688750985995143,76332470.0
PHL,2000,Bagobo Tagabawa,27654,0.0003622839987932121,76332470.0
PHL,2000,Bagobo/Guinga                  ,55480,0.0007268204474452353,76332470.0
PHL,2000,Bajaus,2792,3.657600028321637e-05,76332470.0
PHL,2000,Balangao/Baliwon               ,21271,0.00027866254033178804,76332470.0
PHL,2000,Baliwon-Gaddang,9401,0.00012315509824549384,76332470.0
PHL,2000,Bantoanon                      ,63158,0.0008274067379190009,76332470.0
PHL,2000,Banwaon                        ,11530,0.00015104974331369076,76332470.0
PHL,2000,Batak/Binatak                  ,1933,2.5323430513908432e-05,76332470.0
PHL,2000,Batangan                       ,16314,0.00021372294123326547,76332470.0
PHL,2000,Bikol/Bicol                    ,4583034,0.060040425784728305,76332470.0
PHL,2000,Bilaan/B'laan                  ,208019,0.0027251705597893007,76332470.0
PHL,2000,Binukid/Bukidnon               ,146519,0.0019194845915506205,76332470.0
PHL,2000,Bisaya/Binisaya                ,5778435,0.07570087801429719,76332470.0
PHL,2000,Boholano                       ,1837361,0.024070503679495765,76332470.0
PHL,2000,Bolinao                        ,55436,0.0007262440217118613,76332470.0
PHL,2000,Bontok/Binontok                ,17677,0.00023157903838301054,76332470.0
PHL,2000,British,4450,5.830331840531757e-05,76332470.0
PHL,2000,Bugkalot                       ,10396,0.00013619368009446046,76332470.0
PHL,2000,Buhid                          ,8961,0.00011739434083555792,76332470.0
PHL,2000,Bukidnon-Akeanon,23848,0.0003124184738333707,76332470.0
PHL,2000,Bukidnon-Iraynon,9296,0.00012178854256791129,76332470.0
PHL,2000,Butuanon                       ,137159,0.0017968631173601484,76332470.0
PHL,2000,Cagayanen,36391,0.0004767445011840196,76332470.0
PHL,2000,Calinga,4591,6.014679284286183e-05,76332470.0
PHL,2000,Canadian,1226,1.6059322090248712e-05,76332470.0
PHL,2000,Capizeño                       ,638653,0.008366727815829882,76332470.0
PHL,2000,Caviteño                       ,191233,0.002505264142507114,76332470.0
PHL,2000,Caviteño-Chavacano             ,11079,0.0001451413795466071,76332470.0
PHL,2000,Cebuano                        ,10030667,0.13140760412967117,76332470.0
PHL,2000,Chinese,57347,0.0007512792393590827,76332470.0
PHL,2000,Cimaron                        ,1114,1.4594051522242108e-05,76332470.0
PHL,2000,Cotabateño                     ,11735,0.00015373536320781967,76332470.0
PHL,2000,Cotabateño-Chavacano           ,8810,0.0001154161525232971,76332470.0
PHL,2000,Cuyunon/Cuyunan                ,179185,0.0023474282962414293,76332470.0
PHL,2000,Davao-Chavacano                ,17873,0.00023414675301349478,76332470.0
PHL,2000,Davaweño                       ,327802,0.00429439791480611,76332470.0
PHL,2000,Diangan,5383,7.051977587202875e-05,76332470.0
PHL,2000,Dibabawon                      ,17181,0.00022508114829770346,76332470.0
PHL,2000,Dumagat (Umiray)       ,14775,0.00019356114115002437,76332470.0
PHL,2000,Dumagat-Remontado,8094,0.00010603188045994596,76332470.0
PHL,2000,Eskaya,5344,7.000617105360847e-05,76332470.0
PHL,2000,French,1424,1.8654860726194106e-05,76332470.0
PHL,2000,Gaddang                        ,20978,0.0002748240689709111,76332470.0
PHL,2000,German,2632,3.447572343646197e-05,76332470.0
PHL,2000,Gubatnon                       ,3704,4.852456628221254e-05,76332470.0
PHL,2000,Guiangan,17903,0.00023454314324039424,76332470.0
PHL,2000,Hamtikanon                     ,450057,0.005896009915570661,76332470.0
PHL,2000,Hanunuo                        ,11164,0.0001462549292588069,76332470.0
PHL,2000,Higaonon                          ,68630,0.0008990931382149693,76332470.0
PHL,2000,Higaonon-Tagoloanon,7487,9.808017728904611e-05,76332470.0
PHL,2000,"Hiligaynon, ilonggo               ",5773135,0.07563144491459532,76332470.0
PHL,2000,Ibaloi/Inibaloi                   ,131916,0.0017281767509946947,76332470.0
PHL,2000,Ibanag                            ,323503,0.0042380785005385,76332470.0
PHL,2000,Ibatan,10625,0.00013919607730651326,76332470.0
PHL,2000,Ibontoc                           ,31624,0.0004142928952777239,76332470.0
PHL,2000,Ibukid,2046,2.6799165704001565e-05,76332470.0
PHL,2000,Ifugao                            ,193642,0.0025368234514093414,76332470.0
PHL,2000,Ikalahan/Kalanguya                ,72606,0.0009511810635762213,76332470.0
PHL,2000,Ilanun                 ,2854,3.738906916021452e-05,76332470.0
PHL,2000,Illaud,2199,2.8807727404609484e-05,76332470.0
PHL,2000,Ilocano                           ,6920760,0.09066600360239882,76332470.0
PHL,2000,Ilongot                           ,21800,0.0002855927497171256,76332470.0
PHL,2000,Imalawa,2940,3.8511189866907106e-05,76332470.0
PHL,2000,Indian (indigenous),16998,0.00022268437484365434,76332470.0
PHL,2000,Indonesian,3197,4.188630724509759e-05,76332470.0
PHL,2000,Iranon                            ,153916,0.002016389617681702,76332470.0
PHL,2000,Iraya                             ,6577,8.616254655456584e-05,76332470.0
PHL,2000,Isamal Kanlaw                     ,11025,0.00014443394796473898,76332470.0
PHL,2000,Isarog                            ,2621,3.433663289030212e-05,76332470.0
PHL,2000,Isinay                            ,5881,7.704453949937687e-05,76332470.0
PHL,2000,Isnag                             ,32934,0.00043145466143045024,76332470.0
PHL,2000,Isneg                             ,6554,8.586123310302942e-05,76332470.0
PHL,2000,Italian,944,1.2372373215160202e-05,76332470.0
PHL,2000,Itawis                            ,93824,0.0012291492729109906,76332470.0
PHL,2000,Itawit                            ,86805,0.0011371962678529857,76332470.0
PHL,2000,Itneg                             ,14777,0.0001935873423197232,76332470.0
PHL,2000,Itneg/Tinguian,28793,0.00037720605307124444,76332470.0
PHL,2000,Itneg/Tinguian-Adasen,8813,0.00011546019748380414,76332470.0
PHL,2000,Itneg/Tinguian-Inlaud,17062,0.00022352815418820197,76332470.0
PHL,2000,Itneg/Tinguian-Maeng,12631,0.0001654724666774799,76332470.0
PHL,2000,Itneg/Tinguian-Masadiit,8186,0.0001072425203890795,76332470.0
PHL,2000,Ivatan/Itbayat                    ,20581,0.00026962313678569554,76332470.0
PHL,2000,Iwak/owak,1928,2.5257927589661385e-05,76332470.0
PHL,2000,Iyapplai                          ,1576,2.0646521722669266e-05,76332470.0
PHL,2000,Iyiwaks                           ,882,1.1554715837179119e-05,76332470.0
PHL,2000,Japanese,6566,8.601963557078394e-05,76332470.0
PHL,2000,Jawa Mapun                        ,31576,0.0004136640672049522,76332470.0
PHL,2000,Kaagan                            ,424,5.554647976149599e-06,76332470.0
PHL,2000,Kabayukan,141,1.8434744375442554e-06,76332470.0
PHL,2000,Kabihug                           ,300,3.93017545482283e-06,76332470.0
PHL,2000,Kagayanen                         ,24510,0.0003210953346590252,76332470.0
PHL,2000,Kailawan/Kaylawan,82,1.0730672099138203e-06,76332470.0
PHL,2000,Kalagan                           ,42627,0.0005584386303757759,76332470.0
PHL,2000,Kalamianen                        ,4342,5.688273941613576e-05,76332470.0
PHL,2000,Kalinga                           ,128127,0.0016785386350002822,76332470.0
PHL,2000,Kalinga-Lubuagan,9487,0.00012428319454309554,76332470.0
PHL,2000,Kalinga-Pinukpuk,9921,0.00012996953360417733,76332470.0
PHL,2000,Kamayo                            ,150998,0.0019781621110911253,76332470.0
PHL,2000,Kamigin/Kinamiging                ,44505,0.0005830415287229667,76332470.0
PHL,2000,Kankaney       ,449349,0.005886734701497279,76332470.0
PHL,2000,Kapampangan                       ,2312870,0.030299949680653592,76332470.0
PHL,2000,Kapul                             ,1509,1.9768782537758833e-05,76332470.0
PHL,2000,Karaga                            ,629,8.240267870278533e-06,76332470.0
PHL,2000,Karao                             ,2279,2.9856232871804095e-05,76332470.0
PHL,2000,Karaya                           ,377515,0.004945667289424802,76332470.0
PHL,2000,Karolanos                         ,71,9.301415243080697e-07,76332470.0
PHL,2000,Kasigurahin                       ,8992,0.00011780045896588962,76332470.0
PHL,2000,Kaunana,402,5.264449388807973e-06,76332470.0
PHL,2000,Kinalinga                         ,674,8.829794188501958e-06,76332470.0
PHL,2000,Kiniraya                         ,224396,0.0029397188378680788,76332470.0
PHL,2000,Kolibugan/Kalibugan               ,31412,0.0004115155712896491,76332470.0
PHL,2000,Korean,5453,7.143692733349356e-05,76332470.0
PHL,2000,Lambanguian,405,5.301135447266565e-06,76332470.0
PHL,2000,Langi,1659,2.1736489636715846e-05,76332470.0
PHL,2000,Ligbuk/Lugbok                     ,545,7.139818742928141e-06,76332470.0
PHL,2000,Magahats,4501,5.896366745757223e-05,76332470.0
PHL,2000,Magkunana,316,4.1363530912062645e-06,76332470.0
PHL,2000,Maguindanao                       ,1008424,0.013210944176180857,76332470.0
PHL,2000,Malaueg                           ,18701,0.0002449940372688058,76332470.0
PHL,2000,Malbog                            ,197,2.5808152153336583e-06,76332470.0
PHL,2000,Mamanwa                           ,4718,6.180855931951371e-05,76332470.0
PHL,2000,Mandaya                           ,102003,0.0013362989563943104,76332470.0
PHL,2000,Mangguangan,5356,7.017125831667213e-05,76332470.0
PHL,2000,Mangyan                                                    ,33902,0.00044413602756467854,76332470.0
PHL,2000,Mangyan-Alangan,16130,0.00021131169672149077,76332470.0
PHL,2000,Mangyan-Buhid,13060,0.00017109460513625913,76332470.0
PHL,2000,Mangyan-Hanunuo,31164,0.0004082699730710574,76332470.0
PHL,2000,Mangyan-Iraya,27646,0.000362183112132451,76332470.0
PHL,2000,Manobo-Aromanon,23696,0.0003104282551619921,76332470.0
PHL,2000,Manobo-Ata,22202,0.00029086541448894784,76332470.0
PHL,2000,Manobo-Dulangan,28627,0.0003750324041075729,76332470.0
PHL,2000,Manobo-Pulanguinon,7197,9.428317023858182e-05,76332470.0
PHL,2000,Manobo/Ata-Manobo                                          ,322754,0.004228266162486292,76332470.0
PHL,2000,Mansaka                                                    ,34499,0.000451957076719776,76332470.0
PHL,2000,Maranao                                                    ,1035966,0.013571760484103293,76332470.0
PHL,2000,Masbateño/Masbatenon                                       ,534004,0.006995764711924034,76332470.0
PHL,2000,Matigsalog                                                 ,20551,0.00026923011924021327,76332470.0
PHL,2000,Molbog                                                     ,8345,0.00010932438056832171,76332470.0
PHL,2000,Negrito                                                    ,1509,1.9768782537758833e-05,76332470.0
PHL,2000,Nilulubo                                                   ,428,5.607050315547237e-06,76332470.0
PHL,2000,Obu-Manuvu,15093,0.00019772868357719703,76332470.0
PHL,2000,Other Foreign Ethinicity,19964,0.0002615400759336099,76332470.0
PHL,2000,Other local ethnicity,184938,0.0024227959608800814,76332470.0
PHL,2000,Palawan-o,86402,0.0011319116476814022,76332470.0
PHL,2000,Palawan/Pinalawan                              ,64320,0.0008426296175140147,76332470.0
PHL,2000,Pan-Ayanon,1527,2.000307337454737e-05,76332470.0
PHL,2000,Panay Bukidnon,68559,0.0008981664262124822,76332470.0
PHL,2000,Pangasinan/Panggalato                                      ,1362142,0.017844856847944263,76332470.0
PHL,2000,Paranan                                                    ,14291,0.00018722045808291019,76332470.0
PHL,2000,Pinangal                                                   ,68,8.908397697598413e-07,76332470.0
PHL,2000,Ratagnon                                                   ,556,7.283925176271644e-06,76332470.0
PHL,2000,Remontado                                                  ,761,9.969545070400577e-06,76332470.0
PHL,2000,Romblon                                       ,200379,0.0026250820915398126,76332470.0
PHL,2000,Sama (Samal)/Abaknon                                       ,226421,0.002966247522188133,76332470.0
PHL,2000,Sama Badjao,48797,0.0006392729116701974,76332470.0
PHL,2000,Sama Bangengeh                                             ,8076,0.00010580032324383057,76332470.0
PHL,2000,Sama Bangingi,87298,0.0011436603579027664,76332470.0
PHL,2000,Sama Dilaya                                                ,116175,0.0015219604448801407,76332470.0
PHL,2000,"Sambal, Zambal                                             ",134887,0.00176709858858229,76332470.0
PHL,2000,"Sangil, Sangir                                             ",11321,0.00014831172108016418,76332470.0
PHL,2000,Sibuyan Mangyan-Tagabukid,13456,0.00017627651089353527,76332470.0
PHL,2000,Singaporean,2407,3.153166724515995e-05,76332470.0
PHL,2000,South African,392,5.136048184202901e-06,76332470.0
PHL,2000,Spanish,3505,4.591260216092807e-05,76332470.0
PHL,2000,Subanen/Subaben,292441,0.0038311481339461436,76332470.0
PHL,2000,Sulod                                                      ,574,7.519735703561014e-06,76332470.0
PHL,2000,Surigaonon                                                 ,597556,0.007828333080273702,76332470.0
PHL,2000,Swiss,9685,0.00012687873317904094,76332470.0
PHL,2000,T'boli                                                     ,95190,0.0012470446718152838,76332470.0
PHL,2000,Tabangnon                                                  ,264,3.45855440024409e-06,76332470.0
PHL,2000,Tadyawan                                                   ,1361,1.7829895980046237e-05,76332470.0
PHL,2000,Tagabawa                                                   ,13673,0.00017912429664597516,76332470.0
PHL,2000,Tagabili                                                   ,181,2.3712058577431073e-06,76332470.0
PHL,2000,Tagakaolo                                                  ,84018,0.0011006849378776818,76332470.0
PHL,2000,Tagalog                                                    ,21485927,0.28147820973171706,76332470.0
PHL,2000,Tagbanwa                                                   ,16289,0.00021339542661203025,76332470.0
PHL,2000,Tagbuaonon                                                 ,187,2.449809366839564e-06,76332470.0
PHL,2000,Taiwanese,1554,2.036076244451864e-05,76332470.0
PHL,2000,Talaandig                                                  ,9816,0.000128595340881803,76332470.0
PHL,2000,Talaingod,210,2.751454384394411e-06,76332470.0
PHL,2000,Tausug                                                     ,918069,0.012027240832112467,76332470.0
PHL,2000,Teduray                                                    ,39790,0.0005212722711580014,76332470.0
PHL,2000,Ternateño-Chavacano                                        ,7044,9.228051967924003e-05,76332470.0
PHL,2000,Tigwahon                                    ,2265,2.9672824683912363e-05,76332470.0
PHL,2000,Tinananen,1458,1.9104264942311863e-05,76332470.0
PHL,2000,Tinggian                                                   ,43497,0.000569836139194762,76332470.0
PHL,2000,Tiruray                                                    ,31736,0.00041576016078085775,76332470.0
PHL,2000,Turkish,342,4.475699131948242e-06,76332470.0
PHL,2000,Tuwali                                                     ,920,1.2052538061456678e-05,76332470.0
PHL,2000,Ubo                                                        ,2413,3.161171124162496e-05,76332470.0
PHL,2000,Umayamnon                                                  ,2220,2.908329836568894e-05,76332470.0
PHL,2000,Unknown,646457,0.008468964779994674,76332470.0
PHL,2000,Waray                                                      ,2567558,0.033636511434779984,76332470.0
PHL,2000,Yakan                                                      ,155088,0.00203174350312521,76332470.0
PHL,2000,Yogad                                                      ,17880,0.00023423845710744066,76332470.0
PHL,2000,Zamboangeño-Chavacano                                      ,358729,0.0046995597024437966,76332470.0
PHL,2005,Abelling                       ,9446,0.00011178108928431114,84507663.75
PHL,2005,Abiyan                         ,14475,0.00017129014690602833,84507663.75
PHL,2005,Aburlin                        ,6767,8.007077459959045e-05,84507663.75
PHL,2005,Aeta,34648,0.00041000338933322585,84507663.75
PHL,2005,Aeta/Ayta                      ,28086,0.00033234627467525814,84507663.75
PHL,2005,Aeta/Ayta-Sambal,35474,0.000419771052397826,84507663.75
PHL,2005,Afgan,1342,1.58850633125704e-05,84507663.75
PHL,2005,Aggay                          ,11357,0.00013438579938524194,84507663.75
PHL,2005,Agta                           ,27927,0.00033046327228207056,84507663.75
PHL,2005,Agutaynon     ,15269,0.00018067733347619405,84507663.75
PHL,2005,Akeanon/Aklanon                ,573792,0.0067898235180913185,84507663.75
PHL,2005,Alangan                        ,3948,4.6716685572994036e-05,84507663.75
PHL,2005,Alta,1111,1.3142780442790636e-05,84507663.75
PHL,2005,American,13205,0.00015625424581913673,84507663.75
PHL,2005,Apayao/Yapayao                 ,3940,4.662385184450917e-05,84507663.75
PHL,2005,Applai                         ,25714,0.00030427485277828716,84507663.75
PHL,2005,Aromanen-Manobo/Eromanen,11791,0.00013952625183264058,84507663.75
PHL,2005,Aromanen-Manobo/Eromanen-Manobo,8389,9.927247418895035e-05,84507663.75
PHL,2005,Ata,27205,0.00032192933448876073,84507663.75
PHL,2005,Ati,43020,0.0005090649186860393,84507663.75
PHL,2005,Atta/Ata/Ati                   ,9793,0.00011588777357787584,84507663.75
PHL,2005,Australian,1938,2.293795805123474e-05,84507663.75
PHL,2005,Ayangan                        ,32727,0.00038726988483320235,84507663.75
PHL,2005,Badjao,52653,0.0006230576738314997,84507663.75
PHL,2005,"Badjao, Sama Dilaut            ",47164,0.0005580980151696912,84507663.75
PHL,2005,Bago,79115,0.0009361823542901983,84507663.75
PHL,2005,Bagobo,46904,0.0005550233784200406,84507663.75
PHL,2005,Bagobo Klata,14271,0.0001688750985995143,84507663.75
PHL,2005,Bagobo Tagabawa,30616,0.0003622839987932121,84507663.75
PHL,2005,Bagobo/Guinga                  ,61422,0.0007268204474452353,84507663.75
PHL,2005,Bajaus,3091,3.657600028321637e-05,84507663.75
PHL,2005,Balangao/Baliwon               ,23869,0.00028244698004024985,84507663.75
PHL,2005,Baliwon-Gaddang,10408,0.00012315509824549384,84507663.75
PHL,2005,Bantoanon                      ,63956,0.0007568116603117693,84507663.75
PHL,2005,Banwaon                        ,12065,0.0001427622625780932,84507663.75
PHL,2005,Batak/Binatak                  ,1903,2.251443449745617e-05,84507663.75
PHL,2005,Batangan                       ,27582,0.00032638145696026405,84507663.75
PHL,2005,Bikol/Bicol                    ,5180822,0.06130594013658815,84507663.75
PHL,2005,Bilaan/B'laan                  ,245190,0.0029013916075250304,84507663.75
PHL,2005,Binukid/Bukidnon               ,150823,0.0017847214884615954,84507663.75
PHL,2005,Bisaya/Binisaya                ,7815862,0.09248702342515794,84507663.75
PHL,2005,Boholano                       ,1889203,0.02235540493837359,84507663.75
PHL,2005,Bolinao                        ,61373,0.0007262440217118613,84507663.75
PHL,2005,Bontok/Binontok                ,30585,0.0003619204447382942,84507663.75
PHL,2005,British,4927,5.830331840531757e-05,84507663.75
PHL,2005,Bugkalot                       ,12282,0.0001453316295125693,84507663.75
PHL,2005,Buhid                          ,9921,0.00011739434083555792,84507663.75
PHL,2005,Bukidnon-Akeanon,26402,0.0003124184738333707,84507663.75
PHL,2005,Bukidnon-Iraynon,10292,0.00012178854256791129,84507663.75
PHL,2005,Butuanon                       ,151849,0.0017968631173601484,84507663.75
PHL,2005,Cagayanen,40289,0.0004767445011840196,84507663.75
PHL,2005,Calinga,5083,6.014679284286183e-05,84507663.75
PHL,2005,Canadian,1357,1.6059322090248712e-05,84507663.75
PHL,2005,Capizeño                       ,683284,0.008085463867866821,84507663.75
PHL,2005,Caviteño                       ,255805,0.003027008498919479,84507663.75
PHL,2005,Caviteño-Chavacano             ,13288,0.00015724494576683837,84507663.75
PHL,2005,Cebuano                        ,10017419,0.1185385899681339,84507663.75
PHL,2005,Chinese,68316,0.0008084030703327172,84507663.75
PHL,2005,Cimaron                        ,1233,1.4594051522242108e-05,84507663.75
PHL,2005,Cotabateño                     ,11282,0.0001335001002799801,84507663.75
PHL,2005,Cotabateño-Chavacano           ,9636,0.00011402850778469004,84507663.75
PHL,2005,Cuyunon/Cuyunan                ,214817,0.002541984267349085,84507663.75
PHL,2005,Davao-Chavacano                ,16858,0.00019949039593801092,84507663.75
PHL,2005,Davaweño                       ,299974,0.003549661435642017,84507663.75
PHL,2005,Diangan,5959,7.051977587202875e-05,84507663.75
PHL,2005,Dibabawon                      ,22672,0.0002682851087337502,84507663.75
PHL,2005,Dumagat (Umiray)       ,21127,0.000249996682150638,84507663.75
PHL,2005,Dumagat-Remontado,8961,0.00010603188045994596,84507663.75
PHL,2005,Eskaya,5916,7.000617105360847e-05,84507663.75
PHL,2005,French,1576,1.8654860726194106e-05,84507663.75
PHL,2005,Gaddang                        ,25955,0.0003071376994512241,84507663.75
PHL,2005,German,2913,3.447572343646197e-05,84507663.75
PHL,2005,Gubatnon                       ,4101,4.852456628221254e-05,84507663.75
PHL,2005,Guiangan,19821,0.00023454314324039424,84507663.75
PHL,2005,Hamtikanon                     ,498258,0.005896009915570661,84507663.75
PHL,2005,Hanunuo                        ,12360,0.0001462549292588069,84507663.75
PHL,2005,Higaonon                          ,144846,0.0017139981646204212,84507663.75
PHL,2005,Higaonon-Tagoloanon,8289,9.808017728904611e-05,84507663.75
PHL,2005,"Hiligaynon, ilonggo               ",6466052,0.07651438006185918,84507663.75
PHL,2005,Ibaloi/Inibaloi                   ,150193,0.0017772725128091106,84507663.75
PHL,2005,Ibanag                            ,358515,0.004242394955858052,84507663.75
PHL,2005,Ibatan,11763,0.00013919607730651326,84507663.75
PHL,2005,Ibontoc                           ,35011,0.0004142928952777239,84507663.75
PHL,2005,Ibukid,2265,2.6799165704001565e-05,84507663.75
PHL,2005,Ifugao                            ,176969,0.00209411422795355,84507663.75
PHL,2005,Ikalahan/Kalanguya                ,84912,0.0010047877457760707,84507663.75
PHL,2005,Ilanun                 ,3160,3.738906916021452e-05,84507663.75
PHL,2005,Illaud,2434,2.8807727404609484e-05,84507663.75
PHL,2005,Ilocano                           ,7444609,0.08809388767584991,84507663.75
PHL,2005,Ilongot                           ,24135,0.0002855927497171256,84507663.75
PHL,2005,Imalawa,3254,3.8511189866907106e-05,84507663.75
PHL,2005,Indian (indigenous),18819,0.00022268437484365434,84507663.75
PHL,2005,Indonesian,3540,4.188630724509759e-05,84507663.75
PHL,2005,Iranon                            ,192462,0.0022774510416534795,84507663.75
PHL,2005,Iraya                             ,7281,8.616254655456584e-05,84507663.75
PHL,2005,Isamal Kanlaw                     ,12206,0.00014443394796473898,84507663.75
PHL,2005,Isarog                            ,2902,3.433663289030212e-05,84507663.75
PHL,2005,Isinay                            ,7334,8.679061247201073e-05,84507663.75
PHL,2005,Isnag                             ,35875,0.000424518928649732,84507663.75
PHL,2005,Isneg                             ,6647,7.86553371743961e-05,84507663.75
PHL,2005,Italian,1046,1.2372373215160202e-05,84507663.75
PHL,2005,Itawis                            ,134127,0.0015871521604365433,84507663.75
PHL,2005,Itawit                            ,96102,0.0011371962678529857,84507663.75
PHL,2005,Itneg                             ,17927,0.0002121356847907621,84507663.75
PHL,2005,Itneg/Tinguian,31877,0.00037720605307124444,84507663.75
PHL,2005,Itneg/Tinguian-Adasen,9757,0.00011546019748380414,84507663.75
PHL,2005,Itneg/Tinguian-Inlaud,18890,0.00022352815418820197,84507663.75
PHL,2005,Itneg/Tinguian-Maeng,13984,0.0001654724666774799,84507663.75
PHL,2005,Itneg/Tinguian-Masadiit,9063,0.0001072425203890795,84507663.75
PHL,2005,Ivatan/Itbayat                    ,21646,0.0002561412727660948,84507663.75
PHL,2005,Iwak/owak,2235,2.6450330404335455e-05,84507663.75
PHL,2005,Iyapplai                          ,1745,2.0646521722669266e-05,84507663.75
PHL,2005,Iyiwaks                           ,976,1.1554715837179119e-05,84507663.75
PHL,2005,Japanese,7269,8.601963557078394e-05,84507663.75
PHL,2005,Jawa Mapun                        ,35722,0.0004227068697298747,84507663.75
PHL,2005,Kaagan                            ,17288,0.0002045704589481328,84507663.75
PHL,2005,Kabayukan,156,1.8434744375442554e-06,84507663.75
PHL,2005,Kabihug                           ,649,7.684718889582833e-06,84507663.75
PHL,2005,Kagayanen                         ,27135,0.0003210953346590252,84507663.75
PHL,2005,Kailawan/Kaylawan,91,1.0730672099138203e-06,84507663.75
PHL,2005,Kalagan                           ,47192,0.0005584386303757759,84507663.75
PHL,2005,Kalamianen                        ,4807,5.688273941613576e-05,84507663.75
PHL,2005,Kalinga                           ,142390,0.001684934587372535,84507663.75
PHL,2005,Kalinga-Lubuagan,10503,0.00012428319454309554,84507663.75
PHL,2005,Kalinga-Pinukpuk,10983,0.00012996953360417733,84507663.75
PHL,2005,Kamayo                            ,167170,0.0019781621110911253,84507663.75
PHL,2005,Kamigin/Kinamiging                ,41547,0.0004916315421486293,84507663.75
PHL,2005,Kankaney       ,464969,0.005502091038552196,84507663.75
PHL,2005,Kapampangan                       ,2543500,0.03009786719421018,84507663.75
PHL,2005,Kapul                             ,1671,1.9768782537758833e-05,84507663.75
PHL,2005,Karaga                            ,696,8.240267870278533e-06,84507663.75
PHL,2005,Karao                             ,2477,2.9316668187912337e-05,84507663.75
PHL,2005,Karaya                           ,432926,0.0051229225081052595,84507663.75
PHL,2005,Karolanos                         ,1202,1.4223297321183245e-05,84507663.75
PHL,2005,Kasigurahin                       ,9955,0.00011780045896588962,84507663.75
PHL,2005,Kaunana,445,5.264449388807973e-06,84507663.75
PHL,2005,Kinalinga                         ,746,8.829794188501958e-06,84507663.75
PHL,2005,Kiniraya                         ,248429,0.0029397188378680788,84507663.75
PHL,2005,Kolibugan/Kalibugan               ,36095,0.00042711659713791383,84507663.75
PHL,2005,Korean,6037,7.143692733349356e-05,84507663.75
PHL,2005,Lambanguian,448,5.301135447266565e-06,84507663.75
PHL,2005,Langi,1837,2.1736489636715846e-05,84507663.75
PHL,2005,Ligbuk/Lugbok                     ,603,7.139818742928141e-06,84507663.75
PHL,2005,Magahats,4983,5.896366745757223e-05,84507663.75
PHL,2005,Magkunana,350,4.1363530912062645e-06,84507663.75
PHL,2005,Maguindanao                       ,1229387,0.014547637142984581,84507663.75
PHL,2005,Malaueg                           ,20257,0.00023970323149422566,84507663.75
PHL,2005,Malbog                            ,218,2.5808152153336583e-06,84507663.75
PHL,2005,Mamanwa                           ,7399,8.755944889594158e-05,84507663.75
PHL,2005,Mandaya                           ,186271,0.00220419018648247,84507663.75
PHL,2005,Mangguangan,5930,7.017125831667213e-05,84507663.75
PHL,2005,Mangyan                                                    ,35574,0.0004209513734099151,84507663.75
PHL,2005,Mangyan-Alangan,17857,0.00021131169672149077,84507663.75
PHL,2005,Mangyan-Buhid,14459,0.00017109460513625913,84507663.75
PHL,2005,Mangyan-Hanunuo,34502,0.0004082699730710574,84507663.75
PHL,2005,Mangyan-Iraya,30607,0.000362183112132451,84507663.75
PHL,2005,Manobo-Aromanon,26234,0.0003104282551619921,84507663.75
PHL,2005,Manobo-Ata,24580,0.00029086541448894784,84507663.75
PHL,2005,Manobo-Dulangan,31693,0.0003750324041075729,84507663.75
PHL,2005,Manobo-Pulanguinon,7968,9.428317023858182e-05,84507663.75
PHL,2005,Manobo/Ata-Manobo                                          ,394307,0.0046659272161869835,84507663.75
PHL,2005,Mansaka                                                    ,43807,0.0005183786835529233,84507663.75
PHL,2005,Maranao                                                    ,1209677,0.01431440075417745,84507663.75
PHL,2005,Masbateño/Masbatenon                                       ,588857,0.00696808983212575,84507663.75
PHL,2005,Matigsalog                                                 ,25337,0.00029982392218422043,84507663.75
PHL,2005,Molbog                                                     ,10679,0.00012636278025325484,84507663.75
PHL,2005,Negrito                                                    ,1671,1.9768782537758833e-05,84507663.75
PHL,2005,Nilulubo                                                   ,474,5.607050315547237e-06,84507663.75
PHL,2005,Obu-Manuvu,16710,0.00019772868357719703,84507663.75
PHL,2005,Other Foreign Ethinicity,21667,0.0002563912720605621,84507663.75
PHL,2005,Other local ethnicity,315690,0.003735635669567903,84507663.75
PHL,2005,Palawan-o,95655,0.0011319116476814022,84507663.75
PHL,2005,Palawan/Pinalawan                              ,58534,0.0006926417823114077,84507663.75
PHL,2005,Pan-Ayanon,1690,2.000307337454737e-05,84507663.75
PHL,2005,Panay Bukidnon,75902,0.0008981664262124822,84507663.75
PHL,2005,Pangasinan/Panggalato                                      ,1521511,0.018004419078959596,84507663.75
PHL,2005,Paranan                                                    ,15432,0.00018260660366821728,84507663.75
PHL,2005,Pinangal                                                   ,75,8.908397697598413e-07,84507663.75
PHL,2005,Ratagnon                                                   ,616,7.283925176271644e-06,84507663.75
PHL,2005,Remontado                                                  ,843,9.969545070400577e-06,84507663.75
PHL,2005,Romblon                                       ,210125,0.002486463317898863,84507663.75
PHL,2005,Sama (Samal)/Abaknon                                       ,266702,0.003155949771219193,84507663.75
PHL,2005,Sama Badjao,54023,0.0006392729116701974,84507663.75
PHL,2005,Sama Bangengeh                                             ,8941,0.00010580032324383057,84507663.75
PHL,2005,Sama Bangingi,96648,0.0011436603579027664,84507663.75
PHL,2005,Sama Dilaya                                                ,128617,0.0015219604448801407,84507663.75
PHL,2005,"Sambal, Zambal                                             ",149333,0.00176709858858229,84507663.75
PHL,2005,"Sangil, Sangir                                             ",13324,0.00015766229066812516,84507663.75
PHL,2005,Sibuyan Mangyan-Tagabukid,14897,0.00017627651089353527,84507663.75
PHL,2005,Singaporean,2665,3.153166724515995e-05,84507663.75
PHL,2005,South African,434,5.136048184202901e-06,84507663.75
PHL,2005,Spanish,3880,4.591260216092807e-05,84507663.75
PHL,2005,Subanen/Subaben,389953,0.00461440576990882,84507663.75
PHL,2005,Sulod                                                      ,635,7.519735703561014e-06,84507663.75
PHL,2005,Surigaonon                                                 ,610213,0.007220796913934969,84507663.75
PHL,2005,Swiss,10722,0.00012687873317904094,84507663.75
PHL,2005,T'boli                                                     ,114177,0.0013510809975524926,84507663.75
PHL,2005,Tabangnon                                                  ,292,3.45855440024409e-06,84507663.75
PHL,2005,Tadyawan                                                   ,1507,1.7829895980046237e-05,84507663.75
PHL,2005,Tagabawa                                                   ,14044,0.00016619130698384668,84507663.75
PHL,2005,Tagabili                                                   ,200,2.3712058577431073e-06,84507663.75
PHL,2005,Tagakaolo                                                  ,99356,0.00117570506018206,84507663.75
PHL,2005,Tagalog                                                    ,23338305,0.27616790826394066,84507663.75
PHL,2005,Tagbanwa                                                   ,24520,0.0002901559691610734,84507663.75
PHL,2005,Tagbuaonon                                                 ,207,2.449809366839564e-06,84507663.75
PHL,2005,Taiwanese,1721,2.036076244451864e-05,84507663.75
PHL,2005,Talaandig                                                  ,27992,0.000331237279796342,84507663.75
PHL,2005,Talaingod,233,2.751454384394411e-06,84507663.75
PHL,2005,Tausug                                                     ,1076189,0.012734811499385273,84507663.75
PHL,2005,Teduray                                                    ,59929,0.0007091507314091,84507663.75
PHL,2005,Ternateño-Chavacano                                        ,7798,9.228051967924003e-05,84507663.75
PHL,2005,Tigwahon                                    ,4786,5.663862680324976e-05,84507663.75
PHL,2005,Tinananen,1614,1.9104264942311863e-05,84507663.75
PHL,2005,Tinggian                                                   ,37817,0.0004474994074606093,84507663.75
PHL,2005,Tiruray                                                    ,35135,0.00041576016078085775,84507663.75
PHL,2005,Turkish,378,4.475699131948242e-06,84507663.75
PHL,2005,Tuwali                                                     ,23594,0.00027919095227785777,84507663.75
PHL,2005,Ubo                                                        ,4437,5.2502753563906235e-05,84507663.75
PHL,2005,Umayamnon                                                  ,3548,4.198522016918506e-05,84507663.75
PHL,2005,Unknown,548488,0.006490396885969483,84507663.75
PHL,2005,Waray                                                      ,2930292,0.034674869065487786,84507663.75
PHL,2005,Yakan                                                      ,183619,0.002172809223141593,84507663.75
PHL,2005,Yogad                                                      ,21781,0.00025774326272379747,84507663.75
PHL,2005,Zamboangeño-Chavacano                                      ,392725,0.004647210429456733,84507663.75
PHL,2010,Abelling                       ,9952,0.00010737309153921003,92682857.5
PHL,2010,Abiyan                         ,15876,0.00017129014690602833,92682857.5
PHL,2010,Aburlin                        ,7421,8.007077459959045e-05,92682857.5
PHL,2010,Aeta,38000,0.00041000338933322585,92682857.5
PHL,2010,Aeta/Ayta                      ,27750,0.0002994089419944331,92682857.5
PHL,2010,Aeta/Ayta-Sambal,38906,0.000419771052397826,92682857.5
PHL,2010,Afgan,1472,1.58850633125704e-05,92682857.5
PHL,2010,Aggay                          ,12455,0.00013438579938524194,92682857.5
PHL,2010,Agta                           ,55722,0.0006012140788205329,92682857.5
PHL,2010,Agutaynon     ,16835,0.00018164084398818953,92682857.5
PHL,2010,Akeanon/Aklanon                ,629300,0.0067898235180913185,92682857.5
PHL,2010,Alangan                        ,4330,4.6716685572994036e-05,92682857.5
PHL,2010,Alta,1218,1.3142780442790636e-05,92682857.5
PHL,2010,American,13652,0.0001472970161023711,92682857.5
PHL,2010,Apayao/Yapayao                 ,4073,4.3950202900690645e-05,92682857.5
PHL,2010,Applai                         ,35944,0.00038781795142887486,92682857.5
PHL,2010,Aromanen-Manobo/Eromanen,12932,0.00013952625183264058,92682857.5
PHL,2010,Aromanen-Manobo/Eromanen-Manobo,9201,9.927247418895035e-05,92682857.5
PHL,2010,Ata,29837,0.00032192933448876073,92682857.5
PHL,2010,Ati,47182,0.0005090649186860393,92682857.5
PHL,2010,Atta/Ata/Ati                   ,10741,0.00011588777357787584,92682857.5
PHL,2010,Australian,2126,2.293795805123474e-05,92682857.5
PHL,2010,Ayangan                        ,52368,0.0005650221161697997,92682857.5
PHL,2010,Badjao,57747,0.0006230576738314997,92682857.5
PHL,2010,"Badjao, Sama Dilaut            ",51726,0.0005580980151696912,92682857.5
PHL,2010,Bago,86768,0.0009361823542901983,92682857.5
PHL,2010,Bagobo,51441,0.0005550233784200406,92682857.5
PHL,2010,Bagobo Klata,15652,0.0001688750985995143,92682857.5
PHL,2010,Bagobo Tagabawa,33578,0.0003622839987932121,92682857.5
PHL,2010,Bagobo/Guinga                  ,67364,0.0007268204474452353,92682857.5
PHL,2010,Bajaus,3390,3.657600028321637e-05,92682857.5
PHL,2010,Balangao/Baliwon               ,26529,0.00028623141974871166,92682857.5
PHL,2010,Baliwon-Gaddang,11414,0.00012315509824549384,92682857.5
PHL,2010,Bantoanon                      ,63601,0.0006862165827045375,92682857.5
PHL,2010,Banwaon                        ,12464,0.00013447478184249563,92682857.5
PHL,2010,Batak/Binatak                  ,1826,1.970543848100391e-05,92682857.5
PHL,2010,Batangan                       ,40691,0.00043903997268726267,92682857.5
PHL,2010,Bikol/Bicol                    ,5799301,0.06257145448844799,92682857.5
PHL,2010,Bilaan/B'laan                  ,285242,0.00307761265526076,92682857.5
PHL,2010,Binukid/Bukidnon               ,152923,0.0016499583853725702,92682857.5
PHL,2010,Bisaya/Binisaya                ,10127750,0.10927316883601867,92682857.5
PHL,2010,Boholano                       ,1913003,0.020640306197251414,92682857.5
PHL,2010,Bolinao                        ,67310,0.0007262440217118613,92682857.5
PHL,2010,Bontok/Binontok                ,45624,0.0004922618510935779,92682857.5
PHL,2010,British,5404,5.830331840531757e-05,92682857.5
PHL,2010,Bugkalot                       ,14317,0.00015446957893067812,92682857.5
PHL,2010,Buhid                          ,10880,0.00011739434083555792,92682857.5
PHL,2010,Bukidnon-Akeanon,28956,0.0003124184738333707,92682857.5
PHL,2010,Bukidnon-Iraynon,11288,0.00012178854256791129,92682857.5
PHL,2010,Butuanon                       ,166538,0.0017968631173601484,92682857.5
PHL,2010,Cagayanen,44186,0.0004767445011840196,92682857.5
PHL,2010,Calinga,5575,6.014679284286183e-05,92682857.5
PHL,2010,Canadian,1488,1.6059322090248712e-05,92682857.5
PHL,2010,Capizeño                       ,723316,0.007804199919903762,92682857.5
PHL,2010,Caviteño                       ,328909,0.003548752855331844,92682857.5
PHL,2010,Caviteño-Chavacano             ,15696,0.00016934851198706965,92682857.5
PHL,2010,Cebuano                        ,9793758,0.10566957580659664,92682857.5
PHL,2010,Chinese,80220,0.0008655269013063515,92682857.5
PHL,2010,Cimaron                        ,1353,1.4594051522242108e-05,92682857.5
PHL,2010,Cotabateño                     ,10498,0.00011326483735214058,92682857.5
PHL,2010,Cotabateño-Chavacano           ,10440,0.00011264086304608297,92682857.5
PHL,2010,Cuyunon/Cuyunan                ,253630,0.0027365402384567404,92682857.5
PHL,2010,Davao-Chavacano                ,15277,0.00016483403886252703,92682857.5
PHL,2010,Davaweño                       ,259968,0.0028049249564779245,92682857.5
PHL,2010,Diangan,6536,7.051977587202875e-05,92682857.5
PHL,2010,Dibabawon                      ,28870,0.0003114890691697969,92682857.5
PHL,2010,Dumagat (Umiray)       ,28401,0.00030643222315125164,92682857.5
PHL,2010,Dumagat-Remontado,9827,0.00010603188045994596,92682857.5
PHL,2010,Eskaya,6488,7.000617105360847e-05,92682857.5
PHL,2010,French,1729,1.8654860726194106e-05,92682857.5
PHL,2010,Gaddang                        ,31461,0.0003394513299315371,92682857.5
PHL,2010,German,3195,3.447572343646197e-05,92682857.5
PHL,2010,Gubatnon                       ,4497,4.852456628221254e-05,92682857.5
PHL,2010,Guiangan,21738,0.00023454314324039424,92682857.5
PHL,2010,Hamtikanon                     ,546459,0.005896009915570661,92682857.5
PHL,2010,Hanunuo                        ,13555,0.0001462549292588069,92682857.5
PHL,2010,Higaonon                          ,234386,0.002528903191025873,92682857.5
PHL,2010,Higaonon-Tagoloanon,9090,9.808017728904611e-05,92682857.5
PHL,2010,"Hiligaynon, ilonggo               ",7173404,0.07739731520912303,92682857.5
PHL,2010,Ibaloi/Inibaloi                   ,169273,0.0018263682746235267,92682857.5
PHL,2010,Ibanag                            ,393597,0.004246711411177604,92682857.5
PHL,2010,Ibatan,12901,0.00013919607730651326,92682857.5
PHL,2010,Ibontoc                           ,38398,0.0004142928952777239,92682857.5
PHL,2010,Ibukid,2484,2.6799165704001565e-05,92682857.5
PHL,2010,Ifugao                            ,153057,0.0016514050044977582,92682857.5
PHL,2010,Ikalahan/Kalanguya                ,98095,0.0010583944279759202,92682857.5
PHL,2010,Ilanun                 ,3465,3.738906916021452e-05,92682857.5
PHL,2010,Illaud,2670,2.8807727404609484e-05,92682857.5
PHL,2010,Ilocano                           ,7926402,0.08552177174930102,92682857.5
PHL,2010,Ilongot                           ,26470,0.0002855927497171256,92682857.5
PHL,2010,Imalawa,3569,3.8511189866907106e-05,92682857.5
PHL,2010,Indian (indigenous),20639,0.00022268437484365434,92682857.5
PHL,2010,Indonesian,3882,4.188630724509759e-05,92682857.5
PHL,2010,Iranon                            ,235277,0.002538512465625257,92682857.5
PHL,2010,Iraya                             ,7986,8.616254655456584e-05,92682857.5
PHL,2010,Isamal Kanlaw                     ,13387,0.00014443394796473898,92682857.5
PHL,2010,Isarog                            ,3182,3.433663289030212e-05,92682857.5
PHL,2010,Isinay                            ,8947,9.653668544464459e-05,92682857.5
PHL,2010,Isnag                             ,38703,0.00041758319586901373,92682857.5
PHL,2010,Isneg                             ,6622,7.144944124576277e-05,92682857.5
PHL,2010,Italian,1147,1.2372373215160202e-05,92682857.5
PHL,2010,Itawis                            ,180283,0.0019451550479620957,92682857.5
PHL,2010,Itawit                            ,105399,0.0011371962678529857,92682857.5
PHL,2010,Itneg                             ,21380,0.00023068402726180096,92682857.5
PHL,2010,Itneg/Tinguian,34961,0.00037720605307124444,92682857.5
PHL,2010,Itneg/Tinguian-Adasen,10701,0.00011546019748380414,92682857.5
PHL,2010,Itneg/Tinguian-Inlaud,20717,0.00022352815418820197,92682857.5
PHL,2010,Itneg/Tinguian-Maeng,15336,0.0001654724666774799,92682857.5
PHL,2010,Itneg/Tinguian-Masadiit,9940,0.0001072425203890795,92682857.5
PHL,2010,Ivatan/Itbayat                    ,22490,0.00024265940874649403,92682857.5
PHL,2010,Iwak/owak,2562,2.764273321900953e-05,92682857.5
PHL,2010,Iyapplai                          ,1914,2.0646521722669266e-05,92682857.5
PHL,2010,Iyiwaks                           ,1071,1.1554715837179119e-05,92682857.5
PHL,2010,Japanese,7973,8.601963557078394e-05,92682857.5
PHL,2010,Jawa Mapun                        ,40016,0.00043174967225479723,92682857.5
PHL,2010,Kaagan                            ,37406,0.000403586269920116,92682857.5
PHL,2010,Kabayukan,171,1.8434744375442554e-06,92682857.5
PHL,2010,Kabihug                           ,1060,1.1439262324342837e-05,92682857.5
PHL,2010,Kagayanen                         ,29760,0.0003210953346590252,92682857.5
PHL,2010,Kailawan/Kaylawan,99,1.0730672099138203e-06,92682857.5
PHL,2010,Kalagan                           ,51758,0.0005584386303757759,92682857.5
PHL,2010,Kalamianen                        ,5272,5.688273941613576e-05,92682857.5
PHL,2010,Kalinga                           ,156757,0.0016913305397447877,92682857.5
PHL,2010,Kalinga-Lubuagan,11519,0.00012428319454309554,92682857.5
PHL,2010,Kalinga-Pinukpuk,12046,0.00012996953360417733,92682857.5
PHL,2010,Kamayo                            ,183342,0.0019781621110911253,92682857.5
PHL,2010,Kamigin/Kinamiging                ,37094,0.0004002215555742919,92682857.5
PHL,2010,Kankaney       ,474300,0.005117447375607112,92682857.5
PHL,2010,Kapampangan                       ,2770827,0.02989578470776677,92682857.5
PHL,2010,Kapul                             ,1832,1.9768782537758833e-05,92682857.5
PHL,2010,Karaga                            ,764,8.240267870278533e-06,92682857.5
PHL,2010,Karao                             ,2667,2.8777103504020583e-05,92682857.5
PHL,2010,Karaya                           ,491236,0.005300177726785717,92682857.5
PHL,2010,Karolanos                         ,2550,2.751645311805842e-05,92682857.5
PHL,2010,Kasigurahin                       ,10918,0.00011780045896588962,92682857.5
PHL,2010,Kaunana,488,5.264449388807973e-06,92682857.5
PHL,2010,Kinalinga                         ,818,8.829794188501958e-06,92682857.5
PHL,2010,Kiniraya                         ,272462,0.0029397188378680788,92682857.5
PHL,2010,Kolibugan/Kalibugan               ,41032,0.00044271762298617856,92682857.5
PHL,2010,Korean,6621,7.143692733349356e-05,92682857.5
PHL,2010,Lambanguian,491,5.301135447266565e-06,92682857.5
PHL,2010,Langi,2015,2.1736489636715846e-05,92682857.5
PHL,2010,Ligbuk/Lugbok                     ,662,7.139818742928141e-06,92682857.5
PHL,2010,Magahats,5465,5.896366745757223e-05,92682857.5
PHL,2010,Magkunana,383,4.1363530912062645e-06,92682857.5
PHL,2010,Maguindanao                       ,1472205,0.015884330109788306,92682857.5
PHL,2010,Malaueg                           ,21726,0.00023441242571964555,92682857.5
PHL,2010,Malbog                            ,239,2.5808152153336583e-06,92682857.5
PHL,2010,Mamanwa                           ,10502,0.00011331033847236947,92682857.5
PHL,2010,Mandaya                           ,284729,0.0030720814165706304,92682857.5
PHL,2010,Mangguangan,6504,7.017125831667213e-05,92682857.5
PHL,2010,Mangyan                                                    ,36866,0.0003977667192551517,92682857.5
PHL,2010,Mangyan-Alangan,19585,0.00021131169672149077,92682857.5
PHL,2010,Mangyan-Buhid,15858,0.00017109460513625913,92682857.5
PHL,2010,Mangyan-Hanunuo,37840,0.0004082699730710574,92682857.5
PHL,2010,Mangyan-Iraya,33568,0.000362183112132451,92682857.5
PHL,2010,Manobo-Aromanon,28771,0.0003104282551619921,92682857.5
PHL,2010,Manobo-Ata,26958,0.00029086541448894784,92682857.5
PHL,2010,Manobo-Dulangan,34759,0.0003750324041075729,92682857.5
PHL,2010,Manobo-Pulanguinon,8738,9.428317023858182e-05,92682857.5
PHL,2010,Manobo/Ata-Manobo                                          ,473015,0.005103588269887674,92682857.5
PHL,2010,Mansaka                                                    ,54201,0.0005848002903860705,92682857.5
PHL,2010,Maranao                                                    ,1395530,0.015057041024251608,92682857.5
PHL,2010,Masbateño/Masbatenon                                       ,643257,0.006940414952327465,92682857.5
PHL,2010,Matigsalog                                                 ,30624,0.0003304177251282276,92682857.5
PHL,2010,Molbog                                                     ,13291,0.00014340117993818794,92682857.5
PHL,2010,Negrito                                                    ,1832,1.9768782537758833e-05,92682857.5
PHL,2010,Nilulubo                                                   ,520,5.607050315547237e-06,92682857.5
PHL,2010,Obu-Manuvu,18326,0.00019772868357719703,92682857.5
PHL,2010,Other Foreign Ethinicity,23286,0.00025124246818751425,92682857.5
PHL,2010,Other local ethnicity,467907,0.0050484753782557255,92682857.5
PHL,2010,Palawan-o,104909,0.0011319116476814022,92682857.5
PHL,2010,Palawan/Pinalawan                              ,50295,0.0005426539471088008,92682857.5
PHL,2010,Pan-Ayanon,1854,2.000307337454737e-05,92682857.5
PHL,2010,Panay Bukidnon,83245,0.0008981664262124822,92682857.5
PHL,2010,Pangasinan/Panggalato                                      ,1683490,0.01816398130997493,92682857.5
PHL,2010,Paranan                                                    ,16497,0.00017799274925352438,92682857.5
PHL,2010,Pinangal                                                   ,83,8.908397697598413e-07,92682857.5
PHL,2010,Ratagnon                                                   ,675,7.283925176271644e-06,92682857.5
PHL,2010,Remontado                                                  ,924,9.969545070400577e-06,92682857.5
PHL,2010,Romblon                                       ,217605,0.002347844544257913,92682857.5
PHL,2010,Sama (Samal)/Abaknon                                       ,310085,0.003345652020250253,92682857.5
PHL,2010,Sama Badjao,59250,0.0006392729116701974,92682857.5
PHL,2010,Sama Bangengeh                                             ,9806,0.00010580032324383057,92682857.5
PHL,2010,Sama Bangingi,105998,0.0011436603579027664,92682857.5
PHL,2010,Sama Dilaya                                                ,141060,0.0015219604448801407,92682857.5
PHL,2010,"Sambal, Zambal                                             ",163780,0.00176709858858229,92682857.5
PHL,2010,"Sangil, Sangir                                             ",15479,0.00016701286025608614,92682857.5
PHL,2010,Sibuyan Mangyan-Tagabukid,16338,0.00017627651089353527,92682857.5
PHL,2010,Singaporean,2922,3.153166724515995e-05,92682857.5
PHL,2010,South African,476,5.136048184202901e-06,92682857.5
PHL,2010,Spanish,4255,4.591260216092807e-05,92682857.5
PHL,2010,Subanen/Subaben,500271,0.005397663405871497,92682857.5
PHL,2010,Sulod                                                      ,697,7.519735703561014e-06,92682857.5
PHL,2010,Surigaonon                                                 ,612936,0.006613260747596237,92682857.5
PHL,2010,Swiss,11759,0.00012687873317904094,92682857.5
PHL,2010,T'boli                                                     ,134864,0.0014551173232897016,92682857.5
PHL,2010,Tabangnon                                                  ,321,3.45855440024409e-06,92682857.5
PHL,2010,Tadyawan                                                   ,1653,1.7829895980046237e-05,92682857.5
PHL,2010,Tagabawa                                                   ,14204,0.0001532583173217182,92682857.5
PHL,2010,Tagabili                                                   ,220,2.3712058577431073e-06,92682857.5
PHL,2010,Tagakaolo                                                  ,115921,0.0012507251824864381,92682857.5
PHL,2010,Tagalog                                                    ,25103857,0.2708576067961643,92682857.5
PHL,2010,Tagbanwa                                                   ,34007,0.00036691651171011656,92682857.5
PHL,2010,Tagbuaonon                                                 ,227,2.449809366839564e-06,92682857.5
PHL,2010,Taiwanese,1887,2.036076244451864e-05,92682857.5
PHL,2010,Talaandig                                                  ,49481,0.0005338792187108809,92682857.5
PHL,2010,Talaingod,255,2.751454384394411e-06,92682857.5
PHL,2010,Tausug                                                     ,1245878,0.013442382166658079,92682857.5
PHL,2010,Teduray                                                    ,83139,0.0008970291916601987,92682857.5
PHL,2010,Ternateño-Chavacano                                        ,8553,9.228051967924003e-05,92682857.5
PHL,2010,Tigwahon                                    ,7749,8.360442892258715e-05,92682857.5
PHL,2010,Tinananen,1771,1.9104264942311863e-05,92682857.5
PHL,2010,Tinggian                                                   ,30137,0.0003251626757264566,92682857.5
PHL,2010,Tiruray                                                    ,38534,0.00041576016078085775,92682857.5
PHL,2010,Turkish,415,4.475699131948242e-06,92682857.5
PHL,2010,Tuwali                                                     ,50635,0.0005463293664942588,92682857.5
PHL,2010,Ubo                                                        ,6802,7.339379588618751e-05,92682857.5
PHL,2010,Umayamnon                                                  ,5087,5.488714197268119e-05,92682857.5
PHL,2010,Unknown,418169,0.004511828991944293,92682857.5
PHL,2010,Waray                                                      ,3310004,0.03571322669619559,92682857.5
PHL,2010,Yakan                                                      ,214457,0.002313874943157976,92682857.5
PHL,2010,Yogad                                                      ,26067,0.0002812480683401543,92682857.5
PHL,2010,Zamboangeño-Chavacano                                      ,425865,0.004594861156469669,92682857.5
PHL,2015,Abelling                       ,10385,0.00010296509379410891,100858051.25
PHL,2015,Abiyan                         ,17276,0.00017129014690602833,100858051.25
PHL,2015,Aburlin                        ,8076,8.007077459959045e-05,100858051.25
PHL,2015,Aeta,41352,0.00041000338933322585,100858051.25
PHL,2015,Aeta/Ayta                      ,26876,0.00026647160931360804,100858051.25
PHL,2015,Aeta/Ayta-Sambal,42337,0.000419771052397826,100858051.25
PHL,2015,Afgan,1602,1.58850633125704e-05,100858051.25
PHL,2015,Aggay                          ,13554,0.00013438579938524194,100858051.25
PHL,2015,Agta                           ,87945,0.0008719648853589953,100858051.25
PHL,2015,Agutaynon     ,18417,0.00018260435450018501,100858051.25
PHL,2015,Akeanon/Aklanon                ,684808,0.0067898235180913185,100858051.25
PHL,2015,Alangan                        ,4712,4.6716685572994036e-05,100858051.25
PHL,2015,Alta,1326,1.3142780442790636e-05,100858051.25
PHL,2015,American,13953,0.00013833978638560547,100858051.25
PHL,2015,Apayao/Yapayao                 ,4163,4.1276553956872116e-05,100858051.25
PHL,2015,Applai                         ,47541,0.0004713610500794625,100858051.25
PHL,2015,Aromanen-Manobo/Eromanen,14072,0.00013952625183264058,100858051.25
PHL,2015,Aromanen-Manobo/Eromanen-Manobo,10012,9.927247418895035e-05,100858051.25
PHL,2015,Ata,32469,0.00032192933448876073,100858051.25
PHL,2015,Ati,51343,0.0005090649186860393,100858051.25
PHL,2015,Atta/Ata/Ati                   ,11688,0.00011588777357787584,100858051.25
PHL,2015,Australian,2313,2.293795805123474e-05,100858051.25
PHL,2015,Ayangan                        ,74915,0.0007427743475063969,100858051.25
PHL,2015,Badjao,62840,0.0006230576738314997,100858051.25
PHL,2015,"Badjao, Sama Dilaut            ",56289,0.0005580980151696912,100858051.25
PHL,2015,Bago,94422,0.0009361823542901983,100858051.25
PHL,2015,Bagobo,55979,0.0005550233784200406,100858051.25
PHL,2015,Bagobo Klata,17032,0.0001688750985995143,100858051.25
PHL,2015,Bagobo Tagabawa,36539,0.0003622839987932121,100858051.25
PHL,2015,Bagobo/Guinga                  ,73306,0.0007268204474452353,100858051.25
PHL,2015,Bajaus,3689,3.657600028321637e-05,100858051.25
PHL,2015,Balangao/Baliwon               ,29250,0.0002900158594571734,100858051.25
PHL,2015,Baliwon-Gaddang,12421,0.00012315509824549384,100858051.25
PHL,2015,Bantoanon                      ,62090,0.0006156215050973059,100858051.25
PHL,2015,Banwaon                        ,12727,0.00012618730110689809,100858051.25
PHL,2015,Batak/Binatak                  ,1704,1.6896442464551647e-05,100858051.25
PHL,2015,Batangan                       ,55643,0.0005516984884142613,100858051.25
PHL,2015,Bikol/Bicol                    ,6438472,0.06383696884030783,100858051.25
PHL,2015,Bilaan/B'laan                  ,328175,0.00325383370299649,100858051.25
PHL,2015,Binukid/Bukidnon               ,152820,0.001515195282283545,100858051.25
PHL,2015,Bisaya/Binisaya                ,12714097,0.12605931424687944,100858051.25
PHL,2015,Boholano                       ,1908760,0.018925207456129235,100858051.25
PHL,2015,Bolinao                        ,73248,0.0007262440217118613,100858051.25
PHL,2015,Bontok/Binontok                ,62795,0.0006226032574488615,100858051.25
PHL,2015,British,5880,5.830331840531757e-05,100858051.25
PHL,2015,Bugkalot                       ,16501,0.00016360752834878694,100858051.25
PHL,2015,Buhid                          ,11840,0.00011739434083555792,100858051.25
PHL,2015,Bukidnon-Akeanon,31510,0.0003124184738333707,100858051.25
PHL,2015,Bukidnon-Iraynon,12283,0.00012178854256791129,100858051.25
PHL,2015,Butuanon                       ,181228,0.0017968631173601484,100858051.25
PHL,2015,Cagayanen,48084,0.0004767445011840196,100858051.25
PHL,2015,Calinga,6066,6.014679284286183e-05,100858051.25
PHL,2015,Canadian,1620,1.6059322090248712e-05,100858051.25
PHL,2015,Capizeño                       ,758749,0.007522935971940701,100858051.25
PHL,2015,Caviteño                       ,410542,0.004070497211744209,100858051.25
PHL,2015,Caviteño-Chavacano             ,18301,0.0001814520782073009,100858051.25
PHL,2015,Cebuano                        ,9359684,0.09280056164505938,100858051.25
PHL,2015,Chinese,93057,0.000922650732279986,100858051.25
PHL,2015,Cimaron                        ,1472,1.4594051522242108e-05,100858051.25
PHL,2015,Cotabateño                     ,9383,9.302957442430102e-05,100858051.25
PHL,2015,Cotabateño-Chavacano           ,11221,0.0001112532183074759,100858051.25
PHL,2015,Cuyunon/Cuyunan                ,295625,0.0029310962095643956,100858051.25
PHL,2015,Davao-Chavacano                ,13129,0.00013017768178704315,100858051.25
PHL,2015,Davaweño                       ,207787,0.002060188477313832,100858051.25
PHL,2015,Diangan,7112,7.051977587202875e-05,100858051.25
PHL,2015,Dibabawon                      ,35774,0.0003546930296058437,100858051.25
PHL,2015,Dumagat (Umiray)       ,36598,0.0003628677641518653,100858051.25
PHL,2015,Dumagat-Remontado,10694,0.00010603188045994596,100858051.25
PHL,2015,Eskaya,7061,7.000617105360847e-05,100858051.25
PHL,2015,French,1881,1.8654860726194106e-05,100858051.25
PHL,2015,Gaddang                        ,37495,0.00037176496041185016,100858051.25
PHL,2015,German,3477,3.447572343646197e-05,100858051.25
PHL,2015,Gubatnon                       ,4894,4.852456628221254e-05,100858051.25
PHL,2015,Guiangan,23656,0.00023454314324039424,100858051.25
PHL,2015,Hamtikanon                     ,594660,0.005896009915570661,100858051.25
PHL,2015,Hanunuo                        ,14751,0.0001462549292588069,100858051.25
PHL,2015,Higaonon                          ,337250,0.003343808217431325,100858051.25
PHL,2015,Higaonon-Tagoloanon,9892,9.808017728904611e-05,100858051.25
PHL,2015,"Hiligaynon, ilonggo               ",7895194,0.07828025035638689,100858051.25
PHL,2015,Ibaloi/Inibaloi                   ,189156,0.0018754640364379428,100858051.25
PHL,2015,Ibanag                            ,428750,0.004251027866497156,100858051.25
PHL,2015,Ibatan,14039,0.00013919607730651326,100858051.25
PHL,2015,Ibontoc                           ,41785,0.0004142928952777239,100858051.25
PHL,2015,Ibukid,2703,2.6799165704001565e-05,100858051.25
PHL,2015,Ifugao                            ,121907,0.0012086957810419664,100858051.25
PHL,2015,Ikalahan/Kalanguya                ,112154,0.0011120011101757696,100858051.25
PHL,2015,Ilanun                 ,3771,3.738906916021452e-05,100858051.25
PHL,2015,Illaud,2905,2.8807727404609484e-05,100858051.25
PHL,2015,Ilocano                           ,8366141,0.08294965582275213,100858051.25
PHL,2015,Ilongot                           ,28804,0.0002855927497171256,100858051.25
PHL,2015,Imalawa,3884,3.8511189866907106e-05,100858051.25
PHL,2015,Indian (indigenous),22460,0.00022268437484365434,100858051.25
PHL,2015,Indonesian,4225,4.188630724509759e-05,100858051.25
PHL,2015,Iranon                            ,282360,0.0027995738895970337,100858051.25
PHL,2015,Iraya                             ,8690,8.616254655456584e-05,100858051.25
PHL,2015,Isamal Kanlaw                     ,14567,0.00014443394796473898,100858051.25
PHL,2015,Isarog                            ,3463,3.433663289030212e-05,100858051.25
PHL,2015,Isinay                            ,10719,0.00010628275841727845,100858051.25
PHL,2015,Isnag                             ,41417,0.0004106474630882955,100858051.25
PHL,2015,Isneg                             ,6479,6.424354531712947e-05,100858051.25
PHL,2015,Italian,1248,1.2372373215160202e-05,100858051.25
PHL,2015,Itawis                            ,232292,0.0023031579354876484,100858051.25
PHL,2015,Itawit                            ,114695,0.0011371962678529857,100858051.25
PHL,2015,Itneg                             ,25137,0.00024923236973283983,100858051.25
PHL,2015,Itneg/Tinguian,38044,0.00037720605307124444,100858051.25
PHL,2015,Itneg/Tinguian-Adasen,11645,0.00011546019748380414,100858051.25
PHL,2015,Itneg/Tinguian-Inlaud,22545,0.00022352815418820197,100858051.25
PHL,2015,Itneg/Tinguian-Maeng,16689,0.0001654724666774799,100858051.25
PHL,2015,Itneg/Tinguian-Masadiit,10816,0.0001072425203890795,100858051.25
PHL,2015,Ivatan/Itbayat                    ,23114,0.00022917754472689326,100858051.25
PHL,2015,Iwak/owak,2908,2.8835136033683603e-05,100858051.25
PHL,2015,Iyapplai                          ,2082,2.0646521722669266e-05,100858051.25
PHL,2015,Iyiwaks                           ,1165,1.1554715837179119e-05,100858051.25
PHL,2015,Japanese,8676,8.601963557078394e-05,100858051.25
PHL,2015,Jawa Mapun                        ,44457,0.0004407924747797198,100858051.25
PHL,2015,Kaagan                            ,60777,0.0006026020808920992,100858051.25
PHL,2015,Kabayukan,186,1.8434744375442554e-06,100858051.25
PHL,2015,Kabihug                           ,1532,1.519380575910284e-05,100858051.25
PHL,2015,Kagayanen                         ,32385,0.0003210953346590252,100858051.25
PHL,2015,Kailawan/Kaylawan,108,1.0730672099138203e-06,100858051.25
PHL,2015,Kalagan                           ,56323,0.0005584386303757759,100858051.25
PHL,2015,Kalamianen                        ,5737,5.688273941613576e-05,100858051.25
PHL,2015,Kalinga                           ,171229,0.0016977264921170404,100858051.25
PHL,2015,Kalinga-Lubuagan,12535,0.00012428319454309554,100858051.25
PHL,2015,Kalinga-Pinukpuk,13108,0.00012996953360417733,100858051.25
PHL,2015,Kamayo                            ,199514,0.0019781621110911253,100858051.25
PHL,2015,Kamigin/Kinamiging                ,31146,0.00030881156899995445,100858051.25
PHL,2015,Kankaney       ,477341,0.004732803712662029,100858051.25
PHL,2015,Kapampangan                       ,2994849,0.029693702221323358,100858051.25
PHL,2015,Kapul                             ,1994,1.9768782537758833e-05,100858051.25
PHL,2015,Karaga                            ,831,8.240267870278533e-06,100858051.25
PHL,2015,Karao                             ,2848,2.823753882012883e-05,100858051.25
PHL,2015,Karaya                           ,552443,0.005477432945466175,100858051.25
PHL,2015,Karolanos                         ,4116,4.0809608914933593e-05,100858051.25
PHL,2015,Kasigurahin                       ,11881,0.00011780045896588962,100858051.25
PHL,2015,Kaunana,531,5.264449388807973e-06,100858051.25
PHL,2015,Kinalinga                         ,891,8.829794188501958e-06,100858051.25
PHL,2015,Kiniraya                         ,296494,0.0029397188378680788,100858051.25
PHL,2015,Kolibugan/Kalibugan               ,46225,0.0004583186488344433,100858051.25
PHL,2015,Korean,7205,7.143692733349356e-05,100858051.25
PHL,2015,Lambanguian,535,5.301135447266565e-06,100858051.25
PHL,2015,Langi,2192,2.1736489636715846e-05,100858051.25
PHL,2015,Ligbuk/Lugbok                     ,720,7.139818742928141e-06,100858051.25
PHL,2015,Magahats,5947,5.896366745757223e-05,100858051.25
PHL,2015,Magkunana,417,4.1363530912062645e-06,100858051.25
PHL,2015,Maguindanao                       ,1736879,0.01722102307659203,100858051.25
PHL,2015,Malaueg                           ,23109,0.00022912161994506546,100858051.25
PHL,2015,Malbog                            ,260,2.5808152153336583e-06,100858051.25
PHL,2015,Mamanwa                           ,14025,0.00013906122804879735,100858051.25
PHL,2015,Mandaya                           ,397378,0.00393997264665879,100858051.25
PHL,2015,Mangguangan,7077,7.017125831667213e-05,100858051.25
PHL,2015,Mangyan                                                    ,37780,0.00037458206510038834,100858051.25
PHL,2015,Mangyan-Alangan,21312,0.00021131169672149077,100858051.25
PHL,2015,Mangyan-Buhid,17256,0.00017109460513625913,100858051.25
PHL,2015,Mangyan-Hanunuo,41177,0.0004082699730710574,100858051.25
PHL,2015,Mangyan-Iraya,36529,0.000362183112132451,100858051.25
PHL,2015,Manobo-Aromanon,31309,0.0003104282551619921,100858051.25
PHL,2015,Manobo-Ata,29336,0.00029086541448894784,100858051.25
PHL,2015,Manobo-Dulangan,37825,0.0003750324041075729,100858051.25
PHL,2015,Manobo-Pulanguinon,9509,9.428317023858182e-05,100858051.25
PHL,2015,Manobo/Ata-Manobo                                          ,558880,0.005541249323588364,100858051.25
PHL,2015,Mansaka                                                    ,65681,0.0006512218972192178,100858051.25
PHL,2015,Maranao                                                    ,1593525,0.015799681294325765,100858051.25
PHL,2015,Masbateño/Masbatenon                                       ,697205,0.00691274007252918,100858051.25
PHL,2015,Matigsalog                                                 ,36411,0.0003610115280722347,100858051.25
PHL,2015,Molbog                                                     ,16182,0.00016043957962312105,100858051.25
PHL,2015,Negrito                                                    ,1994,1.9768782537758833e-05,100858051.25
PHL,2015,Nilulubo                                                   ,566,5.607050315547237e-06,100858051.25
PHL,2015,Obu-Manuvu,19943,0.00019772868357719703,100858051.25
PHL,2015,Other Foreign Ethinicity,24821,0.0002460936643144664,100858051.25
PHL,2015,Other local ethnicity,641590,0.006361315086943547,100858051.25
PHL,2015,Palawan-o,114162,0.0011319116476814022,100858051.25
PHL,2015,Palawan/Pinalawan                              ,39604,0.000392666111906194,100858051.25
PHL,2015,Pan-Ayanon,2017,2.000307337454737e-05,100858051.25
PHL,2015,Panay Bukidnon,90587,0.0008981664262124822,100858051.25
PHL,2015,Pangasinan/Panggalato                                      ,1848077,0.01832354354099026,100858051.25
PHL,2015,Paranan                                                    ,17487,0.00017337889483883144,100858051.25
PHL,2015,Pinangal                                                   ,90,8.908397697598413e-07,100858051.25
PHL,2015,Ratagnon                                                   ,735,7.283925176271644e-06,100858051.25
PHL,2015,Remontado                                                  ,1006,9.969545070400577e-06,100858051.25
PHL,2015,Romblon                                       ,222818,0.0022092257706169635,100858051.25
PHL,2015,Sama (Samal)/Abaknon                                       ,356569,0.0035353542692813135,100858051.25
PHL,2015,Sama Badjao,64476,0.0006392729116701974,100858051.25
PHL,2015,Sama Bangengeh                                             ,10671,0.00010580032324383057,100858051.25
PHL,2015,Sama Bangingi,115347,0.0011436603579027664,100858051.25
PHL,2015,Sama Dilaya                                                ,153502,0.0015219604448801407,100858051.25
PHL,2015,"Sambal, Zambal                                             ",178226,0.00176709858858229,100858051.25
PHL,2015,"Sangil, Sangir                                             ",17788,0.00017636342984404712,100858051.25
PHL,2015,Sibuyan Mangyan-Tagabukid,17779,0.00017627651089353527,100858051.25
PHL,2015,Singaporean,3180,3.153166724515995e-05,100858051.25
PHL,2015,South African,518,5.136048184202901e-06,100858051.25
PHL,2015,Spanish,4631,4.591260216092807e-05,100858051.25
PHL,2015,Subanen/Subaben,623396,0.006180921041834173,100858051.25
PHL,2015,Sulod                                                      ,758,7.519735703561014e-06,100858051.25
PHL,2015,Surigaonon                                                 ,605726,0.006005724581257504,100858051.25
PHL,2015,Swiss,12797,0.00012687873317904094,100858051.25
PHL,2015,T'boli                                                     ,157253,0.0015591536490269103,100858051.25
PHL,2015,Tabangnon                                                  ,349,3.45855440024409e-06,100858051.25
PHL,2015,Tadyawan                                                   ,1798,1.7829895980046237e-05,100858051.25
PHL,2015,Tagabawa                                                   ,14153,0.0001403253276595897,100858051.25
PHL,2015,Tagabili                                                   ,239,2.3712058577431073e-06,100858051.25
PHL,2015,Tagakaolo                                                  ,133712,0.0013257453047908164,100858051.25
PHL,2015,Tagalog                                                    ,26782584,0.2655473053283879,100858051.25
PHL,2015,Tagbanwa                                                   ,44748,0.00044367705425915973,100858051.25
PHL,2015,Tagbuaonon                                                 ,247,2.449809366839564e-06,100858051.25
PHL,2015,Taiwanese,2054,2.036076244451864e-05,100858051.25
PHL,2015,Talaandig                                                  ,74284,0.0007365211576254201,100858051.25
PHL,2015,Talaingod,278,2.751454384394411e-06,100858051.25
PHL,2015,Tausug                                                     ,1427137,0.014149952833930887,100858051.25
PHL,2015,Teduray                                                    ,109422,0.0010849076519112975,100858051.25
PHL,2015,Ternateño-Chavacano                                        ,9307,9.228051967924003e-05,100858051.25
PHL,2015,Tigwahon                                    ,11152,0.00011057023104192457,100858051.25
PHL,2015,Tinananen,1927,1.9104264942311863e-05,100858051.25
PHL,2015,Tinggian                                                   ,20457,0.00020282594399230388,100858051.25
PHL,2015,Tiruray                                                    ,41933,0.00041576016078085775,100858051.25
PHL,2015,Turkish,451,4.475699131948242e-06,100858051.25
PHL,2015,Tuwali                                                     ,82045,0.0008134677807106599,100858051.25
PHL,2015,Ubo                                                        ,9509,9.428483820846879e-05,100858051.25
PHL,2015,Umayamnon                                                  ,6837,6.77890637761773e-05,100858051.25
PHL,2015,Unknown,255500,0.0025332610979191027,100858051.25
PHL,2015,Waray                                                      ,3706693,0.03675158432690338,100858051.25
PHL,2015,Yakan                                                      ,247601,0.0024549406631743584,100858051.25
PHL,2015,Yogad                                                      ,30737,0.0003047528739565111,100858051.25
PHL,2015,Zamboangeño-Chavacano                                      ,458149,0.004542511883482606,100858051.25
PHL,2020,Abelling                       ,10746,9.85570960490078e-05,109033245.0
PHL,2020,Abiyan                         ,18676,0.00017129014690602833,109033245.0
PHL,2020,Aburlin                        ,8730,8.007077459959045e-05,109033245.0
PHL,2020,Aeta,44704,0.00041000338933322585,109033245.0
PHL,2020,Aeta/Ayta                      ,25463,0.00023353427663278296,109033245.0
PHL,2020,Aeta/Ayta-Sambal,45769,0.000419771052397826,109033245.0
PHL,2020,Afgan,1732,1.58850633125704e-05,109033245.0
PHL,2020,Aggay                          ,14653,0.00013438579938524194,109033245.0
PHL,2020,Agta                           ,124594,0.0011427156918974576,109033245.0
PHL,2020,Agutaynon     ,20015,0.00018356786501218047,109033245.0
PHL,2020,Akeanon/Aklanon                ,740316,0.0067898235180913185,109033245.0
PHL,2020,Alangan                        ,5094,4.6716685572994036e-05,109033245.0
PHL,2020,Alta,1433,1.3142780442790636e-05,109033245.0
PHL,2020,American,14107,0.00012938255666883986,109033245.0
PHL,2020,Apayao/Yapayao                 ,4209,3.860290501305359e-05,109033245.0
PHL,2020,Applai                         ,60503,0.0005549041487300501,109033245.0
PHL,2020,Aromanen-Manobo/Eromanen,15213,0.00013952625183264058,109033245.0
PHL,2020,Aromanen-Manobo/Eromanen-Manobo,10824,9.927247418895035e-05,109033245.0
PHL,2020,Ata,35101,0.00032192933448876073,109033245.0
PHL,2020,Ati,55505,0.0005090649186860393,109033245.0
PHL,2020,Atta/Ata/Ati                   ,12636,0.00011588777357787584,109033245.0
PHL,2020,Australian,2501,2.293795805123474e-05,109033245.0
PHL,2020,Ayangan                        ,100368,0.0009205265788429942,109033245.0
PHL,2020,Badjao,67934,0.0006230576738314997,109033245.0
PHL,2020,"Badjao, Sama Dilaut            ",60851,0.0005580980151696912,109033245.0
PHL,2020,Bago,102075,0.0009361823542901983,109033245.0
PHL,2020,Bagobo,60516,0.0005550233784200406,109033245.0
PHL,2020,Bagobo Klata,18413,0.0001688750985995143,109033245.0
PHL,2020,Bagobo Tagabawa,39501,0.0003622839987932121,109033245.0
PHL,2020,Bagobo/Guinga                  ,79248,0.0007268204474452353,109033245.0
PHL,2020,Bajaus,3988,3.657600028321637e-05,109033245.0
PHL,2020,Balangao/Baliwon               ,32034,0.00029380029916563523,109033245.0
PHL,2020,Baliwon-Gaddang,13428,0.00012315509824549384,109033245.0
PHL,2020,Bantoanon                      ,59426,0.0005450264274900743,109033245.0
PHL,2020,Banwaon                        ,12855,0.00011789982037130052,109033245.0
PHL,2020,Batak/Binatak                  ,1536,1.4087446448099385e-05,109033245.0
PHL,2020,Batangan                       ,72437,0.0006643570041412599,109033245.0
PHL,2020,Bikol/Bicol                    ,7098335,0.06510248319216767,109033245.0
PHL,2020,Bilaan/B'laan                  ,373990,0.0034300547507322195,109033245.0
PHL,2020,Binukid/Bukidnon               ,150513,0.00138043217919452,109033245.0
PHL,2020,Bisaya/Binisaya                ,15574904,0.14284545965774018,109033245.0
PHL,2020,Boholano                       ,1876474,0.01721010871500706,109033245.0
PHL,2020,Bolinao                        ,79185,0.0007262440217118613,109033245.0
PHL,2020,Bontok/Binontok                ,82096,0.0007529446638041452,109033245.0
PHL,2020,British,6357,5.830331840531757e-05,109033245.0
PHL,2020,Bugkalot                       ,18835,0.0001727454777668958,109033245.0
PHL,2020,Buhid                          ,12800,0.00011739434083555792,109033245.0
PHL,2020,Bukidnon-Akeanon,34064,0.0003124184738333707,109033245.0
PHL,2020,Bukidnon-Iraynon,13279,0.00012178854256791129,109033245.0
PHL,2020,Butuanon                       ,195918,0.0017968631173601484,109033245.0
PHL,2020,Cagayanen,51981,0.0004767445011840196,109033245.0
PHL,2020,Calinga,6558,6.014679284286183e-05,109033245.0
PHL,2020,Canadian,1751,1.6059322090248712e-05,109033245.0
PHL,2020,Capizeño                       ,789583,0.007241672023977641,109033245.0
PHL,2020,Caviteño                       ,500707,0.004592241568156574,109033245.0
PHL,2020,Caviteño-Chavacano             ,21104,0.00019355564442753218,109033245.0
PHL,2020,Cebuano                        ,8715196,0.07993154748352212,109033245.0
PHL,2020,Chinese,106828,0.0009797745632536205,109033245.0
PHL,2020,Cimaron                        ,1591,1.4594051522242108e-05,109033245.0
PHL,2020,Cotabateño                     ,7937,7.279431149646147e-05,109033245.0
PHL,2020,Cotabateño-Chavacano           ,11979,0.00010986557356886884,109033245.0
PHL,2020,Cuyunon/Cuyunan                ,340800,0.003125652180672051,109033245.0
PHL,2020,Davao-Chavacano                ,10415,9.55213247115593e-05,109033245.0
PHL,2020,Davaweño                       ,143428,0.0013154519981497387,109033245.0
PHL,2020,Diangan,7689,7.051977587202875e-05,109033245.0
PHL,2020,Dibabawon                      ,43384,0.00039789699004189044,109033245.0
PHL,2020,Dumagat (Umiray)       ,45718,0.00041930330515247896,109033245.0
PHL,2020,Dumagat-Remontado,11561,0.00010603188045994596,109033245.0
PHL,2020,Eskaya,7633,7.000617105360847e-05,109033245.0
PHL,2020,French,2034,1.8654860726194106e-05,109033245.0
PHL,2020,Gaddang                        ,44058,0.0004040785908921632,109033245.0
PHL,2020,German,3759,3.447572343646197e-05,109033245.0
PHL,2020,Gubatnon                       ,5291,4.852456628221254e-05,109033245.0
PHL,2020,Guiangan,25573,0.00023454314324039424,109033245.0
PHL,2020,Hamtikanon                     ,642861,0.005896009915570661,109033245.0
PHL,2020,Hanunuo                        ,15947,0.0001462549292588069,109033245.0
PHL,2020,Higaonon                          ,453438,0.004158713243836777,109033245.0
PHL,2020,Higaonon-Tagoloanon,10694,9.808017728904611e-05,109033245.0
PHL,2020,"Hiligaynon, ilonggo               ",8631419,0.07916318550365074,109033245.0
PHL,2020,Ibaloi/Inibaloi                   ,209841,0.0019245597982523587,109033245.0
PHL,2020,Ibanag                            ,463974,0.004255344321816708,109033245.0
PHL,2020,Ibatan,15177,0.00013919607730651326,109033245.0
PHL,2020,Ibontoc                           ,45172,0.0004142928952777239,109033245.0
PHL,2020,Ibukid,2922,2.6799165704001565e-05,109033245.0
PHL,2020,Ifugao                            ,83518,0.0007659865575861748,109033245.0
PHL,2020,Ikalahan/Kalanguya                ,127090,0.001165607792375619,109033245.0
PHL,2020,Ilanun                 ,4077,3.738906916021452e-05,109033245.0
PHL,2020,Illaud,3141,2.8807727404609484e-05,109033245.0
PHL,2020,Ilocano                           ,8763824,0.08037753989620322,109033245.0
PHL,2020,Ilongot                           ,31139,0.0002855927497171256,109033245.0
PHL,2020,Imalawa,4199,3.8511189866907106e-05,109033245.0
PHL,2020,Indian (indigenous),24280,0.00022268437484365434,109033245.0
PHL,2020,Indonesian,4567,4.188630724509759e-05,109033245.0
PHL,2020,Iranon                            ,333711,0.003060635313568811,109033245.0
PHL,2020,Iraya                             ,9395,8.616254655456584e-05,109033245.0
PHL,2020,Isamal Kanlaw                     ,15748,0.00014443394796473898,109033245.0
PHL,2020,Isarog                            ,3744,3.433663289030212e-05,109033245.0
PHL,2020,Isinay                            ,12651,0.00011602883138991231,109033245.0
PHL,2020,Isnag                             ,44018,0.0004037117303075773,109033245.0
PHL,2020,Isneg                             ,6219,5.703764938849614e-05,109033245.0
PHL,2020,Italian,1349,1.2372373215160202e-05,109033245.0
PHL,2020,Itawis                            ,290155,0.002661160823013201,109033245.0
PHL,2020,Itawit                            ,123992,0.0011371962678529857,109033245.0
PHL,2020,Itneg                             ,29197,0.00026778071220387873,109033245.0
PHL,2020,Itneg/Tinguian,41128,0.00037720605307124444,109033245.0
PHL,2020,Itneg/Tinguian-Adasen,12589,0.00011546019748380414,109033245.0
PHL,2020,Itneg/Tinguian-Inlaud,24372,0.00022352815418820197,109033245.0
PHL,2020,Itneg/Tinguian-Maeng,18042,0.0001654724666774799,109033245.0
PHL,2020,Itneg/Tinguian-Masadiit,11693,0.0001072425203890795,109033245.0
PHL,2020,Ivatan/Itbayat                    ,23518,0.00021569568070729252,109033245.0
PHL,2020,Iwak/owak,3274,3.0027538848357674e-05,109033245.0
PHL,2020,Iyapplai                          ,2251,2.0646521722669266e-05,109033245.0
PHL,2020,Iyiwaks                           ,1260,1.1554715837179119e-05,109033245.0
PHL,2020,Japanese,9379,8.601963557078394e-05,109033245.0
PHL,2020,Jawa Mapun                        ,49047,0.0004498352773046423,109033245.0
PHL,2020,Kaagan                            ,87403,0.0008016178918640824,109033245.0
PHL,2020,Kabayukan,201,1.8434744375442554e-06,109033245.0
PHL,2020,Kabihug                           ,2066,1.8948349193862843e-05,109033245.0
PHL,2020,Kagayanen                         ,35010,0.0003210953346590252,109033245.0
PHL,2020,Kailawan/Kaylawan,117,1.0730672099138203e-06,109033245.0
PHL,2020,Kalagan                           ,60888,0.0005584386303757759,109033245.0
PHL,2020,Kalamianen                        ,6202,5.688273941613576e-05,109033245.0
PHL,2020,Kalinga                           ,185806,0.0017041224444892932,109033245.0
PHL,2020,Kalinga-Lubuagan,13551,0.00012428319454309554,109033245.0
PHL,2020,Kalinga-Pinukpuk,14171,0.00012996953360417733,109033245.0
PHL,2020,Kamayo                            ,215685,0.0019781621110911253,109033245.0
PHL,2020,Kamigin/Kinamiging                ,23704,0.00021740158242561705,109033245.0
PHL,2020,Kankaney       ,474094,0.004348160049716946,109033245.0
PHL,2020,Kapampangan                       ,3215567,0.029491619734879945,109033245.0
PHL,2020,Kapul                             ,2155,1.9768782537758833e-05,109033245.0
PHL,2020,Karaga                            ,898,8.240267870278533e-06,109033245.0
PHL,2020,Karao                             ,3020,2.769797413623707e-05,109033245.0
PHL,2020,Karaya                           ,616549,0.005654688164146633,109033245.0
PHL,2020,Karolanos                         ,5899,5.410276471180877e-05,109033245.0
PHL,2020,Kasigurahin                       ,12844,0.00011780045896588962,109033245.0
PHL,2020,Kaunana,574,5.264449388807973e-06,109033245.0
PHL,2020,Kinalinga                         ,963,8.829794188501958e-06,109033245.0
PHL,2020,Kiniraya                         ,320527,0.0029397188378680788,109033245.0
PHL,2020,Kolibugan/Kalibugan               ,51673,0.00047391967468270803,109033245.0
PHL,2020,Korean,7789,7.143692733349356e-05,109033245.0
PHL,2020,Lambanguian,578,5.301135447266565e-06,109033245.0
PHL,2020,Langi,2370,2.1736489636715846e-05,109033245.0
PHL,2020,Ligbuk/Lugbok                     ,778,7.139818742928141e-06,109033245.0
PHL,2020,Magahats,6429,5.896366745757223e-05,109033245.0
PHL,2020,Magkunana,451,4.1363530912062645e-06,109033245.0
PHL,2020,Maguindanao                       ,2023408,0.018557716043395754,109033245.0
PHL,2020,Malaueg                           ,24405,0.00022383081417048535,109033245.0
PHL,2020,Malbog                            ,281,2.5808152153336583e-06,109033245.0
PHL,2020,Mamanwa                           ,17970,0.00016481211762522523,109033245.0
PHL,2020,Mandaya                           ,524217,0.00480786387674695,109033245.0
PHL,2020,Mangguangan,7651,7.017125831667213e-05,109033245.0
PHL,2020,Mangyan                                                    ,38314,0.0003513974109456249,109033245.0
PHL,2020,Mangyan-Alangan,23040,0.00021131169672149077,109033245.0
PHL,2020,Mangyan-Buhid,18655,0.00017109460513625913,109033245.0
PHL,2020,Mangyan-Hanunuo,44515,0.0004082699730710574,109033245.0
PHL,2020,Mangyan-Iraya,39490,0.000362183112132451,109033245.0
PHL,2020,Manobo-Aromanon,33847,0.0003104282551619921,109033245.0
PHL,2020,Manobo-Ata,31714,0.00029086541448894784,109033245.0
PHL,2020,Manobo-Dulangan,40891,0.0003750324041075729,109033245.0
PHL,2020,Manobo-Pulanguinon,10280,9.428317023858182e-05,109033245.0
PHL,2020,Manobo/Ata-Manobo                                          ,651900,0.0059789103772890555,109033245.0
PHL,2020,Mansaka                                                    ,78247,0.000717643504052365,109033245.0
PHL,2020,Maranao                                                    ,1803663,0.01654232156439992,109033245.0
PHL,2020,Masbateño/Masbatenon                                       ,750701,0.006885065192730896,109033245.0
PHL,2020,Matigsalog                                                 ,42698,0.00039160533101624187,109033245.0
PHL,2020,Molbog                                                     ,19351,0.00017747797930805416,109033245.0
PHL,2020,Negrito                                                    ,2155,1.9768782537758833e-05,109033245.0
PHL,2020,Nilulubo                                                   ,611,5.607050315547237e-06,109033245.0
PHL,2020,Obu-Manuvu,21559,0.00019772868357719703,109033245.0
PHL,2020,Other Foreign Ethinicity,26271,0.00024094486044141857,109033245.0
PHL,2020,Other local ethnicity,836738,0.007674154795631369,109033245.0
PHL,2020,Palawan-o,123416,0.0011319116476814022,109033245.0
PHL,2020,Palawan/Pinalawan                              ,26460,0.00024267827670358707,109033245.0
PHL,2020,Pan-Ayanon,2181,2.000307337454737e-05,109033245.0
PHL,2020,Panay Bukidnon,97930,0.0008981664262124822,109033245.0
PHL,2020,Pangasinan/Panggalato                                      ,2015273,0.018483105772005595,109033245.0
PHL,2020,Paranan                                                    ,18401,0.00016876504042413854,109033245.0
PHL,2020,Pinangal                                                   ,97,8.908397697598413e-07,109033245.0
PHL,2020,Ratagnon                                                   ,794,7.283925176271644e-06,109033245.0
PHL,2020,Remontado                                                  ,1087,9.969545070400577e-06,109033245.0
PHL,2020,Romblon                                       ,225765,0.002070606996976014,109033245.0
PHL,2020,Sama (Samal)/Abaknon                                       ,406155,0.0037250565183123735,109033245.0
PHL,2020,Sama Badjao,69702,0.0006392729116701974,109033245.0
PHL,2020,Sama Bangengeh                                             ,11536,0.00010580032324383057,109033245.0
PHL,2020,Sama Bangingi,124697,0.0011436603579027664,109033245.0
PHL,2020,Sama Dilaya                                                ,165944,0.0015219604448801407,109033245.0
PHL,2020,"Sambal, Zambal                                             ",192672,0.00176709858858229,109033245.0
PHL,2020,"Sangil, Sangir                                             ",20249,0.0001857139994320081,109033245.0
PHL,2020,Sibuyan Mangyan-Tagabukid,19220,0.00017627651089353527,109033245.0
PHL,2020,Singaporean,3438,3.153166724515995e-05,109033245.0
PHL,2020,South African,560,5.136048184202901e-06,109033245.0
PHL,2020,Spanish,5006,4.591260216092807e-05,109033245.0
PHL,2020,Subanen/Subaben,759327,0.00696417867779685,109033245.0
PHL,2020,Sulod                                                      ,820,7.519735703561014e-06,109033245.0
PHL,2020,Surigaonon                                                 ,588582,0.005398188414918771,109033245.0
PHL,2020,Swiss,13834,0.00012687873317904094,109033245.0
PHL,2020,T'boli                                                     ,181343,0.001663189974764119,109033245.0
PHL,2020,Tabangnon                                                  ,377,3.45855440024409e-06,109033245.0
PHL,2020,Tadyawan                                                   ,1944,1.7829895980046237e-05,109033245.0
PHL,2020,Tagabawa                                                   ,13890,0.00012739233799746123,109033245.0
PHL,2020,Tagabili                                                   ,259,2.3712058577431073e-06,109033245.0
PHL,2020,Tagakaolo                                                  ,152730,0.0014007654270951947,109033245.0
PHL,2020,Tagalog                                                    ,28374485,0.2602370038606115,109033245.0
PHL,2020,Tagbanwa                                                   ,56745,0.0005204375968082029,109033245.0
PHL,2020,Tagbuaonon                                                 ,267,2.449809366839564e-06,109033245.0
PHL,2020,Taiwanese,2220,2.036076244451864e-05,109033245.0
PHL,2020,Talaandig                                                  ,102400,0.000939163096539959,109033245.0
PHL,2020,Talaingod,300,2.751454384394411e-06,109033245.0
PHL,2020,Tausug                                                     ,1619964,0.014857523501203692,109033245.0
PHL,2020,Teduray                                                    ,138776,0.001272786112162396,109033245.0
PHL,2020,Ternateño-Chavacano                                        ,10062,9.228051967924003e-05,109033245.0
PHL,2020,Tigwahon                                    ,14996,0.00013753603316126196,109033245.0
PHL,2020,Tinananen,2083,1.9104264942311863e-05,109033245.0
PHL,2020,Tinggian                                                   ,8776,8.048921225815117e-05,109033245.0
PHL,2020,Tiruray                                                    ,45332,0.00041576016078085775,109033245.0
PHL,2020,Turkish,488,4.475699131948242e-06,109033245.0
PHL,2020,Tuwali                                                     ,117822,0.001080606194927061,109033245.0
PHL,2020,Ubo                                                        ,12558,0.00011517588053075005,109033245.0
PHL,2020,Umayamnon                                                  ,8798,8.069098557967343e-05,109033245.0
PHL,2020,Unknown,60480,0.0005546932038939132,109033245.0
PHL,2020,Waray                                                      ,4120360,0.037789941957611185,109033245.0
PHL,2020,Yakan                                                      ,283051,0.0025960063831907414,109033245.0
PHL,2020,Yogad                                                      ,35791,0.0003282576795728679,109033245.0
PHL,2020,Zamboangeño-Chavacano                                      ,489577,0.004490162610495542,109033245.0
PHL,2024,Abelling                       ,10628,9.19545784139856e-05,115573400.0
PHL,2024,Abiyan                         ,19156,0.0001657455285616249,115573400.0
PHL,2024,Aburlin                        ,8955,7.747890405878788e-05,115573400.0
PHL,2024,Aeta,45852,0.00039673168424786713,115573400.0
PHL,2024,Aeta/Ayta                      ,23170,0.00020047790399130164,115573400.0
PHL,2024,Aeta/Ayta-Sambal,46944,0.0004061831705516426,115573400.0
PHL,2024,Afgan,1776,1.5370867866797287e-05,115573400.0
PHL,2024,Aggay                          ,15029,0.0001300357653525926,115573400.0
PHL,2024,Agta                           ,152015,0.0013153156141746175,115573400.0
PHL,2024,Agutaynon     ,20615,0.00017837167760386728,115573400.0
PHL,2024,Akeanon/Aklanon                ,759322,0.006570038663482464,115573400.0
PHL,2024,Alangan                        ,5224,4.520447838246688e-05,115573400.0
PHL,2024,Alta,1470,1.2717351993718539e-05,115573400.0
PHL,2024,American,13668,0.00011826064714488169,115573400.0
PHL,2024,Apayao/Yapayao                 ,4078,3.5283655940894775e-05,115573400.0
PHL,2024,Applai                         ,69530,0.0006016131069328178,115573400.0
PHL,2024,Aromanen-Manobo/Eromanen,15604,0.00013500982266604337,115573400.0
PHL,2024,Aromanen-Manobo/Eromanen-Manobo,11102,9.605904953245601e-05,115573400.0
PHL,2024,Ata,36002,0.00031150856408340157,115573400.0
PHL,2024,Ati,56930,0.0004925866171747017,115573400.0
PHL,2024,Atta/Ata/Ati                   ,12960,0.00011213651592016322,115573400.0
PHL,2024,Australian,2565,2.2195462202575065e-05,115573400.0
PHL,2024,Ayangan                        ,118847,0.0010283281179664244,115573400.0
PHL,2024,Badjao,69678,0.0006028894559255236,115573400.0
PHL,2024,"Badjao, Sama Dilaut            ",62413,0.0005400325248377654,115573400.0
PHL,2024,Bago,104695,0.0009058783703829867,115573400.0
PHL,2024,Bagobo,62070,0.000537057413295095,115573400.0
PHL,2024,Bagobo Klata,18886,0.00016340865475250485,115573400.0
PHL,2024,Bagobo Tagabawa,40515,0.00035055695820228615,115573400.0
PHL,2024,Bagobo/Guinga                  ,81282,0.0007032934550362486,115573400.0
PHL,2024,Bajaus,4090,3.539204448775264e-05,115573400.0
PHL,2024,Balangao/Baliwon               ,33195,0.000287219609144203,115573400.0
PHL,2024,Baliwon-Gaddang,13773,0.00011916859914281406,115573400.0
PHL,2024,Bantoanon                      ,54636,0.0004727361147476451,115573400.0
PHL,2024,Banwaon                        ,12444,0.00010766805959310005,115573400.0
PHL,2024,Batak/Binatak                  ,1324,1.1456983775727399e-05,115573400.0
PHL,2024,Batangan                       ,84376,0.0007300613681096598,115573400.0
PHL,2024,Bikol/Bicol                    ,7393782,0.06397477240470223,115573400.0
PHL,2024,Bilaan/B'laan                  ,399357,0.003455438207666706,115573400.0
PHL,2024,Binukid/Bukidnon               ,142320,0.0012314272571563355,115573400.0
PHL,2024,Bisaya/Binisaya                ,17476526,0.15121581431486947,115573400.0
PHL,2024,Boholano                       ,1771204,0.015325356741657225,115573400.0
PHL,2024,Bolinao                        ,81218,0.0007027356880567678,115573400.0
PHL,2024,Bontok/Binontok                ,95865,0.000829469867812514,115573400.0
PHL,2024,British,6520,5.641605486676117e-05,115573400.0
PHL,2024,Bugkalot                       ,20136,0.00017422747579576704,115573400.0
PHL,2024,Buhid                          ,13128,0.00011359431598016986,115573400.0
PHL,2024,Bukidnon-Akeanon,34938,0.00030230556756038264,115573400.0
PHL,2024,Bukidnon-Iraynon,13620,0.0001178462785237882,115573400.0
PHL,2024,Butuanon                       ,200947,0.0017386991167865325,115573400.0
PHL,2024,Cagayanen,53315,0.000461312403339486,115573400.0
PHL,2024,Calinga,6726,5.819985650719204e-05,115573400.0
PHL,2024,Canadian,1796,1.553948593231065e-05,115573400.0
PHL,2024,Capizeño                       ,784689,0.006789533343945118,115573400.0
PHL,2024,Caviteño                       ,560239,0.004847476380263593,115573400.0
PHL,2024,Caviteño-Chavacano             ,22729,0.0001966597191064932,115573400.0
PHL,2024,Cebuano                        ,7787593,0.06738222572323606,115573400.0
PHL,2024,Chinese,114681,0.000992279308380214,115573400.0
PHL,2024,Cimaron                        ,1632,1.4121645798673053e-05,115573400.0
PHL,2024,Cotabateño                     ,6330,5.477377610494546e-05,115573400.0
PHL,2024,Cotabateño-Chavacano           ,12162,0.00010523507136264197,115573400.0
PHL,2024,Cuyunon/Cuyunan                ,366955,0.0031750822123849127,115573400.0
PHL,2024,Davao-Chavacano                ,7582,6.560169209377622e-05,115573400.0
PHL,2024,Davaweño                       ,80482,0.0006963675131511093,115573400.0
PHL,2024,Diangan,7886,6.823706872275077e-05,115573400.0
PHL,2024,Dibabawon                      ,48363,0.0004184615334216392,115573400.0
PHL,2024,Dumagat (Umiray)       ,51941,0.0004494175537172781,115573400.0
PHL,2024,Dumagat-Remontado,11858,0.0001025996555473692,115573400.0
PHL,2024,Eskaya,7829,6.77400891612377e-05,115573400.0
PHL,2024,French,2086,1.805100764495709e-05,115573400.0
PHL,2024,Gaddang                        ,48080,0.00041601278722654594,115573400.0
PHL,2024,German,3856,3.335975306656524e-05,115573400.0
PHL,2024,Gubatnon                       ,5427,4.695383845447486e-05,115573400.0
PHL,2024,Guiangan,26230,0.00022695104154596247,115573400.0
PHL,2024,Hamtikanon                     ,659364,0.0057051575791861745,115573400.0
PHL,2024,Hanunuo                        ,16356,0.0001415206945209928,115573400.0
PHL,2024,Higaonon                          ,537985,0.004654918164304338,115573400.0
PHL,2024,Higaonon-Tagoloanon,10969,9.490534697894353e-05,115573400.0
PHL,2024,"Hiligaynon, ilonggo               ",8931995,0.07728417719976723,115573400.0
PHL,2024,Ibaloi/Inibaloi                   ,219620,0.0019002675243311863,115573400.0
PHL,2024,Ibanag                            ,476271,0.004120941298236103,115573400.0
PHL,2024,Ibatan,15567,0.00013469033580507068,115573400.0
PHL,2024,Ibontoc                           ,46331,0.00040088233997956607,115573400.0
PHL,2024,Ibukid,2997,2.5931683548950155e-05,115573400.0
PHL,2024,Ifugao                            ,46055,0.000398488697093818,115573400.0
PHL,2024,Ikalahan/Kalanguya                ,135149,0.001169374523645268,115573400.0
PHL,2024,Ilanun                 ,4181,3.617879453268662e-05,115573400.0
PHL,2024,Illaud,3222,2.7875228619867364e-05,115573400.0
PHL,2024,Ilocano                           ,8758690,0.07578465368873102,115573400.0
PHL,2024,Ilongot                           ,31938,0.0002763481852882159,115573400.0
PHL,2024,Imalawa,4307,3.7264592478453696e-05,115573400.0
PHL,2024,Indian (indigenous),24903,0.00021547613845602663,115573400.0
PHL,2024,Indonesian,4684,4.0530458168396777e-05,115573400.0
PHL,2024,Iranon                            ,365634,0.0031636520753393535,115573400.0
PHL,2024,Iraya                             ,9636,8.337348691011909e-05,115573400.0
PHL,2024,Isamal Kanlaw                     ,16152,0.00013975865792672387,115573400.0
PHL,2024,Isarog                            ,3840,3.322516484589055e-05,115573400.0
PHL,2024,Isinay                            ,13848,0.00011981748378888177,115573400.0
PHL,2024,Isnag                             ,44528,0.00038527470471492195,115573400.0
PHL,2024,Isneg                             ,5734,4.9613240900016265e-05,115573400.0
PHL,2024,Italian,1384,1.1971882651448925e-05,115573400.0
PHL,2024,Itawis                            ,329633,0.0028521512665958208,115573400.0
PHL,2024,Itawit                            ,127175,0.0011003855148597973,115573400.0
PHL,2024,Itneg                             ,31606,0.0002734710687707102,115573400.0
PHL,2024,Itneg/Tinguian,42184,0.0003649959893912464,115573400.0
PHL,2024,Itneg/Tinguian-Adasen,12912,0.00011172278035514495,115573400.0
PHL,2024,Itneg/Tinguian-Inlaud,24998,0.0002162926048785124,115573400.0
PHL,2024,Itneg/Tinguian-Maeng,18505,0.00016011616515748076,115573400.0
PHL,2024,Itneg/Tinguian-Masadiit,11993,0.00010377110737093573,115573400.0
PHL,2024,Ivatan/Itbayat                    ,22916,0.000198277298948097,115573400.0
PHL,2024,Iwak/owak,3465,2.9978599110339416e-05,115573400.0
PHL,2024,Iyapplai                          ,2309,1.9978199083221484e-05,115573400.0
PHL,2024,Iyiwaks                           ,1292,1.118069263413791e-05,115573400.0
PHL,2024,Japanese,9620,8.323520191841325e-05,115573400.0
PHL,2024,Jawa Mapun                        ,51115,0.00044227429562204484,115573400.0
PHL,2024,Kaagan                            ,107452,0.0009297287012321302,115573400.0
PHL,2024,Kabayukan,206,1.783801640430863e-06,115573400.0
PHL,2024,Kabihug                           ,2455,2.12414038233302e-05,115573400.0
PHL,2024,Kagayanen                         ,35909,0.000310701560615329,115573400.0
PHL,2024,Kailawan/Kaylawan,120,1.0383322981612485e-06,115573400.0
PHL,2024,Kalagan                           ,62451,0.0005403621144165495,115573400.0
PHL,2024,Kalamianen                        ,6361,5.5041459656946495e-05,115573400.0
PHL,2024,Kalinga                           ,191148,0.0016539115694512324,115573400.0
PHL,2024,Kalinga-Lubuagan,13899,0.00012026017925113743,115573400.0
PHL,2024,Kalinga-Pinukpuk,14535,0.00012576245296788935,115573400.0
PHL,2024,Kamayo                            ,221222,0.0019141295083555058,115573400.0
PHL,2024,Kamigin/Kinamiging                ,16134,0.00013960349377205005,115573400.0
PHL,2024,Kankaney       ,451852,0.003909656941914498,115573400.0
PHL,2024,Kapampangan                       ,3280037,0.028380550627586324,115573400.0
PHL,2024,Kapul                             ,2211,1.912887209173935e-05,115573400.0
PHL,2024,Karaga                            ,922,7.973532502123294e-06,115573400.0
PHL,2024,Karao                             ,3049,2.6383718491387017e-05,115573400.0
PHL,2024,Karaya                           ,648235,0.00560886136126159,115573400.0
PHL,2024,Karolanos                         ,7240,6.264175981315761e-05,115573400.0
PHL,2024,Kasigurahin                       ,13174,0.00011398728817025862,115573400.0
PHL,2024,Kaunana,589,5.094040505509031e-06,115573400.0
PHL,2024,Kinalinga                         ,987,8.543976003865026e-06,115573400.0
PHL,2024,Kiniraya                         ,328756,0.0028445608892630502,115573400.0
PHL,2024,Kolibugan/Kalibugan               ,54395,0.0004706558354493457,115573400.0
PHL,2024,Korean,7989,6.91245322254527e-05,115573400.0
PHL,2024,Lambanguian,593,5.129539045617108e-06,115573400.0
PHL,2024,Langi,2431,2.1032885014035548e-05,115573400.0
PHL,2024,Ligbuk/Lugbok                     ,798,6.908704632205398e-06,115573400.0
PHL,2024,Magahats,6594,5.705502858870655e-05,115573400.0
PHL,2024,Magkunana,463,4.0024603971856675e-06,115573400.0
PHL,2024,Maguindanao                       ,2194941,0.018991747156010423,115573400.0
PHL,2024,Malaueg                           ,24558,0.00021248983284096455,115573400.0
PHL,2024,Malbog                            ,289,2.4972748854026855e-06,115573400.0
PHL,2024,Mamanwa                           ,20735,0.0001794110633172286,115573400.0
PHL,2024,Mandaya                           ,615321,0.005324072799914412,115573400.0
PHL,2024,Mangguangan,7847,6.789983259172405e-05,115573400.0
PHL,2024,Mangyan                                                    ,37223,0.00032207542817226637,115573400.0
PHL,2024,Mangyan-Alangan,23631,0.0002044715910225228,115573400.0
PHL,2024,Mangyan-Buhid,19134,0.00016555631642904353,115573400.0
PHL,2024,Mangyan-Hanunuo,45658,0.0003950543782277605,115573400.0
PHL,2024,Mangyan-Iraya,40504,0.00035045933721698894,115573400.0
PHL,2024,Manobo-Aromanon,34716,0.00030037977175951944,115573400.0
PHL,2024,Manobo-Ata,32528,0.0002814501752468875,115573400.0
PHL,2024,Manobo-Dulangan,41941,0.0003628927008898429,115573400.0
PHL,2024,Manobo-Pulanguinon,10544,9.123124807775756e-05,115573400.0
PHL,2024,Manobo/Ata-Manobo                                          ,707791,0.006124169835775896,115573400.0
PHL,2024,Mansaka                                                    ,86198,0.0007458308120550578,115573400.0
PHL,2024,Maranao                                                    ,1916407,0.016581731791973465,115573400.0
PHL,2024,Masbateño/Masbatenon                                       ,767497,0.006640774148617177,115573400.0
PHL,2024,Matigsalog                                                 ,46531,0.000402611957863533,115573400.0
PHL,2024,Molbog                                                     ,21372,0.0001849225592359298,115573400.0
PHL,2024,Negrito                                                    ,2211,1.912887209173935e-05,115573400.0
PHL,2024,Nilulubo                                                   ,627,5.4255515276769e-06,115573400.0
PHL,2024,Obu-Manuvu,22112,0.00019132825654750733,115573400.0
PHL,2024,Other Foreign Ethinicity,26485,0.0002291598260703563,115573400.0
PHL,2024,Other local ethnicity,975673,0.008442019101107253,115573400.0
PHL,2024,Palawan-o,126584,0.0010952719564946039,115573400.0
PHL,2024,Palawan/Pinalawan                              ,13720,0.00011871662901335367,115573400.0
PHL,2024,Pan-Ayanon,2237,1.9355578993928916e-05,115573400.0
PHL,2024,Panay Bukidnon,100444,0.000869093008195992,115573400.0
PHL,2024,Pangasinan/Panggalato                                      ,2081284,0.0180083301486585,115573400.0
PHL,2024,Paranan                                                    ,18461,0.00015973055503243436,115573400.0
PHL,2024,Pinangal                                                   ,100,8.620035137430588e-07,115573400.0
PHL,2024,Ratagnon                                                   ,815,7.048146377075599e-06,115573400.0
PHL,2024,Remontado                                                  ,1115,9.646833440565703e-06,115573400.0
PHL,2024,Romblon                                       ,219159,0.001896276601425518,115573400.0
PHL,2024,Sama (Samal)/Abaknon                                       ,433554,0.0037513266979105043,115573400.0
PHL,2024,Sama Badjao,71491,0.0006185798106532935,115573400.0
PHL,2024,Sama Bangengeh                                             ,11832,0.00010237559377924917,115573400.0
PHL,2024,Sama Bangingi,127898,0.0011066403639642156,115573400.0
PHL,2024,Sama Dilaya                                                ,170204,0.0014726949736632332,115573400.0
PHL,2024,"Sambal, Zambal                                             ",197619,0.0017098980582097056,115573400.0
PHL,2024,"Sangil, Sangir                                             ",21605,0.00018694079989134267,115573400.0
PHL,2024,Sibuyan Mangyan-Tagabukid,19713,0.00017057048521930938,115573400.0
PHL,2024,Singaporean,3526,3.051099522289207e-05,115573400.0
PHL,2024,South African,574,4.9697956151307625e-06,115573400.0
PHL,2024,Spanish,5135,4.442642294525821e-05,115573400.0
PHL,2024,Subanen/Subaben,848895,0.007345073020092033,115573400.0
PHL,2024,Sulod                                                      ,841,7.276323777772291e-06,115573400.0
PHL,2024,Surigaonon                                                 ,549338,0.004753154132937464,115573400.0
PHL,2024,Swiss,14189,0.00012277170096378388,115573400.0
PHL,2024,T'boli                                                     ,195306,0.0016898878968421604,115573400.0
PHL,2024,Tabangnon                                                  ,387,3.3466018768848164e-06,115573400.0
PHL,2024,Tadyawan                                                   ,1994,1.7252746797122104e-05,115573400.0
PHL,2024,Tagabawa                                                   ,13090,0.00011325719885562509,115573400.0
PHL,2024,Tagabili                                                   ,265,2.294450529227848e-06,115573400.0
PHL,2024,Tagakaolo                                                  ,163363,0.0014134963997482564,115573400.0
PHL,2024,Tagalog                                                    ,28627817,0.2477024717631266,115573400.0
PHL,2024,Tagbanwa                                                   ,65069,0.0005630118233081897,115573400.0
PHL,2024,Tagbuaonon                                                 ,274,2.370509662793412e-06,115573400.0
PHL,2024,Taiwanese,2277,1.9701689759982665e-05,115573400.0
PHL,2024,Talaandig                                                  ,123158,0.0010656286036174604,115573400.0
PHL,2024,Talaingod,308,2.6623905081057656e-06,115573400.0
PHL,2024,Tausug                                                     ,1724855,0.01492432268517872,115573400.0
PHL,2024,Teduray                                                    ,159147,0.0013770238564590797,115573400.0
PHL,2024,Ternateño-Chavacano                                        ,10320,8.929342280597215e-05,115573400.0
PHL,2024,Tigwahon                                    ,17793,0.0001539583676540137,115573400.0
PHL,2024,Tinananen,2136,1.8485864761281033e-05,115573400.0
PHL,2024,Tinggian                                                   ,0,0.0,115573400.0
PHL,2024,Tiruray                                                    ,46495,0.00040230211047278993,115573400.0
PHL,2024,Turkish,501,4.330821893185379e-06,115573400.0
PHL,2024,Tuwali                                                     ,144746,0.0012524202176881234,115573400.0
PHL,2024,Ubo                                                        ,14749,0.00012761951036004303,115573400.0
PHL,2024,Umayamnon                                                  ,10178,8.80664708774057e-05,115573400.0
PHL,2024,Unknown,0,0.0,115573400.0
PHL,2024,Waray                                                      ,4319034,0.03737048818727027,115573400.0
PHL,2024,Yakan                                                      ,302938,0.002621173885958829,115573400.0
PHL,2024,Yogad                                                      ,38813,0.00033582723109737737,115573400.0
PHL,2024,Zamboangeño-Chavacano                                      ,497462,0.004304293400319552,115573400.0
POL,2000,American,1541,4.030857377227565e-05,38230080.0
POL,2000,Armenian,1082,2.8302321104219506e-05,38230080.0
POL,2000,Belarus,48737,0.0012748338481112255,38230080.0
POL,2000,Bulgarian,1112,2.9087043500824482e-05,38230080.0
POL,2000,Canadian,513,1.3418752981945107e-05,38230080.0
POL,2000,Chinese,5460,0.00014281619510869955,38230080.0
POL,2000,Czech,831,2.1736810385957863e-05,38230080.0
POL,2000,Dutch,540,1.4125003138889586e-05,38230080.0
POL,2000,English,800,2.092593057613272e-05,38230080.0
POL,2000,French,1633,4.271505578853091e-05,38230080.0
POL,2000,Georgian,4968,0.00012995034626006648,38230080.0
POL,2000,German,152897,0.0039993900091237055,38230080.0
POL,2000,Greek,1404,3.6725008161112924e-05,38230080.0
POL,2000,Hungarian,579,1.5145142254476056e-05,38230080.0
POL,2000,Indian,8511,0.00022262136819233136,38230080.0
POL,2000,Irish,4721,0.000123491057391388,38230080.0
POL,2000,Italian,1367,3.575718387196679e-05,38230080.0
POL,2000,Jewish,1133,2.9636349178447965e-05,38230080.0
POL,2000,Kasubian,5062,0.0001324088257204798,38230080.0
POL,2000,Lemko,10071,0.00026343900421340596,38230080.0
POL,2000,Lithuanian,5846,0.00015291623768508986,38230080.0
POL,2000,Other,9431,0.0002466905640793846,38230080.0
POL,2000,Polish,36983720,0.967398446458914,38230080.0
POL,2000,Romani (Gypsy),12855,0.00033625354694523266,38230080.0
POL,2000,Russian,6103,0.0001596386928826725,38230080.0
POL,2000,Ruthenian,5863,0.00015336091370983268,38230080.0
POL,2000,Silesian,173153,0.004529234571311386,38230080.0
POL,2000,Slovak,2001,5.234098385355197e-05,38230080.0
POL,2000,Spanish,6873,0.0001797791461041577,38230080.0
POL,2000,Tatar,5644,0.00014764088842693696,38230080.0
POL,2000,Turkish,5187,0.00013567143068661029,38230080.0
POL,2000,Ukrainian,30957,0.0008097550410566757,38230080.0
POL,2000,Unknown,779112,0.020379554528789895,38230080.0
POL,2000,Vietnamese,1808,4.729260310205995e-05,38230080.0
POL,2005,American,4361,0.00011338407006405155,38465056.333333336
POL,2005,Armenian,2113,5.492830590097251e-05,38465056.333333336
POL,2005,Belarus,48435,0.0012591866846572485,38465056.333333336
POL,2005,Bulgarian,1684,4.37738745694223e-05,38465056.333333336
POL,2005,Canadian,1105,2.8739503961945225e-05,38465056.333333336
POL,2005,Chinese,5493,0.00014281619510869955,38465056.333333336
POL,2005,Czech,1730,4.497790849375965e-05,38465056.333333336
POL,2005,Dutch,1538,3.998042180731989e-05,38465056.333333336
POL,2005,English,3112,8.089979372745836e-05,38465056.333333336
POL,2005,French,3626,9.42701050283042e-05,38465056.333333336
POL,2005,Georgian,4999,0.00012995034626006648,38465056.333333336
POL,2005,German,141377,0.0036754717072192715,38465056.333333336
POL,2005,Greek,2091,5.435362851768366e-05,38465056.333333336
POL,2005,Hungarian,982,2.5541302258922567e-05,38465056.333333336
POL,2005,Indian,8563,0.00022262136819233136,38465056.333333336
POL,2005,Irish,4750,0.000123491057391388,38465056.333333336
POL,2005,Italian,3609,9.38179874033963e-05,38465056.333333336
POL,2005,Jewish,3208,8.340208717198472e-05,38465056.333333336
POL,2005,Kasubian,79334,0.0020624855267762803,38465056.333333336
POL,2005,Lemko,10133,0.00026343900421340596,38465056.333333336
POL,2005,Lithuanian,6418,0.00016685574826355912,38465056.333333336
POL,2005,Other,28750,0.0007474232993866937,38465056.333333336
POL,2005,Polish,36977224,0.9613199048267647,38465056.333333336
POL,2005,Romani (Gypsy),13921,0.000361911390621819,38465056.333333336
POL,2005,Russian,8789,0.00022849245938935642,38465056.333333336
POL,2005,Ruthenian,5899,0.00015336091370983268,38465056.333333336
POL,2005,Silesian,393638,0.010233639838071695,38465056.333333336
POL,2005,Slovak,2439,6.342015874722413e-05,38465056.333333336
POL,2005,Spanish,6915,0.0001797791461041577,38465056.333333336
POL,2005,Tatar,5679,0.00014764088842693696,38465056.333333336
POL,2005,Turkish,5219,0.00013567143068661029,38465056.333333336
POL,2005,Ukrainian,39045,0.0010150645281959832,38465056.333333336
POL,2005,Unknown,686449,0.017846049365570976,38465056.333333336
POL,2005,Vietnamese,2768,7.197186688569717e-05,38465056.333333336
POL,2010,American,7216,0.00018645956635582743,38700032.666666664
POL,2010,Armenian,3156,8.15542906977255e-05,38700032.666666664
POL,2010,Belarus,48125,0.0012435395212032716,38700032.666666664
POL,2010,Bulgarian,2262,5.846070563802012e-05,38700032.666666664
POL,2010,Canadian,1705,4.4060254941945344e-05,38700032.666666664
POL,2010,Chinese,5527,0.00014281619510869955,38700032.666666664
POL,2010,Czech,2640,6.821900660156144e-05,38700032.666666664
POL,2010,Dutch,2548,6.583584047575019e-05,38700032.666666664
POL,2010,English,5452,0.00014087365687878402,38700032.666666664
POL,2010,French,5643,0.00014582515426807746,38700032.666666664
POL,2010,Georgian,5029,0.00012995034626006648,38700032.666666664
POL,2010,German,129705,0.003351553405314838,38700032.666666664
POL,2010,Greek,2786,7.19822488742544e-05,38700032.666666664
POL,2010,Hungarian,1391,3.5937462263369075e-05,38700032.666666664
POL,2010,Indian,8615,0.00022262136819233136,38700032.666666664
POL,2010,Irish,4779,0.000123491057391388,38700032.666666664
POL,2010,Italian,5878,0.0001518787909348258,38700032.666666664
POL,2010,Jewish,5308,0.00013716782516552147,38700032.666666664
POL,2010,Kasubian,154512,0.00399256222783208,38700032.666666664
POL,2010,Lemko,10195,0.00026343900421340596,38700032.666666664
POL,2010,Lithuanian,6997,0.00018079525884202836,38700032.666666664
POL,2010,Other,48304,0.0012481560346940027,38700032.666666664
POL,2010,Polish,36967872,0.9552413631946152,38700032.666666664
POL,2010,Romani (Gypsy),14999,0.00038756923429840526,38700032.666666664
POL,2010,Russian,11507,0.00029734622589604035,38700032.666666664
POL,2010,Ruthenian,5935,0.00015336091370983268,38700032.666666664
POL,2010,Silesian,616803,0.015938045104832002,38700032.666666664
POL,2010,Slovak,2883,7.44993336408963e-05,38700032.666666664
POL,2010,Spanish,6957,0.0001797791461041577,38700032.666666664
POL,2010,Tatar,5714,0.00014764088842693696,38700032.666666664
POL,2010,Turkish,5250,0.00013567143068661029,38700032.666666664
POL,2010,Ukrainian,47229,0.0012203740153352905,38700032.666666664
POL,2010,Unknown,592596,0.015312544202352056,38700032.666666664
POL,2010,Vietnamese,3740,9.66511306693344e-05,38700032.666666664
POL,2015,American,11878,0.00030771932134362025,38599963.333333336
POL,2015,Armenian,5804,0.00015035227823302096,38599963.333333336
POL,2015,Belarus,53987,0.0013986302574254042,38599963.333333336
POL,2015,Bulgarian,3007,7.789773549103673e-05,38599963.333333336
POL,2015,Canadian,2648,6.85882260794453e-05,38599963.333333336
POL,2015,Chinese,5513,0.00014281619510869955,38599963.333333336
POL,2015,Czech,4915,0.0001273239214504906,38599963.333333336
POL,2015,Dutch,3846,9.964595930893371e-05,38599963.333333336
POL,2015,English,11510,0.0002981927758023104,38599963.333333336
POL,2015,French,8406,0.00021776338280967097,38599963.333333336
POL,2015,Georgian,5016,0.00012995034626006648,38599963.333333336
POL,2015,German,111791,0.0028961484839717428,38599963.333333336
POL,2015,Greek,3946,0.00010223127565056439,38599963.333333336
POL,2015,Hungarian,2042,5.291218070222848e-05,38599963.333333336
POL,2015,Indian,8593,0.00022262136819233136,38599963.333333336
POL,2015,Irish,4767,0.000123491057391388,38599963.333333336
POL,2015,Italian,10582,0.0002741547514465111,38599963.333333336
POL,2015,Jewish,10655,0.00027602844904805714,38599963.333333336
POL,2015,Kasubian,212556,0.005506634919568309,38599963.333333336
POL,2015,Lemko,10295,0.000266715158079485,38599963.333333336
POL,2015,Lithuanian,40030,0.0010370500745528308,38599963.333333336
POL,2015,Other,12375495,0.32060897590494347,38599963.333333336
POL,2015,Polish,24429476,0.6328885814857337,38599963.333333336
POL,2015,Romani (Gypsy),19019,0.000492710163896246,38599963.333333336
POL,2015,Russian,13908,0.0003603126464234892,38599963.333333336
POL,2015,Ruthenian,5920,0.00015336091370983268,38599963.333333336
POL,2015,Silesian,754657,0.019550718447997027,38599963.333333336
POL,2015,Slovak,4284,0.00011097641589136023,38599963.333333336
POL,2015,Spanish,6939,0.0001797791461041577,38599963.333333336
POL,2015,Tatar,5699,0.00014764088842693696,38599963.333333336
POL,2015,Turkish,5237,0.00013567143068661029,38599963.333333336
POL,2015,Ukrainian,142785,0.003699098391568053,38599963.333333336
POL,2015,Unknown,331504,0.008588188135503029,38599963.333333336
POL,2015,Vietnamese,7017,0.0001817924463566293,38599963.333333336
POL,2020,American,13619,0.0003559035800396371,38264917.666666664
POL,2020,Armenian,7367,0.00019252428097156341,38264917.666666664
POL,2020,Belarus,60052,0.0015693681571015141,38264917.666666664
POL,2020,Bulgarian,3163,8.26479342754555e-05,38264917.666666664
POL,2020,Canadian,2977,7.779544623694515e-05,38264917.666666664
POL,2020,Chinese,5465,0.00014281619510869955,38264917.666666664
POL,2020,Czech,6244,0.000163187738191618,38264917.666666664
POL,2020,Dutch,4117,0.00010760065947368691,38264917.666666664
POL,2020,English,15135,0.0003955380315745111,38264917.666666664
POL,2020,French,9113,0.00023814656211149118,38264917.666666664
POL,2020,Georgian,4973,0.00012995034626006648,38264917.666666664
POL,2020,German,105790,0.0027646618645330817,38264917.666666664
POL,2020,Greek,4395,0.00011485168207030363,38264917.666666664
POL,2020,Hungarian,2276,5.9490739136641386e-05,38264917.666666664
POL,2020,Indian,8519,0.00022262136819233136,38264917.666666664
POL,2020,Irish,4725,0.000123491057391388,38264917.666666664
POL,2020,Italian,12948,0.0003383699084267669,38264917.666666664
POL,2020,Jewish,13818,0.00036112333493705604,38264917.666666664
POL,2020,Kasubian,194793,0.005090630910248739,38264917.666666664
POL,2020,Lemko,10331,0.0002699913119455641,38264917.666666664
POL,2020,Lithuanian,71914,0.0018793653796851638,38264917.666666664
POL,2020,Other,24469231,0.6394690630398857,38264917.666666664
POL,2020,Polish,12115222,0.31661434140900147,38264917.666666664
POL,2020,Romani (Gypsy),21895,0.0005721932498175005,38264917.666666664
POL,2020,Russian,13562,0.00035442530044425407,38264917.666666664
POL,2020,Ruthenian,5868,0.00015336091370983268,38264917.666666664
POL,2020,Silesian,668067,0.017458986524401744,38264917.666666664
POL,2020,Slovak,5218,0.000136374323248152,38264917.666666664
POL,2020,Spanish,6879,0.0001797791461041577,38264917.666666664
POL,2020,Tatar,5649,0.00014764088842693696,38264917.666666664
POL,2020,Turkish,5191,0.00013567143068661029,38264917.666666664
POL,2020,Ukrainian,228538,0.005972513280661508,38264917.666666664
POL,2020,Unknown,168264,0.004397337231872923,38264917.666666664
POL,2020,Vietnamese,9270,0.00024225449826028697,38264917.666666664
POL,2024,American,17830,0.00046742008932039523,38145050.64206641
POL,2024,Armenian,9803,0.0002569862385009191,38145050.64206641
POL,2024,Belarus,64819,0.0016992712005936912,38145050.64206641
POL,2024,Bulgarian,3809,9.985354877563009e-05,38145050.64206641
POL,2024,Canadian,3823,0.000100210034562601,38145050.64206641
POL,2024,Chinese,5349,0.00014022218178999336,38145050.64206641
POL,2024,Czech,8338,0.00021858247273880146,38145050.64206641
POL,2024,Dutch,5270,0.00013816492653131448,38145050.64206641
POL,2024,English,20744,0.0005438167279848435,38145050.64206641
POL,2024,French,11567,0.00030324941810281247,38145050.64206641
POL,2024,Georgian,4867,0.00012759001920673385,38145050.64206641
POL,2024,German,86771,0.0022747614217638,38145050.64206641
POL,2024,Greek,5426,0.0001422380290411746,38145050.64206641
POL,2024,Hungarian,2858,7.491444613841413e-05,38145050.64206641
POL,2024,Indian,8338,0.000218577829616892,38145050.64206641
POL,2024,Irish,4625,0.00012124805233604006,38145050.64206641
POL,2024,Italian,17252,0.00045226934075369093,38145050.64206641
POL,2024,Jewish,18757,0.0004917293598258597,38145050.64206641
POL,2024,Kasubian,244176,0.006401248756362716,38145050.64206641
POL,2024,Lemko,10345,0.00027119901029105893,38145050.64206641
POL,2024,Lithuanian,103483,0.002712892754893511,38145050.64206641
POL,2024,Other,36306205,0.9517933370535113,38145050.64206641
POL,2024,Polish,0,0.0,38145050.64206641
POL,2024,Romani (Gypsy),25431,0.0006666936834546701,38145050.64206641
POL,2024,Russian,15530,0.0004071239593773737,38145050.64206641
POL,2024,Ruthenian,5744,0.0001505753735095111,38145050.64206641
POL,2024,Silesian,778695,0.020414052257730797,38145050.64206641
POL,2024,Slovak,6490,0.000170138606326635,38145050.64206641
POL,2024,Spanish,6733,0.0001765137636378004,38145050.64206641
POL,2024,Tatar,5529,0.0001449592427587157,38145050.64206641
POL,2024,Turkish,5081,0.0001332071898636341,38145050.64206641
POL,2024,Ukrainian,319061,0.008364426424499981,38145050.64206641
POL,2024,Unknown,0,0.0,38145050.64206641
POL,2024,Vietnamese,12303,0.00032252658619883064,38145050.64206641
PRI,2000,Cubans,17860,0.004793615526805195,3725789.0
PRI,2000,Mexican,9965,0.002674601272374791,3725789.0
PRI,2000,Not Hispanic or Latino,37334,0.010020427887891665,3725789.0
PRI,2000,Other Hispanic or Latino,105988,0.028447128916854927,3725789.0
PRI,2000,Puerto Rican,3554642,0.9540642263960735,3725789.0
PRI,2005,Cubans,17860,0.004793615526805195,3725789.0
PRI,2005,Mexican,9965,0.002674601272374791,3725789.0
PRI,2005,Not Hispanic or Latino,37334,0.010020427887891665,3725789.0
PRI,2005,Other Hispanic or Latino,105988,0.028447128916854927,3725789.0
PRI,2005,Puerto Rican,3554642,0.9540642263960735,3725789.0
PRI,2010,Cubans,17860,0.004793615526805195,3725789.0
PRI,2010,Mexican,9965,0.002674601272374791,3725789.0
PRI,2010,Not Hispanic or Latino,37334,0.010020427887891665,3725789.0
PRI,2010,Other Hispanic or Latino,105988,0.028447128916854927,3725789.0
PRI,2010,Puerto Rican,3554642,0.9540642263960735,3725789.0
PRI,2015,Cubans,17860,0.004793615526805195,3725789.0
PRI,2015,Mexican,9965,0.002674601272374791,3725789.0
PRI,2015,Not Hispanic or Latino,37334,0.010020427887891665,3725789.0
PRI,2015,Other Hispanic or Latino,105988,0.028447128916854927,3725789.0
PRI,2015,Puerto Rican,3554642,0.9540642263960735,3725789.0
PRI,2020,Cubans,17860,0.004793615526805195,3725789.0
PRI,2020,Mexican,9965,0.002674601272374791,3725789.0
PRI,2020,Not Hispanic or Latino,37334,0.010020427887891665,3725789.0
PRI,2020,Other Hispanic or Latino,105988,0.028447128916854927,3725789.0
PRI,2020,Puerto Rican,3554642,0.9540642263960735,3725789.0
PRI,2024,Cubans,17860,0.004793615526805195,3725789.0
PRI,2024,Mexican,9965,0.002674601272374791,3725789.0
PRI,2024,Not Hispanic or Latino,37334,0.010020427887891665,3725789.0
PRI,2024,Other Hispanic or Latino,105988,0.028447128916854927,3725789.0
PRI,2024,Puerto Rican,3554642,0.9540642263960735,3725789.0
PSE,2000,Jordanian,1012,0.00035100578341406815,2882388.6666666665
PSE,2000,Other,1890,0.0006556791941780092,2882388.6666666665
PSE,2000,Other Arab,755,0.00026181938765944095,2882388.6666666665
PSE,2000,Palestinian,2876924,0.9981040566593462,2882388.6666666665
PSE,2000,Unknown,1809,0.0006274389754023017,2882388.6666666665
PSE,2005,Jordanian,753,0.00023807860687050913,3163108.3333333335
PSE,2005,Other,1759,0.0005560739920704032,3163108.3333333335
PSE,2005,Other Arab,667,0.00021076269461837776,3163108.3333333335
PSE,2005,Palestinian,3156042,0.9977659594551532,3163108.3333333335
PSE,2005,Unknown,3888,0.0012291252512874856,3163108.3333333335
PSE,2010,Jordanian,431,0.00012515143032695012,3443828.0
PSE,2010,Other,1572,0.00045646878996279724,3443828.0
PSE,2010,Other Arab,550,0.00015970600157731455,3443828.0
PSE,2010,Palestinian,3434970,0.9974278622509603,3443828.0
PSE,2010,Unknown,6305,0.0018308115271726696,3443828.0
PSE,2015,Jordanian,431,0.00012515143032695012,3443828.0
PSE,2015,Other,1572,0.00045646878996279724,3443828.0
PSE,2015,Other Arab,550,0.00015970600157731455,3443828.0
PSE,2015,Palestinian,3434970,0.9974278622509603,3443828.0
PSE,2015,Unknown,6305,0.0018308115271726696,3443828.0
PSE,2020,Jordanian,431,0.00012515143032695012,3443828.0
PSE,2020,Other,1572,0.00045646878996279724,3443828.0
PSE,2020,Other Arab,550,0.00015970600157731455,3443828.0
PSE,2020,Palestinian,3434970,0.9974278622509603,3443828.0
PSE,2020,Unknown,6305,0.0018308115271726696,3443828.0
PSE,2024,Jordanian,0,0.0,4875498.3000000715
PSE,2024,Other,0,0.0,4875498.3000000715
PSE,2024,Other Arab,0,0.0,4875498.3000000715
PSE,2024,Palestinian,4851626,0.9951035409231284,4875498.3000000715
PSE,2024,Unknown,23873,0.0048964590768716745,4875498.3000000715
ROU,2000,Armenian,1780,8.209963260875641e-05,21680974.0
ROU,2000,Bulgarian,8025,0.0003701401975759945,21680974.0
ROU,2000,Chinese,2243,0.0001034547617648543,21680974.0
ROU,2000,Croatian,6807,0.0003139619096448342,21680974.0
ROU,2000,Csangas,1266,5.839221060825035e-05,21680974.0
ROU,2000,Czech,3941,0.0001817722764669152,21680974.0
ROU,2000,German,59764,0.0027565182265335496,21680974.0
ROU,2000,Greek,6472,0.00029851057429430985,21680974.0
ROU,2000,Hungarian,1431807,0.06603979138575601,21680974.0
ROU,2000,Italian,3288,0.00015165370338066916,21680974.0
ROU,2000,Jewish,5785,0.00026682380597845836,21680974.0
ROU,2000,Not included/specified,1941,8.952549825482933e-05,21680974.0
ROU,2000,Other,16850,0.0007771791064368234,21680974.0
ROU,2000,Polish,3559,0.0001641531418284068,21680974.0
ROU,2000,Romani (Gypsy),535140,0.024682470446207812,21680974.0
ROU,2000,Romanian,19399597,0.8947751609314231,21680974.0
ROU,2000,Russian,35791,0.0016508022194943826,21680974.0
ROU,2000,Russian-Lipoveni,25307,0.0011672507227417485,21680974.0
ROU,2000,Serbian,22561,0.0010405897816214346,21680974.0
ROU,2000,Slovak,17226,0.0007945215007406955,21680974.0
ROU,2000,Tatar,23935,0.0011039633182531375,21680974.0
ROU,2000,Turkish,32098,0.001480468543525766,21680974.0
ROU,2000,Turks,29844,0.0013765278885554115,21680974.0
ROU,2000,Ukrainian,61098,0.002818046827601011,21680974.0
ROU,2000,Unknown,1332657,0.061466656720493125,21680974.0
ROU,2005,Armenian,1635,7.727929458587366e-05,21161196.333333332
ROU,2005,Bulgarian,7793,0.0003682876618692359,21161196.333333332
ROU,2005,Chinese,2167,0.00010238328560355903,21161196.333333332
ROU,2005,Croatian,6325,0.0002988963916527415,21161196.333333332
ROU,2005,Csangas,1362,6.437338117885465e-05,21161196.333333332
ROU,2005,Czech,3433,0.0001622152815740365,21161196.333333332
ROU,2005,German,51522,0.002434747416616924,21161196.333333332
ROU,2005,Greek,5497,0.000259770814605493,21161196.333333332
ROU,2005,Hungarian,1362003,0.06436322213080849,21161196.333333332
ROU,2005,Italian,3262,0.00015416308493415326,21161196.333333332
ROU,2005,Jewish,4911,0.00023206963534608312,21161196.333333332
ROU,2005,Not included/specified,1894,8.952549825482933e-05,21161196.333333332
ROU,2005,Other,17901,0.0008459256701916955,21161196.333333332
ROU,2005,Polish,3207,0.00015156254200451096,21161196.333333332
ROU,2005,Romani (Gypsy),566102,0.026751903893315773,21161196.333333332
ROU,2005,Romanian,18509824,0.8747059468287343,21161196.333333332
ROU,2005,Russian,34933,0.0016508022194943826,21161196.333333332
ROU,2005,Russian-Lipoveni,24700,0.0011672507227417485,21161196.333333332
ROU,2005,Serbian,21017,0.0009931719457028018,21161196.333333332
ROU,2005,Slovak,15995,0.0007558719624204775,21161196.333333332
ROU,2005,Tatar,22684,0.0010719653719117104,21161196.333333332
ROU,2005,Turkish,29715,0.0014042258200432573,21161196.333333332
ROU,2005,Turks,29129,0.0013765278885554115,21161196.333333332
ROU,2005,Ukrainian,57606,0.0027222341221631785,21161196.333333332
ROU,2005,Unknown,1300708,0.061466656720493125,21161196.333333332
ROU,2010,Armenian,1496,7.245895656299089e-05,20641418.666666668
ROU,2010,Bulgarian,7564,0.00036643512616247735,20641418.666666668
ROU,2010,Chinese,2091,0.00010131180944226375,20641418.666666668
ROU,2010,Croatian,5859,0.00028383087366064876,20641418.666666668
ROU,2010,Csangas,1452,7.035455174945896e-05,20641418.666666668
ROU,2010,Czech,2945,0.00014265828668115778,20641418.666666668
ROU,2010,German,43615,0.002112976606700298,20641418.666666668
ROU,2010,Greek,4562,0.0002210310549166762,20641418.666666668
ROU,2010,Hungarian,1293941,0.06268665287586095,20641418.666666668
ROU,2010,Italian,3234,0.0001566724664876374,20641418.666666668
ROU,2010,Jewish,4073,0.00019731546471370788,20641418.666666668
ROU,2010,Not included/specified,1848,8.952549825482933e-05,20641418.666666668
ROU,2010,Other,18880,0.0009146722339465677,20641418.666666668
ROU,2010,Polish,2869,0.00013897194218061515,20641418.666666668
ROU,2010,Romani (Gypsy),594913,0.028821337340423733,20641418.666666668
ROU,2010,Romanian,17640915,0.8546367327260456,20641418.666666668
ROU,2010,Russian,34075,0.0016508022194943826,20641418.666666668
ROU,2010,Russian-Lipoveni,24094,0.0011672507227417485,20641418.666666668
ROU,2010,Serbian,19522,0.000945754109784169,20641418.666666668
ROU,2010,Slovak,14804,0.0007172224241002595,20641418.666666668
ROU,2010,Tatar,21466,0.0010399674255702832,20641418.666666668
ROU,2010,Turkish,27411,0.0013279830965607484,20641418.666666668
ROU,2010,Turks,28413,0.0013765278885554115,20641418.666666668
ROU,2010,Ukrainian,54213,0.0026264214167253464,20641418.666666668
ROU,2010,Unknown,1268759,0.061466656720493125,20641418.666666668
ROU,2015,Armenian,1311,6.631300956505877e-05,19765699.0
ROU,2015,Bulgarian,6870,0.0003475835584899588,19765699.0
ROU,2015,Chinese,1981,0.00010024033328096849,19765699.0
ROU,2015,Croatian,5216,0.0002638843495057855,19765699.0
ROU,2015,Csangas,1509,7.633572232006325e-05,19765699.0
ROU,2015,Czech,2167,0.00010963855934694754,19765699.0
ROU,2015,German,31524,0.0015948793414457482,19765699.0
ROU,2015,Greek,3123,0.00015802065939312822,19765699.0
ROU,2015,Hungarian,1150469,0.05820532865981308,19765699.0
ROU,2015,Italian,3494,0.00017678074737031724,19765699.0
ROU,2015,Jewish,2964,0.00014997566361684198,19765699.0
ROU,2015,Not included/specified,1770,8.952549825482933e-05,19765699.0
ROU,2015,Other,20593,0.0010418518929647654,19765699.0
ROU,2015,Polish,2404,0.00012163956725434753,19765699.0
ROU,2015,Romani (Gypsy),603970,0.030556453980232066,19765699.0
ROU,2015,Romanian,16115357,0.815319350476829,19765699.0
ROU,2015,Russian,32629,0.0016508022194943826,19765699.0
ROU,2015,Russian-Lipoveni,22087,0.0011174517834438079,19765699.0
ROU,2015,Serbian,15996,0.0008092774131242924,19765699.0
ROU,2015,Slovak,12480,0.000631383696814139,19765699.0
ROU,2015,Tatar,19560,0.000989606332830563,19765699.0
ROU,2015,Turkish,24742,0.0012517403730782396,19765699.0
ROU,2015,Turks,27208,0.0013765278885554115,19765699.0
ROU,2015,Ukrainian,49195,0.002488924141867327,19765699.0
ROU,2015,Unknown,1669210,0.08444983522795069,19765699.0
ROU,2020,Armenian,1261,6.498740059000941e-05,19409757.0
ROU,2020,Bulgarian,6417,0.0003305845265241988,19409757.0
ROU,2020,Chinese,1946,0.00010024033328096849,19409757.0
ROU,2020,Croatian,5027,0.000259003343343015,19409757.0
ROU,2020,Csangas,1482,7.633572232006325e-05,19409757.0
ROU,2020,Czech,1867,9.6175826905616e-05,19409757.0
ROU,2020,German,27146,0.0013985528861078247,19409757.0
ROU,2020,Greek,2596,0.000133750023558397,19409757.0
ROU,2020,Hungarian,1075312,0.055400573698712735,19409757.0
ROU,2020,Italian,3773,0.00019437964669951295,19409757.0
ROU,2020,Jewish,2667,0.00013739003315235135,19409757.0
ROU,2020,Not included/specified,1738,8.952549825482933e-05,19409757.0
ROU,2020,Other,21356,0.0011002849882280907,19409757.0
ROU,2020,Polish,2269,0.00011689779215197576,19409757.0
ROU,2020,Romani (Gypsy),586604,0.030222137172932442,19409757.0
ROU,2020,Romanian,15451548,0.7960711823303014,19409757.0
ROU,2020,Russian,32042,0.0016508022194943826,19409757.0
ROU,2020,Russian-Lipoveni,20723,0.0010676528441458675,19409757.0
ROU,2020,Serbian,13979,0.0007202185523830488,19409757.0
ROU,2020,Slovak,11339,0.0005841945078482366,19409757.0
ROU,2020,Tatar,18852,0.0009712431864322703,19409757.0
ROU,2020,Turkish,22816,0.0011754976495957307,19409757.0
ROU,2020,Turks,26718,0.0013765278885554115,19409757.0
ROU,2020,Ukrainian,47500,0.00244723957244714,19409757.0
ROU,2020,Unknown,2085249,0.10743301373540824,19409757.0
ROU,2024,Armenian,1090,5.876271403235468e-05,18541396.369003773
ROU,2024,Bulgarian,5750,0.0003101148613764549,18541396.369003773
ROU,2024,Chinese,1766,9.525267104221079e-05,18541396.369003773
ROU,2024,Croatian,4424,0.00023858749631171136,18541396.369003773
ROU,2024,Csangas,1889,0.00010188553331825557,18541396.369003773
ROU,2024,Czech,1172,6.320200999287016e-05,18541396.369003773
ROU,2024,German,16365,0.0008826159455451658,18541396.369003773
ROU,2024,Greek,1318,7.110586145872169e-05,18541396.369003773
ROU,2024,Hungarian,940133,0.05070453312490032,18541396.369003773
ROU,2024,Italian,3972,0.00021420485946061185,18541396.369003773
ROU,2024,Jewish,1680,9.058698116282574e-05,18541396.369003773
ROU,2024,Not included/specified,1654,8.920278625851734e-05,18541396.369003773
ROU,2024,Other,22666,0.0012224459712251625,18541396.369003773
ROU,2024,Polish,1845,9.9512529170468e-05,18541396.369003773
ROU,2024,Romani (Gypsy),588780,0.031754907359185396,18541396.369003773
ROU,2024,Romanian,13982566,0.7541268925626808,18541396.369003773
ROU,2024,Russian,30498,0.0016448515831935055,18541396.369003773
ROU,2024,Russian-Lipoveni,17976,0.0009695273668871139,18541396.369003773
ROU,2024,Serbian,10762,0.0005804340607042804,18541396.369003773
ROU,2024,Slovak,9204,0.0004964188824390005,18541396.369003773
ROU,2024,Tatar,17023,0.0009181314277982936,18541396.369003773
ROU,2024,Turkish,19196,0.0010353177974090466,18541396.369003773
ROU,2024,Turks,25431,0.0013715659271974262,18541396.369003773
ROU,2024,Ukrainian,42711,0.0023035597956620486,18541396.369003773
ROU,2024,Unknown,2791526,0.1505563798915873,18541396.369003773
RUS,2000,Abaza,43341,0.00030144714032480884,143776451.0
RUS,2000,Abkhazian,11249,7.823951642818058e-05,143776451.0
RUS,2000,Adyghei,124835,0.0008682576258611363,143776451.0
RUS,2000,Adzharian,211,1.4675560464348923e-06,143776451.0
RUS,2000,Afgan,5350,3.721054430533968e-05,143776451.0
RUS,2000,Agul,34160,0.00023759106420007543,143776451.0
RUS,2000,Akhvakh,7930,5.515506847501751e-05,143776451.0
RUS,2000,Akkintsi,76,5.285983863936105e-07,143776451.0
RUS,2000,Aleut,482,3.3524266084436875e-06,143776451.0
RUS,2000,Altian,74238,0.0005163432501195901,143776451.0
RUS,2000,American,1572,1.0933640308036258e-05,143776451.0
RUS,2000,Andian,11789,8.19953470683457e-05,143776451.0
RUS,2000,Arab,9583,6.665208337907854e-05,143776451.0
RUS,2000,Archin,12,8.34629031147806e-08,143776451.0
RUS,2000,Armenian,1182388,0.008223794590673267,143776451.0
RUS,2000,Assyrian,11084,7.709190151035234e-05,143776451.0
RUS,2000,Astrakhan Tatars,7,4.8686693483622014e-08,143776451.0
RUS,2000,Avar,912090,0.006343806608496687,143776451.0
RUS,2000,Azerbaijani,603070,0.004194497748452561,143776451.0
RUS,2000,Bagvalal,5,3.4776209631158584e-08,143776451.0
RUS,2000,Balkan,112924,0.0007854137392777903,143776451.0
RUS,2000,Bashkir,1584554,0.011020956415178172,143776451.0
RUS,2000,Besermyan,2201,1.5308487479636007e-05,143776451.0
RUS,2000,Bezhta,5958,4.143933139648857e-05,143776451.0
RUS,2000,Bosnian,256,1.7805419331153194e-06,143776451.0
RUS,2000,Botlikh,3508,2.439898867722086e-05,143776451.0
RUS,2000,British,950,6.6074798299201305e-06,143776451.0
RUS,2000,Bulgarian,24038,0.000167190105422758,143776451.0
RUS,2000,Buryat,461389,0.0032090721171021256,143776451.0
RUS,2000,Byelorussian,521443,0.003626762215740045,143776451.0
RUS,2000,Central Asian Jew,32,2.2256774163941493e-07,143776451.0
RUS,2000,Chamalal,24,1.669258062295612e-07,143776451.0
RUS,2000,Chechen,1431436,0.009955983681917423,143776451.0
RUS,2000,Chelkanian,1181,8.214140714879657e-06,143776451.0
RUS,2000,Cherkesogais,6,4.17314515573903e-08,143776451.0
RUS,2000,Chinese,28943,0.00020130556707092457,143776451.0
RUS,2000,Chukchi,15908,0.00011064398856249414,143776451.0
RUS,2000,Chulym,355,2.4691108838122593e-06,143776451.0
RUS,2000,Chuvans,1002,6.96915241008418e-06,143776451.0
RUS,2000,Chuvash,1435872,0.009986837135102187,143776451.0
RUS,2000,Circassian,73184,0.000509012425129342,143776451.0
RUS,2000,Coast-Dwellers,3113,2.1651668116359332e-05,143776451.0
RUS,2000,Cossack,67573,0.0004699865626812558,143776451.0
RUS,2000,Crimean Tatars,2449,1.7033387477341473e-05,143776451.0
RUS,2000,Croatian,304,2.114393545574442e-06,143776451.0
RUS,2000,Cubans,676,4.70174354213264e-06,143776451.0
RUS,2000,Czech,1898,1.3201049175987798e-05,143776451.0
RUS,2000,Darghin,589386,0.004099322217934007,143776451.0
RUS,2000,Didoit,11683,8.125809142416514e-05,143776451.0
RUS,2000,Digorian,223,1.5510189495496728e-06,143776451.0
RUS,2000,Dolghan,7885,5.484208258833708e-05,143776451.0
RUS,2000,Dungan,1651,1.1483104420208564e-05,143776451.0
RUS,2000,Enet,227,1.5788399172545996e-06,143776451.0
RUS,2000,Erzya,57008,0.00039650443173061767,143776451.0
RUS,2000,Eskimo,1738,1.2088210467790723e-05,143776451.0
RUS,2000,Estonian,17875,0.00012432494943139194,143776451.0
RUS,2000,Even,22383,0.00015567918003484452,143776451.0
RUS,2000,Evenk,37843,0.0002632072202143868,143776451.0
RUS,2000,Finnish,20267,0.0001409618881189382,143776451.0
RUS,2000,French,1475,1.0258981841191782e-05,143776451.0
RUS,2000,Gagauz,13690,9.52172619701122e-05,143776451.0
RUS,2000,Georgian,157803,0.0010975580416851436,143776451.0
RUS,2000,Georgian Jew,78,5.425088702460739e-07,143776451.0
RUS,2000,German,394138,0.0027413251423211164,143776451.0
RUS,2000,Godoberi,427,2.9698883025009428e-06,143776451.0
RUS,2000,Greek,85640,0.0005956469185624842,143776451.0
RUS,2000,Greek-Urum,1,6.9552419262317165e-09,143776451.0
RUS,2000,Hemshils,2047,1.4237380222996323e-05,143776451.0
RUS,2000,Hinukh,443,3.0811721733206502e-06,143776451.0
RUS,2000,Hungarian,2781,1.9342527796850403e-05,143776451.0
RUS,2000,Hunzib,918,6.3849120882807155e-06,143776451.0
RUS,2000,Indian,4058,2.8224371736648306e-05,143776451.0
RUS,2000,Inghiloi,98,6.816137087707082e-07,143776451.0
RUS,2000,Ingrian,266,1.8500943523776366e-06,143776451.0
RUS,2000,Ingrian Finn,441,3.067261689468187e-06,143776451.0
RUS,2000,Ingushi,444833,0.003093921131771433,143776451.0
RUS,2000,Italian,1370,9.528681438937451e-06,143776451.0
RUS,2000,Itelmeu,3193,2.220808747045787e-05,143776451.0
RUS,2000,Izhemtsy,6420,4.465265316640762e-05,143776451.0
RUS,2000,Japanese,888,6.176254830493765e-06,143776451.0
RUS,2000,Jewish,156801,0.0010905888892750594,143776451.0
RUS,2000,Kabardian,516826,0.003594649863766633,143776451.0
RUS,2000,Kaitagian,7,4.8686693483622014e-08,143776451.0
RUS,2000,Kalmyk,183372,0.0012753966224969622,143776451.0
RUS,2000,Kamchadal,1927,1.3402751191848518e-05,143776451.0
RUS,2000,Kara-Kalpak,1466,1.0196384663855697e-05,143776451.0
RUS,2000,Karachai,218403,0.0015190457024147855,143776451.0
RUS,2000,Karaga                            ,16,1.1128387081970746e-07,143776451.0
RUS,2000,Karaite,205,1.4258245948775018e-06,143776451.0
RUS,2000,Karatin,4787,3.3294743100871225e-05,143776451.0
RUS,2000,Karelian,60815,0.0004229830377437818,143776451.0
RUS,2000,Kazak,647732,0.0045051327633619225,143776451.0
RUS,2000,Kerek,4,2.7820967704926866e-08,143776451.0
RUS,2000,Ket,1219,8.478439908076462e-06,143776451.0
RUS,2000,Khakass,72959,0.0005074474956959398,143776451.0
RUS,2000,Khanty,30943,0.000215216050923388,143776451.0
RUS,2000,Khvarshin,527,3.6654124951241147e-06,143776451.0
RUS,2000,Komi,228235,0.0015874296410334958,143776451.0
RUS,2000,Komi-Izhemtsy,6420,4.465265316640762e-05,143776451.0
RUS,2000,Korean,153156,0.0010652370324539448,143776451.0
RUS,2000,Koryak,7953,5.531503903932084e-05,143776451.0
RUS,2000,Kryashen,34822,0.00024219543435524083,143776451.0
RUS,2000,Krymchak,90,6.259717733608545e-07,143776451.0
RUS,2000,Kubachin,120,8.34629031147806e-07,143776451.0
RUS,2000,Kuman,2892,2.0114559650662124e-05,143776451.0
RUS,2000,Kumyk,503060,0.0034989040034101274,143776451.0
RUS,2000,Kurd,23232,0.00016158418043021525,143776451.0
RUS,2000,Kurmanji,42,2.921201609017321e-07,143776451.0
RUS,2000,Kyrgyz,103422,0.0007193250304947366,143776451.0
RUS,2000,Lak,178630,0.0012424148652827715,143776451.0
RUS,2000,Latgalian,1089,7.57425845766634e-06,143776451.0
RUS,2000,Latvian,18979,0.00013200353651795176,143776451.0
RUS,2000,Lazs,160,1.1128387081970747e-06,143776451.0
RUS,2000,Lezghin,473722,0.003294851115778341,143776451.0
RUS,2000,Lithuanian,31377,0.00021823462591937258,143776451.0
RUS,2000,Macedonian,325,2.260453626025308e-06,143776451.0
RUS,2000,Mari,547605,0.003808725255014119,143776451.0
RUS,2000,Meadow-Eastern Mari,218,1.5162427399185142e-06,143776451.0
RUS,2000,Megrelian,600,4.17314515573903e-06,143776451.0
RUS,2000,Mennonite,4,2.7820967704926866e-08,143776451.0
RUS,2000,Meskhetian Turkish,4825,3.355904229406803e-05,143776451.0
RUS,2000,Mishari,786,5.466820154018129e-06,143776451.0
RUS,2000,Moksha,4767,3.315563826234659e-05,143776451.0
RUS,2000,Moldovan,156400,0.0010877998372626405,143776451.0
RUS,2000,Mongol,2986,2.0768352391727904e-05,143776451.0
RUS,2000,Montenegrian,181,1.2588987886479406e-06,143776451.0
RUS,2000,Mordovian,744237,0.005176348385452914,143776451.0
RUS,2000,Mordovian-Erzya,57008,0.00039650443173061767,143776451.0
RUS,2000,Mordovian-Moksha,4767,3.315563826234659e-05,143776451.0
RUS,2000,Mountain Jew,762,5.299894347788568e-06,143776451.0
RUS,2000,Mountain-Mari,23559,0.00016385854454009302,143776451.0
RUS,2000,Muncie,12269,8.533386319293693e-05,143776451.0
RUS,2000,Nagaibak,8148,5.6671311214936024e-05,143776451.0
RUS,2000,Nanai,12003,8.348376884055929e-05,143776451.0
RUS,2000,Negidal,513,3.5680391081568705e-06,143776451.0
RUS,2000,Nenet,44640,0.0003104819995869838,143776451.0
RUS,2000,Nganasan,862,5.9954185404117395e-06,143776451.0
RUS,2000,Nivkhi,4652,3.235578544082995e-05,143776451.0
RUS,2000,Nogai,103660,0.0007209803780731797,143776451.0
RUS,2000,Not Stated,66648,0.0004635529638994914,143776451.0
RUS,2000,Not specified,5629429,0.03915404060154468,143776451.0
RUS,2000,Orochi,596,4.145324188034103e-06,143776451.0
RUS,2000,Ossetian,528515,0.003675949686642356,143776451.0
RUS,2000,Ossetian-Digorian,223,1.5510189495496728e-06,143776451.0
RUS,2000,Ossetian-Ironian,48,3.338516124591224e-07,143776451.0
RUS,2000,Pakistani,507,3.52630765659948e-06,143776451.0
RUS,2000,Pamiri,363,2.5247528192221132e-06,143776451.0
RUS,2000,Persian,3696,2.5706574159352425e-05,143776451.0
RUS,2000,Polish,47125,0.00032776577577366963,143776451.0
RUS,2000,Refused to Respond,583747,0.004060101608711986,143776451.0
RUS,2000,Romani (Gypsy),204958,0.0014255324747166002,143776451.0
RUS,2000,Romani of Central Asia,49,3.408068543853541e-07,143776451.0
RUS,2000,Romanian,3201,2.2263729405867723e-05,143776451.0
RUS,2000,Romi-Permyak,94456,0.000656964331384143,143776451.0
RUS,2000,Russian,111016896,0.7721493695793061,143776451.0
RUS,2000,Rusyn,225,1.5649294334021363e-06,143776451.0
RUS,2000,Rutul,35240,0.0002451027254804057,143776451.0
RUS,2000,Sakha,478085,0.0033251968363024902,143776451.0
RUS,2000,Samia,1771,1.231773345135637e-05,143776451.0
RUS,2000,Selkup,3649,2.5379677788819535e-05,143776451.0
RUS,2000,Serbian,3510,2.4412899161073325e-05,143776451.0
RUS,2000,Seth People,214,1.4884217722135874e-06,143776451.0
RUS,2000,Shapsug,3882,2.7000249157631524e-05,143776451.0
RUS,2000,Shors,12888,8.963915794527436e-05,143776451.0
RUS,2000,Siberian-Tatarian,6779,4.714958501792481e-05,143776451.0
RUS,2000,Slovak,324,2.2534983840990763e-06,143776451.0
RUS,2000,Slovenian,1008,7.010883861641571e-06,143776451.0
RUS,2000,Soyot,3608,2.5094512869844034e-05,143776451.0
RUS,2000,Spaniard,1162,8.081991118281255e-06,143776451.0
RUS,2000,Svan,45,3.1298588668042724e-07,143776451.0
RUS,2000,Tabasaran,146360,0.001017969208323274,143776451.0
RUS,2000,Tadjik,200303,0.0013931558235499915,143776451.0
RUS,2000,Talish,2529,1.758980683144001e-05,143776451.0
RUS,2000,Tat People,1585,1.1024058453077271e-05,143776451.0
RUS,2000,Tatar,5310649,0.03693684858030054,143776451.0
RUS,2000,Tazi,274,1.9057362877874904e-06,143776451.0
RUS,2000,Telengit,3712,2.581785803017213e-05,143776451.0
RUS,2000,Teleut,2643,1.8382704411030426e-05,143776451.0
RUS,2000,Tindi,635,4.41657862315714e-06,143776451.0
RUS,2000,Todzhan,1858,1.292283949893853e-05,143776451.0
RUS,2000,Tophalar,762,5.299894347788568e-06,143776451.0
RUS,2000,Tsakhur,12769,8.881148415605279e-05,143776451.0
RUS,2000,Tubalar,1965,1.3667050385045323e-05,143776451.0
RUS,2000,Turkmenian,36885,0.00025654409844905684,143776451.0
RUS,2000,Turks,105058,0.0007307038062860517,143776451.0
RUS,2000,Tuva,263934,0.0018357248225580418,143776451.0
RUS,2000,Tuva-Todzhans,1858,1.292283949893853e-05,143776451.0
RUS,2000,Udge,1496,1.0405041921642648e-05,143776451.0
RUS,2000,Udin,4267,2.9678017299230736e-05,143776451.0
RUS,2000,Udmurt,552299,0.003841373160615851,143776451.0
RUS,2000,Uighur,3696,2.5706574159352425e-05,143776451.0
RUS,2000,Uilta People,295,2.0517963682383563e-06,143776451.0
RUS,2000,Ukrainian,1927988,0.013409622970871634,143776451.0
RUS,2000,Ulchi,2765,1.9231243926030697e-05,143776451.0
RUS,2000,Uzbek,289862,0.0020160603352213776,143776451.0
RUS,2000,Vep,5936,4.128631607411147e-05,143776451.0
RUS,2000,Vietnamese,13954,9.705344583863738e-05,143776451.0
RUS,2000,Vod,64,4.4513548327882985e-07,143776451.0
RUS,2000,Yazidi,40586,0.00028228544881804047,143776451.0
RUS,2000,Yugh,1,6.9552419262317165e-09,143776451.0
RUS,2000,Yukagir,1603,1.1149252807749442e-05,143776451.0
RUS,2005,Abaza,43341,0.00030144714032480884,143776451.0
RUS,2005,Abkhazian,11249,7.823951642818058e-05,143776451.0
RUS,2005,Adyghei,124835,0.0008682576258611363,143776451.0
RUS,2005,Adzharian,211,1.4675560464348923e-06,143776451.0
RUS,2005,Afgan,5350,3.721054430533968e-05,143776451.0
RUS,2005,Agul,34160,0.00023759106420007543,143776451.0
RUS,2005,Akhvakh,7930,5.515506847501751e-05,143776451.0
RUS,2005,Akkintsi,76,5.285983863936105e-07,143776451.0
RUS,2005,Aleut,482,3.3524266084436875e-06,143776451.0
RUS,2005,Altian,74238,0.0005163432501195901,143776451.0
RUS,2005,American,1572,1.0933640308036258e-05,143776451.0
RUS,2005,Andian,11789,8.19953470683457e-05,143776451.0
RUS,2005,Arab,9583,6.665208337907854e-05,143776451.0
RUS,2005,Archin,12,8.34629031147806e-08,143776451.0
RUS,2005,Armenian,1182388,0.008223794590673267,143776451.0
RUS,2005,Assyrian,11084,7.709190151035234e-05,143776451.0
RUS,2005,Astrakhan Tatars,7,4.8686693483622014e-08,143776451.0
RUS,2005,Avar,912090,0.006343806608496687,143776451.0
RUS,2005,Azerbaijani,603070,0.004194497748452561,143776451.0
RUS,2005,Bagvalal,5,3.4776209631158584e-08,143776451.0
RUS,2005,Balkan,112924,0.0007854137392777903,143776451.0
RUS,2005,Bashkir,1584554,0.011020956415178172,143776451.0
RUS,2005,Besermyan,2201,1.5308487479636007e-05,143776451.0
RUS,2005,Bezhta,5958,4.143933139648857e-05,143776451.0
RUS,2005,Bosnian,256,1.7805419331153194e-06,143776451.0
RUS,2005,Botlikh,3508,2.439898867722086e-05,143776451.0
RUS,2005,British,950,6.6074798299201305e-06,143776451.0
RUS,2005,Bulgarian,24038,0.000167190105422758,143776451.0
RUS,2005,Buryat,461389,0.0032090721171021256,143776451.0
RUS,2005,Byelorussian,521443,0.003626762215740045,143776451.0
RUS,2005,Central Asian Jew,32,2.2256774163941493e-07,143776451.0
RUS,2005,Chamalal,24,1.669258062295612e-07,143776451.0
RUS,2005,Chechen,1431436,0.009955983681917423,143776451.0
RUS,2005,Chelkanian,1181,8.214140714879657e-06,143776451.0
RUS,2005,Cherkesogais,6,4.17314515573903e-08,143776451.0
RUS,2005,Chinese,28943,0.00020130556707092457,143776451.0
RUS,2005,Chukchi,15908,0.00011064398856249414,143776451.0
RUS,2005,Chulym,355,2.4691108838122593e-06,143776451.0
RUS,2005,Chuvans,1002,6.96915241008418e-06,143776451.0
RUS,2005,Chuvash,1435872,0.009986837135102187,143776451.0
RUS,2005,Circassian,73184,0.000509012425129342,143776451.0
RUS,2005,Coast-Dwellers,3113,2.1651668116359332e-05,143776451.0
RUS,2005,Cossack,67573,0.0004699865626812558,143776451.0
RUS,2005,Crimean Tatars,2449,1.7033387477341473e-05,143776451.0
RUS,2005,Croatian,304,2.114393545574442e-06,143776451.0
RUS,2005,Cubans,676,4.70174354213264e-06,143776451.0
RUS,2005,Czech,1898,1.3201049175987798e-05,143776451.0
RUS,2005,Darghin,589386,0.004099322217934007,143776451.0
RUS,2005,Didoit,11683,8.125809142416514e-05,143776451.0
RUS,2005,Digorian,223,1.5510189495496728e-06,143776451.0
RUS,2005,Dolghan,7885,5.484208258833708e-05,143776451.0
RUS,2005,Dungan,1651,1.1483104420208564e-05,143776451.0
RUS,2005,Enet,227,1.5788399172545996e-06,143776451.0
RUS,2005,Erzya,57008,0.00039650443173061767,143776451.0
RUS,2005,Eskimo,1738,1.2088210467790723e-05,143776451.0
RUS,2005,Estonian,17875,0.00012432494943139194,143776451.0
RUS,2005,Even,22383,0.00015567918003484452,143776451.0
RUS,2005,Evenk,37843,0.0002632072202143868,143776451.0
RUS,2005,Finnish,20267,0.0001409618881189382,143776451.0
RUS,2005,French,1475,1.0258981841191782e-05,143776451.0
RUS,2005,Gagauz,13690,9.52172619701122e-05,143776451.0
RUS,2005,Georgian,157803,0.0010975580416851436,143776451.0
RUS,2005,Georgian Jew,78,5.425088702460739e-07,143776451.0
RUS,2005,German,394138,0.0027413251423211164,143776451.0
RUS,2005,Godoberi,427,2.9698883025009428e-06,143776451.0
RUS,2005,Greek,85640,0.0005956469185624842,143776451.0
RUS,2005,Greek-Urum,1,6.9552419262317165e-09,143776451.0
RUS,2005,Hemshils,2047,1.4237380222996323e-05,143776451.0
RUS,2005,Hinukh,443,3.0811721733206502e-06,143776451.0
RUS,2005,Hungarian,2781,1.9342527796850403e-05,143776451.0
RUS,2005,Hunzib,918,6.3849120882807155e-06,143776451.0
RUS,2005,Indian,4058,2.8224371736648306e-05,143776451.0
RUS,2005,Inghiloi,98,6.816137087707082e-07,143776451.0
RUS,2005,Ingrian,266,1.8500943523776366e-06,143776451.0
RUS,2005,Ingrian Finn,441,3.067261689468187e-06,143776451.0
RUS,2005,Ingushi,444833,0.003093921131771433,143776451.0
RUS,2005,Italian,1370,9.528681438937451e-06,143776451.0
RUS,2005,Itelmeu,3193,2.220808747045787e-05,143776451.0
RUS,2005,Izhemtsy,6420,4.465265316640762e-05,143776451.0
RUS,2005,Japanese,888,6.176254830493765e-06,143776451.0
RUS,2005,Jewish,156801,0.0010905888892750594,143776451.0
RUS,2005,Kabardian,516826,0.003594649863766633,143776451.0
RUS,2005,Kaitagian,7,4.8686693483622014e-08,143776451.0
RUS,2005,Kalmyk,183372,0.0012753966224969622,143776451.0
RUS,2005,Kamchadal,1927,1.3402751191848518e-05,143776451.0
RUS,2005,Kara-Kalpak,1466,1.0196384663855697e-05,143776451.0
RUS,2005,Karachai,218403,0.0015190457024147855,143776451.0
RUS,2005,Karaga                            ,16,1.1128387081970746e-07,143776451.0
RUS,2005,Karaite,205,1.4258245948775018e-06,143776451.0
RUS,2005,Karatin,4787,3.3294743100871225e-05,143776451.0
RUS,2005,Karelian,60815,0.0004229830377437818,143776451.0
RUS,2005,Kazak,647732,0.0045051327633619225,143776451.0
RUS,2005,Kerek,4,2.7820967704926866e-08,143776451.0
RUS,2005,Ket,1219,8.478439908076462e-06,143776451.0
RUS,2005,Khakass,72959,0.0005074474956959398,143776451.0
RUS,2005,Khanty,30943,0.000215216050923388,143776451.0
RUS,2005,Khvarshin,527,3.6654124951241147e-06,143776451.0
RUS,2005,Komi,228235,0.0015874296410334958,143776451.0
RUS,2005,Komi-Izhemtsy,6420,4.465265316640762e-05,143776451.0
RUS,2005,Korean,153156,0.0010652370324539448,143776451.0
RUS,2005,Koryak,7953,5.531503903932084e-05,143776451.0
RUS,2005,Kryashen,34822,0.00024219543435524083,143776451.0
RUS,2005,Krymchak,90,6.259717733608545e-07,143776451.0
RUS,2005,Kubachin,120,8.34629031147806e-07,143776451.0
RUS,2005,Kuman,2892,2.0114559650662124e-05,143776451.0
RUS,2005,Kumyk,503060,0.0034989040034101274,143776451.0
RUS,2005,Kurd,23232,0.00016158418043021525,143776451.0
RUS,2005,Kurmanji,42,2.921201609017321e-07,143776451.0
RUS,2005,Kyrgyz,103422,0.0007193250304947366,143776451.0
RUS,2005,Lak,178630,0.0012424148652827715,143776451.0
RUS,2005,Latgalian,1089,7.57425845766634e-06,143776451.0
RUS,2005,Latvian,18979,0.00013200353651795176,143776451.0
RUS,2005,Lazs,160,1.1128387081970747e-06,143776451.0
RUS,2005,Lezghin,473722,0.003294851115778341,143776451.0
RUS,2005,Lithuanian,31377,0.00021823462591937258,143776451.0
RUS,2005,Macedonian,325,2.260453626025308e-06,143776451.0
RUS,2005,Mari,547605,0.003808725255014119,143776451.0
RUS,2005,Meadow-Eastern Mari,218,1.5162427399185142e-06,143776451.0
RUS,2005,Megrelian,600,4.17314515573903e-06,143776451.0
RUS,2005,Mennonite,4,2.7820967704926866e-08,143776451.0
RUS,2005,Meskhetian Turkish,4825,3.355904229406803e-05,143776451.0
RUS,2005,Mishari,786,5.466820154018129e-06,143776451.0
RUS,2005,Moksha,4767,3.315563826234659e-05,143776451.0
RUS,2005,Moldovan,156400,0.0010877998372626405,143776451.0
RUS,2005,Mongol,2986,2.0768352391727904e-05,143776451.0
RUS,2005,Montenegrian,181,1.2588987886479406e-06,143776451.0
RUS,2005,Mordovian,744237,0.005176348385452914,143776451.0
RUS,2005,Mordovian-Erzya,57008,0.00039650443173061767,143776451.0
RUS,2005,Mordovian-Moksha,4767,3.315563826234659e-05,143776451.0
RUS,2005,Mountain Jew,762,5.299894347788568e-06,143776451.0
RUS,2005,Mountain-Mari,23559,0.00016385854454009302,143776451.0
RUS,2005,Muncie,12269,8.533386319293693e-05,143776451.0
RUS,2005,Nagaibak,8148,5.6671311214936024e-05,143776451.0
RUS,2005,Nanai,12003,8.348376884055929e-05,143776451.0
RUS,2005,Negidal,513,3.5680391081568705e-06,143776451.0
RUS,2005,Nenet,44640,0.0003104819995869838,143776451.0
RUS,2005,Nganasan,862,5.9954185404117395e-06,143776451.0
RUS,2005,Nivkhi,4652,3.235578544082995e-05,143776451.0
RUS,2005,Nogai,103660,0.0007209803780731797,143776451.0
RUS,2005,Not Stated,66648,0.0004635529638994914,143776451.0
RUS,2005,Not specified,5629429,0.03915404060154468,143776451.0
RUS,2005,Orochi,596,4.145324188034103e-06,143776451.0
RUS,2005,Ossetian,528515,0.003675949686642356,143776451.0
RUS,2005,Ossetian-Digorian,223,1.5510189495496728e-06,143776451.0
RUS,2005,Ossetian-Ironian,48,3.338516124591224e-07,143776451.0
RUS,2005,Pakistani,507,3.52630765659948e-06,143776451.0
RUS,2005,Pamiri,363,2.5247528192221132e-06,143776451.0
RUS,2005,Persian,3696,2.5706574159352425e-05,143776451.0
RUS,2005,Polish,47125,0.00032776577577366963,143776451.0
RUS,2005,Refused to Respond,583747,0.004060101608711986,143776451.0
RUS,2005,Romani (Gypsy),204958,0.0014255324747166002,143776451.0
RUS,2005,Romani of Central Asia,49,3.408068543853541e-07,143776451.0
RUS,2005,Romanian,3201,2.2263729405867723e-05,143776451.0
RUS,2005,Romi-Permyak,94456,0.000656964331384143,143776451.0
RUS,2005,Russian,111016896,0.7721493695793061,143776451.0
RUS,2005,Rusyn,225,1.5649294334021363e-06,143776451.0
RUS,2005,Rutul,35240,0.0002451027254804057,143776451.0
RUS,2005,Sakha,478085,0.0033251968363024902,143776451.0
RUS,2005,Samia,1771,1.231773345135637e-05,143776451.0
RUS,2005,Selkup,3649,2.5379677788819535e-05,143776451.0
RUS,2005,Serbian,3510,2.4412899161073325e-05,143776451.0
RUS,2005,Seth People,214,1.4884217722135874e-06,143776451.0
RUS,2005,Shapsug,3882,2.7000249157631524e-05,143776451.0
RUS,2005,Shors,12888,8.963915794527436e-05,143776451.0
RUS,2005,Siberian-Tatarian,6779,4.714958501792481e-05,143776451.0
RUS,2005,Slovak,324,2.2534983840990763e-06,143776451.0
RUS,2005,Slovenian,1008,7.010883861641571e-06,143776451.0
RUS,2005,Soyot,3608,2.5094512869844034e-05,143776451.0
RUS,2005,Spaniard,1162,8.081991118281255e-06,143776451.0
RUS,2005,Svan,45,3.1298588668042724e-07,143776451.0
RUS,2005,Tabasaran,146360,0.001017969208323274,143776451.0
RUS,2005,Tadjik,200303,0.0013931558235499915,143776451.0
RUS,2005,Talish,2529,1.758980683144001e-05,143776451.0
RUS,2005,Tat People,1585,1.1024058453077271e-05,143776451.0
RUS,2005,Tatar,5310649,0.03693684858030054,143776451.0
RUS,2005,Tazi,274,1.9057362877874904e-06,143776451.0
RUS,2005,Telengit,3712,2.581785803017213e-05,143776451.0
RUS,2005,Teleut,2643,1.8382704411030426e-05,143776451.0
RUS,2005,Tindi,635,4.41657862315714e-06,143776451.0
RUS,2005,Todzhan,1858,1.292283949893853e-05,143776451.0
RUS,2005,Tophalar,762,5.299894347788568e-06,143776451.0
RUS,2005,Tsakhur,12769,8.881148415605279e-05,143776451.0
RUS,2005,Tubalar,1965,1.3667050385045323e-05,143776451.0
RUS,2005,Turkmenian,36885,0.00025654409844905684,143776451.0
RUS,2005,Turks,105058,0.0007307038062860517,143776451.0
RUS,2005,Tuva,263934,0.0018357248225580418,143776451.0
RUS,2005,Tuva-Todzhans,1858,1.292283949893853e-05,143776451.0
RUS,2005,Udge,1496,1.0405041921642648e-05,143776451.0
RUS,2005,Udin,4267,2.9678017299230736e-05,143776451.0
RUS,2005,Udmurt,552299,0.003841373160615851,143776451.0
RUS,2005,Uighur,3696,2.5706574159352425e-05,143776451.0
RUS,2005,Uilta People,295,2.0517963682383563e-06,143776451.0
RUS,2005,Ukrainian,1927988,0.013409622970871634,143776451.0
RUS,2005,Ulchi,2765,1.9231243926030697e-05,143776451.0
RUS,2005,Uzbek,289862,0.0020160603352213776,143776451.0
RUS,2005,Vep,5936,4.128631607411147e-05,143776451.0
RUS,2005,Vietnamese,13954,9.705344583863738e-05,143776451.0
RUS,2005,Vod,64,4.4513548327882985e-07,143776451.0
RUS,2005,Yazidi,40586,0.00028228544881804047,143776451.0
RUS,2005,Yugh,1,6.9552419262317165e-09,143776451.0
RUS,2005,Yukagir,1603,1.1149252807749442e-05,143776451.0
RUS,2010,Abaza,43341,0.00030144714032480884,143776451.0
RUS,2010,Abkhazian,11249,7.823951642818058e-05,143776451.0
RUS,2010,Adyghei,124835,0.0008682576258611363,143776451.0
RUS,2010,Adzharian,211,1.4675560464348923e-06,143776451.0
RUS,2010,Afgan,5350,3.721054430533968e-05,143776451.0
RUS,2010,Agul,34160,0.00023759106420007543,143776451.0
RUS,2010,Akhvakh,7930,5.515506847501751e-05,143776451.0
RUS,2010,Akkintsi,76,5.285983863936105e-07,143776451.0
RUS,2010,Aleut,482,3.3524266084436875e-06,143776451.0
RUS,2010,Altian,74238,0.0005163432501195901,143776451.0
RUS,2010,American,1572,1.0933640308036258e-05,143776451.0
RUS,2010,Andian,11789,8.19953470683457e-05,143776451.0
RUS,2010,Arab,9583,6.665208337907854e-05,143776451.0
RUS,2010,Archin,12,8.34629031147806e-08,143776451.0
RUS,2010,Armenian,1182388,0.008223794590673267,143776451.0
RUS,2010,Assyrian,11084,7.709190151035234e-05,143776451.0
RUS,2010,Astrakhan Tatars,7,4.8686693483622014e-08,143776451.0
RUS,2010,Avar,912090,0.006343806608496687,143776451.0
RUS,2010,Azerbaijani,603070,0.004194497748452561,143776451.0
RUS,2010,Bagvalal,5,3.4776209631158584e-08,143776451.0
RUS,2010,Balkan,112924,0.0007854137392777903,143776451.0
RUS,2010,Bashkir,1584554,0.011020956415178172,143776451.0
RUS,2010,Besermyan,2201,1.5308487479636007e-05,143776451.0
RUS,2010,Bezhta,5958,4.143933139648857e-05,143776451.0
RUS,2010,Bosnian,256,1.7805419331153194e-06,143776451.0
RUS,2010,Botlikh,3508,2.439898867722086e-05,143776451.0
RUS,2010,British,950,6.6074798299201305e-06,143776451.0
RUS,2010,Bulgarian,24038,0.000167190105422758,143776451.0
RUS,2010,Buryat,461389,0.0032090721171021256,143776451.0
RUS,2010,Byelorussian,521443,0.003626762215740045,143776451.0
RUS,2010,Central Asian Jew,32,2.2256774163941493e-07,143776451.0
RUS,2010,Chamalal,24,1.669258062295612e-07,143776451.0
RUS,2010,Chechen,1431436,0.009955983681917423,143776451.0
RUS,2010,Chelkanian,1181,8.214140714879657e-06,143776451.0
RUS,2010,Cherkesogais,6,4.17314515573903e-08,143776451.0
RUS,2010,Chinese,28943,0.00020130556707092457,143776451.0
RUS,2010,Chukchi,15908,0.00011064398856249414,143776451.0
RUS,2010,Chulym,355,2.4691108838122593e-06,143776451.0
RUS,2010,Chuvans,1002,6.96915241008418e-06,143776451.0
RUS,2010,Chuvash,1435872,0.009986837135102187,143776451.0
RUS,2010,Circassian,73184,0.000509012425129342,143776451.0
RUS,2010,Coast-Dwellers,3113,2.1651668116359332e-05,143776451.0
RUS,2010,Cossack,67573,0.0004699865626812558,143776451.0
RUS,2010,Crimean Tatars,2449,1.7033387477341473e-05,143776451.0
RUS,2010,Croatian,304,2.114393545574442e-06,143776451.0
RUS,2010,Cubans,676,4.70174354213264e-06,143776451.0
RUS,2010,Czech,1898,1.3201049175987798e-05,143776451.0
RUS,2010,Darghin,589386,0.004099322217934007,143776451.0
RUS,2010,Didoit,11683,8.125809142416514e-05,143776451.0
RUS,2010,Digorian,223,1.5510189495496728e-06,143776451.0
RUS,2010,Dolghan,7885,5.484208258833708e-05,143776451.0
RUS,2010,Dungan,1651,1.1483104420208564e-05,143776451.0
RUS,2010,Enet,227,1.5788399172545996e-06,143776451.0
RUS,2010,Erzya,57008,0.00039650443173061767,143776451.0
RUS,2010,Eskimo,1738,1.2088210467790723e-05,143776451.0
RUS,2010,Estonian,17875,0.00012432494943139194,143776451.0
RUS,2010,Even,22383,0.00015567918003484452,143776451.0
RUS,2010,Evenk,37843,0.0002632072202143868,143776451.0
RUS,2010,Finnish,20267,0.0001409618881189382,143776451.0
RUS,2010,French,1475,1.0258981841191782e-05,143776451.0
RUS,2010,Gagauz,13690,9.52172619701122e-05,143776451.0
RUS,2010,Georgian,157803,0.0010975580416851436,143776451.0
RUS,2010,Georgian Jew,78,5.425088702460739e-07,143776451.0
RUS,2010,German,394138,0.0027413251423211164,143776451.0
RUS,2010,Godoberi,427,2.9698883025009428e-06,143776451.0
RUS,2010,Greek,85640,0.0005956469185624842,143776451.0
RUS,2010,Greek-Urum,1,6.9552419262317165e-09,143776451.0
RUS,2010,Hemshils,2047,1.4237380222996323e-05,143776451.0
RUS,2010,Hinukh,443,3.0811721733206502e-06,143776451.0
RUS,2010,Hungarian,2781,1.9342527796850403e-05,143776451.0
RUS,2010,Hunzib,918,6.3849120882807155e-06,143776451.0
RUS,2010,Indian,4058,2.8224371736648306e-05,143776451.0
RUS,2010,Inghiloi,98,6.816137087707082e-07,143776451.0
RUS,2010,Ingrian,266,1.8500943523776366e-06,143776451.0
RUS,2010,Ingrian Finn,441,3.067261689468187e-06,143776451.0
RUS,2010,Ingushi,444833,0.003093921131771433,143776451.0
RUS,2010,Italian,1370,9.528681438937451e-06,143776451.0
RUS,2010,Itelmeu,3193,2.220808747045787e-05,143776451.0
RUS,2010,Izhemtsy,6420,4.465265316640762e-05,143776451.0
RUS,2010,Japanese,888,6.176254830493765e-06,143776451.0
RUS,2010,Jewish,156801,0.0010905888892750594,143776451.0
RUS,2010,Kabardian,516826,0.003594649863766633,143776451.0
RUS,2010,Kaitagian,7,4.8686693483622014e-08,143776451.0
RUS,2010,Kalmyk,183372,0.0012753966224969622,143776451.0
RUS,2010,Kamchadal,1927,1.3402751191848518e-05,143776451.0
RUS,2010,Kara-Kalpak,1466,1.0196384663855697e-05,143776451.0
RUS,2010,Karachai,218403,0.0015190457024147855,143776451.0
RUS,2010,Karaga                            ,16,1.1128387081970746e-07,143776451.0
RUS,2010,Karaite,205,1.4258245948775018e-06,143776451.0
RUS,2010,Karatin,4787,3.3294743100871225e-05,143776451.0
RUS,2010,Karelian,60815,0.0004229830377437818,143776451.0
RUS,2010,Kazak,647732,0.0045051327633619225,143776451.0
RUS,2010,Kerek,4,2.7820967704926866e-08,143776451.0
RUS,2010,Ket,1219,8.478439908076462e-06,143776451.0
RUS,2010,Khakass,72959,0.0005074474956959398,143776451.0
RUS,2010,Khanty,30943,0.000215216050923388,143776451.0
RUS,2010,Khvarshin,527,3.6654124951241147e-06,143776451.0
RUS,2010,Komi,228235,0.0015874296410334958,143776451.0
RUS,2010,Komi-Izhemtsy,6420,4.465265316640762e-05,143776451.0
RUS,2010,Korean,153156,0.0010652370324539448,143776451.0
RUS,2010,Koryak,7953,5.531503903932084e-05,143776451.0
RUS,2010,Kryashen,34822,0.00024219543435524083,143776451.0
RUS,2010,Krymchak,90,6.259717733608545e-07,143776451.0
RUS,2010,Kubachin,120,8.34629031147806e-07,143776451.0
RUS,2010,Kuman,2892,2.0114559650662124e-05,143776451.0
RUS,2010,Kumyk,503060,0.0034989040034101274,143776451.0
RUS,2010,Kurd,23232,0.00016158418043021525,143776451.0
RUS,2010,Kurmanji,42,2.921201609017321e-07,143776451.0
RUS,2010,Kyrgyz,103422,0.0007193250304947366,143776451.0
RUS,2010,Lak,178630,0.0012424148652827715,143776451.0
RUS,2010,Latgalian,1089,7.57425845766634e-06,143776451.0
RUS,2010,Latvian,18979,0.00013200353651795176,143776451.0
RUS,2010,Lazs,160,1.1128387081970747e-06,143776451.0
RUS,2010,Lezghin,473722,0.003294851115778341,143776451.0
RUS,2010,Lithuanian,31377,0.00021823462591937258,143776451.0
RUS,2010,Macedonian,325,2.260453626025308e-06,143776451.0
RUS,2010,Mari,547605,0.003808725255014119,143776451.0
RUS,2010,Meadow-Eastern Mari,218,1.5162427399185142e-06,143776451.0
RUS,2010,Megrelian,600,4.17314515573903e-06,143776451.0
RUS,2010,Mennonite,4,2.7820967704926866e-08,143776451.0
RUS,2010,Meskhetian Turkish,4825,3.355904229406803e-05,143776451.0
RUS,2010,Mishari,786,5.466820154018129e-06,143776451.0
RUS,2010,Moksha,4767,3.315563826234659e-05,143776451.0
RUS,2010,Moldovan,156400,0.0010877998372626405,143776451.0
RUS,2010,Mongol,2986,2.0768352391727904e-05,143776451.0
RUS,2010,Montenegrian,181,1.2588987886479406e-06,143776451.0
RUS,2010,Mordovian,744237,0.005176348385452914,143776451.0
RUS,2010,Mordovian-Erzya,57008,0.00039650443173061767,143776451.0
RUS,2010,Mordovian-Moksha,4767,3.315563826234659e-05,143776451.0
RUS,2010,Mountain Jew,762,5.299894347788568e-06,143776451.0
RUS,2010,Mountain-Mari,23559,0.00016385854454009302,143776451.0
RUS,2010,Muncie,12269,8.533386319293693e-05,143776451.0
RUS,2010,Nagaibak,8148,5.6671311214936024e-05,143776451.0
RUS,2010,Nanai,12003,8.348376884055929e-05,143776451.0
RUS,2010,Negidal,513,3.5680391081568705e-06,143776451.0
RUS,2010,Nenet,44640,0.0003104819995869838,143776451.0
RUS,2010,Nganasan,862,5.9954185404117395e-06,143776451.0
RUS,2010,Nivkhi,4652,3.235578544082995e-05,143776451.0
RUS,2010,Nogai,103660,0.0007209803780731797,143776451.0
RUS,2010,Not Stated,66648,0.0004635529638994914,143776451.0
RUS,2010,Not specified,5629429,0.03915404060154468,143776451.0
RUS,2010,Orochi,596,4.145324188034103e-06,143776451.0
RUS,2010,Ossetian,528515,0.003675949686642356,143776451.0
RUS,2010,Ossetian-Digorian,223,1.5510189495496728e-06,143776451.0
RUS,2010,Ossetian-Ironian,48,3.338516124591224e-07,143776451.0
RUS,2010,Pakistani,507,3.52630765659948e-06,143776451.0
RUS,2010,Pamiri,363,2.5247528192221132e-06,143776451.0
RUS,2010,Persian,3696,2.5706574159352425e-05,143776451.0
RUS,2010,Polish,47125,0.00032776577577366963,143776451.0
RUS,2010,Refused to Respond,583747,0.004060101608711986,143776451.0
RUS,2010,Romani (Gypsy),204958,0.0014255324747166002,143776451.0
RUS,2010,Romani of Central Asia,49,3.408068543853541e-07,143776451.0
RUS,2010,Romanian,3201,2.2263729405867723e-05,143776451.0
RUS,2010,Romi-Permyak,94456,0.000656964331384143,143776451.0
RUS,2010,Russian,111016896,0.7721493695793061,143776451.0
RUS,2010,Rusyn,225,1.5649294334021363e-06,143776451.0
RUS,2010,Rutul,35240,0.0002451027254804057,143776451.0
RUS,2010,Sakha,478085,0.0033251968363024902,143776451.0
RUS,2010,Samia,1771,1.231773345135637e-05,143776451.0
RUS,2010,Selkup,3649,2.5379677788819535e-05,143776451.0
RUS,2010,Serbian,3510,2.4412899161073325e-05,143776451.0
RUS,2010,Seth People,214,1.4884217722135874e-06,143776451.0
RUS,2010,Shapsug,3882,2.7000249157631524e-05,143776451.0
RUS,2010,Shors,12888,8.963915794527436e-05,143776451.0
RUS,2010,Siberian-Tatarian,6779,4.714958501792481e-05,143776451.0
RUS,2010,Slovak,324,2.2534983840990763e-06,143776451.0
RUS,2010,Slovenian,1008,7.010883861641571e-06,143776451.0
RUS,2010,Soyot,3608,2.5094512869844034e-05,143776451.0
RUS,2010,Spaniard,1162,8.081991118281255e-06,143776451.0
RUS,2010,Svan,45,3.1298588668042724e-07,143776451.0
RUS,2010,Tabasaran,146360,0.001017969208323274,143776451.0
RUS,2010,Tadjik,200303,0.0013931558235499915,143776451.0
RUS,2010,Talish,2529,1.758980683144001e-05,143776451.0
RUS,2010,Tat People,1585,1.1024058453077271e-05,143776451.0
RUS,2010,Tatar,5310649,0.03693684858030054,143776451.0
RUS,2010,Tazi,274,1.9057362877874904e-06,143776451.0
RUS,2010,Telengit,3712,2.581785803017213e-05,143776451.0
RUS,2010,Teleut,2643,1.8382704411030426e-05,143776451.0
RUS,2010,Tindi,635,4.41657862315714e-06,143776451.0
RUS,2010,Todzhan,1858,1.292283949893853e-05,143776451.0
RUS,2010,Tophalar,762,5.299894347788568e-06,143776451.0
RUS,2010,Tsakhur,12769,8.881148415605279e-05,143776451.0
RUS,2010,Tubalar,1965,1.3667050385045323e-05,143776451.0
RUS,2010,Turkmenian,36885,0.00025654409844905684,143776451.0
RUS,2010,Turks,105058,0.0007307038062860517,143776451.0
RUS,2010,Tuva,263934,0.0018357248225580418,143776451.0
RUS,2010,Tuva-Todzhans,1858,1.292283949893853e-05,143776451.0
RUS,2010,Udge,1496,1.0405041921642648e-05,143776451.0
RUS,2010,Udin,4267,2.9678017299230736e-05,143776451.0
RUS,2010,Udmurt,552299,0.003841373160615851,143776451.0
RUS,2010,Uighur,3696,2.5706574159352425e-05,143776451.0
RUS,2010,Uilta People,295,2.0517963682383563e-06,143776451.0
RUS,2010,Ukrainian,1927988,0.013409622970871634,143776451.0
RUS,2010,Ulchi,2765,1.9231243926030697e-05,143776451.0
RUS,2010,Uzbek,289862,0.0020160603352213776,143776451.0
RUS,2010,Vep,5936,4.128631607411147e-05,143776451.0
RUS,2010,Vietnamese,13954,9.705344583863738e-05,143776451.0
RUS,2010,Vod,64,4.4513548327882985e-07,143776451.0
RUS,2010,Yazidi,40586,0.00028228544881804047,143776451.0
RUS,2010,Yugh,1,6.9552419262317165e-09,143776451.0
RUS,2010,Yukagir,1603,1.1149252807749442e-05,143776451.0
RUS,2015,Abaza,43341,0.00030144714032480884,143776451.0
RUS,2015,Abkhazian,11249,7.823951642818058e-05,143776451.0
RUS,2015,Adyghei,124835,0.0008682576258611363,143776451.0
RUS,2015,Adzharian,211,1.4675560464348923e-06,143776451.0
RUS,2015,Afgan,5350,3.721054430533968e-05,143776451.0
RUS,2015,Agul,34160,0.00023759106420007543,143776451.0
RUS,2015,Akhvakh,7930,5.515506847501751e-05,143776451.0
RUS,2015,Akkintsi,76,5.285983863936105e-07,143776451.0
RUS,2015,Aleut,482,3.3524266084436875e-06,143776451.0
RUS,2015,Altian,74238,0.0005163432501195901,143776451.0
RUS,2015,American,1572,1.0933640308036258e-05,143776451.0
RUS,2015,Andian,11789,8.19953470683457e-05,143776451.0
RUS,2015,Arab,9583,6.665208337907854e-05,143776451.0
RUS,2015,Archin,12,8.34629031147806e-08,143776451.0
RUS,2015,Armenian,1182388,0.008223794590673267,143776451.0
RUS,2015,Assyrian,11084,7.709190151035234e-05,143776451.0
RUS,2015,Astrakhan Tatars,7,4.8686693483622014e-08,143776451.0
RUS,2015,Avar,912090,0.006343806608496687,143776451.0
RUS,2015,Azerbaijani,603070,0.004194497748452561,143776451.0
RUS,2015,Bagvalal,5,3.4776209631158584e-08,143776451.0
RUS,2015,Balkan,112924,0.0007854137392777903,143776451.0
RUS,2015,Bashkir,1584554,0.011020956415178172,143776451.0
RUS,2015,Besermyan,2201,1.5308487479636007e-05,143776451.0
RUS,2015,Bezhta,5958,4.143933139648857e-05,143776451.0
RUS,2015,Bosnian,256,1.7805419331153194e-06,143776451.0
RUS,2015,Botlikh,3508,2.439898867722086e-05,143776451.0
RUS,2015,British,950,6.6074798299201305e-06,143776451.0
RUS,2015,Bulgarian,24038,0.000167190105422758,143776451.0
RUS,2015,Buryat,461389,0.0032090721171021256,143776451.0
RUS,2015,Byelorussian,521443,0.003626762215740045,143776451.0
RUS,2015,Central Asian Jew,32,2.2256774163941493e-07,143776451.0
RUS,2015,Chamalal,24,1.669258062295612e-07,143776451.0
RUS,2015,Chechen,1431436,0.009955983681917423,143776451.0
RUS,2015,Chelkanian,1181,8.214140714879657e-06,143776451.0
RUS,2015,Cherkesogais,6,4.17314515573903e-08,143776451.0
RUS,2015,Chinese,28943,0.00020130556707092457,143776451.0
RUS,2015,Chukchi,15908,0.00011064398856249414,143776451.0
RUS,2015,Chulym,355,2.4691108838122593e-06,143776451.0
RUS,2015,Chuvans,1002,6.96915241008418e-06,143776451.0
RUS,2015,Chuvash,1435872,0.009986837135102187,143776451.0
RUS,2015,Circassian,73184,0.000509012425129342,143776451.0
RUS,2015,Coast-Dwellers,3113,2.1651668116359332e-05,143776451.0
RUS,2015,Cossack,67573,0.0004699865626812558,143776451.0
RUS,2015,Crimean Tatars,2449,1.7033387477341473e-05,143776451.0
RUS,2015,Croatian,304,2.114393545574442e-06,143776451.0
RUS,2015,Cubans,676,4.70174354213264e-06,143776451.0
RUS,2015,Czech,1898,1.3201049175987798e-05,143776451.0
RUS,2015,Darghin,589386,0.004099322217934007,143776451.0
RUS,2015,Didoit,11683,8.125809142416514e-05,143776451.0
RUS,2015,Digorian,223,1.5510189495496728e-06,143776451.0
RUS,2015,Dolghan,7885,5.484208258833708e-05,143776451.0
RUS,2015,Dungan,1651,1.1483104420208564e-05,143776451.0
RUS,2015,Enet,227,1.5788399172545996e-06,143776451.0
RUS,2015,Erzya,57008,0.00039650443173061767,143776451.0
RUS,2015,Eskimo,1738,1.2088210467790723e-05,143776451.0
RUS,2015,Estonian,17875,0.00012432494943139194,143776451.0
RUS,2015,Even,22383,0.00015567918003484452,143776451.0
RUS,2015,Evenk,37843,0.0002632072202143868,143776451.0
RUS,2015,Finnish,20267,0.0001409618881189382,143776451.0
RUS,2015,French,1475,1.0258981841191782e-05,143776451.0
RUS,2015,Gagauz,13690,9.52172619701122e-05,143776451.0
RUS,2015,Georgian,157803,0.0010975580416851436,143776451.0
RUS,2015,Georgian Jew,78,5.425088702460739e-07,143776451.0
RUS,2015,German,394138,0.0027413251423211164,143776451.0
RUS,2015,Godoberi,427,2.9698883025009428e-06,143776451.0
RUS,2015,Greek,85640,0.0005956469185624842,143776451.0
RUS,2015,Greek-Urum,1,6.9552419262317165e-09,143776451.0
RUS,2015,Hemshils,2047,1.4237380222996323e-05,143776451.0
RUS,2015,Hinukh,443,3.0811721733206502e-06,143776451.0
RUS,2015,Hungarian,2781,1.9342527796850403e-05,143776451.0
RUS,2015,Hunzib,918,6.3849120882807155e-06,143776451.0
RUS,2015,Indian,4058,2.8224371736648306e-05,143776451.0
RUS,2015,Inghiloi,98,6.816137087707082e-07,143776451.0
RUS,2015,Ingrian,266,1.8500943523776366e-06,143776451.0
RUS,2015,Ingrian Finn,441,3.067261689468187e-06,143776451.0
RUS,2015,Ingushi,444833,0.003093921131771433,143776451.0
RUS,2015,Italian,1370,9.528681438937451e-06,143776451.0
RUS,2015,Itelmeu,3193,2.220808747045787e-05,143776451.0
RUS,2015,Izhemtsy,6420,4.465265316640762e-05,143776451.0
RUS,2015,Japanese,888,6.176254830493765e-06,143776451.0
RUS,2015,Jewish,156801,0.0010905888892750594,143776451.0
RUS,2015,Kabardian,516826,0.003594649863766633,143776451.0
RUS,2015,Kaitagian,7,4.8686693483622014e-08,143776451.0
RUS,2015,Kalmyk,183372,0.0012753966224969622,143776451.0
RUS,2015,Kamchadal,1927,1.3402751191848518e-05,143776451.0
RUS,2015,Kara-Kalpak,1466,1.0196384663855697e-05,143776451.0
RUS,2015,Karachai,218403,0.0015190457024147855,143776451.0
RUS,2015,Karaga                            ,16,1.1128387081970746e-07,143776451.0
RUS,2015,Karaite,205,1.4258245948775018e-06,143776451.0
RUS,2015,Karatin,4787,3.3294743100871225e-05,143776451.0
RUS,2015,Karelian,60815,0.0004229830377437818,143776451.0
RUS,2015,Kazak,647732,0.0045051327633619225,143776451.0
RUS,2015,Kerek,4,2.7820967704926866e-08,143776451.0
RUS,2015,Ket,1219,8.478439908076462e-06,143776451.0
RUS,2015,Khakass,72959,0.0005074474956959398,143776451.0
RUS,2015,Khanty,30943,0.000215216050923388,143776451.0
RUS,2015,Khvarshin,527,3.6654124951241147e-06,143776451.0
RUS,2015,Komi,228235,0.0015874296410334958,143776451.0
RUS,2015,Komi-Izhemtsy,6420,4.465265316640762e-05,143776451.0
RUS,2015,Korean,153156,0.0010652370324539448,143776451.0
RUS,2015,Koryak,7953,5.531503903932084e-05,143776451.0
RUS,2015,Kryashen,34822,0.00024219543435524083,143776451.0
RUS,2015,Krymchak,90,6.259717733608545e-07,143776451.0
RUS,2015,Kubachin,120,8.34629031147806e-07,143776451.0
RUS,2015,Kuman,2892,2.0114559650662124e-05,143776451.0
RUS,2015,Kumyk,503060,0.0034989040034101274,143776451.0
RUS,2015,Kurd,23232,0.00016158418043021525,143776451.0
RUS,2015,Kurmanji,42,2.921201609017321e-07,143776451.0
RUS,2015,Kyrgyz,103422,0.0007193250304947366,143776451.0
RUS,2015,Lak,178630,0.0012424148652827715,143776451.0
RUS,2015,Latgalian,1089,7.57425845766634e-06,143776451.0
RUS,2015,Latvian,18979,0.00013200353651795176,143776451.0
RUS,2015,Lazs,160,1.1128387081970747e-06,143776451.0
RUS,2015,Lezghin,473722,0.003294851115778341,143776451.0
RUS,2015,Lithuanian,31377,0.00021823462591937258,143776451.0
RUS,2015,Macedonian,325,2.260453626025308e-06,143776451.0
RUS,2015,Mari,547605,0.003808725255014119,143776451.0
RUS,2015,Meadow-Eastern Mari,218,1.5162427399185142e-06,143776451.0
RUS,2015,Megrelian,600,4.17314515573903e-06,143776451.0
RUS,2015,Mennonite,4,2.7820967704926866e-08,143776451.0
RUS,2015,Meskhetian Turkish,4825,3.355904229406803e-05,143776451.0
RUS,2015,Mishari,786,5.466820154018129e-06,143776451.0
RUS,2015,Moksha,4767,3.315563826234659e-05,143776451.0
RUS,2015,Moldovan,156400,0.0010877998372626405,143776451.0
RUS,2015,Mongol,2986,2.0768352391727904e-05,143776451.0
RUS,2015,Montenegrian,181,1.2588987886479406e-06,143776451.0
RUS,2015,Mordovian,744237,0.005176348385452914,143776451.0
RUS,2015,Mordovian-Erzya,57008,0.00039650443173061767,143776451.0
RUS,2015,Mordovian-Moksha,4767,3.315563826234659e-05,143776451.0
RUS,2015,Mountain Jew,762,5.299894347788568e-06,143776451.0
RUS,2015,Mountain-Mari,23559,0.00016385854454009302,143776451.0
RUS,2015,Muncie,12269,8.533386319293693e-05,143776451.0
RUS,2015,Nagaibak,8148,5.6671311214936024e-05,143776451.0
RUS,2015,Nanai,12003,8.348376884055929e-05,143776451.0
RUS,2015,Negidal,513,3.5680391081568705e-06,143776451.0
RUS,2015,Nenet,44640,0.0003104819995869838,143776451.0
RUS,2015,Nganasan,862,5.9954185404117395e-06,143776451.0
RUS,2015,Nivkhi,4652,3.235578544082995e-05,143776451.0
RUS,2015,Nogai,103660,0.0007209803780731797,143776451.0
RUS,2015,Not Stated,66648,0.0004635529638994914,143776451.0
RUS,2015,Not specified,5629429,0.03915404060154468,143776451.0
RUS,2015,Orochi,596,4.145324188034103e-06,143776451.0
RUS,2015,Ossetian,528515,0.003675949686642356,143776451.0
RUS,2015,Ossetian-Digorian,223,1.5510189495496728e-06,143776451.0
RUS,2015,Ossetian-Ironian,48,3.338516124591224e-07,143776451.0
RUS,2015,Pakistani,507,3.52630765659948e-06,143776451.0
RUS,2015,Pamiri,363,2.5247528192221132e-06,143776451.0
RUS,2015,Persian,3696,2.5706574159352425e-05,143776451.0
RUS,2015,Polish,47125,0.00032776577577366963,143776451.0
RUS,2015,Refused to Respond,583747,0.004060101608711986,143776451.0
RUS,2015,Romani (Gypsy),204958,0.0014255324747166002,143776451.0
RUS,2015,Romani of Central Asia,49,3.408068543853541e-07,143776451.0
RUS,2015,Romanian,3201,2.2263729405867723e-05,143776451.0
RUS,2015,Romi-Permyak,94456,0.000656964331384143,143776451.0
RUS,2015,Russian,111016896,0.7721493695793061,143776451.0
RUS,2015,Rusyn,225,1.5649294334021363e-06,143776451.0
RUS,2015,Rutul,35240,0.0002451027254804057,143776451.0
RUS,2015,Sakha,478085,0.0033251968363024902,143776451.0
RUS,2015,Samia,1771,1.231773345135637e-05,143776451.0
RUS,2015,Selkup,3649,2.5379677788819535e-05,143776451.0
RUS,2015,Serbian,3510,2.4412899161073325e-05,143776451.0
RUS,2015,Seth People,214,1.4884217722135874e-06,143776451.0
RUS,2015,Shapsug,3882,2.7000249157631524e-05,143776451.0
RUS,2015,Shors,12888,8.963915794527436e-05,143776451.0
RUS,2015,Siberian-Tatarian,6779,4.714958501792481e-05,143776451.0
RUS,2015,Slovak,324,2.2534983840990763e-06,143776451.0
RUS,2015,Slovenian,1008,7.010883861641571e-06,143776451.0
RUS,2015,Soyot,3608,2.5094512869844034e-05,143776451.0
RUS,2015,Spaniard,1162,8.081991118281255e-06,143776451.0
RUS,2015,Svan,45,3.1298588668042724e-07,143776451.0
RUS,2015,Tabasaran,146360,0.001017969208323274,143776451.0
RUS,2015,Tadjik,200303,0.0013931558235499915,143776451.0
RUS,2015,Talish,2529,1.758980683144001e-05,143776451.0
RUS,2015,Tat People,1585,1.1024058453077271e-05,143776451.0
RUS,2015,Tatar,5310649,0.03693684858030054,143776451.0
RUS,2015,Tazi,274,1.9057362877874904e-06,143776451.0
RUS,2015,Telengit,3712,2.581785803017213e-05,143776451.0
RUS,2015,Teleut,2643,1.8382704411030426e-05,143776451.0
RUS,2015,Tindi,635,4.41657862315714e-06,143776451.0
RUS,2015,Todzhan,1858,1.292283949893853e-05,143776451.0
RUS,2015,Tophalar,762,5.299894347788568e-06,143776451.0
RUS,2015,Tsakhur,12769,8.881148415605279e-05,143776451.0
RUS,2015,Tubalar,1965,1.3667050385045323e-05,143776451.0
RUS,2015,Turkmenian,36885,0.00025654409844905684,143776451.0
RUS,2015,Turks,105058,0.0007307038062860517,143776451.0
RUS,2015,Tuva,263934,0.0018357248225580418,143776451.0
RUS,2015,Tuva-Todzhans,1858,1.292283949893853e-05,143776451.0
RUS,2015,Udge,1496,1.0405041921642648e-05,143776451.0
RUS,2015,Udin,4267,2.9678017299230736e-05,143776451.0
RUS,2015,Udmurt,552299,0.003841373160615851,143776451.0
RUS,2015,Uighur,3696,2.5706574159352425e-05,143776451.0
RUS,2015,Uilta People,295,2.0517963682383563e-06,143776451.0
RUS,2015,Ukrainian,1927988,0.013409622970871634,143776451.0
RUS,2015,Ulchi,2765,1.9231243926030697e-05,143776451.0
RUS,2015,Uzbek,289862,0.0020160603352213776,143776451.0
RUS,2015,Vep,5936,4.128631607411147e-05,143776451.0
RUS,2015,Vietnamese,13954,9.705344583863738e-05,143776451.0
RUS,2015,Vod,64,4.4513548327882985e-07,143776451.0
RUS,2015,Yazidi,40586,0.00028228544881804047,143776451.0
RUS,2015,Yugh,1,6.9552419262317165e-09,143776451.0
RUS,2015,Yukagir,1603,1.1149252807749442e-05,143776451.0
RUS,2020,Abaza,43341,0.00030144714032480884,143776451.0
RUS,2020,Abkhazian,11249,7.823951642818058e-05,143776451.0
RUS,2020,Adyghei,124835,0.0008682576258611363,143776451.0
RUS,2020,Adzharian,211,1.4675560464348923e-06,143776451.0
RUS,2020,Afgan,5350,3.721054430533968e-05,143776451.0
RUS,2020,Agul,34160,0.00023759106420007543,143776451.0
RUS,2020,Akhvakh,7930,5.515506847501751e-05,143776451.0
RUS,2020,Akkintsi,76,5.285983863936105e-07,143776451.0
RUS,2020,Aleut,482,3.3524266084436875e-06,143776451.0
RUS,2020,Altian,74238,0.0005163432501195901,143776451.0
RUS,2020,American,1572,1.0933640308036258e-05,143776451.0
RUS,2020,Andian,11789,8.19953470683457e-05,143776451.0
RUS,2020,Arab,9583,6.665208337907854e-05,143776451.0
RUS,2020,Archin,12,8.34629031147806e-08,143776451.0
RUS,2020,Armenian,1182388,0.008223794590673267,143776451.0
RUS,2020,Assyrian,11084,7.709190151035234e-05,143776451.0
RUS,2020,Astrakhan Tatars,7,4.8686693483622014e-08,143776451.0
RUS,2020,Avar,912090,0.006343806608496687,143776451.0
RUS,2020,Azerbaijani,603070,0.004194497748452561,143776451.0
RUS,2020,Bagvalal,5,3.4776209631158584e-08,143776451.0
RUS,2020,Balkan,112924,0.0007854137392777903,143776451.0
RUS,2020,Bashkir,1584554,0.011020956415178172,143776451.0
RUS,2020,Besermyan,2201,1.5308487479636007e-05,143776451.0
RUS,2020,Bezhta,5958,4.143933139648857e-05,143776451.0
RUS,2020,Bosnian,256,1.7805419331153194e-06,143776451.0
RUS,2020,Botlikh,3508,2.439898867722086e-05,143776451.0
RUS,2020,British,950,6.6074798299201305e-06,143776451.0
RUS,2020,Bulgarian,24038,0.000167190105422758,143776451.0
RUS,2020,Buryat,461389,0.0032090721171021256,143776451.0
RUS,2020,Byelorussian,521443,0.003626762215740045,143776451.0
RUS,2020,Central Asian Jew,32,2.2256774163941493e-07,143776451.0
RUS,2020,Chamalal,24,1.669258062295612e-07,143776451.0
RUS,2020,Chechen,1431436,0.009955983681917423,143776451.0
RUS,2020,Chelkanian,1181,8.214140714879657e-06,143776451.0
RUS,2020,Cherkesogais,6,4.17314515573903e-08,143776451.0
RUS,2020,Chinese,28943,0.00020130556707092457,143776451.0
RUS,2020,Chukchi,15908,0.00011064398856249414,143776451.0
RUS,2020,Chulym,355,2.4691108838122593e-06,143776451.0
RUS,2020,Chuvans,1002,6.96915241008418e-06,143776451.0
RUS,2020,Chuvash,1435872,0.009986837135102187,143776451.0
RUS,2020,Circassian,73184,0.000509012425129342,143776451.0
RUS,2020,Coast-Dwellers,3113,2.1651668116359332e-05,143776451.0
RUS,2020,Cossack,67573,0.0004699865626812558,143776451.0
RUS,2020,Crimean Tatars,2449,1.7033387477341473e-05,143776451.0
RUS,2020,Croatian,304,2.114393545574442e-06,143776451.0
RUS,2020,Cubans,676,4.70174354213264e-06,143776451.0
RUS,2020,Czech,1898,1.3201049175987798e-05,143776451.0
RUS,2020,Darghin,589386,0.004099322217934007,143776451.0
RUS,2020,Didoit,11683,8.125809142416514e-05,143776451.0
RUS,2020,Digorian,223,1.5510189495496728e-06,143776451.0
RUS,2020,Dolghan,7885,5.484208258833708e-05,143776451.0
RUS,2020,Dungan,1651,1.1483104420208564e-05,143776451.0
RUS,2020,Enet,227,1.5788399172545996e-06,143776451.0
RUS,2020,Erzya,57008,0.00039650443173061767,143776451.0
RUS,2020,Eskimo,1738,1.2088210467790723e-05,143776451.0
RUS,2020,Estonian,17875,0.00012432494943139194,143776451.0
RUS,2020,Even,22383,0.00015567918003484452,143776451.0
RUS,2020,Evenk,37843,0.0002632072202143868,143776451.0
RUS,2020,Finnish,20267,0.0001409618881189382,143776451.0
RUS,2020,French,1475,1.0258981841191782e-05,143776451.0
RUS,2020,Gagauz,13690,9.52172619701122e-05,143776451.0
RUS,2020,Georgian,157803,0.0010975580416851436,143776451.0
RUS,2020,Georgian Jew,78,5.425088702460739e-07,143776451.0
RUS,2020,German,394138,0.0027413251423211164,143776451.0
RUS,2020,Godoberi,427,2.9698883025009428e-06,143776451.0
RUS,2020,Greek,85640,0.0005956469185624842,143776451.0
RUS,2020,Greek-Urum,1,6.9552419262317165e-09,143776451.0
RUS,2020,Hemshils,2047,1.4237380222996323e-05,143776451.0
RUS,2020,Hinukh,443,3.0811721733206502e-06,143776451.0
RUS,2020,Hungarian,2781,1.9342527796850403e-05,143776451.0
RUS,2020,Hunzib,918,6.3849120882807155e-06,143776451.0
RUS,2020,Indian,4058,2.8224371736648306e-05,143776451.0
RUS,2020,Inghiloi,98,6.816137087707082e-07,143776451.0
RUS,2020,Ingrian,266,1.8500943523776366e-06,143776451.0
RUS,2020,Ingrian Finn,441,3.067261689468187e-06,143776451.0
RUS,2020,Ingushi,444833,0.003093921131771433,143776451.0
RUS,2020,Italian,1370,9.528681438937451e-06,143776451.0
RUS,2020,Itelmeu,3193,2.220808747045787e-05,143776451.0
RUS,2020,Izhemtsy,6420,4.465265316640762e-05,143776451.0
RUS,2020,Japanese,888,6.176254830493765e-06,143776451.0
RUS,2020,Jewish,156801,0.0010905888892750594,143776451.0
RUS,2020,Kabardian,516826,0.003594649863766633,143776451.0
RUS,2020,Kaitagian,7,4.8686693483622014e-08,143776451.0
RUS,2020,Kalmyk,183372,0.0012753966224969622,143776451.0
RUS,2020,Kamchadal,1927,1.3402751191848518e-05,143776451.0
RUS,2020,Kara-Kalpak,1466,1.0196384663855697e-05,143776451.0
RUS,2020,Karachai,218403,0.0015190457024147855,143776451.0
RUS,2020,Karaga                            ,16,1.1128387081970746e-07,143776451.0
RUS,2020,Karaite,205,1.4258245948775018e-06,143776451.0
RUS,2020,Karatin,4787,3.3294743100871225e-05,143776451.0
RUS,2020,Karelian,60815,0.0004229830377437818,143776451.0
RUS,2020,Kazak,647732,0.0045051327633619225,143776451.0
RUS,2020,Kerek,4,2.7820967704926866e-08,143776451.0
RUS,2020,Ket,1219,8.478439908076462e-06,143776451.0
RUS,2020,Khakass,72959,0.0005074474956959398,143776451.0
RUS,2020,Khanty,30943,0.000215216050923388,143776451.0
RUS,2020,Khvarshin,527,3.6654124951241147e-06,143776451.0
RUS,2020,Komi,228235,0.0015874296410334958,143776451.0
RUS,2020,Komi-Izhemtsy,6420,4.465265316640762e-05,143776451.0
RUS,2020,Korean,153156,0.0010652370324539448,143776451.0
RUS,2020,Koryak,7953,5.531503903932084e-05,143776451.0
RUS,2020,Kryashen,34822,0.00024219543435524083,143776451.0
RUS,2020,Krymchak,90,6.259717733608545e-07,143776451.0
RUS,2020,Kubachin,120,8.34629031147806e-07,143776451.0
RUS,2020,Kuman,2892,2.0114559650662124e-05,143776451.0
RUS,2020,Kumyk,503060,0.0034989040034101274,143776451.0
RUS,2020,Kurd,23232,0.00016158418043021525,143776451.0
RUS,2020,Kurmanji,42,2.921201609017321e-07,143776451.0
RUS,2020,Kyrgyz,103422,0.0007193250304947366,143776451.0
RUS,2020,Lak,178630,0.0012424148652827715,143776451.0
RUS,2020,Latgalian,1089,7.57425845766634e-06,143776451.0
RUS,2020,Latvian,18979,0.00013200353651795176,143776451.0
RUS,2020,Lazs,160,1.1128387081970747e-06,143776451.0
RUS,2020,Lezghin,473722,0.003294851115778341,143776451.0
RUS,2020,Lithuanian,31377,0.00021823462591937258,143776451.0
RUS,2020,Macedonian,325,2.260453626025308e-06,143776451.0
RUS,2020,Mari,547605,0.003808725255014119,143776451.0
RUS,2020,Meadow-Eastern Mari,218,1.5162427399185142e-06,143776451.0
RUS,2020,Megrelian,600,4.17314515573903e-06,143776451.0
RUS,2020,Mennonite,4,2.7820967704926866e-08,143776451.0
RUS,2020,Meskhetian Turkish,4825,3.355904229406803e-05,143776451.0
RUS,2020,Mishari,786,5.466820154018129e-06,143776451.0
RUS,2020,Moksha,4767,3.315563826234659e-05,143776451.0
RUS,2020,Moldovan,156400,0.0010877998372626405,143776451.0
RUS,2020,Mongol,2986,2.0768352391727904e-05,143776451.0
RUS,2020,Montenegrian,181,1.2588987886479406e-06,143776451.0
RUS,2020,Mordovian,744237,0.005176348385452914,143776451.0
RUS,2020,Mordovian-Erzya,57008,0.00039650443173061767,143776451.0
RUS,2020,Mordovian-Moksha,4767,3.315563826234659e-05,143776451.0
RUS,2020,Mountain Jew,762,5.299894347788568e-06,143776451.0
RUS,2020,Mountain-Mari,23559,0.00016385854454009302,143776451.0
RUS,2020,Muncie,12269,8.533386319293693e-05,143776451.0
RUS,2020,Nagaibak,8148,5.6671311214936024e-05,143776451.0
RUS,2020,Nanai,12003,8.348376884055929e-05,143776451.0
RUS,2020,Negidal,513,3.5680391081568705e-06,143776451.0
RUS,2020,Nenet,44640,0.0003104819995869838,143776451.0
RUS,2020,Nganasan,862,5.9954185404117395e-06,143776451.0
RUS,2020,Nivkhi,4652,3.235578544082995e-05,143776451.0
RUS,2020,Nogai,103660,0.0007209803780731797,143776451.0
RUS,2020,Not Stated,66648,0.0004635529638994914,143776451.0
RUS,2020,Not specified,5629429,0.03915404060154468,143776451.0
RUS,2020,Orochi,596,4.145324188034103e-06,143776451.0
RUS,2020,Ossetian,528515,0.003675949686642356,143776451.0
RUS,2020,Ossetian-Digorian,223,1.5510189495496728e-06,143776451.0
RUS,2020,Ossetian-Ironian,48,3.338516124591224e-07,143776451.0
RUS,2020,Pakistani,507,3.52630765659948e-06,143776451.0
RUS,2020,Pamiri,363,2.5247528192221132e-06,143776451.0
RUS,2020,Persian,3696,2.5706574159352425e-05,143776451.0
RUS,2020,Polish,47125,0.00032776577577366963,143776451.0
RUS,2020,Refused to Respond,583747,0.004060101608711986,143776451.0
RUS,2020,Romani (Gypsy),204958,0.0014255324747166002,143776451.0
RUS,2020,Romani of Central Asia,49,3.408068543853541e-07,143776451.0
RUS,2020,Romanian,3201,2.2263729405867723e-05,143776451.0
RUS,2020,Romi-Permyak,94456,0.000656964331384143,143776451.0
RUS,2020,Russian,111016896,0.7721493695793061,143776451.0
RUS,2020,Rusyn,225,1.5649294334021363e-06,143776451.0
RUS,2020,Rutul,35240,0.0002451027254804057,143776451.0
RUS,2020,Sakha,478085,0.0033251968363024902,143776451.0
RUS,2020,Samia,1771,1.231773345135637e-05,143776451.0
RUS,2020,Selkup,3649,2.5379677788819535e-05,143776451.0
RUS,2020,Serbian,3510,2.4412899161073325e-05,143776451.0
RUS,2020,Seth People,214,1.4884217722135874e-06,143776451.0
RUS,2020,Shapsug,3882,2.7000249157631524e-05,143776451.0
RUS,2020,Shors,12888,8.963915794527436e-05,143776451.0
RUS,2020,Siberian-Tatarian,6779,4.714958501792481e-05,143776451.0
RUS,2020,Slovak,324,2.2534983840990763e-06,143776451.0
RUS,2020,Slovenian,1008,7.010883861641571e-06,143776451.0
RUS,2020,Soyot,3608,2.5094512869844034e-05,143776451.0
RUS,2020,Spaniard,1162,8.081991118281255e-06,143776451.0
RUS,2020,Svan,45,3.1298588668042724e-07,143776451.0
RUS,2020,Tabasaran,146360,0.001017969208323274,143776451.0
RUS,2020,Tadjik,200303,0.0013931558235499915,143776451.0
RUS,2020,Talish,2529,1.758980683144001e-05,143776451.0
RUS,2020,Tat People,1585,1.1024058453077271e-05,143776451.0
RUS,2020,Tatar,5310649,0.03693684858030054,143776451.0
RUS,2020,Tazi,274,1.9057362877874904e-06,143776451.0
RUS,2020,Telengit,3712,2.581785803017213e-05,143776451.0
RUS,2020,Teleut,2643,1.8382704411030426e-05,143776451.0
RUS,2020,Tindi,635,4.41657862315714e-06,143776451.0
RUS,2020,Todzhan,1858,1.292283949893853e-05,143776451.0
RUS,2020,Tophalar,762,5.299894347788568e-06,143776451.0
RUS,2020,Tsakhur,12769,8.881148415605279e-05,143776451.0
RUS,2020,Tubalar,1965,1.3667050385045323e-05,143776451.0
RUS,2020,Turkmenian,36885,0.00025654409844905684,143776451.0
RUS,2020,Turks,105058,0.0007307038062860517,143776451.0
RUS,2020,Tuva,263934,0.0018357248225580418,143776451.0
RUS,2020,Tuva-Todzhans,1858,1.292283949893853e-05,143776451.0
RUS,2020,Udge,1496,1.0405041921642648e-05,143776451.0
RUS,2020,Udin,4267,2.9678017299230736e-05,143776451.0
RUS,2020,Udmurt,552299,0.003841373160615851,143776451.0
RUS,2020,Uighur,3696,2.5706574159352425e-05,143776451.0
RUS,2020,Uilta People,295,2.0517963682383563e-06,143776451.0
RUS,2020,Ukrainian,1927988,0.013409622970871634,143776451.0
RUS,2020,Ulchi,2765,1.9231243926030697e-05,143776451.0
RUS,2020,Uzbek,289862,0.0020160603352213776,143776451.0
RUS,2020,Vep,5936,4.128631607411147e-05,143776451.0
RUS,2020,Vietnamese,13954,9.705344583863738e-05,143776451.0
RUS,2020,Vod,64,4.4513548327882985e-07,143776451.0
RUS,2020,Yazidi,40586,0.00028228544881804047,143776451.0
RUS,2020,Yugh,1,6.9552419262317165e-09,143776451.0
RUS,2020,Yukagir,1603,1.1149252807749442e-05,143776451.0
RUS,2024,Abaza,43341,0.0003014471403248089,143776451.0
RUS,2024,Abkhazian,11249,7.82395164281806e-05,143776451.0
RUS,2024,Adyghei,124835,0.0008682576258611365,143776451.0
RUS,2024,Adzharian,211,1.4675560464348925e-06,143776451.0
RUS,2024,Afgan,5350,3.721054430533969e-05,143776451.0
RUS,2024,Agul,34160,0.00023759106420007545,143776451.0
RUS,2024,Akhvakh,7930,5.5155068475017516e-05,143776451.0
RUS,2024,Akkintsi,76,5.285983863936106e-07,143776451.0
RUS,2024,Aleut,482,3.352426608443688e-06,143776451.0
RUS,2024,Altian,74238,0.0005163432501195902,143776451.0
RUS,2024,American,1572,1.093364030803626e-05,143776451.0
RUS,2024,Andian,11789,8.199534706834572e-05,143776451.0
RUS,2024,Arab,9583,6.665208337907856e-05,143776451.0
RUS,2024,Archin,12,8.346290311478062e-08,143776451.0
RUS,2024,Armenian,1182388,0.008223794590673269,143776451.0
RUS,2024,Assyrian,11084,7.709190151035236e-05,143776451.0
RUS,2024,Astrakhan Tatars,7,4.868669348362202e-08,143776451.0
RUS,2024,Avar,912090,0.0063438066084966875,143776451.0
RUS,2024,Azerbaijani,603070,0.004194497748452562,143776451.0
RUS,2024,Bagvalal,5,3.477620963115859e-08,143776451.0
RUS,2024,Balkan,112924,0.0007854137392777905,143776451.0
RUS,2024,Bashkir,1584554,0.011020956415178173,143776451.0
RUS,2024,Besermyan,2201,1.530848747963601e-05,143776451.0
RUS,2024,Bezhta,5958,4.1439331396488573e-05,143776451.0
RUS,2024,Bosnian,256,1.7805419331153196e-06,143776451.0
RUS,2024,Botlikh,3508,2.4398988677220865e-05,143776451.0
RUS,2024,British,950,6.607479829920131e-06,143776451.0
RUS,2024,Bulgarian,24038,0.00016719010542275804,143776451.0
RUS,2024,Buryat,461389,0.003209072117102126,143776451.0
RUS,2024,Byelorussian,521443,0.0036267622157400456,143776451.0
RUS,2024,Central Asian Jew,32,2.2256774163941495e-07,143776451.0
RUS,2024,Chamalal,24,1.6692580622956123e-07,143776451.0
RUS,2024,Chechen,1431436,0.009955983681917425,143776451.0
RUS,2024,Chelkanian,1181,8.214140714879659e-06,143776451.0
RUS,2024,Cherkesogais,6,4.173145155739031e-08,143776451.0
RUS,2024,Chinese,28943,0.0002013055670709246,143776451.0
RUS,2024,Chukchi,15908,0.00011064398856249416,143776451.0
RUS,2024,Chulym,355,2.4691108838122597e-06,143776451.0
RUS,2024,Chuvans,1002,6.969152410084181e-06,143776451.0
RUS,2024,Chuvash,1435872,0.009986837135102188,143776451.0
RUS,2024,Circassian,73184,0.0005090124251293421,143776451.0
RUS,2024,Coast-Dwellers,3113,2.1651668116359336e-05,143776451.0
RUS,2024,Cossack,67573,0.00046998656268125585,143776451.0
RUS,2024,Crimean Tatars,2449,1.7033387477341477e-05,143776451.0
RUS,2024,Croatian,304,2.1143935455744423e-06,143776451.0
RUS,2024,Cubans,676,4.701743542132641e-06,143776451.0
RUS,2024,Czech,1898,1.32010491759878e-05,143776451.0
RUS,2024,Darghin,589386,0.0040993222179340075,143776451.0
RUS,2024,Didoit,11683,8.125809142416515e-05,143776451.0
RUS,2024,Digorian,223,1.551018949549673e-06,143776451.0
RUS,2024,Dolghan,7885,5.484208258833709e-05,143776451.0
RUS,2024,Dungan,1651,1.1483104420208566e-05,143776451.0
RUS,2024,Enet,227,1.5788399172545998e-06,143776451.0
RUS,2024,Erzya,57008,0.0003965044317306177,143776451.0
RUS,2024,Eskimo,1738,1.2088210467790724e-05,143776451.0
RUS,2024,Estonian,17875,0.00012432494943139197,143776451.0
RUS,2024,Even,22383,0.00015567918003484455,143776451.0
RUS,2024,Evenk,37843,0.0002632072202143869,143776451.0
RUS,2024,Finnish,20267,0.00014096188811893822,143776451.0
RUS,2024,French,1475,1.0258981841191784e-05,143776451.0
RUS,2024,Gagauz,13690,9.521726197011221e-05,143776451.0
RUS,2024,Georgian,157803,0.0010975580416851438,143776451.0
RUS,2024,Georgian Jew,78,5.42508870246074e-07,143776451.0
RUS,2024,German,394138,0.002741325142321117,143776451.0
RUS,2024,Godoberi,427,2.969888302500943e-06,143776451.0
RUS,2024,Greek,85640,0.0005956469185624843,143776451.0
RUS,2024,Greek-Urum,1,6.955241926231717e-09,143776451.0
RUS,2024,Hemshils,2047,1.4237380222996325e-05,143776451.0
RUS,2024,Hinukh,443,3.0811721733206507e-06,143776451.0
RUS,2024,Hungarian,2781,1.9342527796850406e-05,143776451.0
RUS,2024,Hunzib,918,6.384912088280716e-06,143776451.0
RUS,2024,Indian,4058,2.822437173664831e-05,143776451.0
RUS,2024,Inghiloi,98,6.816137087707083e-07,143776451.0
RUS,2024,Ingrian,266,1.8500943523776369e-06,143776451.0
RUS,2024,Ingrian Finn,441,3.0672616894681874e-06,143776451.0
RUS,2024,Ingushi,444833,0.0030939211317714335,143776451.0
RUS,2024,Italian,1370,9.528681438937453e-06,143776451.0
RUS,2024,Itelmeu,3193,2.2208087470457874e-05,143776451.0
RUS,2024,Izhemtsy,6420,4.4652653166407624e-05,143776451.0
RUS,2024,Japanese,888,6.1762548304937655e-06,143776451.0
RUS,2024,Jewish,156801,0.0010905888892750596,143776451.0
RUS,2024,Kabardian,516826,0.0035946498637666334,143776451.0
RUS,2024,Kaitagian,7,4.868669348362202e-08,143776451.0
RUS,2024,Kalmyk,183372,0.0012753966224969624,143776451.0
RUS,2024,Kamchadal,1927,1.340275119184852e-05,143776451.0
RUS,2024,Kara-Kalpak,1466,1.0196384663855698e-05,143776451.0
RUS,2024,Karachai,218403,0.0015190457024147857,143776451.0
RUS,2024,Karaga                            ,16,1.1128387081970748e-07,143776451.0
RUS,2024,Karaite,205,1.425824594877502e-06,143776451.0
RUS,2024,Karatin,4787,3.329474310087123e-05,143776451.0
RUS,2024,Karelian,60815,0.0004229830377437819,143776451.0
RUS,2024,Kazak,647732,0.004505132763361923,143776451.0
RUS,2024,Kerek,4,2.782096770492687e-08,143776451.0
RUS,2024,Ket,1219,8.478439908076464e-06,143776451.0
RUS,2024,Khakass,72959,0.0005074474956959399,143776451.0
RUS,2024,Khanty,30943,0.00021521605092338802,143776451.0
RUS,2024,Khvarshin,527,3.665412495124115e-06,143776451.0
RUS,2024,Komi,228235,0.001587429641033496,143776451.0
RUS,2024,Komi-Izhemtsy,6420,4.4652653166407624e-05,143776451.0
RUS,2024,Korean,153156,0.001065237032453945,143776451.0
RUS,2024,Koryak,7953,5.531503903932085e-05,143776451.0
RUS,2024,Kryashen,34822,0.00024219543435524086,143776451.0
RUS,2024,Krymchak,90,6.259717733608546e-07,143776451.0
RUS,2024,Kubachin,120,8.346290311478061e-07,143776451.0
RUS,2024,Kuman,2892,2.0114559650662128e-05,143776451.0
RUS,2024,Kumyk,503060,0.003498904003410128,143776451.0
RUS,2024,Kurd,23232,0.00016158418043021527,143776451.0
RUS,2024,Kurmanji,42,2.9212016090173216e-07,143776451.0
RUS,2024,Kyrgyz,103422,0.0007193250304947367,143776451.0
RUS,2024,Lak,178630,0.0012424148652827717,143776451.0
RUS,2024,Latgalian,1089,7.5742584576663405e-06,143776451.0
RUS,2024,Latvian,18979,0.0001320035365179518,143776451.0
RUS,2024,Lazs,160,1.112838708197075e-06,143776451.0
RUS,2024,Lezghin,473722,0.0032948511157783415,143776451.0
RUS,2024,Lithuanian,31377,0.0002182346259193726,143776451.0
RUS,2024,Macedonian,325,2.2604536260253084e-06,143776451.0
RUS,2024,Mari,547605,0.0038087252550141194,143776451.0
RUS,2024,Meadow-Eastern Mari,218,1.5162427399185144e-06,143776451.0
RUS,2024,Megrelian,600,4.173145155739031e-06,143776451.0
RUS,2024,Mennonite,4,2.782096770492687e-08,143776451.0
RUS,2024,Meskhetian Turkish,4825,3.3559042294068037e-05,143776451.0
RUS,2024,Mishari,786,5.46682015401813e-06,143776451.0
RUS,2024,Moksha,4767,3.31556382623466e-05,143776451.0
RUS,2024,Moldovan,156400,0.0010877998372626407,143776451.0
RUS,2024,Mongol,2986,2.0768352391727908e-05,143776451.0
RUS,2024,Montenegrian,181,1.2588987886479408e-06,143776451.0
RUS,2024,Mordovian,744237,0.005176348385452915,143776451.0
RUS,2024,Mordovian-Erzya,57008,0.0003965044317306177,143776451.0
RUS,2024,Mordovian-Moksha,4767,3.31556382623466e-05,143776451.0
RUS,2024,Mountain Jew,762,5.299894347788569e-06,143776451.0
RUS,2024,Mountain-Mari,23559,0.00016385854454009305,143776451.0
RUS,2024,Muncie,12269,8.533386319293695e-05,143776451.0
RUS,2024,Nagaibak,8148,5.667131121493603e-05,143776451.0
RUS,2024,Nanai,12003,8.34837688405593e-05,143776451.0
RUS,2024,Negidal,513,3.568039108156871e-06,143776451.0
RUS,2024,Nenet,44640,0.00031048199958698386,143776451.0
RUS,2024,Nganasan,862,5.99541854041174e-06,143776451.0
RUS,2024,Nivkhi,4652,3.2355785440829954e-05,143776451.0
RUS,2024,Nogai,103660,0.0007209803780731798,143776451.0
RUS,2024,Not Stated,66648,0.00046355296389949147,143776451.0
RUS,2024,Not specified,5629429,0.03915404060154469,143776451.0
RUS,2024,Orochi,596,4.145324188034104e-06,143776451.0
RUS,2024,Ossetian,528515,0.0036759496866423562,143776451.0
RUS,2024,Ossetian-Digorian,223,1.551018949549673e-06,143776451.0
RUS,2024,Ossetian-Ironian,48,3.3385161245912247e-07,143776451.0
RUS,2024,Pakistani,507,3.5263076565994806e-06,143776451.0
RUS,2024,Pamiri,363,2.5247528192221136e-06,143776451.0
RUS,2024,Persian,3696,2.5706574159352428e-05,143776451.0
RUS,2024,Polish,47125,0.0003277657757736697,143776451.0
RUS,2024,Refused to Respond,583747,0.004060101608711987,143776451.0
RUS,2024,Romani (Gypsy),204958,0.0014255324747166004,143776451.0
RUS,2024,Romani of Central Asia,49,3.4080685438535416e-07,143776451.0
RUS,2024,Romanian,3201,2.2263729405867727e-05,143776451.0
RUS,2024,Romi-Permyak,94456,0.0006569643313841431,143776451.0
RUS,2024,Russian,111016896,0.7721493695793062,143776451.0
RUS,2024,Rusyn,225,1.5649294334021365e-06,143776451.0
RUS,2024,Rutul,35240,0.00024510272548040576,143776451.0
RUS,2024,Sakha,478085,0.0033251968363024907,143776451.0
RUS,2024,Samia,1771,1.2317733451356372e-05,143776451.0
RUS,2024,Selkup,3649,2.5379677788819538e-05,143776451.0
RUS,2024,Serbian,3510,2.441289916107333e-05,143776451.0
RUS,2024,Seth People,214,1.4884217722135876e-06,143776451.0
RUS,2024,Shapsug,3882,2.7000249157631527e-05,143776451.0
RUS,2024,Shors,12888,8.963915794527437e-05,143776451.0
RUS,2024,Siberian-Tatarian,6779,4.7149585017924815e-05,143776451.0
RUS,2024,Slovak,324,2.2534983840990768e-06,143776451.0
RUS,2024,Slovenian,1008,7.0108838616415714e-06,143776451.0
RUS,2024,Soyot,3608,2.5094512869844037e-05,143776451.0
RUS,2024,Spaniard,1162,8.081991118281256e-06,143776451.0
RUS,2024,Svan,45,3.129858866804273e-07,143776451.0
RUS,2024,Tabasaran,146360,0.0010179692083232743,143776451.0
RUS,2024,Tadjik,200303,0.0013931558235499917,143776451.0
RUS,2024,Talish,2529,1.7589806831440015e-05,143776451.0
RUS,2024,Tat People,1585,1.1024058453077273e-05,143776451.0
RUS,2024,Tatar,5310649,0.036936848580300545,143776451.0
RUS,2024,Tazi,274,1.9057362877874906e-06,143776451.0
RUS,2024,Telengit,3712,2.5817858030172134e-05,143776451.0
RUS,2024,Teleut,2643,1.838270441103043e-05,143776451.0
RUS,2024,Tindi,635,4.416578623157141e-06,143776451.0
RUS,2024,Todzhan,1858,1.2922839498938531e-05,143776451.0
RUS,2024,Tophalar,762,5.299894347788569e-06,143776451.0
RUS,2024,Tsakhur,12769,8.88114841560528e-05,143776451.0
RUS,2024,Tubalar,1965,1.3667050385045325e-05,143776451.0
RUS,2024,Turkmenian,36885,0.0002565440984490569,143776451.0
RUS,2024,Turks,105058,0.0007307038062860518,143776451.0
RUS,2024,Tuva,263934,0.001835724822558042,143776451.0
RUS,2024,Tuva-Todzhans,1858,1.2922839498938531e-05,143776451.0
RUS,2024,Udge,1496,1.040504192164265e-05,143776451.0
RUS,2024,Udin,4267,2.967801729923074e-05,143776451.0
RUS,2024,Udmurt,552299,0.0038413731606158513,143776451.0
RUS,2024,Uighur,3696,2.5706574159352428e-05,143776451.0
RUS,2024,Uilta People,295,2.0517963682383567e-06,143776451.0
RUS,2024,Ukrainian,1927988,0.013409622970871636,143776451.0
RUS,2024,Ulchi,2765,1.92312439260307e-05,143776451.0
RUS,2024,Uzbek,289862,0.002016060335221378,143776451.0
RUS,2024,Vep,5936,4.1286316074111475e-05,143776451.0
RUS,2024,Vietnamese,13954,9.705344583863739e-05,143776451.0
RUS,2024,Vod,64,4.451354832788299e-07,143776451.0
RUS,2024,Yazidi,40586,0.0002822854488180405,143776451.0
RUS,2024,Yugh,1,6.955241926231717e-09,143776451.0
RUS,2024,Yukagir,1603,1.1149252807749443e-05,143776451.0
SGP,2000,Chinese,2513847,0.767970738350742,3273363.0
SGP,2000,Indian,257866,0.07877708643984795,3273363.0
SGP,2000,Malay,455207,0.1390640145929431,3273363.0
SGP,2000,Other,46443,0.014188160616466917,3273363.0
SGP,2005,Chinese,2657302,0.7543706654366799,3522542.0
SGP,2005,Indian,301308,0.08553710510984107,3522542.0
SGP,2005,Malay,480219,0.13632750993306636,3522542.0
SGP,2005,Other,83712,0.023764719520412727,3522542.0
SGP,2010,Chinese,2793980,0.7407705925226177,3771721.0
SGP,2010,Indian,348119,0.09229712377983419,3771721.0
SGP,2010,Malay,503868,0.13359100527318962,3771721.0
SGP,2010,Other,125754,0.033341278424358536,3771721.0
SGP,2015,Chinese,2900190,0.742122792583211,3907965.5
SGP,2015,Indian,355382,0.09093777906706665,3907965.5
SGP,2015,Malay,524595,0.13423735160091665,3907965.5
SGP,2015,Other,127799,0.03270207674880571,3907965.5
SGP,2020,Chinese,3006769,0.7434749926438043,4044210.0
SGP,2020,Indian,362274,0.0895784343542991,4044210.0
SGP,2020,Malay,545498,0.13488369792864366,4044210.0
SGP,2020,Other,129669,0.032062875073252874,4044210.0
SGP,2024,Chinese,3107512,0.7335917525108638,4236024.233333349
SGP,2024,Indian,400072,0.09444515839811016,4236024.233333349
SGP,2024,Malay,563052,0.1329200175999157,4236024.233333349
SGP,2024,Other,165387,0.0390430714911103,4236024.233333349
SLV,2000,Black,7441,0.0012954132343844908,5744113.0
SLV,2000,Kakawira,4165,0.0007250901923412719,5744113.0
SLV,2000,Lenca,2012,0.00035027166074205014,5744113.0
SLV,2000,Mestizo,4959210,0.8633552299545639,5744113.0
SLV,2000,Nahua-Pipil,3539,0.0006161090493867373,5744113.0
SLV,2000,Other,32450,0.005649262122802946,5744113.0
SLV,2000,Other Indigenous,3594,0.0006256840699338609,5744113.0
SLV,2000,White,731702,0.12738293971584472,5744113.0
SLV,2005,Black,7441,0.0012954132343844908,5744113.0
SLV,2005,Kakawira,4165,0.0007250901923412719,5744113.0
SLV,2005,Lenca,2012,0.00035027166074205014,5744113.0
SLV,2005,Mestizo,4959210,0.8633552299545639,5744113.0
SLV,2005,Nahua-Pipil,3539,0.0006161090493867373,5744113.0
SLV,2005,Other,32450,0.005649262122802946,5744113.0
SLV,2005,Other Indigenous,3594,0.0006256840699338609,5744113.0
SLV,2005,White,731702,0.12738293971584472,5744113.0
SLV,2010,Black,7441,0.0012954132343844908,5744113.0
SLV,2010,Kakawira,4165,0.0007250901923412719,5744113.0
SLV,2010,Lenca,2012,0.00035027166074205014,5744113.0
SLV,2010,Mestizo,4959210,0.8633552299545639,5744113.0
SLV,2010,Nahua-Pipil,3539,0.0006161090493867373,5744113.0
SLV,2010,Other,32450,0.005649262122802946,5744113.0
SLV,2010,Other Indigenous,3594,0.0006256840699338609,5744113.0
SLV,2010,White,731702,0.12738293971584472,5744113.0
SLV,2015,Black,7441,0.0012954132343844908,5744113.0
SLV,2015,Kakawira,4165,0.0007250901923412719,5744113.0
SLV,2015,Lenca,2012,0.00035027166074205014,5744113.0
SLV,2015,Mestizo,4959210,0.8633552299545639,5744113.0
SLV,2015,Nahua-Pipil,3539,0.0006161090493867373,5744113.0
SLV,2015,Other,32450,0.005649262122802946,5744113.0
SLV,2015,Other Indigenous,3594,0.0006256840699338609,5744113.0
SLV,2015,White,731702,0.12738293971584472,5744113.0
SLV,2020,Black,7441,0.0012954132343844908,5744113.0
SLV,2020,Kakawira,4165,0.0007250901923412719,5744113.0
SLV,2020,Lenca,2012,0.00035027166074205014,5744113.0
SLV,2020,Mestizo,4959210,0.8633552299545639,5744113.0
SLV,2020,Nahua-Pipil,3539,0.0006161090493867373,5744113.0
SLV,2020,Other,32450,0.005649262122802946,5744113.0
SLV,2020,Other Indigenous,3594,0.0006256840699338609,5744113.0
SLV,2020,White,731702,0.12738293971584472,5744113.0
SLV,2024,Black,7441,0.0012954132343844908,5744113.0
SLV,2024,Kakawira,4165,0.0007250901923412719,5744113.0
SLV,2024,Lenca,2012,0.00035027166074205014,5744113.0
SLV,2024,Mestizo,4959210,0.8633552299545639,5744113.0
SLV,2024,Nahua-Pipil,3539,0.0006161090493867373,5744113.0
SLV,2024,Other,32450,0.005649262122802946,5744113.0
SLV,2024,Other Indigenous,3594,0.0006256840699338609,5744113.0
SLV,2024,White,731702,0.12738293971584472,5744113.0
THA,2000,Bangladeshi,1949,3.218896099318915e-05,60548708.0
THA,2000,Cambodian,18718,0.00030913954431529737,60548708.0
THA,2000,Chinese,141649,0.0023394223374675477,60548708.0
THA,2000,Indian,9112,0.00015049041178550004,60548708.0
THA,2000,Japanese,9971,0.0001646773371283166,60548708.0
THA,2000,Korean,1262,2.084272384474331e-05,60548708.0
THA,2000,Laotian,29137,0.00048121588325220744,60548708.0
THA,2000,Myanmar,108540,0.001792606375680221,60548708.0
THA,2000,Nepalese,13492,0.00022282886696773117,60548708.0
THA,2000,Pakistani,2921,4.824215241719113e-05,60548708.0
THA,2000,Philippine Native,1264,2.0875755102817387e-05,60548708.0
THA,2000,Sri Lankan,10164,0.00016786485353246513,60548708.0
THA,2000,Thai,60192193,0.99411193051386,60548708.0
THA,2000,Unknown,526501,0.008695492182153226,60548708.0
THA,2000,Vietnamese,8336,0.0001376742836527577,60548708.0
THA,2005,Bangladeshi,4735,7.483807771351209e-05,63265183.5
THA,2005,Cambodian,144648,0.002286381886793929,63265183.5
THA,2005,Chinese,141911,0.0022431079440406814,63265183.5
THA,2005,Indian,26868,0.0004246832216904431,63265183.5
THA,2005,Japanese,44021,0.0006958121794378391,63265183.5
THA,2005,Korean,7644,0.00012082325406030653,63265183.5
THA,2005,Laotian,121868,0.0019263112368403084,63265183.5
THA,2005,Myanmar,676523,0.010693442420122828,63265183.5
THA,2005,Nepalese,14097,0.00022282886696773117,63265183.5
THA,2005,Pakistani,4164,6.582205859826237e-05,63265183.5
THA,2005,Philippine Native,9089,0.0001436642943045855,63265183.5
THA,2005,Sri Lankan,10620,0.00016786485353246513,63265183.5
THA,2005,Thai,61783471,0.9765793431095542,63265183.5
THA,2005,Unknown,550122,0.008695492182153226,63265183.5
THA,2005,Vietnamese,12822,0.00020267736551641974,63265183.5
THA,2010,Bangladeshi,7752,0.00011748719443383502,65981659.0
THA,2010,Cambodian,281321,0.004263624229272562,65981659.0
THA,2010,Chinese,141649,0.002146793550613815,65981659.0
THA,2010,Indian,46113,0.0006988760315953862,65981659.0
THA,2010,Japanese,80956,0.0012269470217473617,65981659.0
THA,2010,Korean,14569,0.00022080378427586975,65981659.0
THA,2010,Laotian,222451,0.0033714065904284097,65981659.0
THA,2010,Myanmar,1292863,0.019594278464565434,65981659.0
THA,2010,Nepalese,14703,0.00022282886696773117,65981659.0
THA,2010,Pakistani,5503,8.340196477933361e-05,65981659.0
THA,2010,Philippine Native,17581,0.00026645283350635365,65981659.0
THA,2010,Sri Lankan,11076,0.00016786485353246513,65981659.0
THA,2010,Thai,63279496,0.9590467557052483,65981659.0
THA,2010,Unknown,573743,0.008695492182153226,65981659.0
THA,2010,Vietnamese,17662,0.0002676804473800818,65981659.0
THA,2015,Bangladeshi,7752,0.00011748719443383502,65981659.0
THA,2015,Cambodian,281321,0.004263624229272562,65981659.0
THA,2015,Chinese,141649,0.002146793550613815,65981659.0
THA,2015,Indian,46113,0.0006988760315953862,65981659.0
THA,2015,Japanese,80956,0.0012269470217473617,65981659.0
THA,2015,Korean,14569,0.00022080378427586975,65981659.0
THA,2015,Laotian,222451,0.0033714065904284097,65981659.0
THA,2015,Myanmar,1292863,0.019594278464565434,65981659.0
THA,2015,Nepalese,14703,0.00022282886696773117,65981659.0
THA,2015,Pakistani,5503,8.340196477933361e-05,65981659.0
THA,2015,Philippine Native,17581,0.00026645283350635365,65981659.0
THA,2015,Sri Lankan,11076,0.00016786485353246513,65981659.0
THA,2015,Thai,63279496,0.9590467557052483,65981659.0
THA,2015,Unknown,573743,0.008695492182153226,65981659.0
THA,2015,Vietnamese,17662,0.0002676804473800818,65981659.0
THA,2020,Bangladeshi,7752,0.00011748719443383502,65981659.0
THA,2020,Cambodian,281321,0.004263624229272562,65981659.0
THA,2020,Chinese,141649,0.002146793550613815,65981659.0
THA,2020,Indian,46113,0.0006988760315953862,65981659.0
THA,2020,Japanese,80956,0.0012269470217473617,65981659.0
THA,2020,Korean,14569,0.00022080378427586975,65981659.0
THA,2020,Laotian,222451,0.0033714065904284097,65981659.0
THA,2020,Myanmar,1292863,0.019594278464565434,65981659.0
THA,2020,Nepalese,14703,0.00022282886696773117,65981659.0
THA,2020,Pakistani,5503,8.340196477933361e-05,65981659.0
THA,2020,Philippine Native,17581,0.00026645283350635365,65981659.0
THA,2020,Sri Lankan,11076,0.00016786485353246513,65981659.0
THA,2020,Thai,63279496,0.9590467557052483,65981659.0
THA,2020,Unknown,573743,0.008695492182153226,65981659.0
THA,2020,Vietnamese,17662,0.0002676804473800818,65981659.0
THA,2024,Bangladeshi,17631,0.00023959683709278245,73587790.39999998
THA,2024,Cambodian,729348,0.009911266012243673,73587790.39999998
THA,2024,Chinese,139702,0.0018984442140087036,73587790.39999998
THA,2024,Indian,109151,0.0014832820927082845,73587790.39999998
THA,2024,Japanese,201996,0.002744967096737536,73587790.39999998
THA,2024,Korean,37268,0.0005064396368574469,73587790.39999998
THA,2024,Laotian,552053,0.007501965849753825,73587790.39999998
THA,2024,Myanmar,3313106,0.04502249320890384,73587790.39999998
THA,2024,Nepalese,16584,0.00022536102892575923,73587790.39999998
THA,2024,Pakistani,9871,0.000134132821707097,73587790.39999998
THA,2024,Philippine Native,45418,0.0006171955675587353,73587790.39999998
THA,2024,Sri Lankan,12493,0.00016977242054561344,73587790.39999998
THA,2024,Thai,67722548,0.9202959787938094,73587790.39999998
THA,2024,Unknown,647153,0.008794305207635994,73587790.39999998
THA,2024,Vietnamese,33468,0.00045479921151126974,73587790.39999998
TTO,2000,African,452536,0.34217007032642316,1322547.0
TTO,2000,Caucasian,7832,0.005921906745091101,1322547.0
TTO,2000,Chinese,4003,0.0030267355337844325,1322547.0
TTO,2000,East Indian,468524,0.35425886565846054,1322547.0
TTO,2000,Indigenous,1394,0.0010540268134138144,1322547.0
TTO,2000,Mixed,301866,0.228245952695821,1322547.0
TTO,2000,Other,2280,0.0017239462945362245,1322547.0
TTO,2000,Portuguese,837,0.0006328697581257981,1322547.0
TTO,2000,"Syrian, Lebanese or Arab",1029,0.0007780441829288487,1322547.0
TTO,2000,Unknown,82246,0.06218758199141505,1322547.0
TTO,2005,African,452536,0.34217007032642316,1322547.0
TTO,2005,Caucasian,7832,0.005921906745091101,1322547.0
TTO,2005,Chinese,4003,0.0030267355337844325,1322547.0
TTO,2005,East Indian,468524,0.35425886565846054,1322547.0
TTO,2005,Indigenous,1394,0.0010540268134138144,1322547.0
TTO,2005,Mixed,301866,0.228245952695821,1322547.0
TTO,2005,Other,2280,0.0017239462945362245,1322547.0
TTO,2005,Portuguese,837,0.0006328697581257981,1322547.0
TTO,2005,"Syrian, Lebanese or Arab",1029,0.0007780441829288487,1322547.0
TTO,2005,Unknown,82246,0.06218758199141505,1322547.0
TTO,2010,African,452536,0.34217007032642316,1322547.0
TTO,2010,Caucasian,7832,0.005921906745091101,1322547.0
TTO,2010,Chinese,4003,0.0030267355337844325,1322547.0
TTO,2010,East Indian,468524,0.35425886565846054,1322547.0
TTO,2010,Indigenous,1394,0.0010540268134138144,1322547.0
TTO,2010,Mixed,301866,0.228245952695821,1322547.0
TTO,2010,Other,2280,0.0017239462945362245,1322547.0
TTO,2010,Portuguese,837,0.0006328697581257981,1322547.0
TTO,2010,"Syrian, Lebanese or Arab",1029,0.0007780441829288487,1322547.0
TTO,2010,Unknown,82246,0.06218758199141505,1322547.0
TTO,2015,African,452536,0.34217007032642316,1322547.0
TTO,2015,Caucasian,7832,0.005921906745091101,1322547.0
TTO,2015,Chinese,4003,0.0030267355337844325,1322547.0
TTO,2015,East Indian,468524,0.35425886565846054,1322547.0
TTO,2015,Indigenous,1394,0.0010540268134138144,1322547.0
TTO,2015,Mixed,301866,0.228245952695821,1322547.0
TTO,2015,Other,2280,0.0017239462945362245,1322547.0
TTO,2015,Portuguese,837,0.0006328697581257981,1322547.0
TTO,2015,"Syrian, Lebanese or Arab",1029,0.0007780441829288487,1322547.0
TTO,2015,Unknown,82246,0.06218758199141505,1322547.0
TTO,2020,African,452536,0.34217007032642316,1322547.0
TTO,2020,Caucasian,7832,0.005921906745091101,1322547.0
TTO,2020,Chinese,4003,0.0030267355337844325,1322547.0
TTO,2020,East Indian,468524,0.35425886565846054,1322547.0
TTO,2020,Indigenous,1394,0.0010540268134138144,1322547.0
TTO,2020,Mixed,301866,0.228245952695821,1322547.0
TTO,2020,Other,2280,0.0017239462945362245,1322547.0
TTO,2020,Portuguese,837,0.0006328697581257981,1322547.0
TTO,2020,"Syrian, Lebanese or Arab",1029,0.0007780441829288487,1322547.0
TTO,2020,Unknown,82246,0.06218758199141505,1322547.0
TTO,2024,African,452536,0.34217007032642316,1322547.0
TTO,2024,Caucasian,7832,0.005921906745091101,1322547.0
TTO,2024,Chinese,4003,0.0030267355337844325,1322547.0
TTO,2024,East Indian,468524,0.35425886565846054,1322547.0
TTO,2024,Indigenous,1394,0.0010540268134138144,1322547.0
TTO,2024,Mixed,301866,0.228245952695821,1322547.0
TTO,2024,Other,2280,0.0017239462945362245,1322547.0
TTO,2024,Portuguese,837,0.0006328697581257981,1322547.0
TTO,2024,"Syrian, Lebanese or Arab",1029,0.0007780441829288487,1322547.0
TTO,2024,Unknown,82246,0.06218758199141505,1322547.0
UKR,2000,Abaza,128,2.653350055519277e-06,48240902.0
UKR,2000,Abkhazian,1458,3.0223315476149265e-05,48240902.0
UKR,2000,Adyghei,338,7.0065024903555905e-06,48240902.0
UKR,2000,Afgan,1008,2.0895131687214307e-05,48240902.0
UKR,2000,Agul,108,2.23876410934439e-06,48240902.0
UKR,2000,Albanian,3308,6.857251549732631e-05,48240902.0
UKR,2000,American,709,1.4697071791899745e-05,48240902.0
UKR,2000,Arab,6575,0.0001362951298049941,48240902.0
UKR,2000,Armenian,99894,0.0020707324253597084,48240902.0
UKR,2000,Assyrian,3143,6.51521814413835e-05,48240902.0
UKR,2000,Austrian,112,2.3216812985793674e-06,48240902.0
UKR,2000,Avar,1496,3.101102877388155e-05,48240902.0
UKR,2000,Azerbaijani,45176,0.0009364667352198348,48240902.0
UKR,2000,Balkar,206,4.270235245601337e-06,48240902.0
UKR,2000,Bashkir,4253,8.816170145408973e-05,48240902.0
UKR,2000,Belarus,275763,0.005716373213751269,48240902.0
UKR,2000,Bulgarian,204574,0.004240675267639067,48240902.0
UKR,2000,Buryat,391,8.105155247719041e-06,48240902.0
UKR,2000,Chechen,2877,5.96381883572575e-05,48240902.0
UKR,2000,Chinese,2213,4.587393494425125e-05,48240902.0
UKR,2000,Chuvans,226,4.6848211917762235e-06,48240902.0
UKR,2000,Chuvash,10593,0.00021958544639152892,48240902.0
UKR,2000,Circassian,199,4.125130164440126e-06,48240902.0
UKR,2000,Crimean Tatars,248193,0.005144866486949187,48240902.0
UKR,2000,Croatian,126,2.6118914609017884e-06,48240902.0
UKR,2000,Cubans,262,5.43107589489102e-06,48240902.0
UKR,2000,Czech,5917,0.00012265525217584032,48240902.0
UKR,2000,Darghin,1610,3.337416866707841e-05,48240902.0
UKR,2000,Dungan,133,2.756996542062999e-06,48240902.0
UKR,2000,Dutch,139,2.8813723259154647e-06,48240902.0
UKR,2000,English,112,2.3216812985793674e-06,48240902.0
UKR,2000,Eskimo,153,3.1715824882378857e-06,48240902.0
UKR,2000,Estonian,2868,5.9451624681478797e-05,48240902.0
UKR,2000,Even,104,2.1558469201094126e-06,48240902.0
UKR,2000,Finnish,768,1.5920100333115663e-05,48240902.0
UKR,2000,French,258,5.348158705656043e-06,48240902.0
UKR,2000,Gagauz,31923,0.0006617413579870459,48240902.0
UKR,2000,Georgian,34199,0.0007089212386617481,48240902.0
UKR,2000,German,33302,0.0006903270589758044,48240902.0
UKR,2000,Greek,91548,0.001897725710020928,48240902.0
UKR,2000,Hungarian,156566,0.0032455031624408683,48240902.0
UKR,2000,Ijor,812,1.6832189414700414e-05,48240902.0
UKR,2000,Indians and Pakistanis,1483,3.0741547908867876e-05,48240902.0
UKR,2000,Ingushi,455,9.43183027547868e-06,48240902.0
UKR,2000,Italian,420,8.706304869672628e-06,48240902.0
UKR,2000,Jewish,103878,0.002153317945837746,48240902.0
UKR,2000,Kabardian,473,9.804957627036078e-06,48240902.0
UKR,2000,Kalmyk,325,6.737021625341914e-06,48240902.0
UKR,2000,Kara-Kalpak,117,2.425327785123089e-06,48240902.0
UKR,2000,Karachayer,190,3.938566488661427e-06,48240902.0
UKR,2000,Karaim,1196,2.4792239581258243e-05,48240902.0
UKR,2000,Karelian,1522,3.15499905039089e-05,48240902.0
UKR,2000,Kazak,5526,0.00011455009692812128,48240902.0
UKR,2000,Khakassian,162,3.3581461640165847e-06,48240902.0
UKR,2000,Khalkh,104,2.1558469201094126e-06,48240902.0
UKR,2000,Khanty,100,2.072929730874435e-06,48240902.0
UKR,2000,Komi,1545,3.202676434201002e-05,48240902.0
UKR,2000,Komi-Permyak,1165,2.414963136468717e-05,48240902.0
UKR,2000,Korean,12711,0.00026349009809144947,48240902.0
UKR,2000,Krymchak,406,8.416094707350207e-06,48240902.0
UKR,2000,Kumyk,718,1.4883635467678444e-05,48240902.0
UKR,2000,Kurd,2088,4.328277278065821e-05,48240902.0
UKR,2000,Kyrgyz,1128,2.338264736426363e-05,48240902.0
UKR,2000,Lacktsis,1019,2.1123153957610492e-05,48240902.0
UKR,2000,Letts,5079,0.00010528410103111256,48240902.0
UKR,2000,Lezghin,4349,9.015171399572918e-05,48240902.0
UKR,2000,Lithuanian,7207,0.00014939604570412055,48240902.0
UKR,2000,Livs,235,4.8713848675549225e-06,48240902.0
UKR,2000,Mari,4130,8.561199788511417e-05,48240902.0
UKR,2000,Meskhetian Turkish,336,6.965043895738102e-06,48240902.0
UKR,2000,Moldovan,258619,0.005360990140690155,48240902.0
UKR,2000,Mordovian,9331,0.00019342507318789354,48240902.0
UKR,2000,Nentsi,217,4.498257515997524e-06,48240902.0
UKR,2000,Nivkhi,584,1.21059096283067e-05,48240902.0
UKR,2000,Nogai,385,7.980779463866574e-06,48240902.0
UKR,2000,Orochi,288,5.970037624918373e-06,48240902.0
UKR,2000,Orok,959,1.9879396119085833e-05,48240902.0
UKR,2000,Ossetian,4834,0.0001002054231904702,48240902.0
UKR,2000,Other,4322,8.959202296839309e-05,48240902.0
UKR,2000,Persian,419,8.685575572363883e-06,48240902.0
UKR,2000,Polish,144130,0.002987713621109323,48240902.0
UKR,2000,Romani (Gypsy),47587,0.0009864450710312174,48240902.0
UKR,2000,Romanian,150989,0.003129895871350001,48240902.0
UKR,2000,Russian,8334141,0.17276088660199596,48240902.0
UKR,2000,Rutul,137,2.839913731297976e-06,48240902.0
UKR,2000,Saam,136,2.819184433989232e-06,48240902.0
UKR,2000,Serbian,623,1.2914352223347731e-05,48240902.0
UKR,2000,Slovak,6397,0.00013260531488403762,48240902.0
UKR,2000,Spanish,965,2.0003771902938298e-05,48240902.0
UKR,2000,Swedish,188,3.897107894043938e-06,48240902.0
UKR,2000,Tabasaran,977,2.025252347064323e-05,48240902.0
UKR,2000,Tajik,4255,8.820316004870722e-05,48240902.0
UKR,2000,Talish,133,2.756996542062999e-06,48240902.0
UKR,2000,Tatar,73304,0.0015195404099201959,48240902.0
UKR,2000,Turkish,8844,0.00018332990539853504,48240902.0
UKR,2000,Turkmenian,3709,7.68849637181328e-05,48240902.0
UKR,2000,Udin,592,1.2271744006776657e-05,48240902.0
UKR,2000,Udmurt,4712,9.767644891880338e-05,48240902.0
UKR,2000,Uighur,197,4.083671569822638e-06,48240902.0
UKR,2000,Ukrainian,37541693,0.7782129156706067,48240902.0
UKR,2000,Unknown,188639,0.003910353915024226,48240902.0
UKR,2000,Uzbek,12353,0.000256069009654919,48240902.0
UKR,2000,Vep,281,5.824932543757163e-06,48240902.0
UKR,2000,Vietnamese,3850,7.980779463866576e-05,48240902.0
UKR,2000,Yakut,304,6.301706381858283e-06,48240902.0
UKR,2005,Abaza,128,2.653350055519277e-06,48240902.0
UKR,2005,Abkhazian,1458,3.0223315476149265e-05,48240902.0
UKR,2005,Adyghei,338,7.0065024903555905e-06,48240902.0
UKR,2005,Afgan,1008,2.0895131687214307e-05,48240902.0
UKR,2005,Agul,108,2.23876410934439e-06,48240902.0
UKR,2005,Albanian,3308,6.857251549732631e-05,48240902.0
UKR,2005,American,709,1.4697071791899745e-05,48240902.0
UKR,2005,Arab,6575,0.0001362951298049941,48240902.0
UKR,2005,Armenian,99894,0.0020707324253597084,48240902.0
UKR,2005,Assyrian,3143,6.51521814413835e-05,48240902.0
UKR,2005,Austrian,112,2.3216812985793674e-06,48240902.0
UKR,2005,Avar,1496,3.101102877388155e-05,48240902.0
UKR,2005,Azerbaijani,45176,0.0009364667352198348,48240902.0
UKR,2005,Balkar,206,4.270235245601337e-06,48240902.0
UKR,2005,Bashkir,4253,8.816170145408973e-05,48240902.0
UKR,2005,Belarus,275763,0.005716373213751269,48240902.0
UKR,2005,Bulgarian,204574,0.004240675267639067,48240902.0
UKR,2005,Buryat,391,8.105155247719041e-06,48240902.0
UKR,2005,Chechen,2877,5.96381883572575e-05,48240902.0
UKR,2005,Chinese,2213,4.587393494425125e-05,48240902.0
UKR,2005,Chuvans,226,4.6848211917762235e-06,48240902.0
UKR,2005,Chuvash,10593,0.00021958544639152892,48240902.0
UKR,2005,Circassian,199,4.125130164440126e-06,48240902.0
UKR,2005,Crimean Tatars,248193,0.005144866486949187,48240902.0
UKR,2005,Croatian,126,2.6118914609017884e-06,48240902.0
UKR,2005,Cubans,262,5.43107589489102e-06,48240902.0
UKR,2005,Czech,5917,0.00012265525217584032,48240902.0
UKR,2005,Darghin,1610,3.337416866707841e-05,48240902.0
UKR,2005,Dungan,133,2.756996542062999e-06,48240902.0
UKR,2005,Dutch,139,2.8813723259154647e-06,48240902.0
UKR,2005,English,112,2.3216812985793674e-06,48240902.0
UKR,2005,Eskimo,153,3.1715824882378857e-06,48240902.0
UKR,2005,Estonian,2868,5.9451624681478797e-05,48240902.0
UKR,2005,Even,104,2.1558469201094126e-06,48240902.0
UKR,2005,Finnish,768,1.5920100333115663e-05,48240902.0
UKR,2005,French,258,5.348158705656043e-06,48240902.0
UKR,2005,Gagauz,31923,0.0006617413579870459,48240902.0
UKR,2005,Georgian,34199,0.0007089212386617481,48240902.0
UKR,2005,German,33302,0.0006903270589758044,48240902.0
UKR,2005,Greek,91548,0.001897725710020928,48240902.0
UKR,2005,Hungarian,156566,0.0032455031624408683,48240902.0
UKR,2005,Ijor,812,1.6832189414700414e-05,48240902.0
UKR,2005,Indians and Pakistanis,1483,3.0741547908867876e-05,48240902.0
UKR,2005,Ingushi,455,9.43183027547868e-06,48240902.0
UKR,2005,Italian,420,8.706304869672628e-06,48240902.0
UKR,2005,Jewish,103878,0.002153317945837746,48240902.0
UKR,2005,Kabardian,473,9.804957627036078e-06,48240902.0
UKR,2005,Kalmyk,325,6.737021625341914e-06,48240902.0
UKR,2005,Kara-Kalpak,117,2.425327785123089e-06,48240902.0
UKR,2005,Karachayer,190,3.938566488661427e-06,48240902.0
UKR,2005,Karaim,1196,2.4792239581258243e-05,48240902.0
UKR,2005,Karelian,1522,3.15499905039089e-05,48240902.0
UKR,2005,Kazak,5526,0.00011455009692812128,48240902.0
UKR,2005,Khakassian,162,3.3581461640165847e-06,48240902.0
UKR,2005,Khalkh,104,2.1558469201094126e-06,48240902.0
UKR,2005,Khanty,100,2.072929730874435e-06,48240902.0
UKR,2005,Komi,1545,3.202676434201002e-05,48240902.0
UKR,2005,Komi-Permyak,1165,2.414963136468717e-05,48240902.0
UKR,2005,Korean,12711,0.00026349009809144947,48240902.0
UKR,2005,Krymchak,406,8.416094707350207e-06,48240902.0
UKR,2005,Kumyk,718,1.4883635467678444e-05,48240902.0
UKR,2005,Kurd,2088,4.328277278065821e-05,48240902.0
UKR,2005,Kyrgyz,1128,2.338264736426363e-05,48240902.0
UKR,2005,Lacktsis,1019,2.1123153957610492e-05,48240902.0
UKR,2005,Letts,5079,0.00010528410103111256,48240902.0
UKR,2005,Lezghin,4349,9.015171399572918e-05,48240902.0
UKR,2005,Lithuanian,7207,0.00014939604570412055,48240902.0
UKR,2005,Livs,235,4.8713848675549225e-06,48240902.0
UKR,2005,Mari,4130,8.561199788511417e-05,48240902.0
UKR,2005,Meskhetian Turkish,336,6.965043895738102e-06,48240902.0
UKR,2005,Moldovan,258619,0.005360990140690155,48240902.0
UKR,2005,Mordovian,9331,0.00019342507318789354,48240902.0
UKR,2005,Nentsi,217,4.498257515997524e-06,48240902.0
UKR,2005,Nivkhi,584,1.21059096283067e-05,48240902.0
UKR,2005,Nogai,385,7.980779463866574e-06,48240902.0
UKR,2005,Orochi,288,5.970037624918373e-06,48240902.0
UKR,2005,Orok,959,1.9879396119085833e-05,48240902.0
UKR,2005,Ossetian,4834,0.0001002054231904702,48240902.0
UKR,2005,Other,4322,8.959202296839309e-05,48240902.0
UKR,2005,Persian,419,8.685575572363883e-06,48240902.0
UKR,2005,Polish,144130,0.002987713621109323,48240902.0
UKR,2005,Romani (Gypsy),47587,0.0009864450710312174,48240902.0
UKR,2005,Romanian,150989,0.003129895871350001,48240902.0
UKR,2005,Russian,8334141,0.17276088660199596,48240902.0
UKR,2005,Rutul,137,2.839913731297976e-06,48240902.0
UKR,2005,Saam,136,2.819184433989232e-06,48240902.0
UKR,2005,Serbian,623,1.2914352223347731e-05,48240902.0
UKR,2005,Slovak,6397,0.00013260531488403762,48240902.0
UKR,2005,Spanish,965,2.0003771902938298e-05,48240902.0
UKR,2005,Swedish,188,3.897107894043938e-06,48240902.0
UKR,2005,Tabasaran,977,2.025252347064323e-05,48240902.0
UKR,2005,Tajik,4255,8.820316004870722e-05,48240902.0
UKR,2005,Talish,133,2.756996542062999e-06,48240902.0
UKR,2005,Tatar,73304,0.0015195404099201959,48240902.0
UKR,2005,Turkish,8844,0.00018332990539853504,48240902.0
UKR,2005,Turkmenian,3709,7.68849637181328e-05,48240902.0
UKR,2005,Udin,592,1.2271744006776657e-05,48240902.0
UKR,2005,Udmurt,4712,9.767644891880338e-05,48240902.0
UKR,2005,Uighur,197,4.083671569822638e-06,48240902.0
UKR,2005,Ukrainian,37541693,0.7782129156706067,48240902.0
UKR,2005,Unknown,188639,0.003910353915024226,48240902.0
UKR,2005,Uzbek,12353,0.000256069009654919,48240902.0
UKR,2005,Vep,281,5.824932543757163e-06,48240902.0
UKR,2005,Vietnamese,3850,7.980779463866576e-05,48240902.0
UKR,2005,Yakut,304,6.301706381858283e-06,48240902.0
UKR,2010,Abaza,128,2.653350055519277e-06,48240902.0
UKR,2010,Abkhazian,1458,3.0223315476149265e-05,48240902.0
UKR,2010,Adyghei,338,7.0065024903555905e-06,48240902.0
UKR,2010,Afgan,1008,2.0895131687214307e-05,48240902.0
UKR,2010,Agul,108,2.23876410934439e-06,48240902.0
UKR,2010,Albanian,3308,6.857251549732631e-05,48240902.0
UKR,2010,American,709,1.4697071791899745e-05,48240902.0
UKR,2010,Arab,6575,0.0001362951298049941,48240902.0
UKR,2010,Armenian,99894,0.0020707324253597084,48240902.0
UKR,2010,Assyrian,3143,6.51521814413835e-05,48240902.0
UKR,2010,Austrian,112,2.3216812985793674e-06,48240902.0
UKR,2010,Avar,1496,3.101102877388155e-05,48240902.0
UKR,2010,Azerbaijani,45176,0.0009364667352198348,48240902.0
UKR,2010,Balkar,206,4.270235245601337e-06,48240902.0
UKR,2010,Bashkir,4253,8.816170145408973e-05,48240902.0
UKR,2010,Belarus,275763,0.005716373213751269,48240902.0
UKR,2010,Bulgarian,204574,0.004240675267639067,48240902.0
UKR,2010,Buryat,391,8.105155247719041e-06,48240902.0
UKR,2010,Chechen,2877,5.96381883572575e-05,48240902.0
UKR,2010,Chinese,2213,4.587393494425125e-05,48240902.0
UKR,2010,Chuvans,226,4.6848211917762235e-06,48240902.0
UKR,2010,Chuvash,10593,0.00021958544639152892,48240902.0
UKR,2010,Circassian,199,4.125130164440126e-06,48240902.0
UKR,2010,Crimean Tatars,248193,0.005144866486949187,48240902.0
UKR,2010,Croatian,126,2.6118914609017884e-06,48240902.0
UKR,2010,Cubans,262,5.43107589489102e-06,48240902.0
UKR,2010,Czech,5917,0.00012265525217584032,48240902.0
UKR,2010,Darghin,1610,3.337416866707841e-05,48240902.0
UKR,2010,Dungan,133,2.756996542062999e-06,48240902.0
UKR,2010,Dutch,139,2.8813723259154647e-06,48240902.0
UKR,2010,English,112,2.3216812985793674e-06,48240902.0
UKR,2010,Eskimo,153,3.1715824882378857e-06,48240902.0
UKR,2010,Estonian,2868,5.9451624681478797e-05,48240902.0
UKR,2010,Even,104,2.1558469201094126e-06,48240902.0
UKR,2010,Finnish,768,1.5920100333115663e-05,48240902.0
UKR,2010,French,258,5.348158705656043e-06,48240902.0
UKR,2010,Gagauz,31923,0.0006617413579870459,48240902.0
UKR,2010,Georgian,34199,0.0007089212386617481,48240902.0
UKR,2010,German,33302,0.0006903270589758044,48240902.0
UKR,2010,Greek,91548,0.001897725710020928,48240902.0
UKR,2010,Hungarian,156566,0.0032455031624408683,48240902.0
UKR,2010,Ijor,812,1.6832189414700414e-05,48240902.0
UKR,2010,Indians and Pakistanis,1483,3.0741547908867876e-05,48240902.0
UKR,2010,Ingushi,455,9.43183027547868e-06,48240902.0
UKR,2010,Italian,420,8.706304869672628e-06,48240902.0
UKR,2010,Jewish,103878,0.002153317945837746,48240902.0
UKR,2010,Kabardian,473,9.804957627036078e-06,48240902.0
UKR,2010,Kalmyk,325,6.737021625341914e-06,48240902.0
UKR,2010,Kara-Kalpak,117,2.425327785123089e-06,48240902.0
UKR,2010,Karachayer,190,3.938566488661427e-06,48240902.0
UKR,2010,Karaim,1196,2.4792239581258243e-05,48240902.0
UKR,2010,Karelian,1522,3.15499905039089e-05,48240902.0
UKR,2010,Kazak,5526,0.00011455009692812128,48240902.0
UKR,2010,Khakassian,162,3.3581461640165847e-06,48240902.0
UKR,2010,Khalkh,104,2.1558469201094126e-06,48240902.0
UKR,2010,Khanty,100,2.072929730874435e-06,48240902.0
UKR,2010,Komi,1545,3.202676434201002e-05,48240902.0
UKR,2010,Komi-Permyak,1165,2.414963136468717e-05,48240902.0
UKR,2010,Korean,12711,0.00026349009809144947,48240902.0
UKR,2010,Krymchak,406,8.416094707350207e-06,48240902.0
UKR,2010,Kumyk,718,1.4883635467678444e-05,48240902.0
UKR,2010,Kurd,2088,4.328277278065821e-05,48240902.0
UKR,2010,Kyrgyz,1128,2.338264736426363e-05,48240902.0
UKR,2010,Lacktsis,1019,2.1123153957610492e-05,48240902.0
UKR,2010,Letts,5079,0.00010528410103111256,48240902.0
UKR,2010,Lezghin,4349,9.015171399572918e-05,48240902.0
UKR,2010,Lithuanian,7207,0.00014939604570412055,48240902.0
UKR,2010,Livs,235,4.8713848675549225e-06,48240902.0
UKR,2010,Mari,4130,8.561199788511417e-05,48240902.0
UKR,2010,Meskhetian Turkish,336,6.965043895738102e-06,48240902.0
UKR,2010,Moldovan,258619,0.005360990140690155,48240902.0
UKR,2010,Mordovian,9331,0.00019342507318789354,48240902.0
UKR,2010,Nentsi,217,4.498257515997524e-06,48240902.0
UKR,2010,Nivkhi,584,1.21059096283067e-05,48240902.0
UKR,2010,Nogai,385,7.980779463866574e-06,48240902.0
UKR,2010,Orochi,288,5.970037624918373e-06,48240902.0
UKR,2010,Orok,959,1.9879396119085833e-05,48240902.0
UKR,2010,Ossetian,4834,0.0001002054231904702,48240902.0
UKR,2010,Other,4322,8.959202296839309e-05,48240902.0
UKR,2010,Persian,419,8.685575572363883e-06,48240902.0
UKR,2010,Polish,144130,0.002987713621109323,48240902.0
UKR,2010,Romani (Gypsy),47587,0.0009864450710312174,48240902.0
UKR,2010,Romanian,150989,0.003129895871350001,48240902.0
UKR,2010,Russian,8334141,0.17276088660199596,48240902.0
UKR,2010,Rutul,137,2.839913731297976e-06,48240902.0
UKR,2010,Saam,136,2.819184433989232e-06,48240902.0
UKR,2010,Serbian,623,1.2914352223347731e-05,48240902.0
UKR,2010,Slovak,6397,0.00013260531488403762,48240902.0
UKR,2010,Spanish,965,2.0003771902938298e-05,48240902.0
UKR,2010,Swedish,188,3.897107894043938e-06,48240902.0
UKR,2010,Tabasaran,977,2.025252347064323e-05,48240902.0
UKR,2010,Tajik,4255,8.820316004870722e-05,48240902.0
UKR,2010,Talish,133,2.756996542062999e-06,48240902.0
UKR,2010,Tatar,73304,0.0015195404099201959,48240902.0
UKR,2010,Turkish,8844,0.00018332990539853504,48240902.0
UKR,2010,Turkmenian,3709,7.68849637181328e-05,48240902.0
UKR,2010,Udin,592,1.2271744006776657e-05,48240902.0
UKR,2010,Udmurt,4712,9.767644891880338e-05,48240902.0
UKR,2010,Uighur,197,4.083671569822638e-06,48240902.0
UKR,2010,Ukrainian,37541693,0.7782129156706067,48240902.0
UKR,2010,Unknown,188639,0.003910353915024226,48240902.0
UKR,2010,Uzbek,12353,0.000256069009654919,48240902.0
UKR,2010,Vep,281,5.824932543757163e-06,48240902.0
UKR,2010,Vietnamese,3850,7.980779463866576e-05,48240902.0
UKR,2010,Yakut,304,6.301706381858283e-06,48240902.0
UKR,2015,Abaza,128,2.653350055519277e-06,48240902.0
UKR,2015,Abkhazian,1458,3.0223315476149265e-05,48240902.0
UKR,2015,Adyghei,338,7.0065024903555905e-06,48240902.0
UKR,2015,Afgan,1008,2.0895131687214307e-05,48240902.0
UKR,2015,Agul,108,2.23876410934439e-06,48240902.0
UKR,2015,Albanian,3308,6.857251549732631e-05,48240902.0
UKR,2015,American,709,1.4697071791899745e-05,48240902.0
UKR,2015,Arab,6575,0.0001362951298049941,48240902.0
UKR,2015,Armenian,99894,0.0020707324253597084,48240902.0
UKR,2015,Assyrian,3143,6.51521814413835e-05,48240902.0
UKR,2015,Austrian,112,2.3216812985793674e-06,48240902.0
UKR,2015,Avar,1496,3.101102877388155e-05,48240902.0
UKR,2015,Azerbaijani,45176,0.0009364667352198348,48240902.0
UKR,2015,Balkar,206,4.270235245601337e-06,48240902.0
UKR,2015,Bashkir,4253,8.816170145408973e-05,48240902.0
UKR,2015,Belarus,275763,0.005716373213751269,48240902.0
UKR,2015,Bulgarian,204574,0.004240675267639067,48240902.0
UKR,2015,Buryat,391,8.105155247719041e-06,48240902.0
UKR,2015,Chechen,2877,5.96381883572575e-05,48240902.0
UKR,2015,Chinese,2213,4.587393494425125e-05,48240902.0
UKR,2015,Chuvans,226,4.6848211917762235e-06,48240902.0
UKR,2015,Chuvash,10593,0.00021958544639152892,48240902.0
UKR,2015,Circassian,199,4.125130164440126e-06,48240902.0
UKR,2015,Crimean Tatars,248193,0.005144866486949187,48240902.0
UKR,2015,Croatian,126,2.6118914609017884e-06,48240902.0
UKR,2015,Cubans,262,5.43107589489102e-06,48240902.0
UKR,2015,Czech,5917,0.00012265525217584032,48240902.0
UKR,2015,Darghin,1610,3.337416866707841e-05,48240902.0
UKR,2015,Dungan,133,2.756996542062999e-06,48240902.0
UKR,2015,Dutch,139,2.8813723259154647e-06,48240902.0
UKR,2015,English,112,2.3216812985793674e-06,48240902.0
UKR,2015,Eskimo,153,3.1715824882378857e-06,48240902.0
UKR,2015,Estonian,2868,5.9451624681478797e-05,48240902.0
UKR,2015,Even,104,2.1558469201094126e-06,48240902.0
UKR,2015,Finnish,768,1.5920100333115663e-05,48240902.0
UKR,2015,French,258,5.348158705656043e-06,48240902.0
UKR,2015,Gagauz,31923,0.0006617413579870459,48240902.0
UKR,2015,Georgian,34199,0.0007089212386617481,48240902.0
UKR,2015,German,33302,0.0006903270589758044,48240902.0
UKR,2015,Greek,91548,0.001897725710020928,48240902.0
UKR,2015,Hungarian,156566,0.0032455031624408683,48240902.0
UKR,2015,Ijor,812,1.6832189414700414e-05,48240902.0
UKR,2015,Indians and Pakistanis,1483,3.0741547908867876e-05,48240902.0
UKR,2015,Ingushi,455,9.43183027547868e-06,48240902.0
UKR,2015,Italian,420,8.706304869672628e-06,48240902.0
UKR,2015,Jewish,103878,0.002153317945837746,48240902.0
UKR,2015,Kabardian,473,9.804957627036078e-06,48240902.0
UKR,2015,Kalmyk,325,6.737021625341914e-06,48240902.0
UKR,2015,Kara-Kalpak,117,2.425327785123089e-06,48240902.0
UKR,2015,Karachayer,190,3.938566488661427e-06,48240902.0
UKR,2015,Karaim,1196,2.4792239581258243e-05,48240902.0
UKR,2015,Karelian,1522,3.15499905039089e-05,48240902.0
UKR,2015,Kazak,5526,0.00011455009692812128,48240902.0
UKR,2015,Khakassian,162,3.3581461640165847e-06,48240902.0
UKR,2015,Khalkh,104,2.1558469201094126e-06,48240902.0
UKR,2015,Khanty,100,2.072929730874435e-06,48240902.0
UKR,2015,Komi,1545,3.202676434201002e-05,48240902.0
UKR,2015,Komi-Permyak,1165,2.414963136468717e-05,48240902.0
UKR,2015,Korean,12711,0.00026349009809144947,48240902.0
UKR,2015,Krymchak,406,8.416094707350207e-06,48240902.0
UKR,2015,Kumyk,718,1.4883635467678444e-05,48240902.0
UKR,2015,Kurd,2088,4.328277278065821e-05,48240902.0
UKR,2015,Kyrgyz,1128,2.338264736426363e-05,48240902.0
UKR,2015,Lacktsis,1019,2.1123153957610492e-05,48240902.0
UKR,2015,Letts,5079,0.00010528410103111256,48240902.0
UKR,2015,Lezghin,4349,9.015171399572918e-05,48240902.0
UKR,2015,Lithuanian,7207,0.00014939604570412055,48240902.0
UKR,2015,Livs,235,4.8713848675549225e-06,48240902.0
UKR,2015,Mari,4130,8.561199788511417e-05,48240902.0
UKR,2015,Meskhetian Turkish,336,6.965043895738102e-06,48240902.0
UKR,2015,Moldovan,258619,0.005360990140690155,48240902.0
UKR,2015,Mordovian,9331,0.00019342507318789354,48240902.0
UKR,2015,Nentsi,217,4.498257515997524e-06,48240902.0
UKR,2015,Nivkhi,584,1.21059096283067e-05,48240902.0
UKR,2015,Nogai,385,7.980779463866574e-06,48240902.0
UKR,2015,Orochi,288,5.970037624918373e-06,48240902.0
UKR,2015,Orok,959,1.9879396119085833e-05,48240902.0
UKR,2015,Ossetian,4834,0.0001002054231904702,48240902.0
UKR,2015,Other,4322,8.959202296839309e-05,48240902.0
UKR,2015,Persian,419,8.685575572363883e-06,48240902.0
UKR,2015,Polish,144130,0.002987713621109323,48240902.0
UKR,2015,Romani (Gypsy),47587,0.0009864450710312174,48240902.0
UKR,2015,Romanian,150989,0.003129895871350001,48240902.0
UKR,2015,Russian,8334141,0.17276088660199596,48240902.0
UKR,2015,Rutul,137,2.839913731297976e-06,48240902.0
UKR,2015,Saam,136,2.819184433989232e-06,48240902.0
UKR,2015,Serbian,623,1.2914352223347731e-05,48240902.0
UKR,2015,Slovak,6397,0.00013260531488403762,48240902.0
UKR,2015,Spanish,965,2.0003771902938298e-05,48240902.0
UKR,2015,Swedish,188,3.897107894043938e-06,48240902.0
UKR,2015,Tabasaran,977,2.025252347064323e-05,48240902.0
UKR,2015,Tajik,4255,8.820316004870722e-05,48240902.0
UKR,2015,Talish,133,2.756996542062999e-06,48240902.0
UKR,2015,Tatar,73304,0.0015195404099201959,48240902.0
UKR,2015,Turkish,8844,0.00018332990539853504,48240902.0
UKR,2015,Turkmenian,3709,7.68849637181328e-05,48240902.0
UKR,2015,Udin,592,1.2271744006776657e-05,48240902.0
UKR,2015,Udmurt,4712,9.767644891880338e-05,48240902.0
UKR,2015,Uighur,197,4.083671569822638e-06,48240902.0
UKR,2015,Ukrainian,37541693,0.7782129156706067,48240902.0
UKR,2015,Unknown,188639,0.003910353915024226,48240902.0
UKR,2015,Uzbek,12353,0.000256069009654919,48240902.0
UKR,2015,Vep,281,5.824932543757163e-06,48240902.0
UKR,2015,Vietnamese,3850,7.980779463866576e-05,48240902.0
UKR,2015,Yakut,304,6.301706381858283e-06,48240902.0
UKR,2020,Abaza,128,2.653350055519277e-06,48240902.0
UKR,2020,Abkhazian,1458,3.0223315476149265e-05,48240902.0
UKR,2020,Adyghei,338,7.0065024903555905e-06,48240902.0
UKR,2020,Afgan,1008,2.0895131687214307e-05,48240902.0
UKR,2020,Agul,108,2.23876410934439e-06,48240902.0
UKR,2020,Albanian,3308,6.857251549732631e-05,48240902.0
UKR,2020,American,709,1.4697071791899745e-05,48240902.0
UKR,2020,Arab,6575,0.0001362951298049941,48240902.0
UKR,2020,Armenian,99894,0.0020707324253597084,48240902.0
UKR,2020,Assyrian,3143,6.51521814413835e-05,48240902.0
UKR,2020,Austrian,112,2.3216812985793674e-06,48240902.0
UKR,2020,Avar,1496,3.101102877388155e-05,48240902.0
UKR,2020,Azerbaijani,45176,0.0009364667352198348,48240902.0
UKR,2020,Balkar,206,4.270235245601337e-06,48240902.0
UKR,2020,Bashkir,4253,8.816170145408973e-05,48240902.0
UKR,2020,Belarus,275763,0.005716373213751269,48240902.0
UKR,2020,Bulgarian,204574,0.004240675267639067,48240902.0
UKR,2020,Buryat,391,8.105155247719041e-06,48240902.0
UKR,2020,Chechen,2877,5.96381883572575e-05,48240902.0
UKR,2020,Chinese,2213,4.587393494425125e-05,48240902.0
UKR,2020,Chuvans,226,4.6848211917762235e-06,48240902.0
UKR,2020,Chuvash,10593,0.00021958544639152892,48240902.0
UKR,2020,Circassian,199,4.125130164440126e-06,48240902.0
UKR,2020,Crimean Tatars,248193,0.005144866486949187,48240902.0
UKR,2020,Croatian,126,2.6118914609017884e-06,48240902.0
UKR,2020,Cubans,262,5.43107589489102e-06,48240902.0
UKR,2020,Czech,5917,0.00012265525217584032,48240902.0
UKR,2020,Darghin,1610,3.337416866707841e-05,48240902.0
UKR,2020,Dungan,133,2.756996542062999e-06,48240902.0
UKR,2020,Dutch,139,2.8813723259154647e-06,48240902.0
UKR,2020,English,112,2.3216812985793674e-06,48240902.0
UKR,2020,Eskimo,153,3.1715824882378857e-06,48240902.0
UKR,2020,Estonian,2868,5.9451624681478797e-05,48240902.0
UKR,2020,Even,104,2.1558469201094126e-06,48240902.0
UKR,2020,Finnish,768,1.5920100333115663e-05,48240902.0
UKR,2020,French,258,5.348158705656043e-06,48240902.0
UKR,2020,Gagauz,31923,0.0006617413579870459,48240902.0
UKR,2020,Georgian,34199,0.0007089212386617481,48240902.0
UKR,2020,German,33302,0.0006903270589758044,48240902.0
UKR,2020,Greek,91548,0.001897725710020928,48240902.0
UKR,2020,Hungarian,156566,0.0032455031624408683,48240902.0
UKR,2020,Ijor,812,1.6832189414700414e-05,48240902.0
UKR,2020,Indians and Pakistanis,1483,3.0741547908867876e-05,48240902.0
UKR,2020,Ingushi,455,9.43183027547868e-06,48240902.0
UKR,2020,Italian,420,8.706304869672628e-06,48240902.0
UKR,2020,Jewish,103878,0.002153317945837746,48240902.0
UKR,2020,Kabardian,473,9.804957627036078e-06,48240902.0
UKR,2020,Kalmyk,325,6.737021625341914e-06,48240902.0
UKR,2020,Kara-Kalpak,117,2.425327785123089e-06,48240902.0
UKR,2020,Karachayer,190,3.938566488661427e-06,48240902.0
UKR,2020,Karaim,1196,2.4792239581258243e-05,48240902.0
UKR,2020,Karelian,1522,3.15499905039089e-05,48240902.0
UKR,2020,Kazak,5526,0.00011455009692812128,48240902.0
UKR,2020,Khakassian,162,3.3581461640165847e-06,48240902.0
UKR,2020,Khalkh,104,2.1558469201094126e-06,48240902.0
UKR,2020,Khanty,100,2.072929730874435e-06,48240902.0
UKR,2020,Komi,1545,3.202676434201002e-05,48240902.0
UKR,2020,Komi-Permyak,1165,2.414963136468717e-05,48240902.0
UKR,2020,Korean,12711,0.00026349009809144947,48240902.0
UKR,2020,Krymchak,406,8.416094707350207e-06,48240902.0
UKR,2020,Kumyk,718,1.4883635467678444e-05,48240902.0
UKR,2020,Kurd,2088,4.328277278065821e-05,48240902.0
UKR,2020,Kyrgyz,1128,2.338264736426363e-05,48240902.0
UKR,2020,Lacktsis,1019,2.1123153957610492e-05,48240902.0
UKR,2020,Letts,5079,0.00010528410103111256,48240902.0
UKR,2020,Lezghin,4349,9.015171399572918e-05,48240902.0
UKR,2020,Lithuanian,7207,0.00014939604570412055,48240902.0
UKR,2020,Livs,235,4.8713848675549225e-06,48240902.0
UKR,2020,Mari,4130,8.561199788511417e-05,48240902.0
UKR,2020,Meskhetian Turkish,336,6.965043895738102e-06,48240902.0
UKR,2020,Moldovan,258619,0.005360990140690155,48240902.0
UKR,2020,Mordovian,9331,0.00019342507318789354,48240902.0
UKR,2020,Nentsi,217,4.498257515997524e-06,48240902.0
UKR,2020,Nivkhi,584,1.21059096283067e-05,48240902.0
UKR,2020,Nogai,385,7.980779463866574e-06,48240902.0
UKR,2020,Orochi,288,5.970037624918373e-06,48240902.0
UKR,2020,Orok,959,1.9879396119085833e-05,48240902.0
UKR,2020,Ossetian,4834,0.0001002054231904702,48240902.0
UKR,2020,Other,4322,8.959202296839309e-05,48240902.0
UKR,2020,Persian,419,8.685575572363883e-06,48240902.0
UKR,2020,Polish,144130,0.002987713621109323,48240902.0
UKR,2020,Romani (Gypsy),47587,0.0009864450710312174,48240902.0
UKR,2020,Romanian,150989,0.003129895871350001,48240902.0
UKR,2020,Russian,8334141,0.17276088660199596,48240902.0
UKR,2020,Rutul,137,2.839913731297976e-06,48240902.0
UKR,2020,Saam,136,2.819184433989232e-06,48240902.0
UKR,2020,Serbian,623,1.2914352223347731e-05,48240902.0
UKR,2020,Slovak,6397,0.00013260531488403762,48240902.0
UKR,2020,Spanish,965,2.0003771902938298e-05,48240902.0
UKR,2020,Swedish,188,3.897107894043938e-06,48240902.0
UKR,2020,Tabasaran,977,2.025252347064323e-05,48240902.0
UKR,2020,Tajik,4255,8.820316004870722e-05,48240902.0
UKR,2020,Talish,133,2.756996542062999e-06,48240902.0
UKR,2020,Tatar,73304,0.0015195404099201959,48240902.0
UKR,2020,Turkish,8844,0.00018332990539853504,48240902.0
UKR,2020,Turkmenian,3709,7.68849637181328e-05,48240902.0
UKR,2020,Udin,592,1.2271744006776657e-05,48240902.0
UKR,2020,Udmurt,4712,9.767644891880338e-05,48240902.0
UKR,2020,Uighur,197,4.083671569822638e-06,48240902.0
UKR,2020,Ukrainian,37541693,0.7782129156706067,48240902.0
UKR,2020,Unknown,188639,0.003910353915024226,48240902.0
UKR,2020,Uzbek,12353,0.000256069009654919,48240902.0
UKR,2020,Vep,281,5.824932543757163e-06,48240902.0
UKR,2020,Vietnamese,3850,7.980779463866576e-05,48240902.0
UKR,2020,Yakut,304,6.301706381858283e-06,48240902.0
UKR,2024,Abaza,128,2.653350055519277e-06,48240902.0
UKR,2024,Abkhazian,1458,3.0223315476149265e-05,48240902.0
UKR,2024,Adyghei,338,7.0065024903555905e-06,48240902.0
UKR,2024,Afgan,1008,2.0895131687214307e-05,48240902.0
UKR,2024,Agul,108,2.23876410934439e-06,48240902.0
UKR,2024,Albanian,3308,6.857251549732631e-05,48240902.0
UKR,2024,American,709,1.4697071791899745e-05,48240902.0
UKR,2024,Arab,6575,0.0001362951298049941,48240902.0
UKR,2024,Armenian,99894,0.0020707324253597084,48240902.0
UKR,2024,Assyrian,3143,6.51521814413835e-05,48240902.0
UKR,2024,Austrian,112,2.3216812985793674e-06,48240902.0
UKR,2024,Avar,1496,3.101102877388155e-05,48240902.0
UKR,2024,Azerbaijani,45176,0.0009364667352198348,48240902.0
UKR,2024,Balkar,206,4.270235245601337e-06,48240902.0
UKR,2024,Bashkir,4253,8.816170145408973e-05,48240902.0
UKR,2024,Belarus,275763,0.005716373213751269,48240902.0
UKR,2024,Bulgarian,204574,0.004240675267639067,48240902.0
UKR,2024,Buryat,391,8.105155247719041e-06,48240902.0
UKR,2024,Chechen,2877,5.96381883572575e-05,48240902.0
UKR,2024,Chinese,2213,4.587393494425125e-05,48240902.0
UKR,2024,Chuvans,226,4.6848211917762235e-06,48240902.0
UKR,2024,Chuvash,10593,0.00021958544639152892,48240902.0
UKR,2024,Circassian,199,4.125130164440126e-06,48240902.0
UKR,2024,Crimean Tatars,248193,0.005144866486949187,48240902.0
UKR,2024,Croatian,126,2.6118914609017884e-06,48240902.0
UKR,2024,Cubans,262,5.43107589489102e-06,48240902.0
UKR,2024,Czech,5917,0.00012265525217584032,48240902.0
UKR,2024,Darghin,1610,3.337416866707841e-05,48240902.0
UKR,2024,Dungan,133,2.756996542062999e-06,48240902.0
UKR,2024,Dutch,139,2.8813723259154647e-06,48240902.0
UKR,2024,English,112,2.3216812985793674e-06,48240902.0
UKR,2024,Eskimo,153,3.1715824882378857e-06,48240902.0
UKR,2024,Estonian,2868,5.9451624681478797e-05,48240902.0
UKR,2024,Even,104,2.1558469201094126e-06,48240902.0
UKR,2024,Finnish,768,1.5920100333115663e-05,48240902.0
UKR,2024,French,258,5.348158705656043e-06,48240902.0
UKR,2024,Gagauz,31923,0.0006617413579870459,48240902.0
UKR,2024,Georgian,34199,0.0007089212386617481,48240902.0
UKR,2024,German,33302,0.0006903270589758044,48240902.0
UKR,2024,Greek,91548,0.001897725710020928,48240902.0
UKR,2024,Hungarian,156566,0.0032455031624408683,48240902.0
UKR,2024,Ijor,812,1.6832189414700414e-05,48240902.0
UKR,2024,Indians and Pakistanis,1483,3.0741547908867876e-05,48240902.0
UKR,2024,Ingushi,455,9.43183027547868e-06,48240902.0
UKR,2024,Italian,420,8.706304869672628e-06,48240902.0
UKR,2024,Jewish,103878,0.002153317945837746,48240902.0
UKR,2024,Kabardian,473,9.804957627036078e-06,48240902.0
UKR,2024,Kalmyk,325,6.737021625341914e-06,48240902.0
UKR,2024,Kara-Kalpak,117,2.425327785123089e-06,48240902.0
UKR,2024,Karachayer,190,3.938566488661427e-06,48240902.0
UKR,2024,Karaim,1196,2.4792239581258243e-05,48240902.0
UKR,2024,Karelian,1522,3.15499905039089e-05,48240902.0
UKR,2024,Kazak,5526,0.00011455009692812128,48240902.0
UKR,2024,Khakassian,162,3.3581461640165847e-06,48240902.0
UKR,2024,Khalkh,104,2.1558469201094126e-06,48240902.0
UKR,2024,Khanty,100,2.072929730874435e-06,48240902.0
UKR,2024,Komi,1545,3.202676434201002e-05,48240902.0
UKR,2024,Komi-Permyak,1165,2.414963136468717e-05,48240902.0
UKR,2024,Korean,12711,0.00026349009809144947,48240902.0
UKR,2024,Krymchak,406,8.416094707350207e-06,48240902.0
UKR,2024,Kumyk,718,1.4883635467678444e-05,48240902.0
UKR,2024,Kurd,2088,4.328277278065821e-05,48240902.0
UKR,2024,Kyrgyz,1128,2.338264736426363e-05,48240902.0
UKR,2024,Lacktsis,1019,2.1123153957610492e-05,48240902.0
UKR,2024,Letts,5079,0.00010528410103111256,48240902.0
UKR,2024,Lezghin,4349,9.015171399572918e-05,48240902.0
UKR,2024,Lithuanian,7207,0.00014939604570412055,48240902.0
UKR,2024,Livs,235,4.8713848675549225e-06,48240902.0
UKR,2024,Mari,4130,8.561199788511417e-05,48240902.0
UKR,2024,Meskhetian Turkish,336,6.965043895738102e-06,48240902.0
UKR,2024,Moldovan,258619,0.005360990140690155,48240902.0
UKR,2024,Mordovian,9331,0.00019342507318789354,48240902.0
UKR,2024,Nentsi,217,4.498257515997524e-06,48240902.0
UKR,2024,Nivkhi,584,1.21059096283067e-05,48240902.0
UKR,2024,Nogai,385,7.980779463866574e-06,48240902.0
UKR,2024,Orochi,288,5.970037624918373e-06,48240902.0
UKR,2024,Orok,959,1.9879396119085833e-05,48240902.0
UKR,2024,Ossetian,4834,0.0001002054231904702,48240902.0
UKR,2024,Other,4322,8.959202296839309e-05,48240902.0
UKR,2024,Persian,419,8.685575572363883e-06,48240902.0
UKR,2024,Polish,144130,0.002987713621109323,48240902.0
UKR,2024,Romani (Gypsy),47587,0.0009864450710312174,48240902.0
UKR,2024,Romanian,150989,0.003129895871350001,48240902.0
UKR,2024,Russian,8334141,0.17276088660199596,48240902.0
UKR,2024,Rutul,137,2.839913731297976e-06,48240902.0
UKR,2024,Saam,136,2.819184433989232e-06,48240902.0
UKR,2024,Serbian,623,1.2914352223347731e-05,48240902.0
UKR,2024,Slovak,6397,0.00013260531488403762,48240902.0
UKR,2024,Spanish,965,2.0003771902938298e-05,48240902.0
UKR,2024,Swedish,188,3.897107894043938e-06,48240902.0
UKR,2024,Tabasaran,977,2.025252347064323e-05,48240902.0
UKR,2024,Tajik,4255,8.820316004870722e-05,48240902.0
UKR,2024,Talish,133,2.756996542062999e-06,48240902.0
UKR,2024,Tatar,73304,0.0015195404099201959,48240902.0
UKR,2024,Turkish,8844,0.00018332990539853504,48240902.0
UKR,2024,Turkmenian,3709,7.68849637181328e-05,48240902.0
UKR,2024,Udin,592,1.2271744006776657e-05,48240902.0
UKR,2024,Udmurt,4712,9.767644891880338e-05,48240902.0
UKR,2024,Uighur,197,4.083671569822638e-06,48240902.0
UKR,2024,Ukrainian,37541693,0.7782129156706067,48240902.0
UKR,2024,Unknown,188639,0.003910353915024226,48240902.0
UKR,2024,Uzbek,12353,0.000256069009654919,48240902.0
UKR,2024,Vep,281,5.824932543757163e-06,48240902.0
UKR,2024,Vietnamese,3850,7.980779463866576e-05,48240902.0
UKR,2024,Yakut,304,6.301706381858283e-06,48240902.0
USA,2000,American Indian and Alaska native,2475956,0.00879802157263479,281421906.0
USA,2000,Asian,10242998,0.036397301637208015,281421906.0
USA,2000,Black or African American,34658190,0.12315384574220033,281421906.0
USA,2000,Native Hawaiian and other Pacific Islander,398835,0.0014172137687106703,281421906.0
USA,2000,Some other race,15359073,0.05457667890288541,281421906.0
USA,2000,Two or more races,6826228,0.02425620697771836,281421906.0
USA,2000,White,211460626,0.7514007313986424,281421906.0
USA,2005,American Indian and Alaska native,2699325,0.009147659170022943,295083722.0
USA,2005,Asian,12382588,0.041962965106443206,295083722.0
USA,2005,Black or African American,36773707,0.12462126555565745,295083722.0
USA,2005,Native Hawaiian and other Pacific Islander,467157,0.0015831345026297732,295083722.0
USA,2005,Some other race,17183284,0.05823189271503675,295083722.0
USA,2005,Two or more races,7884019,0.026717906240923565,295083722.0
USA,2005,White,217693642,0.7377351767092863,295083722.0
USA,2010,American Indian and Alaska native,2932248,0.009497296767411097,308745538.0
USA,2010,Asian,14674252,0.0475286285756784,308745538.0
USA,2010,Black or African American,38929319,0.12608868536911455,308745538.0
USA,2010,Native Hawaiian and other Pacific Islander,540013,0.001749055236548876,308745538.0
USA,2010,Some other race,19107368,0.061887106527188096,308745538.0
USA,2010,Two or more races,9009073,0.029179605504128774,308745538.0
USA,2010,White,223553265,0.7240696220199302,308745538.0
USA,2015,American Indian and Alaska native,3319772,0.010371130032715371,320097409.5
USA,2015,Asian,17209379,0.05376294475703608,320097409.5
USA,2015,Black or African American,40028538,0.12505111469502364,320097409.5
USA,2015,Native Hawaiian and other Pacific Islander,613102,0.0019153595638413978,320097409.5
USA,2015,Some other race,23384763,0.07305514710349742,320097409.5
USA,2015,Two or more races,21014980,0.06565182783456863,320097409.5
USA,2015,White,214526875,0.6701924760133174,320097409.5
USA,2020,American Indian and Alaska native,3727135,0.011244963298019646,331449281.0
USA,2020,Asian,19886049,0.05999726093839377,331449281.0
USA,2020,Black or African American,41104200,0.12401354402093272,331449281.0
USA,2020,Native Hawaiian and other Pacific Islander,689966,0.00208166389113392,331449281.0
USA,2020,Some other race,27915715,0.08422318767980673,331449281.0
USA,2020,Two or more races,33848943,0.1021240501650085,331449281.0
USA,2020,White,204277273,0.6163153300067047,331449281.0
USA,2024,American Indian and Alaska native,3955988,0.011559619753791342,342224737.5000019
USA,2024,Asian,22071568,0.06449436856125654,342224737.5000019
USA,2024,Black or African American,42785101,0.12502048050586206,342224737.5000019
USA,2024,Native Hawaiian and other Pacific Islander,757831,0.0022144260511607642,342224737.5000019
USA,2024,Some other race,29995387,0.0876482138471385,342224737.5000019
USA,2024,Two or more races,36399289,0.10636077778005516,342224737.5000019
USA,2024,White,206259573,0.6027021135007357,342224737.5000019
VEN,2000,Indigenous,272279300,1.0,272279300.0
VEN,2005,Indigenous,272279300,1.0,272279300.0
VEN,2010,Indigenous,272279300,1.0,272279300.0
VEN,2015,Indigenous,272279300,1.0,272279300.0
VEN,2020,Indigenous,272279300,1.0,272279300.0
VEN,2024,Indigenous,272279300,1.0,272279300.0
VNM,2000,Bana,191433,0.0024080292449886287,79497781.0
VNM,2000,Bo Y,1996,2.510742265219132e-05,79497781.0
VNM,2000,Brau,340,4.2754905447591825e-06,79497781.0
VNM,2000,Bru Van Kieu,61578,0.0007745936727886946,79497781.0
VNM,2000,Cham,142189,0.0017885911861342577,79497781.0
VNM,2000,Choro,23960,0.00030139260322594184,79497781.0
VNM,2000,Churu,16363,0.00020582352821751823,79497781.0
VNM,2000,Chut,4518,5.6828185307487805e-05,79497781.0
VNM,2000,Co,29719,0.000373837351269951,79497781.0
VNM,2000,Co Lao,2109,2.6525641803662036e-05,79497781.0
VNM,2000,Coho,140660,0.0017693604697372317,79497781.0
VNM,2000,Cong,1790,2.251786068110286e-05,79497781.0
VNM,2000,Cotu,54049,0.0006798785182486757,79497781.0
VNM,2000,Dao,662739,0.008336568122575714,79497781.0
VNM,2000,Ede,289962,0.0036474177992425697,79497781.0
VNM,2000,Foreigners,28110,0.000353589663086311,79497781.0
VNM,2000,Giarai,347463,0.004370723039257829,79497781.0
VNM,2000,Giay,52187,0.0006564631801212865,79497781.0
VNM,2000,Gie Trieng,36732,0.0004620453457041019,79497781.0
VNM,2000,Ha Nhi,18882,0.0002375199953585081,79497781.0
VNM,2000,Hmong,876638,0.011027199795279012,79497781.0
VNM,2000,Hoa,852893,0.01072851056858854,79497781.0
VNM,2000,Hre,117876,0.0014827566952807123,79497781.0
VNM,2000,Khang,11405,0.00014346275124279358,79497781.0
VNM,2000,Khmer,1090433,0.013716515289258225,79497781.0
VNM,2000,Khome,1121843,0.014111630347245272,79497781.0
VNM,2000,Khomu,61774,0.0007770566714172233,79497781.0
VNM,2000,Kinh,68405405,0.8604693652867016,79497781.0
VNM,2000,La Chi,11537,0.0001451208791421262,79497781.0
VNM,2000,La Ha,6472,8.141628495965763e-05,79497781.0
VNM,2000,Lahu,7752,9.751657278233294e-05,79497781.0
VNM,2000,Lao,12671,0.00015938320138078358,79497781.0
VNM,2000,Lolo,3698,4.651808555166939e-05,79497781.0
VNM,2000,Lu,5176,6.510747742924112e-05,79497781.0
VNM,2000,Ma,35931,0.0004519708559259328,79497781.0
VNM,2000,Mang,2991,3.762738307368651e-05,79497781.0
VNM,2000,Mnong,95912,0.0012064704714795274,79497781.0
VNM,2000,Muong,1181590,0.01486317863711677,79497781.0
VNM,2000,Ngai,3681,4.630388206616945e-05,79497781.0
VNM,2000,Not Stated,952,1.1977398624494484e-05,79497781.0
VNM,2000,Nung,893739,0.011242307759984145,79497781.0
VNM,2000,O Du,325,4.089132681830233e-06,79497781.0
VNM,2000,Pa Then,5970,7.509030483706503e-05,79497781.0
VNM,2000,Phu La,9660,0.00012150909036406762,79497781.0
VNM,2000,Pu Peo,702,8.825561427181245e-06,79497781.0
VNM,2000,Raglai,105043,0.0013213339513974197,79497781.0
VNM,2000,Romam,379,4.767579445950577e-06,79497781.0
VNM,2000,San Chay,154588,0.0019445633598985676,79497781.0
VNM,2000,San Diu,132979,0.0016727412080981467,79497781.0
VNM,2000,Si La,802,1.0090180979988062e-05,79497781.0
VNM,2000,Taoi,37823,0.00047577209852449077,79497781.0
VNM,2000,Tay,1528015,0.019220850371463143,79497781.0
VNM,2000,Thai,1401246,0.017626231848584435,79497781.0
VNM,2000,Tho,70476,0.000886518287071532,79497781.0
VNM,2000,Xinh mun,19697,0.0002477690055642248,79497781.0
VNM,2000,Xodan,140613,0.001768762250338474,79497781.0
VNM,2000,Xtieng,72750,0.0009151164431054006,79497781.0
VNM,2005,Bana,209186,0.0025303044634773365,82672389.0
VNM,2005,Bo Y,2132,2.5792380583215977e-05,82672389.0
VNM,2005,Brau,368,4.4499985478203155e-06,82672389.0
VNM,2005,Bru Van Kieu,67894,0.0008212432911550189,82672389.0
VNM,2005,Cham,151808,0.0018362563235047936,82672389.0
VNM,2005,Choro,25389,0.0003071082958496476,82672389.0
VNM,2005,Churu,17808,0.00021540259474317258,82672389.0
VNM,2005,Chut,5249,6.34881209275576e-05,82672389.0
VNM,2005,Co,31736,0.0003838795547674162,82672389.0
VNM,2005,Co Lao,2366,2.8615716705513005e-05,82672389.0
VNM,2005,Coho,153123,0.0018521689403850127,82672389.0
VNM,2005,Cong,1908,2.3076466602186766e-05,82672389.0
VNM,2005,Cotu,57759,0.0006986472055420792,82672389.0
VNM,2005,Dao,706248,0.008542735272435056,82672389.0
VNM,2005,Ede,310244,0.003752687265632154,82672389.0
VNM,2005,Foreigners,15644,0.00018922392093809377,82672389.0
VNM,2005,Giarai,378702,0.004580756899621065,82672389.0
VNM,2005,Giay,55360,0.0006696354949636883,82672389.0
VNM,2005,Gie Trieng,43638,0.0005278414421795325,82672389.0
VNM,2005,Ha Nhi,20279,0.00024529325311741456,82672389.0
VNM,2005,Hmong,970166,0.011735069706303867,82672389.0
VNM,2005,Hoa,839793,0.010158080512682865,82672389.0
VNM,2005,Hre,122646,0.001483512635692389,82672389.0
VNM,2005,Khang,12594,0.0001523399029062825,82672389.0
VNM,2005,Khmer,1133977,0.013716515289258225,82672389.0
VNM,2005,Khome,1190332,0.014398180335213555,82672389.0
VNM,2005,Khomu,67237,0.0008132898448386281,82672389.0
VNM,2005,Kinh,71004946,0.8588713477092237,82672389.0
VNM,2005,La Chi,12334,0.00014919678364725718,82672389.0
VNM,2005,La Ha,7303,8.833357077524141e-05,82672389.0
VNM,2005,Lahu,8678,0.00010496875581504159,82672389.0
VNM,2005,Lao,13776,0.00016663698329940724,82672389.0
VNM,2005,Lolo,4109,4.970725971229899e-05,82672389.0
VNM,2005,Lu,5388,6.517573013966714e-05,82672389.0
VNM,2005,Ma,38620,0.0004671412135287678,82672389.0
VNM,2005,Mang,3337,4.036365909132859e-05,82672389.0
VNM,2005,Mnong,99342,0.0012016312402033794,82672389.0
VNM,2005,Muong,1225406,0.014822430258515783,82672389.0
VNM,2005,Ngai,2412,2.9180107632785356e-05,82672389.0
VNM,2005,Not Stated,537,6.489590450000145e-06,82672389.0
VNM,2005,Nung,931201,0.01126375078993407,82672389.0
VNM,2005,O Du,350,4.234508989695247e-06,82672389.0
VNM,2005,Pa Then,6384,7.721456566545134e-05,82672389.0
VNM,2005,Phu La,10292,0.0001244958546188683,82672389.0
VNM,2005,Pu Peo,696,8.414085500058576e-06,82672389.0
VNM,2005,Raglai,113481,0.0013726604307522396,82672389.0
VNM,2005,Romam,407,4.923191305071399e-06,82672389.0
VNM,2005,San Chay,161953,0.001958978978166949,82672389.0
VNM,2005,San Diu,139841,0.001691502438188828,82672389.0
VNM,2005,Si La,758,9.174530218677844e-06,82672389.0
VNM,2005,Taoi,40798,0.0004934919617206625,82672389.0
VNM,2005,Tay,1577641,0.01908304541029225,82672389.0
VNM,2005,Thai,1475146,0.01784326872043487,82672389.0
VNM,2005,Tho,72498,0.0008769260311497848,82672389.0
VNM,2005,Xinh mun,21450,0.00025946292027760154,82672389.0
VNM,2005,Xodan,154730,0.0018716084361024314,82672389.0
VNM,2005,Xtieng,78966,0.0009551644453324325,82672389.0
VNM,2010,Bana,246688,0.0027624377655555625,89300992.66666667
VNM,2010,Bo Y,2576,2.884940445533417e-05,89300992.66666667
VNM,2010,Brau,438,4.901961316222807e-06,89300992.66666667
VNM,2010,Bru Van Kieu,80938,0.0009063470624590342,89300992.66666667
VNM,2010,Cham,167524,0.0018759451798292985,89300992.66666667
VNM,2010,Choro,27757,0.00031082667637947434,89300992.66666667
VNM,2010,Churu,20585,0.00023051386448002948,89300992.66666667
VNM,2010,Chut,6501,7.279551114146665e-05,89300992.66666667
VNM,2010,Co,35964,0.0004027330901388436,89300992.66666667
VNM,2010,Co Lao,3067,3.433964138913967e-05,89300992.66666667
VNM,2010,Coho,177324,0.0019856926651701983,89300992.66666667
VNM,2010,Cong,2251,2.5211826470247226e-05,89300992.66666667
VNM,2010,Cotu,65660,0.0007352629643204954,89300992.66666667
VNM,2010,Dao,796579,0.008920154574920522,89300992.66666667
VNM,2010,Ede,353028,0.003953238556209205,89300992.66666667
VNM,2010,Foreigners,2579,2.8882126887889368e-05,89300992.66666667
VNM,2010,Giarai,444225,0.004974463449100744,89300992.66666667
VNM,2010,Giay,61645,0.000690311455381403,89300992.66666667
VNM,2010,Gie Trieng,54933,0.0006151488199082304,89300992.66666667
VNM,2010,Ha Nhi,22968,0.0002571954672884173,89300992.66666667
VNM,2010,Hmong,1171940,0.01312348736272242,89300992.66666667
VNM,2010,Hoa,802675,0.008988426759214567,89300992.66666667
VNM,2010,Hre,134607,0.0015073434423414404,89300992.66666667
VNM,2010,Khang,14604,0.0001635365572071056,89300992.66666667
VNM,2010,Khmer,1224898,0.013716515289258225,89300992.66666667
VNM,2010,Khome,1311361,0.014684730323181835,89300992.66666667
VNM,2010,Khomu,78611,0.0008802902541922782,89300992.66666667
VNM,2010,Kinh,76434208,0.8559166650678683,89300992.66666667
VNM,2010,La Chi,13805,0.0001545885403113019,89300992.66666667
VNM,2010,La Ha,8813,9.869132483326086e-05,89300992.66666667
VNM,2010,Lahu,10441,0.00011691496022774881,89300992.66666667
VNM,2010,Lao,15777,0.00017666994486786034,89300992.66666667
VNM,2010,Lolo,4643,5.198829913942095e-05,89300992.66666667
VNM,2010,Lu,5975,6.690683066992918e-05,89300992.66666667
VNM,2010,Ma,44284,0.0004958906694896272,89300992.66666667
VNM,2010,Mang,4005,4.48440516206539e-05,89300992.66666667
VNM,2010,Mnong,110647,0.001239032890027594,89300992.66666667
VNM,2010,Muong,1329290,0.014885498950062104,89300992.66666667
VNM,2010,Ngai,1228,1.3750812625980018e-05,89300992.66666667
VNM,2010,Not Stated,168,1.8770281364134114e-06,89300992.66666667
VNM,2010,Nung,1007024,0.011276743355929687,89300992.66666667
VNM,2010,O Du,393,4.402806530104025e-06,89300992.66666667
VNM,2010,Pa Then,7275,8.146923083416271e-05,89300992.66666667
VNM,2010,Phu La,11448,0.00012819643565022931,89300992.66666667
VNM,2010,Pu Peo,756,8.463679000849771e-06,89300992.66666667
VNM,2010,Raglai,130138,0.0014572917213268395,89300992.66666667
VNM,2010,Romam,500,5.599799234015531e-06,89300992.66666667
VNM,2010,San Chay,179796,0.0020133760006870957,89300992.66666667
VNM,2010,San Diu,158440,0.001774226059784497,89300992.66666667
VNM,2010,Si La,773,8.6553136698877e-06,89300992.66666667
VNM,2010,Taoi,46633,0.0005222046642687375,89300992.66666667
VNM,2010,Tay,1698880,0.019024199342587172,89300992.66666667
VNM,2010,Thai,1638603,0.018349212597188688,89300992.66666667
VNM,2010,Tho,79924,0.0008949982003314358,89300992.66666667
VNM,2010,Xinh mun,25271,0.00028298967449954333,89300992.66666667
VNM,2010,Xodan,183226,0.0020517749369703313,89300992.66666667
VNM,2010,Xtieng,90422,0.0010125483946062622,89300992.66666667
VNM,2015,Bana,266420,0.00287229584914508,92754988.33333333
VNM,2015,Bo Y,2896,3.1221470396427706e-05,92754988.33333333
VNM,2015,Brau,480,5.179416081564165e-06,92754988.33333333
VNM,2015,Bru Van Kieu,87635,0.0009448012153967255,92754988.33333333
VNM,2015,Cham,173263,0.001867968898783268,92754988.33333333
VNM,2015,Choro,28645,0.00030882936428559534,92754988.33333333
VNM,2015,Churu,21894,0.00023604606769123208,92754988.33333333
VNM,2015,Chut,6998,7.544296573530589e-05,92754988.33333333
VNM,2015,Co,38173,0.0004115444220128058,92754988.33333333
VNM,2015,Co Lao,3522,3.797349117091537e-05,92754988.33333333
VNM,2015,Coho,188887,0.002036407919307603,92754988.33333333
VNM,2015,Cong,2485,2.678858041722378e-05,92754988.33333333
VNM,2015,Cotu,69855,0.0007531100358055081,92754988.33333333
VNM,2015,Dao,843273,0.009091406727546646,92754988.33333333
VNM,2015,Ede,375520,0.004048520380396671,92754988.33333333
VNM,2015,Foreigners,3052,3.290607498590214e-05,92754988.33333333
VNM,2015,Giarai,478443,0.0051581361382171875,92754988.33333333
VNM,2015,Giay,64726,0.0006978151009567158,92754988.33333333
VNM,2015,Gie Trieng,59053,0.0006366601011614976,92754988.33333333
VNM,2015,Ha Nhi,24239,0.0002613244237005136,92754988.33333333
VNM,2015,Hmong,1280393,0.013804035108116118,92754988.33333333
VNM,2015,Hoa,778140,0.008389203061651945,92754988.33333333
VNM,2015,Hre,141954,0.001530418308578815,92754988.33333333
VNM,2015,Khang,15384,0.00016585605984443982,92754988.33333333
VNM,2015,Khmer,1272275,0.013716515289258225,92754988.33333333
VNM,2015,Khome,1362082,0.014684730323181835,92754988.33333333
VNM,2015,Khomu,84505,0.0009110574901245232,92754988.33333333
VNM,2015,Kinh,79264703,0.8545600000039908,92754988.33333333
VNM,2015,La Chi,14461,0.00015590439247021567,92754988.33333333
VNM,2015,La Ha,9473,0.00010213179307569653,92754988.33333333
VNM,2015,Lahu,11261,0.00012140898160774737,92754988.33333333
VNM,2015,Lao,16645,0.00017944912451768984,92754988.33333333
VNM,2015,Lolo,4738,5.10801644059133e-05,92754988.33333333
VNM,2015,Lu,6360,6.856967848976519e-05,92754988.33333333
VNM,2015,Ma,47256,0.0005094697678476515,92754988.33333333
VNM,2015,Mang,4321,4.658816813233713e-05,92754988.33333333
VNM,2015,Mnong,118845,0.0012812737711279572,92754988.33333333
VNM,2015,Muong,1390334,0.01498931602020941,92754988.33333333
VNM,2015,Ngai,1433,1.5445292052558778e-05,92754988.33333333
VNM,2015,Not Stated,255,2.752273997321018e-06,92754988.33333333
VNM,2015,Nung,1045190,0.011268292891975376,92754988.33333333
VNM,2015,O Du,411,4.425727762647788e-06,92754988.33333333
VNM,2015,Pa Then,7754,8.35996351744878e-05,92754988.33333333
VNM,2015,Phu La,11957,0.00012891025242678971,92754988.33333333
VNM,2015,Pu Peo,828,8.924748428763635e-06,92754988.33333333
VNM,2015,Raglai,138260,0.0014905965325466193,92754988.33333333
VNM,2015,Romam,568,6.120795303838842e-06,92754988.33333333
VNM,2015,San Chay,190459,0.0020533574049388607,92754988.33333333
VNM,2015,San Diu,170501,0.0018381884512894853,92754988.33333333
VNM,2015,Si La,840,9.051747882407774e-06,92754988.33333333
VNM,2015,Taoi,49457,0.0005331975036206408,92754988.33333333
VNM,2015,Tay,1771913,0.019103158236052985,92754988.33333333
VNM,2015,Thai,1728779,0.018638119602092072,92754988.33333333
VNM,2015,Tho,85582,0.0009226626254348341,92754988.33333333
VNM,2015,Xinh mun,27346,0.0002948225140081085,92754988.33333333
VNM,2015,Xodan,197484,0.0021290952520742743,92754988.33333333
VNM,2015,Xtieng,95527,0.00102988434165306,92754988.33333333
VNM,2020,Bana,286910,0.002982153932734598,96208984.0
VNM,2020,Bo Y,3232,3.3593536337521245e-05,96208984.0
VNM,2020,Brau,525,5.456870846905524e-06,96208984.0
VNM,2020,Bru Van Kieu,94598,0.0009832553683344167,96208984.0
VNM,2020,Cham,178948,0.0018599926177372374,96208984.0
VNM,2020,Choro,29520,0.00030683205219171633,96208984.0
VNM,2020,Churu,23242,0.00024157827090243465,96208984.0
VNM,2020,Chut,7513,7.809042032914514e-05,96208984.0
VNM,2020,Co,40442,0.000420355753886768,96208984.0
VNM,2020,Co Lao,4003,4.160734095269107e-05,96208984.0
VNM,2020,Coho,200800,0.002087123173445008,96208984.0
VNM,2020,Cong,2729,2.8365334364200332e-05,96208984.0
VNM,2020,Cotu,74173,0.0007709571072905208,96208984.0
VNM,2020,Dao,891151,0.00926265888017277,96208984.0
VNM,2020,Ede,398671,0.004143802204584137,96208984.0
VNM,2020,Foreigners,3553,3.693002308391491e-05,96208984.0
VNM,2020,Giarai,513930,0.00534180882733363,96208984.0
VNM,2020,Giay,67858,0.0007053187465320286,96208984.0
VNM,2020,Gie Trieng,63322,0.0006581713824147649,96208984.0
VNM,2020,Ha Nhi,25539,0.00026545338011260987,96208984.0
VNM,2020,Hmong,1393547,0.014484582853509814,96208984.0
VNM,2020,Hoa,749466,0.0077899793640893245,96208984.0
VNM,2020,Hre,149460,0.0015534931748161897,96208984.0
VNM,2020,Khang,16180,0.00016817556248177406,96208984.0
VNM,2020,Khmer,1319652,0.013716515289258225,96208984.0
VNM,2020,Khome,1412803,0.014684730323181835,96208984.0
VNM,2020,Khomu,90612,0.0009418247260567683,96208984.0
VNM,2020,Kinh,82085826,0.8532033349401132,96208984.0
VNM,2020,La Chi,15126,0.00015722024462912944,96208984.0
VNM,2020,La Ha,10157,0.0001055722613181322,96208984.0
VNM,2020,Lahu,12113,0.00012590300298774592,96208984.0
VNM,2020,Lao,17532,0.00018222830416751931,96208984.0
VNM,2020,Lolo,4827,5.0172029672405646e-05,96208984.0
VNM,2020,Lu,6757,7.02325263096012e-05,96208984.0
VNM,2020,Ma,50322,0.0005230488662056758,96208984.0
VNM,2020,Mang,4650,4.8332284644020354e-05,96208984.0
VNM,2020,Mnong,127334,0.00132351465222832,96208984.0
VNM,2020,Muong,1452095,0.015093133090356717,96208984.0
VNM,2020,Ngai,1649,1.713977147913754e-05,96208984.0
VNM,2020,Not Stated,349,3.6275198582286246e-06,96208984.0
VNM,2020,Nung,1083298,0.011259842428021067,96208984.0
VNM,2020,O Du,428,4.448648995191551e-06,96208984.0
VNM,2020,Pa Then,8248,8.573003951481288e-05,96208984.0
VNM,2020,Phu La,12471,0.00012962406920335009,96208984.0
VNM,2020,Pu Peo,903,9.3858178566775e-06,96208984.0
VNM,2020,Raglai,146613,0.0015239013437663993,96208984.0
VNM,2020,Romam,639,6.641791373662152e-06,96208984.0
VNM,2020,San Chay,201398,0.002093338809190626,96208984.0
VNM,2020,San Diu,183004,0.0019021508427944733,96208984.0
VNM,2020,Si La,909,9.44818209492785e-06,96208984.0
VNM,2020,Taoi,52356,0.000544190342972544,96208984.0
VNM,2020,Tay,1845492,0.019182117129518797,96208984.0
VNM,2020,Thai,1820950,0.018927026606995453,96208984.0
VNM,2020,Tho,91430,0.0009503270505382325,96208984.0
VNM,2020,Xinh mun,29503,0.00030665535351667364,96208984.0
VNM,2020,Xodan,212277,0.002206415567178217,96208984.0
VNM,2020,Xtieng,100752,0.0010472202886998578,96208984.0
VNM,2024,Bana,314545,0.003113054938088744,101040742.91666651
VNM,2024,Bo Y,3485,3.449527305713268e-05,101040742.91666651
VNM,2024,Brau,571,5.654624553065711e-06,101040742.91666651
VNM,2024,Bru Van Kieu,104553,0.0010347582011022963,101040742.91666651
VNM,2024,Cham,190727,0.001887621382439866,101040742.91666651
VNM,2024,Choro,31179,0.0003085798450670488,101040742.91666651
VNM,2024,Churu,25356,0.00025095227171007987,101040742.91666651
VNM,2024,Chut,8661,8.571678568600994e-05,101040742.91666651
VNM,2024,Co,43277,0.0004283135434449438,101040742.91666651
VNM,2024,Co Lao,4489,4.442335055080106e-05,101040742.91666651
VNM,2024,Coho,219146,0.002168889953034654,101040742.91666651
VNM,2024,Cong,2930,2.8997557743041697e-05,101040742.91666651
VNM,2024,Cotu,79458,0.0007863987383326048,101040742.91666651
VNM,2024,Dao,951175,0.009413774109721525,101040742.91666651
VNM,2024,Ede,427609,0.004232042417075518,101040742.91666651
VNM,2024,Foreigners,0,0.0,101040742.91666651
VNM,2024,Giarai,561988,0.005561994475282012,101040742.91666651
VNM,2024,Giay,71977,0.000712354221851212,101040742.91666651
VNM,2024,Gie Trieng,74178,0.0007341426872544088,101040742.91666651
VNM,2024,Ha Nhi,27472,0.00027188705074492715,101040742.91666651
VNM,2024,Hmong,1545598,0.015296780773348263,101040742.91666651
VNM,2024,Hoa,688988,0.006818912377595918,101040742.91666651
VNM,2024,Hre,155182,0.0015358315146752207,101040742.91666651
VNM,2024,Khang,17888,0.0001770420298042197,101040742.91666651
VNM,2024,Khmer,1364274,0.013502220490715108,101040742.91666651
VNM,2024,Khome,1588829,0.01572463830339043,101040742.91666651
VNM,2024,Khomu,98946,0.0009792659945470547,101040742.91666651
VNM,2024,Kinh,84629044,0.837573452855539,101040742.91666651
VNM,2024,La Chi,16177,0.00016010307978597127,101040742.91666651
VNM,2024,La Ha,11446,0.0001132810925590523,101040742.91666651
VNM,2024,Lahu,13561,0.00013421165346362107,101040742.91666651
VNM,2024,Lao,19096,0.00018899083809018844,101040742.91666651
VNM,2024,Lolo,5364,5.308888582635505e-05,101040742.91666651
VNM,2024,Lu,7035,6.962847517169155e-05,101040742.91666651
VNM,2024,Ma,54247,0.0005368856338689793,101040742.91666651
VNM,2024,Mang,5191,5.137330898490214e-05,101040742.91666651
VNM,2024,Mnong,132088,0.0013072779231388344,101040742.91666651
VNM,2024,Muong,1498711,0.014832740302003301,101040742.91666651
VNM,2024,Ngai,0,0.0,101040742.91666651
VNM,2024,Not Stated,0,0.0,101040742.91666651
VNM,2024,Nung,1122384,0.011108233948767416,101040742.91666651
VNM,2024,O Du,461,4.5636693348402355e-06,101040742.91666651
VNM,2024,Pa Then,8844,8.752879035079129e-05,101040742.91666651
VNM,2024,Phu La,13282,0.00013144972976326946,101040742.91666651
VNM,2024,Pu Peo,894,8.84633936015746e-06,101040742.91666651
VNM,2024,Raglai,158780,0.0015714451172747915,101040742.91666651
VNM,2024,Romam,693,6.8577158695395255e-06,101040742.91666651
VNM,2024,San Chay,210994,0.00208821151464687,101040742.91666651
VNM,2024,San Diu,193115,0.0019112592333525137,101040742.91666651
VNM,2024,Si La,836,8.271450360154035e-06,101040742.91666651
VNM,2024,Taoi,56603,0.0005601974443073594,101040742.91666651
VNM,2024,Tay,1892725,0.018732298869448934,101040742.91666651
VNM,2024,Thai,1916691,0.018969483293497593,101040742.91666651
VNM,2024,Tho,94017,0.0009304850360538348,101040742.91666651
VNM,2024,Xinh mun,32249,0.0003191654568316068,101040742.91666651
VNM,2024,Xodan,234164,0.0023175218080961294,101040742.91666651
VNM,2024,Xtieng,109569,0.0010844036234361279,101040742.91666651
