iso3,year_window,category,total_event_count,goldstein_wavg,tone_wavg
AFG,2000,Aid/Cooperation,55838,3.350279881084566,5.273762384039544
AFG,2000,Conflict/Migration,22923,-9.875108101033897,3.737413951053527
AFG,2000,Disapproval/Sanction,13241,-3.038943282229439,4.8649972811721165
AFG,2000,Other,56331,1.612152828815395,4.964630150361257
AFG,2000,Protest,2308,-5.436750433275564,4.763665077989602
AFG,2005,Aid/Cooperation,193939,3.00666589494635,5.484455596862933
AFG,2005,Conflict/Migration,79069,-9.875837180184396,3.6623213901781986
AFG,2005,Disapproval/Sanction,47640,-2.9148768261964735,4.971895256087321
AFG,2005,Other,239453,1.544496991058788,5.072714123439673
AFG,2005,Protest,8807,-5.479001816736687,5.049305552401499
AFG,2010,Aid/Cooperation,461064,3.0304221496364927,5.300836296045669
AFG,2010,Conflict/Migration,420476,-9.883702192277324,3.3751937875170044
AFG,2010,Disapproval/Sanction,167877,-2.8439855370300875,4.586475490984471
AFG,2010,Other,751875,1.7407440611803826,4.814998098088113
AFG,2010,Protest,33370,-5.347442583158526,4.715400659274798
AFG,2015,Aid/Cooperation,762060,3.225561900637745,2.5265101474949483
AFG,2015,Conflict/Migration,528236,-9.896336050553161,0.6851069673403557
AFG,2015,Disapproval/Sanction,230956,-2.8504453748766,1.3654530689828366
AFG,2015,Other,1009718,1.8150148932672292,1.8481112112490816
AFG,2015,Protest,42438,-5.380908054102456,1.2799095150572601
AFG,2020,Aid/Cooperation,762290,3.2421471356045597,-1.8014046019231524
AFG,2020,Conflict/Migration,493176,-9.88367280037958,-6.310941748990218
AFG,2020,Disapproval/Sanction,242649,-2.892413943597542,-4.414518633911535
AFG,2020,Other,979555,1.846640418353232,-3.386739818591095
AFG,2020,Protest,43507,-5.328077849541454,-4.638624658100995
AFG,2024,Aid/Cooperation,444451,2.945331777856276,-1.9670248418835823
AFG,2024,Conflict/Migration,161088,-9.855059669249105,-5.255678300059594
AFG,2024,Disapproval/Sanction,132051,-3.0110900864060097,-4.072272016114986
AFG,2024,Other,643933,2.1316820305839275,-3.1289631312574446
AFG,2024,Protest,28394,-5.181071282665352,-4.423251708107347
ARG,2000,Aid/Cooperation,32596,3.190576512455516,5.578618726224076
ARG,2000,Conflict/Migration,3333,-9.776171617161715,4.096478547854786
ARG,2000,Disapproval/Sanction,7115,-3.1766269852424456,4.937179198875615
ARG,2000,Other,32199,1.6680308705239293,5.08588602130501
ARG,2000,Protest,807,-5.420819083023544,4.826639405204461
ARG,2005,Aid/Cooperation,23503,3.0518906948049187,5.6584105433348935
ARG,2005,Conflict/Migration,3042,-9.743860946745562,4.057995726495727
ARG,2005,Disapproval/Sanction,6584,-3.109955042527339,4.899522782503038
ARG,2005,Other,28310,1.3407854821617804,5.111738290356764
ARG,2005,Protest,657,-5.330634703196347,4.687445966514459
ARG,2010,Aid/Cooperation,59783,3.129938142950337,5.341030811434688
ARG,2010,Conflict/Migration,9098,-9.759231039788965,4.302445152780831
ARG,2010,Disapproval/Sanction,16007,-2.990215968013994,4.752237770975198
ARG,2010,Other,80068,1.3304789928560725,4.352538292451417
ARG,2010,Protest,1400,-5.343172857142858,4.577491428571428
ARG,2015,Aid/Cooperation,134240,3.0829659713945174,2.718277421036949
ARG,2015,Conflict/Migration,22839,-9.805948246420597,0.9380816585664871
ARG,2015,Disapproval/Sanction,40803,-2.8612252285371174,1.54322684606524
ARG,2015,Other,159219,1.634762572306069,2.0775866448099785
ARG,2015,Protest,4307,-5.099334339447411,1.8422331088925006
ARG,2020,Aid/Cooperation,161331,3.0742703200252897,-0.6044148489750886
ARG,2020,Conflict/Migration,20727,-9.795175326868335,-4.05669093452984
ARG,2020,Disapproval/Sanction,34205,-2.940523900014618,-3.0873673147200704
ARG,2020,Other,178241,1.8655182982590988,-1.692400042638899
ARG,2020,Protest,3861,-5.132293188293188,-2.794826987826988
ARG,2024,Aid/Cooperation,76696,3.11757094242203,-0.14229756441013872
ARG,2024,Conflict/Migration,9971,-9.798725604252331,-3.9254471968709255
ARG,2024,Disapproval/Sanction,17306,-2.897763087946377,-2.794872067491043
ARG,2024,Other,83053,1.792937810795516,-1.4903697398047029
ARG,2024,Protest,1973,-5.201747592498732,-3.182775468829194
AUS,2000,Aid/Cooperation,36318,3.169785615948015,5.846183545349414
AUS,2000,Conflict/Migration,2157,-9.77174779786741,4.32354705609643
AUS,2000,Disapproval/Sanction,8332,-3.055577412385982,6.009985717714835
AUS,2000,Other,36430,1.3496210540763105,5.731874444139446
AUS,2000,Protest,1354,-5.017000738552437,6.233169867060561
AUS,2005,Aid/Cooperation,26317,3.1915070866740134,5.764781624045294
AUS,2005,Conflict/Migration,1802,-9.813189789123197,4.3760377358490565
AUS,2005,Disapproval/Sanction,5857,-3.1303523988389963,5.63712224688407
AUS,2005,Other,26130,1.5489068503635668,5.378880290853426
AUS,2005,Protest,639,-5.100383411580594,5.402209702660407
AUS,2010,Aid/Cooperation,65827,3.2227584122016797,5.708502787609947
AUS,2010,Conflict/Migration,8423,-9.714502196367091,4.127381574260952
AUS,2010,Disapproval/Sanction,14765,-2.997555706061632,5.081472536403658
AUS,2010,Other,86352,1.393155607281823,5.176012622753381
AUS,2010,Protest,2060,-5.12691213592233,4.840848058252428
AUS,2015,Aid/Cooperation,177938,3.324184895862604,1.6198536344119863
AUS,2015,Conflict/Migration,18422,-9.783476658343284,-0.08168499620019559
AUS,2015,Disapproval/Sanction,32217,-3.047976596206972,1.13470403824068
AUS,2015,Other,184744,1.6683878393885592,1.3157854274022431
AUS,2015,Protest,4383,-5.0434923568332195,0.3064207164042892
AUS,2020,Aid/Cooperation,217596,3.1179106049743557,-0.6241692724130958
AUS,2020,Conflict/Migration,26741,-9.782015182678284,-4.135320332074343
AUS,2020,Disapproval/Sanction,48005,-2.9952760962399756,-2.681196125403604
AUS,2020,Other,249174,1.66607620779054,-1.803129720596852
AUS,2020,Protest,7292,-5.052839413055402,-3.528842155787164
AUS,2024,Aid/Cooperation,115125,3.3271137546145497,-0.2668342410423452
AUS,2024,Conflict/Migration,11500,-9.844988173913043,-3.913998869565218
AUS,2024,Disapproval/Sanction,22338,-2.989606455367535,-2.33628717879846
AUS,2024,Other,113835,1.5952112267755962,-1.5290919752273027
AUS,2024,Protest,3133,-5.1394111075646345,-3.6954171720395785
BGD,2000,Aid/Cooperation,787,2.69854002541296,5.75315374841169
BGD,2000,Conflict/Migration,232,-9.876987068965516,4.259978448275862
BGD,2000,Disapproval/Sanction,374,-2.8717326203208557,5.604336898395721
BGD,2000,Other,1192,1.246353187919463,5.6095
BGD,2000,Protest,34,-5.517470588235294,4.618
BGD,2005,Aid/Cooperation,871,2.8354408725602758,5.634955223880596
BGD,2005,Conflict/Migration,207,-9.77049275362319,4.048502415458937
BGD,2005,Disapproval/Sanction,402,-2.987542288557214,5.491104477611941
BGD,2005,Other,1615,0.8242687306501548,5.349939318885449
BGD,2005,Protest,46,-4.656521739130436,5.76804347826087
BGD,2010,Aid/Cooperation,19225,3.0851559947984395,5.833573836150845
BGD,2010,Conflict/Migration,5501,-9.767041265224506,3.9178763861116157
BGD,2010,Disapproval/Sanction,6153,-2.8871922639362912,5.022085161709735
BGD,2010,Other,33790,1.2753736312518495,5.310710417283221
BGD,2010,Protest,772,-4.914432642487046,4.915040155440415
BGD,2015,Aid/Cooperation,32859,2.9510398977449097,3.8463448065978882
BGD,2015,Conflict/Migration,6755,-9.772036269430053,2.8620016284233905
BGD,2015,Disapproval/Sanction,8534,-2.953366182329505,3.2006696742441996
BGD,2015,Other,50649,1.5098235503168869,3.4220820944145
BGD,2015,Protest,1154,-4.799653379549394,2.685522530329289
BGD,2020,Aid/Cooperation,39730,2.9593463377800155,0.7319108482255222
BGD,2020,Conflict/Migration,3702,-9.788017828200974,-2.9721307401404644
BGD,2020,Disapproval/Sanction,8697,-3.083523053926641,-1.5764522249051398
BGD,2020,Other,53158,1.8433599458218897,-0.6454392753677716
BGD,2020,Protest,1208,-4.755137417218543,-2.545872516556291
BGD,2024,Aid/Cooperation,27003,2.951649001962745,1.453234862793023
BGD,2024,Conflict/Migration,2138,-9.81233395696913,-2.498752572497662
BGD,2024,Disapproval/Sanction,5214,-3.0899888761028005,-1.5046238971998465
BGD,2024,Other,33108,2.0537006161652775,-0.07874075752084085
BGD,2024,Protest,1022,-4.73551663405088,-1.5981232876712328
BRA,2000,Aid/Cooperation,36727,3.1604525008849076,5.531624880877828
BRA,2000,Conflict/Migration,3926,-9.818130412633723,3.9958178807947022
BRA,2000,Disapproval/Sanction,7969,-3.100689672480863,5.284939013678002
BRA,2000,Other,38914,2.1283943310890683,5.211218327594182
BRA,2000,Protest,778,-5.214088688946015,5.267133676092545
BRA,2005,Aid/Cooperation,36701,2.9828639001662083,5.860659954769625
BRA,2005,Conflict/Migration,5551,-9.851693388578635,3.7224768510178348
BRA,2005,Disapproval/Sanction,7102,-3.0119031258800337,5.347855392847085
BRA,2005,Other,38467,1.7623945719707799,5.402921933085501
BRA,2005,Protest,817,-5.133697674418605,5.351449204406364
BRA,2010,Aid/Cooperation,130927,3.1124329206351633,5.18064089148915
BRA,2010,Conflict/Migration,17233,-9.846597980618581,4.004998839435966
BRA,2010,Disapproval/Sanction,26523,-3.010369980771406,4.830440938053765
BRA,2010,Other,175635,1.7248457198166651,4.487165394141259
BRA,2010,Protest,3137,-5.15008798214855,4.922030283710552
BRA,2015,Aid/Cooperation,238697,3.0231622642932257,3.0238709409837576
BRA,2015,Conflict/Migration,33843,-9.834096090772094,1.041587595662323
BRA,2015,Disapproval/Sanction,57969,-2.9547434835860544,1.4918266487260432
BRA,2015,Other,316558,1.9184179834343156,2.168790780836371
BRA,2015,Protest,6598,-4.958356471658079,1.53996059411943
BRA,2020,Aid/Cooperation,335589,3.0273154364415995,-1.2170938230990884
BRA,2020,Conflict/Migration,67098,-9.82226513457927,-4.678509076276491
BRA,2020,Disapproval/Sanction,113795,-2.908753697438376,-3.475605685662815
BRA,2020,Other,507408,1.5217161022293695,-2.3743454852899437
BRA,2020,Protest,15263,-5.019444342527681,-3.7482116228788573
BRA,2024,Aid/Cooperation,211051,3.0291905416226412,-0.5023498443504177
BRA,2024,Conflict/Migration,31974,-9.844374741977857,-4.277066804278476
BRA,2024,Disapproval/Sanction,53010,-2.915883965289568,-2.970857083569138
BRA,2024,Other,261681,1.6511830472980462,-1.8190544670801474
BRA,2024,Protest,7034,-4.979181546772818,-3.3105386693204437
BRN,2000,Aid/Cooperation,2720,3.1044963235294114,6.078740073529412
BRN,2000,Conflict/Migration,218,-9.759426605504586,4.276059633027523
BRN,2000,Disapproval/Sanction,469,-3.0276950959488276,5.071727078891258
BRN,2000,Other,2313,1.5824245568525726,5.425335927367056
BRN,2000,Protest,38,-5.026552631578948,4.801394736842106
BRN,2005,Aid/Cooperation,5230,3.0985762906309753,5.9699181644359465
BRN,2005,Conflict/Migration,457,-9.840374179431072,4.460533916849015
BRN,2005,Disapproval/Sanction,1096,-3.1439790145985396,5.321821167883212
BRN,2005,Other,5335,1.5357851921274603,5.444318837863168
BRN,2005,Protest,111,-5.048522522522522,5.043009009009009
BRN,2010,Aid/Cooperation,8132,2.9445336940482045,6.43683448106247
BRN,2010,Conflict/Migration,795,-9.672542138364781,4.753241509433963
BRN,2010,Disapproval/Sanction,1179,-2.997944868532655,5.424650551314674
BRN,2010,Other,8121,1.9645869966752862,6.247160817633296
BRN,2010,Protest,167,-4.802544910179641,5.684958083832337
BRN,2015,Aid/Cooperation,27916,2.9310908439604524,2.6272304771457224
BRN,2015,Conflict/Migration,4699,-9.786969142370715,-0.5494967014258351
BRN,2015,Disapproval/Sanction,5696,-2.9701630969101123,1.379955231741573
BRN,2015,Other,34251,1.4699127616711918,1.2177653499167909
BRN,2015,Protest,1158,-5.038868739205527,0.46990673575129516
BRN,2020,Aid/Cooperation,52558,2.902183530575745,-0.252594695384147
BRN,2020,Conflict/Migration,10436,-9.694494921425834,-5.339355021080873
BRN,2020,Disapproval/Sanction,13205,-2.9185568345323745,-2.5308960999621357
BRN,2020,Other,66238,1.0890975572933965,-1.7729485491711705
BRN,2020,Protest,1861,-5.073613648576034,-3.179312735088662
BRN,2024,Aid/Cooperation,33462,2.936528181220489,0.09012665112665112
BRN,2024,Conflict/Migration,5576,-9.746091642754665,-5.143705882352942
BRN,2024,Disapproval/Sanction,7758,-2.969156999226605,-2.4849486981180715
BRN,2024,Other,39507,0.8054666008555447,-1.8631235477257198
BRN,2024,Protest,1129,-4.899490699734278,-3.2676102745792734
CAN,2000,Aid/Cooperation,43749,3.124193970147889,5.791329584676221
CAN,2000,Conflict/Migration,4470,-9.7855774049217,4.435151901565995
CAN,2000,Disapproval/Sanction,8985,-3.0093432387312187,5.248639955481358
CAN,2000,Other,48115,1.679638075444248,5.367920856281825
CAN,2000,Protest,1001,-5.161879120879121,5.211843156843156
CAN,2005,Aid/Cooperation,45525,3.011296430532674,5.954343701263043
CAN,2005,Conflict/Migration,6988,-9.811492987979392,4.437124212936463
CAN,2005,Disapproval/Sanction,12206,-2.9610508766180565,5.384197689660823
CAN,2005,Other,61505,1.478568490366637,5.551849264287457
CAN,2005,Protest,1816,-5.186234030837005,5.364443832599118
CAN,2010,Aid/Cooperation,487459,2.967797281412386,6.289335295891552
CAN,2010,Conflict/Migration,108036,-9.80409880965604,4.4319645488540855
CAN,2010,Disapproval/Sanction,147970,-2.9430824491450966,5.421980496046496
CAN,2010,Other,797136,1.8412144401959014,5.922751329760542
CAN,2010,Protest,20040,-4.970825149700598,5.286256437125749
CAN,2015,Aid/Cooperation,1425569,2.9211836291333495,2.890379281536004
CAN,2015,Conflict/Migration,276012,-9.791987301276755,1.0351778908163414
CAN,2015,Disapproval/Sanction,420869,-2.9738606383458985,1.8568772539673866
CAN,2015,Other,2231106,1.8562344164732647,2.313655765346873
CAN,2015,Protest,59475,-4.995037175283733,1.5900422530474991
CAN,2020,Aid/Cooperation,2479904,2.9321345084325845,-0.27133906877040403
CAN,2020,Conflict/Migration,446286,-9.770515929247164,-3.8082486253209824
CAN,2020,Disapproval/Sanction,704009,-2.96677311369599,-2.339735764741644
CAN,2020,Other,3839844,1.9239388532450794,-1.3400559673778414
CAN,2020,Protest,104731,-4.959458641662927,-2.745991645262625
CAN,2024,Aid/Cooperation,1332473,2.919146240861916,-0.23291619192283827
CAN,2024,Conflict/Migration,256391,-9.772014926420974,-3.7920434141604034
CAN,2024,Disapproval/Sanction,378502,-2.9565209800740817,-2.4373457577502893
CAN,2024,Other,2086939,1.76070798331911,-1.403391187763514
CAN,2024,Protest,57808,-4.8930265534182125,-2.8233666966509827
CHN,2000,Aid/Cooperation,3221,3.496370381868985,5.2271552312946294
CHN,2000,Conflict/Migration,510,-9.808676470588235,4.015986274509804
CHN,2000,Disapproval/Sanction,1022,-3.4921379647749506,5.084794520547945
CHN,2000,Other,3179,1.3780100660585088,4.8936011324315825
CHN,2000,Protest,93,-5.178569892473119,4.709924731182796
CHN,2005,Aid/Cooperation,2200,3.1304213636363634,5.1612540909090905
CHN,2005,Conflict/Migration,242,-9.834913223140497,3.293764462809918
CHN,2005,Disapproval/Sanction,505,-2.970350495049505,4.67149900990099
CHN,2005,Other,2493,0.9778596068993182,4.66626634576815
CHN,2005,Protest,58,-4.813948275862069,5.669379310344828
CHN,2010,Aid/Cooperation,4221,3.051174366263918,5.271181710495143
CHN,2010,Conflict/Migration,627,-9.750377990430621,3.695497607655503
CHN,2010,Disapproval/Sanction,1053,-3.0561301044634375,4.2908423551756885
CHN,2010,Other,5043,1.4091072774142372,4.48035514574658
CHN,2010,Protest,135,-5.2991777777777775,3.944037037037037
CHN,2015,Aid/Cooperation,2475,3.268080808080808,3.6534654545454543
CHN,2015,Conflict/Migration,341,-9.848979472140762,1.8234486803519063
CHN,2015,Disapproval/Sanction,410,-2.953887804878049,1.452682926829268
CHN,2015,Other,2207,1.4549379247847756,2.4217063887630266
CHN,2015,Protest,66,-5.018121212121212,-0.7162424242424243
CHN,2020,Aid/Cooperation,3276,3.059510073260073,0.12493864468864464
CHN,2020,Conflict/Migration,478,-9.856508368200837,-5.755303347280336
CHN,2020,Disapproval/Sanction,823,-2.944051032806805,-4.543832320777644
CHN,2020,Other,4292,0.8840999534016775,-2.2869200838769808
CHN,2020,Protest,164,-4.7976829268292684,-5.287804878048781
CHN,2024,Aid/Cooperation,3346,3.0859327555289897,0.8569488942020324
CHN,2024,Conflict/Migration,225,-9.849146666666666,-4.668346666666666
CHN,2024,Disapproval/Sanction,533,-3.043187617260788,-3.670003752345216
CHN,2024,Other,3238,1.8365991352686841,-1.1481470043236566
CHN,2024,Protest,50,-4.9477199999999995,-4.9759199999999995
COL,2000,Aid/Cooperation,45495,3.1895207825035716,5.6899360589075725
COL,2000,Conflict/Migration,17973,-9.803869860346076,3.9000470149668947
COL,2000,Disapproval/Sanction,13318,-2.96522901336537,5.174607748911248
COL,2000,Other,55220,1.5636954907642155,5.333367928286853
COL,2000,Protest,1949,-5.263876346844536,5.200743458183684
COL,2005,Aid/Cooperation,48214,3.2360756626705935,5.78170288712822
COL,2005,Conflict/Migration,23111,-9.805166587339363,4.063211111591883
COL,2005,Disapproval/Sanction,15262,-2.847347136679334,5.133403944437164
COL,2005,Other,62128,1.3892797772340972,5.357666028199846
COL,2005,Protest,2458,-5.316617575264442,5.118410903173312
COL,2010,Aid/Cooperation,89783,3.1473562923938827,5.76383151598855
COL,2010,Conflict/Migration,32802,-9.761622401073106,4.588968294616182
COL,2010,Disapproval/Sanction,25876,-2.785869570258154,5.236463672901531
COL,2010,Other,132256,1.6363888897290104,5.001208247640938
COL,2010,Protest,3484,-5.319756888633754,5.135115671641789
COL,2015,Aid/Cooperation,137199,3.3191131713788,2.822451067427605
COL,2015,Conflict/Migration,39074,-9.821452116496904,1.2724444387572302
COL,2015,Disapproval/Sanction,34935,-2.8460007728638903,1.841210419350222
COL,2015,Other,177454,1.5803895262997734,2.244452032639445
COL,2015,Protest,4147,-5.309868097419821,1.6425874125874123
COL,2020,Aid/Cooperation,181324,3.314782428139684,-1.3619559738368887
COL,2020,Conflict/Migration,41636,-9.816452469017197,-4.523876092804303
COL,2020,Disapproval/Sanction,47760,-2.926734380234506,-3.521931113902848
COL,2020,Other,219561,1.6393700793856836,-2.5181169834351276
COL,2020,Protest,6772,-5.219869462492617,-3.7814929119905494
COL,2024,Aid/Cooperation,88985,3.139369028487948,-1.0422938922290275
COL,2024,Conflict/Migration,21458,-9.839133004007829,-5.197506384565197
COL,2024,Disapproval/Sanction,22041,-2.7859775418538177,-4.078817204301076
COL,2024,Other,106949,1.367355468494329,-2.63591175233055
COL,2024,Protest,3083,-5.080566007135907,-4.120250081089847
CUB,2000,Aid/Cooperation,70214,2.951156393311875,6.224545190417865
CUB,2000,Conflict/Migration,3790,-9.8535635883905,5.301424274406333
CUB,2000,Disapproval/Sanction,11229,-2.9565595333511445,5.750823938017633
CUB,2000,Other,52798,1.6512387590439033,5.86286984355468
CUB,2000,Protest,1132,-5.068940812720848,5.621292402826856
CUB,2005,Aid/Cooperation,59542,2.8737716905713615,6.3875004534614215
CUB,2005,Conflict/Migration,3165,-9.781330489731438,5.277735860979463
CUB,2005,Disapproval/Sanction,12077,-2.833654218762938,5.915813529850128
CUB,2005,Other,48968,1.0088946863257635,5.975708135925502
CUB,2005,Protest,1030,-5.136092233009708,5.714019417475729
CUB,2010,Aid/Cooperation,142935,3.321509028579424,5.748226704446076
CUB,2010,Conflict/Migration,11794,-9.747602764117348,4.804748431405799
CUB,2010,Disapproval/Sanction,30648,-2.9274010702166535,5.41087154137301
CUB,2010,Other,168382,1.506106353410697,5.269470935135584
CUB,2010,Protest,3211,-5.213240423544067,5.256985985674245
CUB,2015,Aid/Cooperation,336725,2.981324597223253,2.552259383770139
CUB,2015,Conflict/Migration,26387,-9.794181415090765,1.4318416644559824
CUB,2015,Disapproval/Sanction,59815,-2.969064131070802,1.9715190336872022
CUB,2015,Other,323982,1.6667270126118117,2.2631351340506574
CUB,2015,Protest,6478,-5.099947051559123,1.6318130595862919
CUB,2020,Aid/Cooperation,321415,2.9381925485742735,-0.5528918749902775
CUB,2020,Conflict/Migration,33870,-9.773143785060526,-3.3042300856214935
CUB,2020,Disapproval/Sanction,66308,-2.8681392290523013,-2.708241328346504
CUB,2020,Other,312374,1.6948370030796416,-1.6509735253254112
CUB,2020,Protest,8148,-5.079848060873834,-3.317931394207168
CUB,2024,Aid/Cooperation,126999,2.9058327073441528,-0.664864140662525
CUB,2024,Conflict/Migration,14373,-9.751858902108118,-4.275107980240729
CUB,2024,Disapproval/Sanction,32032,-2.7595930007492506,-3.8917912712287714
CUB,2024,Other,137772,1.2014730859681213,-2.563691040269431
CUB,2024,Protest,3848,-5.065597972972973,-4.357430093555093
DOM,2000,Aid/Cooperation,500,2.994074,6.819886
DOM,2000,Conflict/Migration,19,-9.763473684210524,4.879526315789474
DOM,2000,Disapproval/Sanction,87,-2.804586206896552,6.236827586206897
DOM,2000,Other,534,2.5960955056179778,5.836249063670412
DOM,2000,Protest,14,-5.514142857142857,5.440357142857144
DOM,2005,Aid/Cooperation,899,3.3866017797552836,6.281857619577308
DOM,2005,Conflict/Migration,57,-9.86819298245614,4.8070350877192976
DOM,2005,Disapproval/Sanction,262,-2.7744618320610686,5.458503816793893
DOM,2005,Other,1245,1.5715244979919678,5.769317269076304
DOM,2005,Protest,40,-4.805149999999999,4.554875
DOM,2010,Aid/Cooperation,2104,3.6623916349809886,6.180722908745248
DOM,2010,Conflict/Migration,74,-9.824405405405406,4.338932432432433
DOM,2010,Disapproval/Sanction,381,-3.028879265091864,5.790813648293963
DOM,2010,Other,1884,2.2508731422505304,5.823164543524417
DOM,2010,Protest,39,-5.040794871794871,6.172897435897435
DOM,2015,Aid/Cooperation,5355,3.4590119514472457,2.501934080298786
DOM,2015,Conflict/Migration,317,-9.862908517350158,-0.6892113564668768
DOM,2015,Disapproval/Sanction,665,-2.858587969924812,1.0172646616541354
DOM,2015,Other,5695,2.1188804214223005,1.0278886742756805
DOM,2015,Protest,122,-4.685081967213115,-1.0195245901639345
DOM,2020,Aid/Cooperation,10400,3.0309600000000003,0.5227511538461539
DOM,2020,Conflict/Migration,725,-9.820852413793103,-3.980615172413793
DOM,2020,Disapproval/Sanction,1803,-2.9840049916805325,-2.16675540765391
DOM,2020,Other,12996,2.2915975684826098,-0.5545917205293938
DOM,2020,Protest,175,-4.915182857142857,-3.1588114285714286
DOM,2024,Aid/Cooperation,6518,3.114200214789813,1.659660938938325
DOM,2024,Conflict/Migration,766,-9.563738903394256,-4.269378590078329
DOM,2024,Disapproval/Sanction,1270,-3.123023622047244,-2.9664874015748035
DOM,2024,Other,8396,1.971047284421153,-0.49403060981419716
DOM,2024,Protest,126,-4.9998571428571426,-2.3616428571428574
ECU,2000,Aid/Cooperation,7675,3.2729305537459283,5.636145407166124
ECU,2000,Conflict/Migration,1082,-9.812814232902035,4.255834565619224
ECU,2000,Disapproval/Sanction,2487,-3.179062726176116,5.196435062324085
ECU,2000,Other,9907,1.4972986777026347,5.173581104269709
ECU,2000,Protest,314,-5.316557324840764,4.8552292993630575
ECU,2005,Aid/Cooperation,6342,3.105608483128351,5.392982970671713
ECU,2005,Conflict/Migration,1008,-9.753665674603175,3.7315109126984125
ECU,2005,Disapproval/Sanction,1978,-3.0701031344792717,4.725239635995956
ECU,2005,Other,8422,0.9671131560199477,4.835687603894562
ECU,2005,Protest,231,-5.154913419913419,4.829969696969696
ECU,2010,Aid/Cooperation,22931,3.2899636736295848,5.310785399677292
ECU,2010,Conflict/Migration,5193,-9.860756017716158,4.361138070479491
ECU,2010,Disapproval/Sanction,6737,-2.850940626391569,4.7184127950126165
ECU,2010,Other,36444,1.3262820217319722,4.286581357699484
ECU,2010,Protest,862,-5.193719257540603,4.741786542923434
ECU,2015,Aid/Cooperation,56901,2.905325969666614,2.390856856645753
ECU,2015,Conflict/Migration,6388,-9.736670162805257,1.2225588603631812
ECU,2015,Disapproval/Sanction,15764,-3.021807218979955,1.8325225831007355
ECU,2015,Other,78330,2.0467282650325545,2.082720885995149
ECU,2015,Protest,1870,-4.968655614973263,1.980573262032085
ECU,2020,Aid/Cooperation,61144,2.9322152786863795,-1.3682978869553841
ECU,2020,Conflict/Migration,8681,-9.644696463541067,-4.974090657758323
ECU,2020,Disapproval/Sanction,18181,-3.02232852978384,-4.34143721467466
ECU,2020,Other,88868,1.5964718571364271,-3.209924089661071
ECU,2020,Protest,2035,-4.941268796068796,-4.1105793611793615
ECU,2024,Aid/Cooperation,27860,3.0022033740129217,-1.6112171572146448
ECU,2024,Conflict/Migration,10402,-9.846348586810228,-7.245744760622957
ECU,2024,Disapproval/Sanction,9114,-2.8471664472240508,-5.20078077682686
ECU,2024,Other,40753,1.0417741025200598,-3.8929930066498173
ECU,2024,Protest,1291,-4.868555383423703,-5.124
EGY,2000,Aid/Cooperation,141912,3.2366074468684816,5.615922529454873
EGY,2000,Conflict/Migration,12004,-9.837895368210598,3.446508497167611
EGY,2000,Disapproval/Sanction,22620,-3.037216887709991,5.287089301503095
EGY,2000,Other,101656,1.688174864248052,5.3414122826001424
EGY,2000,Protest,2637,-5.175486537732271,5.303486537732272
EGY,2005,Aid/Cooperation,148990,3.203580622860595,5.540638895227867
EGY,2005,Conflict/Migration,14318,-9.800883782651209,3.934062369045956
EGY,2005,Disapproval/Sanction,22595,-3.0259548130117278,5.324182828059305
EGY,2005,Other,112029,1.5932023226128946,5.389595113765186
EGY,2005,Protest,3099,-5.3137253952888015,5.205032591158438
EGY,2010,Aid/Cooperation,274638,3.2815195675762276,5.589564546785223
EGY,2010,Conflict/Migration,48781,-9.776385887948177,3.8167571595498253
EGY,2010,Disapproval/Sanction,63516,-3.018196501668871,4.988705538761886
EGY,2010,Other,280080,1.3537634497286488,5.21404069194516
EGY,2010,Protest,7608,-5.249601340694006,4.726731466876972
EGY,2015,Aid/Cooperation,828518,3.0968217685071413,2.968394290769784
EGY,2015,Conflict/Migration,294769,-9.837805895463905,1.026357795426249
EGY,2015,Disapproval/Sanction,313301,-2.8707514754182077,2.318215055170587
EGY,2015,Other,1273340,0.4739311354390815,2.480950239527542
EGY,2015,Protest,42727,-5.283144966882768,2.329135722142907
EGY,2020,Aid/Cooperation,653298,3.1637741735012197,-1.1140974930276843
EGY,2020,Conflict/Migration,163582,-9.82606152266142,-6.071843796994779
EGY,2020,Disapproval/Sanction,185157,-2.832108421501753,-4.074830273767667
EGY,2020,Other,806067,1.0929685472795685,-2.8735277340469216
EGY,2020,Protest,23107,-5.221262561128663,-4.3925317436274725
EGY,2024,Aid/Cooperation,427197,3.1873746163947776,-0.8270621750620908
EGY,2024,Conflict/Migration,69200,-9.789462225433526,-5.000540809248555
EGY,2024,Disapproval/Sanction,79705,-2.9645985446333354,-3.7369419107960606
EGY,2024,Other,413852,1.921405719919198,-2.204933845915931
EGY,2024,Protest,14411,-5.120935951703559,-4.533044618694054
ERI,2000,Aid/Cooperation,18864,3.4840695504664976,5.737206636980493
ERI,2000,Conflict/Migration,4992,-9.888426482371797,4.035811298076923
ERI,2000,Disapproval/Sanction,5677,-2.8510442134930423,4.995458692971639
ERI,2000,Other,17501,1.9600648534369465,5.3662607279584025
ERI,2000,Protest,472,-5.4655550847457635,4.818205508474577
ERI,2005,Aid/Cooperation,13242,3.3570682676332884,6.030334843679202
ERI,2005,Conflict/Migration,1386,-9.87128427128427,4.961597402597402
ERI,2005,Disapproval/Sanction,3242,-2.9719602097470696,5.52499814929056
ERI,2005,Other,12068,1.6233069274113356,5.614057093138879
ERI,2005,Protest,328,-5.098871951219512,5.675807926829268
ERI,2010,Aid/Cooperation,17157,3.315768082998193,6.218297196479571
ERI,2010,Conflict/Migration,3696,-9.82455221861472,4.152396915584416
ERI,2010,Disapproval/Sanction,7075,-2.774491731448763,5.103568197879859
ERI,2010,Other,17958,1.2860251698407394,5.5787544269963245
ERI,2010,Protest,771,-5.139217898832684,5.245476005188067
ERI,2015,Aid/Cooperation,23577,2.906798744539169,1.451686601348772
ERI,2015,Conflict/Migration,5678,-9.724772983444876,-1.5689246213455443
ERI,2015,Disapproval/Sanction,7060,-2.8192151558073655,0.6951943342776205
ERI,2015,Other,29569,1.3418625587608644,0.9614621394027529
ERI,2015,Protest,785,-5.082182165605095,0.9986675159235671
ERI,2020,Aid/Cooperation,52067,3.3662109205446824,-1.0706479151862025
ERI,2020,Conflict/Migration,8998,-9.788814736608137,-5.3638177372749505
ERI,2020,Disapproval/Sanction,11136,-2.83919998204023,-4.343192438936781
ERI,2020,Other,50267,1.495149461873595,-2.9160429506435634
ERI,2020,Protest,1425,-4.929611929824562,-5.597663859649123
ERI,2024,Aid/Cooperation,17891,3.1220066513889666,-1.2623452014979597
ERI,2024,Conflict/Migration,6572,-9.776327754108339,-6.332196895922094
ERI,2024,Disapproval/Sanction,5837,-3.0013909542573245,-5.1353830734966595
ERI,2024,Other,22657,1.548502052345853,-3.750125833075871
ERI,2024,Protest,539,-5.132831168831169,-5.460638218923934
ESP,2000,Aid/Cooperation,3837,3.2990794891842583,6.012979410998175
ESP,2000,Conflict/Migration,719,-9.816346314325452,4.525599443671767
ESP,2000,Disapproval/Sanction,1002,-2.8551636726546903,4.957482035928144
ESP,2000,Other,4419,1.5588424983027835,5.252908350305499
ESP,2000,Protest,104,-5.399971153846154,5.318269230769231
ESP,2005,Aid/Cooperation,4090,3.1743853300733496,5.91579511002445
ESP,2005,Conflict/Migration,1028,-9.810800583657588,4.3119406614786
ESP,2005,Disapproval/Sanction,741,-3.0699271255060725,4.967218623481782
ESP,2005,Other,4857,2.3303568046119003,5.366246242536545
ESP,2005,Protest,118,-5.3017711864406785,4.5710254237288135
ESP,2010,Aid/Cooperation,11300,3.236254424778761,5.487380353982301
ESP,2010,Conflict/Migration,3784,-9.820716437632136,3.7689114693446086
ESP,2010,Disapproval/Sanction,2538,-2.742065011820331,4.523622537431048
ESP,2010,Other,16881,1.2236334340382677,4.366228955630591
ESP,2010,Protest,345,-5.034547826086956,5.698947826086957
ESP,2015,Aid/Cooperation,33015,2.9371133727093746,2.1696170528547634
ESP,2015,Conflict/Migration,10782,-9.83499693934335,-0.38634770914487065
ESP,2015,Disapproval/Sanction,7774,-2.8834580653460247,0.7130306148700796
ESP,2015,Other,40127,1.1574903182395893,1.214536471702345
ESP,2015,Protest,958,-5.063471816283926,0.7258559498956155
ESP,2020,Aid/Cooperation,55990,2.8960610287551347,-1.9952481693159494
ESP,2020,Conflict/Migration,19209,-9.797641886615649,-5.256395023166224
ESP,2020,Disapproval/Sanction,16385,-2.8665414708574914,-4.4018451022276475
ESP,2020,Other,80191,0.9942586200446435,-3.7082082278559936
ESP,2020,Protest,2366,-4.94712383770076,-4.401193575655114
ESP,2024,Aid/Cooperation,25295,2.8816751531923304,-1.1800122158529356
ESP,2024,Conflict/Migration,8099,-9.784402518829486,-5.627385479688851
ESP,2024,Disapproval/Sanction,8703,-2.820446627599678,-4.041588532689878
ESP,2024,Other,38917,0.8089664670966416,-3.3451978055862477
ESP,2024,Protest,888,-4.871597972972974,-4.251752252252253
ETH,2000,Aid/Cooperation,29411,3.3010256366665534,5.609830607595797
ETH,2000,Conflict/Migration,7181,-9.854019356635565,3.912334633059462
ETH,2000,Disapproval/Sanction,7662,-2.8443752283998958,4.950417515009136
ETH,2000,Other,29530,1.9105641720284459,5.244743989163561
ETH,2000,Protest,772,-5.478022020725388,4.805296632124353
ETH,2005,Aid/Cooperation,35135,3.3120344385939946,6.069573274512594
ETH,2005,Conflict/Migration,5473,-9.85769596199525,3.9345015530787504
ETH,2005,Disapproval/Sanction,8227,-2.9999133341436734,5.330961346784977
ETH,2005,Other,37006,1.700611387342593,5.691520645300762
ETH,2005,Protest,943,-5.179760339342523,5.459279957582184
ETH,2010,Aid/Cooperation,70993,3.3271221247165212,5.989868085585902
ETH,2010,Conflict/Migration,24868,-9.83137196396976,3.781567596911694
ETH,2010,Disapproval/Sanction,20931,-2.923912856528594,5.0188976637523295
ETH,2010,Other,92870,2.042008991062776,5.490823333692257
ETH,2010,Protest,2974,-5.426314391392065,4.707851714862139
ETH,2015,Aid/Cooperation,160325,3.2370364946203023,2.608723449243724
ETH,2015,Conflict/Migration,27269,-9.787209908687519,0.40853720341780064
ETH,2015,Disapproval/Sanction,31635,-2.8811192666350562,1.1630755176228862
ETH,2015,Other,169466,1.8634910896581025,2.032072451111137
ETH,2015,Protest,4009,-5.090946121227239,0.9828648041905711
ETH,2020,Aid/Cooperation,255887,3.170846936342995,-0.7782191357904076
ETH,2020,Conflict/Migration,47457,-9.830650272878605,-5.250093073729904
ETH,2020,Disapproval/Sanction,54511,-2.893332299902772,-3.6911306341839265
ETH,2020,Other,279631,1.7116935032238914,-2.3290877513580397
ETH,2020,Protest,7449,-5.10972439253591,-4.187822392267418
ETH,2024,Aid/Cooperation,140400,3.324944693732194,-0.9971266524216524
ETH,2024,Conflict/Migration,41809,-9.819716926977444,-5.670570834030951
ETH,2024,Disapproval/Sanction,38954,-2.9041841402680086,-4.154471864250141
ETH,2024,Other,170017,1.9163480946023046,-2.704158948811001
ETH,2024,Protest,5826,-5.152234637830416,-4.894432200480604
FRA,2000,Aid/Cooperation,166963,3.169009175685631,5.558735743847439
FRA,2000,Conflict/Migration,19023,-9.800330389528465,4.050877674394155
FRA,2000,Disapproval/Sanction,35812,-3.0346209371160504,5.084655925388138
FRA,2000,Other,174590,1.4999113809496534,5.1529294633140506
FRA,2000,Protest,4405,-5.21977866061294,5.0482286038592505
FRA,2005,Aid/Cooperation,165868,3.0711197759664315,5.612767851544603
FRA,2005,Conflict/Migration,23861,-9.810788944302418,4.128318511378399
FRA,2005,Disapproval/Sanction,44164,-3.075605470518975,5.196931618512816
FRA,2005,Other,194915,1.3492920555113768,5.219004771310572
FRA,2005,Protest,6167,-5.3324139776228305,4.912518242257176
FRA,2010,Aid/Cooperation,453173,3.1186893062914165,5.659486752299894
FRA,2010,Conflict/Migration,78277,-9.792650523142173,4.224639498192317
FRA,2010,Disapproval/Sanction,135583,-2.904061423629806,4.934344438462048
FRA,2010,Other,609843,1.497648416067742,5.180697531987742
FRA,2010,Protest,19311,-5.205745119362022,4.8264723214748075
FRA,2015,Aid/Cooperation,1205928,3.055328274158988,2.232713365142861
FRA,2015,Conflict/Migration,316763,-9.821185018452281,0.32163258650789395
FRA,2015,Disapproval/Sanction,354222,-2.8550776688065675,1.387462032284838
FRA,2015,Other,1539331,1.5289439204433615,1.7139594018440478
FRA,2015,Protest,58158,-5.335294920733175,0.5434364661783417
FRA,2020,Aid/Cooperation,1480080,3.1143277113399277,-0.8382987602021511
FRA,2020,Conflict/Migration,318142,-9.829291687359733,-4.513489718427621
FRA,2020,Disapproval/Sanction,422114,-2.876888854669591,-2.9933771800982676
FRA,2020,Other,1875256,1.547181504818542,-2.130370921623501
FRA,2020,Protest,70465,-5.270700957922372,-3.85894739232243
FRA,2024,Aid/Cooperation,801462,3.059269370225912,-0.3392141374138761
FRA,2024,Conflict/Migration,129765,-9.80093798019497,-4.023369961083497
FRA,2024,Disapproval/Sanction,208880,-2.8796913443125245,-2.7077312236690925
FRA,2024,Other,945842,1.5567190947325242,-1.7700484636968965
FRA,2024,Protest,31082,-5.158591242519787,-3.509312174248761
GBR,2000,Aid/Cooperation,5393,3.085586501019841,5.243055813091043
GBR,2000,Conflict/Migration,385,-9.879503896103897,4.312205194805195
GBR,2000,Disapproval/Sanction,672,-3.1773110119047616,5.217252976190475
GBR,2000,Other,3611,2.0630753253946277,5.230713652727776
GBR,2000,Protest,60,-5.19005,5.0894666666666675
GBR,2005,Aid/Cooperation,5755,3.0148319721980887,5.651836142484797
GBR,2005,Conflict/Migration,235,-9.808493617021277,4.4334127659574465
GBR,2005,Disapproval/Sanction,537,-3.0353910614525144,4.923117318435754
GBR,2005,Other,3634,1.8636543753439734,5.419519812878371
GBR,2005,Protest,76,-5.110434210526316,4.439092105263159
GBR,2010,Aid/Cooperation,6661,3.07293634589401,5.507868338087374
GBR,2010,Conflict/Migration,861,-9.817415795586527,4.337558652729384
GBR,2010,Disapproval/Sanction,1611,-2.6489664804469277,5.024472998137802
GBR,2010,Other,8351,1.153350137708059,4.8095176625553835
GBR,2010,Protest,186,-4.9667311827957,4.566483870967742
GBR,2015,Aid/Cooperation,10842,3.5015323741007194,3.4088231876037627
GBR,2015,Conflict/Migration,1009,-9.870555004955401,1.673488602576809
GBR,2015,Disapproval/Sanction,1784,-2.9402455156950675,2.103147421524664
GBR,2015,Other,10452,1.9493701683888254,2.6956745120551093
GBR,2015,Protest,299,-4.83466889632107,1.2917090301003342
GBR,2020,Aid/Cooperation,14152,3.241499646693047,-0.6298312605992086
GBR,2020,Conflict/Migration,2418,-9.770565756823821,-4.4587315963606295
GBR,2020,Disapproval/Sanction,4183,-2.836187664355726,-3.5392562754004304
GBR,2020,Other,19084,1.2450562251100397,-2.373022584363865
GBR,2020,Protest,480,-5.149966666666667,-3.040752083333333
GBR,2024,Aid/Cooperation,10208,3.252935932601881,0.536282131661442
GBR,2024,Conflict/Migration,787,-9.775162642947903,-3.207299872935197
GBR,2024,Disapproval/Sanction,2223,-2.8415420602789023,-2.839290598290598
GBR,2024,Other,11017,1.8167059090496507,-1.283676318416992
GBR,2024,Protest,271,-4.860464944649446,-2.440837638376384
GHA,2000,Aid/Cooperation,12243,2.991599281221923,6.151537286612759
GHA,2000,Conflict/Migration,1270,-9.800088188976376,4.632766929133859
GHA,2000,Disapproval/Sanction,2634,-3.0381552771450266,5.8512160212604405
GHA,2000,Other,13011,1.749056183229575,6.117079548074706
GHA,2000,Protest,315,-4.812993650793651,5.729447619047619
GHA,2005,Aid/Cooperation,35115,3.0155107219137123,6.578705481987755
GHA,2005,Conflict/Migration,3345,-9.76190971599402,4.96736980568012
GHA,2005,Disapproval/Sanction,9591,-3.0116903346887707,5.9965230945678245
GHA,2005,Other,50306,1.830759571422892,6.474123205979406
GHA,2005,Protest,1303,-4.8180360706062935,6.1787751343054484
GHA,2010,Aid/Cooperation,102639,2.9833865294868422,6.957962908835823
GHA,2010,Conflict/Migration,12003,-9.77008764475548,4.883204198950263
GHA,2010,Disapproval/Sanction,31533,-2.9848097548599877,6.2120865759680335
GHA,2010,Other,174993,1.6100553622144886,6.692874629270885
GHA,2010,Protest,4749,-4.813666666666667,6.381579911560328
GHA,2015,Aid/Cooperation,290280,2.982649958660604,3.740228910017914
GHA,2015,Conflict/Migration,33383,-9.779235299403888,1.2074859958661595
GHA,2015,Disapproval/Sanction,98268,-2.9314940570684254,2.6310045080799447
GHA,2015,Other,490037,1.5627997824654056,3.2711749031195603
GHA,2015,Protest,12935,-4.833391032083495,2.640981213761113
GHA,2020,Aid/Cooperation,529539,3.027946874545595,0.4915588521336484
GHA,2020,Conflict/Migration,66996,-9.768252910621529,-4.0484696847573
GHA,2020,Disapproval/Sanction,177310,-2.9200004963059047,-1.9919696576617225
GHA,2020,Other,849840,1.6518325437729455,-0.8147257860303115
GHA,2020,Protest,24331,-4.843842382146233,-2.5763382105133372
GHA,2024,Aid/Cooperation,339957,3.029442558911862,1.0927759187191322
GHA,2024,Conflict/Migration,35519,-9.810677552859033,-4.0590682733185055
GHA,2024,Disapproval/Sanction,108470,-2.905347616852586,-1.9240567530192678
GHA,2024,Other,526463,1.7174497220127531,-0.5132809447197618
GHA,2024,Protest,15093,-4.776561783608295,-2.613517127145034
GRC,2000,Aid/Cooperation,60143,3.2359596461766125,5.408416407561977
GRC,2000,Conflict/Migration,6092,-9.82507862770847,3.757580925804333
GRC,2000,Disapproval/Sanction,12402,-3.0696697306885983,5.018635220125787
GRC,2000,Other,53965,1.6120556842397848,5.040062429352358
GRC,2000,Protest,1449,-5.209334713595583,4.693140096618358
GRC,2005,Aid/Cooperation,37190,3.19694178542619,5.557589056197903
GRC,2005,Conflict/Migration,4127,-9.841290283498909,3.7113179064695903
GRC,2005,Disapproval/Sanction,7947,-3.10706102931924,5.079257203976343
GRC,2005,Other,38463,1.1786378857603412,4.943664352754595
GRC,2005,Protest,973,-5.182031860226105,4.886511819116135
GRC,2010,Aid/Cooperation,92809,3.0975945759570735,5.66071794761284
GRC,2010,Conflict/Migration,21436,-9.832357342787834,3.5755594327299876
GRC,2010,Disapproval/Sanction,24494,-3.0314859965705883,4.949798644566016
GRC,2010,Other,130495,1.2984432966780337,5.081346212498563
GRC,2010,Protest,4117,-5.315963808598494,4.538675006072382
GRC,2015,Aid/Cooperation,390483,3.0509962917719853,1.6934165431017483
GRC,2015,Conflict/Migration,56498,-9.775152837268575,0.462875871712273
GRC,2015,Disapproval/Sanction,112941,-3.159666870312818,1.1274991367174012
GRC,2015,Other,569206,1.8970022557738324,1.518461377778871
GRC,2015,Protest,19409,-4.926385645834406,1.0892243289195735
GRC,2020,Aid/Cooperation,452358,2.9451264529421386,-1.1239874347308991
GRC,2020,Conflict/Migration,69447,-9.75514762336746,-4.879077656342246
GRC,2020,Disapproval/Sanction,108019,-2.9940599987039316,-3.2422608429998423
GRC,2020,Other,549038,1.561517370382378,-2.473474863306365
GRC,2020,Protest,15068,-4.986754579240776,-3.9679707326785243
GRC,2024,Aid/Cooperation,239988,2.928785493441339,0.12086141390402853
GRC,2024,Conflict/Migration,40250,-9.819781888198758,-4.294595329192546
GRC,2024,Disapproval/Sanction,50544,-2.8965078545425764,-2.788014284583729
GRC,2024,Other,264236,1.6082526869919314,-1.5619996253349275
GRC,2024,Protest,6898,-4.941774862278921,-3.3421238040011594
GTM,2000,Aid/Cooperation,8375,3.4716650746268662,6.051180417910448
GTM,2000,Conflict/Migration,1840,-9.709585326086957,4.357664130434783
GTM,2000,Disapproval/Sanction,2203,-2.829930095324557,5.316883340898775
GTM,2000,Other,9277,1.419655923251051,5.45794049800582
GTM,2000,Protest,231,-5.368692640692641,5.349883116883118
GTM,2005,Aid/Cooperation,4843,2.9593623786908942,5.844928556679744
GTM,2005,Conflict/Migration,1823,-9.810334064728469,3.9442654964344492
GTM,2005,Disapproval/Sanction,1622,-2.761327990135635,5.074446979038225
GTM,2005,Other,6467,1.030731250966445,5.156663831761249
GTM,2005,Protest,165,-5.047272727272727,5.015242424242424
GTM,2010,Aid/Cooperation,13837,3.214520416275204,5.420695237406953
GTM,2010,Conflict/Migration,5089,-9.858212222440558,3.778023383768914
GTM,2010,Disapproval/Sanction,3577,-2.7352641878669273,4.547390550740844
GTM,2010,Other,21340,1.1551489222118088,4.371309793814433
GTM,2010,Protest,415,-5.242703614457831,4.686742168674699
GTM,2015,Aid/Cooperation,47169,2.8367075621700697,2.0621644300281963
GTM,2015,Conflict/Migration,13396,-9.813115332935206,0.1848334577485813
GTM,2015,Disapproval/Sanction,13322,-2.8059077465845967,-0.06397913226242347
GTM,2015,Other,62490,0.947963546167387,0.7556417986877898
GTM,2015,Protest,1195,-5.075704602510461,-0.024977405857740168
GTM,2020,Aid/Cooperation,77746,2.942204370642863,-1.7711802407840915
GTM,2020,Conflict/Migration,18315,-9.74808768768769,-4.98666126126126
GTM,2020,Disapproval/Sanction,20359,-2.880678569674345,-4.369940173878875
GTM,2020,Other,101630,1.0579783233297255,-3.571741355898849
GTM,2020,Protest,2610,-5.010314176245211,-4.192147126436782
GTM,2024,Aid/Cooperation,36704,2.67189739537925,-1.6033019834350482
GTM,2024,Conflict/Migration,6947,-9.723134014682596,-5.780681733122211
GTM,2024,Disapproval/Sanction,9257,-2.8068386086205033,-4.810326347628822
GTM,2024,Other,42877,1.0707808615341559,-3.4612981785106234
GTM,2024,Protest,1035,-4.9397961352657,-4.532555555555556
GUY,2000,Aid/Cooperation,1671,3.413450029922202,6.045989228007182
GUY,2000,Conflict/Migration,236,-9.896088983050847,4.112754237288136
GUY,2000,Disapproval/Sanction,411,-2.919574209245742,5.273839416058394
GUY,2000,Other,1865,1.0322101876675605,5.4656589812332435
GUY,2000,Protest,46,-5.31291304347826,5.092260869565218
GUY,2005,Aid/Cooperation,2698,3.2704614529280946,5.591492957746478
GUY,2005,Conflict/Migration,885,-9.85897966101695,3.221089265536723
GUY,2005,Disapproval/Sanction,887,-2.7955918827508457,5.13023337091319
GUY,2005,Other,3541,1.2310954532617906,5.195882801468511
GUY,2005,Protest,94,-4.8852553191489365,5.232744680851064
GUY,2010,Aid/Cooperation,9332,3.0684287398199745,5.612201885983713
GUY,2010,Conflict/Migration,2496,-9.841006009615386,3.616270833333333
GUY,2010,Disapproval/Sanction,2796,-2.830233190271817,4.752072961373391
GUY,2010,Other,13809,1.0691640958794988,5.079730682887972
GUY,2010,Protest,289,-5.254833910034602,4.485121107266436
GUY,2015,Aid/Cooperation,36959,2.944288454774209,1.5146671176168187
GUY,2015,Conflict/Migration,7433,-9.821903000134533,-0.8065054486748287
GUY,2015,Disapproval/Sanction,11510,-2.98198158123371,-0.04156672458731546
GUY,2015,Other,53024,1.3176902911888955,0.682649536059143
GUY,2015,Protest,1041,-5.051345821325648,0.3163976945244958
GUY,2020,Aid/Cooperation,84226,2.9586683565644813,-0.5752755206230855
GUY,2020,Conflict/Migration,14973,-9.83509543845589,-5.328551392506513
GUY,2020,Disapproval/Sanction,24753,-3.0562850563568054,-2.782658223245667
GUY,2020,Other,123448,1.345493292722442,-1.7532478047436977
GUY,2020,Protest,2057,-4.921984929508993,-3.00457656781721
GUY,2024,Aid/Cooperation,48292,3.0598470554129045,0.10526950633645325
GUY,2024,Conflict/Migration,6243,-9.801726413583213,-5.099664904693256
GUY,2024,Disapproval/Sanction,11775,-3.065699787685775,-2.519109044585987
GUY,2024,Other,61594,1.6077390005520018,-1.4073949410656883
GUY,2024,Protest,1113,-4.847769092542677,-2.8539505840071877
HKG,2000,Aid/Cooperation,33842,2.915921872229774,6.1026100998758945
HKG,2000,Conflict/Migration,1872,-9.756924145299145,4.422793803418803
HKG,2000,Disapproval/Sanction,7239,-3.178221439425335,5.425875397154303
HKG,2000,Other,36787,1.4405742245902085,5.608930600483867
HKG,2000,Protest,1029,-4.8820796890184655,5.473720116618076
HKG,2005,Aid/Cooperation,19116,2.8001067691985777,6.012417294413057
HKG,2005,Conflict/Migration,1481,-9.794243754220123,4.696939905469277
HKG,2005,Disapproval/Sanction,5378,-3.0900714020081814,5.379557084418
HKG,2005,Other,25925,1.042199537126326,5.518915795564127
HKG,2005,Protest,837,-4.850612903225807,5.278974910394265
HKG,2010,Aid/Cooperation,37686,2.931063126890623,5.809764952502256
HKG,2010,Conflict/Migration,4992,-9.749644230769231,4.343626802884616
HKG,2010,Disapproval/Sanction,10240,-3.00379736328125,5.3006322265625
HKG,2010,Other,55658,1.622139099500521,5.526143932588307
HKG,2010,Protest,1304,-4.860254601226994,5.034343558282209
HKG,2015,Aid/Cooperation,102903,2.9532360961293644,2.5138470987240416
HKG,2015,Conflict/Migration,12370,-9.766711398544867,0.912158286176233
HKG,2015,Disapproval/Sanction,31628,-2.99359510560263,1.570715410395852
HKG,2015,Other,154892,1.2811428737442865,1.9383572295534952
HKG,2015,Protest,4709,-4.955015077511149,1.377931195582926
HKG,2020,Aid/Cooperation,185896,2.8798372907432115,-1.4816317887420924
HKG,2020,Conflict/Migration,31058,-9.75732767724902,-5.383728797733274
HKG,2020,Disapproval/Sanction,70749,-2.9506959532996935,-3.7208276442069845
HKG,2020,Other,313700,0.6131868887472108,-2.961645403251514
HKG,2020,Protest,11596,-4.904762935494999,-4.450317178337358
HKG,2024,Aid/Cooperation,81467,2.886051112720488,-0.2252486896534793
HKG,2024,Conflict/Migration,8592,-9.786692504655493,-3.7678370577281193
HKG,2024,Disapproval/Sanction,23621,-2.907046187714322,-2.968080860251471
HKG,2024,Other,127728,0.970432285794814,-2.175229683389703
HKG,2024,Protest,3602,-4.767446973903387,-3.7294505830094393
IDN,2000,Aid/Cooperation,89466,3.0132360226231194,5.150253202333848
IDN,2000,Conflict/Migration,30579,-9.830728768108832,3.4033882075934465
IDN,2000,Disapproval/Sanction,31558,-3.088142879776919,4.835818809810508
IDN,2000,Other,137164,0.9635407614242805,4.751689080225132
IDN,2000,Protest,4955,-5.135121089808274,4.59539576185671
IDN,2005,Aid/Cooperation,87303,3.024397638110947,5.098430237219798
IDN,2005,Conflict/Migration,33510,-9.874121874067441,3.413984989555357
IDN,2005,Disapproval/Sanction,34380,-2.8678138452588713,4.496456660849331
IDN,2005,Other,143083,0.6135062306493433,4.531497606284464
IDN,2005,Protest,5679,-5.453518401126959,4.523845571403417
IDN,2010,Aid/Cooperation,179779,3.030995516717748,5.428802969201074
IDN,2010,Conflict/Migration,41504,-9.86830136854279,3.811110519468003
IDN,2010,Disapproval/Sanction,54285,-2.9666522980565535,4.778465045592706
IDN,2010,Other,292485,1.0662790057609792,4.845014872557567
IDN,2010,Protest,7983,-5.221890392083177,4.516204058624577
IDN,2015,Aid/Cooperation,430418,3.007118789177033,2.343627053236621
IDN,2015,Conflict/Migration,75507,-9.838508045611665,0.6786558332340047
IDN,2015,Disapproval/Sanction,118862,-3.053249835944204,1.5004582793491612
IDN,2015,Other,638661,1.2496056546430738,1.7024709321533649
IDN,2015,Protest,16149,-5.057590191343118,1.0676502569818564
IDN,2020,Aid/Cooperation,471575,2.9553810464931347,-0.7611765106292742
IDN,2020,Conflict/Migration,87005,-9.803545118096663,-5.62555951956784
IDN,2020,Disapproval/Sanction,117140,-2.9979911388082634,-3.399502697626772
IDN,2020,Other,660724,1.2207715188187505,-2.427401872794087
IDN,2020,Protest,19019,-5.117506230611493,-4.293443977075556
IDN,2024,Aid/Cooperation,284081,2.9692252209757077,0.43969639997043103
IDN,2024,Conflict/Migration,28388,-9.811033781879667,-4.6229217979427935
IDN,2024,Disapproval/Sanction,46196,-3.0590325785782317,-2.4102387436141655
IDN,2024,Other,323933,1.885390522114141,-1.0159230921209015
IDN,2024,Protest,6456,-4.847414807930607,-3.2190676889714993
IND,2000,Aid/Cooperation,83762,3.337062701463671,5.755607005563382
IND,2000,Conflict/Migration,26940,-9.871549554565703,3.5134396807720862
IND,2000,Disapproval/Sanction,31115,-2.973304129840913,5.378411216455087
IND,2000,Other,109909,1.3845496820096626,5.399702353765387
IND,2000,Protest,4413,-5.234487423521414,5.192555177883526
IND,2005,Aid/Cooperation,106038,3.198487438465456,5.750090797638583
IND,2005,Conflict/Migration,46322,-9.87842832779241,3.023552933811148
IND,2005,Disapproval/Sanction,32271,-2.903023550556227,5.050585014409221
IND,2005,Other,135016,1.407941688392487,5.265455560822422
IND,2005,Protest,4753,-5.396976856722071,4.995996844098465
IND,2010,Aid/Cooperation,739478,3.0817155845069095,5.768873130776035
IND,2010,Conflict/Migration,184111,-9.820608029938462,3.8228298526432423
IND,2010,Disapproval/Sanction,282913,-2.981006949132772,5.075508414247489
IND,2010,Other,1115547,1.3483742621332855,5.319529705158097
IND,2010,Protest,30523,-5.313948497854078,4.897750909150476
IND,2015,Aid/Cooperation,2187707,2.9873333791956598,2.2315596809810456
IND,2015,Conflict/Migration,526263,-9.710453512787332,0.1367419465172356
IND,2015,Disapproval/Sanction,907517,-2.951111091031904,1.1892054771425766
IND,2015,Other,3352125,1.2784284756684192,1.5832472055785511
IND,2015,Protest,80251,-5.19971894431222,1.008784924798445
IND,2020,Aid/Cooperation,3951966,3.000808989247377,-1.0137136516356668
IND,2020,Conflict/Migration,972006,-9.763248241266,-5.201867365016265
IND,2020,Disapproval/Sanction,1649912,-2.9072609084605725,-3.3007138138276466
IND,2020,Other,6116523,1.2145552926066001,-2.1981303649148383
IND,2020,Protest,161587,-5.150513246733958,-3.5052458056650595
IND,2024,Aid/Cooperation,2401885,3.010465080551317,-0.2637527171367488
IND,2024,Conflict/Migration,455008,-9.775680634186653,-4.884806067146071
IND,2024,Disapproval/Sanction,897594,-2.89935156095072,-3.1608006671167588
IND,2024,Other,3404897,1.259769441777534,-1.829151960837582
IND,2024,Protest,86817,-5.10139749127475,-3.4522613197875995
IRN,2000,Aid/Cooperation,173459,3.1957617362027917,5.810617385088119
IRN,2000,Conflict/Migration,25344,-9.85233534564394,4.100714054608586
IRN,2000,Disapproval/Sanction,50655,-2.8850927647813642,5.3070975027144405
IRN,2000,Other,181360,1.1608166354212617,5.434516348698721
IRN,2000,Protest,5510,-5.137946460980036,5.170917059891107
IRN,2005,Aid/Cooperation,215314,3.309551961321605,5.780617024438727
IRN,2005,Conflict/Migration,24742,-9.827419691213322,3.945372766954975
IRN,2005,Disapproval/Sanction,65131,-2.9844954629899743,5.448998065437349
IRN,2005,Other,234690,1.1492231709915206,5.435425710511738
IRN,2005,Protest,8469,-5.1779374188215845,5.466547172039201
IRN,2010,Aid/Cooperation,600671,3.32596043091809,5.668894711081441
IRN,2010,Conflict/Migration,102983,-9.831724867211094,4.41762531679986
IRN,2010,Disapproval/Sanction,235044,-2.929834635217236,5.305156013342183
IRN,2010,Other,807383,0.9524442600352001,5.382331570023148
IRN,2010,Protest,43144,-5.239406360096422,5.272983103096607
IRN,2015,Aid/Cooperation,1203146,3.4001799365995478,2.0423065288834437
IRN,2015,Conflict/Migration,220585,-9.845523521544981,0.8785393249767662
IRN,2015,Disapproval/Sanction,417200,-2.8868265723873443,1.5777984659635667
IRN,2015,Other,1516605,1.31017956158657,1.751008856623841
IRN,2015,Protest,81268,-5.238186801693163,1.746470135846828
IRN,2020,Aid/Cooperation,1307622,3.394572591314615,-2.292374570785747
IRN,2020,Conflict/Migration,341743,-9.872583815908447,-5.056141618116538
IRN,2020,Disapproval/Sanction,518859,-2.8733929025033773,-4.218719788998553
IRN,2020,Other,1806871,1.2338702923451648,-3.3781650743190856
IRN,2020,Protest,121586,-5.22898494070041,-4.382059513430822
IRN,2024,Aid/Cooperation,594778,3.3012563494278537,-2.3808990430042805
IRN,2024,Conflict/Migration,213119,-9.879145266259696,-5.687213875815859
IRN,2024,Disapproval/Sanction,212517,-2.7798940225958395,-4.95998210966652
IRN,2024,Other,743960,0.8978574721759234,-3.9301081657615997
IRN,2024,Protest,59361,-5.295334310405822,-4.945857852798976
ITA,2000,Aid/Cooperation,95020,3.061928836034519,5.535413218269837
ITA,2000,Conflict/Migration,9568,-9.813626463210703,4.208932378762542
ITA,2000,Disapproval/Sanction,17189,-3.0990201873291054,5.103279190179767
ITA,2000,Other,93344,1.5073043902125471,5.142698898697292
ITA,2000,Protest,2246,-5.177051647373108,5.107318343722173
ITA,2005,Aid/Cooperation,87928,2.981771210535893,5.4758441452097175
ITA,2005,Conflict/Migration,13233,-9.81224688279302,4.075750396735433
ITA,2005,Disapproval/Sanction,18862,-3.021053652846994,4.90948298165624
ITA,2005,Other,96233,1.2563074620972012,5.002916068292581
ITA,2005,Protest,3028,-5.549476552179657,4.561698150594451
ITA,2010,Aid/Cooperation,224473,3.0457320746815872,5.766759552373783
ITA,2010,Conflict/Migration,41342,-9.78381977166078,4.190076121135891
ITA,2010,Disapproval/Sanction,60669,-2.8832981258962564,5.011292290955843
ITA,2010,Other,293430,1.3573314998466415,5.217095037998841
ITA,2010,Protest,6657,-5.158367132341896,4.94613699864804
ITA,2015,Aid/Cooperation,605205,2.9537050800968268,2.6538531125816873
ITA,2015,Conflict/Migration,97158,-9.813371683237612,1.1584467156590301
ITA,2015,Disapproval/Sanction,148819,-2.9207413367916732,2.029907471492215
ITA,2015,Other,752634,1.6127132696636082,2.169182860460728
ITA,2015,Protest,18825,-5.059838140770252,1.3111048605577695
ITA,2020,Aid/Cooperation,854440,2.935988040119845,-0.6464184647254342
ITA,2020,Conflict/Migration,123006,-9.79489682617108,-3.841621929011593
ITA,2020,Disapproval/Sanction,207608,-2.9388377422835346,-2.479076726330392
ITA,2020,Other,999774,1.7716470722383257,-1.8502346470302289
ITA,2020,Protest,26461,-5.014850648123653,-3.4343545217489893
ITA,2024,Aid/Cooperation,475109,2.9771607357469545,0.06720453622221426
ITA,2024,Conflict/Migration,59796,-9.819866546257275,-3.4144697805873303
ITA,2024,Disapproval/Sanction,100249,-2.860399724685533,-1.884915959261439
ITA,2024,Other,495474,1.7314101627936076,-1.2452831026451439
ITA,2024,Protest,11847,-5.045135646155145,-3.016357980923441
JAM,2000,Aid/Cooperation,2592,3.415052469135803,6.089604166666667
JAM,2000,Conflict/Migration,560,-9.870444642857144,3.634973214285714
JAM,2000,Disapproval/Sanction,513,-2.95509746588694,4.846918128654971
JAM,2000,Other,2889,0.9677272412599515,5.1293340256143996
JAM,2000,Protest,52,-4.995923076923077,5.022576923076922
JAM,2005,Aid/Cooperation,5761,2.9334702308626976,5.715264537406701
JAM,2005,Conflict/Migration,1660,-9.907011445783132,3.5423710843373497
JAM,2005,Disapproval/Sanction,1299,-2.8799761354888376,4.884418783679753
JAM,2005,Other,6691,1.18246017037812,5.010114781049171
JAM,2005,Protest,196,-4.799005102040816,4.9010561224489795
JAM,2010,Aid/Cooperation,50996,2.946432210369441,5.827848301827594
JAM,2010,Conflict/Migration,13713,-9.85976700940713,3.6362147597170567
JAM,2010,Disapproval/Sanction,14311,-3.004928796031025,4.849407169310321
JAM,2010,Other,79047,1.2605617923513859,5.262338583374448
JAM,2010,Protest,1763,-4.961123085649461,4.705864435621099
JAM,2015,Aid/Cooperation,137178,2.8990717534881685,3.4815141786583856
JAM,2015,Conflict/Migration,29261,-9.836768463142064,1.193880933665972
JAM,2015,Disapproval/Sanction,34233,-3.0090979172143837,2.3795092162533225
JAM,2015,Other,207725,1.3135777349861595,2.7776907738596703
JAM,2015,Protest,3789,-4.846550804961732,2.1438812351543945
JAM,2020,Aid/Cooperation,177656,2.9005016436258835,0.24358211374791736
JAM,2020,Conflict/Migration,34164,-9.850179633532374,-4.55710323732584
JAM,2020,Disapproval/Sanction,39934,-2.986319952922322,-2.2245797816397053
JAM,2020,Other,240017,1.5791334738789335,-1.109354204077211
JAM,2020,Protest,4724,-4.818628281117697,-2.974904741744284
JAM,2024,Aid/Cooperation,102512,2.852921775011706,0.21848991337599505
JAM,2024,Conflict/Migration,24125,-9.853251730569948,-5.299672207253886
JAM,2024,Disapproval/Sanction,24134,-2.9430647219690065,-2.5666174276953675
JAM,2024,Other,143246,1.4516927593091604,-1.3871374837691803
JAM,2024,Protest,2675,-4.78820261682243,-3.0421353271028044
KEN,2000,Aid/Cooperation,43241,3.0376184870840173,5.219149372123678
KEN,2000,Conflict/Migration,11718,-9.8243955453149,3.649603857313535
KEN,2000,Disapproval/Sanction,18500,-2.9487996756756756,4.824021081081081
KEN,2000,Other,66798,1.378893709392497,4.936530030839246
KEN,2000,Protest,2687,-4.99387123185709,4.783389281726833
KEN,2005,Aid/Cooperation,108623,3.046602432265726,5.598431529234141
KEN,2005,Conflict/Migration,23310,-9.8292154011154,3.8078205491205495
KEN,2005,Disapproval/Sanction,49393,-2.957895228068755,5.054167594598425
KEN,2005,Other,170953,1.4196623516405094,5.260936707750084
KEN,2005,Protest,6523,-5.032230875364096,5.030437375440748
KEN,2010,Aid/Cooperation,167540,3.008516640802197,5.6749238390832035
KEN,2010,Conflict/Migration,40178,-9.814425954502465,4.0042605405943545
KEN,2010,Disapproval/Sanction,62564,-2.9179362093216548,5.066333066939453
KEN,2010,Other,251762,1.5356474885010447,5.31590413167992
KEN,2010,Protest,9186,-4.995100043544524,5.075542891356411
KEN,2015,Aid/Cooperation,381330,2.9582733931240663,2.1917446988172973
KEN,2015,Conflict/Migration,133412,-9.830869449524782,-0.04084460168500587
KEN,2015,Disapproval/Sanction,152732,-2.8583197889112957,1.2470447515910221
KEN,2015,Other,565839,1.5853448684166345,1.7637548914090404
KEN,2015,Protest,26515,-5.201064529511597,0.8089705826890438
KEN,2020,Aid/Cooperation,561370,2.937237342572635,-1.084617072519016
KEN,2020,Conflict/Migration,141618,-9.825621813611264,-5.571155587566552
KEN,2020,Disapproval/Sanction,220633,-2.8723025567344864,-3.381657544428984
KEN,2020,Other,826542,1.4826091789648923,-2.415881875331199
KEN,2020,Protest,32706,-4.96973124197395,-3.795883201858986
KEN,2024,Aid/Cooperation,308757,3.0369732702416465,-0.44467425515858744
KEN,2024,Conflict/Migration,55369,-9.786075529628492,-5.069355144575485
KEN,2024,Disapproval/Sanction,104949,-2.881472429465741,-3.1665647314409857
KEN,2024,Other,442944,1.6644147409153303,-1.860283101249819
KEN,2024,Protest,16105,-4.896665072958708,-3.643744489289041
KOR,2000,Aid/Cooperation,505,3.0541366336633664,5.57890891089109
KOR,2000,Conflict/Migration,31,-9.709774193548387,3.5699677419354843
KOR,2000,Disapproval/Sanction,35,-3.1426857142857143,4.7739142857142856
KOR,2000,Other,393,1.9209211195928755,5.221715012722647
KOR,2000,Protest,10,-5.7,4.7182
KOR,2005,Aid/Cooperation,484,3.977681818181818,6.1871528925619845
KOR,2005,Conflict/Migration,31,-9.822806451612903,4.741096774193548
KOR,2005,Disapproval/Sanction,81,-2.790172839506173,5.491716049382715
KOR,2005,Other,394,1.588794416243655,5.653233502538072
KOR,2005,Protest,6,-4.833333333333333,4.137666666666667
KOR,2010,Aid/Cooperation,1313,3.3608202589489715,6.171116527037318
KOR,2010,Conflict/Migration,216,-9.712967592592591,4.838152777777778
KOR,2010,Disapproval/Sanction,118,-3.0931355932203393,6.019381355932204
KOR,2010,Other,1336,2.2970217065868264,5.988053892215569
KOR,2010,Protest,47,-4.753085106382979,5.079042553191489
KOR,2015,Aid/Cooperation,5133,3.0279485680888367,2.1436321839080463
KOR,2015,Conflict/Migration,773,-9.761262613195344,0.49390685640362236
KOR,2015,Disapproval/Sanction,803,-3.237876712328767,0.6202565379825653
KOR,2015,Other,5384,2.040549219910847,1.8834552377414564
KOR,2015,Protest,122,-4.959172131147541,0.7608688524590165
KOR,2020,Aid/Cooperation,7355,3.2088566961250846,-0.31210632222977563
KOR,2020,Conflict/Migration,2114,-9.851849101229897,-3.2424588457899715
KOR,2020,Disapproval/Sanction,958,-3.023882045929019,-2.1869613778705634
KOR,2020,Other,6805,1.6702946362968405,-0.8512742101396032
KOR,2020,Protest,198,-4.795070707070707,-3.7189141414141416
KOR,2024,Aid/Cooperation,4504,3.084520648312611,0.2339391651865009
KOR,2024,Conflict/Migration,644,-9.756071428571428,-3.183139751552795
KOR,2024,Disapproval/Sanction,652,-3.325176380368098,-1.9284647239263806
KOR,2024,Other,4348,2.0847582796688133,-0.9036782428702852
KOR,2024,Protest,99,-4.719343434343434,-1.9299898989898991
LAO,2000,Aid/Cooperation,10704,3.3766067825112107,6.839410500747384
LAO,2000,Conflict/Migration,619,-9.888770597738286,4.328466882067851
LAO,2000,Disapproval/Sanction,686,-3.163018950437318,4.867514577259476
LAO,2000,Other,6454,2.3526846916640842,5.773471490548497
LAO,2000,Protest,82,-5.073060975609756,4.716804878048781
LAO,2005,Aid/Cooperation,9183,3.1542981596428183,7.013540890776436
LAO,2005,Conflict/Migration,716,-9.787872905027934,3.9130921787709494
LAO,2005,Disapproval/Sanction,947,-2.9956198521647304,5.080959873284055
LAO,2005,Other,6983,1.5924075612201058,5.823116425605041
LAO,2005,Protest,81,-5.175395061728395,5.048160493827161
LAO,2010,Aid/Cooperation,16195,3.118604816301328,6.824936338376042
LAO,2010,Conflict/Migration,1650,-9.789052121212121,4.45730909090909
LAO,2010,Disapproval/Sanction,2039,-2.95610593428151,4.992835213339872
LAO,2010,Other,15481,1.952328983915768,5.642672889348233
LAO,2010,Protest,262,-5.114553435114504,4.9665
LAO,2015,Aid/Cooperation,39386,2.943885009901996,3.774169857309704
LAO,2015,Conflict/Migration,3641,-9.832697335896732,1.4092210931062896
LAO,2015,Disapproval/Sanction,4039,-3.180762317405298,1.9995820747709825
LAO,2015,Other,34653,2.1297677545955613,2.622458661587742
LAO,2015,Protest,629,-4.907637519872814,2.041772655007949
LAO,2020,Aid/Cooperation,78700,2.9557207369758576,0.8973857433290978
LAO,2020,Conflict/Migration,5894,-9.833375127248047,-3.2624472344757383
LAO,2020,Disapproval/Sanction,8315,-3.042935177390259,-2.750123271196632
LAO,2020,Other,64414,2.148672571180178,-0.8990591641568604
LAO,2020,Protest,1418,-4.865527503526093,-3.5144167842031035
LAO,2024,Aid/Cooperation,58862,3.0432693758282086,2.116709863749108
LAO,2024,Conflict/Migration,2847,-9.863756234632948,-3.0366687741482266
LAO,2024,Disapproval/Sanction,3198,-3.0582082551594745,-1.8812626641651033
LAO,2024,Other,40053,2.432254362969066,0.3401971637580206
LAO,2024,Protest,581,-4.700967297762479,-3.1463476764199654
MEX,2000,Aid/Cooperation,36843,3.0686013082539425,5.7849357544173925
MEX,2000,Conflict/Migration,9477,-9.81567901234568,4.177832225387781
MEX,2000,Disapproval/Sanction,12102,-2.8622050900677576,5.288099322426045
MEX,2000,Other,47162,1.0645646495059582,5.286818540350282
MEX,2000,Protest,1433,-5.137663642707607,5.325445917655269
MEX,2005,Aid/Cooperation,41793,2.9829856435288202,6.052079893762113
MEX,2005,Conflict/Migration,8322,-9.819140951694305,4.125335015621245
MEX,2005,Disapproval/Sanction,11669,-2.929280658154083,5.635423429599795
MEX,2005,Other,50598,1.275983042808016,5.651112158583343
MEX,2005,Protest,1367,-5.15056035113387,5.5657702999268475
MEX,2010,Aid/Cooperation,171149,3.046586862908927,5.365142086719759
MEX,2010,Conflict/Migration,79311,-9.845750034673626,3.3888255349194942
MEX,2010,Disapproval/Sanction,46610,-2.8033746835443036,4.693249281270114
MEX,2010,Other,261319,1.194918046525511,4.719136932255213
MEX,2010,Protest,7350,-5.051253333333333,4.507136598639455
MEX,2015,Aid/Cooperation,424839,2.9109405563048587,2.6033384576274776
MEX,2015,Conflict/Migration,159102,-9.800919963293989,0.650658106120602
MEX,2015,Disapproval/Sanction,121245,-2.8256296259639573,1.4120913852117614
MEX,2015,Other,640073,1.1879846361274415,1.7368833789270912
MEX,2015,Protest,15363,-5.044885048493132,1.0830915836750639
MEX,2020,Aid/Cooperation,722204,2.9428893124380373,-1.1538867909898034
MEX,2020,Conflict/Migration,201440,-9.78280690528197,-4.920310092335186
MEX,2020,Disapproval/Sanction,222082,-2.8557286092524388,-3.17356871786097
MEX,2020,Other,1077577,1.5304942495988683,-2.5205417710288915
MEX,2020,Protest,34864,-5.0175966613125285,-3.52925628155117
MEX,2024,Aid/Cooperation,345338,2.827407377699529,-1.0455986106365358
MEX,2024,Conflict/Migration,98944,-9.77844173471863,-5.106568301261319
MEX,2024,Disapproval/Sanction,94631,-2.8740516321290066,-3.2456842260992698
MEX,2024,Other,476430,1.4477714270721824,-2.6099768675356296
MEX,2024,Protest,13071,-4.856550761227144,-3.8209529492770247
MYS,2000,Aid/Cooperation,44819,2.98595573305964,5.294048439277986
MYS,2000,Conflict/Migration,5123,-9.570254538356432,4.088287917235994
MYS,2000,Disapproval/Sanction,12098,-3.010617292114399,4.8419447842618615
MYS,2000,Other,55154,1.2665885339231968,4.869786923885847
MYS,2000,Protest,1374,-4.977566957787482,4.734012372634643
MYS,2005,Aid/Cooperation,50060,3.207827586895725,5.674432620854974
MYS,2005,Conflict/Migration,5961,-9.783979365878208,3.919475423586647
MYS,2005,Disapproval/Sanction,13410,-2.932650782997763,5.014379567486949
MYS,2005,Other,63908,1.1210462226951243,5.110488530387432
MYS,2005,Protest,1947,-5.232781715459682,4.795775552131484
MYS,2010,Aid/Cooperation,170269,3.1396129712396266,5.998671102784417
MYS,2010,Conflict/Migration,21824,-9.824334677419353,4.231349248533724
MYS,2010,Disapproval/Sanction,56596,-3.068571842533041,5.390371651706834
MYS,2010,Other,270981,1.50855168443544,5.563753274214798
MYS,2010,Protest,6022,-4.978233477250083,5.194158087014281
MYS,2015,Aid/Cooperation,503165,3.032715719495593,2.251470662705077
MYS,2015,Conflict/Migration,82438,-9.819066243722556,0.655083201921444
MYS,2015,Disapproval/Sanction,174927,-3.0673840744996483,1.380804186889388
MYS,2015,Other,809278,1.4206301975340982,1.6543529775923722
MYS,2015,Protest,19217,-4.943038299422386,1.1278931675079358
MYS,2020,Aid/Cooperation,554597,2.9962485588634626,-0.7101467407865532
MYS,2020,Conflict/Migration,84576,-9.802229592319334,-4.507078745743474
MYS,2020,Disapproval/Sanction,203878,-3.044736724904109,-2.6292628336554213
MYS,2020,Other,928900,1.5449739562923888,-1.9663752976639033
MYS,2020,Protest,22199,-4.977756925987657,-3.080765484931754
MYS,2024,Aid/Cooperation,243629,3.008130033780872,0.6236611076678064
MYS,2024,Conflict/Migration,23237,-9.825897749279166,-3.7869717691612514
MYS,2024,Disapproval/Sanction,71899,-3.1166597171031585,-2.0549860776923183
MYS,2024,Other,377183,1.7964723648732843,-1.0794472179286978
MYS,2024,Protest,7435,-4.871360995292536,-2.4596367182246133
NGA,2000,Aid/Cooperation,5654,3.1302400070746375,5.758474177573399
NGA,2000,Conflict/Migration,968,-9.844721074380164,4.1212159090909095
NGA,2000,Disapproval/Sanction,1200,-2.991675,4.9540975000000005
NGA,2000,Other,5393,1.1677682180604487,5.423206749490079
NGA,2000,Protest,162,-5.144388888888889,5.082999999999999
NGA,2005,Aid/Cooperation,5145,2.9415496598639455,5.5359862001943645
NGA,2005,Conflict/Migration,889,-9.774448818897639,4.0671934758155235
NGA,2005,Disapproval/Sanction,1295,-2.874338223938224,4.923613899613899
NGA,2005,Other,6852,1.3993682136602452,5.227163455925277
NGA,2005,Protest,205,-5.133439024390244,5.084756097560976
NGA,2010,Aid/Cooperation,14547,3.0160933525812883,5.447857221420223
NGA,2010,Conflict/Migration,4376,-9.578402422303473,3.9997100091407676
NGA,2010,Disapproval/Sanction,4537,-2.873062596429359,4.801374917346264
NGA,2010,Other,21189,1.353405682193591,5.153794846382557
NGA,2010,Protest,751,-5.174407456724367,4.703573901464714
NGA,2015,Aid/Cooperation,42061,2.9609248234706738,1.6436333658258244
NGA,2015,Conflict/Migration,20781,-9.813118233001301,-1.5769215629661713
NGA,2015,Disapproval/Sanction,9626,-2.847024932474548,0.5369308123831289
NGA,2015,Other,57877,1.6592640081552257,1.0346224579712149
NGA,2015,Protest,1958,-5.158808478038815,0.42182379979570994
NGA,2020,Aid/Cooperation,67417,2.926515789785959,-1.9786880460417995
NGA,2020,Conflict/Migration,30184,-9.783424927113701,-6.156499337397296
NGA,2020,Disapproval/Sanction,17608,-2.9364862562471608,-3.874188607451158
NGA,2020,Other,94601,1.6340503483049864,-3.2378500121563203
NGA,2020,Protest,3565,-5.11707713884993,-4.452934642356241
NGA,2024,Aid/Cooperation,69283,2.9968459939667738,-1.9082639175555332
NGA,2024,Conflict/Migration,22879,-9.740229992569606,-6.25531605402334
NGA,2024,Disapproval/Sanction,19244,-3.0176183225940547,-3.6582101434213254
NGA,2024,Other,91398,1.5439413553907089,-2.9365248254885223
NGA,2024,Protest,5575,-5.3593808071748885,-3.8544801793721972
NIC,2000,Aid/Cooperation,82926,2.864600161589851,5.69913766490606
NIC,2000,Conflict/Migration,16859,-9.855424165134348,4.188353816952369
NIC,2000,Disapproval/Sanction,26764,-2.93543151247945,5.339552869526229
NIC,2000,Other,113801,1.2423624133355595,5.487331798490348
NIC,2000,Protest,3885,-5.05867232947233,5.319633462033462
NIC,2005,Aid/Cooperation,227828,2.9404302895166525,6.281293620626085
NIC,2005,Conflict/Migration,40505,-9.843189063078633,4.549876904085915
NIC,2005,Disapproval/Sanction,88576,-2.965265071802745,5.699444273843931
NIC,2005,Other,347978,1.3466527883946686,5.9798515768238225
NIC,2005,Protest,12400,-4.983147258064516,5.593860564516129
NIC,2010,Aid/Cooperation,292909,2.917496457944276,6.15830792840097
NIC,2010,Conflict/Migration,70945,-9.741801832405384,4.4057661850729435
NIC,2010,Disapproval/Sanction,111267,-2.960874670836816,5.554716196176764
NIC,2010,Other,444948,1.4149098748617817,5.799934291198073
NIC,2010,Protest,14908,-5.125733901261067,5.5234372149181645
NIC,2015,Aid/Cooperation,1134526,2.9044629272489124,2.159175602850882
NIC,2015,Conflict/Migration,379996,-9.787528547668922,-0.2126198565248054
NIC,2015,Disapproval/Sanction,483204,-2.905043354359649,1.175436225693496
NIC,2015,Other,1798546,1.347764321846647,1.5421685027794672
NIC,2015,Protest,67377,-5.088241002122386,0.8082179230301141
NIC,2020,Aid/Cooperation,2250175,2.904399842678903,-0.8860615094381548
NIC,2020,Conflict/Migration,589194,-9.739112847381339,-5.3767970379874885
NIC,2020,Disapproval/Sanction,925370,-2.9533512378832247,-2.984355378929509
NIC,2020,Other,3549499,1.2745197744808492,-2.2545426594006646
NIC,2020,Protest,132558,-5.011554715671631,-3.4185565940946607
NIC,2024,Aid/Cooperation,1451495,2.941281593116063,-0.10682160255460744
NIC,2024,Conflict/Migration,371423,-9.696460001130786,-5.256995670704292
NIC,2024,Disapproval/Sanction,546318,-2.968596899607921,-2.6211125132248982
NIC,2024,Other,2248366,1.3129724924678632,-1.7280105312035496
NIC,2024,Protest,83199,-5.00045005348622,-3.1888834360989917
NPL,2000,Aid/Cooperation,9393,3.170663898647929,5.599154902587032
NPL,2000,Conflict/Migration,2417,-9.863601572196938,2.843121224658668
NPL,2000,Disapproval/Sanction,1889,-3.0013684489147696,5.01349655902594
NPL,2000,Other,10349,1.686642187650981,5.018181563436081
NPL,2000,Protest,232,-5.169487068965518,5.10034051724138
NPL,2005,Aid/Cooperation,29980,3.1832730153435627,5.874154136090727
NPL,2005,Conflict/Migration,20647,-9.819087664067421,3.024783213057587
NPL,2005,Disapproval/Sanction,9707,-3.062784897496652,5.401975275574327
NPL,2005,Other,45469,1.0468417823132243,5.2861563042952335
NPL,2005,Protest,1380,-5.243232608695652,5.116589130434782
NPL,2010,Aid/Cooperation,91245,3.1801738287029426,5.980957816866678
NPL,2010,Conflict/Migration,22448,-9.800134622238062,4.014596756949395
NPL,2010,Disapproval/Sanction,26655,-3.1891997749015193,5.575787732132809
NPL,2010,Other,126348,1.086273910152911,5.647886939247158
NPL,2010,Protest,3793,-5.1748312681254935,5.343282098602689
NPL,2015,Aid/Cooperation,201255,3.0836279048967725,2.1782204914163623
NPL,2015,Conflict/Migration,34816,-9.771752814797795,-0.6892906996783085
NPL,2015,Disapproval/Sanction,51301,-3.148919748153057,1.7519836845285663
NPL,2015,Other,277887,1.5587940889642193,1.418269883081972
NPL,2015,Protest,5130,-5.040986744639377,1.2356122807017544
NPL,2020,Aid/Cooperation,229210,3.0713732908686358,-0.18096186902840192
NPL,2020,Conflict/Migration,29053,-9.767820741403641,-5.028870512511617
NPL,2020,Disapproval/Sanction,50347,-3.068464913500308,-2.7134797505313126
NPL,2020,Other,276331,1.4603876546605337,-1.5698410095139523
NPL,2020,Protest,5000,-4.9728036,-3.1028538000000006
NPL,2024,Aid/Cooperation,106909,3.065969834158022,0.4745386356621052
NPL,2024,Conflict/Migration,10856,-9.787436072218128,-4.519173360353721
NPL,2024,Disapproval/Sanction,21004,-3.1141390687488095,-2.2556313083222244
NPL,2024,Other,122478,1.755023726710103,-1.1220845539607112
NPL,2024,Protest,2056,-4.8627645914396895,-2.708503891050584
NZL,2000,Aid/Cooperation,11653,3.0095934094224663,7.047387282244915
NZL,2000,Conflict/Migration,1695,-9.782153392330384,4.927983480825959
NZL,2000,Disapproval/Sanction,2207,-3.0213121884911645,6.115554599003172
NZL,2000,Other,12357,1.7909406004693695,6.367309541150766
NZL,2000,Protest,305,-4.971029508196721,6.190229508196722
NZL,2005,Aid/Cooperation,12185,3.0720795240049243,7.5966420188756665
NZL,2005,Conflict/Migration,1539,-9.7785159194282,5.484332033788173
NZL,2005,Disapproval/Sanction,2464,-2.96399512987013,6.459784902597402
NZL,2005,Other,14825,1.777173558178752,6.968129510961213
NZL,2005,Protest,467,-5.168835117773019,6.038668094218416
NZL,2010,Aid/Cooperation,134541,2.9647531384485024,7.0105899688570785
NZL,2010,Conflict/Migration,25321,-9.794115714229296,5.090158248094467
NZL,2010,Disapproval/Sanction,39023,-2.9872599492606926,6.155295056761398
NZL,2010,Other,211807,1.5758464923255604,6.510065361390322
NZL,2010,Protest,5419,-4.966253921387709,5.671612659162207
NZL,2015,Aid/Cooperation,389926,2.9207622035976053,3.472290770556464
NZL,2015,Conflict/Migration,59234,-9.78703330857278,1.6186942296653948
NZL,2015,Disapproval/Sanction,96249,-2.997444212407402,2.2996267285893883
NZL,2015,Other,559928,1.850188693903502,2.813261647926162
NZL,2015,Protest,11526,-4.931713951067152,1.9776837584591358
NZL,2020,Aid/Cooperation,634082,2.9543764450023815,0.1144149274068653
NZL,2020,Conflict/Migration,99696,-9.817204872813353,-3.653198363023592
NZL,2020,Disapproval/Sanction,154821,-2.9962286640701197,-2.0996516170286976
NZL,2020,Other,870717,1.905235647173536,-1.0617292633542241
NZL,2020,Protest,20266,-4.955854732063555,-2.631186519293398
NZL,2024,Aid/Cooperation,336708,2.9132382954963947,0.11697534065124679
NZL,2024,Conflict/Migration,44017,-9.790077583660858,-3.523312424744985
NZL,2024,Disapproval/Sanction,77473,-3.0414799736682454,-1.9486390613504059
NZL,2024,Other,470766,1.8210491454353122,-1.10190419444055
NZL,2024,Protest,10189,-4.9076534497988025,-2.6558231426047696
PAK,2000,Aid/Cooperation,103671,3.334942278940108,5.557875490735114
PAK,2000,Conflict/Migration,31688,-9.883466391062862,3.3595004733653115
PAK,2000,Disapproval/Sanction,35949,-2.9414344766196554,4.883077693398982
PAK,2000,Other,126526,1.1571503959660465,5.1194974392614965
PAK,2000,Protest,4349,-5.252578063922741,4.832432743159347
PAK,2005,Aid/Cooperation,151626,3.1205446427393717,5.556359773389788
PAK,2005,Conflict/Migration,65901,-9.869063200861898,3.1312304062153835
PAK,2005,Disapproval/Sanction,48977,-2.9328268166690488,4.869897462074035
PAK,2005,Other,218905,0.8615924213700007,4.911117790822504
PAK,2005,Protest,7069,-5.504035648606591,4.77305630216438
PAK,2010,Aid/Cooperation,660848,3.1050539080091033,5.463794035844854
PAK,2010,Conflict/Migration,422343,-9.880230064189535,3.438541443802786
PAK,2010,Disapproval/Sanction,270662,-2.8944993164906783,4.767560943168971
PAK,2010,Other,1053249,1.0320417280244274,4.962007925951033
PAK,2010,Protest,46104,-5.42441041992018,4.621432348603158
PAK,2015,Aid/Cooperation,1334795,3.09558059477298,2.4244730539146464
PAK,2015,Conflict/Migration,702911,-9.871426611619395,0.35870465677731606
PAK,2015,Disapproval/Sanction,561286,-2.9263746539197486,1.4080627273796245
PAK,2015,Other,1998099,0.9763978141223233,1.7805619156007786
PAK,2015,Protest,74703,-5.356305570057427,1.4852997469981128
PAK,2020,Aid/Cooperation,1617472,3.0269460114301823,-1.44722249040478
PAK,2020,Conflict/Migration,591902,-9.834086639342324,-6.322247907592811
PAK,2020,Disapproval/Sanction,673924,-2.914653754726052,-4.008862082371306
PAK,2020,Other,2416910,1.0275232764149262,-2.993044685983342
PAK,2020,Protest,78474,-5.2165746871575305,-4.471626538726202
PAK,2024,Aid/Cooperation,841467,3.0235986639998953,-0.8743541921430075
PAK,2024,Conflict/Migration,268740,-9.822461501823323,-6.5239448425987945
PAK,2024,Disapproval/Sanction,326868,-2.9261436023104124,-4.042573213040126
PAK,2024,Other,1219749,1.0682143129447124,-2.7568476555422468
PAK,2024,Protest,36719,-5.119713962798551,-4.475335221547428
PAN,2000,Aid/Cooperation,6841,3.2556877649466456,5.483468937289869
PAN,2000,Conflict/Migration,950,-9.865794736842105,4.090003157894738
PAN,2000,Disapproval/Sanction,2378,-3.18907653490328,4.899980656013457
PAN,2000,Other,8523,1.310454652117799,5.132978411357503
PAN,2000,Protest,205,-5.410521951219512,4.628707317073171
PAN,2005,Aid/Cooperation,4181,3.1219715379095914,5.890844056445827
PAN,2005,Conflict/Migration,477,-9.770316561844863,3.87706498951782
PAN,2005,Disapproval/Sanction,874,-3.03670823798627,4.871147597254003
PAN,2005,Other,3943,1.292055541465889,5.107935835658129
PAN,2005,Protest,58,-5.551724137931035,5.042724137931034
PAN,2010,Aid/Cooperation,8733,3.368152066872782,5.299878621321425
PAN,2010,Conflict/Migration,1178,-9.717836162988116,3.9832631578947364
PAN,2010,Disapproval/Sanction,2140,-2.974579906542056,4.930726635514019
PAN,2010,Other,13960,1.4150199140401145,3.912652865329513
PAN,2010,Protest,210,-5.288814285714285,5.516628571428571
PAN,2015,Aid/Cooperation,19569,2.9253012417599265,2.3728180285144878
PAN,2015,Conflict/Migration,3389,-9.810208616110947,0.4152298613160227
PAN,2015,Disapproval/Sanction,4960,-2.801392943548387,1.4531681451612901
PAN,2015,Other,20632,1.4115512310973246,1.7245270938348196
PAN,2015,Protest,487,-4.935605749486653,1.1177823408624223
PAN,2020,Aid/Cooperation,21840,3.2616079670329667,-0.438446336996337
PAN,2020,Conflict/Migration,2916,-9.805429698216736,-4.801812414266117
PAN,2020,Disapproval/Sanction,3910,-2.9057859335038363,-3.5164017902813303
PAN,2020,Other,20802,1.680261369099125,-1.873619603884242
PAN,2020,Protest,441,-5.296829931972789,-3.4446802721088434
PAN,2024,Aid/Cooperation,12787,3.084598263861735,-0.07763744427934623
PAN,2024,Conflict/Migration,2352,-9.855785289115646,-5.017551445578231
PAN,2024,Disapproval/Sanction,2843,-2.874520225114316,-3.757575448469926
PAN,2024,Other,14179,1.4759708724169545,-1.9266387615487695
PAN,2024,Protest,288,-4.935135416666666,-3.7298958333333334
PER,2000,Aid/Cooperation,26104,3.11099839105118,5.892282600367761
PER,2000,Conflict/Migration,3990,-9.621234837092732,4.864265413533835
PER,2000,Disapproval/Sanction,6433,-3.1551181408363127,5.545235970775687
PER,2000,Other,26843,1.3122411801959541,5.576814290504042
PER,2000,Protest,707,-5.415544554455446,5.238766619519095
PER,2005,Aid/Cooperation,13313,3.1169126417787125,5.376813190114925
PER,2005,Conflict/Migration,3437,-9.801208030258946,4.116440500436426
PER,2005,Disapproval/Sanction,5093,-2.8963781661103476,4.938724131160416
PER,2005,Other,20240,0.6245017786561264,5.001053409090909
PER,2005,Protest,472,-5.454313559322034,4.779381355932204
PER,2010,Aid/Cooperation,40083,3.232707332285507,5.681858568470424
PER,2010,Conflict/Migration,8654,-9.7953725444881,4.121188236653571
PER,2010,Disapproval/Sanction,10318,-2.8702327970536925,4.9167930800542745
PER,2010,Other,59295,1.3121059279871827,4.774285673328275
PER,2010,Protest,975,-5.10370358974359,4.8346820512820505
PER,2015,Aid/Cooperation,105677,3.038133964817321,2.916170178941492
PER,2015,Conflict/Migration,18140,-9.815165600882029,1.1550374310915106
PER,2015,Disapproval/Sanction,24456,-2.9636204203467447,1.421202567877004
PER,2015,Other,139454,1.5283769415004231,2.092526058772068
PER,2015,Protest,2724,-5.139286343612334,1.4058377386196768
PER,2020,Aid/Cooperation,149598,2.996666225484298,-0.6176795946469873
PER,2020,Conflict/Migration,23647,-9.776747198376114,-5.562707700765424
PER,2020,Disapproval/Sanction,41274,-2.8689806900227746,-4.183184183747638
PER,2020,Other,195293,1.3894630734332516,-2.6404485567839093
PER,2020,Protest,4588,-4.993179598953792,-4.520770706190061
PER,2024,Aid/Cooperation,72523,2.917576148256415,-0.4558967086303656
PER,2024,Conflict/Migration,14598,-9.770574462255103,-6.886736128236746
PER,2024,Disapproval/Sanction,20283,-2.9491481043238177,-4.620104718236948
PER,2024,Other,98807,1.2165862641310838,-2.9386869654983956
PER,2024,Protest,2266,-4.991581200353044,-4.786047661076787
POL,2000,Aid/Cooperation,61901,3.400556388426681,5.871360107268056
POL,2000,Conflict/Migration,3599,-9.795367879966657,4.632959433175882
POL,2000,Disapproval/Sanction,13281,-3.1190809427000974,5.517197123710564
POL,2000,Other,63822,1.7760955783272228,5.5572087994735355
POL,2000,Protest,1281,-5.102078844652615,5.589679156908665
POL,2005,Aid/Cooperation,54567,3.2313275606135576,5.690193963384464
POL,2005,Conflict/Migration,4838,-9.853160396858206,4.187802811078958
POL,2005,Disapproval/Sanction,11414,-3.133340196250219,5.249022253373051
POL,2005,Other,61117,1.7363178493708789,5.295209401639479
POL,2005,Protest,1225,-5.138815510204083,5.341988571428571
POL,2010,Aid/Cooperation,103540,3.355778211319297,5.546377245508983
POL,2010,Conflict/Migration,14021,-9.847433563939806,4.3306622209542835
POL,2010,Disapproval/Sanction,23726,-3.0879685155525585,5.116111776110596
POL,2010,Other,120353,1.6831551602369696,5.244274193414372
POL,2010,Protest,3146,-5.09172631913541,5.196367132867133
POL,2015,Aid/Cooperation,188430,3.1043920023350853,2.6780841055033697
POL,2015,Conflict/Migration,28249,-9.807903642606819,0.7117056178979787
POL,2015,Disapproval/Sanction,41237,-2.9508633023740813,1.2623898440720713
POL,2015,Other,226930,1.616586744811175,1.8993996254351562
POL,2015,Protest,5361,-5.156456631225518,0.820896661070696
POL,2020,Aid/Cooperation,305842,3.0348735687054096,-0.804603540390136
POL,2020,Conflict/Migration,48800,-9.81393637295082,-4.102362991803278
POL,2020,Disapproval/Sanction,84033,-2.972100174931277,-3.219678590553711
POL,2020,Other,370938,1.4712763372854762,-2.0617450759965275
POL,2020,Protest,11745,-5.087471094082588,-3.334189527458493
POL,2024,Aid/Cooperation,212788,3.027975360452657,-1.2860941171494633
POL,2024,Conflict/Migration,38550,-9.795221089494163,-4.013558988326848
POL,2024,Disapproval/Sanction,52265,-2.9549873529130393,-3.5941384865588826
POL,2024,Other,257214,1.7415041716236286,-2.413993421819963
POL,2024,Protest,9226,-5.134843810969001,-3.8004287882072405
PSE,2000,Aid/Cooperation,387,2.978937984496124,6.3621576227390175
PSE,2000,Conflict/Migration,17,-9.970588235294118,4.049705882352941
PSE,2000,Disapproval/Sanction,42,-3.1431190476190474,4.878166666666666
PSE,2000,Other,287,1.5484668989547037,5.82822299651568
PSE,2000,Protest,7,-4.4,5.037428571428571
PSE,2005,Aid/Cooperation,680,3.2719676470588235,6.092291176470588
PSE,2005,Conflict/Migration,40,-9.81255,3.6274749999999996
PSE,2005,Disapproval/Sanction,94,-3.3086382978723403,4.432468085106383
PSE,2005,Other,479,1.9966116910229643,5.141549060542798
PSE,2005,Protest,5,-4.92,3.5688000000000004
PSE,2010,Aid/Cooperation,3664,3.1024344978165943,5.841051855895197
PSE,2010,Conflict/Migration,246,-9.750105691056909,5.116272357723577
PSE,2010,Disapproval/Sanction,835,-3.175892215568862,5.490589221556886
PSE,2010,Other,4478,1.826728226887003,5.606063421170165
PSE,2010,Protest,86,-5.023581395348837,6.304627906976744
PSE,2015,Aid/Cooperation,5216,3.150478144171779,2.9334442101226994
PSE,2015,Conflict/Migration,811,-9.77966091245376,-0.3533045622688039
PSE,2015,Disapproval/Sanction,1077,-2.9286555246053854,2.2655283194057567
PSE,2015,Other,6000,1.76417,2.6256615000000005
PSE,2015,Protest,117,-4.712709401709402,2.294324786324786
PSE,2020,Aid/Cooperation,7755,3.0335096067053513,0.645674661508704
PSE,2020,Conflict/Migration,463,-9.891950323974083,-2.0360820734341254
PSE,2020,Disapproval/Sanction,853,-3.1559941383352874,-1.7196084407971863
PSE,2020,Other,7016,2.134749714937286,-0.37281342645381976
PSE,2020,Protest,158,-4.84053164556962,-1.9852405063291139
PSE,2024,Aid/Cooperation,6538,3.3973597430406857,0.9108198225757113
PSE,2024,Conflict/Migration,317,-9.914905362776024,-1.625268138801262
PSE,2024,Disapproval/Sanction,689,-3.1204121915820027,-1.4713381712626994
PSE,2024,Other,5451,2.275059988992845,-0.015081086039258871
PSE,2024,Protest,111,-4.908288288288288,-1.4756216216216214
ROU,2000,Aid/Cooperation,51057,3.4092791194155554,5.997542237107547
ROU,2000,Conflict/Migration,2347,-9.850624627183638,4.357178951853429
ROU,2000,Disapproval/Sanction,8593,-3.125459327359479,5.6903048993366685
ROU,2000,Other,43866,1.785270186476998,5.696074932749737
ROU,2000,Protest,865,-5.197354913294797,5.642090173410405
ROU,2005,Aid/Cooperation,38338,3.363993296468256,6.046888778757369
ROU,2005,Conflict/Migration,2144,-9.774917444029848,4.168206623134329
ROU,2005,Disapproval/Sanction,6648,-3.110465102286402,5.49327135980746
ROU,2005,Other,34980,1.8863368782161234,5.578260034305318
ROU,2005,Protest,792,-5.1017133838383835,5.47172601010101
ROU,2010,Aid/Cooperation,58075,3.3174811708996983,5.714261696082652
ROU,2010,Conflict/Migration,4681,-9.82770006408887,4.498483657338176
ROU,2010,Disapproval/Sanction,13551,-2.965970777064423,5.080064349494502
ROU,2010,Other,63445,1.8131603593663803,5.2553758215777435
ROU,2010,Protest,1557,-5.08385870263327,4.89170777135517
ROU,2015,Aid/Cooperation,107181,3.2060881966020096,2.826527742790233
ROU,2015,Conflict/Migration,9363,-9.7840081170565,0.8658184342625223
ROU,2015,Disapproval/Sanction,26940,-2.930907535263549,1.4582365627319969
ROU,2015,Other,135856,1.707068204569544,1.9220591729478271
ROU,2015,Protest,2866,-4.9284382414515004,1.8804567341242147
ROU,2020,Aid/Cooperation,167847,3.043539205347727,0.12068101306547034
ROU,2020,Conflict/Migration,15481,-9.783410567792778,-3.8593138686131385
ROU,2020,Disapproval/Sanction,37949,-3.056660201849851,-2.6970441381854595
ROU,2020,Other,188953,1.729719136504845,-1.4567420522563812
ROU,2020,Protest,4300,-4.966503023255814,-3.1407990697674424
ROU,2024,Aid/Cooperation,116395,3.1325362601486315,0.3269898621074788
ROU,2024,Conflict/Migration,12374,-9.752692177145628,-3.8643637465653793
ROU,2024,Disapproval/Sanction,19990,-2.977520460230115,-2.500137868934467
ROU,2024,Other,124955,2.1159559521427713,-1.1348641110799889
ROU,2024,Protest,2298,-5.08823498694517,-2.948645778938207
SAU,2000,Aid/Cooperation,58850,3.1132098725573494,5.915205896346644
SAU,2000,Conflict/Migration,7396,-9.89082774472688,3.3872609518658736
SAU,2000,Disapproval/Sanction,8870,-2.976448027057497,5.147828635851184
SAU,2000,Other,43226,1.5873214269189841,5.326123906907879
SAU,2000,Protest,1091,-5.426830430797434,4.793917506874427
SAU,2005,Aid/Cooperation,69877,3.04846813686907,5.934405312191422
SAU,2005,Conflict/Migration,18005,-9.884817661760621,3.4861207442377116
SAU,2005,Disapproval/Sanction,17414,-2.8142485930860226,5.307612955093603
SAU,2005,Other,72673,1.240260220439503,5.262050857952747
SAU,2005,Protest,2965,-5.589900168634064,4.88495784148398
SAU,2010,Aid/Cooperation,186661,3.141825094690374,6.044516717471781
SAU,2010,Conflict/Migration,28130,-9.818312939921793,3.895690899395663
SAU,2010,Disapproval/Sanction,40307,-3.0181281911330538,5.397117895154688
SAU,2010,Other,198375,1.7767502608695651,5.5143213660995585
SAU,2010,Protest,5868,-5.221466768916155,4.905828220858896
SAU,2015,Aid/Cooperation,495977,3.0930625774985536,2.284538079386746
SAU,2015,Conflict/Migration,136338,-9.871235510275932,-1.2286982792765042
SAU,2015,Disapproval/Sanction,159337,-2.9029037637209183,0.7830751049662036
SAU,2015,Other,630579,1.4946611320706842,1.490747696957875
SAU,2015,Protest,23153,-5.145636418606661,0.19263153802962865
SAU,2020,Aid/Cooperation,810810,3.0934111666111663,-1.2037713175713174
SAU,2020,Conflict/Migration,235326,-9.888854843918649,-4.998024115482353
SAU,2020,Disapproval/Sanction,272503,-2.829304484721269,-3.7787084802736115
SAU,2020,Other,1008011,1.6184909728167651,-2.502233022258686
SAU,2020,Protest,40758,-5.191913268560773,-4.165571814122381
SAU,2024,Aid/Cooperation,402332,3.262372592784069,0.5369447794358887
SAU,2024,Conflict/Migration,46002,-9.885108256162775,-4.0610492152515105
SAU,2024,Disapproval/Sanction,63981,-2.8943631390569076,-2.586702239727419
SAU,2024,Other,336656,2.157225577444038,-0.7617864051138254
SAU,2024,Protest,10077,-5.16217078495584,-3.609915748734742
SGP,2000,Aid/Cooperation,8911,3.13498058579284,5.749359780047133
SGP,2000,Conflict/Migration,1816,-9.864907488986784,3.757024779735683
SGP,2000,Disapproval/Sanction,1703,-2.9501297709923664,5.096145625367
SGP,2000,Other,8238,1.9994391842680264,5.417274945375091
SGP,2000,Protest,182,-5.09221978021978,5.3483901098901105
SGP,2005,Aid/Cooperation,13265,3.0462462118356575,5.889648548812665
SGP,2005,Conflict/Migration,1335,-9.825358052434456,3.870073408239701
SGP,2005,Disapproval/Sanction,2259,-2.9763736166445334,5.229250553342187
SGP,2005,Other,11579,1.9424904568615595,5.601566801969082
SGP,2005,Protest,229,-5.317816593886462,5.203414847161572
SGP,2010,Aid/Cooperation,20603,3.1149726738824444,5.894615881182352
SGP,2010,Conflict/Migration,3397,-9.839658522225493,3.667962908448631
SGP,2010,Disapproval/Sanction,4352,-2.7660981158088234,4.802767233455882
SGP,2010,Other,23288,1.6257659738921335,5.258475137409825
SGP,2010,Protest,577,-5.162662045060658,4.659694974003466
SGP,2015,Aid/Cooperation,44655,3.0284608890381817,3.0232791400739
SGP,2015,Conflict/Migration,7321,-9.782399808769293,1.1969011064062285
SGP,2015,Disapproval/Sanction,8572,-2.8923247783481103,1.7163384274381708
SGP,2015,Other,50734,1.689452536760358,2.2106944455394806
SGP,2015,Protest,1141,-5.082989482909729,1.5601218229623135
SGP,2020,Aid/Cooperation,61887,2.954047699840031,-0.21026071711344868
SGP,2020,Conflict/Migration,7689,-9.76040135258161,-4.403369358824295
SGP,2020,Disapproval/Sanction,9499,-2.99699136751237,-3.0085241604379407
SGP,2020,Other,64951,1.867867623285246,-1.7766994349586611
SGP,2020,Protest,1445,-5.057345328719723,-3.244322491349481
SGP,2024,Aid/Cooperation,40658,2.9856624526538447,-0.09155644645580206
SGP,2024,Conflict/Migration,5860,-9.769480375426621,-5.809034982935153
SGP,2024,Disapproval/Sanction,8539,-2.9087414217121443,-4.303996955146973
SGP,2024,Other,44551,1.2866530717604543,-2.5669744337949765
SGP,2024,Protest,1072,-4.871015858208956,-4.05009328358209
SLV,2000,Aid/Cooperation,87,3.199057471264368,3.8375517241379304
SLV,2000,Conflict/Migration,11,-10.0,2.9483636363636365
SLV,2000,Disapproval/Sanction,13,-2.6923076923076925,3.9392307692307686
SLV,2000,Other,97,1.2104948453608249,3.4388453608247427
SLV,2000,Protest,10,-4.6597,4.8092
SLV,2005,Aid/Cooperation,36,3.0028888888888887,6.274000000000001
SLV,2005,Conflict/Migration,3,-10.0,2.549
SLV,2005,Disapproval/Sanction,5,-2.4,4.4276
SLV,2005,Other,51,2.1018823529411765,4.3143529411764705
SLV,2005,Protest,2,-4.4,3.59
SLV,2010,Aid/Cooperation,463,2.8986846652267815,5.875149028077755
SLV,2010,Conflict/Migration,30,-9.9,4.372333333333333
SLV,2010,Disapproval/Sanction,47,-2.9148723404255317,6.333936170212767
SLV,2010,Other,496,2.349510080645161,5.236711693548388
SLV,2010,Protest,5,-5.959999999999999,4.1028
SLV,2015,Aid/Cooperation,1577,2.601823081800888,1.1920596068484464
SLV,2015,Conflict/Migration,293,-9.940143344709897,0.5778532423208192
SLV,2015,Disapproval/Sanction,186,-3.0056666666666665,1.6036290322580644
SLV,2015,Other,1889,1.8239396506087875,1.2875193223928003
SLV,2015,Protest,58,-4.872293103448275,1.1141896551724135
SLV,2020,Aid/Cooperation,3168,2.7968472222222225,-0.803935606060606
SLV,2020,Conflict/Migration,388,-9.874904639175258,-3.321997422680412
SLV,2020,Disapproval/Sanction,345,-3.208776811594203,-1.4554927536231885
SLV,2020,Other,2643,1.7083234960272418,-1.2752330684827846
SLV,2020,Protest,103,-4.780766990291262,-2.540174757281554
SLV,2024,Aid/Cooperation,1696,2.942038325471698,0.10644811320754717
SLV,2024,Conflict/Migration,184,-9.820554347826087,-2.099565217391304
SLV,2024,Disapproval/Sanction,189,-2.9153386243386246,-1.9173809523809524
SLV,2024,Other,1620,1.9038993827160493,-0.6508925925925926
SLV,2024,Protest,52,-5.004,-2.1999615384615385
SOM,2000,Aid/Cooperation,14640,3.143470491803279,5.8878271174863395
SOM,2000,Conflict/Migration,6776,-9.827470631641084,4.126261806375442
SOM,2000,Disapproval/Sanction,4090,-2.9685271393643036,5.362159413202934
SOM,2000,Other,16077,1.8235741742862475,5.374932823287928
SOM,2000,Protest,563,-5.2790568383658965,5.039358792184725
SOM,2005,Aid/Cooperation,28815,3.339730140551796,5.2815843137254905
SOM,2005,Conflict/Migration,8496,-9.846199152542372,3.8211796139359704
SOM,2005,Disapproval/Sanction,6257,-2.906061211443184,5.046908102924724
SOM,2005,Other,29094,1.5758884993469444,5.091330996081666
SOM,2005,Protest,981,-5.304118246687054,4.891860346585117
SOM,2010,Aid/Cooperation,140661,3.0551009021690447,4.916568572667619
SOM,2010,Conflict/Migration,98583,-9.827538936733514,3.5918313908077453
SOM,2010,Disapproval/Sanction,47523,-2.807959619552638,4.442601456137028
SOM,2010,Other,209972,1.8428910759529844,4.639119396871964
SOM,2010,Protest,10768,-5.50890044576523,4.296256407875186
SOM,2015,Aid/Cooperation,243466,2.9898310564924877,2.2203448777242
SOM,2015,Conflict/Migration,152143,-9.849314283272973,0.32471789040573656
SOM,2015,Disapproval/Sanction,74080,-2.8005723002159826,1.2506916306695466
SOM,2015,Other,327034,1.5745329170667268,1.8581449818673283
SOM,2015,Protest,16069,-5.416378679444893,1.1738220797809449
SOM,2020,Aid/Cooperation,220589,3.011589032091355,-2.114171463672259
SOM,2020,Conflict/Migration,136790,-9.869807434754001,-6.58778116821405
SOM,2020,Disapproval/Sanction,65033,-2.784745329294358,-4.887309335260561
SOM,2020,Other,281858,1.6286843623384828,-3.879847926970319
SOM,2020,Protest,12110,-5.232268208092485,-5.339222956234518
SOM,2024,Aid/Cooperation,84336,3.2294877988047808,-1.4059060187820147
SOM,2024,Conflict/Migration,38126,-9.886355033310602,-6.16379961181346
SOM,2024,Disapproval/Sanction,23634,-2.895500253871541,-4.3972689345857665
SOM,2024,Other,104125,1.9582214741896757,-3.3947762304921962
SOM,2024,Protest,5041,-5.106084110295575,-5.191287641341004
SYR,2000,Aid/Cooperation,97563,3.523746440761354,5.911886206861207
SYR,2000,Conflict/Migration,4937,-9.834381810816286,4.579214502734454
SYR,2000,Disapproval/Sanction,16152,-3.2434088657751365,5.901174715205547
SYR,2000,Other,63384,2.1147433894989276,5.887218793386344
SYR,2000,Protest,1941,-5.204432766615147,5.657409067490985
SYR,2005,Aid/Cooperation,78071,3.1613025963546004,5.692855003778612
SYR,2005,Conflict/Migration,10148,-9.862017441860464,4.1283756405203
SYR,2005,Disapproval/Sanction,20763,-3.0380952174541256,5.255653710928093
SYR,2005,Other,67507,1.7047123113158635,5.361681840401736
SYR,2005,Protest,2811,-5.206432230522946,4.951219494841694
SYR,2010,Aid/Cooperation,205516,3.377537909457171,5.890383775472469
SYR,2010,Conflict/Migration,29197,-9.863161831695038,4.175205877316163
SYR,2010,Disapproval/Sanction,51223,-2.9050031626417825,5.119628565292935
SYR,2010,Other,168409,1.6060664275662229,5.426492503369772
SYR,2010,Protest,6450,-5.273256744186047,4.908746821705426
SYR,2015,Aid/Cooperation,1164468,3.0401554022952975,1.296141269661339
SYR,2015,Conflict/Migration,823849,-9.861389384462443,0.30587699444922584
SYR,2015,Disapproval/Sanction,496289,-2.8828777385757087,1.3898777567103042
SYR,2015,Other,1715833,1.4681811545762322,1.2046486184844327
SYR,2015,Protest,103568,-5.344162405376179,0.8611632647149701
SYR,2020,Aid/Cooperation,1171111,3.051487738566199,-3.3342492223196607
SYR,2020,Conflict/Migration,786176,-9.865768128256269,-5.529923176235347
SYR,2020,Disapproval/Sanction,442118,-2.8927723639390392,-4.7844130729805165
SYR,2020,Other,1621959,1.8075925877287897,-4.035609776819266
SYR,2020,Protest,108669,-5.4382537706245575,-4.924414690482106
SYR,2024,Aid/Cooperation,251981,2.9545165786309284,-2.8053738178672196
SYR,2024,Conflict/Migration,130108,-9.854373466658467,-5.794192440126665
SYR,2024,Disapproval/Sanction,70094,-2.8587331583302427,-4.8598948554797845
SYR,2024,Other,293828,1.4482512694501544,-4.002599442531004
SYR,2024,Protest,15854,-5.224067427778478,-5.141861864513688
THA,2000,Aid/Cooperation,46840,3.0759354397950474,5.788022438087105
THA,2000,Conflict/Migration,7525,-9.806035481727575,3.786916146179402
THA,2000,Disapproval/Sanction,11122,-3.0318463405862253,5.112805160942276
THA,2000,Other,60505,1.7568660606561444,5.17287468804231
THA,2000,Protest,1660,-5.124369277108434,4.870755421686747
THA,2005,Aid/Cooperation,48904,3.1277767667266483,5.643759303942417
THA,2005,Conflict/Migration,13403,-9.873259121092293,3.221739983585764
THA,2005,Disapproval/Sanction,12176,-2.8252557490144548,4.5531404402102496
THA,2005,Other,63535,1.1990131581018337,4.940234059966947
THA,2005,Protest,2278,-5.348124231782264,4.3357857769973664
THA,2010,Aid/Cooperation,170951,2.9859915063380735,5.3948013875321
THA,2010,Conflict/Migration,50629,-9.85577194888305,3.0698561693890856
THA,2010,Disapproval/Sanction,56080,-3.018892207560627,4.765985520684736
THA,2010,Other,268659,0.9186926698900836,4.953964051083344
THA,2010,Protest,8655,-5.253702021952628,4.51278902368573
THA,2015,Aid/Cooperation,354237,2.974260359589767,2.5190057249807327
THA,2015,Conflict/Migration,74406,-9.839541313872537,0.5685391500685427
THA,2015,Disapproval/Sanction,105484,-2.9665798130522165,1.1664244624777218
THA,2015,Other,523391,1.1865567482054524,1.6102852036049526
THA,2015,Protest,14262,-5.069333683915299,1.3053341747300522
THA,2020,Aid/Cooperation,390150,2.931767363834423,-0.4601656337306164
THA,2020,Conflict/Migration,62090,-9.784213625382511,-4.931263053631825
THA,2020,Disapproval/Sanction,97418,-2.9169920240612615,-3.1935698741505676
THA,2020,Other,519810,1.2920930878590255,-2.097947401935323
THA,2020,Protest,11933,-5.006899187128132,-3.603119332942261
THA,2024,Aid/Cooperation,229816,2.93563657882828,0.09352224823336931
THA,2024,Conflict/Migration,35985,-9.812505877448938,-4.81624640822565
THA,2024,Disapproval/Sanction,45317,-2.9335370832138046,-2.546133746717567
THA,2024,Other,282614,1.520273241948382,-1.7075251827581082
THA,2024,Protest,5813,-4.88127834164803,-3.3574120075692417
TLS,2000,Aid/Cooperation,26,3.6619230769230766,6.359923076923077
TLS,2000,Conflict/Migration,1,-9.0,4.098
TLS,2000,Disapproval/Sanction,1,-4.0,6.357
TLS,2000,Other,50,3.5078000000000005,7.059760000000001
TLS,2000,Protest,1,-4.4,6.311
TLS,2005,Aid/Cooperation,51,3.039274509803922,6.749254901960784
TLS,2005,Disapproval/Sanction,2,-2.0,7.211
TLS,2005,Other,51,2.978117647058824,7.2905686274509796
TLS,2005,Protest,1,-4.4,2.011
TLS,2010,Aid/Cooperation,195,2.70854358974359,6.213579487179488
TLS,2010,Conflict/Migration,20,-9.59975,4.6986
TLS,2010,Disapproval/Sanction,24,-3.375125,6.884125
TLS,2010,Other,263,2.2957186311787074,5.802117870722433
TLS,2010,Protest,3,-6.133,6.452000000000001
TLS,2015,Aid/Cooperation,740,3.158304054054054,2.781547297297297
TLS,2015,Conflict/Migration,9,-10.0,0.025333333333333305
TLS,2015,Disapproval/Sanction,52,-2.884461538461539,1.4922692307692307
TLS,2015,Other,597,2.6020217755443884,2.765708542713568
TLS,2015,Protest,16,-4.48775,3.2243125
TLS,2020,Aid/Cooperation,1145,3.025909170305677,0.28106375545851525
TLS,2020,Conflict/Migration,38,-9.934236842105262,-4.0513157894736835
TLS,2020,Disapproval/Sanction,155,-3.2258193548387095,-2.0222129032258063
TLS,2020,Other,913,2.837042716319825,-0.13461445783132528
TLS,2020,Protest,6,-4.4,-2.3506666666666667
TLS,2024,Aid/Cooperation,488,3.8211987704918036,1.0479528688524589
TLS,2024,Conflict/Migration,17,-9.706117647058825,-3.2004705882352944
TLS,2024,Disapproval/Sanction,36,-3.055472222222223,-4.328277777777778
TLS,2024,Other,412,2.473385922330097,-0.15888834951456315
TLS,2024,Protest,7,-4.971428571428571,0.26942857142857146
TTO,2000,Aid/Cooperation,24450,2.976331329243354,5.424688834355828
TTO,2000,Conflict/Migration,6633,-9.85103497663199,4.125659731644807
TTO,2000,Disapproval/Sanction,7166,-3.2250073960368404,5.338013815238627
TTO,2000,Other,33074,1.8266890306585233,5.274965259720627
TTO,2000,Protest,1087,-5.094981600735971,5.1326853725850965
TTO,2005,Aid/Cooperation,8452,3.140817203028869,5.976253431140558
TTO,2005,Conflict/Migration,1478,-9.859156292286874,4.566956698240866
TTO,2005,Disapproval/Sanction,1940,-3.0463257731958766,5.475550515463918
TTO,2005,Other,10424,1.7662217958557174,5.66372755180353
TTO,2005,Protest,272,-4.938981617647058,5.0748566176470575
TTO,2010,Aid/Cooperation,15301,3.118926475393765,5.8768349781060065
TTO,2010,Conflict/Migration,6133,-9.851891081037014,4.841918473830099
TTO,2010,Disapproval/Sanction,4234,-2.9664662257912138,5.213895843174304
TTO,2010,Other,21398,1.76038840078512,5.519027666137022
TTO,2010,Protest,566,-5.186372791519434,5.134116607773851
TTO,2015,Aid/Cooperation,12437,2.8984989145292275,3.4302679102677494
TTO,2015,Conflict/Migration,1242,-9.82249033816425,2.1506006441223833
TTO,2015,Disapproval/Sanction,1858,-3.063596878363832,2.9484472551130247
TTO,2015,Other,13050,2.27147969348659,3.4918745593869733
TTO,2015,Protest,235,-4.875540425531915,2.8836042553191485
TTO,2020,Aid/Cooperation,12396,3.075310261374637,0.36063778638270405
TTO,2020,Conflict/Migration,1154,-9.836798093587522,-3.0427461005199308
TTO,2020,Disapproval/Sanction,2172,-2.9934682320441985,-2.702454419889503
TTO,2020,Other,12527,1.9997098267741675,-1.1373320827013653
TTO,2020,Protest,181,-5.070828729281769,-2.4730441988950274
TTO,2024,Aid/Cooperation,15765,2.9683397399302254,1.3598050111005393
TTO,2024,Conflict/Migration,902,-9.809203991130818,-3.3179057649667403
TTO,2024,Disapproval/Sanction,1804,-3.0558508869179604,-3.0835809312638585
TTO,2024,Other,10682,2.1405126380827557,-0.5473183860700244
TTO,2024,Protest,143,-4.7578601398601394,-2.1725384615384615
USA,2000,Aid/Cooperation,593450,3.123768170865279,6.185644495745218
USA,2000,Conflict/Migration,81646,-9.838519658035912,4.961240734389927
USA,2000,Disapproval/Sanction,184568,-3.0275435611807024,5.854567823241298
USA,2000,Other,731674,1.6259964068697261,5.921588562665886
USA,2000,Protest,25885,-5.193709252462816,5.731283755070504
USA,2005,Aid/Cooperation,727039,3.0786581242546824,6.060406605422817
USA,2005,Conflict/Migration,179607,-9.843572048973593,4.6192868986175375
USA,2005,Disapproval/Sanction,277577,-2.932456186931914,5.649506126228037
USA,2005,Other,1049175,1.3929870212309672,5.740752679009698
USA,2005,Protest,45823,-5.406866791785784,5.488866246208236
USA,2010,Aid/Cooperation,5569743,2.9918327689446356,6.040500477670156
USA,2010,Conflict/Migration,1333507,-9.823617588809057,4.286579361788126
USA,2010,Disapproval/Sanction,1939039,-2.9139958917793813,5.417418132899853
USA,2010,Other,9069452,1.6848332153916248,5.6438913675269475
USA,2010,Protest,244849,-5.119627844099832,5.256125542681408
USA,2015,Aid/Cooperation,21793021,2.9068046169918342,2.8955473615613
USA,2015,Conflict/Migration,5984167,-9.805739389960205,0.7653530152149833
USA,2015,Disapproval/Sanction,7141498,-2.9220778860401557,1.7793787023394814
USA,2015,Other,35300497,1.5571721913716967,2.173010887778719
USA,2015,Protest,871756,-5.110309255112669,1.5645354411096684
USA,2020,Aid/Cooperation,30910258,2.9004708230516876,-0.6495832994988266
USA,2020,Conflict/Migration,7949954,-9.793128167282477,-4.721766826197988
USA,2020,Disapproval/Sanction,10383396,-2.909113170777653,-3.0987308308380035
USA,2020,Other,49577909,1.5574066687645094,-2.1323201026892846
USA,2020,Protest,1331632,-5.072666328234828,-3.4344018580208346
USA,2024,Aid/Cooperation,16539764,2.8985314524439403,-0.6252916089371044
USA,2024,Conflict/Migration,4343962,-9.803361880697851,-4.920067939820836
USA,2024,Disapproval/Sanction,5531533,-2.9376101194732094,-3.3311991475057634
USA,2024,Other,26506799,1.5103163801106276,-2.2637900778966182
USA,2024,Protest,686317,-5.048722960381281,-3.7068635339063434
VEN,2000,Aid/Cooperation,17936,3.0392777653880465,5.521809154772525
VEN,2000,Conflict/Migration,2151,-9.794414225941422,4.0916336587633655
VEN,2000,Disapproval/Sanction,4100,-3.0100412195121953,5.125187804878048
VEN,2000,Other,17634,1.703560394692072,5.23951134172621
VEN,2000,Protest,526,-5.027920152091254,5.38924144486692
VEN,2005,Aid/Cooperation,25533,3.137029765401637,5.658700936043552
VEN,2005,Conflict/Migration,4428,-9.795252935862692,4.051991418247516
VEN,2005,Disapproval/Sanction,9853,-2.881442200345073,5.037947325687608
VEN,2005,Other,33591,1.0670849334643207,5.141600160757345
VEN,2005,Protest,1332,-5.300275525525525,4.8711201201201195
VEN,2010,Aid/Cooperation,94659,3.4687504199283743,5.437612102388574
VEN,2010,Conflict/Migration,12040,-9.792690780730897,4.333378073089701
VEN,2010,Disapproval/Sanction,29457,-2.8186662592932072,5.064827850765522
VEN,2010,Other,134672,1.4594617515147914,4.528059284780801
VEN,2010,Protest,3507,-5.2795791274593675,5.017476190476191
VEN,2015,Aid/Cooperation,143361,3.0925771862640468,2.6223961607410664
VEN,2015,Conflict/Migration,28089,-9.846897041546514,1.0077467691979063
VEN,2015,Disapproval/Sanction,52645,-2.811451324912147,1.1418860290625887
VEN,2015,Other,195311,1.134181070190619,1.7743086769306393
VEN,2015,Protest,5199,-5.162108867089825,1.1767832275437584
VEN,2020,Aid/Cooperation,247520,3.060731637847447,-2.3889579185520367
VEN,2020,Conflict/Migration,46684,-9.795551730785709,-5.440165002998886
VEN,2020,Disapproval/Sanction,111207,-2.845406278381757,-4.463325752875269
VEN,2020,Other,369265,0.8146919448092833,-3.588038690371413
VEN,2020,Protest,16686,-5.210491849454633,-4.411791441927364
VEN,2024,Aid/Cooperation,104410,3.0524283880854326,-1.857000852408773
VEN,2024,Conflict/Migration,19879,-9.75975738216208,-5.73493118366115
VEN,2024,Disapproval/Sanction,37359,-2.8568508525388796,-4.360715409941379
VEN,2024,Other,144822,1.0757744196323762,-3.374707931115438
VEN,2024,Protest,3970,-4.968862720403022,-4.191186649874055
