iso3_orig,iso3_dest,year,migrant_stock,dest_total_migrant_stock,orig_total_migrant_stock,origin_share_in_dest_migrants,dest_share_of_origin_emigration
AFG,IDN,2000,78.0,280446.0,41817.0,0.00027812840974733105,0.001865270105459502
AFG,IDN,2005,36.0,95078.0,56537.0,0.0003786364879362208,0.0006367511541114668
AFG,IDN,2010,1548.0,100661.0,60781.0,0.015378349112367252,0.025468485217419918
AFG,IDN,2015,6263.0,135695.0,86729.0,0.046154979918198905,0.07221344648272204
AFG,IDN,2020,7646.0,292106.0,145672.0,0.026175429467385127,0.052487780767752214
AFG,IDN,2024,5979.0,422616.0,208137.0,0.014147594979839855,0.02872627163839202
AFG,MYS,2000,58.0,1485613.0,41817.0,3.904112309194925e-05,0.001386995719444245
AFG,MYS,2005,68.0,2045120.0,56537.0,3.324988264747301e-05,0.0012027521799883262
AFG,MYS,2010,525.0,2917897.0,60781.0,0.00017992410287271963,0.008637567660946678
AFG,MYS,2015,452.0,3359082.0,86729.0,0.00013456057339475487,0.005211636246238283
AFG,MYS,2020,2574.0,3486644.0,145672.0,0.0007382457170849677,0.01766983359876984
AFG,MYS,2024,2906.0,3572557.0,208137.0,0.0008134229908718042,0.013961957748982642
AFG,USA,2000,41681.0,31369527.0,41817.0,0.0013287098654691223,0.9967477341750962
AFG,USA,2005,56433.0,35533585.0,56537.0,0.0015881594834858345,0.9981604966659002
AFG,USA,2010,58708.0,39769676.0,60781.0,0.001476200107840959,0.9658939471216335
AFG,USA,2015,80014.0,43278121.0,86729.0,0.0018488325775511372,0.9225749172710397
AFG,USA,2020,135452.0,45295697.0,145672.0,0.0029903944297402026,0.929842385633478
AFG,USA,2024,199252.0,48694117.0,208137.0,0.0040919111440094495,0.9573117706126253
ARG,USA,2000,135087.0,31369527.0,135087.0,0.004306312938668154,1.0
ARG,USA,2005,193374.0,35533585.0,193374.0,0.005442006484850881,1.0
ARG,USA,2010,177406.0,39769676.0,177406.0,0.00446083593942279,1.0
ARG,USA,2015,193602.0,43278121.0,193602.0,0.004473438206802001,1.0
ARG,USA,2020,207388.0,45295697.0,207388.0,0.00457853645568143,1.0
ARG,USA,2024,212091.0,48694117.0,212091.0,0.004355577492040774,1.0
AUS,IDN,2000,22875.0,280446.0,31355.0,0.0815665047816692,0.7295487163131877
AUS,IDN,2005,13980.0,95078.0,22460.0,0.14703716948189907,0.622439893143366
AUS,IDN,2010,12504.0,100661.0,20987.0,0.12421891298516805,0.5957973983894792
AUS,IDN,2015,7689.0,135695.0,16169.0,0.05666384170382107,0.475539612839384
AUS,IDN,2020,4398.0,292106.0,12878.0,0.015056178236667512,0.3415126572449138
AUS,IDN,2024,5820.0,422616.0,14300.0,0.01377136691464592,0.406993006993007
AUS,MYS,2000,8480.0,1485613.0,31355.0,0.005708081445167752,0.2704512836868123
AUS,MYS,2005,8480.0,2045120.0,22460.0,0.004146455953684869,0.377560106856634
AUS,MYS,2010,8483.0,2917897.0,20987.0,0.002907230789846249,0.4042026016105208
AUS,MYS,2015,8480.0,3359082.0,16169.0,0.0025244992530697374,0.524460387160616
AUS,MYS,2020,8480.0,3486644.0,12878.0,0.0024321381821602664,0.6584873427550862
AUS,MYS,2024,8480.0,3572557.0,14300.0,0.0023736500215391946,0.593006993006993
BGD,MYS,2000,158149.0,1485613.0,250483.0,0.1064536995839428,0.6313761812178871
BGD,MYS,2005,55364.0,2045120.0,176558.0,0.027071272101392582,0.3135740096738749
BGD,MYS,2010,319475.0,2917897.0,484714.0,0.10948810050526116,0.6591000053639878
BGD,MYS,2015,282437.0,3359082.0,515126.0,0.08408160324755394,0.5482872151667747
BGD,MYS,2020,282437.0,3486644.0,561679.0,0.08100540232957537,0.5028441511966799
BGD,MYS,2024,282437.0,3572557.0,640018.0,0.0790573810298898,0.441295401066845
BGD,USA,2000,92334.0,31369527.0,250483.0,0.0029434297813926234,0.368623818782113
BGD,USA,2005,121194.0,35533585.0,176558.0,0.003410688789211671,0.6864259903261252
BGD,USA,2010,165239.0,39769676.0,484714.0,0.0041548993258079345,0.34089999463601217
BGD,USA,2015,232689.0,43278121.0,515126.0,0.005376596641060272,0.45171278483322524
BGD,USA,2020,279242.0,45295697.0,561679.0,0.006164868155136238,0.49715584880332003
BGD,USA,2024,357581.0,48694117.0,640018.0,0.007343412757643803,0.558704598933155
BRA,USA,2000,240109.0,31369527.0,240109.0,0.007654211681291848,1.0
BRA,USA,2005,345947.0,35533585.0,345947.0,0.009735775323542502,1.0
BRA,USA,2010,365297.0,39769676.0,365297.0,0.009185314962083172,1.0
BRA,USA,2015,380949.0,43278121.0,380949.0,0.008802346109249983,1.0
BRA,USA,2020,571580.0,45295697.0,571580.0,0.012618858696445271,1.0
BRA,USA,2024,738994.0,48694117.0,738994.0,0.015176248087628326,1.0
BRN,MYS,2000,8533.0,1485613.0,8533.0,0.005743756954200051,1.0
BRN,MYS,2005,10288.0,2045120.0,10288.0,0.005030511657017681,1.0
BRN,MYS,2010,12051.0,2917897.0,12051.0,0.004130029264226942,1.0
BRN,MYS,2015,13798.0,3359082.0,13798.0,0.004107669893143424,1.0
BRN,MYS,2020,15510.0,3486644.0,15510.0,0.004448403679870959,1.0
BRN,MYS,2024,16887.0,3572557.0,16887.0,0.004726866499260894,1.0
CAN,USA,2000,965513.0,31369527.0,965513.0,0.030778691690187106,1.0
CAN,USA,2005,950086.0,35533585.0,950086.0,0.026737690553880224,1.0
CAN,USA,2010,928127.0,39769676.0,928127.0,0.023337554975303293,1.0
CAN,USA,2015,955022.0,43278121.0,955022.0,0.022067085583498416,1.0
CAN,USA,2020,931908.0,45295697.0,931908.0,0.02057387482082459,1.0
CAN,USA,2024,950387.0,48694117.0,950387.0,0.019517491199193528,1.0
CHN,IDN,2000,14.0,280446.0,1400829.0,4.9920483800803005e-05,9.994082075685183e-06
CHN,IDN,2005,10.0,95078.0,1593076.0,0.00010517680220450577,6.277164429066786e-06
CHN,IDN,2010,24.0,100661.0,2018639.0,0.0002384240172460039,1.1889198613521289e-05
CHN,IDN,2015,15036.0,135695.0,2533548.0,0.11080732525148311,0.005934760265051225
CHN,IDN,2020,47633.0,292106.0,2735232.0,0.16306751658644464,0.01741461053395105
CHN,IDN,2024,82568.0,422616.0,3006123.0,0.19537357790523785,0.027466607321124253
CHN,MYS,2000,30708.0,1485613.0,1400829.0,0.020670255308751335,0.021921305170010043
CHN,MYS,2005,30708.0,2045120.0,1593076.0,0.015015255828508841,0.01927591652877829
CHN,MYS,2010,30775.0,2917897.0,2018639.0,0.010546979554110375,0.015245420305463235
CHN,MYS,2015,30708.0,3359082.0,2533548.0,0.009141783380102063,0.012120551890076683
CHN,MYS,2020,30606.0,3486644.0,2735232.0,0.008778068538112867,0.0111895444335252
CHN,MYS,2024,30524.0,3572557.0,3006123.0,0.008544020431304524,0.010153942470085223
CHN,USA,2000,1370107.0,31369527.0,1400829.0,0.043676367833024705,0.9780687007479143
CHN,USA,2005,1562358.0,35533585.0,1593076.0,0.04396848784044728,0.9807178063067926
CHN,USA,2010,1987840.0,39769676.0,2018639.0,0.0499838117866487,0.9847426904959232
CHN,USA,2015,2487804.0,43278121.0,2533548.0,0.05748410380385969,0.9819446878448721
CHN,USA,2020,2656993.0,45295697.0,2735232.0,0.058658839050429006,0.9713958450325237
CHN,USA,2024,2893031.0,48694117.0,3006123.0,0.059412331062497756,0.9623794502087906
COL,USA,2000,518413.0,31369527.0,518413.0,0.01652600627354056,1.0
COL,USA,2005,567340.0,35533585.0,567340.0,0.01596630342815114,1.0
COL,USA,2010,659397.0,39769676.0,659397.0,0.01658039658155626,1.0
COL,USA,2015,725904.0,43278121.0,725904.0,0.016773001766874306,1.0
COL,USA,2020,867302.0,45295697.0,867302.0,0.019147558321047583,1.0
COL,USA,2024,1008875.0,48694117.0,1008875.0,0.020718621923054893,1.0
CUB,USA,2000,900766.0,31369527.0,900766.0,0.02871468224560734,1.0
CUB,USA,2005,918694.0,35533585.0,918694.0,0.025854244653332897,1.0
CUB,USA,2010,1102190.0,39769676.0,1102190.0,0.027714331894481616,1.0
CUB,USA,2015,1237236.0,43278121.0,1237236.0,0.028588024882133863,1.0
CUB,USA,2020,1346576.0,45295697.0,1346576.0,0.029728563399741923,1.0
CUB,USA,2024,1394750.0,48694117.0,1394750.0,0.02864309049900217,1.0
DEU,USA,2000,1369572.0,31369527.0,1369572.0,0.04365931306519222,1.0
DEU,USA,2005,1173821.0,35533585.0,1173821.0,0.03303412813539641,1.0
DEU,USA,2010,1198784.0,39769676.0,1198784.0,0.030143167372044973,1.0
DEU,USA,2015,1179764.0,43278121.0,1179764.0,0.027260055952983725,1.0
DEU,USA,2020,1147641.0,45295697.0,1147641.0,0.02533664511222777,1.0
DEU,USA,2024,1137577.0,48694117.0,1137577.0,0.023361692748222543,1.0
DOM,USA,2000,673311.0,31369527.0,673311.0,0.021463855671142253,1.0
DOM,USA,2005,725810.0,35533585.0,725810.0,0.020426027939483168,1.0
DOM,USA,2010,895116.0,39769676.0,895116.0,0.022507500438273622,1.0
DOM,USA,2015,1099126.0,43278121.0,1099126.0,0.025396805004542597,1.0
DOM,USA,2020,1289305.0,45295697.0,1289305.0,0.028464182811890497,1.0
DOM,USA,2024,1483418.0,48694117.0,1483418.0,0.030464008619357448,1.0
ECU,USA,2000,284853.0,31369527.0,284853.0,0.00908056407736081,1.0
ECU,USA,2005,350434.0,35533585.0,350434.0,0.009862050226567345,1.0
ECU,USA,2010,451974.0,39769676.0,451974.0,0.011364789594966777,1.0
ECU,USA,2015,447534.0,43278121.0,447534.0,0.010340883329939394,1.0
ECU,USA,2020,469786.0,45295697.0,469786.0,0.010371537057924067,1.0
ECU,USA,2024,561895.0,48694117.0,561895.0,0.011539278964643717,1.0
EGY,USA,2000,114611.0,31369527.0,114611.0,0.003653577562709186,1.0
EGY,USA,2005,133243.0,35533585.0,133243.0,0.00374977644389104,1.0
EGY,USA,2010,148183.0,39769676.0,148183.0,0.0037260298524936434,1.0
EGY,USA,2015,192005.0,43278121.0,192005.0,0.0044365373441236046,1.0
EGY,USA,2020,229880.0,45295697.0,229880.0,0.005075095764615345,1.0
EGY,USA,2024,262714.0,48694117.0,262714.0,0.005395189731030548,1.0
ERI,IDN,2000,0.0,280446.0,0.0,0.0,
ERI,IDN,2005,0.0,95078.0,0.0,0.0,
ERI,IDN,2010,0.0,100661.0,0.0,0.0,
ERI,IDN,2015,30.0,135695.0,30.0,0.0002210840487858801,1.0
ERI,IDN,2020,264.0,292106.0,264.0,0.0009037815039745846,1.0
ERI,IDN,2024,171.0,422616.0,171.0,0.00040462263615196774,1.0
ESP,USA,2000,112414.0,31369527.0,112414.0,0.003583541441348478,1.0
ESP,USA,2005,114571.0,35533585.0,114571.0,0.0032243017415777213,1.0
ESP,USA,2010,127257.0,39769676.0,127257.0,0.0031998500566109717,1.0
ESP,USA,2015,141349.0,43278121.0,141349.0,0.003266061389310317,1.0
ESP,USA,2020,155463.0,45295697.0,155463.0,0.0034321803238837453,1.0
ESP,USA,2024,168755.0,48694117.0,168755.0,0.0034656137208525623,1.0
ETH,IDN,2000,0.0,280446.0,74613.0,0.0,0.0
ETH,IDN,2005,0.0,95078.0,112568.0,0.0,0.0
ETH,IDN,2010,0.0,100661.0,171081.0,0.0,0.0
ETH,IDN,2015,206.0,135695.0,237378.0,0.0015181104683297101,0.0008678142035066435
ETH,IDN,2020,173.0,292106.0,285228.0,0.0005922507582863755,0.000606532318005245
ETH,IDN,2024,119.0,422616.0,363930.0,0.0002815794953338255,0.0003269859588382381
ETH,USA,2000,74613.0,31369527.0,74613.0,0.002378518490253296,1.0
ETH,USA,2005,112568.0,35533585.0,112568.0,0.0031679325348117843,1.0
ETH,USA,2010,171081.0,39769676.0,171081.0,0.004301795166749662,1.0
ETH,USA,2015,237172.0,43278121.0,237378.0,0.005480182469104885,0.9991321857964933
ETH,USA,2020,285055.0,45295697.0,285228.0,0.0062932026413016675,0.9993934676819948
ETH,USA,2024,363811.0,48694117.0,363930.0,0.007471354291114879,0.9996730140411617
FRA,USA,2000,204122.0,31369527.0,204122.0,0.006507015550473554,1.0
FRA,USA,2005,196697.0,35533585.0,196697.0,0.005535523646150536,1.0
FRA,USA,2010,204225.0,39769676.0,204225.0,0.005135193960343051,1.0
FRA,USA,2015,229140.0,43278121.0,229140.0,0.0052945921566234354,1.0
FRA,USA,2020,232437.0,45295697.0,232437.0,0.005131547042978498,1.0
FRA,USA,2024,253094.0,48694117.0,253094.0,0.005197629931352898,1.0
GBR,IDN,2000,5022.0,280446.0,856217.0,0.01790719068911662,0.005865335539939057
GBR,IDN,2005,3378.0,95078.0,833220.0,0.035528723784682054,0.004054151364585584
GBR,IDN,2010,3289.0,100661.0,855231.0,0.032674024696754456,0.00384574459999696
GBR,IDN,2015,2324.0,135695.0,866746.0,0.017126644312612845,0.0026812930201004677
GBR,IDN,2020,1314.0,292106.0,887947.0,0.004498367031146228,0.0014798180522035663
GBR,IDN,2024,1753.0,422616.0,900064.0,0.004147973574119295,0.0019476392789846055
GBR,MYS,2000,3522.0,1485613.0,856217.0,0.0023707385436180215,0.004113443204234441
GBR,MYS,2005,3522.0,2045120.0,833220.0,0.0017221483335941167,0.004226974868582127
GBR,MYS,2010,3524.0,2917897.0,855231.0,0.0012077191209970742,0.00412052416247774
GBR,MYS,2015,3522.0,3359082.0,866746.0,0.0010485007510980678,0.00406347418967033
GBR,MYS,2020,3522.0,3486644.0,887947.0,0.0010101404100906202,0.0039664529527100156
GBR,MYS,2024,3522.0,3572557.0,900064.0,0.0009858485113043683,0.00391305507163935
GBR,USA,2000,847673.0,31369527.0,856217.0,0.0270221798371394,0.9900212212558265
GBR,USA,2005,826320.0,35533585.0,833220.0,0.0232546195381074,0.9917188737668323
GBR,USA,2010,848418.0,39769676.0,855231.0,0.02133328921261516,0.9920337312375253
GBR,USA,2015,860900.0,43278121.0,866746.0,0.01989226842819724,0.9932552327902292
GBR,USA,2020,883111.0,45295697.0,887947.0,0.019496576021338186,0.9945537289950864
GBR,USA,2024,894789.0,48694117.0,900064.0,0.01837571056068231,0.994139305649376
GHA,USA,2000,66569.0,31369527.0,66569.0,0.002122091289422375,1.0
GHA,USA,2005,78299.0,35533585.0,78299.0,0.002203520978814831,1.0
GHA,USA,2010,126455.0,39769676.0,126455.0,0.003179683938083881,1.0
GHA,USA,2015,162903.0,43278121.0,162903.0,0.0037640959504688294,1.0
GHA,USA,2020,210738.0,45295697.0,210738.0,0.00465249491579741,1.0
GHA,USA,2024,258358.0,48694117.0,258358.0,0.005305733339409358,1.0
GRC,USA,2000,183593.0,31369527.0,183593.0,0.005852590636766694,1.0
GRC,USA,2005,159776.0,35533585.0,159776.0,0.004496478472408568,1.0
GRC,USA,2010,146811.0,39769676.0,146811.0,0.0036915312058363263,1.0
GRC,USA,2015,152851.0,43278121.0,152851.0,0.0035318307835037477,1.0
GRC,USA,2020,134752.0,45295697.0,134752.0,0.002974940423148804,1.0
GRC,USA,2024,130822.0,48694117.0,130822.0,0.002686607911998897,1.0
GTM,USA,2000,454084.0,31369527.0,454084.0,0.014475321862519635,1.0
GTM,USA,2005,651897.0,35533585.0,651897.0,0.018345939482323555,1.0
GTM,USA,2010,823536.0,39769676.0,823536.0,0.020707636642551475,1.0
GTM,USA,2015,952839.0,43278121.0,952839.0,0.022016644391747043,1.0
GTM,USA,2020,1144667.0,45295697.0,1144667.0,0.0252709876613666,1.0
GTM,USA,2024,1298936.0,48694117.0,1298936.0,0.026675419537846842,1.0
GUY,USA,2000,218325.0,31369527.0,218325.0,0.006959779788837747,1.0
GUY,USA,2005,253002.0,35533585.0,253002.0,0.007120080903742192,1.0
GUY,USA,2010,257524.0,39769676.0,257524.0,0.006475385919664017,1.0
GUY,USA,2015,279144.0,43278121.0,279144.0,0.006450002762365769,1.0
GUY,USA,2020,277360.0,45295697.0,277360.0,0.006123318954557648,1.0
GUY,USA,2024,314783.0,48694117.0,314783.0,0.006464497549057107,1.0
HKG,USA,2000,210485.0,31369527.0,210485.0,0.0067098557144326726,1.0
HKG,USA,2005,214124.0,35533585.0,214124.0,0.006025961073165007,1.0
HKG,USA,2010,215677.0,39769676.0,215677.0,0.00542315205182964,1.0
HKG,USA,2015,244595.0,43278121.0,244595.0,0.0056517010061504286,1.0
HKG,USA,2020,258439.0,45295697.0,258439.0,0.00570559715639214,1.0
HKG,USA,2024,268915.0,48694117.0,268915.0,0.0055225357100119506,1.0
HND,USA,2000,266664.0,31369527.0,266664.0,0.008500733849126894,1.0
HND,USA,2005,394260.0,35533585.0,394260.0,0.011095418601866375,1.0
HND,USA,2010,509973.0,39769676.0,509973.0,0.01282316204939663,1.0
HND,USA,2015,621409.0,43278121.0,621409.0,0.014358502301890601,1.0
HND,USA,2020,775889.0,45295697.0,775889.0,0.01712941960027682,1.0
HND,USA,2024,934727.0,48694117.0,934727.0,0.019195891774770244,1.0
HTI,USA,2000,432213.0,31369527.0,432213.0,0.013778116577913337,1.0
HTI,USA,2005,491199.0,35533585.0,491199.0,0.01382351372652098,1.0
HTI,USA,2010,599162.0,39769676.0,599162.0,0.015065800385198008,1.0
HTI,USA,2015,686053.0,43278121.0,686053.0,0.015852190070821236,1.0
HTI,USA,2020,732899.0,45295697.0,732899.0,0.016180322824042203,1.0
HTI,USA,2024,798232.0,48694117.0,798232.0,0.01639278108277433,1.0
IDN,ARE,2000,91456.0,96902.0,2248113.0,0.9437988895998018,0.04068122910191792
IDN,ARE,2005,119309.0,125483.0,2535440.0,0.950798116079469,0.04705652667781529
IDN,ARE,2010,199195.0,208956.0,3182777.0,0.9532868163632535,0.06258528322907951
IDN,ARE,2015,250877.0,263170.0,3434177.0,0.953288748717559,0.07305301969001597
IDN,ARE,2020,262762.0,275636.0,3647140.0,0.9532934740019446,0.07204604155584925
IDN,ARE,2024,298351.0,312969.0,3969365.0,0.953292498618074,0.07516340774909841
IDN,AUS,2000,177079.0,659818.0,2248113.0,0.2683755217347814,0.07876783773769379
IDN,AUS,2005,189960.0,769054.0,2535440.0,0.24700476169423732,0.07492190704571987
IDN,AUS,2010,222874.0,941379.0,3182777.0,0.2367526787829344,0.07002501274830125
IDN,AUS,2015,242408.0,1074029.0,3434177.0,0.2256996785003012,0.07058692664938354
IDN,AUS,2020,294372.0,1266286.0,3647140.0,0.23246881036353556,0.08071310670827005
IDN,AUS,2024,329332.0,1327718.0,3969365.0,0.24804363577205402,0.08296843449770933
IDN,BEL,2000,2747.0,16597.0,2248113.0,0.16551183948906428,0.001221913667151073
IDN,BEL,2005,3008.0,17252.0,2535440.0,0.17435659633665662,0.0011863818508818982
IDN,BEL,2010,3270.0,18666.0,3182777.0,0.1751848280295725,0.001027404684651171
IDN,BEL,2015,3358.0,19383.0,3434177.0,0.17324459577980705,0.0009778179750199248
IDN,BEL,2020,3591.0,19807.0,3647140.0,0.1812995405664664,0.0009846071168093356
IDN,BEL,2024,3816.0,20461.0,3969365.0,0.186501148526465,0.0009613628376327196
IDN,BGD,2000,97476.0,289079.0,2248113.0,0.3371950228138329,0.043359030440195845
IDN,BGD,2005,123383.0,351379.0,2535440.0,0.3511393680328079,0.048663348373457864
IDN,BGD,2010,143647.0,391980.0,3182777.0,0.366465125771723,0.04513259961348219
IDN,BGD,2015,152862.0,402431.0,3434177.0,0.37984648299957013,0.04451197477590701
IDN,BGD,2020,149901.0,394634.0,3647140.0,0.3798481631080951,0.041100972268681764
IDN,BGD,2024,205947.0,542183.0,3969365.0,0.3798477635779801,0.05188411748478661
IDN,BGR,2000,11.0,577.0,2248113.0,0.019064124783362217,4.892992478580925e-06
IDN,BGR,2005,17.0,845.0,2535440.0,0.020118343195266272,6.704950620010728e-06
IDN,BGR,2010,22.0,1095.0,3182777.0,0.02009132420091324,6.912202771353444e-06
IDN,BGR,2015,38.0,2170.0,3434177.0,0.017511520737327188,1.1065242123513145e-05
IDN,BGR,2020,63.0,3537.0,3647140.0,0.017811704834605598,1.7273809066830447e-05
IDN,BGR,2024,87.0,4865.0,3969365.0,0.01788283658787256,2.1917863436595023e-05
IDN,BHR,2000,9135.0,9679.0,2248113.0,0.9437958466783759,0.004063407844712432
IDN,BHR,2005,14255.0,14995.0,2535440.0,0.9506502167389129,0.0056222982993089955
IDN,BHR,2010,23008.0,24136.0,3182777.0,0.9532648326151807,0.007228907334695456
IDN,BHR,2015,25817.0,27082.0,3434177.0,0.9532900081234769,0.0075176672605983905
IDN,BHR,2020,28122.0,29500.0,3647140.0,0.9532881355932203,0.007710699342498506
IDN,BHR,2024,30062.0,31535.0,3969365.0,0.9532899952433803,0.00757350357047034
IDN,BHS,2000,6.0,4306.0,2248113.0,0.0013934045517882026,2.6689049883168685e-06
IDN,BHS,2005,18.0,6605.0,2535440.0,0.002725208175624527,7.099359480011359e-06
IDN,BHS,2010,30.0,8949.0,3182777.0,0.003352329869259135,9.425731051845606e-06
IDN,BHS,2015,33.0,9697.0,3434177.0,0.0034031143652676087,9.609289212524572e-06
IDN,BHS,2020,34.0,10393.0,3647140.0,0.003271432695083229,9.322373147178338e-06
IDN,BHS,2024,36.0,10998.0,3969365.0,0.0032733224222585926,9.069460732384147e-06
IDN,BOL,2000,15.0,3678.0,2248113.0,0.004078303425774877,6.672262470792171e-06
IDN,BOL,2005,12.0,3954.0,2535440.0,0.0030349013657056147,4.7329063200075726e-06
IDN,BOL,2010,9.0,4222.0,3182777.0,0.0021316911416390336,2.8277193155536816e-06
IDN,BOL,2015,11.0,4917.0,3434177.0,0.0022371364653243847,3.2030964041748576e-06
IDN,BOL,2020,10.0,5471.0,3647140.0,0.0018278194114421495,2.7418744550524522e-06
IDN,BOL,2024,11.0,6108.0,3969365.0,0.0018009168303863784,2.771224112672934e-06
IDN,BRA,2000,722.0,14437.0,2248113.0,0.05001038997021542,0.0003211582335941298
IDN,BRA,2005,785.0,18822.0,2535440.0,0.0417065136542344,0.00030961095510049537
IDN,BRA,2010,716.0,23500.0,3182777.0,0.030468085106382978,0.00022496078110404845
IDN,BRA,2015,767.0,28962.0,3434177.0,0.02648297769491057,0.0002233431765456469
IDN,BRA,2020,814.0,33265.0,3647140.0,0.02447016383586352,0.0002231885806412696
IDN,BRA,2024,847.0,28611.0,3969365.0,0.02960399846212995,0.0002133842566758159
IDN,BRN,2000,5778.0,51180.0,2248113.0,0.11289566236811255,0.002570155503749144
IDN,BRN,2005,5907.0,52321.0,2535440.0,0.11289921828711225,0.0023297731360237277
IDN,BRN,2010,6036.0,53462.0,3182777.0,0.11290262242340354,0.0018964570876313358
IDN,BRN,2015,6165.0,54603.0,3434177.0,0.11290588429207186,0.0017951899392489089
IDN,BRN,2020,6717.0,59510.0,3647140.0,0.11287178625441102,0.001841717071458732
IDN,BRN,2024,7195.0,63747.0,3969365.0,0.11286805653599385,0.0018126324991528872
IDN,CAN,2000,9197.0,268121.0,2248113.0,0.03430167722781878,0.004090986529591707
IDN,CAN,2005,11931.0,281778.0,2535440.0,0.042341843578987716,0.004705692108667529
IDN,CAN,2010,14446.0,342515.0,3182777.0,0.04217625505452316,0.004538803692498721
IDN,CAN,2015,15781.0,376095.0,3434177.0,0.04196014304896369,0.0045952785776621295
IDN,CAN,2020,16012.0,308605.0,3647140.0,0.05188509583448097,0.004390289377429986
IDN,CAN,2024,16815.0,298361.0,3969365.0,0.056357902004618564,0.004236193950417762
IDN,CHN,2000,69472.0,143280.0,2248113.0,0.4848687883863763,0.030902361224724912
IDN,CHN,2005,48554.0,134556.0,2535440.0,0.360846041796724,0.01915012778847064
IDN,CHN,2010,144618.0,244237.0,3182777.0,0.5921215868193599,0.045437679108526925
IDN,CHN,2015,226184.0,326332.0,3434177.0,0.69311008420872,0.06586265064380782
IDN,CHN,2020,263382.0,359919.0,3647140.0,0.7317813174630958,0.0722160377720625
IDN,CHN,2024,296555.0,401377.0,3969365.0,0.7388440294286918,0.07471094243033835
IDN,CRI,2000,13.0,9683.0,2248113.0,0.0013425591242383558,5.782627474686548e-06
IDN,CRI,2005,10.0,6349.0,2535440.0,0.001575051189163648,3.944088600006311e-06
IDN,CRI,2010,18.0,12515.0,3182777.0,0.0014382740711146624,5.655438631107363e-06
IDN,CRI,2015,17.0,12694.0,3434177.0,0.001339215377343627,4.950239897361143e-06
IDN,CRI,2020,20.0,15233.0,3647140.0,0.0013129390139828005,5.4837489101049045e-06
IDN,CRI,2024,24.0,18383.0,3969365.0,0.0013055540444976337,6.046307154922765e-06
IDN,CUW,2000,187.0,527.0,2248113.0,0.3548387096774194,8.318087213587574e-05
IDN,CUW,2005,187.0,527.0,2535440.0,0.3548387096774194,7.3754456820118e-05
IDN,CUW,2010,169.0,474.0,3182777.0,0.35654008438818563,5.309828492539691e-05
IDN,CUW,2015,182.0,512.0,3434177.0,0.35546875,5.299668595998401e-05
IDN,CUW,2020,211.0,595.0,3647140.0,0.3546218487394958,5.785355100160674e-05
IDN,CUW,2024,295.0,832.0,3969365.0,0.3545673076923077,7.431919211259232e-05
IDN,CYP,2000,79.0,1545.0,2248113.0,0.0511326860841424,3.5140582346172104e-05
IDN,CYP,2005,118.0,2323.0,2535440.0,0.05079638398622471,4.6540245480074465e-05
IDN,CYP,2010,181.0,3564.0,3182777.0,0.05078563411896745,5.686857734613515e-05
IDN,CYP,2015,165.0,3271.0,3434177.0,0.05044328951391012,4.804644606262287e-05
IDN,CYP,2020,169.0,3374.0,3647140.0,0.05008891523414345,4.633767829038644e-05
IDN,CYP,2024,179.0,3581.0,3969365.0,0.04998603741971516,4.5095374197132286e-05
IDN,DNK,2000,616.0,9327.0,2248113.0,0.06604481612522783,0.0002740075788005318
IDN,DNK,2005,892.0,10477.0,2535440.0,0.0851388756323375,0.0003518127031205629
IDN,DNK,2010,1064.0,12604.0,3182777.0,0.08441764519200254,0.00033429926130545745
IDN,DNK,2015,1161.0,14475.0,3434177.0,0.08020725388601037,0.00033807226593154634
IDN,DNK,2020,1296.0,16236.0,3647140.0,0.07982261640798226,0.0003553469293747978
IDN,DNK,2024,1546.0,19207.0,3969365.0,0.08049148747852346,0.0003894829525629414
IDN,DZA,2000,1446.0,3417.0,2248113.0,0.4231782265144864,0.0006432061021843653
IDN,DZA,2005,1143.0,2702.0,2535440.0,0.42301998519615097,0.0004508093269807213
IDN,DZA,2010,1255.0,2967.0,3182777.0,0.4229861813279407,0.0003943097490022078
IDN,DZA,2015,1363.0,3222.0,3434177.0,0.4230291744258225,0.00039689276353548466
IDN,DZA,2020,1416.0,3347.0,3647140.0,0.4230654317299074,0.0003882494228354272
IDN,DZA,2024,1467.0,3468.0,3969365.0,0.42301038062283736,0.000369580524844654
IDN,EGY,2000,1833.0,7182.0,2248113.0,0.2552213868003342,0.0008153504739308033
IDN,EGY,2005,2372.0,8428.0,2535440.0,0.28144280968201235,0.0009355378159214969
IDN,EGY,2010,2822.0,9143.0,3182777.0,0.3086514273214481,0.00088664710094361
IDN,EGY,2015,0.0,0.0,3434177.0,,0.0
IDN,EGY,2020,3447.0,9425.0,3647140.0,0.36572944297082227,0.0009451241246565802
IDN,EGY,2024,3074.0,7897.0,3969365.0,0.38926174496644295,0.0007744311747596908
IDN,EST,2000,0.0,191.0,2248113.0,0.0,0.0
IDN,EST,2005,0.0,409.0,2535440.0,0.0,0.0
IDN,EST,2010,6.0,632.0,3182777.0,0.00949367088607595,1.885146210369121e-06
IDN,EST,2015,12.0,662.0,3434177.0,0.01812688821752266,3.494286986372572e-06
IDN,EST,2020,40.0,1238.0,3647140.0,0.03231017770597738,1.0967497820209809e-05
IDN,EST,2024,41.0,1261.0,3969365.0,0.03251387787470262,1.032910805632639e-05
IDN,FIN,2000,112.0,2742.0,2248113.0,0.040846097738876735,4.981955978191488e-05
IDN,FIN,2005,229.0,3851.0,2535440.0,0.059465074006751495,9.031962894014451e-05
IDN,FIN,2010,311.0,4580.0,3182777.0,0.06790393013100436,9.771341190413277e-05
IDN,FIN,2015,466.0,5304.0,3434177.0,0.08785822021116138,0.00013569481130413488
IDN,FIN,2020,709.0,6685.0,3647140.0,0.10605833956619297,0.00019439889886321886
IDN,FIN,2024,835.0,7870.0,3969365.0,0.10609911054637865,0.00021036110309835453
IDN,FRO,2000,0.0,26.0,2248113.0,0.0,0.0
IDN,FRO,2005,3.0,34.0,2535440.0,0.08823529411764706,1.1832265800018931e-06
IDN,FRO,2010,6.0,45.0,3182777.0,0.13333333333333333,1.885146210369121e-06
IDN,FRO,2015,10.0,51.0,3434177.0,0.19607843137254902,2.9119058219771434e-06
IDN,FRO,2020,11.0,56.0,3647140.0,0.19642857142857142,3.016061900557697e-06
IDN,FRO,2024,13.0,67.0,3969365.0,0.19402985074626866,3.275083042249831e-06
IDN,GRC,2000,259.0,23191.0,2248113.0,0.011168125565952309,0.00011520773199567815
IDN,GRC,2005,356.0,23470.0,2535440.0,0.015168299957392415,0.00014040955416022466
IDN,GRC,2010,470.0,24722.0,3182777.0,0.019011406844106463,0.00014766978647891448
IDN,GRC,2015,442.0,23295.0,3434177.0,0.01897402876153681,0.00012870623733138973
IDN,GRC,2020,450.0,23808.0,3647140.0,0.018901209677419355,0.00012338435047736033
IDN,GRC,2024,478.0,25291.0,3969365.0,0.018900003953975723,0.0001204222841688784
IDN,GTM,2000,25.0,5481.0,2248113.0,0.004561211457763182,1.1120437451320285e-05
IDN,GTM,2005,30.0,6503.0,2535440.0,0.004613255420575119,1.1832265800018932e-05
IDN,GTM,2010,35.0,7549.0,3182777.0,0.0046363756788978675,1.0996686227153206e-05
IDN,GTM,2015,39.0,8278.0,3434177.0,0.004711282918579367,1.135643270571086e-05
IDN,GTM,2020,42.0,9341.0,3647140.0,0.004496306605288513,1.1515872711220299e-05
IDN,GTM,2024,46.0,10274.0,3969365.0,0.004477321393809616,1.1588755380268632e-05
IDN,HKG,2000,111117.0,137522.0,2248113.0,0.8079943572664737,0.04942678593113425
IDN,HKG,2005,121316.0,148452.0,2535440.0,0.817206908630399,0.04784810525983656
IDN,HKG,2010,131809.0,159742.0,3182777.0,0.8251367830626886,0.04141320614042391
IDN,HKG,2015,134708.0,163255.0,3434177.0,0.8251385868732963,0.0392257009466897
IDN,HKG,2020,140463.0,170229.0,3647140.0,0.8251414271363868,0.03851319115800326
IDN,HKG,2024,145244.0,176023.0,3969365.0,0.8251421689211069,0.03659124318373342
IDN,HRV,2000,0.0,835.0,2248113.0,0.0,0.0
IDN,HRV,2005,14.0,1235.0,2535440.0,0.011336032388663968,5.5217240400088345e-06
IDN,HRV,2010,27.0,1633.0,3182777.0,0.01653398652786283,8.483157946661045e-06
IDN,HRV,2015,27.0,1643.0,3434177.0,0.016433353621424222,7.862145719338287e-06
IDN,HRV,2020,23.0,1542.0,3647140.0,0.014915693904020753,6.30631124662064e-06
IDN,HRV,2024,22.0,1469.0,3969365.0,0.014976174268209666,5.542448225345868e-06
IDN,HUN,2000,147.0,5203.0,2248113.0,0.028252931001345377,6.538817221376327e-05
IDN,HUN,2005,181.0,6388.0,2535440.0,0.02833437695679399,7.138800366011422e-05
IDN,HUN,2010,217.0,7629.0,3182777.0,0.028444094901035524,6.817945460834988e-05
IDN,HUN,2015,211.0,7577.0,3434177.0,0.02784743302098456,6.144121284371772e-05
IDN,HUN,2020,567.0,10085.0,3647140.0,0.05622211204759544,0.00015546428160147403
IDN,HUN,2024,669.0,11897.0,3969365.0,0.056232663696730266,0.00016854081194347207
IDN,IND,2000,1005.0,18851.0,2248113.0,0.05331282160097608,0.00044704158554307547
IDN,IND,2005,959.0,22616.0,2535440.0,0.04240360806508667,0.0003782380967406052
IDN,IND,2010,946.0,33733.0,3182777.0,0.02804375537307681,0.0002972247191681981
IDN,IND,2015,884.0,32149.0,3434177.0,0.027496967246259604,0.00025741247466277945
IDN,IND,2020,824.0,29983.0,3647140.0,0.02748223993596371,0.00022593045509632204
IDN,IND,2024,780.0,28734.0,3969365.0,0.027145541866778033,0.00019650498253498985
IDN,ISL,2000,75.0,1476.0,2248113.0,0.0508130081300813,3.3361312353960853e-05
IDN,ISL,2005,93.0,1718.0,2535440.0,0.05413271245634459,3.668002398005869e-05
IDN,ISL,2010,108.0,1987.0,3182777.0,0.05435329642677403,3.393263178664418e-05
IDN,ISL,2015,129.0,2183.0,3434177.0,0.059092991296381125,3.756358510350515e-05
IDN,ISL,2020,158.0,2810.0,3647140.0,0.056227758007117434,4.332161638982874e-05
IDN,ISL,2024,239.0,4244.0,3969365.0,0.05631479736098021,6.02111420844392e-05
IDN,ITA,2000,1157.0,51262.0,2248113.0,0.022570324997073857,0.0005146538452471028
IDN,ITA,2005,1695.0,50857.0,2535440.0,0.03332874530546434,0.0006685230177010696
IDN,ITA,2010,2345.0,52230.0,3182777.0,0.04489756844725254,0.0007367779772192648
IDN,ITA,2015,3086.0,53965.0,3434177.0,0.05718521263782081,0.0008986141366621464
IDN,ITA,2020,3876.0,58180.0,3647140.0,0.06662083190099691,0.0010627505387783304
IDN,ITA,2024,4226.0,55947.0,3969365.0,0.07553577492984431,0.0010646539181959835
IDN,JPN,2000,17744.0,70445.0,2248113.0,0.2518844488608134,0.007892841685449086
IDN,JPN,2005,24390.0,80611.0,2535440.0,0.3025641661807942,0.009619632095415392
IDN,JPN,2010,24873.0,83982.0,3182777.0,0.2961706079874259,0.007814873615085191
IDN,JPN,2015,46640.0,147865.0,3434177.0,0.3154228519257431,0.013581128753701396
IDN,JPN,2020,82095.0,190319.0,3647140.0,0.4313547254872083,0.022509418338753105
IDN,JPN,2024,157343.0,231127.0,3969365.0,0.6807642551497661,0.039639337778208855
IDN,KHM,2000,208.0,933.0,2248113.0,0.22293676312968919,9.252203959498477e-05
IDN,KHM,2005,162.0,728.0,2535440.0,0.22252747252747251,6.389423532010223e-05
IDN,KHM,2010,116.0,523.0,3182777.0,0.22179732313575526,3.644616006713634e-05
IDN,KHM,2015,105.0,472.0,3434177.0,0.22245762711864406,3.057501113076001e-05
IDN,KHM,2020,111.0,501.0,3647140.0,0.2215568862275449,3.0434806451082217e-05
IDN,KHM,2024,117.0,530.0,3969365.0,0.22075471698113208,2.9475747380248477e-05
IDN,KOR,2000,9979.0,21590.0,2248113.0,0.4622047244094488,0.004438833813069005
IDN,KOR,2005,13616.0,27111.0,2535440.0,0.5022315665228136,0.005370271037768592
IDN,KOR,2010,17136.0,57027.0,3182777.0,0.30048924193802934,0.00538397757681421
IDN,KOR,2015,40400.0,94693.0,3434177.0,0.42664188482781196,0.01176409952078766
IDN,KOR,2020,36236.0,102177.0,3647140.0,0.3546394981258013,0.009935456275328065
IDN,KOR,2024,27807.0,81033.0,3969365.0,0.3431564917996372,0.007005402627372388
IDN,KWT,2000,42691.0,45234.0,2248113.0,0.9437812265110316,0.018989703809372573
IDN,KWT,2005,53678.0,56493.0,2535440.0,0.9501708176234224,0.021171078787113874
IDN,KWT,2010,75811.0,79481.0,3182777.0,0.9538254425585989,0.023819136559048906
IDN,KWT,2015,90622.0,94961.0,3434177.0,0.9543075578395341,0.026388272939921267
IDN,KWT,2020,105196.0,110231.0,3647140.0,0.9543231940198311,0.028843422517369776
IDN,KWT,2024,115347.0,120868.0,3969365.0,0.9543220703577456,0.029059307974953173
IDN,LBY,2000,9612.0,22714.0,2248113.0,0.4231751342784186,0.004275585791283623
IDN,LBY,2005,10595.0,25038.0,2535440.0,0.42315680166147457,0.004178761871706686
IDN,LBY,2010,11627.0,27477.0,3182777.0,0.42315391054336354,0.003653099164660295
IDN,LBY,2015,13019.0,30764.0,3434177.0,0.4231894422051749,0.0037910101896320427
IDN,LBY,2020,13944.0,32948.0,3647140.0,0.42321233458783536,0.0038232697401251394
IDN,LBY,2024,14740.0,34828.0,3969365.0,0.4232226943838291,0.0037134403109817314
IDN,LIE,2000,0.0,60.0,2248113.0,0.0,0.0
IDN,LIE,2005,0.0,91.0,2535440.0,0.0,0.0
IDN,LIE,2010,4.0,129.0,3182777.0,0.031007751937984496,1.2567641402460808e-06
IDN,LIE,2015,8.0,138.0,3434177.0,0.057971014492753624,2.3295246575817146e-06
IDN,LIE,2020,9.0,156.0,3647140.0,0.057692307692307696,2.467687009547207e-06
IDN,LIE,2024,10.0,167.0,3969365.0,0.059880239520958084,2.5192946478844853e-06
IDN,LKA,2000,79.0,472.0,2248113.0,0.1673728813559322,3.5140582346172104e-05
IDN,LKA,2005,157.0,912.0,2535440.0,0.17214912280701755,6.192219102009908e-05
IDN,LKA,2010,317.0,1816.0,3182777.0,0.17455947136563876,9.95985581145019e-05
IDN,LKA,2015,320.0,1837.0,3434177.0,0.17419706042460534,9.318098630326859e-05
IDN,LKA,2020,323.0,1861.0,3647140.0,0.17356260075228372,8.85625448981942e-05
IDN,LKA,2024,327.0,1882.0,3969365.0,0.17375132837407015,8.238093498582267e-05
IDN,LTU,2000,2.0,1029.0,2248113.0,0.001943634596695821,8.896349961056228e-07
IDN,LTU,2005,2.0,939.0,2535440.0,0.002129925452609159,7.888177200012621e-07
IDN,LTU,2010,1.0,721.0,3182777.0,0.0013869625520110957,3.141910350615202e-07
IDN,LTU,2015,2.0,557.0,3434177.0,0.003590664272890485,5.823811643954286e-07
IDN,LTU,2020,10.0,609.0,3647140.0,0.016420361247947456,2.7418744550524522e-06
IDN,LTU,2024,11.0,642.0,3969365.0,0.017133956386292833,2.771224112672934e-06
IDN,LUX,2000,0.0,988.0,2248113.0,0.0,0.0
IDN,LUX,2005,0.0,855.0,2535440.0,0.0,0.0
IDN,LUX,2010,0.0,735.0,3182777.0,0.0,0.0
IDN,LUX,2015,0.0,1120.0,3434177.0,0.0,0.0
IDN,LUX,2020,121.0,3204.0,3647140.0,0.03776529338327091,3.317668090613467e-05
IDN,LUX,2024,140.0,3701.0,3969365.0,0.03782761415833558,3.5270125070382795e-05
IDN,LVA,2000,3.0,496.0,2248113.0,0.006048387096774193,1.3344524941584343e-06
IDN,LVA,2005,3.0,615.0,2535440.0,0.004878048780487805,1.1832265800018931e-06
IDN,LVA,2010,3.0,719.0,3182777.0,0.004172461752433936,9.425731051845605e-07
IDN,LVA,2015,3.0,436.0,3434177.0,0.006880733944954129,8.73571746593143e-07
IDN,LVA,2020,3.0,554.0,3647140.0,0.005415162454873646,8.225623365157356e-07
IDN,LVA,2024,3.0,510.0,3969365.0,0.0058823529411764705,7.557883943653456e-07
IDN,MEX,2000,73.0,353282.0,2248113.0,0.00020663379396629322,3.247167735785523e-05
IDN,MEX,2005,105.0,511894.0,2535440.0,0.00020512059137243256,4.141293030006626e-05
IDN,MEX,2010,151.0,731168.0,3182777.0,0.00020651888485272878,4.744284629428955e-05
IDN,MEX,2015,169.0,768394.0,3434177.0,0.00021993924991605868,4.9211208391413724e-05
IDN,MEX,2020,187.0,799366.0,3647140.0,0.00023393539379958618,5.127305230948085e-05
IDN,MEX,2024,208.0,823710.0,3969365.0,0.00025251605540784985,5.2401328675997296e-05
IDN,MLT,2000,18.0,1093.0,2248113.0,0.01646843549862763,8.006714964950605e-06
IDN,MLT,2005,22.0,1138.0,2535440.0,0.019332161687170474,8.676994920013884e-06
IDN,MLT,2010,18.0,1103.0,3182777.0,0.016319129646418858,5.655438631107363e-06
IDN,MLT,2015,30.0,1751.0,3434177.0,0.017133066818960593,8.73571746593143e-06
IDN,MLT,2020,63.0,3810.0,3647140.0,0.01653543307086614,1.7273809066830447e-05
IDN,MLT,2024,110.0,6623.0,3969365.0,0.01660878755850823,2.7712241126729337e-05
IDN,MYS,2000,863511.0,1485613.0,2248113.0,0.581248952452624,0.3841048025610812
IDN,MYS,2005,1128807.0,2045120.0,2535440.0,0.5519514747300892,0.44521148203073235
IDN,MYS,2010,1540665.0,2917897.0,3182777.0,0.528005272290283,0.484063131033057
IDN,MYS,2015,1607465.0,3359082.0,3434177.0,0.4785429471504417,0.46807866921244884
IDN,MYS,2020,1693459.0,3486644.0,3647140.0,0.4856988554036489,0.46432519727786703
IDN,MYS,2024,1761502.0,3572557.0,3969365.0,0.4930647712548743,0.4437742560837817
IDN,NAM,2000,120.0,1499.0,2248113.0,0.0800533689126084,5.3378099766337366e-05
IDN,NAM,2005,94.0,1184.0,2535440.0,0.07939189189189189,3.707443284005932e-05
IDN,NAM,2010,90.0,1140.0,3182777.0,0.07894736842105263,2.8277193155536816e-05
IDN,NAM,2015,88.0,1115.0,3434177.0,0.07892376681614349,2.562477123339886e-05
IDN,NAM,2020,94.0,1192.0,3647140.0,0.07885906040268456,2.577361987749305e-05
IDN,NAM,2024,100.0,1265.0,3969365.0,0.07905138339920949,2.5192946478844852e-05
IDN,NCL,2000,1079.0,1079.0,2248113.0,1.0,0.0004799580803989835
IDN,NCL,2005,1150.0,1150.0,2535440.0,1.0,0.0004535701890007257
IDN,NCL,2010,1221.0,1221.0,3182777.0,1.0,0.00038362725381011614
IDN,NCL,2015,938.0,938.0,3434177.0,1.0,0.00027313676610145603
IDN,NCL,2020,994.0,994.0,3647140.0,1.0,0.00027254232083221374
IDN,NCL,2024,1043.0,1043.0,3969365.0,1.0,0.00026276243177435183
IDN,NLD,2000,166871.0,187738.0,2248113.0,0.8888504192012272,0.0742271407175707
IDN,NLD,2005,154419.0,177107.0,2535440.0,0.8718966500477112,0.06090422175243745
IDN,NLD,2010,139220.0,163814.0,3182777.0,0.8498663117926428,0.04374167590126484
IDN,NLD,2015,124938.0,153295.0,3434177.0,0.8150167976776803,0.03638076895861803
IDN,NLD,2020,110625.0,147343.0,3647140.0,0.7507991557115031,0.030331986159017752
IDN,NLD,2024,100339.0,143547.0,3969365.0,0.6989975408751141,0.025278350567408136
IDN,NOR,2000,573.0,15833.0,2248113.0,0.03619023558390703,0.00025488042638426093
IDN,NOR,2005,854.0,15589.0,2535440.0,0.05478221823080377,0.00033682516644053894
IDN,NOR,2010,1244.0,17809.0,3182777.0,0.06985232185973385,0.0003908536476165311
IDN,NOR,2015,1526.0,19862.0,3434177.0,0.07683012788238848,0.00044435682843371206
IDN,NOR,2020,1711.0,21302.0,3647140.0,0.08032109661064689,0.00046913471925947453
IDN,NOR,2024,1903.0,23688.0,3969365.0,0.08033603512326917,0.00047942177149241753
IDN,NZL,2000,3647.0,28280.0,2248113.0,0.12896039603960396,0.0016222494153986032
IDN,NZL,2005,4503.0,35783.0,2535440.0,0.125841880222452,0.0017760230965828416
IDN,NZL,2010,4802.0,41010.0,3182777.0,0.11709339185564496,0.00150874535036542
IDN,NZL,2015,5740.0,48592.0,3434177.0,0.11812644056634837,0.0016714339418148802
IDN,NZL,2020,7065.0,57746.0,3647140.0,0.12234613652893707,0.0019371343024945575
IDN,NZL,2024,7817.0,63904.0,3969365.0,0.12232411116675013,0.001969332626251302
IDN,PAK,2000,443.0,443.0,2248113.0,1.0,0.00019705415163739546
IDN,PAK,2005,423.0,423.0,2535440.0,1.0,0.00016683494778026693
IDN,PAK,2010,413.0,413.0,3182777.0,1.0,0.00012976089748040784
IDN,PAK,2015,408.0,408.0,3434177.0,1.0,0.00011880575753666744
IDN,PAK,2020,380.0,380.0,3647140.0,1.0,0.00010419122929199318
IDN,PAK,2024,380.0,380.0,3969365.0,1.0,9.573319661961044e-05
IDN,PAN,2000,97.0,5333.0,2248113.0,0.018188636789799362,4.314729731112271e-05
IDN,PAN,2005,96.0,7925.0,2535440.0,0.012113564668769715,3.786325056006058e-05
IDN,PAN,2010,116.0,12134.0,3182777.0,0.009559914290423603,3.644616006713634e-05
IDN,PAN,2015,135.0,14203.0,3434177.0,0.009505034147715271,3.931072859669144e-05
IDN,PAN,2020,161.0,17061.0,3647140.0,0.009436727038274428,4.414417872634448e-05
IDN,PAN,2024,246.0,26028.0,3969365.0,0.009451360073766712,6.197464833795834e-05
IDN,PNG,2000,6663.0,7601.0,2248113.0,0.8765951848440995,0.0029638189895258822
IDN,PNG,2005,9806.0,10750.0,2535440.0,0.9121860465116279,0.003867573281166188
IDN,PNG,2010,13219.0,14018.0,3182777.0,0.9430018547581681,0.004153291292478235
IDN,PNG,2015,13527.0,14337.0,3434177.0,0.943502824858757,0.0039389350053884815
IDN,PNG,2020,13592.0,14403.0,3647140.0,0.943692286329237,0.003726755759307293
IDN,PNG,2024,13638.0,14451.0,3969365.0,0.9437409175835583,0.003435814040784861
IDN,PRK,2000,963.0,1761.0,2248113.0,0.5468483816013628,0.00042835925062485736
IDN,PRK,2005,1124.0,2080.0,2535440.0,0.5403846153846154,0.00044331555864070933
IDN,PRK,2010,1284.0,2396.0,3182777.0,0.5358931552587646,0.0004034212890189919
IDN,PRK,2015,1414.0,2638.0,3434177.0,0.5360121304018196,0.00041174348322756805
IDN,PRK,2020,1444.0,2691.0,3647140.0,0.5366034931252323,0.00039592667130957407
IDN,PRK,2024,1470.0,2740.0,3969365.0,0.5364963503649635,0.00037033631323901933
IDN,PRT,2000,94.0,7389.0,2248113.0,0.012721613208823928,4.1812844816964275e-05
IDN,PRT,2005,170.0,7516.0,2535440.0,0.02261841405002661,6.704950620010728e-05
IDN,PRT,2010,218.0,6398.0,3182777.0,0.03407314785870585,6.84936456434114e-05
IDN,PRT,2015,247.0,7253.0,3434177.0,0.03405487384530539,7.192407380283544e-05
IDN,PRT,2020,282.0,8316.0,3647140.0,0.03391053391053391,7.732085963247914e-05
IDN,PRT,2024,317.0,9355.0,3969365.0,0.033885622661678244,7.986164033793818e-05
IDN,QAT,2000,163088.0,164088.0,2248113.0,0.9939057091316854,0.0725443961224369
IDN,QAT,2005,64309.0,65453.0,2535440.0,0.9825218095427253,0.025364039377780583
IDN,QAT,2010,46507.0,48840.0,3182777.0,0.9522317772317772,0.014612082467606119
IDN,QAT,2015,53313.0,56137.0,3434177.0,0.949694497390313,0.015524243508706743
IDN,QAT,2020,42969.0,47200.0,3647140.0,0.9103601694915254,0.011781560345914882
IDN,QAT,2024,46021.0,50553.0,3969365.0,0.9103515122742468,0.01159404589902919
IDN,SAU,2000,302021.0,302021.0,2248113.0,1.0,0.13434422557940814
IDN,SAU,2005,321491.0,321491.0,2535440.0,1.0,0.12679889881046288
IDN,SAU,2010,244403.0,244403.0,3182777.0,1.0,0.07678923154214072
IDN,SAU,2015,185481.0,185481.0,3434177.0,1.0,0.054010320376614254
IDN,SAU,2020,176729.0,176729.0,3647140.0,1.0,0.04845687305669648
IDN,SAU,2024,169846.0,169846.0,3969365.0,1.0,0.04278921187645883
IDN,SGP,2000,71417.0,811947.0,2248113.0,0.08795771152550598,0.031767531258437634
IDN,SGP,2005,91676.0,887804.0,2535440.0,0.10326153069821717,0.03615782664941785
IDN,SGP,2010,151605.0,1254665.0,3182777.0,0.12083305105346846,0.047632931870501764
IDN,SGP,2015,172869.0,1513338.0,3434177.0,0.11423026448817118,0.05033782475393668
IDN,SGP,2020,169056.0,1577271.0,3647140.0,0.10718259576192044,0.046353032787334734
IDN,SGP,2024,180437.0,1760391.0,3969365.0,0.10249825180883111,0.045457396838033286
IDN,SLB,2000,81.0,335.0,2248113.0,0.2417910447761194,3.6030217342277726e-05
IDN,SLB,2005,75.0,269.0,2535440.0,0.2788104089219331,2.9580664500047328e-05
IDN,SLB,2010,74.0,221.0,3182777.0,0.334841628959276,2.325013659455249e-05
IDN,SLB,2015,69.0,206.0,3434177.0,0.33495145631067963,2.009215017164229e-05
IDN,SLB,2020,67.0,200.0,3647140.0,0.335,1.837055884885143e-05
IDN,SLB,2024,66.0,196.0,3969365.0,0.336734693877551,1.66273446760376e-05
IDN,SVK,2000,17.0,1422.0,2248113.0,0.011954992967651195,7.561897466897794e-06
IDN,SVK,2005,20.0,1596.0,2535440.0,0.012531328320802004,7.888177200012621e-06
IDN,SVK,2010,22.0,1789.0,3182777.0,0.012297372833985467,6.912202771353444e-06
IDN,SVK,2015,35.0,2234.0,3434177.0,0.01566696508504924,1.0191670376920001e-05
IDN,SVK,2020,50.0,2719.0,3647140.0,0.018389113644722323,1.370937227526226e-05
IDN,SVK,2024,54.0,2955.0,3969365.0,0.018274111675126905,1.360419109857622e-05
IDN,SVN,2000,8.0,678.0,2248113.0,0.011799410029498525,3.5585399844224912e-06
IDN,SVN,2005,14.0,671.0,2535440.0,0.020864381520119227,5.5217240400088345e-06
IDN,SVN,2010,25.0,701.0,3182777.0,0.03566333808844508,7.854775876538005e-06
IDN,SVN,2015,43.0,753.0,3434177.0,0.057104913678618856,1.2521195034501716e-05
IDN,SVN,2020,68.0,947.0,3647140.0,0.07180570221752904,1.8644746294356675e-05
IDN,SVN,2024,77.0,1074.0,3969365.0,0.07169459962756052,1.9398568788710538e-05
IDN,SXM,2000,52.0,325.0,2248113.0,0.16,2.3130509898746192e-05
IDN,SXM,2005,28.0,178.0,2535440.0,0.15730337078651685,1.1043448080017669e-05
IDN,SXM,2010,57.0,357.0,3182777.0,0.15966386554621848,1.790888899850665e-05
IDN,SXM,2015,60.0,372.0,3434177.0,0.16129032258064516,1.747143493186286e-05
IDN,SXM,2020,62.0,391.0,3647140.0,0.1585677749360614,1.6999621621325202e-05
IDN,SXM,2024,65.0,409.0,3969365.0,0.15892420537897312,1.6375415211249153e-05
IDN,SYC,2000,226.0,226.0,2248113.0,1.0,0.00010052875455993538
IDN,SYC,2005,176.0,176.0,2535440.0,1.0,6.941595936011107e-05
IDN,SYC,2010,126.0,126.0,3182777.0,1.0,3.958807041775154e-05
IDN,SYC,2015,141.0,141.0,3434177.0,1.0,4.105787208987772e-05
IDN,SYC,2020,143.0,143.0,3647140.0,1.0,3.920880470725006e-05
IDN,SYC,2024,145.0,145.0,3969365.0,1.0,3.6529772394325035e-05
IDN,TLS,2000,5337.0,5562.0,2248113.0,0.959546925566343,0.0023739909871078545
IDN,TLS,2005,5666.0,5905.0,2535440.0,0.9595258255715495,0.0022347206007635755
IDN,TLS,2010,5779.0,6024.0,3182777.0,0.9593293492695883,0.001815709991620525
IDN,TLS,2015,4177.0,4301.0,3434177.0,0.9711694954661707,0.0012163030618398529
IDN,TLS,2020,4113.0,4233.0,3647140.0,0.9716513111268604,0.0011277329633630736
IDN,TLS,2024,4066.0,4184.0,3969365.0,0.9717973231357553,0.0010243452038298318
IDN,TUR,2000,180.0,13737.0,2248113.0,0.01310329766324525,8.006714964950605e-05
IDN,TUR,2005,1019.0,17750.0,2535440.0,0.05740845070422535,0.00040190262834064307
IDN,TUR,2010,1914.0,22002.0,3182777.0,0.08699209162803381,0.0006013616411077496
IDN,TUR,2015,2983.0,26553.0,3434177.0,0.11234135502579747,0.0008686215066957819
IDN,TUR,2020,6222.0,33276.0,3647140.0,0.1869816083663902,0.0017059942859336357
IDN,TUR,2024,15386.0,48963.0,3969365.0,0.314237281212344,0.003876186745235069
IDN,VEN,2000,51.0,10239.0,2248113.0,0.004980955171403457,2.268569240069338e-05
IDN,VEN,2005,53.0,10528.0,2535440.0,0.00503419452887538,2.0903669580033447e-05
IDN,VEN,2010,56.0,10936.0,3182777.0,0.005120702267739576,1.7594697963445128e-05
IDN,VEN,2015,59.0,11335.0,3434177.0,0.005205116894574327,1.7180244349665144e-05
IDN,VEN,2020,54.0,10683.0,3647140.0,0.005054759898904802,1.4806122057283241e-05
IDN,VEN,2024,52.0,10193.0,3969365.0,0.005101540272736191,1.3100332168999324e-05
IND,IDN,2000,13.0,280446.0,1128142.0,4.6354734957888504e-05,1.1523372057772869e-05
IND,IDN,2005,10.0,95078.0,1554010.0,0.00010517680220450577,6.434965025965084e-06
IND,IDN,2010,15.0,100661.0,1894254.0,0.00014901501077875244,7.918684611461821e-06
IND,IDN,2015,3649.0,135695.0,2525038.0,0.02689118980065588,0.00144512676640906
IND,IDN,2020,13142.0,292106.0,2894048.0,0.04499051714103784,0.004541044239763818
IND,IDN,2024,22758.0,422616.0,3327747.0,0.05385030382190925,0.006838861247564794
IND,MYS,2000,18934.0,1485613.0,1128142.0,0.012744907321085639,0.016783348195528576
IND,MYS,2005,134947.0,2045120.0,1554010.0,0.06598488108277265,0.08683792253589102
IND,MYS,2010,95112.0,2917897.0,1894254.0,0.03259607861415259,0.05021079538435711
IND,MYS,2015,139751.0,3359082.0,2525038.0,0.041603926310819446,0.05534609776169705
IND,MYS,2020,139751.0,3486644.0,2894048.0,0.04008180932724993,0.04828910923384823
IND,MYS,2024,139751.0,3572557.0,3327747.0,0.039117920301901414,0.04199568056105227
IND,USA,2000,1109195.0,31369527.0,1128142.0,0.035358996646650105,0.9832051284324137
IND,USA,2005,1419053.0,35533585.0,1554010.0,0.03993554267040604,0.913155642499083
IND,USA,2010,1799127.0,39769676.0,1894254.0,0.04523866374973736,0.9497812859310314
IND,USA,2015,2381638.0,43278121.0,2525038.0,0.05503099360529077,0.9432087754718939
IND,USA,2020,2741155.0,45295697.0,2894048.0,0.06051689634006515,0.9471698465263879
IND,USA,2024,3165238.0,48694117.0,3327747.0,0.06500247247526841,0.951165458191383
IRL,USA,2000,156207.0,31369527.0,156207.0,0.004979577792167539,1.0
IRL,USA,2005,136251.0,35533585.0,136251.0,0.0038344287524042396,1.0
IRL,USA,2010,133578.0,39769676.0,133578.0,0.003358790250139327,1.0
IRL,USA,2015,134235.0,43278121.0,134235.0,0.003101682718618953,1.0
IRL,USA,2020,128284.0,45295697.0,128284.0,0.0028321454022442794,1.0
IRL,USA,2024,125844.0,48694117.0,125844.0,0.0025843779033923133,1.0
IRN,IDN,2000,60.0,280446.0,291934.0,0.00021394493057487002,0.00020552590654051943
IRN,IDN,2005,28.0,95078.0,299881.0,0.00029449504617261616,9.337037024686459e-05
IRN,IDN,2010,103.0,100661.0,369929.0,0.0010232364073474334,0.0002784318071846219
IRN,IDN,2015,761.0,135695.0,401605.0,0.005608165370868492,0.0018948967268833804
IRN,IDN,2020,338.0,292106.0,408996.0,0.0011571141982704908,0.0008264139502586822
IRN,IDN,2024,220.0,422616.0,431983.0,0.0005205671342306018,0.0005092793003428376
IRN,MYS,2000,6.0,1485613.0,291934.0,4.038736871580957e-06,2.0552590654051943e-05
IRN,MYS,2005,22.0,2045120.0,299881.0,1.0757314974182445e-05,7.33624337653936e-05
IRN,MYS,2010,130.0,2917897.0,369929.0,4.4552634997054385e-05,0.00035141878576699855
IRN,MYS,2015,528.0,3359082.0,401605.0,0.00015718580254962515,0.0013147246672725688
IRN,MYS,2020,442.0,3486644.0,408996.0,0.00012676946657014595,0.0010806951657228922
IRN,MYS,2024,358.0,3572557.0,431983.0,0.00010020833817347071,0.0008287363160124357
IRN,USA,2000,291868.0,31369527.0,291934.0,0.009304188743426065,0.9997739215028054
IRN,USA,2005,299831.0,35533585.0,299881.0,0.008437960875605431,0.9998332671959878
IRN,USA,2010,369696.0,39769676.0,369929.0,0.00929592687654785,0.9993701494070484
IRN,USA,2015,400316.0,43278121.0,401605.0,0.009249847053202703,0.9967903786058441
IRN,USA,2020,408216.0,45295697.0,408996.0,0.00901224679244918,0.9980928908840184
IRN,USA,2024,431405.0,48694117.0,431983.0,0.008859489124733487,0.9986619843836447
IRQ,IDN,2000,532.0,280446.0,101105.0,0.0018969783844305142,0.005261856485831561
IRQ,IDN,2005,44.0,95078.0,89547.0,0.0004627779296998254,0.0004913620780148972
IRQ,IDN,2010,444.0,100661.0,164189.0,0.004410844319051073,0.0027042006468155602
IRQ,IDN,2015,759.0,135695.0,212592.0,0.005593426434282766,0.0035702190110634456
IRQ,IDN,2020,754.0,292106.0,246954.0,0.002581254749988018,0.003053200191128712
IRQ,IDN,2024,536.0,422616.0,273580.0,0.0012682908361254662,0.0019592075444111413
IRQ,MYS,2000,9.0,1485613.0,101105.0,6.058105307371435e-06,8.901636912121062e-05
IRQ,MYS,2005,44.0,2045120.0,89547.0,2.151462994836489e-05,0.0004913620780148972
IRQ,MYS,2010,618.0,2917897.0,164189.0,0.00021179637252445854,0.0037639549543513878
IRQ,MYS,2015,1051.0,3359082.0,212592.0,0.00031288310318116676,0.00494374200346203
IRQ,MYS,2020,1262.0,3486644.0,246954.0,0.0003619526398450774,0.005110263449873256
IRQ,MYS,2024,674.0,3572557.0,273580.0,0.00018866039086290297,0.00246363038233789
IRQ,USA,2000,100564.0,31369527.0,101105.0,0.0032057863033765222,0.9946491271450473
IRQ,USA,2005,89459.0,35533585.0,89547.0,0.002517590048963537,0.9990172758439702
IRQ,USA,2010,163127.0,39769676.0,164189.0,0.004101793537367516,0.993531844398833
IRQ,USA,2015,210782.0,43278121.0,212592.0,0.004870405533548927,0.9914860389854745
IRQ,USA,2020,244938.0,45295697.0,246954.0,0.0054075335235486055,0.991836536358998
IRQ,USA,2024,272370.0,48694117.0,273580.0,0.005593488839729859,0.995577162073251
ISR,USA,2000,133038.0,31369527.0,133038.0,0.004240994771773256,1.0
ISR,USA,2005,145533.0,35533585.0,145533.0,0.004095646414511792,1.0
ISR,USA,2010,154072.0,39769676.0,154072.0,0.003874107498386459,1.0
ISR,USA,2015,160345.0,43278121.0,160345.0,0.0037049898723653,1.0
ISR,USA,2020,159288.0,45295697.0,159288.0,0.003516625431329603,1.0
ISR,USA,2024,170342.0,48694117.0,170342.0,0.0034982049268908605,1.0
ITA,USA,2000,573020.0,31369527.0,573020.0,0.018266772081070907,1.0
ITA,USA,2005,449642.0,35533585.0,449642.0,0.012654000433674227,1.0
ITA,USA,2010,447401.0,39769676.0,447401.0,0.011249802487704451,1.0
ITA,USA,2015,424505.0,43278121.0,424505.0,0.009808766882462388,1.0
ITA,USA,2020,389417.0,45295697.0,389417.0,0.008597218406861031,1.0
ITA,USA,2024,360987.0,48694117.0,360987.0,0.007413359605637782,1.0
JAM,USA,2000,541069.0,31369527.0,541069.0,0.01724823584365808,1.0
JAM,USA,2005,591724.0,35533585.0,591724.0,0.016652527460992186,1.0
JAM,USA,2010,681674.0,39769676.0,681674.0,0.017140546983586188,1.0
JAM,USA,2015,748216.0,43278121.0,748216.0,0.017288550951645984,1.0
JAM,USA,2020,837746.0,45295697.0,837746.0,0.01849504600845418,1.0
JAM,USA,2024,910748.0,48694117.0,910748.0,0.018703450357257737,1.0
JPN,IDN,2000,23508.0,280446.0,584120.0,0.08382362379923408,0.040245155105115386
JPN,IDN,2005,16384.0,95078.0,546141.0,0.17232167273186227,0.029999578863333827
JPN,IDN,2010,16629.0,100661.0,533267.0,0.16519804094932497,0.031183253417143758
JPN,IDN,2015,12622.0,135695.0,563586.0,0.09301742879251262,0.022395872147285417
JPN,IDN,2020,7432.0,292106.0,556107.0,0.025442818702799668,0.013364334561514242
JPN,IDN,2024,9938.0,422616.0,569770.0,0.023515437181744182,0.017442125770047563
JPN,MYS,2000,12390.0,1485613.0,584120.0,0.008339991639814677,0.02121139491885229
JPN,MYS,2005,12390.0,2045120.0,546141.0,0.006058324205914567,0.022686449103802863
JPN,MYS,2010,12407.0,2917897.0,533267.0,0.0042520349416034905,0.02326601871107719
JPN,MYS,2015,12390.0,3359082.0,563586.0,0.0036885077530110907,0.021984222461168306
JPN,MYS,2020,12389.0,3486644.0,556107.0,0.0035532735776867383,0.022278086771071036
JPN,MYS,2024,12388.0,3572557.0,569770.0,0.003467544394673059,0.021742106464011795
JPN,USA,2000,548222.0,31369527.0,584120.0,0.017476259683481998,0.9385434499760323
JPN,USA,2005,517367.0,35533585.0,546141.0,0.014559943782762139,0.9473139720328633
JPN,USA,2010,504231.0,39769676.0,533267.0,0.012678780687074242,0.9455507278717791
JPN,USA,2015,538574.0,43278121.0,563586.0,0.01244448667260762,0.9556199053915463
JPN,USA,2020,536286.0,45295697.0,556107.0,0.011839667684106948,0.9643575786674147
JPN,USA,2024,547444.0,48694117.0,569770.0,0.011242508001531273,0.9608157677659407
KEN,USA,2000,43039.0,31369527.0,43039.0,0.0013720002855000014,1.0
KEN,USA,2005,65380.0,35533585.0,65380.0,0.0018399494450109665,1.0
KEN,USA,2010,89390.0,39769676.0,89390.0,0.0022476924378262474,1.0
KEN,USA,2015,140254.0,43278121.0,140254.0,0.0032407599211620114,1.0
KEN,USA,2020,164517.0,45295697.0,164517.0,0.0036320668605673515,1.0
KEN,USA,2024,210991.0,48694117.0,210991.0,0.004332987494156635,1.0
KHM,IDN,2000,0.0,280446.0,133747.0,0.0,0.0
KHM,IDN,2005,0.0,95078.0,147415.0,0.0,0.0
KHM,IDN,2010,0.0,100661.0,160007.0,0.0,0.0
KHM,IDN,2015,0.0,135695.0,164568.0,0.0,0.0
KHM,IDN,2020,0.0,292106.0,158737.0,0.0,0.0
KHM,IDN,2024,0.0,422616.0,171380.0,0.0,0.0
KHM,USA,2000,133747.0,31369527.0,133747.0,0.004263596323910144,1.0
KHM,USA,2005,147415.0,35533585.0,147415.0,0.004148610392112138,1.0
KHM,USA,2010,160007.0,39769676.0,160007.0,0.00402334180444417,1.0
KHM,USA,2015,164568.0,43278121.0,164568.0,0.0038025680458724166,1.0
KHM,USA,2020,158737.0,45295697.0,158737.0,0.0035044609204269448,1.0
KHM,USA,2024,171380.0,48694117.0,171380.0,0.003519521670348802,1.0
KOR,IDN,2000,15536.0,280446.0,989702.0,0.05539747402351968,0.015697654445479547
KOR,IDN,2005,10877.0,95078.0,1052375.0,0.11440080775784094,0.010335669319396603
KOR,IDN,2010,11097.0,100661.0,1142575.0,0.11024130497412106,0.00971227271732709
KOR,IDN,2015,8494.0,135695.0,1138728.0,0.06259626367957552,0.007459200089924898
KOR,IDN,2020,4889.0,292106.0,1099575.0,0.016737074897468725,0.004446263329013483
KOR,IDN,2024,6527.0,422616.0,1093111.0,0.015444280386923354,0.005971031304231684
KOR,MYS,2000,3410.0,1485613.0,989702.0,0.002295348788681844,0.003445481569199618
KOR,MYS,2005,3410.0,2045120.0,1052375.0,0.0016673838209982788,0.003240289820643782
KOR,MYS,2010,3411.0,2917897.0,1142575.0,0.001168992599807327,0.0029853620112465264
KOR,MYS,2015,3410.0,3359082.0,1138728.0,0.0010151583081329958,0.00299456937916693
KOR,MYS,2020,3410.0,3486644.0,1099575.0,0.0009780178303262393,0.003101198190209854
KOR,MYS,2024,3410.0,3572557.0,1093111.0,0.0009544984166802657,0.003119536808247287
KOR,USA,2000,970756.0,31369527.0,989702.0,0.030945828414945496,0.9808568639853208
KOR,USA,2005,1038088.0,35533585.0,1052375.0,0.029214277140907678,0.9864240408599596
KOR,USA,2010,1128067.0,39769676.0,1142575.0,0.028365003526807712,0.9873023652714263
KOR,USA,2015,1126824.0,43278121.0,1138728.0,0.026036805063694886,0.9895462305309082
KOR,USA,2020,1091276.0,45295697.0,1099575.0,0.024092266424336067,0.9924525384807766
KOR,USA,2024,1083174.0,48694117.0,1093111.0,0.022244453061958182,0.990909431887521
LAO,USA,2000,197031.0,31369527.0,197031.0,0.006280968151033964,1.0
LAO,USA,2005,201179.0,35533585.0,201179.0,0.005661657837226388,1.0
LAO,USA,2010,191464.0,39769676.0,191464.0,0.004814321343729328,1.0
LAO,USA,2015,194279.0,43278121.0,194279.0,0.004489081214963099,1.0
LAO,USA,2020,178574.0,45295697.0,178574.0,0.003942405390074911,1.0
LAO,USA,2024,176588.0,48694117.0,176588.0,0.0036264750421493423,1.0
LBN,USA,2000,110064.0,31369527.0,110064.0,0.0035086279751683856,1.0
LBN,USA,2005,106542.0,35533585.0,106542.0,0.0029983464938874026,1.0
LBN,USA,2010,123454.0,39769676.0,123454.0,0.003104224434717547,1.0
LBN,USA,2015,131683.0,43278121.0,131683.0,0.003042715278697058,1.0
LBN,USA,2020,139103.0,45295697.0,139103.0,0.003070998112690484,1.0
LBN,USA,2024,150380.0,48694117.0,150380.0,0.0030882580743788824,1.0
LKA,IDN,2000,5.0,280446.0,2048.0,1.78287442145725e-05,0.00244140625
LKA,IDN,2005,14.0,95078.0,2481.0,0.00014724752308630808,0.005642885933091495
LKA,IDN,2010,344.0,100661.0,5867.0,0.0034174109138593893,0.05863303221407874
LKA,IDN,2015,570.0,135695.0,6106.0,0.0042005969269317215,0.09335080248935473
LKA,IDN,2020,448.0,292106.0,4313.0,0.0015336898249265678,0.10387201483885926
LKA,IDN,2024,396.0,422616.0,3706.0,0.0009370208416150832,0.10685375067458176
LKA,MYS,2000,2043.0,1485613.0,2048.0,0.0013751899047733157,0.99755859375
LKA,MYS,2005,2467.0,2045120.0,2481.0,0.0012062861836958222,0.9943571140669085
LKA,MYS,2010,5523.0,2917897.0,5867.0,0.0018928015622210106,0.9413669677859212
LKA,MYS,2015,5536.0,3359082.0,6106.0,0.0016480693237021305,0.9066491975106453
LKA,MYS,2020,3865.0,3486644.0,4313.0,0.0011085158106190365,0.8961279851611408
LKA,MYS,2024,3310.0,3572557.0,3706.0,0.0009265072607658884,0.8931462493254182
MEX,USA,2000,9245920.0,31369527.0,9245920.0,0.2947420915846133,1.0
MEX,USA,2005,11171400.0,35533585.0,11171400.0,0.3143898933924061,1.0
MEX,USA,2010,11895927.0,39769676.0,11895927.0,0.2991205409870576,1.0
MEX,USA,2015,11938908.0,43278121.0,11938908.0,0.27586474930369553,1.0
MEX,USA,2020,11177052.0,45295697.0,11177052.0,0.2467574789720092,1.0
MEX,USA,2024,11279561.0,48694117.0,11279561.0,0.23164114465819352,1.0
MMR,IDN,2000,0.0,280446.0,36568.0,0.0,0.0
MMR,IDN,2005,0.0,95078.0,146262.0,0.0,0.0
MMR,IDN,2010,111.0,100661.0,319567.0,0.0011027110797627681,0.0003473450012047552
MMR,IDN,2015,958.0,135695.0,424526.0,0.007059950624562438,0.0022566344581957287
MMR,IDN,2020,769.0,292106.0,462295.0,0.0026326059718047557,0.0016634400112482289
MMR,IDN,2024,2063.0,422616.0,509743.0,0.004881499990535143,0.004047137479082597
MMR,MYS,2000,8582.0,1485613.0,36568.0,0.0057767399719846286,0.23468606431852987
MMR,MYS,2005,109039.0,2045120.0,146262.0,0.05331667579408543,0.7455046423541316
MMR,MYS,2010,237677.0,2917897.0,319567.0,0.08145489713996074,0.7437470076697531
MMR,MYS,2015,286574.0,3359082.0,424526.0,0.08531318973457629,0.6750446380198151
MMR,MYS,2020,299559.0,3486644.0,462295.0,0.0859161417110551,0.6479823489330406
MMR,MYS,2024,308095.0,3572557.0,509743.0,0.08623935181440072,0.6044124195918336
MMR,USA,2000,27986.0,31369527.0,36568.0,0.0008921396870281149,0.7653139356814701
MMR,USA,2005,37223.0,35533585.0,146262.0,0.0010475441754610462,0.2544953576458684
MMR,USA,2010,81779.0,39769676.0,319567.0,0.0020563154701084313,0.2559056473290421
MMR,USA,2015,136994.0,43278121.0,424526.0,0.00316543317580724,0.32269872752198925
MMR,USA,2020,161967.0,45295697.0,462295.0,0.003575770122270113,0.3503542110557112
MMR,USA,2024,199585.0,48694117.0,509743.0,0.00409874975245983,0.39154044292908385
MYS,AUS,2000,277406.0,659818.0,1357577.0,0.4204280574340197,0.20433905406470498
MYS,AUS,2005,332701.0,769054.0,1513926.0,0.4326107139420639,0.219760411010842
MYS,AUS,2010,420898.0,941379.0,1937500.0,0.4471079129659786,0.21723767741935485
MYS,AUS,2015,468707.0,1074029.0,2240689.0,0.43640069309115487,0.20917985494640265
MYS,AUS,2020,574223.0,1266286.0,2515291.0,0.45347022710509316,0.22829286949303282
MYS,AUS,2024,590054.0,1327718.0,2842199.0,0.4444121417349166,0.20760474548052407
MYS,BGD,2000,159993.0,289079.0,1357577.0,0.5534577053331442,0.11785187875162882
MYS,BGD,2005,190436.0,351379.0,1513926.0,0.5419675051724776,0.12578950358207733
MYS,BGD,2010,204878.0,391980.0,1937500.0,0.5226746262564417,0.10574348387096774
MYS,BGD,2015,203561.0,402431.0,2240689.0,0.5058283283345468,0.0908475027101039
MYS,BGD,2020,199618.0,394634.0,2515291.0,0.505830719096682,0.07936179153823554
MYS,BGD,2024,274253.0,542183.0,2842199.0,0.5058310570416261,0.09649324343580445
MYS,BGR,2000,1.0,577.0,1357577.0,0.0017331022530329288,7.366064687306871e-07
MYS,BGR,2005,2.0,845.0,1513926.0,0.002366863905325444,1.3210685330722903e-06
MYS,BGR,2010,2.0,1095.0,1937500.0,0.0018264840182648401,1.0322580645161291e-06
MYS,BGR,2015,3.0,2170.0,2240689.0,0.0013824884792626728,1.3388738910219134e-06
MYS,BGR,2020,20.0,3537.0,2515291.0,0.005654509471303365,7.951366263386621e-06
MYS,BGR,2024,28.0,4865.0,2842199.0,0.0057553956834532375,9.851526933898717e-06
MYS,BMU,2000,19.0,2935.0,1357577.0,0.006473594548551959,1.3995522905883055e-05
MYS,BMU,2005,33.0,3190.0,1513926.0,0.010344827586206896,2.1797630795692788e-05
MYS,BMU,2010,49.0,3477.0,1937500.0,0.014092608570606844,2.5290322580645162e-05
MYS,BMU,2015,42.0,3614.0,2240689.0,0.01162147205312673,1.8744234474306787e-05
MYS,BMU,2020,48.0,3654.0,2515291.0,0.013136288998357963,1.9083279032127892e-05
MYS,BMU,2024,49.0,3734.0,2842199.0,0.013122656668452063,1.7240172134322754e-05
MYS,BOL,2000,7.0,3678.0,1357577.0,0.0019032082653616096,5.1562452811148095e-06
MYS,BOL,2005,7.0,3954.0,1513926.0,0.0017703591299949419,4.623739865753016e-06
MYS,BOL,2010,7.0,4222.0,1937500.0,0.0016579819990525818,3.6129032258064515e-06
MYS,BOL,2015,9.0,4917.0,2240689.0,0.0018303843807199512,4.01662167306574e-06
MYS,BOL,2020,8.0,5471.0,2515291.0,0.0014622555291537195,3.1805465053546488e-06
MYS,BOL,2024,9.0,6108.0,2842199.0,0.0014734774066797642,3.166562228753159e-06
MYS,BRN,2000,45258.0,51180.0,1357577.0,0.8842907385697538,0.03333733556181344
MYS,BRN,2005,46267.0,52321.0,1513926.0,0.8842912023852755,0.030560938909827823
MYS,BRN,2010,47276.0,53462.0,1937500.0,0.8842916464030527,0.024400516129032258
MYS,BRN,2015,48285.0,54603.0,2240689.0,0.8842920718641832,0.021549175275997694
MYS,BRN,2020,52628.0,59510.0,2515291.0,0.8843555704923542,0.02092322518547556
MYS,BRN,2024,56375.0,63747.0,2842199.0,0.8843553422121825,0.01983499396066215
MYS,CAN,2000,20010.0,268121.0,1357577.0,0.07463048399789647,0.014739495439301049
MYS,CAN,2005,21722.0,281778.0,1513926.0,0.07708905592345747,0.014348125337698144
MYS,CAN,2010,23419.0,342515.0,1937500.0,0.06837364786943638,0.012087225806451612
MYS,CAN,2015,25384.0,376095.0,2240689.0,0.06749358539730653,0.011328658283233416
MYS,CAN,2020,25152.0,308605.0,2515291.0,0.08150224396882746,0.009999638212835015
MYS,CAN,2024,24975.0,298361.0,2842199.0,0.0837073209970472,0.008787210184790017
MYS,CHL,2000,35.0,7322.0,1357577.0,0.004780114722753346,2.578122640557405e-05
MYS,CHL,2005,51.0,8566.0,1513926.0,0.005953770721456923,3.36872475933434e-05
MYS,CHL,2010,76.0,9450.0,1937500.0,0.008042328042328042,3.9225806451612905e-05
MYS,CHL,2015,127.0,11760.0,2240689.0,0.010799319727891157,5.6678994719927665e-05
MYS,CHL,2020,295.0,16320.0,2515291.0,0.018075980392156864,0.00011728265238495268
MYS,CHL,2024,325.0,14367.0,2842199.0,0.022621284888981696,0.00011434808048275297
MYS,CHN,2000,14186.0,143280.0,1357577.0,0.09900893355667224,0.010449499365413527
MYS,CHN,2005,16393.0,134556.0,1513926.0,0.12183031600225928,0.010828138231327026
MYS,CHN,2010,19892.0,244237.0,1937500.0,0.08144548123339215,0.01026683870967742
MYS,CHN,2015,27138.0,326332.0,2240689.0,0.08316070750033708,0.012111453218184229
MYS,CHN,2020,30795.0,359919.0,2515291.0,0.08556091787318813,0.012243116204049552
MYS,CHN,2024,34316.0,401377.0,2842199.0,0.08549568111775213,0.012073749937988156
MYS,CRI,2000,3.0,9683.0,1357577.0,0.0003098213363626975,2.2098194061920612e-06
MYS,CRI,2005,3.0,6349.0,1513926.0,0.00047251535674909436,1.981602799608435e-06
MYS,CRI,2010,5.0,12515.0,1937500.0,0.00039952057530962844,2.5806451612903224e-06
MYS,CRI,2015,4.0,12694.0,2240689.0,0.00031510950055144165,1.7851651880292178e-06
MYS,CRI,2020,4.0,15233.0,2515291.0,0.0002625878027965601,1.5902732526773244e-06
MYS,CRI,2024,5.0,18383.0,2842199.0,0.000271990425937007,1.7592012381961996e-06
MYS,CYM,2000,19.0,1840.0,1357577.0,0.010326086956521738,1.3995522905883055e-05
MYS,CYM,2005,18.0,2151.0,1513926.0,0.008368200836820083,1.1889616797650612e-05
MYS,CYM,2010,18.0,2658.0,1937500.0,0.006772009029345372,9.290322580645161e-06
MYS,CYM,2015,18.0,2896.0,2240689.0,0.006215469613259668,8.03324334613148e-06
MYS,CYM,2020,19.0,3231.0,2515291.0,0.005880532342927886,7.553797950217291e-06
MYS,CYM,2024,21.0,3528.0,2842199.0,0.005952380952380952,7.388645200424038e-06
MYS,CYP,2000,20.0,1545.0,1357577.0,0.012944983818770227,1.4732129374613741e-05
MYS,CYP,2005,31.0,2323.0,1513926.0,0.01334481274214378,2.0476562262620498e-05
MYS,CYP,2010,48.0,3564.0,1937500.0,0.013468013468013467,2.4774193548387096e-05
MYS,CYP,2015,43.0,3271.0,2240689.0,0.013145826964231121,1.919052577131409e-05
MYS,CYP,2020,44.0,3374.0,2515291.0,0.013040901007705987,1.7493005779450567e-05
MYS,CYP,2024,47.0,3581.0,2842199.0,0.01312482546774644,1.6536491639044277e-05
MYS,DNK,2000,394.0,9327.0,1357577.0,0.04224295057360351,0.0002902229486798907
MYS,DNK,2005,499.0,10477.0,1513926.0,0.04762813782571347,0.0003296065990015364
MYS,DNK,2010,689.0,12604.0,1937500.0,0.05466518565534751,0.00035561290322580643
MYS,DNK,2015,831.0,14475.0,2240689.0,0.05740932642487047,0.00037086806781307
MYS,DNK,2020,904.0,16236.0,2515291.0,0.05567873860556787,0.00035940175510507533
MYS,DNK,2024,1077.0,19207.0,2842199.0,0.05607330660696621,0.0003789319467074614
MYS,DOM,2000,44.0,11177.0,1357577.0,0.003936655632101637,3.2410684624150235e-05
MYS,DOM,2005,31.0,17862.0,1513926.0,0.001735527936401299,2.0476562262620498e-05
MYS,DOM,2010,18.0,24585.0,1937500.0,0.0007321537522879804,9.290322580645161e-06
MYS,DOM,2015,17.0,14027.0,2240689.0,0.0012119483852570043,7.586952049124175e-06
MYS,DOM,2020,17.0,14643.0,2515291.0,0.0011609642832752852,6.758661323878629e-06
MYS,DOM,2024,18.0,15794.0,2842199.0,0.0011396732936558187,6.333124457506318e-06
MYS,DZA,2000,877.0,3417.0,1357577.0,0.2566578870354112,0.0006460038730768126
MYS,DZA,2005,694.0,2702.0,1513926.0,0.25684678016284235,0.0004584107809760847
MYS,DZA,2010,762.0,2967.0,1937500.0,0.2568250758341759,0.00039329032258064516
MYS,DZA,2015,827.0,3222.0,2240689.0,0.2566728739913097,0.0003690829026250408
MYS,DZA,2020,859.0,3347.0,2515291.0,0.25664774424858083,0.0003415111810124554
MYS,DZA,2024,890.0,3468.0,2842199.0,0.2566320645905421,0.0003131378203989235
MYS,EGY,2000,2017.0,7182.0,1357577.0,0.28084099136730717,0.0014857352474297958
MYS,EGY,2005,2410.0,8428.0,1513926.0,0.2859515899383009,0.0015918875823521096
MYS,EGY,2010,2648.0,9143.0,1937500.0,0.2896204746800831,0.0013667096774193548
MYS,EGY,2015,0.0,0.0,2240689.0,,0.0
MYS,EGY,2020,2761.0,9425.0,2515291.0,0.29294429708222813,0.0010976861126605231
MYS,EGY,2024,2311.0,7897.0,2842199.0,0.2926427757376219,0.0008131028122942834
MYS,EST,2000,0.0,191.0,1357577.0,0.0,0.0
MYS,EST,2005,0.0,409.0,1513926.0,0.0,0.0
MYS,EST,2010,2.0,632.0,1937500.0,0.0031645569620253164,1.0322580645161291e-06
MYS,EST,2015,8.0,662.0,2240689.0,0.012084592145015106,3.5703303760584355e-06
MYS,EST,2020,17.0,1238.0,2515291.0,0.013731825525040387,6.758661323878629e-06
MYS,EST,2024,17.0,1261.0,2842199.0,0.013481363996827915,5.981284209867078e-06
MYS,FIN,2000,188.0,2742.0,1357577.0,0.06856309263311451,0.00013848201612136918
MYS,FIN,2005,287.0,3851.0,1513926.0,0.07452609711763178,0.00018957333449587364
MYS,FIN,2010,362.0,4580.0,1937500.0,0.07903930131004366,0.00018683870967741936
MYS,FIN,2015,411.0,5304.0,2240689.0,0.07748868778280543,0.00018342572307000212
MYS,FIN,2020,531.0,6685.0,2515291.0,0.07943156320119671,0.0002111087742929148
MYS,FIN,2024,625.0,7870.0,2842199.0,0.07941550190597205,0.00021990015477452493
MYS,GBR,2000,49330.0,206612.0,1357577.0,0.23875670338605695,0.036336797102484795
MYS,GBR,2005,57519.0,231323.0,1513926.0,0.2486523173225317,0.03799327047689253
MYS,GBR,2010,68428.0,262697.0,1937500.0,0.26048260924182615,0.03531767741935484
MYS,GBR,2015,68963.0,280519.0,2240689.0,0.24584074519016538,0.030777586715514737
MYS,GBR,2020,67838.0,297361.0,2515291.0,0.22813348085323898,0.026970239228781084
MYS,GBR,2024,66932.0,310502.0,2842199.0,0.21556060830526053,0.023549371454989605
MYS,GIN,2000,0.0,689.0,1357577.0,0.0,0.0
MYS,GIN,2005,0.0,550.0,1513926.0,0.0,0.0
MYS,GIN,2010,0.0,472.0,1937500.0,0.0,0.0
MYS,GIN,2015,1.0,302.0,2240689.0,0.0033112582781456954,4.4629129700730444e-07
MYS,GIN,2020,0.0,288.0,2515291.0,0.0,0.0
MYS,GIN,2024,0.0,278.0,2842199.0,0.0,0.0
MYS,GRC,2000,47.0,23191.0,1357577.0,0.0020266482687249362,3.4620504030342295e-05
MYS,GRC,2005,56.0,23470.0,1513926.0,0.002386024712398807,3.698991892602413e-05
MYS,GRC,2010,66.0,24722.0,1937500.0,0.002669686918534099,3.406451612903226e-05
MYS,GRC,2015,61.0,23295.0,2240689.0,0.002618587679759605,2.722376911744557e-05
MYS,GRC,2020,61.0,23808.0,2515291.0,0.0025621639784946235,2.4251667103329197e-05
MYS,GRC,2024,65.0,25291.0,2842199.0,0.002570084219682891,2.2869616096550595e-05
MYS,HKG,2000,12609.0,137522.0,1357577.0,0.09168714823810009,0.009287870964225233
MYS,HKG,2005,13766.0,148452.0,1513926.0,0.09273031013391533,0.009092914713136573
MYS,HKG,2010,14957.0,159742.0,1937500.0,0.09363223197405816,0.007719741935483871
MYS,HKG,2015,15286.0,163255.0,2240689.0,0.09363266056169796,0.0068220087660536555
MYS,HKG,2020,15939.0,170229.0,2515291.0,0.09363269478173519,0.0063368413436059685
MYS,HKG,2024,16481.0,176023.0,2842199.0,0.09362980974077251,0.005798679121342313
MYS,HUN,2000,79.0,5203.0,1357577.0,0.015183547953103978,5.819191102972428e-05
MYS,HUN,2005,98.0,6388.0,1513926.0,0.015341264871634314,6.473235812054222e-05
MYS,HUN,2010,117.0,7629.0,1937500.0,0.01533621706645694,6.038709677419355e-05
MYS,HUN,2015,93.0,7577.0,2240689.0,0.012273987066121156,4.150509062167931e-05
MYS,HUN,2020,156.0,10085.0,2515291.0,0.01546851760039663,6.202065685441565e-05
MYS,HUN,2024,184.0,11897.0,2842199.0,0.015466083886694125,6.473860556562014e-05
MYS,IDN,2000,13.0,280446.0,1357577.0,4.6354734957888504e-05,9.575884093498933e-06
MYS,IDN,2005,10.0,95078.0,1513926.0,0.00010517680220450577,6.605342665361451e-06
MYS,IDN,2010,14.0,100661.0,1937500.0,0.00013908067672683562,7.225806451612903e-06
MYS,IDN,2015,1892.0,135695.0,2240689.0,0.013943034010096172,0.00084438313393782
MYS,IDN,2020,94489.0,292106.0,2515291.0,0.32347503988278226,0.037565832343056924
MYS,IDN,2024,161013.0,422616.0,2842199.0,0.38099125447214494,0.05665085379313693
MYS,IND,2000,14405.0,18851.0,1357577.0,0.7641504429473237,0.010610816182065547
MYS,IND,2005,14214.0,22616.0,1513926.0,0.6284931022285107,0.009388834064544766
MYS,IND,2010,13682.0,33733.0,1937500.0,0.4055968932499333,0.007061677419354839
MYS,IND,2015,12776.0,32149.0,2240689.0,0.39739960807490127,0.005701817610565322
MYS,IND,2020,11915.0,29983.0,2515291.0,0.397391855384718,0.00473702645141258
MYS,IND,2024,11283.0,28734.0,2842199.0,0.39267070369596996,0.003969813514113543
MYS,ISL,2000,9.0,1476.0,1357577.0,0.006097560975609756,6.629458218576184e-06
MYS,ISL,2005,19.0,1718.0,1513926.0,0.011059371362048894,1.2550151064186757e-05
MYS,ISL,2010,28.0,1987.0,1937500.0,0.014091595369904378,1.4451612903225806e-05
MYS,ISL,2015,35.0,2183.0,2240689.0,0.01603298213467705,1.5620195395255656e-05
MYS,ISL,2020,48.0,2810.0,2515291.0,0.01708185053380783,1.9083279032127892e-05
MYS,ISL,2024,73.0,4244.0,2842199.0,0.01720075400565504,2.5684338077664513e-05
MYS,ITA,2000,328.0,51262.0,1357577.0,0.006398501814209356,0.00024160692174366537
MYS,ITA,2005,404.0,50857.0,1513926.0,0.007943842538883536,0.0002668558436806026
MYS,ITA,2010,539.0,52230.0,1937500.0,0.01031973961324909,0.0002781935483870968
MYS,ITA,2015,643.0,53965.0,2240689.0,0.011915130176966552,0.00028696530397569675
MYS,ITA,2020,727.0,58180.0,2515291.0,0.01249570299071846,0.0002890321636741037
MYS,ITA,2024,764.0,55947.0,2842199.0,0.013655781364505694,0.00026880594919637926
MYS,JPN,2000,8099.0,70445.0,1357577.0,0.11496912484917311,0.005965775790249835
MYS,JPN,2005,7841.0,80611.0,1513926.0,0.09726960340400194,0.005179249183909914
MYS,JPN,2010,8233.0,83982.0,1937500.0,0.09803291181443642,0.0042492903225806455
MYS,JPN,2015,18602.0,147865.0,2240689.0,0.12580394278564908,0.008301910706929877
MYS,JPN,2020,18987.0,190319.0,2515291.0,0.09976408030727357,0.0075486295621460895
MYS,JPN,2024,11275.0,231127.0,2842199.0,0.04878270388141585,0.00396699879213243
MYS,KHM,2000,339.0,933.0,1357577.0,0.3633440514469453,0.00024970959289970294
MYS,KHM,2005,265.0,728.0,1513926.0,0.364010989010989,0.00017504158063207846
MYS,KHM,2010,191.0,523.0,1937500.0,0.3652007648183556,9.858064516129033e-05
MYS,KHM,2015,172.0,472.0,2240689.0,0.3644067796610169,7.676210308525636e-05
MYS,KHM,2020,182.0,501.0,2515291.0,0.36327345309381237,7.235743299681826e-05
MYS,KHM,2024,193.0,530.0,2842199.0,0.3641509433962264,6.79051677943733e-05
MYS,LBY,2000,5828.0,22714.0,1357577.0,0.25658184379677734,0.004292942499762444
MYS,LBY,2005,6425.0,25038.0,1513926.0,0.2566099528716351,0.004243932662494732
MYS,LBY,2010,7051.0,27477.0,1937500.0,0.2566146231393529,0.003639225806451613
MYS,LBY,2015,7894.0,30764.0,2240689.0,0.2565986217657002,0.0035230234985756614
MYS,LBY,2020,8454.0,32948.0,2515291.0,0.25658613572902755,0.003361042519533525
MYS,LBY,2024,8936.0,34828.0,2842199.0,0.2565751694039279,0.003144044452904248
MYS,LCA,2000,11.0,522.0,1357577.0,0.0210727969348659,8.102671156037559e-06
MYS,LCA,2005,11.0,753.0,1513926.0,0.014608233731739707,7.265876931897596e-06
MYS,LCA,2010,11.0,927.0,1937500.0,0.011866235167206042,5.67741935483871e-06
MYS,LCA,2015,10.0,887.0,2240689.0,0.011273957158962795,4.462912970073044e-06
MYS,LCA,2020,8.0,859.0,2515291.0,0.009313154831199068,3.1805465053546488e-06
MYS,LCA,2024,8.0,832.0,2842199.0,0.009615384615384616,2.814721981113919e-06
MYS,LIE,2000,0.0,60.0,1357577.0,0.0,0.0
MYS,LIE,2005,0.0,91.0,1513926.0,0.0,0.0
MYS,LIE,2010,1.0,129.0,1937500.0,0.007751937984496124,5.161290322580646e-07
MYS,LIE,2015,1.0,138.0,2240689.0,0.007246376811594203,4.4629129700730444e-07
MYS,LIE,2020,0.0,156.0,2515291.0,0.0,0.0
MYS,LIE,2024,0.0,167.0,2842199.0,0.0,0.0
MYS,LKA,2000,235.0,472.0,1357577.0,0.4978813559322034,0.00017310252015171148
MYS,LKA,2005,453.0,912.0,1513926.0,0.4967105263157895,0.0002992220227408737
MYS,LKA,2010,901.0,1816.0,1937500.0,0.4961453744493392,0.00046503225806451614
MYS,LKA,2015,912.0,1837.0,2240689.0,0.4964616222101252,0.00040701766287066165
MYS,LKA,2020,925.0,1861.0,2515291.0,0.4970445996775927,0.00036775068968163127
MYS,LKA,2024,935.0,1882.0,2842199.0,0.49681190223166843,0.0003289706315426893
MYS,LTU,2000,1.0,1029.0,1357577.0,0.0009718172983479105,7.366064687306871e-07
MYS,LTU,2005,1.0,939.0,1513926.0,0.0010649627263045794,6.605342665361451e-07
MYS,LTU,2010,1.0,721.0,1937500.0,0.0013869625520110957,5.161290322580646e-07
MYS,LTU,2015,1.0,557.0,2240689.0,0.0017953321364452424,4.4629129700730444e-07
MYS,LTU,2020,11.0,609.0,2515291.0,0.0180623973727422,4.373251444862642e-06
MYS,LTU,2024,12.0,642.0,2842199.0,0.018691588785046728,4.222082971670879e-06
MYS,LUX,2000,23.0,988.0,1357577.0,0.02327935222672065,1.6941948780805802e-05
MYS,LUX,2005,19.0,855.0,1513926.0,0.022222222222222223,1.2550151064186757e-05
MYS,LUX,2010,17.0,735.0,1937500.0,0.02312925170068027,8.774193548387096e-06
MYS,LUX,2015,25.0,1120.0,2240689.0,0.022321428571428572,1.1157282425182611e-05
MYS,LUX,2020,111.0,3204.0,2515291.0,0.03464419475655431,4.4130082761795754e-05
MYS,LUX,2024,128.0,3701.0,2842199.0,0.03458524723047825,4.5035551697822705e-05
MYS,LVA,2000,14.0,496.0,1357577.0,0.028225806451612902,1.0312490562229619e-05
MYS,LVA,2005,9.0,615.0,1513926.0,0.014634146341463415,5.944808398825306e-06
MYS,LVA,2010,4.0,719.0,1937500.0,0.005563282336578581,2.0645161290322582e-06
MYS,LVA,2015,7.0,436.0,2240689.0,0.016055045871559634,3.124039079051131e-06
MYS,LVA,2020,8.0,554.0,2515291.0,0.01444043321299639,3.1805465053546488e-06
MYS,LVA,2024,7.0,510.0,2842199.0,0.013725490196078431,2.4628817334746793e-06
MYS,MDV,2000,58.0,74.0,1357577.0,0.7837837837837838,4.272317518637985e-05
MYS,MDV,2005,60.0,92.0,1513926.0,0.6521739130434783,3.963205599216871e-05
MYS,MDV,2010,80.0,118.0,1937500.0,0.6779661016949152,4.129032258064516e-05
MYS,MDV,2015,101.0,145.0,2240689.0,0.696551724137931,4.507542099773775e-05
MYS,MDV,2020,108.0,154.0,2515291.0,0.7012987012987013,4.293737782228776e-05
MYS,MDV,2024,116.0,165.0,2842199.0,0.703030303030303,4.081346872615183e-05
MYS,MLT,2000,24.0,1093.0,1357577.0,0.021957913998170174,1.767855524953649e-05
MYS,MLT,2005,29.0,1138.0,1513926.0,0.025483304042179262,1.9155493729548208e-05
MYS,MLT,2010,32.0,1103.0,1937500.0,0.02901178603807797,1.6516129032258066e-05
MYS,MLT,2015,54.0,1751.0,2240689.0,0.03083952027412907,2.409973003839444e-05
MYS,MLT,2020,115.0,3810.0,2515291.0,0.030183727034120734,4.572035601447308e-05
MYS,MLT,2024,200.0,6623.0,2842199.0,0.030197795560924053,7.036804952784798e-05
MYS,MUS,2000,49.0,90.0,1357577.0,0.5444444444444444,3.609371696780367e-05
MYS,MUS,2005,49.0,89.0,1513926.0,0.550561797752809,3.236617906027111e-05
MYS,MUS,2010,53.0,96.0,1937500.0,0.5520833333333334,2.735483870967742e-05
MYS,MUS,2015,61.0,110.0,2240689.0,0.5545454545454546,2.722376911744557e-05
MYS,MUS,2020,60.0,108.0,2515291.0,0.5555555555555556,2.3854098790159866e-05
MYS,MUS,2024,61.0,109.0,2842199.0,0.5596330275229358,2.1462255105993634e-05
MYS,NOR,2000,304.0,15833.0,1357577.0,0.01920040421903619,0.00022392836649412888
MYS,NOR,2005,366.0,15589.0,1513926.0,0.02347809352748733,0.0002417555415522291
MYS,NOR,2010,590.0,17809.0,1937500.0,0.033129316637655115,0.0003045161290322581
MYS,NOR,2015,836.0,19862.0,2240689.0,0.042090423925083074,0.0003730995242981065
MYS,NOR,2020,934.0,21302.0,2515291.0,0.04384564829593465,0.0003713288045001553
MYS,NOR,2024,1039.0,23688.0,2842199.0,0.043861870989530566,0.00036556201729717025
MYS,NZL,2000,11521.0,28280.0,1357577.0,0.4073903818953324,0.008486443126246246
MYS,NZL,2005,14129.0,35783.0,1513926.0,0.39485230416678313,0.009332688651889194
MYS,NZL,2010,15689.0,41010.0,1937500.0,0.3825652279931724,0.008097548387096774
MYS,NZL,2015,18046.0,48592.0,2240689.0,0.3713780046098123,0.008053772745793816
MYS,NZL,2020,21097.0,57746.0,2515291.0,0.3653413223426731,0.008387498702933378
MYS,NZL,2024,23224.0,63904.0,2842199.0,0.36342013019529296,0.008171137911173708
MYS,PAN,2000,24.0,5333.0,1357577.0,0.004500281267579224,1.767855524953649e-05
MYS,PAN,2005,22.0,7925.0,1513926.0,0.00277602523659306,1.4531753863795192e-05
MYS,PAN,2010,25.0,12134.0,1937500.0,0.0020603263556947422,1.2903225806451613e-05
MYS,PAN,2015,28.0,14203.0,2240689.0,0.001971414489896501,1.2496156316204525e-05
MYS,PAN,2020,33.0,17061.0,2515291.0,0.0019342359767891683,1.3119754334587926e-05
MYS,PAN,2024,50.0,26028.0,2842199.0,0.0019210081450745352,1.7592012381961996e-05
MYS,PNG,2000,87.0,7601.0,1357577.0,0.011445862386528088,6.408476277956978e-05
MYS,PNG,2005,93.0,10750.0,1513926.0,0.008651162790697674,6.14296867878615e-05
MYS,PNG,2010,78.0,14018.0,1937500.0,0.0055642745042088744,4.025806451612903e-05
MYS,PNG,2015,79.0,14337.0,2240689.0,0.005510218316244681,3.525701246357705e-05
MYS,PNG,2020,78.0,14403.0,2515291.0,0.0054155384294938555,3.101032842720782e-05
MYS,PNG,2024,78.0,14451.0,2842199.0,0.005397550342536849,2.7443539315860713e-05
MYS,PRK,2000,149.0,1761.0,1357577.0,0.08461101646791595,0.00010975436384087238
MYS,PRK,2005,164.0,2080.0,1513926.0,0.07884615384615384,0.00010832761971192779
MYS,PRK,2010,178.0,2396.0,1937500.0,0.07429048414023372,9.187096774193548e-05
MYS,PRK,2015,196.0,2638.0,2240689.0,0.07429871114480667,8.747309421343167e-05
MYS,PRK,2020,198.0,2691.0,2515291.0,0.07357859531772576,7.871852600752756e-05
MYS,PRK,2024,202.0,2740.0,2842199.0,0.07372262773722628,7.107173002312646e-05
MYS,PRT,2000,37.0,7389.0,1357577.0,0.005007443497090269,2.7254439343035422e-05
MYS,PRT,2005,43.0,7516.0,1513926.0,0.005721128259712613,2.8402973461054238e-05
MYS,PRT,2010,43.0,6398.0,1937500.0,0.006720850265708034,2.2193548387096776e-05
MYS,PRT,2015,49.0,7253.0,2240689.0,0.006755825175789328,2.186827355335792e-05
MYS,PRT,2020,54.0,8316.0,2515291.0,0.006493506493506494,2.146868891114388e-05
MYS,PRT,2024,61.0,9355.0,2842199.0,0.006520577231427045,2.1462255105993634e-05
MYS,SGP,2000,733158.0,811947.0,1357577.0,0.902962878118892,0.5400489254016531
MYS,SGP,2005,785955.0,887804.0,1513926.0,0.8852798590679924,0.5191502094554159
MYS,SGP,2010,1085108.0,1254665.0,1937500.0,0.8648587471556153,0.5600557419354839
MYS,SGP,2015,1318217.0,1513338.0,2240689.0,0.8710658160966024,0.5883087746670779
MYS,SGP,2020,1384577.0,1577271.0,2515291.0,0.8778307595841172,0.550463942343053
MYS,SGP,2024,1553249.0,1760391.0,2842199.0,0.8823318228734411,0.5464955128054018
MYS,SLB,2000,126.0,335.0,1357577.0,0.3761194029850746,9.281241506006658e-05
MYS,SLB,2005,117.0,269.0,1513926.0,0.4349442379182156,7.728250918472898e-05
MYS,SLB,2010,116.0,221.0,1937500.0,0.5248868778280543,5.9870967741935484e-05
MYS,SLB,2015,108.0,206.0,2240689.0,0.5242718446601942,4.819946007678888e-05
MYS,SLB,2020,105.0,200.0,2515291.0,0.525,4.174467288277977e-05
MYS,SLB,2024,103.0,196.0,2842199.0,0.5255102040816326,3.623954550684171e-05
MYS,SVK,2000,3.0,1422.0,1357577.0,0.002109704641350211,2.2098194061920612e-06
MYS,SVK,2005,3.0,1596.0,1513926.0,0.0018796992481203006,1.981602799608435e-06
MYS,SVK,2010,3.0,1789.0,1937500.0,0.0016769144773616546,1.5483870967741935e-06
MYS,SVK,2015,18.0,2234.0,2240689.0,0.008057296329453895,8.03324334613148e-06
MYS,SVK,2020,23.0,2719.0,2515291.0,0.008458992276572269,9.144071202894615e-06
MYS,SVK,2024,25.0,2955.0,2842199.0,0.008460236886632826,8.796006190980998e-06
MYS,SVN,2000,2.0,678.0,1357577.0,0.0029498525073746312,1.4732129374613741e-06
MYS,SVN,2005,2.0,671.0,1513926.0,0.0029806259314456036,1.3210685330722903e-06
MYS,SVN,2010,10.0,701.0,1937500.0,0.014265335235378032,5.161290322580645e-06
MYS,SVN,2015,8.0,753.0,2240689.0,0.010624169986719787,3.5703303760584355e-06
MYS,SVN,2020,13.0,947.0,2515291.0,0.013727560718057022,5.168388071201304e-06
MYS,SVN,2024,15.0,1074.0,2842199.0,0.013966480446927373,5.277603714588599e-06
MYS,TLS,2000,159.0,5562.0,1357577.0,0.028586839266450916,0.00011712042852817925
MYS,TLS,2005,169.0,5905.0,1513926.0,0.028619813717188823,0.00011163029104460853
MYS,TLS,2010,173.0,6024.0,1937500.0,0.028718459495351924,8.929032258064516e-05
MYS,TLS,2015,65.0,4301.0,2240689.0,0.015112764473378284,2.9008934305474788e-05
MYS,TLS,2020,63.0,4233.0,2515291.0,0.014883061658398299,2.504680372966786e-05
MYS,TLS,2024,62.0,4184.0,2842199.0,0.014818355640535373,2.1814095353632872e-05
MYS,VEN,2000,29.0,10239.0,1357577.0,0.00283230784256275,2.1361587593189926e-05
MYS,VEN,2005,30.0,10528.0,1513926.0,0.0028495440729483282,1.9816027996084354e-05
MYS,VEN,2010,32.0,10936.0,1937500.0,0.002926115581565472,1.6516129032258066e-05
MYS,VEN,2015,34.0,11335.0,2240689.0,0.002999558888398765,1.517390409824835e-05
MYS,VEN,2020,31.0,10683.0,2515291.0,0.0029018066086305347,1.2324617708249264e-05
MYS,VEN,2024,30.0,10193.0,2842199.0,0.002943196311193957,1.0555207429177198e-05
NGA,USA,2000,125503.0,31369527.0,125503.0,0.004000793508936236,1.0
NGA,USA,2005,167721.0,35533585.0,167721.0,0.004720069759355832,1.0
NGA,USA,2010,221495.0,39769676.0,221495.0,0.005569444417902726,1.0
NGA,USA,2015,324227.0,43278121.0,324227.0,0.007491706952804166,1.0
NGA,USA,2020,451656.0,45295697.0,451656.0,0.00997127828720684,1.0
NGA,USA,2024,565053.0,48694117.0,565053.0,0.011604132794932907,1.0
NIC,USA,2000,222154.0,31369527.0,222154.0,0.007081840921605225,1.0
NIC,USA,2005,228735.0,35533585.0,228735.0,0.006437149530507546,1.0
NIC,USA,2010,255351.0,39769676.0,255351.0,0.006420746299265802,1.0
NIC,USA,2015,259238.0,43278121.0,259238.0,0.005990047488429546,1.0
NIC,USA,2020,264538.0,45295697.0,264538.0,0.00584024570810777,1.0
NIC,USA,2024,295024.0,48694117.0,295024.0,0.006058719577972838,1.0
NPL,MYS,2000,666.0,1485613.0,15766.0,0.0004482997927454862,0.042242800964099964
NPL,MYS,2005,192332.0,2045120.0,218231.0,0.09404435925520263,0.8813230017733502
NPL,MYS,2010,251416.0,2917897.0,316573.0,0.08616342523399557,0.7941801732933637
NPL,MYS,2015,502596.0,3359082.0,624238.0,0.14962302200422614,0.8051352208612741
NPL,MYS,2020,502596.0,3486644.0,678265.0,0.1441489294576676,0.7410024105622434
NPL,MYS,2024,502596.0,3572557.0,766913.0,0.1406824299794237,0.6553494333777103
NPL,USA,2000,15100.0,31369527.0,15766.0,0.0004813588677954883,0.9577571990359001
NPL,USA,2005,25899.0,35533585.0,218231.0,0.0007288597533854239,0.11867699822664975
NPL,USA,2010,65157.0,39769676.0,316573.0,0.0016383588340020674,0.20581982670663637
NPL,USA,2015,121642.0,43278121.0,624238.0,0.00281070428173164,0.19486477913872594
NPL,USA,2020,175669.0,45295697.0,678265.0,0.003878271262720607,0.25899758943775664
NPL,USA,2024,264317.0,48694117.0,766913.0,0.005428109518856251,0.3446505666222896
NZL,MYS,2000,592.0,1485613.0,592.0,0.0003984887046626544,1.0
NZL,MYS,2005,592.0,2045120.0,592.0,0.0002894695665780003,1.0
NZL,MYS,2010,592.0,2917897.0,592.0,0.00020288584552504766,1.0
NZL,MYS,2015,592.0,3359082.0,592.0,0.00017623862710109488,1.0
NZL,MYS,2020,592.0,3486644.0,592.0,0.00016979077875458465,1.0
NZL,MYS,2024,592.0,3572557.0,592.0,0.00016570764301311358,1.0
PAK,IDN,2000,8.0,280446.0,222671.0,2.8525990743316003e-05,3.592744452578019e-05
PAK,IDN,2005,5.0,95078.0,275791.0,5.2588401102252885e-05,1.8129670656402854e-05
PAK,IDN,2010,15.0,100661.0,338733.0,0.00014901501077875244,4.4282665107916856e-05
PAK,IDN,2015,485.0,135695.0,464773.0,0.003574192122038395,0.001043520170061514
PAK,IDN,2020,325.0,292106.0,492353.0,0.001112609806029318,0.0006600955005859617
PAK,IDN,2024,244.0,422616.0,532280.0,0.0005773562761466674,0.00045840535056737054
PAK,MYS,2000,3101.0,1485613.0,222671.0,0.0020873538397954243,0.013926375684305546
PAK,MYS,2005,13353.0,2045120.0,275791.0,0.006529201220466281,0.04841709845498947
PAK,MYS,2010,29013.0,2917897.0,338733.0,0.009943119993611837,0.08565153085173279
PAK,MYS,2015,74186.0,3359082.0,464773.0,0.02208520065898957,0.15961770584780097
PAK,MYS,2020,79544.0,3486644.0,492353.0,0.02281391504265993,0.1615588815341838
PAK,MYS,2024,79288.0,3572557.0,532280.0,0.02219362770139147,0.1489591944089577
PAK,USA,2000,219562.0,31369527.0,222671.0,0.006999212962312119,0.9860376968711687
PAK,USA,2005,262433.0,35533585.0,275791.0,0.007385491781929687,0.9515647718743542
PAK,USA,2010,309705.0,39769676.0,338733.0,0.007787466008020784,0.9143041864831593
PAK,USA,2015,390102.0,43278121.0,464773.0,0.009013838655333489,0.8393387739821375
PAK,USA,2020,412484.0,45295697.0,492353.0,0.009106472078352166,0.8377810229652303
PAK,USA,2024,452748.0,48694117.0,532280.0,0.009297796692770916,0.8505824002404749
PAN,USA,2000,142983.0,31369527.0,142983.0,0.004558022185033265,1.0
PAN,USA,2005,149078.0,35533585.0,149078.0,0.004195411186346663,1.0
PAN,USA,2010,149120.0,39769676.0,149120.0,0.003749590517156841,1.0
PAN,USA,2015,152154.0,43278121.0,152154.0,0.0035157256480705342,1.0
PAN,USA,2020,151193.0,45295697.0,151193.0,0.0033379108836762133,1.0
PAN,USA,2024,161903.0,48694117.0,161903.0,0.003324898570396091,1.0
PER,USA,2000,292068.0,31369527.0,292068.0,0.009310564357569051,1.0
PER,USA,2005,381086.0,35533585.0,381086.0,0.010724670758663951,1.0
PER,USA,2010,431044.0,39769676.0,431044.0,0.010838509219939332,1.0
PER,USA,2015,458582.0,43278121.0,458582.0,0.01059616243505581,1.0
PER,USA,2020,463475.0,45295697.0,463475.0,0.01023220814992647,1.0
PER,USA,2024,512316.0,48694117.0,512316.0,0.010521106687282162,1.0
PHL,IDN,2000,9928.0,280446.0,1717741.0,0.03540075451245516,0.005779683898794987
PHL,IDN,2005,6367.0,95078.0,1915422.0,0.06696606996360882,0.0033240716667136535
PHL,IDN,2010,5851.0,100661.0,2136033.0,0.05812578853776537,0.0027391898907928856
PHL,IDN,2015,3549.0,135695.0,2343526.0,0.026154242971369614,0.0015143847347970536
PHL,IDN,2020,1239.0,292106.0,2409583.0,0.004241610922062539,0.0005141968548084876
PHL,IDN,2024,1607.0,422616.0,2520824.0,0.0038025062941298956,0.0006374899635992041
PHL,MYS,2000,244953.0,1485613.0,1717741.0,0.16488345215072836,0.14260182413996056
PHL,MYS,2005,213649.0,2045120.0,1915422.0,0.10446770849632295,0.11154147754385195
PHL,MYS,2010,231590.0,2917897.0,2136033.0,0.07936880568436788,0.10842060960668679
PHL,MYS,2015,241224.0,3359082.0,2343526.0,0.0718124773375583,0.1029320775617595
PHL,MYS,2020,249159.0,3486644.0,2409583.0,0.0714609808170837,0.10340336896467148
PHL,MYS,2024,255520.0,3572557.0,2520824.0,0.07152300159241685,0.10136368108205888
PHL,USA,2000,1462860.0,31369527.0,1717741.0,0.04663315452604689,0.8516184919612444
PHL,USA,2005,1695406.0,35533585.0,1915422.0,0.047712776518327664,0.8851344507894344
PHL,USA,2010,1898592.0,39769676.0,2136033.0,0.04773968990846191,0.8888402005025203
PHL,USA,2015,2098753.0,43278121.0,2343526.0,0.04849454993667585,0.8955535377034435
PHL,USA,2020,2159185.0,45295697.0,2409583.0,0.047668656031498974,0.89608243418052
PHL,USA,2024,2263697.0,48694117.0,2520824.0,0.04648810040030092,0.8979988289543419
POL,USA,2000,459971.0,31369527.0,459971.0,0.014662988064818446,1.0
POL,USA,2005,456004.0,35533585.0,456004.0,0.012833042317570828,1.0
POL,USA,2010,470032.0,39769676.0,470032.0,0.011818854144046835,1.0
POL,USA,2015,440335.0,43278121.0,440335.0,0.01017454061834154,1.0
POL,USA,2020,421348.0,45295697.0,421348.0,0.009302163956103822,1.0
POL,USA,2024,396647.0,48694117.0,396647.0,0.00814568626431813,1.0
PRI,USA,2000,1158532.0,31369527.0,1158532.0,0.036931765021512755,1.0
PRI,USA,2005,1335675.0,35533585.0,1335675.0,0.03758908649380579,1.0
PRI,USA,2010,1533366.0,39769676.0,1533366.0,0.038556160226198476,1.0
PRI,USA,2015,1687821.0,43278121.0,1687821.0,0.038999405727434426,1.0
PRI,USA,2020,1864991.0,45295697.0,1864991.0,0.04117369029557046,1.0
PRI,USA,2024,1924799.0,48694117.0,1924799.0,0.03952836848853836,1.0
PRT,USA,2000,170180.0,31369527.0,170180.0,0.005425010074267298,1.0
PRT,USA,2005,173644.0,35533585.0,173644.0,0.004886757134130992,1.0
PRT,USA,2010,175747.0,39769676.0,175747.0,0.004419120739127973,1.0
PRT,USA,2015,158080.0,43278121.0,158080.0,0.0036526539587982574,1.0
PRT,USA,2020,147101.0,45295697.0,147101.0,0.003247571176573351,1.0
PRT,USA,2024,141889.0,48694117.0,141889.0,0.0029138838270750447,1.0
PSE,IDN,2000,5.0,280446.0,5.0,1.78287442145725e-05,1.0
PSE,IDN,2005,0.0,95078.0,5.0,0.0,0.0
PSE,IDN,2010,0.0,100661.0,242.0,0.0,0.0
PSE,IDN,2015,492.0,135695.0,1036.0,0.003625778400088434,0.4749034749034749
PSE,IDN,2020,385.0,292106.0,1167.0,0.001318014693296269,0.3299057412167952
PSE,IDN,2024,206.0,422616.0,819.0,0.0004874401347795635,0.2515262515262515
PSE,MYS,2000,0.0,1485613.0,5.0,0.0,0.0
PSE,MYS,2005,5.0,2045120.0,5.0,2.4448443123141917e-06,1.0
PSE,MYS,2010,242.0,2917897.0,242.0,8.293644360990123e-05,1.0
PSE,MYS,2015,544.0,3359082.0,1036.0,0.00016194900868749258,0.525096525096525
PSE,MYS,2020,782.0,3486644.0,1167.0,0.00022428444085487363,0.6700942587832048
PSE,MYS,2024,613.0,3572557.0,819.0,0.0001715857857551328,0.7484737484737485
ROU,USA,2000,139788.0,31369527.0,139788.0,0.004456171749099054,1.0
ROU,USA,2005,172393.0,35533585.0,172393.0,0.004851551004493354,1.0
ROU,USA,2010,169276.0,39769676.0,169276.0,0.00425640882767061,1.0
ROU,USA,2015,162580.0,43278121.0,162580.0,0.0037566325950241695,1.0
ROU,USA,2020,177875.0,45295697.0,177875.0,0.003926973460635786,1.0
ROU,USA,2024,178498.0,48694117.0,178498.0,0.003665699493020892,1.0
RUS,USA,2000,369506.0,31369527.0,369506.0,0.011779138397592032,1.0
RUS,USA,2005,395239.0,35533585.0,395239.0,0.011122970001478882,1.0
RUS,USA,2010,409175.0,39769676.0,409175.0,0.010288617890676303,1.0
RUS,USA,2015,416733.0,43278121.0,416733.0,0.009629184224518436,1.0
RUS,USA,2020,437372.0,45295697.0,437372.0,0.009655928244133211,1.0
RUS,USA,2024,452940.0,48694117.0,452940.0,0.009301739674219782,1.0
SAU,IDN,2000,3889.0,280446.0,3889.0,0.013867197250094492,1.0
SAU,IDN,2005,2813.0,95078.0,2813.0,0.029586234460127474,1.0
SAU,IDN,2010,3097.0,100661.0,3097.0,0.030766632558786422,1.0
SAU,IDN,2015,4916.0,135695.0,4916.0,0.036228306127712884,1.0
SAU,IDN,2020,7822.0,292106.0,7822.0,0.02677795047003485,1.0
SAU,IDN,2024,8877.0,422616.0,8877.0,0.02100488386620478,1.0
SDN,IDN,2000,0.0,280446.0,0.0,0.0,
SDN,IDN,2005,0.0,95078.0,39.0,0.0,0.0
SDN,IDN,2010,0.0,100661.0,84.0,0.0,0.0
SDN,IDN,2015,308.0,135695.0,428.0,0.0022697962342017024,0.719626168224299
SDN,IDN,2020,500.0,292106.0,808.0,0.0017117073938912586,0.6188118811881188
SDN,IDN,2024,444.0,422616.0,745.0,0.0010505991254472144,0.5959731543624162
SDN,MYS,2000,0.0,1485613.0,0.0,0.0,
SDN,MYS,2005,39.0,2045120.0,39.0,1.9069785636050695e-05,1.0
SDN,MYS,2010,84.0,2917897.0,84.0,2.878785645963514e-05,1.0
SDN,MYS,2015,120.0,3359082.0,428.0,3.572404603400572e-05,0.2803738317757009
SDN,MYS,2020,308.0,3486644.0,808.0,8.83370943520474e-05,0.3811881188118812
SDN,MYS,2024,301.0,3572557.0,745.0,8.425337930227566e-05,0.4040268456375839
SGP,IDN,2000,2762.0,280446.0,62647.0,0.00984859830412985,0.044088304308266955
SGP,IDN,2005,2004.0,95078.0,66126.0,0.021077431161782956,0.030305779874784503
SGP,IDN,2010,2132.0,100661.0,70915.0,0.021180000198686683,0.03006416131989001
SGP,IDN,2015,1762.0,135695.0,74358.0,0.012985003132024024,0.023696172570537133
SGP,IDN,2020,1282.0,292106.0,77939.0,0.0043888177579371876,0.016448761210690412
SGP,IDN,2024,1743.0,422616.0,81669.0,0.004124311431654267,0.02134224736436102
SGP,MYS,2000,59885.0,1485613.0,62647.0,0.0403099595924376,0.9559116956917331
SGP,MYS,2005,64122.0,2045120.0,66126.0,0.031353661398842124,0.9696942201252154
SGP,MYS,2010,68783.0,2917897.0,70915.0,0.023572799176941474,0.96993583868011
SGP,MYS,2015,72596.0,3359082.0,74358.0,0.021611857049038993,0.9763038274294629
SGP,MYS,2020,76657.0,3486644.0,77939.0,0.021985898187483435,0.9835512387893096
SGP,MYS,2024,79926.0,3572557.0,81669.0,0.022372211276125195,0.978657752635639
SLV,USA,2000,802250.0,31369527.0,802250.0,0.025574182231055,1.0
SLV,USA,2005,992393.0,35533585.0,992393.0,0.02792831063907568,1.0
SLV,USA,2010,1223863.0,39769676.0,1223863.0,0.030773773464988753,1.0
SLV,USA,2015,1379162.0,43278121.0,1379162.0,0.0318674186432447,1.0
SLV,USA,2020,1463484.0,45295697.0,1463484.0,0.0323095591177237,1.0
SLV,USA,2024,1569946.0,48694117.0,1569946.0,0.03224097892564722,1.0
SOM,IDN,2000,10.0,280446.0,38.0,3.5657488429145e-05,0.2631578947368421
SOM,IDN,2005,18.0,95078.0,60.0,0.0001893182439681104,0.3
SOM,IDN,2010,84.0,100661.0,1004.0,0.0008344840603610137,0.08366533864541832
SOM,IDN,2015,964.0,135695.0,2211.0,0.007104167434319614,0.4360018091361375
SOM,IDN,2020,1396.0,292106.0,4658.0,0.004779087043744394,0.2996994418205238
SOM,IDN,2024,1170.0,422616.0,3937.0,0.0027684706684082,0.2971805943611887
SOM,MYS,2000,28.0,1485613.0,38.0,1.8847438734044464e-05,0.7368421052631579
SOM,MYS,2005,42.0,2045120.0,60.0,2.053669222343921e-05,0.7
SOM,MYS,2010,920.0,2917897.0,1004.0,0.00031529557074838486,0.9163346613545816
SOM,MYS,2015,1247.0,3359082.0,2211.0,0.00037123237837004275,0.5639981908638625
SOM,MYS,2020,3262.0,3486644.0,4658.0,0.0009355701356375931,0.7003005581794761
SOM,MYS,2024,2767.0,3572557.0,3937.0,0.0007745152841508197,0.7028194056388113
SYR,MYS,2000,0.0,1485613.0,0.0,0.0,
SYR,MYS,2005,0.0,2045120.0,0.0,0.0,
SYR,MYS,2010,5.0,2917897.0,5.0,1.7135628845020917e-06,1.0
SYR,MYS,2015,1140.0,3359082.0,1140.0,0.00033937843732305433,1.0
SYR,MYS,2020,3272.0,3486644.0,3272.0,0.0009384382231165556,1.0
SYR,MYS,2024,2759.0,3572557.0,2759.0,0.0007722759916776696,1.0
THA,IDN,2000,4592.0,280446.0,230831.0,0.016373918686663387,0.01989334188215621
THA,IDN,2005,3323.0,95078.0,259257.0,0.03495025137255727,0.012817397408748848
THA,IDN,2010,3658.0,100661.0,309159.0,0.03633979396191176,0.01183209934046882
THA,IDN,2015,5806.0,135695.0,345680.0,0.04278713290836066,0.016795880583198333
THA,IDN,2020,9238.0,292106.0,361816.0,0.031625505809534896,0.025532314767727243
THA,IDN,2024,10481.0,422616.0,388940.0,0.02480029151759517,0.02694760117241734
THA,MYS,2000,58053.0,1485613.0,230831.0,0.039076798600981545,0.25149568298885333
THA,MYS,2005,61394.0,2045120.0,259257.0,0.0300197543420435,0.2368074921795747
THA,MYS,2010,64841.0,2917897.0,309159.0,0.022221826198800025,0.20973350282540698
THA,MYS,2015,68074.0,3359082.0,345680.0,0.02026565591432421,0.19692779449201575
THA,MYS,2020,69539.0,3486644.0,361816.0,0.019944393519957873,0.19219437504145753
THA,MYS,2024,70718.0,3572557.0,388940.0,0.019794785639529335,0.18182238905743817
THA,USA,2000,168186.0,31369527.0,230831.0,0.005361445201261721,0.7286109751289904
THA,USA,2005,194540.0,35533585.0,259257.0,0.005474820511355665,0.7503751104116765
THA,USA,2010,240660.0,39769676.0,309159.0,0.006051344245298855,0.7784343978341242
THA,USA,2015,271800.0,43278121.0,345680.0,0.006280309628045081,0.7862763249247859
THA,USA,2020,283039.0,45295697.0,361816.0,0.006248695102318439,0.7822733101908153
THA,USA,2024,307741.0,48694117.0,388940.0,0.006319880489875194,0.7912300097701445
TLS,IDN,2000,184250.0,280446.0,184250.0,0.6569892243069967,1.0
TLS,IDN,2005,30324.0,95078.0,30324.0,0.31893813500494334,1.0
TLS,IDN,2010,33385.0,100661.0,33385.0,0.33165774232324335,1.0
TLS,IDN,2015,52987.0,135695.0,52987.0,0.3904860164339143,1.0
TLS,IDN,2020,84310.0,292106.0,84310.0,0.28862810075794404,1.0
TLS,IDN,2024,95603.0,422616.0,95603.0,0.22621718060840101,1.0
TTO,USA,2000,200590.0,31369527.0,200590.0,0.00639442220470841,1.0
TTO,USA,2005,208257.0,35533585.0,208257.0,0.00586084967221855,1.0
TTO,USA,2010,228377.0,39769676.0,228377.0,0.005742490836485568,1.0
TTO,USA,2015,238007.0,43278121.0,238007.0,0.005499476282715693,1.0
TTO,USA,2020,226400.0,45295697.0,226400.0,0.00499826727470382,1.0
TTO,USA,2024,241541.0,48694117.0,241541.0,0.004960373344484304,1.0
TUR,USA,2000,93599.0,31369527.0,93599.0,0.0029837555408470137,1.0
TUR,USA,2005,107137.0,35533585.0,107137.0,0.003015091215817374,1.0
TUR,USA,2010,115130.0,39769676.0,115130.0,0.002894919234443851,1.0
TUR,USA,2015,136192.0,43278121.0,136192.0,0.003146901872195422,1.0
TUR,USA,2020,144779.0,45295697.0,144779.0,0.003196308028994454,1.0
TUR,USA,2024,176490.0,48694117.0,176490.0,0.0036244624787014827,1.0
UKR,USA,2000,273704.0,31369527.0,273704.0,0.008725155466960021,1.0
UKR,USA,2005,329983.0,35533585.0,329983.0,0.009286510212802902,1.0
UKR,USA,2010,331493.0,39769676.0,331493.0,0.00833532060960215,1.0
UKR,USA,2015,348685.0,43278121.0,348685.0,0.0080568423938738,1.0
UKR,USA,2020,387590.0,45295697.0,387590.0,0.008556883449657481,1.0
UKR,USA,2024,448198.0,48694117.0,448198.0,0.009204356246977432,1.0
USA,ABW,2000,681.0,681.0,2138938.0,1.0,0.0003183823000012156
USA,ABW,2005,638.0,638.0,2471161.0,1.0,0.0002581782409159096
USA,ABW,2010,583.0,583.0,2961798.0,1.0,0.0001968398925247434
USA,ABW,2015,612.0,612.0,3201109.0,1.0,0.00019118374288410673
USA,ABW,2020,683.0,683.0,3340296.0,1.0,0.00020447289701271983
USA,ABW,2024,937.0,937.0,3453445.0,1.0,0.00027132327284783744
USA,AIA,2000,339.0,339.0,2138938.0,1.0,0.00015848986740148616
USA,AIA,2005,390.0,390.0,2471161.0,1.0,0.00015782055479185694
USA,AIA,2010,424.0,424.0,2961798.0,1.0,0.00014315628547254068
USA,AIA,2015,454.0,454.0,3201109.0,1.0,0.00014182584847938635
USA,AIA,2020,473.0,473.0,3340296.0,1.0,0.00014160421711129792
USA,AIA,2024,490.0,490.0,3453445.0,1.0,0.00014188730383718286
USA,ALB,2000,3498.0,3498.0,2138938.0,1.0,0.0016353910211516181
USA,ALB,2005,2953.0,2953.0,2471161.0,1.0,0.001194984867436804
USA,ALB,2010,2408.0,2408.0,2961798.0,1.0,0.000813019659004429
USA,ALB,2015,2373.0,2373.0,3201109.0,1.0,0.0007413055912810217
USA,ALB,2020,2225.0,2225.0,3340296.0,1.0,0.000666108632288875
USA,ALB,2024,2114.0,2114.0,3453445.0,1.0,0.0006121423679832747
USA,AND,2000,89.0,89.0,2138938.0,1.0,4.160943421454946e-05
USA,AND,2005,101.0,101.0,2471161.0,1.0,4.087147701019885e-05
USA,AND,2010,100.0,100.0,2961798.0,1.0,3.376327487559921e-05
USA,AND,2015,105.0,105.0,3201109.0,1.0,3.280113235756733e-05
USA,AND,2020,112.0,112.0,3340296.0,1.0,3.3529962614091686e-05
USA,AND,2024,119.0,119.0,3453445.0,1.0,3.4458345217601556e-05
USA,ARE,2000,5446.0,96902.0,2138938.0,0.05620111040019814,0.002546123356544229
USA,ARE,2005,6174.0,125483.0,2471161.0,0.04920188392053107,0.0024984207827818583
USA,ARE,2010,9761.0,208956.0,2961798.0,0.046713183636746494,0.0032956332606072394
USA,ARE,2015,12293.0,263170.0,3201109.0,0.04671125128244101,0.0038402316197292874
USA,ARE,2020,12874.0,275636.0,3340296.0,0.04670652599805541,0.0038541494526233605
USA,ARE,2024,14618.0,312969.0,3453445.0,0.046707501381926,0.0042328747091672225
USA,ARG,2000,15210.0,15210.0,2138938.0,1.0,0.007111005555093228
USA,ARG,2005,17003.0,17003.0,2471161.0,1.0,0.006880571520835753
USA,ARG,2010,18756.0,18756.0,2961798.0,1.0,0.006332639835667389
USA,ARG,2015,16861.0,16861.0,3201109.0,1.0,0.005267237073151835
USA,ARG,2020,14822.0,14822.0,3340296.0,1.0,0.004437331302375598
USA,ARG,2024,14917.0,14917.0,3453445.0,1.0,0.004319454921100524
USA,ASM,2000,3578.0,3578.0,2138938.0,1.0,0.001672792759771438
USA,ASM,2005,3066.0,3066.0,2471161.0,1.0,0.0012407123615175216
USA,ASM,2010,2553.0,2553.0,2961798.0,1.0,0.0008619764075740479
USA,ASM,2015,2548.0,2548.0,3201109.0,1.0,0.0007959741452103006
USA,ASM,2020,2557.0,2557.0,3340296.0,1.0,0.000765501021466361
USA,ASM,2024,2565.0,2565.0,3453445.0,1.0,0.0007427366006987226
USA,ATG,2000,2157.0,2157.0,2138938.0,1.0,0.0010084443775368898
USA,ATG,2005,2313.0,2313.0,2471161.0,1.0,0.0009359972903424746
USA,ATG,2010,2469.0,2469.0,2961798.0,1.0,0.0008336152566785446
USA,ATG,2015,2626.0,2626.0,3201109.0,1.0,0.000820340700675922
USA,ATG,2020,2747.0,2747.0,3340296.0,1.0,0.000822382208043838
USA,ATG,2024,2850.0,2850.0,3453445.0,1.0,0.0008252628896652473
USA,AUS,2000,205333.0,659818.0,2138938.0,0.3111964208311989,0.09599763995029309
USA,AUS,2005,246393.0,769054.0,2471161.0,0.3203845243636988,0.09970738450469233
USA,AUS,2010,297607.0,941379.0,2961798.0,0.316139408251087,0.10048186945902456
USA,AUS,2015,362914.0,1074029.0,3201109.0,0.33789962840854393,0.1133713347468018
USA,AUS,2020,397691.0,1266286.0,3340296.0,0.3140609625313713,0.11905861037464943
USA,AUS,2024,408332.0,1327718.0,3453445.0,0.3075442224930294,0.11823903377641747
USA,AUT,2000,7056.0,7056.0,2138938.0,1.0,0.003298833346268101
USA,AUT,2005,8091.0,8091.0,2471161.0,1.0,0.003274169509797217
USA,AUT,2010,9410.0,9410.0,2961798.0,1.0,0.003177124165793886
USA,AUT,2015,10711.0,10711.0,3201109.0,1.0,0.0033460278922086066
USA,AUT,2020,12166.0,12166.0,3340296.0,1.0,0.0036421921889557094
USA,AUT,2024,14035.0,14035.0,3453445.0,1.0,0.004064057774193595
USA,BEL,2000,13850.0,16597.0,2138938.0,0.8344881605109357,0.006475175998556293
USA,BEL,2005,14244.0,17252.0,2471161.0,0.8256434036633434,0.005764092262705667
USA,BEL,2010,15396.0,18666.0,2961798.0,0.8248151719704275,0.005198193799847255
USA,BEL,2015,16025.0,19383.0,3201109.0,0.826755404220193,0.005006077581238252
USA,BEL,2020,16216.0,19807.0,3340296.0,0.8187004594335336,0.00485465958705456
USA,BEL,2024,16645.0,20461.0,3453445.0,0.8134988514735351,0.004819824841571243
USA,BGD,2000,31610.0,289079.0,2138938.0,0.10934727185302287,0.014778361972156276
USA,BGD,2005,37560.0,351379.0,2471161.0,0.10689312679471454,0.015199333430723454
USA,BGD,2010,43455.0,391980.0,2961798.0,0.1108602479718353,0.014671831097191638
USA,BGD,2015,46008.0,402431.0,3201109.0,0.11432518866588309,0.014372519023875789
USA,BGD,2020,45115.0,394634.0,3340296.0,0.11432111779522292,0.013506288065488807
USA,BGD,2024,61983.0,542183.0,3453445.0,0.11432117938039371,0.017948164803551235
USA,BGR,2000,565.0,577.0,2138938.0,0.9792027729636048,0.0002641497790024769
USA,BGR,2005,826.0,845.0,2471161.0,0.9775147928994082,0.0003342558416873688
USA,BGR,2010,1071.0,1095.0,2961798.0,0.9780821917808219,0.00036160467391766756
USA,BGR,2015,2129.0,2170.0,3201109.0,0.9811059907834101,0.00066508200751677
USA,BGR,2020,3454.0,3537.0,3340296.0,0.976533785694091,0.001034040097045292
USA,BGR,2024,4750.0,4865.0,3453445.0,0.9763617677286742,0.0013754381494420788
USA,BHR,2000,544.0,9679.0,2138938.0,0.05620415332162414,0.00025433182261477426
USA,BHR,2005,740.0,14995.0,2471161.0,0.04934978326108703,0.0002994543860153183
USA,BHR,2010,1128.0,24136.0,2961798.0,0.04673516738481936,0.00038084974059675916
USA,BHR,2015,1265.0,27082.0,3201109.0,0.04670999187652315,0.00039517554697450166
USA,BHR,2020,1378.0,29500.0,3340296.0,0.046711864406779664,0.0004125382900198066
USA,BHR,2024,1473.0,31535.0,3453445.0,0.04671000475661963,0.0004265306092901436
USA,BHS,2000,4300.0,4306.0,2138938.0,0.9986065954482118,0.0020103434508153112
USA,BHS,2005,6587.0,6605.0,2471161.0,0.9972747918243755,0.0026655487036255426
USA,BHS,2010,8919.0,8949.0,2961798.0,0.9966476701307408,0.003011346486154694
USA,BHS,2015,9664.0,9697.0,3201109.0,0.9965968856347324,0.0030189537438431494
USA,BHS,2020,10359.0,10393.0,3340296.0,0.9967285673049168,0.0031012221671372834
USA,BHS,2024,10962.0,10998.0,3453445.0,0.9967266775777414,0.0031742216829861196
USA,BLR,2000,90.0,90.0,2138938.0,1.0,4.207695594729721e-05
USA,BLR,2005,86.0,86.0,2471161.0,1.0,3.480145567205051e-05
USA,BLR,2010,82.0,82.0,2961798.0,1.0,2.7685885397991354e-05
USA,BLR,2015,87.0,87.0,3201109.0,1.0,2.7178081096270073e-05
USA,BLR,2020,84.0,84.0,3340296.0,1.0,2.5147471960568762e-05
USA,BLR,2024,83.0,83.0,3453445.0,1.0,2.403397187446159e-05
USA,BLZ,2000,1914.0,1914.0,2138938.0,1.0,0.0008948365964791873
USA,BLZ,2005,2694.0,2694.0,2471161.0,1.0,0.0010901758323314426
USA,BLZ,2010,3474.0,3474.0,2961798.0,1.0,0.0011729361691783166
USA,BLZ,2015,4097.0,4097.0,3201109.0,1.0,0.0012798689454186034
USA,BLZ,2020,4647.0,4647.0,3340296.0,1.0,0.0013911940738186076
USA,BLZ,2024,5146.0,5146.0,3453445.0,1.0,0.0014901062562166184
USA,BMU,2000,2916.0,2935.0,2138938.0,0.993526405451448,0.0013632933726924297
USA,BMU,2005,3157.0,3190.0,2471161.0,0.9896551724137931,0.0012775371576356214
USA,BMU,2010,3428.0,3477.0,2961798.0,0.9859073914293932,0.001157405062735541
USA,BMU,2015,3572.0,3614.0,3201109.0,0.9883785279468733,0.0011158632836307668
USA,BMU,2020,3606.0,3654.0,3340296.0,0.986863711001642,0.0010795450463072735
USA,BMU,2024,3685.0,3734.0,3453445.0,0.986877343331548,0.0010670504380408548
USA,BOL,2000,3656.0,3678.0,2138938.0,0.9940184883088635,0.0017092594549257623
USA,BOL,2005,3935.0,3954.0,2471161.0,0.9951947395042995,0.0015923689310409156
USA,BOL,2010,4206.0,4222.0,2961798.0,0.9962103268593084,0.0014200833412677028
USA,BOL,2015,4897.0,4917.0,3201109.0,0.9959324791539557,0.0015297823348095925
USA,BOL,2020,5453.0,5471.0,3340296.0,0.9967099250594041,0.001632490054773589
USA,BOL,2024,6088.0,6108.0,3453445.0,0.9967256057629339,0.0017628773586954476
USA,BRA,2000,13715.0,14437.0,2138938.0,0.9499896100297845,0.006412060564635347
USA,BRA,2005,18037.0,18822.0,2471161.0,0.9582934863457656,0.007298998325078779
USA,BRA,2010,22784.0,23500.0,2961798.0,0.969531914893617,0.007692624547656525
USA,BRA,2015,28195.0,28962.0,3201109.0,0.9735170223050894,0.008807885017348674
USA,BRA,2020,32451.0,33265.0,3340296.0,0.9755298361641365,0.00971500729276687
USA,BRA,2024,27764.0,28611.0,3453445.0,0.9703960015378701,0.0080395083749705
USA,BRB,2000,1315.0,1315.0,2138938.0,1.0,0.000614791078563287
USA,BRB,2005,1147.0,1147.0,2471161.0,1.0,0.00046415429832374335
USA,BRB,2010,985.0,985.0,2961798.0,1.0,0.00033256825752465226
USA,BRB,2015,1034.0,1034.0,3201109.0,1.0,0.00032301305578785354
USA,BRB,2020,1044.0,1044.0,3340296.0,1.0,0.00031254715150992607
USA,BRB,2024,1054.0,1054.0,3453445.0,1.0,0.00030520248621304234
USA,BRN,2000,144.0,51180.0,2138938.0,0.002813599062133646,6.732312951567553e-05
USA,BRN,2005,147.0,52321.0,2471161.0,0.00280957932761224,5.948620911385377e-05
USA,BRN,2010,150.0,53462.0,2961798.0,0.0028057311735438257,5.064491231339882e-05
USA,BRN,2015,153.0,54603.0,3201109.0,0.0028020438437448493,4.779593572102668e-05
USA,BRN,2020,165.0,59510.0,3340296.0,0.0027726432532347504,4.9396819922545785e-05
USA,BRN,2024,177.0,63747.0,3453445.0,0.0027766012518236154,5.125316893710483e-05
USA,BTN,2000,85.0,85.0,2138938.0,1.0,3.973934728355848e-05
USA,BTN,2005,107.0,107.0,2471161.0,1.0,4.329948554545819e-05
USA,BTN,2010,129.0,129.0,2961798.0,1.0,4.355462458952299e-05
USA,BTN,2015,136.0,136.0,3201109.0,1.0,4.248527619646816e-05
USA,BTN,2020,141.0,141.0,3340296.0,1.0,4.2211827933811854e-05
USA,BTN,2024,147.0,147.0,3453445.0,1.0,4.256619115115486e-05
USA,BWA,2000,55.0,55.0,2138938.0,1.0,2.571369530112607e-05
USA,BWA,2005,507.0,507.0,2471161.0,1.0,0.00020516672122941403
USA,BWA,2010,793.0,793.0,2961798.0,1.0,0.00026774276976350176
USA,BWA,2015,861.0,861.0,3201109.0,1.0,0.0002689692853320521
USA,BWA,2020,920.0,920.0,3340296.0,1.0,0.0002754246929014674
USA,BWA,2024,971.0,971.0,3453445.0,1.0,0.0002811685143385808
USA,CAN,2000,238914.0,268121.0,2138938.0,0.8910678387742847,0.11169748725769517
USA,CAN,2005,248125.0,281778.0,2471161.0,0.8805691004975548,0.10040826963520386
USA,CAN,2010,304650.0,342515.0,2961798.0,0.8894500970760405,0.10285981690851301
USA,CAN,2015,334930.0,376095.0,3201109.0,0.8905462715537298,0.104629364385905
USA,CAN,2020,267441.0,308605.0,3340296.0,0.8666126601966916,0.08006506010245798
USA,CAN,2024,256571.0,298361.0,3453445.0,0.8599347769983342,0.07429421925063234
USA,CHE,2000,25079.0,25079.0,2138938.0,1.0,0.011724977535580742
USA,CHE,2005,29640.0,29640.0,2471161.0,1.0,0.011994362164181128
USA,CHE,2010,33615.0,33615.0,2961798.0,1.0,0.011349524849432675
USA,CHE,2015,36430.0,36430.0,3201109.0,1.0,0.01138043096939217
USA,CHE,2020,39454.0,39454.0,3340296.0,1.0,0.01181152808014619
USA,CHE,2024,42809.0,42809.0,3453445.0,1.0,0.012396027734624412
USA,CHL,2000,7287.0,7322.0,2138938.0,0.9952198852772467,0.0034068308665328307
USA,CHL,2005,8515.0,8566.0,2471161.0,0.994046229278543,0.00344574877962221
USA,CHL,2010,9374.0,9450.0,2961798.0,0.9919576719576719,0.00316496938683867
USA,CHL,2015,11633.0,11760.0,3201109.0,0.9892006802721088,0.0036340530734817215
USA,CHL,2020,16025.0,16320.0,3340296.0,0.9819240196078431,0.004797479025810886
USA,CHL,2024,14042.0,14367.0,3453445.0,0.9773787151110183,0.004066084735676983
USA,CHN,2000,59622.0,143280.0,2138938.0,0.4161222780569514,0.02787458074988616
USA,CHN,2005,69609.0,134556.0,2471161.0,0.5173236422010167,0.028168541021811204
USA,CHN,2010,79727.0,244237.0,2961798.0,0.326432931947248,0.026918446160068984
USA,CHN,2015,73010.0,326332.0,3201109.0,0.22372920829094298,0.02280772069929515
USA,CHN,2020,65742.0,359919.0,3340296.0,0.182657764663716,0.019681489305139424
USA,CHN,2024,70506.0,401377.0,3453445.0,0.17566028945355613,0.020416135192539625
USA,CMR,2000,0.0,0.0,2138938.0,,0.0
USA,CMR,2005,823.0,823.0,2471161.0,1.0,0.00033304183741973914
USA,CMR,2010,655.0,655.0,2961798.0,1.0,0.00022114945043517486
USA,CMR,2015,819.0,819.0,3201109.0,1.0,0.0002558488323890252
USA,CMR,2020,952.0,952.0,3340296.0,1.0,0.0002850046822197793
USA,CMR,2024,1057.0,1057.0,3453445.0,1.0,0.00030607118399163735
USA,COG,2000,83.0,83.0,2138938.0,1.0,3.880430381806298e-05
USA,COG,2005,53.0,53.0,2471161.0,1.0,2.1447408728124147e-05
USA,COG,2010,125.0,125.0,2961798.0,1.0,4.220409359449902e-05
USA,COG,2015,166.0,166.0,3201109.0,1.0,5.185702829863025e-05
USA,COG,2020,164.0,164.0,3340296.0,1.0,4.9097445256348536e-05
USA,COG,2024,163.0,163.0,3453445.0,1.0,4.719924597032818e-05
USA,COK,2000,18.0,18.0,2138938.0,1.0,8.415391189459442e-06
USA,COK,2005,24.0,24.0,2471161.0,1.0,9.712034141037351e-06
USA,COK,2010,29.0,29.0,2961798.0,1.0,9.791349713923772e-06
USA,COK,2015,30.0,30.0,3201109.0,1.0,9.371752102162095e-06
USA,COK,2020,32.0,32.0,3340296.0,1.0,9.57998931831191e-06
USA,COK,2024,35.0,35.0,3453445.0,1.0,1.0134807416941634e-05
USA,COL,2000,14559.0,14559.0,2138938.0,1.0,0.006806648907074445
USA,COL,2005,15108.0,15108.0,2471161.0,1.0,0.006113725491783012
USA,COL,2010,16846.0,16846.0,2961798.0,1.0,0.0056877612855434434
USA,COL,2015,18862.0,18862.0,3201109.0,1.0,0.005892332938366047
USA,COL,2020,20944.0,20944.0,3340296.0,1.0,0.006270103008835145
USA,COL,2024,22519.0,22519.0,3453445.0,1.0,0.006520735092060247
USA,CPV,2000,275.0,275.0,2138938.0,1.0,0.00012856847650563036
USA,CPV,2005,307.0,307.0,2471161.0,1.0,0.0001242331033874361
USA,CPV,2010,338.0,338.0,2961798.0,1.0,0.00011411986907952534
USA,CPV,2015,351.0,351.0,3201109.0,1.0,0.00010964949959529651
USA,CPV,2020,370.0,370.0,3340296.0,1.0,0.00011076862649298146
USA,CPV,2024,387.0,387.0,3453445.0,1.0,0.00011206201343875464
USA,CRI,2000,9667.0,9683.0,2138938.0,0.998347619539399,0.004519532590472468
USA,CRI,2005,6336.0,6349.0,2471161.0,0.9979524334540872,0.0025639770132338605
USA,CRI,2010,12492.0,12515.0,2961798.0,0.9981622053535757,0.004217708297459854
USA,CRI,2015,12673.0,12694.0,3201109.0,0.9983456751221049,0.0039589404796900075
USA,CRI,2020,15209.0,15233.0,3340296.0,0.9984244731832206,0.004553189298193932
USA,CRI,2024,18354.0,18383.0,3453445.0,0.9984224555295653,0.0053146930094441925
USA,CUB,2000,569.0,569.0,2138938.0,1.0,0.00026601986593346793
USA,CUB,2005,459.0,459.0,2471161.0,1.0,0.00018574265294733932
USA,CUB,2010,349.0,349.0,2961798.0,1.0,0.00011783382931584126
USA,CUB,2015,253.0,253.0,3201109.0,1.0,7.903510939490033e-05
USA,CUB,2020,176.0,176.0,3340296.0,1.0,5.268994125071551e-05
USA,CUB,2024,125.0,125.0,3453445.0,1.0,3.6195740774791546e-05
USA,CUW,2000,340.0,527.0,2138938.0,0.6451612903225806,0.0001589573891342339
USA,CUW,2005,340.0,527.0,2471161.0,0.6451612903225806,0.00013758715033136245
USA,CUW,2010,305.0,474.0,2961798.0,0.6434599156118144,0.0001029779883705776
USA,CUW,2015,330.0,512.0,3201109.0,0.64453125,0.00010308927312378305
USA,CUW,2020,384.0,595.0,3340296.0,0.6453781512605042,0.00011495987181974293
USA,CUW,2024,537.0,832.0,3453445.0,0.6454326923076923,0.0001554969023685045
USA,CYM,2000,1821.0,1840.0,2138938.0,0.9896739130434783,0.0008513570753336468
USA,CYM,2005,2133.0,2151.0,2471161.0,0.9916317991631799,0.0008631570342846945
USA,CYM,2010,2640.0,2658.0,2961798.0,0.9932279909706546,0.0008913504567158192
USA,CYM,2015,2878.0,2896.0,3201109.0,0.9937845303867403,0.0008990634183340836
USA,CYM,2020,3212.0,3231.0,3340296.0,0.9941194676570722,0.000961591427825558
USA,CYM,2024,3507.0,3528.0,3453445.0,0.9940476190476191,0.0010155077031775517
USA,CYP,2000,1446.0,1545.0,2138938.0,0.9359223300970874,0.0006760364255532418
USA,CYP,2005,2174.0,2323.0,2471161.0,0.9358588032716315,0.0008797484259423
USA,CYP,2010,3335.0,3564.0,2961798.0,0.9357463524130191,0.0011260052171012337
USA,CYP,2015,3063.0,3271.0,3201109.0,0.9364108835218588,0.0009568558896307499
USA,CYP,2020,3161.0,3374.0,3340296.0,0.9368701837581506,0.0009463233198494983
USA,CYP,2024,3355.0,3581.0,3453445.0,0.9368891371125384,0.0009714936823954052
USA,CZE,2000,1797.0,1797.0,2138938.0,1.0,0.0008401365537477009
USA,CZE,2005,3485.0,3485.0,2471161.0,1.0,0.0014102682908964652
USA,CZE,2010,6447.0,6447.0,2961798.0,1.0,0.0021767183312298814
USA,CZE,2015,7129.0,7129.0,3201109.0,1.0,0.002227040691210452
USA,CZE,2020,7315.0,7315.0,3340296.0,1.0,0.002189925683232863
USA,CZE,2024,7462.0,7462.0,3453445.0,1.0,0.0021607409412919562
USA,DEU,2000,113573.0,113573.0,2138938.0,1.0,0.053097845753359844
USA,DEU,2005,103815.0,103815.0,2471161.0,1.0,0.04201061768132469
USA,DEU,2010,110310.0,110310.0,2961798.0,1.0,0.037244268515273495
USA,DEU,2015,128204.0,128204.0,3201109.0,1.0,0.040049870216852974
USA,DEU,2020,144138.0,144138.0,3340296.0,1.0,0.043151265636338816
USA,DEU,2024,152501.0,152501.0,3453445.0,1.0,0.04415909331117189
USA,DMA,2000,356.0,356.0,2138938.0,1.0,0.00016643773685819785
USA,DMA,2005,439.0,439.0,2471161.0,1.0,0.00017764929116314152
USA,DMA,2010,534.0,534.0,2961798.0,1.0,0.0001802958878356998
USA,DMA,2015,623.0,623.0,3201109.0,1.0,0.00019462005198823284
USA,DMA,2020,637.0,637.0,3340296.0,1.0,0.00019070166236764645
USA,DMA,2024,649.0,649.0,3453445.0,1.0,0.0001879282861027177
USA,DNK,2000,8317.0,9327.0,2138938.0,0.8917122333011687,0.00388837825126301
USA,DNK,2005,9086.0,10477.0,2471161.0,0.867232986541949,0.0036768142585610567
USA,DNK,2010,10851.0,12604.0,2961798.0,0.8609171691526499,0.0036636529567512705
USA,DNK,2015,12483.0,14475.0,3201109.0,0.8623834196891191,0.0038995860497096474
USA,DNK,2020,14036.0,16236.0,3340296.0,0.8644986449864499,0.0042020228147445614
USA,DNK,2024,16584.0,19207.0,3453445.0,0.8634352059145103,0.004802161320073144
USA,DOM,2000,11133.0,11177.0,2138938.0,0.9960633443678983,0.005204919450680665
USA,DOM,2005,17831.0,17862.0,2471161.0,0.9982644720635987,0.007215636698701541
USA,DOM,2010,24567.0,24585.0,2961798.0,0.999267846247712,0.008294623738688459
USA,DOM,2015,14010.0,14027.0,3201109.0,0.998788051614743,0.004376608231709698
USA,DOM,2020,14626.0,14643.0,3340296.0,0.9988390357167247,0.004378653867800938
USA,DOM,2024,15776.0,15794.0,3453445.0,0.9988603267063442,0.004568192051704892
USA,DZA,2000,1094.0,3417.0,2138938.0,0.3201638864501024,0.000511468775626035
USA,DZA,2005,865.0,2702.0,2471161.0,0.3201332346410067,0.0003500378971665545
USA,DZA,2010,950.0,2967.0,2961798.0,0.3201887428378834,0.00032075111131819254
USA,DZA,2015,1032.0,3222.0,3201109.0,0.3202979515828678,0.000322388272314376
USA,DZA,2020,1072.0,3347.0,3340296.0,0.3202868240215118,0.000320929642163449
USA,DZA,2024,1111.0,3468.0,3453445.0,0.32035755478662054,0.00032170774400634727
USA,ECU,2000,10832.0,10832.0,2138938.0,1.0,0.005064195409123593
USA,ECU,2005,13095.0,13095.0,2471161.0,1.0,0.005299128628203504
USA,ECU,2010,16612.0,16612.0,2961798.0,1.0,0.005608755222334541
USA,ECU,2015,15816.0,15816.0,3201109.0,1.0,0.0049407877082598564
USA,ECU,2020,14744.0,14744.0,3340296.0,1.0,0.004413980078412213
USA,ECU,2024,13588.0,13588.0,3453445.0,1.0,0.00393462180518294
USA,EGY,2000,3332.0,7182.0,2138938.0,0.46393762183235865,0.0015577824135154922
USA,EGY,2005,3646.0,8428.0,2471161.0,0.43260560037968676,0.0014754198532592575
USA,EGY,2010,3673.0,9143.0,2961798.0,0.40172809799846876,0.001240125086180759
USA,EGY,2015,0.0,0.0,3201109.0,,0.0
USA,EGY,2020,3217.0,9425.0,3340296.0,0.3413262599469496,0.0009630883011565442
USA,EGY,2024,2512.0,7897.0,3453445.0,0.3180954792959352,0.000727389606610211
USA,ESP,2000,20329.0,20329.0,2138938.0,1.0,0.009504249305028944
USA,ESP,2005,29672.0,29672.0,2471161.0,1.0,0.012007311543035845
USA,ESP,2010,35560.0,35560.0,2961798.0,1.0,0.01200622054576308
USA,ESP,2015,40176.0,40176.0,3201109.0,1.0,0.012550650415215477
USA,ESP,2020,53484.0,53484.0,3340296.0,1.0,0.01601175464689357
USA,ESP,2024,68613.0,68613.0,3453445.0,1.0,0.01986798689424618
USA,EST,2000,191.0,191.0,2138938.0,1.0,8.929665095481964e-05
USA,EST,2005,409.0,409.0,2471161.0,1.0,0.00016550924848684486
USA,EST,2010,624.0,632.0,2961798.0,0.9873417721518988,0.0002106828352237391
USA,EST,2015,642.0,662.0,3201109.0,0.9697885196374623,0.00020055549498626882
USA,EST,2020,1181.0,1238.0,3340296.0,0.9539579967689822,0.00035356148077894895
USA,EST,2024,1203.0,1261.0,3453445.0,0.9540047581284695,0.00034834780921659384
USA,FIN,2000,2442.0,2742.0,2138938.0,0.8905908096280087,0.0011416880713699977
USA,FIN,2005,3335.0,3851.0,2471161.0,0.8660088288756167,0.0013495680775149818
USA,FIN,2010,3907.0,4580.0,2961798.0,0.853056768558952,0.0013191311493896613
USA,FIN,2015,4427.0,5304.0,3201109.0,0.8346530920060332,0.0013829582185423863
USA,FIN,2020,5445.0,6685.0,3340296.0,0.8145100972326104,0.001630095057444011
USA,FIN,2024,6410.0,7870.0,3453445.0,0.8144853875476493,0.0018561175869313106
USA,FLK,2000,21.0,21.0,2138938.0,1.0,9.817956387702682e-06
USA,FLK,2005,30.0,30.0,2471161.0,1.0,1.2140042676296688e-05
USA,FLK,2010,17.0,17.0,2961798.0,1.0,5.739756728851866e-06
USA,FLK,2015,19.0,19.0,3201109.0,1.0,5.935442998035993e-06
USA,FLK,2020,23.0,23.0,3340296.0,1.0,6.885617322536686e-06
USA,FLK,2024,27.0,27.0,3453445.0,1.0,7.818280007354975e-06
USA,FRA,2000,41969.0,41969.0,2138938.0,1.0,0.019621419601690185
USA,FRA,2005,48080.0,48080.0,2471161.0,1.0,0.01945644172921149
USA,FRA,2010,51938.0,51938.0,2961798.0,1.0,0.01753596970488872
USA,FRA,2015,54702.0,54702.0,3201109.0,1.0,0.017088452783082363
USA,FRA,2020,57596.0,57596.0,3340296.0,1.0,0.01724278327429665
USA,FRA,2024,59171.0,59171.0,3453445.0,1.0,0.017133905419081524
USA,FRO,2000,26.0,26.0,2138938.0,1.0,1.2155565051441416e-05
USA,FRO,2005,31.0,34.0,2471161.0,0.9117647058823529,1.2544710765506578e-05
USA,FRO,2010,39.0,45.0,2961798.0,0.8666666666666667,1.3167677201483693e-05
USA,FRO,2015,41.0,51.0,3201109.0,0.803921568627451,1.2808061206288197e-05
USA,FRO,2020,45.0,56.0,3340296.0,0.8035714285714286,1.3471859978876124e-05
USA,FRO,2024,54.0,67.0,3453445.0,0.8059701492537313,1.563656001470995e-05
USA,GAB,2000,283.0,283.0,2138938.0,1.0,0.00013230865036761234
USA,GAB,2005,310.0,310.0,2471161.0,1.0,0.00012544710765506576
USA,GAB,2010,359.0,359.0,2961798.0,1.0,0.00012121015680340118
USA,GAB,2015,502.0,502.0,3201109.0,1.0,0.0001568206518428457
USA,GAB,2020,550.0,550.0,3340296.0,1.0,0.00016465606640848595
USA,GAB,2024,594.0,594.0,3453445.0,1.0,0.00017200216016180944
USA,GBR,2000,157282.0,206612.0,2138938.0,0.7612432966139431,0.0735327531700311
USA,GBR,2005,173804.0,231323.0,2471161.0,0.7513476826774683,0.07033293257703566
USA,GBR,2010,194269.0,262697.0,2961798.0,0.7395173907581739,0.06559157646807784
USA,GBR,2015,211556.0,280519.0,3201109.0,0.7541592548098346,0.06608834625750014
USA,GBR,2020,229523.0,297361.0,3340296.0,0.771866519146761,0.06871337150959077
USA,GBR,2024,243570.0,310502.0,3453445.0,0.7844393916947395,0.07052957264412782
USA,GEO,2000,107.0,107.0,2138938.0,1.0,5.00248254040089e-05
USA,GEO,2005,101.0,101.0,2471161.0,1.0,4.087147701019885e-05
USA,GEO,2010,102.0,102.0,2961798.0,1.0,3.44385403731112e-05
USA,GEO,2015,107.0,107.0,3201109.0,1.0,3.34259158310448e-05
USA,GEO,2020,109.0,109.0,3340296.0,1.0,3.2631838615499946e-05
USA,GEO,2024,112.0,112.0,3453445.0,1.0,3.243138373421323e-05
USA,GHA,2000,487.0,487.0,2138938.0,1.0,0.00022768308384815269
USA,GHA,2005,685.0,685.0,2471161.0,1.0,0.0002771976411087744
USA,GHA,2010,508.0,508.0,2961798.0,1.0,0.000171517436368044
USA,GHA,2015,625.0,625.0,3201109.0,1.0,0.0001952448354617103
USA,GHA,2020,716.0,716.0,3340296.0,1.0,0.000214352260997229
USA,GHA,2024,800.0,800.0,3453445.0,1.0,0.00023165274095866592
USA,GIN,2000,689.0,689.0,2138938.0,1.0,0.00032212247386319753
USA,GIN,2005,550.0,550.0,2471161.0,1.0,0.00022256744906543928
USA,GIN,2010,472.0,472.0,2961798.0,1.0,0.0001593626574128283
USA,GIN,2015,301.0,302.0,3201109.0,0.9966887417218543,9.402991275835968e-05
USA,GIN,2020,288.0,288.0,3340296.0,1.0,8.621990386480719e-05
USA,GIN,2024,278.0,278.0,3453445.0,1.0,8.049932748313641e-05
USA,GLP,2000,329.0,329.0,2138938.0,1.0,0.0001538146500740087
USA,GLP,2005,404.0,404.0,2471161.0,1.0,0.0001634859080407954
USA,GLP,2010,478.0,478.0,2961798.0,1.0,0.00016138845390536424
USA,GLP,2015,458.0,458.0,3201109.0,1.0,0.0001430754154263413
USA,GLP,2020,452.0,452.0,3340296.0,1.0,0.00013531734912115574
USA,GLP,2024,449.0,449.0,3453445.0,1.0,0.00013001510086305124
USA,GNB,2000,313.0,313.0,2138938.0,1.0,0.00014633430235004474
USA,GNB,2005,303.0,303.0,2471161.0,1.0,0.00012261443103059655
USA,GNB,2010,293.0,293.0,2961798.0,1.0,9.89263953855057e-05
USA,GNB,2015,311.0,311.0,3201109.0,1.0,9.715383012574704e-05
USA,GNB,2020,226.0,226.0,3340296.0,1.0,6.765867456057787e-05
USA,GNB,2024,190.0,190.0,3453445.0,1.0,5.501752597768315e-05
USA,GRC,2000,22885.0,23191.0,2138938.0,0.9868052261653227,0.010699234853932186
USA,GRC,2005,23058.0,23470.0,2471161.0,0.9824456753302088,0.009330836801001635
USA,GRC,2010,24186.0,24722.0,2961798.0,0.9783189062373594,0.008165985661412425
USA,GRC,2015,22792.0,23295.0,3201109.0,0.9784073835587036,0.007120032463749282
USA,GRC,2020,23297.0,23808.0,3340296.0,0.978536626344086,0.0069745315983972675
USA,GRC,2024,24748.0,25291.0,3453445.0,0.9785299118263414,0.00716617754155633
USA,GRL,2000,26.0,26.0,2138938.0,1.0,1.2155565051441416e-05
USA,GRL,2005,27.0,27.0,2471161.0,1.0,1.092603840866702e-05
USA,GRL,2010,30.0,30.0,2961798.0,1.0,1.0128982462679763e-05
USA,GRL,2015,39.0,39.0,3201109.0,1.0,1.2183277732810723e-05
USA,GRL,2020,38.0,38.0,3340296.0,1.0,1.1376237315495393e-05
USA,GRL,2024,37.0,37.0,3453445.0,1.0,1.0713939269338299e-05
USA,GTM,2000,5456.0,5481.0,2138938.0,0.9954387885422368,0.0025507985738717066
USA,GTM,2005,6473.0,6503.0,2471161.0,0.9953867445794249,0.0026194165414556154
USA,GTM,2010,7514.0,7549.0,2961798.0,0.9953636243211021,0.0025369724741525247
USA,GTM,2015,8239.0,8278.0,3201109.0,0.9952887170814206,0.00257379551899045
USA,GTM,2020,9299.0,9341.0,3340296.0,0.9955036933947115,0.002783885020968202
USA,GTM,2024,10228.0,10274.0,3453445.0,0.9955226786061904,0.0029616802931565437
USA,GUM,2000,19095.0,19095.0,2138938.0,1.0,0.008927327486818225
USA,GUM,2005,18719.0,18719.0,2471161.0,1.0,0.007574981961919924
USA,GUM,2010,18343.0,18343.0,2961798.0,1.0,0.006193197510431164
USA,GUM,2015,18508.0,18508.0,3201109.0,1.0,0.0057817462635605344
USA,GUM,2020,19572.0,19572.0,3340296.0,1.0,0.005859360966812522
USA,GUM,2024,20469.0,20469.0,3453445.0,1.0,0.005927124943353666
USA,GUY,2000,632.0,632.0,2138938.0,1.0,0.000295473735096576
USA,GUY,2005,852.0,852.0,2471161.0,1.0,0.00034477721200682594
USA,GUY,2010,667.0,667.0,2961798.0,1.0,0.00022520104342024674
USA,GUY,2015,706.0,706.0,3201109.0,1.0,0.00022054856613754796
USA,GUY,2020,740.0,740.0,3340296.0,1.0,0.0002215372529859629
USA,GUY,2024,1286.0,1286.0,3453445.0,1.0,0.00037238178109105547
USA,HKG,2000,13796.0,137522.0,2138938.0,0.10031849449542618,0.006449929824987915
USA,HKG,2005,13370.0,148452.0,2471161.0,0.0900627812356856,0.005410412352736224
USA,HKG,2010,12976.0,159742.0,2961798.0,0.08123098496325325,0.004381122547857754
USA,HKG,2015,13261.0,163255.0,3201109.0,0.08122875256500567,0.004142626820892384
USA,HKG,2020,13827.0,170229.0,3340296.0,0.08122587808187794,0.004139453509509337
USA,HKG,2024,14298.0,176023.0,3453445.0,0.08122802133812058,0.004140213612783756
USA,HND,2000,5061.0,5061.0,2138938.0,1.0,0.0023661274894363465
USA,HND,2005,4946.0,4946.0,2471161.0,1.0,0.002001488369232114
USA,HND,2010,4851.0,4851.0,2961798.0,1.0,0.001637856464215318
USA,HND,2015,6799.0,6799.0,3201109.0,1.0,0.0021239514180866692
USA,HND,2020,6954.0,6954.0,3340296.0,1.0,0.002081851428735657
USA,HND,2024,7079.0,7079.0,3453445.0,1.0,0.002049837191557995
USA,HRV,2000,835.0,835.0,2138938.0,1.0,0.00039038064684436855
USA,HRV,2005,1221.0,1235.0,2471161.0,0.988663967611336,0.0004940997369252752
USA,HRV,2010,1606.0,1633.0,2961798.0,0.9834660134721371,0.0005422381945021234
USA,HRV,2015,1616.0,1643.0,3201109.0,0.9835666463785758,0.0005048250465697981
USA,HRV,2020,1519.0,1542.0,3340296.0,0.9850843060959793,0.00045475011795361847
USA,HRV,2024,1447.0,1469.0,3453445.0,0.9850238257317904,0.00041900189520898697
USA,HTI,2000,1449.0,1449.0,2138938.0,1.0,0.0006774389907514851
USA,HTI,2005,1376.0,1376.0,2471161.0,1.0,0.0005568232907528081
USA,HTI,2010,1444.0,1444.0,2961798.0,1.0,0.00048754168920365267
USA,HTI,2015,1516.0,1516.0,3201109.0,1.0,0.0004735858728959245
USA,HTI,2020,1586.0,1586.0,3340296.0,1.0,0.00047480822058883405
USA,HTI,2024,1644.0,1644.0,3453445.0,1.0,0.00047604638267005844
USA,HUN,2000,4977.0,5203.0,2138938.0,0.9565635210455506,0.0023268556638855356
USA,HUN,2005,6109.0,6388.0,2471161.0,0.9563243581715717,0.002472117356983216
USA,HUN,2010,7295.0,7629.0,2961798.0,0.9562196880325076,0.0024630309021749625
USA,HUN,2015,7273.0,7577.0,3201109.0,0.9598785799128943,0.0022720251013008306
USA,HUN,2020,9362.0,10085.0,3340296.0,0.9283093703520079,0.0028027456249386283
USA,HUN,2024,11044.0,11897.0,3453445.0,0.9283012524165756,0.003197966088934383
USA,IDN,2000,7346.0,280446.0,2138938.0,0.02619399100004992,0.003434414648764948
USA,IDN,2005,5444.0,95078.0,2471161.0,0.05725825112013294,0.002203013077658639
USA,IDN,2010,6317.0,100661.0,2961798.0,0.06275518820595861,0.0021328260738916025
USA,IDN,2015,3081.0,135695.0,3201109.0,0.022705331810309887,0.0009624789408920471
USA,IDN,2020,1459.0,292106.0,3340296.0,0.004994762175374693,0.00043678763798178367
USA,IDN,2024,1917.0,422616.0,3453445.0,0.0045360327105457435,0.0005550978805222032
USA,IMN,2000,178.0,178.0,2138938.0,1.0,8.321886842909893e-05
USA,IMN,2005,223.0,223.0,2471161.0,1.0,9.024098389380538e-05
USA,IMN,2010,265.0,265.0,2961798.0,1.0,8.947267842033792e-05
USA,IMN,2015,227.0,227.0,3201109.0,1.0,7.091292423969318e-05
USA,IMN,2020,230.0,230.0,3340296.0,1.0,6.885617322536685e-05
USA,IMN,2024,233.0,233.0,3453445.0,1.0,6.746886080421145e-05
USA,IND,2000,3441.0,18851.0,2138938.0,0.18253673545170018,0.0016087422823849967
USA,IND,2005,7443.0,22616.0,2471161.0,0.32910328970640257,0.0030119445879892084
USA,IND,2010,19105.0,33733.0,2961798.0,0.5663593513769899,0.00645047366498323
USA,IND,2015,18489.0,32149.0,3201109.0,0.5751034246788391,0.005775810820562499
USA,IND,2020,17244.0,29983.0,3340296.0,0.5751259046793182,0.005162416743905331
USA,IND,2024,16671.0,28734.0,3453445.0,0.580183754437252,0.0048273535556523995
USA,IRL,2000,23490.0,23490.0,2138938.0,1.0,0.010982085502244571
USA,IRL,2005,31600.0,31600.0,2471161.0,1.0,0.01278751161903251
USA,IRL,2010,28327.0,28327.0,2961798.0,1.0,0.00956412287401099
USA,IRL,2015,28482.0,28482.0,3201109.0,1.0,0.008897541445792693
USA,IRL,2020,32488.0,32488.0,3340296.0,1.0,0.009726084155416167
USA,IRL,2024,36363.0,36363.0,3453445.0,1.0,0.01052948577434996
USA,ISL,2000,1392.0,1476.0,2138938.0,0.943089430894309,0.0006507902519848635
USA,ISL,2005,1606.0,1718.0,2471161.0,0.9348079161816065,0.0006498969512710827
USA,ISL,2010,1851.0,1987.0,2961798.0,0.9315551082033215,0.0006249582179473415
USA,ISL,2015,2019.0,2183.0,3201109.0,0.9248740265689418,0.0006307189164755089
USA,ISL,2020,2604.0,2810.0,3340296.0,0.9266903914590747,0.0007795716307776317
USA,ISL,2024,3932.0,4244.0,3453445.0,0.9264844486333648,0.001138573221811843
USA,ISR,2000,60641.0,60641.0,2138938.0,1.0,0.02835098539555611
USA,ISR,2005,69328.0,69328.0,2471161.0,1.0,0.028054829288743227
USA,ISR,2010,78596.0,78596.0,2961798.0,1.0,0.026536583521225957
USA,ISR,2015,84882.0,84882.0,3201109.0,1.0,0.02651643539785743
USA,ISR,2020,91494.0,91494.0,3340296.0,1.0,0.027390985709050936
USA,ISR,2024,97258.0,97258.0,3453445.0,1.0,0.02816260285019741
USA,ITA,2000,49777.0,51262.0,2138938.0,0.9710311731887168,0.02327182929098459
USA,ITA,2005,48758.0,50857.0,2471161.0,0.9587274121556522,0.0197308066936958
USA,ITA,2010,49346.0,52230.0,2961798.0,0.9447826919394984,0.016660825620113187
USA,ITA,2015,50236.0,53965.0,3201109.0,0.9308996571852126,0.015693311286807166
USA,ITA,2020,53577.0,58180.0,3340296.0,0.9208834651082847,0.016039596490849913
USA,ITA,2024,50957.0,55947.0,3453445.0,0.91080844370565,0.014755410901288424
USA,JAM,2000,6668.0,6668.0,2138938.0,1.0,0.0031174349139619756
USA,JAM,2005,6493.0,6493.0,2471161.0,1.0,0.0026275099032398133
USA,JAM,2010,6329.0,6329.0,2961798.0,1.0,0.0021368776668766742
USA,JAM,2015,6193.0,6193.0,3201109.0,1.0,0.0019346420256229951
USA,JAM,2020,6349.0,6349.0,3340296.0,1.0,0.0019007297556863224
USA,JAM,2024,6452.0,6452.0,3453445.0,1.0,0.0018682793558316407
USA,JPN,2000,44602.0,70445.0,2138938.0,0.6331464262900135,0.020852404324015
USA,JPN,2005,48380.0,80611.0,2471161.0,0.6001662304152039,0.01957784215597446
USA,JPN,2010,50876.0,83982.0,2961798.0,0.6057964801981377,0.017177403725709858
USA,JPN,2015,82623.0,147865.0,3201109.0,0.5587732052886079,0.025810742464564624
USA,JPN,2020,89237.0,190319.0,3340296.0,0.4688811942055181,0.02671529708744375
USA,JPN,2024,62509.0,231127.0,3453445.0,0.270453040968818,0.01810047648073156
USA,KAZ,2000,710.0,710.0,2138938.0,1.0,0.0003319404302509002
USA,KAZ,2005,702.0,702.0,2471161.0,1.0,0.0002840769986253425
USA,KAZ,2010,694.0,694.0,2961798.0,1.0,0.00023431712763665854
USA,KAZ,2015,686.0,686.0,3201109.0,1.0,0.00021430073140277323
USA,KAZ,2020,678.0,678.0,3340296.0,1.0,0.0002029760236817336
USA,KAZ,2024,672.0,672.0,3453445.0,1.0,0.00019458830240527935
USA,KHM,2000,386.0,933.0,2138938.0,0.4137191854233655,0.00018046338884063025
USA,KHM,2005,301.0,728.0,2471161.0,0.41346153846153844,0.00012180509485217678
USA,KHM,2010,216.0,523.0,2961798.0,0.4130019120458891,7.29286737312943e-05
USA,KHM,2015,195.0,472.0,3201109.0,0.413135593220339,6.0916388664053616e-05
USA,KHM,2020,208.0,501.0,3340296.0,0.4151696606786427,6.226993056902742e-05
USA,KHM,2024,220.0,530.0,3453445.0,0.41509433962264153,6.370450376363313e-05
USA,KIR,2000,38.0,38.0,2138938.0,1.0,1.776582584441438e-05
USA,KIR,2005,39.0,39.0,2471161.0,1.0,1.5782055479185694e-05
USA,KIR,2010,40.0,40.0,2961798.0,1.0,1.3505309950239686e-05
USA,KIR,2015,40.0,40.0,3201109.0,1.0,1.249566946954946e-05
USA,KIR,2020,42.0,42.0,3340296.0,1.0,1.2573735980284381e-05
USA,KIR,2024,44.0,44.0,3453445.0,1.0,1.2740900752726625e-05
USA,KOR,2000,11611.0,21590.0,2138938.0,0.5377952755905512,0.005428394838934088
USA,KOR,2005,13495.0,27111.0,2471161.0,0.49776843347718636,0.0054609958638874604
USA,KOR,2010,39891.0,57027.0,2961798.0,0.6995107580619706,0.013468507980625282
USA,KOR,2015,54293.0,94693.0,3201109.0,0.573358115172188,0.01696068456275622
USA,KOR,2020,65941.0,102177.0,3340296.0,0.6453605018741987,0.019741064863712677
USA,KOR,2024,53226.0,81033.0,3453445.0,0.6568435082003629,0.01541243598783244
USA,KWT,2000,2543.0,45234.0,2138938.0,0.056218773488968476,0.0011889077663775202
USA,KWT,2005,2815.0,56493.0,2471161.0,0.04982918237657763,0.0011391406711258392
USA,KWT,2010,3670.0,79481.0,2961798.0,0.04617455744140109,0.0012391121879344912
USA,KWT,2015,4339.0,94961.0,3201109.0,0.045692442160465876,0.0013554677457093777
USA,KWT,2020,5035.0,110231.0,3340296.0,0.04567680598016892,0.0015073514443031395
USA,KWT,2024,5521.0,120868.0,3453445.0,0.04567792964225436,0.001598693478540993
USA,LBR,2000,2837.0,2837.0,2138938.0,1.0,0.0013263591558053576
USA,LBR,2005,1236.0,1236.0,2471161.0,1.0,0.0005001697582634236
USA,LBR,2010,451.0,451.0,2961798.0,1.0,0.00015227236968895245
USA,LBR,2015,517.0,517.0,3201109.0,1.0,0.00016150652789392677
USA,LBR,2020,399.0,399.0,3340296.0,1.0,0.00011945049181270162
USA,LBR,2024,329.0,329.0,3453445.0,1.0,9.526718971925136e-05
USA,LBY,2000,7274.0,22714.0,2138938.0,0.3202430219248041,0.00340075308400711
USA,LBY,2005,8018.0,25038.0,2471161.0,0.3202332454668903,0.003244628739284895
USA,LBY,2010,8799.0,27477.0,2961798.0,0.32023146631728355,0.002970830556303975
USA,LBY,2015,9851.0,30764.0,3201109.0,0.32021193602912496,0.003077370998613293
USA,LBY,2020,10550.0,32948.0,3340296.0,0.3202015296831371,0.003158402728380958
USA,LBY,2024,11152.0,34828.0,3453445.0,0.320202136212243,0.003229239208963803
USA,LCA,2000,511.0,522.0,2138938.0,0.9789272030651341,0.0002389036054340986
USA,LCA,2005,742.0,753.0,2471161.0,0.9853917662682603,0.0003002637221937381
USA,LCA,2010,916.0,927.0,2961798.0,0.9881337648327939,0.0003092715978604888
USA,LCA,2015,877.0,887.0,3201109.0,0.9887260428410372,0.0002739675531198719
USA,LCA,2020,851.0,859.0,3340296.0,0.9906868451688009,0.00025476784093385736
USA,LCA,2024,824.0,832.0,3453445.0,0.9903846153846154,0.00023860232318742588
USA,LIE,2000,60.0,60.0,2138938.0,1.0,2.8051303964864807e-05
USA,LIE,2005,91.0,91.0,2471161.0,1.0,3.6824796118099957e-05
USA,LIE,2010,124.0,129.0,2961798.0,0.9612403100775194,4.1866460845743025e-05
USA,LIE,2015,129.0,138.0,3201109.0,0.9347826086956522,4.0298534039297e-05
USA,LIE,2020,147.0,156.0,3340296.0,0.9423076923076923,4.400807593099534e-05
USA,LIE,2024,157.0,167.0,3453445.0,0.9401197604790419,4.546185041313819e-05
USA,LKA,2000,158.0,472.0,2138938.0,0.3347457627118644,7.3868433774144e-05
USA,LKA,2005,302.0,912.0,2471161.0,0.33114035087719296,0.00012220976294138666
USA,LKA,2010,598.0,1816.0,2961798.0,0.32929515418502203,0.0002019043837560833
USA,LKA,2015,605.0,1837.0,3201109.0,0.32934131736526945,0.00018899700072693557
USA,LKA,2020,613.0,1861.0,3340296.0,0.3293927995701236,0.00018351667037891253
USA,LKA,2024,620.0,1882.0,3453445.0,0.3294367693942614,0.0001795308742429661
USA,LSO,2000,85.0,85.0,2138938.0,1.0,3.973934728355848e-05
USA,LSO,2005,86.0,86.0,2471161.0,1.0,3.480145567205051e-05
USA,LSO,2010,87.0,87.0,2961798.0,1.0,2.9374049141771317e-05
USA,LSO,2015,124.0,124.0,3201109.0,1.0,3.8736575355603326e-05
USA,LSO,2020,163.0,163.0,3340296.0,1.0,4.8798070590151294e-05
USA,LSO,2024,203.0,203.0,3453445.0,1.0,5.8781883018261475e-05
USA,LTU,2000,1026.0,1029.0,2138938.0,0.9970845481049563,0.0004796772977991882
USA,LTU,2005,936.0,939.0,2471161.0,0.9968051118210862,0.0003787693315004567
USA,LTU,2010,719.0,721.0,2961798.0,0.9972260748959778,0.00024275794635555834
USA,LTU,2015,554.0,557.0,3201109.0,0.9946140035906643,0.00017306502215326002
USA,LTU,2020,588.0,609.0,3340296.0,0.9655172413793104,0.00017603230372398136
USA,LTU,2024,619.0,642.0,3453445.0,0.9641744548286605,0.00017924130831676775
USA,LUX,2000,965.0,988.0,2138938.0,0.9767206477732794,0.00045115847210157567
USA,LUX,2005,836.0,855.0,2471161.0,0.9777777777777777,0.0003383025225794677
USA,LUX,2010,718.0,735.0,2961798.0,0.9768707482993197,0.00024242031360680236
USA,LUX,2015,1095.0,1120.0,3201109.0,0.9776785714285714,0.00034206895172891644
USA,LUX,2020,2972.0,3204.0,3340296.0,0.9275905118601748,0.0008897415079382186
USA,LUX,2024,3433.0,3701.0,3453445.0,0.9275871386111861,0.0009940798246388751
USA,LVA,2000,479.0,496.0,2138938.0,0.9657258064516129,0.0002239429099861707
USA,LVA,2005,603.0,615.0,2471161.0,0.9804878048780488,0.00024401485779356342
USA,LVA,2010,712.0,719.0,2961798.0,0.9902642559109874,0.0002403945171142664
USA,LVA,2015,426.0,436.0,3201109.0,0.9770642201834863,0.00013307887985070175
USA,LVA,2020,543.0,554.0,3340296.0,0.98014440433213,0.0001625604437451052
USA,LVA,2024,500.0,510.0,3453445.0,0.9803921568627451,0.00014478296309916618
USA,MAR,2000,1208.0,1208.0,2138938.0,1.0,0.0005647662531592781
USA,MAR,2005,1281.0,1281.0,2471161.0,1.0,0.0005183798222778685
USA,MAR,2010,1392.0,1392.0,2961798.0,1.0,0.0004699847862683411
USA,MAR,2015,1795.0,1795.0,3201109.0,1.0,0.000560743167446032
USA,MAR,2020,1971.0,1971.0,3340296.0,1.0,0.0005900674670747743
USA,MAR,2024,2139.0,2139.0,3453445.0,1.0,0.000619381516138233
USA,MDA,2000,13.0,13.0,2138938.0,1.0,6.077782525720708e-06
USA,MDA,2005,55.0,55.0,2471161.0,1.0,2.2256744906543927e-05
USA,MDA,2010,111.0,111.0,2961798.0,1.0,3.7477235111915126e-05
USA,MDA,2015,195.0,195.0,3201109.0,1.0,6.0916388664053616e-05
USA,MDA,2020,252.0,252.0,3340296.0,1.0,7.54424158817063e-05
USA,MDA,2024,230.0,230.0,3453445.0,1.0,6.660016302561645e-05
USA,MDV,2000,16.0,74.0,2138938.0,0.21621621621621623,7.480347723963949e-06
USA,MDV,2005,32.0,92.0,2471161.0,0.34782608695652173,1.2949378854716468e-05
USA,MDV,2010,38.0,118.0,2961798.0,0.3220338983050847,1.2830044452727702e-05
USA,MDV,2015,44.0,145.0,3201109.0,0.30344827586206896,1.3745236416504405e-05
USA,MDV,2020,46.0,154.0,3340296.0,0.2987012987012987,1.3771234645073371e-05
USA,MDV,2024,49.0,165.0,3453445.0,0.296969696969697,1.4188730383718287e-05
USA,MEX,2000,353209.0,353282.0,2138938.0,0.9997933662060338,0.1651328837020989
USA,MEX,2005,511789.0,511894.0,2471161.0,0.9997948794086275,0.2071046767086402
USA,MEX,2010,731017.0,731168.0,2961798.0,0.9997934811151473,0.2468152790973591
USA,MEX,2015,768225.0,768394.0,3201109.0,0.999780060750084,0.23998714195611584
USA,MEX,2020,799179.0,799366.0,3340296.0,0.9997660646062004,0.23925394635684982
USA,MEX,2024,823502.0,823710.0,3453445.0,0.9997474839445921,0.2384581193561791
USA,MHL,2000,856.0,856.0,2138938.0,1.0,0.0004001986032320712
USA,MHL,2005,1053.0,1053.0,2471161.0,1.0,0.00042611549793801376
USA,MHL,2010,1346.0,1346.0,2961798.0,1.0,0.0004544536798255654
USA,MHL,2015,1430.0,1430.0,3201109.0,1.0,0.0004467201835363932
USA,MHL,2020,1441.0,1441.0,3340296.0,1.0,0.0004313988939902332
USA,MHL,2024,1446.0,1446.0,3453445.0,1.0,0.00041871232928278866
USA,MLI,2000,223.0,223.0,2138938.0,1.0,0.00010425734640274753
USA,MLI,2005,911.0,911.0,2471161.0,1.0,0.0003686526292702094
USA,MLI,2010,1156.0,1156.0,2961798.0,1.0,0.0003903034575619269
USA,MLI,2015,1421.0,1421.0,3201109.0,1.0,0.00044390865790574455
USA,MLI,2020,1666.0,1666.0,3340296.0,1.0,0.0004987581938846138
USA,MLI,2024,1870.0,1870.0,3453445.0,1.0,0.0005414882819908816
USA,MLT,2000,1051.0,1093.0,2138938.0,0.9615736505032022,0.0004913653411178819
USA,MLT,2005,1087.0,1138.0,2471161.0,0.9551845342706503,0.00043987421297115
USA,MLT,2010,1053.0,1103.0,2961798.0,0.9546690843155031,0.00035552728444005974
USA,MLT,2015,1667.0,1751.0,3201109.0,0.9520274129069103,0.0005207570251434737
USA,MLT,2020,3632.0,3810.0,3340296.0,0.9532808398950131,0.0010873287876284018
USA,MLT,2024,6313.0,6623.0,3453445.0,0.9531934168805677,0.0018280296920900724
USA,MNE,2000,310.0,310.0,2138938.0,1.0,0.0001449317371518015
USA,MNE,2005,310.0,310.0,2471161.0,1.0,0.00012544710765506576
USA,MNE,2010,302.0,302.0,2961798.0,1.0,0.00010196509012430963
USA,MNE,2015,317.0,317.0,3201109.0,1.0,9.902818054617946e-05
USA,MNE,2020,317.0,317.0,3340296.0,1.0,9.490176918452736e-05
USA,MNE,2024,314.0,314.0,3453445.0,1.0,9.092370082627638e-05
USA,MNG,2000,301.0,301.0,2138938.0,1.0,0.00014072404155707178
USA,MNG,2005,447.0,447.0,2471161.0,1.0,0.00018088663587682066
USA,MNG,2010,646.0,646.0,2961798.0,1.0,0.00021811075569637091
USA,MNG,2015,799.0,799.0,3201109.0,1.0,0.00024960099765425044
USA,MNG,2020,856.0,856.0,3340296.0,1.0,0.0002562647142648436
USA,MNG,2024,906.0,906.0,3453445.0,1.0,0.00026234672913568916
USA,MRT,2000,108.0,108.0,2138938.0,1.0,5.0492347136756654e-05
USA,MRT,2005,109.0,109.0,2471161.0,1.0,4.4108821723877966e-05
USA,MRT,2010,76.0,76.0,2961798.0,1.0,2.5660088905455404e-05
USA,MRT,2015,108.0,108.0,3201109.0,1.0,3.373830756778354e-05
USA,MRT,2020,116.0,116.0,3340296.0,1.0,3.4727461278880674e-05
USA,MRT,2024,125.0,125.0,3453445.0,1.0,3.6195740774791546e-05
USA,MSR,2000,104.0,104.0,2138938.0,1.0,4.862226020576566e-05
USA,MSR,2005,109.0,109.0,2471161.0,1.0,4.4108821723877966e-05
USA,MSR,2010,115.0,115.0,2961798.0,1.0,3.88277661069391e-05
USA,MSR,2015,120.0,120.0,3201109.0,1.0,3.748700840864838e-05
USA,MSR,2020,121.0,121.0,3340296.0,1.0,3.622433460986691e-05
USA,MSR,2024,123.0,123.0,3453445.0,1.0,3.561660892239489e-05
USA,MUS,2000,41.0,90.0,2138938.0,0.45555555555555555,1.916839104265762e-05
USA,MUS,2005,40.0,89.0,2471161.0,0.449438202247191,1.6186723568395583e-05
USA,MUS,2010,43.0,96.0,2961798.0,0.4479166666666667,1.4518208196507662e-05
USA,MUS,2015,49.0,110.0,3201109.0,0.44545454545454544,1.5307195100198086e-05
USA,MUS,2020,48.0,108.0,3340296.0,0.4444444444444444,1.4369983977467866e-05
USA,MUS,2024,48.0,109.0,3453445.0,0.44036697247706424,1.3899164457519955e-05
USA,NAM,2000,1379.0,1499.0,2138938.0,0.9199466310873916,0.0006447124694591428
USA,NAM,2005,1090.0,1184.0,2471161.0,0.9206081081081081,0.00044108821723877966
USA,NAM,2010,1050.0,1140.0,2961798.0,0.9210526315789473,0.00035451438619379174
USA,NAM,2015,1027.0,1115.0,3201109.0,0.9210762331838565,0.00032082631363068237
USA,NAM,2020,1098.0,1192.0,3340296.0,0.9211409395973155,0.00032871338348457744
USA,NAM,2024,1165.0,1265.0,3453445.0,0.9209486166007905,0.00033734430402105725
USA,NIC,2000,3006.0,3006.0,2138938.0,1.0,0.0014053703286397267
USA,NIC,2005,3085.0,3085.0,2471161.0,1.0,0.0012484010552125094
USA,NIC,2010,3298.0,3298.0,2961798.0,1.0,0.001113512805397262
USA,NIC,2015,3606.0,3606.0,3201109.0,1.0,0.0011264846026798837
USA,NIC,2020,3775.0,3775.0,3340296.0,1.0,0.001130139364894608
USA,NIC,2024,3918.0,3918.0,3453445.0,1.0,0.0011345192988450664
USA,NIU,2000,18.0,18.0,2138938.0,1.0,8.415391189459442e-06
USA,NIU,2005,19.0,19.0,2471161.0,1.0,7.688693694987903e-06
USA,NIU,2010,11.0,11.0,2961798.0,1.0,3.7139602363159133e-06
USA,NIU,2015,10.0,10.0,3201109.0,1.0,3.123917367387365e-06
USA,NIU,2020,9.0,9.0,3340296.0,1.0,2.6943719957752246e-06
USA,NIU,2024,9.0,9.0,3453445.0,1.0,2.6060933357849916e-06
USA,NLD,2000,20867.0,187738.0,2138938.0,0.11114958079877275,0.009755775997247232
USA,NLD,2005,22688.0,177107.0,2471161.0,0.12810334995228873,0.009181109607993976
USA,NLD,2010,24594.0,163814.0,2961798.0,0.15013368820735712,0.00830373982290487
USA,NLD,2015,28357.0,153295.0,3201109.0,0.1849832023223197,0.008858492478700351
USA,NLD,2020,36718.0,147343.0,3340296.0,0.2492008442884969,0.010992438993430522
USA,NLD,2024,43208.0,143547.0,3453445.0,0.30100245912488593,0.012511564539177546
USA,NOR,2000,14956.0,15833.0,2138938.0,0.9446093601970568,0.006992255034975301
USA,NOR,2005,14369.0,15589.0,2471161.0,0.9217396882417089,0.005814675773856904
USA,NOR,2010,15975.0,17809.0,2961798.0,0.897018361502611,0.005393683161376974
USA,NOR,2015,17500.0,19862.0,3201109.0,0.8810794481925285,0.005466855392927889
USA,NOR,2020,18657.0,21302.0,3340296.0,0.8758332550934185,0.0055854331472420405
USA,NOR,2024,20746.0,23688.0,3453445.0,0.8758020938872003,0.0060073347049106034
USA,NZL,2000,13112.0,28280.0,2138938.0,0.46364922206506365,0.006130144959788456
USA,NZL,2005,17151.0,35783.0,2471161.0,0.4793058156107649,0.006940462398038817
USA,NZL,2010,20519.0,41010.0,2961798.0,0.5003413801511827,0.006927886371724203
USA,NZL,2015,24806.0,48592.0,3201109.0,0.5104955548238393,0.007749189421541097
USA,NZL,2020,29584.0,57746.0,3340296.0,0.5123125411283899,0.00885670012477936
USA,NZL,2024,32863.0,63904.0,3453445.0,0.5142557586379569,0.009516005032655797
USA,PAN,2000,5212.0,5333.0,2138938.0,0.9773110819426214,0.0024367232710812564
USA,PAN,2005,7807.0,7925.0,2471161.0,0.9851104100946372,0.003159243772461608
USA,PAN,2010,11993.0,12134.0,2961798.0,0.9883797593538817,0.004049229555830614
USA,PAN,2015,14040.0,14203.0,3201109.0,0.9885235513623882,0.00438597998381186
USA,PAN,2020,16867.0,17061.0,3340296.0,0.9886290369849364,0.005049552494748968
USA,PAN,2024,25732.0,26028.0,3453445.0,0.9886276317811588,0.007451110412935489
USA,PER,2000,7033.0,7033.0,2138938.0,1.0,0.003288080346414903
USA,PER,2005,8261.0,8261.0,2471161.0,1.0,0.003342963084962898
USA,PER,2010,9277.0,9277.0,2961798.0,1.0,0.003132219010209339
USA,PER,2015,10026.0,10026.0,3201109.0,1.0,0.003132039552542572
USA,PER,2020,10796.0,10796.0,3340296.0,1.0,0.0032320488962654806
USA,PER,2024,11392.0,11392.0,3453445.0,1.0,0.0032987350312514026
USA,PHL,2000,24922.0,24922.0,2138938.0,1.0,0.011651576623539345
USA,PHL,2005,27574.0,27574.0,2471161.0,1.0,0.011158317891873496
USA,PHL,2010,29729.0,29729.0,2961798.0,1.0,0.01003748398776689
USA,PHL,2015,17899.0,17899.0,3201109.0,1.0,0.005591499695886644
USA,PHL,2020,6469.0,6469.0,3340296.0,1.0,0.001936654715629992
USA,PHL,2024,6469.0,6469.0,3453445.0,1.0,0.0018732019765770123
USA,PLW,2000,516.0,516.0,2138938.0,1.0,0.00024124121409783734
USA,PLW,2005,377.0,377.0,2471161.0,1.0,0.00015255986963212838
USA,PLW,2010,361.0,361.0,2961798.0,1.0,0.00012188542230091317
USA,PLW,2015,324.0,324.0,3201109.0,1.0,0.00010121492270335063
USA,PLW,2020,333.0,333.0,3340296.0,1.0,9.969176384368331e-05
USA,PLW,2024,341.0,341.0,3453445.0,1.0,9.874198083363135e-05
USA,PNG,2000,851.0,7601.0,2138938.0,0.11195895276937246,0.0003978609945683325
USA,PNG,2005,851.0,10750.0,2471161.0,0.07916279069767442,0.00034437254391761604
USA,PNG,2010,721.0,14018.0,2961798.0,0.05143387073762306,0.00024343321185307034
USA,PNG,2015,731.0,14337.0,3201109.0,0.05098695682499826,0.00022835835955601637
USA,PNG,2020,733.0,14403.0,3340296.0,0.05089217524126918,0.0002194416303225822
USA,PNG,2024,735.0,14451.0,3453445.0,0.05086153207390492,0.0002128309557557743
USA,POL,2000,8180.0,8180.0,2138938.0,1.0,0.0038243277738765685
USA,POL,2005,9688.0,9688.0,2471161.0,1.0,0.0039204244482654105
USA,POL,2010,10896.0,10896.0,2961798.0,1.0,0.0036788464304452905
USA,POL,2015,16179.0,16179.0,3201109.0,1.0,0.005054185908696018
USA,POL,2020,25274.0,25274.0,3340296.0,1.0,0.0075663953134692255
USA,POL,2024,29646.0,29646.0,3453445.0,1.0,0.008584471448075762
USA,PRI,2000,233924.0,233924.0,2138938.0,1.0,0.10936455381128392
USA,PRI,2005,223949.0,223949.0,2471161.0,1.0,0.09062501391046557
USA,PRI,2010,185814.0,185814.0,2961798.0,1.0,0.06273689157734592
USA,PRI,2015,165147.0,165147.0,3201109.0,1.0,0.051590558147192114
USA,PRI,2020,159515.0,159515.0,3340296.0,1.0,0.047754749878453885
USA,PRI,2024,144149.0,144149.0,3453445.0,1.0,0.041740638695563416
USA,PRK,2000,649.0,1761.0,2138938.0,0.3685406019307212,0.00030342160455328765
USA,PRK,2005,792.0,2080.0,2471161.0,0.38076923076923075,0.00032049712665423256
USA,PRK,2010,934.0,2396.0,2961798.0,0.38981636060100167,0.00031534898733809666
USA,PRK,2015,1028.0,2638.0,3201109.0,0.38968915845337376,0.0003211387053674211
USA,PRK,2020,1049.0,2691.0,3340296.0,0.389817911557042,0.0003140440248409123
USA,PRK,2024,1068.0,2740.0,3453445.0,0.3897810218978102,0.000309256409179819
USA,PRT,2000,7258.0,7389.0,2138938.0,0.9822709432940858,0.003393272736283146
USA,PRT,2005,7303.0,7516.0,2471161.0,0.9716604576902608,0.0029552910554998236
USA,PRT,2010,6137.0,6398.0,2961798.0,0.9592060018755861,0.0020720521791155236
USA,PRT,2015,6957.0,7253.0,3201109.0,0.9591893009789053,0.0021733093124913895
USA,PRT,2020,7980.0,8316.0,3340296.0,0.9595959595959596,0.0023890098362540327
USA,PRT,2024,8977.0,9355.0,3453445.0,0.9595938001068947,0.00259943331948243
USA,PRY,2000,1781.0,1781.0,2138938.0,1.0,0.000832656206023737
USA,PRY,2005,1696.0,1696.0,2471161.0,1.0,0.0006863170792999727
USA,PRY,2010,1615.0,1615.0,2961798.0,1.0,0.0005452768892409273
USA,PRY,2015,1576.0,1576.0,3201109.0,1.0,0.0004923293771002487
USA,PRY,2020,1706.0,1706.0,3340296.0,1.0,0.0005107331805325037
USA,PRY,2024,1819.0,1819.0,3453445.0,1.0,0.0005267204197547666
USA,PSE,2000,8052.0,8052.0,2138938.0,1.0,0.003764484992084857
USA,PSE,2005,8032.0,8032.0,2471161.0,1.0,0.0032502940925338334
USA,PSE,2010,8012.0,8012.0,2961798.0,1.0,0.002705113583033009
USA,PSE,2015,7992.0,7992.0,3201109.0,1.0,0.0024966347600159818
USA,PSE,2020,8179.0,8179.0,3340296.0,1.0,0.0024485853948272847
USA,PSE,2024,8170.0,8170.0,3453445.0,1.0,0.0023657536170403758
USA,QAT,2000,1000.0,164088.0,2138938.0,0.006094290868314563,0.0004675217327477468
USA,QAT,2005,1144.0,65453.0,2471161.0,0.017478190457274684,0.0004629402940561137
USA,QAT,2010,2333.0,48840.0,2961798.0,0.04776822276822277,0.0007876972028477297
USA,QAT,2015,2824.0,56137.0,3201109.0,0.05030550260968702,0.0008821942645501919
USA,QAT,2020,4231.0,47200.0,3340296.0,0.08963983050847457,0.001266654212680553
USA,QAT,2024,4532.0,50553.0,3453445.0,0.08964848772575316,0.0013123127775308424
USA,ROU,2000,1317.0,1317.0,2138938.0,1.0,0.0006157261220287825
USA,ROU,2005,1710.0,1710.0,2471161.0,1.0,0.0006919824325489112
USA,ROU,2010,2166.0,2166.0,2961798.0,1.0,0.000731312533805479
USA,ROU,2015,3626.0,3626.0,3201109.0,1.0,0.0011327324374146585
USA,ROU,2020,6683.0,6683.0,3340296.0,1.0,0.002000720894196203
USA,ROU,2024,9431.0,9431.0,3453445.0,1.0,0.0027308962499764727
USA,RUS,2000,2915.0,2915.0,2138938.0,1.0,0.0013628258509596819
USA,RUS,2005,3747.0,3747.0,2471161.0,1.0,0.0015162913302694564
USA,RUS,2010,4429.0,4429.0,2961798.0,1.0,0.0014953754442402893
USA,RUS,2015,4763.0,4763.0,3201109.0,1.0,0.001487921842086602
USA,RUS,2020,5120.0,5120.0,3340296.0,1.0,0.0015327982909299055
USA,RUS,2024,5408.0,5408.0,3453445.0,1.0,0.0015659725288805816
USA,SEN,2000,626.0,626.0,2138938.0,1.0,0.0002926686047000895
USA,SEN,2005,672.0,672.0,2471161.0,1.0,0.0002719369559490458
USA,SEN,2010,752.0,752.0,2961798.0,1.0,0.0002538998270645061
USA,SEN,2015,802.0,802.0,3201109.0,1.0,0.0002505381728644667
USA,SEN,2020,826.0,826.0,3340296.0,1.0,0.0002472834742789262
USA,SEN,2024,847.0,847.0,3453445.0,1.0,0.00024526233948998755
USA,SGP,2000,7372.0,811947.0,2138938.0,0.009079410355602028,0.0034465702138163894
USA,SGP,2005,10173.0,887804.0,2471161.0,0.01145861023379034,0.004116688471532207
USA,SGP,2010,17952.0,1254665.0,2961798.0,0.0143082017909163,0.0060611831056675705
USA,SGP,2015,22252.0,1513338.0,3201109.0,0.014703919415226472,0.006951340925910364
USA,SGP,2020,23638.0,1577271.0,3340296.0,0.014986644653962445,0.007076618359570529
USA,SGP,2024,26705.0,1760391.0,3453445.0,0.01516992531772771,0.007732858059126466
USA,SLB,2000,128.0,335.0,2138938.0,0.382089552238806,5.984278179171159e-05
USA,SLB,2005,77.0,269.0,2471161.0,0.2862453531598513,3.11594428691615e-05
USA,SLB,2010,31.0,221.0,2961798.0,0.14027149321266968,1.0466615211435756e-05
USA,SLB,2015,29.0,206.0,3201109.0,0.1407766990291262,9.059360365423358e-06
USA,SLB,2020,28.0,200.0,3340296.0,0.14,8.382490653522921e-06
USA,SLB,2024,27.0,196.0,3453445.0,0.1377551020408163,7.818280007354975e-06
USA,SLE,2000,480.0,480.0,2138938.0,1.0,0.00022441043171891846
USA,SLE,2005,330.0,330.0,2471161.0,1.0,0.00013354046943926356
USA,SLE,2010,243.0,243.0,2961798.0,1.0,8.204475794770609e-05
USA,SLE,2015,179.0,179.0,3201109.0,1.0,5.591812087623383e-05
USA,SLE,2020,152.0,152.0,3340296.0,1.0,4.550494926198157e-05
USA,SLE,2024,141.0,141.0,3453445.0,1.0,4.0828795593964864e-05
USA,SLV,2000,4603.0,4603.0,2138938.0,1.0,0.0021520025358378785
USA,SLV,2005,4871.0,4871.0,2471161.0,1.0,0.001971138262541372
USA,SLV,2010,5176.0,5176.0,2961798.0,1.0,0.0017475871075610153
USA,SLV,2015,5397.0,5397.0,3201109.0,1.0,0.0016859782031789607
USA,SLV,2020,5488.0,5488.0,3340296.0,1.0,0.0016429681680904926
USA,SLV,2024,5562.0,5562.0,3453445.0,1.0,0.0016105656815151247
USA,SRB,2000,617.0,617.0,2138938.0,1.0,0.00028846090910535977
USA,SRB,2005,633.0,633.0,2471161.0,1.0,0.0002561549004698601
USA,SRB,2010,882.0,882.0,2961798.0,1.0,0.00029779208440278507
USA,SRB,2015,1229.0,1229.0,3201109.0,1.0,0.0003839294444519071
USA,SRB,2020,1713.0,1713.0,3340296.0,1.0,0.0005128288031958845
USA,SRB,2024,2032.0,2032.0,3453445.0,1.0,0.0005883979620350114
USA,SVK,2000,1402.0,1422.0,2138938.0,0.9859353023909986,0.000655465469312341
USA,SVK,2005,1573.0,1596.0,2471161.0,0.9855889724310777,0.0006365429043271564
USA,SVK,2010,1764.0,1789.0,2961798.0,0.9860257126886529,0.0005955841688055701
USA,SVK,2015,2181.0,2234.0,3201109.0,0.9762757385854969,0.0006813263778271843
USA,SVK,2020,2646.0,2719.0,3340296.0,0.9731518940787054,0.0007921453667579161
USA,SVK,2024,2876.0,2955.0,3453445.0,0.9732656514382403,0.0008327916037464039
USA,SVN,2000,668.0,678.0,2138938.0,0.9852507374631269,0.00031230451747549487
USA,SVN,2005,655.0,671.0,2471161.0,0.9761549925484352,0.0002650575984324777
USA,SVN,2010,666.0,701.0,2961798.0,0.9500713266761769,0.00022486341067149077
USA,SVN,2015,702.0,753.0,3201109.0,0.9322709163346613,0.00021929899919059302
USA,SVN,2020,866.0,947.0,3340296.0,0.914466737064414,0.0002592584609268161
USA,SVN,2024,982.0,1074.0,3453445.0,0.9143389199255121,0.0002843537395267624
USA,SWE,2000,14296.0,14296.0,2138938.0,1.0,0.006683690691361788
USA,SWE,2005,15450.0,15450.0,2471161.0,1.0,0.006252121978292794
USA,SWE,2010,16874.0,16874.0,2961798.0,1.0,0.005697215002508612
USA,SWE,2015,19543.0,19543.0,3201109.0,1.0,0.006105071711085127
USA,SWE,2020,23047.0,23047.0,3340296.0,1.0,0.006899687931847956
USA,SWE,2024,26172.0,26172.0,3453445.0,1.0,0.0075785194204627555
USA,SWZ,2000,146.0,146.0,2138938.0,1.0,6.825817298117104e-05
USA,SWZ,2005,190.0,190.0,2471161.0,1.0,7.688693694987902e-05
USA,SWZ,2010,228.0,228.0,2961798.0,1.0,7.698026671636621e-05
USA,SWZ,2015,256.0,256.0,3201109.0,1.0,7.997228460511655e-05
USA,SWZ,2020,259.0,259.0,3340296.0,1.0,7.753803854508702e-05
USA,SWZ,2024,262.0,262.0,3453445.0,1.0,7.586627266396309e-05
USA,SXM,2000,273.0,325.0,2138938.0,0.84,0.00012763343304013488
USA,SXM,2005,150.0,178.0,2471161.0,0.8426966292134831,6.070021338148344e-05
USA,SXM,2010,300.0,357.0,2961798.0,0.8403361344537815,0.00010128982462679764
USA,SXM,2015,312.0,372.0,3201109.0,0.8387096774193549,9.746622186248579e-05
USA,SXM,2020,329.0,391.0,3340296.0,0.8414322250639387,9.849426517889433e-05
USA,SXM,2024,344.0,409.0,3453445.0,0.8410757946210269,9.961067861222634e-05
USA,TGO,2000,179.0,179.0,2138938.0,1.0,8.368639016184668e-05
USA,TGO,2005,179.0,179.0,2471161.0,1.0,7.243558796857024e-05
USA,TGO,2010,182.0,182.0,2961798.0,1.0,6.144916027359057e-05
USA,TGO,2015,182.0,182.0,3201109.0,1.0,5.685529608645004e-05
USA,TGO,2020,182.0,182.0,3340296.0,1.0,5.448618924789899e-05
USA,TGO,2024,183.0,183.0,3453445.0,1.0,5.2990564494294827e-05
USA,THA,2000,5263.0,5263.0,2138938.0,1.0,0.0024605668794513915
USA,THA,2005,22201.0,22201.0,2471161.0,1.0,0.008984036248548759
USA,THA,2010,39140.0,39140.0,2961798.0,1.0,0.013214945786309532
USA,THA,2015,44243.0,44243.0,3201109.0,1.0,0.013821147608531918
USA,THA,2020,48509.0,48509.0,3340296.0,1.0,0.014522365682562264
USA,THA,2024,52400.0,52400.0,3453445.0,1.0,0.015173254532792618
USA,TJK,2000,291.0,291.0,2138938.0,1.0,0.00013604882422959432
USA,TJK,2005,280.0,280.0,2471161.0,1.0,0.00011330706497876909
USA,TJK,2010,279.0,279.0,2961798.0,1.0,9.41995369029218e-05
USA,TJK,2015,274.0,274.0,3201109.0,1.0,8.559533586641379e-05
USA,TJK,2020,273.0,273.0,3340296.0,1.0,8.172928387184849e-05
USA,TJK,2024,274.0,274.0,3453445.0,1.0,7.934106377834308e-05
USA,TLS,2000,66.0,5562.0,2138938.0,0.011866235167206042,3.085643436135129e-05
USA,TLS,2005,70.0,5905.0,2471161.0,0.011854360711261643,2.8326766244692272e-05
USA,TLS,2010,72.0,6024.0,2961798.0,0.01195219123505976,2.4309557910431433e-05
USA,TLS,2015,59.0,4301.0,3201109.0,0.013717740060451058,1.8431112467585453e-05
USA,TLS,2020,57.0,4233.0,3340296.0,0.013465627214741318,1.7064355973243088e-05
USA,TLS,2024,56.0,4184.0,3453445.0,0.01338432122370937,1.6215691867106615e-05
USA,TTO,2000,3501.0,3501.0,2138938.0,1.0,0.0016367935863498616
USA,TTO,2005,3757.0,3757.0,2471161.0,1.0,0.0015203380111615552
USA,TTO,2010,5597.0,5597.0,2961798.0,1.0,0.001889730494787288
USA,TTO,2015,5798.0,5798.0,3201109.0,1.0,0.0018112472896111942
USA,TTO,2020,6439.0,6439.0,3340296.0,1.0,0.0019276734756440747
USA,TTO,2024,9267.0,9267.0,3453445.0,1.0,0.002683407438079946
USA,TUN,2000,279.0,279.0,2138938.0,1.0,0.00013043856343662136
USA,TUN,2005,259.0,259.0,2471161.0,1.0,0.00010480903510536141
USA,TUN,2010,470.0,470.0,2961798.0,1.0,0.0001586873919153163
USA,TUN,2015,607.0,607.0,3201109.0,1.0,0.00018962178420041305
USA,TUN,2020,644.0,644.0,3340296.0,1.0,0.0001927972850310272
USA,TUN,2024,677.0,677.0,3453445.0,1.0,0.00019603613203627104
USA,TUR,2000,13557.0,13737.0,2138938.0,0.9868967023367547,0.006338192130861203
USA,TUR,2005,16731.0,17750.0,2471161.0,0.9425915492957746,0.006770501800570663
USA,TUR,2010,20088.0,22002.0,2961798.0,0.9130079083719662,0.00678236665701037
USA,TUR,2015,23570.0,26553.0,3201109.0,0.8876586449742025,0.007363073234932019
USA,TUR,2020,27054.0,33276.0,3340296.0,0.8130183916336098,0.008099282219300325
USA,TUR,2024,33577.0,48963.0,3453445.0,0.6857627187876559,0.009722755103961407
USA,TUV,2000,11.0,11.0,2138938.0,1.0,5.142739060225215e-06
USA,TUV,2005,7.0,7.0,2471161.0,1.0,2.8326766244692274e-06
USA,TUV,2010,4.0,4.0,2961798.0,1.0,1.3505309950239686e-06
USA,TUV,2015,4.0,4.0,3201109.0,1.0,1.249566946954946e-06
USA,TUV,2020,3.0,3.0,3340296.0,1.0,8.981239985917416e-07
USA,TUV,2024,3.0,3.0,3453445.0,1.0,8.686977785949972e-07
USA,TZA,2000,1082.0,1082.0,2138938.0,1.0,0.000505858514833062
USA,TZA,2005,1204.0,1204.0,2471161.0,1.0,0.0004872203794087071
USA,TZA,2010,1234.0,1234.0,2961798.0,1.0,0.0004166388119648943
USA,TZA,2015,1291.0,1291.0,3201109.0,1.0,0.0004032977321297088
USA,TZA,2020,1149.0,1149.0,3340296.0,1.0,0.00034398149146063704
USA,TZA,2024,1247.0,1247.0,3453445.0,1.0,0.0003610887099693205
USA,UGA,2000,721.0,721.0,2138938.0,1.0,0.0003370831693111254
USA,UGA,2005,899.0,899.0,2471161.0,1.0,0.00036379661219969073
USA,UGA,2010,1037.0,1037.0,2961798.0,1.0,0.00035012516045996385
USA,UGA,2015,1174.0,1174.0,3201109.0,1.0,0.00036674789893127664
USA,UGA,2020,1312.0,1312.0,3340296.0,1.0,0.0003927795620507883
USA,UGA,2024,1422.0,1422.0,3453445.0,1.0,0.00041176274705402864
USA,UKR,2000,3132.0,3132.0,2138938.0,1.0,0.0014642780669659428
USA,UKR,2005,2861.0,2861.0,2471161.0,1.0,0.0011577554032294942
USA,UKR,2010,2729.0,2729.0,2961798.0,1.0,0.0009213997713551026
USA,UKR,2015,2738.0,2738.0,3201109.0,1.0,0.0008553285751906604
USA,UKR,2020,2782.0,2782.0,3340296.0,1.0,0.0008328603213607417
USA,UKR,2024,2819.0,2819.0,3453445.0,1.0,0.000816286345953099
USA,URY,2000,705.0,705.0,2138938.0,1.0,0.0003296028215871615
USA,URY,2005,652.0,652.0,2471161.0,1.0,0.000263843594164848
USA,URY,2010,604.0,604.0,2961798.0,1.0,0.00020393018024861926
USA,URY,2015,623.0,623.0,3201109.0,1.0,0.00019462005198823284
USA,URY,2020,743.0,743.0,3340296.0,1.0,0.00022243537698455465
USA,URY,2024,958.0,958.0,3453445.0,1.0,0.00027740415729800245
USA,VEN,2000,10159.0,10239.0,2138938.0,0.9921867369860338,0.004749553282984359
USA,VEN,2005,10445.0,10528.0,2471161.0,0.9921162613981763,0.0042267581917972965
USA,VEN,2010,10848.0,10936.0,2961798.0,0.991953182150695,0.003662640058505003
USA,VEN,2015,11242.0,11335.0,3201109.0,0.9917953242170269,0.0035119079044168755
USA,VEN,2020,10598.0,10683.0,3340296.0,0.9920434334924647,0.0031727727123584256
USA,VEN,2024,10111.0,10193.0,3453445.0,0.9919552634160699,0.0029278010797913387
USA,VGB,2000,910.0,910.0,2138938.0,1.0,0.00042544477680044957
USA,VGB,2005,1042.0,1042.0,2471161.0,1.0,0.00042166414895670497
USA,VGB,2010,1537.0,1537.0,2961798.0,1.0,0.0005189415348379599
USA,VGB,2015,1758.0,1758.0,3201109.0,1.0,0.0005491846731866987
USA,VGB,2020,1994.0,1994.0,3340296.0,1.0,0.0005969530843973109
USA,VGB,2024,2206.0,2206.0,3453445.0,1.0,0.0006387824331935213
USA,WSM,2000,463.0,463.0,2138938.0,1.0,0.00021646256226220677
USA,WSM,2005,436.0,436.0,2471161.0,1.0,0.00017643528689551186
USA,WSM,2010,381.0,381.0,2961798.0,1.0,0.000128638077276033
USA,WSM,2015,316.0,316.0,3201109.0,1.0,9.871578880944073e-05
USA,WSM,2020,297.0,297.0,3340296.0,1.0,8.891427586058242e-05
USA,WSM,2024,284.0,284.0,3453445.0,1.0,8.22367230403264e-05
USA,ZMB,2000,462.0,462.0,2138938.0,1.0,0.00021599504052945902
USA,ZMB,2005,662.0,662.0,2471161.0,1.0,0.0002678902750569469
USA,ZMB,2010,949.0,949.0,2961798.0,1.0,0.00032041347856943654
USA,ZMB,2015,836.0,836.0,3201109.0,1.0,0.0002611594919135837
USA,ZMB,2020,1169.0,1169.0,3340296.0,1.0,0.000349968984784582
USA,ZMB,2024,1550.0,1550.0,3453445.0,1.0,0.0004488271856074152
VEN,USA,2000,112873.0,31369527.0,112873.0,0.0035981734758066325,1.0
VEN,USA,2005,162176.0,35533585.0,162176.0,0.004564020207924418,1.0
VEN,USA,2010,193941.0,39769676.0,193941.0,0.00487660497913033,1.0
VEN,USA,2015,271836.0,43278121.0,271836.0,0.006281141457134888,1.0
VEN,USA,2020,526853.0,45295697.0,526853.0,0.011631413906711713,1.0
VEN,USA,2024,763915.0,48694117.0,763915.0,0.015688034757874343,1.0
VNM,IDN,2000,0.0,280446.0,981280.0,0.0,0.0
VNM,IDN,2005,9.0,95078.0,1088297.0,9.46591219840552e-05,8.2698013501829e-06
VNM,IDN,2010,0.0,100661.0,1256795.0,0.0,0.0
VNM,IDN,2015,0.0,135695.0,1350074.0,0.0,0.0
VNM,IDN,2020,20.0,292106.0,1396271.0,6.846829575565034e-05,1.4323866928411462e-05
VNM,IDN,2024,15.0,422616.0,1434651.0,3.549321369754103e-05,1.0455504509459096e-05
VNM,MYS,2000,0.0,1485613.0,981280.0,0.0,0.0
VNM,MYS,2005,36.0,2045120.0,1088297.0,1.760287904866218e-05,3.30792054007316e-05
VNM,MYS,2010,17.0,2917897.0,1256795.0,5.826113807307112e-06,1.3526470108490248e-05
VNM,MYS,2015,7.0,3359082.0,1350074.0,2.0839026853170004e-06,5.184900975798363e-06
VNM,MYS,2020,5.0,3486644.0,1396271.0,1.434043739481289e-06,3.5809667321028655e-06
VNM,MYS,2024,5.0,3572557.0,1434651.0,1.3995577957188646e-06,3.4851681698196985e-06
VNM,USA,2000,981280.0,31369527.0,981280.0,0.03128131323114945,1.0
VNM,USA,2005,1088252.0,35533585.0,1088297.0,0.030626011982748152,0.9999586509932491
VNM,USA,2010,1256778.0,39769676.0,1256795.0,0.03160141410254386,0.9999864735298916
VNM,USA,2015,1350067.0,43278121.0,1350074.0,0.031195138994135167,0.9999948150990242
VNM,USA,2020,1396246.0,45295697.0,1396271.0,0.03082513555316303,0.9999820951663395
VNM,USA,2024,1434631.0,48694117.0,1434651.0,0.02946210114047247,0.9999860593273208
YEM,IDN,2000,0.0,280446.0,0.0,0.0,
YEM,IDN,2005,0.0,95078.0,0.0,0.0,
YEM,IDN,2010,0.0,100661.0,18.0,0.0,0.0
YEM,IDN,2015,92.0,135695.0,746.0,0.0006779910829433657,0.12332439678284182
YEM,IDN,2020,441.0,292106.0,4103.0,0.00150972592141209,0.10748233000243725
YEM,IDN,2024,448.0,422616.0,3676.0,0.0010600639824332255,0.12187159956474429
YEM,MYS,2000,0.0,1485613.0,0.0,0.0,
YEM,MYS,2005,0.0,2045120.0,0.0,0.0,
YEM,MYS,2010,18.0,2917897.0,18.0,6.16882638420753e-06,1.0
YEM,MYS,2015,654.0,3359082.0,746.0,0.00019469605088533117,0.8766756032171582
YEM,MYS,2020,3662.0,3486644.0,4103.0,0.0010502936347960962,0.8925176699975628
YEM,MYS,2024,3228.0,3572557.0,3676.0,0.000903554512916099,0.8781284004352558
