iso3_orig,iso3_dest,year,migrant_stock,dest_total_migrant_stock,orig_total_migrant_stock,origin_share_in_dest_migrants,dest_share_of_origin_emigration
AFG,IDN,2000,78.0,272821.0,41817.0,0.0002859017451002672,0.001865270105459502
AFG,IDN,2005,36.0,90418.0,56537.0,0.00039815081067928954,0.0006367511541114668
AFG,IDN,2010,1548.0,96493.0,60781.0,0.016042614490170273,0.025468485217419918
AFG,IDN,2015,6263.0,133132.0,86729.0,0.04704353573896584,0.07221344648272204
AFG,IDN,2020,7646.0,290640.0,145672.0,0.02630745939994495,0.052487780767752214
AFG,IDN,2024,5979.0,420676.0,208137.0,0.01421283838393443,0.02872627163839202
AFG,MYS,2000,58.0,1482589.0,41817.0,3.91207543021026e-05,0.001386995719444245
AFG,MYS,2005,68.0,2042096.0,56537.0,3.3299120119720134e-05,0.0012027521799883262
AFG,MYS,2010,525.0,2914872.0,60781.0,0.00018011082476348877,0.008637567660946678
AFG,MYS,2015,452.0,3356058.0,86729.0,0.00013468182015924636,0.005211636246238283
AFG,MYS,2020,2574.0,3483620.0,145672.0,0.0007388865605318605,0.01766983359876984
AFG,MYS,2024,2906.0,3569533.0,208137.0,0.0008141120981372073,0.013961957748982642
AFG,USA,2000,41681.0,31369527.0,41817.0,0.0013287098654691223,0.9967477341750962
AFG,USA,2005,56433.0,35533585.0,56537.0,0.0015881594834858345,0.9981604966659002
AFG,USA,2010,58708.0,39769676.0,60781.0,0.001476200107840959,0.9658939471216335
AFG,USA,2015,80014.0,43278121.0,86729.0,0.0018488325775511372,0.9225749172710397
AFG,USA,2020,135452.0,45295697.0,145672.0,0.0029903944297402026,0.929842385633478
AFG,USA,2024,199252.0,48694117.0,208137.0,0.0040919111440094495,0.9573117706126253
ARG,USA,2000,135087.0,31369527.0,135087.0,0.004306312938668154,1.0
ARG,USA,2005,193374.0,35533585.0,193374.0,0.005442006484850881,1.0
ARG,USA,2010,177406.0,39769676.0,177406.0,0.00446083593942279,1.0
ARG,USA,2015,193602.0,43278121.0,193602.0,0.004473438206802001,1.0
ARG,USA,2020,207388.0,45295697.0,207388.0,0.00457853645568143,1.0
ARG,USA,2024,212091.0,48694117.0,212091.0,0.004355577492040774,1.0
AUS,IDN,2000,15250.0,272821.0,20706.0,0.055897456574090704,0.7365014971505843
AUS,IDN,2005,9320.0,90418.0,14776.0,0.10307682098697162,0.6307525717379534
AUS,IDN,2010,8336.0,96493.0,13794.0,0.08638968629848798,0.604320719153255
AUS,IDN,2015,5126.0,133132.0,10582.0,0.03850313974100893,0.48440748440748443
AUS,IDN,2020,2932.0,290640.0,8388.0,0.010088081475364712,0.34954697186456846
AUS,IDN,2024,3880.0,420676.0,9336.0,0.009223250197301486,0.4155955441302485
AUS,MYS,2000,5456.0,1482589.0,20706.0,0.0036800488874529622,0.2634985028494156
AUS,MYS,2005,5456.0,2042096.0,14776.0,0.0026717646966646033,0.36924742826204654
AUS,MYS,2010,5458.0,2914872.0,13794.0,0.0018724664410649935,0.395679280846745
AUS,MYS,2015,5456.0,3356058.0,10582.0,0.001625716838028425,0.5155925155925156
AUS,MYS,2020,5456.0,3483620.0,8388.0,0.0015661868975376189,0.6504530281354316
AUS,MYS,2024,5456.0,3569533.0,9336.0,0.0015284912620222308,0.5844044558697515
BGD,MYS,2000,158149.0,1482589.0,250483.0,0.10667083055384871,0.6313761812178871
BGD,MYS,2005,55364.0,2042096.0,176558.0,0.02711136009276743,0.3135740096738749
BGD,MYS,2010,319475.0,2914872.0,484714.0,0.10960172522155347,0.6591000053639878
BGD,MYS,2015,282437.0,3356058.0,515126.0,0.08415736557592271,0.5482872151667747
BGD,MYS,2020,282437.0,3483620.0,561679.0,0.08107572008428014,0.5028441511966799
BGD,MYS,2024,282437.0,3569533.0,640018.0,0.0791243560432135,0.441295401066845
BGD,USA,2000,92334.0,31369527.0,250483.0,0.0029434297813926234,0.368623818782113
BGD,USA,2005,121194.0,35533585.0,176558.0,0.003410688789211671,0.6864259903261252
BGD,USA,2010,165239.0,39769676.0,484714.0,0.0041548993258079345,0.34089999463601217
BGD,USA,2015,232689.0,43278121.0,515126.0,0.005376596641060272,0.45171278483322524
BGD,USA,2020,279242.0,45295697.0,561679.0,0.006164868155136238,0.49715584880332003
BGD,USA,2024,357581.0,48694117.0,640018.0,0.007343412757643803,0.558704598933155
BRA,USA,2000,240109.0,31369527.0,240109.0,0.007654211681291848,1.0
BRA,USA,2005,345947.0,35533585.0,345947.0,0.009735775323542502,1.0
BRA,USA,2010,365297.0,39769676.0,365297.0,0.009185314962083172,1.0
BRA,USA,2015,380949.0,43278121.0,380949.0,0.008802346109249983,1.0
BRA,USA,2020,571580.0,45295697.0,571580.0,0.012618858696445271,1.0
BRA,USA,2024,738994.0,48694117.0,738994.0,0.015176248087628326,1.0
BRN,MYS,2000,8533.0,1482589.0,8533.0,0.005755472352755889,1.0
BRN,MYS,2005,10288.0,2042096.0,10288.0,0.005037960996936481,1.0
BRN,MYS,2010,12051.0,2914872.0,12051.0,0.004134315331856767,1.0
BRN,MYS,2015,13798.0,3356058.0,13798.0,0.004111371138401065,1.0
BRN,MYS,2020,15510.0,3483620.0,15510.0,0.00445226517243557,1.0
BRN,MYS,2024,16887.0,3569533.0,16887.0,0.004730870957069174,1.0
CAN,USA,2000,965513.0,31369527.0,965513.0,0.030778691690187106,1.0
CAN,USA,2005,950086.0,35533585.0,950086.0,0.026737690553880224,1.0
CAN,USA,2010,928127.0,39769676.0,928127.0,0.023337554975303293,1.0
CAN,USA,2015,955022.0,43278121.0,955022.0,0.022067085583498416,1.0
CAN,USA,2020,931908.0,45295697.0,931908.0,0.02057387482082459,1.0
CAN,USA,2024,950387.0,48694117.0,950387.0,0.019517491199193528,1.0
CHN,IDN,2000,14.0,272821.0,1400829.0,5.13156978385095e-05,9.994082075685183e-06
CHN,IDN,2005,10.0,90418.0,1593076.0,0.00011059744741091375,6.277164429066786e-06
CHN,IDN,2010,24.0,96493.0,2018639.0,0.0002487227052739577,1.1889198613521289e-05
CHN,IDN,2015,15036.0,133132.0,2533548.0,0.11294054021572575,0.005934760265051225
CHN,IDN,2020,47633.0,290640.0,2735232.0,0.16389003578309938,0.01741461053395105
CHN,IDN,2024,82568.0,420676.0,3006123.0,0.19627456760071885,0.027466607321124253
CHN,MYS,2000,30708.0,1482589.0,1400829.0,0.020712415915671842,0.021921305170010043
CHN,MYS,2005,30708.0,2042096.0,1593076.0,0.015037490891711261,0.01927591652877829
CHN,MYS,2010,30775.0,2914872.0,2018639.0,0.010557925013516888,0.015245420305463235
CHN,MYS,2015,30708.0,3356058.0,2533548.0,0.009150020649225966,0.012120551890076683
CHN,MYS,2020,30606.0,3483620.0,2735232.0,0.00878568845051986,0.0111895444335252
CHN,MYS,2024,30524.0,3569533.0,3006123.0,0.008551258666049593,0.010153942470085223
CHN,USA,2000,1370107.0,31369527.0,1400829.0,0.043676367833024705,0.9780687007479143
CHN,USA,2005,1562358.0,35533585.0,1593076.0,0.04396848784044728,0.9807178063067926
CHN,USA,2010,1987840.0,39769676.0,2018639.0,0.0499838117866487,0.9847426904959232
CHN,USA,2015,2487804.0,43278121.0,2533548.0,0.05748410380385969,0.9819446878448721
CHN,USA,2020,2656993.0,45295697.0,2735232.0,0.058658839050429006,0.9713958450325237
CHN,USA,2024,2893031.0,48694117.0,3006123.0,0.059412331062497756,0.9623794502087906
COL,USA,2000,518413.0,31369527.0,518413.0,0.01652600627354056,1.0
COL,USA,2005,567340.0,35533585.0,567340.0,0.01596630342815114,1.0
COL,USA,2010,659397.0,39769676.0,659397.0,0.01658039658155626,1.0
COL,USA,2015,725904.0,43278121.0,725904.0,0.016773001766874306,1.0
COL,USA,2020,867302.0,45295697.0,867302.0,0.019147558321047583,1.0
COL,USA,2024,1008875.0,48694117.0,1008875.0,0.020718621923054893,1.0
CUB,USA,2000,900766.0,31369527.0,900766.0,0.02871468224560734,1.0
CUB,USA,2005,918694.0,35533585.0,918694.0,0.025854244653332897,1.0
CUB,USA,2010,1102190.0,39769676.0,1102190.0,0.027714331894481616,1.0
CUB,USA,2015,1237236.0,43278121.0,1237236.0,0.028588024882133863,1.0
CUB,USA,2020,1346576.0,45295697.0,1346576.0,0.029728563399741923,1.0
CUB,USA,2024,1394750.0,48694117.0,1394750.0,0.02864309049900217,1.0
DEU,USA,2000,1369572.0,31369527.0,1369572.0,0.04365931306519222,1.0
DEU,USA,2005,1173821.0,35533585.0,1173821.0,0.03303412813539641,1.0
DEU,USA,2010,1198784.0,39769676.0,1198784.0,0.030143167372044973,1.0
DEU,USA,2015,1179764.0,43278121.0,1179764.0,0.027260055952983725,1.0
DEU,USA,2020,1147641.0,45295697.0,1147641.0,0.02533664511222777,1.0
DEU,USA,2024,1137577.0,48694117.0,1137577.0,0.023361692748222543,1.0
DOM,USA,2000,673311.0,31369527.0,673311.0,0.021463855671142253,1.0
DOM,USA,2005,725810.0,35533585.0,725810.0,0.020426027939483168,1.0
DOM,USA,2010,895116.0,39769676.0,895116.0,0.022507500438273622,1.0
DOM,USA,2015,1099126.0,43278121.0,1099126.0,0.025396805004542597,1.0
DOM,USA,2020,1289305.0,45295697.0,1289305.0,0.028464182811890497,1.0
DOM,USA,2024,1483418.0,48694117.0,1483418.0,0.030464008619357448,1.0
ECU,USA,2000,284853.0,31369527.0,284853.0,0.00908056407736081,1.0
ECU,USA,2005,350434.0,35533585.0,350434.0,0.009862050226567345,1.0
ECU,USA,2010,451974.0,39769676.0,451974.0,0.011364789594966777,1.0
ECU,USA,2015,447534.0,43278121.0,447534.0,0.010340883329939394,1.0
ECU,USA,2020,469786.0,45295697.0,469786.0,0.010371537057924067,1.0
ECU,USA,2024,561895.0,48694117.0,561895.0,0.011539278964643717,1.0
EGY,USA,2000,114611.0,31369527.0,114611.0,0.003653577562709186,1.0
EGY,USA,2005,133243.0,35533585.0,133243.0,0.00374977644389104,1.0
EGY,USA,2010,148183.0,39769676.0,148183.0,0.0037260298524936434,1.0
EGY,USA,2015,192005.0,43278121.0,192005.0,0.0044365373441236046,1.0
EGY,USA,2020,229880.0,45295697.0,229880.0,0.005075095764615345,1.0
EGY,USA,2024,262714.0,48694117.0,262714.0,0.005395189731030548,1.0
ERI,IDN,2000,0.0,272821.0,0.0,0.0,
ERI,IDN,2005,0.0,90418.0,0.0,0.0,
ERI,IDN,2010,0.0,96493.0,0.0,0.0,
ERI,IDN,2015,30.0,133132.0,30.0,0.00022534026379833548,1.0
ERI,IDN,2020,264.0,290640.0,264.0,0.0009083402146985962,1.0
ERI,IDN,2024,171.0,420676.0,171.0,0.0004064886040563284,1.0
ESP,USA,2000,112414.0,31369527.0,112414.0,0.003583541441348478,1.0
ESP,USA,2005,114571.0,35533585.0,114571.0,0.0032243017415777213,1.0
ESP,USA,2010,127257.0,39769676.0,127257.0,0.0031998500566109717,1.0
ESP,USA,2015,141349.0,43278121.0,141349.0,0.003266061389310317,1.0
ESP,USA,2020,155463.0,45295697.0,155463.0,0.0034321803238837453,1.0
ESP,USA,2024,168755.0,48694117.0,168755.0,0.0034656137208525623,1.0
ETH,IDN,2000,0.0,272821.0,74613.0,0.0,0.0
ETH,IDN,2005,0.0,90418.0,112568.0,0.0,0.0
ETH,IDN,2010,0.0,96493.0,171081.0,0.0,0.0
ETH,IDN,2015,206.0,133132.0,237378.0,0.0015473364780819038,0.0008678142035066435
ETH,IDN,2020,173.0,290640.0,285228.0,0.0005952380952380953,0.000606532318005245
ETH,IDN,2024,119.0,420676.0,363930.0,0.00028287803440177236,0.0003269859588382381
ETH,USA,2000,74613.0,31369527.0,74613.0,0.002378518490253296,1.0
ETH,USA,2005,112568.0,35533585.0,112568.0,0.0031679325348117843,1.0
ETH,USA,2010,171081.0,39769676.0,171081.0,0.004301795166749662,1.0
ETH,USA,2015,237172.0,43278121.0,237378.0,0.005480182469104885,0.9991321857964933
ETH,USA,2020,285055.0,45295697.0,285228.0,0.0062932026413016675,0.9993934676819948
ETH,USA,2024,363811.0,48694117.0,363930.0,0.007471354291114879,0.9996730140411617
FRA,USA,2000,204122.0,31369527.0,204122.0,0.006507015550473554,1.0
FRA,USA,2005,196697.0,35533585.0,196697.0,0.005535523646150536,1.0
FRA,USA,2010,204225.0,39769676.0,204225.0,0.005135193960343051,1.0
FRA,USA,2015,229140.0,43278121.0,229140.0,0.0052945921566234354,1.0
FRA,USA,2020,232437.0,45295697.0,232437.0,0.005131547042978498,1.0
FRA,USA,2024,253094.0,48694117.0,253094.0,0.005197629931352898,1.0
GBR,IDN,2000,5022.0,272821.0,856217.0,0.01840767389607105,0.005865335539939057
GBR,IDN,2005,3378.0,90418.0,833220.0,0.03735981773540667,0.004054151364585584
GBR,IDN,2010,3289.0,96493.0,855231.0,0.034085374068585285,0.00384574459999696
GBR,IDN,2015,2324.0,133132.0,866746.0,0.017456359102244388,0.0026812930201004677
GBR,IDN,2020,1314.0,290640.0,887947.0,0.0045210569777043765,0.0014798180522035663
GBR,IDN,2024,1753.0,420676.0,900064.0,0.0041671024731622435,0.0019476392789846055
GBR,MYS,2000,3522.0,1482589.0,856217.0,0.002375574080206989,0.004113443204234441
GBR,MYS,2005,3522.0,2042096.0,833220.0,0.001724698545024328,0.004226974868582127
GBR,MYS,2010,3524.0,2914872.0,855231.0,0.0012089724694600654,0.00412052416247774
GBR,MYS,2015,3522.0,3356058.0,866746.0,0.0010494455101789063,0.00406347418967033
GBR,MYS,2020,3522.0,3483620.0,887947.0,0.0010110172751333383,0.0039664529527100156
GBR,MYS,2024,3522.0,3569533.0,900064.0,0.0009866836922364914,0.00391305507163935
GBR,USA,2000,847673.0,31369527.0,856217.0,0.0270221798371394,0.9900212212558265
GBR,USA,2005,826320.0,35533585.0,833220.0,0.0232546195381074,0.9917188737668323
GBR,USA,2010,848418.0,39769676.0,855231.0,0.02133328921261516,0.9920337312375253
GBR,USA,2015,860900.0,43278121.0,866746.0,0.01989226842819724,0.9932552327902292
GBR,USA,2020,883111.0,45295697.0,887947.0,0.019496576021338186,0.9945537289950864
GBR,USA,2024,894789.0,48694117.0,900064.0,0.01837571056068231,0.994139305649376
GHA,USA,2000,66569.0,31369527.0,66569.0,0.002122091289422375,1.0
GHA,USA,2005,78299.0,35533585.0,78299.0,0.002203520978814831,1.0
GHA,USA,2010,126455.0,39769676.0,126455.0,0.003179683938083881,1.0
GHA,USA,2015,162903.0,43278121.0,162903.0,0.0037640959504688294,1.0
GHA,USA,2020,210738.0,45295697.0,210738.0,0.00465249491579741,1.0
GHA,USA,2024,258358.0,48694117.0,258358.0,0.005305733339409358,1.0
GRC,USA,2000,183593.0,31369527.0,183593.0,0.005852590636766694,1.0
GRC,USA,2005,159776.0,35533585.0,159776.0,0.004496478472408568,1.0
GRC,USA,2010,146811.0,39769676.0,146811.0,0.0036915312058363263,1.0
GRC,USA,2015,152851.0,43278121.0,152851.0,0.0035318307835037477,1.0
GRC,USA,2020,134752.0,45295697.0,134752.0,0.002974940423148804,1.0
GRC,USA,2024,130822.0,48694117.0,130822.0,0.002686607911998897,1.0
GTM,USA,2000,454084.0,31369527.0,454084.0,0.014475321862519635,1.0
GTM,USA,2005,651897.0,35533585.0,651897.0,0.018345939482323555,1.0
GTM,USA,2010,823536.0,39769676.0,823536.0,0.020707636642551475,1.0
GTM,USA,2015,952839.0,43278121.0,952839.0,0.022016644391747043,1.0
GTM,USA,2020,1144667.0,45295697.0,1144667.0,0.0252709876613666,1.0
GTM,USA,2024,1298936.0,48694117.0,1298936.0,0.026675419537846842,1.0
GUY,USA,2000,218325.0,31369527.0,218325.0,0.006959779788837747,1.0
GUY,USA,2005,253002.0,35533585.0,253002.0,0.007120080903742192,1.0
GUY,USA,2010,257524.0,39769676.0,257524.0,0.006475385919664017,1.0
GUY,USA,2015,279144.0,43278121.0,279144.0,0.006450002762365769,1.0
GUY,USA,2020,277360.0,45295697.0,277360.0,0.006123318954557648,1.0
GUY,USA,2024,314783.0,48694117.0,314783.0,0.006464497549057107,1.0
HKG,USA,2000,210485.0,31369527.0,210485.0,0.0067098557144326726,1.0
HKG,USA,2005,214124.0,35533585.0,214124.0,0.006025961073165007,1.0
HKG,USA,2010,215677.0,39769676.0,215677.0,0.00542315205182964,1.0
HKG,USA,2015,244595.0,43278121.0,244595.0,0.0056517010061504286,1.0
HKG,USA,2020,258439.0,45295697.0,258439.0,0.00570559715639214,1.0
HKG,USA,2024,268915.0,48694117.0,268915.0,0.0055225357100119506,1.0
HND,USA,2000,266664.0,31369527.0,266664.0,0.008500733849126894,1.0
HND,USA,2005,394260.0,35533585.0,394260.0,0.011095418601866375,1.0
HND,USA,2010,509973.0,39769676.0,509973.0,0.01282316204939663,1.0
HND,USA,2015,621409.0,43278121.0,621409.0,0.014358502301890601,1.0
HND,USA,2020,775889.0,45295697.0,775889.0,0.01712941960027682,1.0
HND,USA,2024,934727.0,48694117.0,934727.0,0.019195891774770244,1.0
HTI,USA,2000,432213.0,31369527.0,432213.0,0.013778116577913337,1.0
HTI,USA,2005,491199.0,35533585.0,491199.0,0.01382351372652098,1.0
HTI,USA,2010,599162.0,39769676.0,599162.0,0.015065800385198008,1.0
HTI,USA,2015,686053.0,43278121.0,686053.0,0.015852190070821236,1.0
HTI,USA,2020,732899.0,45295697.0,732899.0,0.016180322824042203,1.0
HTI,USA,2024,798232.0,48694117.0,798232.0,0.01639278108277433,1.0
IDN,ARE,2000,91456.0,96902.0,2187871.0,0.9437988895998018,0.041801367630906944
IDN,ARE,2005,119309.0,125483.0,2470619.0,0.950798116079469,0.04829113675560659
IDN,ARE,2010,199195.0,208956.0,3106885.0,0.9532868163632535,0.06411405636191878
IDN,ARE,2015,250877.0,263170.0,3351461.0,0.953288748717559,0.07485601055778361
IDN,ARE,2020,262762.0,275636.0,3546661.0,0.9532934740019446,0.07408714844751162
IDN,ARE,2024,298351.0,312969.0,3856982.0,0.953292498618074,0.07735348518608591
IDN,AUS,2000,116837.0,430452.0,2187871.0,0.2714286378039828,0.05340214299654779
IDN,AUS,2005,125139.0,500775.0,2470619.0,0.24989066946233338,0.05065086927608021
IDN,AUS,2010,146982.0,613916.0,3106885.0,0.23941711895438464,0.0473084777840184
IDN,AUS,2015,159692.0,699822.0,3351461.0,0.22818945388970338,0.04764847330761122
IDN,AUS,2020,193893.0,824942.0,3546661.0,0.23503834208950447,0.054669166294720586
IDN,AUS,2024,216949.0,863844.0,3856982.0,0.2511437250244257,0.056248382802927266
IDN,BEL,2000,2747.0,16597.0,2187871.0,0.16551183948906428,0.001255558485852228
IDN,BEL,2005,3008.0,17252.0,2470619.0,0.17435659633665662,0.0012175086486423039
IDN,BEL,2010,3270.0,18666.0,3106885.0,0.1751848280295725,0.0010525011386002378
IDN,BEL,2015,3358.0,19383.0,3351461.0,0.17324459577980705,0.0010019510893905673
IDN,BEL,2020,3591.0,19807.0,3546661.0,0.1812995405664664,0.0010125016177187501
IDN,BEL,2024,3816.0,20461.0,3856982.0,0.186501148526465,0.00098937459391825
IDN,BGD,2000,97476.0,289079.0,2187871.0,0.3371950228138329,0.04455290097085249
IDN,BGD,2005,123383.0,351379.0,2470619.0,0.3511393680328079,0.04994011622188609
IDN,BGD,2010,143647.0,391980.0,3106885.0,0.366465125771723,0.0462350553689628
IDN,BGD,2015,152862.0,402431.0,3351461.0,0.37984648299957013,0.045610556112692345
IDN,BGD,2020,149901.0,394634.0,3546661.0,0.3798481631080951,0.042265387078156046
IDN,BGD,2024,205947.0,542183.0,3856982.0,0.3798477635779801,0.053395893473187066
IDN,BGR,2000,11.0,577.0,2187871.0,0.019064124783362217,5.027718727475249e-06
IDN,BGR,2005,17.0,845.0,2470619.0,0.020118343195266272,6.8808666977789775e-06
IDN,BGR,2010,22.0,1095.0,3106885.0,0.02009132420091324,7.081047415659093e-06
IDN,BGR,2015,38.0,2170.0,3351461.0,0.017511520737327188,1.133833871257938e-05
IDN,BGR,2020,63.0,3537.0,3546661.0,0.017811704834605598,1.7763186275767546e-05
IDN,BGR,2024,87.0,4865.0,3856982.0,0.01788283658787256,2.255649624499155e-05
IDN,BHR,2000,9135.0,9679.0,2187871.0,0.9437958466783759,0.004175291870498764
IDN,BHR,2005,14255.0,14995.0,2470619.0,0.9506502167389129,0.00576980910451996
IDN,BHR,2010,23008.0,24136.0,3106885.0,0.9532648326151807,0.007405488133612927
IDN,BHR,2015,25817.0,27082.0,3351461.0,0.9532900081234769,0.007703207645859522
IDN,BHR,2020,28122.0,29500.0,3546661.0,0.9532881355932203,0.00792914800709738
IDN,BHR,2024,30062.0,31535.0,3856982.0,0.9532899952433803,0.007794176897895816
IDN,BHS,2000,6.0,4306.0,2187871.0,0.0013934045517882026,2.7423920331683173e-06
IDN,BHS,2005,18.0,6605.0,2470619.0,0.002725208175624527,7.285623562354211e-06
IDN,BHS,2010,30.0,8949.0,3106885.0,0.003352329869259135,9.655973748626035e-06
IDN,BHS,2015,33.0,9697.0,3351461.0,0.0034031143652676087,9.846452039871567e-06
IDN,BHS,2020,34.0,10393.0,3546661.0,0.003271432695083229,9.586481482160263e-06
IDN,BHS,2024,36.0,10998.0,3856982.0,0.0032733224222585926,9.333722584134434e-06
IDN,BOL,2000,15.0,3678.0,2187871.0,0.004078303425774877,6.855980082920794e-06
IDN,BOL,2005,12.0,3954.0,2470619.0,0.0030349013657056147,4.857082374902808e-06
IDN,BOL,2010,9.0,4222.0,3106885.0,0.0021316911416390336,2.8967921245878105e-06
IDN,BOL,2015,11.0,4917.0,3351461.0,0.0022371364653243847,3.2821506799571888e-06
IDN,BOL,2020,10.0,5471.0,3546661.0,0.0018278194114421495,2.81955337710596e-06
IDN,BOL,2024,11.0,6108.0,3856982.0,0.0018009168303863784,2.851970789596633e-06
IDN,BRA,2000,722.0,14437.0,2187871.0,0.05001038997021542,0.0003300011746579209
IDN,BRA,2005,785.0,18822.0,2470619.0,0.0417065136542344,0.0003177341386915587
IDN,BRA,2010,716.0,23500.0,3106885.0,0.030468085106382978,0.00023045590680054138
IDN,BRA,2015,767.0,28962.0,3351461.0,0.02648297769491057,0.00022885541559337854
IDN,BRA,2020,814.0,33265.0,3546661.0,0.02447016383586352,0.0002295116448964251
IDN,BRA,2024,847.0,28611.0,3856982.0,0.02960399846212995,0.00021960175079894072
IDN,BRN,2000,5778.0,51180.0,2187871.0,0.11289566236811255,0.0026409235279410896
IDN,BRN,2005,5907.0,52321.0,2470619.0,0.11289921828711225,0.002390898799045907
IDN,BRN,2010,6036.0,53462.0,3106885.0,0.11290262242340354,0.0019427819182235584
IDN,BRN,2015,6165.0,54603.0,3351461.0,0.11290588429207186,0.0018394962674487337
IDN,BRN,2020,6717.0,59510.0,3546661.0,0.11287178625441102,0.001893894003402073
IDN,BRN,2024,7195.0,63747.0,3856982.0,0.11286805653599385,0.0018654481664679794
IDN,CAN,2000,9197.0,268121.0,2187871.0,0.03430167722781878,0.00420362992150817
IDN,CAN,2005,11931.0,281778.0,2470619.0,0.042341843578987716,0.004829154151247117
IDN,CAN,2010,14446.0,342515.0,3106885.0,0.04217625505452316,0.004649673225755057
IDN,CAN,2015,15781.0,376095.0,3351461.0,0.04196014304896369,0.0047086927164003995
IDN,CAN,2020,16012.0,308605.0,3546661.0,0.05188509583448097,0.0045146688674220625
IDN,CAN,2024,16815.0,298361.0,3856982.0,0.056357902004618564,0.004359626257006126
IDN,CHN,2000,69472.0,143280.0,2187871.0,0.4848687883863763,0.03175324322137823
IDN,CHN,2005,48554.0,134556.0,2470619.0,0.360846041796724,0.019652564802585912
IDN,CHN,2010,144618.0,244237.0,3106885.0,0.5921215868193599,0.04654758705262667
IDN,CHN,2015,226184.0,326332.0,3351461.0,0.69311008420872,0.0674881790359488
IDN,CHN,2020,263382.0,359919.0,3546661.0,0.7317813174630958,0.07426196075689219
IDN,CHN,2024,296555.0,401377.0,3856982.0,0.7388440294286918,0.07688783613716631
IDN,CRI,2000,13.0,9683.0,2187871.0,0.0013425591242383558,5.941849405198021e-06
IDN,CRI,2005,10.0,6349.0,2470619.0,0.001575051189163648,4.047568645752339e-06
IDN,CRI,2010,18.0,12515.0,3106885.0,0.0014382740711146624,5.793584249175621e-06
IDN,CRI,2015,17.0,12694.0,3351461.0,0.001339215377343627,5.072414687206565e-06
IDN,CRI,2020,20.0,15233.0,3546661.0,0.0013129390139828005,5.63910675421192e-06
IDN,CRI,2024,24.0,18383.0,3856982.0,0.0013055540444976337,6.22248172275629e-06
IDN,CUW,2000,187.0,527.0,2187871.0,0.3548387096774194,8.547121836707923e-05
IDN,CUW,2005,187.0,527.0,2470619.0,0.3548387096774194,7.568953367556876e-05
IDN,CUW,2010,169.0,474.0,3106885.0,0.35654008438818563,5.439531878392667e-05
IDN,CUW,2015,182.0,512.0,3351461.0,0.35546875,5.43046748865644e-05
IDN,CUW,2020,211.0,595.0,3546661.0,0.3546218487394958,5.949257625693575e-05
IDN,CUW,2024,295.0,832.0,3856982.0,0.3545673076923077,7.648467117554606e-05
IDN,CYP,2000,79.0,1545.0,2187871.0,0.0511326860841424,3.610816177004951e-05
IDN,CYP,2005,118.0,2323.0,2470619.0,0.05079638398622471,4.776131001987761e-05
IDN,CYP,2010,181.0,3564.0,3106885.0,0.05078563411896745,5.825770828337708e-05
IDN,CYP,2015,165.0,3271.0,3351461.0,0.05044328951391012,4.9232260199357834e-05
IDN,CYP,2020,169.0,3374.0,3546661.0,0.05008891523414345,4.765045207309072e-05
IDN,CYP,2024,179.0,3581.0,3856982.0,0.04998603741971516,4.640934284889066e-05
IDN,DNK,2000,616.0,9327.0,2187871.0,0.06604481612522783,0.0002815522487386139
IDN,DNK,2005,892.0,10477.0,2470619.0,0.0851388756323375,0.00036104312320110873
IDN,DNK,2010,1064.0,12604.0,3106885.0,0.08441764519200254,0.00034246520228460337
IDN,DNK,2015,1161.0,14475.0,3351461.0,0.08020725388601037,0.0003464160854027542
IDN,DNK,2020,1296.0,16236.0,3546661.0,0.07982261640798226,0.0003654141176729324
IDN,DNK,2024,1546.0,19207.0,3856982.0,0.08049148747852346,0.00040083153097421765
IDN,DZA,2000,1446.0,3417.0,2187871.0,0.4231782265144864,0.0006609164799935645
IDN,DZA,2005,1143.0,2702.0,2470619.0,0.42301998519615097,0.0004626370962094924
IDN,DZA,2010,1255.0,2967.0,3106885.0,0.4229861813279407,0.00040394156848418914
IDN,DZA,2015,1363.0,3222.0,3351461.0,0.4230291744258225,0.00040668830698014984
IDN,DZA,2020,1416.0,3347.0,3546661.0,0.4230654317299074,0.00039924875819820387
IDN,DZA,2024,1467.0,3468.0,3856982.0,0.42301038062283736,0.00038034919530347824
IDN,EGY,2000,1833.0,7182.0,2187871.0,0.2552213868003342,0.000837800766132921
IDN,EGY,2005,2372.0,8428.0,2470619.0,0.28144280968201235,0.000960083282772455
IDN,EGY,2010,2822.0,9143.0,3106885.0,0.3086514273214481,0.000908305263954089
IDN,EGY,2015,0.0,0.0,3351461.0,,0.0
IDN,EGY,2020,3447.0,9425.0,3546661.0,0.36572944297082227,0.0009719000490884243
IDN,EGY,2024,3074.0,7897.0,3856982.0,0.38926174496644295,0.0007969962006563682
IDN,EST,2000,0.0,191.0,2187871.0,0.0,0.0
IDN,EST,2005,0.0,409.0,2470619.0,0.0,0.0
IDN,EST,2010,6.0,632.0,3106885.0,0.00949367088607595,1.931194749725207e-06
IDN,EST,2015,12.0,662.0,3351461.0,0.01812688821752266,3.5805280144987513e-06
IDN,EST,2020,40.0,1238.0,3546661.0,0.03231017770597738,1.127821350842384e-05
IDN,EST,2024,41.0,1261.0,3856982.0,0.03251387787470262,1.0630072943041996e-05
IDN,FIN,2000,112.0,2742.0,2187871.0,0.040846097738876735,5.119131795247526e-05
IDN,FIN,2005,229.0,3851.0,2470619.0,0.059465074006751495,9.268932198772859e-05
IDN,FIN,2010,311.0,4580.0,3106885.0,0.06790393013100436,0.0001001002611940899
IDN,FIN,2015,466.0,5304.0,3351461.0,0.08785822021116138,0.0001390438378963682
IDN,FIN,2020,709.0,6685.0,3546661.0,0.10605833956619297,0.00019990633443681255
IDN,FIN,2024,835.0,7870.0,3856982.0,0.10609911054637865,0.0002164905099375626
IDN,FRO,2000,0.0,26.0,2187871.0,0.0,0.0
IDN,FRO,2005,3.0,34.0,2470619.0,0.08823529411764706,1.214270593725702e-06
IDN,FRO,2010,6.0,45.0,3106885.0,0.13333333333333333,1.931194749725207e-06
IDN,FRO,2015,10.0,51.0,3351461.0,0.19607843137254902,2.9837733454156263e-06
IDN,FRO,2020,11.0,56.0,3546661.0,0.19642857142857142,3.1015087148165558e-06
IDN,FRO,2024,13.0,67.0,3856982.0,0.19402985074626866,3.370510933159657e-06
IDN,GRC,2000,259.0,23191.0,2187871.0,0.011168125565952309,0.00011837992276509905
IDN,GRC,2005,356.0,23470.0,2470619.0,0.015168299957392415,0.0001440934437887833
IDN,GRC,2010,470.0,24722.0,3106885.0,0.019011406844106463,0.0001512769220618079
IDN,GRC,2015,442.0,23295.0,3351461.0,0.01897402876153681,0.00013188278186737067
IDN,GRC,2020,450.0,23808.0,3546661.0,0.018901209677419355,0.00012687990196976818
IDN,GRC,2024,478.0,25291.0,3856982.0,0.018900003953975723,0.00012393109431156277
IDN,GTM,2000,25.0,5481.0,2187871.0,0.004561211457763182,1.1426633471534656e-05
IDN,GTM,2005,30.0,6503.0,2470619.0,0.004613255420575119,1.214270593725702e-05
IDN,GTM,2010,35.0,7549.0,3106885.0,0.0046363756788978675,1.1265302706730375e-05
IDN,GTM,2015,39.0,8278.0,3351461.0,0.004711282918579367,1.1636716047120943e-05
IDN,GTM,2020,42.0,9341.0,3546661.0,0.004496306605288513,1.184212418384503e-05
IDN,GTM,2024,46.0,10274.0,3856982.0,0.004477321393809616,1.1926423301949556e-05
IDN,HKG,2000,111117.0,137522.0,2187871.0,0.8079943572664737,0.05078772925826066
IDN,HKG,2005,121316.0,148452.0,2470619.0,0.817206908630399,0.049103483782809085
IDN,HKG,2010,131809.0,159742.0,3106885.0,0.8251367830626886,0.04242480812775497
IDN,HKG,2015,134708.0,163255.0,3351461.0,0.8251385868732963,0.04019381398142482
IDN,HKG,2020,140463.0,170229.0,3546661.0,0.8251414271363868,0.039604292600843444
IDN,HKG,2024,145244.0,176023.0,3856982.0,0.8251421689211069,0.03765742230583394
IDN,HRV,2000,0.0,835.0,2187871.0,0.0,0.0
IDN,HRV,2005,14.0,1235.0,2470619.0,0.011336032388663968,5.666596104053275e-06
IDN,HRV,2010,27.0,1633.0,3106885.0,0.01653398652786283,8.690376373763432e-06
IDN,HRV,2015,27.0,1643.0,3351461.0,0.016433353621424222,8.056188032622191e-06
IDN,HRV,2020,23.0,1542.0,3546661.0,0.014915693904020753,6.484972767343707e-06
IDN,HRV,2024,22.0,1469.0,3856982.0,0.014976174268209666,5.703941579193266e-06
IDN,HUN,2000,147.0,5203.0,2187871.0,0.028252931001345377,6.718860481262378e-05
IDN,HUN,2005,181.0,6388.0,2470619.0,0.02833437695679399,7.326099248811735e-05
IDN,HUN,2010,217.0,7629.0,3106885.0,0.028444094901035524,6.984487678172832e-05
IDN,HUN,2015,211.0,7577.0,3351461.0,0.02784743302098456,6.295761758826971e-05
IDN,HUN,2020,567.0,10085.0,3546661.0,0.05622211204759544,0.00015986867648190792
IDN,HUN,2024,669.0,11897.0,3856982.0,0.056232663696730266,0.00017345167802183158
IDN,IND,2000,1005.0,18851.0,2187871.0,0.05331282160097608,0.00045935066555569316
IDN,IND,2005,959.0,22616.0,2470619.0,0.04240360806508667,0.0003881618331276494
IDN,IND,2010,946.0,33733.0,3106885.0,0.02804375537307681,0.00030448503887334097
IDN,IND,2015,884.0,32149.0,3351461.0,0.027496967246259604,0.00026376556373474135
IDN,IND,2020,824.0,29983.0,3546661.0,0.02748223993596371,0.00023233119827353107
IDN,IND,2024,780.0,28734.0,3856982.0,0.027145541866778033,0.0002022306559895794
IDN,ISL,2000,75.0,1476.0,2187871.0,0.0508130081300813,3.427990041460397e-05
IDN,ISL,2005,93.0,1718.0,2470619.0,0.05413271245634459,3.764238840549676e-05
IDN,ISL,2010,108.0,1987.0,3106885.0,0.05435329642677403,3.476150549505373e-05
IDN,ISL,2015,129.0,2183.0,3351461.0,0.059092991296381125,3.849067615586158e-05
IDN,ISL,2020,158.0,2810.0,3546661.0,0.056227758007117434,4.454894335827416e-05
IDN,ISL,2024,239.0,4244.0,3856982.0,0.05631479736098021,6.196554715578138e-05
IDN,ITA,2000,1157.0,51262.0,2187871.0,0.022570324997073857,0.0005288245970626238
IDN,ITA,2005,1695.0,50857.0,2470619.0,0.03332874530546434,0.0006860628854550216
IDN,ITA,2010,2345.0,52230.0,3106885.0,0.04489756844725254,0.0007547752813509351
IDN,ITA,2015,3086.0,53965.0,3351461.0,0.05718521263782081,0.0009207924543952622
IDN,ITA,2020,3876.0,58180.0,3546661.0,0.06662083190099691,0.0010928588889662699
IDN,ITA,2024,4226.0,55947.0,3856982.0,0.07553577492984431,0.00109567532334867
IDN,JPN,2000,17744.0,70445.0,2187871.0,0.2518844488608134,0.008110167372756438
IDN,JPN,2005,24390.0,80611.0,2470619.0,0.3025641661807942,0.009872019926989956
IDN,JPN,2010,24873.0,83982.0,3106885.0,0.2961706079874259,0.008005767834985847
IDN,JPN,2015,46640.0,147865.0,3351461.0,0.3154228519257431,0.01391631888301848
IDN,JPN,2020,82095.0,190319.0,3546661.0,0.4313547254872083,0.023147123449351374
IDN,JPN,2024,157343.0,231127.0,3856982.0,0.6807642551497661,0.04079433090431846
IDN,KHM,2000,208.0,933.0,2187871.0,0.22293676312968919,9.506959048316834e-05
IDN,KHM,2005,162.0,728.0,2470619.0,0.22252747252747251,6.55706120611879e-05
IDN,KHM,2010,116.0,523.0,3106885.0,0.22179732313575526,3.733643182802067e-05
IDN,KHM,2015,105.0,472.0,3351461.0,0.22245762711864406,3.1329620126864075e-05
IDN,KHM,2020,111.0,501.0,3546661.0,0.2215568862275449,3.1297042485876154e-05
IDN,KHM,2024,117.0,530.0,3856982.0,0.22075471698113208,3.0334598398436913e-05
IDN,KOR,2000,9979.0,21590.0,2187871.0,0.4622047244094488,0.004561055016497773
IDN,KOR,2005,13616.0,27111.0,2470619.0,0.5022315665228136,0.005511169468056386
IDN,KOR,2010,17136.0,57027.0,3106885.0,0.30048924193802934,0.0055154922052151915
IDN,KOR,2015,40400.0,94693.0,3351461.0,0.42664188482781196,0.01205444431547913
IDN,KOR,2020,36236.0,102177.0,3546661.0,0.3546394981258013,0.010216933617281156
IDN,KOR,2024,27807.0,81033.0,3856982.0,0.3431564917996372,0.007209522886028506
IDN,KWT,2000,42691.0,45234.0,2187871.0,0.9437812265110316,0.01951257638133144
IDN,KWT,2005,53678.0,56493.0,2470619.0,0.9501708176234224,0.02172653897666941
IDN,KWT,2010,75811.0,79481.0,3106885.0,0.9538254425585989,0.02440096752856961
IDN,KWT,2015,90622.0,94961.0,3351461.0,0.9543075578395341,0.02703955081082549
IDN,KWT,2020,105196.0,110231.0,3546661.0,0.9543231940198311,0.029660573705803852
IDN,KWT,2024,115347.0,120868.0,3856982.0,0.9543220703577456,0.029906024969782074
IDN,LBY,2000,9612.0,22714.0,2187871.0,0.4231751342784186,0.004393312037135644
IDN,LBY,2005,10595.0,25038.0,2470619.0,0.42315680166147457,0.004288398980174604
IDN,LBY,2010,11627.0,27477.0,3106885.0,0.42315391054336354,0.0037423335591758307
IDN,LBY,2015,13019.0,30764.0,3351461.0,0.4231894422051749,0.003884574518396604
IDN,LBY,2020,13944.0,32948.0,3546661.0,0.42321233458783536,0.00393158522903655
IDN,LBY,2024,14740.0,34828.0,3856982.0,0.4232226943838291,0.003821640858059488
IDN,LIE,2000,0.0,60.0,2187871.0,0.0,0.0
IDN,LIE,2005,0.0,91.0,2470619.0,0.0,0.0
IDN,LIE,2010,4.0,129.0,3106885.0,0.031007751937984496,1.2874631664834713e-06
IDN,LIE,2015,8.0,138.0,3351461.0,0.057971014492753624,2.387018676332501e-06
IDN,LIE,2020,9.0,156.0,3546661.0,0.057692307692307696,2.537598039395364e-06
IDN,LIE,2024,10.0,167.0,3856982.0,0.059880239520958084,2.5927007178151207e-06
IDN,LKA,2000,79.0,472.0,2187871.0,0.1673728813559322,3.610816177004951e-05
IDN,LKA,2005,157.0,912.0,2470619.0,0.17214912280701755,6.354682773831174e-05
IDN,LKA,2010,317.0,1816.0,3106885.0,0.17455947136563876,0.0001020314559438151
IDN,LKA,2015,320.0,1837.0,3351461.0,0.17419706042460534,9.548074705330004e-05
IDN,LKA,2020,323.0,1861.0,3546661.0,0.17356260075228372,9.10715740805225e-05
IDN,LKA,2024,327.0,1882.0,3856982.0,0.17375132837407015,8.478131347255445e-05
IDN,LTU,2000,2.0,1029.0,2187871.0,0.001943634596695821,9.141306777227725e-07
IDN,LTU,2005,2.0,939.0,2470619.0,0.002129925452609159,8.09513729150468e-07
IDN,LTU,2010,1.0,721.0,3106885.0,0.0013869625520110957,3.2186579162086783e-07
IDN,LTU,2015,2.0,557.0,3351461.0,0.003590664272890485,5.967546690831252e-07
IDN,LTU,2020,10.0,609.0,3546661.0,0.016420361247947456,2.81955337710596e-06
IDN,LTU,2024,11.0,642.0,3856982.0,0.017133956386292833,2.851970789596633e-06
IDN,LUX,2000,0.0,988.0,2187871.0,0.0,0.0
IDN,LUX,2005,0.0,855.0,2470619.0,0.0,0.0
IDN,LUX,2010,0.0,735.0,3106885.0,0.0,0.0
IDN,LUX,2015,0.0,1120.0,3351461.0,0.0,0.0
IDN,LUX,2020,121.0,3204.0,3546661.0,0.03776529338327091,3.4116595862982114e-05
IDN,LUX,2024,140.0,3701.0,3856982.0,0.03782761415833558,3.629781004941169e-05
IDN,LVA,2000,3.0,496.0,2187871.0,0.006048387096774193,1.3711960165841587e-06
IDN,LVA,2005,3.0,615.0,2470619.0,0.004878048780487805,1.214270593725702e-06
IDN,LVA,2010,3.0,719.0,3106885.0,0.004172461752433936,9.655973748626034e-07
IDN,LVA,2015,3.0,436.0,3351461.0,0.006880733944954129,8.951320036246878e-07
IDN,LVA,2020,3.0,554.0,3546661.0,0.005415162454873646,8.458660131317879e-07
IDN,LVA,2024,3.0,510.0,3856982.0,0.0058823529411764705,7.778102153445363e-07
IDN,MEX,2000,73.0,353282.0,2187871.0,0.00020663379396629322,3.33657697368812e-05
IDN,MEX,2005,105.0,511894.0,2470619.0,0.00020512059137243256,4.249947078039957e-05
IDN,MEX,2010,151.0,731168.0,3106885.0,0.00020651888485272878,4.860173453475105e-05
IDN,MEX,2015,169.0,768394.0,3351461.0,0.00021993924991605868,5.042576953752408e-05
IDN,MEX,2020,187.0,799366.0,3546661.0,0.00023393539379958618,5.2725648151881444e-05
IDN,MEX,2024,208.0,823710.0,3856982.0,0.00025251605540784985,5.3928174930554514e-05
IDN,MLT,2000,18.0,1093.0,2187871.0,0.01646843549862763,8.227176099504952e-06
IDN,MLT,2005,22.0,1138.0,2470619.0,0.019332161687170474,8.904651020655148e-06
IDN,MLT,2010,18.0,1103.0,3106885.0,0.016319129646418858,5.793584249175621e-06
IDN,MLT,2015,30.0,1751.0,3351461.0,0.017133066818960593,8.95132003624688e-06
IDN,MLT,2020,63.0,3810.0,3546661.0,0.01653543307086614,1.7763186275767546e-05
IDN,MLT,2024,110.0,6623.0,3856982.0,0.01660878755850823,2.851970789596633e-05
IDN,MYS,2000,863511.0,1482589.0,2187871.0,0.5824345115200504,0.3946809478255345
IDN,MYS,2005,1128807.0,2042096.0,2470619.0,0.5527688218379547,0.45689238203057614
IDN,MYS,2010,1540665.0,2914872.0,3106885.0,0.5285532263509342,0.4958873598475644
IDN,MYS,2015,1607465.0,3356058.0,3351461.0,0.4789741416864667,0.47963112206885294
IDN,MYS,2020,1693459.0,3483620.0,3546661.0,0.48612047238217715,0.4774798042440481
IDN,MYS,2024,1761502.0,3569533.0,3856982.0,0.493482480761489,0.4567047499832771
IDN,NAM,2000,120.0,1499.0,2187871.0,0.0800533689126084,5.484784066336635e-05
IDN,NAM,2005,94.0,1184.0,2470619.0,0.07939189189189189,3.8047145270071997e-05
IDN,NAM,2010,90.0,1140.0,3106885.0,0.07894736842105263,2.8967921245878105e-05
IDN,NAM,2015,88.0,1115.0,3351461.0,0.07892376681614349,2.625720543965751e-05
IDN,NAM,2020,94.0,1192.0,3546661.0,0.07885906040268456,2.650380174479602e-05
IDN,NAM,2024,100.0,1265.0,3856982.0,0.07905138339920949,2.592700717815121e-05
IDN,NCL,2000,1079.0,1079.0,2187871.0,1.0,0.0004931735006314358
IDN,NCL,2005,1150.0,1150.0,2470619.0,1.0,0.0004654703942615191
IDN,NCL,2010,1221.0,1221.0,3106885.0,1.0,0.00039299813156907967
IDN,NCL,2015,938.0,938.0,3351461.0,1.0,0.00027987793979998576
IDN,NCL,2020,994.0,994.0,3546661.0,1.0,0.0002802636056843324
IDN,NCL,2024,1043.0,1043.0,3856982.0,1.0,0.0002704186848681171
IDN,NLD,2000,166871.0,187738.0,2187871.0,0.8888504192012272,0.07627095016113838
IDN,NLD,2005,154419.0,177107.0,2470619.0,0.8718966500477112,0.06250215027084306
IDN,NLD,2010,139220.0,163814.0,3106885.0,0.8498663117926428,0.044810155509457224
IDN,NLD,2015,124938.0,153295.0,3351461.0,0.8150167976776803,0.03727866742295375
IDN,NLD,2020,110625.0,147343.0,3546661.0,0.7507991557115031,0.031191309234234677
IDN,NLD,2024,100339.0,143547.0,3856982.0,0.6989975408751141,0.02601489973248514
IDN,NOR,2000,573.0,15833.0,2187871.0,0.03619023558390703,0.0002618984391675743
IDN,NOR,2005,854.0,15589.0,2470619.0,0.05478221823080377,0.0003456623623472498
IDN,NOR,2010,1244.0,17809.0,3106885.0,0.06985232185973385,0.0004004010447763596
IDN,NOR,2015,1526.0,19862.0,3351461.0,0.07683012788238848,0.00045532381251042455
IDN,NOR,2020,1711.0,21302.0,3546661.0,0.08032109661064689,0.0004824255828228297
IDN,NOR,2024,1903.0,23688.0,3856982.0,0.08033603512326917,0.0004933909466002175
IDN,NZL,2000,3647.0,28280.0,2187871.0,0.12896039603960396,0.0016669172908274756
IDN,NZL,2005,4503.0,35783.0,2470619.0,0.125841880222452,0.0018226201611822785
IDN,NZL,2010,4802.0,41010.0,3106885.0,0.11709339185564496,0.0015455995313634074
IDN,NZL,2015,5740.0,48592.0,3351461.0,0.11812644056634837,0.0017126859002685694
IDN,NZL,2020,7065.0,57746.0,3546661.0,0.12234613652893707,0.0019920144609253607
IDN,NZL,2024,7817.0,63904.0,3856982.0,0.12232411116675013,0.00202671415111608
IDN,PAK,2000,443.0,443.0,2187871.0,1.0,0.00020247994511559411
IDN,PAK,2005,423.0,423.0,2470619.0,1.0,0.00017121215371532398
IDN,PAK,2010,413.0,413.0,3106885.0,1.0,0.00013293057193941842
IDN,PAK,2015,408.0,408.0,3351461.0,1.0,0.00012173795249295754
IDN,PAK,2020,380.0,380.0,3546661.0,1.0,0.00010714302833002646
IDN,PAK,2024,380.0,380.0,3856982.0,1.0,9.852262727697459e-05
IDN,PAN,2000,97.0,5333.0,2187871.0,0.018188636789799362,4.4335337869554466e-05
IDN,PAN,2005,96.0,7925.0,2470619.0,0.012113564668769715,3.885665899922246e-05
IDN,PAN,2010,116.0,12134.0,3106885.0,0.009559914290423603,3.733643182802067e-05
IDN,PAN,2015,135.0,14203.0,3351461.0,0.009505034147715271,4.028094016311095e-05
IDN,PAN,2020,161.0,17061.0,3546661.0,0.009436727038274428,4.539480937140595e-05
IDN,PAN,2024,246.0,26028.0,3856982.0,0.009451360073766712,6.378043765825197e-05
IDN,PNG,2000,6663.0,7601.0,2187871.0,0.8765951848440995,0.0030454263528334165
IDN,PNG,2005,9806.0,10750.0,2470619.0,0.9121860465116279,0.003969045814024744
IDN,PNG,2010,13219.0,14018.0,3106885.0,0.9430018547581681,0.004254743899436252
IDN,PNG,2015,13527.0,14337.0,3351461.0,0.943502824858757,0.004036150204343718
IDN,PNG,2020,13592.0,14403.0,3546661.0,0.943692286329237,0.0038323369501624205
IDN,PNG,2024,13638.0,14451.0,3856982.0,0.9437409175835583,0.0035359252389562616
IDN,PRK,2000,963.0,1761.0,2187871.0,0.5468483816013628,0.00044015392132351497
IDN,PRK,2005,1124.0,2080.0,2470619.0,0.5403846153846154,0.000454946715782563
IDN,PRK,2010,1284.0,2396.0,3106885.0,0.5358931552587646,0.0004132756764411943
IDN,PRK,2015,1414.0,2638.0,3351461.0,0.5360121304018196,0.00042190555104176954
IDN,PRK,2020,1444.0,2691.0,3546661.0,0.5366034931252323,0.00040714350765410056
IDN,PRK,2024,1470.0,2740.0,3856982.0,0.5364963503649635,0.00038112700551882274
IDN,PRT,2000,94.0,7389.0,2187871.0,0.012721613208823928,4.2964141852970306e-05
IDN,PRT,2005,170.0,7516.0,2470619.0,0.02261841405002661,6.880866697778978e-05
IDN,PRT,2010,218.0,6398.0,3106885.0,0.03407314785870585,7.016674257334918e-05
IDN,PRT,2015,247.0,7253.0,3351461.0,0.03405487384530539,7.369920163176597e-05
IDN,PRT,2020,282.0,8316.0,3546661.0,0.03391053391053391,7.951140523438806e-05
IDN,PRT,2024,317.0,9355.0,3856982.0,0.033885622661678244,8.218861275473933e-05
IDN,QAT,2000,163088.0,164088.0,2187871.0,0.9939057091316854,0.07454187198422577
IDN,QAT,2005,64309.0,65453.0,2470619.0,0.9825218095427253,0.026029509203968723
IDN,QAT,2010,46507.0,48840.0,3106885.0,0.9522317772317772,0.014969012370911701
IDN,QAT,2015,53313.0,56137.0,3351461.0,0.949694497390313,0.015907390836414327
IDN,QAT,2020,42969.0,47200.0,3546661.0,0.9103601694915254,0.012115338906086598
IDN,QAT,2024,46021.0,50553.0,3856982.0,0.9103515122742468,0.011931867973456967
IDN,SAU,2000,302021.0,302021.0,2187871.0,1.0,0.13804333070825472
IDN,SAU,2005,321491.0,321491.0,2470619.0,1.0,0.13012568914915654
IDN,SAU,2010,244403.0,244403.0,3106885.0,1.0,0.07866496506951497
IDN,SAU,2015,185481.0,185481.0,3351461.0,1.0,0.055343326388103575
IDN,SAU,2020,176729.0,176729.0,3546661.0,1.0,0.04982968487825591
IDN,SAU,2024,169846.0,169846.0,3856982.0,1.0,0.0440359846118027
IDN,SGP,2000,71417.0,811947.0,2187871.0,0.08795771152550598,0.032642235305463625
IDN,SGP,2005,91676.0,887804.0,2470619.0,0.10326153069821717,0.03710649031679915
IDN,SGP,2010,151605.0,1254665.0,3106885.0,0.12083305105346846,0.04879646333868167
IDN,SGP,2015,172869.0,1513338.0,3351461.0,0.11423026448817118,0.05158019144486539
IDN,SGP,2020,169056.0,1577271.0,3546661.0,0.10718259576192044,0.04766624157200251
IDN,SGP,2024,180437.0,1760391.0,3856982.0,0.10249825180883111,0.0467819139420407
IDN,SLB,2000,81.0,335.0,2187871.0,0.2417910447761194,3.702229244777229e-05
IDN,SLB,2005,75.0,269.0,2470619.0,0.2788104089219331,3.0356764843142547e-05
IDN,SLB,2010,74.0,221.0,3106885.0,0.334841628959276,2.3818068579944222e-05
IDN,SLB,2015,69.0,206.0,3351461.0,0.33495145631067963,2.058803608336782e-05
IDN,SLB,2020,67.0,200.0,3546661.0,0.335,1.889100762660993e-05
IDN,SLB,2024,66.0,196.0,3856982.0,0.336734693877551,1.7111824737579797e-05
IDN,SVK,2000,17.0,1422.0,2187871.0,0.011954992967651195,7.770110760643567e-06
IDN,SVK,2005,20.0,1596.0,2470619.0,0.012531328320802004,8.095137291504679e-06
IDN,SVK,2010,22.0,1789.0,3106885.0,0.012297372833985467,7.081047415659093e-06
IDN,SVK,2015,35.0,2234.0,3351461.0,0.01566696508504924,1.0443206708954691e-05
IDN,SVK,2020,50.0,2719.0,3546661.0,0.018389113644722323,1.4097766885529798e-05
IDN,SVK,2024,54.0,2955.0,3856982.0,0.018274111675126905,1.4000583876201651e-05
IDN,SVN,2000,8.0,678.0,2187871.0,0.011799410029498525,3.65652271089109e-06
IDN,SVN,2005,14.0,671.0,2470619.0,0.020864381520119227,5.666596104053275e-06
IDN,SVN,2010,25.0,701.0,3106885.0,0.03566333808844508,8.046644790521696e-06
IDN,SVN,2015,43.0,753.0,3351461.0,0.057104913678618856,1.2830225385287193e-05
IDN,SVN,2020,68.0,947.0,3546661.0,0.07180570221752904,1.9172962964320526e-05
IDN,SVN,2024,77.0,1074.0,3856982.0,0.07169459962756052,1.996379552717643e-05
IDN,SXM,2000,52.0,325.0,2187871.0,0.16,2.3767397620792084e-05
IDN,SXM,2005,28.0,178.0,2470619.0,0.15730337078651685,1.133319220810655e-05
IDN,SXM,2010,57.0,357.0,3106885.0,0.15966386554621848,1.834635012238947e-05
IDN,SXM,2015,60.0,372.0,3351461.0,0.16129032258064516,1.790264007249376e-05
IDN,SXM,2020,62.0,391.0,3546661.0,0.1585677749360614,1.748123093805695e-05
IDN,SXM,2024,65.0,409.0,3856982.0,0.15892420537897312,1.6852554665798284e-05
IDN,SYC,2000,226.0,226.0,2187871.0,1.0,0.0001032967665826733
IDN,SYC,2005,176.0,176.0,2470619.0,1.0,7.123720816524118e-05
IDN,SYC,2010,126.0,126.0,3106885.0,1.0,4.055508974422935e-05
IDN,SYC,2015,141.0,141.0,3351461.0,1.0,4.207120417036033e-05
IDN,SYC,2020,143.0,143.0,3546661.0,1.0,4.0319613292615224e-05
IDN,SYC,2024,145.0,145.0,3856982.0,1.0,3.759416040831925e-05
IDN,TLS,2000,5337.0,5562.0,2187871.0,0.959546925566343,0.0024393577135032184
IDN,TLS,2005,5666.0,5905.0,2470619.0,0.9595258255715495,0.002293352394683276
IDN,TLS,2010,5779.0,6024.0,3106885.0,0.9593293492695883,0.0018600624097769953
IDN,TLS,2015,4177.0,4301.0,3351461.0,0.9711694954661707,0.0012463221263801071
IDN,TLS,2020,4113.0,4233.0,3546661.0,0.9716513111268604,0.0011596823040036812
IDN,TLS,2024,4066.0,4184.0,3856982.0,0.9717973231357553,0.0010541921118636282
IDN,TUR,2000,180.0,13737.0,2187871.0,0.01310329766324525,8.227176099504953e-05
IDN,TUR,2005,1019.0,17750.0,2470619.0,0.05740845070422535,0.00041244724500216344
IDN,TUR,2010,1914.0,22002.0,3106885.0,0.08699209162803381,0.000616051125162341
IDN,TUR,2015,2983.0,26553.0,3351461.0,0.11234135502579747,0.0008900595889374813
IDN,TUR,2020,6222.0,33276.0,3546661.0,0.1869816083663902,0.001754326111235328
IDN,TUR,2024,15386.0,48963.0,3856982.0,0.314237281212344,0.003989129324430345
IDN,VEN,2000,51.0,10239.0,2187871.0,0.004980955171403457,2.33103322819307e-05
IDN,VEN,2005,53.0,10528.0,2470619.0,0.00503419452887538,2.1452113822487403e-05
IDN,VEN,2010,56.0,10936.0,3106885.0,0.005120702267739576,1.8024484330768598e-05
IDN,VEN,2015,59.0,11335.0,3351461.0,0.005205116894574327,1.7604262737952193e-05
IDN,VEN,2020,54.0,10683.0,3546661.0,0.005054759898904802,1.5225588236372182e-05
IDN,VEN,2024,52.0,10193.0,3856982.0,0.005101540272736191,1.3482043732638629e-05
IND,IDN,2000,13.0,272821.0,1128142.0,4.7650290850044535e-05,1.1523372057772869e-05
IND,IDN,2005,10.0,90418.0,1554010.0,0.00011059744741091375,6.434965025965084e-06
IND,IDN,2010,15.0,96493.0,1894254.0,0.00015545169079622355,7.918684611461821e-06
IND,IDN,2015,3649.0,133132.0,2525038.0,0.027408887420004205,0.00144512676640906
IND,IDN,2020,13142.0,290640.0,2894048.0,0.04521745114230663,0.004541044239763818
IND,IDN,2024,22758.0,420676.0,3327747.0,0.054098641234584334,0.006838861247564794
IND,MYS,2000,18934.0,1482589.0,1128142.0,0.012770902792345013,0.016783348195528576
IND,MYS,2005,134947.0,2042096.0,1554010.0,0.06608259357052754,0.08683792253589102
IND,MYS,2010,95112.0,2914872.0,1894254.0,0.03262990621886656,0.05021079538435711
IND,MYS,2015,139751.0,3356058.0,2525038.0,0.04164141382538681,0.05534609776169705
IND,MYS,2020,139751.0,3483620.0,2894048.0,0.04011660284416785,0.04828910923384823
IND,MYS,2024,139751.0,3569533.0,3327747.0,0.03915105981650821,0.04199568056105227
IND,USA,2000,1109195.0,31369527.0,1128142.0,0.035358996646650105,0.9832051284324137
IND,USA,2005,1419053.0,35533585.0,1554010.0,0.03993554267040604,0.913155642499083
IND,USA,2010,1799127.0,39769676.0,1894254.0,0.04523866374973736,0.9497812859310314
IND,USA,2015,2381638.0,43278121.0,2525038.0,0.05503099360529077,0.9432087754718939
IND,USA,2020,2741155.0,45295697.0,2894048.0,0.06051689634006515,0.9471698465263879
IND,USA,2024,3165238.0,48694117.0,3327747.0,0.06500247247526841,0.951165458191383
IRL,USA,2000,156207.0,31369527.0,156207.0,0.004979577792167539,1.0
IRL,USA,2005,136251.0,35533585.0,136251.0,0.0038344287524042396,1.0
IRL,USA,2010,133578.0,39769676.0,133578.0,0.003358790250139327,1.0
IRL,USA,2015,134235.0,43278121.0,134235.0,0.003101682718618953,1.0
IRL,USA,2020,128284.0,45295697.0,128284.0,0.0028321454022442794,1.0
IRL,USA,2024,125844.0,48694117.0,125844.0,0.0025843779033923133,1.0
IRN,IDN,2000,60.0,272821.0,291934.0,0.00021992441930789784,0.00020552590654051943
IRN,IDN,2005,28.0,90418.0,299881.0,0.0003096728527505585,9.337037024686459e-05
IRN,IDN,2010,103.0,96493.0,369929.0,0.0010674349434674018,0.0002784318071846219
IRN,IDN,2015,761.0,133132.0,401605.0,0.00571613135835111,0.0018948967268833804
IRN,IDN,2020,338.0,290640.0,408996.0,0.001162950729424718,0.0008264139502586822
IRN,IDN,2024,220.0,420676.0,431983.0,0.0005229677946923523,0.0005092793003428376
IRN,MYS,2000,6.0,1482589.0,291934.0,4.046974582976132e-06,2.0552590654051943e-05
IRN,MYS,2005,22.0,2042096.0,299881.0,1.0773244744615337e-05,7.33624337653936e-05
IRN,MYS,2010,130.0,2914872.0,369929.0,4.4598870893816266e-05,0.00035141878576699855
IRN,MYS,2015,528.0,3356058.0,401605.0,0.00015732743593823467,0.0013147246672725688
IRN,MYS,2020,442.0,3483620.0,408996.0,0.0001268795103943599,0.0010806951657228922
IRN,MYS,2024,358.0,3569533.0,431983.0,0.00010029323163562292,0.0008287363160124357
IRN,USA,2000,291868.0,31369527.0,291934.0,0.009304188743426065,0.9997739215028054
IRN,USA,2005,299831.0,35533585.0,299881.0,0.008437960875605431,0.9998332671959878
IRN,USA,2010,369696.0,39769676.0,369929.0,0.00929592687654785,0.9993701494070484
IRN,USA,2015,400316.0,43278121.0,401605.0,0.009249847053202703,0.9967903786058441
IRN,USA,2020,408216.0,45295697.0,408996.0,0.00901224679244918,0.9980928908840184
IRN,USA,2024,431405.0,48694117.0,431983.0,0.008859489124733487,0.9986619843836447
IRQ,IDN,2000,532.0,272821.0,101105.0,0.001949996517863361,0.005261856485831561
IRQ,IDN,2005,44.0,90418.0,89547.0,0.0004866287686080205,0.0004913620780148972
IRQ,IDN,2010,444.0,96493.0,164189.0,0.004601370047568217,0.0027042006468155602
IRQ,IDN,2015,759.0,133132.0,212592.0,0.005701108674097888,0.0035702190110634456
IRQ,IDN,2020,754.0,290640.0,246954.0,0.002594274704101294,0.003053200191128712
IRQ,IDN,2024,536.0,420676.0,273580.0,0.0012741397179777312,0.0019592075444111413
IRQ,MYS,2000,9.0,1482589.0,101105.0,6.070461874464197e-06,8.901636912121062e-05
IRQ,MYS,2005,44.0,2042096.0,89547.0,2.1546489489230673e-05,0.0004913620780148972
IRQ,MYS,2010,618.0,2914872.0,164189.0,0.00021201617086444963,0.0037639549543513878
IRQ,MYS,2015,1051.0,3356058.0,212592.0,0.00031316502873311486,0.00494374200346203
IRQ,MYS,2020,1262.0,3483620.0,246954.0,0.00036226683737032166,0.005110263449873256
IRQ,MYS,2024,674.0,3569533.0,273580.0,0.00018882021821902192,0.00246363038233789
IRQ,USA,2000,100564.0,31369527.0,101105.0,0.0032057863033765222,0.9946491271450473
IRQ,USA,2005,89459.0,35533585.0,89547.0,0.002517590048963537,0.9990172758439702
IRQ,USA,2010,163127.0,39769676.0,164189.0,0.004101793537367516,0.993531844398833
IRQ,USA,2015,210782.0,43278121.0,212592.0,0.004870405533548927,0.9914860389854745
IRQ,USA,2020,244938.0,45295697.0,246954.0,0.0054075335235486055,0.991836536358998
IRQ,USA,2024,272370.0,48694117.0,273580.0,0.005593488839729859,0.995577162073251
ISR,USA,2000,133038.0,31369527.0,133038.0,0.004240994771773256,1.0
ISR,USA,2005,145533.0,35533585.0,145533.0,0.004095646414511792,1.0
ISR,USA,2010,154072.0,39769676.0,154072.0,0.003874107498386459,1.0
ISR,USA,2015,160345.0,43278121.0,160345.0,0.0037049898723653,1.0
ISR,USA,2020,159288.0,45295697.0,159288.0,0.003516625431329603,1.0
ISR,USA,2024,170342.0,48694117.0,170342.0,0.0034982049268908605,1.0
ITA,USA,2000,573020.0,31369527.0,573020.0,0.018266772081070907,1.0
ITA,USA,2005,449642.0,35533585.0,449642.0,0.012654000433674227,1.0
ITA,USA,2010,447401.0,39769676.0,447401.0,0.011249802487704451,1.0
ITA,USA,2015,424505.0,43278121.0,424505.0,0.009808766882462388,1.0
ITA,USA,2020,389417.0,45295697.0,389417.0,0.008597218406861031,1.0
ITA,USA,2024,360987.0,48694117.0,360987.0,0.007413359605637782,1.0
JAM,USA,2000,541069.0,31369527.0,541069.0,0.01724823584365808,1.0
JAM,USA,2005,591724.0,35533585.0,591724.0,0.016652527460992186,1.0
JAM,USA,2010,681674.0,39769676.0,681674.0,0.017140546983586188,1.0
JAM,USA,2015,748216.0,43278121.0,748216.0,0.017288550951645984,1.0
JAM,USA,2020,837746.0,45295697.0,837746.0,0.01849504600845418,1.0
JAM,USA,2024,910748.0,48694117.0,910748.0,0.018703450357257737,1.0
JPN,IDN,2000,23508.0,272821.0,584120.0,0.08616638748483438,0.040245155105115386
JPN,IDN,2005,16384.0,90418.0,546141.0,0.1812028578380411,0.029999578863333827
JPN,IDN,2010,16629.0,96493.0,533267.0,0.17233374441669344,0.031183253417143758
JPN,IDN,2015,12622.0,133132.0,563586.0,0.09480816032208635,0.022395872147285417
JPN,IDN,2020,7432.0,290640.0,556107.0,0.025571153316818057,0.013364334561514242
JPN,IDN,2024,9938.0,420676.0,569770.0,0.02362388156205726,0.017442125770047563
JPN,MYS,2000,12390.0,1482589.0,584120.0,0.008357002513845711,0.02121139491885229
JPN,MYS,2005,12390.0,2042096.0,546141.0,0.006067295562990183,0.022686449103802863
JPN,MYS,2010,12407.0,2914872.0,533267.0,0.004256447624458295,0.02326601871107719
JPN,MYS,2015,12390.0,3356058.0,563586.0,0.0036918313092324387,0.021984222461168306
JPN,MYS,2020,12389.0,3483620.0,556107.0,0.0035563580413477936,0.022278086771071036
JPN,MYS,2024,12388.0,3569533.0,569770.0,0.0034704819930226165,0.021742106464011795
JPN,USA,2000,548222.0,31369527.0,584120.0,0.017476259683481998,0.9385434499760323
JPN,USA,2005,517367.0,35533585.0,546141.0,0.014559943782762139,0.9473139720328633
JPN,USA,2010,504231.0,39769676.0,533267.0,0.012678780687074242,0.9455507278717791
JPN,USA,2015,538574.0,43278121.0,563586.0,0.01244448667260762,0.9556199053915463
JPN,USA,2020,536286.0,45295697.0,556107.0,0.011839667684106948,0.9643575786674147
JPN,USA,2024,547444.0,48694117.0,569770.0,0.011242508001531273,0.9608157677659407
KEN,USA,2000,43039.0,31369527.0,43039.0,0.0013720002855000014,1.0
KEN,USA,2005,65380.0,35533585.0,65380.0,0.0018399494450109665,1.0
KEN,USA,2010,89390.0,39769676.0,89390.0,0.0022476924378262474,1.0
KEN,USA,2015,140254.0,43278121.0,140254.0,0.0032407599211620114,1.0
KEN,USA,2020,164517.0,45295697.0,164517.0,0.0036320668605673515,1.0
KEN,USA,2024,210991.0,48694117.0,210991.0,0.004332987494156635,1.0
KHM,IDN,2000,0.0,272821.0,133747.0,0.0,0.0
KHM,IDN,2005,0.0,90418.0,147415.0,0.0,0.0
KHM,IDN,2010,0.0,96493.0,160007.0,0.0,0.0
KHM,IDN,2015,0.0,133132.0,164568.0,0.0,0.0
KHM,IDN,2020,0.0,290640.0,158737.0,0.0,0.0
KHM,IDN,2024,0.0,420676.0,171380.0,0.0,0.0
KHM,USA,2000,133747.0,31369527.0,133747.0,0.004263596323910144,1.0
KHM,USA,2005,147415.0,35533585.0,147415.0,0.004148610392112138,1.0
KHM,USA,2010,160007.0,39769676.0,160007.0,0.00402334180444417,1.0
KHM,USA,2015,164568.0,43278121.0,164568.0,0.0038025680458724166,1.0
KHM,USA,2020,158737.0,45295697.0,158737.0,0.0035044609204269448,1.0
KHM,USA,2024,171380.0,48694117.0,171380.0,0.003519521670348802,1.0
KOR,IDN,2000,15536.0,272821.0,989702.0,0.056945762972791684,0.015697654445479547
KOR,IDN,2005,10877.0,90418.0,1052375.0,0.1202968435488509,0.010335669319396603
KOR,IDN,2010,11097.0,96493.0,1142575.0,0.11500316085104619,0.00971227271732709
KOR,IDN,2015,8494.0,133132.0,1138728.0,0.06380134002343539,0.007459200089924898
KOR,IDN,2020,4889.0,290640.0,1099575.0,0.0168214973850812,0.004446263329013483
KOR,IDN,2024,6527.0,420676.0,1093111.0,0.015515503617986289,0.005971031304231684
KOR,MYS,2000,3410.0,1482589.0,989702.0,0.0023000305546581013,0.003445481569199618
KOR,MYS,2005,3410.0,2042096.0,1052375.0,0.0016698529354153772,0.003240289820643782
KOR,MYS,2010,3411.0,2914872.0,1142575.0,0.0011702057586062099,0.0029853620112465264
KOR,MYS,2015,3410.0,3356058.0,1138728.0,0.0010160730237677657,0.00299456937916693
KOR,MYS,2020,3410.0,3483620.0,1099575.0,0.0009788668109610118,0.003101198190209854
KOR,MYS,2024,3410.0,3569533.0,1093111.0,0.0009553070387638943,0.003119536808247287
KOR,USA,2000,970756.0,31369527.0,989702.0,0.030945828414945496,0.9808568639853208
KOR,USA,2005,1038088.0,35533585.0,1052375.0,0.029214277140907678,0.9864240408599596
KOR,USA,2010,1128067.0,39769676.0,1142575.0,0.028365003526807712,0.9873023652714263
KOR,USA,2015,1126824.0,43278121.0,1138728.0,0.026036805063694886,0.9895462305309082
KOR,USA,2020,1091276.0,45295697.0,1099575.0,0.024092266424336067,0.9924525384807766
KOR,USA,2024,1083174.0,48694117.0,1093111.0,0.022244453061958182,0.990909431887521
LAO,USA,2000,197031.0,31369527.0,197031.0,0.006280968151033964,1.0
LAO,USA,2005,201179.0,35533585.0,201179.0,0.005661657837226388,1.0
LAO,USA,2010,191464.0,39769676.0,191464.0,0.004814321343729328,1.0
LAO,USA,2015,194279.0,43278121.0,194279.0,0.004489081214963099,1.0
LAO,USA,2020,178574.0,45295697.0,178574.0,0.003942405390074911,1.0
LAO,USA,2024,176588.0,48694117.0,176588.0,0.0036264750421493423,1.0
LBN,USA,2000,110064.0,31369527.0,110064.0,0.0035086279751683856,1.0
LBN,USA,2005,106542.0,35533585.0,106542.0,0.0029983464938874026,1.0
LBN,USA,2010,123454.0,39769676.0,123454.0,0.003104224434717547,1.0
LBN,USA,2015,131683.0,43278121.0,131683.0,0.003042715278697058,1.0
LBN,USA,2020,139103.0,45295697.0,139103.0,0.003070998112690484,1.0
LBN,USA,2024,150380.0,48694117.0,150380.0,0.0030882580743788824,1.0
LKA,IDN,2000,5.0,272821.0,2048.0,1.832703494232482e-05,0.00244140625
LKA,IDN,2005,14.0,90418.0,2481.0,0.00015483642637527926,0.005642885933091495
LKA,IDN,2010,344.0,96493.0,5867.0,0.0035650254422600605,0.05863303221407874
LKA,IDN,2015,570.0,133132.0,6106.0,0.004281465012168374,0.09335080248935473
LKA,IDN,2020,448.0,290640.0,4313.0,0.0015414258188824663,0.10387201483885926
LKA,IDN,2024,396.0,420676.0,3706.0,0.0009413420304462341,0.10685375067458176
LKA,MYS,2000,2043.0,1482589.0,2048.0,0.0013779948455033728,0.99755859375
LKA,MYS,2005,2467.0,2042096.0,2481.0,0.0012080724902257289,0.9943571140669085
LKA,MYS,2010,5523.0,2914872.0,5867.0,0.0018947658765119018,0.9413669677859212
LKA,MYS,2015,5536.0,3356058.0,6106.0,0.0016495543283220968,0.9066491975106453
LKA,MYS,2020,3865.0,3483620.0,4313.0,0.0011094780716610882,0.8961279851611408
LKA,MYS,2024,3310.0,3569533.0,3706.0,0.0009272921695919326,0.8931462493254182
MEX,USA,2000,9245920.0,31369527.0,9245920.0,0.2947420915846133,1.0
MEX,USA,2005,11171400.0,35533585.0,11171400.0,0.3143898933924061,1.0
MEX,USA,2010,11895927.0,39769676.0,11895927.0,0.2991205409870576,1.0
MEX,USA,2015,11938908.0,43278121.0,11938908.0,0.27586474930369553,1.0
MEX,USA,2020,11177052.0,45295697.0,11177052.0,0.2467574789720092,1.0
MEX,USA,2024,11279561.0,48694117.0,11279561.0,0.23164114465819352,1.0
MMR,IDN,2000,0.0,272821.0,36568.0,0.0,0.0
MMR,IDN,2005,0.0,90418.0,146262.0,0.0,0.0
MMR,IDN,2010,111.0,96493.0,319567.0,0.0011503425118920543,0.0003473450012047552
MMR,IDN,2015,958.0,133132.0,424526.0,0.0071958657572935136,0.0022566344581957287
MMR,IDN,2020,769.0,290640.0,462295.0,0.0026458849435728048,0.0016634400112482289
MMR,IDN,2024,2063.0,420676.0,509743.0,0.004904011638410559,0.004047137479082597
MMR,MYS,2000,8582.0,1482589.0,36568.0,0.005788522645183527,0.23468606431852987
MMR,MYS,2005,109039.0,2042096.0,146262.0,0.053395628804914164,0.7455046423541316
MMR,MYS,2010,237677.0,2914872.0,319567.0,0.08153942951868899,0.7437470076697531
MMR,MYS,2015,286574.0,3356058.0,424526.0,0.08539006179273421,0.6750446380198151
MMR,MYS,2020,299559.0,3483620.0,462295.0,0.08599072229462455,0.6479823489330406
MMR,MYS,2024,308095.0,3569533.0,509743.0,0.08631241117535543,0.6044124195918336
MMR,USA,2000,27986.0,31369527.0,36568.0,0.0008921396870281149,0.7653139356814701
MMR,USA,2005,37223.0,35533585.0,146262.0,0.0010475441754610462,0.2544953576458684
MMR,USA,2010,81779.0,39769676.0,319567.0,0.0020563154701084313,0.2559056473290421
MMR,USA,2015,136994.0,43278121.0,424526.0,0.00316543317580724,0.32269872752198925
MMR,USA,2020,161967.0,45295697.0,462295.0,0.003575770122270113,0.3503542110557112
MMR,USA,2024,199585.0,48694117.0,509743.0,0.00409874975245983,0.39154044292908385
MYS,AUS,2000,181097.0,430452.0,1261268.0,0.42071357549738414,0.1435832828550316
MYS,AUS,2005,217091.0,500775.0,1398316.0,0.4335100594079177,0.15525174567122166
MYS,AUS,2010,275369.0,613916.0,1791971.0,0.4485450778282371,0.1536682234254907
MYS,AUS,2015,306456.0,699822.0,2078438.0,0.4379056388624536,0.14744534116485553
MYS,AUS,2020,375783.0,824942.0,2316851.0,0.4555265703528248,0.16219558357442926
MYS,AUS,2024,385628.0,863844.0,2637773.0,0.44640930538384244,0.14619453607266433
MYS,BGD,2000,159993.0,289079.0,1261268.0,0.5534577053331442,0.12685091511082497
MYS,BGD,2005,190436.0,351379.0,1398316.0,0.5419675051724776,0.13618953083566232
MYS,BGD,2010,204878.0,391980.0,1791971.0,0.5226746262564417,0.11433109129556226
MYS,BGD,2015,203561.0,402431.0,2078438.0,0.5058283283345468,0.09793941411771724
MYS,BGD,2020,199618.0,394634.0,2316851.0,0.505830719096682,0.08615918762147415
MYS,BGD,2024,274253.0,542183.0,2637773.0,0.5058310570416261,0.10397141831385794
MYS,BGR,2000,1.0,577.0,1261268.0,0.0017331022530329288,7.928529067573268e-07
MYS,BGR,2005,2.0,845.0,1398316.0,0.002366863905325444,1.430291865358045e-06
MYS,BGR,2010,2.0,1095.0,1791971.0,0.0018264840182648401,1.1160894902875103e-06
MYS,BGR,2015,3.0,2170.0,2078438.0,0.0013824884792626728,1.4433916239021803e-06
MYS,BGR,2020,20.0,3537.0,2316851.0,0.005654509471303365,8.632406658865849e-06
MYS,BGR,2024,28.0,4865.0,2637773.0,0.0057553956834532375,1.0615015014559631e-05
MYS,BMU,2000,19.0,2935.0,1261268.0,0.006473594548551959,1.5064205228389208e-05
MYS,BMU,2005,33.0,3190.0,1398316.0,0.010344827586206896,2.3599815778407742e-05
MYS,BMU,2010,49.0,3477.0,1791971.0,0.014092608570606844,2.7344192512044e-05
MYS,BMU,2015,42.0,3614.0,2078438.0,0.01162147205312673,2.0207482734630527e-05
MYS,BMU,2020,48.0,3654.0,2316851.0,0.013136288998357963,2.0717775981278035e-05
MYS,BMU,2024,49.0,3734.0,2637773.0,0.013122656668452063,1.8576276275479355e-05
MYS,BOL,2000,7.0,3678.0,1261268.0,0.0019032082653616096,5.549970347301287e-06
MYS,BOL,2005,7.0,3954.0,1398316.0,0.0017703591299949419,5.006021528753157e-06
MYS,BOL,2010,7.0,4222.0,1791971.0,0.0016579819990525818,3.906313216006286e-06
MYS,BOL,2015,9.0,4917.0,2078438.0,0.0018303843807199512,4.330174871706541e-06
MYS,BOL,2020,8.0,5471.0,2316851.0,0.0014622555291537195,3.452962663546339e-06
MYS,BOL,2024,9.0,6108.0,2637773.0,0.0014734774066797642,3.4119691118227383e-06
MYS,BRN,2000,45258.0,51180.0,1261268.0,0.8842907385697538,0.03588293685402309
MYS,BRN,2005,46267.0,52321.0,1398316.0,0.8842912023852755,0.03308765686726033
MYS,BRN,2010,47276.0,53462.0,1791971.0,0.8842916464030527,0.026382123371416166
MYS,BRN,2015,48285.0,54603.0,2078438.0,0.8842920718641832,0.023231388186705594
MYS,BRN,2020,52628.0,59510.0,2316851.0,0.8843555704923542,0.022715314882139594
MYS,BRN,2024,56375.0,63747.0,2637773.0,0.8843553422121825,0.021372195408778542
MYS,CAN,2000,20010.0,268121.0,1261268.0,0.07463048399789647,0.01586498666421411
MYS,CAN,2005,21722.0,281778.0,1398316.0,0.07708905592345747,0.015534399949653726
MYS,CAN,2010,23419.0,342515.0,1791971.0,0.06837364786943638,0.013068849886521601
MYS,CAN,2015,25384.0,376095.0,2078438.0,0.06749358539730653,0.01221301766037765
MYS,CAN,2020,25152.0,308605.0,2316851.0,0.08150224396882746,0.01085611461418969
MYS,CAN,2024,24975.0,298361.0,2637773.0,0.0837073209970472,0.0094682142853081
MYS,CHL,2000,35.0,7322.0,1261268.0,0.004780114722753346,2.7749851736506436e-05
MYS,CHL,2005,51.0,8566.0,1398316.0,0.005953770721456923,3.6472442566630146e-05
MYS,CHL,2010,76.0,9450.0,1791971.0,0.008042328042328042,4.241140063092539e-05
MYS,CHL,2015,127.0,11760.0,2078438.0,0.010799319727891157,6.11035787451923e-05
MYS,CHL,2020,295.0,16320.0,2316851.0,0.018075980392156864,0.00012732799821827128
MYS,CHL,2024,325.0,14367.0,2637773.0,0.022621284888981696,0.00012320999570471
MYS,CHN,2000,14186.0,143280.0,1261268.0,0.09900893355667224,0.011247411335259437
MYS,CHN,2005,16393.0,134556.0,1398316.0,0.12183031600225928,0.011723387274407216
MYS,CHN,2010,19892.0,244237.0,1791971.0,0.08144548123339215,0.011100626070399577
MYS,CHN,2015,27138.0,326332.0,2078438.0,0.08316070750033708,0.013056920629819124
MYS,CHN,2020,30795.0,359919.0,2316851.0,0.08556091787318813,0.01329174815298869
MYS,CHN,2024,34316.0,401377.0,2637773.0,0.08549568111775213,0.01300945911570101
MYS,CRI,2000,3.0,9683.0,1261268.0,0.0003098213363626975,2.3785587202719803e-06
MYS,CRI,2005,3.0,6349.0,1398316.0,0.00047251535674909436,2.1454377980370674e-06
MYS,CRI,2010,5.0,12515.0,1791971.0,0.00039952057530962844,2.7902237257187756e-06
MYS,CRI,2015,4.0,12694.0,2078438.0,0.00031510950055144165,1.9245221652029074e-06
MYS,CRI,2020,4.0,15233.0,2316851.0,0.0002625878027965601,1.7264813317731696e-06
MYS,CRI,2024,5.0,18383.0,2637773.0,0.000271990425937007,1.895538395457077e-06
MYS,CYM,2000,19.0,1840.0,1261268.0,0.010326086956521738,1.5064205228389208e-05
MYS,CYM,2005,18.0,2151.0,1398316.0,0.008368200836820083,1.2872626788222405e-05
MYS,CYM,2010,18.0,2658.0,1791971.0,0.006772009029345372,1.0044805412587592e-05
MYS,CYM,2015,18.0,2896.0,2078438.0,0.006215469613259668,8.660349743413082e-06
MYS,CYM,2020,19.0,3231.0,2316851.0,0.005880532342927886,8.200786325922557e-06
MYS,CYM,2024,21.0,3528.0,2637773.0,0.005952380952380952,7.961261260919724e-06
MYS,CYP,2000,20.0,1545.0,1261268.0,0.012944983818770227,1.5857058135146535e-05
MYS,CYP,2005,31.0,2323.0,1398316.0,0.01334481274214378,2.2169523913049697e-05
MYS,CYP,2010,48.0,3564.0,1791971.0,0.013468013468013467,2.6786147766900245e-05
MYS,CYP,2015,43.0,3271.0,2078438.0,0.013145826964231121,2.068861327593125e-05
MYS,CYP,2020,44.0,3374.0,2316851.0,0.013040901007705987,1.8991294649504867e-05
MYS,CYP,2024,47.0,3581.0,2637773.0,0.01312482546774644,1.781806091729652e-05
MYS,DNK,2000,394.0,9327.0,1261268.0,0.04224295057360351,0.00031238404526238674
MYS,DNK,2005,499.0,10477.0,1398316.0,0.04762813782571347,0.00035685782040683223
MYS,DNK,2010,689.0,12604.0,1791971.0,0.05466518565534751,0.0003844928294040473
MYS,DNK,2015,831.0,14475.0,2078438.0,0.05740932642487047,0.00039981947982090397
MYS,DNK,2020,904.0,16236.0,2316851.0,0.05567873860556787,0.00039018478098073637
MYS,DNK,2024,1077.0,19207.0,2637773.0,0.05607330660696621,0.00040829897038145436
MYS,DOM,2000,44.0,11177.0,1261268.0,0.003936655632101637,3.4885527897322375e-05
MYS,DOM,2005,31.0,17862.0,1398316.0,0.001735527936401299,2.2169523913049697e-05
MYS,DOM,2010,18.0,24585.0,1791971.0,0.0007321537522879804,1.0044805412587592e-05
MYS,DOM,2015,17.0,14027.0,2078438.0,0.0012119483852570043,8.179219202112356e-06
MYS,DOM,2020,17.0,14643.0,2316851.0,0.0011609642832752852,7.3375456600359715e-06
MYS,DOM,2024,18.0,15794.0,2637773.0,0.0011396732936558187,6.823938223645477e-06
MYS,DZA,2000,877.0,3417.0,1261268.0,0.2566578870354112,0.0006953319992261755
MYS,DZA,2005,694.0,2702.0,1398316.0,0.25684678016284235,0.0004963112772792416
MYS,DZA,2010,762.0,2967.0,1791971.0,0.2568250758341759,0.0004252300957995414
MYS,DZA,2015,827.0,3222.0,2078438.0,0.2566728739913097,0.0003978949576557011
MYS,DZA,2020,859.0,3347.0,2316851.0,0.25664774424858083,0.0003707618659982882
MYS,DZA,2024,890.0,3468.0,2637773.0,0.2566320645905421,0.0003374058343913597
MYS,EGY,2000,2017.0,7182.0,1261268.0,0.28084099136730717,0.001599184312929528
MYS,EGY,2005,2410.0,8428.0,1398316.0,0.2859515899383009,0.001723501697756444
MYS,EGY,2010,2648.0,9143.0,1791971.0,0.2896204746800831,0.0014777024851406635
MYS,EGY,2015,0.0,0.0,2078438.0,,0.0
MYS,EGY,2020,2761.0,9425.0,2316851.0,0.29294429708222813,0.0011917037392564303
MYS,EGY,2024,2311.0,7897.0,2637773.0,0.2926427757376219,0.000876117846380261
MYS,EST,2000,0.0,191.0,1261268.0,0.0,0.0
MYS,EST,2005,0.0,409.0,1398316.0,0.0,0.0
MYS,EST,2010,2.0,632.0,1791971.0,0.0031645569620253164,1.1160894902875103e-06
MYS,EST,2015,8.0,662.0,2078438.0,0.012084592145015106,3.849044330405815e-06
MYS,EST,2020,17.0,1238.0,2316851.0,0.013731825525040387,7.3375456600359715e-06
MYS,EST,2024,17.0,1261.0,2637773.0,0.013481363996827915,6.4448305445540616e-06
MYS,FIN,2000,188.0,2742.0,1261268.0,0.06856309263311451,0.00014905634647037743
MYS,FIN,2005,287.0,3851.0,1398316.0,0.07452609711763178,0.00020524688267887944
MYS,FIN,2010,362.0,4580.0,1791971.0,0.07903930131004366,0.00020201219774203935
MYS,FIN,2015,411.0,5304.0,2078438.0,0.07748868778280543,0.0001977446524745987
MYS,FIN,2020,531.0,6685.0,2316851.0,0.07943156320119671,0.00022919039679288828
MYS,FIN,2024,625.0,7870.0,2637773.0,0.07941550190597205,0.0002369422994321346
MYS,GBR,2000,49330.0,206612.0,1261268.0,0.23875670338605695,0.03911143389033893
MYS,GBR,2005,57519.0,231323.0,1398316.0,0.2486523173225317,0.04113447890176469
MYS,GBR,2010,68428.0,262697.0,1791971.0,0.26048260924182615,0.038185885820696874
MYS,GBR,2015,68963.0,280519.0,2078438.0,0.24584074519016538,0.03318020551972202
MYS,GBR,2020,67838.0,297361.0,2316851.0,0.22813348085323898,0.029280260146207073
MYS,GBR,2024,66932.0,310502.0,2637773.0,0.21556060830526053,0.025374435176946614
MYS,GIN,2000,0.0,689.0,1261268.0,0.0,0.0
MYS,GIN,2005,0.0,550.0,1398316.0,0.0,0.0
MYS,GIN,2010,0.0,472.0,1791971.0,0.0,0.0
MYS,GIN,2015,1.0,302.0,2078438.0,0.0033112582781456954,4.811305413007268e-07
MYS,GIN,2020,0.0,288.0,2316851.0,0.0,0.0
MYS,GIN,2024,0.0,278.0,2637773.0,0.0,0.0
MYS,GRC,2000,47.0,23191.0,1261268.0,0.0020266482687249362,3.726408661759436e-05
MYS,GRC,2005,56.0,23470.0,1398316.0,0.002386024712398807,4.004817223002526e-05
MYS,GRC,2010,66.0,24722.0,1791971.0,0.002669686918534099,3.683095317948784e-05
MYS,GRC,2015,61.0,23295.0,2078438.0,0.002618587679759605,2.9348963019344334e-05
MYS,GRC,2020,61.0,23808.0,2316851.0,0.0025621639784946235,2.632884030954084e-05
MYS,GRC,2024,65.0,25291.0,2637773.0,0.002570084219682891,2.4641999140942e-05
MYS,HKG,2000,12609.0,137522.0,1261268.0,0.09168714823810009,0.009997082301303133
MYS,HKG,2005,13766.0,148452.0,1398316.0,0.09273031013391533,0.009844698909259424
MYS,HKG,2010,14957.0,159742.0,1791971.0,0.09363223197405816,0.008346675253115145
MYS,HKG,2015,15286.0,163255.0,2078438.0,0.09363266056169796,0.00735456145432291
MYS,HKG,2020,15939.0,170229.0,2316851.0,0.09363269478173519,0.006879596486783138
MYS,HKG,2024,16481.0,176023.0,2637773.0,0.09362980974077251,0.006248073659105617
MYS,HUN,2000,79.0,5203.0,1261268.0,0.015183547953103978,6.263537963382881e-05
MYS,HUN,2005,98.0,6388.0,1398316.0,0.015341264871634314,7.00843014025442e-05
MYS,HUN,2010,117.0,7629.0,1791971.0,0.01533621706645694,6.529123518181935e-05
MYS,HUN,2015,93.0,7577.0,2078438.0,0.012273987066121156,4.474514034096759e-05
MYS,HUN,2020,156.0,10085.0,2316851.0,0.01546851760039663,6.733277193915362e-05
MYS,HUN,2024,184.0,11897.0,2637773.0,0.015466083886694125,6.975581295282043e-05
MYS,IDN,2000,13.0,272821.0,1261268.0,4.7650290850044535e-05,1.0307087787845247e-05
MYS,IDN,2005,10.0,90418.0,1398316.0,0.00011059744741091375,7.151459326790225e-06
MYS,IDN,2010,14.0,96493.0,1791971.0,0.000145088244743142,7.812626432012571e-06
MYS,IDN,2015,1892.0,133132.0,2078438.0,0.014211459303548358,0.0009102989841409751
MYS,IDN,2020,94489.0,290640.0,2316851.0,0.32510666116157444,0.04078337363947876
MYS,IDN,2024,161013.0,420676.0,2637773.0,0.3827482433036351,0.06104126473354606
MYS,IND,2000,14405.0,18851.0,1261268.0,0.7641504429473237,0.011421046121839291
MYS,IND,2005,14214.0,22616.0,1398316.0,0.6284931022285107,0.010165084287099625
MYS,IND,2010,13682.0,33733.0,1791971.0,0.4055968932499333,0.007635168203056857
MYS,IND,2015,12776.0,32149.0,2078438.0,0.39739960807490127,0.006146923795658086
MYS,IND,2020,11915.0,29983.0,2316851.0,0.397391855384718,0.0051427562670193295
MYS,IND,2024,11283.0,28734.0,2637773.0,0.39267070369596996,0.004277471943188439
MYS,ISL,2000,9.0,1476.0,1261268.0,0.006097560975609756,7.135676160815941e-06
MYS,ISL,2005,19.0,1718.0,1398316.0,0.011059371362048894,1.3587772720901428e-05
MYS,ISL,2010,28.0,1987.0,1791971.0,0.014091595369904378,1.5625252864025143e-05
MYS,ISL,2015,35.0,2183.0,2078438.0,0.01603298213467705,1.6839568945525437e-05
MYS,ISL,2020,48.0,2810.0,2316851.0,0.01708185053380783,2.0717775981278035e-05
MYS,ISL,2024,73.0,4244.0,2637773.0,0.01720075400565504,2.7674860573673323e-05
MYS,ITA,2000,328.0,51262.0,1261268.0,0.006398501814209356,0.0002600557534164032
MYS,ITA,2005,404.0,50857.0,1398316.0,0.007943842538883536,0.0002889189568023251
MYS,ITA,2010,539.0,52230.0,1791971.0,0.01031973961324909,0.000300786117632484
MYS,ITA,2015,643.0,53965.0,2078438.0,0.011915130176966552,0.00030936693805636733
MYS,ITA,2020,727.0,58180.0,2316851.0,0.01249570299071846,0.0003137879820497736
MYS,ITA,2024,764.0,55947.0,2637773.0,0.013655781364505694,0.00028963826682584136
MYS,JPN,2000,8099.0,70445.0,1261268.0,0.11496912484917311,0.0064213156918275895
MYS,JPN,2005,7841.0,80611.0,1398316.0,0.09726960340400194,0.005607459258136215
MYS,JPN,2010,8233.0,83982.0,1791971.0,0.09803291181443642,0.004594382386768536
MYS,JPN,2015,18602.0,147865.0,2078438.0,0.12580394278564908,0.00894999032927612
MYS,JPN,2020,18987.0,190319.0,2316851.0,0.09976408030727357,0.008195175261594294
MYS,JPN,2024,11275.0,231127.0,2637773.0,0.04878270388141585,0.004274439081755709
MYS,KHM,2000,339.0,933.0,1261268.0,0.3633440514469453,0.00026877713539073377
MYS,KHM,2005,265.0,728.0,1398316.0,0.364010989010989,0.00018951367215994095
MYS,KHM,2010,191.0,523.0,1791971.0,0.3652007648183556,0.00010658654632245723
MYS,KHM,2015,172.0,472.0,2078438.0,0.3644067796610169,8.2754453103725e-05
MYS,KHM,2020,182.0,501.0,2316851.0,0.36327345309381237,7.855490059567922e-05
MYS,KHM,2024,193.0,530.0,2637773.0,0.3641509433962264,7.316778206464316e-05
MYS,LBY,2000,5828.0,22714.0,1261268.0,0.25658184379677734,0.0046207467405817
MYS,LBY,2005,6425.0,25038.0,1398316.0,0.2566099528716351,0.004594812617462719
MYS,LBY,2010,7051.0,27477.0,1791971.0,0.2566146231393529,0.003934773498008617
MYS,LBY,2015,7894.0,30764.0,2078438.0,0.2565986217657002,0.0037980444930279375
MYS,LBY,2020,8454.0,32948.0,2316851.0,0.25658613572902755,0.003648918294702594
MYS,LBY,2024,8936.0,34828.0,2637773.0,0.2565751694039279,0.003387706220360888
MYS,LCA,2000,11.0,522.0,1261268.0,0.0210727969348659,8.721381974330594e-06
MYS,LCA,2005,11.0,753.0,1398316.0,0.014608233731739707,7.866605259469247e-06
MYS,LCA,2010,11.0,927.0,1791971.0,0.011866235167206042,6.138492196581307e-06
MYS,LCA,2015,10.0,887.0,2078438.0,0.011273957158962795,4.811305413007268e-06
MYS,LCA,2020,8.0,859.0,2316851.0,0.009313154831199068,3.452962663546339e-06
MYS,LCA,2024,8.0,832.0,2637773.0,0.009615384615384616,3.032861432731323e-06
MYS,LIE,2000,0.0,60.0,1261268.0,0.0,0.0
MYS,LIE,2005,0.0,91.0,1398316.0,0.0,0.0
MYS,LIE,2010,1.0,129.0,1791971.0,0.007751937984496124,5.580447451437551e-07
MYS,LIE,2015,1.0,138.0,2078438.0,0.007246376811594203,4.811305413007268e-07
MYS,LIE,2020,0.0,156.0,2316851.0,0.0,0.0
MYS,LIE,2024,0.0,167.0,2637773.0,0.0,0.0
MYS,LKA,2000,235.0,472.0,1261268.0,0.4978813559322034,0.00018632043308797178
MYS,LKA,2005,453.0,912.0,1398316.0,0.4967105263157895,0.00032396110750359717
MYS,LKA,2010,901.0,1816.0,1791971.0,0.4961453744493392,0.0005027983153745233
MYS,LKA,2015,912.0,1837.0,2078438.0,0.4964616222101252,0.00043879105366626285
MYS,LKA,2020,925.0,1861.0,2316851.0,0.4970445996775927,0.0003992488079725455
MYS,LKA,2024,935.0,1882.0,2637773.0,0.49681190223166843,0.00035446567995047336
MYS,LTU,2000,1.0,1029.0,1261268.0,0.0009718172983479105,7.928529067573268e-07
MYS,LTU,2005,1.0,939.0,1398316.0,0.0010649627263045794,7.151459326790225e-07
MYS,LTU,2010,1.0,721.0,1791971.0,0.0013869625520110957,5.580447451437551e-07
MYS,LTU,2015,1.0,557.0,2078438.0,0.0017953321364452424,4.811305413007268e-07
MYS,LTU,2020,11.0,609.0,2316851.0,0.0180623973727422,4.747823662376217e-06
MYS,LTU,2024,12.0,642.0,2637773.0,0.018691588785046728,4.5492921490969844e-06
MYS,LUX,2000,23.0,988.0,1261268.0,0.02327935222672065,1.8235616855418515e-05
MYS,LUX,2005,19.0,855.0,1398316.0,0.022222222222222223,1.3587772720901428e-05
MYS,LUX,2010,17.0,735.0,1791971.0,0.02312925170068027,9.486760667443837e-06
MYS,LUX,2015,25.0,1120.0,2078438.0,0.022321428571428572,1.202826353251817e-05
MYS,LUX,2020,111.0,3204.0,2316851.0,0.03464419475655431,4.790985695670546e-05
MYS,LUX,2024,128.0,3701.0,2637773.0,0.03458524723047825,4.8525782923701165e-05
MYS,LVA,2000,14.0,496.0,1261268.0,0.028225806451612902,1.1099940694602575e-05
MYS,LVA,2005,9.0,615.0,1398316.0,0.014634146341463415,6.4363133941112025e-06
MYS,LVA,2010,4.0,719.0,1791971.0,0.005563282336578581,2.2321789805750206e-06
MYS,LVA,2015,7.0,436.0,2078438.0,0.016055045871559634,3.3679137891050875e-06
MYS,LVA,2020,8.0,554.0,2316851.0,0.01444043321299639,3.452962663546339e-06
MYS,LVA,2024,7.0,510.0,2637773.0,0.013725490196078431,2.6537537536399077e-06
MYS,MDV,2000,58.0,74.0,1261268.0,0.7837837837837838,4.5985468591924955e-05
MYS,MDV,2005,60.0,92.0,1398316.0,0.6521739130434783,4.290875596074135e-05
MYS,MDV,2010,80.0,118.0,1791971.0,0.6779661016949152,4.464357961150041e-05
MYS,MDV,2015,101.0,145.0,2078438.0,0.696551724137931,4.8594184671373404e-05
MYS,MDV,2020,108.0,154.0,2316851.0,0.7012987012987013,4.6614995957875584e-05
MYS,MDV,2024,116.0,165.0,2637773.0,0.703030303030303,4.3976490774604184e-05
MYS,MLT,2000,24.0,1093.0,1261268.0,0.021957913998170174,1.9028469762175843e-05
MYS,MLT,2005,29.0,1138.0,1398316.0,0.025483304042179262,2.0739232047691652e-05
MYS,MLT,2010,32.0,1103.0,1791971.0,0.02901178603807797,1.7857431844600165e-05
MYS,MLT,2015,54.0,1751.0,2078438.0,0.03083952027412907,2.5981049230239247e-05
MYS,MLT,2020,115.0,3810.0,2316851.0,0.030183727034120734,4.963633828847863e-05
MYS,MLT,2024,200.0,6623.0,2637773.0,0.030197795560924053,7.582153581828307e-05
MYS,MUS,2000,49.0,90.0,1261268.0,0.5444444444444444,3.884979243110901e-05
MYS,MUS,2005,49.0,89.0,1398316.0,0.550561797752809,3.50421507012721e-05
MYS,MUS,2010,53.0,96.0,1791971.0,0.5520833333333334,2.957637149261902e-05
MYS,MUS,2015,61.0,110.0,2078438.0,0.5545454545454546,2.9348963019344334e-05
MYS,MUS,2020,60.0,108.0,2316851.0,0.5555555555555556,2.5897219976597545e-05
MYS,MUS,2024,61.0,109.0,2637773.0,0.5596330275229358,2.312556842457634e-05
MYS,NOR,2000,304.0,15833.0,1261268.0,0.01920040421903619,0.00024102728365422733
MYS,NOR,2005,366.0,15589.0,1398316.0,0.02347809352748733,0.00026174341136052224
MYS,NOR,2010,590.0,17809.0,1791971.0,0.033129316637655115,0.0003292463996348155
MYS,NOR,2015,836.0,19862.0,2078438.0,0.042090423925083074,0.0004022251325274076
MYS,NOR,2020,934.0,21302.0,2316851.0,0.04384564829593465,0.0004031333909690351
MYS,NOR,2024,1039.0,23688.0,2637773.0,0.043861870989530566,0.0003938928785759806
MYS,NZL,2000,11521.0,28280.0,1261268.0,0.4073903818953324,0.009134458338751162
MYS,NZL,2005,14129.0,35783.0,1398316.0,0.39485230416678313,0.010104296882821908
MYS,NZL,2010,15689.0,41010.0,1791971.0,0.3825652279931724,0.008755164006560375
MYS,NZL,2015,18046.0,48592.0,2078438.0,0.3713780046098123,0.008682481748312916
MYS,NZL,2020,21097.0,57746.0,2316851.0,0.3653413223426731,0.009105894164104641
MYS,NZL,2024,23224.0,63904.0,2637773.0,0.36342013019529296,0.00880439673921903
MYS,PAN,2000,24.0,5333.0,1261268.0,0.004500281267579224,1.9028469762175843e-05
MYS,PAN,2005,22.0,7925.0,1398316.0,0.00277602523659306,1.5733210518938494e-05
MYS,PAN,2010,25.0,12134.0,1791971.0,0.0020603263556947422,1.3951118628593877e-05
MYS,PAN,2015,28.0,14203.0,2078438.0,0.001971414489896501,1.347165515642035e-05
MYS,PAN,2020,33.0,17061.0,2316851.0,0.0019342359767891683,1.424347098712865e-05
MYS,PAN,2024,50.0,26028.0,2637773.0,0.0019210081450745352,1.8955383954570768e-05
MYS,PNG,2000,87.0,7601.0,1261268.0,0.011445862386528088,6.897820288788743e-05
MYS,PNG,2005,93.0,10750.0,1398316.0,0.008651162790697674,6.650857173914909e-05
MYS,PNG,2010,78.0,14018.0,1791971.0,0.0055642745042088744,4.35274901212129e-05
MYS,PNG,2015,79.0,14337.0,2078438.0,0.005510218316244681,3.800931276275742e-05
MYS,PNG,2020,78.0,14403.0,2316851.0,0.0054155384294938555,3.366638596957681e-05
MYS,PNG,2024,78.0,14451.0,2637773.0,0.005397550342536849,2.95703989691304e-05
MYS,PRK,2000,149.0,1761.0,1261268.0,0.08461101646791595,0.00011813508310684169
MYS,PRK,2005,164.0,2080.0,1398316.0,0.07884615384615384,0.00011728393295935969
MYS,PRK,2010,178.0,2396.0,1791971.0,0.07429048414023372,9.933196463558841e-05
MYS,PRK,2015,196.0,2638.0,2078438.0,0.07429871114480667,9.430158609494245e-05
MYS,PRK,2020,198.0,2691.0,2316851.0,0.07357859531772576,8.54608259227719e-05
MYS,PRK,2024,202.0,2740.0,2637773.0,0.07372262773722628,7.65797511764659e-05
MYS,PRT,2000,37.0,7389.0,1261268.0,0.005007443497090269,2.933555755002109e-05
MYS,PRT,2005,43.0,7516.0,1398316.0,0.005721128259712613,3.0751275105197965e-05
MYS,PRT,2010,43.0,6398.0,1791971.0,0.006720850265708034,2.399592404118147e-05
MYS,PRT,2015,49.0,7253.0,2078438.0,0.006755825175789328,2.3575396523735613e-05
MYS,PRT,2020,54.0,8316.0,2316851.0,0.006493506493506494,2.3307497978937792e-05
MYS,PRT,2024,61.0,9355.0,2637773.0,0.006520577231427045,2.312556842457634e-05
MYS,SGP,2000,733158.0,811947.0,1261268.0,0.902962878118892,0.5812864514123882
MYS,SGP,2005,785955.0,887804.0,1398316.0,0.8852798590679924,0.5620725215187411
MYS,SGP,2010,1085108.0,1254665.0,1791971.0,0.8648587471556153,0.6055388173134498
MYS,SGP,2015,1318217.0,1513338.0,2078438.0,0.8710658160966024,0.6342344587618202
MYS,SGP,2020,1384577.0,1577271.0,2316851.0,0.8778307595841172,0.597611585725625
MYS,SGP,2024,1553249.0,1760391.0,2637773.0,0.8823318228734411,0.5888486234410618
MYS,SLB,2000,126.0,335.0,1261268.0,0.3761194029850746,9.989946625142317e-05
MYS,SLB,2005,117.0,269.0,1398316.0,0.4349442379182156,8.367207412344563e-05
MYS,SLB,2010,116.0,221.0,1791971.0,0.5248868778280543,6.473319043667559e-05
MYS,SLB,2015,108.0,206.0,2078438.0,0.5242718446601942,5.1962098460478494e-05
MYS,SLB,2020,105.0,200.0,2316851.0,0.525,4.53201349590457e-05
MYS,SLB,2024,103.0,196.0,2637773.0,0.5255102040816326,3.9048090946415786e-05
MYS,SVK,2000,3.0,1422.0,1261268.0,0.002109704641350211,2.3785587202719803e-06
MYS,SVK,2005,3.0,1596.0,1398316.0,0.0018796992481203006,2.1454377980370674e-06
MYS,SVK,2010,3.0,1789.0,1791971.0,0.0016769144773616546,1.6741342354312653e-06
MYS,SVK,2015,18.0,2234.0,2078438.0,0.008057296329453895,8.660349743413082e-06
MYS,SVK,2020,23.0,2719.0,2316851.0,0.008458992276572269,9.927267657695725e-06
MYS,SVK,2024,25.0,2955.0,2637773.0,0.008460236886632826,9.477691977285384e-06
MYS,SVN,2000,2.0,678.0,1261268.0,0.0029498525073746312,1.5857058135146535e-06
MYS,SVN,2005,2.0,671.0,1398316.0,0.0029806259314456036,1.430291865358045e-06
MYS,SVN,2010,10.0,701.0,1791971.0,0.014265335235378032,5.580447451437551e-06
MYS,SVN,2015,8.0,753.0,2078438.0,0.010624169986719787,3.849044330405815e-06
MYS,SVN,2020,13.0,947.0,2316851.0,0.013727560718057022,5.611064328262802e-06
MYS,SVN,2024,15.0,1074.0,2637773.0,0.013966480446927373,5.6866151863712305e-06
MYS,TLS,2000,159.0,5562.0,1261268.0,0.028586839266450916,0.00012606361217441496
MYS,TLS,2005,169.0,5905.0,1398316.0,0.028619813717188823,0.0001208596626227548
MYS,TLS,2010,173.0,6024.0,1791971.0,0.028718459495351924,9.654174090986964e-05
MYS,TLS,2015,65.0,4301.0,2078438.0,0.015112764473378284,3.127348518454724e-05
MYS,TLS,2020,63.0,4233.0,2316851.0,0.014883061658398299,2.7192080975427423e-05
MYS,TLS,2024,62.0,4184.0,2637773.0,0.014818355640535373,2.3504676103667752e-05
MYS,VEN,2000,29.0,10239.0,1261268.0,0.00283230784256275,2.2992734295962477e-05
MYS,VEN,2005,30.0,10528.0,1398316.0,0.0028495440729483282,2.1454377980370674e-05
MYS,VEN,2010,32.0,10936.0,1791971.0,0.002926115581565472,1.7857431844600165e-05
MYS,VEN,2015,34.0,11335.0,2078438.0,0.002999558888398765,1.6358438404224712e-05
MYS,VEN,2020,31.0,10683.0,2316851.0,0.0029018066086305347,1.3380230321242065e-05
MYS,VEN,2024,30.0,10193.0,2637773.0,0.002943196311193957,1.1373230372742461e-05
NGA,USA,2000,125503.0,31369527.0,125503.0,0.004000793508936236,1.0
NGA,USA,2005,167721.0,35533585.0,167721.0,0.004720069759355832,1.0
NGA,USA,2010,221495.0,39769676.0,221495.0,0.005569444417902726,1.0
NGA,USA,2015,324227.0,43278121.0,324227.0,0.007491706952804166,1.0
NGA,USA,2020,451656.0,45295697.0,451656.0,0.00997127828720684,1.0
NGA,USA,2024,565053.0,48694117.0,565053.0,0.011604132794932907,1.0
NIC,USA,2000,222154.0,31369527.0,222154.0,0.007081840921605225,1.0
NIC,USA,2005,228735.0,35533585.0,228735.0,0.006437149530507546,1.0
NIC,USA,2010,255351.0,39769676.0,255351.0,0.006420746299265802,1.0
NIC,USA,2015,259238.0,43278121.0,259238.0,0.005990047488429546,1.0
NIC,USA,2020,264538.0,45295697.0,264538.0,0.00584024570810777,1.0
NIC,USA,2024,295024.0,48694117.0,295024.0,0.006058719577972838,1.0
NPL,MYS,2000,666.0,1482589.0,15766.0,0.00044921417871035063,0.042242800964099964
NPL,MYS,2005,192332.0,2042096.0,218231.0,0.09418362310097077,0.8813230017733502
NPL,MYS,2010,251416.0,2914872.0,316573.0,0.08625284403569007,0.7941801732933637
NPL,MYS,2015,502596.0,3356058.0,624238.0,0.14975784089547917,0.8051352208612741
NPL,MYS,2020,502596.0,3483620.0,678265.0,0.1442740597424518,0.7410024105622434
NPL,MYS,2024,502596.0,3569533.0,766913.0,0.14080161186351267,0.6553494333777103
NPL,USA,2000,15100.0,31369527.0,15766.0,0.0004813588677954883,0.9577571990359001
NPL,USA,2005,25899.0,35533585.0,218231.0,0.0007288597533854239,0.11867699822664975
NPL,USA,2010,65157.0,39769676.0,316573.0,0.0016383588340020674,0.20581982670663637
NPL,USA,2015,121642.0,43278121.0,624238.0,0.00281070428173164,0.19486477913872594
NPL,USA,2020,175669.0,45295697.0,678265.0,0.003878271262720607,0.25899758943775664
NPL,USA,2024,264317.0,48694117.0,766913.0,0.005428109518856251,0.3446505666222896
NZL,MYS,2000,592.0,1482589.0,592.0,0.0003993014921869783,1.0
NZL,MYS,2005,592.0,2042096.0,592.0,0.00028989822221873996,1.0
NZL,MYS,2010,592.0,2914872.0,592.0,0.00020309639668568638,1.0
NZL,MYS,2015,592.0,3356058.0,592.0,0.00017639742817317222,1.0
NZL,MYS,2020,592.0,3483620.0,592.0,0.00016993816776801144,1.0
NZL,MYS,2024,592.0,3569533.0,592.0,0.00016584802549801333,1.0
PAK,IDN,2000,8.0,272821.0,222671.0,2.9323255907719715e-05,3.592744452578019e-05
PAK,IDN,2005,5.0,90418.0,275791.0,5.5298723705456875e-05,1.8129670656402854e-05
PAK,IDN,2010,15.0,96493.0,338733.0,0.00015545169079622355,4.4282665107916856e-05
PAK,IDN,2015,485.0,133132.0,464773.0,0.0036430009314064237,0.001043520170061514
PAK,IDN,2020,325.0,290640.0,492353.0,0.0011182218552160748,0.0006600955005859617
PAK,IDN,2024,244.0,420676.0,532280.0,0.000580018826840609,0.00045840535056737054
PAK,MYS,2000,3101.0,1482589.0,222671.0,0.0020916113636348307,0.013926375684305546
PAK,MYS,2005,13353.0,2042096.0,275791.0,0.006538869867038572,0.04841709845498947
PAK,MYS,2010,29013.0,2914872.0,338733.0,0.009953438778786856,0.08565153085173279
PAK,MYS,2015,74186.0,3356058.0,464773.0,0.022105100686579313,0.15961770584780097
PAK,MYS,2020,79544.0,3483620.0,492353.0,0.02283371894753159,0.1615588815341838
PAK,MYS,2024,79288.0,3569533.0,532280.0,0.022212429469065,0.1489591944089577
PAK,USA,2000,219562.0,31369527.0,222671.0,0.006999212962312119,0.9860376968711687
PAK,USA,2005,262433.0,35533585.0,275791.0,0.007385491781929687,0.9515647718743542
PAK,USA,2010,309705.0,39769676.0,338733.0,0.007787466008020784,0.9143041864831593
PAK,USA,2015,390102.0,43278121.0,464773.0,0.009013838655333489,0.8393387739821375
PAK,USA,2020,412484.0,45295697.0,492353.0,0.009106472078352166,0.8377810229652303
PAK,USA,2024,452748.0,48694117.0,532280.0,0.009297796692770916,0.8505824002404749
PAN,USA,2000,142983.0,31369527.0,142983.0,0.004558022185033265,1.0
PAN,USA,2005,149078.0,35533585.0,149078.0,0.004195411186346663,1.0
PAN,USA,2010,149120.0,39769676.0,149120.0,0.003749590517156841,1.0
PAN,USA,2015,152154.0,43278121.0,152154.0,0.0035157256480705342,1.0
PAN,USA,2020,151193.0,45295697.0,151193.0,0.0033379108836762133,1.0
PAN,USA,2024,161903.0,48694117.0,161903.0,0.003324898570396091,1.0
PER,USA,2000,292068.0,31369527.0,292068.0,0.009310564357569051,1.0
PER,USA,2005,381086.0,35533585.0,381086.0,0.010724670758663951,1.0
PER,USA,2010,431044.0,39769676.0,431044.0,0.010838509219939332,1.0
PER,USA,2015,458582.0,43278121.0,458582.0,0.01059616243505581,1.0
PER,USA,2020,463475.0,45295697.0,463475.0,0.01023220814992647,1.0
PER,USA,2024,512316.0,48694117.0,512316.0,0.010521106687282162,1.0
PHL,IDN,2000,9928.0,272821.0,1717741.0,0.03639016058148017,0.005779683898794987
PHL,IDN,2005,6367.0,90418.0,1915422.0,0.07041739476652879,0.0033240716667136535
PHL,IDN,2010,5851.0,96493.0,2136033.0,0.06063652285658027,0.0027391898907928856
PHL,IDN,2015,3549.0,133132.0,2343526.0,0.026657753207343086,0.0015143847347970536
PHL,IDN,2020,1239.0,290640.0,2409583.0,0.00426300578034682,0.0005141968548084876
PHL,IDN,2024,1607.0,420676.0,2520824.0,0.0038200420275936826,0.0006374899635992041
PHL,MYS,2000,244953.0,1482589.0,1717741.0,0.16521976083729206,0.14260182413996056
PHL,MYS,2005,213649.0,2042096.0,1915422.0,0.10462240756556009,0.11154147754385195
PHL,MYS,2010,231590.0,2914872.0,2136033.0,0.07945117315614544,0.10842060960668679
PHL,MYS,2015,241224.0,3356058.0,2343526.0,0.07187718448250895,0.1029320775617595
PHL,MYS,2020,249159.0,3483620.0,2409583.0,0.07152301341707763,0.10340336896467148
PHL,MYS,2024,255520.0,3569533.0,2520824.0,0.07158359370819656,0.10136368108205888
PHL,USA,2000,1462860.0,31369527.0,1717741.0,0.04663315452604689,0.8516184919612444
PHL,USA,2005,1695406.0,35533585.0,1915422.0,0.047712776518327664,0.8851344507894344
PHL,USA,2010,1898592.0,39769676.0,2136033.0,0.04773968990846191,0.8888402005025203
PHL,USA,2015,2098753.0,43278121.0,2343526.0,0.04849454993667585,0.8955535377034435
PHL,USA,2020,2159185.0,45295697.0,2409583.0,0.047668656031498974,0.89608243418052
PHL,USA,2024,2263697.0,48694117.0,2520824.0,0.04648810040030092,0.8979988289543419
POL,USA,2000,459971.0,31369527.0,459971.0,0.014662988064818446,1.0
POL,USA,2005,456004.0,35533585.0,456004.0,0.012833042317570828,1.0
POL,USA,2010,470032.0,39769676.0,470032.0,0.011818854144046835,1.0
POL,USA,2015,440335.0,43278121.0,440335.0,0.01017454061834154,1.0
POL,USA,2020,421348.0,45295697.0,421348.0,0.009302163956103822,1.0
POL,USA,2024,396647.0,48694117.0,396647.0,0.00814568626431813,1.0
PRI,USA,2000,1158532.0,31369527.0,1158532.0,0.036931765021512755,1.0
PRI,USA,2005,1335675.0,35533585.0,1335675.0,0.03758908649380579,1.0
PRI,USA,2010,1533366.0,39769676.0,1533366.0,0.038556160226198476,1.0
PRI,USA,2015,1687821.0,43278121.0,1687821.0,0.038999405727434426,1.0
PRI,USA,2020,1864991.0,45295697.0,1864991.0,0.04117369029557046,1.0
PRI,USA,2024,1924799.0,48694117.0,1924799.0,0.03952836848853836,1.0
PRT,USA,2000,170180.0,31369527.0,170180.0,0.005425010074267298,1.0
PRT,USA,2005,173644.0,35533585.0,173644.0,0.004886757134130992,1.0
PRT,USA,2010,175747.0,39769676.0,175747.0,0.004419120739127973,1.0
PRT,USA,2015,158080.0,43278121.0,158080.0,0.0036526539587982574,1.0
PRT,USA,2020,147101.0,45295697.0,147101.0,0.003247571176573351,1.0
PRT,USA,2024,141889.0,48694117.0,141889.0,0.0029138838270750447,1.0
PSE,IDN,2000,5.0,272821.0,5.0,1.832703494232482e-05,1.0
PSE,IDN,2005,0.0,90418.0,5.0,0.0,0.0
PSE,IDN,2010,0.0,96493.0,242.0,0.0,0.0
PSE,IDN,2015,492.0,133132.0,1036.0,0.003695580326292702,0.4749034749034749
PSE,IDN,2020,385.0,290640.0,1167.0,0.0013246628131021194,0.3299057412167952
PSE,IDN,2024,206.0,420676.0,819.0,0.0004896880259392027,0.2515262515262515
PSE,MYS,2000,0.0,1482589.0,5.0,0.0,0.0
PSE,MYS,2005,5.0,2042096.0,5.0,2.448464714685304e-06,1.0
PSE,MYS,2010,242.0,2914872.0,242.0,8.30225135100272e-05,1.0
PSE,MYS,2015,544.0,3356058.0,1036.0,0.00016209493399696906,0.525096525096525
PSE,MYS,2020,782.0,3483620.0,1167.0,0.00022447913377463672,0.6700942587832048
PSE,MYS,2024,613.0,3569533.0,819.0,0.0001717311480241253,0.7484737484737485
ROU,USA,2000,139788.0,31369527.0,139788.0,0.004456171749099054,1.0
ROU,USA,2005,172393.0,35533585.0,172393.0,0.004851551004493354,1.0
ROU,USA,2010,169276.0,39769676.0,169276.0,0.00425640882767061,1.0
ROU,USA,2015,162580.0,43278121.0,162580.0,0.0037566325950241695,1.0
ROU,USA,2020,177875.0,45295697.0,177875.0,0.003926973460635786,1.0
ROU,USA,2024,178498.0,48694117.0,178498.0,0.003665699493020892,1.0
RUS,USA,2000,369506.0,31369527.0,369506.0,0.011779138397592032,1.0
RUS,USA,2005,395239.0,35533585.0,395239.0,0.011122970001478882,1.0
RUS,USA,2010,409175.0,39769676.0,409175.0,0.010288617890676303,1.0
RUS,USA,2015,416733.0,43278121.0,416733.0,0.009629184224518436,1.0
RUS,USA,2020,437372.0,45295697.0,437372.0,0.009655928244133211,1.0
RUS,USA,2024,452940.0,48694117.0,452940.0,0.009301739674219782,1.0
SAU,IDN,2000,3889.0,272821.0,3889.0,0.014254767778140246,1.0
SAU,IDN,2005,2813.0,90418.0,2813.0,0.03111106195669004,1.0
SAU,IDN,2010,3097.0,96493.0,3097.0,0.03209559242639362,1.0
SAU,IDN,2015,4916.0,133132.0,4916.0,0.036925757894420576,1.0
SAU,IDN,2020,7822.0,290640.0,7822.0,0.026913019543077347,1.0
SAU,IDN,2024,8877.0,420676.0,8877.0,0.021101750515836414,1.0
SDN,IDN,2000,0.0,272821.0,0.0,0.0,
SDN,IDN,2005,0.0,90418.0,39.0,0.0,0.0
SDN,IDN,2010,0.0,96493.0,84.0,0.0,0.0
SDN,IDN,2015,308.0,133132.0,428.0,0.0023134933749962444,0.719626168224299
SDN,IDN,2020,500.0,290640.0,808.0,0.0017203413157170382,0.6188118811881188
SDN,IDN,2024,444.0,420676.0,745.0,0.0010554440947427473,0.5959731543624162
SDN,MYS,2000,0.0,1482589.0,0.0,0.0,
SDN,MYS,2005,39.0,2042096.0,39.0,1.909802477454537e-05,1.0
SDN,MYS,2010,84.0,2914872.0,84.0,2.88177319621582e-05,1.0
SDN,MYS,2015,120.0,3356058.0,428.0,3.5756235440507884e-05,0.2803738317757009
SDN,MYS,2020,308.0,3483620.0,808.0,8.841377647389784e-05,0.3811881188118812
SDN,MYS,2024,301.0,3569533.0,745.0,8.432475620760474e-05,0.4040268456375839
SGP,IDN,2000,2762.0,272821.0,62647.0,0.010123854102140232,0.044088304308266955
SGP,IDN,2005,2004.0,90418.0,66126.0,0.022163728461147118,0.030305779874784503
SGP,IDN,2010,2132.0,96493.0,70915.0,0.02209486698516991,0.03006416131989001
SGP,IDN,2015,1762.0,133132.0,74358.0,0.013234984827088904,0.023696172570537133
SGP,IDN,2020,1282.0,290640.0,77939.0,0.004410955133498486,0.016448761210690412
SGP,IDN,2024,1743.0,420676.0,81669.0,0.004143331209767137,0.02134224736436102
SGP,MYS,2000,59885.0,1482589.0,62647.0,0.04039217881692094,0.9559116956917331
SGP,MYS,2005,64122.0,2042096.0,66126.0,0.03140009088701021,0.9696942201252154
SGP,MYS,2010,68783.0,2914872.0,70915.0,0.023597262589918185,0.96993583868011
SGP,MYS,2015,72596.0,3356058.0,74358.0,0.021631330566992586,0.9763038274294629
SGP,MYS,2020,76657.0,3483620.0,77939.0,0.02200498332194671,0.9835512387893096
SGP,MYS,2024,79926.0,3569533.0,81669.0,0.022391164334382117,0.978657752635639
SLV,USA,2000,802250.0,31369527.0,802250.0,0.025574182231055,1.0
SLV,USA,2005,992393.0,35533585.0,992393.0,0.02792831063907568,1.0
SLV,USA,2010,1223863.0,39769676.0,1223863.0,0.030773773464988753,1.0
SLV,USA,2015,1379162.0,43278121.0,1379162.0,0.0318674186432447,1.0
SLV,USA,2020,1463484.0,45295697.0,1463484.0,0.0323095591177237,1.0
SLV,USA,2024,1569946.0,48694117.0,1569946.0,0.03224097892564722,1.0
SOM,IDN,2000,10.0,272821.0,38.0,3.665406988464964e-05,0.2631578947368421
SOM,IDN,2005,18.0,90418.0,60.0,0.00019907540533964477,0.3
SOM,IDN,2010,84.0,96493.0,1004.0,0.000870529468458852,0.08366533864541832
SOM,IDN,2015,964.0,133132.0,2211.0,0.0072409338100531805,0.4360018091361375
SOM,IDN,2020,1396.0,290640.0,4658.0,0.004803192953481971,0.2996994418205238
SOM,IDN,2024,1170.0,420676.0,3937.0,0.00278123781722751,0.2971805943611887
SOM,MYS,2000,28.0,1482589.0,38.0,1.8885881387221948e-05,0.7368421052631579
SOM,MYS,2005,42.0,2042096.0,60.0,2.056710360335655e-05,0.7
SOM,MYS,2010,920.0,2914872.0,1004.0,0.00031562277863316125,0.9163346613545816
SOM,MYS,2015,1247.0,3356058.0,2211.0,0.0003715668799526111,0.5639981908638625
SOM,MYS,2020,3262.0,3483620.0,4658.0,0.0009363822690190089,0.7003005581794761
SOM,MYS,2024,2767.0,3569533.0,3937.0,0.0007751714299881805,0.7028194056388113
SYR,MYS,2000,0.0,1482589.0,0.0,0.0,
SYR,MYS,2005,0.0,2042096.0,0.0,0.0,
SYR,MYS,2010,5.0,2914872.0,5.0,1.7153411882237025e-06,1.0
SYR,MYS,2015,1140.0,3356058.0,1140.0,0.0003396842366848249,1.0
SYR,MYS,2020,3272.0,3483620.0,3272.0,0.0009392528461772524,1.0
SYR,MYS,2024,2759.0,3569533.0,2759.0,0.0007729302404544236,1.0
THA,IDN,2000,4592.0,272821.0,230831.0,0.016831548891031115,0.01989334188215621
THA,IDN,2005,3323.0,90418.0,259257.0,0.03675153177464664,0.012817397408748848
THA,IDN,2010,3658.0,96493.0,309159.0,0.037909485662172386,0.01183209934046882
THA,IDN,2015,5806.0,133132.0,345680.0,0.04361085238710453,0.016795880583198333
THA,IDN,2020,9238.0,290640.0,361816.0,0.031785026149187996,0.025532314767727243
THA,IDN,2024,10481.0,420676.0,388940.0,0.024914661164411565,0.02694760117241734
THA,MYS,2000,58053.0,1482589.0,230831.0,0.03915650257758556,0.25149568298885333
THA,MYS,2005,61394.0,2042096.0,259257.0,0.030064208538677906,0.2368074921795747
THA,MYS,2010,64841.0,2914872.0,309159.0,0.022244887597122617,0.20973350282540698
THA,MYS,2015,68074.0,3356058.0,345680.0,0.02028391642814278,0.19692779449201575
THA,MYS,2020,69539.0,3483620.0,361816.0,0.019961706500709032,0.19219437504145753
THA,MYS,2024,70718.0,3569533.0,388940.0,0.01981155518102788,0.18182238905743817
THA,USA,2000,168186.0,31369527.0,230831.0,0.005361445201261721,0.7286109751289904
THA,USA,2005,194540.0,35533585.0,259257.0,0.005474820511355665,0.7503751104116765
THA,USA,2010,240660.0,39769676.0,309159.0,0.006051344245298855,0.7784343978341242
THA,USA,2015,271800.0,43278121.0,345680.0,0.006280309628045081,0.7862763249247859
THA,USA,2020,283039.0,45295697.0,361816.0,0.006248695102318439,0.7822733101908153
THA,USA,2024,307741.0,48694117.0,388940.0,0.006319880489875194,0.7912300097701445
TLS,IDN,2000,184250.0,272821.0,184250.0,0.6753512376246696,1.0
TLS,IDN,2005,30324.0,90418.0,30324.0,0.3353756995288549,1.0
TLS,IDN,2010,33385.0,96493.0,33385.0,0.34598364648212826,1.0
TLS,IDN,2015,52987.0,133132.0,52987.0,0.39800348526274676,1.0
TLS,IDN,2020,84310.0,290640.0,84310.0,0.290083952656207,1.0
TLS,IDN,2024,95603.0,420676.0,95603.0,0.2272604094362407,1.0
TTO,USA,2000,200590.0,31369527.0,200590.0,0.00639442220470841,1.0
TTO,USA,2005,208257.0,35533585.0,208257.0,0.00586084967221855,1.0
TTO,USA,2010,228377.0,39769676.0,228377.0,0.005742490836485568,1.0
TTO,USA,2015,238007.0,43278121.0,238007.0,0.005499476282715693,1.0
TTO,USA,2020,226400.0,45295697.0,226400.0,0.00499826727470382,1.0
TTO,USA,2024,241541.0,48694117.0,241541.0,0.004960373344484304,1.0
TUR,USA,2000,93599.0,31369527.0,93599.0,0.0029837555408470137,1.0
TUR,USA,2005,107137.0,35533585.0,107137.0,0.003015091215817374,1.0
TUR,USA,2010,115130.0,39769676.0,115130.0,0.002894919234443851,1.0
TUR,USA,2015,136192.0,43278121.0,136192.0,0.003146901872195422,1.0
TUR,USA,2020,144779.0,45295697.0,144779.0,0.003196308028994454,1.0
TUR,USA,2024,176490.0,48694117.0,176490.0,0.0036244624787014827,1.0
UKR,USA,2000,273704.0,31369527.0,273704.0,0.008725155466960021,1.0
UKR,USA,2005,329983.0,35533585.0,329983.0,0.009286510212802902,1.0
UKR,USA,2010,331493.0,39769676.0,331493.0,0.00833532060960215,1.0
UKR,USA,2015,348685.0,43278121.0,348685.0,0.0080568423938738,1.0
UKR,USA,2020,387590.0,45295697.0,387590.0,0.008556883449657481,1.0
UKR,USA,2024,448198.0,48694117.0,448198.0,0.009204356246977432,1.0
USA,ABW,2000,681.0,681.0,2066123.0,1.0,0.0003296028358427838
USA,ABW,2005,638.0,638.0,2383313.0,1.0,0.0002676945915202913
USA,ABW,2010,583.0,583.0,2855756.0,1.0,0.00020414909397021313
USA,ABW,2015,612.0,612.0,3071869.0,1.0,0.00019922724569309432
USA,ABW,2020,683.0,683.0,3197871.0,1.0,0.00021357959717574598
USA,ABW,2024,937.0,937.0,3306380.0,1.0,0.0002833915036989094
USA,AIA,2000,339.0,339.0,2066123.0,1.0,0.00016407542048561485
USA,AIA,2005,390.0,390.0,2383313.0,1.0,0.00016363775970676113
USA,AIA,2010,424.0,424.0,2855756.0,1.0,0.0001484720683419732
USA,AIA,2015,454.0,454.0,3071869.0,1.0,0.00014779276069389679
USA,AIA,2020,473.0,473.0,3197871.0,1.0,0.00014791090697529702
USA,AIA,2024,490.0,490.0,3306380.0,1.0,0.00014819833171020875
USA,ALB,2000,3498.0,3498.0,2066123.0,1.0,0.0016930260202320966
USA,ALB,2005,2953.0,2953.0,2383313.0,1.0,0.0012390315497796554
USA,ALB,2010,2408.0,2408.0,2855756.0,1.0,0.0008432092937912062
USA,ALB,2015,2373.0,2373.0,3071869.0,1.0,0.0007724938791335177
USA,ALB,2020,2225.0,2225.0,3197871.0,1.0,0.0006957754080761857
USA,ALB,2024,2114.0,2114.0,3306380.0,1.0,0.0006393699453783292
USA,AND,2000,89.0,89.0,2066123.0,1.0,4.3075847856105375e-05
USA,AND,2005,101.0,101.0,2383313.0,1.0,4.2377983924058654e-05
USA,AND,2010,100.0,100.0,2855756.0,1.0,3.501699725046538e-05
USA,AND,2015,105.0,105.0,3071869.0,1.0,3.418114509440344e-05
USA,AND,2020,112.0,112.0,3197871.0,1.0,3.502330144023946e-05
USA,AND,2024,119.0,119.0,3306380.0,1.0,3.599102341533641e-05
USA,ARE,2000,5446.0,96902.0,2066123.0,0.05620111040019814,0.0026358546901612346
USA,ARE,2005,6174.0,125483.0,2383313.0,0.04920188392053107,0.002590511611357803
USA,ARE,2010,9761.0,208956.0,2855756.0,0.046713183636746494,0.0034180091016179255
USA,ARE,2015,12293.0,263170.0,3071869.0,0.04671125128244101,0.00400179825376668
USA,ARE,2020,12874.0,275636.0,3197871.0,0.04670652599805541,0.004025803417336097
USA,ARE,2024,14618.0,312969.0,3306380.0,0.046707501381926,0.004421149414162921
USA,ARG,2000,15210.0,15210.0,2066123.0,1.0,0.0073616139987793565
USA,ARG,2005,17003.0,17003.0,2383313.0,1.0,0.0071341867392155376
USA,ARG,2010,18756.0,18756.0,2855756.0,1.0,0.006567788004297286
USA,ARG,2015,16861.0,16861.0,3071869.0,1.0,0.005488840832730823
USA,ARG,2020,14822.0,14822.0,3197871.0,1.0,0.004634958695957404
USA,ARG,2024,14917.0,14917.0,3306380.0,1.0,0.004511580641063641
USA,ASM,2000,3578.0,3578.0,2066123.0,1.0,0.0017317458834735396
USA,ASM,2005,3066.0,3066.0,2383313.0,1.0,0.0012864445416946914
USA,ASM,2010,2553.0,2553.0,2855756.0,1.0,0.000893983939804381
USA,ASM,2015,2548.0,2548.0,3071869.0,1.0,0.0008294624542908568
USA,ASM,2020,2557.0,2557.0,3197871.0,1.0,0.0007995944802026098
USA,ASM,2024,2565.0,2565.0,3306380.0,1.0,0.0007757728996667049
USA,ATG,2000,2157.0,2157.0,2066123.0,1.0,0.0010439843126474077
USA,ATG,2005,2313.0,2313.0,2383313.0,1.0,0.000970497790260868
USA,ATG,2010,2469.0,2469.0,2855756.0,1.0,0.0008645696621139901
USA,ATG,2015,2626.0,2626.0,3071869.0,1.0,0.0008548541620752708
USA,ATG,2020,2747.0,2747.0,3197871.0,1.0,0.0008590090094315874
USA,ATG,2024,2850.0,2850.0,3306380.0,1.0,0.0008619698885185611
USA,AUS,2000,132518.0,430452.0,2066123.0,0.30785778669863306,0.06413848546286935
USA,AUS,2005,158545.0,500775.0,2383313.0,0.3165992711297489,0.06652294516079088
USA,AUS,2010,191565.0,613916.0,2855756.0,0.3120378032173783,0.067080310782854
USA,AUS,2015,233674.0,699822.0,3071869.0,0.333904907247843,0.07606899903609171
USA,AUS,2020,255266.0,824942.0,3197871.0,0.30943508755767074,0.07982373272718005
USA,AUS,2024,261267.0,863844.0,3306380.0,0.30244696959173184,0.07901904802230839
USA,AUT,2000,7056.0,7056.0,2066123.0,1.0,0.003415091937895275
USA,AUT,2005,8091.0,8091.0,2383313.0,1.0,0.0033948541379164214
USA,AUT,2010,9410.0,9410.0,2855756.0,1.0,0.003295099441268792
USA,AUT,2015,10711.0,10711.0,3071869.0,1.0,0.003486802334344336
USA,AUT,2020,12166.0,12166.0,3197871.0,1.0,0.0038044061189460112
USA,AUT,2024,14035.0,14035.0,3306380.0,1.0,0.004244823643985264
USA,BEL,2000,13850.0,16597.0,2066123.0,0.8344881605109357,0.006703376323674824
USA,BEL,2005,14244.0,17252.0,2383313.0,0.8256434036633434,0.005976554485290014
USA,BEL,2010,15396.0,18666.0,2855756.0,0.8248151719704275,0.005391216896681649
USA,BEL,2015,16025.0,19383.0,3071869.0,0.826755404220193,0.005216693810836334
USA,BEL,2020,16216.0,19807.0,3197871.0,0.8187004594335336,0.0050708737156689564
USA,BEL,2024,16645.0,20461.0,3306380.0,0.8134988514735351,0.005034206594523315
USA,BGD,2000,31610.0,289079.0,2066123.0,0.10934727185302287,0.015299185963275178
USA,BGD,2005,37560.0,351379.0,2383313.0,0.10689312679471454,0.015759575011758842
USA,BGD,2010,43455.0,391980.0,2855756.0,0.1108602479718353,0.01521663615518973
USA,BGD,2015,46008.0,402431.0,3071869.0,0.11432518866588309,0.014977201176222033
USA,BGD,2020,45115.0,394634.0,3197871.0,0.11432111779522292,0.014107823611396458
USA,BGD,2024,61983.0,542183.0,3306380.0,0.11432117938039371,0.01874648407019157
USA,BGR,2000,565.0,577.0,2066123.0,0.9792027729636048,0.0002734590341426914
USA,BGR,2005,826.0,845.0,2383313.0,0.9775147928994082,0.0003465763833789351
USA,BGR,2010,1071.0,1095.0,2855756.0,0.9780821917808219,0.0003750320405524842
USA,BGR,2015,2129.0,2170.0,3071869.0,0.9811059907834101,0.0006930634086284278
USA,BGR,2020,3454.0,3537.0,3197871.0,0.976533785694091,0.001080093599773099
USA,BGR,2024,4750.0,4865.0,3306380.0,0.9763617677286742,0.0014366164808642685
USA,BHR,2000,544.0,9679.0,2066123.0,0.05620415332162414,0.0002632950700418126
USA,BHR,2005,740.0,14995.0,2383313.0,0.04934978326108703,0.0003104921594435981
USA,BHR,2010,1128.0,24136.0,2855756.0,0.04673516738481936,0.0003949917289852494
USA,BHR,2015,1265.0,27082.0,3071869.0,0.04670999187652315,0.00041180141470876526
USA,BHR,2020,1378.0,29500.0,3197871.0,0.046711864406779664,0.0004309116909343748
USA,BHR,2024,1473.0,31535.0,3306380.0,0.04671000475661963,0.0004455023318553826
USA,BHS,2000,4300.0,4306.0,2066123.0,0.9986065954482118,0.002081192649227563
USA,BHS,2005,6587.0,6605.0,2383313.0,0.9972747918243755,0.0027637998030472706
USA,BHS,2010,8919.0,8949.0,2855756.0,0.9966476701307408,0.003123165984769007
USA,BHS,2015,9664.0,9697.0,3071869.0,0.9965968856347324,0.0031459674875458556
USA,BHS,2020,10359.0,10393.0,3197871.0,0.9967285673049168,0.0032393426751735764
USA,BHS,2024,10962.0,10998.0,3306380.0,0.9967266775777414,0.003315408392259813
USA,BLR,2000,90.0,90.0,2066123.0,1.0,4.355984614662341e-05
USA,BLR,2005,86.0,86.0,2383313.0,1.0,3.608422393533707e-05
USA,BLR,2010,82.0,82.0,2855756.0,1.0,2.871393774538161e-05
USA,BLR,2015,87.0,87.0,3071869.0,1.0,2.8321520221077135e-05
USA,BLR,2020,84.0,84.0,3197871.0,1.0,2.6267476080179593e-05
USA,BLR,2024,83.0,83.0,3306380.0,1.0,2.510298271825985e-05
USA,BLZ,2000,1914.0,1914.0,2066123.0,1.0,0.0009263727280515245
USA,BLZ,2005,2694.0,2694.0,2383313.0,1.0,0.001130359293974396
USA,BLZ,2010,3474.0,3474.0,2855756.0,1.0,0.0012164904844811672
USA,BLZ,2015,4097.0,4097.0,3071869.0,1.0,0.0013337157281121037
USA,BLZ,2020,4647.0,4647.0,3197871.0,1.0,0.001453154301721364
USA,BLZ,2024,5146.0,5146.0,3306380.0,1.0,0.0015563849285321106
USA,BMU,2000,2916.0,2935.0,2066123.0,0.993526405451448,0.0014113390151505984
USA,BMU,2005,3157.0,3190.0,2383313.0,0.9896551724137931,0.001324626685626269
USA,BMU,2010,3428.0,3477.0,2855756.0,0.9859073914293932,0.001200382665745953
USA,BMU,2015,3572.0,3614.0,3071869.0,0.9883785279468733,0.0011628100026400865
USA,BMU,2020,3606.0,3654.0,3197871.0,0.986863711001642,0.0011276252231562812
USA,BMU,2024,3685.0,3734.0,3306380.0,0.986877343331548,0.0011145119435757534
USA,BOL,2000,3656.0,3678.0,2066123.0,0.9940184883088635,0.0017694977501339466
USA,BOL,2005,3935.0,3954.0,2383313.0,0.9951947395042995,0.001651063037041295
USA,BOL,2010,4206.0,4222.0,2855756.0,0.9962103268593084,0.0014728149043545737
USA,BOL,2015,4897.0,4917.0,3071869.0,0.9959324791539557,0.0015941435002599395
USA,BOL,2020,5453.0,5471.0,3197871.0,0.9967099250594041,0.0017051969888716586
USA,BOL,2024,6088.0,6108.0,3306380.0,0.9967256057629339,0.001841288660105614
USA,BRA,2000,13715.0,14437.0,2066123.0,0.9499896100297845,0.00663803655445489
USA,BRA,2005,18037.0,18822.0,2383313.0,0.9582934863457656,0.007568036594438079
USA,BRA,2010,22784.0,23500.0,2855756.0,0.969531914893617,0.007978272653546031
USA,BRA,2015,28195.0,28962.0,3071869.0,0.9735170223050894,0.009178451294635286
USA,BRA,2020,32451.0,33265.0,3197871.0,0.9755298361641365,0.01014768888426081
USA,BRA,2024,27764.0,28611.0,3306380.0,0.9703960015378701,0.00839709894204538
USA,BRB,2000,1315.0,1315.0,2066123.0,1.0,0.0006364577520312198
USA,BRB,2005,1147.0,1147.0,2383313.0,1.0,0.000481262847137577
USA,BRB,2010,985.0,985.0,2855756.0,1.0,0.0003449174229170839
USA,BRB,2015,1034.0,1034.0,3071869.0,1.0,0.00033660289550107767
USA,BRB,2020,1044.0,1044.0,3197871.0,1.0,0.00032646720271080354
USA,BRB,2024,1054.0,1054.0,3306380.0,1.0,0.0003187776359644082
USA,BRN,2000,144.0,51180.0,2066123.0,0.002813599062133646,6.969575383459746e-05
USA,BRN,2005,147.0,52321.0,2383313.0,0.00280957932761224,6.16788478894715e-05
USA,BRN,2010,150.0,53462.0,2855756.0,0.0028057311735438257,5.2525495875698064e-05
USA,BRN,2015,153.0,54603.0,3071869.0,0.0028020438437448493,4.980681142327358e-05
USA,BRN,2020,165.0,59510.0,3197871.0,0.0027726432532347504,5.159682801463849e-05
USA,BRN,2024,177.0,63747.0,3306380.0,0.0027766012518236154,5.353286676062642e-05
USA,BTN,2000,85.0,85.0,2066123.0,1.0,4.113985469403322e-05
USA,BTN,2005,107.0,107.0,2383313.0,1.0,4.4895487919547284e-05
USA,BTN,2010,129.0,129.0,2855756.0,1.0,4.517192645310034e-05
USA,BTN,2015,136.0,136.0,3071869.0,1.0,4.427272126513207e-05
USA,BTN,2020,141.0,141.0,3197871.0,1.0,4.409183484887289e-05
USA,BTN,2024,147.0,147.0,3306380.0,1.0,4.445949951306262e-05
USA,BWA,2000,55.0,55.0,2066123.0,1.0,2.6619905978492084e-05
USA,BWA,2005,507.0,507.0,2383313.0,1.0,0.00021272908761878946
USA,BWA,2010,793.0,793.0,2855756.0,1.0,0.00027768478819619044
USA,BWA,2015,861.0,861.0,3071869.0,1.0,0.0002802853897741082
USA,BWA,2020,920.0,920.0,3197871.0,1.0,0.0002876914046876813
USA,BWA,2024,971.0,971.0,3306380.0,1.0,0.00029367465324614837
USA,CAN,2000,238914.0,268121.0,2066123.0,0.8910678387742847,0.1156339675808265
USA,CAN,2005,248125.0,281778.0,2383313.0,0.8805691004975548,0.10410927981343616
USA,CAN,2010,304650.0,342515.0,2855756.0,0.8894500970760405,0.10667928212354277
USA,CAN,2015,334930.0,376095.0,3071869.0,0.8905462715537298,0.10903134215684328
USA,CAN,2020,267441.0,308605.0,3197871.0,0.8666126601966916,0.08363095321856323
USA,CAN,2024,256571.0,298361.0,3306380.0,0.8599347769983342,0.07759876360248973
USA,CHE,2000,25079.0,25079.0,2066123.0,1.0,0.012138193127901872
USA,CHE,2005,29640.0,29640.0,2383313.0,1.0,0.012436469737713847
USA,CHE,2010,33615.0,33615.0,2855756.0,1.0,0.011770963625743936
USA,CHE,2015,36430.0,36430.0,3071869.0,1.0,0.01185922967418207
USA,CHE,2020,39454.0,39454.0,3197871.0,1.0,0.012337583348421497
USA,CHE,2024,42809.0,42809.0,3306380.0,1.0,0.012947392616698625
USA,CHL,2000,7287.0,7322.0,2066123.0,0.9952198852772467,0.003526895543004942
USA,CHL,2005,8515.0,8566.0,2383313.0,0.994046229278543,0.003572757753597618
USA,CHL,2010,9374.0,9450.0,2855756.0,0.9919576719576719,0.0032824933222586243
USA,CHL,2015,11633.0,11760.0,3071869.0,0.9892006802721088,0.003786945341744716
USA,CHL,2020,16025.0,16320.0,3197871.0,0.9819240196078431,0.005011146478391405
USA,CHL,2024,14042.0,14367.0,3306380.0,0.9773787151110183,0.0042469407630096965
USA,CHN,2000,59622.0,143280.0,2066123.0,0.4161222780569514,0.028856946077266455
USA,CHN,2005,69609.0,134556.0,2383313.0,0.5173236422010167,0.029206822603661375
USA,CHN,2010,79727.0,244237.0,2855756.0,0.326432931947248,0.02791800139787853
USA,CHN,2015,73010.0,326332.0,3071869.0,0.22372920829094298,0.02376728955564186
USA,CHN,2020,65742.0,359919.0,3197871.0,0.182657764663716,0.020558052529323415
USA,CHN,2024,70506.0,401377.0,3306380.0,0.17566028945355613,0.021324227705224446
USA,CMR,2000,0.0,0.0,2066123.0,,0.0
USA,CMR,2005,823.0,823.0,2383313.0,1.0,0.0003453176313811908
USA,CMR,2010,655.0,655.0,2855756.0,1.0,0.0002293613319905482
USA,CMR,2015,819.0,819.0,3071869.0,1.0,0.0002666129317363468
USA,CMR,2020,952.0,952.0,3197871.0,1.0,0.0002976980622420354
USA,CMR,2024,1057.0,1057.0,3306380.0,1.0,0.0003196849726891646
USA,COG,2000,83.0,83.0,2066123.0,1.0,4.017185811299714e-05
USA,COG,2005,53.0,53.0,2383313.0,1.0,2.223795196014959e-05
USA,COG,2010,125.0,125.0,2855756.0,1.0,4.377124656308172e-05
USA,COG,2015,166.0,166.0,3071869.0,1.0,5.403876272067592e-05
USA,COG,2020,164.0,164.0,3197871.0,1.0,5.128411996606492e-05
USA,COG,2024,163.0,163.0,3306380.0,1.0,4.9298628711763316e-05
USA,COK,2000,18.0,18.0,2066123.0,1.0,8.711969229324683e-06
USA,COK,2005,24.0,24.0,2383313.0,1.0,1.0070015981954531e-05
USA,COK,2010,29.0,29.0,2855756.0,1.0,1.015492920263496e-05
USA,COK,2015,30.0,30.0,3071869.0,1.0,9.76604145554384e-06
USA,COK,2020,32.0,32.0,3197871.0,1.0,1.0006657554354132e-05
USA,COK,2024,35.0,35.0,3306380.0,1.0,1.0585595122157767e-05
USA,COL,2000,14559.0,14559.0,2066123.0,1.0,0.007046531111652114
USA,COL,2005,15108.0,15108.0,2383313.0,1.0,0.006339075060640378
USA,COL,2010,16846.0,16846.0,2855756.0,1.0,0.0058989633568133975
USA,COL,2015,18862.0,18862.0,3071869.0,1.0,0.0061402357978155965
USA,COL,2020,20944.0,20944.0,3197871.0,1.0,0.006549357369324779
USA,COL,2024,22519.0,22519.0,3306380.0,1.0,0.006810771901596307
USA,CPV,2000,275.0,275.0,2066123.0,1.0,0.00013309952989246042
USA,CPV,2005,307.0,307.0,2383313.0,1.0,0.00012881228776916837
USA,CPV,2010,338.0,338.0,2855756.0,1.0,0.00011835745070657297
USA,CPV,2015,351.0,351.0,3071869.0,1.0,0.00011426268502986292
USA,CPV,2020,370.0,370.0,3197871.0,1.0,0.00011570197797221964
USA,CPV,2024,387.0,387.0,3306380.0,1.0,0.00011704643749357303
USA,CRI,2000,9667.0,9683.0,2066123.0,0.998347619539399,0.004678811474437872
USA,CRI,2005,6336.0,6349.0,2383313.0,0.9979524334540872,0.002658484219235996
USA,CRI,2010,12492.0,12515.0,2855756.0,0.9981622053535757,0.004374323296528135
USA,CRI,2015,12673.0,12694.0,3071869.0,0.9983456751221049,0.004125501445536903
USA,CRI,2020,15209.0,15233.0,3197871.0,0.9984244731832206,0.004755976710755374
USA,CRI,2024,18354.0,18383.0,3306380.0,0.9984224555295653,0.005551086082059533
USA,CUB,2000,569.0,569.0,2066123.0,1.0,0.00027539502730476354
USA,CUB,2005,459.0,459.0,2383313.0,1.0,0.00019258905565488043
USA,CUB,2010,349.0,349.0,2855756.0,1.0,0.00012220932040412415
USA,CUB,2015,253.0,253.0,3071869.0,1.0,8.236028294175305e-05
USA,CUB,2020,176.0,176.0,3197871.0,1.0,5.503661654894772e-05
USA,CUB,2024,125.0,125.0,3306380.0,1.0,3.780569686484917e-05
USA,CUW,2000,340.0,527.0,2066123.0,0.6451612903225806,0.00016455941877613288
USA,CUW,2005,340.0,527.0,2383313.0,0.6451612903225806,0.00014265855974435586
USA,CUW,2010,305.0,474.0,2855756.0,0.6434599156118144,0.0001068018416139194
USA,CUW,2015,330.0,512.0,3071869.0,0.64453125,0.00010742645601098224
USA,CUW,2020,384.0,595.0,3197871.0,0.6453781512605042,0.00012007989065224957
USA,CUW,2024,537.0,832.0,3306380.0,0.6454326923076923,0.00016241327373139202
USA,CYM,2000,1821.0,1840.0,2066123.0,0.9896739130434783,0.000881360887033347
USA,CYM,2005,2133.0,2151.0,2383313.0,0.9916317991631799,0.000894972670396209
USA,CYM,2010,2640.0,2658.0,2855756.0,0.9932279909706546,0.0009244487274122859
USA,CYM,2015,2878.0,2896.0,3071869.0,0.9937845303867403,0.0009368889103018391
USA,CYM,2020,3212.0,3231.0,3197871.0,0.9941194676570722,0.001004418252018296
USA,CYM,2024,3507.0,3528.0,3306380.0,0.9940476190476191,0.0010606766312402083
USA,CYP,2000,1446.0,1545.0,2066123.0,0.9359223300970874,0.0006998615280890827
USA,CYP,2005,2174.0,2323.0,2383313.0,0.9358588032716315,0.0009121756143653813
USA,CYP,2010,3335.0,3564.0,2855756.0,0.9357463524130191,0.0011678168583030204
USA,CYP,2015,3063.0,3271.0,3071869.0,0.9364108835218588,0.000997112832611026
USA,CYP,2020,3161.0,3374.0,3197871.0,0.9368701837581506,0.000988470141541044
USA,CYP,2024,3355.0,3581.0,3306380.0,0.9368891371125384,0.0010147049038525518
USA,CZE,2000,1797.0,1797.0,2066123.0,1.0,0.0008697449280609141
USA,CZE,2005,3485.0,3485.0,2383313.0,1.0,0.0014622502373796476
USA,CZE,2010,6447.0,6447.0,2855756.0,1.0,0.002257545812737503
USA,CZE,2015,7129.0,7129.0,3071869.0,1.0,0.0023207369845524013
USA,CZE,2020,7315.0,7315.0,3197871.0,1.0,0.0022874593753156396
USA,CZE,2024,7462.0,7462.0,3306380.0,1.0,0.002256848880044036
USA,DEU,2000,113573.0,113573.0,2066123.0,1.0,0.05496913784900512
USA,DEU,2005,103815.0,103815.0,2383313.0,1.0,0.04355911288194207
USA,DEU,2010,110310.0,110310.0,2855756.0,1.0,0.038627249666988356
USA,DEU,2015,128204.0,128204.0,3071869.0,1.0,0.04173485262555141
USA,DEU,2020,144138.0,144138.0,3197871.0,1.0,0.04507311270529674
USA,DEU,2024,152501.0,152501.0,3306380.0,1.0,0.046123252620690905
USA,DMA,2000,356.0,356.0,2066123.0,1.0,0.0001723033914244215
USA,DMA,2005,439.0,439.0,2383313.0,1.0,0.0001841973756699183
USA,DMA,2010,534.0,534.0,2855756.0,1.0,0.0001869907653174851
USA,DMA,2015,623.0,623.0,3071869.0,1.0,0.00020280812756012708
USA,DMA,2020,637.0,637.0,3197871.0,1.0,0.00019919502694136192
USA,DMA,2024,649.0,649.0,3306380.0,1.0,0.0001962871781222969
USA,DNK,2000,8317.0,9327.0,2066123.0,0.8917122333011687,0.004025413782238521
USA,DNK,2005,9086.0,10477.0,2383313.0,0.867232986541949,0.0038123402171682864
USA,DNK,2010,10851.0,12604.0,2855756.0,0.8609171691526499,0.003799694371647998
USA,DNK,2015,12483.0,14475.0,3071869.0,0.8623834196891191,0.0040636498496517915
USA,DNK,2020,14036.0,16236.0,3197871.0,0.8644986449864499,0.0043891701697785805
USA,DNK,2024,16584.0,19207.0,3306380.0,0.8634352059145103,0.0050157574144532695
USA,DOM,2000,11133.0,11177.0,2066123.0,0.9960633443678983,0.005388352968337316
USA,DOM,2005,17831.0,17862.0,2383313.0,0.9982644720635987,0.0074816022905929685
USA,DOM,2010,24567.0,24585.0,2855756.0,0.999267846247712,0.00860262571452183
USA,DOM,2015,14010.0,14027.0,3071869.0,0.998788051614743,0.004560741359738973
USA,DOM,2020,14626.0,14643.0,3197871.0,0.9988390357167247,0.004573667918436985
USA,DOM,2024,15776.0,15794.0,3306380.0,0.9988603267063442,0.004771381389918884
USA,DZA,2000,1094.0,3417.0,2066123.0,0.3201638864501024,0.0005294941298267335
USA,DZA,2005,865.0,2702.0,2383313.0,0.3201332346410067,0.0003629401593496112
USA,DZA,2010,950.0,2967.0,2855756.0,0.3201887428378834,0.00033266147387942105
USA,DZA,2015,1032.0,3222.0,3071869.0,0.3202979515828678,0.0003359518260707081
USA,DZA,2020,1072.0,3347.0,3197871.0,0.3202868240215118,0.0003352230280708634
USA,DZA,2024,1111.0,3468.0,3306380.0,0.32035755478662054,0.00033601703373477943
USA,ECU,2000,10832.0,10832.0,2066123.0,1.0,0.005242669482891387
USA,ECU,2005,13095.0,13095.0,2383313.0,1.0,0.005494452470153941
USA,ECU,2010,16612.0,16612.0,2855756.0,1.0,0.005817023583247308
USA,ECU,2015,15816.0,15816.0,3071869.0,1.0,0.005148657055362713
USA,ECU,2020,14744.0,14744.0,3197871.0,1.0,0.004610567468168666
USA,ECU,2024,13588.0,13588.0,3306380.0,1.0,0.004109630471996565
USA,EGY,2000,3332.0,7182.0,2066123.0,0.46393762183235865,0.0016126823040061022
USA,EGY,2005,3646.0,8428.0,2383313.0,0.43260560037968676,0.0015298032612585926
USA,EGY,2010,3673.0,9143.0,2855756.0,0.40172809799846876,0.0012861743090095933
USA,EGY,2015,0.0,0.0,3071869.0,,0.0
USA,EGY,2020,3217.0,9425.0,3197871.0,0.3413262599469496,0.0010059817922611638
USA,EGY,2024,2512.0,7897.0,3306380.0,0.3180954792959352,0.000759743284196009
USA,ESP,2000,20329.0,20329.0,2066123.0,1.0,0.009839201247941192
USA,ESP,2005,29672.0,29672.0,2383313.0,1.0,0.012449896425689786
USA,ESP,2010,35560.0,35560.0,2855756.0,1.0,0.012452044222265488
USA,ESP,2015,40176.0,40176.0,3071869.0,1.0,0.01307868271726431
USA,ESP,2020,53484.0,53484.0,3197871.0,1.0,0.016724877269908636
USA,ESP,2024,68613.0,68613.0,3306380.0,1.0,0.02075169823190317
USA,EST,2000,191.0,191.0,2066123.0,1.0,9.244367348894523e-05
USA,EST,2005,409.0,409.0,2383313.0,1.0,0.00017160985569247513
USA,EST,2010,624.0,632.0,2855756.0,0.9873417721518988,0.00021850606284290393
USA,EST,2015,642.0,662.0,3071869.0,0.9697885196374623,0.00020899328714863818
USA,EST,2020,1181.0,1238.0,3197871.0,0.9539579967689822,0.00036930820536538214
USA,EST,2024,1203.0,1261.0,3306380.0,0.9540047581284695,0.0003638420266273084
USA,FIN,2000,2442.0,2742.0,2066123.0,0.8905908096280087,0.0011819238254450486
USA,FIN,2005,3335.0,3851.0,2383313.0,0.8660088288756167,0.0013993126374924317
USA,FIN,2010,3907.0,4580.0,2855756.0,0.853056768558952,0.0013681140825756823
USA,FIN,2015,4427.0,5304.0,3071869.0,0.8346530920060332,0.001441142184123086
USA,FIN,2020,5445.0,6685.0,3197871.0,0.8145100972326104,0.0017026953244830701
USA,FIN,2024,6410.0,7870.0,3306380.0,0.8144853875476493,0.0019386761352294655
USA,FLK,2000,21.0,21.0,2066123.0,1.0,1.0163964100878796e-05
USA,FLK,2005,30.0,30.0,2383313.0,1.0,1.2587519977443164e-05
USA,FLK,2010,17.0,17.0,2855756.0,1.0,5.952889532579114e-06
USA,FLK,2015,19.0,19.0,3071869.0,1.0,6.185159588511099e-06
USA,FLK,2020,23.0,23.0,3197871.0,1.0,7.1922851171920315e-06
USA,FLK,2024,27.0,27.0,3306380.0,1.0,8.16603052280742e-06
USA,FRA,2000,41969.0,41969.0,2066123.0,1.0,0.020312924254751532
USA,FRA,2005,48080.0,48080.0,2383313.0,1.0,0.020173598683848912
USA,FRA,2010,51938.0,51938.0,2855756.0,1.0,0.018187128031946706
USA,FRA,2015,54702.0,54702.0,3071869.0,1.0,0.01780739999003864
USA,FRA,2020,57596.0,57596.0,3197871.0,1.0,0.01801073276564314
USA,FRA,2024,59171.0,59171.0,3306380.0,1.0,0.01789600711351992
USA,FRO,2000,26.0,26.0,2066123.0,1.0,1.2583955553468985e-05
USA,FRO,2005,31.0,34.0,2383313.0,0.9117647058823529,1.300710397669127e-05
USA,FRO,2010,39.0,45.0,2855756.0,0.8666666666666667,1.3656628927681496e-05
USA,FRO,2015,41.0,51.0,3071869.0,0.803921568627451,1.3346923322576581e-05
USA,FRO,2020,45.0,56.0,3197871.0,0.8035714285714286,1.4071862185810496e-05
USA,FRO,2024,54.0,67.0,3306380.0,0.8059701492537313,1.633206104561484e-05
USA,GAB,2000,283.0,283.0,2066123.0,1.0,0.00013697151621660473
USA,GAB,2005,310.0,310.0,2383313.0,1.0,0.00013007103976691269
USA,GAB,2010,359.0,359.0,2855756.0,1.0,0.0001257110201291707
USA,GAB,2015,502.0,502.0,3071869.0,1.0,0.00016341842702276692
USA,GAB,2020,550.0,550.0,3197871.0,1.0,0.00017198942671546163
USA,GAB,2024,594.0,594.0,3306380.0,1.0,0.00017965267150176325
USA,GBR,2000,157282.0,206612.0,2066123.0,0.7612432966139431,0.07612421912925804
USA,GBR,2005,173804.0,231323.0,2383313.0,0.7513476826774683,0.07292537740531772
USA,GBR,2010,194269.0,262697.0,2855756.0,0.7395173907581739,0.06802717038850659
USA,GBR,2015,211556.0,280519.0,3071869.0,0.7541592548098346,0.06886882220563442
USA,GBR,2020,229523.0,297361.0,3197871.0,0.771866519146761,0.07177368943275073
USA,GBR,2024,243570.0,310502.0,3306380.0,0.7844393916947395,0.0736666686829705
USA,GEO,2000,107.0,107.0,2066123.0,1.0,5.1787817085430055e-05
USA,GEO,2005,101.0,101.0,2383313.0,1.0,4.2377983924058654e-05
USA,GEO,2010,102.0,102.0,2855756.0,1.0,3.5717337195474685e-05
USA,GEO,2015,107.0,107.0,3071869.0,1.0,3.483221452477303e-05
USA,GEO,2020,109.0,109.0,3197871.0,1.0,3.408517729451876e-05
USA,GEO,2024,112.0,112.0,3306380.0,1.0,3.387390439090486e-05
USA,GHA,2000,487.0,487.0,2066123.0,1.0,0.00023570716748228445
USA,GHA,2005,685.0,685.0,2383313.0,1.0,0.00028741503948495227
USA,GHA,2010,508.0,508.0,2855756.0,1.0,0.0001778863460323641
USA,GHA,2015,625.0,625.0,3071869.0,1.0,0.00020345919699049666
USA,GHA,2020,716.0,716.0,3197871.0,1.0,0.0002238989627786737
USA,GHA,2024,800.0,800.0,3306380.0,1.0,0.00024195645993503468
USA,GIN,2000,689.0,689.0,2066123.0,1.0,0.0003334748221669281
USA,GIN,2005,550.0,550.0,2383313.0,1.0,0.00023077119958645801
USA,GIN,2010,472.0,472.0,2855756.0,1.0,0.00016528022702219658
USA,GIN,2015,301.0,302.0,3071869.0,0.9966887417218543,9.79859492706232e-05
USA,GIN,2020,288.0,288.0,3197871.0,1.0,9.005991798918717e-05
USA,GIN,2024,278.0,278.0,3306380.0,1.0,8.407986982742456e-05
USA,GLP,2000,329.0,329.0,2066123.0,1.0,0.00015923543758043445
USA,GLP,2005,404.0,404.0,2383313.0,1.0,0.00016951193569623462
USA,GLP,2010,478.0,478.0,2855756.0,1.0,0.0001673812468572245
USA,GLP,2015,458.0,458.0,3071869.0,1.0,0.00014909489955463595
USA,GLP,2020,452.0,452.0,3197871.0,1.0,0.0001413440379552521
USA,GLP,2024,449.0,449.0,3306380.0,1.0,0.00013579806313853822
USA,GNB,2000,313.0,313.0,2066123.0,1.0,0.00015149146493214586
USA,GNB,2005,303.0,303.0,2383313.0,1.0,0.00012713395177217597
USA,GNB,2010,293.0,293.0,2855756.0,1.0,0.00010259980194386355
USA,GNB,2015,311.0,311.0,3071869.0,1.0,0.00010124129642247114
USA,GNB,2020,226.0,226.0,3197871.0,1.0,7.067201897762605e-05
USA,GNB,2024,190.0,190.0,3306380.0,1.0,5.746465923457074e-05
USA,GRC,2000,22885.0,23191.0,2066123.0,0.9868052261653227,0.011076300878505297
USA,GRC,2005,23058.0,23470.0,2383313.0,0.9824456753302088,0.009674767854662815
USA,GRC,2010,24186.0,24722.0,2855756.0,0.9783189062373594,0.008469210954997556
USA,GRC,2015,22792.0,23295.0,3071869.0,0.9784073835587036,0.00741958722849184
USA,GRC,2020,23297.0,23808.0,3197871.0,0.978536626344086,0.007285159407618381
USA,GRC,2024,24748.0,25291.0,3306380.0,0.9785299118263414,0.007484923088090298
USA,GRL,2000,26.0,26.0,2066123.0,1.0,1.2583955553468985e-05
USA,GRL,2005,27.0,27.0,2383313.0,1.0,1.1328767979698848e-05
USA,GRL,2010,30.0,30.0,2855756.0,1.0,1.0505099175139613e-05
USA,GRL,2015,39.0,39.0,3071869.0,1.0,1.2695853892206993e-05
USA,GRL,2020,38.0,38.0,3197871.0,1.0,1.188290584579553e-05
USA,GRL,2024,37.0,37.0,3306380.0,1.0,1.1190486271995355e-05
USA,GTM,2000,5456.0,5481.0,2066123.0,0.9954387885422368,0.0026406946730664145
USA,GTM,2005,6473.0,6503.0,2383313.0,0.9953867445794249,0.0027159672271329866
USA,GTM,2010,7514.0,7549.0,2855756.0,0.9953636243211021,0.002631177173399968
USA,GTM,2015,8239.0,8278.0,3071869.0,0.9952887170814206,0.0026820805184075234
USA,GTM,2020,9299.0,9341.0,3197871.0,0.9955036933947115,0.0029078721436855957
USA,GTM,2024,10228.0,10274.0,3306380.0,0.9955226786061904,0.0030934133402694187
USA,GUM,2000,19095.0,19095.0,2066123.0,1.0,0.009241947357441934
USA,GUM,2005,18719.0,18719.0,2383313.0,1.0,0.007854192881925286
USA,GUM,2010,18343.0,18343.0,2855756.0,1.0,0.006423167805652864
USA,GUM,2015,18508.0,18508.0,3071869.0,1.0,0.00602499650864018
USA,GUM,2020,19572.0,19572.0,3197871.0,1.0,0.006120321926681846
USA,GUM,2024,20469.0,20469.0,3306380.0,1.0,0.006190758473012781
USA,GUY,2000,632.0,632.0,2066123.0,1.0,0.00030588691960739995
USA,GUY,2005,852.0,852.0,2383313.0,1.0,0.00035748556735938587
USA,GUY,2010,667.0,667.0,2855756.0,1.0,0.00023356337166060407
USA,GUY,2015,706.0,706.0,3071869.0,1.0,0.00022982750892046504
USA,GUY,2020,740.0,740.0,3197871.0,1.0,0.00023140395594443928
USA,GUY,2024,1286.0,1286.0,3306380.0,1.0,0.0003889450093455683
USA,HKG,2000,13796.0,137522.0,2066123.0,0.10031849449542618,0.006677240415986851
USA,HKG,2005,13370.0,148452.0,2383313.0,0.0900627812356856,0.00560983806994717
USA,HKG,2010,12976.0,159742.0,2855756.0,0.08123098496325325,0.004543805563220388
USA,HKG,2015,13261.0,163255.0,3071869.0,0.08122875256500567,0.004316915858065562
USA,HKG,2020,13827.0,170229.0,3197871.0,0.08122587808187794,0.0043238141876267054
USA,HKG,2024,14298.0,176023.0,3306380.0,0.08122802133812058,0.004324366830188908
USA,HND,2000,5061.0,5061.0,2066123.0,1.0,0.0024495153483117898
USA,HND,2005,4946.0,4946.0,2383313.0,1.0,0.0020752624602811296
USA,HND,2010,4851.0,4851.0,2855756.0,1.0,0.0016986745366200755
USA,HND,2015,6799.0,6799.0,3071869.0,1.0,0.002213310528541419
USA,HND,2020,6954.0,6954.0,3197871.0,1.0,0.0021745717697805823
USA,HND,2024,7079.0,7079.0,3306380.0,1.0,0.0021410122248501384
USA,HRV,2000,835.0,835.0,2066123.0,1.0,0.0004041385725825616
USA,HRV,2005,1221.0,1235.0,2383313.0,0.988663967611336,0.0005123120630819368
USA,HRV,2010,1606.0,1633.0,2855756.0,0.9834660134721371,0.0005623729758424739
USA,HRV,2015,1616.0,1643.0,3071869.0,0.9835666463785758,0.0005260640997386282
USA,HRV,2020,1519.0,1542.0,3197871.0,0.9850843060959793,0.00047500352578324766
USA,HRV,2024,1447.0,1469.0,3306380.0,0.9850238257317904,0.000437638746907494
USA,HTI,2000,1449.0,1449.0,2066123.0,1.0,0.0007013135229606369
USA,HTI,2005,1376.0,1376.0,2383313.0,1.0,0.0005773475829653932
USA,HTI,2010,1444.0,1444.0,2855756.0,1.0,0.0005056454402967201
USA,HTI,2015,1516.0,1516.0,3071869.0,1.0,0.0004935106282201487
USA,HTI,2020,1586.0,1586.0,3197871.0,1.0,0.0004959549650376767
USA,HTI,2024,1644.0,1644.0,3306380.0,1.0,0.0004972205251664963
USA,HUN,2000,4977.0,5203.0,2066123.0,0.9565635210455506,0.0024088594919082747
USA,HUN,2005,6109.0,6388.0,2383313.0,0.9563243581715717,0.0025632386514066762
USA,HUN,2010,7295.0,7629.0,2855756.0,0.9562196880325076,0.002554489949421449
USA,HUN,2015,7273.0,7577.0,3071869.0,0.9598785799128943,0.0023676139835390117
USA,HUN,2020,9362.0,10085.0,3197871.0,0.9283093703520079,0.0029275727507457306
USA,HUN,2024,11044.0,11897.0,3306380.0,0.9283012524165756,0.0033402089294031537
USA,IDN,2000,7346.0,272821.0,2066123.0,0.026926079737263627,0.0035554514421455062
USA,IDN,2005,5444.0,90418.0,2383313.0,0.06020925037050145,0.0022842152919066864
USA,IDN,2010,6317.0,96493.0,2855756.0,0.06546588871731628,0.002212023716311898
USA,IDN,2015,3081.0,133132.0,3071869.0,0.023142445092089056,0.0010029724574843525
USA,IDN,2020,1459.0,290640.0,3197871.0,0.005019955959262318,0.00045624104286883367
USA,IDN,2024,1917.0,420676.0,3306380.0,0.004556951192841997,0.0005797881671193269
USA,IMN,2000,178.0,178.0,2066123.0,1.0,8.615169571221075e-05
USA,IMN,2005,223.0,223.0,2383313.0,1.0,9.356723183232753e-05
USA,IMN,2010,265.0,265.0,2855756.0,1.0,9.279504271373325e-05
USA,IMN,2015,227.0,227.0,3071869.0,1.0,7.389638034694839e-05
USA,IMN,2020,230.0,230.0,3197871.0,1.0,7.192285117192032e-05
USA,IMN,2024,233.0,233.0,3306380.0,1.0,7.046981895607885e-05
USA,IND,2000,3441.0,18851.0,2066123.0,0.18253673545170018,0.0016654381176725683
USA,IND,2005,7443.0,22616.0,2383313.0,0.32910328970640257,0.003122963706403649
USA,IND,2010,19105.0,33733.0,2855756.0,0.5663593513769899,0.00668999732470141
USA,IND,2015,18489.0,32149.0,3071869.0,0.5751034246788391,0.006018811349051668
USA,IND,2020,17244.0,29983.0,3197871.0,0.5751259046793182,0.0053923375896025826
USA,IND,2024,16671.0,28734.0,3306380.0,0.580183754437252,0.0050420701794712044
USA,IRL,2000,23490.0,23490.0,2066123.0,1.0,0.01136911984426871
USA,IRL,2005,31600.0,31600.0,2383313.0,1.0,0.013258854376240133
USA,IRL,2010,28327.0,28327.0,2855756.0,1.0,0.009919264811139326
USA,IRL,2015,28482.0,28482.0,3071869.0,1.0,0.009271879757893321
USA,IRL,2020,32488.0,32488.0,3197871.0,1.0,0.010159259082058033
USA,IRL,2024,36363.0,36363.0,3306380.0,1.0,0.010997828440772083
USA,ISL,2000,1392.0,1476.0,2066123.0,0.943089430894309,0.0006737256204011088
USA,ISL,2005,1606.0,1718.0,2383313.0,0.9348079161816065,0.0006738519027924574
USA,ISL,2010,1851.0,1987.0,2855756.0,0.9315551082033215,0.0006481646191061141
USA,ISL,2015,2019.0,2183.0,3071869.0,0.9248740265689418,0.0006572545899581004
USA,ISL,2020,2604.0,2810.0,3197871.0,0.9266903914590747,0.0008142917584855674
USA,ISL,2024,3932.0,4244.0,3306380.0,0.9264844486333648,0.0011892160005806955
USA,ISR,2000,60641.0,60641.0,2066123.0,1.0,0.029350140335304337
USA,ISR,2005,69328.0,69328.0,2383313.0,1.0,0.029088919499872655
USA,ISR,2010,78596.0,78596.0,2855756.0,1.0,0.027521959158975765
USA,ISR,2015,84882.0,84882.0,3071869.0,1.0,0.027632037694315742
USA,ISR,2020,91494.0,91494.0,3197871.0,1.0,0.0286109101961899
USA,ISR,2024,97258.0,97258.0,3306380.0,1.0,0.029415251725452004
USA,ITA,2000,49777.0,51262.0,2066123.0,0.9710311731887168,0.024091982907116373
USA,ITA,2005,48758.0,50857.0,2383313.0,0.9587274121556522,0.020458076635339127
USA,ITA,2010,49346.0,52230.0,2855756.0,0.9447826919394984,0.017279487463214643
USA,ITA,2015,50236.0,53965.0,3071869.0,0.9308996571852126,0.016353561952023345
USA,ITA,2020,53577.0,58180.0,3197871.0,0.9208834651082847,0.016753959118425976
USA,ITA,2024,50957.0,55947.0,3306380.0,0.91080844370565,0.015411719161136954
USA,JAM,2000,6668.0,6668.0,2066123.0,1.0,0.003227300601174277
USA,JAM,2005,6493.0,6493.0,2383313.0,1.0,0.002724358907117949
USA,JAM,2010,6329.0,6329.0,2855756.0,1.0,0.0022162257559819537
USA,JAM,2015,6193.0,6193.0,3071869.0,1.0,0.0020160364911394335
USA,JAM,2020,6349.0,6349.0,3197871.0,1.0,0.0019853834003935745
USA,JAM,2024,6452.0,6452.0,3306380.0,1.0,0.0019513788493760549
USA,JPN,2000,44602.0,70445.0,2066123.0,0.6331464262900135,0.021587291753685525
USA,JPN,2005,48380.0,80611.0,2383313.0,0.6001662304152039,0.020299473883623343
USA,JPN,2010,50876.0,83982.0,2855756.0,0.6057964801981377,0.017815247521146764
USA,JPN,2015,82623.0,147865.0,3071869.0,0.5587732052886079,0.026896654772713288
USA,JPN,2020,89237.0,190319.0,3197871.0,0.4688811942055181,0.027905128130559363
USA,JPN,2024,62509.0,231127.0,3306380.0,0.270453040968818,0.018905570442598853
USA,KAZ,2000,710.0,710.0,2066123.0,1.0,0.0003436387862678069
USA,KAZ,2005,702.0,702.0,2383313.0,1.0,0.00029454796747217007
USA,KAZ,2010,694.0,694.0,2855756.0,1.0,0.00024301796091822972
USA,KAZ,2015,686.0,686.0,3071869.0,1.0,0.00022331681461676913
USA,KAZ,2020,678.0,678.0,3197871.0,1.0,0.00021201605693287815
USA,KAZ,2024,672.0,672.0,3306380.0,1.0,0.00020324342634542913
USA,KHM,2000,386.0,933.0,2066123.0,0.4137191854233655,0.00018682334013996263
USA,KHM,2005,301.0,728.0,2383313.0,0.41346153846153844,0.00012629478377367974
USA,KHM,2010,216.0,523.0,2855756.0,0.4130019120458891,7.563671406100521e-05
USA,KHM,2015,195.0,472.0,3071869.0,0.413135593220339,6.347926946103495e-05
USA,KHM,2020,208.0,501.0,3197871.0,0.4151696606786427,6.504327410330186e-05
USA,KHM,2024,220.0,530.0,3306380.0,0.41509433962264153,6.653802648213454e-05
USA,KIR,2000,38.0,38.0,2066123.0,1.0,1.839193503968544e-05
USA,KIR,2005,39.0,39.0,2383313.0,1.0,1.6363775970676114e-05
USA,KIR,2010,40.0,40.0,2855756.0,1.0,1.4006798900186151e-05
USA,KIR,2015,40.0,40.0,3071869.0,1.0,1.3021388607391786e-05
USA,KIR,2020,42.0,42.0,3197871.0,1.0,1.3133738040089797e-05
USA,KIR,2024,44.0,44.0,3306380.0,1.0,1.3307605296426908e-05
USA,KOR,2000,11611.0,21590.0,2066123.0,0.5377952755905512,0.005619704151204938
USA,KOR,2005,13495.0,27111.0,2383313.0,0.49776843347718636,0.005662286069853183
USA,KOR,2010,39891.0,57027.0,2855756.0,0.6995107580619706,0.013968630373183143
USA,KOR,2015,54293.0,94693.0,3071869.0,0.573358115172188,0.017674256291528058
USA,KOR,2020,65941.0,102177.0,3197871.0,0.6453605018741987,0.020620281430989554
USA,KOR,2024,53226.0,81033.0,3306380.0,0.6568435082003629,0.016097968170627697
USA,KWT,2000,2543.0,45234.0,2066123.0,0.056218773488968476,0.0012308076527873704
USA,KWT,2005,2815.0,56493.0,2383313.0,0.04982918237657763,0.001181128957883417
USA,KWT,2010,3670.0,79481.0,2855756.0,0.04617455744140109,0.0012851237990920794
USA,KWT,2015,4339.0,94961.0,3071869.0,0.045692442160465876,0.0014124951291868242
USA,KWT,2020,5035.0,110231.0,3197871.0,0.04567680598016892,0.0015744850245679079
USA,KWT,2024,5521.0,120868.0,3306380.0,0.04567792964225436,0.0016698020191266581
USA,LBR,2000,2837.0,2837.0,2066123.0,1.0,0.0013731031501996735
USA,LBR,2005,1236.0,1236.0,2383313.0,1.0,0.0005186058230706584
USA,LBR,2010,451.0,451.0,2855756.0,1.0,0.00015792665759959884
USA,LBR,2015,517.0,517.0,3071869.0,1.0,0.00016830144775053883
USA,LBR,2020,399.0,399.0,3197871.0,1.0,0.00012477051138085307
USA,LBR,2024,329.0,329.0,3306380.0,1.0,9.950459414828301e-05
USA,LBY,2000,7274.0,22714.0,2066123.0,0.3202430219248041,0.0035206035652282077
USA,LBY,2005,8018.0,25038.0,2383313.0,0.3202332454668903,0.00336422450597131
USA,LBY,2010,8799.0,27477.0,2855756.0,0.32023146631728355,0.0030811455880684485
USA,LBY,2015,9851.0,30764.0,3071869.0,0.32021193602912496,0.0032068424792854123
USA,LBY,2020,10550.0,32948.0,3197871.0,0.3202015296831371,0.0032990699124511276
USA,LBY,2024,11152.0,34828.0,3306380.0,0.320202136212243,0.0033728730514943836
USA,LCA,2000,511.0,522.0,2066123.0,0.9789272030651341,0.0002473231264547174
USA,LCA,2005,742.0,753.0,2383313.0,0.9853917662682603,0.00031133132744209425
USA,LCA,2010,916.0,927.0,2855756.0,0.9881337648327939,0.00032075569481426286
USA,LCA,2015,877.0,887.0,3071869.0,0.9887260428410372,0.00028549394521706494
USA,LCA,2020,851.0,859.0,3197871.0,0.9906868451688009,0.00026611454933610516
USA,LCA,2024,824.0,832.0,3306380.0,0.9903846153846154,0.00024921515373308573
USA,LIE,2000,60.0,60.0,2066123.0,1.0,2.9039897431082275e-05
USA,LIE,2005,91.0,91.0,2383313.0,1.0,3.8182143931577595e-05
USA,LIE,2010,124.0,129.0,2855756.0,0.9612403100775194,4.3421076590577064e-05
USA,LIE,2015,129.0,138.0,3071869.0,0.9347826086956522,4.1993978258838515e-05
USA,LIE,2020,147.0,156.0,3197871.0,0.9423076923076923,4.596808314031429e-05
USA,LIE,2024,157.0,167.0,3306380.0,0.9401197604790419,4.748395526225056e-05
USA,LKA,2000,158.0,472.0,2066123.0,0.3347457627118644,7.647172990184999e-05
USA,LKA,2005,302.0,912.0,2383313.0,0.33114035087719296,0.00012671436777292785
USA,LKA,2010,598.0,1816.0,2855756.0,0.32929515418502203,0.00020940164355778295
USA,LKA,2015,605.0,1837.0,3071869.0,0.32934131736526945,0.00019694850268680078
USA,LKA,2020,613.0,1861.0,3197871.0,0.3293927995701236,0.00019169003377559634
USA,LKA,2024,620.0,1882.0,3306380.0,0.3294367693942614,0.0001875162564496519
USA,LSO,2000,85.0,85.0,2066123.0,1.0,4.113985469403322e-05
USA,LSO,2005,86.0,86.0,2383313.0,1.0,3.608422393533707e-05
USA,LSO,2010,87.0,87.0,2855756.0,1.0,3.0464787607904878e-05
USA,LSO,2015,124.0,124.0,3071869.0,1.0,4.036630468291454e-05
USA,LSO,2020,163.0,163.0,3197871.0,1.0,5.097141191749136e-05
USA,LSO,2024,203.0,203.0,3306380.0,1.0,6.139645170851505e-05
USA,LTU,2000,1026.0,1029.0,2066123.0,0.9970845481049563,0.0004965822460715069
USA,LTU,2005,936.0,939.0,2383313.0,0.9968051118210862,0.00039273062329622674
USA,LTU,2010,719.0,721.0,2855756.0,0.9972260748959778,0.00025177221023084607
USA,LTU,2015,554.0,557.0,3071869.0,0.9946140035906643,0.00018034623221237624
USA,LTU,2020,588.0,609.0,3197871.0,0.9655172413793104,0.00018387233256125717
USA,LTU,2024,619.0,642.0,3306380.0,0.9641744548286605,0.0001872138108747331
USA,LUX,2000,965.0,988.0,2066123.0,0.9767206477732794,0.00046705835034990654
USA,LUX,2005,836.0,855.0,2383313.0,0.9777777777777777,0.00035077222337141615
USA,LUX,2010,718.0,735.0,2855756.0,0.9768707482993197,0.0002514220402583414
USA,LUX,2015,1095.0,1120.0,3071869.0,0.9776785714285714,0.00035646051312735014
USA,LUX,2020,2972.0,3204.0,3197871.0,0.9275905118601748,0.0009293683203606399
USA,LUX,2024,3433.0,3701.0,3306380.0,0.9275871386111861,0.0010382956586962176
USA,LVA,2000,479.0,496.0,2066123.0,0.9657258064516129,0.00023183518115814014
USA,LVA,2005,603.0,615.0,2383313.0,0.9804878048780488,0.0002530091515466076
USA,LVA,2010,712.0,719.0,2855756.0,0.9902642559109874,0.0002493210204233135
USA,LVA,2015,426.0,436.0,3071869.0,0.9770642201834863,0.00013867778866872253
USA,LVA,2020,543.0,554.0,3197871.0,0.98014440433213,0.00016980047037544666
USA,LVA,2024,500.0,510.0,3306380.0,0.9803921568627451,0.0001512227874593967
USA,MAR,2000,1208.0,1208.0,2066123.0,1.0,0.0005846699349457897
USA,MAR,2005,1281.0,1281.0,2383313.0,1.0,0.0005374871030368231
USA,MAR,2010,1392.0,1392.0,2855756.0,1.0,0.00048743660172647805
USA,MAR,2015,1795.0,1795.0,3071869.0,1.0,0.0005843348137567064
USA,MAR,2020,1971.0,1971.0,3197871.0,1.0,0.0006163475637384997
USA,MAR,2024,2139.0,2139.0,3306380.0,1.0,0.000646931084751299
USA,MDA,2000,13.0,13.0,2066123.0,1.0,6.291977776734493e-06
USA,MDA,2005,55.0,55.0,2383313.0,1.0,2.30771199586458e-05
USA,MDA,2010,111.0,111.0,2855756.0,1.0,3.8868866948016564e-05
USA,MDA,2015,195.0,195.0,3071869.0,1.0,6.347926946103495e-05
USA,MDA,2020,252.0,252.0,3197871.0,1.0,7.880242824053878e-05
USA,MDA,2024,230.0,230.0,3306380.0,1.0,6.956248223132247e-05
USA,MDV,2000,16.0,74.0,2066123.0,0.21621621621621623,7.743972648288607e-06
USA,MDV,2005,32.0,92.0,2383313.0,0.34782608695652173,1.3426687975939375e-05
USA,MDV,2010,38.0,118.0,2855756.0,0.3220338983050847,1.3306458955176843e-05
USA,MDV,2015,44.0,145.0,3071869.0,0.30344827586206896,1.4323527468130966e-05
USA,MDV,2020,46.0,154.0,3197871.0,0.2987012987012987,1.4384570234384063e-05
USA,MDV,2024,49.0,165.0,3306380.0,0.296969696969697,1.4819833171020875e-05
USA,MEX,2000,353209.0,353282.0,2066123.0,0.9997933662060338,0.17095255219558564
USA,MEX,2005,511789.0,511894.0,2383313.0,0.9997948794086275,0.21473847539118865
USA,MEX,2010,731017.0,731168.0,2855756.0,0.9997934811151473,0.2559802027904345
USA,MEX,2015,768225.0,768394.0,3071869.0,0.999780060750084,0.25008390657283885
USA,MEX,2020,799179.0,799366.0,3197871.0,0.9997660646062004,0.2499097055509744
USA,MEX,2024,823502.0,823710.0,3306380.0,0.9997474839445921,0.24906453583677618
USA,MHL,2000,856.0,856.0,2066123.0,1.0,0.00041430253668344044
USA,MHL,2005,1053.0,1053.0,2383313.0,1.0,0.0004418219512082551
USA,MHL,2010,1346.0,1346.0,2855756.0,1.0,0.00047132878299126397
USA,MHL,2015,1430.0,1430.0,3071869.0,1.0,0.00046551464271425637
USA,MHL,2020,1441.0,1441.0,3197871.0,1.0,0.00045061229799450947
USA,MHL,2024,1446.0,1446.0,3306380.0,1.0,0.0004373363013325752
USA,MLI,2000,223.0,223.0,2066123.0,1.0,0.00010793161878552245
USA,MLI,2005,911.0,911.0,2383313.0,1.0,0.0003822410233150241
USA,MLI,2010,1156.0,1156.0,2855756.0,1.0,0.00040479648821537976
USA,MLI,2015,1421.0,1421.0,3071869.0,1.0,0.0004625848302775932
USA,MLI,2020,1666.0,1666.0,3197871.0,1.0,0.0005209716089235619
USA,MLI,2024,1870.0,1870.0,3306380.0,1.0,0.0005655732250981436
USA,MLT,2000,1051.0,1093.0,2066123.0,0.9615736505032022,0.0005086822033344578
USA,MLT,2005,1087.0,1138.0,2383313.0,0.9551845342706503,0.00045608780718269063
USA,MLT,2010,1053.0,1103.0,2855756.0,0.9546690843155031,0.0003687289810474004
USA,MLT,2015,1667.0,1751.0,3071869.0,0.9520274129069103,0.0005426663702130527
USA,MLT,2020,3632.0,3810.0,3197871.0,0.9532808398950131,0.0011357556324191938
USA,MLT,2024,6313.0,6623.0,3306380.0,0.9531934168805677,0.0019093389144623424
USA,MNE,2000,310.0,310.0,2066123.0,1.0,0.00015003947006059175
USA,MNE,2005,310.0,310.0,2383313.0,1.0,0.00013007103976691269
USA,MNE,2010,302.0,302.0,2855756.0,1.0,0.00010575133169640543
USA,MNE,2015,317.0,317.0,3071869.0,1.0,0.0001031945047135799
USA,MNE,2020,317.0,317.0,3197871.0,1.0,9.912845139782062e-05
USA,MNE,2024,314.0,314.0,3306380.0,1.0,9.496791052450112e-05
USA,MNG,2000,301.0,301.0,2066123.0,1.0,0.0001456834854459294
USA,MNG,2005,447.0,447.0,2383313.0,1.0,0.00018755404766390314
USA,MNG,2010,646.0,646.0,2855756.0,1.0,0.00022620980223800633
USA,MNG,2015,799.0,799.0,3071869.0,1.0,0.0002601022374326509
USA,MNG,2020,856.0,856.0,3197871.0,1.0,0.000267678089578973
USA,MNG,2024,906.0,906.0,3306380.0,1.0,0.00027401569087642677
USA,MRT,2000,108.0,108.0,2066123.0,1.0,5.227181537594809e-05
USA,MRT,2005,109.0,109.0,2383313.0,1.0,4.57346559180435e-05
USA,MRT,2010,76.0,76.0,2855756.0,1.0,2.6612917910353685e-05
USA,MRT,2015,108.0,108.0,3071869.0,1.0,3.5157749239957825e-05
USA,MRT,2020,116.0,116.0,3197871.0,1.0,3.627413363453373e-05
USA,MRT,2024,125.0,125.0,3306380.0,1.0,3.780569686484917e-05
USA,MSR,2000,104.0,104.0,2066123.0,1.0,5.033582221387594e-05
USA,MSR,2005,109.0,109.0,2383313.0,1.0,4.57346559180435e-05
USA,MSR,2010,115.0,115.0,2855756.0,1.0,4.0269546838035184e-05
USA,MSR,2015,120.0,120.0,3071869.0,1.0,3.906416582217536e-05
USA,MSR,2020,121.0,121.0,3197871.0,1.0,3.7837673877401557e-05
USA,MSR,2024,123.0,123.0,3306380.0,1.0,3.7200805715011585e-05
USA,MUS,2000,41.0,90.0,2066123.0,0.45555555555555555,1.9843929911239553e-05
USA,MUS,2005,40.0,89.0,2383313.0,0.449438202247191,1.6783359969924218e-05
USA,MUS,2010,43.0,96.0,2855756.0,0.4479166666666667,1.5057308817700112e-05
USA,MUS,2015,49.0,110.0,3071869.0,0.44545454545454544,1.595120104405494e-05
USA,MUS,2020,48.0,108.0,3197871.0,0.4444444444444444,1.5009986331531196e-05
USA,MUS,2024,48.0,109.0,3306380.0,0.44036697247706424,1.4517387596102081e-05
USA,NAM,2000,1379.0,1499.0,2066123.0,0.9199466310873916,0.0006674336426243742
USA,NAM,2005,1090.0,1184.0,2383313.0,0.9206081081081081,0.00045734655918043494
USA,NAM,2010,1050.0,1140.0,2855756.0,0.9210526315789473,0.00036767847112988643
USA,NAM,2015,1027.0,1115.0,3071869.0,0.9210762331838565,0.0003343241524947841
USA,NAM,2020,1098.0,1192.0,3197871.0,0.9211409395973155,0.00034335343733377614
USA,NAM,2024,1165.0,1265.0,3306380.0,0.9209486166007905,0.00035234909478039426
USA,NIC,2000,3006.0,3006.0,2066123.0,1.0,0.001454898861297222
USA,NIC,2005,3085.0,3085.0,2383313.0,1.0,0.0012944166376804053
USA,NIC,2010,3298.0,3298.0,2855756.0,1.0,0.0011548605693203482
USA,NIC,2015,3606.0,3606.0,3071869.0,1.0,0.0011738781829563696
USA,NIC,2020,3775.0,3775.0,3197871.0,1.0,0.001180472883365214
USA,NIC,2024,3918.0,3918.0,3306380.0,1.0,0.0011849817625318325
USA,NIU,2000,18.0,18.0,2066123.0,1.0,8.711969229324683e-06
USA,NIU,2005,19.0,19.0,2383313.0,1.0,7.972095985714003e-06
USA,NIU,2010,11.0,11.0,2855756.0,1.0,3.8518696975511914e-06
USA,NIU,2015,10.0,10.0,3071869.0,1.0,3.2553471518479465e-06
USA,NIU,2020,9.0,9.0,3197871.0,1.0,2.814372437162099e-06
USA,NIU,2024,9.0,9.0,3306380.0,1.0,2.7220101742691403e-06
USA,NLD,2000,20867.0,187738.0,2066123.0,0.11114958079877275,0.010099592328239896
USA,NLD,2005,22688.0,177107.0,2383313.0,0.12810334995228873,0.009519521774941017
USA,NLD,2010,24594.0,163814.0,2855756.0,0.15013368820735712,0.008612080303779454
USA,NLD,2015,28357.0,153295.0,3071869.0,0.1849832023223197,0.009231187918495223
USA,NLD,2020,36718.0,147343.0,3197871.0,0.2492008442884969,0.011482014127524219
USA,NLD,2024,43208.0,143547.0,3306380.0,0.30100245912488593,0.013068068401091223
USA,NOR,2000,14956.0,15833.0,2066123.0,0.9446093601970568,0.007238678432987775
USA,NOR,2005,14369.0,15589.0,2383313.0,0.9217396882417089,0.006029002485196028
USA,NOR,2010,15975.0,17809.0,2855756.0,0.897018361502611,0.0055939653107618436
USA,NOR,2015,17500.0,19862.0,3071869.0,0.8810794481925285,0.005696857515733907
USA,NOR,2020,18657.0,21302.0,3197871.0,0.8758332550934185,0.005834194062237032
USA,NOR,2024,20746.0,23688.0,3306380.0,0.8758020938872003,0.006274535897265287
USA,NZL,2000,13112.0,28280.0,2066123.0,0.46364922206506365,0.006346185585272513
USA,NZL,2005,17151.0,35783.0,2383313.0,0.4793058156107649,0.007196285171104257
USA,NZL,2010,20519.0,41010.0,2855756.0,0.5003413801511827,0.007185137665822991
USA,NZL,2015,24806.0,48592.0,3071869.0,0.5104955548238393,0.008075214144874016
USA,NZL,2020,29584.0,57746.0,3197871.0,0.5123125411283899,0.009251154909000395
USA,NZL,2024,32863.0,63904.0,3306380.0,0.5142557586379569,0.009939268928556306
USA,PAN,2000,5212.0,5333.0,2066123.0,0.9773110819426214,0.0025225990901800136
USA,PAN,2005,7807.0,7925.0,2383313.0,0.9851104100946372,0.0032756922821299593
USA,PAN,2010,11993.0,12134.0,2855756.0,0.9883797593538817,0.004199588480248312
USA,PAN,2015,14040.0,14203.0,3071869.0,0.9885235513623882,0.004570507401194517
USA,PAN,2020,16867.0,17061.0,3197871.0,0.9886290369849364,0.0052744466552903475
USA,PAN,2024,25732.0,26028.0,3306380.0,0.9886276317811588,0.007782529533810391
USA,PER,2000,7033.0,7033.0,2066123.0,1.0,0.0034039599772133604
USA,PER,2005,8261.0,8261.0,2383313.0,1.0,0.003466183417788599
USA,PER,2010,9277.0,9277.0,2855756.0,1.0,0.0032485268349256727
USA,PER,2015,10026.0,10026.0,3071869.0,1.0,0.0032638110544427512
USA,PER,2020,10796.0,10796.0,3197871.0,1.0,0.003375996092400225
USA,PER,2024,11392.0,11392.0,3306380.0,1.0,0.003445459989474894
USA,PHL,2000,24922.0,24922.0,2066123.0,1.0,0.01206220539629054
USA,PHL,2005,27574.0,27574.0,2383313.0,1.0,0.01156960919526726
USA,PHL,2010,29729.0,29729.0,2855756.0,1.0,0.010410203112590851
USA,PHL,2015,17899.0,17899.0,3071869.0,1.0,0.005826745867092639
USA,PHL,2020,6469.0,6469.0,3197871.0,1.0,0.002022908366222402
USA,PHL,2024,6469.0,6469.0,3306380.0,1.0,0.0019565204241496744
USA,PLW,2000,516.0,516.0,2066123.0,1.0,0.00024974311790730753
USA,PLW,2005,377.0,377.0,2383313.0,1.0,0.00015818316771653575
USA,PLW,2010,361.0,361.0,2855756.0,1.0,0.00012641136007418002
USA,PLW,2015,324.0,324.0,3071869.0,1.0,0.00010547324771987347
USA,PLW,2020,333.0,333.0,3197871.0,1.0,0.00010413178017499768
USA,PLW,2024,341.0,341.0,3306380.0,1.0,0.00010313394104730854
USA,PNG,2000,851.0,7601.0,2066123.0,0.11195895276937246,0.00041188254523085024
USA,PNG,2005,851.0,10750.0,2383313.0,0.07916279069767442,0.0003570659833601378
USA,PNG,2010,721.0,14018.0,2855756.0,0.05143387073762306,0.00025247255017585535
USA,PNG,2015,731.0,14337.0,3071869.0,0.05098695682499826,0.0002379658768000849
USA,PNG,2020,733.0,14403.0,3197871.0,0.05089217524126918,0.00022921499960442432
USA,PNG,2024,735.0,14451.0,3306380.0,0.05086153207390492,0.00022229749756531313
USA,POL,2000,8180.0,8180.0,2066123.0,1.0,0.00395910601643755
USA,POL,2005,9688.0,9688.0,2383313.0,1.0,0.004064929784715646
USA,POL,2010,10896.0,10896.0,2855756.0,1.0,0.0038154520204107074
USA,POL,2015,16179.0,16179.0,3071869.0,1.0,0.005266826156974793
USA,POL,2020,25274.0,25274.0,3197871.0,1.0,0.007903383219648322
USA,POL,2024,29646.0,29646.0,3306380.0,1.0,0.008966301514042548
USA,PRI,2000,233924.0,233924.0,2066123.0,1.0,0.1132188161111415
USA,PRI,2005,223949.0,223949.0,2383313.0,1.0,0.09396541704761398
USA,PRI,2010,185814.0,185814.0,2855756.0,1.0,0.06506648327097973
USA,PRI,2015,165147.0,165147.0,3071869.0,1.0,0.053761081608623286
USA,PRI,2020,159515.0,159515.0,3197871.0,1.0,0.049881624368212474
USA,PRI,2024,144149.0,144149.0,3306380.0,1.0,0.04359722717896915
USA,PRK,2000,649.0,1761.0,2066123.0,0.3685406019307212,0.0003141148905462066
USA,PRK,2005,792.0,2080.0,2383313.0,0.38076923076923075,0.0003323105274044995
USA,PRK,2010,934.0,2396.0,2855756.0,0.38981636060100167,0.0003270587543193466
USA,PRK,2015,1028.0,2638.0,3071869.0,0.38968915845337376,0.0003346496872099689
USA,PRK,2020,1049.0,2691.0,3197871.0,0.389817911557042,0.0003280307429536714
USA,PRK,2024,1068.0,2740.0,3306380.0,0.3897810218978102,0.0003230118740132713
USA,PRT,2000,7258.0,7389.0,2066123.0,0.9822709432940858,0.003512859592579919
USA,PRT,2005,7303.0,7516.0,2383313.0,0.9716604576902608,0.0030642219465089144
USA,PRT,2010,6137.0,6398.0,2855756.0,0.9592060018755861,0.0021489931212610603
USA,PRT,2015,6957.0,7253.0,3071869.0,0.9591893009789053,0.0022647450135406164
USA,PRT,2020,7980.0,8316.0,3197871.0,0.9595959595959596,0.0024954102276170615
USA,PRT,2024,8977.0,9355.0,3306380.0,0.9595938001068947,0.002715053926046008
USA,PRY,2000,1781.0,1781.0,2066123.0,1.0,0.0008620009554126255
USA,PRY,2005,1696.0,1696.0,2383313.0,1.0,0.0007116144627247869
USA,PRY,2010,1615.0,1615.0,2855756.0,1.0,0.0005655245055950158
USA,PRY,2015,1576.0,1576.0,3071869.0,1.0,0.0005130427111312364
USA,PRY,2020,1706.0,1706.0,3197871.0,1.0,0.0005334799308665047
USA,PRY,2024,1819.0,1819.0,3306380.0,1.0,0.0005501485007772852
USA,PSE,2000,8052.0,8052.0,2066123.0,1.0,0.003897154235251241
USA,PSE,2005,8032.0,8032.0,2383313.0,1.0,0.003370098681960783
USA,PSE,2010,8012.0,8012.0,2855756.0,1.0,0.002805561819707286
USA,PSE,2015,7992.0,7992.0,3071869.0,1.0,0.002601673443756879
USA,PSE,2020,8179.0,8179.0,3197871.0,1.0,0.0025576391292832013
USA,PSE,2024,8170.0,8170.0,3306380.0,1.0,0.0024709803470865416
USA,QAT,2000,1000.0,164088.0,2066123.0,0.006094290868314563,0.00048399829051803787
USA,QAT,2005,1144.0,65453.0,2383313.0,0.017478190457274684,0.00048000409513983266
USA,QAT,2010,2333.0,48840.0,2855756.0,0.04776822276822277,0.0008169465458533572
USA,QAT,2015,2824.0,56137.0,3071869.0,0.05030550260968702,0.0009193100356818601
USA,QAT,2020,4231.0,47200.0,3197871.0,0.08963983050847457,0.0013230677535147604
USA,QAT,2024,4532.0,50553.0,3306380.0,0.08964848772575316,0.0013706833455319715
USA,ROU,2000,1317.0,1317.0,2066123.0,1.0,0.0006374257486122559
USA,ROU,2005,1710.0,1710.0,2383313.0,1.0,0.0007174886387142604
USA,ROU,2010,2166.0,2166.0,2855756.0,1.0,0.0007584681604450801
USA,ROU,2015,3626.0,3626.0,3071869.0,1.0,0.0011803888772600655
USA,ROU,2020,6683.0,6683.0,3197871.0,1.0,0.0020898278886171454
USA,ROU,2024,9431.0,9431.0,3306380.0,1.0,0.0028523642170591402
USA,RUS,2000,2915.0,2915.0,2066123.0,1.0,0.0014108550168600805
USA,RUS,2005,3747.0,3747.0,2383313.0,1.0,0.0015721812451826513
USA,RUS,2010,4429.0,4429.0,2855756.0,1.0,0.0015509028082231115
USA,RUS,2015,4763.0,4763.0,3071869.0,1.0,0.001550521848425177
USA,RUS,2020,5120.0,5120.0,3197871.0,1.0,0.001601065208696661
USA,RUS,2024,5408.0,5408.0,3306380.0,1.0,0.0016356256691608345
USA,SEN,2000,626.0,626.0,2066123.0,1.0,0.0003029829298642917
USA,SEN,2005,672.0,672.0,2383313.0,1.0,0.00028196044749472687
USA,SEN,2010,752.0,752.0,2855756.0,1.0,0.0002633278193234996
USA,SEN,2015,802.0,802.0,3071869.0,1.0,0.00026107884157820533
USA,SEN,2020,826.0,826.0,3197871.0,1.0,0.000258296848121766
USA,SEN,2024,847.0,847.0,3306380.0,1.0,0.00025617140195621796
USA,SGP,2000,7372.0,811947.0,2066123.0,0.009079410355602028,0.0035680353976989755
USA,SGP,2005,10173.0,887804.0,2383313.0,0.01145861023379034,0.004268428024350977
USA,SGP,2010,17952.0,1254665.0,2855756.0,0.0143082017909163,0.006286251346403544
USA,SGP,2015,22252.0,1513338.0,3071869.0,0.014703919415226472,0.007243798482292051
USA,SGP,2020,23638.0,1577271.0,3197871.0,0.014986644653962445,0.007391792852181968
USA,SGP,2024,26705.0,1760391.0,3306380.0,0.01516992531772771,0.008076809078206376
USA,SLB,2000,128.0,335.0,2066123.0,0.382089552238806,6.195178118630885e-05
USA,SLB,2005,77.0,269.0,2383313.0,0.2862453531598513,3.230796794210412e-05
USA,SLB,2010,31.0,221.0,2855756.0,0.14027149321266968,1.0855269147644266e-05
USA,SLB,2015,29.0,206.0,3071869.0,0.1407766990291262,9.440506740359045e-06
USA,SLB,2020,28.0,200.0,3197871.0,0.14,8.755825360059866e-06
USA,SLB,2024,27.0,196.0,3306380.0,0.1377551020408163,8.16603052280742e-06
USA,SLE,2000,480.0,480.0,2066123.0,1.0,0.0002323191794486582
USA,SLE,2005,330.0,330.0,2383313.0,1.0,0.0001384627197518748
USA,SLE,2010,243.0,243.0,2855756.0,1.0,8.509130331863086e-05
USA,SLE,2015,179.0,179.0,3071869.0,1.0,5.827071401807825e-05
USA,SLE,2020,152.0,152.0,3197871.0,1.0,4.753162338318212e-05
USA,SLE,2024,141.0,141.0,3306380.0,1.0,4.2644826063549866e-05
USA,SLV,2000,4603.0,4603.0,2066123.0,1.0,0.0022278441312545286
USA,SLV,2005,4871.0,4871.0,2383313.0,1.0,0.0020437936603375216
USA,SLV,2010,5176.0,5176.0,2855756.0,1.0,0.0018124797776840878
USA,SLV,2015,5397.0,5397.0,3071869.0,1.0,0.0017569108578523369
USA,SLV,2020,5488.0,5488.0,3197871.0,1.0,0.0017161417705717336
USA,SLV,2024,5562.0,5562.0,3306380.0,1.0,0.0016822022876983287
USA,SRB,2000,617.0,617.0,2066123.0,1.0,0.00029862694524962935
USA,SRB,2005,633.0,633.0,2383313.0,1.0,0.00026559667152405077
USA,SRB,2010,882.0,882.0,2855756.0,1.0,0.0003088499157491046
USA,SRB,2015,1229.0,1229.0,3071869.0,1.0,0.00040008216496211266
USA,SRB,2020,1713.0,1713.0,3197871.0,1.0,0.0005356688872065196
USA,SRB,2024,2032.0,2032.0,3306380.0,1.0,0.0006145694082349882
USA,SVK,2000,1402.0,1422.0,2066123.0,0.9859353023909986,0.0006785656033062892
USA,SVK,2005,1573.0,1596.0,2383313.0,0.9855889724310777,0.0006600056308172699
USA,SVK,2010,1764.0,1789.0,2855756.0,0.9860257126886529,0.0006176998314982092
USA,SVK,2015,2181.0,2234.0,3071869.0,0.9762757385854969,0.0007099912138180372
USA,SVK,2020,2646.0,2719.0,3197871.0,0.9731518940787054,0.0008274254965256572
USA,SVK,2024,2876.0,2955.0,3306380.0,0.9732656514382403,0.0008698334734664497
USA,SVN,2000,668.0,678.0,2066123.0,0.9852507374631269,0.0003233108580660493
USA,SVN,2005,655.0,671.0,2383313.0,0.9761549925484352,0.00027482751950750906
USA,SVN,2010,666.0,701.0,2855756.0,0.9500713266761769,0.0002332132016880994
USA,SVN,2015,702.0,753.0,3071869.0,0.9322709163346613,0.00022852537005972585
USA,SVN,2020,866.0,947.0,3197871.0,0.914466737064414,0.0002708051700647087
USA,SVN,2024,982.0,1074.0,3306380.0,0.9143389199255121,0.0002970015545702551
USA,SWE,2000,14296.0,14296.0,2066123.0,1.0,0.00691923956124587
USA,SWE,2005,15450.0,15450.0,2383313.0,1.0,0.006482572788383229
USA,SWE,2010,16874.0,16874.0,2855756.0,1.0,0.005908768116043527
USA,SWE,2015,19543.0,19543.0,3071869.0,1.0,0.006361924938856442
USA,SWE,2020,23047.0,23047.0,3197871.0,1.0,0.007206982395474989
USA,SWE,2024,26172.0,26172.0,3306380.0,1.0,0.00791560558677466
USA,SWZ,2000,146.0,146.0,2066123.0,1.0,7.066375041563353e-05
USA,SWZ,2005,190.0,190.0,2383313.0,1.0,7.972095985714003e-05
USA,SWZ,2010,228.0,228.0,2855756.0,1.0,7.983875373106106e-05
USA,SWZ,2015,256.0,256.0,3071869.0,1.0,8.333688708730744e-05
USA,SWZ,2020,259.0,259.0,3197871.0,1.0,8.099138458055375e-05
USA,SWZ,2024,262.0,262.0,3306380.0,1.0,7.924074062872386e-05
USA,SXM,2000,273.0,325.0,2066123.0,0.84,0.00013213153331142433
USA,SXM,2005,150.0,178.0,2383313.0,0.8426966292134831,6.293759988721583e-05
USA,SXM,2010,300.0,357.0,2855756.0,0.8403361344537815,0.00010505099175139613
USA,SXM,2015,312.0,372.0,3071869.0,0.8387096774193549,0.00010156683113765594
USA,SXM,2020,329.0,391.0,3197871.0,0.8414322250639387,0.00010288094798070341
USA,SXM,2024,344.0,409.0,3306380.0,0.8410757946210269,0.00010404127777206491
USA,TGO,2000,179.0,179.0,2066123.0,1.0,8.663569400272878e-05
USA,TGO,2005,179.0,179.0,2383313.0,1.0,7.510553586541088e-05
USA,TGO,2010,182.0,182.0,2855756.0,1.0,6.373093499584698e-05
USA,TGO,2015,182.0,182.0,3071869.0,1.0,5.924731816363263e-05
USA,TGO,2020,182.0,182.0,3197871.0,1.0,5.691286484038912e-05
USA,TGO,2024,183.0,183.0,3306380.0,1.0,5.5347540210139185e-05
USA,THA,2000,5263.0,5263.0,2066123.0,1.0,0.0025472830029964334
USA,THA,2005,22201.0,22201.0,2383313.0,1.0,0.009315184367307189
USA,THA,2010,39140.0,39140.0,2855756.0,1.0,0.013705652723832147
USA,THA,2015,44243.0,44243.0,3071869.0,1.0,0.014402632403920871
USA,THA,2020,48509.0,48509.0,3197871.0,1.0,0.015169154728255143
USA,THA,2024,52400.0,52400.0,3306380.0,1.0,0.01584814812574477
USA,TJK,2000,291.0,291.0,2066123.0,1.0,0.00014084350254074904
USA,TJK,2005,280.0,280.0,2383313.0,1.0,0.00011748351978946954
USA,TJK,2010,279.0,279.0,2855756.0,1.0,9.76974223287984e-05
USA,TJK,2015,274.0,274.0,3071869.0,1.0,8.919651196063374e-05
USA,TJK,2020,273.0,273.0,3197871.0,1.0,8.536929726058368e-05
USA,TJK,2024,274.0,274.0,3306380.0,1.0,8.287008752774938e-05
USA,TLS,2000,66.0,5562.0,2066123.0,0.011866235167206042,3.19438871741905e-05
USA,TLS,2005,70.0,5905.0,2383313.0,0.011854360711261643,2.9370879947367384e-05
USA,TLS,2010,72.0,6024.0,2855756.0,0.01195219123505976,2.5212238020335072e-05
USA,TLS,2015,59.0,4301.0,3071869.0,0.013717740060451058,1.9206548195902886e-05
USA,TLS,2020,57.0,4233.0,3197871.0,0.013465627214741318,1.7824358768693296e-05
USA,TLS,2024,56.0,4184.0,3306380.0,0.01338432122370937,1.693695219545243e-05
USA,TTO,2000,3501.0,3501.0,2066123.0,1.0,0.0016944780151036507
USA,TTO,2005,3757.0,3757.0,2383313.0,1.0,0.0015763770851751323
USA,TTO,2010,5597.0,5597.0,2855756.0,1.0,0.0019599013361085472
USA,TTO,2015,5798.0,5798.0,3071869.0,1.0,0.0018874502786414395
USA,TTO,2020,6439.0,6439.0,3197871.0,1.0,0.0020135271247651953
USA,TTO,2024,9267.0,9267.0,3306380.0,1.0,0.002802763142772458
USA,TUN,2000,279.0,279.0,2066123.0,1.0,0.00013503552305453256
USA,TUN,2005,259.0,259.0,2383313.0,1.0,0.00010867225580525932
USA,TUN,2010,470.0,470.0,2855756.0,1.0,0.00016457988707718727
USA,TUN,2015,607.0,607.0,3071869.0,1.0,0.00019759957211717036
USA,TUN,2020,644.0,644.0,3197871.0,1.0,0.00020138398328137689
USA,TUN,2024,677.0,677.0,3306380.0,1.0,0.0002047556542200231
USA,TUR,2000,13557.0,13737.0,2066123.0,0.9868967023367547,0.006561564824553039
USA,TUR,2005,16731.0,17750.0,2383313.0,0.9425915492957746,0.007020059891420053
USA,TUR,2010,20088.0,22002.0,2855756.0,0.9130079083719662,0.007034214407673485
USA,TUR,2015,23570.0,26553.0,3071869.0,0.8876586449742025,0.00767285323690561
USA,TUR,2020,27054.0,33276.0,3197871.0,0.8130183916336098,0.008460003546109271
USA,TUR,2024,33577.0,48963.0,3306380.0,0.6857627187876559,0.010155215069048325
USA,TUV,2000,11.0,11.0,2066123.0,1.0,5.323981195698417e-06
USA,TUV,2005,7.0,7.0,2383313.0,1.0,2.9370879947367383e-06
USA,TUV,2010,4.0,4.0,2855756.0,1.0,1.4006798900186151e-06
USA,TUV,2015,4.0,4.0,3071869.0,1.0,1.3021388607391787e-06
USA,TUV,2020,3.0,3.0,3197871.0,1.0,9.381241457206998e-07
USA,TUV,2024,3.0,3.0,3306380.0,1.0,9.073367247563801e-07
USA,TZA,2000,1082.0,1082.0,2066123.0,1.0,0.000523686150340517
USA,TZA,2005,1204.0,1204.0,2383313.0,1.0,0.000505179135094719
USA,TZA,2010,1234.0,1234.0,2855756.0,1.0,0.00043210974607074275
USA,TZA,2015,1291.0,1291.0,3071869.0,1.0,0.00042026531730356994
USA,TZA,2020,1149.0,1149.0,3197871.0,1.0,0.000359301547811028
USA,TZA,2024,1247.0,1247.0,3306380.0,1.0,0.0003771496319237353
USA,UGA,2000,721.0,721.0,2066123.0,1.0,0.0003489627674635053
USA,UGA,2005,899.0,899.0,2383313.0,1.0,0.0003772060153240468
USA,UGA,2010,1037.0,1037.0,2855756.0,1.0,0.00036312626148732595
USA,UGA,2015,1174.0,1174.0,3071869.0,1.0,0.00038217775562694896
USA,UGA,2020,1312.0,1312.0,3197871.0,1.0,0.00041027295972851936
USA,UGA,2024,1422.0,1422.0,3306380.0,1.0,0.00043007760753452416
USA,UKR,2000,3132.0,3132.0,2066123.0,1.0,0.0015158826459024948
USA,UKR,2005,2861.0,2861.0,2383313.0,1.0,0.0012004298218488297
USA,UKR,2010,2729.0,2729.0,2855756.0,1.0,0.0009556138549652001
USA,UKR,2015,2738.0,2738.0,3071869.0,1.0,0.0008913140501759678
USA,UKR,2020,2782.0,2782.0,3197871.0,1.0,0.0008699537911316623
USA,UKR,2024,2819.0,2819.0,3306380.0,1.0,0.0008525940756960784
USA,URY,2000,705.0,705.0,2066123.0,1.0,0.0003412187948152167
USA,URY,2005,652.0,652.0,2383313.0,1.0,0.00027356876750976475
USA,URY,2010,604.0,604.0,2855756.0,1.0,0.00021150266339281087
USA,URY,2015,623.0,623.0,3071869.0,1.0,0.00020280812756012708
USA,URY,2020,743.0,743.0,3197871.0,1.0,0.00023234208009015997
USA,URY,2024,958.0,958.0,3306380.0,1.0,0.00028974286077220406
USA,VEN,2000,10159.0,10239.0,2066123.0,0.9921867369860338,0.004916938633372747
USA,VEN,2005,10445.0,10528.0,2383313.0,0.9921162613981763,0.004382554872146461
USA,VEN,2010,10848.0,10936.0,2855756.0,0.991953182150695,0.003798643861730484
USA,VEN,2015,11242.0,11335.0,3071869.0,0.9917953242170269,0.003659661268107462
USA,VEN,2020,10598.0,10683.0,3197871.0,0.9920434334924647,0.0033140798987826587
USA,VEN,2024,10111.0,10193.0,3306380.0,0.9919552634160699,0.0030580272080039197
USA,VGB,2000,910.0,910.0,2066123.0,1.0,0.0004404384443714145
USA,VGB,2005,1042.0,1042.0,2383313.0,1.0,0.0004372065272165259
USA,VGB,2010,1537.0,1537.0,2855756.0,1.0,0.0005382112477396528
USA,VGB,2015,1758.0,1758.0,3071869.0,1.0,0.000572290029294869
USA,VGB,2020,1994.0,1994.0,3197871.0,1.0,0.0006235398488556918
USA,VGB,2024,2206.0,2206.0,3306380.0,1.0,0.0006671949382708581
USA,WSM,2000,463.0,463.0,2066123.0,1.0,0.00022409120850985155
USA,WSM,2005,436.0,436.0,2383313.0,1.0,0.000182938623672174
USA,WSM,2010,381.0,381.0,2855756.0,1.0,0.00013341475952427309
USA,WSM,2015,316.0,316.0,3071869.0,1.0,0.00010286896999839511
USA,WSM,2020,297.0,297.0,3197871.0,1.0,9.287429042634928e-05
USA,WSM,2024,284.0,284.0,3306380.0,1.0,8.589454327693731e-05
USA,ZMB,2000,462.0,462.0,2066123.0,1.0,0.0002236072102193335
USA,ZMB,2005,662.0,662.0,2383313.0,1.0,0.00027776460750224583
USA,ZMB,2010,949.0,949.0,2855756.0,1.0,0.0003323113039069164
USA,ZMB,2015,836.0,836.0,3071869.0,1.0,0.0002721470218944883
USA,ZMB,2020,1169.0,1169.0,3197871.0,1.0,0.0003655557087824994
USA,ZMB,2024,1550.0,1550.0,3306380.0,1.0,0.0004687906411241297
VEN,USA,2000,112873.0,31369527.0,112873.0,0.0035981734758066325,1.0
VEN,USA,2005,162176.0,35533585.0,162176.0,0.004564020207924418,1.0
VEN,USA,2010,193941.0,39769676.0,193941.0,0.00487660497913033,1.0
VEN,USA,2015,271836.0,43278121.0,271836.0,0.006281141457134888,1.0
VEN,USA,2020,526853.0,45295697.0,526853.0,0.011631413906711713,1.0
VEN,USA,2024,763915.0,48694117.0,763915.0,0.015688034757874343,1.0
VNM,IDN,2000,0.0,272821.0,981280.0,0.0,0.0
VNM,IDN,2005,9.0,90418.0,1088297.0,9.953770266982239e-05,8.2698013501829e-06
VNM,IDN,2010,0.0,96493.0,1256795.0,0.0,0.0
VNM,IDN,2015,0.0,133132.0,1350074.0,0.0,0.0
VNM,IDN,2020,20.0,290640.0,1396271.0,6.881365262868153e-05,1.4323866928411462e-05
VNM,IDN,2024,15.0,420676.0,1434651.0,3.5656895092660384e-05,1.0455504509459096e-05
VNM,MYS,2000,0.0,1482589.0,981280.0,0.0,0.0
VNM,MYS,2005,36.0,2042096.0,1088297.0,1.7628945945734186e-05,3.30792054007316e-05
VNM,MYS,2010,17.0,2914872.0,1256795.0,5.832160039960588e-06,1.3526470108490248e-05
VNM,MYS,2015,7.0,3356058.0,1350074.0,2.085780400696293e-06,5.184900975798363e-06
VNM,MYS,2020,5.0,3483620.0,1396271.0,1.4352885791217182e-06,3.5809667321028655e-06
VNM,MYS,2024,5.0,3569533.0,1434651.0,1.4007434585980856e-06,3.4851681698196985e-06
VNM,USA,2000,981280.0,31369527.0,981280.0,0.03128131323114945,1.0
VNM,USA,2005,1088252.0,35533585.0,1088297.0,0.030626011982748152,0.9999586509932491
VNM,USA,2010,1256778.0,39769676.0,1256795.0,0.03160141410254386,0.9999864735298916
VNM,USA,2015,1350067.0,43278121.0,1350074.0,0.031195138994135167,0.9999948150990242
VNM,USA,2020,1396246.0,45295697.0,1396271.0,0.03082513555316303,0.9999820951663395
VNM,USA,2024,1434631.0,48694117.0,1434651.0,0.02946210114047247,0.9999860593273208
YEM,IDN,2000,0.0,272821.0,0.0,0.0,
YEM,IDN,2005,0.0,90418.0,0.0,0.0,
YEM,IDN,2010,0.0,96493.0,18.0,0.0,0.0
YEM,IDN,2015,92.0,133132.0,746.0,0.0006910434756482288,0.12332439678284182
YEM,IDN,2020,441.0,290640.0,4103.0,0.0015173410404624276,0.10748233000243725
YEM,IDN,2024,448.0,420676.0,3676.0,0.0010649526001007901,0.12187159956474429
YEM,MYS,2000,0.0,1482589.0,0.0,0.0,
YEM,MYS,2005,0.0,2042096.0,0.0,0.0,
YEM,MYS,2010,18.0,2914872.0,18.0,6.1752282776053284e-06,1.0
YEM,MYS,2015,654.0,3356058.0,746.0,0.00019487148315076795,0.8766756032171582
YEM,MYS,2020,3662.0,3483620.0,4103.0,0.0010512053553487465,0.8925176699975628
YEM,MYS,2024,3228.0,3569533.0,3676.0,0.000904319976870924,0.8781284004352558
