Topic,Count,Name,Representation,Representative_Docs
-1,12892,-1_los_mxico_de_que,"['los', 'mxico', 'de', 'que', 'unidos', 'migrantes', 'estados', 'eeuu', 'para', 'por']","['Condena internacional al régimen militar en Birmania : represión y crisis humanitaria | Noticias de México', 'Los niños estadounidenses  deportados  junto a sus madres a Honduras ( y por qué el gobierno de EE . UU . defiende su expulsión ) ', 'Aviso importante para inmigrantes en Estados Unidos : las opciones que tienen los venezolanos para evitar la deportación de Donald Trump tras fin del TPS']"
0,1500,0_iranpressnews_271_cnn_24,"['iranpressnews', '271', 'cnn', '24', 'enabel', '233', '1800', 'lebanonfiles', '61', '34']","['سفير مصر فى بروكسل يلتقى المدير التنفيذى لوكالة التعاون التنموى البلجيكية  إنابل Enabel  ', 'مجلس الأمن يدين الهجوم على مدينة الفاشر ويدعو إلى حماية المدنيين في السودان – اليوم 24', 'IranPressNews : ايران پرس نيوز اخبار ايران و جهان']"
1,325,1_abd_ukrayna_ve_rusya,"['abd', 'ukrayna', 've', 'rusya', 'yeni', 'sava', 'bir', 'rus', 'bakan', 'ukraynada']","['ABD ve Fransa Ukraynada ateşkes çağrısında bulunurken , Rusya ve Ukrayna birbirini suçladı', 'ABD ve Fransa Ukraynada ateşkes çağrısında bulunurken , Rusya ve Ukrayna birbirini suçladı', 'ABD ve Fransa Ukraynada ateşkes çağrısında bulunurken , Rusya ve Ukrayna birbirini suçladı']"
2,258,2_mignews_fakti_bg_quotidiano,"['mignews', 'fakti', 'bg', 'quotidiano', 'fatto', 'forbes', 'figaro', 'boulevard', 'lantidiplomatico', 'voltaire']","['Ще избухне ли война между Индия и Пакистан ? ᐉ Новини от Fakti . bg - Свят', 'Германия улеснява категоризирането на „ сигурни страни  за мигрантите ᐉ Новини от Fakti . bg - Свят', 'Германия вече води парада на антимигрантските политики в Европа ᐉ Новини от Fakti . bg - Мнения']"
3,255,3_isw_lb_ua_58,"['isw', 'lb', 'ua', '58', 'bloomberg', 'nova', '01', 'aa', 'dsnews', 'agoravox']","['Україна надаватиме гуманітарну підтримку палестинцям - новини LB . ua', 'Японія та Україна підписали грантову угоду з віднолення новини LB . ua', 'Шмигаль розповів , яку допомогу отримає Україна від партнерів у 2025 році - LB . ua']"
4,250,4_2025925_cptpp_wenxuecity_cfi,"['2025925', 'cptpp', 'wenxuecity', 'cfi', 'www', '8000', 'gpt', 'cjpl', '1300', 'ft']","['美国又双叒退群了 - CFi . CN 中财网', '局势有变 ， 美国连退两步 ， 对欧洲发出最后警告 ， 俄罗斯接到电话 - CFi . CN 中财网', '俄乌战争 ： 中国的能与不能 | www . wenxuecity . com']"
5,242,5_ukrajina_na_tde_svet,"['ukrajina', 'na', 'tde', 'svet', 'ukrajine', 'rusk', 'rusko', 'oblasti', 'sk', 'hnonline']","['Ukrajina ONLINE : V zónach bojov v Doneckej oblasti zostáva najmenej 21 700 civilistov | Svet | . týždeň', 'Ukrajina ONLINE : Rusko prišlo o ďalších viac ako 1 200 vojakov\u200b , tvrdí Ukrajina | Svet | . týždeň', 'Konflikt na Ukrajine - všetko o vojne Ukrajina - Rusko']"
6,239,6_cdu_spd_casus_belli,"['cdu', 'spd', 'casus', 'belli', '103', '83', 'welle', 'annan', 'huffpost', 'frontex']","['Γερμανία : « Ναι » στην επιστροφή προσφύγων στην Ελλάδα από CDU και SPD', ' « Ναι » στην επιστροφή προσφύγων στην Ελλάδα από CDU και SPD', 'Γερμανία : « Ναι » στην επιστροφή προσφύγων στην Ελλάδα από CDU και SPD']"
7,235,7_hams_rehenes_liberar_tregua,"['hams', 'rehenes', 'liberar', 'tregua', 'fuego', 'negociaciones', 'alto', 'acuerdo', 'cese', 'avisa']","['Catar y EEUU anuncian un acuerdo para una tregua en Gaza y para liberar rehenes', 'Acuerdo entre Israel y Hamas en Gaza : liberarán a los rehenes', 'Acuerdo entre Israel y Hamas en Gaza : liberarán a los rehenes']"
8,200,8_3384_82700_1000_80,"['3384', '82700', '1000', '80', '900', '32', '30', '22', '10', '']","['82700 خرجوا ولم يعودوا .. ارتفاع حاد في الهجرة العكسية من إسرائيل وسط الحرب', 'الأمم المتحدة : مقتل 3384 مدنيا بالسودان خلال 6 أشهر', 'الأمم المتحدة : مقتل 3384 مدنيا بالسودان خلال 6 أشهر']"
9,187,9_g7_g20_oda_nhk,"['g7', 'g20', 'oda', 'nhk', '22', 'web', 'pwc', 'fpci', 'aig7', '3dmax']","['韓国 イ大統領と中国 習主席が電話会談 APEC成功へ緊密に協力 | NHK', '米国務省 「 台湾独立支持しない 」 HPの文言削除 中国は反発 | NHK', 'PWC中国区预选结束 ， 正赛六强出炉 ！ TYLOO 、 LVG 、 3DMAX 、 B8首亮相']"
10,184,10_isral_humanitaire_israliens_proche,"['isral', 'humanitaire', 'israliens', 'proche', 'laide', 'orient', 'annonce', 'flottille', 'otages', 'cessez']","['Guerre dans la bande de Gaza : lUnion européenne annonce un accord avec Israël pour étendre laide humanitaire à Gaza', 'Conflit au Proche - Orient : libération de six nouveaux otages israéliens à Gaza - LINFO . re - Monde , Asie', 'Gaza : lUE annonce un accès élargi de laide humanitaire après des négociations avec Israël']"
11,182,11_ice_redadas_inmigrantes_arresta,"['ice', 'redadas', 'inmigrantes', 'arresta', 'lrtmus', 'cita', 'agentes', 'detener', 'nueva', 'cubana']","['ICE arresta a dos inmigrantes colombianos tras acudir a una cita de trámite con USCIS :  EEUU tiene que ser un lugar más seguro  | LRTMUS | Historias Estados Unidos', 'ICE arresta a dos inmigrantes colombianos tras acudir a una cita de trámite con USCIS :  EEUU tiene que ser un lugar más seguro  | LRTMUS | Historias Estados Unidos', 'ICE arresta a dos inmigrantes colombianos tras acudir a una cita de trámite con USCIS :  EEUU tiene que ser un lugar más seguro  | LRTMUS | Historias Estados Unidos']"
12,178,12_salvador_deportado_error_brego,"['salvador', 'deportado', 'error', 'brego', 'kilmar', 'migrante', 'venezolano', 'salvadoreo', 'jueza', 'ordena']","['Jueza ordena repatriar a EEUU a un migrante deportado por error a El Salvador', 'Jueza ordena repatriar a EEUU a un migrante deportado por error a El Salvador', 'Migrante deportado por error a prisión en El Salvador']"
13,176,13_234_300_25_10,"['234', '300', '25', '10', '', '', '', '', '', '']","['كونا : مصر ترحب بمطالبة 25 دولة بإنهاء الحرب التي يشنها الاحتلال الإسرائيلي على غزة - الشؤون السياسية', 'كونا : ماليزيا تبعد 300 مهاجر من ميانمار بعد توفير مساعدات إنسانية مؤقتة لهم - انسان', 'كونا : ماليزيا تبعد 300 مهاجر من ميانمار بعد توفير مساعدات إنسانية مؤقتة لهم - انسان']"
14,157,14_mxico_migrantes_buscan_quedarse,"['mxico', 'migrantes', 'buscan', 'quedarse', 'navidad', 'frontera', 'optan', 'celebran', 'sheinbaum', 'migrante']","['Mientras la frontera con Estados Unidos se vuelve más restrictiva , más de la mitad de migrantes ahora optan por quedarse en México , crecen las solicitudes de refugio y aumentan los desafíos de integración', 'Migrantes en frontera norte y sur de México celebran Navidad en medio de la incertidumbre', 'Migrantes en frontera norte y sur de México celebran Navidad en medio de la incertidumbre']"
15,153,15_myanmar_disaster_earthquake_junta,"['myanmar', 'disaster', 'earthquake', 'junta', 'quake', 'complicating', 'bureau', 'disasters', 'void', 'unprepared']","['Myanmar deadly earthquake exposes void left by US in global disaster responses', 'Myanmar deadly earthquake exposes void left by US in global disaster responses', 'Myanmar deadly earthquake exposes void left by US in global disaster responses']"
16,150,16_labour_britain_welfare_wealthiest,"['labour', 'britain', 'welfare', 'wealthiest', 'problem', 'illegal', 'wealthy', 'benefits', 'paid', 'uk']","['Refugees and illegal migration : The wealthy have been shielded from Britain big problem … until now', 'Refugees and illegal migration : The wealthy have been shielded from Britain big problem … until now', 'Refugees and illegal migration : The wealthy have been shielded from Britain big problem … until now']"
17,149,17_aiuti_umanitari_crosetto_di,"['aiuti', 'umanitari', 'crosetto', 'di', 'il', 'gli', 'israele', 'israeliani', 'striscia', 'morti']","['Così Israele militarizza gli aiuti umanitari a Gaza', 'Crosetto :  Dal 9 agosto il lancio di aiuti umanitari italiani a Gaza  ', 'Crosetto :  Dal 9 agosto il lancio di aiuti umanitari italiani a Gaza  ']"
18,139,18_news1_bbc_340_inss,"['news1', 'bbc', '340', 'inss', 'wck', '27', '100', '20', '', '']","['News1 | ישראל עוצרת את הסיוע מירדן לעזה עד תחקיר מקיף לפיגוע במעבר אלנבי', 'News1 | טראמפ :  חמאס מוכן לשלום - ישראל חייבת להפסיק את ההפצצות בעזה  ', 'News1 | תוכנית פרו - ישראלית']"
19,134,19_ironed_hamas_ceasefire_phase,"['ironed', 'hamas', 'ceasefire', 'phase', 'defiant', 'wedding', 'details', 'prepare', 'salvage', 'progres']","['Officials claim Gaza ceasefire , but Israel says details still not ironed out', 'Officials claim Gaza ceasefire , but Israel says details still not ironed out', 'Officials claim Gaza ceasefire , but Israel says details still not ironed out']"
20,132,20_sectarian_loyalists_syria_assad,"['sectarian', 'loyalists', 'syria', 'assad', 'sweida', 'clashes', 'sharaa', 'coastal', 'violence', 'damascus']","['Clashes in Syria coastal region between government forces and Assad loyalists kill more than 70', 'Clashes in Syria coastal region between government forces and Assad loyalists kill more than 70', 'At least 15 killed in sectarian clashes in Syria Sweida']"
21,127,21_poland_lithuania_controls_discourage,"['poland', 'lithuania', 'controls', 'discourage', 'reinstates', 'belarus', 'polish', 'checks', 'tunnel', 'germany']","['Poland reinstates border controls with Germany and Lithuania to discourage asylum - seekers', 'Poland reinstates border controls with Germany and Lithuania to discourage asylum - seekers', 'Poland reinstates border controls with Germany and Lithuania to discourage asylum - seekers']"
22,124,22_nga_cho_cnh_bnh,"['nga', 'cho', 'cnh', 'bnh', 'phng', 'bo', 'mt', 'khng', 'vng', 'nh']","['Triển vọng nào cho vòng đám phán mới giữa Nga - Ukraine ? - Báo Công an nhân dân điện tử', 'Mỹ và Nga thảo luận ý tưởng mới cho đàm phán hòa bình Ukraine', 'Mỹ và Nga thảo luận ý tưởng mới cho đàm phán hòa bình Ukraine']"
23,124,23_crisis_watchlist_worsens_humanitarian,"['crisis', 'watchlist', 'worsens', 'humanitarian', 'worst', 'tragedy', 'sudan', 'deepening', 'irc', 'catastrophe']","['Sudan tops global humanitarian crisis watchlist for third year as war continues', '  New world disorder : Sudan , Palestine top IRC 2026 Emergency Watchlist | Humanitarian Crises News', '  New world disorder : Sudan , Palestine top IRC 2026 Emergency Watchlist | Humanitarian Crises News']"
24,123,24_pakistn_cachemira_firme_conflicto,"['pakistn', 'cachemira', 'firme', 'conflicto', 'tensin', 'escala', 'promete', 'agregan', 'disputada', 'entre']","['Modi promete una « respuesta firme » si Pakistán lanza otro ataque contra India', 'Modi promete una « respuesta firme » si Pakistán lanza otro ataque contra India', 'Modi promete una « respuesta firme » si Pakistán lanza otro ataque contra India']"
25,121,25_polska_niemcy_francja_traktat,"['polska', 'niemcy', 'francja', 'traktat', 'ukrainie', 'wojna', 'nie', 'rosji', 'sprawie', 'ukrainy']","['Macron : 9 maja Francja i Polska podpiszą traktat o przyjaźni', 'Francja i Polska podpiszą traktat o przyjaźni .  Traktat premium  ', 'Francja i Polska podpiszą traktat o przyjaźni .  Traktat premium  ']"
26,121,26_ettoday_cna_aukus_setn,"['ettoday', 'cna', 'aukus', 'setn', 'apec', '5500', '4tiktok', 'tnl', '108', 'edca']","['美中之間走鋼索 ！ 中國擬邀請李在明出席閱兵 南韓政府迎外交大考驗 | 國際 | 三立新聞網 SETN . COM', '中國殲10戰鬥機 印尼評估採購 | 國際 | 中央社 CNA', '中國殲10戰鬥機 印尼評估採購 | 國際 | 中央社 CNA']"
27,115,27_haitianos_hait_dominicana_tps,"['haitianos', 'hait', 'dominicana', 'tps', 'rd', 'repblica', 'nicaragenses', 'puertas', 'detiene', 'pandilleros']","['Ve aumento deportaciones de haitianos desde República Dominicana', 'Ve aumento deportaciones de haitianos desde República Dominicana', 'Terminación TPS haitianos 2026 | Noticias SIN']"
28,100,28_vit_nam_lan_ch,"['vit', 'nam', 'lan', 'ch', 'tc', 'campuchia', 'tng', 'thi', 'th', 'quan']","['Cơ chế bảo hộ công dân Việt Nam nhìn từ vụ ông Lưu Tú Bảo', 'Việt Nam - Lào ký thỏa thuận hợp tác pháp luật , tư pháp', 'Việt Nam kêu gọi cộng đồng quốc tế hành động để xóa bỏ hoàn toàn vũ khí hạt nhân']"
29,97,29_sudanu_meseci_sudanie_faer,"['sudanu', 'meseci', 'sudanie', 'faer', 'opsade', 'pao', 'onz', 'krvi', 'sulm', 'belirlemeliyiz']","['Sudan : El - Fašer pao posle 18 meseci opsade ,  gomile leševa i bare krvi  - BBC News na srpskom', 'Sudan : El - Fašer pao posle 18 meseci opsade ,  gomile leševa i bare krvi  - BBC News na srpskom', 'Sudan : El - Fašer pao posle 18 meseci opsade ,  gomile leševa i bare krvi  - BBC News na srpskom']"
30,95,30_thng_tng_chm_dt,"['thng', 'tng', 'chm', 'dt', 'xung', 'nga', 'ln', 'ting', 'ng', 'tn']","['Tổng thống Mỹ - Nga điện đàm về chấm dứt xung đột Ukraine', 'Tổng thống Trump tiết lộ thêm về kế hoạch chấm dứt xung đột Nga - Ukraine', 'Tổng thống Trump tiết lộ thêm về kế hoạch chấm dứt xung đột Nga - Ukraine']"
31,94,31_migrantes_impuso_redes_migrante,"['migrantes', 'impuso', 'redes', 'migrante', 'individuos', 'unidos', 'empresas', 'dlares', 'estados', 'acusados']","['El Reino Unido impuso sanciones contra individuos y empresas acusados de facilitar las redes de tráfico de migrantes', 'El Reino Unido impuso sanciones contra individuos y empresas acusados de facilitar las redes de tráfico de migrantes', 'El Reino Unido impuso sanciones contra individuos y empresas acusados de facilitar las redes de tráfico de migrantes']"
32,93,32_migrantus_baltarusija_pasienyje_neteistus,"['migrantus', 'baltarusija', 'pasienyje', 'neteistus', 'apgr', 'baltarusij', 'migrantai', 'pasienieiai', 'kampanij', 'lietuva']","['VSAT pareigūnai pasienyje su Baltarusija apgręžė tris neteisėtus migrantus', 'VSAT pareigūnai pasienyje su Baltarusija apgręžė šešis neteisėtus migrantus', 'VSAT pareigūnai pasienyje su Baltarusija apgręžė 5 neteisėtus migrantus']"
33,92,33_ethiopia_tigray_amhara_ethiopians,"['ethiopia', 'tigray', 'amhara', 'ethiopians', 'district', 'rebellion', 'oromia', 'ethiopian', 'dasenech', 'waging']","['Ethiopia war may have ended , but the Tigray crisis hasnt', 'Ethiopia : Tipping Point : Ethiopia Edges Toward Crisis As Renewed Tensions Loom Over Tigray - Conflict Spreads in Amhara , Oromia', 'Ethiopia : Tipping Point : Ethiopia Edges Toward Crisis As Renewed Tensions Loom Over Tigray - Conflict Spreads in Amhara , Oromia']"
34,92,34_hindistan_afganistan_kemir_ve,"['hindistan', 'afganistan', 'kemir', 've', 'sava', 'atma', 'neden', 'gerilimi', 'arasnda', 'snrnda']","['Pakistan - Hindistan savaşı !  Uçaklar havalandı  ', 'Pakistan - Hindistan gerginliği', 'Hindistan ve Pakistan arasında kırılgan ateşkes']"
35,91,35_canada_bill_calgary_montreal,"['canada', 'bill', 'calgary', 'montreal', 'vancouver', 'edmonton', 'toronto', 'nevadan', 'consider', 'detection']","['Canada Border Bill Guts Refugee Rights | South Asian Post | Indo Canadian newspaper - Vancouver , Surrey , Calgary , Toronto , Brampton , Edmonton , Winnipeg , Montreal', 'Refugees Face Border Battle to Get into Canada | Asian Pacific Post | Chinese newspaper - Vancouver , Richmond , Calgary , Edmonton , Winnipeg , Toronto , North York , Montreal', 'Refugees Face Border Battle to Get into Canada | Asian Pacific Post | Chinese newspaper - Vancouver , Richmond , Calgary , Edmonton , Winnipeg , Toronto , North York , Montreal']"
36,90,36_73_334_84_27,"['73', '334', '84', '27', '15', '2024', '', '', '', '']","['منذ مارس 2024 .. تسلسل زمني لتطور الشراكة المصرية الأوروبية', 'تسلسل زمني للعدوان الإسرائيلي على غزة .. ماذا حدث خلال 15 شهرا ؟ ', 'عالمة جيولوجية : زلزال ميانمار أطلق طاقة تعادل 334 قنبلة ذرية ! ']"
37,89,37_netanyahu_manifiestan_reservistas_reanudar,"['netanyahu', 'manifiestan', 'reservistas', 'reanudar', 'deuxime', 'propios', 'familiares', 'reserva', 'preocupa', 'afirma']","['  Lo que le preocupa a Netanyahu son sus propios intereses : reservistas israelíes se manifiestan contra guerra en Gaza', '  Lo que le preocupa a Netanyahu son sus propios intereses : reservistas israelíes se manifiestan contra guerra en Gaza', '  Lo que le preocupa a Netanyahu son sus propios intereses : reservistas israelíes se manifiestan contra guerra en Gaza']"
38,88,38_hostages_hostage_release_identifies,"['hostages', 'hostage', 'release', 'identifies', 'emerging', 'edan', 'alexander', 'freed', 'phase', 'hamas']","['Israel , Hamas agree to  first phase  of plan to end fighting , release hostages , Trump says', 'Israel , Hamas agree to  first phase  of plan to end fighting , release hostages , Trump says', 'Israel , Hamas agree to  first phase  of plan to end fighting , release hostages , Trump says']"
39,86,39_54_market_paramilitary_158,"['54', 'market', 'paramilitary', '158', 'wounding', 'rsf', 'shouk', 'forty', 'omdurman', 'least']","['Paramilitary attack on market in Sudan kills 54', 'Paramilitary attack on market in Sudan kills 54', 'Paramilitary attack on market in Sudan kills 54']"
40,85,40_ukrainoje_karas_rusijos_ukrainos,"['ukrainoje', 'karas', 'rusijos', 'ukrainos', 'ukraina', 'ukrainan', 'karo', 'atak', 'kar', 'yra']","['Karas Ukrainoje . Ukraina skelbia sustabdžiusi Rusijos puolimą Sumų srityje', 'Karas Ukrainoje . Ukraina skelbia sustabdžiusi Rusijos puolimą Sumų srityje', 'Karas Ukrainoje . Ukraina skelbia sustabdžiusi Rusijos puolimą Sumų srityje']"
41,84,41_crowds_nears_gather_anniversary,"['crowds', 'nears', 'gather', 'anniversary', 'invasion', 'fling', 'dixon', 'erie', 'sandy', 'crowd']","['Crowds gather as Ukraine invasion anniversary nears', 'Crowds gather as Ukraine invasion anniversary nears', 'Crowds gather as Ukraine invasion anniversary nears']"
42,84,42_unseen_civil_guide_sudan,"['unseen', 'civil', 'guide', 'sudan', 'visual', 'ummah', 'coups', 'apathy', 'resetting', 'pledged']","['Sudan Civil War - a Visual Guide to the Brutal Conflict', 'Sudan civil war : A visual guide to the brutal conflict - 19 - Dec - 2025', 'Sudan civil war : A visual guide to the brutal conflict - 19 - Dec - 2025']"
43,84,43_rethinking_exposed_myths_facts,"['rethinking', 'exposed', 'myths', 'facts', 'policy', 'australia', 'immigration', 'travelling', 'confrontation', 'examiner']","['Rethinking immigration : Australia policy myths , facts exposed | The Standard', 'Rethinking immigration : Australia policy myths , facts exposed | The North West Star', 'Rethinking immigration : Australia policy myths , facts exposed | Southern Cross']"
44,83,44_one_small_boats_france,"['one', 'small', 'boats', 'france', 'boat', 'out', 'unauthorized', 'daybreak', 'labour', 'flown']","['UK Launches  One In , One Out  Migrant Deal with France Amid Surge in Small Boat Crossings', 'Dozens of migrants are returned to France under Labour  one in , one out  deal .... as hundreds more arrive in Britain on small boats', 'Dozens of migrants are returned to France under Labour  one in , one out  deal .... as hundreds more arrive in Britain on small boats']"
45,83,45_ucraina_droni_privind_attacco,"['ucraina', 'droni', 'privind', 'attacco', 'nu', 'acord', 'mosca', 'cu', 'leuropa', 'dei']","['Russia - Ucraina , chi sta vincendo la guerra dei droni ? La corsa alla supremazia ( con laiuto degli united states ) ', 'Russia - Ucraina , chi sta vincendo la guerra dei droni ? La corsa alla supremazia ( con laiuto degli united states ) ', 'Russia - Ucraina , chi sta vincendo la guerra dei droni ? La corsa alla supremazia ( con laiuto degli united states ) ']"
46,82,46_ecuador_armado_gallos_pelea,"['ecuador', 'armado', 'gallos', 'pelea', 'personas', 'durante', 'masacre', 'billar', 'asesinan', 'guayaquil']","['Ecuador : al menos 11 muertos y varios heridos en un ataque armado durante pelea de gallos', 'Ecuador : un grupo armado asesinó a 11 personas en una pelea de gallos', 'Al menos 11 muertos y 9 heridos deja ataque armado en Ecuador durante una pelea de gallos']"
47,82,47_tr_vin_nhn_ti,"['tr', 'vin', 'nhn', 'ti', 'dch', 'quc', 'gi', 'php', 'chu', 'ku']","['Nam Phi cáo buộc Israel sử dụng nạn đói làm vũ khí chiến tranh tại Gaza', 'ICC tolak rayuan Israel , sokong siasatan jenayah perang di Gaza', 'ICC tolak rayuan Israel , sokong siasatan jenayah perang di Gaza']"
48,81,48_romnia_cu_pentru_sua,"['romnia', 'cu', 'pentru', 'sua', 'nicuor', 'moldova', 'care', 'republica', 'romania', 'pe']","['Emmanuel Macron : „ Când Rusia a decis războiul în Ucraina , am putut , în cinci zile , să desfăşurăm trupe în România  ', 'Oana Țoiu anunță că Recep Tayyip Erdogan ar putea veni în România : „ Am subliniat interesul României de a intensifica cooperarea cu Turcia și Bulgaria , atât în cadrul NATO , cât și la nivel regional  ', 'ULTIMA ORĂ . Zelenski a dezvăluit acordul de pace negociat cu SUA și propus Rusiei . Ce prevăd cele 20 de puncte ale documentului care poate pune capăt războiului din Ucraina']"
49,80,49_paz_ucrania_reunin_duradera,"['paz', 'ucrania', 'reunin', 'duradera', 'zelenski', 'conversaciones', 'esfuerzos', 'europeos', 'lderes', 'negociaciones']","['Jefes de diplomacia de Turquía y EEUU discuten esfuerzos de paz para Ucrania tras negociaciones en Estambul', 'Jefes de diplomacia de Turquía y EEUU discuten esfuerzos de paz para Ucrania tras negociaciones en Estambul', 'Jefes de diplomacia de Turquía y EEUU discuten esfuerzos de paz para Ucrania tras negociaciones en Estambul']"
50,80,50_lee_ishiba_myung_jae,"['lee', 'ishiba', 'myung', 'jae', 'busan', 'korean', 'korea', 'august', 'peninsula', 'inter']","['South Korean President Lee , Japan PM Ishiba to hold summit on August 23', 'President Lee to Visit Japan ahead of US Summit', 'President Lee to Visit Japan ahead of US Summit']"
51,80,51_prisioneros_chinos_ciudadanos_rusia,"['prisioneros', 'chinos', 'ciudadanos', 'rusia', 'intercambio', 'mosc', 'ucrania', 'canje', 'muertos', 'luchan']","['Alto al fuego , intercambio de prisioneros y entrega de cuerpos : resultados de negociaciones entre Rusia y Ucrania en Estambul', 'Alto al fuego , intercambio de prisioneros y entrega de cuerpos : resultados de negociaciones entre Rusia y Ucrania en Estambul', 'Alto al fuego , intercambio de prisioneros y entrega de cuerpos : resultados de negociaciones entre Rusia y Ucrania en Estambul']"
52,78,52_egypt_egyptian_foregin_abdelatty,"['egypt', 'egyptian', 'foregin', 'abdelatty', 'cairo', 'presidents', 'dialogue', 'inaugural', 'regional', 'ugandan']","['Egyptian Foregin Minister Abdelatty arrives in New Delhi for 1st India - Egypt Strategic dialogue', 'Egyptian Foregin Minister Abdelatty arrives in New Delhi for 1st India - Egypt Strategic dialogue', 'Egyptian Foregin Minister Abdelatty arrives in New Delhi for 1st India - Egypt Strategic dialogue']"
53,77,53_130_39_cnn_12,"['130', '39', 'cnn', '12', '', '', '', '', '', '']","['  CNN : ضغوط أوروبية تجبر إسرائيل على فتح المعابر لغزة', '39 دولة تدعم غزة في موجة ضغوط حاصرت إسرائيل - بوابة الشروق', 'عاجل : ضحايا الضربات الإسرائيلية على غزة أكثر من 130 قتيلاً']"
54,76,54_sommet_zelensky_reoit_blanche,"['sommet', 'zelensky', 'reoit', 'blanche', 'laisse', 'maison', 'accepter', 'koursk', 'guerre', 'milliards']","['Guerre en Ukraine . Donald Trump laisse jusquau 27 novembre à Zelensky pour accepter son plan de paix', 'Guerre en Ukraine . Donald Trump laisse jusquau 27 novembre à Zelensky pour accepter son plan de paix', 'Guerre en Ukraine . Donald Trump laisse jusquau 27 novembre à Zelensky pour accepter son plan de paix']"
55,74,55_palestinos_palestina_palestino_agencia,"['palestinos', 'palestina', 'palestino', 'agencia', 'franja', 'tomar', 'palets', 'llegar', 'despus', 'gazates']","['Israel asesinó a más de 47 . 000 palestinos con sus ataques militares sobre la Franja de Gaza', 'Israel asesinó a más de 47 . 000 palestinos con sus ataques militares sobre la Franja de Gaza', 'Israel asesinó a más de 47 . 000 palestinos con sus ataques militares sobre la Franja de Gaza']"
56,74,56_warned_terrific_pak_stopped,"['warned', 'terrific', 'pak', 'stopped', 'spin', 'probably', 'repeats', 'stopping', 'gandhi', 'nuclear']","['US President Donald Trump reiterates preventing India - Pakistan nuclear clash , says he spoke with  very terrific man , Modi of India ...; warned Pak of ... ', 'US President Donald Trump reiterates preventing India - Pakistan nuclear clash , says he spoke with  very terrific man , Modi of India ...; warned Pak of ... ', 'US President Donald Trump reiterates preventing India - Pakistan nuclear clash , says he spoke with  very terrific man , Modi of India ...; warned Pak of ... ']"
57,72,57_app_america_undocumented_immigration,"['app', 'america', 'undocumented', 'immigration', 'gallego', 'reclaiming', 'thrive', 'spar', 'system', 'salvation']","['Border app that became  a salvation  for migrants to legally enter the US may end', 'Border app that became  a salvation  for migrants to legally enter the US may end', 'US CBP One App : Used this app to enter the US ? You may now be asked to leave  immediately  |']"
58,72,58_deutschland_polen_migrationspolitik_grenze,"['deutschland', 'polen', 'migrationspolitik', 'grenze', 'migranten', 'zu', 'blockieren', 'nationalisten', 'verlngern', 'migrationsplan']","['Polen : Nationalisten protestieren an Grenze zu Deutschland gegen Migrationspolitik', 'Polen : Nationalisten protestieren an Grenze zu Deutschland gegen Migrationspolitik', 'Polen : Nationalisten protestieren an Grenze zu Deutschland gegen Migrationspolitik']"
59,72,59_disastrous_white_arabia_house,"['disastrous', 'white', 'arabia', 'house', 'hitlerian', 'censorship', 'ruining', 'afd', 'presented', 'delegation']","['US and Ukraine to meet in Saudi Arabia after disastrous White House talks', 'US and Ukraine to meet in Saudi Arabia after disastrous White House talks', 'US and Ukraine to meet in Saudi Arabia after disastrous White House talks']"
60,71,60_syria_hiu_tranh_ti,"['syria', 'hiu', 'tranh', 'ti', 'ngi', 'min', 'pht', 'thang', 'kch', 'hn']","['Toàn cảnh cuộc giao tranh mới đẩy Syria tới bờ vực của nội chiến toàn diện', 'Giao tranh ở Syria leo thang , Israel đối mặt lựa chọn khó khăn tại biên giới', 'Giao tranh ở Syria leo thang , Israel đối mặt lựa chọn khó khăn tại biên giới']"
61,71,61_siria_drusos_enfrentamientos_sirio,"['siria', 'drusos', 'enfrentamientos', 'sirio', 'combates', 'necesidad', 'asad', 'beduinos', 'sueida', 'alcanzaron']","['Siria .- La Presidencia siria acusa a los drusos de violar el alto el fuego', 'Siria .- La Presidencia siria acusa a los drusos de violar el alto el fuego', 'El Gobierno de Siria anuncia un nuevo alto el fuego con los líderes drusos tras días de violencia']"
62,70,62_sco_abeyance_hamad_observes,"['sco', 'abeyance', 'hamad', 'observes', 'daxing', 'ahead', 'zelenskyy', 'informs', 'bombards', 'eid']","['PM Modi , President Zelenskyy discuss peace efforts , Russia - Ukraine conflict ahead of SCO summit', 'PM Modi , President Zelenskyy discuss peace efforts , Russia - Ukraine conflict ahead of SCO summit', 'PM Modi , President Zelenskyy discuss peace efforts , Russia - Ukraine conflict ahead of SCO summit']"
63,70,63_violenze_crisi_civili_tragedia,"['violenze', 'crisi', 'civili', 'tragedia', 'atrocit', 'civile', 'di', 'fine', 'umanitaria', 'zamzam']","['Paavi seuraa surullisena Sudanin raakuuksia – vaatii välitöntä tulitaukoa', 'Tragedia nella tragedia in Sudan , saccheggi , atrocità e violenze - Notizie', 'Tragedia nella tragedia in Sudan , saccheggi , atrocità e violenze - Notizie']"
64,70,64_hezbollah_disarming_lebanon_commits,"['hezbollah', 'disarming', 'lebanon', 'commits', 'term', 'disarmament', 'rebuilds', 'regroup', 'envoy', 'longtime']","['US envoy to discuss long - term ceasefire with Israel after Lebanon commits to disarming Hezbollah', 'US envoy to discuss long - term ceasefire with Israel after Lebanon commits to disarming Hezbollah', 'US envoy to discuss long - term ceasefire with Israel after Lebanon commits to disarming Hezbollah']"
65,70,65_program_slams_korea_his,"['program', 'slams', 'korea', 'his', 'kim', 'vows', 'boost', 'nuclear', 'japan', 'north']","['North Korea Kim Slams US - South Korea - Japan Partnership and Vows to Boost His Nuclear Program', 'North Korea Kim Slams US - South Korea - Japan Partnership and Vows to Boost His Nuclear Program', 'North Korea Kim slams US - South Korea - Japan partnership and vows to boost his nuclear program']"
66,69,66_qatar_investors_weigh_egypt,"['qatar', 'investors', 'weigh', 'egypt', 'changed', 'little', 'reconstruction', 'stalled', 'qatari', 'pushing']","['Oil Little Changed as Investors Weigh Gaza Ceasefire , Stalled Ukraine Talks', 'Oil little changed as investors weigh Gaza ceasefire , stalled Ukraine talks', 'Oil Little Changed as Investors Weigh Gaza Ceasefire , Stalled Ukraine Talks']"
67,69,67_bimstec_attend_lanka_attending,"['bimstec', 'attend', 'lanka', 'attending', 'sri', 'saarc', 'emplanes', 'transport', 'modi', 'yunus']","['PM Modi to visit Thailand , Sri Lanka next week ; attend BIMSTEC Summit', 'PM Modi to visit Thailand , Sri Lanka next week ; attend BIMSTEC Summit', 'PM Modi to visit Thailand , Sri Lanka next week ; attend BIMSTEC Summit']"
68,69,68_len_papa_xiv_barbarie,"['len', 'papa', 'xiv', 'barbarie', 'valor', 'colectivo', 'pidi', 'avanzar', 'paz', 'castigo']","['Papa León XIV pide acabar con la barbarie de Israel contra Gaza', 'Papa León XIV\xa0exige terminar la\xa0violencia en Gaza', 'Papa León XIV pide entrada de ayuda humanitaria en Gaza']"
69,68,69_indie_indija_pakistana_oznmila,"['indie', 'indija', 'pakistana', 'oznmila', 'indien', 'pakistane', 'zostrelila', 'pakistanu', 'avganistana', 'armda']","['Je , hatari ya vita vya nyuklia kati ya India na Pakistan ni ya kweli kiasi gani ? ', 'Je , hatari ya vita vya nyuklia kati ya India na Pakistan ni ya kweli kiasi gani ? ', 'Je , hatari ya vita vya nyuklia kati ya India na Pakistan ni ya kweli kiasi gani ? ']"
70,68,70_nga_tn_chin_vong,"['nga', 'tn', 'chin', 'vong', 'cng', 'ln', 'pho', 'lnh', 'thng', 'ngoi']","['Chiến sự Nga - Ukraine 11 - 6 : Nga tấn công pháo kích dồn dập ; Ukraine thương vong , thiệt hại lớn', 'Chiến sự Nga - Ukraine 11 - 6 : Nga tấn công pháo kích dồn dập ; Ukraine thương vong , thiệt hại lớn', 'Chiến sự Nga - Ukraine 11 - 6 : Nga tấn công pháo kích dồn dập ; Ukraine thương vong , thiệt hại lớn']"
71,68,71_brahma_operation_quake_442,"['brahma', 'operation', 'quake', '442', 'responder', 'earthquake', 'myanmar', 'hit', 'prefabricated', 'tonnes']","['Operation Brahma : Quake - hit Myanmar continues to receive relief aid from India', 'Operation Brahma : India continues humanitarian assistance to quake - hit Myanmar', 'Operation Brahma : India continues humanitarian assistance to quake - hit Myanmar']"
72,67,72_drones_misiles_rusos_noche,"['drones', 'misiles', 'rusos', 'noche', 'publimetro', 'lanz', 'lanza', 'ucrania', 'ataques', 'seis']","['Nueva ofensiva rusa deja seis muertos , entre ellos dos niños , tras ataques con drones en Ucrania – Publimetro Colombia', 'Rusia lanza ataque a Ucrania tras  Operación Telaraña : ofensiva se realizó con drones y misiles sobre Kiev', 'Rusia lanza ataque a Ucrania tras  Operación Telaraña : ofensiva se realizó con drones y misiles sobre Kiev']"
73,66,73_netanyahu_benjamin_arming_finish,"['netanyahu', 'benjamin', 'arming', 'finish', 'destroying', 'grinds', 'militias', 'heel', 'exile', 'implement']","['Is Benjamin Netanyahu making a mistake arming Gaza militias ? ', 'Is Benjamin Netanyahu making a mistake arming Gaza militias ? ', 'Is Benjamin Netanyahu making a mistake arming Gaza militias ? ']"
74,66,74_secourus_grce_crte_renvois,"['secourus', 'grce', 'crte', 'renvois', 'premiers', 'royaume', 'uni', 'manche', 'bateau', 'prs']","['Royaume - Uni . Les premiers renvois de migrants vers la France vont commencer lundi', 'Royaume - Uni . Les premiers renvois de migrants vers la France vont commencer lundi', 'Royaume - Uni . Les premiers renvois de migrants vers la France vont commencer lundi']"
75,66,75_sex_denied_offenders_protection,"['sex', 'denied', 'offenders', 'protection', 'change', 'law', 'refugee', 'removing', 'cooper', 'be']","['Sex offenders to be denied refugee protection in united kingdom under law change', 'Sex offenders to be denied refugee protection in united kingdom under law change', 'Sex offenders to be denied refugee protection in united kingdom under law change']"
76,65,76_rica_costa_stopover_detaining,"['rica', 'costa', 'stopover', 'detaining', 'stopovers', 'requests', 'panama', 'permits', 'joins', 'asians']","['Costa Rica joins Panama in detaining deportees from the US in stopover back to their countries', 'Costa Rica joins Panama in detaining deportees from the US in stopover back to their countries', 'Costa Rica Joins Panama in Detaining Deportees from the US In Stopover Back to Their Countries']"
77,65,77_stand_years_three_fajon,"['stand', 'years', 'three', 'fajon', 'surrounded', 'marks', 'continues', 'overshadowed', 'remembers', 'vigil']","['Germany continues to stand with Ukraine - the third anniversary of Russia full - scale invasion', 'Germany continues to stand with Ukraine - the third anniversary of Russia full - scale invasion', 'Germany continues to stand with Ukraine - the third anniversary of Russia full - scale invasion']"
78,65,78_win_believes_lost_territory,"['win', 'believes', 'lost', 'territory', 'can', 'he', 'back', 'now', 'thinks', 'all']","['Trump says he now believes Ukraine can win back all territory lost to Russia with NATO help', 'Trump says he now believes Ukraine can win back all territory lost to Russia with NATO help', 'Trump says he now believes Ukraine can win back all territory lost to Russia with NATO help']"
79,65,79_kharkiv_odesa_pummels_bangkok,"['kharkiv', 'odesa', 'pummels', 'bangkok', 'aspect', 'authorities', 'night', '213', 'lumber', 'supermarket']","['Bangkok Post - 12 killed as Russia pummels Ukraine in fresh night of strikes', 'Bangkok Post - 12 killed as Russia pummels Ukraine in fresh night of strikes', 'Bangkok Post - 12 killed as Russia pummels Ukraine in fresh night of strikes']"
80,63,80_caravana_parte_primera_hacia,"['caravana', 'parte', 'primera', 'hacia', 'migrante', 'sale', 'sur', 'mxico', 'pese', 'nueva']","['Primera caravana migrante de 2025 parte de frontera sur de México hacia EEUU', 'Primera caravana migrante de 2025 parte de frontera sur de México hacia EEUU', 'Primera caravana migrante de 2025 parte de frontera sur de México hacia EEUU']"
81,63,81_narcolancha_tensin_costas_narcos,"['narcolancha', 'tensin', 'costas', 'narcos', 'pacfico', 'caribe', 'instalaciones', 'eleva', 'venezuela', 'nicols']","['Luego de que México ayudara en rescate de sobreviviente a ataque contra narcolancha , se reúnen el canciller y Secretario de Marina con el embajador de EEUU en México ; esto acordaron en el encuentro', 'Estados Unidos ataca otra  narcolancha  en frente a las costas de\xa0Colombia', 'Estados Unidos ataca otra  narcolancha  en frente a las costas de\xa0Colombia']"
82,62,82_deportacin_deportaciones_orden_tengo,"['deportacin', 'deportaciones', 'orden', 'tengo', 'colombianos', 'proceso', 'cmo', 'acuerdos', 'unidos', 'estados']","['Escondidos en Estados Unidos tras una orden de deportación :  Aquí no tengo nada , pero allá tengo menos  | Inmigración en Estados Unidos', ' ¿ Cómo saber si tengo una orden de deportación activa en Estados Unidos ? ', 'Récord de deportaciones de colombianos desde EE . UU . en 2025 : el más alto en la última década']"
83,62,83_expanso_preocupada_ofensiva_operan,"['expanso', 'preocupada', 'ofensiva', 'operan', 'cidade', 'operaes', 'precedentes', 'plano', 'feroces', 'islmicos']","['China muito preocupada com plano de Israel de alargar ofensiva em Gaza', 'China muito preocupada com plano de Israel de alargar ofensiva em Gaza', 'China muito preocupada com plano de Israel de alargar ofensiva em Gaza']"
84,61,84_indians_ahmedabad_drives_turmoil,"['indians', 'ahmedabad', 'drives', 'turmoil', 'indian', 'gujaratis', 'drafts', 'risky', 'illegal', 'arrive']","['Deported Indian nationals from US arrive in Ahmedabad', 'Deported Indian nationals from US arrive in Ahmedabad', 'Deported Indian nationals from US arrive in Ahmedabad']"
85,61,85_abdulaziz_awared_excellent_medal,"['abdulaziz', 'awared', 'excellent', 'medal', 'class', 'enhancing', 'asim', 'munir', 'unsc', 'king']","['आसिम मुनीर को मिला सऊदी अरब का विशेष सम्मान , पवित्र मस्जिदों के संरक्षक ने दिया मेडल ऑफ एक्सीलेंट क्लास , ये है वजह | Saudi Arabia awared King Abdulaziz Medal of Excellent Class to Asim Munir for enhancing Saudi - Pakistani relations', 'आसिम मुनीर को मिला सऊदी अरब का विशेष सम्मान , पवित्र मस्जिदों के संरक्षक ने दिया मेडल ऑफ एक्सीलेंट क्लास , ये है वजह | Saudi Arabia awared King Abdulaziz Medal of Excellent Class to Asim Munir for enhancing Saudi - Pakistani relations', 'आसिम मुनीर को मिला सऊदी अरब का विशेष सम्मान , पवित्र मस्जिदों के संरक्षक ने दिया मेडल ऑफ एक्सीलेंट क्लास , ये है वजह | Saudi Arabia awared King Abdulaziz Medal of Excellent Class to Asim Munir for enhancing Saudi - Pakistani relations']"
86,61,86_frontera_mxico_polticas_qudate,"['frontera', 'mxico', 'polticas', 'qudate', 'migratorias', 'emergente', 'llegada', 'visita', 'prohibicin', 'bloquea']","['JD Vance visita este miércoles la frontera entre EU y México ; resaltará medidas migratorias de Trump', 'Intensifican redadas migratorias en EEUU :  Vamos a inundar las ciudades santuario , advierte Tom Homan , zar de la frontera de Trump | Noticias de México', 'Intensifican redadas migratorias en EEUU :  Vamos a inundar las ciudades santuario , advierte Tom Homan , zar de la frontera de Trump | Noticias de México']"
87,60,87_smugglers_gangs_smuggling_smash,"['smugglers', 'gangs', 'smuggling', 'smash', 'perilous', 'sanction', 'riders', 'smashing', 'stowaways', 'bid']","['UK PM urges nations to smash migrant smuggling gangs  once and for all  ', 'UK PM Urges Nations To Smash Migrant Smuggling Gangs  Once And For All  ', 'UK PM urges nations to smash migrant smuggling gangs  once and for all  ']"
88,60,88_izraeli_izraelit_izraelite_ndihms,"['izraeli', 'izraelit', 'izraelite', 'ndihms', 'pr', 'thirrje', 'humanitare', 'sulmet', 'ndihma', 'krkon']","['Bernie Sanders kritikon bllokadën e Izraelit në Gaza , duke bërë thirrje për ti dhënë fund ndihmës ushtarake amerikane – Balkanweb . com – News24', 'Bernie Sanders kritikon bllokadën e Izraelit në Gaza , duke bërë thirrje për ti dhënë fund ndihmës ushtarake amerikane – Balkanweb . com – News24', 'Bernie Sanders kritikon bllokadën e Izraelit në Gaza , duke bërë thirrje për ti dhënë fund ndihmës ushtarake amerikane – Balkanweb . com – News24']"
89,60,89_saudi_arabia_gcc_gulf,"['saudi', 'arabia', 'gcc', 'gulf', 'pivotal', 'mohamed', 'league', 'crown', 'morocco', 'ere']","['US State Department to Asharq Al - Awsat : Trump Visit Stresses Saudi Arabia Pivotal Role in Resolving Regional Crises', 'Trump , Gulf Leaders Laud Saudi Arabia Pivotal Regional , Global Role at GCC - USA Summit', 'Trump , Gulf Leaders Laud Saudi Arabia Pivotal Regional , Global Role at GCC - USA Summit']"
90,59,90_druze_palace_sectarian_exploiting,"['druze', 'palace', 'sectarian', 'exploiting', 'vacuum', 'presidential', 'syria', 'wary', 'modus', 'vivendi']","['Israel strikes near Syria presidential palace over threats to Druze community', 'Israel strikes near Syria presidential palace over threats to Druze community', 'Israel strikes near Syria presidential palace over threats to Druze community']"
91,59,91_iranians_tehran_deport_100,"['iranians', 'tehran', 'deport', '100', 'rare', 'begins', 'deal', 'over', 'deporting', 'hundreds']","['US To Deport Over 100 Iranians In Deal With Tehran', 'US To Deport Over 100 Iranians In Deal With Tehran', 'US To Deport Over 100 Iranians In Deal With Tehran']"
92,59,92_mike_huckabee_babies_doctors,"['mike', 'huckabee', 'babies', 'doctors', 'grave', 'militarize', 'borders', 'without', 'yeshiva', 'rooftops']","['WATCH : US Amb . Mike Huckabee :  Pressure Hamas , Not Israel , To Allow Aid Into Gaza  – The Yeshiva World', 'WATCH : US Amb . Mike Huckabee :  Pressure Hamas , Not Israel , To Allow Aid Into Gaza  – The Yeshiva World', 'WATCH : US Amb . Mike Huckabee :  Pressure Hamas , Not Israel , To Allow Aid Into Gaza  – The Yeshiva World']"
93,59,93_strategica_partenariato_firmano_strategico,"['strategica', 'partenariato', 'firmano', 'strategico', 'trattato', 'partnerschaft', 'underskriver', 'implicazioni', 'fredag', 'dellinsediamento']","['Russia e Iran firmano trattato di intesa strategica appena prima dellinsediamento di Trump', 'Russia e Iran firmano trattato di intesa strategica appena prima dellinsediamento di Trump', 'Russia e Iran firmano trattato di intesa strategica appena prima dellinsediamento di Trump']"
94,59,94_indonesia_australia_shutdown_longest,"['indonesia', 'australia', 'shutdown', 'longest', 'albanese', 'png', 'finalize', 'neighbour', 'morning', 'touts']","['Australia , Indonesia agree to sign new security treaty', 'Australia to sign a new defence and security treaty with Indonesia', 'Australia to sign a new defence and security treaty with Indonesia']"
95,59,95_airstrike_buddhist_monastery_junta,"['airstrike', 'buddhist', 'monastery', 'junta', 'rakhine', 'myanmar', 'village', '40', 'gem', 'mining']","['An army airstrike on a village in western Myanmar has killed at least 40 people , reports say', 'An army airstrike on a village in western Myanmar has killed at least 40 people , reports say', 'Army airstrike on village in western Myanmar killed at least 40 people , reports say']"
96,59,96_doors_closed_turn_life,"['doors', 'closed', 'turn', 'life', 'mourning', 'pathway', 'seekers', 'shun', 'their', 'mexico']","['With doors closed to the US , asylum - seekers turn to their Plan B : A new life in Mexico', 'With doors closed to the US , asylum - seekers turn to their Plan B : A new life in Mexico', 'With doors closed to the US , asylum - seekers turn to their Plan B : A new life in Mexico']"
97,58,97_journalists_knowing_tell_dire,"['journalists', 'knowing', 'tell', 'dire', 'story', 'conditions', 'targets', 'work', 'make', 'abc']","['Journalists work in dire conditions to tell Gaza story , knowing that could make them targets', 'Journalists work in dire conditions to tell Gaza story , knowing that could make them targets', 'Journalists work in dire conditions to tell Gaza story , knowing that could make them targets']"
98,58,98_irregulares_cuba_alcatraz_vuelo,"['irregulares', 'cuba', 'alcatraz', 'vuelo', 'cubanos', 'alligator', '232', 'devuelve', '104', '139']","['Cuba recibe 60 migrantes irregulares deportados por Estados Unidos', 'Cuba recibió a más de 50 migrantes irregulares deportados por EEUU', 'Cuba recibió a más de 50 migrantes irregulares deportados por EEUU']"
99,58,99_haiti_hati_haitilibre_alterpresse,"['haiti', 'hati', 'haitilibre', 'alterpresse', 'dominicaine', 'haitians', 'rpublique', 'haitian', 'dhaiti', 'zapping']","['Haiti - FLASH : Risk of terrorist violence « Do not travel to Haiti » - HaitiLibre . com : Haiti news 7 / 7', 'Haiti - Deportation : Dialogue between the Haitian and Dominican authorities - HaitiLibre . com : Haiti news 7 / 7', 'Haiti - Deportation : Dialogue between the Haitian and Dominican authorities - HaitiLibre . com : Haiti news 7 / 7']"
100,58,100_attackers_suspected_bank_palestinian,"['attackers', 'suspected', 'bank', 'palestinian', 'militant', 'west', 'kill', 'member', 'injure', 'troops']","['Israeli troops kill 2 suspected Palestinian attackers in West Bank', 'Israeli troops kill 2 suspected Palestinian attackers in West Bank', 'Israeli troops kill 2 suspected Palestinian attackers in West Bank']"
101,57,101_cambodia_thailand_thai_exchanges,"['cambodia', 'thailand', 'thai', 'exchanges', 'acting', 'spills', 'escalate', 'jul', 'leveled', 'ender']","['Thailand - Cambodia military exchanges could lead to war , acting Thai PM says - 25 - Jul - 2025', 'Thailand - Cambodia military exchanges could lead to war , acting Thai PM says - 25 - Jul - 2025', 'Thailand - Cambodia military exchanges could lead to war , acting Thai PM says - 25 - Jul - 2025']"
102,57,102_ireland_irish_times_feeney,"['ireland', 'irish', 'times', 'feeney', 'brian', 'exodus', 'ocallaghan', 'frank', 'sligo', 'belfast']","['Brian Feeney : Will the united kingdom asylum crackdown start an exodus to Ireland ? – The Irish News', 'Brian Feeney : Will the united kingdom asylum crackdown start an exodus to Ireland ? – The Irish News', 'Northern Ireland may be left in a migration limbo . That a problem for the Republic – The Irish Times']"
103,57,103_inmigrantes_lrtmus_malas_deportaciones,"['inmigrantes', 'lrtmus', 'malas', 'deportaciones', 'donald', 'polticas', 'indocumentados', 'unidos', 'masivas', 'estados']","['Abogados de inmigrantes venezolanos afirman que Trump está violando el proceso legal en las deportaciones de Estados Unidos : ¿ qué implica ? | united states | EEUU | proceso migratorio | inmigrantes | deportaciones masivas | ICE | Mundo', 'Malas noticias para inmigrantes en Estados Unidos : gobierno de Donald Trump cobraría US$1 . 000 por trámites del USCIS en 2025 | LRTMUS | Mundo', 'Muy malas noticias para Donald Trump : las 3 ciudades con un plan para frenar las deportaciones y proteger inmigrantes en Estados Unidos | LRTMUS | Estados Unidos']"
104,57,104_rat_ukrajini_rata_od,"['rat', 'ukrajini', 'rata', 'od', 'sukoba', 'za', 'dana', 'eskalira', 'drugog', 'tajlanda']","[' „ Trenutni incident agresije eskalira : Drugog dana oružanog sukoba Tajlanda i Kambodže evakusano više od sto hiljada ljudi', ' „ Trenutni incident agresije eskalira : Drugog dana oružanog sukoba Tajlanda i Kambodže evakusano više od sto hiljada ljudi - Svet', ' „ Trenutni incident agresije eskalira : Drugog dana oružanog sukoba Tajlanda i Kambodže evakusano više od sto hiljada ljudi - Svet']"
105,57,105_greece_tougher_trial_crete,"['greece', 'tougher', 'trial', 'crete', 'suspends', 'oxi', 'criminalises', 'greekreporter', 'rejected', 'hearings']","['Greece suspends asylum seekers arriving by sea from North Africa', 'Greece suspends asylum applications for migrants from North Africa', 'Greece suspends asylum applications for migrants from North Africa']"
106,56,106_steel_raise_tariffs_starmer,"['steel', 'raise', 'tariffs', 'starmer', 'meeting', 'kingdom', 'ceasefire', 'united', 'keir', 'urge']","['Starmer to raise Gaza ceasefire and united kingdom steel tariffs in Trump meeting', 'Starmer to raise Gaza ceasefire and united kingdom steel tariffs in Trump meeting', 'Starmer to raise Gaza ceasefire and united kingdom steel tariffs in Trump meeting']"
107,56,107_western_deepen_their_face,"['western', 'deepen', 'their', 'face', 'sanctions', 'treaty', 'sign', 'partnership', 'ties', 'iran']","['Russia and Iran sign a partnership treaty to deepen their ties in the face of Western sanctions', 'Russia and Iran sign a partnership treaty to deepen their ties in the face of Western sanctions', 'Russia and Iran sign a partnership treaty to deepen their ties in the face of Western sanctions']"
108,56,108_quake_2500_victims_earthquake,"['quake', '2500', 'victims', 'earthquake', 'kazakhstan', 'sends', 'afghanistan', 'affected', 'dispatching', 'tonnes']","['UAE sends 2500 tonnes of aid to support quake - affected people in Afghanistan', 'UAE sends 2500 tonnes of aid to support quake - affected people in Afghanistan', 'UAE sends 2500 tonnes of aid to support quake - affected people in Afghanistan']"
109,56,109_expanded_75_crossings_drop,"['expanded', '75', 'crossings', 'drop', 'channel', 'could', 'report', 'france', 'by', 'kingdom']","['Channel crossings could drop by 75 % with expanded united kingdom - France deal – report', 'Channel crossings could drop by 75 % with expanded united kingdom - France deal – report', 'Channel crossings could drop by 75 % with expanded united kingdom - France deal – report']"
110,56,110_105_downs_tower_aerial,"['105', 'downs', 'tower', 'aerial', 'pounds', 'airports', '650', 'drone', 'injures', 'drones']","['Russia downs 105 Ukrainian drones , including 35 over Moscow region , defence ministry says', 'Russia downs 105 Ukrainian drones , including 35 over Moscow region , defence ministry says', 'Russia downs 105 Ukrainian drones , including 35 over Moscow region , defence ministry says']"
111,56,111_hutes_yemen_ymen_houthi,"['hutes', 'yemen', 'ymen', 'houthi', 'rebeldes', 'pudimos', 'ripristinati', 'ripristina', 'politizar', 'controlada']","['YEMEN - STATI UNITI I raid united states sugli Houthi e la strage  dimenticata  dei migranti nello Yemen', 'YEMEN - STATI UNITI I raid united states sugli Houthi e la strage  dimenticata  dei migranti nello Yemen', 'YEMEN - STATI UNITI I raid united states sugli Houthi e la strage  dimenticata  dei migranti nello Yemen']"
112,56,112_fogo_cessar_em_aps,"['fogo', 'cessar', 'em', 'aps', 'violaes', 'faixa', 'acusaes', 'paquisto', 'ndia', 'volta']","['Israel Retoma Cessar - Fogo Após Escalada de Violência na Faixa de Gaza', 'Israel volta a violar o cessar - fogo em ataque à Faixa de Gaza', 'Israel volta a violar o cessar - fogo em ataque à Faixa de Gaza']"
113,56,113_visits_rubio_tensions_qatar,"['visits', 'rubio', 'tensions', 'qatar', 'creation', 'amid', 'eradicated', 'disarmament', 'casting', 'talks']","['Rubio visits Israel after US - Qatar talks amid Gaza tensions', 'Rubio visits Israel after US - Qatar talks amid Gaza tensions', 'Rubio visits Israel after US - Qatar talks amid Gaza tensions']"
114,56,114_christian_finds_most_risk,"['christian', 'finds', 'most', 'risk', 'immigrants', 'report', 'are', 'feared', 'deportation', 'christians']","['Most immigrants at risk of deportation from US are Christian , report finds', 'Most immigrants at risk of deportation from US are Christian , report finds', 'Most immigrants at risk of deportation from US are Christian , report finds']"
115,56,115_expanded_75_crossings_drop,"['expanded', '75', 'crossings', 'drop', 'channel', 'could', 'report', 'france', 'by', 'kingdom']","['Channel crossings could drop by 75 % with expanded united kingdom - France deal – report', 'Channel crossings could drop by 75 % with expanded united kingdom - France deal – report', 'Channel crossings could drop by 75 % with expanded united kingdom - France deal – report']"
116,55,116_monitoring_regime_unsc_pertaining,"['monitoring', 'regime', 'unsc', 'pertaining', 'various', 'taliban', 'delhi', 'discussed', 'discussions', 'situation']","['India closely monitoring situation in Afghanistan , discussed with Taliban regime various issues pertaining to bilateral relations : Delhi tells UNSC', 'India closely monitoring situation in Afghanistan , discussed with Taliban regime various issues pertaining to bilateral relations : Delhi tells UNSC', 'India closely monitoring situation in Afghanistan , discussed with Taliban regime various issues pertaining to bilateral relations : Delhi tells UNSC']"
117,55,117_jamaica_huracn_melissa_toneladas,"['jamaica', 'huracn', 'melissa', 'toneladas', 'enva', 'concluye', 'paso', 'humanitaria', 'cuba', 'ayuda']","['Huracán Melissa : Venezuela envía ayuda humanitaria a Cuba y Jamaica', 'Huracán Melissa : Venezuela envía ayuda humanitaria a Cuba y Jamaica', 'Huracán Melissa : Venezuela envía ayuda humanitaria a Cuba y Jamaica']"
118,55,118_iaea_watchdog_accusing_suspends,"['iaea', 'watchdog', 'accusing', 'suspends', 'nuclear', 'snapback', 'obligations', 'failing', 'iran', 'congressmen']","['Iran president suspends cooperation with UN nuclear watchdog IAEA', 'Iran president suspends cooperation with UN nuclear watchdog IAEA', 'Iran president suspends cooperation with UN nuclear watchdog IAEA']"
119,55,119_palestina_empleados_palestinos_libre,"['palestina', 'empleados', 'palestinos', 'libre', 'heil', 'hitler', 'embajada', 'sparano', 'attentatori', 'juda']","['Asesinan a dos empleados de la embajada israelí en Estados Unidos |  Palestina libre es el nuevo  Heil Hitler  dijo Netanyahu | Página', 'Asesinan a dos empleados de la embajada israelí en Estados Unidos |  Palestina libre es el nuevo  Heil Hitler  dijo Netanyahu | Página', 'Asesinan a dos empleados de la embajada israelí en Estados Unidos |  Palestina libre es el nuevo  Heil Hitler  dijo Netanyahu | Página']"
120,55,120_saar_eu_stances_veldkamp,"['saar', 'eu', 'stances', 'veldkamp', 'betrayal', 'unlawful', 'beth', 'backup', 'implemented', 'sure']","['EU accused of  cruel and unlawful betrayal  of Palestinians over failure to confront Israel', 'EU accused of  cruel and unlawful betrayal  of Palestinians over failure to confront Israel | Israel - Gaza war', 'EU accused of  cruel and unlawful betrayal  of Palestinians over failure to confront Israel | Israel - Gaza war']"
121,55,121_izrael_libanin_skenart_napad,"['izrael', 'libanin', 'skenart', 'napad', 'kqij', 'izraeli', 'osmanit', 'konfliktin', 'angazhuar', 'prfshihet']","['Kovač : Vidjet ćemo je li Izrael kod Trumpa  kupio  zeleno svjetlo za napad na Iran', 'Kovač : Vidjet ćemo je li Izrael kod Trumpa  kupio  zeleno svjetlo za napad na Iran', 'Kovač : Vidjet ćemo je li Izrael kod Trumpa  kupio  zeleno svjetlo za napad na Iran']"
122,55,122_landslide_village_wipes_getting,"['landslide', 'village', 'wipes', 'getting', 'flattens', 'wiping', 'launching', 'counterattack', 'deserves', 'marra']","['A landslide in Sudan Darfur wipes out a village , killing more than 1 , 000 people', 'A landslide in Sudan Darfur wipes out a village , killing more than 1 , 000 people', 'A landslide in Sudan Darfur wipes out a village , killing more than 1 , 000 people']"
123,54,123_tougher_merz_sanctions_discuss,"['tougher', 'merz', 'sanctions', 'discuss', 'calls', 'support', 'amid', 'real', 'russia', 'proposals']","['Trump , Merz discuss Ukraine support amid calls for tougher sanctions on Russia', 'Trump , Merz discuss Ukraine support amid calls for tougher sanctions on Russia', 'Trump , Merz discuss Ukraine support amid calls for tougher sanctions on Russia']"
124,54,124_sudanda_knad_gney_bm,"['sudanda', 'knad', 'gney', 'bm', 'saldry', 'dzenlenen', 'ynelik', 'bmden', 'kentinde', 'kurdufan']","['Sudanda kreşe saldırı : 33 çocuk öldü', 'Sudanda kreşe saldırı : 33 çocuk öldü', 'Sudanda düzenlenen bombardımanda can kaybı yükseliyor']"
125,53,125_attending_trap_courts_arrested,"['attending', 'trap', 'courts', 'arrested', 'employers', 'strains', 'everyday', 'dodger', 'laborers', 'jumped']","['  A trap  - Asylum seekers arrested after attending US courts', '  A trap  - Asylum seekers arrested after attending US courts', '  A trap  - Asylum seekers arrested after attending US courts']"
126,53,126_uzbekistan_turkmenistan_central_cgtn,"['uzbekistan', 'turkmenistan', 'central', 'cgtn', 'asia', 'deepening', 'kazakhstan', 'kyrgyzstan', 'uzbek', 'division']","['CGTN : Second China - Central Asia Summit eyes a closer China - Central Asia community with a shared future', 'CGTN : Second China - Central Asia Summit eyes a closer China - Central Asia community with a shared future', 'CGTN : Second China - Central Asia Summit eyes a closer China - Central Asia community with a shared future']"
127,53,127_espaa_recortes_desarrollo_salarios,"['espaa', 'recortes', 'desarrollo', 'salarios', 'coaliga', 'pensiones', 'bruselas', 'autoridad', 'cuatro', 'realizaban']","['España se coaliga con cuatro países europeos para pedir a Bruselas más ayuda al desarrollo tras los recortes de Trump', 'España se coaliga con cuatro países europeos para pedir a Bruselas más ayuda al desarrollo tras los recortes de Trump', 'España se coaliga con cuatro países europeos para pedir a Bruselas más ayuda al desarrollo tras los recortes de Trump']"
128,53,128_italia_dialogo_cooperazione_il,"['italia', 'dialogo', 'cooperazione', 'il', 'califican', 'strumento', 'vicine', 'lasciato', 'revocare', 'aula']","['Ciriani in Aula :  Memorandum Italia - Israele da revocare ? Strumento di dialogo , vanno usati tutti i canali per la pace  ', 'Ciriani in Aula :  Memorandum Italia - Israele da revocare ? Strumento di dialogo , vanno usati tutti i canali per la pace  ', 'Ciriani in Aula :  Memorandum Italia - Israele da revocare ? Strumento di dialogo , vanno usati tutti i canali per la pace  ']"
129,53,129_terremoto_durgence_yuanes_myanmar,"['terremoto', 'durgence', 'yuanes', 'myanmar', 'proporcionar', 'sisme', 'emergencia', 'malsia', 'preocupaes', 'aprofundam']","['China proporcionará a Myanmar 100 millones de yuanes para ayuda humanitaria de emergencia tras terremoto', 'Pakistán envía ayuda humanitaria a Myanmar tras terremoto', 'Pakistán envía ayuda humanitaria a Myanmar tras terremoto']"
130,53,130_virginia_died_national_shot,"['virginia', 'died', 'national', 'shot', 'guard', 'members', 'one', 'has', 'two', 'afghan']","['Trump says one of the two West Virginia National Guard members shot by Afghan national has died', 'Trump says one of the two West Virginia National Guard members shot by Afghan national has died', 'Trump says one of the two West Virginia National Guard members shot by Afghan national has died']"
131,53,131_controlled_tourists_26_gunmen,"['controlled', 'tourists', '26', 'gunmen', 'kashmir', 'kill', 'least', 'indian', 'leaves', 'at']","['Gunmen kill at least 26 tourists in Indian - controlled Kashmir', 'Gunmen kill at least 26 tourists in Indian - controlled Kashmir', 'Gunmen kill at least 26 tourists in Indian - controlled Kashmir']"
132,52,132_meets_official_korean_leader,"['meets', 'official', 'korean', 'leader', 'top', 'north', 'russian', 'schedule', 'contacts', 'senior']","['Top Russian official meets North Korean leader', 'Top Russian official meets North Korean leader', 'Top Russian official meets North Korean leader']"
133,52,133_apartment_building_23_strike,"['apartment', 'building', '23', 'strike', 'kills', 'least', 'officials', 'residential', 'say', 'israeli']","['Israeli strike on Gaza apartment building kills at least 23 , officials say', 'Israeli strike on Gaza apartment building kills at least 23 , officials say', 'Israeli strike on Gaza apartment building kills at least 23 , officials say']"
134,52,134_election_myths_facts_impact,"['election', 'myths', 'facts', 'impact', 'migration', 'australia', 'hastie', 'differing', 'pauline', 'resurgence']","['Migration in Australia : facts , myths and election impact | Southern Cross', 'Migration in Australia : facts , myths and election impact | Southern Cross', 'Migration in Australia : facts , myths and election impact | Southern Cross']"
135,52,135_lets_supreme_revoking_revoke,"['lets', 'supreme', 'revoking', 'revoke', 'venue', 'status', 'courts', 'court', 'parole', 'legal']","['US Supreme Court lets Trump revoke  parole  status for migrants', 'US Supreme Court lets Trump revoke  parole  status for migrants', 'US Supreme Court lets Trump revoke  parole  status for migrants']"
136,52,136_coalition_willing_extorting_siding,"['coalition', 'willing', 'extorting', 'siding', 'mulls', 'betray', 'lunch', 'matiukha', 'favbet', 'such']","['A  coalition of the willing  mulls more aid for Ukraine and a possible armed force', 'A  coalition of the willing  mulls more aid for Ukraine and a possible armed force', 'A  coalition of the willing  mulls more aid for Ukraine and a possible armed force']"
137,52,137_suggre_lendemain_attendre_donnant,"['suggre', 'lendemain', 'attendre', 'donnant', 'discussions', 'russe', 'pourrait', 'jour', 'tre', 'dgts']","['Guerre en Ukraine : au lendemain des discussions à Paris , la Russie effectue de nouvelles frappes meurtrières', 'Guerre en Ukraine : au lendemain des discussions à Paris , la Russie effectue de nouvelles frappes meurtrières', 'Guerre en Ukraine : au lendemain des discussions à Paris , la Russie effectue de nouvelles frappes meurtrières']"
138,52,138_explaining_musk_want_agency,"['explaining', 'musk', 'want', 'agency', 'usaid', 'especially', 'extremely', 'uncertain', 'sesame', 'why']","['What is USAID ? Explaining the US foreign aid agency and why Trump and Musk want to end it', 'What is USAID ? Explaining the US foreign aid agency and why Trump and Musk want to end it', 'What is USAID ? Explaining the US foreign aid agency and why Trump and Musk want to end it']"
139,52,139_combatientes_bombardea_plena_bombardeo,"['combatientes', 'bombardea', 'plena', 'bombardeo', 'tregua', 'bombardeos', 'prorrogar', 'video', 'escuela', 'peru21tv']","['Israel bombardea a combatientes en Gaza en plena tregua', 'Israel bombardea a combatientes en Gaza en plena tregua', 'Israel bombardea a combatientes en Gaza en plena tregua']"
140,52,140_feeling_optimistic_good_envoy,"['feeling', 'optimistic', 'good', 'envoy', 'gza', 'everlasting', 'announcement', 'close', 'rush', 'credits']","['Trump envoy has  good feeling about Gaza ceasefire talks', 'Trump envoy has  good feeling about Gaza ceasefire talks', 'Trump envoy has  good feeling about Gaza ceasefire talks']"
141,51,141_health_kill_20_officials,"['health', 'kill', '20', 'officials', 'strikes', 'say', 'least', 'senior', 'policemen', 'employee']","['Israeli strikes kill at least 20 in Gaza , health officials say', 'Israeli strikes kill at least 20 in Gaza , health officials say', 'Israeli strikes kill at least 20 in Gaza , health officials say']"
142,51,142_processing_albanian_centres_expand,"['processing', 'albanian', 'centres', 'expand', 'use', 'approves', 'italy', 'plan', 'migrants', 'for']","['Italy approves plan to expand use of Albanian processing centres for migrants', 'Italy approves plan to expand use of Albanian processing centres for migrants', 'Italy approves plan to expand use of Albanian processing centres for migrants']"
143,51,143_foundation_teaspoon_distribution_delivery,"['foundation', 'teaspoon', 'distribution', 'delivery', 'cruelest', 'hungriest', 'consent', 'deregister', 'logo', 'repress']","['What is the Gaza Humanitarian Foundation ? Israel - backed aid group blames Hamas for attacking workers ; UN warns aid distribution is being militarised', 'Gaza Aid Chief : UN Undermining Efforts to Feed Civilians | The Jewish Press - JewishPress . com | David Israel | 6 Tammuz 5785 – Wednesday , July 2 , 2025', 'Gaza Aid Chief : UN Undermining Efforts to Feed Civilians | The Jewish Press - JewishPress . com | David Israel | 6 Tammuz 5785 – Wednesday , July 2 , 2025']"
144,51,144_druze_bedouin_sweida_tribes,"['druze', 'bedouin', 'sweida', 'tribes', 'syrian', 'clashes', 'suwayda', 'province', 'commit', 'predominantly']","['Syrian govt forces set to re - enter Sweida after renewed Druze - Bedouin clashes', 'Clashes in Sweida : Why are Druze , Bedouin , Israeli forces fighting in this Syrian city ? ', 'Clashes in Sweida : Why are Druze , Bedouin , Israeli forces fighting in this Syrian city ? ']"
145,51,145_shawesh_litmus_jowhar_hana,"['shawesh', 'litmus', 'jowhar', 'hana', 'goldenberg', 'kareem', 'tia', 'rubble', 'abu', 'assessing']","['Gaza massive destruction : Assessing the aftermath of the Israel - Hamas war | Abdel Kareem Hana & Tia Goldenberg', 'Gaza massive destruction : Assessing the aftermath of the Israel - Hamas war | Abdel Kareem Hana & Tia Goldenberg', 'Gaza massive destruction : Assessing the aftermath of the Israel - Hamas war | Abdel Kareem Hana & Tia Goldenberg']"
146,51,146_macron_early_speaks_french,"['macron', 'early', 'speaks', 'french', 'discusses', 'views', 'modi', 'frederiksen', 'emmanuel', 'efforts']","['PM Modi speaks to France Emmanuel Macron , discusses  efforts for an early end to Ukraine conflict  ', 'PM Modi speaks to France Emmanuel Macron , discusses  efforts for an early end to Ukraine conflict  ', 'PM Modi speaks to France Emmanuel Macron , discusses  efforts for an early end to Ukraine conflict  ']"
147,51,147_nhn_qun_ngi_bo,"['nhn', 'qun', 'ngi', 'bo', 'lhq', 'mng', 'hp', 'quc', 'dinh', 'lc']","['Hội đồng nhân quyền LHQ họp khẩn , mở điều tra về các vụ thảm sát ở Sudan', 'Vụ thảm sát tại Sudan : Hội đồng Nhân quyền LHQ họp khẩn', 'LHQ cảnh báo về tình hình nhân đạo xấu nghiêm trọng tại Sudan']"
148,51,148_nigeria_proccupations_nigria_essentielles,"['nigeria', 'proccupations', 'nigria', 'essentielles', 'cristianos', 'fermement', 'mae', 'soutenir', 'maiduguri', 'lies']","['Le MAE chinois appelle la Chine et le Nigeria à se soutenir fermement sur les questions liées à leurs préoccupations essentielles - Xinhua', 'Le MAE chinois appelle la Chine et le Nigeria à se soutenir fermement sur les questions liées à leurs préoccupations essentielles', 'Le MAE chinois appelle la Chine et le Nigeria à se soutenir fermement sur les questions liées à leurs préoccupations essentielles']"
149,51,149_restringida_mxico_migracin_migratorios,"['restringida', 'mxico', 'migracin', 'migratorios', 'crea', 'claridad', 'segunda', 'zona', 'existe', 'histricos']","['EU creará segunda zona militar restringida en la frontera con México para frenar la migración', '▷ EEUU crea segunda zona militar restringida en la frontera con México # 2May', '▷ EEUU crea segunda zona militar restringida en la frontera con México # 2May']"
150,51,150_fifth_cambodian_thai_enters,"['fifth', 'cambodian', 'thai', 'enters', 'malaysia', 'hold', 'iron', 'day', 'leaders', 'details']","['Cambodian and Thai leaders hold ceasefire talks in Malaysia as border violence enters fifth day', 'Cambodian and Thai leaders hold ceasefire talks in Malaysia as border violence enters fifth day', 'Cambodian and Thai leaders hold ceasefire talks in Malaysia as border violence enters fifth day']"
151,51,151_19_24_10_,"['19', '24', '10', '', '', '', '', '', '', '']","['تحذير أممي لإسرائيل وروسيا من إدراج قواتهما في قائمة الجهات المشتبه بارتكابها جرائم جنسية – اليوم 24', 'قمة استثمارية تجمع السعودية وأمريكا بواشنطن في 19 نوفمبر', 'بريطانيا تستضيف قمة مع قادة الاتحاد الأوروبي 19 مايو المقبل']"
152,50,152_israelul_umanitare_ajutoare_fia,"['israelul', 'umanitare', 'ajutoare', 'fia', 'israelului', 'pentru', 'acord', 'umanitar', 'ajutorului', 'intrarea']","['UE a ajuns la un acord cu Israelul privind îmbunătățirea situației umanitare din Fâșia Gaza , declară Kaja Kallas', 'UE anunță un acord cu Israelul pentru ajutoare umanitare în Gaza', 'UE anunță un acord cu Israelul pentru ajutoare umanitare în Gaza']"
153,50,153_lbano_cohetes_disparos_lanzamiento,"['lbano', 'cohetes', 'disparos', 'lanzamiento', 'territorio', 'intenso', 'israeles', 'ccg', 'finul', 'passando']","['Israel bombardea Líbano en respuesta a los disparos de cohetes contra su territorio', 'Israel bombardea Líbano en respuesta a los disparos de cohetes contra su territorio', 'Israel bombardea Líbano en respuesta a los disparos de cohetes contra su territorio']"
154,50,154_flotilla_rumbo_chilenas_sumud,"['flotilla', 'rumbo', 'chilenas', 'sumud', 'connacionales', 'optaron', 'parlamentari', 'viajaban', 'detenidas', 'pedido']","['México pide a Israel respetar derechos de connacionales en flotilla rumbo a Gaza', 'México pide a Israel respetar derechos de connacionales en flotilla rumbo a Gaza', 'México pide a Israel respetar derechos de connacionales en flotilla rumbo a Gaza']"
155,50,155_flights_tariff_turns_showdown,"['flights', 'tariff', 'turns', 'showdown', 'colombia', 'nbc', 'reversed', 'degrading', 'resume', 'away']","['Colombia turns away deportation flights from U . S ., officials say – NBC Connecticut', 'Deportation flights from US to Colombia resume following showdown – NBC New York', 'Deportation flights from US to Colombia resume following showdown – NBC New York']"
156,50,156_trumpas_hampir_ukraina_karius,"['trumpas', 'hampir', 'ukraina', 'karius', 'leido', 'dislokuoti', 'portlande', 'batasi', 'tapi', 'murka']","['Russia Tuduh Ukraina Serang Kediaman Putin , Trump Ikut Murka Meski Perdamaian Hampir Tercapai', 'Russia Tuduh Ukraina Serang Kediaman Putin , Trump Ikut Murka Meski Perdamaian Hampir Tercapai', 'Russia Tuduh Ukraina Serang Kediaman Putin , Trump Ikut Murka Meski Perdamaian Hampir Tercapai']"
157,50,157_water_insertion_ripple_adds,"['water', 'insertion', 'ripple', 'adds', 'dispute', 'waters', 'eco', 'further', 'bilawal', 'asia']","['China insertion into India - Pakistan waters dispute adds a further ripple in South Asia', 'China insertion into India - Pakistan waters dispute adds a further ripple in South Asia', 'China insertion into India - Pakistan waters dispute adds a further ripple in South Asia']"
158,50,158_ukrain_pr_sht_nj,"['ukrain', 'pr', 'sht', 'nj', 'nuk', 'luftn', 'thon', 'ukrainn', 'lufta', 'dhe']","['Rusia bombardoi një fabrikë amerikane në Ukrainë , Trump : Nuk jam aspak i lumtur ! Kam vendosur një afat dy javë për vendimin mbi luftën', 'Rusia bombardoi një fabrikë amerikane në Ukrainë , Trump : Nuk jam aspak i lumtur ! Kam vendosur një afat dy javë për vendimin mbi luftën', 'Rusia bombardoi një fabrikë amerikane në Ukrainë , Trump : Nuk jam aspak i lumtur ! Kam vendosur një afat dy javë për vendimin mbi luftën']"
159,50,159_tailandia_camboya_fracasar_recrudecen,"['tailandia', 'camboya', 'fracasar', 'recrudecen', 'combates', 'fronterizos', 'intento', 'fronterizo', 'malasia', 'desplazados']","['Tailandia y Camboya acuerdan un alto el fuego tras cinco días de combates', 'https://primicia.com.ve/mundo/tailandia-y-camboya-reanudaran-conversaciones-de-alto-el-fuego/', 'más de 500 mil desplazados por conflicto entre camboya y tailandia']"
160,50,160_bemoans_bad_signal_appeal,"['bemoans', 'bad', 'signal', 'appeal', 'volodymyr', 'crutches', 'eerily', 'hometown', 'rampage', 'zelenskyy']","['Russia - Ukraine war news : Volodymyr Zelenskyy bemoans  bad signal  in Russia , US peace talks after Donald Trump appeal', 'Russia - Ukraine war news : Volodymyr Zelenskyy bemoans  bad signal  in Russia , US peace talks after Donald Trump appeal', 'Russia - Ukraine war news : Volodymyr Zelenskyy bemoans  bad signal  in Russia , US peace talks after Donald Trump appeal']"
161,49,161_militaires_processus_voque_srieux,"['militaires', 'processus', 'voque', 'srieux', 'depuis', 'russie', 'ils', 'mensongres', 'prvoyait', 'rvlent']","['Guerre en Ukraine :  Des accusations mensongères du gouvernement des États - Unis … Des militaires cubains aident - ils la Russie ? ', 'Guerre en Ukraine :  Des accusations mensongères du gouvernement des États - Unis … Des militaires cubains aident - ils la Russie ? ', 'Guerre en Ukraine :  Des accusations mensongères du gouvernement des États - Unis … Des militaires cubains aident - ils la Russie ? ']"
162,49,162_2023_used_weapon_sexual,"['2023', 'used', 'weapon', 'sexual', 'attacks', 'violence', 'report', 'hamas', 'israeli', 'genocidal']","['Hamas used sexual violence as  weapon of war  in 2023 attacks – Israeli report', 'Hamas used sexual violence as  weapon of war  in 2023 attacks – Israeli report', 'Hamas used sexual violence as  weapon of war  in 2023 attacks – Israeli report']"
163,49,163_tough_words_dont_lived,"['tough', 'words', 'dont', 'lived', 'manipulating', 'spoken', 'speak', 'blaming', 'igniting', 'kneel']","['Russia - Ukraine war : Trump talks tough , but tough words dont stop Putin', 'Russia - Ukraine war : Trump talks tough , but tough words dont stop Putin', 'Russia - Ukraine war : Trump talks tough , but tough words dont stop Putin']"
164,49,164_pay_illegally_itll_country,"['pay', 'illegally', 'itll', 'country', 'leave', 'immigrants', 'administration', '000', 'it', 'will']","['Trump administration says it will pay immigrants in the US illegally $1 , 000 to leave the country', 'Trump administration says it will pay immigrants in the US illegally $1 , 000 to leave the country', 'Trump administration says it will pay immigrants in the US illegally $1 , 000 to leave the country']"
165,49,165_sweeping_settlement_overhaul_unveils,"['sweeping', 'settlement', 'overhaul', 'unveils', 'path', '20', 'year', 'uk', 'asylum', 'setting']","['UK unveils sweeping asylum overhaul with 20 - year path to settlement', 'UK unveils sweeping asylum overhaul with 20 - year path to settlement', 'UK unveils sweeping asylum overhaul with 20 - year path to settlement']"
166,49,166_advisory_bangladesh_demographics_jnu,"['advisory', 'bangladesh', 'demographics', 'jnu', 'reshaping', 'unrest', 'travel', 'ncp', 'naik', 'zakir']","['Illegal Immigration From Bangladesh , Myanmar Reshaping Delhi Demographics , Politics : JNU Report', 'Illegal immigration from Bangladesh , Myanmar reshaping Delhi demographics , politics : JNU report', 'Illegal immigration from Bangladesh , Myanmar reshaping Delhi demographics , politics : JNU report']"
167,49,167_30_agrees_day_hang,"['30', 'agrees', 'day', 'hang', 'rope', 'proposal', 'intel', 'anymore', 'restores', 'giving']","['Ukraine Agrees To US Proposal For 30 - Day Ceasefire With Russia', 'Ukraine Agrees To US Proposal For 30 - Day Ceasefire With Russia', 'Ukraine Agrees To US Proposal For 30 - Day Ceasefire With Russia']"
168,48,168_asilo_belice_solicitantes_vigencia,"['asilo', 'belice', 'solicitantes', 'vigencia', 'seguro', 'reglas', 'inmigracin', 'entran', 'buen', 'pendientes']","['Belice aceptará solicitantes de asilo enviados por Estados Unidos bajo un acuerdo de tercer país seguro', 'Belice firma acuerdo para recibir a solicitantes de asilo en Estados Unidos como  tercer país seguro  | Noticias Univision Inmigración', 'Belice firma acuerdo para recibir a solicitantes de asilo en Estados Unidos como  tercer país seguro  | Noticias Univision Inmigración']"
169,48,169_fta_relaunched_crypto_duress,"['fta', 'relaunched', 'crypto', 'duress', 'breather', 'kaja', 'kallas', 'eu', 'upsc', 'sides']","['India - UK FTA talks in process of being relaunched , both sides committed to taking it forward : MEA', 'India - UK FTA talks in process of being relaunched , both sides committed to taking it forward : MEA', 'India - UK FTA talks in process of being relaunched , both sides committed to taking it forward : MEA']"
170,48,170_poutine_mardi_voquer_avoirs,"['poutine', 'mardi', 'voquer', 'avoirs', 'partage', 'rendez', 'compltement', 'fou', 'ont', 'devenu']","['Guerre en Ukraine . Trump et Poutine ont rendez - vous mardi pour évoquer le partage des avoirs', 'Guerre en Ukraine . Trump et Poutine ont rendez - vous mardi pour évoquer le partage des avoirs', 'Guerre en Ukraine . Trump et Poutine ont rendez - vous mardi pour évoquer le partage des avoirs']"
171,48,171_drawn_process_sees_kremlin,"['drawn', 'process', 'sees', 'kremlin', 'official', 'out', 'efforts', 'end', 'views', 'plight']","['Kremlin official says Russia sees efforts to end Ukraine war as a drawn - out process', 'A Kremlin official says Russia sees efforts to end Ukraine war as a drawn - out process', 'A Kremlin official says Russia sees efforts to end Ukraine war as a drawn - out process']"
172,48,172_shipment_arrived_separatists_bombs,"['shipment', 'arrived', 'separatists', 'bombs', 'weapons', 'yemen', 'uae', 'arabia', 'saudi', 'that']","['Saudi Arabia bombs Yemen over shipment of weapons for separatists that arrived from UAE', 'Saudi Arabia bombs Yemen over shipment of weapons for separatists that arrived from UAE', 'Saudi Arabia bombs Yemen over shipment of weapons for separatists that arrived from UAE']"
173,48,173_reverse_perils_venezuelans_slows,"['reverse', 'perils', 'venezuelans', 'slows', 'pushed', 'effort', 'reverses', 'dreams', 'dream', 'migration']","['Venezuelans in  reverse migration  pushed to new perils in effort to return home', 'Venezuelans in  reverse migration  pushed to new perils in effort to return home', 'Venezuelans in  reverse migration  pushed to new perils in effort to return home']"
174,47,174_irn_iranes_cristianismo_owner,"['irn', 'iranes', 'cristianismo', 'owner', '170m', 'conversos', 'siendo', 'linked', 'seized', 'temor']","['Iran Demands $170M From Owner Of Seized Israel - Linked Ship', 'Iran Demands $170M From Owner Of Seized Israel - Linked Ship', 'Iran Demands $170M From Owner of Seized Israel - linked Ship']"
175,47,175_prisons_gang_venezuelan_salvador,"['prisons', 'gang', 'venezuelan', 'salvador', 'send', 'members', 'sue', 'held', 'wife', 'wartime']","['US in talks to send Venezuelan gang members to El Salvador prisons', 'US in talks to send Venezuelan gang members to El Salvador prisons', 'US in talks to send Venezuelan gang members to El Salvador prisons']"
176,47,176_doctor_drone_kills_53,"['doctor', 'drone', 'kills', '53', 'market', 'paramilitary', 'kordofan', 'sudanese', 'darfur', 'strike']","['Sudanese paramilitary drone attack kills at least 53 in Darfur , doctor group says', 'Sudanese paramilitary drone attack kills at least 53 in Darfur , doctor group says', 'Sudanese paramilitary drone attack kills at least 53 in Darfur , doctor group says']"
177,47,177_ticket_earn_golden_stay,"['ticket', 'earn', 'golden', 'stay', 'right', 'refugees', 'starmer', 'have', 'no', 'will']","['Starmer : No  golden ticket  to united kingdom as refugees will have to earn right to stay', 'Starmer : No  golden ticket  to united kingdom as refugees will have to earn right to stay', 'Starmer : No  golden ticket  to united kingdom as refugees will have to earn right to stay']"
178,47,178_troubled_disperses_resort_drops,"['troubled', 'disperses', 'resort', 'drops', 'far', 'them', 'stranded', 'mexico', 'left', 'border']","['Mexico drops migrants in troubled resort as it disperses them far from US border', 'Mexico drops migrants in troubled resort as it disperses them far from US border', 'Mexico drops migrants in troubled resort as it disperses them far from US border']"
179,47,179_reignite_wider_create_escalation,"['reignite', 'wider', 'create', 'escalation', 'threatens', 'yemen', 'civil', 'tensions', 'widen', 'gulf']","['Escalation in Yemen threatens to reignite civil war and create wider tensions', 'Escalation in Yemen threatens to reignite civil war and create wider tensions', 'Escalation in Yemen threatens to reignite civil war and create wider tensions']"
180,47,180_represents_enlargement_blowout_equal,"['represents', 'enlargement', 'blowout', 'equal', 'unfolded', 'minerals', 'quick', 'breakthrough', 'reaching', 'oval']","['Zelenskyy says minerals deal with US represents equal partnership', 'Zelenskyy says minerals deal with US represents equal partnership', 'Zelenskyy says minerals deal with US represents equal partnership']"
181,47,181_delays_350b_assures_summons,"['delays', '350b', 'assures', 'summons', 'pause', 'confrontation', 'freezes', 'ukrainians', 'providing', 'wake']","['Fact Check : Trump falsely claimed US spent $350B on military aid to Ukraine', 'Fact Check : Trump falsely claimed US spent $350B on military aid to Ukraine', 'Fact Check : Trump falsely claimed US spent $350B on military aid to Ukraine']"
182,47,182_reclayed_platypus_3dm_18,"['reclayed', 'platypus', '3dm', '18', '40', '24', '2024', '', '', '']","['العراق يعرض 18 مبادرة للتعاون أمام القمة العربية ويتبرع ب 40 مليون دولار لغزة ولبنان', 'العراق يعرض 18 مبادرة للتعاون أمام القمة العربية ويتبرع ب 40 مليون دولار لغزة ولبنان', 'Platypus Reclayed官方版 - Platypus Reclayed官网版下载安装 _ 3DM单机']"
183,46,183_tourists_gunmen_kashmir_police,"['tourists', 'gunmen', 'kashmir', 'police', 'controlled', 'resort', 'indian', '20', 'kill', 'least']","['Indian police say gunmen kill at least 20 tourists in Kashmir', 'Indian police say gunmen kill at least 20 tourists in Kashmir', 'Indian police say gunmen kill at least 20 tourists in Kashmir']"
184,46,184_concesiones_duradero_ucrania_dialogar,"['concesiones', 'duradero', 'ucrania', 'dialogar', 'presiona', 'enviado', 'vicepresidente', 'significativas', 'afirma', 'submarinos']","['Vicepresidente de EEUU afirma que Rusia hizo concesiones significativas a Trump sobre Ucrania', 'Vicepresidente de EEUU afirma que Rusia hizo concesiones significativas a Trump sobre Ucrania', 'Vicepresidente de EEUU afirma que Rusia hizo concesiones significativas a Trump sobre Ucrania']"
185,46,185_defeating_fully_challenge_highlight,"['defeating', 'fully', 'challenge', 'highlight', 'terror', 'killing', 'groups', 'american', 'troops', 'syria']","['Killing of American troops in Syria highlight challenge of fully defeating terror groups', 'Killing of American troops in Syria highlight challenge of fully defeating terror groups', 'Killing of American troops in Syria highlight challenge of fully defeating terror groups']"
186,46,186_farage_nigel_reform_riots,"['farage', 'nigel', 'reform', 'riots', 'labour', 'mass', 'repeal', 'sweep', 'unveils', 'britain']","['Nigel Farage says Reform WILL deport Afghan women back to the Taliban', 'Nigel Farage says Reform WILL deport Afghan women back to the Taliban', 'Nigel Farage plan to deport hundreds of thousands of legal migrants']"
187,46,187_israelis_bus_carrying_occupied,"['israelis', 'bus', 'carrying', 'occupied', 'shooting', 'bank', 'kills', 'west', 'fatally', 'transporting']","['Shooting attack on a bus carrying Israelis in the occupied West Bank kills 3', 'Shooting attack on a bus carrying Israelis in the occupied West Bank kills 3', 'Shooting attack on a bus carrying Israelis in the occupied West Bank kills 3']"
188,46,188_criticises_hostile_korea_kim,"['criticises', 'hostile', 'korea', 'kim', 'monitoring', 'north', 'japan', 'partnership', 'south', 'group']","['North Korea Kim criticises US - South Korea - Japan partnership', 'North Korea Kim criticises US - South Korea - Japan partnership', 'North Korea Kim criticises US - South Korea - Japan partnership']"
189,45,189_jaishankar_eam_wishes_multilateralism,"['jaishankar', 'eam', 'wishes', 'multilateralism', 'discusses', 'takht', 'ravanchi', 'counterparts', 'meets', 'sidelines']","['EAM Jaishankar joins EU Foreign Ministers in New York , discusses multilateralism , Ukraine , Gaza', 'EAM Jaishankar joins EU Foreign Ministers in New York , discusses multilateralism , Ukraine , Gaza', 'EAM Jaishankar joins EU Foreign Ministers in New York , discusses multilateralism , Ukraine , Gaza']"
190,45,190_desak_ke_bantuan_dunia,"['desak', 'ke', 'bantuan', 'dunia', 'perang', 'perjanjian', 'jurnalis', 'menolak', 'kembali', 'saat']","['ICRC desak Israel - Hamas capai perjanjian benarkan bantuan masuk ke Gaza', 'ICRC desak Israel - Hamas capai perjanjian benarkan bantuan masuk ke Gaza', 'ICRC desak Israel - Hamas capai perjanjian benarkan bantuan masuk ke Gaza']"
191,45,191_sick_park_wounded_prisoners,"['sick', 'park', 'wounded', 'prisoners', 'compares', 'mercenary', 'bristles', 'kids', 'exchange', 'sentences']","['Russia and Ukraine exchange sick and wounded prisoners of war', 'Russia and Ukraine exchange sick and wounded prisoners of war', 'Russia and Ukraine exchange sick and wounded prisoners of war']"
192,45,192_klfld_az_index_ukrn,"['klfld', 'az', 'index', 'ukrn', 'oroszorszg', 'orosz', 'bke', 'ukrajnban', 'nem', 'szerint']","['Index - Külföld - Három út , egy kihívás : svéd , norvég és dán válaszok az ukrán menekültkérdésre', 'Index - Külföld - Oroszország háborúja Ukrajnában – az Index pénteki hírösszefoglalója', 'Index - Külföld - Oroszország háborúja Ukrajnában – az Index pénteki hírösszefoglalója']"
193,45,193_himself_usaid_shut_contracts,"['himself', 'usaid', 'shut', 'contracts', 'canceled', 'programs', 'happened', 'down', 'weekend', 'gift']","['What is USAID ? Can Trump shut down USAID by himself ? ', 'What is USAID ? Can Trump shut down USAID by himself ? ', 'What is USAID ? Can Trump shut down USAID by himself ? ']"
194,45,194_troop_ammunition_working_keir,"['troop', 'ammunition', 'working', 'keir', 'starmer', 'deployment', 'strongest', 'aiding', 'reassurance', 'generation']","['UK , France Working With Ukraine On Plan To End Fighting With Russia : Keir Starmer', 'UK , France Working With Ukraine On Plan To End Fighting With Russia : Keir Starmer', 'UK , France Working With Ukraine On Plan To End Fighting With Russia : Keir Starmer']"
195,45,195_beirut_ended_reminder_vowing,"['beirut', 'ended', 'reminder', 'vowing', 'riddled', 'bullet', 'hezbollah', 'time', 'severe', 'intensify']","['Israel strikes Beirut for the first time since a ceasefire ended the latest Israel - Hezbollah war', 'Israel strikes Beirut for the first time since a ceasefire ended the latest Israel - Hezbollah war', 'Israel strikes Beirut for the first time since a ceasefire ended the latest Israel - Hezbollah war']"
196,45,196_humanitria_ajuda_crianas_eua,"['humanitria', 'ajuda', 'crianas', 'eua', 'em', 'diz', 'resgatar', 'cruzam', 'egpcia', 'rumo']","['Reino Unido anuncia plano de ajuda humanitária e retirada de crianças de Gaza', 'Israel apoia plano dos EUA para concentrar ajuda humanitária em Gaza em fundao privada , diz chanceler', 'Israel apoia plano dos EUA para concentrar ajuda humanitária em Gaza em fundao privada , diz chanceler']"
197,45,197_doha_qatar_gross_violation,"['doha', 'qatar', 'gross', 'violation', 'condemns', 'aggressions', 'underscores', 'emir', 'occupation', 'condemn']","['OIC Secretary - General at the Arab - Islamic Summit in Doha : The Israeli Aggression against Qatar Is an Extension of the Occupation Crimes against Palestine ; We Call for Israel to be held Accountable and for an End to Its Dangerous Aggressions', 'OIC Secretary - General at the Arab - Islamic Summit in Doha : The Israeli Aggression against Qatar Is an Extension of the Occupation Crimes against Palestine ; We Call for Israel to be held Accountable and for an End to Its Dangerous Aggressions', 'OIC Secretary - General at the Arab - Islamic Summit in Doha : The Israeli Aggression against Qatar Is an Extension of the Occupation Crimes against Palestine ; We Call for Israel to be held Accountable and for an End to Its Dangerous Aggressions']"
198,45,198_biblical_scenarios_architecture_penny,"['biblical', 'scenarios', 'architecture', 'penny', 'khamenei', 'iran', 'documentaries', 'defensive', 'slotkin', 'globalists']","['Two biblical signs the world has entered the end of days as US bombs Iran', 'Two biblical signs the world has entered the end of days as US bombs Iran', 'Two biblical signs the world has entered the end of days as US bombs Iran']"
199,45,199_sought_replace_ghf_controversial,"['sought', 'replace', 'ghf', 'controversial', 'mulls', 'minerals', 'fortune', 'would', 'awaits', 'mineral']","['US mulls Gaza aid plan that would replace controversial GHF aid operation', 'US mulls Gaza aid plan that would replace controversial GHF aid operation', 'US mulls Gaza aid plan that would replace controversial GHF aid operation']"
200,44,200_ingratitude_geneva_mcguinty_seriou,"['ingratitude', 'geneva', 'mcguinty', 'seriou', 'contact', 'antalya', 'brokered', 'productive', 'accepts', 'hail']","['Trump Accuses Ukraine of Ingratitude As Officials Meet in Geneva on US Peace Plan', 'Trump Accuses Ukraine of Ingratitude As Officials Meet in Geneva on US Peace Plan', 'Trump Accuses Ukraine of Ingratitude As Officials Meet in Geneva on US Peace Plan']"
201,44,201_unconditionally_kim_unconditional_invariable,"['unconditionally', 'kim', 'unconditional', 'invariable', 'north', 'kcna', 'rewards', 'jong', 'korea', 'informed']","['North Korea Kim vows to  unconditionally  support Russia in war against Ukraine', 'North Korea Kim vows to  unconditionally  support Russia in war against Ukraine', 'North Korea Kim vows to  unconditionally  support Russia in war against Ukraine']"
202,44,202_port_reopening_swathes_blackouts,"['port', 'reopening', 'swathes', 'blackouts', 'conducts', 'drone', 'unleashes', 'wide', 'airport', 'khartoum']","['Sudan RSF conducts first drone attack on Port Sudan , says army', 'Sudan RSF conducts drone attack on Port Sudan , army says', 'Port Sudan hit by drone attack']"
203,44,203_partenariat_stratgique_liran_russie,"['partenariat', 'stratgique', 'liran', 'russie', 'accord', 'signent', 'attendue', 'stabilit', 'essentiel', 'renforcent']","['La Russie et lIran signent un accord de partenariat stratégique', 'La Russie et lIran signent un accord de partenariat stratégique', 'La Russie et lIran signent un accord de partenariat stratégique']"
204,44,204_restart_watchdog_path_seeking,"['restart', 'watchdog', 'path', 'seeking', 'nuclear', 'agreement', 'sign', 'co', 'cooperation', 'iran']","['Iran and nuclear watchdog sign agreement seeking path to restart cooperation', 'Iran and nuclear watchdog sign agreement seeking path to restart cooperation', 'Iran and nuclear watchdog sign agreement seeking path to restart cooperation']"
205,44,205_vietnam_substantive_vietnamplus_veterans,"['vietnam', 'substantive', 'vietnamplus', 'veterans', 'nurture', 'dialogues', 'movies', '50th', '50', 'beefing']","['Vietnam – Germany : 50 years of substantive cooperation | Vietnam+ ( VietnamPlus ) ', 'Vietnam – Germany : 50 years of substantive cooperation | Vietnam+ ( VietnamPlus ) ', 'Vietnam – Germany : 50 years of substantive cooperation | Vietnam+ ( VietnamPlus ) ']"
206,44,206_weekly_update_mexico_watch,"['weekly', 'update', 'mexico', 'watch', 'empty', 'overwhelmed', 'geostrategy', 'corporate', 'transformed', 'pirate']","['Weekly U . S .- Mexico Border Update : Massive funding bill , Alien Enemies Act , military missions , Venezuela TPS', 'How Trump secured nation in first 100 days after Biden  unsecured border on purpose  – World Tribune : U . S . Politics and Culture , Geostrategy , China , North Korea , Corporate Watch , Media Watch', 'How Trump secured nation in first 100 days after Biden  unsecured border on purpose  – World Tribune : U . S . Politics and Culture , Geostrategy , China , North Korea , Corporate Watch , Media Watch']"
207,44,207_iranians_tehran_100_deport,"['iranians', 'tehran', '100', 'deport', 'over', 'deal', 'with', 'us', 'in', 'to']","['US To Deport Over 100 Iranians In Deal With Tehran', 'US To Deport Over 100 Iranians In Deal With Tehran', 'US To Deport Over 100 Iranians In Deal With Tehran']"
208,44,208_earn_ticket_golden_stay,"['earn', 'ticket', 'golden', 'stay', 'right', 'refugees', 'starmer', 'have', 'no', 'will']","['Starmer : No  golden ticket  to united kingdom as refugees will have to earn right to stay', 'Starmer : No  golden ticket  to united kingdom as refugees will have to earn right to stay', 'Starmer : No  golden ticket  to united kingdom as refugees will have to earn right to stay']"
209,44,209_png_grail_genuinely_candace,"['png', 'grail', 'genuinely', 'candace', 'owens', 'australia', 'holy', 'barrow', 'loses', 'defence']","['  Holy grail : Australia and PNG to sign defence treaty', '  Holy grail : Australia and PNG to sign defence treaty', '  Holy grail : Australia and PNG to sign defence treaty']"
210,44,210_voluntary_honduras_sends_back,"['voluntary', 'honduras', 'sends', 'back', 'colombia', 'first', 'deportation', 'migrants', 'regardless', 'receive']","['US sends migrants back to Honduras and Colombia in first voluntary deportation', 'US sends migrants back to Honduras and Colombia in first voluntary deportation', 'US sends migrants back to Honduras and Colombia in first voluntary deportation']"
211,44,211_alongside_numbers_beijing_significant,"['alongside', 'numbers', 'beijing', 'significant', 'claim', 'rejects', 'chinese', 'troops', 'fighting', 'are']","['Beijing rejects Ukraine claim significant numbers of Chinese troops are fighting alongside Russia', 'Beijing rejects Ukraine claim significant numbers of Chinese troops are fighting alongside Russia', 'Beijing rejects Ukraine claim significant numbers of Chinese troops are fighting alongside Russia']"
212,44,212_baghdad_delivery_present_postponed,"['baghdad', 'delivery', 'present', 'postponed', 'eight', 'reject', 'skip', 'rejection', 'council', 'members']","['Arab Summit in Baghdad calls for urgent aid delivery to Gaza , condemns Israeli attacks on Syria', 'Arab Summit in Baghdad calls for urgent aid delivery to Gaza , condemns Israeli attacks on Syria', 'Arab Summit in Baghdad calls for urgent aid delivery to Gaza , condemns Israeli attacks on Syria']"
213,43,213_ethiopia_significantly_abiy_ghana,"['ethiopia', 'significantly', 'abiy', 'ghana', 'ali', 'counterpart', 'guyana', 'modi', 'showcases', 'ethiopian']","['PM Modi invites Ethiopian counterpart Abiy Ahmed Ali to AI Impact Summit , BRICS meet in India', 'PM Modi invites Ethiopian counterpart Abiy Ahmed Ali to AI Impact Summit , BRICS meet in India', 'PM Modi invites Ethiopian counterpart Abiy Ahmed Ali to AI Impact Summit , BRICS meet in India']"
214,43,214_answer_shifts_timeline_territorial,"['answer', 'shifts', 'timeline', 'territorial', 'budapest', 'history', 'translate', 'harbor', 'continuation', '107']","['A timeline of territorial shifts in Russia war on Ukraine', 'A timeline of territorial shifts in Russia war on Ukraine', 'A timeline of territorial shifts in Russia war on Ukraine']"
215,43,215_trkiye_goodness_cease_erdogan,"['trkiye', 'goodness', 'cease', 'erdogan', 'novinite', 'evacuates', 'erdoan', 'turkish', 'match', 'unloading']","['Türkiye 15th Gaza Goodness Ship delivers vital aid to Gaza', 'Unloading of Türkiye 17th  Goodness Ship  for Gaza completed', 'Unloading of Türkiye 17th  Goodness Ship  for Gaza completed']"
216,43,216_timeline_diwas_spilling_vijay,"['timeline', 'diwas', 'spilling', 'vijay', 'forged', 'took', 'shortest', 'history', 'combattimenti', 'combined']","['Vijay Diwas : The 1971 Pakistan war that forged India – Russia ties', 'Vijay Diwas : The 1971 Pakistan war that forged India – Russia ties', 'Vijay Diwas : The 1971 Pakistan war that forged India – Russia ties']"
217,43,217_tariffs_nicest_looking_guy,"['tariffs', 'nicest', 'looking', 'guy', 'levies', 'bite', 'crude', 'cent', 'autonomy', 'geopolitics']","['Is 50 per cent Trump tariffs testing India resolve ? US tariffs India , Quad , India US trade , Russian crude , Indo - Pacific , India strategic autonomy , geopolitics', 'Is 50 per cent Trump tariffs testing India resolve ? US tariffs India , Quad , India US trade , Russian crude , Indo - Pacific , India strategic autonomy , geopolitics', 'Is 50 per cent Trump tariffs testing India resolve ? US tariffs India , Quad , India US trade , Russian crude , Indo - Pacific , India strategic autonomy , geopolitics']"
218,43,218_six_hits_rocket_lebanon,"['six', 'hits', 'rocket', 'lebanon', 'back', 'arala', 'orleanstaki', 'abdli', 'orleans', 'mslmanlar']","['Six killed as Israel hits back at Lebanon after rocket attack', 'Six killed as Israel hits back at Lebanon after rocket attack', 'Six killed as Israel hits back at Lebanon after rocket attack']"
219,43,219_citizenship_germany_controls_prolong,"['citizenship', 'germany', 'controls', 'prolong', 'strict', 'clampdown', 'restrict', 'afd', 'reunions', 'vacancy']","['Germany to restrict family reunions , toughen citizenship rules', 'Will Germany Strict Immigration Rules Impact Indians ? Citizenship Criteria To Curbs Explained', 'Will Germany Strict Immigration Rules Impact Indians ? Citizenship Criteria To Curbs Explained']"
220,43,220_fixed_scheme_numbers_secretary,"['fixed', 'scheme', 'numbers', 'secretary', 'home', 'return', 'not', 'migrant', 'france', 'standard']","['France migrant return scheme numbers  not fixed , says Home Secretary', 'France migrant return scheme numbers  not fixed , says Home Secretary', 'France migrant return scheme numbers  not fixed , says Home Secretary']"
221,43,221_muslim_hague_supporter_seventy,"['muslim', 'hague', 'supporter', 'seventy', 'recognition', 'emotional', 'poll', 'recorder', 'overwhelmingly', 'frustration']","['Lammy rebuke of Israel marks turning point after weeks of growing frustration | Foreign policy', 'North American Muslim delegation visits Israel , signs Jewish – Muslim reconciliation de', 'North American Muslim delegation visits Israel , signs Jewish – Muslim reconciliation de']"
222,43,222_expanded_75_crossings_drop,"['expanded', '75', 'crossings', 'drop', 'channel', 'could', 'report', 'france', 'by', 'kingdom']","['Channel crossings could drop by 75 % with expanded united kingdom - France deal – report', 'Channel crossings could drop by 75 % with expanded united kingdom - France deal – report', 'Channel crossings could drop by 75 % with expanded united kingdom - France deal – report']"
223,43,223_remove_temporarily_honduran_immigrant,"['remove', 'temporarily', 'honduran', 'immigrant', 'blocks', 'effort', 'guatemalan', 'dozens', 'judge', 'children']","['Judge temporarily blocks US effort to remove dozens of immigrant Guatemalan and Honduran children', 'Judge temporarily blocks US effort to remove dozens of immigrant Guatemalan and Honduran children', 'Judge temporarily blocks US effort to remove dozens of immigrant Guatemalan and Honduran children']"
224,42,224_administracija_jav_ukrainiei_trumpo,"['administracija', 'jav', 'ukrainiei', 'trumpo', 'iniasklaida', 'deportavo', 'iraniei', 'planus', 'deportuoti', 'ne']","['JAV žiniasklaida : D . Trumpo administracija rengia planus ukrainiečių deportacijai', 'JAV žiniasklaida : D . Trumpo administracija ruošiasi deportuoti šimtus tūkstančių ukrainiečių', 'JAV žiniasklaida : D . Trumpo administracija ruošiasi deportuoti šimtus tūkstančių ukrainiečių']"
225,42,225_68_1st_voluntary_sent,"['68', '1st', 'voluntary', 'sent', 'flight', 'honduras', 'colombia', 'deportation', '105', 'wjmx']","['68 Migrants Sent To Honduras , Colombia In 1st Voluntary Deportation Flight', '68 Migrants Sent To Honduras , Colombia In 1st Voluntary Deportation Flight', '68 Migrants Sent To Honduras , Colombia In 1st Voluntary Deportation Flight']"
226,42,226_hospital_periodistas_nasser_israeles,"['hospital', 'periodistas', 'nasser', 'israeles', 'jornalistas', 'periodista', 'ataque', 'ataques', 'matan', 'personas']","['Dos ataques israelíes contra el hospital Nasser en Gaza matan al menos a 20 personas , entre ellas cinco periodistas', 'Periodistas muertos en ataque israelí a hospital en Gaza', 'Periodistas muertos en ataque israelí a hospital en Gaza']"
227,42,227_russians_alongside_number_significant,"['russians', 'alongside', 'number', 'significant', 'claim', 'rejects', 'troops', 'fighting', 'amount', 'macau']","['China rejects claim  significant  number of troops fighting alongside Russians', 'China rejects claim  significant  number of troops fighting alongside Russians', 'China rejects claim  significant  number of troops fighting alongside Russians']"
228,42,228_intolerant_yousaf_scotland_becoming,"['intolerant', 'yousaf', 'scotland', 'becoming', 'debate', 'warns', 'more', 'immigration', 'amid', '']","['Scotland becoming more intolerant amid immigration debate , warns Yousaf', 'Scotland becoming more intolerant amid immigration debate , warns Yousaf', 'Scotland becoming more intolerant amid immigration debate , warns Yousaf']"
229,42,229_negotiate_maximum_carney_insistence,"['negotiate', 'maximum', 'carney', 'insistence', 'timely', 'anchorage', 'place', 'dublin', 'neutral', 'put']","['Zelenskyy says Ukraine willing to negotiate with Russia if ceasefire put in place', 'Zelenskyy says Ukraine willing to negotiate with Russia if ceasefire put in place', 'Zelenskyy says Ukraine willing to negotiate with Russia if ceasefire put in place']"
230,42,230_denmark_shake_looks_system,"['denmark', 'shake', 'looks', 'system', 'antoni', 'stringent', 'lallican', 'copy', 'photographe', 'photographes']","['UK looks to Denmark to shake up immigration system', 'UK looks to Denmark to shake up immigration system', 'UK looks to Denmark to shake up immigration system']"
231,42,231_brighter_nigeria_tanzania_joining,"['brighter', 'nigeria', 'tanzania', 'joining', 'align', 'hands', 'initiatives', 'devt', '48bn', 'exported']","['China and Nigeria joining hands for a brighter future', 'China and Nigeria Joining Hands for a Brighter Future - Tanzania News Reports', 'China and Nigeria Joining Hands for a Brighter Future - Tanzania News Reports']"
232,42,232_armoured_vehicles_2b_package,"['armoured', 'vehicles', '2b', 'package', 'part', 'drones', 'canada', 'mln', 'cad', 'prosthetics']","['Drones , armoured vehicles part of Canada $2B military aid package for Ukraine', 'Drones , armoured vehicles part of Canada $2B military aid package for Ukraine', 'Drones , armoured vehicles part of Canada $2B military aid package for Ukraine']"
233,42,233_cyclone_ditwah_sri_lanka,"['cyclone', 'ditwah', 'sri', 'lanka', 'lankan', 'sabry', 'template', 'barbs', 'assistance', 'provides']","['Cyclone Ditwah : US provides immediate USD 2 million emergency assistance to Sri Lanka', 'Cyclone Ditwah : India ramps up aid to Sri Lanka', 'Cyclone Ditwah : India ramps up aid to Sri Lanka']"
234,42,234_mauritius_mahasagar_680_pacts,"['mauritius', 'mahasagar', '680', 'pacts', 'enhanced', 'ramful', 'maldives', 'ink', 'vision', 'ior']","['India , Mauritius ink pacts on trade and security , Modi unveils MAHASAGAR vision', 'India - Mauritius Partnership : भविष्य की ओर बढ़ती भारत - मॉरीशस साझेदारी', 'India - Mauritius Partnership : भविष्य की ओर बढ़ती भारत - मॉरीशस साझेदारी']"
235,42,235_asif_khawaja_bla_balochistan,"['asif', 'khawaja', 'bla', 'balochistan', 'ttp', 'dirty', 'naval', 'audience', 'acres', 'wi']","['Khawaja Asif Pakistan India Taliban , भारत हमें दो फ्रंट पर उलझाए रखना चाहता है ... पाकिस्तानी रक्षा मंत्री का डर आ गया सामने , बताया कैसे घिर रहा पाकिस्तान - india want to engage in conflict of pakistan on two front says khawaja asif amid tension wi...', 'Khawaja Asif Pakistan India Taliban , भारत हमें दो फ्रंट पर उलझाए रखना चाहता है ... पाकिस्तानी रक्षा मंत्री का डर आ गया सामने , बताया कैसे घिर रहा पाकिस्तान - india want to engage in conflict of pakistan on two front says khawaja asif amid tension wi...', 'Khawaja Asif Pakistan India Taliban , भारत हमें दो फ्रंट पर उलझाए रखना चाहता है ... पाकिस्तानी रक्षा मंत्री का डर आ गया सामने , बताया कैसे घिर रहा पाकिस्तान - india want to engage in conflict of pakistan on two front says khawaja asif amid tension wi...']"
236,41,236_fasher_blood_sounds_worsening,"['fasher', 'blood', 'sounds', 'worsening', 'alarm', 'trk', 'atrocities', 'sand', 'gravely', 'fall']","['UN Chief raises alarm over worsening crisis in El Fasher , Sudan', 'UN chief sounds alarm over worsening crisis in Sudan El Fasher Global Issues', 'UN Chief Sounds Alarm Over Worsening Crisis In Sudan El Fasher']"
237,41,237_reconnatre_dtermine_tat_laustralie,"['reconnatre', 'dtermine', 'tat', 'laustralie', 'palestine', 'letat', 'rapidement', 'toujours', 'va', 'orient']","['LAustralie va reconnaître lEtat de Palestine', 'LAustralie va reconnaître lEtat de Palestine', 'LAustralie va reconnaître lEtat de Palestine']"
238,41,238_urusi_vita_ya_vya,"['urusi', 'vita', 'ya', 'vya', 'kwa', 'wa', 'dw', 'kijeshi', 'raia', '04']","['China yaonya raia wake kuepuka maeneo ya vita Ukraine – DW – 09 . 04 . 2025', 'Vikosi vya kijeshi vya Ukraine na Urusi vyaendelea kupambana – DW – 06 . 01 . 2025', 'Vikosi vya kijeshi vya Ukraine na Urusi vyaendelea kupambana – DW – 06 . 01 . 2025']"
239,41,239_authorize_sale_prepares_weapons,"['authorize', 'sale', 'prepares', 'weapons', 'minerals', 'following', '24th', 'eadaily', 'purchase', 'deal']","['US prepares to authorize weapons sale to Ukraine following minerals deal', 'US prepares to authorize weapons sale to Ukraine following minerals deal', 'US prepares to authorize weapons sale to Ukraine following minerals deal']"
240,41,240_hostage_emily_damari_release,"['hostage', 'emily', 'damari', 'release', 'gonen', 'steinbrecher', 'romi', 'doron', 'hostages', 'released']","['Gaza ceasefire begins after delay as Hamas names hostages to be released Sunday : Romi Gonen , Emily Damari , Doron Steinbrecher', 'Gaza ceasefire begins after delay as Hamas names hostages to be released Sunday : Romi Gonen , Emily Damari , Doron Steinbrecher', 'Gaza ceasefire begins after delay as Hamas names hostages to be released Sunday : Romi Gonen , Emily Damari , Doron Steinbrecher']"
241,41,241_diplomatie_pologne_historique_trait,"['diplomatie', 'pologne', 'historique', 'trait', 'donne', 'printemps', 'signature', 'rendez', 'sera', 'nancy']","['Diplomatie . France - Pologne : Emmanuel Macron donne rendez - vous pour la signature dun traité historique', 'Diplomatie . France - Pologne : Emmanuel Macron donne rendez - vous pour la signature dun traité historique', 'Diplomatie . France - Pologne : Emmanuel Macron donne rendez - vous pour la signature dun traité historique']"
242,41,242_scotland_yousaf_intolerant_becoming,"['scotland', 'yousaf', 'intolerant', 'becoming', 'debate', 'warns', 'more', 'immigration', 'amid', 'tolerant']","['Scotland becoming more intolerant amid immigration debate , warns Yousaf', 'Scotland becoming more intolerant amid immigration debate , warns Yousaf', 'Scotland becoming more intolerant amid immigration debate , warns Yousaf']"
243,41,243_prospect_trip_raises_proceed,"['prospect', 'trip', 'raises', 'proceed', 'arabia', 'saudi', 'nuclear', 'highest', 'decades', 'sidestepping']","['Trump trip to Saudi Arabia raises the prospect of US nuclear cooperation with the kingdom', 'Trump trip to Saudi Arabia raises the prospect of US nuclear cooperation with the kingdom', 'Trump trip to Saudi Arabia raises the prospect of US nuclear cooperation with the kingdom']"
244,41,244_mercenaries_pakistani_zelenskyy_fighting,"['mercenaries', 'pakistani', 'zelenskyy', 'fighting', 'chinese', 'president', 'wagner', 'africa', 'volodymyr', 'corps']","['Ukraine President Zelenskyy says Pakistani , Chinese mercenaries fighting for Russia', 'Ukraine President Zelenskyy says Pakistani , Chinese mercenaries fighting for Russia', 'Ukraine President Zelenskyy says Pakistani , Chinese mercenaries fighting for Russia']"
245,41,245_package_provide_us500_slovenian,"['package', 'provide', 'us500', 'slovenian', '7a', 'wedgetail', 'finland', 'magazine', 'eur', 'sweden']","['E - 7A Wedgetail Ukraine concludes deployment - Australian Defence Magazine', 'E - 7A Wedgetail Ukraine concludes deployment - Australian Defence Magazine', 'E - 7A Wedgetail Ukraine concludes deployment - Australian Defence Magazine']"
246,41,246_toughening_kremlin_residence_stance,"['toughening', 'kremlin', 'residence', 'stance', 'haunts', 'mediate', 'expels', 'delusional', 'standoff', 'disrupt']","['Kremlin Says Russia Is Toughening Its Stance on Ukraine After Drone Attack', 'Kremlin says Russia is toughening its stance on Ukraine after drone attack', 'Kremlin says Russia is toughening its stance on Ukraine after drone attack']"
247,41,247_proud_monks_thanked_credits,"['proud', 'monks', 'thanked', 'credits', 'context', 'cambodia', 'misrepresentations', 'credit', 'thailand', 'stays']","['Monks thanked Trump for role in peace talks between Cambodia and Thailand . Here context', 'Fact Check : Monks thanked Trump for role in peace talks between Cambodia and Thailand . Here context', 'Fact Check : Monks thanked Trump for role in peace talks between Cambodia and Thailand . Here context']"
248,41,248_implications_assess_saudi_pact,"['implications', 'assess', 'saudi', 'pact', 'gid', 'atom', 'isi', 'tilted', 'arabia', 'cruise']","['India to Assess Implications of Pakistan - Saudi Arabia Pact', 'India to Assess Implications of Pakistan - Saudi Arabia Pact', 'India to Assess Implications of Pakistan - Saudi Arabia Pact']"
249,40,249_capitals_drone_rostov_swapped,"['capitals', 'drone', 'rostov', 'swapped', 'swap', 'prisoner', 'four', '170', 'missile', 'persons']","['Russia , Ukraine trade drone fire at capitals amid prisoner swap', 'Russia , Ukraine trade drone fire at capitals amid prisoner swap', 'Russia , Ukraine Trade Drone Fire At Capitals Amid Prisoner Swap']"
250,40,250_extremes_pushed_begins_school,"['extremes', 'pushed', 'begins', 'school', 'crackdown', 'seekers', 'barb', 'mexico', 'kursk', 'blame']","['Asylum - seekers pushed to new extremes in Mexico after Trump border crackdown begins', 'Asylum - seekers pushed to new extremes in Mexico after Trump border crackdown begins', 'Asylum - seekers pushed to new extremes in Mexico after Trump border crackdown begins']"
251,40,251_intensify_minsk_suit_outline,"['intensify', 'minsk', 'suit', 'outline', 'moscow', 'budapest', 'move', 'ultimatum', 'hails', 'weapons']","['Russia - Ukraine war : Donald Trump weapons freeze will intensify  terror , Kyiv says , as Moscow hails move', 'Russia - Ukraine war : Donald Trump weapons freeze will intensify  terror , Kyiv says , as Moscow hails move', 'Russia - Ukraine war : Donald Trump weapons freeze will intensify  terror , Kyiv says , as Moscow hails move']"
252,40,252_germany_ramming_munich_deportations,"['germany', 'ramming', 'munich', 'deportations', 'chancellor', 'taliban', 'lied', 'escorts', 'legitimize', 'handouts']","['Afghan Migrant Arrested for Car Ramming Attack in Munich Lied in Order to Enter Germany - American Renaissance', 'Afghan Migrant Arrested for Car Ramming Attack in Munich Lied in Order to Enter Germany - American Renaissance', 'Afghan Migrant Arrested for Car Ramming Attack in Munich Lied in Order to Enter Germany - American Renaissance']"
253,40,253_unconditional_cambodia_thailand_principle,"['unconditional', 'cambodia', 'thailand', 'principle', 'jul', 'necessity', 'unamic', 'untac', 'optional', 'memorial']","['Thailand And Cambodia Agree To  Unconditional Ceasefire  ', 'Thailand and Cambodia agree to an immediate and unconditional ceasefire', 'Thailand and Cambodia agree to an immediate and unconditional ceasefire']"
254,40,254_azerbaijan_caucasus_azerbaijani_az,"['azerbaijan', 'caucasus', 'azerbaijani', 'az', 'photo', 'strategic', 'ilham', 'aliyev', 'mull', 'panorama']","['The Israel - America - Azerbaijan Strategic Alliance', 'The Israel - America - Azerbaijan Strategic Alliance', 'Azerbaijan and Pakistan review strategic partnership relations']"
255,40,255_except_freezes_memo_almost,"['except', 'freezes', 'memo', 'almost', 'arms', 'all', 'egypt', 'informative', 'proud', 'truth']","['US freezes almost all aid except for Israel , Egypt arms : memo', 'US freezes almost all aid except for Israel , Egypt arms : memo', 'US freezes almost all aid except for Israel , Egypt arms : memo']"
256,40,256_combatan_argentinos_argentino_soldado,"['combatan', 'argentinos', 'argentino', 'soldado', 'vilte', 'mat', 'combata', 'emanuel', 'peleaba', 'tres']","['Murió Emanuel Vilte , el soldado argentino que peleaba para Ucrania en la guerra contra Rusia', 'Murió Emanuel Vilte , el soldado argentino que peleaba para Ucrania en la guerra contra Rusia', 'Murió Emanuel Vilte , el soldado argentino que peleaba para Ucrania en la guerra contra Rusia']"
257,40,257_jenin_44_annexation_resumes,"['jenin', '44', 'annexation', 'resumes', 'airstrikes', 'explosions', 'kill', '31', 'presses', 'raid']","['Israel resumes fighting in Gaza with airstrikes that kill at least 44 people', 'Israel resumes fighting in Gaza with airstrikes that kill at least 44 people', 'Israel resumes fighting in Gaza with airstrikes that kill at least 44 people']"
258,40,258_cool_accepts_ignoring_evade,"['cool', 'accepts', 'ignoring', 'evade', 'accelerate', 'ye', '1979', 'obligations', 'exit', 'sinai']","['US says that Israel accepts Gaza ceasefire plan ; Hamas cool to it', 'US says that Israel accepts Gaza ceasefire plan ; Hamas cool to it', 'US says that Israel accepts Gaza ceasefire plan ; Hamas cool to it']"
259,40,259_81_homeland_2nd_deports,"['81', 'homeland', '2nd', 'deports', 'flight', 'taliban', 'nationals', 'men', 'their', 'since']","['Germany deports 81 Afghan nationals to their homeland in 2nd flight since the Taliban return', 'Germany deports 81 Afghan nationals to their homeland in 2nd flight since the Taliban return', 'Germany deports 81 Afghan nationals to their homeland in 2nd flight since the Taliban return']"
260,40,260_decrees_wracked_powers_combat,"['decrees', 'wracked', 'powers', 'combat', 'coca', 'guerrilla', 'observing', 'restore', 'dissidents', 'emergency']","['Colombia president decrees emergency powers to restore order in coca region wracked by rebel combat', 'Colombia president decrees emergency powers to restore order in coca region wracked by rebel combat', 'Colombia president decrees emergency powers to restore order in coca region wracked by rebel combat']"
261,40,261_emerging_geopolitical_ackermann_philipp,"['emerging', 'geopolitical', 'ackermann', 'philipp', 'troika', 'visit', 'jefferie', 'chietigj', 'bajpaee', 'pomp']","['  Will watch Putin visit closely , says German Ambassador to India Philipp Ackermann', '  Will watch Putin visit closely , says German Ambassador to India Philipp Ackermann', '  Will watch Putin visit closely , says German Ambassador to India Philipp Ackermann']"
262,40,262_cambiado_curso_qu_migratoria,"['cambiado', 'curso', 'qu', 'migratoria', '1ra', 'estragos', 'promulgue', 'arquitecto', 'insisten', 'sai']","[' ¿ Qué ha cambiado en la política migratoria de EEUU con Trump y qué sigue en curso ? ', 'Quién es Stephen Miller , el arquitecto de la dura política migratoria de Trump que está causando estragos entre los indocumentados en EE . UU . ', 'Quién es Stephen Miller , el arquitecto de la dura política migratoria de Trump que está causando estragos entre los indocumentados en EE . UU . ']"
263,40,263_solidify_diplomats_cambodian_thai,"['solidify', 'diplomats', 'cambodian', 'thai', 'meet', 'top', 'china', '7news', 'wsvn', 'ceasefire']","['Thai and Cambodian top diplomats meet in China to solidify ceasefire', 'Thai and Cambodian top diplomats meet in China to solidify ceasefire', 'Thai and Cambodian top diplomats meet in China to solidify ceasefire']"
264,40,264_68_1st_voluntary_sent,"['68', '1st', 'voluntary', 'sent', 'flight', 'honduras', 'colombia', 'deportation', 'migrants', 'in']","['68 Migrants Sent To Honduras , Colombia In 1st Voluntary Deportation Flight', '68 Migrants Sent To Honduras , Colombia In 1st Voluntary Deportation Flight', '68 Migrants Sent To Honduras , Colombia In 1st Voluntary Deportation Flight']"
265,40,265_yousafzai_malala_laureate_strain,"['yousafzai', 'malala', 'laureate', 'strain', 'tensions', 'gordon', 'barrier', 'chopra', 'armies', 'arsenals']","['Nobel laureate Malala Yousafzai urges India and Pakistan to cool tensions', 'Nobel laureate Malala Yousafzai urges India and Pakistan to cool tensions', 'Nobel laureate Malala Yousafzai urges India and Pakistan to cool tensions']"
266,40,266_returned_intervention_second_tracked,"['returned', 'intervention', 'second', 'tracked', 'fast', 'france', 'be', 'held', 'rescued', 'migrant']","['Second migrant to be returned to France after Trump urges military intervention', 'Second migrant to be returned to France after Trump urges military intervention', 'Second migrant to be returned to France after Trump urges military intervention']"
267,39,267_qatar_addressing_concerted_empower,"['qatar', 'addressing', 'concerted', 'empower', 'peninsula', 'ambassador', 'actors', 'cooperate', 'racism', 'hatred']","['Qatar , united kingdom agreed to continue to cooperate in addressing challenges of racism , religious hatred and online disinformation', 'Qatar , united kingdom agreed to continue to cooperate in addressing challenges of racism , religious hatred and online disinformation', 'Russia - Qatar talks']"
268,39,268_latin_lines_deportations_machinery,"['latin', 'lines', 'deportations', 'machinery', 'american', 'washroom', 'handcuffs', 'brazilians', 'saw', 'america']","['The US lines up Latin American cooperation for migrant deportations', 'The US lines up Latin American cooperation for migrant deportations', 'The US lines up Latin American cooperation for migrant deportations']"
269,39,269_determined_lasting_explanations_politician,"['determined', 'lasting', 'explanations', 'politician', 'attainable', 'dismiss', 'statements', 'everything', 'achieving', 'dictator']","['Ukraine  determined to end war  with Russia for lasting peace : Zelensky', 'Ukraine  determined to end war  with Russia for lasting peace : Zelensky', 'Ukraine  determined to end war  with Russia for lasting peace : Zelensky']"
270,39,270_sumy_rocket_three_kills,"['sumy', 'rocket', 'three', 'kills', 'russian', 'attack', 'ukraine', 'in', '', '']","['Russian rocket attack kills three in Sumy , Ukraine', 'Russian rocket attack kills three in Sumy , Ukraine', 'Russian rocket attack kills three in Sumy , Ukraine']"
271,39,271_albania_italy_decree_albanian,"['albania', 'italy', 'decree', 'albanian', 'hubs', 'repatriation', 'centres', 'dealt', 'empty', 'italian']","['Italy approves new decree to use Albanian migration centers as  repatriation  hubs', 'Italy approves new decree to use Albanian migration centres as  repatriation  hubs', 'Italy approves new decree to use Albania migration centres as repatriation hubs']"
272,39,272_unrealistic_europe_withdraws_rearm,"['unrealistic', 'europe', 'withdraws', 'rearm', 'pre', 'plate', 'scrambles', '2014', 'greenlights', 'tasked']","['Returning Ukraine to pre - 2014 borders  unrealistic , says U . S . Defense secretary', 'Returning Ukraine to pre - 2014 borders  unrealistic , says U . S . Defense secretary', 'Returning Ukraine to pre - 2014 borders  unrealistic , says U . S . Defense secretary']"
273,39,273_flurry_prompts_restrictions_guard,"['flurry', 'prompts', 'restrictions', 'guard', 'national', 'shooting', 'members', 'emboldens', 'sharpens', 'tests']","['Shooting of National Guard members prompts flurry of US immigration restrictions', 'Shooting of National Guard members prompts flurry of US immigration restrictions', 'Shooting of National Guard members prompts flurry of US immigration restrictions']"
274,39,274_grenzkontrollen_deutschland_spektakel_zwischen,"['grenzkontrollen', 'deutschland', 'spektakel', 'zwischen', 'polen', 'als', 'regierung', 'kritisiert', 'rache', 'alleingang']","['Grenzkontrollen zwischen Deutschland und Polen als „ Spektakel : Experte kritisiert deutsche Regierung', 'Grenzkontrollen zwischen Deutschland und Polen als „ Spektakel : Experte kritisiert deutsche Regierung', 'Grenzkontrollen zwischen Deutschland und Polen als „ Spektakel : Experte kritisiert deutsche Regierung']"
275,39,275_spectrum_mfa_opportunity_option,"['spectrum', 'mfa', 'opportunity', 'option', 'review', 'never', 'drops', 'reinvigorate', 'serious', 'manturov']","['Opportunity to review spectrum of strategic partnership : Russian MFA ahead of Putin India visit', 'Opportunity to review spectrum of strategic partnership : Russian MFA ahead of Putin India visit', 'Opportunity to review spectrum of strategic partnership : Russian MFA ahead of Putin India visit']"
276,39,276_trinidad_tobago_newsday_masiva,"['trinidad', 'tobago', 'newsday', 'masiva', 'sotaharjoituksia', 'saapui', 'provokaationa', 'sotalaiva', 'yhdysvaltain', 'tuomitsi']","['Trinidad y Tobago ordena deportación masiva de 200 migrantes venezolanos', 'Gobierno de Trinidad y Tobago ordena deportación de 200 migrantes venezolanos', 'Trinidad y Tobago ordenó la deportación masiva de al menos 200 migrantes venezolanos']"
277,39,277_seat_biggest_air_hits,"['seat', 'biggest', 'air', 'hits', 'government', 'bomber', 'serving', 'depot', 'attack', 'govt']","['Russia hits seat of Ukraine government in war biggest air attack', 'Russia hits seat of Ukraine government in war biggest air attack', 'Russia hits seat of Ukraine government in war biggest air attack']"
278,39,278_broader_christians_protect_signals,"['broader', 'christians', 'protect', 'signals', 'threat', 'following', 'nigeria', 'efforts', 'military', 'orlando']","['US signals broader efforts to protect Nigeria Christians following Trump military threat', 'US signals broader efforts to protect Nigeria Christians following Trump military threat', 'US signals broader efforts to protect Nigeria Christians following Trump military threat']"
279,39,279_prisonniers_kiev_avancent_pques,"['prisonniers', 'kiev', 'avancent', 'pques', 'arienne', 'vacuation', 'alimenter', 'vendant', 'ordonne', 'massive']","['Guerre en Ukraine\xa0 : attaque russe massive sur Kiev avant un deuxième échange de prisonniers', 'Ukraine : attaque russe sur Kiev et deuxième échange de prisonniers', 'Ukraine : attaque russe sur Kiev et deuxième échange de prisonniers']"
280,38,280_47th_asean_malaysia_milestones,"['47th', 'asean', 'malaysia', 'milestones', 'chair', 'chairmanship', 'leste', 'timor', 'uniquely', 'positioned']","['KUNA : Malaysia to host ASEAN heads of state at 47th summit in Oct . - Politics', 'Malaysia to host 47th ASEAN Summit , Timor - Leste to join as 11th member state', 'Malaysia to host 47th ASEAN Summit , Timor - Leste to join as 11th member state']"
281,38,281_bessent_got_leverage_mineral,"['bessent', 'got', 'leverage', 'mineral', 'handle', 'masterstroke', 'redstate', 'wealth', 'deal', 'scramble']","['Bessent : Trump Got Ukraine Mineral Deal for Russia Leverage', 'Bessent : Trump Got Ukraine Mineral Deal for Russia Leverage', 'Bessent : Trump Got Ukraine Mineral Deal for Russia Leverage']"
282,38,282_re_small_enters_boat,"['re', 'small', 'enters', 'boat', 'man', 'returns', 'removed', 'deported', 'under', 'france']","['Man deported to France under returns deal re - enters united kingdom on small boat', 'Man deported to France under returns deal re - enters united kingdom on small boat', 'Man deported to France under returns deal re - enters united kingdom on small boat']"
283,38,283_events_list_prise_226,"['events', 'list', 'prise', '226', 'revendique', 'day', 'key', '133', 'localits', 'rgions']","['Russia - Ukraine war : List of key events – Dominican Republic Post', 'Russia - Ukraine war : List of key events – Dominican Republic Post', 'Russia - Ukraine war : List of key events – Dominican Republic Post']"
284,38,284_parole_humanitario_hait_nicaragua,"['parole', 'humanitario', 'hait', 'nicaragua', 'oficializa', 'derogacin', 'plazo', 'acaba', 'beneficiarios', 'beneficia']","['Fin del parole humanitario en EEUU : ¿ cómo cambiarán las políticas para los migrantes cubanos ? ', 'EEUU oficializó el fin del parole humanitario para venezuela', 'EEUU oficializó el fin del parole humanitario para venezuela']"
285,38,285_paves_protections_ends_way,"['paves', 'protections', 'ends', 'way', 'sudanese', 'south', 'deportation', 'protected', 'hairline', 'lifetime']","['US Ends Protections for South Sudanese , Paves Way to Deportation', 'US Ends Protections for South Sudanese , Paves Way to Deportation', 'US Ends Protections for South Sudanese , Paves Way to Deportation']"
286,38,286_revokes_532_status_legal,"['revokes', '532', 'status', 'legal', '500', 'choice', 'springfield', 'immigrants', 'had', 'granting']","['US revokes legal status for 500 , 000 immigrants', 'US revokes legal status for 500 , 000 immigrants', 'US revokes legal status for 500 , 000 immigrants']"
287,38,287_guatemala_bernardo_centro_arvalo,"['guatemala', 'bernardo', 'centro', 'arvalo', 'construir', 'financiado', 'csp', 'soberana', 'defender', 'deportados']","['Guatemala construirá un centro de deportados en frontera con México y financiado por USAID', 'El presidente de Guatemala inauguró un centro para deportados en la frontera con México', 'El presidente de Guatemala inauguró un centro para deportados en la frontera con México']"
288,38,288_students_warnings_once_visas,"['students', 'warnings', 'once', 'visas', 'get', 'leave', 'international', 'government', 'end', 'kingdom']","['International students to get Government warnings to leave united kingdom once visas end', 'International students to get Government warnings to leave united kingdom once visas end', 'International students to get Government warnings to leave united kingdom once visas end']"
289,38,289_repression_sharp_women_rise,"['repression', 'sharp', 'women', 'rise', 'sees', 'seekers', 'agriculture', 'taliban', 'scarred', 'turkish']","['Germany sees sharp rise in Afghan women asylum seekers amid Taliban repression', 'Germany sees sharp rise in Afghan women asylum seekers amid Taliban repression', 'Germany sees sharp rise in Afghan women asylum seekers amid Taliban repression']"
290,38,290_looks_close_oval_zelenskiy,"['looks', 'close', 'oval', 'zelenskiy', 'assure', 'repetition', 'lashes', 'contentiou', 'office', 'encounter']","['Zelensky looks to close out Ukraine plan in meeting with Trump', 'Zelensky looks to close out Ukraine plan in meeting with Trump', 'Zelensky Looks to Close Out Ukraine Plan in Meeting With Trump']"
291,38,291_vance_welcome_progress_vice,"['vance', 'welcome', 'progress', 'vice', 'jd', 'progres', 'significant', 'modi', 'trade', 'tout']","['Vance , Modi welcome significant progress on India - US trade deal', 'Vance , Modi welcome significant progress on India - US trade deal', 'Vance , Modi welcome significant progress on India - US trade deal']"
292,38,292_unpacking_vs_facts_impact,"['unpacking', 'vs', 'facts', 'impact', 'fears', 'migration', 'debunked', 'mercury', 'australia', 'mail']","['Unpacking migration impact on Australia : facts vs fears | The Examiner', 'Unpacking migration impact on Australia : facts vs fears | The Standard', 'Unpacking migration impact on Australia : facts vs fears | The Border Mail']"
293,37,293_propose_stands_earthquake_possible,"['propose', 'stands', 'earthquake', 'possible', 'offer', 'persiste', 'mohamad', 'earthquakes', 'ddhh', 'ops']","['India stands ready to offer all possible assistance : PM Modi on earthquake in Thailand , Myanmar', 'India stands ready to offer all possible assistance : PM Modi on earthquake in Thailand , Myanmar', 'India stands ready to offer all possible assistance : PM Modi on earthquake in Thailand , Myanmar']"
294,37,294_malta_increase_repair_decides,"['malta', 'increase', 'repair', 'decides', 'repairs', 'ship', 'dutch', 'review', 'ngo', '05']","['NGO in talks with Malta to repair Gaza - bound aid ship  attacked by Israel  ', 'NGO in talks with Malta to repair Gaza - bound aid ship  attacked by Israel  | Gaza News', 'NGO in talks with Malta to repair Gaza - bound aid ship  attacked by Israel  | Gaza News']"
295,37,295_ikke_af_bistand_norge,"['ikke', 'af', 'bistand', 'norge', 'til', 'fred', 'humanitr', 'det', 'vurderer', 'fastland']","['USA angreb på Venezuelas fastland er det første af flere , vurderer ekspert', 'USA angreb på Venezuelas fastland er det første af flere , vurderer ekspert', 'USA angreb på Venezuelas fastland er det første af flere , vurderer ekspert']"
296,37,296_fakti_bg_290_ekipnews,"['fakti', 'bg', '290', 'ekipnews', '3000', 'bloomberg', 'vesti', '55', '06', '80']","['Германия удължава граничния контрол след септември под натиска на миграционната криза ᐉ Новини от Fakti . bg - Свят', 'Германия връща все повече бежанци ᐉ Новини от Fakti . bg - Свят', 'Историята на смъртоносния конфликт между Индия и Пакистан ᐉ Новини от Fakti . bg - Свят']"
297,37,297_retaliation_rocket_lebanon_strikes,"['retaliation', 'rocket', 'lebanon', 'strikes', 'withdrawl', 'attacks', 'withdrawal', 'beirut', 'blasts', 'test']","['Israel strikes Lebanon in retaliation for rocket attacks', 'Israel strikes Lebanon in retaliation for rocket attacks', 'Israel strikes Lebanon in retaliation for rocket attacks']"
298,37,298_fire_palestinians_bank_teens,"['fire', 'palestinians', 'bank', 'teens', 'west', 'boys', 'two', 'mosque', 'settlers', 'casting']","['Two Palestinians killed by Israeli fire in West Bank', 'Two Palestinians killed by Israeli fire in West Bank', 'Two Palestinians killed by Israeli fire in West Bank']"
299,37,299_violencia_catatumbo_colombia_escalada,"['violencia', 'catatumbo', 'colombia', 'escalada', 'eln', 'ola', 'conmocin', 'lidia', 'personsa', 'harn']","['Colombia pide ayuda a Venezuela para enfrentar violencia en el Catatumbo : ¿ qué harán ? | Gobierno | Economía', 'Colombia pide ayuda a Venezuela para enfrentar violencia en el Catatumbo : ¿ qué harán ? | Gobierno | Economía', 'Colombia denunció ante la ONU escalada de violencia del ELN en Catatumbo como  crímenes de guerra  ']"
300,37,300_russo_january_march_february,"['russo', 'january', 'march', 'february', 'july', '25', 'august', '2025', 'uptick', 'reckoning']","['Russo - Ukraine War - 18 January 2025', 'Russo - Ukraine War - 25 January 2025', 'Russo - Ukraine War - 25 January 2025']"
301,37,301_bernama_mules_robotic_extension,"['bernama', 'mules', 'robotic', 'extension', 'asean', 'myanmar', 'chair', 'exiled', 'earthquake', 'rescue']","['BERNAMA - Amid Crisis , Malaysia Rallies ASEAN Towards Peace And Aid In Myanmar', 'Thailand deploys Robotic Mules for rescue operations after Myanmar earthquake | VIDEO', 'Thailand deploys Robotic Mules for rescue operations after Myanmar earthquake | VIDEO']"
302,37,302_multipolar_asia_bargains_zhang,"['multipolar', 'asia', 'bargains', 'zhang', 'mapping', 'implodes', 'thaw', 'politic', 'reeling', 'shoddy']","['Opinion | ADMM - Plus And India Strategic Balancing : Defence Diplomacy For Multipolar Indo - Pacific | Opinion News', 'When a neighbour implodes : Mapping the Hasina verdict in India calculus – Firstpost', 'When a neighbour implodes : Mapping the Hasina verdict in India calculus – Firstpost']"
303,37,303_afghanistan_irc_minorities_shortfall,"['afghanistan', 'irc', 'minorities', 'shortfall', 'rulers', 'divert', 'cancellation', 'impacting', 'services', 'suspended']","['Did Taliban divert international aid ? US watchdog blames Afghanistan rulers of using force ; blocking assistance to minorities', 'Did Taliban divert international aid ? US watchdog blames Afghanistan rulers of using force ; blocking assistance to minorities', 'Did Taliban divert international aid ? US watchdog blames Afghanistan rulers of using force ; blocking assistance to minorities']"
304,37,304_planting_mines_blast_hurt,"['planting', 'mines', 'blast', 'hurt', 'along', 'land', 'again', 'accuses', 'soldiers', 'cambodia']","['Thailand again accuses Cambodia of planting land mines as 3 soldiers are hurt by blast along border', 'Thailand again accuses Cambodia of planting land mines as 3 soldiers are hurt by blast along border', 'Thailand again accuses Cambodia of planting land mines as 3 soldiers are hurt by blast along border']"
305,37,305_compromise_condemning_forays_simplified,"['compromise', 'condemning', 'forays', 'simplified', 'provoked', 'resources', 'nigerian', 'improve', 'resolution', 'rough']","['Putin rejects compromise on Ukraine despite Trump push for peace', 'Putin rejects compromise on Ukraine despite Trump push for peace', 'Putin rejects compromise on Ukraine despite Trump push for peace']"
306,37,306_bericht_verletzt_irans_prsident,"['bericht', 'verletzt', 'irans', 'prsident', 'mit', 'krieg', 'im', 'thran', 'lenrichissement', 'ritre']","['Bericht : Irans Präsident im Krieg mit Israel verletzt', 'Bericht : Irans Präsident im Krieg mit Israel verletzt', 'Bericht : Irans Präsident im Krieg mit Israel verletzt']"
307,37,307_mutual_initiate_wwii_germany,"['mutual', 'initiate', 'wwii', 'germany', 'friendship', 'pact', 'treaty', 'centred', 'ranging', 'militarism']","['Britain To Initiate Talks With Poland On Pact To Protect Against  Russian Aggression  ', 'Britain To Initiate Talks With Poland On Pact To Protect Against  Russian Aggression  ', 'Britain To Initiate Talks With Poland On Pact To Protect Against  Russian Aggression  ']"
308,37,308_ditch_delay_last_effort,"['ditch', 'delay', 'last', 'effort', 'council', 'sanctions', 'rejects', 'security', 'snapback', 'iran']","['UN Security Council rejects Russia and China last - ditch effort to delay sanctions on Iran', 'UN Security Council rejects Russia and China last - ditch effort to delay sanctions on Iran', 'UN Security Council rejects Russia and China last - ditch effort to delay sanctions on Iran']"
309,37,309_denial_airspace_trashes_lanka,"['denial', 'airspace', 'trashes', 'lanka', 'ridiculou', 'ridiculous', 'sri', 'granted', 'overflight', 'flights']","['India rejects reports about denial of airspace to Pakistan to send aid to Sri Lanka', 'India rejects reports about denial of airspace to Pakistan to send aid to Sri Lanka', 'India rejects reports about denial of airspace to Pakistan to send aid to Sri Lanka']"
310,37,310_armenia_azerbaijan_margara_caucasus,"['armenia', 'azerbaijan', 'margara', 'caucasus', 'commends', 'normalization', 'massispost', 'pours', 'processors', 'pashinyan']","['Armenia eyes Türkiye deal after historic peace talks with Azerbaijan', 'Trump Azerbaijan Armenia peace deal : Trump announces historic Azerbaijan Armenia peace deal through Trump Route corridor is this the breakthrough to end 35 years of conflict in the South Caucasus ? ', 'Iran welcomes agreement on Armenia - Azerbaijan peace deal terms']"
311,37,311_restart_watchdog_path_seeking,"['restart', 'watchdog', 'path', 'seeking', 'nuclear', 'agreement', 'sign', 'cooperation', 'iran', 'and']","['Iran and nuclear watchdog sign agreement seeking path to restart cooperation', 'Iran and nuclear watchdog sign agreement seeking path to restart cooperation', 'Iran and nuclear watchdog sign agreement seeking path to restart cooperation']"
312,37,312_bars_sending_guatemalan_judge,"['bars', 'sending', 'guatemalan', 'judge', 'now', 'government', 'back', 'children', 'from', 'kids']","['US judge bars government from sending Guatemalan children back , for now', 'US judge bars government from sending Guatemalan children back , for now', 'US judge bars government from sending Guatemalan children back , for now']"
313,37,313_advancing_pokrovsk_steady_hnh,"['advancing', 'pokrovsk', 'steady', 'hnh', 'ngy', 'tnh', 'chnh', 'advances', 'gains', 'city']","['Russia makes steady gains in Ukraine in October', 'Russia makes steady gains in Ukraine in October', 'Russia makes steady gains in Ukraine in October']"
314,36,314_bookshop_incite_raid_police,"['bookshop', 'incite', 'raid', 'police', 'jerusalem', 'incitement', 'books', 'seize', 'claiming', 'raided']","['Israeli police raid Palestinian bookshop in east Jerusalem and seize books they say incite violence', 'Israeli police raid Palestinian bookshop in east Jerusalem and seize books they say incite violence', 'Israeli police raid Palestinian bookshop in east Jerusalem and seize books they say incite violence']"
315,36,315_preemptively_dozen_block_sues,"['preemptively', 'dozen', 'block', 'sues', 'honduran', 'deporting', 'group', 'legal', 'children', 'lawsuit']","['Legal aid group sues to preemptively block U . S . from deporting a dozen Honduran children', 'Legal aid group sues to preemptively block U . S . from deporting a dozen Honduran children', 'Legal aid group sues to preemptively block U . S . from deporting a dozen Honduran children']"
316,36,316_comes_arrive_crossing_force,"['comes', 'arrive', 'crossing', 'force', 'channel', 'returns', 'into', 'first', 'kingdom', 'migrants']","['First Channel crossing migrants arrive in united kingdom as returns deal comes into force', 'First Channel crossing migrants arrive in united kingdom as returns deal comes into force', 'First Channel crossing migrants arrive in united kingdom as returns deal comes into force']"
317,36,317_taiwan_mofa_watching_closely,"['taiwan', 'mofa', 'watching', 'closely', 'aimed', 'imagines', 'taiwanese', 'maternal', 'secure', '3rd']","['Taiwan closely watching talks aimed at ending Ukraine war : MOFA', 'Taiwan closely watching talks aimed at ending Ukraine war : MOFA', 'Taiwan closely watching talks aimed at ending Ukraine war : MOFA']"
318,36,318_araghchi_chain_developing_nuclear,"['araghchi', 'chain', 'developing', 'nuclear', 'safety', 'demoting', 'georgetown', 'iranian', 'negotiations', 'rethink']","['LEN - www . lankaenews . com | How did America war on Iran , which started with a threat of  surrender unconditionally or face the consequences , conclude with a pledge to  make Iran great again ? - An analysis ...! ( Part', 'Georgetown gets ahead of Trump ire by demoting professor who called for Iranian  symbolic strike  on US base', 'Georgetown gets ahead of Trump ire by demoting professor who called for Iranian  symbolic strike  on US base']"
319,36,319_complete_swap_prisoner_wrap,"['complete', 'swap', 'prisoner', 'wrap', 'largest', '185', 'prisoners', 'large', 'scale', '307']","['Russia and Ukraine complete largest prisoner swap', 'Russia and Ukraine complete largest prisoner swap', 'Russia and Ukraine complete largest prisoner swap']"
320,36,320_somalia_experiencing_drought_tourism,"['somalia', 'experiencing', 'drought', 'tourism', 'sodma', 'somalis', 'surge', 'dangerous', 'gaalkacyo', 'qoorqoor']","['If Somalia is dangerous , why is it experiencing a surge in tourism ? ', 'If Somalia is dangerous , why is it experiencing a surge in tourism ? ', 'If Somalia is dangerous , why is it experiencing a surge in tourism ? ']"
321,36,321_violated_order_cancels_judge,"['violated', 'order', 'cancels', 'judge', 'breach', 'south', 'dugan', 'hannah', 'solicitor', 'court']","['Judge : DHS violated court order by deporting migrants to South Sudan', 'Trump administration violated judge order by deporting migrants to South Sudan , lawyers say', 'Judge rules Trump administration violated court order by deporting migrants to South Sudan']"
322,36,322_memorie_recalls_denuclearization_good,"['memorie', 'recalls', 'denuclearization', 'good', 'demands', 'korean', 'drop', 'leader', 'urges', 'north']","['North Korean leader recalls  good memorie of Trump , urges US to drop denuclearization demands', 'North Korean Leader Recalls  Good Memorie of Trump , Urges US to Drop Denuclearization Demands', 'North Korean leader recalls  good memorie of Trump , urges US to drop denuclearization demands']"
323,36,323_did_now_why_iran,"['did', 'now', 'why', 'iran', 'attack', 'israel', '', '', '', '']","['Why did Israel attack Iran now ? ', 'Why did Israel attack Iran now ? ', 'Why did Israel attack Iran now ? ']"
324,36,324_portal_updated_hour_nepal,"['portal', 'updated', 'hour', 'nepal', '24', 'hindi', 'naya', 'samachar', 'sco', 'flags']","['खामेनीका वरिष्ठ सल्लाहकार र पुटिनबिच मस्कोमा भेट | Nepal first 24 - hour updated news portal', 'सार्क निष्क्रिय अवस्थामा पुगेको र बिम्स्टेक कामकाजी बन्न नसकेकोमा ओलीको चिन्ता | Nepal first 24 - hour updated news portal', 'मोदीसँगको भेट र बीआरआई सम्झौतालाई ओलीले दिए विशेष महत्त्व | Nepal first 24 - hour updated news portal']"
325,36,325_heroism_invasion_hails_third,"['heroism', 'invasion', 'hails', 'third', 'annniversary', 'lubbock', 'surgeon', 'anniversary', 'hopeful', 'later']","['Zelensky hails Ukraine  heroism  on third anniversary of Russia invasion', 'Zelensky Hails Ukraine  Heroism  On Third Anniversary Of Russia Invasion', 'Zelensky Hails Ukraine  Heroism  On Third Anniversary Of Russia Invasion']"
326,36,326_deliberately_factory_dictator_owned,"['deliberately', 'factory', 'dictator', 'owned', 'zelenskyy', 'wanted', 'remark', 'authoritarianism', 'gravy', 'gratitude']","['Zelenskyy accuses Russia of deliberately targeting US - owned factory in attack on Ukraine', 'Zelenskyy accuses Russia of deliberately targeting US - owned factory in attack on Ukraine', 'Zelenskyy accuses Russia of deliberately targeting US - owned factory in attack on Ukraine']"
327,36,327_takeaways_prison_send_move,"['takeaways', 'prison', 'send', 'move', 'venezuelan', 'salvador', 'migrants', 'share', 'molina', 'porras']","['Takeaways from Trump move to send Venezuelan migrants in the US to a prison in El Salvador', 'Takeaways from Trump move to send Venezuelan migrants in the US to a prison in El Salvador', 'Takeaways from Trump move to send Venezuelan migrants in the US to a prison in El Salvador']"
328,36,328_15th_ishiba_japanese_japan,"['15th', 'ishiba', 'japanese', 'japan', 'governors', 'train', 'bullet', 'chart', 'shigeru', 'annual']","['PM Modi Visits Japan for 15th Annual Summit with Ishiba', 'PM Modi , Japanese PM Ishiba chart new roadmap at 15th India – Japan Summit', 'PM Modi , Japanese PM Ishiba chart new roadmap at 15th India – Japan Summit']"
329,36,329_incursions_fighter_romania_scrambled,"['incursions', 'fighter', 'romania', 'scrambled', 'scrambles', 'already', 'jets', 'situations', 'estonia', 'norway']","['Russian fighter jet incursions in Estonia and drones in Poland : How the war in Ukraine is already a European conflict', 'Russian fighter jet incursions in Estonia and drones in Poland : How the war in Ukraine is already a European conflict', 'Russian fighter jet incursions in Estonia and drones in Poland : How the war in Ukraine is already a European conflict']"
330,36,330_mounts_criticism_60_indefensible,"['mounts', 'criticism', '60', 'indefensible', 'louder', 'kill', 'international', 'grow', 'least', 'actions']","['Israeli strikes on Gaza kill at least 60 as international criticism mounts', 'Israeli strikes on Gaza kill at least 60 as international criticism mounts', 'Israeli strikes on Gaza kill at least 60 as international criticism mounts']"
331,36,331_iwt_terror_strife_factbox,"['iwt', 'terror', 'strife', 'factbox', 'fanning', 'misrepresented', 'iiojk', 'cooperationmust', 'sherry', 'oppression']","['  Analysts tell only India story : Pakistan Sherry Rehman sidesteps terror questions', 'India cant hide its role in fanning terror in Pakistan , oppression in IIOJK : FO', 'India cant hide its role in fanning terror in Pakistan , oppression in IIOJK : FO']"
332,36,332_arriving_number_25_crossing,"['arriving', 'number', '25', 'crossing', '2024', 'channel', 'up', 'migrants', 'kingdom', 'chester']","['Number of migrants arriving in united kingdom after crossing Channel up 25 % in 2024', 'Number of migrants arriving in united kingdom after crossing Channel up 25 % in 2024', 'Number of migrants arriving in united kingdom after crossing Channel up 25 % in 2024']"
333,36,333_fbi_200__,"['fbi', '200', '', '', '', '', '', '', '', '']","['تصعيد دموي في السودان : أكثر من 200 قتيل في هجوم لقوات الدعم السريع خلال ثلاثة أيام', 'אזהרה חריגה של ה - FBI : ישראלים ויהודים עלולים להיות מטרות בארה  ב', 'ה - FBI באזהרה חריגה :  איום מוגבר  נגד ישראלים ויהודים על אדמת ארה  ב']"
334,35,334_guerrilla_80_colombian_displaced,"['guerrilla', '80', 'colombian', 'displaced', 'thousands', 'violence', 'displaces', 'killed', 'days', 'three']","['80 killed , thousands displaced in Colombian guerrilla violence', '80 killed , thousands displaced in Colombian guerrilla violence', '80 killed , thousands displaced in Colombian guerrilla violence']"
335,35,335_energetic_arms_sincere_lauds,"['energetic', 'arms', 'sincere', 'lauds', 'hints', 'plutonium', 'effort', 'positive', 'grade', 'barrel']","['  Energetic and sincere effort : Putin lauds Trump push to end Ukraine war ; hints at possible nuclear arms deal', '  Energetic and sincere effort : Putin lauds Trump push to end Ukraine war ; hints at possible nuclear arms deal', '  Energetic and sincere effort : Putin lauds Trump push to end Ukraine war ; hints at possible nuclear arms deal']"
336,35,336_nonemergency_tension_staff_grows,"['nonemergency', 'tension', 'staff', 'grows', 'orders', 'leave', 'government', 'south', 'fighting', 'advises']","['US orders nonemergency government staff to leave South Sudan as tension grows over fighting', 'US orders nonemergency government staff to leave South Sudan as tension grows over fighting', 'US orders nonemergency government staff to leave South Sudan as tension grows over fighting']"
337,35,337_houthi_vote_flights_halts,"['houthi', 'vote', 'flights', 'halts', 'hours', 'missile', 'airport', 'before', 'plans', 'officials']","['Houthi missile halts flights in Israel hours before officials vote on Gaza plans', 'Houthi missile halts flights in Israel hours before officials vote on Gaza plans', 'Houthi missile halts flights in Israel hours before officials vote on Gaza plans']"
338,35,338_virtual_coalition_willing_tries,"['virtual', 'coalition', 'willing', 'tries', 'revive', 'paris', 'starmer', 'guarantee', 'anthony', 'hosts']","['Starmer announces  coalition of the willing  to guarantee Ukraine peace » Capital News', '  Coalition of the willing : Starmer hosts Ukraine peace summit as PM urges Putin to ... ', '  Coalition of the willing : Starmer hosts Ukraine peace summit as PM urges Putin to ... ']"
339,35,339_food_stocks_wfp_drinking,"['food', 'stocks', 'wfp', 'drinking', 'fuel', 'runs', 'hordes', 'insecurity', 'closures', 'systems']","['WFP runs out of food stocks in Gaza as border crossings remain closed', 'WFP runs out of food stocks in Gaza as border crossings remain closed', 'WFP runs out of food stocks in Gaza']"
340,35,340_battalion_slaughtered_swapping_retaliatory,"['battalion', 'slaughtered', 'swapping', 'retaliatory', 'four', 'deliberate', 'entire', 'missing', 'snubs', 'village']","['Entire battalion of Russian and North Korean troops slaughtered in attack on Ukraine - held village', 'Entire battalion of Russian and North Korean troops slaughtered in attack on Ukraine - held village', 'Entire battalion of Russian and North Korean troops slaughtered in attack on Ukraine - held village']"
341,35,341_adapt_agencies_slashes_die,"['adapt', 'agencies', 'slashes', 'die', '2b', 'pledges', 'or', 'funding', 'billion', 'reduction']","['US pledges $2B for UN humanitarian aid as Trump slashes funding and warns agencies to  adapt or die  ', 'US pledges $2B for UN humanitarian aid as Trump slashes funding and warns agencies to  adapt or die  ', 'US pledges $2B for UN humanitarian aid as Trump slashes funding and warns agencies to  adapt or die  ']"
342,35,342_russo_november_october_28,"['russo', 'november', 'october', '28', 'september', '2025', '22', '23', 'february', '29']","['Russo - Ukraine War - 23 November 2025', 'Russo - Ukraine War - 20 November 2025', 'Russo - Ukraine War - 20 November 2025']"
343,35,343_awaited_wednesday_long_expects,"['awaited', 'wednesday', 'long', 'expects', 'mineral', 'signed', 'source', 'transactional', 'occupy', 'takeover']","['Ukraine expects to sign long - awaited US mineral deal Wednesday , source says', 'Ukraine expects to sign long - awaited US mineral deal Wednesday , source says', 'Ukraine expects to sign long - awaited US mineral deal Wednesday , source says']"
344,35,344_rica_costa_panam_pagados,"['rica', 'costa', 'panam', 'pagados', 'agujero', 'negro', 'advierten', 'retornar', 'observadores', 'deportados']","['Panamá y Costa Rica , un  agujero negro  para migrantes y deportados de EU , advierten observadores', 'Panamá y Costa Rica , un  agujero negro  para migrantes y deportados de EEUU , advierten observadores', 'Panamá y Costa Rica , un  agujero negro  para migrantes y deportados de EEUU , advierten observadores']"
345,35,345_frchtet_lateinamerika_maduro_venezuela,"['frchtet', 'lateinamerika', 'maduro', 'venezuela', 'ford', 'gerald', 'intervention', 'produccin', 'uss', 'gegen']","['Trump gegen Venezuela : Lateinamerika fürchtet US - Intervention', 'Trump gegen Venezuela : Lateinamerika fürchtet US - Intervention', 'Trump gegen Venezuela : Lateinamerika fürchtet US - Intervention']"
346,35,346_depot_spark_oil_sochi,"['depot', 'spark', 'oil', 'sochi', 'worsening', 'sea', 'terminal', 'black', 'ukrainian', 'burns']","['Ukrainian drones spark fire at Sochi oil depot', 'Ukrainian drones spark fire at Sochi oil depot', 'Ukrainian drones spark fire at Sochi oil depot']"
347,35,347_raw_confirms_north_getting,"['raw', 'confirms', 'north', 'getting', 'clean', 'convinced', 'sent', 'korea', 'koreans', 'cnn']","['North Korea confirms it sent troops to Russia to support its war against Ukraine', 'North Korea confirms it sent troops to Russia to support its war against Ukraine', 'North Korea confirms it sent troops to Russia to support its war against Ukraine']"
348,35,348_gain_same_helped_freedom,"['gain', 'same', 'helped', 'freedom', 'friends', 'defend', 'exchange', 'even', 'prisoner', 'independence']","['How allies have helped the US gain independence , defend freedom and keep the peace – even as the US did the same for our friends - 21 - Feb - 2025', 'How allies have helped the US gain independence , defend freedom and keep the peace – even as the US did the same for our friends - 21 - Feb - 2025', 'How allies have helped the US gain independence , defend freedom and keep the peace – even as the US did the same for our friends - 21 - Feb - 2025']"
349,35,349_guantanamo_bay_177_guantnamo,"['guantanamo', 'bay', '177', 'guantnamo', 'flying', 'deporting', 'transfers', 'flies', 'nobody', 'span']","['US military to begin deporting migrants to Guantanamo Bay', 'US military to begin deporting migrants to Guantanamo Bay', 'US military to begin deporting migrants to Guantanamo Bay']"
350,35,350_hoy_directo_prximo_hora,"['hoy', 'directo', 'prximo', 'hora', 'ltima', 'oriente', 'guerra', 'conflicto', 'siria', 'irn']","['Guerra en Oriente Próximo , hoy en directo | Guerra Israel y Gaza , hoy en directo : última hora del conflicto', 'Guerra en Oriente Próximo , hoy en directo | Guerra Israel y Gaza , hoy en directo : última hora del conflicto', 'Guerra en Oriente Próximo , hoy en directo | Guerra Israel y Gaza , hoy en directo : última hora del conflicto']"
351,35,351_logistics_ratifies_parliament_pact,"['logistics', 'ratifies', 'parliament', 'pact', 'ratify', 'command', 'ahead', 'duma', 'parl', 'emercom']","['Russia Duma ratifies military logistics pact ahead of Putin India visit', 'Russian Parliament Ratifies Key Military Logistics Pact With India Ahead Of President Vladimir Putin Visit', 'Russian Parliament Ratifies Key Military Logistics Pact With India Ahead Of President Vladimir Putin Visit']"
352,34,352_casualties_amsterdam_faltering_suffers,"['casualties', 'amsterdam', 'faltering', 'suffers', 'inexperience', 'station', '700', 'lifeline', 'aiding', 'radio']","['A radio station in Amsterdam is a lifeline for Sudan . After USAID cuts , it faltering', 'A radio station in Amsterdam is a lifeline for Sudan . After USAID cuts , it faltering', 'A radio station in Amsterdam is a lifeline for Sudan . After USAID cuts , it faltering']"
353,34,353_hop_scramble_embassy_desperate,"['hop', 'scramble', 'embassy', 'desperate', 'seek', 'deportees', 'panama', 'asylum', 'desperately', 'go']","['Deportees from the US hop embassy to embassy in Panama in a desperate scramble to seek asylum', 'Deportees from the US hop embassy to embassy in Panama in a desperate scramble to seek asylum', 'Deportees from the US hop embassy to embassy in Panama in a desperate scramble to seek asylum']"
354,34,354_palacio_drusa_presidencial_siria,"['palacio', 'drusa', 'presidencial', 'siria', 'minora', 'bombardea', 'damasco', 'anunci', 'comunidad', 'cerca']","['Israel anunció un bombardeo cerca del palacio presidencial de Siria en respuesta a la violencia contra la comunidad drusa', 'Israel anunció un bombardeo cerca del palacio presidencial de Siria en respuesta a la violencia contra la comunidad drusa', 'Israel anunció un bombardeo cerca del palacio presidencial de Siria en respuesta a la violencia contra la comunidad drusa']"
355,34,355_reiterate_implementation_bahrain_kuna,"['reiterate', 'implementation', 'bahrain', 'kuna', 'sana', 'immediate', 'importance', 'consolidation', 'egypt', 'politics']","['Egypt , Turkey Call for Full Ceasefire Implementation in Gaza - Syrian Arab News Agency ( SANA ) ', 'KUNA : EU , Egypt reiterate support for ceasefire in Gaza , reconstruction efforts - Politics', 'KUNA : EU , Egypt reiterate support for ceasefire in Gaza , reconstruction efforts - Politics']"
356,34,356_tout_vance_crackdown_highlight,"['tout', 'vance', 'crackdown', 'highlight', 'visits', 'mexico', 'tours', 'immigration', 'administration', 'promotes']","['Vance visits the US - Mexico border to tout Trump immigration crackdown', 'Vance visits the US - Mexico border to tout Trump immigration crackdown', 'Vance visits the US - Mexico border to tout Trump immigration crackdown']"
357,34,357_refinery_ablaze_sets_oil,"['refinery', 'ablaze', 'sets', 'oil', 'largest', 'country', 'civil', 'fighting', 'heats', 'khartoum']","['Fighting in Sudan civil war sets ablaze the country largest oil refinery', 'Fighting in Sudan civil war sets ablaze the country largest oil refinery', 'Fighting in Sudan civil war sets ablaze the country largest oil refinery']"
358,34,358_answers_forward_way_seeks,"['answers', 'forward', 'way', 'seeks', 'rubio', 'strike', 'qatar', 'marco', 'tevet', 'syndicate']","['Rubio seeks answers from Israel on way forward in Gaza after Qatar strike', 'Rubio seeks answers from Israel on way forward in Gaza after Qatar strike', 'Rubio seeks answers from Israel on way forward in Gaza after Qatar strike']"
359,34,359_russo_cold_friend_05,"['russo', 'cold', 'friend', '05', 'february', 'become', 'march', '03', 'september', '06']","['Russo - Ukraine War - 05 February 2025', 'Russo - Ukraine War - 05 February 2025', 'Russo - Ukraine War - 05 February 2025']"
360,34,360_steel_raise_tariffs_starmer,"['steel', 'raise', 'tariffs', 'starmer', 'meeting', 'kingdom', 'ceasefire', 'united', 'trump', 'and']","['Starmer to raise Gaza ceasefire and united kingdom steel tariffs in Trump meeting', 'Starmer to raise Gaza ceasefire and united kingdom steel tariffs in Trump meeting', 'Starmer to raise Gaza ceasefire and united kingdom steel tariffs in Trump meeting']"
361,34,361_namibia_chad_carefully_ghana,"['namibia', 'chad', 'carefully', 'ghana', 'chair', 'africa', 'weigh', 'partnerships', 'cnity', '98th']","['Chinese FM to visit Namibia , Republic of the Congo , Chad , Nigeria', 'Chinese FM to visit Namibia , Republic of the Congo , Chad , Nigeria', 'Chinese FM to visit Namibia , Republic of the Congo , Chad , Nigeria']"
362,34,362_quake_usar_php192_kanlaon,"['quake', 'usar', 'php192', 'kanlaon', 'volcano', 'indonesian', 'indonesia', 'sends', 'aftermath', 'aipa']","['Philippines allocates Php192 . 7 - million aid as thousands displaced by Kanlaon Volcano unrest', 'Philippines allocates Php192 . 7 - million aid as thousands displaced by Kanlaon Volcano unrest', 'Philippines allocates Php192 . 7 - million aid as thousands displaced by Kanlaon Volcano unrest']"
363,34,363_miguel_uribe_electoral_atentados,"['miguel', 'uribe', 'electoral', 'atentados', 'marcado', 'bogotazo', 'aspirante', 'atentado', 'presidencial', 'colombiano']","['El adiós del padre de Miguel Uribe , aspirante presidencial colombiano', 'Del  Bogotazo  a Miguel Uribe : los atentados que han marcado la historia electoral de Colombia', 'Del  Bogotazo  a Miguel Uribe : los atentados que han marcado la historia electoral de Colombia']"
364,34,364_litigation_sues_honduran_ongoing,"['litigation', 'sues', 'honduran', 'ongoing', 'stop', 'group', 'legal', 'deport', 'children', 'plan']","['Legal aid group sues to stop U . S . plan to deport Honduran children amid ongoing litigation', 'Legal aid group sues to stop U . S . plan to deport Honduran children amid ongoing litigation', 'Legal aid group sues to stop U . S . plan to deport Honduran children amid ongoing litigation']"
365,34,365_nato_himars_neighbors_betting,"['nato', 'himars', 'neighbors', 'betting', 'nothing', '2029', 'obsolete', 'adams', 'artillery', 'made']","['After watching Ukraine , Russia NATO neighbors are betting big on US - made HIMARS rocket artillery', 'After watching Ukraine , Russia NATO neighbors are betting big on US - made HIMARS rocket artillery', 'After watching Ukraine , Russia NATO neighbors are betting big on US - made HIMARS rocket artillery']"
366,34,366_rwanda_drc_congo_mediated,"['rwanda', 'drc', 'congo', 'mediated', 'submit', 'praises', 'politicizing', 'advance', 'rwandan', 'pathway']","['Trump Praises Congo and Rwanda as They Sign US - Mediated Peace Deal', 'Trump praises Congo and Rwanda as they sign US - mediated peace deal', 'Trump praises Congo and Rwanda as they sign US - mediated peace deal']"
367,34,367_disturbing_knocks_enabler_groundless,"['disturbing', 'knocks', 'enabler', 'groundless', 'parades', 'norm', 'creep', 'dragging', 'expose', 'pows']","['  It Disturbing  – US Says About Chinese Soldiers in Ukraine , Calls China  Enabler  of War', '  It Disturbing  – US Says About Chinese Soldiers in Ukraine , Calls China  Enabler  of War', '  It Disturbing  – US Says About Chinese Soldiers in Ukraine , Calls China  Enabler  of War']"
368,34,368_charting_sticks_guidelines_designing,"['charting', 'sticks', 'guidelines', 'designing', 'durable', 'intelligence', 'road', 'elusive', 'attempts', 'enormously']","['An elusive peace : Charting ceasefire attempts in Ukraine – DW – 05 / 11 / 2025', 'Fighting for Ukraine future : For Khrystyna Kozak , peace studies offers a path to justice for Ukrainians , herself included | News | Notre Dame News', 'Fighting for Ukraine future : For Khrystyna Kozak , peace studies offers a path to justice for Ukrainians , herself included | News | Notre Dame News']"
369,34,369_authoritarian_egypt_focus_economic,"['authoritarian', 'egypt', 'focus', 'economic', 'embraces', 'adherence', 'marking', 'migration', 'marine', 'focuson']","['First EU - Egypt summit to focus on economic ties , migration and Gaza', 'First EU - Egypt summit to focus on economic ties , migration and Gaza', 'First EU - Egypt summit to focus on economic ties , migration and Gaza']"
370,34,370_migranti_italia_albania_centros,"['migranti', 'italia', 'albania', 'centros', 'meloni', 'decreto', 'delleuropa', 'braverman', 'lultimo', 'italianos']","['Migrante trasferito in Albania richiede asilo e viene riportato in Italia lultimo inciampo del governo', 'Migranti in Albania , assist dellEuropa per lItalia : hotspot in Paesi terzi ed espulsioni valide in titta lUe', 'Migranti in Albania , assist dellEuropa per lItalia : hotspot in Paesi terzi ed espulsioni valide in titta lUe']"
371,34,371_optimize_maintain_communication_premier,"['optimize', 'maintain', 'communication', 'premier', 'expand', 'close', 'egypt', 'trade', 'linkages', 'flourish']","['China ready to optimize trade , expand cooperation with Egypt -- premier', 'China ready to optimize trade , expand cooperation with Egypt -- premier', 'China ready to optimize trade , expand cooperation with Egypt -- premier']"
372,34,372_treaties_literature_analyses_bhasin,"['treaties', 'literature', 'analyses', 'bhasin', 'avtar', 'soviet', 'landmark', 'jf', 'analysing', 'friendship']","['In Negotiating India Landmark Treaties , former diplomat Avtar Singh Bhasin analyses landmark treaties with China , the US , Soviet Russia , Sri Lanka and Pakistan | Books and Literature News', 'In Negotiating India Landmark Treaties , former diplomat Avtar Singh Bhasin analyses landmark treaties with China , the US , Soviet Russia , Sri Lanka and Pakistan | Books and Literature News', 'In Negotiating India Landmark Treaties , former diplomat Avtar Singh Bhasin analyses landmark treaties with China , the US , Soviet Russia , Sri Lanka and Pakistan | Books and Literature News']"
373,34,373_istanbul_round_aiming_kick,"['istanbul', 'round', 'aiming', 'kick', 'reiterates', 'mediate', 'second', 'head', 'coordinating', 'dates']","['Ukraine - Russia second - round peace talks kick off in Istanbul aiming to end three - year war', 'Ukraine - Russia second - round peace talks kick off in Istanbul aiming to end three - year war', 'Ukraine - Russia second - round peace talks kick off in Istanbul aiming to end three - year war']"
374,33,374_raised_guinea_papua_concern,"['raised', 'guinea', 'papua', 'concern', 'historic', 'defense', 'treaty', 'that', 'australia', 'sign']","['Australia and Papua New Guinea sign historic defense treaty that raised China concern', 'Australia and Papua New Guinea sign historic defense treaty that raised China concern', 'Australia and Papua New Guinea sign historic defense treaty that raised China concern']"
375,33,375_apec_mou_34_g7,"['apec', 'mou', '34', 'g7', '19', 'un', '', '', '', '']","['李 대통령 , UN 데뷔 무대서 민주 한국 복귀 알리고 에너지 등 실질 협력 구축', '경북도 - 경주시 - 한국아태경제협회 , 글로벌 경제협력 MOU', ' [ 논현논단 ]  글로벌리더 한국  선언한 경주 APEC']"
376,33,376_migrantw_niemcy_polski_wprost,"['migrantw', 'niemcy', 'polski', 'wprost', 'zawrconych', 'nie', 'dane', 'dla', 'orodek', 'przyjmie']","['Porażające dane ! Niemcy zawrócili do Polski 10 tys migrantów', 'Niemcy . Tysiące migrantów zawróconych do Polski . Ukryte statystyki – Wprost', 'Niemcy . Tysiące migrantów zawróconych do Polski . Ukryte statystyki – Wprost']"
377,33,377_singapore_balakrishnan_singaporeans_vivian,"['singapore', 'balakrishnan', 'singaporeans', 'vivian', 'isd', 'isa', 'maliki', 'rlaf', 'radicalisation', 'tranche']","['Singapore charity RLAF hands over $1m in donations to Egyptian Red Crescent for humanitarian aid to Gaza', 'Singapore charity RLAF hands over $1m in donations to Egyptian Red Crescent for humanitarian aid to Gaza', 'Singapore charity RLAF hands over $1m in donations to Egyptian Red Crescent for humanitarian aid to Gaza']"
378,33,378_rejected_albania_detention_centres,"['rejected', 'albania', 'detention', 'centres', 'italy', 'sends', 'centers', 'relocated', 'transfers', 'observers']","['Italy sends rejected migrants to detention centres in Albania', 'Italy sends rejected migrants to detention centres in Albania', 'Italy sends rejected migrants to detention centres in Albania']"
379,33,379_achieve_doesnt_aims_capturing,"['achieve', 'doesnt', 'aims', 'capturing', 'yushchenko', 'goals', 'if', 'kyiv', 'yes', 'want']","['Putin Says Russia Will Achieve Its Ukraine Aims By Force If Kyiv Doesnt Want Peace', 'Putin says Russia will achieve its Ukraine aims by force if Kyiv doesnt want peace', 'Putin Says Russia Will Achieve Its Ukraine Aims By Force If Kyiv Doesnt Want Peace']"
380,33,380_northern_18_soldiers_dead,"['northern', '18', 'soldiers', 'dead', 'palestinians', 'israeli', 'strikes', 'killed', '51', 'tents']","['5 Israeli soldiers killed in northern Gaza and 18 Palestinians dead in Israeli strikes', '5 Israeli soldiers killed in northern Gaza and 18 Palestinians dead in Israeli strikes', '5 Israeli soldiers killed in northern Gaza and 18 Palestinians dead in Israeli strikes']"
381,33,381_airdrop_airdrops_violating_conducts,"['airdrop', 'airdrops', 'violating', 'conducts', 'birds', 'goodnes', 'tonight', 'corridors', 'executes', 'canadian']","['Canada airdrops aid into Gaza , says Israel violating international law', 'Canada airdrops aid into Gaza , says Israel violating international law', 'Canada airdrops aid into Gaza , says Israel violating international law']"
382,33,382_detentions_crossing_returns_channel,"['detentions', 'crossing', 'returns', 'channel', 'under', 'first', 'france', 'deal', 'migrants', 'kingdom']","['First detentions of migrants crossing Channel under united kingdom - France returns deal', 'First detentions of migrants crossing Channel under united kingdom - France returns deal', 'First detentions of migrants crossing Channel under united kingdom - France returns deal']"
383,33,383_cubans_haitians_nicaraguans_nicaragua,"['cubans', 'haitians', 'nicaraguans', 'nicaragua', '532', 'haiti', 'allows', 'revokes', 'venezuelans', 'protections']","['US revokes legal status for 532 , 000 Cubans , Haitians , Nicaraguans , and Venezuelans', 'US revokes legal status for 532 , 000 Cubans , Haitians , Nicaraguans , and Venezuelans', 'US revokes legal status for 532 , 000 Cubans , Haitians , Nicaraguans , and Venezuelans']"
384,33,384_minerals_reparations_fraught_postwar,"['minerals', 'reparations', 'fraught', 'postwar', 'worse', 'signed', 'telegraph', 'procuring', 'negotiated', 'concrete']","['Terms of US - Ukraine minerals agreement worse than Germany postwar reparations – Telegraph', 'Terms of US - Ukraine minerals agreement worse than Germany postwar reparations – Telegraph', 'Terms of US - Ukraine minerals agreement worse than Germany postwar reparations – Telegraph']"
385,33,385_deportaciones_agresivas_transparentes_retornos,"['deportaciones', 'agresivas', 'transparentes', 'retornos', 'recurre', 'presume', 'voluntarios', 'inmigracin', '325r', 'lrtmus']","['MIGRACIÓN ESTADOS UNIDOS | Trump presume de  retornos voluntarios  mientras recurre a deportaciones más agresivas y menos transparentes', 'MIGRACIÓN ESTADOS UNIDOS | Trump presume de  retornos voluntarios  mientras recurre a deportaciones más agresivas y menos transparentes', 'MIGRACIÓN ESTADOS UNIDOS | Trump presume de  retornos voluntarios  mientras recurre a deportaciones más agresivas y menos transparentes']"
386,33,386_ngng_bn_cp_thun,"['ngng', 'bn', 'cp', 'thun', 'tha', 'lnh', 'ai', 'ti', 'manh', 'mong']","['Ông Trump tiết lộ kế hoạch  dọn sạch  Gaza khi lệnh ngừng bắn mong manh bước vào tuần thứ hai', 'Thổ Nhĩ Kỳ hỗ trợ tìm kiếm thi thể tại Gaza giữa lúc lệnh ngừng bắn mong manh', 'Trận giao tranh thử thách lệnh ngừng bắn mong manh ở Gaza']"
387,33,387_modest_swap_istanbul_prisoner,"['modest', 'swap', 'istanbul', 'prisoner', 'pow', 'progress', 'make', 'largest', 'disrupting', 'postponing']","['Ukraine , Russia make modest progress in Istanbul peace talks , agree on largest prisoner swap', 'Ukraine , Russia make modest progress in Istanbul peace talks , agree on largest prisoner swap', 'Ukraine , Russia make modest progress in Istanbul peace talks , agree on largest prisoner swap']"
388,33,388_pahalgam_chocolate_voter_perpetrators,"['pahalgam', 'chocolate', 'voter', 'perpetrators', 'recovered', 'quad', 'ids', 'informs', 'hilakari', 'elements']","['  Voter IDs , Pakistani chocolate recovered from Pahalgam attackers , claims Indian minister', '  Voter IDs , Pakistani chocolate recovered from Pahalgam attackers , claims Indian minister', '  Voter IDs , Pakistani chocolate recovered from Pahalgam attackers , claims Indian minister']"
389,33,389_territory_today_occupied_moon,"['territory', 'today', 'occupied', 'moon', 'alabama', 'thread', '245', 'heard', 'palestinian', 'features']","['Today top news : Occupied Palestinian Territory , Sudan , Ukraine', 'Today top news : Occupied Palestinian Territory , Sudan , Ukraine', 'Today top news : Occupied Palestinian Territory , Sudan , Ukraine']"
390,33,390_finland_fence_finnish_extend,"['finland', 'fence', 'finnish', 'extend', 'completes', '35km', 'expecting', 'latvia', 'km', 'contested']","['Finland completes first 35 km of fence on Russian border', 'Finland to extend ban on migrants from Russia border', 'Finland to extend ban on migrants from Russia border']"
391,33,391_expire_listings_protected_classifieds,"['expire', 'listings', 'protected', 'classifieds', 'rise', 'job', 'local', 'weather', 'transgender', 'manitoba']","['Rise in asylum seekers to Canada as migrant protected status set to expire in U . S . - SteinbachOnline . com - Local news , Weather , Sports , Free Classifieds and Job Listings for Steinbach , Manitoba', 'Rise in asylum seekers to Canada as migrant protected status set to expire in U . S . - PortageOnline . com - Local news , Weather , Sports , Free Classifieds and Job Listings', 'Rise in asylum seekers to Canada as migrant protected status set to expire in U . S . - PortageOnline . com - Local news , Weather , Sports , Free Classifieds and Job Listings']"
392,33,392_desmantelamiento_formaliza_83_programas,"['desmantelamiento', 'formaliza', '83', 'programas', 'usaid', 'elimina', 'ensegundos', 'reorganizacin', 'publishes', 'colored']","['La Nación / EE . UU . formaliza el desmantelamiento de la USAID', 'EEUU formaliza desmantelamiento de la USAID Ensegundos República Dominicana', 'EEUU formaliza desmantelamiento de la USAID Ensegundos República Dominicana']"
393,33,393_genocidal_acts_sexual_prosecuted,"['genocidal', 'acts', 'sexual', 'prosecuted', 'experts', 'accuse', 'gender', 'classified', 'backlog', 'argue']","['UN Experts Accuse Israel of Genocidal Acts and Sexual Violence in Gaza - Israel News', 'UN Experts Accuse Israel of Genocidal Acts and Sexual Violence in Gaza', 'UN Experts Accuse Israel of Genocidal Acts and Sexual Violence in Gaza']"
394,32,394_strategic_parliament_comprehensive_oilfields,"['strategic', 'parliament', 'comprehensive', 'oilfields', 'partnership', 'treaty', '4bn', 'sign', 'iran', 'expansion']","['Russia , Iran to sign  comprehensive strategic partnership  treaty', 'Russia , Iran sign strategic partnership treaty', 'Russia , Iran sign strategic partnership treaty']"
395,32,395_capsized_climbs_recovered_bodies,"['capsized', 'climbs', 'recovered', 'bodies', 'rampant', 'malaysia', 'bangladeshi', '196', 'labor', 'abuses']","['Death toll from capsized boat with Myanmar migrants climbs to 27 as more bodies recovered', 'Death toll from capsized boat with Myanmar migrants climbs to 27 as more bodies recovered', 'Death toll from capsized boat with Myanmar migrants climbs to 27 as more bodies recovered']"
396,32,396_blocs_slam_islamic_impose,"['blocs', 'slam', 'islamic', 'impose', 'agricultural', 'full', 'control', 'arab', 'id', 'worker']","['Arab , Islamic blocs slam Israel plan to impose full military control over Gaza', 'Arab , Islamic blocs slam Israel plan to impose full military control over Gaza', 'Arab , Islamic blocs slam Israel plan to impose full military control over Gaza']"
397,32,397_ramadan_healthcare_inks_corps,"['ramadan', 'healthcare', 'inks', 'corps', 'uae', 'medical', 'inflation', 'eclipsed', 'igad', 'chad']","['UAE inks agreement to support people of Sudan in healthcare with International Medical Corps', 'UAE inks agreement to support people of Sudan in healthcare with International Medical Corps', 'UAE inks agreement to support people of Sudan in healthcare with International Medical Corps']"
398,32,398_retaliates_airstrikes_civilians_rocket,"['retaliates', 'airstrikes', 'civilians', 'rocket', 'killing', 'lebanon', 'two', 'attack', 'after', 'with']","['Israel retaliates with airstrikes on Lebanon after rocket attack , killing two civilians', 'Israel retaliates with airstrikes on Lebanon after rocket attack , killing two civilians', 'Israel retaliates with airstrikes on Lebanon after rocket attack , killing two civilians']"
399,32,399_month_begin_returns_this,"['month', 'begin', 'returns', 'this', 'under', 'first', 'migrant', 'france', 'kingdom', 'deal']","['First migrant returns under united kingdom - France deal  to begin this month  ', 'First migrant returns under united kingdom - France deal  to begin this month  ', 'First migrant returns under united kingdom - France deal  to begin this month  ']"
400,32,400_harus_serangan_bersuara_dinilai,"['harus', 'serangan', 'bersuara', 'dinilai', 'kompensasi', 'perburuk', 'situasi', 'tegas', 'atas', 'militer']","['Serangan Israel - Iran Perburuk Situasi Global , Indonesia Dinilai Harus Bersuara Tegas', 'Serangan Israel - Iran Perburuk Situasi Global , Indonesia Dinilai Harus Bersuara Tegas', 'Serangan Israel - Iran Perburuk Situasi Global , Indonesia Dinilai Harus Bersuara Tegas']"
401,32,401_usaid_globe_inspector_dismantling,"['usaid', 'globe', 'inspector', 'dismantling', 'eliminate', 'absorb', 'department', 'turnout', 'taipei', 'voter']","['USAID has big impact across the globe', 'State Department Moves to Eliminate USAID , Absorb Job Operations', 'State Department Moves to Eliminate USAID , Absorb Job Operations']"
402,32,402_hits_rocket_following_lebanon,"['hits', 'rocket', 'following', 'lebanon', 'two', 'back', 'killed', 'attack', 'at', 'as']","['Two killed as Israel hits back at Lebanon following rocket attack', 'Two killed as Israel hits back at Lebanon following rocket attack', 'Two killed as Israel hits back at Lebanon following rocket attack']"
403,32,403_productive_wto_shrink_king,"['productive', 'wto', 'shrink', 'king', 'abdullah', 'erdogan', 'abandoning', 'bombing', 'call', 'jordan']","['WTO warns Trump tariffs could shrink world trade , US warns of abandoning Ukraine - Russia peace efforts , Israel continues bombing Gaza : The world this week', 'WTO warns Trump tariffs could shrink world trade , US warns of abandoning Ukraine - Russia peace efforts , Israel continues bombing Gaza : The world this week', 'WTO warns Trump tariffs could shrink world trade , US warns of abandoning Ukraine - Russia peace efforts , Israel continues bombing Gaza : The world this week']"
404,32,404_inmigrantes_atencin_estos_inmigrante,"['inmigrantes', 'atencin', 'estos', 'inmigrante', 'abril', 'partir', 'norma', 'comunitarios', 'reciban', 'ssa']","['Atención , inmigrante en Indiana : estas organizaciones te ofrecen ayuda gratuita para asistencia legal y servicios comunitarios', 'Seguro Social en Estados Unidos : SSA prepara nueva norma para que inmigrantes con estos años en el país no reciban SSI', 'Seguro Social en Estados Unidos : SSA prepara nueva norma para que inmigrantes con estos años en el país no reciban SSI']"
405,32,405_hostages_pause_mediators_release,"['hostages', 'pause', 'mediators', 'release', 'some', 'agree', 'hamas', 'remaining', 'violations', 'delay']","['Israel and Hamas agree to ceasefire deal to pause Gaza war and release some hostages , mediators say', 'Gaza ceasefire : Israel and Hamas agree to ceasefire deal to pause Gaza war and release some hostages , mediators say', 'Gaza ceasefire : Israel and Hamas agree to ceasefire deal to pause Gaza war and release some hostages , mediators say']"
406,32,406_iranians_tehran_am_newsradio,"['iranians', 'tehran', 'am', 'newsradio', '100', '1410', 'radio', 'deport', '101', '104']","['US To Deport Over 100 Iranians In Deal With Tehran | NewsRadio 1370 AM & 92 . 9 FM WSPD', 'US To Deport Over 100 Iranians In Deal With Tehran | News Radio 1410 AM & 100 . 9 FM', 'US To Deport Over 100 Iranians In Deal With Tehran | News Radio 1410 AM & 100 . 9 FM']"
407,32,407_vanuatu_10m_earthquake_boost,"['vanuatu', '10m', 'earthquake', 'boost', 'australia', '7m', 'usd500', 'vt450m', '00', 'magnitude']","['Australia $10m boost for Vanuatu after earthquake', 'Australia $10m boost for Vanuatu after earthquake', 'Australia $10m boost for Vanuatu after earthquake']"
408,32,408_determination_express_cyprus_further,"['determination', 'express', 'cyprus', 'further', 'alliance', 'greece', 'strengthen', 'bondi', 'their', 'formalize']","['Israel , Cyprus , Greece express determination to further strengthen their alliance', 'Israel , Cyprus , Greece express determination to further strengthen their alliance', 'Israel , Cyprus , Greece express determination to further strengthen their alliance']"
409,32,409_112_freely_depriving_panama,"['112', 'freely', 'depriving', 'panama', 'allow', 'freedom', '119', 'move', 'deported', 'country']","['Panama to allow 112 migrants deported from the US to move about freely in the country', 'Panama to allow 112 migrants deported from the US to move about freely in the country', 'Panama to allow 112 migrants deported from the US to move about freely in the country']"
410,32,410_dominant_issue_european_illegal,"['dominant', 'issue', 'european', 'illegal', 'meet', 'leaders', 'migration', 'pm', 'as', 'and']","['Illegal migration and Ukraine  dominant issue as European leaders meet – PM', 'Illegal migration and Ukraine  dominant issue as European leaders meet – PM', 'Illegal migration and Ukraine  dominant issue as European leaders meet – PM']"
411,32,411_territory_today_occupied_democratic,"['territory', 'today', 'occupied', 'democratic', 'palestinian', 'top', 'ecuador', 'congo', 'syria', 'republic']","['Today top news : Occupied Palestinian Territory , Syria , Sudan , Ukraine , Myanmar', 'Today top news : Occupied Palestinian Territory , Syria , Sudan , Ukraine , Myanmar', 'Today top news : Occupied Palestinian Territory , Syria , Sudan , Ukraine , Myanmar']"
412,32,412_imposes_committed_rebel_genocide,"['imposes', 'committed', 'rebel', 'genocide', 'sudanese', 'force', 'sanctions', 'group', 'has', 'leaders']","['US says Sudanese rebel force has committed genocide , and it imposes sanctions on the group leaders', 'US says Sudanese rebel force has committed genocide , and it imposes sanctions on the group leaders', 'US says Sudanese rebel force has committed genocide , and it imposes sanctions on the group leaders']"
413,32,413_militias_casualties_mount_stronghold,"['militias', 'casualties', 'mount', 'stronghold', 'civilian', 'local', 'army', 'militia', 'allied', 'last']","['Civilian Casualties Mount in South Sudan amid Fighting between Army and Local Militias', 'Civilian casualties mount in South Sudan amid fighting between army and local militias', 'Civilian casualties mount in South Sudan amid fighting between army and local militias']"
414,31,414_fanget_nordkoreanske_zelenskyj_soldater,"['fanget', 'nordkoreanske', 'zelenskyj', 'soldater', 'har', 'mbshtesin', 'fastslr', 'fredsforhandlinger', 'ukrainasve', 'reelle']","['Zelenskyj : Ukraine har fanget to nordkoreanske soldater', 'Zelenskyj : Ukraine har fanget to nordkoreanske soldater', 'Zelenskyj : Ukraine har fanget to nordkoreanske soldater']"
415,31,415_derailing_stunned_announcements_revised,"['derailing', 'stunned', 'announcements', 'revised', 'envoys', 'europeans', 'brands', 'unafraid', 'europe', 'resolutions']","['  We are ready : Putin warns Europe against derailing Ukraine peace talks ; US envoys arrive with revised plan', '  We are ready : Putin warns Europe against derailing Ukraine peace talks ; US envoys arrive with revised plan', '  We are ready : Putin warns Europe against derailing Ukraine peace talks ; US envoys arrive with revised plan']"
416,31,416_driver_fair_development_broaden,"['driver', 'fair', 'development', 'broaden', 'amicable', 'navigating', 'role', 'beautiful', '250th', 'neighboring']","['A fair driver of peace by diplomacy and development -- China 2025 role in the Middle East', 'A fair driver of peace by diplomacy and development -- China 2025 role in the Middle East', 'A fair driver of peace by diplomacy and development -- China 2025 role in the Middle East']"
417,31,417_syrie_soueda_combats_soueida,"['syrie', 'soueda', 'combats', 'soueida', 'meurtriers', 'gouvernementales', 'entrent', 'ville', 'intrim', 'continuent']","['Syrie . Les forces gouvernementales entrent dans la ville de Soueïda après des combats meurtriers', 'Syrie . Les forces gouvernementales entrent dans la ville de Soueïda après des combats meurtriers', 'Syrie . Les forces gouvernementales entrent dans la ville de Soueïda après des combats meurtriers']"
418,31,418_gazassa_siviilej_armeija_avustuspisteill,"['gazassa', 'siviilej', 'armeija', 'avustuspisteill', 'kiisti', 'tulittaneensa', 'israelin', 'ei', 'tavarakaupan', 'avaavansa']","['Israelin armeija kiisti tulittaneensa siviilejä avustuspisteillä Gazassa', 'Israelin armeija kiisti tulittaneensa siviilejä avustuspisteillä Gazassa', 'Israelin armeija kiisti tulittaneensa siviilejä avustuspisteillä Gazassa']"
419,31,419_unicef_suffering_siege_epicentre,"['unicef', 'suffering', 'siege', 'epicentre', 'besieged', 'starving', 'child', 'children', '825', 'unimaginable']","['Besieged city in Sudan has become  an epicentre of child suffering , UNICEF warns – Winnipeg Free Press', 'Besieged city in Sudan has become  an epicentre of child suffering , UNICEF warns', 'Besieged city in Sudan has become  an epicentre of child suffering , UNICEF warns']"
420,31,420_flights_resumes_venezuela_tantrum,"['flights', 'resumes', 'venezuela', 'tantrum', 'debuts', 'resists', 'maduro', 'transparency', 'routes', 'unjust']","['US resumes deportation flights to Venezuela', 'US resumes deportation flights to Venezuela', 'US resumes deportation flights to Venezuela']"
421,31,421_centenar_inversa_xodo_regresa,"['centenar', 'inversa', 'xodo', 'regresa', 'cada', 'autorizar', 'respetada', 'regresaron', 'dignidad', 'colombiano']","['Un éxodo a la inversa : cerca de un centenar de migrantes regresa cada día a Colombia desde Estados Unidos y México', 'Un éxodo a la inversa : cerca de un centenar de migrantes regresa cada día a Colombia desde Estados Unidos y México', 'Un éxodo a la inversa : cerca de un centenar de migrantes regresa cada día a Colombia desde Estados Unidos y México']"
422,31,422_weekslong_ramps_offensive_bank,"['weekslong', 'ramps', 'offensive', 'bank', 'west', 'flaring', 'up', 'hidden', 'annex', 'surged']","['Israel ramps up weekslong offensive in West Bank', 'Israel ramps up weekslong offensive in West Bank', 'Israel ramps up weekslong offensive in West Bank']"
423,31,423_card_green_obtener_uscis,"['card', 'green', 'obtener', 'uscis', 'residencia', 'podrn', 'estos', 'requisitos', 'permanente', 'evitar']","['Muy malas noticias para inmigrantes en Estados Unidos : ciudadanos de estos 4 países no podrán obtener la Green Card por esta razón', 'Green Card 2025 : las 5 opciones para obtener la residencia permanente en Estados Unidos', 'US Green Card : Trump pauses some Green Card applications in a bid to boost vetting']"
424,31,424_80___,"['80', '', '', '', '', '', '', '', '', '']","['新民环球年终特刊⑧｜一个  没有美国的全球治理体系  正成形', '中华人民共和国和俄罗斯联邦在纪念中国人民抗日战争 、 苏联伟大卫国战争胜利和联合国成立80周年之际关于进一步深化中俄新时代全面战略协作伙伴关系的联合声明 - 中国农网', '中华人民共和国和俄罗斯联邦在纪念中国人民抗日战争 、 苏联伟大卫国战争胜利和联合国成立80周年之际关于进一步深化中俄新时代全面战略协作伙伴关系的联合声明']"
425,31,425_sabotear_qatar_doha_centrar,"['sabotear', 'qatar', 'doha', 'centrar', 'negociaciones', 'reanudan', 'envoie', 'destruccin', 'hams', 'regionalizacin']","['Israel y Hamás se acusan mutuamente de sabotear negociaciones en Qatar', 'Israel y Hamás se acusan de sabotear negociaciones en Qatar', 'Israel y Hamás se acusan de sabotear negociaciones en Qatar']"
426,31,426_plains_inaugurates_connecting_rail,"['plains', 'inaugurates', 'connecting', 'rail', 'ambitious', 'project', 'kashmir', 'brink', 'teeter', 'indiaand']","['Modi inaugurates ambitious rail project connecting Kashmir to Indian plains', 'Modi inaugurates ambitious rail project connecting Kashmir to Indian plains', 'Modi inaugurates ambitious rail project connecting Kashmir to Indian plains']"
427,31,427_vow_stronger_kim_precious,"['vow', 'stronger', 'kim', 'precious', 'ahead', 'asset', 'korea', 'north', 'eurasian', 'message']","['Putin , North Korea Kim vow stronger ties ahead of US - Russia summit', 'Putin , North Korea Kim vow stronger ties ahead of US - Russia summit', 'Putin , North Korea Kim vow stronger ties ahead of US - Russia summit']"
428,31,428_ironclad_rubio_secretary_farhan,"['ironclad', 'rubio', 'secretary', 'farhan', 'faisal', 'manalo', 'affirms', 'delicate', 'visiting', 'dry']","['Trump top diplomat Rubio affirms  ironclad  US commitment to Philippines amid China threat', 'Trump top diplomat Rubio affirms  ironclad  US commitment to Philippines amid China threat', 'Trump top diplomat Rubio affirms  ironclad  US commitment to Philippines amid China threat']"
429,31,429_650_800__,"['650', '800', '', '', '', '', '', '', '', '']","['قمة مصرية قطرية بالدوحة .. السيسي وتميم يبحثان تعزيز التعاون في شتى المجالات .. يناقشان تطورات القضية الفلسطينية والجهود المبذولة لوقف إطلاق النار في غزة .. وشراكة قوية تجمع القاهرة والدوحة', 'وزيرة التضامن : مصر في مقدمة الداعمين للشعب الفلسطيني .. المساعدات وصلت إلى أكثر من 650 ألف طن .. لم تنقطع الإغاثة طوال 800 يوم متواصلة .. ونقدم الدعم النفسي والاجتماعي للنساء والأطفال', 'وزيرة التضامن : مصر في مقدمة الداعمين للشعب الفلسطيني .. المساعدات وصلت إلى أكثر من 650 ألف طن .. لم تنقطع الإغاثة طوال 800 يوم متواصلة .. ونقدم الدعم النفسي والاجتماعي للنساء والأطفال']"
430,31,430_161_45_focac_35,"['161', '45', 'focac', '35', '22', '75', 'asean', '15', '11', 'uae']","['ASEAN関連高級実務者会合が近く開催 中国からの出席状況と会議への期待について外交部が説明 -- 人民網日本語版 -- 人民日報', '中国が絶対量での排出削減目標を初提示 外交部が状況を説明 -- 人民網日本語版 -- 人民日報', '中国 ・ カンボジア ・ タイが外相会談 -- 人民網日本語版 -- 人民日報']"
431,31,431_155_supplying_hundred_widening,"['155', 'supplying', 'hundred', 'widening', 'chinese', 'responds', 'identified', 'seized', 'captured', 'claims']","['Zelensky claims 155 Chinese fighting for Russia in Ukraine', 'Zelensky claims 155 Chinese fighting for Russia in Ukraine', 'Zelensky claims 155 Chinese fighting for Russia in Ukraine']"
432,31,432_unhcr_affected_those_signs,"['unhcr', 'affected', 'those', 'signs', 'response', 'uae', 'agreement', 'support', 'humanitarian', 'conflict']","['UAE signs agreement with UNHCR to support humanitarian response for those affected by conflict in Sudan', 'UAE signs agreement with UNHCR to support humanitarian response for those affected by conflict in Sudan', 'UAE signs agreement with UNHCR to support humanitarian response for those affected by conflict in Sudan']"
433,31,433_minerals_mineral_fantasy_operating,"['minerals', 'mineral', 'fantasy', 'operating', 'contamination', 'lacks', 'mine', 'code', 'unlocking', 'fund']","['Ukraine passes Budget Code changes to implement US mineral deal', 'Ukraine passes Budget Code changes to implement US mineral deal', 'Ukraine passes Budget Code changes to implement US mineral deal']"
434,31,434_eve_66_tops_working,"['eve', '66', 'tops', 'working', 'toll', 'death', 'netanyahu', 'meeting', 'plan', '000']","['Netanyahu says Israel working on ceasefire plan on eve of Trump meeting . Gaza death toll tops 66 , 000', 'Netanyahu says Israel working on ceasefire plan on eve of Trump meeting . Gaza death toll tops 66 , 000', 'Netanyahu says Israel working on ceasefire plan on eve of Trump meeting . Gaza death toll tops 66 , 000']"
435,31,435_oman_cepa_outlines_bahrain,"['oman', 'cepa', 'outlines', 'bahrain', 'maritime', 'deeper', 'roadmap', 'energy', 'amend', 'statement']","['India - Oman joint statement outlines roadmap for deeper cooperation across trade , energy , maritime security and people - to - people ties', 'India Oman FTA : भारत - ओमान के बीच समुद्री सहयोग मजबूत , सुरक्षा और व्यापार को लेकर साझा विजन पर सहमति - india and oman deepen maritime cooperation alongside cepa', 'India – Oman Joint Statement during the visit of PM to Oman']"
436,31,436_refugees_espionage_afghan_tajikistan,"['refugees', 'espionage', 'afghan', 'tajikistan', 'forcible', '860', 'forced', 'hundreds', 'concerning', 'karachi']","['Iran deportation drive targets Afghan refugees amid Israel espionage allegations – Firstpost', 'Iran deportation drive targets Afghan refugees amid Israel espionage allegations – Firstpost', 'Iran deportation drive targets Afghan refugees amid Israel espionage allegations – Firstpost']"
437,31,437_maryland_wrongly_salvador_orders,"['maryland', 'wrongly', 'salvador', 'orders', 'man', 'judge', 'return', 'deported', 'appointed', 'telepathically']","['Judge orders return of wrongly deported Maryland man to US from El Salvador', 'Judge orders return of wrongly deported Maryland man to US from El Salvador', 'Judge orders return of wrongly deported Maryland man to US from El Salvador']"
438,31,438_anxious_germany_away_showing,"['anxious', 'germany', 'away', 'showing', 'schadenfreude', 'groaning', 'done', 'seekers', 'austerity', 'halved']","['Germany asylum seekers anxious over Merz immigration plans', 'Germany Asylum Seekers Anxious Over Merz Immigration Plans', 'Germany asylum seekers anxious over Merz immigration plans']"
439,31,439_customs_uae_easier_easing,"['customs', 'uae', 'easier', 'easing', 'businesses', 'mobility', '10bn', 'issuance', 'recorder', 'target']","['India , UAE to make mobility easier for workers , tourists and businesses', 'UAE : Abu Dhabi Customs , Japan Customs explore new avenues to facilitate trade , support economic growth', 'UAE : Abu Dhabi Customs , Japan Customs explore new avenues to facilitate trade , support economic growth']"
440,31,440_pows_kyiv_swap_prisoner,"['pows', 'kyiv', 'swap', 'prisoner', 'exchanged', 'stage', 'major', 'attacked', 'hundreds', 'begin']","['Russia strikes Kyiv as hundreds more POWs exchanged with Ukraine', 'Russia strikes Kyiv as hundreds more POWs exchanged with Ukraine', 'Russia strikes Kyiv as hundreds more POWs exchanged with Ukraine']"
441,30,441_bangkok_asean_whatever_mechanism,"['bangkok', 'asean', 'whatever', 'mechanism', 'join', 'post', 'necessary', 'phar', 'beng', 'dtente']","['Vietnam ready to join ASEAN mechanism to enforce Cambodia – Thailand ceasefire : PM', 'Bangkok Post - US - Russia détente will impact Asean', 'Bangkok Post - US - Russia détente will impact Asean']"
442,30,442_fearing_lose_exiles_reach,"['fearing', 'lose', 'exiles', 'reach', 'hope', 'beijing', 'long', 'deliver', 'phnom', 'penh']","['China exiles in Thailand lose hope , fearing Beijing long reach', 'China exiles in Thailand lose hope , fearing Beijing long reach', 'China Exiles In Thailand Lose Hope , Fearing Beijing Long Reach']"
443,30,443_normalise_optimism_bring_steps,"['normalise', 'optimism', 'bring', 'steps', 'normalize', 'yi', 'wang', 'proactive', 'ties', 'minister']","['Russian and US steps to normalise ties bring optimism , China foreign minister says', 'Russian and US steps to normalise ties bring optimism , China foreign minister says', 'Russian and US steps to normalise ties bring optimism , China foreign minister says']"
444,30,444_gescheitert_taliban_friedensgesprche_tolerance,"['gescheitert', 'taliban', 'friedensgesprche', 'tolerance', 'atma', 'dhaawac', 'ay', 'dhashay', 'dhimasho', 'iyo']","['Pakistan : Friedensgespräche mit Taliban - Afghanistan gescheitert', 'Dhimasho iyo dhaawac ka dhashay weerar ay Taliban ku qaaday Pakistan - Jowhar News Leader', 'Dhimasho iyo dhaawac ka dhashay weerar ay Taliban ku qaaday Pakistan - Jowhar News Leader']"
445,30,445_hunger_corruption_spreads_famine,"['hunger', 'corruption', 'spreads', 'famine', 'fuel', 'bound', 'update', 'brief', 'cuts', 'millions']","['  Children are bound to die : Corruption , aid cuts and violence fuel a hunger crisis in South Sudan', '  Children are bound to die : Corruption , aid cuts and violence fuel a hunger crisis in South Sudan', '  Children are bound to die : Corruption , aid cuts and violence fuel a hunger crisis in South Sudan | World']"
446,30,446_lipulekh_ressortissants_centaines_oli,"['lipulekh', 'ressortissants', 'centaines', 'oli', 'nepal', 'chinois', 'asserting', 'uproar', 'lipu', 'objection']","['Uproar in Kathmandu : Nepal fumes as India and China quietly revive trade through contested Lipulekh', 'Uproar in Kathmandu : Nepal fumes as India and China quietly revive trade through contested Lipulekh', 'Uproar in Kathmandu : Nepal fumes as India and China quietly revive trade through contested Lipulekh']"
447,30,447_guarantors_renewed_warn_brink,"['guarantors', 'renewed', 'warn', 'brink', 'prevent', 'investigators', 'try', 'south', 'falters', 'oversight']","['South Sudan peace guarantors warn against renewed violence', 'South Sudan peace guarantors warn against renewed violence', 'South Sudan peace guarantors warn against renewed violence']"
448,30,448_ngociations_prte_acclrer_inconditionnel,"['ngociations', 'prte', 'acclrer', 'inconditionnel', 'formats', 'mener', 'exhorte', 'paix', 'estime', 'jours']","['Guerre en Ukraine : Trump appelle à un  cessez - le - feu inconditionnel de 30 jours  , Kiev  prête  à mener  tous formats de négociations  avec Moscou', 'Guerre en Ukraine : Trump appelle à un  cessez - le - feu inconditionnel de 30 jours  , Kiev  prête  à mener  tous formats de négociations  avec Moscou', 'Guerre en Ukraine : Trump appelle à un  cessez - le - feu inconditionnel de 30 jours  , Kiev  prête  à mener  tous formats de négociations  avec Moscou']"
449,30,449_rockets_fired_fires_targets,"['rockets', 'fired', 'fires', 'targets', 'response', 'lebanon', 'beirut', 'attacking', 'hezbollah', 'suburbs']","['Israel fires on Lebanon in response to rockets fired at Israeli targets', 'Israel fires on Lebanon in response to rockets fired at Israeli targets', 'Israel fires on Lebanon in response to rockets fired at Israeli targets']"
450,30,450_damages_compensation_repatriated_approve,"['damages', 'compensation', 'repatriated', 'approve', 'mourns', 'bodies', '34', 'body', '31', 'rises']","['Ukraine and 34 other countries approve compensation body for damages from Russia invasion', 'Ukraine and 34 other countries approve compensation body for damages from Russia invasion', 'Ukraine and 34 other countries approve compensation body for damages from Russia invasion']"
451,30,451_australian_readies_commits_boosts,"['australian', 'readies', 'commits', 'boosts', 'forms', 'australia', 'additional', 'loss', 'hopes', 'draws']","['Hamas readies for Gaza talks US hopes will halt war', 'Australian PM hails Gaza ceasefire as  step towards peace  but mourns devastating loss of life | Australian politics', 'Australian PM hails Gaza ceasefire as  step towards peace  but mourns devastating loss of life | Australian politics']"
452,30,452_afghans_mistreatment_expulsions_forced,"['afghans', 'mistreatment', 'expulsions', 'forced', 'decry', 'drive', 'continued', 'intensified', 'ramps', 'overlook']","['Over 200 , 000 Afghans forced to leave Pakistan amid intensified deportation drive ; Iran ramps up expulsions too', 'Over 200 , 000 Afghans forced to leave Pakistan amid intensified deportation drive ; Iran ramps up expulsions too', 'Over 200 , 000 Afghans forced to leave Pakistan amid intensified deportation drive ; Iran ramps up expulsions too']"
453,30,453_wave_stall_airstrikes_across,"['wave', 'stall', 'airstrikes', 'across', 'launches', 'deadly', 'killing', 'blitz', '200', 'strip']","['Israel launches deadly wave of airstrikes across Gaza after ceasefire talks stall', 'Israel launches deadly wave of airstrikes across Gaza after ceasefire talks stall', 'Israel launches deadly wave of airstrikes across Gaza after ceasefire talks stall']"
454,30,454_museum_jewish_dc_staff,"['museum', 'jewish', 'dc', 'staff', 'near', 'embassy', 'members', 'staffers', 'shooting', 'murder']","['2 staff members of Israeli Embassy killed in shooting near Jewish museum in DC', '2 staff members of Israeli Embassy killed in shooting near Jewish museum in DC', '2 staff members of Israeli Embassy killed in shooting near Jewish museum in DC']"
455,30,455_dubai_chabahar_misri_prabhasakshi,"['dubai', 'chabahar', 'misri', 'prabhasakshi', 'acting', 'port', 'taliban', 'featuring', 'twice', 'muttaqi']","['Foreign Secretary Misri meets acting Afghan foreign minister Muttaqi in Dubai', 'Foreign Secretary Misri Meets Acting Afghan Foreign Minister Muttaqi In Dubai', 'Indian Foreign Sec Misri Meets Muttaqi In Dubai , Agree To Boost Chabahar Port For Trade And Humanitarian Aid']"
456,30,456_purchases_imports_funder_primary,"['purchases', 'imports', 'funder', 'primary', 'oil', 'uninterrupted', 'discounted', 'fuel', 'unaffected', 'energy']","['Trump calls India , China  primary funder of Ukraine conflict , demands NATO countries to halt Russian energy purchases', 'Trump calls India , China  primary funder of Ukraine conflict , demands NATO countries to halt Russian energy purchases', 'Trump calls India , China  primary funder of Ukraine conflict , demands NATO countries to halt Russian energy purchases']"
457,30,457_attendees_secgen_parade_unprecedented,"['attendees', 'secgen', 'parade', 'unprecedented', 'unity', 'xi', 'qiang', 'shanghai', 'show', 'discriminatory']","['Xi meets Kim a day after unprecedented show of unity with Putin at Chinese military parade', 'Xi meets Kim a day after unprecedented show of unity with Putin at Chinese military parade', 'Xi meets Kim a day after unprecedented show of unity with Putin at Chinese military parade']"
458,30,458_signaling_via_iran_putin,"['signaling', 'via', 'iran', 'putin', 'russia', 'israel', 'to', '', '', '']","['Israel signaling to Iran via Russia Putin', 'Israel signaling to Iran via Russia Putin', 'Israel signaling to Iran via Russia Putin']"
459,30,459_deteriorated_relationship_stands_public,"['deteriorated', 'relationship', 'stands', 'public', 'strong', 'health', 'relations', 'afghanistan', 'minister', 'with']","['  Strong relationship with India , relations with Pakistan stands deteriorated ...: Afghanistan Minister of Public Health', '  Strong relationship with India , relations with Pakistan stands deteriorated ...: Afghanistan Minister of Public Health', '  Strong relationship with India , relations with Pakistan stands deteriorated ...: Afghanistan Minister of Public Health']"
460,30,460_panam_canal_ejercicios_darin,"['panam', 'canal', 'ejercicios', 'darin', 'gira', 'ampliacin', 'coln', 'entendimiento', 'donacin', 'centrada']","['Ejercicios del Comando Sur en conjunto con Panamá : ¿ Cómo perciben los panameños la relación con Estados Unidos ? ', 'Rubio visita Centroamérica , su primera gira centrada en el Canal de Panamá', 'Marco Rubio visita Centroamérica en su primera gira centrada en deportaciones y el Canal de Panamá']"
461,30,461_brn_meldes_drbt_droneangreb,"['brn', 'meldes', 'drbt', 'droneangreb', 'mod', 'brnehaveklasse', 'efter', 'fordmmer', 'sig', 'ud']","['33 børn meldes dræbt efter droneangreb på børnehaveklasse i Sudan', '33 børn meldes dræbt efter droneangreb på børnehaveklasse i Sudan', '33 børn meldes dræbt efter droneangreb på børnehaveklasse i Sudan']"
462,30,462_minute_last_fight_secretary,"['minute', 'last', 'fight', 'secretary', 'home', 'vows', 'claim', 'deportations', 'against', 'france']","['Home Secretary vows to fight  last - minute claim against united kingdom - France deportations', 'Home Secretary vows to fight  last - minute claim against united kingdom - France deportations', 'Home Secretary vows to fight  last - minute claim against united kingdom - France deportations']"
463,30,463_erdogan_every_pave_step,"['erdogan', 'every', 'pave', 'step', 'ready', 'istanbul', 'eurofighter', 'positively', 'trkiye', 'june']","['Turkey ready to support Russia - Ukraine peace talks at every step : Erdogan', 'Turkey ready to support Russia - Ukraine peace talks at every step : Erdogan', 'Turkey ready to support Russia - Ukraine peace talks at every step : Erdogan']"
464,30,464_bus_jerusalem_injured_shooting,"['bus', 'jerusalem', 'injured', 'shooting', 'stop', '12', 'attackers', 'multiple', 'killed', 'higgins']","['6 killed , 12 injured in Jerusalem bus stop shooting', '6 killed , 12 injured in Jerusalem bus stop shooting', '6 killed , 12 injured in Jerusalem bus stop shooting']"
465,30,465_unnerves_shielded_exiles_cuban,"['unnerves', 'shielded', 'exiles', 'cuban', 'long', 'crackdown', 'immigration', 'deportation', 'cynicism', 'dreads']","['Trump immigration crackdown unnerves Cuban exiles long shielded from deportation', 'Trump immigration crackdown unnerves Cuban exiles long shielded from deportation', 'Trump immigration crackdown unnerves Cuban exiles long shielded from deportation']"
466,30,466_2014_body_soldier_belongs,"['2014', 'body', 'soldier', 'belongs', 'receives', 'said', 'bodies', 'returned', 'gazathe', 'hands']","['Israel receives body said to be of soldier killed in Gaza in 2014 conflict', 'Israel receives body said to be of soldier killed in Gaza in 2014 conflict', 'Israel receives body said to be of soldier killed in Gaza in 2014 conflict']"
467,30,467_engagements_achievements_mea_highlights,"['engagements', 'achievements', 'mea', 'highlights', 'diplomatic', '2024', 'key', 'report', 'upsc', 'equinoxes']","['MEA report 2024 highlights India key diplomatic engagements , achievements', 'MEA report 2024 highlights India key diplomatic engagements , achievements', 'MEA report 2024 highlights India key diplomatic engagements , achievements']"
468,30,468_somalia_somali_hassan_strengthens,"['somalia', 'somali', 'hassan', 'strengthens', 'influence', 'exploration', 'onshore', 'mogadishu', 'turkeyreaffirms', 'extremists']","['Somalia : Somali PM Meets Chinese Ambassador to Bolster Bilateral Ties', 'Somalia : Somali PM Meets Chinese Ambassador to Bolster Bilateral Ties', 'Somalia : Somali PM Meets New EU Ambassador to Strengthen Bilateral Ties']"
469,30,469_palace_khartoum_republican_presidential,"['palace', 'khartoum', 'republican', 'presidential', 'retaking', 'buildings', 'retaken', 'recaptures', 'army', 'seizes']","['Sudan army says it seized more key buildings in Khartoum after retaking Republican Palace', 'Sudan army says it seized key buildings in Khartoum after retaking the Republican Palace', 'Sudan army says it has control of presidential palace in Khartoum']"
470,30,470_freezes_worldwide_programs_department,"['freezes', 'worldwide', 'programs', 'department', 'freeze', 'nearly', 'himalaya', 'aidleaves', 'funding', 'foreign']","['State Department freezes new funding for nearly all US aid programs worldwide', 'State Department freezes new funding for nearly all US aid programs worldwide', 'State Department freezes new funding for nearly all US aid programs worldwide']"
471,30,471_2030_roadmap_aide_kremlin,"['2030', 'roadmap', 'aide', 'kremlin', 'economic', '100bn', 'during', 'volume', 'visit', '100b']","['India , Russia to sign 2030 strategic economic roadmap during Putin visit : Kremlin aide', 'India , Russia to sign 2030 strategic economic roadmap during Putin visit : Kremlin aide', 'India , Russia to sign 2030 strategic economic roadmap during Putin visit : Kremlin aide']"
472,29,472_always_supported_solution_negotiated,"['always', 'supported', 'solution', 'negotiated', 'geostrategic', 'represent', 'weve', 'consistent', 'state', 'jaishankar']","['India always supported negotiated two - state solution : Govt on Israel - Palestine conflict', 'India always supported negotiated two - state solution : Govt on Israel - Palestine conflict', 'India always supported negotiated two - state solution : Govt on Israel - Palestine conflict']"
473,29,473_programa_blinda_hait_jueza,"['programa', 'blinda', 'hait', 'jueza', 'nicaragua', 'cuba', 'protegi', 'beneficiaba', 'freno', 'frena']","['Jueza de EE . UU . blinda el programa para migrantes de Venezuela , Cuba , Nicaragua y Haití', 'Jueza de EE . UU . blinda el programa para migrantes de Venezuela , Cuba , Nicaragua y Haití', 'Jueza de EE . UU . blinda el programa para migrantes de Venezuela , Cuba , Nicaragua y Haití']"
474,29,474_hegemonism_resist_diplomats_deepen,"['hegemonism', 'resist', 'diplomats', 'deepen', 'impeachment', 'robust', 'top', 'agree', 'touts', 'korea']","['Top Diplomats of North Korea , China Agree to Deepen Ties and Resist Hegemonism', 'Top diplomats of North Korea , China agree to deepen ties and resist hegemonism', 'Top Diplomats of North Korea , China Agree to Deepen Ties and Resist Hegemonism']"
475,29,475_equal_czech_moldova_weakness,"['equal', 'czech', 'moldova', 'weakness', 'beneficial', 'hails', 'briefing', 'truly', 'zelenskyy', 'heist']","['Ukraine war briefing : Zelenskyy hails  historic  minerals deal as an equal partnership with US | Ukraine', 'Ukraine war briefing : Zelenskyy hails  historic  minerals deal as an equal partnership with US | Ukraine', 'Ukraine war briefing : Zelenskyy hails  historic  minerals deal as an equal partnership with US | Ukraine']"
476,29,476_boot_nauru_violent_offenders,"['boot', 'nauru', 'violent', 'offenders', 'visa', 'australia', 'deal', 'in', 'to', '']","['Australia to boot violent offenders in Nauru visa deal', 'Australia to boot violent offenders in Nauru visa deal', 'Australia to boot violent offenders in Nauru visa deal']"
477,29,477_espaa_desmantelada_pasaportes_llevaba,"['espaa', 'desmantelada', 'pasaportes', 'llevaba', 'falsos', 'europeo', 'procedentes', '13feb', 'bastin', 'hogar']","['Desmantelada en España una red que llevaba migrantes a Reino Unido y Canadá con pasaportes falsos', 'Desmantelada en España una red que llevaba migrantes a Reino Unido y Canadá con pasaportes falsos', 'Desmantelada en España una red que llevaba migrantes a Reino Unido y Canadá con pasaportes falsos']"
478,29,478_nigerians_43_failed_nigerian,"['nigerians', '43', 'failed', 'nigerian', 'regularise', 'leukemia', 'unregistered', '292', 'famou', 'chartered']","['UK Deports 43 Nigerians Including Failed Asylum Seekers , Offenders In Fresh Immigration Crackdown', 'UK deports 43 Nigerians , including failed asylum seekers , offenders', 'UK deports 43 Nigerians , including failed asylum seekers , offenders']"
479,29,479_hezbollah_lbano_ataca_beirute,"['hezbollah', 'lbano', 'ataca', 'beirute', 'mando', 'pone', 'mira', 'segundo', 'beirut', 'preseaz']","['El Ejército de Israel ataca en Líbano y pone en la mira al segundo al mando de Hezbollah | Mundo', 'El Ejército de Israel ataca en Líbano y pone en la mira al segundo al mando de Hezbollah | Mundo', 'El Ejército de Israel ataca en Líbano y pone en la mira al segundo al mando de Hezbollah | Mundo']"
480,29,480_provide_nordic_norway_kiwi,"['provide', 'nordic', 'norway', 'kiwi', 'allocates', 'purchase', 'mental', 'million', 'nonprofit', '375m']","['Nordic countries to provide Ukraine with additional humanitarian , military , energy aid', 'Nordic countries to provide Ukraine with additional humanitarian , military , energy aid', 'Nordic countries to provide Ukraine with additional humanitarian , military , energy aid']"
481,29,481_scattered_then_fled_family,"['scattered', 'then', 'fled', 'family', 'them', 'deportations', 'one', 'afghanistan', 'came', 'us']","['One family fled Afghanistan . Then US deportations scattered them', 'One family fled Afghanistan . Then US deportations scattered them', 'One family fled Afghanistan . Then US deportations scattered them']"
482,29,482_genocide_mondoweiss_manufacturer_complicity,"['genocide', 'mondoweiss', 'manufacturer', 'complicity', 'peruvian', 'scholar', 'dehumanizing', 'antisemitism', 'entirely', 'hypocrisy']","['The Peruvian military partnership with Israeli arms manufacturer signals deepening complicity in the Gaza genocide – Mondoweiss', 'The Peruvian military partnership with Israeli arms manufacturer signals deepening complicity in the Gaza genocide – Mondoweiss', 'The Peruvian military partnership with Israeli arms manufacturer signals deepening complicity in the Gaza genocide – Mondoweiss']"
483,29,483_keir_stranger_starmer_island,"['keir', 'stranger', 'starmer', 'island', 'soften', 'big', 'pledges', 'rhetoric', 'furious', 'becoming']","['Keir Starmer backlash after  island of stranger migrant speech -  divisive and dangerous  ', 'How Keir Starmer plan to stop united kingdom becoming an  island of stranger will hurt Indians – Firstpost', 'How Keir Starmer plan to stop united kingdom becoming an  island of stranger will hurt Indians – Firstpost']"
484,29,484_atteints_objectifs_doute_seront,"['atteints', 'objectifs', 'doute', 'seront', 'aucun', 'sans', 'russie', 'affirme', 'assure', 'ingrences']","['Guerre en Ukraine : Vladimir Poutine assure que les objectifs de la Russie seront  sans aucun doute atteints  ', 'Guerre en Ukraine : Vladimir Poutine assure que les objectifs de la Russie seront  sans aucun doute atteints  ', 'Guerre en Ukraine : Vladimir Poutine assure que les objectifs de la Russie seront  sans aucun doute atteints  ']"
485,29,485_icc_militia_conviction_past,"['icc', 'militia', 'conviction', 'past', 'atrocities', 'convicts', 'darfur', 'crimes', 'guilty', 'verdicts']","['ICC makes the first conviction over past atrocities in Sudan Darfur', 'ICC makes the first conviction over past atrocities in Sudan Darfur', 'ICC convicts Darfur militia leader over past atrocities in Sudan']"
486,29,486_jets_brand_shot_planes,"['jets', 'brand', 'shot', 'planes', 'downed', 'seven', 'down', 'fighter', 'were', 'hostilities']","['  Seven brand new  planes were shot down during India - Pakistan war : Trump', '  Seven brand new  planes were shot down during India - Pakistan war : Trump', '  Seven brand new  planes were shot down during India - Pakistan war : Trump']"
487,29,487_dinner_private_prez_him,"['dinner', 'private', 'prez', 'him', 'host', 'bond', 'today', 'arrive', 'rupay', 'declaraia']","['Russia Prez Putin to arrive in India on State Visit ; PM Modi to host private dinner for him today', 'Russia Prez Putin to arrive in India on State Visit ; PM Modi to host private dinner for him today', 'Russia Prez Putin to arrive in India on State Visit ; PM Modi to host private dinner for him today']"
488,29,488_definitions_terms_key_immigration,"['definitions', 'terms', 'key', 'immigration', 'asylum', 'kingdom', 'united', 'and', 'the', 'in']","['Asylum and immigration in the united kingdom : Key terms and definitions', 'Asylum and immigration in the united kingdom : Key terms and definitions', 'Asylum and immigration in the united kingdom : Key terms and definitions']"
489,29,489_events_list_203_183,"['events', 'list', '203', '183', 'polish', '205', 'tusk', 'decide', 'front', 'day']","['Russia - Ukraine war : List of key events , day 1 , 203', 'Russia - Ukraine war : List of key events , day 1 , 203', 'Russia - Ukraine war : List of key events , day 1 , 203']"
490,29,490_defense_kind_treaty_kensington,"['defense', 'kind', 'treaty', 'kensington', 'marvellous', 'germany', 'fascist', 'friendly', 'migration', 'sign']","['Leaders of the united kingdom and Germany to sign a treaty on defense , trade and migration', 'Leaders of the united kingdom and Germany to sign a treaty on defense , trade and migration', 'Leaders of the united kingdom and Germany to sign a treaty on defense , trade and migration']"
491,29,491_stipend_self_voluntarily_incentive,"['stipend', 'self', 'voluntarily', 'incentive', '250m', 'offers', 'triples', 'bonus', 'hhs', 'reallocating']","['US offers $1 , 000 stipend to migrants who self - deport – Dominican Republic Post', 'US offers $1 , 000 stipend to migrants who self - deport – Dominican Republic Post', 'US offers $1 , 000 stipend to migrants who self - deport']"
492,29,492_offline_website_goes_old,"['offline', 'website', 'goes', 'old', 'worldwide', 'freeze', 'week', 'admin', 'usaid', 'administration']","['USAID website goes offline in Trump administration 2 - week - old freeze on foreign aid worldwide', 'USAID website goes offline in Trump administration 2 - week - old freeze on foreign aid worldwide', 'USAID website goes offline in Trump administration 2 - week - old freeze on foreign aid worldwide']"
493,29,493_halted_services_visa_fears,"['halted', 'services', 'visa', 'fears', 'face', 'refugees', 'inhumane', 'afghan', 'emirates', 'extensions']","['Afghan refugees in Pakistan face deportation fears as visa services halted', 'Afghan refugees in Pakistan face deportation fears as visa services halted', 'Afghan refugees in Pakistan face deportation fears as visa services halted']"
494,29,494_brews_poised_storm_earners,"['brews', 'poised', 'storm', 'earners', 'resettle', 'overhaul', 'permits', 'system', 'main', 'money']","['UK government poised to overhaul its asylum system as a political storm brews over migration', 'UK government poised to overhaul its asylum system as a political storm brews over migration', 'UK government poised to overhaul its asylum system as a political storm brews over migration']"
495,29,495_month_begin_this_returns,"['month', 'begin', 'this', 'returns', 'under', 'first', 'france', 'migrant', 'twickenham', 'deal']","['First migrant returns under united kingdom - France deal  to begin this month  ', 'First migrant returns under united kingdom - France deal  to begin this month  ', 'First migrant returns under united kingdom - France deal  to begin this month  ']"
496,29,496_fought_honoring_tearful_admits,"['fought', 'honoring', 'tearful', 'admits', 'decorates', 'dispatch', 'korean', 'appears', 'north', 'confirms']","['Russia admits North Korean troops fought alongside its forces in Ukraine', 'Russia admits North Korean troops fought alongside its forces in Ukraine', 'Russia admits North Korean troops fought alongside its forces in Ukraine']"
497,29,497_hopeless_feeling_voluntarily_custody,"['hopeless', 'feeling', 'voluntarily', 'custody', 'many', 'remain', 'drop', 'leave', 'claims', 'lawyer']","['Feeling hopeless in custody , many drop claims to remain in the US , leave voluntarily', 'Feeling hopeless in custody , many drop claims to remain in the US , leave voluntarily', 'Feeling hopeless in custody , many drop claims to remain in the US , leave voluntarily']"
498,29,498_possibility_mexican_receiving_opens,"['possibility', 'mexican', 'receiving', 'opens', 'non', 'deportees', 'mexico', 'presidency', 'receive', 'from']","['Mexico opens possibility of receiving non - Mexican deportees from Trump', 'Mexico opens possibility of receiving non - Mexican deportees from Trump', 'Mexico opens possibility of receiving non - Mexican deportees from Trump']"
499,29,499_disinformation_ishaq_won_glorifies,"['disinformation', 'ishaq', 'won', 'glorifies', 'replies', 'curriculum', 'chances', 'handshake', 'ladder', 'snub']","['No truce in India - Pakistan disinformation war', 'No truce in India - Pakistan disinformation war', 'No truce in India - Pakistan disinformation war']"
500,29,500_launched_raising_know_across,"['launched', 'raising', 'know', 'across', 'dozens', 'about', 'fears', 'why', 'hesitate', 'kibbutz']","['What to know about why Israel launched dozens of attacks across Gaza , raising fears of all - out war', 'What to know about why Israel launched dozens of attacks across Gaza , raising fears of all - out war', 'What to know about why Israel launched dozens of attacks across Gaza , raising fears of all - out war']"
501,29,501_rohingya_rakhine_bangladesh_unhrc,"['rohingya', 'rakhine', 'bangladesh', 'unhrc', 'unsuitable', 'bleak', 'features', 'environment', 'guarantee', 'bloodshed']","['Is environment unsuitable for UNHRC to help Rohingya people in Sri Lanka ? - News Features', 'Bangladesh Myanmar Rohingya Talks | Humanitarian corridor :  First get guarantee for Rohingya return  | Rohingya Repatriation Guarantee', 'Bangladesh Myanmar Rohingya Talks | Humanitarian corridor :  First get guarantee for Rohingya return  | Rohingya Repatriation Guarantee']"
502,29,502_russo_november_february_02,"['russo', 'november', 'february', '02', 'january', '08', '07', '2025', 'october', '2008']","['Russo - Ukraine War - 02 February 2025', 'Russo - Ukraine War - 02 November 2025', 'Russo - Ukraine War - 02 November 2025']"
503,28,503_overcrowded_captures_camps_flee,"['overcrowded', 'captures', 'camps', 'flee', 'fasher', 'paramilitary', 'thousands', 'recall', 'sight', 'ethnic']","['Thousands flee to overcrowded camps after Sudan paramilitary captures el - Fasher', 'Thousands flee to overcrowded camps after Sudan paramilitary captures el - Fasher', 'Thousands flee to overcrowded camps after Sudan paramilitary captures el - Fasher']"
504,28,504____,"['', '', '', '', '', '', '', '', '', '']","['منظمة التعاون الإسلامى أمام قمة بغداد : نأمل جهودا تضمن قيام دولة فلسطينية', 'قناة النيل للأخبار | الرئيس السيسى يؤكد التزام مصر بمواصلة تعزيز الشراكة الاستراتيجية مع ألمانيا', 'النيل – قناة مصر الإخبارية | وزير الخارجية يشدد على ضرورة إيجاد أفق سياسى يؤدى لتسوية نهائية للصراع الفلسطينى - الإسرائيلى']"
505,28,505_bar_doctors_borders_without,"['bar', 'doctors', 'borders', 'without', 'including', 'groups', 'it', 'will', 'from', 'aid']","['Israel says it will bar aid groups , including Doctors Without Borders , from Gaza', 'Israel says it will bar aid groups , including Doctors Without Borders , from Gaza', 'Israel says it will bar aid groups , including Doctors Without Borders , from Gaza']"
506,28,506_gunfire_each_blame_other,"['gunfire', 'each', 'blame', 'other', 'exchange', 'cambodia', 'thailand', 'border', 'after', '']","['Thailand , Cambodia blame each other after border gunfire exchange', 'Thailand , Cambodia blame each other after border gunfire exchange', 'Thailand , Cambodia blame each other after border gunfire exchange']"
507,28,507_month_begin_this_returns,"['month', 'begin', 'this', 'returns', 'under', 'braintree', 'witham', 'first', 'vale', 'dumbarton']","['First migrant returns under united kingdom - France deal  to begin this month  ', 'First migrant returns under united kingdom - France deal  to begin this month  ', 'First migrant returns under united kingdom - France deal  to begin this month  ']"
508,28,508_bar_doctors_borders_without,"['bar', 'doctors', 'borders', 'without', 'including', 'groups', 'it', 'will', 'from', 'aid']","['Israel says it will bar aid groups , including Doctors Without Borders , from Gaza', 'Israel says it will bar aid groups , including Doctors Without Borders , from Gaza', 'Israel says it will bar aid groups , including Doctors Without Borders , from Gaza']"
509,28,509_areas_ramps_remain_offensive,"['areas', 'ramps', 'remain', 'offensive', 'coming', 'some', 'bank', 'year', 'troops', 'west']","['Israel ramps up West Bank offensive and says troops to remain in some areas  for the coming year  ', 'Israel ramps up West Bank offensive and says troops to remain in some areas  for the coming year  ', 'Israel ramps up West Bank offensive and says troops to remain in some areas  for the coming year  ']"
510,28,510_london_simply_conference_cedes,"['london', 'simply', 'conference', 'cedes', 'cannot', 'chagos', 'millions', 'away', 'pledge', 'islands']","['  We simply cannot look away : EU and united kingdom boost aid for Sudan at London conference', '  We simply cannot look away : EU and united kingdom boost aid for Sudan at London conference', '  We simply cannot look away : EU and united kingdom boost aid for Sudan at London conference']"
511,28,511_voluntary_honduras_sends_back,"['voluntary', 'honduras', 'sends', 'back', 'colombia', 'first', 'deportation', 'migrants', 'us', 'and']","['US sends migrants back to Honduras and Colombia in first voluntary deportation', 'US sends migrants back to Honduras and Colombia in first voluntary deportation', 'US sends migrants back to Honduras and Colombia in first voluntary deportation']"
512,28,512_squeezing_wobbles_fatigue_fate,"['squeezing', 'wobbles', 'fatigue', 'fate', 'boosts', 'multiple', 'standing', 'atlantic', 'trust', 'spills']","['Ukraine Receives Multiple Boosts As US Support Wobbles', 'Ukraine Receives Multiple Boosts As US Support Wobbles', 'Ukraine Receives Multiple Boosts As US Support Wobbles']"
513,28,513_body_fulfil_identity_recovers,"['body', 'fulfil', 'identity', 'recovers', 'coffin', 'contains', 'freed', 'bodies', 'hostage', 'displacement']","['Israeli Military Recovers Body of a Hostage in Gaza , Is Examining Identity of a Second Body', 'Israeli military recovers body of a hostage in Gaza and is examining the identity of a second body', 'Israeli military recovers body of a hostage in Gaza and is examining the identity of a second body']"
514,28,514_anstze_klimaabkommen_politiker_aus,"['anstze', 'klimaabkommen', 'politiker', 'aus', 'fordert', 'neue', 'hofft', 'verlassen', 'steigt', 'ghana']","['Trump steigt aus dem Klimaabkommen aus : Politiker aus Ghana hofft – und fordert neue Ansätze', 'Trump steigt aus dem Klimaabkommen aus : Politiker aus Ghana hofft – und fordert neue Ansätze', 'Trump steigt aus dem Klimaabkommen aus : Politiker aus Ghana hofft – und fordert neue Ansätze']"
515,28,515_impediments_warn_operations_risk,"['impediments', 'warn', 'operations', 'risk', 'massacres', 'activities', 'secret', 'iaea', 'agencies', 'suggests']","['UN , aid groups warn Gaza operations at risk from Israel impediments', 'UN , aid groups warn Gaza operations at risk from Israel impediments', 'UN , Aid Groups Warn Gaza Operations at Risk from Israel Impediments']"
516,28,516_sektor_asean_memanas_amm,"['sektor', 'asean', 'memanas', 'amm', 'kepengerusian', 'penyertaan', 'memberangsangkan', 'siber', 'kewibawaan', 'pemerintah']","['AMM ke - 58 : Penyertaan memberangsangkan bukti kewibawaan Kepengerusian ASEAN Malaysia 2025', 'AMM ke - 58 : Penyertaan memberangsangkan bukti kewibawaan Kepengerusian ASEAN Malaysia 2025', 'AMM ke - 58 : Penyertaan memberangsangkan bukti kewibawaan Kepengerusian ASEAN Malaysia 2025']"
517,28,517_reminds_wont_me_uses,"['reminds', 'wont', 'me', 'uses', 'leverage', 'him', 'do', 'trade', 'cambodia', 'thailand']","['  Wont do trade : Donald Trump calls on Cambodia , Thailand to  end the war ;  reminds me of India - Pakistan  conflict', '  Wont do trade : Donald Trump calls on Cambodia , Thailand to  end the war ;  reminds me of India - Pakistan  conflict', '  Wont do trade : Donald Trump calls on Cambodia , Thailand to  end the war ;  reminds me of India - Pakistan  conflict']"
518,28,518_humanitaria_ayuda_ampliar_camiones,"['humanitaria', 'ayuda', 'ampliar', 'camiones', 'entrada', 'berln', 'ingresan', 'sustancial', 'ketziot', 'instaron']","['Israel anuncia un nuevo mecanismo para  ampliar el alcance  de la ayuda humanitaria en Gaza', 'La UE anunció acuerdo con Israel para ampliar la ayuda humanitaria en Franja de Gaza', 'La UE anunció acuerdo con Israel para ampliar la ayuda humanitaria en Franja de Gaza']"
519,28,519_deports_dozens_kuow_amid,"['deports', 'dozens', 'kuow', 'amid', 'migrants', 'war', 'of', 'ukraine', 'to', '']","['U . S . deports dozens of migrants to Ukraine amid war', 'U . S . deports dozens of migrants to Ukraine amid war', 'U . S . deports dozens of migrants to Ukraine amid war']"
520,28,520_asrussia_counting_laments_waiting,"['asrussia', 'counting', 'laments', 'waiting', 'vile', 'zaporizhzhia', 'wounds', 'lack', 'promise', 'every']","['Ukraine Zelensky laments lack of US response as 2 killed in latest Russian strikes :  We are waiting  | World News', 'Ukraine Zelensky laments lack of US response as 2 killed in latest Russian strikes :  We are waiting  | World News', 'Ukraine Zelensky laments lack of US response as 2 killed in latest Russian strikes :  We are waiting  | World News']"
521,28,521_150_mercenaries_than_chinese,"['150', 'mercenaries', 'than', 'chinese', 'fighting', 'more', 'are', 'says', 'ukraine', 'russia']","['Ukraine says more than 150 Chinese mercenaries are fighting for Russia in Ukraine', 'Ukraine says more than 150 Chinese mercenaries are fighting for Russia in Ukraine', 'Ukraine Says More than 150 Chinese Mercenaries Are Fighting for Russia in Ukraine']"
522,28,522_sudn_mercenarios_sudans_avin,"['sudn', 'mercenarios', 'sudans', 'avin', 'emirat', 'planeta', 'desplazamientos', 'camellos', 'vendiendo', 'controlan']","['Se hizo rico vendiendo camellos y oro : ahora sus tropas controlan la mitad de Sudán', 'Se hizo rico vendiendo camellos y oro : ahora sus tropas controlan la mitad de Sudán', 'Se hizo rico vendiendo camellos y oro : ahora sus tropas controlan la mitad de Sudán']"
523,28,523_ends_nationals_elections_temporary,"['ends', 'nationals', 'elections', 'temporary', 'status', 'rages', 'even', '65k', 'citesupcoming', 'slight']","['US ends temporary status for Myanmar nationals even as civil war still rages', 'US ends temporary status for Myanmar nationals even as civil war still rages', 'US ends temporary status for Myanmar nationals even as civil war still rages']"
524,28,524_pension_mourns_navy_jowhar,"['pension', 'mourns', 'navy', 'jowhar', 'distribution', 'fatalities', 'result', 'deputy', 'holiday', 'queue']","['Russian attack kills 24 in Ukraine during pension distribution', 'Russian attack kills 24 in Ukraine during pension distribution', 'Russian attack kills 24 in Ukraine during pension distribution']"
525,28,525_kamboja_perundingan_dan_besok,"['kamboja', 'perundingan', 'dan', 'besok', 'berlangsung', 'gelar', 'masuk', 'wna', 'malaysia', 'dideportasi']","['Thailand dan Kamboja Gelar Perundingan Damai di Malaysia Besok', 'Thailand dan Kamboja Gelar Perundingan Damai di Malaysia Besok', 'Thailand dan Kamboja Gelar Perundingan Damai di Malaysia Besok']"
526,28,526_prime_takes_his_truce,"['prime', 'takes', 'his', 'truce', 'now', 'urges', 'but', 'minister', 'plan', 'humanitarian']","['Sudan prime minister takes his peace plan to the UN , but US urges humanitarian truce now', 'Sudan prime minister takes his peace plan to the UN , but US urges humanitarian truce now', 'Sudan prime minister takes his peace plan to the UN , but US urges humanitarian truce now']"
527,28,527_hole_turning_black_observers,"['hole', 'turning', 'black', 'observers', 'rica', 'costa', 'warn', 'deportees', 'panama', 'into']","['Panama and Costa Rica turning into a  black hole  for migrants , deportees from US , observers warn', 'Panama and Costa Rica turning into a  black hole  for migrants , deportees from US , observers warn', 'Panama and Costa Rica turning into a  black hole  for migrants , deportees from US , observers warn']"
528,28,528_pms_vietnamese_phone_fms,"['pms', 'vietnamese', 'phone', 'fms', 'malaysian', 'ministerial', '12th', 'subianto', 'bilateral', 'issued']","['Vietnamese , Malaysian PMs hold phone talks', 'Vietnamese and Malaysian PMs hold phone talks on bilateral and Asean developments', 'Vietnamese and Malaysian PMs hold phone talks on bilateral and Asean developments']"
529,27,529_bars_sending_guatemalan_now,"['bars', 'sending', 'guatemalan', 'now', 'judge', 'government', 'back', 'children', 'from', 'for']","['US judge bars government from sending Guatemalan children back , for now', 'US judge bars government from sending Guatemalan children back , for now', 'US judge bars government from sending Guatemalan children back , for now']"
530,27,530_focuses_spending_slashes_pacific,"['focuses', 'spending', 'slashes', 'pacific', 'programs', '100m', 'rabuka', 'nauru', 'redirect', 'divvy']","['Australia focuses foreign aid spending on Pacific region as US slashes aid programs', 'Australia focuses foreign aid spending on Pacific region as US slashes aid programs', 'Australia focuses foreign aid spending on Pacific region as US slashes aid programs']"
531,27,531_hotel_protests_remove_case,"['hotel', 'protests', 'remove', 'case', 'injunction', 'win', 'been', 'seekers', 'court', 'focus']","['Officials win court case to remove asylum - seekers from a united kingdom hotel that been the focus of protests', 'Officials win court case to remove asylum - seekers from a united kingdom hotel that been the focus of protests', 'Officials win court case to remove asylum - seekers from a united kingdom hotel that been the focus of protests']"
532,27,532_trucks_jul_blocked_tires,"['trucks', 'jul', 'blocked', 'tires', 'enter', 'slash', 'convoys', '25', 'looting', 'activists']","['UN says 6 , 000 aid trucks blocked from Gaza as US and Israel leave ceasefire talks - 25 - Jul - 2025', 'UN says 6 , 000 aid trucks blocked from Gaza as US and Israel leave ceasefire talks - 25 - Jul - 2025', 'UN says 6 , 000 aid trucks blocked from Gaza as US and Israel leave ceasefire talks - 25 - Jul - 2025']"
533,27,533_ceo_hedge_honoured_relcko,"['ceo', 'hedge', 'honoured', 'relcko', 'satish', 'seena', 'kumar', 'chequers', 'dushanbe', 'manpower']","['Relcko and CEO Dr . Satish Kumar Seena honoured at India - Russia Economic Summit in Moscow', 'Relcko and CEO Dr . Satish Kumar Seena honoured at India - Russia Economic Summit in Moscow', 'Relcko and CEO Dr . Satish Kumar Seena honoured at India - Russia Economic Summit in Moscow']"
534,27,534_liberia_abrego_garcia_oct,"['liberia', 'abrego', 'garcia', 'oct', 'soon', '31', 'plans', 'deport', 'kilmar', 'now']","['US says it now plans to deport Abrego Garcia to Liberia as soon as Oct . 31', 'US says it now plans to deport Abrego Garcia to Liberia as soon as Oct . 31', 'US says it now plans to deport Abrego Garcia to Liberia as soon as Oct . 31']"
535,27,535_settled_easy_mediating_remind,"['settled', 'easy', 'mediating', 'remind', 'he', 'me', 'compares', 'cambodia', 'much', 'claims']","['US President Donald Trump Claims Thailand - Cambodia Ceasefire  An Easy One , As He  Settled  India - Pakistan Conflict', 'US President Donald Trump Claims Thailand - Cambodia Ceasefire  An Easy One , As He  Settled  India - Pakistan Conflict', 'US President Donald Trump Claims Thailand - Cambodia Ceasefire  An Easy One , As He  Settled  India - Pakistan Conflict']"
536,27,536_ease_limited_restrictions_wsj,"['ease', 'limited', 'restrictions', 'wsj', 'intervene', 'jihadist', 'earmarks', '84m', 'show', 'backgrounder']","['US to ease aid restrictions for Syria in limited show of support for new government , WSJ reports', 'US to ease aid restrictions for Syria in limited show of support for new government , WSJ reports', 'US to ease aid restrictions for Syria in limited show of support for new government , WSJ reports']"
537,27,537_consignment_ndma_17th_unhindered,"['consignment', 'ndma', '17th', 'unhindered', 'goods', '15th', 'rm70m', '28th', 'channels', '18th']","['Pakistan relief consignment for Gaza arrives in Egypt - Pakistan', 'Pakistan relief consignment for Gaza arrives in Egypt - Pakistan', 'Pakistan relief consignment for Gaza arrives in Egypt - Pakistan']"
538,27,538_single_norwegian_refugees_10000,"['single', 'norwegian', 'refugees', '10000', '370', 'afghan', 'deport', '500', 'taliban', 'ayatollah']","['Pakistan , Iran deport over 3 , 500 Afghan refugees in single day : Taliban', 'Pakistan , Iran deport over 3 , 500 Afghan refugees in single day : Taliban', 'Pakistan , Iran deport over 3 , 500 Afghan refugees in single day : Taliban']"
539,27,539_mortos_deixa_em_reporta,"['mortos', 'deixa', 'em', 'reporta', 'pelo', 'centro', 'escola', 'sade', 'famintos', 'ministrio']","['Ataque deixa mortos em centro de ajuda em Gaza – DW – 01 / 06 / 2025', 'Ataque de Israel deixa mortos em centro de ajuda em Gaza – DW – 01 / 06 / 2025', 'Ataque de Israel deixa mortos em centro de ajuda em Gaza – DW – 01 / 06 / 2025']"
540,27,540_deports_dozens_npr_amid,"['deports', 'dozens', 'npr', 'amid', 'migrants', '50', 'war', 'sends', 'people', 'ukraine']","['U . S . deports dozens of migrants to Ukraine amid war', 'U . S . deports dozens of migrants to Ukraine amid war', 'U . S . deports dozens of migrants to Ukraine amid war']"
541,27,541_guerilla_hall_hawk_pool,"['guerilla', 'hall', 'hawk', 'pool', 'helicopters', 'cockfighting', 'bomb', 'peru', 'ecuador', 'ariana']","['US delivers second batch of Afghan Black Hawk helicopters to Peru | Ariana News', 'US delivers second batch of Afghan Black Hawk helicopters to Peru | Ariana News', 'US delivers second batch of Afghan Black Hawk helicopters to Peru | Ariana News']"
542,27,542_avertizeaz_israeliene_instaleze_blocheze,"['avertizeaz', 'israeliene', 'instaleze', 'blocheze', 'dac', 'foametea', 'risc', 'continua', 'hyvksyi', 'aselepoehdotuksen']","['Hamas avertizează că în Gaza riscă să se instaleze foametea dacă Israelul va continua să blocheze intrarea ajutoarelor', 'Hamas avertizează că în Gaza riscă să se instaleze foametea dacă Israelul va continua să blocheze intrarea ajutoarelor', 'Hamas avertizează că în Gaza riscă să se instaleze foametea dacă Israelul va continua să blocheze intrarea ajutoarelor']"
543,27,543_fasher_rsf_takeover_images,"['fasher', 'rsf', 'takeover', 'images', 'terrible', 'burials', 'abductions', 'killings', 'mass', 'trapped']","['RSF takeover of Sudan El Fasher a  terrible escalation  that raises new concerns', 'RSF takeover of Sudan El Fasher a  terrible escalation  that raises new concerns', 'RSF takeover of Sudan el - Fasher a  terrible escalation  that raises new concerns']"
544,27,544_shoigu_unconditional_safety_medvedev,"['shoigu', 'unconditional', 'safety', 'medvedev', 'public', 'korea', 'arent', 'fulfill', 'screws', 'putting']","['North Korea Kim vows unconditional support for Russia in meeting with Shoigu', 'North Korea Kim vows unconditional support for Russia in meeting with Shoigu', 'North Korea Kim vows unconditional support for Russia in meeting with Shoigu']"
545,27,545_presses_backers_meet_invited,"['presses', 'backers', 'meet', 'invited', 'gabbard', 'tulsi', 'help', 'zelenskyy', 'bombshell', 'disastrous']","['Trump and Zelenskyy meet at the UN as Ukraine presses for US help against Russia', 'Trump and Zelenskyy meet at the UN as Ukraine presses for US help against Russia', 'Trump and Zelenskyy meet at the UN as Ukraine presses for US help against Russia']"
546,27,546_implicacin_comercial_compr_mercados,"['implicacin', 'comercial', 'compr', 'mercados', 'potencia', 'japn', 'mundial', 'decisivo', 'sacude', 'niega']","['La potencia de Asia que compró aviones de combate a EEUU para enfrentar una posible Tercera Guerra Mundial : no es China ni Japón | Mundo', 'La potencia de Asia que compró aviones de combate a EEUU para enfrentar una posible Tercera Guerra Mundial : no es China ni Japón | Mundo', 'La potencia de Asia que compró aviones de combate a EEUU para enfrentar una posible Tercera Guerra Mundial : no es China ni Japón | Mundo']"
547,27,547_venezuelans_protected_strip_status,"['venezuelans', 'protected', 'strip', 'status', 'temporary', 'supreme', '256', '268', 'administration', 'can']","['Trump administration can strip protected status for Venezuelans for now', 'Trump administration can strip protected status for Venezuelans for now', 'Trump administration can strip protected status for Venezuelans for now']"
548,27,548_asociacin_peticin_revisar_otros,"['asociacin', 'peticin', 'revisar', 'otros', 'acuerdo', 'revisin', 'juega', 'comerciales', 'espaa', 'parcial']","['La UE revisará el Acuerdo de Asociación con Israel a petición de España y otros 16 países', 'La UE revisará el Acuerdo de Asociación con Israel a petición de España y otros 16 países', 'La UE revisará el Acuerdo de Asociación con Israel a petición de España y otros 16 países']"
549,27,549_unpredictability_strength_help_schoof,"['unpredictability', 'strength', 'help', 'schoof', 'can', 'dick', 'zelenskyy', 'end', 'yeshiva', 'could']","['Trump strength and unpredictability can help end war in Ukraine , Zelenskyy says', 'Trump strength and unpredictability can help end war in Ukraine , Zelenskyy says', 'Trump strength and unpredictability can help end war in Ukraine , Zelenskyy says']"
550,27,550_eases_keeping_place_restrictions,"['eases', 'keeping', 'place', 'restrictions', 'while', 'sanctions', 'syria', 'intact', 'relaxes', 'lift']","['US eases restrictions on Syria while keeping sanctions in place', 'US eases restrictions on Syria while keeping sanctions in place', 'US Eases Restrictions On Syria While Keeping Sanctions In Place']"
551,27,551_damascus_qatari_search_sector,"['damascus', 'qatari', 'search', 'sector', 'helmets', 'qatar', 'rescue', 'airport', 'aircraft', 'syrian']","['Qatar supports Syrian White Helmets by providing search and rescue equipment', 'Qatari aid aircraft arrives in Damascus as part of air bridge to support Syrian people', 'Qatari aid aircraft arrives in Damascus as part of air bridge to support Syrian people']"
552,27,552_isolate_bullsh_gop_abandoning,"['isolate', 'bullsh', 'gop', 'abandoning', 'isolating', 'criticizes', 'walking', 'ends', 'when', 'consequences']","['Does Russia President Vladimir Putin hit back when US President Donald Trump criticizes his  bullsh * t ? ', 'Does Russia President Vladimir Putin hit back when US President Donald Trump criticizes his  bullsh * t ? ', 'Does Russia President Vladimir Putin hit back when US President Donald Trump criticizes his  bullsh * t ? ']"
553,27,553_venezuela_80th_cancilleria_beefs,"['venezuela', '80th', 'cancilleria', 'beefs', 'spanning', 'parliament', 'fore', 'kilometres', 'solidarity', 'venezuelan']","['Putin Expresses Solidarity With Venezuela as US - Led Ukraine Peace Negotiations Continue', 'Article by Foreign Minister Sergey Lavrov , Russia and Venezuela : Friendship and Partnership Spanning Years and Kilometres , dedicated to the 80th anniversary of diplomatic relations between Russia and Venezuela , for Cancilleria , a Venezuelan Fore...', 'Article by Foreign Minister Sergey Lavrov , Russia and Venezuela : Friendship and Partnership Spanning Years and Kilometres , dedicated to the 80th anniversary of diplomatic relations between Russia and Venezuela , for Cancilleria , a Venezuelan Fore...']"
554,27,554_expanded_75_crossings_drop,"['expanded', '75', 'crossings', 'drop', 'channel', 'could', 'report', 'france', 'by', 'kingdom']","['Channel crossings could drop by 75 % with expanded united kingdom - France deal – report', 'Channel crossings could drop by 75 % with expanded united kingdom - France deal – report', 'Channel crossings could drop by 75 % with expanded united kingdom - France deal – report']"
555,27,555_challenges_panama_face_deported,"['challenges', 'panama', 'face', 'deported', 'asylum', 'unclear', 'looking', 'migrants', 'deterrence', 'from']","['Deported migrants from the US face asylum challenges in Panama', 'Deported migrants from the US face asylum challenges in Panama', 'Deported migrants from the US face asylum challenges in Panama']"
556,27,556_condemnation_targeted_mischief_sumy,"['condemnation', 'targeted', 'mischief', 'sumy', 'grows', 'ops', 'getting', 'massing', 'lines', 'special']","['Russia claims its deadly attack on Ukraine Sumy targeted military forces as condemnation grows', 'Russia claims its deadly attack on Ukraine Sumy targeted military forces as condemnation grows', 'Russia claims its deadly attack on Ukraine Sumy targeted military forces as condemnation grows']"
557,27,557_syrian_mile_sibling_invites,"['syrian', 'mile', 'sibling', 'invites', 'worried', 'uncertain', 'sharaa', 'floats', 'repatriation', 'reassessment']","['  I was never worried : 10 years on since Syrian sibling 2 , 700 - mile escape to Germany', '  I was never worried : 10 years on since Syrian sibling 2 , 700 - mile escape to Germany | Refugees', '  I was never worried : 10 years on since Syrian sibling 2 , 700 - mile escape to Germany | Refugees']"
558,27,558_loaded_blocks_removing_deporting,"['loaded', 'blocks', 'removing', 'deporting', 'guatemalan', 'planes', 'texas', 'judge', 'airport', 'unaccompanied']","['Judge blocks US government from removing group of Guatemalan children after some were loaded on planes at Texas airport', 'Judge blocks US government from removing group of Guatemalan children after some were loaded on planes at Texas airport', 'Judge blocks US government from removing group of Guatemalan children after some were loaded on planes at Texas airport']"
559,26,559_scheduled_hearing_some_court,"['scheduled', 'hearing', 'some', 'court', 'guatemalan', 'deport', 'children', 'efforts', 'on', 'us']","['Court hearing scheduled on US efforts to deport some Guatemalan children', 'Court hearing scheduled on US efforts to deport some Guatemalan children', 'Court hearing scheduled on US efforts to deport some Guatemalan children']"
560,26,560_melania_lady_reel_soon,"['melania', 'lady', 'reel', 'soon', 'reunification', 'meet', 'discussion', 'outreach', 'very', 'location']","['U . S . First Lady Melania Trump Welcomes Progress in Russia – Ukraine Children Reunification Initiative – The White House', 'U . S . First Lady Melania Trump Welcomes Progress in Russia – Ukraine Children Reunification Initiative – The White House', 'U . S . First Lady Melania Trump Welcomes Progress in Russia – Ukraine Children Reunification Initiative – The White House']"
561,26,561_indus_water_suspension_waters,"['indus', 'water', 'suspension', 'waters', 'overdrive', 'plunge', 'treaty', 'sinks', 'oped', 'deteriorate']","['India Suspension Of Indus Waters Treaty : An Era Of Pakistan - India Water Wars – OpEd – Eurasia Review', 'India Suspension Of Indus Waters Treaty : An Era Of Pakistan - India Water Wars – OpEd – Eurasia Review', 'India Suspension Of Indus Waters Treaty : An Era Of Pakistan - India Water Wars – OpEd – Eurasia Review']"
562,26,562_68_voluntary_enduring_honduras,"['68', 'voluntary', 'enduring', 'honduras', 'sends', 'back', 'play', 'jaishankar', 'hondurans', 'stresses']","['US sends 68 migrants back to Honduras and Colombia in first voluntary deportation', 'US sends 68 migrants back to Honduras and Colombia in first voluntary deportation', 'US sends 68 migrants back to Honduras and Colombia in first voluntary deportation']"
563,26,563_vote_hours_flights_halts,"['vote', 'hours', 'flights', 'halts', 'before', 'missile', 'yemen', 'plans', 'officials', 'top']","['Missile from Yemen halts flights in Israel hours before top officials vote on plans for Gaza war', 'A missile from Yemen halts flights in Israel hours before top officials vote on plans for Gaza war', 'A missile from Yemen halts flights in Israel hours before top officials vote on plans for Gaza war']"
564,26,564_housed_hotels_there_being,"['housed', 'hotels', 'there', 'being', 'many', 'they', 'seekers', 'are', 'how', 'barracks']","['How many asylum seekers are in united kingdom hotels and why are they being housed there ? ', 'How many asylum seekers are in united kingdom hotels and why are they being housed there ? ', 'How many asylum seekers are in united kingdom hotels and why are they being housed there ? ']"
565,26,565_rockets_fired_targets_lebanon,"['rockets', 'fired', 'targets', 'lebanon', 'intercepting', 'strikes', 'hezbollah', '2nd', 'israeli', 'wave']","['Israel strikes Lebanon after rockets fired at Israeli targets', 'Israel strikes Lebanon after rockets fired at Israeli targets', 'Israel strikes Lebanon after rockets fired at Israeli targets']"
566,26,566_definitions_terms_key_immigration,"['definitions', 'terms', 'key', 'immigration', 'asylum', 'toughest', 'exclusion', 'kingdom', 'nexus', 'compare']","['Asylum and immigration in the united kingdom : Key terms and definitions', 'Asylum and immigration in the united kingdom : Key terms and definitions', 'Asylum and immigration in the united kingdom : Key terms and definitions']"
567,26,567_femme_tue_capitale_dplore,"['femme', 'tue', 'capitale', 'dplore', 'russes', 'record', 'prs', 'attaque', 'une', 'kiev']","['Guerre en Ukraine . Kiev déplore une attaque record de drones russes , une femme tuée dans la capitale', 'Guerre en Ukraine . Kiev déplore une attaque record de drones russes , une femme tuée dans la capitale', 'Guerre en Ukraine . Kiev déplore une attaque record de drones russes , une femme tuée dans la capitale']"
568,26,568_beschuss_bedeutet_huthi_miliz,"['beschuss', 'bedeutet', 'huthi', 'miliz', 'jemen', 'angriff', 'trumps', 'schnelles', 'indiens', 'auf']","['US - Angriff auf Jemen : Was bedeutet Trumps Beschuss der Huthi - Miliz ? ', 'US - Angriff auf Jemen : Was bedeutet Trumps Beschuss der Huthi - Miliz ? ', 'US - Angriff auf Jemen : Was bedeutet Trumps Beschuss der Huthi - Miliz ? ']"
569,26,569_hospitales_embarazadas_haitianas_hospitalaria,"['hospitales', 'embarazadas', 'haitianas', 'hospitalaria', 'parida', 'derogar', 'hermana', 'deportarlas', 'recin', 'amnista']","['  Mi hermana está recién parida y la tienen detenida : las  cruele redadas en hospitales de República Dominicana en las que arrestan a embarazadas haitianas para deportarlas', '  Mi hermana está recién parida y la tienen detenida : las  cruele redadas en República Dominicana en las que arrestan a mujeres embarazadas haitianas en hospitales para deportarlas', '  Mi hermana está recién parida y la tienen detenida : las  cruele redadas en República Dominicana en las que arrestan a mujeres embarazadas haitianas en hospitales para deportarlas']"
570,26,570_scales_territorial_turkey_softer,"['scales', 'territorial', 'turkey', 'softer', 'inevitably', 'necessary', 'negotiator', 'demands', 'lead', 'istanbul']","['Turkey Says Russia Scales Back Ukraine Territorial Demands', 'Turkey Says Russia Scales Back Ukraine Territorial Demands', 'Turkey says Russia scales back Ukraine territorial demands']"
571,26,571_medics_starving_airstrikes_distribution,"['medics', 'starving', 'airstrikes', 'distribution', 'center', 'wounded', 'car', 'including', '38', 'airstrike']","['Israeli airstrikes kill at least 20 people in Gaza , medics say', 'Israeli airstrikes kill at least 20 people in Gaza , medics say', 'Israeli airstrikes kill at least 20 people in Gaza , medics say']"
572,26,572_imminent_potential_americans_tells,"['imminent', 'potential', 'americans', 'tells', 'embassy', 'leave', 'attacks', 'warns', 'syria', 'ktbb']","['US embassy in Syria tells Americans to leave , warns of  potential imminent attacks  ', 'US embassy in Syria tells Americans to leave , warns of  potential imminent attacks  ', 'US embassy in Syria tells Americans to leave , warns of  potential imminent attacks  ']"
573,26,573_plane_airlift_relief_saudi,"['plane', 'airlift', 'relief', 'saudi', 'essential', 'supplies', 'departs', 'fourteenth', 'fifteenth', 'seventh']","['Fifteenth Saudi Relief Plane Departs for Syria with Essential Aid Supplies', 'Egypt sends relief plane to Syria', 'Egypt sends relief plane to Syria']"
574,26,574_fugitives_universities_yrf_seals,"['fugitives', 'universities', 'yrf', 'seals', 'trustworthy', 'campuses', 'khalistani', 'jobs', 'talent', 'extradition']","['UK PM Keir Starmer India visit seals YRF partnership , trade pact with Modi , record delegation & thousands of new united kingdom jobs', 'UK PM Keir Starmer India visit seals YRF partnership , trade pact with Modi , record delegation & thousands of new united kingdom jobs', 'UK PM Keir Starmer India visit seals YRF partnership , trade pact with Modi , record delegation & thousands of new united kingdom jobs']"
575,26,575_indonesian_enhancing_prabowo_indonesia,"['indonesian', 'enhancing', 'prabowo', 'indonesia', 'adf', 'normalisation', 'egyptian', 'unite', 'cultural', 'contribution']","['Egyptian , Indonesian leaders discuss Gaza war , enhancing ties', 'Egyptian , Indonesian leaders discuss Gaza war , enhancing ties', 'Egyptian , Indonesian leaders discuss Gaza war , enhancing ties']"
576,26,576_khartoum_eager_shattered_rebuild,"['khartoum', 'eager', 'shattered', 'rebuild', 'drains', 'homes', 'lives', 'thriving', 'displaced', 'heart']","['War - displaced Sudanese return to shattered Khartoum eager to rebuild lives and homes', 'War - displaced Sudanese return to shattered Khartoum eager to rebuild lives and homes', 'War - displaced Sudanese return to shattered Khartoum eager to rebuild lives and homes']"
577,26,577_jungle_moved_darien_enriched,"['jungle', 'moved', 'darien', 'enriched', 'panama', 'indigenous', 'region', 'happens', 'papers', 'lnp']","['Migrants in Panama deported from US moved to Darien jungle region', 'Migrants in Panama deported from US moved to Darien jungle region', 'Migrants in Panama deported from US moved to Darien jungle region']"
578,26,578_assets_aims_playing_clues,"['assets', 'aims', 'playing', 'clues', 'use', 'georgia', 'chechnya', 'treat', 'moscow', 'asked']","['EU summit aims for new Russia sanctions and a plan to use Moscow assets to help Ukraine', 'EU summit aims for new Russia sanctions and a plan to use Moscow assets to help Ukraine', 'EU summit aims for new Russia sanctions and a plan to use Moscow assets to help Ukraine']"
579,26,579_ferocious_puts_reaching_fury,"['ferocious', 'puts', 'reaching', 'fury', 'storm', 'jul', 'seekers', 'political', 'booted', 'gaffe']","['For asylum seekers , reaching the united kingdom puts them in a ferocious political storm - 26 - Jul - 2025', 'For asylum seekers , reaching the united kingdom puts them in a ferocious political storm - 26 - Jul - 2025', 'For asylum seekers , reaching the united kingdom puts them in a ferocious political storm - 26 - Jul - 2025']"
580,26,580_lanka_sri_outlining_sajith,"['lanka', 'sri', 'outlining', 'sajith', 'trincomalee', 'transformational', 'premadasa', 'indispensable', 'opportunity', 'both']","['The Russia - Ukraine War Is Both Challenge and Opportunity for Sri Lanka', 'India support indispensable for Sri Lanka revival , says opposition leader Sajith Premadasa', 'India support indispensable for Sri Lanka revival , says opposition leader Sajith Premadasa']"
581,26,581_upholds_ban_aclu_block,"['upholds', 'ban', 'aclu', 'block', 'indiapost', 'court', 'sues', 'barring', 'mexico', 'supreme']","['Court upholds block on Trump asylum ban at US - Mexico border', 'Court upholds block on Trump asylum ban at US - Mexico border', 'Court upholds block on Trump asylum ban at US - Mexico border']"
582,26,582_reciprocity_muddy_achieving_mocking,"['reciprocity', 'muddy', 'achieving', 'mocking', 'recriminations', 'senselessness', 'eclipses', 'bitter', 'buffer', 'text']","['Russian reciprocity is key to achieving peace : US - Ukraine joint statement | Full text', 'Russian reciprocity is key to achieving peace : US - Ukraine joint statement | Full text', 'Russian reciprocity is key to achieving peace : US - Ukraine joint statement | Full text']"
583,26,583_poner_arcusa_dinmico_ramn,"['poner', 'arcusa', 'dinmico', 'ramn', 'comienzan', 'evit', 'sugiere', 'destruccin', 'incidente', 'iro']","['Comienzan las negociaciones en Egipto para poner fin a la guerra en Gaza', 'Comienzan las negociaciones en Egipto para poner fin a la guerra en Gaza – Periódico Zócalo | Noticias de Saltillo , Torreón , Piedras Negras , Monclova , Acuña', 'Comienzan las negociaciones en Egipto para poner fin a la guerra en Gaza – Periódico Zócalo | Noticias de Saltillo , Torreón , Piedras Negras , Monclova , Acuña']"
584,26,584_showcase_openness_calm_cambodia,"['showcase', 'openness', 'calm', 'cambodia', 'piece', 'sareen', 'sushant', 'confidence', 'lowell', 'reignites']","['Cambodia - Thailand border war enters fourth day : Heavy shelling despite ceasefire calls ; both sides signal openness to talks after US intervention', 'Cambodia - Thailand border war enters fourth day : Heavy shelling despite ceasefire calls ; both sides signal openness to talks after US intervention', 'Cambodia - Thailand border war enters fourth day : Heavy shelling despite ceasefire calls ; both sides signal openness to talks after US intervention']"
585,26,585_thalande_cambodge_cessez_feu,"['thalande', 'cambodge', 'cessez', 'feu', 'lasean', 'appelle', 'lespoir', 'pays', 'le', 'asie']","['Le Cambodge appelle à un cessez - le - feu avec la Thaïlande', 'Le Cambodge appelle à un cessez - le - feu avec la Thaïlande', 'Le Cambodge appelle à un cessez - le - feu avec la Thaïlande']"
586,26,586_dials_limo_speaks_insight,"['dials', 'limo', 'speaks', 'insight', 'riding', 'narendra', 'resolution', 'modi', 'storm', 'his']","['Riding out American storm : Modi joins Putin in his limo , seeks early end to Ukraine conflict | India News', 'Riding out American storm : Modi joins Putin in his limo , seeks early end to Ukraine conflict | India News', 'Riding out American storm : Modi joins Putin in his limo , seeks early end to Ukraine conflict | India News']"
587,26,587_farmers_water_texas_cornyn,"['farmers', 'water', 'texas', 'cornyn', 'owed', 'mexico', 'unfair', 'reach', 'send', 'punishment']","['US - Mexico reach deal to send more water to Texas farmers', 'US - Mexico reach deal to send more water to Texas farmers', 'US - Mexico reach deal to send more water to Texas farmers']"
588,26,588_tps_venezolanos_recomendaciones_abogado,"['tps', 'venezolanos', 'recomendaciones', 'abogado', '250', 'perdern', 'telemundo', 'patria', '312', 'beneficiaba']","['Recomendaciones de abogado para venezolanos con TPS en EEUU – Telemundo Miami ( 51 ) ', 'Recomendaciones de abogado para venezolanos con TPS en EEUU – Telemundo Area de la Bahía 48', 'Recomendaciones de abogado para venezolanos con TPS en EEUU – Telemundo Las Vegas']"
589,26,589_northeast_fail_80_official,"['northeast', 'fail', '80', 'official', 'people', 'colombia', 'least', '60', 'killed', 'catatumbo']","['At least 80 people killed in northeast Colombia as peace talks fail , official says', 'At least 80 people killed in northeast Colombia as peace talks fail , official says', 'At least 80 people killed in northeast Colombia as peace talks fail , official says']"
590,26,590_kushtzim_hert_dakord_ukraina,"['kushtzim', 'hert', 'dakord', 'ukraina', 'syri', 'nj', 'ka', 'dhe', 'ran', 'kriget']","['Herët kur Ukraina dhe Rusia ranë dakord për nj - Syri', 'Herët kur Ukraina dhe Rusia ranë dakord për nj - Syri', 'Herët kur Ukraina dhe Rusia ranë dakord për nj - Syri']"
591,26,591_hotspots_383_half_nearly,"['hotspots', '383', 'half', 'nearly', 'workers', 'were', '2024', 'record', 'global', 'killed']","['A record 383 aid workers were killed in global hotspots in 2024 , nearly half in Gaza , UN says', 'A record 383 aid workers were killed in global hotspots in 2024 , nearly half in Gaza , UN says', 'A record 383 aid workers were killed in global hotspots in 2024 , nearly half in Gaza , UN says']"
592,26,592_bataille_ville_quels_pokrovsk,"['bataille', 'ville', 'quels', 'pokrovsk', 'pousse', 'avoir', 'impacts', 'donbass', 'dhouliapole', 'informationnelle']","['Guerre en Ukraine\xa0 : quels impacts pourrait avoir la poussée russe dans le centre du Donbass\xa0 ? ', 'Guerre en Ukraine\xa0 : quels impacts pourrait avoir la poussée russe dans le centre du Donbass\xa0 ? ', 'Guerre en Ukraine\xa0 : quels impacts pourrait avoir la poussée russe dans le centre du Donbass\xa0 ? ']"
593,26,593_flounder_hammer_prospects_negotiators,"['flounder', 'hammer', 'prospects', 'negotiators', 'momentum', 'turkstream', 'pursues', 'across', 'strikes', 'large']","['Russia strikes across Ukraine as peace prospects flounder', 'Russia strikes across Ukraine as peace prospects flounder', 'Russia strikes across Ukraine as peace prospects flounder']"
594,26,594_griechenland_steigt_wirtschaftsflchtlinge_kriegs,"['griechenland', 'steigt', 'wirtschaftsflchtlinge', 'kriegs', 'zahl', 'wilders', 'flchtlinge', 'absolut', 'holland', 'regierungskoalition']","['Griechenland : Zahl der Kriegs - und Wirtschaftsflüchtlinge steigt', 'Griechenland : Zahl der Kriegs - und Wirtschaftsflüchtlinge steigt', 'Griechenland : Zahl der Kriegs - und Wirtschaftsflüchtlinge steigt']"
595,26,595_tories_version_detain_pledge,"['tories', 'version', 'detain', 'pledge', 'ice', 'immigrants', 'deport', 'illegal', 'modeled', '6bn']","['Tories pledge united kingdom version of ICE to detain and deport illegal immigrants', 'Tories pledge united kingdom version of ICE to detain and deport illegal immigrants', 'Tories pledge united kingdom version of ICE to detain and deport illegal immigrants']"
596,26,596_swinney_john_impose_sanctions,"['swinney', 'john', 'impose', 'sanctions', 'government', 'calls', 'more', 'kingdom', 'united', 'on']","['John Swinney calls on united kingdom Government to impose more sanctions on Israel', 'John Swinney calls on united kingdom Government to impose more sanctions on Israel', 'John Swinney calls on united kingdom Government to impose more sanctions on Israel']"
597,25,597_weeks_cambodia_sign_fighting,"['weeks', 'cambodia', 'sign', 'fighting', 'thailand', 'agreement', 'end', 'battles', 'border', 'continued']","['Thailand and Cambodia sign new ceasefire agreement to end border fighting', 'Thailand and Cambodia sign new ceasefire agreement to end border fighting', 'Thailand and Cambodia sign new ceasefire agreement to end border fighting']"
598,25,598_afganistn_talibanes_talibn_pakistn,"['afganistn', 'talibanes', 'talibn', 'pakistn', 'desperdiciado', 'conversaciones', 'haber', 'fracaso', 'afganos', 'mutuamente']","['Los talibanes piden ayuda internacional tras el devastador terremoto que deja más de 800 muertos', 'Pakistán dice haber repelido ataque de talibanes afganos mientras Afganistán denuncia que nuevos combates matan a 12 civiles', 'Pakistán dice haber repelido ataque de talibanes afganos mientras Afganistán denuncia que nuevos combates matan a 12 civiles']"
599,25,599_spike_led_tensions_leaders,"['spike', 'led', 'tensions', 'leaders', 'efforts', 'discuss', 'european', 'europe', 'carney', 'transatlantic']","['European leaders to discuss US - led peace efforts as Russia - Ukraine tensions spike', 'European leaders to discuss US - led peace efforts as Russia - Ukraine tensions spike', 'European leaders to discuss US - led peace efforts as Russia - Ukraine tensions spike']"
600,25,600_definitions_terms_key_immigration,"['definitions', 'terms', 'key', 'immigration', 'asylum', 'kingdom', 'united', 'and', 'the', 'in']","['Asylum and immigration in the united kingdom : Key terms and definitions', 'Asylum and immigration in the united kingdom : Key terms and definitions', 'Asylum and immigration in the united kingdom : Key terms and definitions']"
601,25,601_boot_nauru_violent_offenders,"['boot', 'nauru', 'violent', 'offenders', 'visa', 'australia', 'vandalized', 'torched', 'antisemitic', 'cars']","['Australia to boot violent offenders in Nauru visa deal', 'Australia to boot violent offenders in Nauru visa deal', 'Australia to boot violent offenders in Nauru visa deal']"
602,25,602_separates_families_weighing_schools,"['separates', 'families', 'weighing', 'schools', 'thousands', 'responses', 'administration', 'raids', 'around', 'everywhere']","['Trump administration separates thousands of migrant families in the US', 'Trump administration separates thousands of migrant families in the US', 'Trump administration separates thousands of migrant families in the US']"
603,25,603_vast_stranded_mexico_staying,"['vast', 'stranded', 'mexico', 'staying', 'promised', 'havent', 'misinformation', 'hostility', 'blocked', 'fraud']","['Trump promised vast deportations to Mexico . Why are the numbers so low ? ', '  Im staying in Mexico : investigation reveals how misinformation and fraud trap thousands of migrants blocked by Trump', '  Im staying in Mexico : investigation reveals how misinformation and fraud trap thousands of migrants blocked by Trump']"
604,25,604_erschttert_gesandter_gewalt_ber,"['erschttert', 'gesandter', 'gewalt', 'ber', 'unicef', 'im', 'dobi', 'rtve', 'izvjetava', 'jedne']","['Unicef - Gesandter erschüttert über Gewalt im Sudan', 'Unicef - Gesandter erschüttert über Gewalt im Sudan', 'Unicef - Gesandter erschüttert über Gewalt im Sudan']"
605,25,605_e3_17_2025_,"['e3', '17', '2025', '', '', '', '', '', '', '']","['加沙援助物资  远远不够  联合国呼吁开放所有口岸 - 千龙网 · 中国首都网', '深观察丨美国  断供  加剧全球人道危机 - 千龙网 · 中国首都网', '欧洲  E3  机制回归 目前仍着眼  实用主义  合作 - 千龙网 · 中国首都网']"
606,25,606_separated_kidnapping_toddler_parents,"['separated', 'kidnapping', 'toddler', 'parents', 'accuses', 'was', 'who', 'deported', 'venezuela', 'from']","['Venezuela accuses US of  kidnapping  toddler who was separated from deported parents', 'Venezuela accuses US of  kidnapping  toddler who was separated from deported parents', 'Venezuela accuses US of  kidnapping  toddler who was separated from deported parents']"
607,25,607_consquences_paulent_coopration_brsil,"['consquences', 'paulent', 'coopration', 'brsil', 'inondations', 'parlementaire', 'solidarit', 'leur', 'japon', 'vietnam']","['Solidarité internationale : le Brésil et le Japon épaulent le Vietnam face aux conséquences des inondations', 'Solidarité internationale : le Brésil et le Japon épaulent le Vietnam face aux conséquences des inondations', 'Solidarité internationale : le Brésil et le Japon épaulent le Vietnam face aux conséquences des inondations']"
608,25,608_inde_linde_pakistanaise_locaux,"['inde', 'linde', 'pakistanaise', 'locaux', 'talibans', 'relation', 'explique', 'rivaux', '70ans', 'leau']","['Guerre Inde - Pakistan : attentat , expulsion de diplomates , suspension de leau … On vous explique la montée des tensions', 'Guerre Inde - Pakistan : attentat , expulsion de diplomates , suspension de leau … On vous explique la montée des tensions', 'Guerre Inde - Pakistan : attentat , expulsion de diplomates , suspension de leau … On vous explique la montée des tensions']"
609,25,609_wfp_tea_winter_bread,"['wfp', 'tea', 'winter', 'bread', 'insecurity', 'hungry', 'hunger', 'millions', 'food', 'cuts']","['WFP Warns Millions in Afghanistan Face Hunger This Winter', '  Just bread and tea : World Food Programme says Afghan aid cuts leave millions hungry this winter', '  Just bread and tea : WFP says aid cuts to Afghanistan leave millions hungry this winter']"
610,25,610_rises_toll_earthquake_death,"['rises', 'toll', 'earthquake', 'death', 'relief', 'urges', 'efforts', 'myanmar', 'chattanooga', 'jefferson']","['UN urges relief efforts in Myanmar as earthquake death toll rises', 'UN urges relief efforts in Myanmar as earthquake death toll rises', 'UN urges relief efforts in Myanmar as earthquake death toll rises']"
611,25,611_65_cities_raids_ramps,"['65', 'cities', 'raids', 'ramps', 'daily', 'record', 'detained', 'across', 'ice', 'immigrants']","['Record 65 , 000 immigrants detained as ICE ramps up daily raids across US cities', 'Record 65 , 000 immigrants detained as ICE ramps up daily raids across US cities', 'Record 65 , 000 immigrants detained as ICE ramps up daily raids across US cities']"
612,25,612_drohnen_russland_raffinerien_erneut,"['drohnen', 'russland', 'raffinerien', 'erneut', 'greift', 'georgien', 'und', 'einigung', 'erdogans', 'einmal']","['Ukraine greift erneut Raffinerien in Russland mit Drohnen an', 'Ukraine greift erneut Raffinerien in Russland mit Drohnen an', 'Ukraine greift erneut Raffinerien in Russland mit Drohnen an']"
613,25,613_kellogg_keith_narrows_ballistic,"['kellogg', 'keith', 'narrows', 'ballistic', 'deemed', 'acceptable', 'volodymyr', 'envoy', 'travels', 'ramaphosa']","['Russia - Ukraine war : Ukraine President Volodymyr Zelenskyy meets US envoy Keith Kellogg', 'Russia - Ukraine war : Ukraine President Volodymyr Zelenskyy meets US envoy Keith Kellogg', 'Russia - Ukraine war : Ukraine President Volodymyr Zelenskyy meets US envoy Keith Kellogg']"
614,25,614_barrage_began_missile_largest,"['barrage', 'began', 'missile', 'largest', 'launches', 'kyiv', 'since', 'drone', 'regiment', 'iskander']","['Russia launches largest missile and drone barrage on Kyiv since war in Ukraine began', 'Russia launches largest missile and drone barrage on Kyiv since war in Ukraine began', 'Russia launches largest missile and drone barrage on Kyiv since war in Ukraine began']"
615,25,615_limiting_inauguration_considering_working,"['limiting', 'inauguration', 'considering', 'working', 'coordinate', 'uphold', 'mounting', 'floats', 'letter', 'deliveries']","['Israel considering limiting humanitarian aid to Gaza after Trump inauguration', 'Israel considering limiting humanitarian aid to Gaza after Trump inauguration', 'Israel considering limiting humanitarian aid to Gaza after Trump inauguration']"
616,25,616_sindoor_wedge_wall_operation,"['sindoor', 'wedge', 'wall', 'operation', 'nice', 'attempts', 'damaged', 'succeeded', 'drive', 'iaf']","['How Pakistan attempts to drive wedge in India - Afghanistan relations hit a wall during Operation Sindoor', 'How Pakistan attempts to drive wedge in India - Afghanistan relations hit a wall during Operation Sindoor', 'How Pakistan attempts to drive wedge in India - Afghanistan relations hit a wall during Operation Sindoor']"
617,25,617_focused_challenges_belarus_highlights,"['focused', 'challenges', 'belarus', 'highlights', 'wants', 'poland', 'its', 'security', 'eu', 'border']","['Poland wants the EU focused on security . Its border with Belarus highlights the challenges', 'Poland wants the EU focused on security . Its border with Belarus highlights the challenges', 'Poland wants the EU focused on security . Its border with Belarus highlights the challenges']"
618,25,618_letat_laustralie_reconnatre_ou,"['letat', 'laustralie', 'reconnatre', 'ou', 'va', 'aprs', 'palestine', 'canada', 'france', 'le']","['Gaza . Après la France ou le Canada , lAustralie va reconnaître lEtat de Palestine', 'Gaza . Après la France ou le Canada , lAustralie va reconnaître lEtat de Palestine', 'Gaza . Après la France ou le Canada , lAustralie va reconnaître lEtat de Palestine']"
619,25,619_interpretation_laws_boats_tackle,"['interpretation', 'laws', 'boats', 'tackle', 'small', 'change', 'human', 'rights', 'european', 'fishing']","['UK : Change European human rights laws interpretation to tackle small boats', 'UK : Change European human rights laws interpretation to tackle small boats', 'UK : Change European human rights laws interpretation to tackle small boats']"
620,25,620_recognize_ehud_olmert_joining,"['recognize', 'ehud', 'olmert', 'joining', 'state', 'recognise', 'solution', 'recognizes', 'palestine', 'backing']","['Canada says it will recognize Palestine as a state , joining the U . K . and France', 'Canada says it will recognize Palestine as a state , joining the U . K . and France', 'Canada says it will recognize Palestine as a state , joining the U . K . and France']"
621,25,621_desire_castdoubt_cast_doubt,"['desire', 'castdoubt', 'cast', 'doubt', 'tells', 'undermines', 'federation', 'choice', 'its', 'calling']","['US tells UN : Russian strikes on Ukraine cast\xa0doubt on its desire for peace', 'US tells UN : Russian strikes on Ukraine cast\xa0doubt on its desire for peace', 'US tells UN : Russian strikes on Ukraine cast\xa0doubt on its desire for peace']"
622,25,622_inspire_balkans_high_level,"['inspire', 'balkans', 'high', 'level', 'tech', 'turkiye', 'ireland', 'northern', 'assures', 'pakistani']","['Peace in Northern Ireland to inspire high - level summit on Western Balkans', 'Peace in Northern Ireland to inspire high - level summit on Western Balkans', 'Peace in Northern Ireland to inspire high - level summit on Western Balkans']"
623,25,623_yuan_liberia_zambia_donates,"['yuan', 'liberia', 'zambia', 'donates', 'provide', 'emergency', '3600', 'million', 'rice', 'metric']","['China to provide Myanmar with 100 million yuan in emergency humanitarian aid', 'China to provide Myanmar with 100 million yuan in emergency humanitarian aid', 'China to provide Myanmar with 100 million yuan in emergency humanitarian aid']"
624,25,624_parade_devastated_ii_strength,"['parade', 'devastated', 'ii', 'strength', 'massive', 'hardware', 'northkorea', 'show', 'kim', 'showcase']","['North Korea Kim in China ahead of massive military parade', 'North Korea Kim in China ahead of massive military parade', 'North\xa0Korea Kim in China ahead of massive military parade']"
625,25,625_doge_classified_info_keep,"['doge', 'classified', 'info', 'keep', 'trying', 'musk', 'keeping', 'leave', 'usaid', 'heads']","['USAID security leaders on leave after trying to keep Musk DOGE from classified info , officials say', 'USAID security leaders on leave after trying to keep Musk DOGE from classified info , officials say', 'USAID security leaders on leave after trying to keep Musk DOGE from classified info , officials say']"
626,25,626_bn_ngng_cn_nhc,"['bn', 'ngng', 'cn', 'nhc', 'gia', 'chuyn', 'bo', 'coi', 'ngy', 'minh']","['Australia cân nhắc tham gia liên minh bảo vệ ngừng bắn tại Ukraine', 'Australia cân nhắc tham gia liên minh bảo vệ ngừng bắn tại Ukraine', 'Australia cân nhắc tham gia liên minh bảo vệ ngừng bắn tại Ukraine']"
627,25,627_demanding_access_vote_resolution,"['demanding', 'access', 'vote', 'resolution', 'votes', 'overwhelmingly', 'hostage', 'release', 'demand', 'waits']","['UN to vote on resolution demanding Gaza ceasefire , hostage release and aid access', 'UN to vote on resolution demanding Gaza ceasefire , hostage release and aid access', 'UN to vote on resolution demanding Gaza ceasefire , hostage release and aid access']"
628,25,628_africans_white_prioritize_slots,"['africans', 'white', 'prioritize', 'slots', 'reserved', 'refugee', 'nyt', 'ceiling', 'admissions', 'low']","['Most US refugee slots in 2026 reserved for White South Africans', 'Most US refugee slots in 2026 reserved for White South Africans', 'Most US refugee slots in 2026 reserved for White South Africans']"
629,25,629_panel_expert_delhi_hold,"['panel', 'expert', 'delhi', 'hold', 'tomorrow', 'defence', 'meeting', 'discuss', 'cooperation', 'ministers']","['India , Russia hold expert panel meeting in Delhi to discuss defence cooperation', 'India , Russia hold expert panel meeting in Delhi to discuss defence cooperation', 'India , Russia hold expert panel meeting in Delhi to discuss defence cooperation']"
630,25,630_marines_prince_haitian_protecting,"['marines', 'prince', 'haitian', 'protecting', 'port', 'suspected', 'gang', 'embassy', 'exchange', 'members']","['Suspected Haitian gang members exchange fire with Marines protecting US Embassy in Port - au - Prince', 'Suspected Haitian gang members exchange fire with Marines protecting US Embassy in Port - au - Prince', 'Suspected Haitian gang members exchange fire with Marines protecting US Embassy in Port - au - Prince']"
631,25,631_become_tough_temporary_rules,"['become', 'tough', 'temporary', 'rules', 'refugee', 'status', 'limit', 'under', 'wait', 'reforms']","['Refugee status to become temporary under tough new united kingdom asylum rules', 'Refugee status to become temporary under tough new united kingdom asylum rules', 'Refugee status to become temporary under tough new united kingdom asylum rules']"
632,25,632_suicide_pakistani_near_laden,"['suicide', 'pakistani', 'near', 'laden', 'islamabad', 'afghan', 'kills', 'explosive', 'crash', 'officials']","['Suicide attack kills 7 Pakistani troops near Afghan border , security officials say', 'Suicide attack kills 7 Pakistani troops near Afghan border , security officials say', 'Suicide attack kills 7 Pakistani troops near Afghan border , security officials say']"
633,25,633_carney_invitation_space_canadian,"['carney', 'invitation', 'space', 'canadian', 'mark', 'g20', 'canada', 'g7', 'interested', 'invite']","['Canadian PM Carney accepts PM Modi invitation to visit India in early 2026', 'Canadian PM Carney accepts PM Modi invitation to visit India in early 2026', 'Canadian PM Mark Carney Accepts PM Modi Invitation To Visit India In 2026']"
634,25,634_releases_criticism_limbo_detained,"['releases', 'criticism', 'limbo', 'detained', 'human', 'deportees', 'dozens', 'rights', 'following', 'panama']","['Panama releases dozens of detained deportees from US into limbo following human rights criticism', 'Panama releases dozens of detained deportees from US into limbo following human rights criticism', 'Panama releases dozens of detained deportees from US into limbo following human rights criticism']"
635,25,635_syrians_assad_175_stabilize,"['syrians', 'assad', '175', 'stabilize', 'succeed', 'syrian', 'fall', '08', 'azerbaijani', 'trkiye']","['Germany : 1 , 300 Syrians return home since fall of Assad – DW – 08 / 13 / 2025', 'Germany : 1 , 300 Syrians returned home since fall of Assad – DW – 08 / 13 / 2025', 'Germany : 1 , 300 Syrians returned home since fall of Assad – DW – 08 / 13 / 2025']"
636,25,636_cabinet_others_sanction_ministers,"['cabinet', 'others', 'sanction', 'ministers', 'far', 'right', 'occupied', 'bank', 'itamar', 'bezalel']","['UK and others sanction 2 far - right Israeli Cabinet ministers over violence in the occupied West Bank', 'UK and others sanction 2 far - right Israeli Cabinet ministers over violence in the occupied West Bank', 'UK and others sanction 2 far - right Israeli Cabinet ministers over violence in the occupied West Bank']"
637,25,637_harsh_isolated_deportee_gap,"['harsh', 'isolated', 'deportee', 'gap', 'details', 'darien', 'conditions', 'limbo', 'camp', 'near']","['Isolated in  harsh conditions : Deportee from US details legal limbo in Panama camp near Darien Gap', 'Isolated in  harsh conditions : Deportee from US details legal limbo in Panama camp near Darien Gap', 'Isolated in  harsh conditions : Deportee from US details legal limbo in Panama camp near Darien Gap']"
638,25,638_lockup_center_louisiana_detention,"['lockup', 'center', 'louisiana', 'detention', 'notorious', 'opens', 'prison', 'immigrant', 'base', 'build']","['ICE opens new  Louisiana Lockup  immigrant detention center at notorious prison', 'ICE opens new  Louisiana Lockup  immigrant detention center at notorious prison', 'ICE opens new  Louisiana Lockup  immigrant detention center at notorious prison']"
639,25,639_sink_dozen_off_boats,"['sink', 'dozen', 'off', 'boats', 'die', 'drown', 'greece', 'turkey', 'boat', 'capsizes']","['More than a dozen migrants die as boats sink off Greece and Turkey', 'More than a dozen migrants die as boats sink off Greece and Turkey', 'More than a dozen migrants die as boats sink off Greece and Turkey']"
640,25,640_voices_phone_alaska_deepening,"['voices', 'phone', 'alaska', 'deepening', 'kim', 'full', 'shoigu', 'north', 'korea', 'strong']","['North Korea Kim voices  full support  for Russia in phone talks with Putin ahead of Alaska summit', 'North Korea Kim voices  full support  for Russia in phone talks with Putin ahead of Alaska summit', 'North Korea Kim voices  full support  for Russia in phone talks with Putin ahead of Alaska summit']"
641,25,641_negotiators_resumes_head_easter,"['negotiators', 'resumes', 'head', 'easter', 'truce', 'qatar', 'regular', 'consultations', 'due', 'attacks']","['Israeli negotiators head to Qatar for Gaza truce talks', 'Israeli negotiators head to Qatar for Gaza truce talks', 'Israeli Negotiators Head To Qatar For Gaza Truce Talks']"
642,24,642_unimaginable_pushes_kordofan_actively,"['unimaginable', 'pushes', 'kordofan', 'actively', 'escalates', 'culture', 'caribbean', 'civil', 'edges', 'suffering']","['US pushes for ceasefire in Sudan civil war as Kordofan violence escalates - Dominican Republic Post – Caribbean News , Business , Travel & Culture', 'US pushes for ceasefire in Sudan civil war as Kordofan violence escalates - Dominican Republic Post – Caribbean News , Business , Travel & Culture', 'US pushes for ceasefire in Sudan civil war as Kordofan violence escalates - Dominican Republic Post – Caribbean News , Business , Travel & Culture']"
643,24,643_renames_relocation_swords_revival,"['renames', 'relocation', 'swords', 'revival', 'offensive', 'iron', 'approves', 'framework', 'ideology', 'conquest']","['Israel Renames Operation Iron Swords To  War Of Revival  As Gaza Fighting Resumes', 'Israel renames Operation Iron Swords to War of Revival as fighting in Gaza resumes', 'Israel renames Operation Iron Swords to War of Revival as fighting in Gaza resumes']"
644,24,644_monitor_middle_occur_alarming,"['monitor', 'middle', 'occur', 'alarming', 'justify', 'east', 'illusion', 'series', 'expose', 'reliant']","['Pakistan , Egypt discuss  alarming  situation in Gaza – Middle East Monitor', 'Pakistan , Egypt discuss  alarming  situation in Gaza – Middle East Monitor', 'Pakistan , Egypt discuss  alarming  situation in Gaza – Middle East Monitor']"
645,24,645_caravan_caravans_unlikely_journeys,"['caravan', 'caravans', 'unlikely', 'journeys', 'heading', 'cubans', 'inauguration', 'mexico', 'cuban', 'tapachula']","['A small caravan of migrants sets out from southern Mexico but is unlikely to reach the US', 'Migrant caravan heads north toward US border', 'First Migrant Caravan of 2025 Heads from Southern Mexico to U . S . Border']"
646,24,646_above_toll_campaign_expands,"['above', 'toll', 'campaign', 'expands', '69', 'deaths', 'calculated', '222', 'death', 'rise']","['Palestinian deaths in Gaza rise above 50 , 000 as Israel expands its military campaign', 'Palestinian deaths in Gaza rise above 50 , 000 as Israel expands its military campaign', 'Palestinian deaths in Gaza rise above 50 , 000 as Israel expands its military campaign']"
647,24,647_chipre_afrontar_financiacin_malta,"['chipre', 'afrontar', 'financiacin', 'malta', 'grecia', 'inmediata', 'piden', 'italia', 'migracin', 'espaa']","['España , Italia , Grecia , Malta y Chipre piden  financiación inmediata  para afrontar la migración en la  frontera sur  de la UE', 'España , Italia , Grecia , Malta y Chipre piden  financiación inmediata  para afrontar la migración en la  frontera sur  de la UE', 'España , Italia , Grecia , Malta y Chipre piden  financiación inmediata  para afrontar la migración en la  frontera sur  de la UE']"
648,24,648_largest_heroe_launches_scrapping,"['largest', 'heroe', 'launches', 'scrapping', 'yesterday', 'drone', 'admission', 'absolutely', 'nothing', 'deliveries']","['Russia launches its largest missile and drone attack of the war following Trump admission he got absolutely nothing out of Putin in phone call yesterday after scrapping Ukraine weapon deliveries', 'Russia launches its largest missile and drone attack of the war following Trump admission he got absolutely nothing out of Putin in phone call yesterday after scrapping Ukraine weapon deliveries', 'Russia launches its largest missile and drone attack of the war following Trump admission he got absolutely nothing out of Putin in phone call yesterday after scrapping Ukraine weapon deliveries']"
649,24,649_traitor_weakening_insult_dismisses,"['traitor', 'weakening', 'insult', 'dismisses', 'murkowski', 'bombardment', 'stomach', 'disgusting', 'pummels', 'senator']","['US senator accuses Trump of weakening Ukraine defense , dismisses Musk  traitor  insult', 'US senator accuses Trump of weakening Ukraine defense , dismisses Musk  traitor  insult', 'US senator accuses Trump of weakening Ukraine defense , dismisses Musk  traitor  insult']"
650,24,650_agrees_rsf_mediator_proposal,"['agrees', 'rsf', 'mediator', 'proposal', 'paramilitaries', 'backing', 'truce', 'surrenders', 'imperfect', 'pcc']","['Sudan RSF agrees to US proposal for humanitarian ceasefire', 'Sudan RSF agrees to US proposal for humanitarian ceasefire', 'Sudan RSF Agrees to US Proposal for Humanitarian Ceasefire']"
651,24,651_doubts_guarantees_backing_allies,"['doubts', 'guarantees', 'backing', 'allies', 'enforce', 'osce', 'inseparable', 'entail', 'production', 'erosion']","['Ukraine allies meet amid doubts over guarantees , US backing', 'Ukraine allies meet amid doubts over guarantees , US backing', 'Ukraine allies meet amid doubts over guarantees , US backing']"
652,24,652_dplacs_ctsces_dernires_conflitthalande,"['dplacs', 'ctsces', 'dernires', 'conflitthalande', 'semaines', 'deux', 'cambodge', 'asie', '900', 'plus']","['Asie . Conflit\xa0Thaïlande - Cambodge : \xa0plus de 900 000 déplacés des deux côtés\xa0ces deux dernières semaines', 'Asie . Conflit\xa0Thaïlande - Cambodge : \xa0plus de 900 000 déplacés des deux côtés\xa0ces deux dernières semaines', 'Asie . Conflit\xa0Thaïlande - Cambodge : \xa0plus de 900 000 déplacés des deux côtés\xa0ces deux dernières semaines']"
653,24,653_organised_transnational_combating_brazil,"['organised', 'transnational', 'combating', 'brazil', 'terrorism', 'crime', 'ink', 'cultural', 'zero', 'standards']","['India , Brazil sign agreement on cooperation in combating terrorism and transnational organised crime', 'India , Brazil sign agreement on cooperation in combating terrorism and transnational organised crime', 'India , Brazil sign agreement on cooperation in combating terrorism and transnational organised crime']"
654,24,654_elephants_jaguars_tigers_cartel,"['elephants', 'jaguars', 'tigers', 'cartel', 'sinaloa', 'flee', 'democratic', 'territory', 'pets', 'circus']","['Tigers , jaguars and elephants are the latest to flee cartel violence in Mexico Sinaloa', 'Tigers , jaguars and elephants are the latest to flee cartel violence in Mexico Sinaloa', 'Tigers , jaguars and elephants are the latest to flee cartel violence in Mexico Sinaloa']"
655,24,655_took_family_tries_fleeing,"['took', 'family', 'tries', 'fleeing', 'bureaucratic', 'enter', 'him', 'canada', 'ended', 'entered']","['Fleeing US deportations , it took this family of asylum seekers three tries to enter Canada', 'Fleeing US deportations , it took this family of asylum seekers three tries to enter Canada', 'Fleeing US deportations , it took this family of asylum seekers three tries to enter Canada']"
656,24,656_libya_libyan_nigerians_177,"['libya', 'libyan', 'nigerians', '177', 'destined', 'abruptly', 'chadians', 'nigeriens', 'traumatising', 'prostitution']","['Libya deports 177 migrants to Nigeria', 'Libya deports 177 migrants to Nigeria', 'US judge blocks plan to deport migrants to Libya']"
657,24,657_harish_early_ambassador_diplomatic,"['harish', 'early', 'ambassador', 'diplomatic', 'ready', 'efforts', 'support', 'end', 'conflict', 'india']","['  India ready to support diplomatic efforts for early end to Ukraine conflict : Ambassador P Harish', '  India ready to support diplomatic efforts for early end to Ukraine conflict : Ambassador P Harish', '  India ready to support diplomatic efforts for early end to Ukraine conflict : Ambassador P Harish']"
658,24,658_alignment_reaffirm_korean_call,"['alignment', 'reaffirm', 'korean', 'call', 'leaders', 'north', 'russian', 'over', 'and', 'ukraine']","['North Korean and Russian leaders in call to reaffirm alignment over Ukraine', 'North Korean and Russian leaders in call to reaffirm alignment over Ukraine', 'North Korean and Russian leaders in call to reaffirm alignment over Ukraine']"
659,24,659_cherchent_allis_ausommet_rponse,"['cherchent', 'allis', 'ausommet', 'rponse', 'ses', 'europens', 'rangs', 'resserrer', 'g20', 'kiev']","['Ukraine : Kiev et ses alliés cherchent à resserrer les rangs face au plan Trump', 'Ukraine : Kiev et ses alliés cherchent à resserrer les rangs face au plan Trump', 'Ukraine : Kiev et ses alliés cherchent à resserrer les rangs face au plan Trump']"
660,24,660_rwanda_host_confirms_early,"['rwanda', 'host', 'confirms', 'early', 'schmaybe', 'deported', 'abschiebemodell', 'umstrittenes', 'bad', 'prfen']","['Rwanda confirms early talks to host deported US migrants', 'Rwanda confirms early talks to host deported US migrants', 'Rwanda confirms early talks to host deported US migrants']"
661,24,661_alignment_reaffirm_korean_their,"['alignment', 'reaffirm', 'korean', 'their', 'call', 'leaders', 'north', 'russian', 'over', 'and']","['North Korean and Russian leaders in call reaffirm their alignment over Ukraine', 'North Korean and Russian leaders in call reaffirm their alignment over Ukraine', 'North Korean and Russian leaders in call reaffirm their alignment over Ukraine']"
662,24,662_urgency_entry_stresses_mercy,"['urgency', 'entry', 'stresses', 'mercy', 'managed', 'moazzam', 'malik', 'guterres', 'ensuring', 'gazans']","['Jordan FM stresses urgency of ceasefire , humanitarian aid entry into Gaza', 'Jordan FM stresses urgency of ceasefire , humanitarian aid entry into Gaza', 'Jordan FM stresses urgency of ceasefire , humanitarian aid entry into Gaza']"
663,24,663_armas_embargo_prope_travar,"['armas', 'embargo', 'prope', 'travar', 'espanha', 'embargar', 'sanitarias', 'espaa', 'hart', 'medidas']","['Espanha propõe embargo de armas a Israel para travar a guerra em Gaza', 'Espanha propõe embargo de armas a Israel para travar a guerra em Gaza', 'Espanha propõe embargo de armas a Israel para travar a guerra em Gaza']"
664,24,664_warehouse_875_weeks_recent,"['warehouse', '875', 'weeks', 'recent', 'storm', 'sites', '054', 'horde', 'demolished', 'acceptable']","['U . N . Fail : Thousands of Palestinians Storm Aid Warehouse in Gaza , Killing at Least 4', 'U . N . Fail : Thousands of Palestinians Storm Aid Warehouse in Gaza , Killing at Least 4', 'U . N . Fail : Thousands of Palestinians Storm Aid Warehouse in Gaza , Killing at Least 4']"
665,24,665_hungary_orbn_shrug_opposition,"['hungary', 'orbn', 'shrug', 'opposition', 'orban', 'move', 'bracing', 'off', 'next', 'shrugs']","['The EU will shrug off Hungary opposition to Ukraine support at a summit . What Orbán next move ? ', 'The EU will shrug off Hungary opposition to Ukraine support at a summit . What Orbán next move ? ', 'The EU will shrug off Hungary opposition to Ukraine support at a summit . What Orbán next move ? ']"
666,24,666_kuwait_convoy_244th_plane,"['kuwait', 'convoy', '244th', 'plane', 'dispatched', 'tons', 'kuna', '23rd', 'departs', 'convoys']","['KUNA : Kuwait dispatched 23rd plane to Syria with 10 tons of aid - Human', 'Kuwait : Kuwait dispatched 23rd plane to Syria with 10 tons of aid', 'Kuwait : Kuwait dispatched 23rd plane to Syria with 10 tons of aid']"
667,24,667_busting_bunker_worry_react,"['busting', 'bunker', 'worry', 'react', 'knocked', 'readied', 'brass', 'diaspora', 'reacts', 'well']","['With Eye on Iran , US Sends Bunker - Busting Bombs to Israel', 'IDF  shadow command  was readied in case Iran knocked out Israeli brass | JNS', 'IDF  shadow command  was readied in case Iran knocked out Israeli brass | JNS']"
668,24,668_indefinitely_account_settle_task,"['indefinitely', 'account', 'settle', 'task', 'intended', 'remain', 'israelis', 'grenada', 'troops', 'chronicle']","['Netanyahu vows to  settle account after three Israelis killed in West Bank shooting attack', 'Netanyahu vows to  settle account after three Israelis killed in West Bank shooting attack', 'Netanyahu vows to  settle account after three Israelis killed in West Bank shooting attack']"
669,24,669_unique_trkiye_praises_trains,"['unique', 'trkiye', 'praises', 'trains', 'supports', 'dual', 'speaks', 'round', 'host', 'led']","['US envoy praises Türkiye  unique  role in Russia - Ukraine peace talks', 'US envoy praises Türkiye  unique  role in Russia - Ukraine peace talks', 'US envoy praises Türkiye  unique  role in Russia - Ukraine peace talks']"
670,24,670_rnv_alerta_ciudadanos_viajen,"['rnv', 'alerta', 'ciudadanos', 'viajen', 'emite', 'conformada', 'emiti', 'emisora', 'emisoras', 'comunicacin']","['RNV | Radio Nacional de Venezuela C . A . es la emisora oficial del Estado venezolano . Forma parte del Sistema Bolivariano de Comunicación e Información . Conformada por las emisoras RNV Informativa 91 . 1 fm , RNV Activa 103 . 9 fm , RNV Musical 63...', 'RNV | Radio Nacional de Venezuela C . A . es la emisora oficial del Estado venezolano . Forma parte del Sistema Bolivariano de Comunicación e Información . Conformada por las emisoras RNV Informativa 91 . 1 fm , RNV Activa 103 . 9 fm , RNV Musical 63...', 'RNV | Radio Nacional de Venezuela C . A . es la emisora oficial del Estado venezolano . Forma parte del Sistema Bolivariano de Comunicación e Información . Conformada por las emisoras RNV Informativa 91 . 1 fm , RNV Activa 103 . 9 fm , RNV Musical 63...']"
671,24,671_practices_violate_suggests_law,"['practices', 'violate', 'suggests', 'law', 'agency', 'refugee', 'that', 'chief', 'convention', 'undermine']","['UN refugee agency chief suggests that US deportation practices violate the law', 'UN refugee agency chief suggests that US deportation practices violate the law', 'UN refugee agency chief suggests that US deportation practices violate the law']"
672,24,672_flood_data_floods_sharing,"['flood', 'data', 'floods', 'sharing', '33m', 'ground', 'grounds', 'kandahar', 'khakrez', 'rs454m']","['Sharing Flood Data With Pakistan On Humanitarian Ground : India', 'Sharing flood data with Pakistan on humanitarian ground : India', 'Sharing Flood Data With Pakistan On Humanitarian Ground : India']"
673,24,673_paid_suspect_general_killing,"['paid', 'suspect', 'general', 'killing', 'was', 'he', 'claims', 'pleads', 'guilty', 'russian']","['Suspect in killing of Russian general claims he was paid by Ukraine , Russia says', 'Suspect in killing of Russian general claims he was paid by Ukraine , Russia says', 'Suspect in killing of Russian general claims he was paid by Ukraine , Russia says']"
674,24,674_ninguna_reitera_surges_withdraw,"['ninguna', 'reitera', 'surges', 'withdraw', 'entrar', 'combate', 'forem', 'libertados', 'corridor', 'ameaa']","['Israel reitera que « en Gaza no entrará ninguna ayuda humanitaria » ', 'Israel reitera que « en Gaza no entrará ninguna ayuda humanitaria » ', 'Israel reitera que « en Gaza no entrará ninguna ayuda humanitaria » ']"
675,24,675_something_toward_ending_significant,"['something', 'toward', 'ending', 'significant', 'spare', 'senseles', 'unexpected', 'do', 'request', 'regret']","['Trump says he and Putin could do something  significant  toward ending Russia war in Ukraine', 'Trump says he and Putin could do something  significant  toward ending Russia war in Ukraine', 'Trump says he and Putin could do something  significant  toward ending Russia war in Ukraine']"
676,24,676_shtetin_njoh_palestinez_thot,"['shtetin', 'njoh', 'palestinez', 'thot', 'ta', 'berlebenskampf', 'waffenstillstand', 'mehrfrontenkrieg', 'brennt', 'jahre']","['Australia thotë se do ta njohë shtetin palestinez', 'Australia thotë se do ta njohë shtetin palestinez', 'Australia thotë se do ta njohë shtetin palestinez']"
677,24,677_rawalpindi_rising_tightens_afghan,"['rawalpindi', 'rising', 'tightens', 'afghan', 'countdown', '239', 'expedite', 'around', 'joblessness', 'intensifies']","['Pakistan tightens security around Rawalpindi Afghan refugee detention centre', 'Pakistan tightens security around Rawalpindi Afghan refugee detention centre', 'Pakistan tightens security around Rawalpindi Afghan refugee detention centre']"
678,24,678_withdraw_extending_corridor_mount,"['withdraw', 'extending', 'corridor', 'mount', 'concerns', 'forces', 'part', 'key', 'withdrawing', 'israeli']","['Israeli forces withdraw from key Gaza corridor as concerns mount over extending ceasefire', 'Israeli forces withdraw from key Gaza corridor as concerns mount over extending ceasefire', 'Israeli forces withdraw from key Gaza corridor as concerns mount over extending ceasefire']"
679,24,679_ground_offensive_hinges_460,"['ground', 'offensive', 'hinges', '460', 'major', 'mounting', 'launches', 'city', 'incursion', 'aimed']","['Israel expands ground offensive in Gaza City', 'Israel Launches Major Ground Offensive In Gaza City As UN Accuses It Of Genocide', 'Israel Launches Major Ground Offensive In Gaza City As UN Accuses It Of Genocide']"
680,24,680_ndhjlp_luften_till_sammanbrott,"['ndhjlp', 'luften', 'till', 'sammanbrott', 'samtalen', 'vgrar', 'slppa', 'om', 'nra', 'vapenvila']","['Nödhjälp till Gaza från luften återupptas', 'Nödhjälp till Gaza från luften återupptas', 'Nödhjälp till Gaza från luften återupptas']"
681,24,681_2024_web_80_50,"['2024', 'web', '80', '50', '2025', '', '', '', '', '']","['王毅 ： 元首外交推动中国与世界关系发生积极和深远的变化 - 中新网', '日本とＥＵ 、 産業強化に新枠組み 自由貿易推進 「 競争力同盟 」 創設 | 上毛新聞電子版｜群馬県のニュース ・ スポーツ情報', '同球共济 砥柱中流 习近平主席引领2024年中国特色大国外交述评 _ 广州日报大洋网']"
682,24,682_hastily_resisting_restrict_similar,"['hastily', 'resisting', 'restrict', 'similar', 'order', 'cases', 'expected', 'administration', 'public', 'mexico']","['Trump administration working to return migrant hastily deported to Mexico after resisting similar court orders in other cases', 'Trump administration working to return migrant hastily deported to Mexico after resisting similar court orders in other cases', 'Trump administration working to return migrant hastily deported to Mexico after resisting similar court orders in other cases']"
683,24,683_hed_28_jan_mentions,"['hed', '28', 'jan', 'mentions', 'hinge', 'point', 'easy', '29', 'monitors', 'said']","['Donald Trump said hed end the Ukraine war in a day . This is why it not that easy - 29 - Jan - 2025', 'Donald Trump said hed end the Ukraine war in a day . This is why it not that easy - 29 - Jan - 2025', 'Donald Trump said hed end the Ukraine war in a day . This is why it not that easy - 29 - Jan - 2025']"
684,24,684_showdown_almost_led_flights,"['showdown', 'almost', 'led', 'flights', 'resume', 'following', 'that', 'trade', 'colombia', 'deportation']","['Deportation flights from the US to Colombia resume following showdown that almost led to a trade war', 'Deportation flights from the US to Colombia resume following showdown that almost led to a trade war', 'Deportation flights from the US to Colombia resume following showdown that almost led to a trade war']"
685,24,685_mourns_capital_limbo_23,"['mourns', 'capital', 'limbo', '23', 'dead', 'efforts', 'russian', 'attack', 'press', 'daily']","['Peace efforts in limbo as Ukraine capital mourns 23 dead after Russian attack', 'Peace efforts in limbo as Ukraine capital mourns 23 dead after Russian attack', 'Peace efforts in limbo as Ukraine capital mourns 23 dead after Russian attack']"
686,24,686_laiea_nuclaire_liran_forme,"['laiea', 'nuclaire', 'liran', 'forme', 'cooprer', 'prt', 'sous', 'nouvelle', 'avec', 'dit']","['Nucléaire : lIran prêt à coopérer avec lAIEA « sous une nouvelle forme » ', 'Nucléaire : lIran se dit prêt à coopérer avec lAIEA sous  une nouvelle forme  ', 'Nucléaire : lIran se dit prêt à coopérer avec lAIEA sous  une nouvelle forme  ']"
687,24,687_tack_charge_allow_non,"['tack', 'charge', 'allow', 'non', 'change', 'stay', 'groups', 'food', 'may', 'easier']","['Israel may change tack to allow aid groups in Gaza to stay in charge of non - food aid', 'Israel may change tack to allow aid groups in Gaza to stay in charge of non - food aid', 'Israel may change tack to allow aid groups in Gaza to stay in charge of non - food aid']"
688,24,688_bus_gunmen_open_jerusalem,"['bus', 'gunmen', 'open', 'jerusalem', 'killing', 'stop', 'fire', 'palestinian', 'six', 'officials']","['Palestinian gunmen open fire at Jerusalem bus stop , killing 6', 'Palestinian gunmen open fire at Jerusalem bus stop , killing 6', 'Palestinian gunmen open fire at Jerusalem bus stop , killing 6']"
689,24,689_dashed_chances_lives_make,"['dashed', 'chances', 'lives', 'make', 'stay', 'we', 'if', 'mexico', 'pasadena', 'longmont']","['  What if we stay in Mexico ? With chances in the US dashed , migrants make new lives south of border – Lowell Sun', '  What if we stay in Mexico ? With chances in the US dashed , migrants make new lives south of border – Boston Herald', '  What if we stay in Mexico ? With chances in the US dashed , migrants make new lives south of border – Boston Herald']"
690,24,690_boulder_extremist_inciting_protestors,"['boulder', 'extremist', 'inciting', 'protestors', 'colorado', 'jews', 'suspect', 'sanction', 'stressing', 'psa']","['Boulder attack targets Israeli hostage protestors , what to know about suspect', 'Boulder attack targets Israeli hostage protestors , what to know about suspect', 'Boulder attack targets Israeli hostage protestors , what to know about suspect']"
691,24,691_indus_waters_water_flowed,"['indus', 'waters', 'water', 'flowed', '1960', 'watershed', 'kept', 'river', 'fairly', 'ganga']","['Not just water , money too flowed from India to Pakistan as part of Indus Waters Treaty', 'Not just water , money too flowed from India to Pakistan as part of Indus Waters Treaty', 'Not just water , money too flowed from India to Pakistan as part of Indus Waters Treaty']"
692,24,692_apoyando_miente_estratega_repentino,"['apoyando', 'miente', 'estratega', 'repentino', 'verdadera', 'marta', 'otan', 'rpido', 'ucrania', 'realizaron']","[' ¿ Kiev miente ? China niega estar apoyando a Rusia en guerra con Ucrania', ' ¿ Kiev miente ? China niega estar apoyando a Rusia en guerra con Ucrania', ' ¿ Kiev miente ? China niega estar apoyando a Rusia en guerra con Ucrania']"
693,24,693_applying_americans_data_refugee,"['applying', 'americans', 'data', 'refugee', 'status', 'canada', 'admit', 'shows', 'predominantly', 'safe']","['More Americans applying for refugee status in Canada , data shows', 'More Americans applying for refugee status in Canada , data shows', 'More Americans applying for refugee status in Canada , data shows']"
694,24,694_trudeau_fourth_2022_makes,"['trudeau', 'fourth', '2022', 'makes', 'annual', 'escalation', 'summary', 'since', 'canadian', 'surprise']","['Trudeau makes fourth annual visit to Ukraine since Russian war escalation in 2022', 'Trudeau makes fourth annual visit to Ukraine since Russian war escalation in 2022', 'Trudeau makes fourth annual visit to Ukraine since Russian war escalation in 2022']"
695,24,695_brokered_my_forth_bargained,"['brokered', 'my', 'forth', 'bargained', 'ubt', 'sena', 'shiv', 'repeats', 'historic', 'between']","['  My administration brokered a historic ceasefire between India and Pakistan : US President Donald Trump', '  My administration brokered a historic ceasefire between India and Pakistan : US President Donald Trump', '  My administration brokered a historic ceasefire between India and Pakistan : US President Donald Trump']"
696,23,696_radio_lied_hughes_captured,"['radio', 'lied', 'hughes', 'captured', 'chris', 'fighters', 'tell', 'asia', 'story', 'chinese']","['  Russia lied to u : Chinese fighters captured by Ukraine tell their story – Radio Free Asia', '  Russia lied to u : Chinese fighters captured by Ukraine tell their story – Radio Free Asia', '  Russia lied to u : Chinese fighters captured by Ukraine tell their story – Radio Free Asia']"
697,23,697_christians_treatment_threatens_action,"['christians', 'treatment', 'threatens', 'action', 'nigeria', 'targeting', 'fulani', 'military', 'deny', 'existential']","['Trump threatens US military action in Nigeria over treatment of Christians', 'Trump threatens US military action in Nigeria over treatment of Christians', 'Trump threatens US military action in Nigeria over treatment of Christians']"
698,23,698_fail_if_open_asif,"['fail', 'if', 'open', 'asif', 'unreasonable', 'obliteration', 'islamabad', 'khawaja', 'afghanistan', 'survive']","['Pakistan minister warns of  open war  with Afghanistan if peace talks fail', 'Pakistan minister warns of  open war  with Afghanistan if peace talks fail', 'Pakistan minister warns of  open war  with Afghanistan if peace talks fail']"
699,23,699_yang_bertempur_tentara_klaim,"['yang', 'bertempur', 'tentara', 'klaim', 'tangkap', 'ukraina', 'tawan', 'untuk', 'pihak', 'utara']","['Zelensky Klaim Pasukan Ukraina Tangkap Tentara China yang Bertempur di Pihak Rusia : Okezone News', 'Zelensky Klaim Pasukan Ukraina Tangkap Tentara China yang Bertempur di Pihak Rusia : Okezone News', 'Zelensky Klaim Pasukan Ukraina Tangkap Tentara China yang Bertempur di Pihak Rusia : Okezone News']"
700,23,700_shipments_halting_some_precision,"['shipments', 'halting', 'some', 'precision', 'shipment', 'freezes', 'weapons', 'military', 'outrage', 'decision']","['US halting some shipments of military aid to Ukraine', 'US halting some shipments of military aid to Ukraine', 'US Halting Some Shipments Of Military Aid To Ukraine']"
701,23,701_soldats_satisfait_lallemagne_simpatientent,"['soldats', 'satisfait', 'lallemagne', 'simpatientent', 'tandis', 'quitable', 'dploie', 'envoyer', 'franais', 'laccord']","['Guerre en Ukraine\xa0 : La France et lAllemagne simpatientent , tandis que la Russie déploie ses soldats', 'Guerre en Ukraine\xa0 : La France et lAllemagne simpatientent , tandis que la Russie déploie ses soldats', 'Guerre en Ukraine\xa0 : La France et lAllemagne simpatientent , tandis que la Russie déploie ses soldats']"
702,23,702_baerbock_blauhelm_shell_mgliche,"['baerbock', 'blauhelm', 'shell', 'mgliche', 'blauhelme', 'friedensvereinbarung', 'fr', 'spiel', 'hlt', 'mglich']","['Baerbock für mögliche Blauhelm - Mission in der Ukraine', 'Baerbock für mögliche Blauhelm - Mission in der Ukraine', 'Baerbock für mögliche Blauhelm - Mission in der Ukraine']"
703,23,703_definitions_terms_key_immigration,"['definitions', 'terms', 'key', 'immigration', 'asylum', 'kingdom', 'united', 'and', 'the', 'in']","['Asylum and immigration in the united kingdom : Key terms and definitions', 'Asylum and immigration in the united kingdom : Key terms and definitions', 'Asylum and immigration in the united kingdom : Key terms and definitions']"
704,23,704_franja_retira_corredor_ejrcito,"['franja', 'retira', 'corredor', 'ejrcito', 'fuego', 'divide', 'retacha', 'emboscada', 'ruptura', 'suecia']","['El ejército israelí se retira del corredor que divide la Franja de Gaza', 'El ejército israelí se retira del corredor que divide la Franja de Gaza', 'El ejército israelí se retira del corredor que divide la Franja de Gaza']"
705,23,705_ganar_poda_zelenski_iniciado,"['ganar', 'poda', 'zelenski', 'iniciado', 'locos', 'burla', 'parque', 'peleando', 'impacienta', 'haber']","['Trump se impacienta con Ucrania y acusa a Zelenski de haber iniciado una guerra con Rusia que no podía ganar', 'Trump se impacienta con Ucrania y acusa a Zelenski de haber iniciado una guerra con Rusia que no podía ganar', 'Trump se impacienta con Ucrania y acusa a Zelenski de haber iniciado una guerra con Rusia que no podía ganar']"
706,23,706_derriba_fronterizas_regiones_ucranianos,"['derriba', 'fronterizas', 'regiones', 'ucranianos', 'hoy', 'tres', 'directo', 'zaporiyia', 'volgogrado', 'incendia']","['Guerra de Ucrania , hoy en directo | Rusia derriba drones ucranianos sobre tres de sus regiones fronterizas', 'Guerra de Ucrania , hoy en directo | Rusia derriba drones ucranianos sobre tres de sus regiones fronterizas', 'Guerra de Ucrania , hoy en directo | Rusia derriba drones ucranianos sobre tres de sus regiones fronterizas']"
707,23,707_aware_ww3_share_stories,"['aware', 'ww3', 'share', 'stories', 'chilling', 'europeans', 'triggering', 'might', 'basi', '44']","['Europeans Share 44 News Stories Americans Might Not Be Aware Of', 'Europeans Share 44 News Stories Americans Might Not Be Aware Of', 'Europeans Share 44 News Stories Americans Might Not Be Aware Of']"
708,23,708_jamaica_hurricane_deploys_ghana,"['jamaica', 'hurricane', 'deploys', 'ghana', 'engineers', 'nurses', 'teachers', 'melissa', 'gh10m', 'ghanaian']","['Ghana deploys military engineers to help rebuild Jamaica after Hurricane Melissa', 'Ghana deploys military engineers to help rebuild Jamaica after Hurricane Melissa', 'Ghana deploys military engineers to help rebuild Jamaica after Hurricane Melissa']"
709,23,709_sunday_hearing_set_guatemalan,"['sunday', 'hearing', 'set', 'guatemalan', 'some', 'court', 'deport', 'children', 'efforts', 'custody']","['Court hearing set Sunday on US efforts to deport some Guatemalan children', 'Court hearing set Sunday on US efforts to deport some Guatemalan children', 'Court hearing set Sunday on US efforts to deport some Guatemalan children']"
710,23,710_125_saturday_crossed_carrying,"['125', 'saturday', 'crossed', 'carrying', 'boat', 'record', 'channel', 'coastguard', 'filmed', 'dunkirk']","['Boat carrying record 125 migrants crossed Channel to united kingdom on Saturday', 'Boat carrying record 125 migrants crossed Channel to united kingdom on Saturday', 'Boat carrying record 125 migrants crossed Channel to united kingdom on Saturday']"
711,23,711_backed_nakba_participate_slow,"['backed', 'nakba', 'participate', 'slow', 'delisting', 'africanews', 'too', 'controversy', 'eyes', 'vote']","['Israel US - backed Gaza aid plan may lead to second Nakba , UN agency chief warns', 'Israel US - backed Gaza aid plan may lead to second Nakba , UN agency chief warns', 'Israel US - backed Gaza aid plan may lead to second Nakba , UN agency chief warns']"
712,23,712_guarantees_article_guideline_corresponding,"['guarantees', 'article', 'guideline', 'corresponding', 'collective', 'moon', 'alabama', 'guarantee', 'which', 'initiated']","['What is NATO Article 5 , the collective defense guideline which Trump says will be used to protect Ukraine and can US attack Russia if war continues ? ', 'What is NATO Article 5 , the collective defense guideline which Trump says will be used to protect Ukraine and can US attack Russia if war continues ? ', 'What is NATO Article 5 , the collective defense guideline which Trump says will be used to protect Ukraine and can US attack Russia if war continues ? ']"
713,23,713_pauses_food_famine_camp,"['pauses', 'food', 'famine', 'camp', 'half', 'displacement', 'wfp', 'preposition', 'agency', 'hit']","['UN food agency pauses aid to famine - hit Sudan displacement camp of half a million people', 'UN food agency pauses aid to famine - hit Sudan displacement camp of half a million people', 'UN food agency pauses aid to famine - hit Sudan displacement camp of half a million people']"
714,23,714_willingness_face_shows_wants,"['willingness', 'face', 'shows', 'wants', 'zelenskyy', 'idea', 'but', 'bold', 'leader', 'enough']","['Ukraine Zelenskyy wants face - to - face talks with Putin but the Russian leader shows no willingness', 'Ukraine Zelenskyy wants face - to - face talks with Putin but the Russian leader shows no willingness', 'Ukraine Zelenskyy wants face - to - face talks with Putin but the Russian leader shows no willingness']"
715,23,715_contient_nuclaire_pacte_nouveau,"['contient', 'nuclaire', 'pacte', 'nouveau', 'prparent', 'fche', 'stratgique', '701km2', 'perdu', 'suite']","['Nucléaire , guerre en Ukraine … Que contient le nouveau pacte stratégique entre la Russie et lIran ? ', 'Nucléaire , guerre en Ukraine … Que contient le nouveau pacte stratégique entre la Russie et lIran ? ', 'Nucléaire , guerre en Ukraine … Que contient le nouveau pacte stratégique entre la Russie et lIran ? ']"
716,23,716_restore_supports_conflicts_through,"['restore', 'supports', 'conflicts', 'through', 'dialogue', 'diplomacy', 'all', 'lining', 'vaccine', 'silver']","['  India supports all efforts to restore peace through dialogue , diplomacy : PM Modi on Gaza , Ukraine conflicts', '  India supports all efforts to restore peace through dialogue , diplomacy : PM Modi on Gaza , Ukraine conflicts', '  India supports all efforts to restore peace through dialogue , diplomacy : PM Modi on Gaza , Ukraine conflicts']"
717,23,717_patriot_warplane_secret_missiles,"['patriot', 'warplane', 'secret', 'missiles', 'laser', 'disposable', 'vapes', 'himars', 'send', 'oblast']","['World News : Trump to send Patriot missiles to Ukraine , US envoy visits Kyiv', 'World News : Trump to send Patriot missiles to Ukraine , US envoy visits Kyiv', 'World News : Trump to send Patriot missiles to Ukraine , US envoy visits Kyiv']"
718,23,718_lanka_sri_dissanayake_louder,"['lanka', 'sri', 'dissanayake', 'louder', 'deserves', 'quiet', 'recognition', 'etca', 'links', 'pacts']","['Germany and Sri Lanka : Quiet partnership that deserves louder recognition', 'Germany and Sri Lanka : Quiet partnership that deserves louder recognition', 'Germany and Sri Lanka : Quiet partnership that deserves louder recognition']"
719,23,719_fires_rocket_sirens_triggers,"['fires', 'rocket', 'sirens', 'triggers', 'lebanon', 'cross', 'response', 'escalates', 'fire', 'raid']","['Israel fires on Lebanon after rocket attack', 'Israel fires on Lebanon after rocket attack', 'Israel fires on Lebanon after rocket attack']"
720,23,720_fighters_militants_soldiers_pakistani,"['fighters', 'militants', 'soldiers', 'pakistani', '25', 'clashes', 'five', 'personnel', 'afghan', 'militant']","['Pakistan says five soldiers and 25 fighters killed in Afghan border clashes', 'At least 25 militants , 5 Pakistani soldiers killed in clashes near Afghan border amid Istanbul talks', 'At least 25 militants , 5 Pakistani soldiers killed in clashes near Afghan border amid Istanbul talks']"
721,23,721_vs_also_distance_proving,"['vs', 'also', 'distance', 'proving', 'maintaining', 'wins', 'these', 'pushing', 'hina', 'fused']","['India Pakistan Army Weapons Us Vs China , भारत बनाम पाकिस्तान है अमेरिका बनाम चीन की भी लड़ाई ... जानिए कैसे दक्षिण एशिया को हथियारों से पाट रहे दो शक्तिशाली देश ? - india vs pakistan is also fight between america and china know how these countries f...', 'India Pakistan Army Weapons Us Vs China , भारत बनाम पाकिस्तान है अमेरिका बनाम चीन की भी लड़ाई ... जानिए कैसे दक्षिण एशिया को हथियारों से पाट रहे दो शक्तिशाली देश ? - india vs pakistan is also fight between america and china know how these countries f...', 'India Pakistan Army Weapons Us Vs China , भारत बनाम पाकिस्तान है अमेरिका बनाम चीन की भी लड़ाई ... जानिए कैसे दक्षिण एशिया को हथियारों से पाट रहे दो शक्तिशाली देश ? - india vs pakistan is also fight between america and china know how these countries f...']"
722,23,722_faith_brace_supporting_targeted,"['faith', 'brace', 'supporting', 'targeted', 'tough', 'accompany', 'immigrants', 'california', 'religious', 'year']","['US faith leaders supporting targeted immigrants brace for a tough year', 'US faith leaders supporting targeted immigrants brace for a tough year', 'US faith leaders supporting targeted immigrants brace for a tough year']"
723,23,723_rekindling_kabul_independent_solidarity,"['rekindling', 'kabul', 'independent', 'solidarity', 'peaceful', 'choices', 'upgrades', 'technical', 'clear', 'afghanistan']","['Pakistan , China , India , Iran , shows solidarity for  independent , peaceful  Afghanistan , calls for ... ', 'Pakistan , China , India , Iran , shows solidarity for  independent , peaceful  Afghanistan , calls for ... ', 'Pakistan , China , India , Iran , shows solidarity for  independent , peaceful  Afghanistan , calls for ... ']"
724,23,724_disfrazada_corrupcin_millones_humanitaria,"['disfrazada', 'corrupcin', 'millones', 'humanitaria', 'anunciada', 'ayuda', 'ue', 'destina', 'beneficirios', 'valorar']","['Gobierno de Venezuela asegura que la ayuda humanitaria anunciada por la UE es  corrupción disfrazada  ', 'Venezuela asegura que la ayuda humanitaria anunciada por la UE es corrupción disfrazada', 'Venezuela asegura que la ayuda humanitaria anunciada por la UE es  corrupción disfrazada  ']"
725,23,725_nuovo_laustralia_equilibri_pacifico,"['nuovo', 'laustralia', 'equilibri', 'pacifico', 'trattato', 'che', 'dellindo', 'cessate', 'fuoco', 'gli']","['Indonesia . Il nuovo trattato con lAustralia che cambia gli equilibri dellIndo - Pacifico', 'Indonesia . Il nuovo trattato con lAustralia che cambia gli equilibri dellIndo - Pacifico', 'Indonesia . Il nuovo trattato con lAustralia che cambia gli equilibri dellIndo - Pacifico']"
726,23,726_sergey_lavrov_remarks_wonsan,"['sergey', 'lavrov', 'remarks', 'wonsan', 'mull', 'opening', 'invincible', 'araqchi', 'reinforce', 'jong']","['Article by Foreign Minister Sergey Lavrov for Lao media ,  Russia and Laos : 65 Years of Time - Tested Friendship , November 20 , 2025', 'Foreign Minister Sergey Lavrov remarks and answers to media questions following the second round of Russia - DPRK strategic dialogue at the level of foreign ministers , Wonsan , July 12 , 2025', 'Foreign Minister Sergey Lavrov opening remarks during the meeting with Chairman of the State Affairs Commission of the Democratic People Republic of Korea Kim Jong - un , Wonsan , July 12 , 2025']"
727,23,727_tomahawk_fleitz_tomahawks_survey,"['tomahawk', 'fleitz', 'tomahawks', 'survey', 'blames', 'fred', 'deterrence', 'coin', 'lowest', 'missiles']","['This Is Not the Time to Give Tomahawks to Ukraine As Trump diplomacy opens new talks with Putin , Ukraine push for U . S . Tomahawk missiles tests the line between deterrence and dangerous escalation . By Fred Fleitz', 'This Is Not the Time to Give Tomahawks to Ukraine As Trump diplomacy opens new talks with Putin , Ukraine push for U . S . Tomahawk missiles tests the line between deterrence and dangerous escalation . By Fred Fleitz', 'This Is Not the Time to Give Tomahawks to Ukraine As Trump diplomacy opens new talks with Putin , Ukraine push for U . S . Tomahawk missiles tests the line between deterrence and dangerous escalation . By Fred Fleitz']"
728,23,728_giao_tranh_ni_ging,"['giao', 'tranh', 'ni', 'ging', 'lit', 'giai', 'xung', 'nga', 'ngoi', 'ba']","['Chiến sự Nga - Ukraine 19 - 2 : Giao tranh ác liệt nhiều nơi ; Nga nói về vai trò của EU trong đàm phán hòa bình', 'Chiến sự Nga - Ukraine 19 - 2 : Giao tranh ác liệt nhiều nơi ; Nga nói về vai trò của EU trong đàm phán hòa bình', 'Chiến sự Nga - Ukraine 19 - 2 : Giao tranh ác liệt nhiều nơi ; Nga nói về vai trò của EU trong đàm phán hòa bình']"
729,23,729_nato_mengaku_admirali_fundi,"['nato', 'mengaku', 'admirali', 'fundi', 'upozorava', 'mundur', 'kremlj', 'trupa', 'demi', 'larg']","['  Fundi i NATO - s nuk është larg , paralajmëron admirali amerikan', 'Zelensky Mengaku Siap Mundur Demi Ukraina Masuk NATO', 'Zelensky Mengaku Siap Mundur Demi Ukraina Masuk NATO']"
730,23,730_retaliates_baloch_spiralling_showed,"['retaliates', 'baloch', 'spiralling', 'showed', 'changing', 'spiraling', 'warfare', 'worked', 'cricket', 'textbook']","['Latest India - Pakistan Conflict Showed How Drones Are Changing Warfare', 'BNM Chairperson condemns abduction of Asma Baloch as part of Pak systematic war on Baloch women', 'BNM Chairperson condemns abduction of Asma Baloch as part of Pak systematic war on Baloch women']"
731,23,731_contribute_usd_hands_join,"['contribute', 'usd', 'hands', 'join', '20m', 'quad', 'devastating', 'million', '20', 'ravaged']","['India , US , Australia , Japan join hands to contribute over USD 20 million in humanitarian aid to Myanmar', 'India , US , Australia , Japan join hands to contribute over USD 20 million in humanitarian aid to Myanmar', 'India , US , Australia , Japan join hands to contribute over USD 20 million in humanitarian aid to Myanmar']"
732,23,732_comprehensive_depth_zayed_affirm,"['comprehensive', 'depth', 'zayed', 'affirm', 'abdullah', 'statement', 'joint', 'bin', 'upgrade', 'laos']","['Abdullah bin Zayed , Chinese Foreign Minister affirm depth of Comprehensive Strategic Partnership between two countries in joint statement', 'Abdullah bin Zayed , Chinese Foreign Minister affirm depth of Comprehensive Strategic Partnership between two countries in joint statement', 'Abdullah bin Zayed , Chinese Foreign Minister affirm depth of Comprehensive Strategic Partnership between two countries in joint statement']"
733,23,733_exploit_abuse_authorities_exploited,"['exploit', 'abuse', 'authorities', 'exploited', 'nationals', 'excesses', 'kuki', 'racketeering', 'cybercrime', 'manipur']","['Thailand : Authorities Abuse , Exploit Myanmar Nationals', 'Thailand : Authorities Abuse , Exploit Myanmar Nationals', 'Thailand : Authorities Abuse , Exploit Myanmar Nationals']"
734,23,734_trentaine_fait_russes_blesss,"['trentaine', 'fait', 'russes', 'blesss', 'dune', 'nourrisson', 'prs', 'trois', 'morts', 'attaque']","['Guerre en Ukraine . Une attaque de drones russes fait trois morts et près dune trentaine de blessés à Kiev', 'Guerre en Ukraine . Une attaque de drones russes fait trois morts et près dune trentaine de blessés à Kiev', 'Guerre en Ukraine . Une attaque de drones russes fait trois morts et près dune trentaine de blessés à Kiev']"
735,23,735_lukraine_accepte_longtemps_prfrable,"['lukraine', 'accepte', 'longtemps', 'prfrable', 'querelle', 'ridicule', 'paix', 'dure', 'quil', 'estime']","['Trump estime quil pourrait être préférable que le conflit entre la Russie et lUkraine dure plus longtemps', 'Trump estime quil pourrait être préférable que le conflit entre la Russie et lUkraine dure plus longtemps', 'Trump estime quil pourrait être préférable que le conflit entre la Russie et lUkraine dure plus longtemps']"
736,23,736_sabotage_ultimatum_pressure_additional,"['sabotage', 'ultimatum', 'pressure', 'additional', 'zelensky', 'aerial', 'volodymyr', 'zelenskyy', 'territorial', 'ruin']","['  Russia must not sabotage diplomacy : Volodymyr Zelenskyy calls for  additional pressure  on Moscow after aerial attacks', '  Russia must not sabotage diplomacy : Volodymyr Zelenskyy calls for  additional pressure  on Moscow after aerial attacks', '  Russia must not sabotage diplomacy : Volodymyr Zelenskyy calls for  additional pressure  on Moscow after aerial attacks']"
737,23,737_criticism_releases_limbo_detained,"['criticism', 'releases', 'limbo', 'detained', 'human', 'deportees', 'dozens', 'rights', 'following', 'panama']","['Panama releases dozens of detained deportees from US into limbo following human rights criticism', 'Panama releases dozens of detained deportees from US into limbo following human rights criticism', 'Panama releases dozens of detained deportees from US into limbo following human rights criticism']"
738,23,738_vaccines_medicines_diseases_relied,"['vaccines', 'medicines', 'diseases', 'relied', 'donates', 'constructed', 'hpv', 'heitmann', 'nanna', 'vector']","['India sends over 16 tonnes of medicines to Afghanistan to fight diseases | Ariana News', 'India delivers over 16 tonnes of medicines to Afghanistan to help combat vector - borne diseases', 'India delivers over 16 tonnes of medicines to Afghanistan to help combat vector - borne diseases']"
739,23,739_month_begin_returns_this,"['month', 'begin', 'returns', 'this', 'under', 'first', 'france', 'migrant', 'maldon', 'groundbreaking']","['First migrant returns under united kingdom - France deal  to begin this month  ', 'First migrant returns under united kingdom - France deal  to begin this month  ', 'First migrant returns under united kingdom - France deal  to begin this month  ']"
740,23,740_slovakia_bln_provides_package,"['slovakia', 'bln', 'provides', 'package', '148m', 'rocmaidan', '14th', 'specific', '27th', 'items']","['EU Provides New EUR 148M Humanitarian Aid Package For Ukraine', 'Slovakia to provide Ukraine with 14th support package – defense minister', 'Slovakia to provide Ukraine with 14th support package – defense minister']"
741,23,741_vetoes_resolution_slovenia_displacing,"['vetoes', 'resolution', 'slovenia', 'displacing', 'statehood', 'outrageous', 'gazans', 'another', 'reject', 'lie']","['US vetoes another Gaza resolution', 'US vetoes UN resolution on Gaza ceasefire', 'US vetoes UN resolution on Gaza ceasefire']"
742,23,742_exempted_freeze_philippines_chip,"['exempted', 'freeze', 'philippines', 'chip', 'bargaining', '336', 'coping', 'inquirer', 'exempts', 'priorities']","['US aid freeze sparks fears Philippines will become  bargaining chip  in Trump China talks', 'US aid freeze sparks fears Philippines will become  bargaining chip  in Trump China talks', 'US aid freeze sparks fears Philippines will become  bargaining chip  in Trump China talks']"
743,23,743_explaining_usaid_agency_reviewing,"['explaining', 'usaid', 'agency', 'reviewing', 'muscle', 'reliance', 'unmonitored', 'core', 'foreign', 'hichilema']","['What is USAID ? Explaining the US foreign aid agency', 'What is USAID ? Explaining the US foreign aid agency', 'What is USAID ? Explaining the US foreign aid agency']"
744,23,744_setn_ait_ettoday_com,"['setn', 'ait', 'ettoday', 'com', '20', '2025', '', '', '', '']","['外交預算大增百億元遭質疑 涉外官員 ： 不提升難抗衡中國攻勢 - 政治', '新聞幕後 ／ 拋棄曼德拉智慧 ？ 南非逼我國撤外館 前議員暗指中國出手施壓 | 政治 | 三立新聞網 SETN . COM', 'AIT指中國扭曲二戰文件孤立台灣 ！ 林佳龍 ： 中國無權在國際社會代表台灣 | 政治 | 三立新聞網 SETN . COM']"
745,23,745_sachet_birth_woman_her,"['sachet', 'birth', 'woman', 'her', 'coast', 'ship', 'give', 'medicines', 'departs', 'saving']","['Indian Coast Guard Ship  Sachet  departs for Sudan with over 2 tons of life - saving medicines', 'Indian Coast Guard Ship  Sachet  departs for Sudan with over 2 tons of life - saving medicines', 'Indian Coast Guard Ship  Sachet  departs for Sudan with over 2 tons of life - saving medicines']"
746,23,746_binding_friends_expects_quagmires,"['binding', 'friends', 'expects', 'quagmires', 'dynamics', 'fair', 'lasting', 'knows', 'shifting', 'mideast']","['China expects fair , lasting , binding peace agreement for Ukraine crisis : FM', 'China expects fair , lasting , binding peace agreement for Ukraine crisis : FM', 'China expects fair , lasting , binding peace agreement for Ukraine crisis : FM']"
747,23,747_vice_machar_surrounds_treason,"['vice', 'machar', 'surrounds', 'treason', 'vp', 'sacks', 'kiir', 'arrest', 'mel', 'bol']","['Army surrounds South Sudan vice president home as his allies are arrested', 'Army surrounds South Sudan vice president home as his allies are arrested', 'Army surrounds South Sudan vice president home as his allies are arrested']"
748,23,748_lance_lancs_heures_quelques,"['lance', 'lancs', 'heures', 'quelques', 'vaste', 'missiles', 'dbut', 'attaque', 'drones', '623']","['Guerre en Ukraine : la Russie lance sa plus vaste attaque de drones contre lUkraine depuis le début du conflit', 'Guerre en Ukraine : la Russie lance sa plus vaste attaque de drones contre lUkraine depuis le début du conflit', 'Guerre en Ukraine : la Russie lance sa plus vaste attaque de drones contre lUkraine depuis le début du conflit']"
749,23,749_slam_protection_ending_rages,"['slam', 'protection', 'ending', 'rages', 'rights', 'groups', 'administration', 'myanmar', 'deportation', 'civil']","['Rights groups slam Trump administration for ending Myanmar deportation protection as civil war rages', 'Rights groups slam Trump administration for ending Myanmar deportation protection as civil war rages', 'Rights groups slam Trump administration for ending Myanmar deportation protection as civil war rages']"
750,23,750_kurdish_kurds_turkey_pkk,"['kurdish', 'kurds', 'turkey', 'pkk', 'followers', 'yearn', 'disband', 'insurgency', 'decade', 'potentially']","['What to know about the latest effort to bring an end to Turkey 40 - year Kurdish conflict', 'What to know about the latest effort to bring an end to Turkey 40 - year Kurdish conflict', 'What to know about the latest effort to bring an end to Turkey 40 - year Kurdish conflict']"
751,23,751_lingresso_sospende_degli_aiuti,"['lingresso', 'sospende', 'degli', 'aiuti', 'israele', 'cassis', 'trovano', 'significativa', 'quantit', 'embajador']","['Israele sospende lingresso degli aiuti a Gaza', 'Israele sospende lingresso degli aiuti a Gaza', 'Israele sospende lingresso degli aiuti a Gaza']"
752,23,752_stubb_finnish_finland_maintained,"['stubb', 'finnish', 'finland', 'maintained', 'principled', 'reiterates', 'fta', 'sectoral', 'resolution', 'backs']","['PM Modi reiterates India support for resolution in Ukraine conflict with Finnish President ; Stubb backs India - EU FTA', 'PM Modi reiterates India support for resolution in Ukraine conflict with Finnish President ; Stubb backs India - EU FTA', 'PM Modi reiterates India support for resolution in Ukraine conflict with Finnish President ; Stubb backs India - EU FTA']"
753,22,753_cyberespionage_captured_korean_koreans,"['cyberespionage', 'captured', 'korean', 'koreans', 'north', 'operations', 'soldiers', 'capture', 'targets', 'swap']","['North Korea Targets Ukraine With Cyberespionage Operations', 'North Korea Targets Ukraine With Cyberespionage Operations', 'North Korea Targets Ukraine With Cyberespionage Operations']"
754,22,754_conscription_torture_ghana_lawyers,"['conscription', 'torture', 'ghana', 'lawyers', 'lawyer', 'sent', 'safety', 'where', 'home', '160']","['Immigrants deported from US to Ghana are sent home , where lawyers say some could face torture', 'Immigrants deported from US to Ghana are sent home , where lawyers say some could face torture', 'Immigrants deported from US to Ghana are sent home , where lawyers say some could face torture']"
755,22,755_working_tells_air_merz,"['working', 'tells', 'air', 'merz', 'drop', 'macron', 'jordan', 'into', 'uk', 'plans']","['UK working with Jordan to air drop aid into Gaza , PM tells Macron and Merz', 'UK working with Jordan to air drop aid into Gaza , PM tells Macron and Merz', 'UK working with Jordan to air drop aid into Gaza , PM tells Macron and Merz']"
756,22,756_approve_fist_extension_netanyahu,"['approve', 'fist', 'extension', 'netanyahu', 'benjamin', 'ceasefires', 'crackpot', 'unjustifiable', 'evil', 'streeting']","['Netanyahu Says Israel Will Enforce Lebanon , Gaza Ceasefires with  Iron Fist  ', 'Netanyahu Says Israel Will Enforce Lebanon , Gaza Ceasefires with  Iron Fist  ', 'Netanyahu Says Israel Will Enforce Lebanon , Gaza Ceasefires with  Iron Fist  ']"
757,22,757_kyiv_comes_missile_drone,"['kyiv', 'comes', 'missile', 'drone', 'large', 'scale', 'night', 'less', 'massive', 'injures']","['Kyiv comes under a massive Russian drone and missile attack', 'Kyiv comes under large - scale Russian drone and missile attack', 'Kyiv comes under large - scale Russian drone and missile attack']"
758,22,758_significativos_mantiene_cambios_hay,"['significativos', 'mantiene', 'cambios', 'hay', 'sanciones', 'amenaza', 'ue', 'si', 'injustificable', 'contra']","['La UE mantiene la amenaza de sanciones contra Israel si no hay cambios significativos en Gaza', 'La UE mantiene la amenaza de sanciones contra Israel si no hay cambios significativos en Gaza', 'La UE mantiene la amenaza de sanciones contra Israel si no hay cambios significativos en Gaza']"
759,22,759_reframes_illicit_cultural_nigeria,"['reframes', 'illicit', 'cultural', 'nigeria', 'health', 'slew', 'hallmark', 'forges', 'angola', 'compounds']","['Nigeria , Angola firm pacts on illicit drugs control , cultural exchange , others at joint commission', 'Nigeria , Angola Seal Deals On Illicit Drug Fight , Enhanced Cultural Exchange', 'Nigeria , Angola Seal Deals On Illicit Drug Fight , Enhanced Cultural Exchange']"
760,22,760_clarify_swadeshi_jagran_manch,"['clarify', 'swadeshi', 'jagran', 'manch', 'boycott', 'incentives', 'transfers', 'afghans', 'pending', 'relocation']","['Swadeshi Jagran Manch condemns Turkey military support to Pakistan , calls for economic sanctions and travel boycott', 'Swadeshi Jagran Manch condemns Turkey military support to Pakistan , calls for economic sanctions and travel boycott', 'Swadeshi Jagran Manch condemns Turkey military support to Pakistan , calls for economic sanctions and travel boycott']"
761,22,761_results_positive_needed_negotiations,"['results', 'positive', 'needed', 'negotiations', 'led', 'lebanon', 'aoun', 'friendly', 'president', 'no']","['Lebanon president says negotiations with Israel needed as war led to no positive results', 'Lebanon president says negotiations with Israel needed as war led to no positive results', 'Lebanon president says negotiations with Israel needed as war led to no positive results']"
762,22,762_doha_fierce_immediate_agreeing,"['doha', 'fierce', 'immediate', 'agreeing', 'afghanistan', 'agreed', 'negotiators', 'extend', 'agree', 'hold']","['Afghanistan , Pakistan to hold peace talks in Doha after border clashes', 'Afghanistan , Pakistan agree to immediate ceasefire after talks in Doha', 'Afghanistan , Pakistan agree to immediate ceasefire after talks in Doha']"
763,22,763_cocaine_fragility_havoc_wreak,"['cocaine', 'fragility', 'havoc', 'wreak', 'catatumbo', 'rural', 'colombians', 'killings', 'colombia', 'elusive']","['Colombian city faces worst violence in decades as armed groups wreak havoc', 'Colombia : Catatumbo killings highlight fragility of peace process', 'Colombia : Catatumbo Killings Highlight Fragility Of Peace Process']"
764,22,764_colombians_rich_coca_escalate,"['colombians', 'rich', 'coca', 'escalate', 'flee', 'rebel', 'region', 'groups', 'clashes', 'between']","['Colombians flee to Venezuela as clashes between rebel groups escalate in coca - rich border region', 'Colombians flee to Venezuela as clashes between rebel groups escalate in coca - rich border region', 'Colombians flee to Venezuela as clashes between rebel groups escalate in coca - rich border region']"
765,22,765_sharif_resolving_nicely_shehbaz,"['sharif', 'resolving', 'nicely', 'shehbaz', 'thanks', 'asim', 'munir', 'pak', 'once', 'big']","['PM Sharif once again thanks US President Trump for resolving Indo - Pak conflict', 'PM Sharif once again thanks US President Trump for resolving Indo - Pak conflict', 'Pakistan PM Shehbaz Sharif once again thanks Trump for resolving Indo - Pak conflict']"
766,22,766_reconstruction_adopt_excluded_cycling,"['reconstruction', 'adopt', 'excluded', 'cycling', 'race', 'copy', 'presents', 'italian', 'arab', 'team']","['Israel - Premier Tech cycling team excluded from Italian race due to fears of protests', 'Israel - Premier Tech cycling team excluded from Italian race due to fears of protests', 'Israel - Premier Tech cycling team excluded from Italian race due to fears of protests']"
767,22,767_hero_massacre_abducted_market,"['hero', 'massacre', 'abducted', 'market', 'darfur', 'doctors', 'hundreds', 'hospital', 'deplores', 'factions']","['Hundreds killed in Darfur hospital massacre ,  hero  doctors abducted', 'Hundreds killed in Darfur hospital massacre ,  hero  doctors abducted', 'Hundreds killed in Darfur hospital massacre ,  hero  doctors abducted']"
768,22,768_lammy_120m_20m_brutal,"['lammy', '120m', '20m', 'brutal', 'give', 'funding', 'warring', 'package', 'parties', 'put']","['Lammy : united kingdom to give £20m more in aid funding for Sudan refugees', 'Lammy : united kingdom to give £20m more in aid funding for Sudan refugees', 'Lammy : united kingdom to give £20m more in aid funding for Sudan refugees']"
769,22,769_pause_negotiator_talkson_kremlin,"['pause', 'negotiator', 'talkson', 'kremlin', 'shares', 'stalls', 'touch', 'frozen', 'negotiators', 'yet']","['Kremlin says Russia - Ukraine peace talks on  pause  ', 'Kremlin says Russia - Ukraine peace talks\xa0on\xa0  pause  ', 'Kremlin says Russia - Ukraine peace talks on  pause  ']"
770,22,770_committing_genocide_rsf_determines,"['committing', 'genocide', 'rsf', 'determines', 'imposes', 'dagalo', 'sanctionsonleaders', 'abdelrahim', 'leader', 'sanctions']","['US says Sudan RSF is committing genocide and sanctions its leader', 'US says Sudan RSF is committing genocide and sanctions its leader', 'US says Sudan RSF is committing genocide and sanctions its leader']"
771,22,771_greece_rules_court_european,"['greece', 'rules', 'court', 'european', 'illegal', 'strasbourg', 'against', 'demonstration', 'slightest', 'sides']","['European court rules against Greece over migrant illegal deportation', 'European court rules against Greece over migrant illegal deportation', 'European court rules against Greece over migrant illegal deportation']"
772,22,772_gobernadora_rico_puerto_justifica,"['gobernadora', 'rico', 'puerto', 'justifica', 'salud', 'dominicanos', 'mandatorias', 'mental', 'dominicana', 'datos']","['Tras las críticas por entregar datos de inmigrantes , gobernadora de Puerto Rico lo justifica', 'Gobernadora de Puerto Rico lo justifica entrega datos de inmigrantes , dice son  mandatorias  | La Nación Dominicana , Todo tu país , en un solo click ...! ', 'Gobernadora de Puerto Rico lo justifica entrega datos de inmigrantes , dice son  mandatorias  | La Nación Dominicana , Todo tu país , en un solo click ...! ']"
773,22,773_higher_ago_priority_poll,"['higher', 'ago', 'priority', 'poll', 'norc', 'ap', 'americans', 'shows', 'was', 'than']","['Immigration is a higher priority for Americans than it was a year ago , an AP - NORC poll shows', 'Immigration is a higher priority for Americans than it was a year ago , an AP - NORC poll shows', 'Immigration is a higher priority for Americans than it was a year ago , an AP - NORC poll shows']"
774,22,774_unga_abstains_favour_resolution,"['unga', 'abstains', 'favour', 'resolution', 'endorsing', 'votes', 'abstain', 'criticising', 'criticizing', 'kharge']","['India votes in favour of UNGA resolution on Palestine endorsing two - state solution', 'India Votes In Favour Of UNGA Resolution On Palestine Endorsing Two - State Solution', 'India votes in favour of UNGA resolution on Palestine endorsing two - state solution']"
775,22,775_blockade_clearly_taoiseach_lawmaker,"['blockade', 'clearly', 'taoiseach', 'lawmaker', 'communist', 'tokyo', 'compatible', 'japanese', 'difficult', 'crime']","['Japanese Communist lawmaker slams Israel Gaza aid blockade , demands Tokyo take action – People World', 'Japanese Communist lawmaker slams Israel Gaza aid blockade , demands Tokyo take action – People World', 'Japanese Communist lawmaker slams Israel Gaza aid blockade , demands Tokyo take action – People World']"
776,22,776_shaken_overnight_kashmir_calm,"['shaken', 'overnight', 'kashmir', 'calm', 'night', 'test', 'clashes', 'early', 'shake', 'holds']","['India , Pakistan ceasefire shaken by overnight clashes in Kashmir', 'India , Pakistan ceasefire shaken by overnight clashes in Kashmir', 'India , Pakistan ceasefire shaken by overnight clashes in Kashmir']"
777,22,777_tlphonique_spying_surveillance_arsenal,"['tlphonique', 'spying', 'surveillance', 'arsenal', 'officer', 'worten', 'freitag', 'lesen', 'telefonat', 'menu']","['Telefonat Trump / Putin zur Ukraine : Was sich aus den Worten Putins lesen lässt der Freitag', 'Telefonat Trump / Putin zur Ukraine : Was sich aus den Worten Putins lesen lässt der Freitag', 'Telefonat Trump / Putin zur Ukraine : Was sich aus den Worten Putins lesen lässt der Freitag']"
778,22,778_decisive_rajnath_hegseth_highlightes,"['decisive', 'rajnath', 'hegseth', 'highlightes', 'yr', 'broadening', 'urban', 'redefining', 'spencer', 'strains']","['India , US to sign 10 - yr defence pact , says Pentagon ; Rajnath - Hegseth meeting on the cards', 'Op Sindoor : Decisive Indian victory redefining military strategy , deterrence says Urban Warfare expert John Spencer', 'Op Sindoor : Decisive Indian victory redefining military strategy , deterrence says Urban Warfare expert John Spencer']"
779,22,779_senaste_nytt_kriget_om,"['senaste', 'nytt', 'kriget', 'om', 'kvinnor', 'vstbanken', 'gr', 'vrsta', 'bosttningar', 'mste']","['IDF förbereder räd på Västbanken efter våldsdåd – Senaste nytt om kriget i Gaza', 'Israel godkänner 19 nya bosättningar på Västbanken – Senaste nytt om kriget i Gaza', 'Israel godkänner 19 nya bosättningar på Västbanken – Senaste nytt om kriget i Gaza']"
780,22,780_cibles_lgitimes_occidentale_occidentales,"['cibles', 'lgitimes', 'occidentale', 'occidentales', 'prvient', 'seraient', 'cibler', 'dploye', 'menace', 'poutine']","['Guerre en Ukraine . Les forces occidentales en Ukraine seraient des « cibles légitimes », prévient Poutine', 'Guerre en Ukraine . Les forces occidentales en Ukraine seraient des « cibles légitimes », prévient Poutine', 'Guerre en Ukraine . Les forces occidentales en Ukraine seraient des « cibles légitimes », prévient Poutine']"
781,22,781_70_hospital_darfur_region,"['70', 'hospital', 'darfur', 'region', 'who', 'some', 'chief', 'people', 'killed', 'attack']","['Some 70 people killed in attack on hospital in Sudan Darfur region , WHO chief says', 'Some 70 people killed in attack on hospital in Sudan Darfur region , WHO chief says', 'Some 70 people killed in attack on hospital in Sudan Darfur region , WHO chief says']"
782,22,782_seeker_jailed_sparked_because,"['seeker', 'jailed', 'sparked', 'because', 'case', 'protests', 'criminal', 'algerian', 'refused', 'recruited']","['Asylum seeker jailed in case that sparked united kingdom protests', 'Asylum seeker jailed in case that sparked united kingdom protests', 'Asylum seeker jailed in case that sparked united kingdom protests']"
783,22,783_warship_focused_divert_drugs,"['warship', 'focused', 'divert', 'drugs', 'seek', 'role', 'caribbean', 'experts', 'mission', 'warn']","['US warship Caribbean mission will divert drugs to the Pacific , experts warn', 'US warship Caribbean mission will divert drugs to the Pacific , experts warn', 'US warship Caribbean mission will divert drugs to the Pacific , experts warn']"
784,22,784_events_list_325_297,"['events', 'list', '325', '297', '378', '352', 'day', '285', '360', 'key']","['Russia - Ukraine war : List of key events , day 1 , 240', 'Russia - Ukraine war : List of key events , day 1 , 240', 'Russia - Ukraine war : List of key events , day 1 , 240']"
785,22,785_attacked_respond_macron_proposed,"['attacked', 'respond', 'macron', 'proposed', 'approach', 'come', 'purpose', 'frontlines', 'european', 'if']","['Macron says a proposed European force for Ukraine could  respond  if attacked by Russia . ', 'Macron says a proposed European force for Ukraine could  respond  if attacked by Russia . ', 'Macron says a proposed European force for Ukraine could  respond  if attacked by Russia . ']"
786,22,786_trusted_arabia_valued_saudi,"['trusted', 'arabia', 'valued', 'saudi', 'friend', 'limitless', 'tourism', 'modis', 'narendra', 'tech']","['  One of India most valued partner : PM Modi praises  trusted friend  Saudi Arabia , says ties have  limitless potential  | India News', 'PM Narendra Modi describes Saudi Arabia as  one of India most valued partners , trusted friend , strategic ally  ', 'PM Narendra Modi describes Saudi Arabia as  one of India most valued partners , trusted friend , strategic ally  ']"
787,22,787_fms_formation_reconstruction_speakers,"['fms', 'formation', 'reconstruction', 'speakers', 'petitions', 'ways', 'governments', 'veterans', 'positive', 'ensure']","['Egypt Turkey FMs Discuss Gaza Ceasefire Reconstruction Conference', 'Egypt Turkey FMs Discuss Gaza Ceasefire Reconstruction Conference', 'Egypt Turkey FMs Discuss Gaza Ceasefire Reconstruction Conference']"
788,22,788_aaup_fitting_islamophobia_professors,"['aaup', 'fitting', 'islamophobia', 'professors', 'todd', 'wolfson', 'stimson', 'university', 'association', 'antise']","['Surge in Islamophobia : A fitting Israeli welcome for Trump - Opinion', 'American Association of University Professors ( AAUP ) President Todd Wolfson :  No Weapons Should be Sent to Israel  ', 'American Association of University Professors ( AAUP ) President Todd Wolfson :  No Weapons Should be Sent to Israel  ']"
789,22,789_unin_europea_mejorar_situacin,"['unin', 'europea', 'mejorar', 'situacin', 'acceso', 'importantes', 'presionar', 'aclarar', 'buscaban', 'acuerdo']","['La Unión Europea anuncia un acuerdo con Israel sobre ayuda humanitaria en Gaza', 'La Unión Europea anuncia un acuerdo con Israel sobre ayuda humanitaria en Gaza', 'La Unión Europea anuncia un acuerdo con Israel sobre ayuda humanitaria en Gaza']"
790,22,790_chanting_arabs_nationalists_annual,"['chanting', 'arabs', 'nationalists', 'annual', 'march', 'gather', 'jerusalem', 'death', 'israeli', 'nationalist']","['Chanting  Death to Arabs , Israeli nationalists gather for annual march in Jerusalem', 'Chanting  Death to Arabs , Israeli nationalists gather for annual march in Jerusalem', 'Chanting  Death to Arabs , Israeli nationalists gather for annual march in Jerusalem']"
791,22,791_airfields_respond_told_him,"['airfields', 'respond', 'told', 'him', 'ukrainian', 'grassley', 'that', 'will', 'harbour', 'attack']","['Trump says Putin told him that Russia will respond to Ukrainian attack on airfields', 'Trump says Putin told him that Russia will respond to Ukrainian attack on airfields', 'Trump says Putin told him that Russia will respond to Ukrainian attack on airfields']"
792,22,792_less_healthy_violate_exemptions,"['less', 'healthy', 'violate', 'exemptions', 'guterres', 'cuts', 'democrats', 'prosperou', 'safe', 'funds']","['UN chief warns US funding cuts are making world  less healthy , less safe  ', 'US aid cuts will make world  less healthy , less safe and less prosperou : Guterres', 'US aid cuts will make world  less healthy , less safe and less prosperou : Guterres Global Issues']"
793,22,793_tinubu_brazil_yes_dare,"['tinubu', 'brazil', 'yes', 'dare', 'lucia', 'saint', 'nigeria', 'ifc', 'siemens', 'renewable']","['Tinubu Leaves Saint Lucia , Heads To Brazil For BRICS Summit', 'Nigeria : Tinubu Leaves Saint Lucia , Heads to Brazil for Brics Summit', 'Nigeria : Tinubu Leaves Saint Lucia , Heads to Brazil for Brics Summit']"
794,22,794_swears_transitional_supplanting_assad,"['swears', 'transitional', 'supplanting', 'assad', 'lafarge', 'include', 'rebuilding', 'saga', 'hardly', 'sectors']","['Syria swears in new transitional government months after Assad removal', 'Syria swears in new transitional government 4 months after Assad removal', 'Syria swears in new transitional government 4 months after Assad removal']"
795,22,795_retakes_rebels_city_dealing,"['retakes', 'rebels', 'city', 'dealing', 'rsf', 'madani', 'wad', 'blow', 'advances', 'bordering']","['Sudan military retakes a strategic city from RSF rebels , dealing them a major blow', 'Sudan military retakes a strategic city from RSF rebels , dealing them a major blow', 'Sudan military retakes a strategic city from RSF rebels , dealing them a major blow']"
796,22,796_rebukes_appears_aim_vance,"['rebukes', 'appears', 'aim', 'vance', 'pope', 'thorny', 'vatican', 'tangle', 'directly', 'jd']","['Pope rebukes Trump over migrant deportations , appears to take aim at Vance', 'Pope rebukes Trump over migrant deportations , appears to take aim at Vance', 'Pope rebukes Trump over migrant deportations , appears to take aim at Vance']"
797,22,797_tarmac_sit_kids_planes,"['tarmac', 'sit', 'kids', 'planes', 'stay', 'orders', 'they', 'guatemalan', 'now', 'judge']","['As Guatemalan kids sit in planes on tarmac , judge orders they stay in the US , for now', 'As Guatemalan kids sit in planes on tarmac , judge orders they stay in the US , for now', 'As Guatemalan kids sit in planes on tarmac , judge orders they stay in the US , for now']"
798,22,798_heaviest_fires_hezbollah_exchange,"['heaviest', 'fires', 'hezbollah', 'exchange', 'rocket', 'since', 'truce', 'lebanon', 'attack', 'vegas']","['Israel fires on Lebanon after rocket attack in the heaviest exchange since truce with Hezbollah', 'Israel fires on Lebanon after rocket attack in the heaviest exchange since truce with Hezbollah', 'Israel fires on Lebanon after rocket attack in the heaviest exchange since truce with Hezbollah']"
799,22,799_air_ruthles_flat_temples,"['air', 'ruthles', 'flat', 'temples', 'launches', 'cambodia', 'heritage', 'fresh', 'escalate', 'province']","['Thailand launches air strikes against Cambodia as deadly border clashes escalate', 'Thailand launches air strikes against Cambodia as deadly border clashes escalate', 'Thailand launches air strikes against Cambodia as deadly border clashes escalate']"
800,22,800_shanghai_brokered_whether_holding,"['shanghai', 'brokered', 'whether', 'holding', 'reaffirm', 'uneasy', 'shaky', 'dispute', 'cease', 'broker']","['Thailand and Cambodia reaffirm cease - fire after China - brokered meeting in Shanghai', 'Thailand and Cambodia reaffirm cease - fire after China - brokered meeting in Shanghai', 'Thailand and Cambodia reaffirm cease - fire after China - brokered meeting in Shanghai']"
801,22,801_ltima_hora_directo_ucrania,"['ltima', 'hora', 'directo', 'ucrania', 'compartir', 'zelenski', 'recursos', 'naturales', 'rusia', 'guerra']","['ÚLTIMA HORA GUERRA RUSIA UCRANIA | Directo y última de la guerra entre Rusia y Ucrania : Zelenski , Trump , Putin ... ', 'ÚLTIMA HORA GUERRA RUSIA UCRANIA | Directo y última de la guerra entre Rusia y Ucrania : Zelenski , Trump , Putin ... ', 'ÚLTIMA HORA GUERRA RUSIA UCRANIA | Directo y última de la guerra entre Rusia y Ucrania : Zelenski , Trump , Putin ... ']"
802,22,802_reporter_words_young_final,"['reporter', 'words', 'young', 'final', 'bardem', 'fathers', 'brutalized', 'nerve', 'religion', 'seniguer']","['Israel Gaza : The final words of a young Palestinian reporter', 'Israel Gaza : The final words of a young Palestinian reporter', 'Israel Gaza : The final words of a young Palestinian reporter']"
803,22,803_voice_presence_investments_concern,"['voice', 'presence', 'investments', 'concern', 'propaganda', 'afghanistan', 'hostilities', 'crossroads', 'oic', 'game']","['Pakistan , China , Iran and Russia voice strong concern over terror group presence in Afghanistan', 'Pakistan , China , Iran and Russia voice strong concern over terror group presence in Afghanistan', 'Pakistan , China , Iran and Russia voice strong concern over terror group presence in Afghanistan']"
804,22,804_cross_resume_days_deadly,"['cross', 'resume', 'days', 'deadly', 'cambodia', 'clashes', 'manila', 'thailand', 'agree', 'bulletin']","['Cambodia and Thailand agree to ceasefire talks after days of cross - border fighting', 'Cambodia and Thailand agree to ceasefire talks after days of cross - border fighting', 'Cambodia and Thailand agree to ceasefire talks after days of cross - border fighting']"
805,22,805_yemen_houthis_cudgel_objectives,"['yemen', 'houthis', 'cudgel', 'objectives', 'yemeni', 'pull', 'containment', 'houti', 'brink', 'centre']","['Yemen : A Year On , Houthis Should Free UN , Civil Society Staff - Yemen', 'ഹൂതികളെ ലക്ഷ്യമിട്ട് ട്രംപ് ; മര്\u200dമ്മം നോക്കി ആക്രമണം ; തിരിച്ചടിക്കുമെന്ന് മുന്നറിയിപ്പ് | US Start Airstrike on Houthis in Yemen | Warning of Retaliation', 'ഹൂതികളെ ലക്ഷ്യമിട്ട് ട്രംപ് ; മര്\u200dമ്മം നോക്കി ആക്രമണം ; തിരിച്ചടിക്കുമെന്ന് മുന്നറിയിപ്പ് | US Start Airstrike on Houthis in Yemen | Warning of Retaliation']"
806,22,806_recapture_disputes_kursk_prevailing,"['recapture', 'disputes', 'kursk', 'prevailing', 'righteous', 'counters', 'recaptured', 'region', 'grandest', 'resistance']","['Russia claims recapture of Kursk border region , Ukraine disputes', 'Russia claims recapture of Kursk border region , Ukraine disputes', 'Russia claims recapture of Kursk border region , Ukraine disputes']"
807,22,807_equipment_divert_taliban_refute,"['equipment', 'divert', 'taliban', 'refute', 'connection', 'financial', 'doesnt', 'baloch', 'inadvertently', 'denies']","['Taliban denies claims in US report and says it doesnt divert aid sent to Afghanistan', 'Taliban denies claims in US report and says it doesnt divert aid sent to Afghanistan', 'Taliban denies claims in US report and says it doesnt divert aid sent to Afghanistan']"
808,22,808_mashambulizi_yaua_ya_huko,"['mashambulizi', 'yaua', 'ya', 'huko', 'ukanda', 'watu', 'katika', 'dw', 'kusitisha', 'zaidi']","['Mashambulizi ya Israel leo yaua watu 25 huko Gaza – DW – 08 . 04 . 2025', 'Mashambulizi ya Israel leo yaua watu 25 huko Gaza – DW – 08 . 04 . 2025', 'Mashambulizi ya Israel leo yaua watu 25 huko Gaza – DW – 08 . 04 . 2025']"
809,22,809_eve_step_regions_frozen,"['eve', 'step', 'regions', 'frozen', 'fourth', 'up', 'points', 'enters', 'talks', 'peace']","['Russia and Ukraine step up the war on eve of peace talks', 'Russia and Ukraine step up the war on eve of peace talks', 'Russia and Ukraine step up the war on eve of peace talks']"
810,22,810_hammers_bombers_spider_web,"['hammers', 'bombers', 'spider', 'web', 'barrage', 'began', 'siberia', 'capable', 'missile', 'drone']","['Russia hammers Kyiv in largest missile and drone barrage since war in Ukraine began', 'Russia hammers Kyiv in largest missile and drone barrage since war in Ukraine began', 'Russia hammers Kyiv in largest missile and drone barrage since war in Ukraine began']"
811,22,811_melissa_huracn_ofrecimiento_japn,"['melissa', 'huracn', 'ofrecimiento', 'japn', 'damnificados', 'cuba', 'ayuda', 'humanitaria', 'entrega', 'rgimen']","['Japón entrega ayuda humanitaria a damnificados de huracán Melissa en Cuba', 'EEUU ofrece ayuda humanitaria a Cuba tras el paso de Melissa , el régimen ignora el ofrecimiento', 'EEUU ofrece ayuda humanitaria a Cuba tras el paso de Melissa , el régimen ignora el ofrecimiento']"
812,22,812_sexual_notice_related_tumour,"['sexual', 'notice', 'related', 'tumour', 'accomplice', 'cancerous', 'labels', 'listing', 'listed', 'khamenei']","['Iran Khamenei Calls Israel  Cancerous Tumour , Labels US An Accomplice In  Crimes  ', 'Iran Khamenei Calls Israel  Cancerous Tumour , Labels US An Accomplice In  Crimes  ', 'Iran Khamenei Calls Israel  Cancerous Tumour , Labels US An Accomplice In  Crimes  ']"
813,22,813_cinquime_lespoir_jour_combats,"['cinquime', 'lespoir', 'jour', 'combats', 'thalande', 'cambodge', 'dun', 'cessez', 'feu', 'fui']","['Cambodge - Thaïlande : au cinquième jour des combats , lespoir dun cessez - le - feu', 'Cambodge - Thaïlande : au cinquième jour des combats , lespoir dun cessez - le - feu', 'Cambodge - Thaïlande : au cinquième jour des combats , lespoir dun cessez - le - feu']"
814,22,814_using_oct_weapon_sexual,"['using', 'oct', 'weapon', 'sexual', 'accuses', 'report', 'violence', 'hamas', 'october', 'tactical']","['Israeli report accuses Hamas of using sexual violence as a weapon of war on Oct . 7', 'Israeli report accuses Hamas of using sexual violence as a weapon of war on Oct . 7', 'Israeli report accuses Hamas of using sexual violence as a weapon of war on Oct . 7']"
815,22,815_injures_missile_phone_sco,"['injures', 'missile', 'phone', 'sco', 'advertiser', 'honolulu', 'kills', 'star', 'sparks', 'kyiv']","['Russian missile strike kills one , injures three in Kyiv , Ukraine says', 'Russian missile strike kills one , injures three in Kyiv , Ukraine says', 'Russian missile strike kills one , injures three in Kyiv , Ukraine says']"
816,22,816_corridor_withdrawing_part_pulling,"['corridor', 'withdrawing', 'part', 'pulling', 'forces', 'withdrawal', 'rivals', 'begin', 'terms', 'withdraw']","['Israeli forces withdrawing from Gaza corridor , part of ceasefire deal terms', 'Israeli forces withdrawing from Gaza corridor , part of ceasefire deal terms', 'Israeli forces withdrawing from Gaza corridor , part of ceasefire deal terms']"
817,22,817_events_083_097_glimpse,"['events', '083', '097', 'glimpse', '067', 'iconic', 'pictured', 'photos', 'clouds', 'mirror']","['Hero Ukraine father pictured in iconic Mirror front page now fighting Russia - World News', 'Hero Ukraine father pictured in iconic Mirror front page now fighting Russia - World News', 'Hero Ukraine father pictured in iconic Mirror front page now fighting Russia - World News']"
818,22,818_effect_takes_centuries_returns,"['effect', 'takes', 'centuries', 'returns', 'uk', 'pay', 'migrant', 'france', 'off', 'take']","['UK - France migrant returns deal takes effect', 'UK - France migrant returns deal takes effect', 'UK - France migrant returns deal takes effect']"
819,22,819_fear_another_iranians_month,"['fear', 'another', 'iranians', 'month', 'sitting', 'victor', 'won', 'nor', 'neither', 'emitted']","['A Month After Ceasefire With Israel , Iranians Fear Another War', 'A Month after Ceasefire with Israel , Iranians Fear another War', 'A month after ceasefire with Israel , Iranians fear another war']"
820,22,820_defenses_fatal_hurt_halt,"['defenses', 'fatal', 'hurt', 'halt', 'affect', 'may', 'pause', 'not', 'but', 'be']","['Trump halt on military aid will hurt Ukraine defenses . But it may not be fatal', 'Trump halt on military aid will hurt Ukraine defenses . But it may not be fatal', 'Trump halt on military aid will hurt Ukraine defenses . But it may not be fatal']"
821,22,821_ariennes_massives_odessa_attaques,"['ariennes', 'massives', 'odessa', 'attaques', 'lectricit', 'touche', 'maternit', 'mort', 'apocalypse', 'tlcommunications']","['Ukraine : un mort dans des attaques aériennes « massives » sur Kyiv et Odessa , une maternité touchée', 'Ukraine : un mort dans des attaques aériennes « massives » sur Kyiv et Odessa , une maternité touchée', 'Ukraine : un mort dans des attaques aériennes « massives » sur Kyiv et Odessa , une maternité touchée']"
822,22,822_indus_waters_water_treaty,"['indus', 'waters', 'water', 'treaty', 'abe', 'unilaterally', 'farming', 'struggling', 'sharif', 'shehbaz']","['Indus Waters Treaty Pakistan India News , सिंधु जल संधि विवाद में यूं ही नहीं कूद रहा चीन , एक्सपर्ट ने बताया भारत के खिलाफ कैसे बनेगा खतरा , तिब्बत में कर सकता है ये काम - indus water treaty news china entry a threat for india as pakistan sought for...', 'Indus Waters Treaty Pakistan India News , सिंधु जल संधि विवाद में यूं ही नहीं कूद रहा चीन , एक्सपर्ट ने बताया भारत के खिलाफ कैसे बनेगा खतरा , तिब्बत में कर सकता है ये काम - indus water treaty news china entry a threat for india as pakistan sought for...', 'Indus Waters Treaty Pakistan India News , सिंधु जल संधि विवाद में यूं ही नहीं कूद रहा चीन , एक्सपर्ट ने बताया भारत के खिलाफ कैसे बनेगा खतरा , तिब्बत में कर सकता है ये काम - indus water treaty news china entry a threat for india as pakistan sought for...']"
823,22,823_lukraine_sait_lon_fondement,"['lukraine', 'sait', 'lon', 'fondement', 'poursuivi', 'indpendance', 'humain', 'srie', 'capturs', 'toutes']","['Ce que lon sait du coût humain de la guerre entre la Russie et lUkraine , après trois ans de conflit', 'Ce que lon sait du coût humain de la guerre entre la Russie et lUkraine , après trois ans de conflit', 'Ce que lon sait du coût humain de la guerre entre la Russie et lUkraine , après trois ans de conflit']"
824,22,824_opposes_strongly_expansion_backlash,"['opposes', 'strongly', 'expansion', 'backlash', 'continuing', 'morality', 'operations', 'method', 'faces', 'slowly']","['UK strongly opposes expansion of Israeli operations in Gaza , minister says', 'UK strongly opposes expansion of Israeli operations in Gaza , minister says', 'UK strongly opposes expansion of Israeli operations in Gaza , minister says']"
825,22,825_deadline_approaches_stakes_rise,"['deadline', 'approaches', 'stakes', 'rise', 'pressed', 'brain', 'little', '27', 'my', 'lines']","['Stakes rise in the Russia - Ukraine war as Trump deadline approaches', 'Stakes rise in the Russia - Ukraine war as Trump deadline approaches', 'Stakes rise in the Russia - Ukraine war as Trump deadline approaches']"
826,22,826_uribe_contender_presidential_miguel,"['uribe', 'contender', 'presidential', 'miguel', 'shot', 'suspect', 'colombian', 'candidate', 'arrested', 'potential']","['Colombia potential presidential contender Miguel Uribe shot , suspect arrested', 'Colombia potential presidential contender Miguel Uribe shot , suspect arrested', 'Colombia potential presidential contender Miguel Uribe shot , suspect arrested']"
827,22,827_arienne_sige_incendi_gouvernement,"['arienne', 'sige', 'incendi', 'gouvernement', 'quatre', 'massifs', 'frappe', 'bombardements', 'record', 'aprs']","['Frappe aérienne record en Ukraine : le siège du gouvernement incendié', 'Ukraine\xa0 : le siège du gouvernement incendié après une attaque aérienne  record  ', 'Ukraine\xa0 : le siège du gouvernement incendié après une attaque aérienne  record  ']"
828,22,828_preparation_denies_way_kremlin,"['preparation', 'denies', 'way', 'kremlin', 'three', 'mediated', 'talks', 'ongoing', 'diplomatic', 'russia']","['Kremlin denies three - way US - Ukraine - Russia talks in preparation', 'Kremlin denies three - way US - Ukraine - Russia talks in preparation', 'Kremlin denies three - way US - Ukraine - Russia talks in preparation']"
829,22,829_girls_women_rape_constant,"['girls', 'women', 'rape', 'constant', 'systematic', 'fn', 'endure', 'starvation', 'dda', 'sexual']","['Girls , Women Under Constant Threat in South Sudan', 'Girls and Women Under Constant Threat in South Sudan', 'Sudan  forgotten genocidal war , where women and girls are targeted for rape']"
830,22,830_summer_issue_set_be,"['summer', 'issue', 'set', 'be', 'australia', 'immigration', 'friend', 'the', 'of', 'to']","['Immigration set to be Australia issue of the summer', 'Immigration set to be Australia issue of the summer', 'Immigration set to be Australia issue of the summer']"
831,22,831_mou_guyana_equation_fragmenting,"['mou', 'guyana', 'equation', 'fragmenting', 'unrelated', 'horizon', 'binding', 'defence', 'art', 'legally']","['كونا : US , Malaysia sign MOU on civil nuclear cooperation - عام', 'Guyana and united kingdom ink MoU to enhance defence cooperation', 'Guyana and united kingdom ink MoU to enhance defence cooperation']"
832,22,832_zelenkyy_irresponsible_remarks_beijing,"['zelenkyy', 'irresponsible', 'remarks', 'beijing', 'fighters', 'confronts', 'evidence', 'links', 'stand', 'totally']","['China calls Zelenkyy remarks on Chinese fighters in Ukraine  irresponsible  ', 'China calls Zelenkyy remarks on Chinese fighters in Ukraine  irresponsible  ', 'China calls Zelenkyy remarks on Chinese fighters in Ukraine  irresponsible  ']"
833,22,833_kenyans_kenyan_200_recruitment,"['kenyans', 'kenyan', '200', 'recruitment', 'secures', 'ruto', 'raising', 'fighting', 'forced', 'captured']","['Over 200 Kenyans fighting for Russia in Ukraine - minister', 'Over 200 Kenyans fighting for Russia in Ukraine - minister', 'Over 200 Kenyans fighting for Russia in Ukraine - minister']"
834,22,834_wounded_stabbing_approves_bank,"['wounded', 'stabbing', 'approves', 'bank', 'west', 'plan', 'killed', 'israeli', 'boston', 'weather']","['1 Israeli killed and 3 wounded in West Bank stabbing as UN approves Trump Gaza plan', '1 Israeli killed and 3 wounded in West Bank stabbing as UN approves Trump Gaza plan', '1 Israeli killed and 3 wounded in West Bank stabbing as UN approves Trump Gaza plan']"
835,21,835_fourni_darmes_jamais_manipulation,"['fourni', 'darmes', 'jamais', 'manipulation', 'pkin', 'chine', 'politique', 'assure', 'dnonce', 'qui']","['Guerre en Ukraine : la Chine na  jamais  fourni darmes à la Russie , assure Pékin , qui dénonce une  manipulation politique  de Kiev', 'Guerre en Ukraine : la Chine na  jamais  fourni darmes à la Russie , assure Pékin , qui dénonce une  manipulation politique  de Kiev', 'Guerre en Ukraine : la Chine na  jamais  fourni darmes à la Russie , assure Pékin , qui dénonce une  manipulation politique  de Kiev']"
836,21,836_dangerous_suggest_studies_considered,"['dangerous', 'suggest', 'studies', 'considered', 'safest', 'countries', 'nostradamus', 'predictions', 'most', 'terrifying']","['9 Countries Considered Dangerous to Visit in 2025 , Studies Suggest', '9 Countries Considered Dangerous to Visit in 2025 , Studies Suggest', '9 Countries Considered Dangerous to Visit in 2025 , Studies Suggest']"
837,21,837_happen_arrive_still_them,"['happen', 'arrive', 'still', 'them', 'seekers', 'but', 'what', 'asylum', 'will', 'border']","['Asylum - seekers still arrive at the US border , but what will happen to them ? ', 'Asylum - seekers still arrive at the US border , but what will happen to them ? ', 'Asylum - seekers still arrive at the US border , but what will happen to them ? ']"
838,21,838_listo_albares_paquete_emergencia,"['listo', 'albares', 'paquete', 'emergencia', 'entrar', 'tiene', 'millones', '24', 'necesario', 'espaa']","['Albares , sobre el alto el fuego en Gaza :  España tiene listo un paquete de 24 millones en ayuda de emergencia para entrar  ', 'Albares , sobre el alto el fuego en Gaza :  España tiene listo un paquete de 24 millones en ayuda de emergencia para entrar  ', 'Albares , sobre el alto el fuego en Gaza :  España tiene listo un paquete de 24 millones en ayuda de emergencia para entrar  ']"
839,21,839_humanity_committed_probe_flagrant,"['humanity', 'committed', 'probe', 'flagrant', 'crimes', 'echr', 'abuses', '2014', 'norwegian', 'rules']","['Russia Committed Crimes Against Humanity In Ukraine : UN Probe', 'Russia  committed crimes against humanity  in Ukraine : UN probe', 'Russia  committed crimes against humanity  in Ukraine UN probe']"
840,21,840_scramble_desperate_seek_panama,"['scramble', 'desperate', 'seek', 'panama', 'deportees', 'troubles', 'harsh', 'accepted', 'condition', 'describes']","['Deportees from US in Panama in desperate scramble to seek asylum', 'Deportees from US in Panama in desperate scramble to seek asylum', 'Deportees from US in Panama in desperate scramble to seek asylum']"
841,21,841_detains_turkey_arrests_undocumented,"['detains', 'turkey', 'arrests', 'undocumented', 'kocaeli', 'coast', '152', 'including', 'afghan', '42']","['Turkey Detains 16 Undocumented Afghan Migrants in Ağrı and Kocaeli', 'Turkey detains 152 , 000 undocumented refugees , including 42 , 000 Afghans', 'Turkey detains 152 , 000 undocumented refugees , including 42 , 000 Afghans']"
842,21,842_descends_planned_game_uncertainty,"['descends', 'planned', 'game', 'uncertainty', 'blame', 'swap', 'prisoner', 'into', 'localnews8', 'delay']","['Planned Russia - Ukraine prisoner swap descends into blame game and uncertainty', 'Planned Russia - Ukraine prisoner swap descends into blame game and uncertainty', 'Planned Russia - Ukraine prisoner swap descends into blame game and uncertainty']"
843,21,843_claudia_deportaciones_sheinbaum_mexicanos,"['claudia', 'deportaciones', 'sheinbaum', 'mexicanos', 'dicho', 'incremento', 'operativos', 'posibilidad', 'bajan', 'anuncios']","['México abre la posibilidad de recibir a migrantes no mexicanos que deporte Trump : qué dijo Claudia Sheinbaum | Noticias Univision Inmigración', 'Bajan deportaciones de mexicanos desde Estados Unidos un 35 % pese a anuncios de Trump sobre incremento en operativos migratorios | Noticias de México', 'Bajan deportaciones de mexicanos desde Estados Unidos un 35 % pese a anuncios de Trump sobre incremento en operativos migratorios | Noticias de México']"
844,21,844_peacekeepers_facility_six_bangladeshi,"['peacekeepers', 'facility', 'six', 'bangladeshi', 'abyei', 'ispr', 'strike', 'base', 'drone', 'bangladeshis']","['UN chief says 6 peacekeepers killed in drone strike on a UN facility in Sudan', 'UN chief says 6 peacekeepers killed in drone strike on a UN facility in Sudan', 'UN chief says 6 peacekeepers killed in drone strike on a UN facility in Sudan']"
845,21,845_bisedimet_pakistanit_dshtojn_paqes,"['bisedimet', 'pakistanit', 'dshtojn', 'paqes', 'kufirit', 'luftime', 'prgjat', 'talibanve', 'ashpra', 'dhjetra']","['Dështojnë bisedimet e paqes mes talibanëve dhe Pakistanit', 'Dështojnë bisedimet e paqes mes talibanëve dhe Pakistanit', 'Dështojnë bisedimet e paqes mes talibanëve dhe Pakistanit']"
846,21,846_communiqu_starmer_implementation_arrives,"['communiqu', 'starmer', 'implementation', 'arrives', 'signed', 'carney', 'joint', '100', 'mark', 'year']","['Volodymyr Zelenskyy and Mark Carney Signed the Action Plan for the Implementation of the Agreement on Security Cooperation Between Ukraine and Canada', 'Volodymyr Zelenskyy and Mark Carney Signed the Action Plan for the Implementation of the Agreement on Security Cooperation Between Ukraine and Canada', 'Volodymyr Zelenskyy and Mark Carney Signed the Action Plan for the Implementation of the Agreement on Security Cooperation Between Ukraine and Canada']"
847,21,847_ngo_half_needs_networks,"['ngo', 'half', 'needs', 'networks', 'fees', 'unimaginable', 'suffering', 'chief', 'dependent', 'slump']","['More than half of Sudan needs humanitarian aid : NGO chief', 'More than half of Sudan needs humanitarian aid : NGO chief', 'More than half of Sudan needs humanitarian aid : NGO chief']"
848,21,848_alaska_revels_apart_meetings,"['alaska', 'revels', 'apart', 'meetings', 'stakes', 'aug', 'friday', 'understanding', 'ever', 'came']","['Donald Trump says he will meet Putin on August 15 in Alaska to discuss ending the Ukraine war', 'Europe and Ukraine to hold Trump call ahead of Putin - Alaska meet', 'Europe and Ukraine to hold Trump call ahead of Putin - Alaska meet']"
849,21,849_sea_philippines_task_deter,"['sea', 'philippines', 'task', 'deter', 'ccp', 'philippine', 'station', 'aggression', 'code', 'pursue']","['US , Philippines launch  Task Force Philippine to deter South China Sea aggression', 'US , Philippines launch  Task Force Philippine to deter South China Sea aggression', 'US , Philippines launch  Task Force Philippine to deter South China Sea aggression']"
850,21,850_apuestan_cargos_dobla_establecerse,"['apuestan', 'cargos', 'dobla', 'establecerse', 'acercarse', 'sobornos', 'negoca', 'perdonar', 'conoce', 'penales']","['Migrantes apuestan por establecerse en México al acercarse el primer año de Trump', 'Alcalde de NY negocía con Trump redadas a migrantes mexicanos , a cambio de  perdonar  sus cargos penales por corrupción y sobornos | Noticias de México', 'Alcalde de NY negocía con Trump redadas a migrantes mexicanos , a cambio de  perdonar  sus cargos penales por corrupción y sobornos | Noticias de México']"
851,21,851_kuna_alter_demographic_fms,"['kuna', 'alter', 'demographic', 'fms', 'politics', 'egyptian', 'developments', 'fidan', 'structure', 'reiterate']","['KUNA : Egyptian , united kingdom FMs discuss developments in Palestine , Sudan - Politics', 'KUNA : Egyptian , united kingdom FMs discuss developments in Palestine , Sudan - Politics', 'KUNA : Egyptian , united kingdom FMs discuss developments in Palestine , Sudan - Politics']"
852,21,852_possible_cannon_deployed_illegitimate,"['possible', 'cannon', 'deployed', 'illegitimate', 'but', 'not', 'zelensky', 'prohibiting', 'complicates', 'putin']","['Russia Ukraine war latest : Putin rejects talks with Zelensky as North Korean cannon deployed', 'Russia Ukraine war latest : Putin rejects talks with Zelensky as North Korean cannon deployed', 'Russia Ukraine war latest : Putin rejects talks with Zelensky as North Korean cannon deployed']"
853,21,853_diffusing_netizens_frustrated_claimed,"['diffusing', 'netizens', 'frustrated', 'claimed', 'save', 'tb', 'binil', 'credit', 'funders', 'hand']","['Diffusing Ukraine war : US - Russia reset will help India , save Putin from Xi hand – Firstpost', 'Diffusing Ukraine war : US - Russia reset will help India , save Putin from Xi hand – Firstpost', 'Diffusing Ukraine war : US - Russia reset will help India , save Putin from Xi hand – Firstpost']"
854,21,854_push_ssed_stop_attacks,"['push', 'ssed', 'stop', 'attacks', 'urges', 'halted', 'overnight', 'amid', 'putin', 'off']","['Trump urges Putin to stop attacks amid push for Ukraine peace deal', 'Trump urges Putin to stop attacks amid push for Ukraine peace deal', 'Trump urges Putin to stop attacks amid push for Ukraine peace deal']"
855,21,855_flanco_franja_oriental_finalizan,"['flanco', 'franja', 'oriental', 'finalizan', 'secreto', 'conflicto', 'maniobras', 'bielorrusia', 'taiwn', 'venta']","['Guerra de Ucrania - Rusia y conflicto en la Franja de Gaza : la OTAN actuará en el flanco oriental de la Alianza', 'Guerra de Ucrania - Rusia y conflicto en la Franja de Gaza : la OTAN actuará en el flanco oriental de la Alianza', 'Guerra de Ucrania - Rusia y conflicto en la Franja de Gaza : la OTAN actuará en el flanco oriental de la Alianza']"
856,21,856_protestas_exigir_organiser_legalize,"['protestas', 'exigir', 'organiser', 'legalize', 'aumentan', 'repatriacin', 'scrutiny', 'violentas', 'alent', 'mount']","['< !-- -- >Venezolanos aumentan sus protestas en el sur de México para exigir vuelos de repatriación< !-- -- >', '< !-- -- >Venezolanos aumentan sus protestas en el sur de México para exigir vuelos de repatriación< !-- -- >', 'Venezolanos aumentan sus protestas en el sur de México para exigir vuelos de repatriación']"
857,21,857_privileged_sergey_peacefully_developing,"['privileged', 'sergey', 'peacefully', 'developing', 'lavrov', 'simla', 'relationship', 'polo', 'merged', 'honour']","['  No threat to this relationship : Sergey Lavrov on India - Russia economic partnership', '  No threat to this relationship : Sergey Lavrov on India - Russia economic partnership', '  No threat to this relationship : Sergey Lavrov on India - Russia economic partnership']"
858,21,858_nios_educativo_varados_crean,"['nios', 'educativo', 'varados', 'crean', 'adolescentes', 'maestros', 'nias', 'pasa', 'nio', 'chiapas']","['Maestros dan clases a niños migrantes varados en el sur de México - El Pregonero', 'Maestros en Chiapas crean programa educativo para niñas y niños migrantes varados por el cierre de la frontera con Estados Unidos | Noticias de México', 'Maestros en Chiapas crean programa educativo para niñas y niños migrantes varados por el cierre de la frontera con Estados Unidos | Noticias de México']"
859,21,859_trades_nine_likens_white,"['trades', 'nine', 'likens', 'white', 'house', 'clashes', 'fire', 'overnight', 'calls', 'cambodia']","['Nine Killed in Ukraine as it Trades Fire With Russia Overnight', 'Nine Killed in Ukraine as it Trades Fire With Russia Overnight', 'Nine Killed in Ukraine as it Trades Fire With Russia Overnight']"
860,21,860_brunei_lao_thongloun_reception,"['brunei', 'lao', 'thongloun', 'reception', 'dpm', 'kazakh', 'pms', 'sultan', 'kuwait', 'fm']","['Brunei No . 1 News Website', 'Chinese FM meets with ASEAN secretary - general | Brunei No . 1 News Website', 'Chinese FM meets with ASEAN secretary - general | Brunei No . 1 News Website']"
861,21,861_falla_prohibicin_solicitar_abogan,"['falla', 'prohibicin', 'solicitar', 'abogan', 'prolonga', 'migratorio', 'juez', 'amparo', 'causado', 'agravamiento']","['INMIGRACIÓN EEUU | Un juez falla contra la prohibición de Trump de solicitar asilo en la frontera sur', 'INMIGRACIÓN EEUU | Un juez falla contra la prohibición de Trump de solicitar asilo en la frontera sur', 'INMIGRACIÓN EEUU | Un juez falla contra la prohibición de Trump de solicitar asilo en la frontera sur']"
862,21,862_hostage_welcomes_release_reacted,"['hostage', 'welcomes', 'release', 'reacted', 'consistently', 'called', 'deal', 'ceasefire', 'hamas', 'agreement']","['India Welcomes Israel - Hamas Ceasefire And Hostage Release Deal In Gaza', 'India Welcomes Israel - Hamas Ceasefire And Hostage Release Deal In Gaza', 'India Welcomes Israel - Hamas Ceasefire And Hostage Release Deal In Gaza']"
863,21,863_21st_century_quad_define,"['21st', 'century', 'quad', 'define', 'height', 'shanti', 'venture', 'defining', 'compact', 'teaming']","['India - US strategic partnership will be a defining one of 21st century : PM Modi', 'India - US Comprehensive Global Strategic Partnership to shape 21st century : PM Modi', 'India - US Comprehensive Global Strategic Partnership to shape 21st century : PM Modi']"
864,21,864_unfazed_take_choosing_doubling,"['unfazed', 'take', 'choosing', 'doubling', 'blow', 'fight', 'delivers', 'frustrated', 'drag', 'mistake']","['Putin , unfazed by Trump , will fight on and could take more of Ukraine', 'Putin , unfazed by Trump , will fight on and could take more of Ukraine', 'Putin , unfazed by Trump , will fight on and could take more of Ukraine']"
865,21,865_pipeline_refinery_information_saratov,"['pipeline', 'refinery', 'information', 'saratov', 'tuesday', 'oil', 'friday', 'cadets', 'covert', 'foils']","['Ukraine says it hit oil refinery in Russia Saratov , Moscow says one dead | Russia - Ukraine war News', 'FSB foils Ukrainian terror plot targeting Russian military cadets , exposes Kiev covert war against Russia – NaturalNews . com', 'FSB foils Ukrainian terror plot targeting Russian military cadets , exposes Kiev covert war against Russia – NaturalNews . com']"
866,21,866_blurs_drugs_lines_murderous,"['blurs', 'drugs', 'lines', 'murderous', 'drug', 'games', 'pressure', 'or', 'word', 'terror']","['A war on drugs or a war on terror ? Trump military pressure on Venezuela blurs the lines', 'A war on drugs or a war on terror ? Trump military pressure on Venezuela blurs the lines', 'A war on drugs or a war on terror ? Trump military pressure on Venezuela blurs the lines']"
867,21,867_2025_2024__,"['2025', '2024', '', '', '', '', '', '', '', '']","['2025 ， 习近平主席引领中国外交破浪前行 - 华龙网', '2025 ， 习近平主席引领中国外交破浪前行 _ 学习 _ 新闻频道 _ 福州新闻网', '2025 ， 习近平主席引领中国外交破浪前行']"
868,21,868_amerikanischen_hoffnung_statt_geben,"['amerikanischen', 'hoffnung', 'statt', 'geben', 'traum', 'mexiko', 'tausende', 'auf', 'migranten', 'den']","['Mexiko statt united states : Tausende Migranten geben Hoffnung auf den amerikanischen Traum auf', 'Mexiko statt united states : Tausende Migranten geben Hoffnung auf den amerikanischen Traum auf', 'Mexiko statt united states : Tausende Migranten geben Hoffnung auf den amerikanischen Traum auf']"
869,21,869_press_china_35_13,"['press', 'china', '35', '13', '18', '10', '', '', '', '']","['独家 • 东盟峰会｜特朗普预计出席 美重启东南亚外交布局 | 中國報 China Press', '美同意近期与乌会谈 若有进展或恢复军援 | 中國報 China Press', '泰柬边境冲突｜战火蔓延至沿海达叻府 泰海军驱逐柬军队 | 中國報 China Press']"
870,21,870_unpredictability_strength_help_can,"['unpredictability', 'strength', 'help', 'can', 'pres', 'end', 'president', 'says', 'war', 'with']","['Trump strength and unpredictability can help end the war with Russia , Ukraine president says', 'Trump strength and unpredictability can help end the war with Russia , Ukraine president says', 'Trump strength and unpredictability can help end the war with Russia , Ukraine president says']"
871,21,871_endures_building_aerial_began,"['endures', 'building', 'aerial', 'began', 'governmental', 'main', '823', 'kyiv', 'camera', 'restored']","['Kyiv endures largest aerial assault since invasion by Russia began', 'Kyiv endures largest aerial assault since invasion by Russia began', 'Kyiv endures largest aerial assault since invasion by Russia began']"
872,21,872_captured_guard_kashmir_returns,"['captured', 'guard', 'kashmir', 'returns', 'indian', 'winner', 'kashmiris', 'bunkers', 'clear', 'border']","['Pakistan returns Indian border guard captured after Kashmir attack', 'Pakistan Returns Indian Border Guard Captured After Kashmir Attack', 'Pakistan returns Indian border guard captured after Kashmir attack']"
873,21,873_spillover_presidents_containing_effects,"['spillover', 'presidents', 'containing', 'effects', 'kremlin', 'signing', 'promote', 'meet', 'envoy', 'treaty']","['Chinese envoy urges containing spillover effects of Ukraine crisis', 'Chinese envoy urges containing spillover effects of Ukraine crisis', 'Chinese envoy urges containing spillover effects of Ukraine crisis']"
874,21,874_damage_aerial_diplomats_shows,"['damage', 'aerial', 'diplomats', 'shows', 'invasion', 'largest', 'since', 'attack', 'after', 'russia']","['Ukraine shows diplomats damage after Russia largest aerial attack since invasion', 'Ukraine shows diplomats damage after Russia largest aerial attack since invasion', 'Ukraine shows diplomats damage after Russia largest aerial attack since invasion']"
875,21,875_blockade_summon_weaponizing_causing,"['blockade', 'summon', 'weaponizing', 'causing', 'mohamad', 'deepens', 'hunger', 'total', 'catastrophic', 'lift']","['Gaza blockade to end amid fresh offensive', 'Gaza blockade to end amid fresh offensive', 'Gaza blockade to end amid fresh offensive']"
876,21,876_eswatini_african_secrecy_jamaica,"['eswatini', 'african', 'secrecy', 'jamaica', 'deports', 'other', 'countries', 'cuba', 'deportees', 'criminals']","['US deports immigrants from Jamaica , Cuba and other countries to the African kingdom of Eswatini', 'US deports immigrants from Jamaica , Cuba and other countries to the African kingdom of Eswatini', 'US deports immigrants from Jamaica , Cuba and other countries to the African kingdom of Eswatini']"
877,21,877_restraint_urge_politicians_bowed,"['restraint', 'urge', 'politicians', 'bowed', 'edge', 'puts', 'fires', 'missiles', 'kashmir', 'massacre']","['UK politicians urge restraint after India fires missiles across Pakistan border', 'UK politicians urge restraint after India fires missiles across Pakistan border', 'UK politicians urge restraint after India fires missiles across Pakistan border']"
878,21,878_heartening_difference_stopping_made,"['heartening', 'difference', 'stopping', 'made', 'involvement', 'scale', 'close', 'full', '2019', 'werent']","['Heartening that America involvement made difference in stopping close to full - scale war between India , Pakistan : US', 'Heartening that America involvement made difference in stopping close to full - scale war between India , Pakistan : US', 'Heartening that America involvement made difference in stopping close to full - scale war between India , Pakistan : US']"
879,21,879_100000_thalande_cambodge_vacus,"['100000', 'thalande', 'cambodge', 'vacus', 'affrontements', 'civils', 'martiale', 'huit', 'loi', 'frontire']","['Conflit Thaïlande - Cambodge\xa0 : plus de 100\xa0000 civils évacués face aux affrontements , 14 morts', 'Conflit Thaïlande - Cambodge\xa0 : plus de 100\xa0000 civils évacués face aux affrontements , 14 morts', 'Conflit Thaïlande - Cambodge\xa0 : plus de 100\xa0000 civils évacués face aux affrontements , 14 morts']"
880,21,880_panam_deportados_slvenos_campamento,"['panam', 'deportados', 'slvenos', 'campamento', 'selva', 'esperan', 'retornados', 'dinero', 'adonde', 'buscan']","['  SÁLVENOS : Migrantes deportados de EU piden ayuda en Panamá mientras esperan ser retornados a sus países | Noticias de México', 'Tras ser deportados de EEUU , migrantes quedan en el limbo en un campamento en selva de Panamá', 'Tras ser deportados de EEUU , migrantes quedan en el limbo en un campamento en selva de Panamá']"
881,21,881_jinping_xi_inspiring_glad,"['jinping', 'xi', 'inspiring', 'glad', 'improved', 'advantage', 'farms', 'shift', 'see', 'optimism']","['Xi Jinping , Trump pledge to strengthen China - US ties amid Global Challenges', 'Xi Jinping Visits Russia to Strengthen China - Russia Ties Amid U . S . Tensions', 'Xi Jinping Visits Russia to Strengthen China - Russia Ties Amid U . S . Tensions']"
882,21,882_precarious_fragile_momentous_safadi,"['precarious', 'fragile', 'momentous', 'safadi', 'particular', 'juncture', 'honor', 'parties', 'threaten', 'seize']","['Fragile Gaza ceasefire marks  a momentous but precarious juncture , UN envoy tells Security Council Global Issues', 'Fragile Gaza Ceasefire Marks  A Momentous But Precarious Juncture , UN Envoy Tells Security Council', 'Fragile Gaza Ceasefire Marks  A Momentous But Precarious Juncture , UN Envoy Tells Security Council']"
883,21,883_tackle_british_system_way,"['tackle', 'british', 'system', 'way', 'crossings', 'channel', 'secures', 'iraq', 'uk', 'wind']","['UK to tackle Channel crossings and immigration system in  British way  ', 'UK to tackle Channel crossings and immigration system in  British way  ', 'UK to tackle Channel crossings and immigration system in  British way  ']"
884,21,884_prepare_better_mi5_academic,"['prepare', 'better', 'mi5', 'academic', 'britain', 'subs', '20b', 'casts', 'spies', 'axis']","['UK military chief urges Britain to better prepare for Russia threat', 'UK military chief urges Britain to better prepare for Russia threat', 'UK military chief urges Britain to better prepare for Russia threat']"
885,21,885_bandhu_sagar_cyclone_throttle,"['bandhu', 'sagar', 'cyclone', 'throttle', 'sri', 'operation', 'lanka', 'works', 'closely', 'relief']","['India continues post - cyclone relief efforts in Sri Lanka under Op Sagar Bandhu', 'India ramps up cyclone relief in Sri Lanka under  Operation Sagar Bandhu  ', 'India ramps up cyclone relief in Sri Lanka under  Operation Sagar Bandhu  ']"
886,21,886_ihmist_kuoli_viranomaiset_yllisiss,"['ihmist', 'kuoli', 'viranomaiset', 'yllisiss', 'ainakin', 'kertovat', 'iskuissa', 'gazan', 'israelin', '15']","['Ainakin 15 ihmistä kuoli Israelin yöllisissä iskuissa , kertovat Gazan viranomaiset', 'Ainakin 15 ihmistä kuoli Israelin yöllisissä iskuissa , kertovat Gazan viranomaiset', 'Ainakin 15 ihmistä kuoli Israelin yöllisissä iskuissa , kertovat Gazan viranomaiset']"
887,21,887_australias_tool_essential_debate,"['australias', 'tool', 'essential', 'debate', 'political', 'opinion', 'or', 'namoi', 'valley', 'murrumburrah']","['Opinion | Australias migration debate : essential or political tool ? | Western Advocate', 'Opinion | Australias migration debate : essential or political tool ? | Southern Cross', 'Opinion | Australias migration debate : essential or political tool ? | Southern Cross']"
888,21,888_conference_london_elusive_rallies,"['conference', 'london', 'elusive', 'rallies', 'try', 'attend', 'horrific', 'warring', 'disappoints', 'unfold']","['An international conference rallies aid for Sudan after 2 years of war , but peace is elusive', 'An international conference rallies aid for Sudan after 2 years of war , but peace is elusive', 'An international conference rallies aid for Sudan after 2 years of civil war , but peace is elusive']"
889,21,889_remember_hurricane_praise_melissa,"['remember', 'hurricane', 'praise', 'melissa', 'jamaica', 'cuba', 'trail', 'support', 'bahamas', 'this']","['  Will remember this support : Jamaica and Cuba praise India for support after Hurricane Melissa', '  Will remember this support : Jamaica and Cuba praise India for support after Hurricane Melissa', '  Will remember this support : Jamaica and Cuba praise India for support after Hurricane Melissa']"
890,21,890_worst_woes_given_cut,"['worst', 'woes', 'given', 'cut', 'lindsey', 'graham', 'possible', 'former', 'worse', 'general']","['Now is  the worst possible time  for the West to cut Ukraine support given Russia woes , a former top US general says', 'Now is  the worst possible time  for the West to cut Ukraine support given Russia woes , a former top US general says', 'Now is  the worst possible time  for the West to cut Ukraine support given Russia woes , a former top US general says']"
891,21,891_surges_deals_risk_congo,"['surges', 'deals', 'risk', 'congo', 'two', 'cambodia', 'fighting', 'thailand', 'at', 'congolese']","['Two of Trump peace deals at risk as fighting surges in Congo and at Cambodia - Thailand border', 'Two of Trump peace deals at risk as fighting surges in Congo and at Cambodia - Thailand border', 'Two of Trump peace deals at risk as fighting surges in Congo and at Cambodia - Thailand border']"
892,21,892_spain_elderly_canary_843,"['spain', 'elderly', 'canary', '843', 'received', 'defending', 'erupts', '46', 'islands', 'alone']","['Spain Canary Islands received record 46 , 843 migrants in 2024 : ministry', 'Spain Canary Islands received record 46 , 843 migrants in 2024 : ministry', 'Spain Canary Islands received record 46 , 843 migrants in 2024 : ministry']"
893,21,893_354_junta_toll_quake,"['354', 'junta', 'toll', 'quake', 'death', 'tops', 'leader', 'climb', 'bangkok', 'returns']","['Myanmar quake death toll at 3 , 354 , junta leader returns from summit', 'Myanmar quake death toll at 3 , 354 , junta leader returns from summit', 'Myanmar quake death toll at 3 , 354 , junta leader returns from summit']"
894,21,894_avala_trabajar_suprema_estatus,"['avala', 'trabajar', 'suprema', 'estatus', 'quines', 'apresuradamente', 'miljoen', 'ganancias', 'fallecida', 'quitar']","['Trump incluye a migrantes en la base de datos de gente fallecida para quitarles sus opciones de trabajar legalmente en EEUU', 'Corte Suprema de EEUU avala a Trump para revocar estatus de  parole  a más de 500 mil migrantes : ¿ Qué significa y a quiénes afectaría ? | Noticias de México', 'Corte Suprema de EE . UU . avala a Trump a cancelar estatus legal temporal de 532 . 000 migrantes']"
895,21,895_aufrsten_schnell_eskalation_sorge,"['aufrsten', 'schnell', 'eskalation', 'sorge', 'russland', 'schweren', 'vor', 'knnte', 'luftangriffen', 'warnt']","['Sorge vor Eskalation ? Experte warnt vor Russland – Kreml könnte schnell gegen Nato aufrüsten', 'Sorge vor Eskalation ? Experte warnt vor Russland – Kreml könnte schnell gegen Nato aufrüsten', 'Sorge vor Eskalation ? Experte warnt vor Russland – Kreml könnte schnell gegen Nato aufrüsten']"
896,21,896_incluida_ecuatoriana_nia_deja,"['incluida', 'ecuatoriana', 'nia', 'deja', 'aos', 'per', 'dos', 'muertos', 'frontera', 'ataque']","['Un ataque en la frontera ecuatoriana con Perú deja dos muertos , incluida una niña de 2 años', 'Un ataque en la frontera ecuatoriana con Perú deja dos muertos , incluida una niña de 2 años', 'Un ataque en la frontera ecuatoriana con Perú deja dos muertos , incluida una niña de 2 años']"
897,20,897_48_hour_agreed_been,"['48', 'hour', 'agreed', 'been', 'afghanistan', 'has', 'cease', 'ground', 'agrees', 'fire']","['Pakistan says 48 - hour ceasefire has been agreed with Afghanistan', 'Pakistan says 48 - hour ceasefire has been agreed with Afghanistan', 'Pakistan says 48 - hour ceasefire has been agreed with Afghanistan']"
898,20,898_persecuted_christians_complicated_reality,"['persecuted', 'christians', 'complicated', 'reality', 'blazing', 'guns', 'minoritie', 'possibly', 'nigeria', 'cfas']","['Trump says Christians are being persecuted in Nigeria . The reality is more complicated', 'Trump says Christians are being persecuted in Nigeria . The reality is more complicated', 'Trump says Christians are being persecuted in Nigeria . The reality is more complicated . ']"
899,20,899_drove_ambush_carry_charged,"['drove', 'ambush', 'carry', 'charged', 'guard', 'across', 'shooting', 'national', 'officials', 'out']","['Afghan national charged in Guard ambush shooting drove across US to carry out attack , officials say', 'Afghan national charged in Guard ambush shooting drove across US to carry out attack , officials say', 'Afghan national charged in Guard ambush shooting drove across US to carry out attack , officials say']"
900,20,900_cleansing_senators_ethnic_accuse,"['cleansing', 'senators', 'ethnic', 'accuse', 'middle', 'east', 'visit', 'after', 'israel', 'gaza']","['U . S . senators accuse Israel of ethnic cleansing in Gaza after Middle East visit', 'U . S . senators accuse Israel of ethnic cleansing in Gaza after Middle East visit', 'U . S . senators accuse Israel of ethnic cleansing in Gaza after Middle East visit']"
901,20,901_43_ghana_offences_deports,"['43', 'ghana', 'offences', 'deports', 'nigeria', 'offenders', 'nigerian', 'offender', 'togo', 'immigration']","['UK deports 43 immigration offenders to Ghana and Nigeria', 'UK deports 43 immigration offenders to Ghana and Nigeria', 'UK deports 43 immigration offenders to Ghana and Nigeria']"
902,20,902_awaaz_avoided_irk_wording,"['awaaz', 'avoided', 'irk', 'wording', 'willing', '1965', 'japan', 'hangs', 'resume', 'quad']","['China , Russia leader statement avoided wording that could irk Japan', 'China , Russia leader statement avoided wording that could irk Japan', 'China , Russia leader statement avoided wording that could irk Japan']"
903,20,903_infrastructures_nergtiques_courants_coupures,"['infrastructures', 'nergtiques', 'courants', 'coupures', 'nouvelle', 'russe', 'attaque', 'mort', 'aprs', 'narbonne']","['Guerre en Ukraine . Coupures de courants après une nouvelle attaque russe sur les infrastructures énergétiques', 'Guerre en Ukraine . Coupures de courants après une nouvelle attaque russe sur les infrastructures énergétiques', 'Guerre en Ukraine . Coupures de courants après une nouvelle attaque russe sur les infrastructures énergétiques']"
904,20,904_reports_provinces_clashes_heavy,"['reports', 'provinces', 'clashes', 'heavy', 'reported', 'calm', 'erupt', 'afghanistan', 'during', 'fatal']","['Pakistan reports border clashes during talks with Afghanistan', 'Pakistan reports border clashes during talks with Afghanistan', 'Pakistan reports border clashes during talks with Afghanistan']"
905,20,905_owe_minerals_fund_bln,"['owe', 'minerals', 'fund', 'bln', 'establish', 'revised', 'earth', 'atlantic', '120', 'creating']","['Ukraine to owe US more than $120 bln under revised minerals deal newspaper', 'Ukraine to owe US more than $120 bln under revised minerals deal newspaper', 'Ukraine to owe US more than $120 bln under revised minerals deal newspaper']"
906,20,906_dernier_prisonniers_avant_nouvelle,"['dernier', 'prisonniers', 'avant', 'nouvelle', 'attaque', 'fait', 'morts', 'lukraine', 'moins', 'arienne']","['Nouvelle attaque massive sur lUkraine\xa0 : au moins 12 morts , avant un dernier échange de prisonniers', 'Une nouvelle attaque massive sur lUkraine fait au moins 12 morts , avant un dernier échange de prisonniers', 'Une nouvelle attaque massive sur lUkraine fait au moins 12 morts , avant un dernier échange de prisonniers']"
907,20,907_populista_parn_parlamentario_aprovecha,"['populista', 'parn', 'parlamentario', 'aprovecha', 'xenofobia', 'alentar', 'reino', 'unido', 'derecha', 'protestas']","['XENOFOBIA REINO UNIDO | La derecha populista aprovecha el parón parlamentario en el Reino Unido para alentar las protestas contra la inmigración', 'XENOFOBIA REINO UNIDO | La derecha populista aprovecha el parón parlamentario en el Reino Unido para alentar las protestas contra la inmigración', 'XENOFOBIA REINO UNIDO | La derecha populista aprovecha el parón parlamentario en el Reino Unido para alentar las protestas contra la inmigración']"
908,20,908_margherita_bonds_enduring_mos,"['margherita', 'bonds', 'enduring', 'mos', 'friendship', 'reaffirms', 'between', 'cambodia', 'india', 'and']","['MoS Margherita reaffirms  enduring bonds of friendship  between India and Cambodia', 'MoS Margherita reaffirms  enduring bonds of friendship  between India and Cambodia', 'MoS Margherita reaffirms  enduring bonds of friendship  between India and Cambodia']"
909,20,909_captive_implements_manar_cutting,"['captive', 'implements', 'manar', 'cutting', 'hostages', 'release', 'prisoner', 'flows', 'withdrawal', 'happens']","['Hamas Says It Will Only Release US - Israeli Captive If  Israel  Implements Ceasefire Deal – Al - Manar TV Lebanon', 'Hamas Says It Will Only Release US - Israeli Captive If  Israel  Implements Ceasefire Deal – Al - Manar TV Lebanon', 'Hamas Says It Will Only Release US - Israeli Captive If  Israel  Implements Ceasefire Deal – Al - Manar TV Lebanon']"
910,20,910_rada_poroshenko_initiates_real,"['rada', 'poroshenko', 'initiates', 'real', 'regarding', 'perils', 'antiwar', 'appeal', 'paul', 'ron']","['European Solidarity initiates Rada appeal to US Congress regarding new resolution on support for Ukraine – Poroshenko', 'European Solidarity initiates Rada appeal to US Congress regarding new resolution on support for Ukraine – Poroshenko', 'European Solidarity initiates Rada appeal to US Congress regarding new resolution on support for Ukraine – Poroshenko']"
911,20,911_hammered_18_soldiers_northern,"['hammered', '18', 'soldiers', 'northern', 'five', 'palestinians', 'dead', 'israeli', 'killed', 'out']","['Five Israeli soldiers killed in Gaza attack as ceasefire deal hammered out', 'Five Israeli soldiers killed in Gaza attack as ceasefire deal hammered out', 'Five Israeli soldiers killed in Gaza attack as ceasefire deal hammered out']"
912,20,912_signaling_via_ally_sidelines,"['signaling', 'via', 'ally', 'sidelines', 'expected', 'discord', 'iran', 'big', 'watch', 'creating']","['Israel signaling to Iran via Russia', 'Israel signaling to Iran via Russia', 'Israel signaling to Iran via Russia']"
913,20,913_narratives_counter_zelenskiy_strong,"['narratives', 'counter', 'zelenskiy', 'strong', 'wants', 'zelenskiyy', 'vows', 'america', 'he', 'be']","['Ukraine Zelenskiy says he wants America to be strong , vows to counter Russian narratives', 'Ukraine Zelenskiy says he wants America to be strong , vows to counter Russian narratives', 'Ukraine Zelenskiy says he wants America to be strong , vows to counter Russian narratives']"
914,20,914_settlements_2017_settlers_harvest,"['settlements', '2017', 'settlers', 'harvest', 'olive', 'highest', 'bank', 'louis', 'interviewing', 'theroux']","['Israeli settlements in West Bank growing at highest level since 2017 : UN', 'UN : Israeli Settlements in West Bank Growing at Highest Level Since 2017', 'Israeli settlements in West Bank growing at highest level since 2017 : UN']"
915,20,915_tranche_targets_anniversary_tanks,"['tranche', 'targets', 'anniversary', 'tanks', 'invasion', 'sanctions', 'supporting', 'hands', 'australia', 'strengthening']","['Australia Targets Russia with New Sanctions on Ukraine Invasion Anniversary', 'Australia Targets Russia with New Sanctions on Ukraine Invasion Anniversary', 'Australia Targets Russia with New Sanctions on Ukraine Invasion Anniversary']"
916,20,916_net_sharp_done_fall,"['net', 'sharp', 'done', 'fall', 'thirds', 'needs', 'tougher', 'policies', 'migration', 'rolls']","['UK government welcomes sharp fall in net migration but says more needs to be done', 'UK government welcomes sharp fall in net migration but says more needs to be done', 'UK government welcomes sharp fall in net migration but says more needs to be done']"
917,20,917_hikes_disputes_tariff_agenda,"['hikes', 'disputes', 'tariff', 'agenda', 'asean', 'sea', 'integration', 'unity', 'tariffs', 'tackle']","['US tariff hikes , Myanmar war and sea disputes will top ASEAN summit agenda', 'US tariff hikes , Myanmar war and sea disputes will top ASEAN summit agenda', 'US tariff hikes , Myanmar war and sea disputes will top ASEAN summit agenda']"
918,20,918_pyongyang_arrives_forestry_kurv,"['pyongyang', 'arrives', 'forestry', 'kurv', '710am', 'delegation', 'meets', 'kcna', 'diplomat', 'deepening']","['Top Russian official meets North Korean leader in latest Pyongyang visit', 'Top Russian Official Meets North Korean Leader In Latest Pyongyang Visit – 710am KURV', 'Top Russian Official Meets North Korean Leader In Latest Pyongyang Visit – 710am KURV']"
919,20,919_sergei_offensive_lavrov_dead,"['sergei', 'offensive', 'lavrov', 'dead', 'fresh', 'loom', 'launches', '100', 'marco', 'istanbul']","['US Secretary Of State Marco Rubio Discusses Ending Ukraine Conflict with Russia Sergei Lavrov As New Istanbul Talks Loom', 'US Secretary Of State Marco Rubio Discusses Ending Ukraine Conflict with Russia Sergei Lavrov As New Istanbul Talks Loom', 'US Secretary Of State Marco Rubio Discusses Ending Ukraine Conflict with Russia Sergei Lavrov As New Istanbul Talks Loom']"
920,20,920_shipwrecks_off_capsizes_26,"['shipwrecks', 'off', 'capsizes', '26', 'italy', 'missing', 'capsize', 'ww2', 'shipwreck', 'carrying']","['At least 26 migrants dead in two shipwrecks off Italy', 'At least 26 migrants dead in two shipwrecks off Italy', 'At Least 26 Migrants Dead In Two Shipwrecks Off Italy']"
921,20,921_asim_assertions_factually_incorrect,"['asim', 'assertions', 'factually', 'incorrect', 'axis', 'leak', 'munir', 'forgive', 'external', 'forget']","['Op Sindoor : Pakistan Asim Munir claims no  external support  after India exposes axis with China & Turkey ;  assertions factually incorrect  | India News', 'Op Sindoor : Pakistan Asim Munir claims no  external support  after India exposes axis with China & Turkey ;  assertions factually incorrect  | India News', 'Op Sindoor : Pakistan Asim Munir claims no  external support  after India exposes axis with China & Turkey ;  assertions factually incorrect  | India News']"
922,20,922_loom_threats_already_leaving,"['loom', 'threats', 'already', 'leaving', 'self', 'some', 'immigrants', 'deportation', 'leave', 'are']","['Some immigrants are already leaving the US in  self - deportation as Trump threats loom', 'Some immigrants are already leaving the US in  self - deportation as Trump threats loom', 'Some immigrants are already leaving the US in  self - deportation as Trump threats loom']"
923,20,923_humanitarin_hilfe_humanitre_pagalba,"['humanitarin', 'hilfe', 'humanitre', 'pagalba', 'bundeshaushalt', 'apuun', 'angeklagt', 'krzungen', 'prozess', 'muitins']","['Humanitäre Hilfe am Wendepunkt : Massive Kürzungen bei USAID und im Bundeshaushalt ... ', 'Suomelta 16 miljoonaa euroa Ukrainan humanitaariseen apuun', 'Suomelta 16 miljoonaa euroa Ukrainan humanitaariseen apuun']"
924,20,924_disastrou_ceremony_surprise_presidents,"['disastrou', 'ceremony', 'surprise', 'presidents', 'pause', 'announces', 'kremlin', '10', 'chief', 'may']","['Aid chief says US aid pause  disastrou for Afghanistan', 'Aid chief says US aid pause  disastrou for Afghanistan', 'Aid chief says US aid pause  disastrou for Afghanistan']"
925,20,925_century_procurement_training_gets,"['century', 'procurement', 'training', 'gets', 'albania', 'scores', 'aac', 'signs', 'term', 'bolojan']","['Ukraine and united kingdom Seal Century - Long Alliance', 'Procurement : united kingdom And Ukraine Deal of the Century', 'Procurement : united kingdom And Ukraine Deal of the Century']"
926,20,926_beyond_reiterates_conflicts_dialogue,"['beyond', 'reiterates', 'conflicts', 'dialogue', 'immediate', 'politics', 'palestine', 'diplomacy', 'kurdistan', 'sustained']","['Humanitarian aid is beyond politics , conflicts : India reiterates for immediate ceasefire , dialogue and diplomacy amid Israel - Palestine conflict', 'Humanitarian aid is beyond politics , conflicts : India reiterates for immediate ceasefire , dialogue and diplomacy amid Israel - Palestine conflict', 'Humanitarian aid is beyond politics , conflicts : India reiterates for immediate ceasefire , dialogue and diplomacy amid Israel - Palestine conflict']"
927,20,927_she_thought_wrong_expelled,"['she', 'thought', 'wrong', 'expelled', 'wrongly', 'was', 'would', '40th', 'lengthy', 'rap']","['She was expelled from the United States , but still thought America would help . She was wrong', 'She was expelled from the United States , but still thought America would help . She was wrong', 'She was expelled from the United States , but still thought America would help . She was wrong']"
928,20,928_disparatra_lurgence_hazanavicius_lentretien,"['disparatra', 'lurgence', 'hazanavicius', 'lentretien', 'dimanche', 'combats', 'ne', 'cologique', 'brles', 'dtruits']","['Lentretien du dimanche . Hazanavicius : « En Ukraine , lurgence ne disparaîtra pas avec la fin des combats » ', 'Lentretien du dimanche . Hazanavicius : « En Ukraine , lurgence ne disparaîtra pas avec la fin des combats » ', 'Lentretien du dimanche . Hazanavicius : « En Ukraine , lurgence ne disparaîtra pas avec la fin des combats » ']"
929,20,929_communist_banquet_hails_holiday,"['communist', 'banquet', 'hails', 'holiday', 'korean', 'heroic', 'feat', 'praising', 'thanks', 'friendship']","['Russia Communist chief hails North Korean troops in Ukraine conflict', 'Russia Communist chief hails North Korean troops in Ukraine conflict', 'Russia Communist chief hails North Korean troops in Ukraine conflict']"
930,20,930_ldt_krieg_vorsto_schlechte,"['ldt', 'krieg', 'vorsto', 'schlechte', 'enttuscht', 'woche', 'wende', 'selenskyj', 'lage', 'sehr']","['Trump - Wende und Merz - Vorstoß im Ukraine - Krieg : „ Schlechte Woche für Putin  ', 'Trump - Wende und Merz - Vorstoß im Ukraine - Krieg : „ Schlechte Woche für Putin  ', 'Trump - Wende und Merz - Vorstoß im Ukraine - Krieg : „ Schlechte Woche für Putin  ']"
931,20,931_compares_brawl_sometimes_letting,"['compares', 'brawl', 'sometimes', 'letting', 'youre', 'baseless', 'better', 'allegations', 'brawling', 'kid']","['Trump compares Ukraine - Russia war to kid brawl :  Sometimes youre better off letting them fight  ', 'Trump compares Ukraine - Russia war to kid brawl :  Sometimes youre better off letting them fight  ', 'Trump compares Ukraine - Russia war to kid brawl :  Sometimes youre better off letting them fight  ']"
932,20,932_renew_cambodian_thai_days,"['renew', 'cambodian', 'thai', 'days', 'deadly', 'agree', 'clashes', 'evening', 'effective', 'friday']","['Thai and Cambodian leaders agree to renew a ceasefire after days of deadly clashes , Trump says', 'Thai and Cambodian leaders agree to renew a ceasefire after days of deadly clashes , Trump says', 'Thai and Cambodian leaders agree to renew a ceasefire after days of deadly clashes , Trump says']"
933,20,933_spoke_lavrov_hold_rubio,"['spoke', 'lavrov', 'hold', 'rubio', 'official', 'plans', 'meeting', 'budapest', 'shifting', 'planned']","['Plans for Trump - Putin meeting on hold after Rubio spoke to Lavrov – US official', 'Plans for Trump - Putin meeting on hold after Rubio spoke to Lavrov – US official', 'Plans for Trump - Putin meeting on hold after Rubio spoke to Lavrov – US official']"
934,20,934_soudan_sud_165_1957,"['soudan', 'sud', '165', '1957', 'chimiques', 'dlinquants', '1959', 'clatent', 'dpartements', 'lusage']","['Sud - Soudan : Le conflit au pays a déraciné plus de 165 000 personnes en trois mois', 'Six Casques bleus bangladais tués dans le sud du Soudan', 'Six Casques bleus bangladais tués dans le sud du Soudan']"
935,20,935_position_launch_negotiating_offensive,"['position', 'launch', 'negotiating', 'offensive', 'fresh', 'expect', 'ukrainians', 'expects', 'strengthen', 'appears']","['Ukrainians expect Russia to launch a fresh offensive to strengthen its negotiating position', 'Ukrainians expect Russia to launch a fresh offensive to strengthen its negotiating position', 'Ukrainians Expect Russia to Launch a Fresh Offensive to Strengthen Its Negotiating Position']"
936,20,936_sco_skincare_beauever_observer,"['sco', 'skincare', 'beauever', 'observer', 'cis', 'jiang', 'zaidong', 'nz', 'accelerate', 'interaction']","['BeauEver Secures NZ Prime Minister Support in Historic China Summit to Accelerate Global Skincare Expansion', 'BeauEver Secures NZ Prime Minister Support in Historic China Summit to Accelerate Global Skincare Expansion', 'BeauEver Secures NZ Prime Minister Support in Historic China Summit to Accelerate Global Skincare Expansion']"
937,20,937_planting_mines_land_again,"['planting', 'mines', 'land', 'again', 'accuses', 'cambodia', 'thailand', 'of', '', '']","['Thailand again accuses Cambodia of planting land mines', 'Thailand again accuses Cambodia of planting land mines', 'Thailand again accuses Cambodia of planting land mines']"
938,20,938_toddler_reunited_custody_dispute,"['toddler', 'reunited', 'custody', 'dispute', 'parents', 'family', 'separated', 'venezuelan', 'laid', 'demands']","['Venezuelan toddler reunited with family after US custody dispute', 'Venezuelan toddler reunited with family after US custody dispute', 'Venezuelan toddler reunited with family after US custody dispute']"
939,20,939_cachemira_atentado_pakistn_regiones,"['cachemira', 'atentado', 'pakistn', 'regiones', 'airean', 'enemistad', 'ataca', 'intercambian', 'juego', 'constante']","['India ataca tres regiones de Pakistán tras atentado en Cachemira', 'India ataca tres regiones de Pakistán tras atentado en Cachemira', 'India ataca tres regiones de Pakistán tras atentado en Cachemira']"
940,20,940_kenya_financial_seal_centred,"['kenya', 'financial', 'seal', 'centred', 'walk', 'alone', 'pushes', 'assures', 'prosperity', 'chapter']","['Kenya pushes China to seal key pact ahead of new financial year', 'Kenya pushes China to seal key pact ahead of new financial year', 'Kenya pushes China to seal key pact ahead of new financial year']"
941,20,941_negotiating_congo_deals_minerals,"['negotiating', 'congo', 'deals', 'minerals', 'hit', 'official', 'wont', 'rebel', 'illicit', 'any']","['US is negotiating a minerals deals with conflict - hit Congo , Trump official says', 'US is negotiating a minerals deals with conflict - hit Congo , Trump official says', 'US is negotiating a minerals deals with conflict - hit Congo , Trump official says']"
942,20,942_sneak_closer_following_strike,"['sneak', 'closer', 'following', 'strike', 'drone', 'no', 'peace', 'russia', 'ukraine', 'to']","['Ukraine , Russia no closer to peace following sneak drone strike', 'Ukraine , Russia no closer to peace following sneak drone strike', 'Ukraine , Russia no closer to peace following sneak drone strike']"
943,20,943_clashes_deadly_agree_weeks,"['clashes', 'deadly', 'agree', 'weeks', 'cambodia', 'drag', 'thailand', 'declare', 'immediate', 'border']","['Thailand and Cambodia agree to ceasefire after deadly border clashes', 'Thailand and Cambodia agree to ceasefire after deadly border clashes', 'Thailand and Cambodia agree to ceasefire after deadly border clashes']"
944,20,944_rubio_prioritizes_marco_ojeda,"['rubio', 'prioritizes', 'marco', 'ojeda', 'tour', 'morales', 'bounties', 'views', 'sec', 'latin']","['Marco Rubio , Nayib Bukele Celebrate Deportations After Judge Fails to Help Tren de Aragua Criminals', 'Marco Rubio Humanitarian Offer to Cuba Sparks Backlash from Morales Ojeda', 'Marco Rubio Humanitarian Offer to Cuba Sparks Backlash from Morales Ojeda']"
945,20,945_flare_matters_here_kashmir,"['flare', 'matters', 'here', 'kashmir', 'between', 'why', 'up', 'over', 'pakistan', 'india']","['Here why a flare - up between India and Pakistan over Kashmir matters', 'Here why a flare - up between India and Pakistan over Kashmir matters', 'Here why a flare - up between India and Pakistan over Kashmir matters']"
946,20,946_sealed_continues_1000_complete,"['sealed', 'continues', '1000', 'complete', 'he', 'but', 'swap', 'prisoner', 'largest', 'each']","['Trump says he sealed Thailand - Cambodia ceasefire , but fighting continues', 'Trump says he sealed Thailand - Cambodia ceasefire , but fighting continues', 'Trump says he sealed Thailand - Cambodia ceasefire , but fighting continues']"
947,20,947_confer_delivered_lesson_lasting,"['confer', 'delivered', 'lesson', 'lasting', 'reconciliation', 'ceasefires', 'paused', 'upholding', 'understanding', 'follow']","['INDIA – PAKISTAN Calls for lasting reconciliation follow ceasefire between India and Pakistan', 'Pakistan delivered lasting lesson to Modi - led India in May conflict , says PM', 'Pakistan delivered lasting lesson to Modi - led India in May conflict , says PM']"
948,20,948_pueblo_ofrece_melissa_afectado,"['pueblo', 'ofrece', 'melissa', 'afectado', 'inmediata', 'huracn', 'perinforma', 'humanitaria', 'cuba', 'daos']","['Ofrece EU ayuda humanitaria  inmediata  al  pueblo de Cuba afectado  por Melissa', 'EEUU ofrece ayuda humanitaria  inmediata  al  pueblo de Cuba afectado  por Melissa', 'EEUU ofrece ayuda humanitaria  inmediata  al  pueblo de Cuba afectado  por Melissa']"
949,20,949_horrifying_5m_scenes_territories,"['horrifying', '5m', 'scenes', 'territories', 'cooper', 'cede', 'refers', 'disappearing', 'announces', 'prepared']","['Cooper announces £5m in aid for Sudan amid  horrifying  scenes in El Fasher', 'Cooper announces £5m in aid for Sudan amid  horrifying  scenes in El Fasher', 'Cooper announces £5m in aid for Sudan amid  horrifying  scenes in El Fasher']"
950,20,950_51_last_week_clashes,"['51', 'last', 'week', 'clashes', 'gathering', 'killed', 'bomber', 'left', '11', 'confirms']","['Pakistan says 51 killed in India clashes last week', 'Pakistan says 51 killed in India clashes last week', 'Pakistan Says 51 Killed In India Clashes Last Week']"
951,20,951_ksrelief_distributes_cartons_extends,"['ksrelief', 'distributes', 'cartons', 'extends', 'malaria', 'yemen', 'dates', 'expands', 'delivers', '1454']","['KSrelief expands humanitarian aid in Yemen , Sudan , and Pakistan', 'KSrelief expands humanitarian aid in Yemen , Sudan , and Pakistan', 'KSrelief expands humanitarian aid in Yemen , Sudan , and Pakistan']"
952,20,952_priso_brasileiro_especialistas_anunciadas,"['priso', 'brasileiro', 'especialistas', 'anunciadas', 'morre', 'anos', 'habr', 'estallido', 'escapado', 'milagre']","['Brasileiro de 17 anos acusado de atacar soldado morre em prisão israelense', 'Brasileiro de 17 anos acusado de atacar soldado morre em prisão israelense', 'Brasileiro de 17 anos acusado de atacar soldado morre em prisão israelense']"
953,20,953_ltimas_mapa_desaparecer_periodsticas,"['ltimas', 'mapa', 'desaparecer', 'periodsticas', 'investigaciones', 'completo', 'participar', 'hora', 'ucrania', 'lukashenko']","['Régimen cubano niega participar en la guerra contra Ucrania , pese a investigaciones periodísticas', 'Lukashenko : Si el conflicto continúa , Ucrania desaparecerá del mapa por completo', 'Lukashenko : Si el conflicto continúa , Ucrania desaparecerá del mapa por completo']"
954,20,954_235_airstrikes_have_officials,"['235', 'airstrikes', 'have', 'officials', 'least', 'people', 'say', 'killed', 'israeli', 'at']","['Israeli airstrikes have killed at least 235 people in Gaza , officials say', 'Israeli airstrikes have killed at least 235 people in Gaza , officials say', 'Israeli airstrikes have killed at least 235 people in Gaza , officials say']"
955,20,955_offered_uyghurs_sources_before,"['offered', 'uyghurs', 'sources', 'before', 'canada', 'say', 'exclusive', 'deportation', 'thailand', 'asylum']","['Canada and US offered Uyghurs in Thailand asylum before deportation to China , sources say', 'Canada and US offered Uyghurs in Thailand asylum before deportation to China , sources say', 'Canada and US offered Uyghurs in Thailand asylum before deportation to China , sources say']"
956,20,956_kursk_bang_cui_cng,"['kursk', 'bang', 'cui', 'cng', 'nhm', 'tung', 'binh', 'nga', 'nhng', 'tuyt']","['Nga hé lộ các nước có lính đánh thuê hỗ trợ quân đội Ukraine tấn công Kursk', 'Nga công phá dữ dội , đánh sập huyết mạch hậu cần Ukraine ở Kursk', 'Nga hé lộ các nước có lính đánh thuê hỗ trợ quân đội Ukraine tấn công Kursk']"
957,20,957_pragmatic_engagement_unsc_harish,"['pragmatic', 'engagement', 'unsc', 'harish', 'taliban', 'pragmatism', 'reconciling', 'shashi', 'requires', 'writes']","['India calls for  pragmatic engagement  with Taliban at UNSC meeting on Afghanistan', 'India calls for  pragmatic engagement  with Taliban at UNSC meeting on Afghanistan', 'India calls for  pragmatic engagement  with Taliban at UNSC meeting on Afghanistan']"
958,20,958_destroys_trucks_carrying_resort,"['destroys', 'trucks', 'carrying', 'resort', 'militants', 'famine', 'controlled', 'tourists', '16', '26']","['Drone attack destroys 16 trucks carrying UN food to Sudan famine - hit Darfur region', 'Drone attack destroys 16 trucks carrying UN food to Sudan famine - hit Darfur region', 'Drone attack destroys 16 trucks carrying UN food to Sudan famine - hit Darfur region']"
959,20,959_capturados_suicidarse_norcorea_firmarse,"['capturados', 'suicidarse', 'norcorea', 'firmarse', 'exhibe', 'destapa', 'punto', 'soldados', 'norcoreanos', 'solicitud']","['Norcorea pide a sus soldados suicidarse en caso de estar a punto de ser capturados en el conflicto Ucrania - Rusia | Noticias de México', 'Norcorea pide a sus soldados suicidarse en caso de estar a punto de ser capturados en el conflicto Ucrania - Rusia | Noticias de México', 'Norcorea pide a sus soldados suicidarse en caso de estar a punto de ser capturados en el conflicto Ucrania - Rusia | Noticias de México']"
960,20,960_reservists_divides_deepens_divisions,"['reservists', 'divides', 'deepens', 'divisions', 'mobilizes', 'reshaped', 'reveal', 'reactions', 'divide', 'split']","['Israel calls up reservists as fears for fragile Gaza ceasefire rise', 'Israel calls up reservists amid uncertainty over Gaza ceasefire', 'Israel calls up reservists amid uncertainty over Gaza ceasefire']"
961,20,961_g20_g20yea_114_,"['g20', 'g20yea', '114', '', '', '', '', '', '', '']","['暗战中南半岛 ： 柬泰冲突祸起西方殖民 中国辟谣军援柬埔寨 _ 军事频道 _ 中华网', '美国缩减对南非艾滋病防治投入 ， 中国出手', '越南总理范明政与科威特首相会谈 ： 将双边关系提升为战略伙伴关系']"
962,20,962_hama_victory_heads_netanyahu,"['hama', 'victory', 'heads', 'netanyahu', 'discuss', 'over', 'with', 'israel', 'trump', 'us']","['Israel Netanyahu heads to US to discuss  victory over Hama with Trump', 'Israel Netanyahu Heads to US to Discuss  Victory Over Hama With Trump', 'Israel Netanyahu heads to US to discuss  victory over Hama with Trump']"
963,20,963_wa_misaada_kuingiza_mahkota,"['wa', 'misaada', 'kuingiza', 'mahkota', 'pengunduran', 'putera', 'yasimamisha', 'penuh', 'usafirishaji', 'dw']","['Israel yasimamisha usafirishaji wa misaada kuingiza Gaza – DW – 02 . 03 . 2025', 'Israel yasimamisha usafirishaji wa misaada kuingiza Gaza – DW – 02 . 03 . 2025', 'Israel yasimamisha usafirishaji wa misaada kuingiza Gaza – DW – 02 . 03 . 2025']"
964,20,964_buba_galadima_inec_chairman,"['buba', 'galadima', 'inec', 'chairman', 'nigerians', 'solutions', 'nigeria', 'own', 'notorious', 'marathi']","['Nigeria risks civil war if notorious judge becomes INEC chairman – Buba Galadima', 'Nigeria risks civil war if notorious judge becomes INEC chairman – Buba Galadima - Latest News In Nigeria , Nigeria News Today , Your Online Nigerian Newspaper', 'Nigeria risks civil war if notorious judge becomes INEC chairman – Buba Galadima - Latest News In Nigeria , Nigeria News Today , Your Online Nigerian Newspaper']"
965,20,965_mean_does_wider_middle,"['mean', 'does', 'wider', 'middle', 'east', 'agreement', 'what', 'hamas', 'ceasefire', 'the']","['What does the ceasefire agreement mean for Israel , Hamas and the wider Middle East ? ', 'What does the ceasefire agreement mean for Israel , Hamas and the wider Middle East ? ', 'What does the ceasefire agreement mean for Israel , Hamas and the wider Middle East ? ']"
966,20,966_scattered_then_fled_family,"['scattered', 'then', 'fled', 'family', 'them', 'across', 'deportations', 'one', 'running', 'afghanistan']","['One family fled Afghanistan . Then US deportations scattered them across the world', 'One family fled Afghanistan . Then US deportations scattered them across the world', 'One family fled Afghanistan . Then US deportations scattered them across the world']"
967,20,967_gap_darien_panamanian_invested,"['gap', 'darien', 'panamanian', 'invested', '98', 'panama', 'darin', 'tricked', 'infamous', 'braved']","['Panama and Colombia Work Together while the United States Invested Millions in the Darien Gap', 'Panama and Colombia Work Together while the United States Invested Millions in the Darien Gap', 'Panama and Colombia Work Together while the United States Invested Millions in the Darien Gap']"
968,20,968_relocate_spain_cyprus_novinite,"['relocate', 'spain', 'cyprus', 'novinite', 'relocation', 'greece', 'eligible', 'italy', 'member', 'dealing']","['EU to relocate asylum seekers from Spain , Italy , Greece and Cyprus to other member states', 'EU to relocate asylum seekers from Spain , Italy , Greece and Cyprus to other member states', 'EU to relocate asylum seekers from Spain , Italy , Greece and Cyprus to other member states']"
969,20,969_jordan_immediate_diplomats_call,"['jordan', 'immediate', 'diplomats', 'call', 'germany', 'top', 'an', 'violations', 'ceasefire', 'winnipeg']","['Top diplomats from Germany , Jordan and the united kingdom call for an immediate ceasefire in Sudan war', 'Top diplomats from Germany , Jordan and the united kingdom call for an immediate ceasefire in Sudan war', 'Top Diplomats from Germany , Jordan and the united kingdom Call for an Immediate Ceasefire in Sudan War']"
970,20,970_mine_hurt_soldier_blast,"['mine', 'hurt', 'soldier', 'blast', 'act', 'self', 'cambodian', 'near', 'may', 'defense']","['Thailand warns it may act in  self - defense  after soldier hurt by a mine blast near Cambodian border', 'Thailand warns it may act in  self - defense  after soldier hurt by a mine blast near Cambodian border', 'Thailand warns it may act in  self - defense  after soldier hurt by a mine blast near Cambodian border']"
971,20,971_resigns_draft_lack_poses,"['resigns', 'draft', 'lack', 'poses', 'director', 'foundation', 'spanish', 'citing', 'independence', 'jake']","['Gaza Humanitarian Foundation Director Resigns , Citing Lack of Independence', 'Gaza Humanitarian Foundation director resigns , citing lack of independence', 'Gaza Humanitarian Foundation director resigns , citing lack of independence']"
972,20,972_numerous_86_fatalities_injuries,"['numerous', '86', 'fatalities', 'injuries', '34', 'fade', '93', 'jowhar', 'reported', 'teenager']","['86 fatalities and numerous injuries reported in Israeli attacks on Gaza - Jowhar News Leader', '86 fatalities and numerous injuries reported in Israeli attacks on Gaza - Jowhar News Leader', '86 fatalities and numerous injuries reported in Israeli attacks on Gaza - Jowhar News Leader']"
973,20,973_zubeen_garg_assam_singapore,"['zubeen', 'garg', 'assam', 'singapore', 'invoke', 'cm', 'invokes', 'activates', 'death', 'centre']","['Assam CM requests MHA to invoke Mutual Legal Assistance Treaty with Singapore over Zubeen Garg death', 'Zubeen Garg death : Assam govt urges Centre to invoke Mutual Legal Assistance Treaty with Singapore', 'Assam CM seeks Singapore cooperation in Zubeen Garg death case']"
974,20,974_asean_century_maritime_2026,"['asean', 'century', 'maritime', '2026', '21st', '22nd', 'diwali', 'virtually', 'declares', 'asserts']","['India - ASEAN partnership a  century of cooperation , 2026 to mark maritime cooperation : PM Modi', '  Not just trade but also cultural relations : PM Modi at 22nd ASEAN - India summit , calls 21st century  century of India and ASEAN  ', '  Not just trade but also cultural relations : PM Modi at 22nd ASEAN - India summit , calls 21st century  century of India and ASEAN  ']"
975,19,975_roles_appreciates_welcomes_qatar,"['roles', 'appreciates', 'welcomes', 'qatar', 'egypt', 'agreement', 'peace', 'india', 'us', 'and']","['India welcomes Gaza Peace Agreement ; appreciates US , Egypt , and Qatar roles', 'India welcomes Gaza Peace Agreement ; appreciates US , Egypt , and Qatar roles', 'India welcomes Gaza Peace Agreement ; appreciates US , Egypt , and Qatar roles']"
976,19,976_mulls_cease_accepts_proposal,"['mulls', 'cease', 'accepts', 'proposal', 'resume', 'turkey', 'fire', 'proposed', 'bangkok', 'afghanistan']","['Israel Mulls Gaza Cease - Fire Proposal After Hamas Accepts Deal', 'Israel Mulls Gaza Cease - Fire Proposal After Hamas Accepts Deal', 'Israel Mulls Gaza Cease - Fire Proposal After Hamas Accepts Deal']"
977,19,977_mantener_delegacin_lunes_estambul,"['mantener', 'delegacin', 'lunes', 'estambul', 'ucraniana', 'estar', 'conversaciones', 'elctrica', 'obliga', 'zelenski']","['GUERRA UCRANIA| ZelenskI anuncia que una delegación ucraniana estará el lunes en Estambul para mantener conversaciones con Rusia', 'GUERRA UCRANIA| ZelenskI anuncia que una delegación ucraniana estará el lunes en Estambul para mantener conversaciones con Rusia', 'GUERRA UCRANIA| ZelenskI anuncia que una delegación ucraniana estará el lunes en Estambul para mantener conversaciones con Rusia']"
978,19,978_syrians_departures_within_protected,"['syrians', 'departures', 'within', 'protected', 'ends', 'temporary', '60', 'days', 'orders', 'status']","['US ends Temporary Protected Status for Syrians , orders departures within 60 days', 'US ends Temporary Protected Status for Syrians , orders departures within 60 days', 'US ends Temporary Protected Status for Syrians , orders departures within 60 days']"
979,19,979_gap_crossed_returning_darien,"['gap', 'crossed', 'returning', 'darien', 'boat', 'reach', 'they', 'treacherous', 'now', '99']","['They crossed the Darien Gap to reach the US . Now , boat - by - boat , migrants are returning', 'They crossed the Darien Gap to reach the US . Now , boat - by - boat , migrants are returning', 'They crossed the Darien Gap to reach the US . Now , boat - by - boat , migrants are returning']"
980,19,980_displace_half_tens_displaces,"['displace', 'half', 'tens', 'displaces', 'clash', 'thai', 'flee', 'clashes', 'million', 'homes']","['Thai border clashes displace over half a million in Cambodia', 'Thai border clashes displace over half a million in Cambodia', 'Thai Border Clashes Displace over Half a Million in Cambodia']"
981,19,981_easter_unilateral_declares_skies,"['easter', 'unilateral', 'declares', 'skies', 'attitude', 'true', 'reveal', 'hour', 'our', 'vladimir']","['Russia Putin declares unilateral Easter ceasefire in Ukraine', 'Russia Putin declares unilateral Easter ceasefire in Ukraine', 'Russia Putin declares unilateral Easter ceasefire in Ukraine']"
982,19,982_tories_version_detain_pledge,"['tories', 'version', 'detain', 'pledge', 'immigrants', 'ice', 'illegal', 'deport', 'kingdom', 'united']","['Tories pledge united kingdom version of ICE to detain and deport illegal immigrants', 'Tories pledge united kingdom version of ICE to detain and deport illegal immigrants', 'Tories pledge united kingdom version of ICE to detain and deport illegal immigrants']"
983,19,983_towards_landmark_stability_recognises,"['towards', 'landmark', 'stability', 'recognises', 'explainers', 'step', 'waiting', 'recognise', 'blueprint', 'palestine']","['Gaza peace deal  landmark  step towards stability in Middle East : India | World News', 'Gaza peace deal  landmark  step towards stability in Middle East : India', 'Gaza peace deal  landmark  step towards stability in Middle East : India']"
984,19,984_naufragio_panam_nia_repatriacin,"['naufragio', 'panam', 'nia', 'repatriacin', 'vuelo', 'primer', 'fallece', '96', '637', 'colombiana']","['Naufragio en Panamá : fallece niña colombiana y rescatan a 20 migrantes , la mayoría venezolanos', 'Muere niña colombiana en naufragio de embarcación con migrantes en Panamá', 'Muere niña colombiana en naufragio de embarcación con migrantes en Panamá']"
985,19,985_membership_presidency_rinde_formin,"['membership', 'presidency', 'rinde', 'formin', 'tributo', 'romania', 'hurezeanu', 'fac', 'corea', 'jong']","['Corea del Norte : Kim Jong - un rinde tributo a sus soldados muertos en la guerra de Ucrania y ayuda con más tropas a Rusia', 'Corea del Norte : Kim Jong - un rinde tributo a sus soldados muertos en la guerra de Ucrania y ayuda con más tropas a Rusia', 'Corea del Norte : Kim Jong - un rinde tributo a sus soldados muertos en la guerra de Ucrania y ayuda con más tropas a Rusia']"
986,19,986_considering_bangladesh_channel_myanmar,"['considering', 'bangladesh', 'channel', 'myanmar', 'humanitarian', 'bdesh', 'from', 'proposes', 'un', 'newspaper']","['UN considering humanitarian channel from Bangladesh to Myanmar', 'UN considering humanitarian channel from Bangladesh to Myanmar', 'UN considering humanitarian channel from Bangladesh to Myanmar']"
987,19,987_rice_thousand_tons_activists,"['rice', 'thousand', 'tons', 'activists', 'flotilla', 'indonesia', 'bulog', 'dpr', '137', 'palestine']","['Indonesia to send 10 thousand tons of rice aid for Palestine soon : FM', 'Indonesia to send 10 thousand tons of rice aid for Palestine soon : FM', 'Indonesia to send 10 thousand tons of rice aid for Palestine soon : FM']"
988,19,988_medan_str_matlass_grnsen,"['medan', 'str', 'matlass', 'grnsen', 'hungrar', 'gazabor', 'vid', 'humanitaarisen', 'avun', 'pstmisest']","['Matlass står vid gränsen – medan Gazabor hungrar', 'Matlass står vid gränsen – medan Gazabor hungrar', 'Matlass står vid gränsen – medan Gazabor hungrar']"
989,19,989_citing_temporarily_concerns_deporting,"['citing', 'temporarily', 'concerns', 'deporting', 'halts', 'guatemalan', 'judge', 'legal', 'children', 'from']","['Judge temporarily halts the U . S . from deporting Guatemalan children , citing legal concerns', 'Judge temporarily halts the U . S . from deporting Guatemalan children , citing legal concerns', 'Judge temporarily halts the U . S . from deporting Guatemalan children , citing legal concerns']"
990,19,990_bound_changes_returned_14,"['bound', 'changes', 'returned', '14', 'since', 'have', '000', 'south', 'southward', 'bail']","['14 , 000 US - bound migrants have returned south since Trump border changes , UN says', '14 , 000 US - bound migrants have returned south since Trump border changes , UN says', '14 , 000 US - bound migrants have returned south since Trump border changes , UN says']"
991,19,991_litigation_sues_honduran_ongoing,"['litigation', 'sues', 'honduran', 'ongoing', 'stop', 'group', 'legal', 'deport', 'children', 'plan']","['Legal aid group sues to stop U . S . plan to deport Honduran children amid ongoing litigation', 'Legal aid group sues to stop U . S . plan to deport Honduran children amid ongoing litigation', 'Legal aid group sues to stop U . S . plan to deport Honduran children amid ongoing litigation']"
992,19,992_restaurants_blitz_follows_raids,"['restaurants', 'blitz', 'follows', 'raids', 'targeted', 'style', 'among', 'indian', 'targets', 'spotlight']","['Indian restaurants among targets of united kingdom  blitz  against illegal migrants', 'Indian restaurants among targets of united kingdom  blitz  against illegal migrants', 'Indian restaurants among targets of united kingdom  blitz  against illegal migrants']"
993,19,993_blocking_toughen_stance_tents,"['blocking', 'toughen', 'stance', 'tents', 'demand', 'delays', 'breach', 'finally', 'continues', 'accuse']","['France may toughen stance on Israel if it continues blocking Gaza aid , Macron says', 'France may toughen stance on Israel if it continues blocking Gaza aid , Macron says', 'France may toughen stance on Israel if it continues blocking Gaza aid , Macron says']"
994,19,994_1971_shameful_liberation_sexual,"['1971', 'shameful', 'liberation', 'sexual', 'bangladesh', 'unleashed', 'record', 'convict', 'unresolved', 'joined']","['  Shameful record since 1971 : India slams Pakistan at UN over sexual violence', 'India Slams Pakistan At UN For  Shameful  Record Of Sexual Violence Since 1971', 'India Slams Pakistan At UN For  Shameful  Record Of Sexual Violence Since 1971']"
995,19,995_sneak_closer_following_strike,"['sneak', 'closer', 'following', 'strike', 'drone', 'no', 'peace', 'russia', 'ukraine', 'to']","['Ukraine , Russia no closer to peace following sneak drone strike', 'Ukraine , Russia no closer to peace following sneak drone strike', 'Ukraine , Russia no closer to peace following sneak drone strike']"
996,19,996_releases_limbo_detained_deportees,"['releases', 'limbo', 'detained', 'deportees', 'panama', 'dozens', 'into', 'holding', 'camp', 'go']","['Panama releases dozens of detained deportees from US into limbo', 'Panama releases dozens of detained deportees from US into limbo', 'Panama releases dozens of detained deportees from US into limbo']"
997,19,997_uganda_dissident_deals_lawyer,"['uganda', 'dissident', 'deals', 'lawyer', 'drops', 'dailynews', 'honduras', 'debacle', 'sejusa', 'irked']","['US strikes deportation deals with Honduras and Uganda', 'US strikes deportation deals with Honduras and Uganda', 'US strikes deportation deals with Honduras and Uganda']"
998,19,998_cuban_220a_residency_cubans,"['cuban', '220a', 'residency', 'cubans', 'pesos', 'fees', 'harrowing', 'barriers', 'never', 'account']","['Cubans Face Financial Barriers in Mexican Asylum Process :  Legal Fees Reach Up to 40 Thousand Pesos  ', 'Cuban Migrant in the U . S . with I - 220A Status :  Im Willing to Never Return to Cuba if It Means Getting My Residency  ', 'Cuban Migrant in the U . S . with I - 220A Status :  Im Willing to Never Return to Cuba if It Means Getting My Residency  ']"
999,19,999_mahmood_shabana_mist_born,"['mahmood', 'shabana', 'mist', 'born', 'changes', 'leading', 'announce', 'gall', 'unmatched', 'encnow']","['Britain Shabana Mahmood to announce  mist significant  changes to country asylum rules in years', 'Shabana Mahmood : Children born in united kingdom to refugees will be deported', 'Shabana Mahmood to make refugee status temporary']"
1000,19,1000_preferential_increasing_tourism_mous,"['preferential', 'increasing', 'tourism', 'mous', 'maritime', 'forward', '14', 'philippines', 'move', 'defence']","['India - Philippines sign 14 MoUs increasing maritime , defence , tourism cooperation ; move Preferential Trade Agreement talks forward', 'India - Philippines sign 14 MoUs increasing maritime , defence , tourism cooperation ; move Preferential Trade Agreement talks forward', 'India - Philippines sign 14 MoUs increasing maritime , defence , tourism cooperation ; move Preferential Trade Agreement talks forward']"
1001,19,1001_cleanup_poorest_orange_imperiling,"['cleanup', 'poorest', 'orange', 'imperiling', 'lifesaving', 'agent', 'question', 'accelerating', 'cuts', 'billions']","['Takeaways from the AP report on how USAID cuts are imperiling Agent Orange cleanup', 'Takeaways from the AP report on how USAID cuts are imperiling Agent Orange cleanup', 'Takeaways from the AP report on how USAID cuts are imperiling Agent Orange cleanup']"
1002,19,1002_lula_brazil_6th_advisor,"['lula', 'brazil', '6th', 'advisor', 'ajit', 'cog', 'doval', 'earth', 'vital', 'rare']","['Ajit Doval holds 6th India - Brazil Strategic Dialogue with Lula top advisor , focus on defence , energy , rare earth', 'Ajit Doval holds 6th India - Brazil Strategic Dialogue with Lula top advisor , focus on defence , energy , rare earth', 'Ajit Doval holds 6th India - Brazil Strategic Dialogue with Lula top advisor , focus on defence , energy , rare earth']"
1003,19,1003_abbas_macron_weaponized_semitism,"['abbas', 'macron', 'weaponized', 'semitism', 'sisi', 'ofthestate', 'ofpalestine', 'really', 'strengthens', 'blockade']","['France Macron to meet Palestine President Abbas', 'France Macron to meet Palestine President Abbas', 'France Macron to Meet Palestinian President Abbas']"
1004,19,1004_retreat_presents_recalibrated_steady,"['retreat', 'presents', 'recalibrated', 'steady', 'community', 'outreach', 'opportunity', 'boosts', 'editorial', 'characteristics']","['Editorial | US retreat from foreign aid highlights China steady outreach', 'US rejects claims of Indo - Pacific retreat , says aid is being recalibrated to counter China', 'US rejects claims of Indo - Pacific retreat , says aid is being recalibrated to counter China']"
1005,19,1005_aerial_biggest_threatens_tremendous,"['aerial', 'biggest', 'threatens', 'tremendous', 'slaps', 'sanctions', 'machine', 'shut', 'ridiculous', 'massive']","['Trump threatens Russia with sanctions after biggest aerial attack on Ukraine', 'Trump threatens Russia with sanctions after biggest aerial attack on Ukraine', 'Trump threatens Russia with sanctions after biggest aerial attack on Ukraine']"
1006,19,1006_spain_hosts_pressure_halt,"['spain', 'hosts', 'pressure', 'halt', 'nations', 'arab', 'assault', 'european', 'madrid', 'halting']","['Spain hosts European , Arab nations to pressure Israel to halt Gaza assault', 'Spain hosts European , Arab nations to pressure Israel to halt Gaza assault', 'Spain hosts European , Arab nations to pressure Israel to halt Gaza assault']"
1007,19,1007_upheaval_departures_staff_assistance,"['upheaval', 'departures', 'staff', 'assistance', 'freeze', 'agency', 'during', 'foreign', 'is', 'aid']","['US aid agency is in upheaval during foreign assistance freeze and staff departures', 'US aid agency is in upheaval during foreign assistance freeze and staff departures', 'US aid agency is in upheaval during foreign assistance freeze and staff departures']"
1008,19,1008_diplomasi_letiim_trkiyenin_trafii,"['diplomasi', 'letiim', 'trkiyenin', 'trafii', 'diplomasisi', 'yardmlar', 'zmnde', 'ticari', 'treninde', 'paneli']","['Ticaret Bakanı Bolat , DEİK Ticari Diplomasi Ödülleri Töreninde konuştu : ', 'İletişim Başkanlığı  ndan  Türkiyenin Çatışmaların Barışçıl zümnde Yürttüğü İnsani Diplomasi ve Yardımları  paneli', 'İletişim Başkanlığı  ndan  Türkiyenin Çatışmaların Barışçıl zümnde Yürttüğü İnsani Diplomasi ve Yardımları  paneli']"
1009,19,1009_barrage_began_missile_largest,"['barrage', 'began', 'missile', 'largest', 'kyiv', 'launches', 'since', 'drone', 'war', 'russia']","['Russia launches largest missile and drone barrage on Kyiv since war in Ukraine began', 'Russia launches largest missile and drone barrage on Kyiv since war in Ukraine began', 'Russia launches largest missile and drone barrage on Kyiv since war in Ukraine began']"
1010,19,1010_hurricane_cuba_rafael_melissa,"['hurricane', 'cuba', 'rafael', 'melissa', 'ships', 'tonnes', '46', 'regime', 'sends', 'granma']","['Turkey Sends Humanitarian Aid to Eastern Cuba Hit by Hurricane Melissa', 'India hands over 20 tonnes of humanitarian aid to Cuba for Hurricane Melissa relief', 'India hands over 20 tonnes of humanitarian aid to Cuba for Hurricane Melissa relief']"
1011,19,1011_mali_malijet_terroriste_coopration,"['mali', 'malijet', 'terroriste', 'coopration', 'gagnant', 'diop', 'detat', 'diplomatiques', '65', 'ans']","['Malijet - 65 ans de coopération Mali - Allemagne : des chiffres clés pour laide et le développement', 'Malijet - Coopération stratégique : le Mali et la Russie célèbrent 65 ans de relations diplomatiques', 'Malijet - Coopération stratégique : le Mali et la Russie célèbrent 65 ans de relations diplomatiques']"
1012,19,1012_colombo_grand_accorded_square,"['colombo', 'grand', 'accorded', 'square', 'ceremonial', 'welcome', 'plaques', 'independence', 'bharat', 'sri']","['PM Modi accorded grand ceremonial welcome at Colombo Independence Square | India News', 'Modi Sri Lanka Visit : PM Accorded Grand Ceremonial Welcome At Colombo Independence Square WATCH | India News', 'Modi Sri Lanka Visit : PM Accorded Grand Ceremonial Welcome At Colombo Independence Square WATCH | India News']"
1013,19,1013_fact_irregular_look_focus,"['fact', 'irregular', 'look', 'focus', 'europe', 'about', 'claims', 'migration', 'crusade', 'waging']","['Fact focus : A look at Trump UN claims about irregular migration in Europe', 'Fact focus : A look at Trump UN claims about irregular migration in Europe', 'Fact focus : A look at Trump UN claims about irregular migration in Europe']"
1014,19,1014_appeals_rapid_cannot_expand,"['appeals', 'rapid', 'cannot', 'expand', 'deportations', 'unquestionably', 'unconstitutional', 'court', 'rules', 'judges']","['Trump administration cannot expand rapid deportations , US appeals court rules', 'Trump administration cannot expand rapid deportations , US appeals court rules', 'Trump administration cannot expand rapid deportations , US appeals court rules']"
1015,19,1015_citing_temporarily_concerns_deporting,"['citing', 'temporarily', 'concerns', 'deporting', 'halts', 'guatemalan', 'judge', 'legal', 'children', 'facilitate']","['Judge temporarily halts the U . S . from deporting Guatemalan children , citing legal concerns', 'Judge temporarily halts the U . S . from deporting Guatemalan children , citing legal concerns', 'Judge temporarily halts the U . S . from deporting Guatemalan children , citing legal concerns']"
1016,19,1016_opposing_action_slams_netanyahu,"['opposing', 'action', 'slams', 'netanyahu', 'canada', 'military', 'france', 'pm', 'israeli', 'kingdom']","['Israeli PM Netanyahu slams united kingdom , France , Canada for opposing Israel military action in Gaza', 'Israeli PM Netanyahu slams united kingdom , France , Canada for opposing Israel military action in Gaza', 'Israeli PM Netanyahu slams united kingdom , France , Canada for opposing Israel military action in Gaza']"
1017,19,1017_immediately_begin_call_following,"['immediately', 'begin', 'call', 'following', 'cites', 'complex', 'boston', 'weather', 'start', 'sports']","['Trump says Russia - Ukraine ceasefire talks will begin immediately following call with Putin', 'Trump Says Russia - Ukraine Ceasefire Talks will Begin Immediately Following Call with Putin', 'Trump says Russia - Ukraine ceasefire talks will begin immediately following call with Putin']"
1018,19,1018_extortion_suspects_returning_bombing,"['extortion', 'suspects', 'returning', 'bombing', 'seeking', '15', 'agency', 'refugee', 'status', 'fears']","['15 extortion suspects are seeking refugee status , Canada border agency says', '15 extortion suspects are seeking refugee status , Canada border agency says', '15 extortion suspects are seeking refugee status , Canada border agency says']"
1019,19,1019_saturday_crossed_data_govt,"['saturday', 'crossed', 'data', 'govt', 'nationality', 'eritreans', 'channel', 'common', 'than', '100']","['More than 1 , 100 migrants crossed Channel on Saturday : united kingdom govt data', 'More than 1 , 100 migrants crossed Channel on Saturday : united kingdom govt data', 'More than 1 , 100 migrants crossed Channel on Saturday : united kingdom govt data']"
1020,19,1020_pope_leo_xiv_patriarchs,"['pope', 'leo', 'xiv', 'patriarchs', 'francis', 'wars', 'brokering', 'appeals', 'mediators', 'barbarity']","['Pope Leo XIV urges an end to Ukraine , Gaza wars', 'Pope Leo XIV urges an end to Ukraine , Gaza wars', 'Pope Leo XIV urges an end to Ukraine , Gaza wars']"
1021,19,1021_musulmans_pays_catastrophique_partenaires,"['musulmans', 'pays', 'catastrophique', 'partenaires', 'mobilise', 'autour', 'dix', 'turquie', 'reste', 'dobtenir']","['La Turquie mobilise ses partenaires musulmans autour de Gaza', 'La Turquie mobilise ses partenaires musulmans autour de Gaza', 'La Turquie mobilise ses partenaires musulmans autour de Gaza']"
1022,19,1022_illegale_grenzbertritte_rekordtief_mexiko,"['illegale', 'grenzbertritte', 'rekordtief', 'mexiko', 'aumentano', 'drogkarteller', 'lngst', 'gehen', 'weit', 'hybrider']","['Trump : Illegale Grenzübertritte united states - Mexiko auf Rekordtief', 'Trump : Illegale Grenzübertritte united states - Mexiko auf Rekordtief', 'Trump : Illegale Grenzübertritte united states - Mexiko auf Rekordtief']"
1023,19,1023_unterzeichnet_nuklearabkommen_orbn_neues,"['unterzeichnet', 'nuklearabkommen', 'orbn', 'neues', 'viktor', 'mit', 'orban', 'specialavsnitt', 'unkarin', 'dancing']","['Trump unterzeichnet neues Nuklearabkommen mit Orbán', 'Trump unterzeichnet neues Nuklearabkommen mit Orbán', 'Trump unterzeichnet neues Nuklearabkommen mit Orbán']"
1024,19,1024_disarm_rebuild_pushes_capture,"['disarm', 'rebuild', 'pushes', 'capture', 'cabinet', 'libya', 'planning', 'relocating', 'bangkok', 'approves']","['US pushes plan to disarm Hamas and rebuild Gaza', 'US Pushes Plan To Disarm Hamas And Rebuild Gaza', 'US Pushes Plan To Disarm Hamas And Rebuild Gaza']"
1025,19,1025_surrounded_dynamics_participated_zapad,"['surrounded', 'dynamics', 'participated', 'zapad', 'nexus', 'turkey', 'participation', 'maldives', 'explains', 'also']","['Pakistan , Nepal , Bangladesh , Maldives , and Myanmar : How Turkey has surrounded India to change regional dynamics', 'Pakistan , Nepal , Bangladesh , Maldives , and Myanmar : How Turkey has surrounded India to change regional dynamics', 'Pakistan , Nepal , Bangladesh , Maldives , and Myanmar : How Turkey has surrounded India to change regional dynamics']"
1026,19,1026_djoue_attaque_carte_runions,"['djoue', 'attaque', 'carte', 'runions', 'existentiel', 'cruciales', 'direct', 'drones', 'massive', '3morts']","['CARTE . Guerre en Ukraine : conflit  existentiel  , attaque de drones déjouée … Le point du', 'CARTE . Guerre en Ukraine : conflit  existentiel  , attaque de drones déjouée … Le point du', 'CARTE . Guerre en Ukraine : conflit  existentiel  , attaque de drones déjouée … Le point du']"
1027,19,1027_mistreated_jacinta_manner_engaging,"['mistreated', 'jacinta', 'manner', 'engaging', 'jaishankar', 'apologise', 'harjit', 'kaur', 'rajya', 'price']","['  Engaging US govt to ensure ... not mistreated in any manner : Jaishankar on deportation of Indian citizens from US', '  Engaging US govt to ensure ... not mistreated in any manner : Jaishankar on deportation of Indian citizens from US', '  Engaging US govt to ensure ... not mistreated in any manner : Jaishankar on deportation of Indian citizens from US']"
1028,19,1028_peacekeepers_bangladeshi_base_condemns,"['peacekeepers', 'bangladeshi', 'base', 'condemns', 'six', 'drone', 'killing', 'bangladesh', 'that', 'peacekeeping']","['Türkiye condemns drone attack on UN base in Sudan that killed 6 Bangladeshi peacekeepers', 'Türkiye condemns drone attack on UN base in Sudan that killed 6 Bangladeshi peacekeepers', 'Türkiye condemns drone attack on UN base in Sudan that killed 6 Bangladeshi peacekeepers']"
1029,19,1029_chile_populismo_producto_binacional,"['chile', 'populismo', 'producto', 'binacional', 'comit', 'inseguridad', 'electoral', 'chilena', 'tratarn', 'per']","['Frontera Chile - Perú : Nueva crisis migratoria producto del populismo electoral', 'Frontera Chile - Perú : Nueva crisis migratoria producto del populismo electoral', 'Frontera Chile - Perú : Nueva crisis migratoria producto del populismo electoral']"
1030,19,1030_opening_stage_give_freeze,"['opening', 'stage', 'give', 'freeze', 'an', 'could', 'foreign', 'world', 'slowly', 'china']","['Trump freeze on foreign aid could give China an opening on the world stage', 'Trump freeze on foreign aid could give China an opening on the world stage', 'Trump freeze on foreign aid could give China an opening on the world stage']"
1031,19,1031_ethnic_escalating_violence_communal,"['ethnic', 'escalating', 'violence', 'communal', 'unimaginable', 'deepening', 'voices', 'motivated', 'propels', 'ethnically']","['UN warns of deepening ethnic violence in Sudan', 'UN warns of deepening ethnic violence in Sudan', 'UN warns of deepening ethnic violence in Sudan']"
1032,19,1032_controlling_forcibly_displace_fear,"['controlling', 'forcibly', 'displace', 'fear', 'proposal', 'groups', 'allowance', 'people', 'matter', 'will']","['Groups fear Israeli proposal for controlling aid in Gaza will forcibly displace people', 'Groups fear Israeli proposal for controlling aid in Gaza will forcibly displace people', 'Groups fear Israeli proposal for controlling aid in Gaza will forcibly displace people']"
1033,19,1033_exodus_trinidad_grandparent_heartbreak,"['exodus', 'trinidad', 'grandparent', 'heartbreak', 'triggers', 'haitians', 'fear', 'scared', 'haitian', 'tobago']","['Fear of deportation triggers Venezuelan exodus from Trinidad and Tobago', 'Fear of deportation triggers Venezuelan exodus from Trinidad and Tobago', 'Fear of deportation triggers Venezuelan exodus from Trinidad and Tobago']"
1034,19,1034_dou_puteri_nucleares_borde,"['dou', 'puteri', 'nucleares', 'borde', 'colocan', 'nucleare', 'cele', 'puissances', 'dintre', 'potencias']","['Istoric al conflictului dintre India și Pakistan . De ce se luptă cele două puteri nucleare', 'Conflictul dintre India și Pakistan se agravează : Cele două puteri nucleare au avut cea mai violentă confruntare militară din ultimele două decenii', 'Conflictul dintre India și Pakistan se agravează : Cele două puteri nucleare au avut cea mai violentă confruntare militară din ultimele două decenii']"
1035,19,1035_alls_reportage_sommes_ukrainiens,"['alls', 'reportage', 'sommes', 'ukrainiens', 'rencontre', 'nous', 'ans', 'trois', 'violences', 'estim']","['Reportage . Après trois ans de guerre , nous sommes allés à la rencontre des Ukrainiens', 'Reportage . Après trois ans de guerre , nous sommes allés à la rencontre des Ukrainiens', 'Reportage . Après trois ans de guerre , nous sommes allés à la rencontre des Ukrainiens']"
1036,19,1036_pope_denounces_honour_vatican,"['pope', 'denounces', 'honour', 'vatican', 'church', 'renews', 'diplomat', 'call', 'immediate', '63']","['End conflict to honour Pope , Vatican diplomat tells South Sudan', 'End conflict to honour Pope , Vatican diplomat tells South Sudan', 'End conflict to honour Pope , Vatican diplomat tells South Sudan']"
1037,19,1037_congo_rpublique_dmocratique_kinshasa,"['congo', 'rpublique', 'dmocratique', 'kinshasa', 'bukavu', 'namibie', 'ruanda', 'bilatrales', 'ae', 'rendra']","['Conflicto en la República Democrática del Congo : Rebeldes respaldados por Ruanda invaden Bukavu , ciudad clave en el este del país', 'Le ministre chinois des AE se rendra en Namibie , en République du Congo , au Tchad et au Nigeria - Xinhua', 'Le ministre chinois des AE se rendra en Namibie , en République du Congo , au Tchad et au Nigeria']"
1038,19,1038_asean_vietnam_vietnamplus_driving,"['asean', 'vietnam', 'vietnamplus', 'driving', 'orchestral', 'performance', 'vc', 'zealand', 'lao', 'khu']","['Vietnam - a driving force in ASEAN progress : Lao FM | Vietnam+ ( VietnamPlus ) ', 'Vietnam - a driving force in ASEAN progress : Lao FM | Vietnam+ ( VietnamPlus ) ', 'Vietnam - a driving force in ASEAN progress : Lao FM | Vietnam+ ( VietnamPlus ) ']"
1039,18,1039_constructive_easy_zelenskiy_but,"['constructive', 'easy', 'zelenskiy', 'but', 'not', 'talks', 'peace', 'says', 'with', 'zelensky']","['Zelenskiy says Ukraine peace talks with US constructive but not easy', 'Zelenskiy says Ukraine peace talks with US constructive but not easy', 'Zelenskiy says Ukraine peace talks with US constructive but not easy']"
1040,18,1040_cancellations_visited_fraudulent_singled,"['cancellations', 'visited', 'fraudulent', 'singled', 'experts', 'cancellation', 'visa', 'fraud', 'confronts', 'ottawa']","['Canada considers mass visa cancellations amid rise in fraudulent applications from India , Bangladesh', 'Canada considers mass visa cancellations amid rise in fraudulent applications from India , Bangladesh', 'Canada considers mass visa cancellations amid rise in fraudulent applications from India , Bangladesh']"
1041,18,1041_ambiguous_incursion_initial_airspace,"['ambiguous', 'incursion', 'initial', 'airspace', 'offers', 'poland', 'response', 'drone', 'into', 'russian']","['Trump offers ambiguous initial response to Russian drone incursion into Poland airspace', 'Trump offers ambiguous initial response to Russian drone incursion into Poland airspace', 'Trump offers ambiguous initial response to Russian drone incursion into Poland airspace']"
1042,18,1042_hatiens_panique_clandestinit_chez,"['hatiens', 'panique', 'clandestinit', 'chez', 'gangs', 'soir', 'ou', 'unis', 'montrgie', 'groupe']","['La clandestinité , le Canada ou les gangs ? « Panique » chez les migrants haïtiens aux États - Unis', 'La clandestinité , le Canada ou les gangs ?  Panique  chez les migrants haïtiens aux Etats - Unis', 'La clandestinité , le Canada ou les gangs ?  Panique  chez les migrants haïtiens aux Etats - Unis']"
1043,18,1043_plot_assassinate_allege_ambassador,"['plot', 'assassinate', 'allege', 'ambassador', 'plotting', 'lie', 'accuse', 'executes', 'spying', 'mexico']","['Iran rejects  big lie  after US , Israel allege plot to assassinate envoy in Mexico – Firstpost', 'Iran rejects  big lie  after US , Israel allege plot to assassinate envoy in Mexico – Firstpost', 'Iran rejects  big lie  after US , Israel allege plot to assassinate envoy in Mexico – Firstpost']"
1044,18,1044_favours_used_engaged_tariffs,"['favours', 'used', 'engaged', 'tariffs', 'cambodia', 'must', 'talk', 'force', 'tariff', 'thailand']","['Thailand says tariffs must not be used to force peace with Cambodia', 'Thailand says tariffs must not be used to force peace with Cambodia', 'Thailand says tariffs must not be used to force peace with Cambodia']"
1045,18,1045_efta_switzerland_investment_goyal,"['efta', 'switzerland', 'investment', 'goyal', 'swiss', 'tepa', 'investments', 'opportunities', 'jobs', 'piyush']","['India - EFTA  Trade and Economic Partnership Agreement  brings capital , technology and jobs for India : Piyush Goyal', 'Goyal begins visit to Switzerland and Sweden to deepen trade ties , focus on India - EFTA pact', 'Goyal begins visit to Switzerland and Sweden to deepen trade ties , focus on India - EFTA pact']"
1046,18,1046_considers_flow_arms_proposal,"['considers', 'flow', 'arms', 'proposal', 'again', 'kremlin', 'ceasefire', 'as', 'us', 'ukraine']","['US arms flow to Ukraine again as Kremlin considers ceasefire proposal', 'US arms flow to Ukraine again as Kremlin considers ceasefire proposal', 'US arms flow to Ukraine again as Kremlin considers ceasefire proposal']"
1047,18,1047_kursk_chin_phn_ngy,"['kursk', 'chin', 'phn', 'ngy', '048', 'lt', '049', 'thuc', 'sverdlikovo', 'kurakhove']","['Chiến sự Ukraine 23 / 2 : Nga phản đòn ở Kursk , Kiev thừa nhận thất bại', 'Chiến sự Ukraine 20 / 2 : Nga phản đòn ở Kursk , ào ạt vượt biên giới', 'Chiến sự Ukraine 20 / 2 : Nga phản đòn ở Kursk , ào ạt vượt biên giới']"
1048,18,1048_hotel_hotels_protests_epping,"['hotel', 'hotels', 'protests', 'epping', 'spread', 'close', 'councils', 'protester', 'protes', 'furiou']","['UK asylum hotel protests spread to multiple cities', 'UK asylum hotel protests spread to multiple cities', 'Asylum hotel protests LIVE : Police brace as anti - migrant crowds target 26 asylum hotels | united kingdom | News']"
1049,18,1049_abuk_atmann_ermesini_arasndaki,"['abuk', 'atmann', 'ermesini', 'arasndaki', 'sona', 'ok', 'hindistan', 'syledi', 'umduunu', 'umuyorum']","['Trump , Hindistan ve Pakistan arasındaki çatışmanın  çok çabuk sona ermesini umduğunu  söyledi', 'Trump , Hindistan ve Pakistan arasındaki çatışmanın  çok çabuk sona ermesini umduğunu  söyledi', 'Trump , Hindistan ve Pakistan arasındaki çatışmanın  çok çabuk sona ermesini umduğunu  söyledi']"
1050,18,1050_critical_theme_minerals_emerge,"['critical', 'theme', 'minerals', 'emerge', 'chile', 'diversify', 'engagement', 'peru', 'chains', 'tense']","['US and Ukraine sign critical minerals deal', 'US and Ukraine sign critical minerals deal', 'US and Ukraine sign critical minerals deal']"
1051,18,1051_confiscate_bookstore_books_raid,"['confiscate', 'bookstore', 'books', 'raid', 'police', 'jerusalem', 'about', 'east', 'palestinian', 'conflict']","['Israeli police raid Palestinian bookstore in east Jerusalem and confiscate books about the conflict', 'Israeli police raid Palestinian bookstore in east Jerusalem and confiscate books about the conflict', 'Israeli police raid Palestinian bookstore in east Jerusalem and confiscate books about the conflict']"
1052,18,1052_answered_red_icrc_medical,"['answered', 'red', 'icrc', 'medical', 'memoranda', 'cross', 'questions', 'norway', 'participates', 'committee']","['Russia – Ukraine international armed conflict : Your questions answered about the ICRC work | International Committee of the Red Cross', 'Russia – Ukraine international armed conflict : Your questions answered about the ICRC work | International Committee of the Red Cross', 'Russia – Ukraine international armed conflict : Your questions answered about the ICRC work | International Committee of the Red Cross']"
1053,18,1053_arabien_gastgeber_bereit_friedensverhandlungen,"['arabien', 'gastgeber', 'bereit', 'friedensverhandlungen', 'wni', 'als', '152', 'dari', 'dideportasi', 'kemenlu']","['Saudi - Arabien als Gastgeber für Ukraine - Friedensverhandlungen bereit', 'Saudi - Arabien als Gastgeber für Ukraine - Friedensverhandlungen bereit', 'Saudi - Arabien als Gastgeber für Ukraine - Friedensverhandlungen bereit']"
1054,18,1054_guerrilleros_inici_ofensivas_operaciones,"['guerrilleros', 'inici', 'ofensivas', 'operaciones', 'guerrillero', 'militar', 'inicia', 'reuna', 'ofensiva', 'sol']","['Colombia inició ofensiva militar contra guerrilleros en frontera con Venezuela', 'Colombia inició ofensiva militar contra guerrilleros en frontera con Venezuela', 'Colombia inició ofensiva militar contra guerrilleros en frontera con Venezuela']"
1055,18,1055_70_hospital_darfur_region,"['70', 'hospital', 'darfur', 'region', 'nbc', 'people', 'some', 'around', 'killed', 'unas']","['Some 70 people killed in attack on hospital in Sudan Darfur region', 'Some 70 people killed in attack on hospital in Sudan Darfur region', 'Some 70 people killed in attack on hospital in Sudan Darfur region']"
1056,18,1056_profound_lay_rifts_bare,"['profound', 'lay', 'rifts', 'bare', 'letters', 'protest', 'ex', 'soldiers', 'israeli', 'over']","['Protest letters from ex - Israeli soldiers lay bare profound rifts over Gaza war', 'Protest letters from ex - Israeli soldiers lay bare profound rifts over Gaza war', 'Protest letters from ex - Israeli soldiers lay bare profound rifts over Gaza war']"
1057,18,1057_prabowo_dhankhar_subianto_indonesian,"['prabowo', 'dhankhar', 'subianto', 'indonesian', 'indonesia', 'collaborations', 'bakrie', 'jagdeep', 'anindya', 'independence']","['  India was among the first to support our independence : Indonesian President Prabowo Subianto', '  India was among the first to support our independence : Indonesian President Prabowo Subianto', '  India was among the first to support our independence : Indonesian President Prabowo Subianto']"
1058,18,1058_alista_nicaragenses_milln_hnews,"['alista', 'nicaragenses', 'milln', 'hnews', 'masiva', 'cubanos', 'parole', 'haitianos', 'medio', 'sin']","['Estados Unidos alista deportación masiva : más de medio millón de cubanos , venezolanos , nicaragüenses y haitianos sin  parole  | hnews | Mundo', 'Estados Unidos alista deportación masiva : más de medio millón de cubanos , venezolanos , nicaragüenses y haitianos sin  parole  | hnews | Mundo', 'Estados Unidos alista deportación masiva : más de medio millón de cubanos , venezolanos , nicaragüenses y haitianos sin  parole  | hnews | Mundo']"
1059,18,1059_decisions_halts_sparks_guard,"['decisions', 'halts', 'sparks', 'guard', 'troop', 'shooting', 'national', 'wake', 'all', 'validity']","['US halts all asylum decisions after shooting of National Guard members', 'US halts all asylum claim decisions after National Guard shooting', 'US halts all asylum claim decisions after National Guard shooting']"
1060,18,1060_best_way_tighter_control,"['best', 'way', 'tighter', 'control', 'escalate', 'gives', 'plan', 'end', 'proposes', 'pm']","['Israel PM says new plan for Gaza  best way to end the war  ', 'Israel PM says new plan for Gaza  best way to end the war  ', 'Israel PM says new plan for Gaza  best way to end the war  ']"
1061,18,1061_trkiye_symbols_conscience_botswana,"['trkiye', 'symbols', 'conscience', 'botswana', 'emerges', 'diplomacy', 'coop', 'erdogan', 'mediator', 'turmoil']","['Today . Az - Türkiye emerges as global mediator under Erdo ? an assertive diplomacy', 'Turkish President Erdogan urges Türkiye and Japan to be world united conscience amid global turmoil', 'Turkish President Erdogan urges Türkiye and Japan to be world united conscience amid global turmoil']"
1062,18,1062_creates_zone_along_usmca,"['creates', 'zone', 'along', 'usmca', 'shoring', 'mexico', 'deter', 'military', 'shaky', 'militarized']","['US military creates new military zone along border with Mexico', 'US military creates new military zone along border with Mexico', 'US military creates new military zone along border with Mexico']"
1063,18,1063_ww3_suggests_facing_readiness,"['ww3', 'suggests', 'facing', 'readiness', 'boosts', 'generational', 'ukiah', 'quantico', 'dutues', 'trumped']","['  Facing Serious Threat : PM Starmer Says united kingdom Moving To War - Fighting Readiness', '  Facing Serious Threat : PM Starmer Says united kingdom Moving To War - Fighting Readiness', 'Quantico trainee US Marines arent ready for Trumped up domestic dutues']"
1064,18,1064_highlight_vance_crackdown_mexico,"['highlight', 'vance', 'crackdown', 'mexico', 'visit', 'immigration', 'will', 'border', 'the', 'us']","['Vance will visit the US - Mexico border to highlight immigration crackdown', 'Vance will visit the US - Mexico border to highlight immigration crackdown', 'Vance will visit the US - Mexico border to highlight immigration crackdown']"
1065,18,1065_unanimous_proposed_allies_macron,"['unanimous', 'proposed', 'allies', 'macron', 'deployment', 'european', 'force', 'armed', 'not', 'decided']","['Ukraine European allies not unanimous on armed force deployment – Macron', 'Ukraine European allies not unanimous on armed force deployment – Macron', 'Ukraine European allies not unanimous on armed force deployment – Macron']"
1066,18,1066_blesss_kharkiv_nouvelles_frappes,"['blesss', 'kharkiv', 'nouvelles', 'frappes', 'deux', 'morts', 'russes', 'signer', 'britannique', '60blesss']","['Ukraine : deux morts et 60 blessés dans de nouvelles frappes russes sur Kharkiv', 'Guerre en Ukraine : deux morts et 60 blessés dans de nouvelles frappes russes sur Kharkiv', 'Guerre en Ukraine : deux morts et 60 blessés dans de nouvelles frappes russes sur Kharkiv']"
1067,18,1067_travels_momentum_emir_weekend,"['travels', 'momentum', 'emir', 'weekend', 'omniyat', 'victorious', 'lands', 'season', 'grows', 'cycling']","['Zelenskyy travels to UAE as momentum grows for talks to end Russia war in Ukraine', 'Zelenskyy travels to UAE as momentum grows for Ukraine war peace talks', 'Zelenskyy travels to UAE as momentum grows for Ukraine war peace talks']"
1068,18,1068_cek_negaranya_mengarak_tawanan,"['cek', 'negaranya', 'mengarak', 'tawanan', 'pendukung', 'respons', 'pasukan', 'jadi', 'warga', 'ini']","['Ukraina Mengarak 2 Tawanan Perang China Pendukung Rusia , Ini Respons Beijing', 'Ukraina Mengarak 2 Tawanan Perang China Pendukung Rusia , Ini Respons Beijing', 'Ukraina Mengarak 2 Tawanan Perang China Pendukung Rusia , Ini Respons Beijing']"
1069,18,1069_reso_mdt_philippines_chinas,"['reso', 'mdt', 'philippines', 'chinas', 'proof', 'aggression', 'senate', 'trilateral', 'theus', 'counter']","['US Senate reso reaffirms MDT with the Philippines , condemns Chinaâ€™s aggression', 'US Senate reso reaffirms MDT with the Philippines , condemns Chinaâ€™s aggression', 'US Senate reso reaffirms MDT with the Philippines , condemns Chinaâ€™s aggression']"
1070,18,1070_cambodian_dispute_thai_hostilities,"['cambodian', 'dispute', 'thai', 'hostilities', 'malaysia', 'deadly', 'leaders', 'meet', 'underway', 'end']","['Thai and Cambodian leaders to meet in Malaysia for talks to end deadly border dispute', 'Thai and Cambodian leaders to meet in Malaysia for talks to end deadly border dispute', 'Thai and Cambodian leaders to meet in Malaysia for talks to end deadly border dispute']"
1071,18,1071_oenegs_drama_levante_exigen,"['oenegs', 'drama', 'levante', 'exigen', 'ellos', 'restricciones', 'humanitario', 'ante', 'pases', 'espaa']","['GAZA | Más de 20 países , entre ellos España , exigen a Israel que levante las restricciones a las oenegés ante el drama humanitario en Gaza', 'GAZA | Más de 20 países , entre ellos España , exigen a Israel que levante las restricciones a las oenegés ante el drama humanitario en Gaza', 'GAZA | Más de 20 países , entre ellos España , exigen a Israel que levante las restricciones a las oenegés ante el drama humanitario en Gaza']"
1072,18,1072_deliveries_source_looms_announcement,"['deliveries', 'source', 'looms', 'announcement', 'resume', 'coming', 'famine', 'sources', 'possible', 'localnews8']","['Israel , US in talks to resume aid deliveries to Gaza as famine looms , source says', 'Israel , US in talks to resume aid deliveries to Gaza as famine looms , source says', 'Israel , US in talks to resume aid deliveries to Gaza as famine looms , source says']"
1073,18,1073_heads_while_seeking_crossing,"['heads', 'while', 'seeking', 'crossing', 'envoy', 'dozens', 'special', 'killed', 'families', '18']","['Dozens killed while seeking aid at Gaza crossing as US envoy heads to Israel for talks', 'Dozens killed while seeking aid at Gaza crossing as US envoy heads to Israel for talks', 'Dozens killed while seeking aid at Gaza crossing as US envoy heads to Israel for talks']"
1074,18,1074_dclenche_dpt_ptrolier_incendie,"['dclenche', 'dpt', 'ptrolier', 'incendie', 'ukrainiens', 'russe', 'attaque', 'dans', 'drones', 'aroport']","['Guerre en Ukraine . Une attaque de drones ukrainiens déclenche un incendie dans un dépôt pétrolier russe', 'Guerre en Ukraine . Une attaque de drones ukrainiens déclenche un incendie dans un dépôt pétrolier russe', 'Guerre en Ukraine . Une attaque de drones ukrainiens déclenche un incendie dans un dépôt pétrolier russe']"
1075,18,1075_bangladesh_suspends_switzerland_90,"['bangladesh', 'suspends', 'switzerland', '90', 'refusal', 'aids', 'eritrea', 'swiss', 'dilemma', 'activities']","['USAID suspends all assistance in Bangladesh after freeze on foreign aid as Trump orders review', 'US Suspends Funding To Bangladesh After Trump Orders 90 - Day Freeze On All Foreign Aid', 'US Suspends Funding To Bangladesh After Trump Orders 90 - Day Freeze On All Foreign Aid']"
1076,18,1076_apec_concert_pop_stakes,"['apec', 'concert', 'pop', 'stakes', 'fuels', 'leads', 'cautious', 'tank', 'innovation', 'faces']","['South Korea president faces high - stakes diplomacy at APEC summit', 'South Korea president faces high - stakes diplomacy at APEC summit', 'South Korea president faces high - stakes diplomacy at APEC summit']"
1077,18,1077_marks_anniversary_held_october,"['marks', 'anniversary', 'held', 'october', 'sarasota', 'interfaith', 'concordia', 'anniversarythe', 'oct', 'event']","['Israel marks October 7 anniversary as talks held to end Gaza war', 'Israel marks October 7 anniversary as talks held to end Gaza war', 'Israel Marks October 7 Anniversary As Talks Held To End Gaza War']"
1078,18,1078_risked_mediation_renews_broader,"['risked', 'mediation', 'renews', 'broader', 'offer', 'clash', 'focus', 'kashmir', 'infonews', 'after']","['Trump mediation offer renews focus on Kashmir after India - Pakistan clash risked broader war', 'Trump mediation offer renews focus on Kashmir after India - Pakistan clash risked broader war', 'Trump mediation offer renews focus on Kashmir after India - Pakistan clash risked broader war']"
1079,18,1079_tenuous_ease_quick_help,"['tenuous', 'ease', 'quick', 'help', 'offers', 'isnt', 'settle', 'escalating', 'secure', 'leading']","['Tenuous India - Pakistan truce holds amid Trump offer for more help', 'Trump offers help to ease India - Pakistan tensions , urges peace', 'Trump offers help to ease India - Pakistan tensions , urges peace']"
1080,18,1080_presses_help_meet_zelenskyy,"['presses', 'help', 'meet', 'zelenskyy', 'at', 'un', 'as', 'for', 'trump', 'us']","['Trump , Zelenskyy meet at UN as Ukraine presses for US help', 'Trump , Zelenskyy meet at UN as Ukraine presses for US help', 'Trump , Zelenskyy meet at UN as Ukraine presses for US help']"
1081,18,1081_ceasfire_team_monitor_ministry,"['ceasfire', 'team', 'monitor', 'ministry', 'kokang', 'formal', 'armed', 'reached', 'myanmar', 'group']","['China sends team to Myanmar to monitor ceasefire , foreign ministry says', 'China sends team to Myanmar to monitor ceasefire , foreign ministry says', 'China sends team to Myanmar to monitor ceasefire , foreign ministry says']"
1082,18,1082_recruiting_slaps_colombian_network,"['recruiting', 'slaps', 'colombian', 'network', 'fighters', 'citizens', 'sanctions', '10', 'donald', 'fighting']","['US slaps sanctions on Colombian network fighting in Sudan', 'US slaps sanctions on Colombian network fighting in Sudan', 'US slaps sanctions on Colombian network fighting in Sudan']"
1083,18,1083_readying_reaction_deploy_pentagon,"['readying', 'reaction', 'deploy', 'pentagon', 'widens', 'duty', 'active', 'warships', 'southern', 'spy']","['Pentagon readying thousands of Guard  reaction force as U . S . mission widens', 'Pentagon readying thousands of Guard  reaction force as US mission widens', 'Pentagon readying thousands of Guard  reaction force as US mission widens']"
1084,18,1084_accept_mexican_agreed_refuses,"['accept', 'mexican', 'agreed', 'refuses', 'non', 'mexico', 'clinic', 'rehab', 'seekers', 'whiplash']","['Mexico has not agreed to accept non - Mexican US asylum seekers , says president', 'Mexico has not agreed to accept non - Mexican US asylum seekers , says president', 'Mexico has not agreed to accept non - Mexican US asylum seekers , says president']"
1085,18,1085_measures_extends_protecting_temporary,"['measures', 'extends', 'protecting', 'temporary', 'guatemalan', 'judge', 'children', 'deportation', 'ktbb', 'from']","['Judge extends temporary measures protecting Guatemalan children from deportation', 'Judge extends temporary measures protecting Guatemalan children from deportation', 'Judge extends temporary measures protecting Guatemalan children from deportation']"
1086,18,1086_bhutan_nepal_connectivity_freight,"['bhutan', 'nepal', 'connectivity', 'freight', 'looming', 'mongolia', 'presence', 'ink', 'transit', 'ten']","['India , Bhutan hold talks on trade , connectivity and people - to - people ties', 'India And Nepal Expand Rail Freight Connectivity Under Revised Treaty Of Transit Framework', 'India And Nepal Expand Rail Freight Connectivity Under Revised Treaty Of Transit Framework']"
1087,18,1087_aggressionen_schlssen_falschen_putins,"['aggressionen', 'schlssen', 'falschen', 'putins', 'warnt', 'gegen', 'experte', 'europa', 'vor', 'aus']","['Putins Aggressionen gegen Europa : Experte warnt vor falschen Schlüssen aus Ukraine - Krieg', 'Putins Aggressionen gegen Europa : Experte warnt vor falschen Schlüssen aus Ukraine - Krieg', 'Putins Aggressionen gegen Europa : Experte warnt vor falschen Schlüssen aus Ukraine - Krieg']"
1088,18,1088_griechenland_gefngnis_verschrft_abgelehnten,"['griechenland', 'gefngnis', 'verschrft', 'abgelehnten', 'bewerbern', 'abgelehnte', 'droht', 'asylpolitik', 'fufesseln', 'essen']","['Griechenland verschärft Asylpolitik : Abgelehnten Bewerbern droht Gefängnis', 'Griechenland verschärft Asylpolitik : Abgelehnten Bewerbern droht Gefängnis', 'Griechenland verschärft Asylpolitik : Abgelehnten Bewerbern droht Gefängnis']"
1089,18,1089_kriegsbeginn_grter_seit_drohnenangriff,"['kriegsbeginn', 'grter', 'seit', 'drohnenangriff', 'medien', 'auf', 'kiew', 'geplant', 'kriegs', 'ende']","['Medien : Grter Drohnenangriff auf Ukraine seit Kriegsbeginn', 'Medien : Grter Drohnenangriff auf Ukraine seit Kriegsbeginn', 'Medien : Grter Drohnenangriff auf Ukraine seit Kriegsbeginn']"
1090,18,1090_syrie_campagne_gnocidaire_pouvoir,"['syrie', 'campagne', 'gnocidaire', 'pouvoir', 'druzes', 'influent', 'violences', 'sen', 'prend', 'chef']","['Syrie : un influent chef druze sen prend au pouvoir , dénonce des  massacres  ', 'Syrie : un influent chef druze sen prend au pouvoir et dénonce des « massacres » ', 'En Syrie , un influent chef druze sen prend au pouvoir et dnonce une  campagne génocidaire  contre sa communaut']"
1091,18,1091_drug_boat_obliteration_liable,"['drug', 'boat', 'obliteration', 'liable', 'smuggling', 'clear', 'memo', 'violation', 'caribbean', 'board']","['US says two dead in strike on alleged drug - smuggling boat in Pacific', 'US obliteration of Caribbean boat was a clear violation of international  right to life  laws – no matter who was on board - 08 - Sep - 2025', 'US obliteration of Caribbean boat was a clear violation of international  right to life  laws – no matter who was on board']"
1092,18,1092_wadephul_frieden_verhandlungen_guerres,"['wadephul', 'frieden', 'verhandlungen', 'guerres', 'neue', 'hofft', 'combien', 'durent', 'dbloquer', 'moyenne']","['Ukraine - Krieg : Wadephul hofft nach Gaza - Frieden auf neue Verhandlungen', 'Ukraine - Krieg : Wadephul hofft nach Gaza - Frieden auf neue Verhandlungen', 'Ukraine - Krieg : Wadephul hofft nach Gaza - Frieden auf neue Verhandlungen']"
1093,18,1093_tats_souhaitent_ternelle_rappeler,"['tats', 'souhaitent', 'ternelle', 'rappeler', 'lamiti', 'vient', 'unis', 'quitable', 'mexique', 'liens']","['Le Canada et le Mexique renforcent leurs liens et souhaitent un accord « plus équitable » avec les États - Unis', 'Le Canada et le Mexique renforcent leurs liens et souhaitent un accord « plus équitable » avec les États - Unis', 'Le Canada et le Mexique renforcent leurs liens et souhaitent un accord « plus équitable » avec les États - Unis']"
1094,18,1094_partially_bombing_accepts_orders,"['partially', 'bombing', 'accepts', 'orders', 'stop', 'tools', 'dismantle', 'advisor', 'implement', 'plan']","['Trump orders Israel to stop bombing Gaza as Hamas partially accepts peace plan', 'Trump orders Israel to stop bombing Gaza as Hamas partially accepts peace plan', 'Trump orders Israel to stop bombing Gaza as Hamas partially accepts peace plan']"
1095,18,1095_mhoni_vidente_predice_armado,"['mhoni', 'vidente', 'predice', 'armado', 'difciles', 'tiempos', 'pleno', 'delegacin', 'conflicto', 'latina']","['Conflicto armado en Colombia : Mhoni Vidente predice tiempos difíciles para America Latina', 'Conflicto armado en Colombia : Mhoni Vidente predice tiempos difíciles para America Latina', 'Conflicto armado en Colombia : Mhoni Vidente predice tiempos difíciles para America Latina']"
1096,18,1096_4m_donate_additional_scrutinized,"['4m', 'donate', 'additional', 'scrutinized', 'allows', 'document', 'pledges', 'allegedly', '5m', 'fund']","['UK to donate additional $11 . 4m for Gaza if Israel allows  flood  of aid to enter', 'UK to donate additional $11 . 4m for Gaza if Israel allows  flood  of aid to enter', 'UK to donate additional $11 . 4m for Gaza if Israel allows  flood  of aid to enter']"
1097,18,1097_jf_africans_downed_recruited,"['jf', 'africans', 'downed', 'recruited', '400', 'jets', 'andrii', '17pakistani', 'five', 'sybiha']","['India downed five F - 16 , JF - 17 Pakistani jets in May conflict , says Indian air force chief', 'India downed five F - 16 , JF - 17 Pakistani jets in May conflict , says Indian air force chief', 'India downed five F - 16 , JF - 17\xa0Pakistani jets in May conflict , says Indian air force chief']"
1098,18,1098_unama_flags_forced_violations,"['unama', 'flags', 'forced', 'violations', 'human', 'afghan', 'rights', 'nations', 'nationals', 'send']","['UNAMA flags human rights violations in forced Afghan returns : Report', 'UNAMA flags human rights violations in forced Afghan returns : Report', 'UNAMA flags human rights violations in forced Afghan returns : Report']"
1099,18,1099_climate_battery_catl_saic,"['climate', 'battery', 'catl', 'saic', 'challenging', 'overseas', 'shape', 'landscape', 'engage', 'opportunities']","['Energy and climate cooperation still key for China - EU ties', 'China SAIC to deepen cooperation with CATL on battery , overseas expansion', 'China SAIC to deepen cooperation with CATL on battery , overseas expansion']"
1100,18,1100_leln_ngociations_colombie_paix,"['leln', 'ngociations', 'colombie', 'paix', 'journe', 'difficiles', 'ryad', 'suspend', 'amricano', 'mdias24']","['Colombie . Le président suspend les négociations de paix avec lELN', 'Colombie . Le président suspend les négociations de paix avec lELN', 'Colombie . Le président suspend les négociations de paix avec lELN']"
1101,18,1101_jp_murashko_nadda_mikhail,"['jp', 'murashko', 'nadda', 'mikhail', 'collaboration', 'health', 'patrushev', 'stronger', 'preparations', 'meets']","['JP Nadda meets Russian Health Minister Mikhail Murashko , calls for stronger India - Russia health collaboration', 'JP Nadda meets Russian Health Minister Mikhail Murashko , calls for stronger India - Russia health collaboration', 'JP Nadda meets Russian Health Minister Mikhail Murashko , calls for stronger India - Russia health collaboration']"
1102,18,1102_sharing_intelligence_winner_punish,"['sharing', 'intelligence', 'winner', 'punish', 'accept', 'unlocking', 'prize', 'decided', 'nobel', 'proposal']","['Ukraine ready to accept ceasefire proposal , US to resume intelligence sharing', 'Ukraine ready to accept ceasefire proposal ; U . S . to resume military aid , intelligence sharing', 'Ukraine ready to accept ceasefire proposal ; U . S . to resume military aid , intelligence sharing']"
1103,18,1103_mossad_director_netanyahu_qatar,"['mossad', 'director', 'netanyahu', 'qatar', 'sends', 'apologizes', 'doha', 'ing', 'progress', 'huddle']","['Israel Netanyahu sends Mossad director to Gaza ceasefire talks in Qatar', 'Israel Netanyahu sends Mossad director to Gaza ceasefire talks in Qatar', 'Israel Netanyahu sends Mossad director to Gaza ceasefire talks in Qatar']"
1104,18,1104_basis_text_form_future,"['basis', 'text', 'form', 'future', 'could', 'try', 'express', 'optimism', 'florida', 'work']","['Putin says US - Ukraine text could form basis for future peace deal', 'Putin says US - Ukraine text could form basis for future peace deal', 'Putin says US - Ukraine text could form basis for future peace deal']"
1105,18,1105_week_deadly_than_clashes,"['week', 'deadly', 'than', 'clashes', 'agree', 'afghanistan', 'more', 'localnews8', 'new', 'ceasefire']","['Pakistan and Afghanistan agree to new ceasefire after more than a week of deadly clashes', 'Pakistan and Afghanistan agree to new ceasefire after more than a week of deadly clashes', 'Pakistan and Afghanistan agree to new ceasefire after more than a week of deadly clashes']"
1106,18,1106_tajani_italiani_palestina_allestero,"['tajani', 'italiani', 'palestina', 'allestero', 'missione', 'israele', 'esteri', 'sostenere', 'network', 'min']","['ITALIANI . ITALIANI ALLESTERO - ISRAELE E PALESTINA - V . PREMIER E MIN . ESTERI TAJANI IN ISRAELE E PALESTINA / News / Italian Network', 'ITALIANI . ITALIANI ALLESTERO - ISRAELE E PALESTINA - V . PREMIER E MIN . ESTERI TAJANI IN ISRAELE E PALESTINA / News / Italian Network', 'ITALIANI . ITALIANI ALLESTERO - ISRAELE E PALESTINA - V . PREMIER E MIN . ESTERI TAJANI IN ISRAELE E PALESTINA / News / Italian Network']"
1107,18,1107_rescuers_fresh_offensive_dead,"['rescuers', 'fresh', 'offensive', 'dead', 'launches', '100', 'say', 'as', 'israel', 'gaza']","['Rescuers Say 100 Dead As Israel Launches Fresh Gaza Offensive', 'Rescuers Say 100 Dead As Israel Launches Fresh Gaza Offensive', 'Rescuers say 100 dead as Israel launches fresh Gaza offensive']"
1108,18,1108_slovenia_assumes_command_balance,"['slovenia', 'assumes', 'command', 'balance', 'bans', 'arms', 'exports', 'becomes', 'nation', 'imports']","['New Israeli military chief assumes command with Gaza ceasefire in the balance', 'New Israeli military chief assumes command with Gaza ceasefire in the balance', 'New Israeli military chief assumes command with Gaza ceasefire in the balance']"
1109,18,1109_fitch_breakdown_communique_unlikely,"['fitch', 'breakdown', 'communique', 'unlikely', 'nigeria', 'discussing', 'thisdaylive', 'nigerian', 'improve', 'scrutiny']","['Nigeria : Breakdown of U . S .- Nigerian Relations Unlikely Despite Trump Threat - Fitch', 'Fitch : Breakdown of US - Nigerian Relations Unlikely Despite Trump Threat – THISDAYLIVE', 'Fitch : Breakdown of US - Nigerian Relations Unlikely Despite Trump Threat – THISDAYLIVE']"
1110,18,1110_presentarn_francia_propuesta_presentarle,"['presentarn', 'francia', 'propuesta', 'presentarle', 'listos', 'reino', 'unido', 'alto', 'filtracin', 'fuego']","['El Reino Unido , Francia y Ucrania presentarán a Estados Unidos una propuesta de alto el fuego para Rusia', 'El Reino Unido , Francia y Ucrania presentarán a Estados Unidos una propuesta de alto el fuego para Rusia', 'El Reino Unido , Francia y Ucrania presentarán a Estados Unidos una propuesta de alto el fuego para Rusia']"
1111,18,1111_ivory_480m_commits_coast,"['ivory', '480m', 'commits', 'coast', 'funding', 'health', 'deals', 'america', 'latest', 'sign']","['US commits $480M in health funding to Ivory Coast', 'US commits $480M in health funding to Ivory Coast', 'US commits $480M in health funding to Ivory Coast']"
1112,17,1112_signify_analyst_facto_ushering,"['signify', 'analyst', 'facto', 'ushering', 'maturity', 'pact', 'saudi', 'also', 'much', 'defence']","['  Had de facto alliance , doesnt signify much change : US Foreign Policy analyst on Saudi - Pakistan defence pact', '  Had de facto alliance , doesnt signify much change : US Foreign Policy analyst on Saudi - Pakistan defence pact', '  Had de facto alliance , doesnt signify much change : US Foreign Policy analyst on Saudi - Pakistan defence pact']"
1113,17,1113_paix_internationale_quoi_cueils,"['paix', 'internationale', 'quoi', 'cueils', 'loign', 'clips', 'thtre', 'ragit', 'indignation', 'frmissement']","['Guerre en Ukraine : Fin des combats , dialogue , paix … A quoi sert vraiment un cessez - le - feu ? ', 'Guerre en Ukraine : Fin des combats , dialogue , paix … A quoi sert vraiment un cessez - le - feu ? ', 'Guerre en Ukraine : Fin des combats , dialogue , paix … A quoi sert vraiment un cessez - le - feu ? ']"
1114,17,1114_donjeck_vdekjeprurs_sulmin_ukrainn,"['donjeck', 'vdekjeprurs', 'sulmin', 'ukrainn', 'fajson', 'pr', 'mundsin', 'lideri', 'rusis', 'bashkpuntor']","['Rusia fajëson Ukrainën për sulmin vdekjeprurës në Donjeck', 'Rusia fajëson Ukrainën për sulmin vdekjeprurës në Donjeck', 'Rusia fajëson Ukrainën për sulmin vdekjeprurës në Donjeck']"
1115,17,1115_spiraling_control_general_secretary,"['spiraling', 'control', 'general', 'secretary', 'out', 'that', 'spiralling', 'is', 'frontier', 'warns']","['UN secretary - general warns that war in Sudan is  spiraling out of control  ', 'UN secretary - general warns that war in Sudan is  spiraling out of control  ', 'UN secretary - general warns that war in Sudan is  spiraling out of control  ']"
1116,17,1116_intermediaries_marine_gulf_militarism,"['intermediaries', 'marine', 'gulf', 'militarism', 'broker', 'name', 'unprepared', 'endless', 'america', 'spectator']","['The Middle East New Intermediaries : Can the Gulf States Broker Peace Between America , Iran , and Israel ? ', 'The Middle East New Intermediaries : Can the Gulf States Broker Peace Between America , Iran , and Israel ? ', 'The Middle East New Intermediaries : Can the Gulf States Broker Peace Between America , Iran , and Israel ? ']"
1117,17,1117_jihadists_farmers_northeast_outpost,"['jihadists', 'farmers', 'northeast', 'outpost', 'nigerian', 'plateau', 'base', 'nigeria', '50', 'militants']","['Bangkok Post - Jihadists kill at least 40 farmers in northeast Nigeria', 'Jihadists Kill At Least 40 Farmers In Northeast Nigeria', 'Jihadists kill at least 40 farmers in northeast Nigeria']"
1118,17,1118_billionaire_october_quits_resigned,"['billionaire', 'october', 'quits', 'resigned', 'breakdown', 'hama', 'facilitating', 'hasnt', 'accused', 'harvard']","['Who is Bashar Masri ? American billionaire accused of facilitating Hama October 7 terror attack on Israel', 'American billionaire quits Harvard post after being accused of aiding Hama October 7 terror attack on Israel', 'American billionaire quits Harvard post after being accused of aiding Hama October 7 terror attack on Israel']"
1119,17,1119_stalling_concessions_reject_accuse,"['stalling', 'concessions', 'reject', 'accuse', 'land', 'leaders', 'delaying', 'eu', 'winnipeg', 'putin']","['Ukraine and EU leaders accuse Putin of stalling and reject land concessions for peace', 'Ukraine and EU leaders accuse Putin of stalling and reject land concessions for peace', 'Ukraine and EU leaders accuse Putin of stalling and reject land concessions for peace']"
1120,17,1120_massachusetts_raping_arrests_kidnapping,"['massachusetts', 'raping', 'arrests', 'kidnapping', 'charged', 'peru', 'child', 'sex', 'accused', 'crimes']","['ICE arrests illegal Dominican migrant charged with kidnapping , sex crimes in Massachusetts', 'ICE arrests illegal Dominican migrant charged with kidnapping , sex crimes in Massachusetts', 'ICE arrests illegal Dominican migrant charged with kidnapping , sex crimes in Massachusetts']"
1121,17,1121_gurillas_dcrte_durgence_tat,"['gurillas', 'dcrte', 'durgence', 'tat', 'violences', 'colombie', 'dplacs', 'prsident', 'dcrt', '20']","['Colombie : violences entre guérillas , 20 . 000\xa0déplacés , le président décrète l  état durgence', 'Colombie : violences entre guérillas , 20 . 000 déplacés , le président décrète l  état durgence', 'Colombie : violences entre guérillas , 20 . 000 déplacés , le président décrète l  état durgence']"
1122,17,1122_december_likely_23rd_57e,"['december', 'likely', '23rd', '57e', 'finalising', 'dec', 'visit', 'annual', 'arctic', 'dates']","['Russian President Putin to visit India on December 4 – 5 for annual summit with PM Modi', 'Russia Putin likely to visit India on December 5 – 6 for bilateral summit amid deepening ties', 'Russia Putin likely to visit India on December 5 – 6 for bilateral summit amid deepening ties']"
1123,17,1123_increased_embassy_imminent_fitr,"['increased', 'embassy', 'imminent', 'fitr', 'risk', 'terror', 'cyber', 'attacks', 'eid', 'urgent']","['US embassy in Syria warns of increased risk of attacks', 'US embassy in Syria warns of increased risk of attacks', 'US embassy in Syria warns of increased risk of attacks']"
1124,17,1124_lessons_ireland_northern_process,"['lessons', 'ireland', 'northern', 'process', 'fragile', 'sees', 'could', 'draw', 'that', 'follow']","['UK sees lessons from Northern Ireland that could aid the fragile Gaza ceasefire process', 'UK sees lessons from Northern Ireland that could aid the fragile Gaza ceasefire process', 'UK sees lessons from Northern Ireland that could aid the fragile Gaza ceasefire process']"
1125,17,1125_supply_allow_lapid_obligations,"['supply', 'allow', 'lapid', 'obligations', 'rule', 'court', 'relief', 'agency', 'smotrich', 'ensure']","['Top UN court says Israel must allow UN relief agency to supply aid to Gaza', 'Top UN court says Israel must allow UN relief agency to supply aid to Gaza', 'Top UN court says Israel must allow UN relief agency to supply aid to Gaza']"
1126,17,1126_poland_initiatives_commit_mutual,"['poland', 'initiatives', 'commit', 'mutual', 'helping', 'doubts', 'pledge', 'amidst', 'case', 'each']","['Poland and France commit to helping each other in case of military threat', 'Poland and France commit to helping each other in case of military threat', 'Poland and France commit to helping each other in case of military threat']"
1127,17,1127_hyun_taek_sparking_enhanced,"['hyun', 'taek', 'sparking', 'enhanced', 'signs', 'investors', 'improve', 'germanium', 'zinc', 'lockheed']","['South Korea stresses need to improve US visa issues for investors', ' [ Wang Son - taek ] The golden age of the Korea - US alliance', ' [ Wang Son - taek ] The golden age of the Korea - US alliance']"
1128,17,1128_ceremonial_australian_cowardly_waugh,"['ceremonial', 'australian', 'cowardly', 'waugh', 'participatory', 'recalibrating', 'honour', 'praised', 'appointed', 'steve']","['Australian Army Chief receives ceremonial guard of honour', 'Australian Army Chief receives ceremonial guard of honour - Indian Defence Research Wing', 'Australian Army Chief receives ceremonial guard of honour - Indian Defence Research Wing']"
1129,17,1129_deporting_transports_flight_104,"['deporting', 'transports', 'flight', '104', 'sanjay', 'aircraft', 'drive', 'official', 'military', 'aap']","['US military flight deporting migrants to India , official says', 'US military flight deporting migrants to India , official says', 'US military flight deporting migrants to India , official says']"
1130,17,1130_outside_roadside_suicide_vehicle,"['outside', 'roadside', 'suicide', 'vehicle', 'islamabad', 'northwest', 'blast', 'wounds', 'officers', '12']","['A roadside bomb targeting police vehicle in northwest Pakistan kills 2 officers and wounds 14 – Winnipeg Free Press', 'A roadside bomb targeting police vehicle in northwest Pakistan kills 2 officers and wounds 14', 'A roadside bomb targeting police vehicle in northwest Pakistan kills 2 officers and wounds 14']"
1131,17,1131_metric_expired_affect_destroyed,"['metric', 'expired', 'affect', 'destroyed', 'distribution', 'tons', 'wont', '500', 'future', 'food']","['US says it destroyed 500 metric tons of expired food aid but it wont affect future distribution', 'US says it destroyed 500 metric tons of expired food aid but it wont affect future distribution', 'US says it destroyed 500 metric tons of expired food aid but it wont affect future distribution']"
1132,17,1132_kindergarten_hospital_dozens_33,"['kindergarten', 'hospital', 'dozens', '33', 'drone', 'local', 'kill', 'strikes', 'atleast', 'official']","['Drone Strikes On Sudan Kindergarten , Hospital Kill Dozens', 'Drone strikes on Sudan kindergarten , hospital kill dozens', 'Drone strikes on Sudan kindergarten , hospital kill dozens']"
1133,17,1133_burkina_faso_runification_burkinab,"['burkina', 'faso', 'runification', 'burkinab', 'allemande', 'fidle', 'budgtaires', 'rsiliente', 'rajustements', 'juste']","['35 ans de la réunification allemande : Le Burkina Faso et lAllemagne célèbrent une amitié fidèle et résiliente', 'LAllemagne célèbre les 35 ans de sa réunification et réaffirme son partenariat avec le Burkina Faso \u200e', 'LAllemagne célèbre les 35 ans de sa réunification et réaffirme son partenariat avec le Burkina Faso \u200e']"
1134,17,1134_840_rearm_billion_weighs,"['840', 'rearm', 'billion', 'weighs', 'pauses', 'karnataka', 'euro', 'charts', 'provide', 'approves']","['EU weighs $840 billion plan to  rearm Europe  after US pauses Ukraine aid', 'EU weighs $840 billion plan to  rearm Europe  after US pauses Ukraine aid', 'EU weighs $840 billion plan to  rearm Europe  after US pauses Ukraine aid']"
1135,17,1135_heights_elevate_willing_work,"['heights', 'elevate', 'willing', 'work', 'arabia', 'fm', 'bilateral', 'saudi', 'trustworthy', 'exemption']","['China willing to work with Saudi Arabia to elevate bilateral ties to new heights : FM', 'China willing to work with Saudi Arabia to elevate bilateral ties to new heights : FM', 'China willing to work with Saudi Arabia to elevate bilateral ties to new heights : FM']"
1136,17,1136_estonian_adopting_balanced_bring,"['estonian', 'adopting', 'balanced', 'bring', 'ally', 'seeks', 'approach', 'praises', 'diplomat', 'german']","['Russia top diplomat praises India for adopting balanced approach to Ukraine crisis', 'Russia top diplomat praises India for adopting balanced approach to Ukraine crisis', 'Russia top diplomat praises India for adopting balanced approach to Ukraine crisis']"
1137,17,1137_cliam_consequence_standard_collateral,"['cliam', 'consequence', 'standard', 'collateral', 'battlefield', 'double', 'cessation', 'sanction', 'points', 'marshal']","['  No solution on battlefield : India raises Ukraine conflict at UN ; points to  collateral consequence | India News', '  No solution on battlefield : India raises Ukraine conflict at UN ; points to  collateral consequence | India News', '  No solution on battlefield : India raises Ukraine conflict at UN ; points to  collateral consequence | India News']"
1138,17,1138_abhay_thakur_capacity_manohar,"['abhay', 'thakur', 'capacity', 'manohar', 'lal', 'intense', 'transition', 'democracy', 'kathmandu', 'training']","['  India - Myanmar energy cooperation would be more intense in future : Indian envoy Abhay Thakur', '  India - Myanmar energy cooperation would be more intense in future : Indian envoy Abhay Thakur', '  India - Myanmar energy cooperation would be more intense in future : Indian envoy Abhay Thakur']"
1139,17,1139_behalf_weary_acting_feature,"['behalf', 'weary', 'acting', 'feature', 'doubts', 'lasting', 'resolve', 'npr', 'kabul', 'afghanistan']","['Pakistan defense minister doubts Afghan ceasefire , accuses Kabul of acting on India behalf', 'Pakistan defense minister doubts Afghan ceasefire , accuses Kabul of acting on India behalf', 'Pakistan defense minister doubts Afghan ceasefire , accuses Kabul of acting on India behalf']"
1140,17,1140_singh_kirti_privilege_attend,"['singh', 'kirti', 'privilege', 'attend', 'mos', 'vardhan', 'spokesman', 'mea', 'sisi', 'milestone']","['MoS Mea Singh calls it  privilege  attend Gaza Summit in Egypt', 'MoS Kirti Vardhan Singh meets Egyptian President Sisi at Sharm el - Sheikh Gaza Summit', 'MoS Kirti Vardhan Singh meets Egyptian President Sisi at Sharm el - Sheikh Gaza Summit']"
1141,17,1141_condemns_okanagan_thompson_brandon,"['condemns', 'okanagan', 'thompson', 'brandon', 'compound', 'canada', 'residential', 'spiral', 'source', 'crisis']","['Canada condemns Israel over humanitarian crisis in Gaza | iNFOnews | Thompson - Okanagan News Source', 'Canada condemns Israel over humanitarian crisis in Gaza | iNFOnews | Thompson - Okanagan News Source', 'Canada condemns Israel over humanitarian crisis in Gaza | iNFOnews | Thompson - Okanagan News Source']"
1142,17,1142_bombarded_bases_missiles_iranian,"['bombarded', 'bases', 'missiles', 'iranian', 'tehran', 'nuclear', 'strikes', 'arrow', 'dome', 'latestmissilebarrage']","['Israel bombarded by Iranian missiles after strikes on Tehran nuclear bases', 'Israel bombarded by Iranian missiles after strikes on Tehran nuclear bases', 'Israel bombarded by Iranian missiles after strikes on Tehran nuclear bases']"
1143,17,1143_camps_famine_darfur_hit,"['camps', 'famine', 'darfur', 'hit', '100', 'official', 'attacks', 'least', 'people', 'dead']","['At least 100 people killed in attacks on famine - hit camps in Sudan Darfur , UN official says', 'At least 100 people killed in attacks on famine - hit camps in Sudan Darfur , UN official says', 'At least 100 people killed in attacks on famine - hit camps in Sudan Darfur , UN official says']"
1144,17,1144_plotting_futility_fallacy_false,"['plotting', 'futility', 'fallacy', 'false', 'drag', 'flag', 'justified', 'enterprise', 'option', 'institute']","['Russia accuses Ukraine and Poland of plotting FALSE FLAG attack to drag NATO into war – NaturalNews . com', 'Russia accuses Ukraine and Poland of plotting FALSE FLAG attack to drag NATO into war – NaturalNews . com', 'Russia accuses Ukraine and Poland of plotting FALSE FLAG attack to drag NATO into war – NaturalNews . com']"
1145,17,1145_territori_domani_nei_palestinesi,"['territori', 'domani', 'nei', 'palestinesi', 'palestinese', 'kallas', 'popolo', 'israele', 'israelo', 'alla']","['Kallas domani in Israele e nei territori palestinesi - Europa', 'Kallas domani in Israele e nei territori palestinesi', 'Kallas domani in Israele e nei territori palestinesi']"
1146,17,1146_crazy_gone_absolutely_vinegar,"['crazy', 'gone', 'absolutely', 'vinegar', 'quotes', 'blames', 'joe', 'caused', 'seely', 'bad']","['Trump says Putin  has gone absolutely crazy  after major Russian attacks on Ukraine | News', 'Trump says Putin  has gone absolutely crazy  after major Russian attacks on Ukraine | News', 'Trump says Putin  has gone absolutely crazy  after major Russian attacks on Ukraine | News']"
1147,17,1147_stirs_march_jerusalem_nationalist,"['stirs', 'march', 'jerusalem', 'nationalist', 'tensions', 'day', 'brace', 'annual', 'israelis', 'palestinians']","['Jerusalem Day march stirs tensions in Israel', 'Jerusalem Day march stirs tensions in Israel', 'Jerusalem Day march stirs tensions in Israel']"
1148,17,1148_expelling_alleges_settler_bulldozers,"['expelling', 'alleges', 'settler', 'bulldozers', 'tulkarm', 'raze', 'bank', 'west', 'riot', 'run']","['Israel may have committed war crimes in expelling West Bank refugees , human rights group alleges', 'Israel may have committed war crimes in expelling West Bank refugees , human rights group alleges', 'Israel may have committed war crimes in expelling West Bank refugees , human rights group alleges']"
1149,17,1149_taurus_fidan_weighing_super,"['taurus', 'fidan', 'weighing', 'super', 'reached', 'production', 'supply', 'yet', 'range', 'merz']","['Germany still weighing Taurus missile supply to Ukraine , Merz says', 'Germany still weighing Taurus missile supply to Ukraine , Merz says', 'Germany still weighing Taurus missile supply to Ukraine , Merz says']"
1150,17,1150_efectivo_decreto_embargo_snchez,"['efectivo', 'decreto', 'embargo', 'snchez', 'hacer', 'alemn', 'existencia', 'armas', 'opcin', 'continuar']","['Sánchez anuncia un decreto para hacer efectivo el embargo de armas a Israel y sanciones al Gobierno de Netanyahu', 'Sánchez anuncia un decreto para hacer efectivo el embargo de armas a Israel y sanciones al Gobierno de Netanyahu', 'Sánchez anuncia un decreto para hacer efectivo el embargo de armas a Israel y sanciones al Gobierno de Netanyahu']"
1151,17,1151_sparked_militants_kashmir_behind,"['sparked', 'militants', 'kashmir', 'behind', 'pahalgam', 'firefight', 'massacre', 'resort', 'clash', 'suspects']","['India says 3 militants killed in Kashmir were behind the massacre that sparked a clash with Pakistan', 'India says 3 militants killed in Kashmir were behind massacre that sparked clash with Pakistan', 'India says 3 militants killed in Kashmir were behind massacre that sparked clash with Pakistan']"
1152,17,1152_widens_ban_noem_travel,"['widens', 'ban', 'noem', 'travel', '30', 'countries', 'than', 'list', 'bans', 'hardens']","['US widens travel ban to more than 30 countries , Noem says', 'US widens travel ban to more than 30 countries , Noem says', 'US widens travel ban to more than 30 countries , Noem says']"
1153,17,1153_trn_tin_vt_vin,"['trn', 'tin', 'vt', 'vin', 'qun', 'skudne', 'burlatske', 'cht', 'trc', 'trng']","['Trận chiến xe tăng nảy lửa trên chiến trường Ukraine', 'Nga tuyên bố giành được Skudne và Burlatske , Mỹ  bóng gió  cắt viện trợ Ukraine', 'Nga tuyên bố giành được Skudne và Burlatske , Mỹ  bóng gió  cắt viện trợ Ukraine']"
1154,17,1154_policies_surge_scapegoat_mercury,"['policies', 'surge', 'scapegoat', 'mercury', 'vulnerable', 'australia', 'katherine', 'newcastle', 'moruya', 'wellington']","['Deportation surge : Trump and Australia policies | Western Advocate', 'Deportation surge : Trump and Australia policies | The Daily Advertiser', 'Deportation surge : Trump and Australia policies | Central Western Daily']"
1155,17,1155_contact_embarks_welcomes_responds,"['contact', 'embarks', 'welcomes', 'responds', 'capture', 'offer', 'admin', 'seeks', 'agenda', 'reset']","['China welcomes new US - Russia contact as Trump seeks end to Ukraine war', 'China welcomes new US - Russia contact as Trump seeks end to Ukraine war', 'China welcomes new US - Russia contact as Trump seeks end to Ukraine war']"
1156,17,1156_passes_toll_300_quake,"['passes', 'toll', '300', 'quake', 'death', 'media', 'soars', 'state', '354', 'myanmar']","['Myanmar quake death toll passes 3 , 300 : state media', 'Myanmar quake death toll passes 3 , 300 : state media', 'Myanmar quake death toll passes 3 , 300 : state media']"
1157,17,1157_heavily_remove_temporarily_success,"['heavily', 'remove', 'temporarily', 'success', 'immigrant', 'blocks', 'bode', 'history', 'chance', 'peacekeepers']","['Judge temporarily blocks US efforts to remove some immigrant children', 'Judge temporarily blocks US efforts to remove some immigrant children', 'Judge temporarily blocks US efforts to remove some immigrant children']"
1158,17,1158_eritrea_tenuous_balancing_ethiopia,"['eritrea', 'tenuous', 'balancing', 'ethiopia', 'alliances', 'shifting', 'somalia', 'aussom', 'mekdes', 'cooperate']","['Shifting Alliances : Somalia Tenuous Balancing Act Between Egypt , Eritrea and Ethiopia', 'Shifting Alliances : Somalia Tenuous Balancing Act Between Egypt , Eritrea and Ethiopia', 'Shifting Alliances : Somalia Tenuous Balancing Act Between Egypt , Eritrea and Ethiopia']"
1159,17,1159_amerikane_gelekt_blijft_grootste,"['amerikane', 'gelekt', 'blijft', 'grootste', 'hebben', 'veiligheidsteam', 'oorlogsplan', 'vertrouwen', 'nationale', 'ende']","['Live Amerika | Trump  blijft grootste vertrouwen hebben in nationale veiligheidsteam  na gelekt oorlogsplan', 'Live Amerika | Trump  blijft grootste vertrouwen hebben in nationale veiligheidsteam  na gelekt oorlogsplan', 'Live Amerika | Trump  blijft grootste vertrouwen hebben in nationale veiligheidsteam  na gelekt oorlogsplan']"
1160,17,1160_advises_parts_travel_trips,"['advises', 'parts', 'travel', 'trips', 'caution', 'alert', 'essential', 'alerts', 'hotel', 'advisory']","['UK Foreign Office advises against all but essential travel to parts of Pakistan after US hotel security alert', 'UK Foreign Office advises against all but essential travel to parts of Pakistan after US hotel security alert', 'UK Foreign Office advises against all but essential travel to parts of Pakistan after US hotel security alert']"
1161,17,1161_ansage_brisanter_folgt_gibt,"['ansage', 'brisanter', 'folgt', 'gibt', 'traum', 'selenskyj', 'auf', 'nato', 'miku', 'mposhtin']","['Brisanter Ukraine - Deal : Selenskyj gibt NATO - Traum auf – Putin - Ansage folgt', 'Brisanter Ukraine - Deal : Selenskyj gibt NATO - Traum auf – Putin - Ansage folgt', 'Brisanter Ukraine - Deal : Selenskyj gibt NATO - Traum auf – Putin - Ansage folgt']"
1162,17,1162_birmania_domingo_pesar_celebrar,"['birmania', 'domingo', 'pesar', 'celebrar', 'elecciones', 'crticas', 'primeras', 'plena', 'proporciona', 'cinco']","['Birmania celebrará este domingo sus primeras elecciones en cinco años en plena guerra y a pesar de las críticas', 'Birmania .- Birmania celebra este domingo sus primeras elecciones en cinco años en plena guerra y a pesar de las críticas', 'Birmania .- Birmania celebra este domingo sus primeras elecciones en cinco años en plena guerra y a pesar de las críticas']"
1163,17,1163_appears_holding_blas_prism,"['appears', 'holding', 'blas', 'prism', 'rattle', 'readiness', 'shatter', 'cant', 'silent', 'networkasia']","['The Israel - Iran ceasefire appears to be holding . What next for the Middle East ? - Asia News NetworkAsia News Network', 'The Israel - Iran ceasefire appears to be holding . What next for the Middle East ? - Prism', 'The Israel - Iran ceasefire appears to be holding . What next for the Middle East ? - Prism']"
1164,17,1164_120_confirms_citizens_week,"['120', 'confirms', 'citizens', 'week', 'this', 'fly', 'iran', 'undocumented', 'deportation', 'aiding']","['Iran Confirms Deportation Of 120 Citizens From US This Week', 'Iran Confirms Deportation Of 120 Citizens From US This Week', 'Iran Confirms Deportation Of 120 Citizens From US This Week']"
1165,17,1165_plummet_low_crossings_lowest,"['plummet', 'low', 'crossings', 'lowest', '1970', 'patrol', 'indiawest', 'plunge', 'illegal', 'decline']","['U . S .- Mexico Border Illegal Crossings Drop to 1970 Low', 'Illegal crossings along U . S .- Mexico border plummet to lowest annual level since 1970', 'Illegal crossings at U . S .- Mexico border plummet to lowest annual level since 1970']"
1166,17,1166_crazy_residence_gone_90,"['crazy', 'residence', 'gone', '90', 'targeted', 'helicopter', 'drones', 'number', 'escaped', 'record']","['Russia sent a record number of drones into Ukraine as Trump says Putin has  gone crazy  ', 'Russia sent a record number of drones into Ukraine as Trump says Putin has  gone crazy  ', 'Russia sent a record number of drones into Ukraine as Trump says Putin has  gone crazy  ']"
1167,17,1167_loans_shunned_damascus_druze,"['loans', 'shunned', 'damascus', 'druze', 'treat', 'instead', 'debt', 'recognise', 'faith', 'wake']","['Why Syrian Druze have put their faith in Damascus instead of Israel for community security', 'Why Syrian Druze have put their faith in Damascus instead of Israel for community security', 'Why Syrian Druze have put their faith in Damascus instead of Israel for community security']"
1168,17,1168_teikimas_sustabdytas_rmai_baltieji,"['teikimas', 'sustabdytas', 'rmai', 'baltieji', 'laikinai', 'karins', 'ruse', 'pagalbos', 'ukrainai', 'jav']","['Baltieji Rūmai patvirtino : JAV karinės pagalbos teikimas Ukrainai – laikinai sustabdytas', 'Baltieji Rūmai patvirtino : JAV karinės pagalbos teikimas Ukrainai – laikinai sustabdytas', 'Baltieji Rūmai patvirtino : JAV karinės pagalbos teikimas Ukrainai – laikinai sustabdytas']"
1169,17,1169_stem_rivalry_brink_south,"['stem', 'rivalry', 'brink', 'south', 'script', 'anthropological', 'opinion', 'avoid', 'nasir', 'wise']","['Opinion| South Sudan on the brink of civil crisis : Urgent action needed to avoid collapse', 'Fears of civil war in South Sudan stem from political rivalry between the president and his deputy', 'Fears of civil war in South Sudan stem from political rivalry between the president and his deputy']"
1170,17,1170_alemania_vecinos_controles_rechazar,"['alemania', 'vecinos', 'controles', 'rechazar', 'gasolina', 'entonces', 'atajar', 'abonan', 'cambi', 'abri']","['Merz : Alemania y sus vecinos exigen más expulsiones para atajar la inmigración irregular | Internacional', 'Merz : Alemania y sus vecinos exigen más expulsiones para atajar la inmigración irregular | Internacional', 'Alemania rechazará a migrantes en la frontera']"
1171,17,1171_pact_worried_sign_partnership,"['pact', 'worried', 'sign', 'partnership', 'iran', 'draw', 'should', 'political', 'strengthen', 'closer']","['Russia And Iran To Sign  Partnership  Pact', 'Russia and Iran to sign  partnership  pact', 'Russia and Iran to sign  partnership  pact']"
1172,17,1172_papier_tigre_entend_poursuivre,"['papier', 'tigre', 'entend', 'poursuivre', 'trs', 'dment', 'problmatique', 'jurent', 'jusqu', 'mcontents']","['La Russie dément être un  tigre de papier , entend poursuivre le conflit en Ukraine', 'La Russie dément être un  tigre de papier , entend poursuivre le conflit en Ukraine', 'La Russie dément être un  tigre de papier , entend poursuivre le conflit en Ukraine']"
1173,17,1173_involvement_fo_pakistanis_islamabad,"['involvement', 'fo', 'pakistanis', 'islamabad', 'baseles', 'pakistani', 'rejects', 'baseless', 'allegations', 'denies']","['FO rejects Ukraine claim of involvement of Pakistanis in war against Russia', 'FO rejects Ukraine claim of involvement of Pakistanis in war against Russia', 'FO rejects Ukraine claim of involvement of Pakistanis in war against Russia']"
1174,17,1174_charter_returned_ghana_flight,"['charter', 'returned', 'ghana', 'flight', 'nigeria', 'kano', 'conjoined', 'twins', 'surgery', 'separation']","['Migrants returned on charter flight to Nigeria and Ghana', 'Migrants returned on charter flight to Nigeria and Ghana', 'Migrants returned on charter flight to Nigeria and Ghana']"
1175,17,1175_meldet_ukrainisches_trainingslager_russland,"['meldet', 'ukrainisches', 'trainingslager', 'russland', 'angriff', 'zeigt', 'ablauf', 'endgame', 'auf', 'russischer']","['Ukraine - News : Russland meldet Angriff auf ukrainisches Trainingslager', 'Ukraine - News : Russland meldet Angriff auf ukrainisches Trainingslager', 'Ukraine - News : Russland meldet Angriff auf ukrainisches Trainingslager']"
1176,17,1176_2b_pledges_humanitarian_bln,"['2b', 'pledges', 'humanitarian', 'bln', 'northwest', 'billions', 'fund', 'arkansas', 'aid', 'democrat']","['US pledges $2B for UN humanitarian aid', 'US pledges $2B for UN humanitarian aid', 'US pledges $2B for UN humanitarian aid']"
1177,17,1177_senator_removal_700_plans,"['senator', 'removal', '700', 'plans', 'guatemalan', 'children', 'from', 'trump', 'us', 'of']","['Senator : Trump plans removal of 700 Guatemalan children from US', 'Senator : Trump plans removal of 700 Guatemalan children from US', 'Senator : Trump plans removal of 700 Guatemalan children from US']"
1178,17,1178_breaking_normalised_militarized_spectator,"['breaking', 'normalised', 'militarized', 'spectator', 'raise', 'damage', 'normal', 'fears', 'out', 'warfare']","['India strikes on Pakistan raise fears of an all - out war breaking out', 'India strikes on Pakistan raise fears of an all - out war breaking out', 'India strikes on Pakistan raise fears of an all - out war breaking out']"
1179,17,1179_uae_mercenaries_bringing_colombian,"['uae', 'mercenaries', 'bringing', 'colombian', 'accuses', 'assist', 'modern', 'sending', 'rsf', 'collectively']","['Sudan accuses UAE of sending Colombian mercenaries to fight alongside RSF', 'Sudan accuses UAE of bringing in Colombian mercenaries to support RSF', 'Sudan accuses UAE of bringing in Colombian mercenaries to support RSF']"
1180,17,1180_roadblock_looting_truck_recovery,"['roadblock', 'looting', 'truck', 'recovery', 'slams', 'them', 'rubio', 'calls', 'hamas', 'stealing']","['Rubio slams Hamas for looting aid truck , calls them a roadblock to Gaza recovery', 'Rubio slams Hamas for looting aid truck , calls them a roadblock to Gaza recovery', 'Rubio slams Hamas for looting aid truck , calls them a roadblock to Gaza recovery']"
1181,17,1181_diplomasi_inggris_gelombang_dampak,"['diplomasi', 'inggris', 'gelombang', 'dampak', 'apa', 'untuk', 'imigran', 'baru', 'indonesia', 'kekalahan']","['Apa Dampak Gelombang Anti - Imigran Inggris dan Australia untuk Indonesia ? ', 'Apa Dampak Gelombang Anti - Imigran Inggris dan Australia untuk Indonesia ? ', 'Apa Dampak Gelombang Anti - Imigran Inggris dan Australia untuk Indonesia ? ']"
1182,17,1182_lebanese_wraps_try_crises,"['lebanese', 'wraps', 'try', 'crises', 'beirut', 'pope', 'heads', 'give', 'hope', 'turkey']","['Pope wraps up Turkey visit and heads to Beirut to try to give Lebanese hope after years of crises', 'Pope wraps up Turkey visit and heads to Beirut to try to give Lebanese hope after years of crises', 'Pope wraps up Turkey visit and heads to Beirut to try to give Lebanese hope after years of crises']"
1183,17,1183_advisory_pahalgam_travel_travellers,"['advisory', 'pahalgam', 'travel', 'travellers', 'issues', 'jammu', 'terror', 'landmine', 'citizens', 'unrest']","['  Do Not Travel : US issues advisory to its citizens for J & K after Pahalgam attack | Latest News India', '  Do Not Travel : US issues advisory to its citizens for J & K after Pahalgam attack | Latest News India', 'Pahalgam terror attack : US issues  Do Not Travel  advisory for J & K']"
1184,17,1184_promised_alongside_working_crackdown,"['promised', 'alongside', 'working', 'crackdown', 'return', 'illegal', 'migrant', 'france', 'laughing', 'farce']","['Crackdown on illegal working promised alongside migrant return deal with France', 'Crackdown on illegal working promised alongside migrant return deal with France', 'Crackdown on illegal working promised alongside migrant return deal with France']"
1185,17,1185_tps_tracking_venezuelans_latin,"['tps', 'tracking', 'venezuelans', 'latin', 'hondurans', 'lose', 'whims', 'restores', 'nicaraguans', 'holders']","['Tracking Trump and Latin America : Migration Judge Restores TPS for Haitians , Venezuelans', 'Tracking Trump and Latin America : Migration Supreme Court Says TPS for Venezuelans Can End', 'Tracking Trump and Latin America : Migration Supreme Court Says TPS for Venezuelans Can End']"
1186,16,1186_minerais_require_brehon_poulets,"['minerais', 'require', 'brehon', 'poulets', 'runissent', 'termes', 'sentendent', 'g20', 'europens', 'accord']","['  Cest une grande affaire : Ukraine et États - Unis sentendent sur les termes dun accord sur les minerais', 'Guerre en Ukraine\xa0 : il y a un accord sur les minerais entre Kiev et Washington', 'Guerre en Ukraine\xa0 : il y a un accord sur les minerais entre Kiev et Washington']"
1187,16,1187_any_time_resume_lull,"['any', 'time', 'resume', 'lull', 'could', 'warns', 'erased', 'hostilities', 'completely', 'irgc']","['Iran warns war with Israel could resume at any time', 'Iran warns war with Israel could resume at any time', 'Iran warns war with Israel could resume at any time']"
1188,16,1188_events_list_172_262,"['events', 'list', '172', '262', '228', '275', '252', 'day', 'key', 'rehearsal']","['Russia - Ukraine war : List of key events , day 1 , 172', 'Russia - Ukraine war : List of key events , day 1 , 262', 'Russia - Ukraine war : List of key events , day 1 , 172']"
1189,16,1189_raped_olds_unicef_rape,"['raped', 'olds', 'unicef', 'rape', 'eastern', 'sexually', '200', 'beginning', 'children', 'those']","['One - year - olds among those raped during Sudan civil war , UN says', 'Over 200 children raped in Sudan since start of 2024 : UNICEF report', 'More than 200 children raped in Sudan since start of 2024 , UNICEF says']"
1190,16,1190_stops_third_212_invokes,"['stops', 'third', '212', 'invokes', 'countries', 'migration', 'pause', 'contradictions', 'fugitive', 'detrimental']","['Trump stops migration to US from Third World countries', 'Trump stops migration to US from Third World countries', 'Trump stops migration to US from Third World countries']"
1191,16,1191_mortelles_existentiel_frappes_kryvy,"['mortelles', 'existentiel', 'frappes', 'kryvy', 'rig', 'men', 'nouvelles', 'juge', 'avoir', 'aprs']","['Guerre en Ukraine : La Russie juge le conflit « existentiel » après avoir mené de nouvelles frappes mortelles', 'Guerre en Ukraine | La Russie juge le conflit  existentiel  après avoir mené de nouvelles frappes mortelles', 'Guerre en Ukraine : La Russie juge le conflit « existentiel » après avoir mené de nouvelles frappes mortelles']"
1192,16,1192_parole_notices_mails_nicaraguans,"['parole', 'notices', 'mails', 'nicaraguans', 'termination', 'cubans', 'nicaraguan', 'haitians', 'ends', 'haitian']","['Trump administration e - mails parole termination notices to Cubans , Haitians , Venezuelans , Nicaraguans', 'Trump administration e - mails parole termination notices to Cubans , Haitians , Venezuelans , Nicaraguans', 'Trump administration e - mails parole termination notices to Cubans , Haitians , Venezuelans , Nicaraguans']"
1193,16,1193_peticiones_mitad_caen_casi,"['peticiones', 'mitad', 'caen', 'casi', 'asilo', '2024', 'cayeron', 'rcord', 'pese', 'telemundo']","['Las peticiones de asilo en México caen casi a la mitad en 2024 pese a la migración récord', 'Las peticiones de asilo en México caen casi a la mitad en 2024', 'Las peticiones de asilo en México caen casi a la mitad en 2024']"
1194,16,1194_both_considered_hedges_aggression,"['both', 'considered', 'hedges', 'aggression', 'arabia', 'pledging', 'mutual', 'pact', 'raja', 'hitting']","['  Attack on one , attack on both : Saudi Arabia hedges between India and Pakistan as it inks mutual defense pact with Islamabad', '  Attack on one , attack on both : Saudi Arabia hedges between India and Pakistan as it inks mutual defense pact with Islamabad', '  Attack on one , attack on both : Saudi Arabia hedges between India and Pakistan as it inks mutual defense pact with Islamabad']"
1195,16,1195_conversations_telephonic_presidents_uae,"['conversations', 'telephonic', 'presidents', 'uae', 'sharif', 'nusseibeh', 'holds', 'phone', 'term', 'pak']","['Pak PM Sharif holds telephonic conversations with leaders of Iran Egypt', 'Pak PM Sharif holds telephonic conversations with leaders of Iran , Egypt', 'Pak PM Sharif holds telephonic conversations with leaders of Iran , Egypt']"
1196,16,1196_dominicana_dispora_golpe_duro,"['dominicana', 'dispora', 'golpe', 'duro', 'llevaban', 'regresar', 'embajada', 'izquierda', 'evitar', 'repblica']","['Duro golpe de Trump : embajada de EEUU pide a inmigrantes de República Dominicana regresar para evitar la deportación | Mundo', 'Duro golpe de Trump : embajada de EEUU pide a inmigrantes de República Dominicana regresar para evitar la deportación | Mundo', 'Duro golpe de Trump : embajada de EEUU pide a inmigrantes de República Dominicana regresar para evitar la deportación | Mundo']"
1197,16,1197_mounting_urge_stabiliz_suspending,"['mounting', 'urge', 'stabiliz', 'suspending', 'speaker', 'veto', 'european', 'stalls', 'authority', 'divides']","['European leaders urge Israel to end attacks in Gaza amid mounting humanitarian crisis', 'European leaders urge Israel to end attacks in Gaza amid mounting humanitarian crisis', 'European leaders urge Israel to end attacks in Gaza amid mounting humanitarian crisis']"
1198,16,1198_migrationskurs_rckkehr_verschrft_auch,"['migrationskurs', 'rckkehr', 'verschrft', 'auch', 'oder', 'dilemma', 'gefngnis', 'griechenland', 'deutschland', 'den']","[' „ Gefängnis oder Rückkehr : Griechenland verschärft den Migrationskurs – Dilemma auch für Deutschland', ' „ Gefängnis oder Rückkehr : Griechenland verschärft den Migrationskurs – Dilemma auch für Deutschland', ' „ Gefängnis oder Rückkehr : Griechenland verschärft den Migrationskurs – Dilemma auch für Deutschland']"
1199,16,1199_martes_iniciar_partir_irregulares,"['martes', 'iniciar', 'partir', 'irregulares', 'masivas', 'redadas', 'inmigrantes', 'sus', 'cruces', 'augmente']","['Trump iniciará sus redadas masivas de inmigrantes irregulares a partir del martes', 'Trump iniciará sus redadas masivas de inmigrantes irregulares a partir del martes', 'Trump iniciará sus redadas masivas de inmigrantes irregulares a partir del martes']"
1200,16,1200_truce_proposal_investigates_rapid,"['truce', 'proposal', 'investigates', 'rapid', 'backed', 'towards', 'bloodshed', 'army', 'icc', 'month']","['Sudan army - backed council to meet on US truce proposal : govt source', 'Bangkok Post - Sudan army - backed council to discuss US truce proposal', 'Bangkok Post - Sudan army - backed council to discuss US truce proposal']"
1201,16,1201_makeup_artist_gay_salvador,"['makeup', 'artist', 'gay', 'salvador', 'anticipates', 'refuse', 'salvadoran', 'eyes', 'welcoming', 'seeing']","['Gay makeup artist tearfully reunited with family after release from El Salvador', 'Immigration Lawyers Claim Gay Makeup Artist Who Sought Asylum Wrongly Deported to Notorious El Salvador Prison', 'Immigration Lawyers Claim Gay Makeup Artist Who Sought Asylum Wrongly Deported to Notorious El Salvador Prison']"
1202,16,1202_restraint_motives_explored_gilani,"['restraint', 'motives', 'explored', 'gilani', 'polar', 'promoting', 'supports', 'avenues', 'multi', 'hidden']","['Pakistan backs global efforts to end Russia - Ukraine war , urges restraint', 'Pakistan to support Russia in promoting multi - polar global governance : Gilani - Pakistan', 'Pakistan to support Russia in promoting multi - polar global governance : Gilani - Pakistan']"
1203,16,1203_investigation_soldier_alleged_leaves,"['investigation', 'soldier', 'alleged', 'leaves', 'brazil', 'crimes', 'former', 'investigations', 'ex', 'into']","['Israeli former soldier leaves Brazil over investigation into alleged war crimes in Gaza', 'Israeli former soldier leaves Brazil over investigation into alleged war crimes in Gaza', 'Israeli former soldier leaves Brazil over investigation into alleged war crimes in Gaza']"
1204,16,1204_47b_ettoday_21_16,"['47b', 'ettoday', '21', '16', '25', '2024', '10', '', '', '']","['觀點投書 ： 多極化軍事外交加速重組 ： 從中國敘事戰到台美防衛自主 | 鍾易晉 | 評論', '打完泰國打寮國 ? 傳柬埔寨又與寮發生軍事衝突 中國大校 ： 無疑 「 戰略自殺 」 | 國際', '印軍司令 ： 5月衝突期間 擊落巴基斯坦5架戰機 | 戰鬥機 | 中國製造 | F - 16']"
1205,16,1205_badenoch_tory_style_sets,"['badenoch', 'tory', 'style', 'sets', '750', 'kemi', 'plans', 'crackdown', 'porous', 'removals']","['Badenoch sets out Tory plans for US - style immigration crackdown', 'Badenoch sets out Tory plans for US - style immigration crackdown', 'Badenoch sets out Tory plans for US - style immigration crackdown']"
1206,16,1206_uscis_mala_noticia_datos,"['uscis', 'mala', 'noticia', 'datos', 'ignoren', 'enfrentarn', 'salvarse', 'quienes', 'precios', 'inmigrantes']","['USCIS y su mala noticia para inmigrantes en EEUU : suben precios de estos trámites clave para salvarse de la deportación en 2026', 'USCIS y DHS confirman mala noticia para inmigrantes : quienes ignoren esta nueva medida enfrentarán consecuencias legales en Estados Unidos | LRTMUS | Datos Estados Unidos', 'USCIS y DHS confirman mala noticia para inmigrantes : quienes ignoren esta nueva medida enfrentarán consecuencias legales en Estados Unidos | LRTMUS | Datos Estados Unidos']"
1207,16,1207_occupied_middle_palestinians_fire,"['occupied', 'middle', 'palestinians', 'fire', 'latest', 'east', 'bank', 'officials', 'west', 'say']","['Middle East latest : 2 Palestinians killed by Israeli fire in occupied West Bank , officials say', 'Middle East latest : 2 Palestinians killed by Israeli fire in occupied West Bank , officials say', 'Middle East latest : 2 Palestinians killed by Israeli fire in occupied West Bank , officials say']"
1208,16,1208_philippines_droupadi_heralding_murmu,"['philippines', 'droupadi', 'heralding', 'murmu', 'vision', 'partner', '5th', 'mahasagar', 'masterclass', 'revitalizes']","['The Philippines - India strategic partnership', 'India considers Philippines a key partner in its Act East policy , Vision Mahasagar , and Indo - Pacific vision : President Droupadi Murmu', 'India considers Philippines a key partner in its Act East policy , Vision Mahasagar , and Indo - Pacific vision : President Droupadi Murmu']"
1209,16,1209_icj_hearings_enable_allow,"['icj', 'hearings', 'enable', 'allow', 'obligations', 'icrc', 'territories', 'majority', 'occupation', 'breach']","['ICJ concludes hearings on Israel aid obligations in Gaza', 'ICJ tells Israel to allow UN aid to Gaza', 'ICJ tells Israel to allow UN aid to Gaza']"
1210,16,1210_turbulence_geopolitical_imperative_likely,"['turbulence', 'geopolitical', 'imperative', 'likely', 'buchan', 'climate', 'morungexpress', 'rabat', 'duke', 'land']","['Trump Pakistan policy likely to land US in geopolitical turbulence', 'Trump Pakistan Policy Likely To Land US In Geopolitical Turbulence', 'Trump Pakistan Policy Likely To Land US In Geopolitical Turbulence']"
1211,16,1211_klckner_charkiw_verlsst_vormarsch,"['klckner', 'charkiw', 'verlsst', 'vormarsch', 'grobrand', 'genf', 'tritt', 'saal', 'vertraute', 'armee']","['Ukraine - News : Putin - Vertraute tritt in Genf auf – Klöckner verlässt den Saal', 'Ukraine - News : Putin - Vertraute tritt in Genf auf – Klöckner verlässt den Saal', 'Ukraine - News : Putin - Vertraute tritt in Genf auf – Klöckner verlässt den Saal']"
1212,16,1212_painted_disruptions_spray_hospital,"['painted', 'disruptions', 'spray', 'hospital', 'synagogue', 'main', 'forcing', 'close', 'pound', 'nationwide']","['Israel strikes pound Gaza , killing dozens and forcing a main hospital to close', '  Free Gaza  Spray - painted on Synagogue in Northern Italy Amid Nationwide Protests - News', '  Free Gaza  Spray - painted on Synagogue in Northern Italy Amid Nationwide Protests - News']"
1213,16,1213_phase_agreed_have_first,"['phase', 'agreed', 'have', 'first', 'hamas', 'peace', 'deal', 'agree', 'says', 'plan']","['Trump says Israel and Hamas have agreed to  first phase  of a peace deal in Gaza', 'Trump says Israel and Hamas have agreed to  first phase  of a peace deal in Gaza', 'Trump says Israel and Hamas have agreed to  first phase  of a peace deal in Gaza']"
1214,16,1214_exchanged_deadliest_know_here,"['exchanged', 'deadliest', 'know', 'here', 'we', 'years', 'fire', 'their', 'afghanistan', 'what']","['Afghanistan and Pakistan exchanged their deadliest fire in years . Here what we know', 'Afghanistan and Pakistan exchanged their deadliest fire in years . Here what we know', 'Afghanistan and Pakistan exchanged their deadliest fire in years . Here what we know']"
1215,16,1215_judicial_malawi_complex_brazil,"['judicial', 'malawi', 'complex', 'brazil', 'expands', 'ferreira', 'jandyr', 'santos', 'construct', 'ethiopia']","['Malawi and China sign $80m agreement to construct judicial complex', '$80 Million Justice Boost : Malawi , China Seal Landmark Deal for State - of - the - Art Judicial Complex', 'Malawi : $80 Million Justice Boost - Malawi , China Seal Landmark Deal for State - of - the - Art Judicial Complex']"
1216,16,1216_bells_toward_turn_flopping,"['bells', 'toward', 'turn', 'flopping', 'acclaims', 'flip', 'assertive', 'secretly', 'most', 'fears']","['Analysis : What China fears most about Trump turn toward Russia', 'Alarm bells as Russia , China team up in Indo - Pacific', 'Alarm bells as Russia , China team up in Indo - Pacific']"
1217,16,1217_musk_rid_shut_aim,"['musk', 'rid', 'shut', 'aim', 'does', 'usaid', 'get', 'down', 'want', 'agreed']","['What USAID does , and why Trump and Musk want to get rid of it', 'What USAID does , and why Trump and Musk want to get rid of it', 'What is USAID , and why does Musk want to get rid of it ? ']"
1218,16,1218_weaponisation_slam_groups_block,"['weaponisation', 'slam', 'groups', 'block', 'weaponization', 'bradford', 'greek', 'interception', 'battered', 'argus']","['Arab world , aid groups slam Israel block on Gaza aid', 'Aid groups call on Israel to end  weaponisation  of aid in Gaza | Bradford Telegraph and Argus', 'Aid groups call on Israel to end  weaponisation  of aid in Gaza | Bradford Telegraph and Argus']"
1219,16,1219_hizbullah_gempur_negosiasi_selatan,"['hizbullah', 'gempur', 'negosiasi', 'selatan', 'yaonya', 'tolak', 'senjata', 'itashambulia', 'hizbollah', 'lolote']","['Israel Gempur Lebanon Selatan Usai Hizbullah Tolak Negosiasi', 'Israel Gempur Lebanon Selatan Usai Hizbullah Tolak Negosiasi', 'Israel Gempur Lebanon Selatan Usai Hizbullah Tolak Negosiasi']"
1220,16,1220_displacement_rejecting_forced_reconstruction,"['displacement', 'rejecting', 'forced', 'reconstruction', 'cairo', 'manar', 'adopts', 'residents', 'arab', 'reject']","['Arab Summit in Cairo Adopts Egypt Gaza Reconstruction Plan , Reject Displacement of Palestinian People – Al - Manar TV Lebanon', 'Arab summit backs Egypt Gaza reconstruction plan , rejects forced Palestinian displacement', 'Arab summit backs Egypt Gaza reconstruction plan , rejects forced Palestinian displacement']"
1221,16,1221_flchtlingen_berprfung_ordnet_ra,"['flchtlingen', 'berprfung', 'ordnet', 'ra', 'von', 'aus', 'biden', 'dow', 'aktien', 'leicht']","['Trump ordnet Überprüfung von Flüchtlingen aus Biden - Ära an', 'Trump ordnet Überprüfung von Flüchtlingen aus Biden - Ära an', 'Trump ordnet Überprüfung von Flüchtlingen aus Biden - Ära an']"
1222,16,1222_sustainable_fair_looks_rubio,"['sustainable', 'fair', 'looks', 'rubio', 'swiss', 'hoping', 'see', 'talk', 'peaceful', 'achieve']","['Rubio : US looks for  fair , sustainable  end to Russian war on Ukraine', 'Rubio : US looks for  fair , sustainable  end to Russian war on Ukraine', 'Rubio : US looks for  fair , sustainable  end to Russian war on Ukraine']"
1223,16,1223_frees_90_prisoners_takes,"['frees', '90', 'prisoners', 'takes', 'hostages', 'hold', 'returns', 'palestinian', 'teens', 'hurdle']","['Israel frees 90 Palestinian prisoners as ceasefire takes hold after Hamas returns 3 Israeli hostages', 'Israel frees 90 Palestinian prisoners as ceasefire takes hold after Hamas returns 3 Israeli hostages', 'Israel frees 90 Palestinian prisoners as ceasefire takes hold after Hamas returns 3 Israeli hostages']"
1224,16,1224_kindergarten_114_nursery_hospital,"['kindergarten', '114', 'nursery', 'hospital', 'reported', 'who', 'kindergartens', 'deadly', '661', 'prosecutor']","['WHO says 114 killed in strikes on Sudan kindergarten , hospital', 'WHO says 114 killed in strikes on Sudan kindergarten , hospital', 'WHO says 114 killed in strikes on Sudan kindergarten , hospital']"
1225,16,1225_resolutions_courage_pope_leo,"['resolutions', 'courage', 'pope', 'leo', 'peaceful', 'wars', 'christmas', 'address', 'ukriane', 'ahead']","['Pope Leo calls for peaceful resolutions to Gaza and Ukraine wars ahead of Trump - Putin meeting', 'Pope Leo calls for peaceful resolutions to Gaza and Ukraine wars ahead of Trump - Putin meeting', 'Pope Leo calls for peaceful resolutions to Gaza and Ukraine wars ahead of Trump - Putin meeting']"
1226,16,1226_desplazados_guerrillera_cientos_violencia,"['desplazados', 'guerrillera', 'cientos', 'violencia', 'muertos', '80', 'huyen', 'miles', 'ms', 'das']","['Más de 80 muertos y cientos de desplazados a Venezuela por la violencia guerrillera en Colombia', 'Más de 80 muertos y cientos de desplazados a Venezuela por violencia guerrillera en Colombia', 'Más de 80 muertos y cientos de desplazados a Venezuela por violencia guerrillera en Colombia']"
1227,16,1227_bombing_hours_still_truce,"['bombing', 'hours', 'still', 'truce', 'call', 'cambodia', 'thailand', 'after', 'says', 'trump']","['Cambodia says Thailand still bombing hours after Trump truce call', 'Cambodia says Thailand still bombing hours after Trump truce call', 'Cambodia says Thailand still bombing hours after Trump truce call']"
1228,16,1228_technical_skills_incident_enhance,"['technical', 'skills', 'incident', 'enhance', 'bangladesh', 'probe', 'earthquake', 'rsaf', 'campaigning', 'kunar']","['Italy offers Bangladesh technical support to enhance fire incident probe skills', 'Italy offers Bangladesh technical support to enhance fire incident probe skills', 'Italy offers Bangladesh technical support to enhance fire incident probe skills']"
1229,16,1229_kursk_allintelligence_linee_sfonda,"['kursk', 'allintelligence', 'linee', 'sfonda', 'mappa', 'nel', 'cos', 'cambia', 'mutuamente', 'norcoreana']","['Ucraina , la Russia sfonda le linee nel Kursk ( dopo lo stop degli united states allintelligence ): così cambia la mappa della guerra', 'Ucraina , la Russia sfonda le linee nel Kursk ( dopo lo stop degli united states allintelligence ): così cambia la mappa della guerra', 'Ucraina , la Russia sfonda le linee nel Kursk ( dopo lo stop degli united states allintelligence ): così cambia la mappa della guerra']"
1230,16,1230_petro_residen_colombianos_ac,"['petro', 'residen', 'colombianos', 'ac', 'invit', 'mejor', 'retornar', 'viven', 'averiguar', 'argentina']","['Petro invitó a retornar al país a los colombianos que residen en Argentina , Chile y EE . UU .:  Viven mejor acá  ', 'Petro invitó a retornar al país a los colombianos que residen en Argentina , Chile y EE . UU .:  Viven mejor acá  ', 'Petro invitó a retornar al país a los colombianos que residen en Argentina , Chile y EE . UU .:  Viven mejor acá  ']"
1231,16,1231_bukavu_goma_m23_rebels,"['bukavu', 'goma', 'm23', 'rebels', 'congo', 'monika', 'pronczuk', 'asadu', 'kabumba', 'chinedu']","['Rebel forces capture Congo Goma , leaving trail of death and destruction | Justin Kabumba , Chinedu Asadu & Monika Pronczuk\xa0 / The Associated Press', 'Rebel forces capture Congo Goma , leaving trail of death and destruction | Justin Kabumba , Chinedu Asadu & Monika Pronczuk\xa0 / The Associated Press', 'Congo : Why M23 rebels have seized the cities of Goma and Bukavu']"
1232,16,1232_kursk_dprk_counterattack_conducting,"['kursk', 'dprk', 'counterattack', 'conducting', 'directions', 'victoriously', 'concluded', 'kcna', 'region', 'multiple']","['DPRK troops operations in Russias Kursk victoriously concluded : KCNA', 'DPRK troop operations in Russia Kursk  victoriously concluded : KCNA', 'DPRK troop operations in Russia Kursk  victoriously concluded : KCNA']"
1233,16,1233_soldats_carte_pokrovsk_757,"['soldats', 'carte', 'pokrovsk', '757', 'rendu', 'explications', 'point', 'russes', 'combattant', 'morts']","['CARTE . Guerre en Ukraine : 100 000 soldats russes à Pokrovsk , 25 morts à Kiev … Le point du', 'CARTE . Guerre en Ukraine : 100 000 soldats russes à Pokrovsk , 25 morts à Kiev … Le point du', 'CARTE . Guerre en Ukraine : 100 000 soldats russes à Pokrovsk , 25 morts à Kiev … Le point du']"
1234,16,1234_wasted_doesnt_confirms_want,"['wasted', 'doesnt', 'confirms', 'want', 'off', 'now', 'meeting', 'he', 'disrupt', 'isw']","['Trump doesnt want  wasted meeting  with Putin as he confirms talks on Ukraine war are off for now', 'Trump doesnt want  wasted meeting  with Putin as he confirms talks on Ukraine war are off for now | News', 'Trump doesnt want  wasted meeting  with Putin as he confirms talks on Ukraine war are off for now | News']"
1235,16,1235_pasienyje_patikras_sugrietinus_lenkijai,"['pasienyje', 'patikras', 'sugrietinus', 'lenkijai', 'didesnius', 'pajgumus', 'ruoia', 'policija', 'nkvc', 'vsat']","['NKVC : Lenkijai sugriežtinus patikras pasienyje , VSAT ir policija ruošia didesnius pajėgumus', 'NKVC : Lenkijai sugriežtinus patikras pasienyje , VSAT ir policija ruošia didesnius pajėgumus', 'NKVC : Lenkijai sugriežtinus patikras pasienyje , VSAT ir policija ruošia didesnius pajėgumus']"
1236,16,1236_delegation_visits_strengthen_duped,"['delegation', 'visits', 'strengthen', 'duped', 'defence', 'cooperation', 'develop', 'multiple', 'elevate', 'areas']","['Russian delegation visits India to strengthen defence cooperation', 'Russian delegation visits India to strengthen defence cooperation', 'Russian delegation visits India to strengthen defence cooperation']"
1237,16,1237_outlines_conflicts_upcoming_domestic,"['outlines', 'conflicts', 'upcoming', 'domestic', 'asia', 'highlights', 'explained', 'record', 'impact', 'diplomatic']","['Donald Trump highlights record on global conflicts , outlines upcoming talks with Russia and Ukraine', 'Donald Trump highlights record on global conflicts , outlines upcoming talks with Russia and Ukraine', 'Donald Trump highlights record on global conflicts , outlines upcoming talks with Russia and Ukraine']"
1238,16,1238_gravierende_zugestndnisse_macht_verhandlungen,"['gravierende', 'zugestndnisse', 'macht', 'verhandlungen', 'selenskyj', 'bei', 'ukraine', '', '', '']","['Selenskyj macht bei Ukraine - Verhandlungen gravierende Zugeständnisse', 'Selenskyj macht bei Ukraine - Verhandlungen gravierende Zugeständnisse', 'Selenskyj macht bei Ukraine - Verhandlungen gravierende Zugeständnisse']"
1239,16,1239_spearheads_throughout_truce_egypt,"['spearheads', 'throughout', 'truce', 'egypt', 'efforts', '2025', 'reconstruction', 'xinhua', 'talks', 'welcomes']","['Egypt spearheads Gaza truce talks , aid efforts throughout 2025', 'Egypt spearheads Gaza truce talks , aid efforts throughout 2025', 'Egypt spearheads Gaza truce talks , aid efforts throughout 2025']"
1240,16,1240_alignment_reaffirm_korean_north,"['alignment', 'reaffirm', 'korean', 'north', 'their', 'leaders', 'russian', 'over', 'ahead', 'meeting']","['North Korean and Russian leaders reaffirm their alignment over Ukraine', 'North Korean and Russian leaders reaffirm their alignment over Ukraine', 'North Korean and Russian leaders reaffirm their alignment over Ukraine']"
1241,16,1241_consensus_fuxian_reaches_yunnan,"['consensus', 'fuxian', 'reaches', 'yunnan', 'point', 'meeting', 'cambodia', 'release', 'three', 'thailand']","['China - Cambodia - Thailand foreign minister meeting reaches three - point consensus', 'China - Cambodia - Thailand foreign minister meeting reaches three - point consensus', 'China - Cambodia - Thailand foreign minister meeting reaches three - point consensus']"
1242,16,1242_dc_where_staff_were,"['dc', 'where', 'staff', 'were', 'embassy', 'members', 'know', 'shooting', 'we', 'here']","['Here what we know about the DC shooting where 2 staff members of the Israeli Embassy were killed', 'Here what we know about the DC shooting where 2 staff members of the Israeli embassy were killed', 'Here what we know about the DC shooting where 2 staff members of the Israeli Embassy were killed']"
1243,16,1243_easter_brief_declares_breaching,"['easter', 'brief', 'declares', 'breaching', 'skeptically', 'truce', 'observer', 'announces', 'responds', 'each']","['Putin declares brief  Easter truce  in war with Ukraine', 'Putin declares brief  Easter truce  in war with Ukraine', 'Putin declares brief  Easter truce  in war with Ukraine']"
1244,16,1244_acknowledges_finally_ceremony_time,"['acknowledges', 'finally', 'ceremony', 'time', 'troop', 'involvement', 'returning', 'north', 'jong', '1st']","['Russia acknowledges North Korea troops fighting Ukraine war for first time', 'Russia acknowledges North Korea troops fighting Ukraine war for first time', 'Russia acknowledges North Korea troops fighting Ukraine war for first time']"
1245,16,1245_detentions_crossing_returns_channel,"['detentions', 'crossing', 'returns', 'channel', 'under', 'first', 'france', 'migrants', 'kingdom', 'deal']","['First detentions of migrants crossing Channel under united kingdom - France returns deal', 'First detentions of migrants crossing Channel under united kingdom - France returns deal', 'First detentions of migrants crossing Channel under united kingdom - France returns deal']"
1246,16,1246_updates_live_pressures_radical,"['updates', 'live', 'pressures', 'radical', 'urgent', 'hold', 'changes', 'close', 'invasion', 'tariffs']","['Russia , Ukraine Hold First Peace Talks in Over 3 Years : Live Updates', 'Russia , Ukraine Hold First Peace Talks in Over 3 Years : Live Updates', 'Russia , Ukraine Hold First Peace Talks in Over 3 Years : Live Updates']"
1247,16,1247_tribunal_permite_nicaragua_temporal,"['tribunal', 'permite', 'nicaragua', 'temporal', 'nepal', 'apelaciones', 'permiti', 'supremo', 'retirar', 'tps']","['Un tribunal permite a Trump poner fin a la protección temporal para más de 60 . 000 migrantes de Honduras , Nicaragua y Nepal', 'Un tribunal permite a Trump poner fin a la protección temporal para más de 60 . 000 migrantes de Honduras , Nicaragua y Nepal', 'Un tribunal permite a Trump poner fin a la protección temporal para más de 60 . 000 migrantes de Honduras , Nicaragua y Nepal']"
1248,16,1248_cyprus_underlying_christodoulides_greece,"['cyprus', 'underlying', 'christodoulides', 'greece', 'ambitions', 'jerusalem', 'outlines', 'sukkot', 'issue', 'attend']","['Turkey key underlying issue as Israel , Greece , Cyprus hold summit', 'Turkey key underlying issue as Israel , Greece , Cyprus hold summit', 'Turkey key underlying issue as Israel , Greece , Cyprus hold summit']"
1249,16,1249_nine_minibus_falter_drone,"['nine', 'minibus', 'falter', 'drone', 'direct', 'russian', 'moscow', 'kills', 'attack', 'killed']","['Nine killed in Russian drone attack on Ukraine after talks', 'Nine killed in Russian drone attack on Ukraine after talks', 'Nine killed in Russian drone attack on Ukraine after talks']"
1250,16,1250_bloodbath_speak_outlines_bloodshed,"['bloodbath', 'speak', 'outlines', 'bloodshed', 'end', 'talk', 'will', 'putin', 'vladimir', 'firstpost']","['Trump says will speak to Putin to end Ukraine  bloodbath  ', 'Trump says will speak to Putin to end Ukraine  bloodbath  ', 'Trump says will speak to Putin to end Ukraine  bloodbath  ']"
1251,16,1251_ordered_lawyers_returned_prisoner,"['ordered', 'lawyers', 'returned', 'prisoner', 'venezuelan', 'exchange', 'sent', 'home', 'country', 'under']","['Lawyers say Venezuelan migrant ordered returned to US sent to home country under prisoner exchange', 'Lawyers say Venezuelan migrant ordered returned to US sent to home country under prisoner exchange', 'Lawyers say Venezuelan migrant ordered returned to US sent to home country under prisoner exchange']"
1252,16,1252_african_receiving_nations_due,"['african', 'receiving', 'nations', 'due', 'escalate', 'third', 'hosting', 'country', 'criminals', 'dey']","['More African nations are receiving third - country immigrants deported by US . Here what to know', 'More African nations are receiving third - country immigrants deported by US . Here what to know', 'More African nations are receiving third - country immigrants deported by US . Here what to know']"
1253,16,1253_paramilitaries_port_launch_army,"['paramilitaries', 'port', 'launch', 'army', 'first', 'facto', 'time', 'attack', 'sudan', 'strike']","['Paramilitaries launch first attack on Port Sudan : army', 'Paramilitaries launch first attack on Port Sudan : army', 'Paramilitaries launch first attack on Port Sudan : army']"
1254,16,1254_each_bonus_recruitment_youth,"['each', 'bonus', 'recruitment', 'youth', '146', 'lists', 'prisoners', 'side', 'cash', '205']","['Cash bonus for a year fighting Russia ? Inside Ukraine youth recruitment drive', 'Cash bonus for a year fighting Russia ? Inside Ukraine youth recruitment drive', 'Cash bonus for a year fighting Russia ? Inside Ukraine youth recruitment drive']"
1255,16,1255_loophole_pakistanis_visa_exploits,"['loophole', 'pakistanis', 'visa', 'exploits', '50k', 'quintuple', 'lodge', 'loopholes', 'hurdles', 'using']","['Pakistan exploits united kingdom visa system as asylum claims quintuple in legal route loophole – NaturalNews . com', 'People from Pakistan are using holiday , work and student visa  loophole to lodge record number of united kingdom asylum claims , new figures show', 'People from Pakistan are using holiday , work and student visa  loophole to lodge record number of united kingdom asylum claims , new figures show']"
1256,16,1256_churches_settler_holy_condemn,"['churches', 'settler', 'holy', 'condemn', 'settlers', 'torch', 'scrawl', 'hateful', 'clerics', 'land']","['Leaders of Holy Land churches condemn Israeli settler violence during a West Bank visit', 'Leaders of Holy Land churches condemn Israeli settler violence during a West Bank visit', 'Leaders of Holy Land churches condemn Israeli settler violence during a West Bank visit']"
1257,16,1257_lapses_ids_47_fake,"['lapses', 'ids', '47', 'fake', 'entered', 'shocking', 'dhs', 'reveals', 'biden', 'under']","['DHS report reveals shocking lapses : 47 migrants entered US with fake IDs under Biden', 'DHS report reveals shocking lapses : 47 migrants entered US with fake IDs under Biden', 'DHS report reveals shocking lapses : 47 migrants entered US with fake IDs under Biden']"
1258,16,1258_53_paramilitary_darfur_group,"['53', 'paramilitary', 'darfur', 'group', 'mostly', 'sudanese', 'kills', 'people', 'times', '13']","['A Sudanese paramilitary attack kills at least 53 people in Darfur , an aid group says', 'A Sudanese paramilitary attack kills at least 53 people in Darfur , an aid group says', 'A Sudanese paramilitary attack kills at least 53 people in Darfur , an aid group says']"
1259,16,1259_travel_travelers_heightened_warnings,"['travel', 'travelers', 'heightened', 'warnings', 'warning', 'avoid', 'destination', 'caution', 'intensify', 'citizens']","['Travel Warnings Intensify as U . S . and France Urge Citizens to Avoid Syria and Iran', 'Travel Warnings Intensify as U . S . and France Urge Citizens to Avoid Syria and Iran', 'Travel Warnings Intensify as U . S . and France Urge Citizens to Avoid Syria and Iran']"
1260,16,1260_aukus_submarines_downplays_powered,"['aukus', 'submarines', 'downplays', 'powered', 'australians', 'build', 'majority', 'footing', 'doubt', 'steam']","['Australia , united kingdom sign 50 - year AUKUS deal on nuclear - powered submarines', 'Australia , united kingdom sign 50 - year AUKUS deal on nuclear - powered submarines', 'Australia , united kingdom sign 50 - year AUKUS deal on nuclear - powered submarines']"
1261,16,1261_repatriations_lands_resume_flight,"['repatriations', 'lands', 'resume', 'flight', 'accepting', 'repatriation', 'venezuela', 'countries', 'agree', 'start']","['First deportation flight lands in Venezuela from US , after countries agree to resume repatriations', 'First deportation flight lands in Venezuela from US , after countries agree to resume repatriations', 'First deportation flight lands in Venezuela from US , after countries agree to resume repatriations']"
1262,16,1262_sept_until_16_blocks,"['sept', 'until', '16', 'blocks', 'guatemalan', 'judge', 'children', 'deportation', 'us', 'of']","['Judge blocks US deportation of Guatemalan children until Sept . 16', 'Judge blocks US deportation of Guatemalan children until Sept . 16', 'Judge blocks US deportation of Guatemalan children until Sept . 16']"
1263,16,1263_paramilitaries_darfur_53_57,"['paramilitaries', 'darfur', '53', '57', '480', 'kill', 'least', 'dominican', 'sudanese', 'camps']","['Group says attack by Sudanese paramilitaries in Darfur kills at least 53', 'Group says attack by Sudanese paramilitaries in Darfur kills at least 53', 'Sudan paramilitaries kill at least 100 people in Darfur attack , UN says']"
1264,16,1264_sept_until_16_blocks,"['sept', 'until', '16', 'blocks', 'guatemalan', 'judge', 'children', 'deportation', 'us', 'of']","['Judge blocks US deportation of Guatemalan children until Sept . 16', 'Judge blocks US deportation of Guatemalan children until Sept . 16', 'Judge blocks US deportation of Guatemalan children until Sept . 16']"
1265,16,1265_knapp_entkommen_tod_irans,"['knapp', 'entkommen', 'tod', 'irans', 'dem', 'prsident', 'verletzt', 'nur', 'mit', 'startet']","[' „ Knapp dem Tod entkommen  – Irans Präsident im Krieg mit Israel verletzt', ' „ Knapp dem Tod entkommen  – Irans Präsident im Krieg mit Israel verletzt', ' „ Knapp dem Tod entkommen  – Irans Präsident im Krieg mit Israel verletzt']"
1266,16,1266_comprehensive_factbox_effect_treaties,"['comprehensive', 'factbox', 'effect', 'treaties', 'comes', 'treaty', 'matters', 'partnership', 'strategic', 'iran']","['Russia - Iran comprehensive partnership treaty comes into force', 'Russia - Iran comprehensive partnership treaty comes into force', 'Russia - Iran comprehensive partnership treaty comes into force']"
1267,16,1267_pressure_buildup_exert_sinai,"['pressure', 'buildup', 'exert', 'sinai', 'domestic', 'mounts', 'reduce', 'asks', 'morocco', 'troop']","['Israeli prime minister asks US to pressure Egypt to reduce Sinai troop buildup : Report', 'Israeli prime minister asks US to pressure Egypt to reduce Sinai troop buildup : Report', 'Israeli prime minister asks US to pressure Egypt to reduce Sinai troop buildup : Report']"
1268,16,1268_coup_afgrende_diplomati_uge,"['coup', 'afgrende', 'diplomati', 'uge', 'restore', 'udenrigschef', 'ukraines', 'invasjonen', 'slik', 'diplomatiet']","['Slik har diplomatiet mellom Ukraina og Russland vært siden invasjonen - Teknisk Ukeblad', 'Slik har diplomatiet mellom Ukraina og Russland vært siden invasjonen - Teknisk Ukeblad', 'Slik har diplomatiet mellom Ukraina og Russland vært siden invasjonen - Teknisk Ukeblad']"
1269,16,1269_bt_kinh_hp_tc,"['bt', 'kinh', 'hp', 'tc', 'ht', 'tay', 'ty', 'pht', 'chp', 'phn']","['TASS : Iran và Nga thúc đẩy hợp tác kinh tế bất chấp lệnh trừng phạt', 'Cuộc họp 3 bên về vấn đề hạt nhân Iran ra tuyên bố chung Bắc Kinh', 'Iran và Nga thúc đẩy hợp tác kinh tế bất chấp lệnh trừng phạt']"
1270,16,1270_circumstance_borne_seok_friends,"['circumstance', 'borne', 'seok', 'friends', 'convene', 'academia', 'arkansa', 'affirm', 'seoul', 'japan']","['Japan and South Korea : Friends borne out of circumstance', 'Japan and South Korea : Friends borne out of circumstance', 'Japan and South Korea : Friends borne out of circumstance']"
1271,16,1271_locked_remote_danger_hotel,"['locked', 'remote', 'danger', 'hotel', 'promising', 'lawyers', 'residency', 'nicaraguan', 'refuge', 'haitian']","['  We are in danger : Migrants deported from US were locked in hotel and held at remote camp in Panama , lawyers say – HAITIAN - TRUTH . ORG Proud to be Haiti most informative NEWS site', '  We are in danger : Migrants deported from US were locked in hotel and held at remote camp in Panama , lawyers say – HAITIAN - TRUTH . ORG Proud to be Haiti most informative NEWS site', '  We are in danger : Migrants deported from US were locked in hotel and held at remote camp in Panama , lawyers say – HAITIAN - TRUTH . ORG Proud to be Haiti most informative NEWS site']"
1272,16,1272_150_mercenaries_than_chinese,"['150', 'mercenaries', 'than', 'chinese', 'fighting', 'more', 'are', 'says', 'russia', 'for']","['Ukraine says more than 150 Chinese mercenaries are fighting for Russia', 'Ukraine says more than 150 Chinese mercenaries are fighting for Russia', 'Ukraine says more than 150 Chinese mercenaries are fighting for Russia']"
1273,16,1273_recruited_mercenaries_150_alleges,"['recruited', 'mercenaries', '150', 'alleges', '155', 'chinese', 'there', 'volodymyr', 'fighting', 'than']","['More than 150 Chinese mercenaries recruited by Putin fighting with Russia against Ukraine , says Zelensky', 'More than 150 Chinese mercenaries recruited by Putin fighting with Russia against Ukraine , says Zelensky', 'More than 150 Chinese mercenaries recruited by Putin fighting with Russia against Ukraine , says Zelensky']"
1274,16,1274_piano_respingiamo_allaustralia_forza,"['piano', 'respingiamo', 'allaustralia', 'forza', 'paracadutato', 'decisione', 'dalla', 'germania', 'loccupazione', 'progetta']","['Gaza , dalla Germania allAustralia no al piano di Israele . Tajani : respingiamo con forza la decisione . LItalia ha paracadutato gli aiuti', 'Gaza , dalla Germania allAustralia no al piano di Israele . Tajani : respingiamo con forza la decisione . LItalia ha paracadutato gli aiuti', 'Gaza , dalla Germania allAustralia no al piano di Israele . Tajani : respingiamo con forza la decisione . LItalia ha paracadutato gli aiuti']"
1275,16,1275_forcing_bluff_bombardments_intention,"['forcing', 'bluff', 'bombardments', 'intention', 'reveal', 'rain', 'goals', 'aimed', 'guesswork', 'bluster']","['Putin calls Trump bluff : Missiles rain down on Ukraine as Donald deadline for ceasefire arrives , with no sign Russia has any intention of ending bombardments , despite sanction threats', 'Putin calls Trump bluff : Missiles rain down on Ukraine as Donald deadline for ceasefire arrives , with no sign Russia has any intention of ending bombardments , despite sanction threats', 'Putin calls Trump bluff : Missiles rain down on Ukraine as Donald deadline for ceasefire arrives , with no sign Russia has any intention of ending bombardments , despite sanction threats']"
1276,16,1276_captured_nationals_intends_anything,"['captured', 'nationals', 'intends', 'anything', 'chinese', 'two', 'fighting', 'zelensky', 'do', 'claims']","['Zelensky says Ukraine captured two Chinese nationals fighting for Russia', 'Zelensky Says Ukraine Captured Two Chinese Nationals Fighting For Russia', 'Zelensky says Ukraine captured two Chinese nationals fighting for Russia']"
1277,16,1277_shashi_tharoor_feminists_liberating,"['shashi', 'tharoor', 'feminists', 'liberating', 'shekhawat', 'pakisan', 'befitting', 'gajendra', 'objective', 'indira']","['  Liberating Bangladesh Had A Clear Objective ; Shelling Pakistan Doesnt : Shashi Tharoor Welcomes Ceasefire', 'India Pakistan Ceasefire , Operation Sindoor : 1971 , 2025 Not Same : Shashi Tharoor Amid Congres Indira Gandhi Campaign', 'India Pakistan Ceasefire , Operation Sindoor : 1971 , 2025 Not Same : Shashi Tharoor Amid Congres Indira Gandhi Campaign']"
1278,16,1278_bb_habitations_durement_endommags,"['bb', 'habitations', 'durement', 'endommags', 'ferroviaire', 'touchs', 'sabot', 'survole', 'protg', 'roumanie']","['Guerre en Ukraine : bébé de 1 an tué dans une attaque de drones russes , minibus et habitations endommagés … les civils durement touchés', 'Guerre en Ukraine : bébé de 1 an tué dans une attaque de drones russes , minibus et habitations endommagés … les civils durement touchés', 'Guerre en Ukraine : bébé de 1 an tué dans une attaque de drones russes , minibus et habitations endommagés … les civils durement touchés']"
1279,15,1279_arrests_recorded_lowest_surpass,"['arrests', 'recorded', 'lowest', 'surpass', 'unhappy', 'lower', 'ever', 'czar', 'march', 'previous']","['Migrant arrests at US - Mexico border in March lowest ever recorded', 'Migrant arrests at US - Mexico border in March lowest ever recorded', 'Migrant arrests at US - Mexico border in March lowest ever recorded']"
1280,15,1280_prevent_collapse_determined_overnight,"['prevent', 'collapse', 'determined', 'overnight', 'airstrikes', 'presence', 'fragile', 'steps', 'vows', 'ceasefire']","['US determined to prevent the collapse of the Gaza ceasefire after overnight airstrikes', 'US determined to prevent the collapse of the Gaza ceasefire after overnight airstrikes', 'US determined to prevent the collapse of the Gaza ceasefire after overnight airstrikes']"
1281,15,1281_marcaron_ntpe_muertas_estiman,"['marcaron', 'ntpe', 'muertas', 'estiman', 'enero', 'causan', 'narcolancha', 'horas', 'hammad', 'seguidores']","['Desde el alto el fuego en Gaza hasta los ataques a  narcolancha cerca de Venezuela : las 10 noticias que marcaron el mundo en 2025 | ntpe | Mundo', 'Desde el alto el fuego en Gaza hasta los ataques a  narcolancha cerca de Venezuela : las 10 noticias que marcaron el mundo en 2025 | ntpe | Mundo', 'Desde el alto el fuego en Gaza hasta los ataques a  narcolancha cerca de Venezuela : las 10 noticias que marcaron el mundo en 2025 | ntpe | Mundo']"
1282,15,1282_belarus_allies_raft_boost,"['belarus', 'allies', 'raft', 'boost', 'bilateral', 'agree', 'defense', 'agreements', 'russian', 'part']","['Russian allies Belarus and Iran agree to boost bilateral defense ties', 'Russian allies Belarus and Iran agree to boost bilateral defense ties', 'Russian allies Belarus and Iran agree to boost bilateral defense ties']"
1283,15,1283_southeast_address_asian_ministers,"['southeast', 'address', 'asian', 'ministers', 'malaysia', 'meet', 'cambodia', 'thailand', 'conflict', 'border']","['Southeast Asian ministers meet in Malaysia to address Thailand - Cambodia border conflict', 'Southeast Asian ministers meet in Malaysia to address Thailand - Cambodia border conflict', 'Southeast Asian ministers meet in Malaysia to address Thailand - Cambodia border conflict']"
1284,15,1284_cuccinelli_catch_overflow_newsmax,"['cuccinelli', 'catch', 'overflow', 'newsmax', 'helps', 'cut', 'biden', 'refugee', '1090kaay', '1440']","['Cuccinelli to Newsmax : Trump Refugee Cut Helps US  Catch Up  on Biden Overflow', 'Cuccinelli to Newsmax : Trump Refugee Cut Helps US  Catch Up  on Biden Overflow', 'Cuccinelli to Newsmax : Trump Refugee Cut Helps US  Catch Up  on Biden Overflow']"
1285,15,1285_respeta_reglas_examina_bruselas,"['respeta', 'reglas', 'examina', 'bruselas', 'francia', 'migratorio', 'reino', 'unido', 'acuerdo', 'examinar']","['Bruselas examina si el acuerdo migratorio entre Francia y Reino Unido respeta las reglas de la UE', 'Bruselas examina si el acuerdo migratorio entre Francia y Reino Unido respeta las reglas de la UE', 'Bruselas examina si el acuerdo migratorio entre Francia y Reino Unido respeta las reglas de la UE']"
1286,15,1286_24_160_25_30,"['24', '160', '25', '30', '', '', '', '', '', '']","['جو 24 : رئيس أركان الجيش السوداني : وصلنا إلى  نقاط فاصلة  ', 'جو 24 : محللون إسرائيليون : عملية  حي الزيتون  قد تغير مسار الحرب', 'جو 24 : الحكومة السودانية تطرح وقفا شاملا لإطلاق النار تحت رقابة دولية وإقليمية']"
1287,15,1287_dzie_wojna_rosji_inwazji,"['dzie', 'wojna', 'rosji', 'inwazji', 'ywo', 'ukrain', 'lipca', 'ukrainie', '1249', 'ukrajince']","['Wojna w Ukrainie . 18 lipca , 1241 . dzień inwazji [ NA ŻYWO ] ', 'Wojna w Ukrainie . 26 lipca 2025 r ., 1249 . dzień inwazji [ NA ŻYWO ] ', 'Wojna w Ukrainie . 26 lipca 1249 . dzień inwazji [ NA ŻYWO ] ']"
1288,15,1288_pivot_brexit_strengthen_relations,"['pivot', 'brexit', 'strengthen', 'relations', 'britain', 'post', 'roundup', 'germany', 'xinhua', 'france']","['Britain to strengthen relations with Germany , France amid post - Brexit pivot', 'Britain to strengthen relations with Germany , France amid post - Brexit pivot', 'Britain to strengthen relations with Germany , France amid post - Brexit pivot']"
1289,15,1289_dment_appel_meurtrires_nuit,"['dment', 'appel', 'meurtrires', 'nuit', 'frappes', 'point', 'cuba', 'sur', 'guerre', 'le']","['Guerre en Ukraine : frappes meurtrières , appel à Trump , Cuba dément ... Le point sur la nuit', 'Guerre en Ukraine : frappes meurtrières , appel à Trump , Cuba dément ... Le point sur la nuit', 'Guerre en Ukraine : frappes meurtrières , appel à Trump , Cuba dément ... Le point sur la nuit']"
1290,15,1290_rdc_m23_bukavu_lua,"['rdc', 'm23', 'bukavu', 'lua', 'engags', 'laroport', 'casques', 'respaldo', 'bleus', 'dassassinat']","['RDC : le M23 entre dans Bukavu , Tshisekedi renonce au sommet de lUA', 'RDC : le M23 prend laéroport de Bukavu , lUA appelle à un cessez - le - feu', 'RDC : le M23 prend laéroport de Bukavu , lUA appelle à un cessez - le - feu']"
1291,15,1291_tilt_maldives_pro_reset,"['tilt', 'maldives', 'pro', 'reset', 'brief', 'resets', 'cr', 'modi', 'ties', 'packed']","['PM Modi reset India - Maldives ties amid a brief pro - China tilt', 'PM Modi reset India - Maldives ties amid a brief pro - China tilt', 'PM Modi reset India - Maldives ties amid a brief pro - China tilt']"
1292,15,1292_satellite_photos_ablaze_refinery,"['satellite', 'photos', 'ablaze', 'refinery', 'show', 'sets', 'oil', 'largest', 'country', 'civil']","['Fighting in Sudan civil war sets ablaze the country largest oil refinery , satellite photos show', 'Fighting in Sudan civil war sets ablaze the country largest oil refinery , satellite photos show', 'Fighting in Sudan civil war sets ablaze the country largest oil refinery , satellite photos show']"
1293,15,1293_aukus_rivalry_stable_commitment,"['aukus', 'rivalry', 'stable', 'commitment', 'keen', 'deepen', 'trails', 'economic', 'britain', 'race']","['Britain , Australia to deepen AUKUS commitment , economic ties', 'Britain , Australia to deepen AUKUS commitment , economic ties', 'Britain , Australia to deepen AUKUS commitment , economic ties']"
1294,15,1294_unified_bloc_southeast_asian,"['unified', 'bloc', 'southeast', 'asian', 'nations', 'tariffs', 'want', 'malaysia', 'protectionism', 'pragmatism']","['Southeast Asian nations want to discuss tariffs with Trump as a unified bloc , Malaysia PM says', 'Southeast Asian nations want to discuss tariffs with Trump as a unified bloc , Malaysia PM says', 'Southeast Asian nations want to discuss tariffs with Trump as a unified bloc , Malaysia PM says']"
1295,15,1295_font_penh_phnom_affrontements,"['font', 'penh', 'phnom', 'affrontements', '33', 'morts', 'appelle', 'paramilitaires', 'thalande', 'cambodge']","['Les affrontements entre Cambodge et Thaïlande font 33 morts , Phnom Penh appelle au cessez - le - feu', 'Les affrontements entre Cambodge et Thaïlande font 33 morts , Phnom Penh appelle au cessez - le - feu', 'Les affrontements entre Cambodge et Thaïlande font 33 morts , Phnom Penh appelle au cessez - le - feu']"
1296,15,1296_apr_threaten_finalises_advises,"['apr', 'threaten', 'finalises', 'advises', 'afghan', 'id', 'detain', '12', 'approaches', 'carry']","['US and Pakistan threaten Afghan migrants with deportation - 12 - Apr - 2025', 'US and Pakistan threaten Afghan migrants with deportation - 12 - Apr - 2025', 'US and Pakistan threaten Afghan migrants with deportation - 12 - Apr - 2025']"
1297,15,1297_stunning_hard_verdict_admission,"['stunning', 'hard', 'verdict', 'admission', 'obama', 'asap', 'thought', 'climb', 'done', 'gives']","['Obama Russia ambassador gives stunning verdict on Trump Ukraine peace talks', 'Obama Russia ambassador gives stunning verdict on Trump Ukraine peace talks', 'Obama Russia ambassador gives stunning verdict on Trump Ukraine peace talks']"
1298,15,1298_freed_jails_prisons_140,"['freed', 'jails', 'prisons', '140', '141', 'torkham', 'afghan', 'pakistani', 'detainees', 'iraq']","['Over 140 Afghan Migrants Freed from Pakistani Jails', '29 Afghan migrants freed from Pakistani jails', '29 Afghan migrants freed from Pakistani jails']"
1299,15,1299_flotilla_preventing_safety_aboard,"['flotilla', 'preventing', 'safety', 'aboard', 'concerned', 'ships', 'italy', 'deploy', 'naval', 'australians']","['Italy PM tells Gaza aid flotilla to stop or risk  preventing peace  ', 'Italy PM tells Gaza aid flotilla to stop or risk  preventing peace  ', 'Italy PM tells Gaza aid flotilla to stop or risk  preventing peace  ']"
1300,15,1300_scenes_behind_step_up,"['scenes', 'behind', 'step', 'up', 'leaders', 'efforts', 'world', 'end', 'the', 'at']","['World leaders step up efforts behind the scenes at the UN to end the war in Sudan', 'World leaders step up efforts behind the scenes at the UN to end the war in Sudan', 'World leaders step up efforts behind the scenes at the UN to end the war in Sudan']"
1301,15,1301_reductions_intensifies_rages_expected,"['reductions', 'intensifies', 'rages', 'expected', 'troop', 'call', 'ahead', 'cambodia', '3rd', 'fighting']","['New Thai foreign minister calls for troop reductions with Cambodia', 'New Thai foreign minister calls for troop reductions with Cambodia', 'New Thai foreign minister calls for troop reductions with Cambodia']"
1302,15,1302_persist_steps_clashes_agreed,"['persist', 'steps', 'clashes', 'agreed', 'cambodia', 'agree', 'but', 'thailand', 'stop', 'have']","['Thailand and Cambodia agree to ceasefire talks after Trump steps in , but border clashes persist', 'Thailand and Cambodia agree to ceasefire talks after Trump steps in , but border clashes persist', 'Thailand and Cambodia agree to ceasefire talks after Trump steps in , but border clashes persist']"
1303,15,1303_sermon_christmas_decries_conditions,"['sermon', 'christmas', 'decries', 'conditions', 'pope', 'leo', 'bethlehem', 'festive', 'palestinians', 'celebrates']","['In first Christmas sermon , Pope Leo decries conditions for Palestinians in Gaza', 'In first Christmas sermon , Pope Leo decries conditions for Palestinians in Gaza', 'In first Christmas sermon , Pope Leo decries conditions for Palestinians in Gaza']"
1304,15,1304_overloaded_cyprus_mediterranean_island,"['overloaded', 'cyprus', 'mediterranean', 'island', 'sentences', 'trying', 'boat', 'aboard', 'bringing', 'reach']","['Cyprus says Syria will take back citizens trying to reach the Mediterranean island by boat', 'Cyprus says Syria will take back citizens trying to reach the Mediterranean island by boat', 'Cyprus says Syria will take back citizens trying to reach the Mediterranean island by boat']"
1305,15,1305_francis_rebukes_pope_prays,"['francis', 'rebukes', 'pope', 'prays', 'cardinal', 'badly', 'rome', 'deportations', 'mcelroy', 'brought']","['Pope Francis rebukes Trump deportations', 'Pope Francis rebukes Trump deportations', 'Pope Francis rebukes Trump deportations']"
1306,15,1306_xung_ngy_rng_trong,"['xung', 'ngy', 'rng', 'trong', 'sau', 'nghi', 'nt', 'vi', 'nhn', 'cao']","['Loạt căn cứ Israel nghi trúng tên lửa Iran trong xung đột 12 ngày', 'Lãnh tụ tối cao Iran lần đầu xuất hiện công khai sau xung đột với Israel', 'Lãnh tụ tối cao Iran lần đầu xuất hiện công khai sau xung đột với Israel']"
1307,15,1307_austria_stabbing_afraid_syrian,"['austria', 'stabbing', 'afraid', 'syrian', 'knife', 'holocaust', 'memorial', 'arrested', 'festival', 'berlin']","['Syrian arrested after deadly stabbing attack in Austria', 'Syrian arrested after deadly stabbing attack in Austria', 'Syrian arrested after deadly stabbing attack in Austria']"
1308,15,1308_travels_momentum_emirates_grows,"['travels', 'momentum', 'emirates', 'grows', 'arab', 'zelenskyy', 'president', 'uae', 'talks', 'peace']","['Ukraine President Zelenskyy travels to United Arab Emirates as momentum grows for war peace talks', 'Ukraine President Zelenskyy travels to United Arab Emirates as momentum grows for war peace talks', 'Ukraine President Zelenskyy travels to United Arab Emirates as momentum grows for war peace talks']"
1309,15,1309_600_10_000_,"['600', '10', '000', '', '', '', '', '', '', '']","['Рубио : САД бараат фер и одржлив крај на руската војна против Украина', 'Зеленски : Украина нема да преживее 10 години војна', 'НЕ 600 , ТУКУ 2 . 000 ВОЈНИЦИ НА КИМ ЈОНГ УН ЗАГИНАЛЕ ВО УКРАИНА ? Проценката на Јужна Кореја е дека петина од досега испратените се мртви']"
1310,15,1310_guinea_papua_influence_grows,"['guinea', 'papua', 'influence', 'grows', 'pact', 'defense', 'australia', 'sign', 'new', 'forge']","['Australia and Papua New Guinea to sign defense pact as China influence grows', 'Australia and Papua New Guinea to sign defense pact as China influence grows', 'Australia and Papua New Guinea to sign defense pact as China influence grows']"
1311,15,1311_presente_responsvel_nenhum_cimeira,"['presente', 'responsvel', 'nenhum', 'cimeira', 'paz', 'firmar', 'jueves', 'irlanda', 'alcanzar', 'aprender']","['Nenhum responsável israelita estará presente na  cimeira de paz  ', 'Nenhum responsável israelita estará presente na  cimeira de paz  ', 'Nenhum responsável israelita estará presente na  cimeira de paz  ']"
1312,15,1312_derail_trying_cut_ready,"['derail', 'trying', 'cut', 'ready', 'complete', 'off', 'govern', 'put', 'hamas', 'surrender']","['Hamas says Israel trying to derail ceasefire as Gaza aid cut off', 'Hamas says Israel trying to derail ceasefire as Gaza aid cut off', 'Hamas says Israel trying to derail ceasefire as Gaza aid cut off']"
1313,15,1313_zamzam_camp_activities_heavy,"['zamzam', 'camp', 'activities', 'heavy', 'stricken', 'due', 'impossible', 'doctors', 'idp', 'unable']","['Doctors Without Borders halts activities at Sudan Zamzam camp due to heavy fighting', 'Doctors Without Borders halts activities at Sudan Zamzam camp due to heavy fighting', 'Doctors Without Borders halts activities at Sudan Zamzam camp due to heavy fighting']"
1314,15,1314_visiting_philippines_deterrence_dnd,"['visiting', 'philippines', 'deterrence', 'dnd', 'pact', 'canada', 'sovfa', 'eyes', 'forces', 'april']","['Canada and the Philippines Sign a Status of Visiting Forces Agreement', 'Canada and the Philippines Sign a Status of Visiting Forces Agreement', 'Canada and the Philippines Sign a Status of Visiting Forces Agreement']"
1315,15,1315_captulo_antifascista_expulsan_expres,"['captulo', 'antifascista', 'expulsan', 'expres', '34', 'parte', 'rechazo', 'colombianos', 'sanciones', 'remesas']","['Expulsan a 34 colombianos como parte de acuerdo con Estados Unidos', 'Expulsan a 34 colombianos como parte de acuerdo con Estados Unidos', 'Expulsan a 34 colombianos como parte de acuerdo con Estados Unidos']"
1316,15,1316_kurdish_dam_sdf_destabilising,"['kurdish', 'dam', 'sdf', 'destabilising', 'around', 'patrol', 'recovering', 'denounces', 'northern', 'rises']","['Conflict between Turkey and Kurdish groups rises around key dam in northern Syria', 'Conflict between Turkey and Kurdish groups rises around key dam in northern Syria', 'Conflict between Turkey and Kurdish groups rises around key dam in northern Syria']"
1317,15,1317_democratic_territory_today_congo,"['democratic', 'territory', 'today', 'congo', 'occupied', 'republic', 'penalty', 'mozambique', 'forum', 'fund']","['Today top news : Occupied Palestinian Territory , Ukraine , Syria , Democratic Republic of the Congo', 'Today top news : Occupied Palestinian Territory , Democratic Republic of the Congo , Afghanistan', 'Today top news : Sudan , Occupied Palestinian Territory , Democratic Republic of the Congo']"
1318,15,1318_occupation_kuna_politics_resumed,"['occupation', 'kuna', 'politics', 'resumed', 'objects', 'displacing', 'denounce', 'repeated', 'gazans', 'oic']","['KUNA : Egypt rejects displacement of Gazans by Israeli occupation - Politics', 'KUNA : Egypt rejects displacement of Gazans by Israeli occupation - Politics', 'KUNA : Egypt rejects displacement of Gazans by Israeli occupation - Politics']"
1319,15,1319_tabletop_hadr_capabilities_honolulu,"['tabletop', 'hadr', 'capabilities', 'honolulu', 'exercise', 'quad', 'disaster', 'hosts', 'indo', 'pacific']","['US hosts Quad HADR Tabletop Exercise in Honolulu to strengthen disaster - response capabilities across Indo - Pacific', 'US hosts Quad HADR Tabletop Exercise in Honolulu to strengthen disaster - response capabilities across Indo - Pacific', 'US hosts Quad HADR Tabletop Exercise in Honolulu to strengthen disaster - response capabilities across Indo - Pacific']"
1320,15,1320_constrained_morally_justified_clear,"['constrained', 'morally', 'justified', 'clear', 'legally', 'minimization', 'campaign', 'there', 'yale', 'professor']","['Military , Legal Experts : Israel Gaza Campaign  Morally Justified and Legally Constrained  ', 'Military , Legal Experts : Israel Gaza Campaign  Morally Justified and Legally Constrained  ', 'Military , Legal Experts : Israel Gaza Campaign  Morally Justified and Legally Constrained  ']"
1321,15,1321_reopen_rafah_crossing_passage,"['reopen', 'rafah', 'crossing', 'passage', 'reopens', 'tested', 'confirms', '3rd', 'decision', 'past']","['UN confirms Israeli decision to reopen 3rd aid crossing into Gaza', 'Gaza - Egypt Rafah crossing to reopen for passage', 'Gaza - Egypt Rafah crossing to reopen for passage']"
1322,15,1322_enter_no_humanitarian_will,"['enter', 'no', 'humanitarian', 'will', 'times', 'aid', 'says', 'israel', 'gaza', 'india']","['Israel says no humanitarian aid will enter Gaza', 'Israel says no humanitarian aid will enter Gaza', 'Israel says no humanitarian aid will enter Gaza']"
1323,15,1323_carried_militants_bus_middle,"['carried', 'militants', 'bus', 'middle', 'bank', 'who', 'forces', 'latest', 'east', 'kill']","['Middle East latest : Israeli forces kill 2 Palestinian militants who carried out West Bank bus attack', 'Middle East latest : Israeli forces kill 2 Palestinian militants who carried out West Bank bus attack', 'Middle East latest : Israeli forces kill 2 Palestinian militants who carried out West Bank bus attack']"
1324,15,1324_wheat_redirect_reporting_waste,"['wheat', 'redirect', 'reporting', 'waste', 'restores', 'headed', 'cnn', 'saving', 'millions', 'department']","['State Department says life - saving wheat headed for Yemen wont go to waste and US may redirect ship after CNN reporting', 'State Department says life - saving wheat headed for Yemen wont go to waste and US may redirect ship after CNN reporting', 'State Department says life - saving wheat headed for Yemen wont go to waste and US may redirect ship after CNN reporting']"
1325,15,1325_douma_trait_pleines_liran,"['douma', 'trait', 'pleines', 'liran', 'partenariat', 'ratifie', 'almanar', 'chane', 'nuclaire', 'liban']","['Russie . La Douma ratifie le traité de partenariat avec lIran , en pleines négociations sur le nucléaire', 'Russie . La Douma ratifie le traité de partenariat avec lIran , en pleines négociations sur le nucléaire', 'Russie . La Douma ratifie le traité de partenariat avec lIran , en pleines négociations sur le nucléaire']"
1326,15,1326_guarantees_attends_bullied_european,"['guarantees', 'attends', 'bullied', 'european', 'fair', 'cease', 'proposes', 'munich', 'target', 'reiterates']","['Trump - Zelensky Summit : U . S ., European Leaders Discuss Security Guarantees , Cease - Fire for Russia - Ukraine War', 'Trump - Zelensky Summit : U . S ., European Leaders Discuss Security Guarantees , Cease - Fire for Russia - Ukraine War', 'Trump - Zelensky Summit : U . S ., European Leaders Discuss Security Guarantees , Cease - Fire for Russia - Ukraine War']"
1327,15,1327_goyal_congressman_buffering_lawmakers,"['goyal', 'congressman', 'buffering', 'lawmakers', 'equitable', 'loading', 'balanced', 'energy', 'discusses', 'piyush']","['While US - India trade talks are  buffering , these pacts are  loading  fast - The Week', 'India – US trade deal will move ahead only when terms are  fair , equitable and balanced , Goyal says – Firstpost', 'India – US trade deal will move ahead only when terms are  fair , equitable and balanced , Goyal says – Firstpost']"
1328,15,1328_walk_refused_vance_meetings,"['walk', 'refused', 'vance', 'meetings', 'away', 'someday', 'final', 'speaks', 'cusp', 'offer']","['FINAL OFFER : Vance Says Time for Russia , Ukraine to Make Peace or the U . S . Has to Walk Away [ WATCH ] ', 'FINAL OFFER : Vance Says Time for Russia , Ukraine to Make Peace or the U . S . Has to Walk Away [ WATCH ] ', 'FINAL OFFER : Vance Says Time for Russia , Ukraine to Make Peace or the U . S . Has to Walk Away [ WATCH ] ']"
1329,15,1329_rail_deaths_58_torkham,"['rail', 'deaths', '58', 'torkham', 'child', 'implications', 'fierce', 'closure', 'injured', 'reported']","['Child Deaths in Pakistan , Ukraine Rail Attack , UN - India Pact', 'Child Deaths in Pakistan , Ukraine Rail Attack , UN - India Pact', 'Child Deaths in Pakistan , Ukraine Rail Attack , UN - India Pact']"
1330,15,1330_grants_scrambling_nonprofits_funders,"['grants', 'scrambling', 'nonprofits', 'funders', 'facets', 'mired', 'pauses', 'loans', 'paused', 'uncertainty']","['Pauses on US foreign aid and other grants send funders and nonprofits scrambling', 'Pauses on US foreign aid and other grants send funders and nonprofits scrambling', 'Pauses on US foreign aid and other grants send funders and nonprofits scrambling']"
1331,15,1331_violencia_principal_causa_cem,"['violencia', 'principal', 'causa', 'cem', 'centenario', 'duelo', 'crnica', 'tanto', 'sacerdotes', 'silla']","['La violencia es la principal causa de la migración a México', 'La Iglesia católica reivindica las causas de la Guerra Cristera rumbo a su centenario y advierte :  ante tanto dolor no podemos callar , La CEM denuncia violencia , impunidad y amenazas contra sacerdotes en México', 'La Iglesia católica reivindica las causas de la Guerra Cristera rumbo a su centenario y advierte :  ante tanto dolor no podemos callar , La CEM denuncia violencia , impunidad y amenazas contra sacerdotes en México']"
1332,15,1332_anticipating_next_war_with,"['anticipating', 'next', 'war', 'with', 'russia', 'the', 'ukraine', 'in', '', '']","['In Ukraine , anticipating the  next  war with Russia', 'In Ukraine , anticipating the  next  war with Russia', 'In Ukraine , anticipating the  next  war with Russia']"
1333,15,1333_heads_while_seeking_food,"['heads', 'while', 'seeking', 'food', 'dozens', 'envoy', 'killed', 'ghf', 'waiting', 'casualties']","['Dozens killed while seeking food in Gaza as US envoy heads to Israel', 'Dozens killed while seeking food in Gaza as US envoy heads to Israel', 'Dozens killed while seeking food in Gaza as US envoy heads to Israel']"
1334,15,1334_rifles_delayed_had_biden,"['rifles', 'delayed', 'had', 'biden', 'assault', 'sofrep', 'shoots', 'atacms', 'sending', 'sale']","['US sending Israel 20 , 000 assault rifles that Biden had delayed , say sources', 'US sending Israel 20 , 000 assault rifles that Biden had delayed , say sources', 'US sending Israel 20 , 000 assault rifles that Biden had delayed , say sources']"
1335,15,1335_appeal_generou_queen_donation,"['appeal', 'generou', 'queen', 'donation', 'earthquake', 'charities', 'gbp', 'king', 'kits', 'mobilizes']","['King and Queen give  generou donation to united kingdom Myanmar earthquake appeal', 'King and Queen give  generou donation to united kingdom Myanmar earthquake appeal', 'King and Queen give  generou donation to united kingdom Myanmar earthquake appeal']"
1336,15,1336_witkoff_felt_betrayed_steve,"['witkoff', 'felt', 'betrayed', 'steve', '41nbc', 'envoy', 'collapsed', 'assess', 'traveling', 'site']","['US envoy Witkoff felt  betrayed  by Israeli attack on Hamas in Qatar', 'US envoy Steve Witkoff felt  betrayed  by Israeli attack on Hamas in Qatar', 'US envoy Steve Witkoff felt  betrayed  by Israeli attack on Hamas in Qatar']"
1337,15,1337_harder_hezbollah_work_leader,"['harder', 'hezbollah', 'work', 'leader', 'lebanon', 'government', 'attacks', 'calls', 'end', 'on']","['Hezbollah Leader Calls on Government to Work Harder to End Israel Attacks on Lebanon', 'Hezbollah leader calls on government to work harder to end Israel attacks on Lebanon', 'Hezbollah Leader Calls on Government to Work Harder to End Israel Attacks on Lebanon']"
1338,15,1338_divided_republicans_immigrant_guard,"['divided', 'republicans', 'immigrant', 'guard', 'policy', 'shooting', 'national', 'afghan', 'are', 'after']","['Republicans are divided on Afghan immigrant policy after the National Guard shooting', 'Republicans are divided on Afghan immigrant policy after the National Guard shooting', 'Republicans are divided on Afghan immigrant policy after the National Guard shooting']"
1339,15,1339_dnipropetrovsk_rgion_attaquer_leopard,"['dnipropetrovsk', 'rgion', 'attaquer', 'leopard', 'russen', 'larme', 'ukrainienne', 'annonce', 'russe', 'indite']","['Guerre en Ukraine\xa0 : Larmée russe annonce attaquer la région de Dnipropetrovsk', 'Guerre en Ukraine\xa0 : Larmée russe annonce attaquer la région de Dnipropetrovsk', 'Larmée russe annonce attaquer la région ukrainienne de Dnipropetrovsk']"
1340,15,1340_somali_aim_restrictions_still,"['somali', 'aim', 'restrictions', 'still', 'despite', 'travel', 'may', 'why', 'm00slim', 'sharia']","['Why Somali migrants may still aim for US despite travel restrictions', 'Why Somali migrants may still aim for US despite travel restrictions', 'Why Somali migrants may still aim for US despite travel restrictions']"
1341,15,1341_capture_donetsk_joined_kenya,"['capture', 'donetsk', 'joined', 'kenya', '200', 'nationals', 'town', 'its', 'claims', 'fighting']","['Ukraine Claims Capture of Chinese Fighting With Russia in Donetsk', 'Ukraine Claims Capture of Chinese Fighting With Russia in Donetsk', 'Ukraine Claims Capture of Chinese Fighting With Russia in Donetsk']"
1342,15,1342_divided_republicans_immigrant_guard,"['divided', 'republicans', 'immigrant', 'guard', 'policy', 'shooting', 'national', 'afghan', 'are', 'after']","['Republicans are divided on Afghan immigrant policy after the National Guard shooting', 'Republicans are divided on Afghan immigrant policy after the National Guard shooting', 'Republicans are divided on Afghan immigrant policy after the National Guard shooting']"
1343,15,1343_kenya_hiv_polio_5b,"['kenya', 'hiv', 'polio', '5b', 'malaria', 'health', 'invest', 'billions', 'ngos', 'fda']","['US signs health aid deal with Kenya in Trump first', 'US - Kenya $2 . 5B health deal targets HIV , Malaria and Polio', 'US - Kenya $2 . 5B health deal targets HIV , Malaria and Polio']"
1344,15,1344_bias_anti_sexual_statehood,"['bias', 'anti', 'sexual', 'statehood', 'delegates', 'boycott', 'netanyahu', 'alleges', 'accuses', 'speech']","['UN report accuses Israel of sexual violence against Palestinians . Netanyahu claims anti - Israel bias', 'UN report accuses Israel of sexual violence against Palestinians . Netanyahu claims anti - Israel bias', 'UN report accuses Israel of sexual violence against Palestinians ; Netanyahu claims anti - Israel bias']"
1345,15,1345_tayyar_org_60_20,"['tayyar', 'org', '60', '20', '', '', '', '', '', '']","['tayyar . org - مطالبة  سلطة دمشق  بالموقوفين الإرهابيين في لبنان تعبّر عن هويتها الرسمية', 'tayyar . org - الامم المتحدة : مقتل أحد أفراد طاقم مروحية تابعة لنا في هجوم جنوب السودان', 'tayyar . org - قائد جيش باكستان ينفي تلقي بلاده دعماً من الصين أثناء مواجهتها مع الهند']"
1346,15,1346_upward_trend_emphasize_anyone,"['upward', 'trend', 'emphasize', 'anyone', 'weigh', 'determination', 'hails', 'lot', 'deeper', 'bolster']","['Envoy Hails Upward Trend in Iran - Russia Ties', 'Envoy Hails Upward Trend in Iran - Russia Ties', 'Envoy Hails Upward Trend in Iran - Russia Ties']"
1347,15,1347_hamasin_berakhir_perang_teken,"['hamasin', 'berakhir', 'perang', 'teken', 'komentajan', 'vierailee', 'suurlhettiln', 'tavata', 'tappaneensa', 'perjantaina']","['Tulitauko järkkyy – Israel kertoo tappaneensa Hamasin komentajan', 'Trumpin erityislähettiläs Witkoff vierailee perjantaina Gazassa – aikoo tavata Israelin - suurlähettiln kanssa gazalaisia', 'Trumpin erityislähettiläs Witkoff vierailee perjantaina Gazassa – aikoo tavata Israelin - suurlähettiln kanssa gazalaisia']"
1348,15,1348_accept_60_agreed_terms,"['accept', '60', 'agreed', 'terms', 'day', 'lawmakers', 'worse', 'agrees', 'address', 'violations']","['Trump says Israel has agreed on terms for a 60 - day ceasefire in Gaza and urges Hamas to accept deal', 'Trump says Israel has agreed on terms for 60 - day ceasefire in Gaza , urges Hamas to accept deal', 'Trump says Israel has agreed on terms for 60 - day ceasefire in Gaza , urges Hamas to accept deal']"
1349,15,1349_migrationspolitik_trumps_unrechtmig_verteidigt,"['migrationspolitik', 'trumps', 'unrechtmig', 'verteidigt', 'vorgehen', 'migranten', 'abgeschoben', 'abschiebehaft', 'deutlich', 'droht']","['Trumps Migrationspolitik : Was Abschiebehaft in den united states bedeutet', 'Migrationspolitik : Unrechtmig abgeschoben ? US - Regierung verteidigt Vorgehen - Politik', 'Migrationspolitik : Unrechtmig abgeschoben ? US - Regierung verteidigt Vorgehen']"
1350,15,1350_dc_staff_embassy_shot,"['dc', 'staff', 'embassy', 'shot', 'yells', 'indiana', 'where', 'tensions', 'members', 'wish']","['Israeli Embassy staff shot in DC amid Gaza tensions', 'Israeli Embassy staff shot in DC amid Gaza tensions', 'Israeli Embassy staff shot in DC amid Gaza tensions']"
1351,15,1351_western_soil_any_target,"['western', 'soil', 'any', 'target', 'uses', 'train', 'severe', 'deployed', 'denmark', 'troops']","['Putin Warns of  Severe  Response if Ukraine Uses Western Weapons on Russian Soil', 'Putin Warns of  Severe  Response if Ukraine Uses Western Weapons on Russian Soil', 'Putin Warns of  Severe  Response if Ukraine Uses Western Weapons on Russian Soil']"
1352,15,1352_ski_daring_jet_dakha,"['ski', 'daring', 'jet', 'dakha', 'escape', 'muhammad', 'abu', 'via', 'story', 'europe']","['From Gaza to Europe , via jet ski : Muhammad Abu Dakha daring escape story', 'From Gaza to Europe , via jet ski : Muhammad Abu Dakha daring escape story', 'From Gaza to Europe , via jet ski : Muhammad Abu Dakha daring escape story']"
1353,15,1353_witkoff_briefs_moving_finalizing,"['witkoff', 'briefs', 'moving', 'finalizing', 'miami', 'kushner', 'newsradio', 'intensify', 'get', 'wjno']","['Trump tells Russia to  get moving  on Ukraine as Witkoff meets Putin', 'Trump tells Russia to  get moving  on Ukraine as Witkoff meets Putin', 'Trump tells Russia to  get moving  on Ukraine as Witkoff meets Putin']"
1354,15,1354_angola_curbs_namibia_drc,"['angola', 'curbs', 'namibia', 'drc', 'kenyan', 'riddled', 'typo', 'dismissal', 'secures', 'avoids']","['UK secures migrant return deal with Angola , Namibia ; DRC faces visa curbs', 'UK secures migrant return deal with Angola , Namibia ; DRC faces visa curbs', 'UK curbs DRC visas , announces migrant return deals with Angola , Namibia']"
1355,15,1355_lands_aboard_citizen_self,"['lands', 'aboard', 'citizen', 'self', 'flight', 'honduras', 'initiative', 'dhs', 'children', 'first']","['First  self - deportation  flight from US lands in Honduras – with US citizen children aboard', 'First  self - deportation  flight from US lands in Honduras – with US citizen children aboard', 'First  self - deportation  flight from US lands in Honduras – with US citizen children aboard']"
1356,15,1356_portugal_polizisten_menschenhandel_festgenommen,"['portugal', 'polizisten', 'menschenhandel', 'festgenommen', 'elf', 'ausbeutung', 'moroccan', 'migranten', 'tighten', 'panorama']","['Ausbeutung von Migranten : Menschenhandel in Portugal : Elf Polizisten festgenommen - Panorama', 'Ausbeutung von Migranten : Menschenhandel in Portugal : Elf Polizisten festgenommen', 'Ausbeutung von Migranten : Menschenhandel in Portugal : Elf Polizisten festgenommen']"
1357,15,1357_spirals_missiles_bases_administered,"['spirals', 'missiles', 'bases', 'administered', 'firing', 'ballistic', 'creating', 'air', 'sites', 'indian']","['Pakistan says Indian missiles strike air bases as conflict spirals', 'Pakistan says Indian missiles strike air bases as conflict spirals', 'Pakistan says Indian missiles strike air bases as conflict spirals']"
1358,15,1358_organizations_several_starting_operations,"['organizations', 'several', 'starting', 'operations', 'halt', '2026', 'it', 'boston', 'will', 'humanitarian']","['Israel says it will halt operations of several humanitarian organizations in Gaza starting in 2026', 'Israel says it will halt operations of several humanitarian organizations in Gaza starting in 2026', 'Israel says it will halt operations of several humanitarian organizations in Gaza starting in 2026']"
1359,15,1359_starting_suspend_operations_2026,"['starting', 'suspend', 'operations', '2026', 'major', 'groups', 'organisations', 'aid', 'halt', 'israel']","['Israel to suspend operations of major aid groups in Gaza starting in 2026', 'Israel to suspend operations of major aid groups in Gaza starting in 2026', 'Israel to suspend operations of major aid groups in Gaza starting in 2026']"
1360,15,1360_lesito_restano_dellazione_soluzione,"['lesito', 'restano', 'dellazione', 'soluzione', 'attentato', 'israele', 'lanp', 'gerusalemme', 'lattentato', 'lumiliazione']","['ATTENTATO A GERUSALEMME /  È lesito dellazione di Israele a Gaza , la soluzione restano Trump e lAnp  ', 'ATTENTATO A GERUSALEMME /  È lesito dellazione di Israele a Gaza , la soluzione restano Trump e lAnp  ', 'ATTENTATO A GERUSALEMME /  È lesito dellazione di Israele a Gaza , la soluzione restano Trump e lAnp  ']"
1361,15,1361_islamic_eliminate_hegseth_deaths,"['islamic', 'eliminate', 'hegseth', 'deaths', 'fighters', 'americans', 'palmyra', 'iowa', 'guardsmen', 'isis']","['Hegseth announces effort to  eliminate  Islamic State fighters in Syria following Iowa Guardsmen deaths', 'Hegseth announces effort to  eliminate  Islamic State fighters in Syria after deaths of Americans', 'Hegseth announces effort to  eliminate  Islamic State fighters in Syria after deaths of Americans']"
1362,15,1362_cop31_hosting_standoff_leadership,"['cop31', 'hosting', 'standoff', 'leadership', 'proposed', 'climate', 'trkiye', 'joint', 'sources', 'aust']","['Turkey proposed joint leadership for COP31 to end hosting standoff with Australia , sources say', 'Turkey proposed joint leadership for COP31 to end hosting standoff with Australia , sources say', 'Turkey proposed joint leadership for COP31 to end hosting standoff with Australia , sources say']"
1363,15,1363_roles_appreciates_welcomes_qatar,"['roles', 'appreciates', 'welcomes', 'qatar', 'egypt', 'agreement', 'peace', 'mea', 'landmark', 'commitment']","['India welcomes Gaza Peace Agreement ; appreciates US , Egypt , and Qatar roles', 'India welcomes Gaza Peace Agreement ; appreciates US , Egypt , and Qatar roles', 'India welcomes Gaza Peace Agreement ; appreciates US , Egypt , and Qatar roles']"
1364,15,1364_delay_council_effort_rejects,"['delay', 'council', 'effort', 'rejects', 'sanctions', 'lifting', 'snapback', 'deadline', 'votes', 'security']","['UN Security Council rejects effort to delay sanctions on Iran', 'UN Security Council rejects effort to delay sanctions on Iran', 'UN Security Council rejects effort to delay sanctions on Iran']"
1365,15,1365_fabian_kp_scheduled_diplomat,"['fabian', 'kp', 'scheduled', 'diplomat', 'former', 'focus', 'may', 'defence', 'visit', 'cooperation']","['India , Russia may focus on defence cooperation : Former diplomat KP Fabian on Putin scheduled visit', 'India , Russia may focus on defence cooperation : Former diplomat KP Fabian on Putin scheduled visit', 'India , Russia may focus on defence cooperation : Former diplomat KP Fabian on Putin scheduled visit']"
1366,14,1366_chancellor_sidelines_german_g20,"['chancellor', 'sidelines', 'german', 'g20', 'merz', 'louder', 'discuss', 'canada', 'pm', 'act']","['Canada PM and German Chancellor Merz discuss Ukraine , Gaza on G20 sidelines', 'Canada PM and German Chancellor Merz discuss Ukraine , Gaza on G20 sidelines', 'Canada PM and German Chancellor Merz discuss Ukraine , Gaza on G20 sidelines']"
1367,14,1367_dismissing_attorneys_cases_courts,"['dismissing', 'attorneys', 'cases', 'courts', 'venezuelan', 'enemies', 'alien', 'sent', 'salvador', 'murdering']","['Immigration courts dismissing cases of Venezuelan migrants sent to El Salvador : Attorneys', 'Immigration courts dismissing cases of Venezuelan migrants sent to El Salvador : Attorneys', 'Immigration courts dismissing cases of Venezuelan migrants sent to El Salvador : Attorneys']"
1368,14,1368_small_boats_arrivals_terrified,"['small', 'boats', 'arrivals', 'terrified', 'heartbreaking', 'onto', 'boat', 'labour', 'picture', 'grip']","['UK migrant arrivals on small boats reach new record', 'The real victim of Britain failure to get a grip on cross - Channel migrant crisis : Heartbreaking picture of terrified little girl being taken onto a small boat , before making perilous crossing to united kingdom ', 'The real victim of Britain failure to get a grip on cross - Channel migrant crisis : Heartbreaking picture of terrified little girl being taken onto a small boat , before making perilous crossing to united kingdom ']"
1369,14,1369_chance_seize_egypt_took,"['chance', 'seize', 'egypt', 'took', 'mark', 'mediators', 'summit', 'part', 'carney', 'couple']","['Trump urges Israel to seize chance for peace ahead of Egypt summit on Gaza future', 'Trump urges Israel to seize chance for peace ahead of Egypt summit on Gaza future', 'Trump urges Israel to seize chance for peace ahead of Egypt summit on Gaza future']"
1370,14,1370_vehicles_medics_corrected_shooting,"['vehicles', 'medics', 'corrected', 'shooting', 'israelis', 'pursuing', 'bank', 'west', 'terrorists', 'casualties']","['CORRECTED : Israel medics , army say 3 killed in West Bank shooting on vehicles', 'Israel medics , army say 3 killed in West Bank shooting on vehicles', 'Israel medics , army say 3 killed in West Bank shooting on vehicles']"
1371,14,1371_detentions_crossing_returns_channel,"['detentions', 'crossing', 'returns', 'channel', 'under', 'first', 'france', 'migrants', 'kingdom', 'deal']","['First detentions of migrants crossing Channel under united kingdom - France returns deal', 'First detentions of migrants crossing Channel under united kingdom - France returns deal', 'First detentions of migrants crossing Channel under united kingdom - France returns deal']"
1372,14,1372_jd_soon_any_going,"['jd', 'soon', 'any', 'going', 'vance', 'time', 'nbc', 'anytime', 'fort', 'dallas']","['JD Vance : Russia war in Ukraine not ending  any time soon  ', 'JD Vance : Russia war in Ukraine not ending  any time soon  ', 'JD Vance : Russia war in Ukraine not ending  any time soon  ']"
1373,14,1373_jets_shoots_losses_loss,"['jets', 'shoots', 'losses', 'loss', 'beneath', 'madras', 'missiles', 'admits', 'islmabad', 'chennai']","['India strikes Pakistan with missiles in  act of war , 26 people dead ; five Indian jets shot down in response', 'Pakistan  shoots down  Indian jets - after India fires missiles on  terrorist camps  ', 'Pakistan  shoots down  Indian jets - after India fires missiles on  terrorist camps  ']"
1374,14,1374_history_look_armed_their,"['history', 'look', 'armed', 'their', 'here', 'latest', 'face', 'faced', 'crisis', 'conflict']","['India and Pakistan face their latest crisis . Here a look at their history of armed conflict', 'India and Pakistan face their latest crisis . Here a look at their history of armed conflict', 'India and Pakistan face their latest crisis . Here a look at their history of armed conflict']"
1375,14,1375_suspended_water_indus_remains,"['suspended', 'water', 'indus', 'remains', 'despite', 'expels', 'sources', 'treaty', 'baglihar', 'pahalgam']","['Indus Waters Treaty remains suspended despite ceasefire between Pakistan and India , sources say - Pakistan', 'India - Pakistan water treaty remains suspended despite ceasefire : Sources', 'India - Pakistan water treaty remains suspended despite ceasefire : Sources']"
1376,14,1376_serias_queremos_mantienen_lrtmus,"['serias', 'queremos', 'mantienen', 'lrtmus', 'permitido', 'muy', 'conversaciones', 'poner', 'afirma', 'volodmir']","['Donald Trump afirma que Estados Unidos y Rusia mantienen  conversaciones muy serias  sobre la guerra en Ucrania :  Queremos poner fin  | lrtmus | Mundo', 'Donald Trump afirma que Estados Unidos y Rusia mantienen  conversaciones muy serias  sobre la guerra en Ucrania :  Queremos poner fin  | lrtmus | Mundo', 'Donald Trump afirma que Estados Unidos y Rusia mantienen  conversaciones muy serias  sobre la guerra en Ucrania :  Queremos poner fin  | lrtmus | Mundo']"
1377,14,1377_bangladesh_commitment_regions_discussing,"['bangladesh', 'commitment', 'regions', 'discussing', 'development', 'reaffirms', 'describes', 'alam', 'rohingya', 'germany']","['Germany reaffirms commitment for Bangladesh development , humanitarian efforts', 'Germany reaffirms commitment for Bangladesh development , humanitarian efforts', 'Germany reaffirms commitment for Bangladesh development , humanitarian efforts']"
1378,14,1378_limmigration_pologne_droite_manifeste,"['limmigration', 'pologne', 'droite', 'manifeste', 'nationaliste', 'instaure', 'nawrocki', 'lituanie', 'sunissent', 'masse']","['Pologne : manifestation de la droite nationaliste contre limmigration', 'Pologne\xa0 : la droite nationaliste manifeste à Varsovie contre limmigration et la politique migratoire de lUE', 'La droite manifeste contre limmigration en Pologne']"
1379,14,1379_marines_gang_suspected_haiti,"['marines', 'gang', 'suspected', 'haiti', 'members', 'exchange', 'haitian', 'fire', 'herod', 'bdf']","['Suspected gang members exchange fire with US Marines in Haiti', 'Suspected gang members exchange fire with US Marines in Haiti', 'Suspected gang members exchange fire with US Marines in Haiti']"
1380,14,1380_iu_triu_kin_gim,"['iu', 'triu', 'kin', 'gim', 'xung', 'quyt', 'xy', 'theo', 'tuyn', 'tin']","['Dân số Ukraine giảm 8 triệu người do xung đột , điều gì xảy ra tiếp theo ? ', 'Dân số Ukraine giảm 8 triệu người do xung đột , điều gì xảy ra tiếp theo ? ', 'Dân số Ukraine giảm 8 triệu người do xung đột , điều gì xảy ra tiếp theo ? ']"
1381,14,1381_crucial_escalation_threatens_freeze,"['crucial', 'escalation', 'threatens', 'freeze', 'kashmir', 'treaty', 'disputed', 'teetering', 'brink', 'again']","['Pakistan threatens to freeze crucial India peace treaty in Kashmir escalation', 'Pakistan threatens to freeze crucial India peace treaty in Kashmir escalation', 'Pakistan threatens to freeze crucial India peace treaty in Kashmir escalation']"
1382,14,1382_jeshi_wa_mapigano_ya,"['jeshi', 'wa', 'mapigano', 'ya', 'uwanja', 'laukomboa', 'ndege', 'wachsende', 'abgeschobenen', 'yazuka']","['Mapigano makali yazuka kati ya jeshi la Sudan na RSF – DW – 20 . 05 . 2025', 'Jeshi la Sudan laukomboa uwanja wa ndege wa Khartoum – DW – 26 . 03 . 2025', 'Jeshi la Sudan laukomboa uwanja wa ndege wa Khartoum – DW – 26 . 03 . 2025']"
1383,14,1383_analizando_aprovechar_oportunidad_sol,"['analizando', 'aprovechar', 'oportunidad', 'sol', 'bombardea', 'discute', 'acept', 'paz', 'mientras', 'cumbre']","['Trump insta a Israel a aprovechar la oportunidad para la paz antes de la cumbre en Egipto sobre Gaza', 'Trump insta a Israel a aprovechar la oportunidad para la paz antes de la cumbre en Egipto sobre Gaza', 'Trump insta a Israel a aprovechar la oportunidad para la paz antes de la cumbre en Egipto sobre Gaza']"
1384,14,1384_unicef_kymmenen_sisll_gazalaislasta,"['unicef', 'kymmenen', 'sisll', 'gazalaislasta', 'yli', 'pivn', 'kuollut', 'crianas', 'mortas', 'iskuissa']","['Unicef : Yli 300 gazalaislasta on kuollut Israelin iskuissa kymmenen päivän sisällä', 'Unicef : Yli 300 gazalaislasta on kuollut Israelin iskuissa kymmenen päivän sisällä', 'Unicef : Yli 300 gazalaislasta on kuollut Israelin iskuissa kymmenen päivän sisällä']"
1385,14,1385_places_resistance_senior_possible,"['places', 'resistance', 'senior', 'possible', 'orders', 'leave', 'bipartisan', 'minors', 'rebuke', 'unaccompanied']","['US places senior aid officials on leave over possible resistance to Trump orders', 'US places senior aid officials on leave over possible resistance to Trump orders', 'US places senior aid officials on leave over possible resistance to Trump orders']"
1386,14,1386_apple_worries_mother_adam,"['apple', 'worries', 'mother', 'adam', 'sodomizes', 'protruding', 'canadian', 'denying', 'her', 'wins']","['Afghan Canadian fears mother may be sent back into Taliban hands after they nearly killed her', 'Afghan migrant who arrived in the united kingdom with a  protruding Adam apple  wins £25 , 000 after judge rules he was still a child at the time', 'Afghan migrant who arrived in the united kingdom with a  protruding Adam apple  wins £25 , 000 after judge rules he was still a child at the time']"
1387,14,1387_statehood_precursor_praise_favours,"['statehood', 'precursor', 'praise', 'favours', 'immediate', 'hail', 'negotiation', 'muslim', 'sharif', 'unity']","['Pakistan , Malaysia call for Gaza truce , praise efforts for Palestinian statehood', 'Pakistan , Malaysia call for Gaza truce , praise efforts for Palestinian statehood', 'Pakistan , Malaysia call for Gaza truce , praise efforts for Palestinian statehood']"
1388,14,1388_obasanjo_kenyatta_drc_kenyan,"['obasanjo', 'kenyatta', 'drc', 'kenyan', 'ethiopian', 'zimbabwe', 'desalegn', 'peacekeeper', 'facilitators', 'named']","['Kenyatta , Desalegn , Obasanjo Named Peace Facilitators for DRC Process', 'Obasanjo , Kenyatta , former Ethiopian PM to lead DRC conflict mediation', 'Obasanjo , Kenyatta , former Ethiopian PM to lead DRC conflict mediation']"
1389,14,1389_shehbaz_mediate_maiden_turkiye,"['shehbaz', 'mediate', 'maiden', 'turkiye', 'malaysia', 'offers', 'stricken', 'anwar', 'uzbekistan', 'promises']","['Malaysia offers to mediate as PM Shehbaz , Anwar discuss Pakistan - Afghanistan tensions', 'Malaysia offers to mediate as PM Shehbaz , Anwar discuss Pakistan - Afghanistan tensions', 'Malaysia offers to mediate as PM Shehbaz , Anwar discuss Pakistan - Afghanistan tensions']"
1390,14,1390_prdor_koreanoverior_pranon_kundr,"['prdor', 'koreanoverior', 'pranon', 'kundr', 'ushtar', 'luft', 'ukrains', 'se', 'rusia', 'syri']","['Rusia e pranon se përdor ushtarë koreanoveriorë në luftë kundër Ukrainës', 'Rusia e pranon se përdor ushtarë koreanoveriorë në luftë kundër Ukrainës', 'Rusia e pranon se përdor ushtarë koreanoveriorë në luftë kundër Ukrainës']"
1391,14,1391_yield_minus_materialize_feasible,"['yield', 'minus', 'materialize', 'feasible', 'barely', 'alive', 'results', 'awaits', 'few', 'real']","['  Peace talks minus Ukraine will yield no real results  ', '  Peace talks minus Ukraine will yield no real results  ', '  Peace talks minus Ukraine will yield no real results  ']"
1392,14,1392_israelia_palestiinalaisten_komitea_kidutuksesta,"['israelia', 'palestiinalaisten', 'komitea', 'kidutuksesta', 'kidutuksen', 'tutkimaan', 'vastainen', 'vitteet', 'palestin', 'vaatii']","['YK : n kidutuksen vastainen komitea vaatii Israelia tutkimaan väitteet palestiinalaisten kidutuksesta', 'YK : n kidutuksen vastainen komitea vaatii Israelia tutkimaan väitteet palestiinalaisten kidutuksesta', 'YK : n kidutuksen vastainen komitea vaatii Israelia tutkimaan väitteet palestiinalaisten kidutuksesta']"
1393,14,1393_traveling_netanyahu_turns_meet,"['traveling', 'netanyahu', 'turns', 'meet', 'sphere', 'community', 'emir', 'invites', 'open', 'contro']","['Netanyahu traveling to the US , will meet with Trump', 'Netanyahu traveling to the US , will meet with Trump', 'Netanyahu traveling to the US , will meet with Trump']"
1394,14,1394_rohingya_27m_email_reinstated,"['rohingya', '27m', 'email', 'reinstated', 'rohingyas', 'bangladesh', 'sought', 'pledges', 'refugees', 'euro']","['UK pledges £27m in new aid for Rohingya refugees in Bangladesh', 'UK pledges £27m in new aid for Rohingya refugees in Bangladesh', 'UK pledges £27m in new aid for Rohingya refugees in Bangladesh']"
1395,14,1395_witkoff_prvues_rencontre_poutine,"['witkoff', 'prvues', 'rencontre', 'poutine', 'steve', 'ngociations', 'cruciale', 'rejoint', 'nouvelles', 'retenir']","['Guerre en Ukraine | De nouvelles négociations prévues après la rencontre Poutine - Witkoff', 'Guerre en Ukraine | De nouvelles négociations prévues après la rencontre Poutine - Witkoff', 'Guerre en Ukraine : de nouvelles négociations prévues après la rencontre Poutine - Witkoff']"
1396,14,1396_profound_lay_rifts_bare,"['profound', 'lay', 'rifts', 'bare', 'letters', 'protest', 'ongoing', 'former', 'soldiers', 'israeli']","['Protest Letters from Former Israeli Soldiers Lay Bare Profound Rifts over the Ongoing War', 'Protest letters from former Israeli soldiers lay bare profound rifts over the ongoing war', 'Protest letters from former Israeli soldiers lay bare profound rifts over the ongoing war']"
1397,14,1397_range_own_develop_long,"['range', 'own', 'develop', 'long', 'missiles', 'manufacturing', 'offers', 'merz', 'super', 'systems']","['Germany Merz offers to help Ukraine develop its own long - range missiles to hit Russia', 'Germany Merz offers to help Ukraine develop its own long - range missiles to hit Russia', 'Germany Merz offers to help Ukraine develop its own long - range missiles to hit Russia']"
1398,14,1398_walking_goal_start_300,"['walking', 'goal', 'start', '300', 'southern', 'about', 'but', 'mexico', 'not', 'witnes']","['About 300 migrants start walking north in southern Mexico , but goal is not US border', 'About 300 migrants start walking north in southern Mexico , but goal is not US border', 'About 300 migrants start walking north in southern Mexico , but goal is not US border']"
1399,14,1399_stalled_renews_testing_overnight,"['stalled', 'renews', 'testing', 'overnight', 'fragile', 'strikes', 'launches', 'hamas', 'truce', 'over']","['Israel renews strikes on Hamas over stalled talks', 'Israel renews strikes on Hamas over stalled talks', 'Israel renews strikes on Hamas over stalled talks']"
1400,14,1400_atacarn_defiendan_funcionario_convoca,"['atacarn', 'defiendan', 'funcionario', 'convoca', 'detenidos', 'mexicanos', 'respeto', 'cnn', 'embajadora', 'connacionales']","['Alto funcionario iraní advierte que atacarán las bases de países que defiendan a Israel , según CNN | Noticias de México', 'Alto funcionario iraní advierte que atacarán las bases de países que defiendan a Israel , según CNN | Noticias de México', 'Alto funcionario iraní advierte que atacarán las bases de países que defiendan a Israel , según CNN | Noticias de México']"
1401,14,1401_florida_exparejas_reportar_destination,"['florida', 'exparejas', 'reportar', 'destination', 'deportarlas', 'jueces', 'came', 'lrtmus', 'complacer', 'estaf']","['Malas noticias para inmigrantes en Florida : Ron DeSantis propone que elementos de Guardia Nacional sean  jueces  en casos de deportaciones | LRTMUS | Estados Unidos', 'Fiscal general de Florida invita a reportar a sus exparejas para deportarlas', 'Florida quiere  complacer  a Trump : Pide a ciudadanos reportar a sus exparejas para deportarlas – El Financiero']"
1402,14,1402_taking_nbc_rica_costa,"['taking', 'nbc', 'rica', 'costa', 'begin', 'deportees', 'honduras', 'nbc4', 'angeles', 'diego']","['Costa Rica and Honduras begin taking deportees from US – NBC Chicago', 'Costa Rica and Honduras begin taking deportees from US – NBC 6 South Florida', 'Costa Rica and Honduras begin taking deportees from US – NBC 6 South Florida']"
1403,14,1403_baka_bulumas_dnem_dostluk,"['baka', 'bulumas', 'dnem', 'dostluk', 'birliinde', 'istiyorlar', 'seulde', 'lke', 'dnmyoruz', 'abdisamed']","['Seulde dostluk buluþmasý : Türkiye – Güney Kore iþ birliðinde yeni dönem', 'Seulde dostluk buluþmasý : Türkiye – Güney Kore iþ birliðinde yeni dönem', 'Seulde dostluk buluþmasý : Türkiye – Güney Kore iþ birliðinde yeni dönem']"
1404,14,1404_original_causes_weighs_cautious,"['original', 'causes', 'weighs', 'cautious', 'eliminate', 'reigns', 'skepticism', 'mute', 'idea', 'hinges']","['Putin backs US ceasefire idea for Ukraine :  Eliminate original causes  ', 'Putin backs US ceasefire idea for Ukraine :  Eliminate original causes  ', 'Putin backs US ceasefire idea for Ukraine :  Eliminate original causes  ']"
1405,14,1405_talking_hubs_hub_nigerian,"['talking', 'hubs', 'hub', 'nigerian', 'establish', 'return', 'abroad', 'keir', 'countries', 'failed']","['Britain says it talking with some countries to set up migrant return hubs', 'Britain says it talking with some countries to set up migrant return hubs', 'Britain says it talking with some countries to set up migrant return hubs']"
1406,14,1406_bandhu_sagar_tonnes_airlifts,"['bandhu', 'sagar', 'tonnes', 'airlifts', 'colombo', 'operation', '12', 'cyclone', 'dispatches', 'iaf']","['Operation Sagar Bandhu : India dispatches 12 tonnes of humanitarian aid to Colombo', 'Operation Sagar Bandhu : India airlifts 12 tonnes of humanitarian relief to Colombo', 'Operation Sagar Bandhu : India airlifts 12 tonnes of humanitarian relief to Colombo']"
1407,14,1407_dark_website_goes_freeze,"['dark', 'website', 'goes', 'freeze', 'administration', 'usaid', 'foreign', 'tries', 'reportedly', 'programs']","['USAID website goes dark in Trump administration freeze on foreign aid', 'USAID website goes dark in Trump administration freeze on foreign aid', 'USAID website goes dark in Trump administration freeze on foreign aid']"
1408,14,1408_dramatic_rises_self_sees,"['dramatic', 'rises', 'self', 'sees', 'southern', 'crossings', 'drop', 'illegal', 'borderlose', 'adrift']","['US southern border sees dramatic drop in illegal crossings , self - deportation rises', 'US southern border sees dramatic drop in illegal crossings , self - deportation rises', 'US southern border sees dramatic drop in illegal crossings , self - deportation rises']"
1409,14,1409_adviser_excludes_frustrated_jeffrey,"['adviser', 'excludes', 'frustrated', 'jeffrey', 'interviews', 'sachs', 'resolving', 'carlson', 'tucker', 'topic']","['Zelenskyy adviser says US gave up its lead role on resolving war in Ukraine , strengthening Russia – Winnipeg Free Press', 'Tucker Carlson Interviews Jeffrey Sachs on the Topic of U . S . Intel Agencies Pushing for Conflict with Russia and Iran', 'Tucker Carlson Interviews Jeffrey Sachs on the Topic of U . S . Intel Agencies Pushing for Conflict with Russia and Iran']"
1410,14,1410_bnh_ct_hiu_lp,"['bnh', 'ct', 'hiu', 'lp', 'ng', 'ca', 'nhng', 'sung', 'phn', 'trc']","['Những trụ cột trong kế hoạch hòa bình Ukraine của ông Trump', 'Ông Trump đề nghị các bên  ngừng nói suông  trong đàm phán Ukraine', 'Ông Trump đề nghị các bên  ngừng nói suông  trong đàm phán Ukraine']"
1411,14,1411_welcome_lebanonfiles_2028_agency,"['welcome', 'lebanonfiles', '2028', 'agency', '09', 'middle', '2025', 'east', '07', 'lebanon']","['الرئيس السيسي يؤكد على الزخم الذي تشهده العلاقات المصرية مع الاتحاد الأوروبي - Welcome to Middle East News Agency', 'الرئيس السيسي يثمن الشراكة الإستراتيجية بين مصر والمجر - Welcome to Middle East News Agency', 'الرئيس السيسي يثمن الشراكة الإستراتيجية بين مصر والمجر - Welcome to Middle East News Agency']"
1412,14,1412_43_50_g7_,"['43', '50', 'g7', '', '', '', '', '', '', '']","['中國 、 加拿大外長通話 王毅 ： 加快恢復各領域合作 | 兩岸', '停戦順守 イスラエルに迫れ / 米４７議員が大統領に要求 | しんぶん赤旗｜日本共産党', '中國 、 加拿大外長通話 王毅 ： 加快恢復各領域合作 | 兩岸']"
1413,14,1413_zahlungen_kommission_stoppt_leyen,"['zahlungen', 'kommission', 'stoppt', 'leyen', 'von', 'der', 'verkndet', 'gazastreifen', 'lage', 'politik']","['Von der Leyen : EU - Kommission stoppt Zahlungen an Israel', 'Von der Leyen : EU - Kommission stoppt Zahlungen an Israel', 'Von der Leyen verkündet : EU - Kommission stoppt Zahlungen an Israel']"
1414,14,1414_reshaped_flashpoint_insurgent_succes,"['reshaped', 'flashpoint', 'insurgent', 'succes', 'engage', 'reflection', 'makes', 'big', 'conflicts', 'panel']","['US panel makes big claims on Pakistan  military succes over India in May , calls Pahalgam  insurgent  attack', 'US panel makes big claims on Pakistan  military succes over India in May , calls Pahalgam  insurgent  attack', 'US panel makes big claims on Pakistan  military succes over India in May , calls Pahalgam  insurgent  attack']"
1415,14,1415_korruptionsskandal_hilfreich_frieden_nicht,"['korruptionsskandal', 'hilfreich', 'frieden', 'nicht', 'flammen', 'heizl', 'friedensplan', 'haitoshambuliwa', 'angeblichen', 'attacken']","['Trump : Korruptionsskandal in der Ukraine „ nicht hilfreich  für den Frieden', 'Trump : Korruptionsskandal in der Ukraine „ nicht hilfreich  für den Frieden', 'Trump : Korruptionsskandal in der Ukraine „ nicht hilfreich  für den Frieden']"
1416,14,1416_luftschlgen_russischen_verletzte_tote,"['luftschlgen', 'russischen', 'verletzte', 'tote', 'drohnenkrieg', 'nach', 'und', 'misstrauisch', 'obscurity', 'menschen']","['Ukraine : Tote und Verletzte nach russischen Luftschlägen', 'Ukraine : Tote und Verletzte nach russischen Luftschlägen', 'Ukraine : Tote und Verletzte nach russischen Luftschlägen']"
1417,14,1417_apparent_airstrike_prison_crime,"['apparent', 'airstrike', 'prison', 'crime', 'watch', 'iranian', 'human', 'rights', 'an', 'was']","['Human Rights Watch says Israeli airstrike on Iranian prison an  apparent war crime  ', 'Human Rights Watch says Israeli airstrike on Iranian prison an  apparent war crime  ', 'Human Rights Watch says Israeli airstrike on Iranian prison an  apparent war crime  ']"
1418,14,1418_palestina_stato_dello_posio,"['palestina', 'stato', 'dello', 'posio', 'reconhecem', 'riconoscimento', 'reconhecer', 'neste', 'tendrn', 'estado']","['Governo mantém posio de não reconhecer Estado da Palestina', 'Radicondoli allunanimità dice sì al riconoscimento dello Stato di Palestina', 'La Germania per il riconoscimento dello Stato di Palestina']"
1419,14,1419_volodimira_trumpa_eskalirao_oglasio,"['volodimira', 'trumpa', 'eskalirao', 'oglasio', 'donalda', 'karas', 'ukrainoje', 'zelenskog', 'trumpo', 'ko']","['Karas Ukrainoje . Po D . Trumpo ir V . Putino pokalbio – V . Zelenskio reakcija', 'Eskalirao sukob Donalda Trumpa i Volodimira Zelenskog , oglasio se Vladimir Putin', 'Eskalirao sukob Donalda Trumpa i Volodimira Zelenskog , oglasio se Vladimir Putin']"
1420,14,1420_savage_survivors_saving_resources,"['savage', 'survivors', 'saving', 'resources', 'ocha', 'council', 'provide', 'cut', 'era', 'subside']","['In  Era of Savage Cut , UN Aid Chief Urges Security Council to Provide Security , Resources for Saving as Many Survivors Possible from Russian Air Strikes in Ukraine', 'In  Era of Savage Cut , UN Aid Chief Urges Security Council to Provide Security , Resources for Saving as Many Survivors Possible from Russian Air Strikes in Ukraine', 'In  Era of Savage Cut , UN Aid Chief Urges Security Council to Provide Security , Resources for Saving as Many Survivors Possible from Russian Air Strikes in Ukraine']"
1421,14,1421_drogen_tote_drei_angriff,"['drogen', 'tote', 'drei', 'angriff', 'neuem', 'bei', 'pentagon', 'auf', 'boot', 'vier']","['Militär : Pentagon : Drei Tote bei neuem US - Angriff auf Drogen - Boot', 'Pentagon : Drei Tote bei neuem US - Angriff auf Drogen - Boot', 'Pentagon : Drei Tote bei neuem US - Angriff auf Drogen - Boot']"
1422,14,1422_25th_alipov_celebrating_anniversary,"['25th', 'alipov', 'celebrating', 'anniversary', 'achievements', 'ambassador', 'marks', 'mark', 'celebrate', 'celebrates']","['Ambassador Alipov highlights key achievements as India - Russia mark 25th anniversary of strategic partnership', 'Ambassador Alipov highlights key achievements as India - Russia mark 25th anniversary of strategic partnership', 'Ambassador Alipov highlights key achievements as India - Russia mark 25th anniversary of strategic partnership']"
1423,14,1423_destroyers_philippines_remark_deterrent,"['destroyers', 'philippines', 'remark', 'deterrent', 'extending', 'export', 'hegseth', 'oks', 'means', 'principle']","['What Hegseth remark about defense pact with Philippines extending to all of Pacific means for Korea', 'What Hegseth remark about defense pact with Philippines extending to all of Pacific means for Korea', 'What Hegseth remark about defense pact with Philippines extending to all of Pacific means for Korea']"
1424,14,1424_industry_impose_oil_ipsos,"['industry', 'impose', 'oil', 'ipsos', 'fleet', 'sanctions', 'trading', '62', 'imports', 'reuters']","['US and EU impose new sanctions on Russia oil industry', 'US and EU impose new sanctions on Russia oil industry', 'US and EU impose new sanctions on Russia oil industry']"
1425,14,1425_orbits_redefined_partnerships_niger,"['orbits', 'redefined', 'partnerships', 'niger', 'beyond', 'old', 'kenn', 'commodity', 'kestr', 'klomegh']","['Beyond old orbits : The year Africa and Russia redefined global partnerships', 'Beyond old orbits : The year Africa and Russia redefined global partnerships', 'Beyond old orbits : The year Africa and Russia redefined global partnerships']"
1426,14,1426_favorable_mercredi_rengager_turquie,"['favorable', 'mercredi', 'rengager', 'turquie', 'lest', 'revendique', 'volodymyr', 'linie', 'inakzeptabel', 'ailleurs']","['Ukraine : Volodymyr Zelensky favorable à  cessez - le - feu  avant sa rencontre avec les', 'Ukraine : Volodymyr Zelensky favorable à  cessez - le - feu  avant sa rencontre avec les', 'Ukraine : Volodymyr Zelensky favorable à  cessez - le - feu  avant sa rencontre avec les']"
1427,14,1427_compelling_besieged_bridge_directives,"['compelling', 'besieged', 'bridge', 'directives', 'qatar', 'fuel', 'supply', 'cause', 'amir', 'allow']","['Qatar calls for compelling Israel to allow humanitarian aid into besieged Gaza', 'Qatar calls for compelling Israel to allow humanitarian aid into besieged Gaza', 'Qatar calls for compelling Israel to allow humanitarian aid into besieged Gaza']"
1428,14,1428_began_since_deadly_truce,"['began', 'since', 'deadly', 'truce', 'stabbing', 'first', 'attack', 'bangkok', 'dead', 'post']","['First deadly attack in Israel since Gaza truce began', 'First deadly attack in Israel since Gaza truce began', 'First deadly attack in Israel since Gaza truce began']"
1429,14,1429_51_militants_kill_palestinians,"['51', 'militants', 'kill', 'palestinians', 'soldiers', 'strikes', 'israeli', 'arkansas', 'democrat', 'gazette']","['Militants kill 5 Israeli soldiers in Gaza and Israeli strikes kill 51 Palestinians', 'Militants kill 5 Israeli soldiers in Gaza and Israeli strikes kill 51 Palestinians', 'Militants kill 5 Israeli soldiers in Gaza and Israeli strikes kill 51 Palestinians']"
1430,14,1430_downing_mh17_responsible_widespread,"['downing', 'mh17', 'responsible', 'widespread', 'abuses', 'european', 'passenger', 'court', 'holds', 'plane']","['European court holds Russia responsible for MH17 downing , widespread abuses in Ukraine', 'European court holds Russia responsible for MH17 downing , widespread abuses in Ukraine', 'European court holds Russia responsible for MH17 downing , widespread abuses in Ukraine']"
1431,14,1431_scuffles_protesters_place_protests,"['scuffles', 'protesters', 'place', 'protests', 'rally', 'across', 'hotels', 'take', 'arrests', 'culture']","['Scuffles , arrests as protesters across united kingdom rally against asylum hotels', 'Scuffles , arrests as protesters across united kingdom rally against asylum hotels – Dominican Republic Post – Caribbean News , Business , Travel & Culture', 'Scuffles , arrests as protesters across united kingdom rally against asylum hotels – Dominican Republic Post – Caribbean News , Business , Travel & Culture']"
1432,14,1432_tropas_envo_combatir_corea,"['tropas', 'envo', 'combatir', 'corea', 'desplegadas', 'afectaciones', 'europeas', 'rusas', 'combaten', 'norte']","['Corea del Norte confirma envío de tropas a Rusia para combatir en Ucrania', 'Corea del Norte confirma envío de tropas a Rusia para combatir en Ucrania', 'Corea del Norte confirma envío de tropas a Rusia para combatir en Ucrania']"
1433,14,1433_bishops_blasting_humane_pope,"['bishops', 'blasting', 'humane', 'pope', 'strongly', 'treatment', 'feud', 'badly', 'backs', 'fallen']","['Pope strongly backs US bishops in blasting Trump immigration crackdown , urges humane treatment', 'Pope strongly backs US bishops in blasting Trump immigration crackdown , urges humane treatment', 'Pope strongly backs US bishops in blasting Trump immigration crackdown , urges humane treatment']"
1434,14,1434_doubles_intervention_criticizes_down,"['doubles', 'intervention', 'criticizes', 'down', 'envoy', 'gov', 'government', 'syria', 'support', 'criticises']","['US envoy doubles down on support for Syria government and criticizes Israel intervention', 'US envoy doubles down on support for Syria government and criticizes Israel intervention', 'US envoy doubles down on support for Syria government and criticizes Israel intervention']"
1435,14,1435_ships_houthi_rebels_sea,"['ships', 'houthi', 'rebels', 'sea', 'red', 'launch', 'yemen', 'violent', 'know', 'risking']","['What to know as Yemen Houthi rebels launch new , more violent attacks on ships in the Red Sea', 'What to know as Yemen Houthi rebels launch new , more violent attacks on ships in the Red Sea', 'What to know as Yemen Houthi rebels launch new , more violent attacks on ships in the Red Sea']"
1436,14,1436_joining_donbas_trapped_17,"['joining', 'donbas', 'trapped', '17', 'duped', 'investigates', 'ramaphosa', 'probes', 'lured', 'citizens']","['South Africa says 17 citizens trapped in Donbas after joining Russia - Ukraine war', 'South Africa says 17 citizens trapped in Donbas after joining Russia - Ukraine war', 'South Africa says 17 citizens trapped in Donbas after joining Russia - Ukraine war']"
1437,14,1437_kampala_ministerial_solution_committee,"['kampala', 'ministerial', 'solution', 'committee', 'nam', 'reaffirms', 'palestine', 'state', 'two', 'support']","['India reaffirms support for two - state solution at NAM Ministerial Committee on Palestine in Kampala', 'India reaffirms support for two - state solution at NAM Ministerial Committee on Palestine in Kampala', 'India reaffirms support for two - state solution at NAM Ministerial Committee on Palestine in Kampala']"
1438,14,1438_pressure_expansion_imports_announce,"['pressure', 'expansion', 'imports', 'announce', 'modi', 'trade', 'defense', 'held', 'ties', 'agenda']","['Putin and Modi held talks and announce expansion of Russia - India trade ties amid US pressure', 'Putin and Modi held talks and announce expansion of Russia - India trade ties amid US pressure', 'Putin and Modi held talks and announce expansion of Russia - India trade ties amid US pressure']"
1439,14,1439_affecting_prices_collateral_unga,"['affecting', 'prices', 'collateral', 'unga', 'fuel', 'price', 'consequences', 'tells', 'means', 'including']","['Collateral consequences of Ukraine conflict , including fuel price , affecting Global South : India tells UNGA', 'Collateral consequences of Ukraine conflict , including\xa0 fuel price , affecting Global South : India tells UNGA', 'Collateral consequences of Ukraine conflict , including\xa0 fuel price , affecting Global South : India tells UNGA']"
1440,14,1440_atrocity_according_grim_index,"['atrocity', 'according', 'grim', 'index', 'our', 'another', 'mass', '2024', 'was', 'year']","['From Myanmar to Gaza , Ukraine to Sudan – 2024 was another grim year , according to our mass atrocity index', 'From Myanmar to Gaza , Ukraine to Sudan – 2024 was another grim year , according to our mass atrocity index', 'From Myanmar to Gaza , Ukraine to Sudan – 2024 was another grim year , according to our mass atrocity index']"
1441,14,1441_mosks_kekuatan_gagalkan_dirancang,"['mosks', 'kekuatan', 'gagalkan', 'dirancang', 'prej', 'rrzon', 'pembukaan', 'sendiri', 'dron', 'rajonin']","['Drone X - BAT Dirancang untuk Bertempur Sendiri Gagalkan Serangan Pembukaan Tiongkok pada Kekuatan Udara Amerika', 'Drone X - BAT Dirancang untuk Bertempur Sendiri Gagalkan Serangan Pembukaan Tiongkok pada Kekuatan Udara Amerika', 'Drone X - BAT Dirancang untuk Bertempur Sendiri Gagalkan Serangan Pembukaan Tiongkok pada Kekuatan Udara Amerika']"
1442,14,1442_lord_extradition_fito_drug,"['lord', 'extradition', 'fito', 'drug', 'cartels', 'hide', 'ecuador', 'recaptured', 'recently', 'request']","['Recently recaptured Ecuador drug lord  Fito  accepts US extradition request | Drugs News', 'Recently recaptured Ecuador drug lord  Fito  accepts US extradition request', 'Recently recaptured Ecuador drug lord  Fito  accepts US extradition request']"
1443,14,1443_urge_ex_chiefs_letter,"['urge', 'ex', 'chiefs', 'letter', 'ask', 'accountable', 'democrats', 'secure', 'ash', 'aotearoa']","['Hundreds of ex - Israeli security officials urge Trump to help end war in Gaza', 'Hundreds of ex - Israeli security officials urge Trump to help end Gaza war in open letter', 'Hundreds of ex - Israeli security officials urge Trump to help end Gaza war in open letter']"
1444,14,1444_extremadamente_rehn_frgil_corresponde,"['extremadamente', 'rehn', 'frgil', 'corresponde', 'pidi', 'ingreso', 'advirti', 'cadveres', 'acceso', 'entregar']","['La ONU advirtió que la tregua entre Israel y Hamas es  extremadamente frágil  y pidió por más acceso de ayuda humanitaria en Gaza', 'La ONU advirtió que la tregua entre Israel y Hamas es  extremadamente frágil  y pidió por más acceso de ayuda humanitaria en Gaza', 'La ONU advirtió que la tregua entre Israel y Hamas es  extremadamente frágil  y pidió por más acceso de ayuda humanitaria en Gaza']"
1445,14,1445_tanks_decades_2002_fleeing,"['tanks', 'decades', '2002', 'fleeing', 'cant', 'time', 'bank', 'sentinel', 'tank', 'west']","['Israel sends tanks into West Bank for first time in decades , says fleeing Palestinians cant return', 'Israel sends tanks into West Bank for first time in decades ; says fleeing Palestinians cant return', 'Israel sends tanks into West Bank for first time in decades ; says fleeing Palestinians cant return']"
1446,14,1446_owyn_martin_irish_ireland,"['owyn', 'martin', 'irish', 'ireland', 'expressing', 'occupy', 'anatomy', 'discussed', 'territorial', 'storm']","['Ireland among six countries expressing  grave concern  over Israeli plans to occupy Gaza – The Irish Times', 'Ireland among six countries expressing  grave concern  over Israeli plans to occupy Gaza – The Irish Times', 'Ireland among six countries expressing  grave concern  over Israeli plans to occupy Gaza – The Irish Times']"
1447,14,1447_chivalrous_knight_loading_khalifa,"['chivalrous', 'knight', 'loading', 'khalifa', 'operation', 'tonnes', 'ship', 'supplements', 'thirty', '249th']","['  Operation Chivalrous Knight 3  begins loading of  Khalifa  aid ship for Gaza - UAE - Emirates24', '  Operation Chivalrous Knight 3  begins loading of  Khalifa  aid ship for Gaza', '  Operation Chivalrous Knight 3  begins loading of  Khalifa  aid ship for Gaza']"
1448,14,1448_sharing_intelligence_suspends_imagery,"['sharing', 'intelligence', 'suspends', 'imagery', 'stops', '90', 'suspension', 'satellite', 'part', 'military']","['US suspends Military Aid and Intelligence Sharing with Ukraine Amid Tensions', 'US suspends Military Aid and Intelligence Sharing with Ukraine Amid Tensions', 'US suspends Military Aid and Intelligence Sharing with Ukraine Amid Tensions']"
1449,14,1449_blamed_54_miliary_airstrike,"['blamed', '54', 'miliary', 'airstrike', 'darfur', 'groups', 'an', 'say', 'killed', 'market']","['Sudan aid groups say 54 killed in an airstrike blamed on the miliary in Darfur', 'Sudan aid groups say 54 killed in an airstrike blamed on the miliary in Darfur', 'Sudan aid groups say 54 killed in an airstrike blamed on the miliary in Darfur']"
1450,14,1450_13_displaced_million_displaces,"['13', 'displaced', 'million', 'displaces', 'figures', 'rape', 'enters', 'flee', 'newly', 'civil']","['13 million displaced as Sudan war enters third year : UN', '13 Million Displaced As Sudan War Enters Third Year : UN', 'Nearly 13 million displaced as civil war in Sudan enters third year']"
1451,14,1451_relocation_acceptance_hardship_discussed,"['relocation', 'acceptance', 'hardship', 'discussed', 'afghan', 'province', 'falls', 'refugee', 'balochistan', 'repatriation']","['Afghan Refugee Relocation Discussed in Pakistan - UK Talks', 'Afghan Refugee Acceptance in united kingdom Falls to 44 %, Amnesty', 'Afghan Refugee Acceptance in united kingdom Falls to 44 %, Amnesty']"
1452,13,1452_970_llegaron_forma_63,"['970', 'llegaron', 'forma', '63', 'irregular', '2023', 'espaa', 'llegadas', '2024', '12']","['63 . 970 migrantes llegaron de forma irregular a España en 2024 , un 12 , 5 % más que en 2023', '63 . 970 migrantes llegaron de forma irregular a España en 2024 , un 12 , 5 % más que en 2023', '63 . 970 migrantes llegaron de forma irregular a España en 2024 , un 12 , 5 % más que en 2023']"
1453,13,1453_reinstatement_pleading_wrote_waters,"['reinstatement', 'pleading', 'wrote', 'waters', 'letters', 'indus', 'desperate', 'four', 'writing', 'mohammad']","['Desperate Pakistan wrote four letters to India , pleading reinstatement of Indus Waters Treaty : Sources', 'Desperate Pakistan Wrote Four Letters To India , Pleading Reinstatement Of Indus Waters Treaty : Sources', 'Desperate Pakistan Wrote Four Letters To India , Pleading Reinstatement Of Indus Waters Treaty : Sources']"
1454,13,1454_chemical_finding_impose_joly,"['chemical', 'finding', 'impose', 'joly', 'used', 'weapons', 'sanctions', 'feeding', 'profiteers', 'networks']","['US to impose sanctions on Sudan after finding government used chemical weapons', 'US to impose sanctions on Sudan after finding government used chemical weapons', 'US to impose sanctions on Sudan after finding government used chemical weapons']"
1455,13,1455_cooter_advisories_advisory_travel,"['cooter', 'advisories', 'advisory', 'travel', 'commissioner', 'trust', 'manipur', 'high', 'updated', 'assam']","['High Commissioner Cooter highlights  renewed trust  between India - Canada', 'High Commissioner Cooter highlights  renewed trust  between India - Canada', 'High Commissioner Cooter highlights  renewed trust  between India - Canada']"
1456,13,1456_hello_goodbye_unites_22,"['hello', 'goodbye', 'unites', '22', 'turns', 'apps', '12th', '9th', 'peter', 'realm']","['Goodbye Washington , hello Beijing : ASEAN turns to China , unites to fight US tariffs', 'Goodbye Washington , hello Beijing ; ASEAN turns to China , unites to fight US tariffs', 'Goodbye Washington , hello Beijing : ASEAN turns to China , unites to fight US tariffs']"
1457,13,1457_discourse_evidence_complicit_concerned,"['discourse', 'evidence', 'complicit', 'concerned', 'institutions', 'actions', 'surges', 'targeting', 'public', 'influence']","['Iran Influence in France Surges Amid Gaza War , Targeting Institutions and Public Discourse , Report Finds', 'Iran Influence in France Surges Amid Gaza War , Targeting Institutions and Public Discourse , Report Finds', 'Iran Influence in France Surges Amid Gaza War , Targeting Institutions and Public Discourse , Report Finds']"
1458,13,1458_organisations_suspend_several_work,"['organisations', 'suspend', 'several', 'work', 'envoys', 'actions', 'ensure', 'safety', 'organizations', 'dozen']","['Israel says it will suspend work of several humanitarian organisations in Gaza', 'Israel says it will suspend work of several humanitarian organisations in Gaza', 'Israel says it will suspend work of several humanitarian organisations in Gaza']"
1459,13,1459_effect_returns_newspaper_disarray,"['effect', 'returns', 'newspaper', 'disarray', 'uk', 'take', 'today', 'france', 'comes', 'migrant']","['UK - France migrant returns deal to take effect today - Newspaper', 'UK - France migrant returns deal to take effect today - Newspaper', 'UK - France migrant returns deal to take effect today - Newspaper']"
1460,13,1460_pascale_reprend_trve_ses,"['pascale', 'reprend', 'trve', 'ses', 'frappes', 'voulais', 'marche', 'aprs', 'geste', 'propagande']","['La Russie reprend ses frappes en Ukraine après la trêve pascale', 'La Russie reprend ses frappes en Ukraine après la trêve pascale', 'La Russie reprend ses frappes en Ukraine après la trêve pascale']"
1461,13,1461_upending_decry_catholic_bishops,"['upending', 'decry', 'catholic', 'bishops', 'church', 'raids', 'life', 'oneil', 'tyler', 'joseph']","['US Catholic bishops decry Trump immigration raids upending church life', 'US Catholic bishops decry Trump immigration raids upending church life', 'US Catholic bishops decry Trump immigration raids upending church life']"
1462,13,1462_hail_analysts_stability_regional,"['hail', 'analysts', 'stability', 'regional', 'covered', 'pact', 'cordial', 'saudi', 'toward', 'includes']","['Analysts hail Saudi - Pakistan defense pact as step toward regional stability', 'Analysts hail Saudi - Pakistan defense pact as step toward regional stability', 'Analysts hail Saudi - Pakistan defense pact as step toward regional stability']"
1463,13,1463_conservatives_mock_far_right,"['conservatives', 'mock', 'far', 'right', 'uses', 'afd', 'seek', 'campaign', 'plane', 'championing']","['Germany conservatives to seek far right support on immigration', 'Germany conservatives to seek far right support on immigration', 'Germany conservatives to seek far right support on immigration']"
1464,13,1464_confusion_sow_orders_citizen,"['confusion', 'sow', 'orders', 'citizen', 'leave', 'country', 'some', 'citizens', 'immigrants', 'among']","['Orders to leave country some for US citizens sow immigrants confusion', 'Orders to leave country some for US citizens sow immigrants confusion', 'Orders to leave country some for US citizens sow immigrants confusion']"
1465,13,1465_struggles_quickly_promises_good,"['struggles', 'quickly', 'promises', 'good', 'playbook', 'wars', 'failing', 'uses', 'make', 'stopped']","['In first 100 days , Trump struggles to make good on promises to quickly end Ukraine and Gaza wars', 'In first 100 days , Trump struggles to make good on promises to quickly end Ukraine and Gaza wars', 'In first 100 days , Trump struggles to make good on promises to quickly end Ukraine and Gaza wars']"
1466,13,1466_collins_shettima_wisely_mena,"['collins', 'shettima', 'wisely', 'mena', 'nweke', 'riviera', 'delicate', 'moral', 'triggers', 'factbox']","['FM to MENA : President Sisi is wisely leading Egyptian diplomatic moves to end aggression on Gaza', 'Nigeria Moral Diplomacy At UNGA 80 : Vice President Shettima Bold Stand On Gaza By Collins NWEKE', 'Nigeria Moral Diplomacy At UNGA 80 : Vice President Shettima Bold Stand On Gaza By Collins NWEKE']"
1467,13,1467_ratifies_cabinet_hostage_hamas,"['ratifies', 'cabinet', 'hostage', 'hamas', 'bangkok', 'israeli', 'deal', 'ceasefire', 'post', 'with']","['Israeli cabinet ratifies Gaza ceasefire and hostage deal with Hamas', 'Israeli cabinet ratifies Gaza ceasefire and hostage deal with Hamas', 'Israeli cabinet ratifies Gaza ceasefire and hostage deal with Hamas']"
1468,13,1468_sharm_sheikh_convene_solidify,"['sharm', 'sheikh', 'convene', 'solidify', 'finalize', 'global', 'egypt', 'including', 'reiterates', 'leaders']","['Global leaders meet in Egypt Sharm El - Sheikh to solidify Gaza ceasefire and peace plan', 'Global leaders meet in Egypt Sharm El - Sheikh to solidify Gaza ceasefire and peace plan', 'Global leaders meet in Egypt Sharm El Sheikh to solidify Gaza ceasefire and peace plan']"
1469,13,1469_dragone_range_bombs_discusses,"['dragone', 'range', 'bombs', 'discusses', 'missiles', 'drones', 'long', 'seeks', 'sdg', 'zelenskyy']","['Ukraine : NATO Dragone meets Zelenskyy ; discusses military aid , long - range drones', 'Ukraine : NATO Dragone meets Zelenskyy ; discusses military aid , long - range drones', 'Ukraine : NATO Dragone meets Zelenskyy ; discusses military aid , long - range drones']"
1470,13,1470_monstrous_imposing_snaps_halting,"['monstrous', 'imposing', 'snaps', 'halting', 'suspended', 'slams', 'external', 'governments', 'trade', 'offensive']","['UK halts Israel trade talks , slams Gaza offensive as\xa0  monstrous  ', 'UK halts Israel trade talks , slams Gaza offensive as\xa0  monstrous  ', 'UK halts Israel trade talks , slams Gaza offensive as\xa0  monstrous  ']"
1471,13,1471_convergence_anil_chauhan_cds,"['convergence', 'anil', 'chauhan', 'cds', 'interest', 'bte', 'bri', 'panda', 'noire', 'remarks']","['Possible convergence of interest between China , Pakistan and Bangladesh may be against India : CDS General Anil Chauhan', 'Possible convergence of interest between China , Pakistan and Bangladesh may be against India : CDS General Anil Chauhan', 'Possible convergence of interest between China , Pakistan and Bangladesh may be against India : CDS General Anil Chauhan']"
1472,13,1472_lampedusa_shipwreck_island_off,"['lampedusa', 'shipwreck', 'island', 'off', 'die', 'italy', '26', 'least', 'screening', 'biometric']","['At least 26 die in migrant shipwreck off Italy Lampedusa island', 'At Least 26 Die in Migrant Shipwreck Off Italy Lampedusa Island', 'At Least 26 Die in Migrant Shipwreck Off Italy Lampedusa Island']"
1473,13,1473_palau_transfer_request_accept,"['palau', 'transfer', 'request', 'accept', 'lawmakers', 'third', 'reject', 'transferred', 'tied', 'country']","['Palau lawmakers reject US request to accept third country refugees', 'Palau lawmakers reject US request to accept third country refugees', 'Palau lawmakers reject US request to accept third country refugees']"
1474,13,1474_document_sharm_defends_signed,"['document', 'sharm', 'defends', 'signed', 'sheikh', 'blames', 'invasion', 'sco', 'vladimir', 'summit']","['Document to support Gaza ceasefire deal signed at summit in Egypt Sharm el - Sheikh', 'Document to support Gaza ceasefire deal signed at summit in Egypt Sharm el - Sheikh', 'Document to support Gaza ceasefire deal signed at summit in Egypt Sharm el - Sheikh']"
1475,13,1475_tucson_birth_gave_rapid,"['tucson', 'birth', 'gave', 'rapid', 'faces', 'guatemalan', 'who', 'arizona', 'newborn', 'expedited']","['Guatemalan who gave birth in Tucson faces rapid deportation', 'Guatemalan who gave birth in Tucson faces rapid deportation', 'Guatemalan who gave birth in Tucson faces rapid deportation']"
1476,13,1476_restricting_nationalities_planning_applications,"['restricting', 'nationalities', 'planning', 'applications', 'certain', 'visa', 'probable', 'nehanda', 'sl', 'uk']","['UK planning on restricting visa applications from certain nationalities – report', 'UK planning on restricting visa applications from certain nationalities – report', 'UK planning on restricting visa applications from certain nationalities – report']"
1477,13,1477_ghana_1992_expulss_388,"['ghana', '1992', 'expulss', '388', 'theoretical', 'visado', '159', 'appraisal', 'constitutional', 'constitution']","['388 Ghanaians detained in US since January , 159 deported - Foreign Affairs minister', 'The US – Ghana Deportation Agreement and Article 75 of the 1992 Constitution : A Constitutional and Theoretical Appraisal', 'The US – Ghana Deportation Agreement and Article 75 of the 1992 Constitution : A Constitutional and Theoretical Appraisal']"
1478,13,1478_waterloo_us25k_provides_donations,"['waterloo', 'us25k', 'provides', 'donations', 'donation', 'funding', 'sec', 'charities', 'newsday', 'canadian']","['Donations to Canadian charities reportedly funding the Israeli military and the West Bank conflict – NaturalNews . com', 'US embassy gives US$25k donation to Waterloo Sec - Trinidad and Tobago Newsday', 'US embassy gives US$25k donation to Waterloo Sec - Trinidad and Tobago Newsday']"
1479,13,1479_assailant_injured_occupied_middle,"['assailant', 'injured', 'occupied', 'middle', 'east', 'bank', 'latest', 'west', 'least', 'eight']","['Middle East latest : At least 6 injured in attack in Israel - occupied West Bank ; assailant is killed', 'Middle East latest : At least 6 injured in attack in Israel - occupied West Bank ; assailant is killed', 'Middle East latest : At least 6 injured in attack in Israel - occupied West Bank ; assailant is killed']"
1480,13,1480_mobility_tech_adopt_unveil,"['mobility', 'tech', 'adopt', 'unveil', 'decade', 'vision', 'landmark', 'quantum', 'fintech', 'champions']","['India , Japan adopt landmark joint vision for next decade with focus on trade , tech , mobility', 'India , Japan adopt landmark joint vision for next decade with focus on trade , tech , mobility', 'India , Japan adopt landmark joint vision for next decade with focus on trade , tech , mobility']"
1481,13,1481_somalieius_suiupo_gabenus_ukrainiet,"['somalieius', 'suiupo', 'gabenus', 'ukrainiet', 'neteistai', 'kalvarijos', 'pasienieiai', 'dousa', 'lrdagsintervju', 'merhgriskprojekt']","['Bistånds - och utrikeshandelsminister Benjamin Dousa besökte Somalia den 15 – 16 december', 'Benjamin Dousa ( M ): Överenskommelsen med Somalia inte mer\xa0högriskprojekt än annat vi har gjort 22 november 2025 - Ekots lördagsintervju', 'Benjamin Dousa ( M ): Överenskommelsen med Somalia inte mer\xa0högriskprojekt än annat vi har gjort 22 november 2025 - Ekots lördagsintervju']"
1482,13,1482_chernobyl_radiation_plant_normal,"['chernobyl', 'radiation', 'plant', 'normal', 'levels', 'struck', 'cover', 'increase', 'casts', 'drone']","['Chernobyl : Ukraine says Russia drone attack hits nuclear plant , radiation levels normal', 'Chernobyl : Ukraine says Russia drone attack hits nuclear plant , radiation levels normal', 'Ukraine says Russia drone attack hits Chernobyl nuclear plant , radiation levels normal']"
1483,13,1483_donetsk_dispuestas_apresados_negociando,"['donetsk', 'dispuestas', 'apresados', 'negociando', 'contactos', 'frica', 'disputa', 'asentamiento', 'versin', 'avanza']","['Rusia y Ucrania dispuestas a seguir negociando : la disputa es por el 20 % de Donetsk , dice Estados Unidos', 'Rusia y Ucrania dispuestas a seguir negociando : la disputa es por el 20 % de Donetsk , dice Estados Unidos', 'Rusia y Ucrania dispuestas a seguir negociando : la disputa es por el 20 % de Donetsk , dice Estados Unidos']"
1484,13,1484_low_hopes_eve_meet,"['low', 'hopes', 'eve', 'meet', 'step', 'talks', 'peace', 'new', 'up', 'russia']","['Russia and Ukraine to meet for new talks with peace hopes low', 'Russia and Ukraine to meet for new talks with peace hopes low', 'Russia and Ukraine to meet for new talks with peace hopes low']"
1485,13,1485_calgarian_painful_shoot_twist,"['calgarian', 'painful', 'shoot', 'twist', 'falls', 'much', 'shaheds', 'insider', 'politico', 'warfare']","['  Just shoot me : Calgarian fighting in Ukraine in painful recovery after drone attack | iNFOnews', '  Just shoot me : Calgarian fighting in Ukraine in painful recovery after drone attack | iNFOnews', '  Just shoot me : Calgarian fighting in Ukraine in painful recovery after drone attack | iNFOnews']"
1486,13,1486_revoke_ukrainians_fled_sources,"['revoke', 'ukrainians', 'fled', 'sources', 'status', 'exclusive', 'legal', 'plans', 'who', 'revoking']","['Trump plans to revoke legal status of Ukrainians who fled to US , sources say', 'Trump plans to revoke legal status of Ukrainians who fled to US , sources say', 'Trump plans to revoke legal status of Ukrainians who fled to US , sources say']"
1487,13,1487_annherung_bekommt_aserbaidschan_beifall,"['annherung', 'bekommt', 'aserbaidschan', 'beifall', 'beziehungen', 'gute', 'russland', 'keine', 'abschiebung', 'syrien']","['Aserbaidschan : Keine EU - Annäherung , gute Beziehungen zu united states und Russland', 'Aserbaidschan : Keine EU - Annäherung , gute Beziehungen zu united states und Russland', 'Aserbaidschan : Keine EU - Annäherung , gute Beziehungen zu united states und Russland']"
1488,13,1488_hezbollah_syrian_army_clashes,"['hezbollah', 'syrian', 'army', 'clashes', 'lebanon', 'invades', 'lebanese', 'border', 'town', 'jerusalem']","['Syrian army clashes with Hezbollah at Lebanon border', 'Syrian army clashes with Hezbollah at Lebanon border', 'Syrian army clashes with Hezbollah at Lebanon border']"
1489,13,1489_intensos_libera_combates_rehenes,"['intensos', 'libera', 'combates', 'rehenes', 'amenaz', 'amenaza', 'hams', 'si', 'salida', 'oriente']","['Israel amenaza a Hamás con  intensos combates  si no libera a los rehenes en Gaza', 'Israel amenaza a Hamás con  intensos combates  si no libera a los rehenes en Gaza', 'Israel amenaza a Hamás con  intensos combates  si no libera a los rehenes en Gaza']"
1490,13,1490_faso_burkina_ghanaians_insurgency,"['faso', 'burkina', 'ghanaians', 'insurgency', 'jihadist', 'encroaches', 'reinforces', 'sahel', 'ghana', 'odious']","['Why some Ghanaians are fighting in insurgency - hit Burkina Faso', 'Burkina Faso jihadist insurgency : Some Ghanaians join the fight against the military', 'Burkina Faso jihadist insurgency : Some Ghanaians join the fight against the military']"
1491,13,1491_persist_steps_defuse_clashes,"['persist', 'steps', 'defuse', 'clashes', 'agree', 'but', 'cambodia', 'thailand', 'border', 'demands']","['Thailand and Cambodia agree to ceasefire talks after Trump steps in , but border clashes persist', 'Thailand and Cambodia agree to ceasefire talks after Trump steps in , but border clashes persist', 'Thailand and Cambodia agree to ceasefire talks after Trump steps in , but border clashes persist']"
1492,13,1492_cement_bids_truce_cambodian,"['cement', 'bids', 'truce', 'cambodian', 'outreach', 'thai', 'hopes', 'anwar', 'next', 'week']","['China bids to cement Cambodian - Thai truce', 'China bids to cement Cambodian - Thai truce', 'China bids to cement Cambodian - Thai truce']"
1493,13,1493_difference_deployment_troop_inside,"['difference', 'deployment', 'troop', 'inside', 'tariff', 'threats', 'make', 'stave', 'cartels', 'doing']","['Inside Mexico border troop deployment following Trump tariff threats : Can it make a difference ? ', 'Inside Mexico border troop deployment following Trump tariff threats : Can it make a difference ? ', 'Inside Mexico border troop deployment following Trump tariff threats : Can it make a difference ? ']"
1494,13,1494_construccin_muro_secundario_fronterizo,"['construccin', 'muro', 'secundario', 'fronterizo', 'reforzaron', 'metro', 'nuevo', 'acelera', 'rechazan', 'retomar']","['Rechazan la construcción de un nuevo muro secundario en la frontera con México', 'Rechazan la construcción de un nuevo muro secundario en la frontera con México', 'Rechazan la construcción de un nuevo muro secundario en la frontera con México']"
1495,13,1495_carte_pourparlers_avances_laboration,"['carte', 'pourparlers', 'avances', 'laboration', 'affin', 'jour', 'point', 'visage', 'poursuivent', 'paix']","['CARTE . Guerre en Ukraine : pourparlers , avancées russes … Le point du jour', 'CARTE . Guerre en Ukraine : pourparlers , avancées russes … Le point du jour', 'CARTE . Guerre en Ukraine : pourparlers , avancées russes … Le point du jour']"
1496,13,1496_genocide_determines_committed_rebel,"['genocide', 'determines', 'committed', 'rebel', 'sudanese', 'militia', 'tool', 'force', 'rebels', 'use']","['US determines Sudanese rebel force committed genocide', 'US determines Sudanese rebel force committed genocide', 'US determines Sudanese rebel force committed genocide']"
1497,13,1497_buy_arms_pulls_presence,"['buy', 'arms', 'pulls', 'presence', 'sources', 'hub', 'industry', 'allies', 'exclusive', 'push']","['US will push European allies to buy more arms for Ukraine , say sources', 'US will push European allies to buy more arms for Ukraine , say sources', 'US will push European allies to buy more arms for Ukraine , say sources']"
1498,13,1498_southeast_soft_demise_busy,"['southeast', 'soft', 'demise', 'busy', 'power', 'asia', 'hobbling', 'cedes', 'elsewhere', 'influence']","['For China , USAID demise could be a soft power win in Southeast Asia – Dominican Republic Post', 'For China , USAID demise could be a soft power win in Southeast Asia – Dominican Republic Post', 'For China , USAID demise could be a soft power win in Southeast Asia – Dominican Republic Post']"
1499,13,1499_peru_chile_expected_surge,"['peru', 'chile', 'expected', 'surge', 'declares', 'emergency', 'state', 'jer', 'chilean', 'declare']","['Peru declares state of emergency over expected migrant surge from Chile', 'Peru declares state of emergency over expected migrant surge from Chile', 'Peru declares state of emergency over expected migrant surge from Chile']"
1500,13,1500_lobby_govts_cable_directs,"['lobby', 'govts', 'cable', 'directs', 'mass', 'diplomats', 'governments', 'embassies', 'audit', 'dept']","['US tells diplomats : lobby govts against mass migration', 'US tells diplomats : lobby govts against mass migration', 'US ordered diplomats to lobby govts against mass migration , cable says']"
1501,13,1501_weies_zentrale_punkte_sechs,"['weies', 'zentrale', 'punkte', 'sechs', 'haus', 'bombardements', 'btiment', 'gouvernemental', 'lassen', 'kasachstan']","['Weißes Haus : Sechs zentrale Punkte der Ukraine - Verhandlungen', 'Weißes Haus : Sechs zentrale Punkte der Ukraine - Verhandlungen', 'Weißes Haus : Sechs zentrale Punkte der Ukraine - Verhandlungen']"
1502,13,1502_genocide_committed_rebel_acted,"['genocide', 'committed', 'rebel', 'acted', 'imposes', 'late', 'critics', 'group', 'sanctions', 'leaders']","['US says Sudan rebel force has committed genocide and sanctions group leaders', 'US says Sudan rebel force has committed genocide and sanctions group leaders', 'US says Sudan rebel force has committed genocide and sanctions group leaders']"
1503,13,1503_singapore_beyond_pactwithwong_guided,"['singapore', 'beyond', 'pactwithwong', 'guided', 'go', 'values', 'wong', 'singaporean', 'apprise', 'rooted']","['India - Singapore relations go far beyond diplomacy : PM Modi', 'India - Singapore relations go far beyond diplomacy : PM Modi after talks with Singapore Prime Minister Wong', 'India - Singapore relations go far beyond diplomacy : PM Modi after talks with Singapore Prime Minister Wong']"
1504,13,1504_revoca_parole_humanitario_530,"['revoca', 'parole', 'humanitario', '530', 'nicaragenses', 'revocacin', 'cubanos', 'permiso', 'podran', 'haitianos']","['Donald Trump revoca el parole humanitario de 530 000 venezolanos , cubanos , nicaragüenses y haitianos', 'Donald Trump revoca el parole humanitario de 530 000 venezolanos , cubanos , nicaragüenses y haitianos', 'Donald Trump revoca el parole humanitario de 530 000 venezolanos , cubanos , nicaragüenses y haitianos']"
1505,13,1505_ishaq_dar_composite_arch,"['ishaq', 'dar', 'composite', 'arch', 'dpm', 'desperate', 'awaits', 'rival', 'readiness', 'kabir']","['Pakistan Foreign Minister Ishaq Dar makes big statement on Kashmir issue , says India ... ', 'Pakistan ready for talks with India on  all issues , including Kashmir : Ishaq Dar', 'Pakistan ready for talks with India on  all issues , including Kashmir : Ishaq Dar']"
1506,13,1506_outpace_rest_growth_spain,"['outpace', 'rest', 'growth', 'spain', 'workers', 'economic', 'europe', 'help', 'foreign', 'senate']","['Foreign workers help Spain economic growth outpace the US and the rest of Europe', 'Foreign workers help Spain economic growth outpace the US and the rest of Europe', 'Foreign workers help Spain economic growth outpace the US and the rest of Europe']"
1507,13,1507_crushed_love_story_venezuelan,"['crushed', 'love', 'story', 'venezuelan', 'innocent', 'feels', 'crackdown', 'rebuke', 'swept', 'abys']","['A Venezuelan - US Love Story Crushed By Trump Migrant Crackdown', 'A Venezuelan - US love story crushed by Trump migrant crackdown', 'A Venezuelan - US love story crushed by Trump migrant crackdown']"
1508,13,1508_hanging_credibility_thread_dominates,"['hanging', 'credibility', 'thread', 'dominates', 'colossal', 'stuck', 'analysis', 'advancing', 'stalemate', 'admits']","['Analysis : Drone strikes ahead of Russia - Ukraine peace talks leave Trump credibility hanging by a thread', 'Analysis : Drone strikes ahead of Russia - Ukraine peace talks leave Trump credibility hanging by a thread', 'Analysis : Drone strikes ahead of Russia - Ukraine peace talks leave Trump credibility hanging by a thread']"
1509,13,1509_aircraft_chained_plane_expanding,"['aircraft', 'chained', 'plane', 'expanding', 'deports', 'indians', 'quite', 'unnecessary', 'military', 'undocumented']","['US military aircraft deports migrants to India , expanding Trump immigration policy - World News', 'US deports Indian migrants on military aircraft amid Trump immigration crackdown', 'US deports Indian migrants on military aircraft amid Trump immigration crackdown']"
1510,13,1510_deteriorating_alarm_body_sounds,"['deteriorating', 'alarm', 'body', 'sounds', 'rights', 'expressing', 'alarming', 'regression', 'situation', 'commission']","['UN Rights Body Sounds The Alarm Over South Sudan Crisis', 'UN rights body sounds the alarm over South Sudan crisis', 'South Sudan : UN Rights Body Sounds the Alarm Over South Sudan Crisis']"
1511,13,1511_chagos_sovereignty_mauritius_reaffirms,"['chagos', 'sovereignty', 'mauritius', 'reaffirms', 'welcomes', 'treaty', 'mauritian', 'archipelago', 'support', 'kingdom']","['India welcomes united kingdom - Mauritius treaty on Chagos , reaffirms support for sovereignty', 'India welcomes united kingdom - Mauritius treaty on Chagos , reaffirms support for sovereignty', 'India welcomes united kingdom - Mauritius treaty on Chagos , reaffirms support for sovereignty']"
1512,13,1512_taylorville_srn_daily_news,"['taylorville', 'srn', 'daily', 'news', 'your', 'nigerian', 'newspaper', 'online', 'nigeria', 'today']","['SRN - US News - Taylorville Daily News', 'SRN - US News - Taylorville Daily News', 'SRN - US News - Taylorville Daily News']"
1513,13,1513_hole_turning_black_12300,"['hole', 'turning', 'black', '12300', 'dbut', 'nbc', 'rica', 'documentaires', 'costa', 'philadelphia']","['Panama and Costa Rica turning into  black hole  for US deportees – NBC Connecticut', 'Panama and Costa Rica turning into  black hole  for US deportees – NBC 6 South Florida', 'Panama and Costa Rica turning into  black hole  for US deportees – NBC 6 South Florida']"
1514,13,1514_africas_choices_examining_bold,"['africas', 'choices', 'examining', 'bold', 'strength', 'horizons', 'african', 'unlocking', 'ties', 'africa']","['Africas bold choices : Examining the strength of Russia ties in 2025', 'Africas bold choices : Examining the strength of Russia ties in 2025', 'Africas bold choices : Examining the strength of Russia ties in 2025']"
1515,13,1515_yl_iin_uluslararas_insani,"['yl', 'iin', 'uluslararas', 'insani', 'yardm', 'milyar', 'almtr', 'abalarn', 'eden', 'merkezinde']","['ABD , BMye sağladığı insani yardım finansmanını 2026  da 2 milyar dola', 'BMden 2026  da insani yardım faaliyetleri için 2 milyar dolar taahhüt eden ABDye teşekkür', 'BMden 2026  da insani yardım faaliyetleri için 2 milyar dolar taahhüt eden ABDye teşekkür']"
1516,13,1516_broker_happened_collapse_leaving,"['broker', 'happened', 'collapse', 'leaving', 'alongside', 'brokers', 'brink', 'brokered', 'expanded', 'putrajaya']","['Thailand and Cambodia are fighting again , leaving a Trump - brokered peace agreement on brink of collapse . What happened ? ', 'Thailand and Cambodia are fighting again , leaving a Trump - brokered peace agreement on brink of collapse . What happened ? ', 'Thailand and Cambodia are fighting again , leaving a Trump - brokered peace agreement on brink of collapse . What happened ? ']"
1517,13,1517_guantanamo_bay_base_nbc,"['guantanamo', 'bay', 'base', 'nbc', 'know', 'what', 'cuba', 'necn', 'about', 'angeles']","['What is Guantanamo Bay ? What to know about the US base in Cuba – NBC Chicago', 'What is Guantanamo Bay ? What to know about the US base in Cuba – NBC 6 South Florida', 'What is Guantanamo Bay ? What to know about the US base in Cuba – NBC 6 South Florida']"
1518,13,1518_trnh_chng_sp_nguy,"['trnh', 'chng', 'sp', 'nguy', 'cc', 'mt', 'ca', 'ng', 'ti', 'gp']","['Mỹ đóng cửa USAID , các chương trình tại Ukraine đối mặt nguy cơ sụp đổ', 'Mỹ đóng cửa USAID , các chương trình tại Ukraine đối mặt nguy cơ sụp đổ', 'Mỹ đóng cửa USAID , các chương trình tại Ukraine đối mặt nguy cơ sụp đổ']"
1519,13,1519_guatemala_arrives_third_ccc,"['guatemala', 'arrives', 'third', 'ccc', 'usaf', 'dhc', 'deportees', 'flight', 'country', 'vital']","['First US flight with third - country deportees arrives in Guatemala', 'First US flight with third - country deportees arrives in Guatemala', 'First US flight with third - country deportees arrives in Guatemala']"
1520,13,1520_crosshairs_bishop_brings_letters,"['crosshairs', 'bishop', 'brings', 'letters', 'leo', 'pope', 'paso', 'desperate', 'xiv', 'crackdown']","['El Paso bishop brings Pope Leo XIV desperate letters from migrants in crosshairs of US crackdown', 'El Paso bishop brings Pope Leo XIV desperate letters from migrants in crosshairs of US crackdown', 'El Paso bishop brings Pope Leo XIV desperate letters from migrants in crosshairs of US crackdown']"
1521,13,1521_xunta_pasan_huyeron_httpsprimiciacomvemundoisraelmataa34personasengaza,"['xunta', 'pasan', 'huyeron', 'httpsprimiciacomvemundoisraelmataa34personasengaza', 'farmamundi', 'estancadas', 'personas', 'convenio', 'atender', 'areos']","['Ataques israelíes en Gaza matan a 30 personas mientras las muertes en la guerra pasan de 58 . 000', 'La Xunta activa el convenio con Farmamundi para atender a la población de la Franja de Gaza', 'La Xunta activa el convenio con Farmamundi para atender a la población de la Franja de Gaza']"
1522,13,1522_diretta_opfer_dokureihe_difficile,"['diretta', 'opfer', 'dokureihe', 'difficile', 'israele', 'dalla', 'ddats', 'palestinska', 'aslih', 'skildrade']","['Israele Hamas in guerra : \xa0le news in diretta', 'Israele Hamas in guerra : \xa0le news in diretta', 'Israele Hamas in guerra : \xa0le news in diretta']"
1523,13,1523_concur_design_stepping_japan,"['concur', 'design', 'stepping', 'japan', 'advancement', 'raa', 'concern', 'industry', 'malaysia', 'iea']","['Malaysia , Japan sign agreement to drive design industry in Asean', 'Japan , Malaysia concur in stepping up security cooperation', 'Japan , Malaysia concur in stepping up security cooperation']"
1524,13,1524_relationships_complex_entire_strengthening,"['relationships', 'complex', 'entire', 'strengthening', 'manifests', 'solid', 'iranian', 'relationship', 'rock', 'deep']","['strengthening the entire complex of russian - iranian relationship ..... ', 'strengthening the entire complex of russian - iranian relationship ..... ', 'strengthening the entire complex of russian - iranian relationship ..... ']"
1525,13,1525_paired_farms_ominous_called,"['paired', 'farms', 'ominous', 'called', 'apparent', 'corporate', 'geostrategy', 'watch', 'food', 'tribune']","['China  Food Security Law  paired with apparent attack on U . S . farms called ominous – World Tribune : U . S . Politics and Culture , Geostrategy , China , North Korea , Corporate Watch , Media Watch', 'China  Food Security Law  paired with apparent attack on U . S . farms called ominous – World Tribune : U . S . Politics and Culture , Geostrategy , China , North Korea , Corporate Watch , Media Watch', 'China  Food Security Law  paired with apparent attack on U . S . farms called ominous – World Tribune : U . S . Politics and Culture , Geostrategy , China , North Korea , Corporate Watch , Media Watch']"
1526,13,1526_pques_hypocrisie_demande_poutine,"['pques', 'hypocrisie', 'demande', 'poutine', 'dnonce', 'cessez', 'feu', 'rgler', 'utiliser', 'bombe']","['Guerre en Ukraine . Pâques : Poutine demande un cessez - le - feu , Zelensky dénonce son hypocrisie', 'Guerre en Ukraine . Pâques : Poutine demande un cessez - le - feu , Zelensky dénonce son hypocrisie', 'Guerre en Ukraine . Pâques : Poutine demande un cessez - le - feu , Zelensky dénonce son hypocrisie']"
1527,13,1527_kaiken_jihin_israelille_laittoi,"['kaiken', 'jihin', 'israelille', 'laittoi', 'egyptille', 'ulkomaanavun', 'lhes', 'kuitenkin', 'sotilaallista', 'apua']","['Yhdysvallat laittoi lähes kaiken ulkomaanavun jäihin – sotilaallista apua kuitenkin Israelille ja Egyptille', 'Yhdysvallat laittoi lähes kaiken ulkomaanavun jäihin – sotilaallista apua kuitenkin Israelille ja Egyptille', 'Yhdysvallat laittoi lähes kaiken ulkomaanavun jäihin – sotilaallista apua kuitenkin Israelille ja Egyptille']"
1528,13,1528_hp_tc_anh_lin,"['hp', 'tc', 'anh', 'lin', 'khut', 'quc', 'chu', 'gc', 'bnh', 'ti']","['Hợp tác Mỹ , Anh , EU và Ukraine tìm kiếm hòa bình bền vững tại châu Âu', 'Sau  bức màn  hợp tác Anh - Pháp về Ukraine : Góc khuất những bất đồng', 'Sau  bức màn  hợp tác Anh - Pháp về Ukraine : Góc khuất những bất đồng']"
1529,13,1529_allegiance_grateful_bacon_guys,"['allegiance', 'grateful', 'bacon', 'guys', 'teeth', 'ultra', 'forgive', 'cheers', 'don', 'arm']","['Ukraine not grateful for US allegiance : Trump', 'Rep . Don Bacon : Arm Ukraine to the teeth', 'Rep . Don Bacon : Arm Ukraine to the teeth']"
1530,13,1530_thalande_cambodge_battre_nose,"['thalande', 'cambodge', 'battre', 'nose', 'oubli', 'dormir', 'frontire', 'pige', 'rsolution', 'frontalier']","['La Thaïlande et le Cambodge continuent à se battre dimanche à leur frontière', ' Je nose même pas dormir  : les civils pris au piège dun conflit oublié  la frontière entre la Thaïlande et le Cambodge', ' Je nose même pas dormir  : les civils pris au piège dun conflit oublié  la frontière entre la Thaïlande et le Cambodge']"
1531,13,1531_lotan_poutine_veut_prendra,"['lotan', 'poutine', 'veut', 'prendra', 'faciles', 'liminer', 'loublie', 'stratgie', 'renforts', 'apprcie']","['Ukraine : la guerre ne prendra fin que si Poutine change de stratégie selon lOTAN', 'Guerre en Ukraine\xa0 : Poutine menace les Européens , Zelensky apprécie les renforts et la Chine veut quon loublie', 'Guerre en Ukraine\xa0 : Poutine menace les Européens , Zelensky apprécie les renforts et la Chine veut quon loublie']"
1532,13,1532_act_continue_hezbollah_if,"['act', 'continue', 'hezbollah', 'if', 'lebanon', 'attacks', 'it', 'will', 'winnipeg', 'press']","['Hezbollah says it will act if Israel attacks on Lebanon continue', 'Hezbollah says it will act if Israel attacks on Lebanon continue', 'Hezbollah says it will act if Israel attacks on Lebanon continue']"
1533,13,1533_volontaires_faufilent_prcdent_vengeance,"['volontaires', 'faufilent', 'prcdent', 'vengeance', 'sonn', 'fait', 'clandestins', 'lheure', 'arabie', 'saoudite']","['Guerre en Ukraine\xa0 : Lheure de la vengeance de la Russie a sonné et les drones clandestins de Kiev se faufilent encore', 'Guerre en Ukraine\xa0 : Lheure de la vengeance de la Russie a sonné et les drones clandestins de Kiev se faufilent encore', 'Guerre en Ukraine\xa0 : Lheure de la vengeance de la Russie a sonné et les drones clandestins de Kiev se faufilent encore']"
1534,13,1534_teetering_edge_renewed_envoy,"['teetering', 'edge', 'renewed', 'envoy', 'civil', 'warns', 'south', 'sudan', 'un', 'war']","['South Sudan teetering on edge of renewed civil war , warns UN envoy', 'South Sudan teetering on edge of renewed civil war , warns UN envoy', 'South Sudan teetering on edge of renewed civil war , warns UN envoy']"
1535,13,1535_float_milwaukee_abuse_hawaii,"['float', 'milwaukee', 'abuse', 'hawaii', 'loophole', 'courier', 'media', 'herald', 'combat', 'speech']","['US to float plan at UN to combat asylum abuse media', 'US to float plan at UN to combat asylum abuse media', 'US to float plan at UN to combat asylum abuse media']"
1536,13,1536_cyprus_prosperity_stability_forge,"['cyprus', 'prosperity', 'stability', 'forge', 'greece', 'trilateral', 'aims', 'premature', 'stronger', 'egypt']","['Egypt , Greece , and Cyprus Strengthen Trilateral Ties for Stability and Prosperity', 'Egypt , Greece , and Cyprus Strengthen Trilateral Ties for Stability and Prosperity', 'Egypt , Greece , and Cyprus Strengthen Trilateral Ties for Stability and Prosperity']"
1537,13,1537_airbase_siberian_overshadowed_ramp,"['airbase', 'siberian', 'overshadowed', 'ramp', 'bridge', 'overnight', 'each', 'escalate', 'blast', 'drone']","['Ukraine - Russia Peace Talks Overshadowed by Drone Strikes , Bridge Blast , and Siberian Airbase Attack', 'Ukraine - Russia Peace Talks Overshadowed by Drone Strikes , Bridge Blast , and Siberian Airbase Attack', 'Ukraine - Russia Peace Talks Overshadowed by Drone Strikes , Bridge Blast , and Siberian Airbase Attack']"
1538,13,1538_tragic_milestone_tunisians_aggression,"['tragic', 'milestone', 'tunisians', 'aggression', 'powerful', 'fate', 'remember', 'meetings', 'unsc', 'ago']","['Pakistan slams renewed Israeli strikes in Gaza as another  tragic milestone  in the war ; Demands UNSC action', 'Pakistan slams renewed Israeli strikes in Gaza as another  tragic milestone  in the war ; Demands UNSC action', 'Pakistan slams renewed Israeli strikes in Gaza as another  tragic milestone  in the war ; Demands UNSC action']"
1539,13,1539_irn_prximo_hora_amenaza,"['irn', 'prximo', 'hora', 'amenaza', 'ltima', 'lbano', 'oriente', 'directo', 'conflicto', 'perspectiva']","['Conflicto en Oriente Próximo , en directo | Última hora de la guerra de Israel en Líbano y Gaza y la amenaza de Irán', 'Conflicto en Oriente Próximo , en directo | Última hora de la guerra de Israel en Líbano y Gaza y la amenaza de Irán', 'Conflicto en Oriente Próximo , en directo | Última hora de la guerra de Israel en Líbano y Gaza y la amenaza de Irán']"
1540,13,1540_fredssamtal_freslr_nya_ryssland,"['fredssamtal', 'freslr', 'nya', 'ryssland', 'ryggen', 'mndag', 'vnda', 'brjar', 'till', 'pengar']","['Ukraina föreslår nya fredssamtal med Ryssland', 'Ukraina föreslår nya fredssamtal med Ryssland', 'Ukraina föreslår nya fredssamtal med Ryssland']"
1541,13,1541_camboya_tailandia_anunciada_bombardeos,"['camboya', 'tailandia', 'anunciada', 'bombardeos', 'nuevos', 'acusa', 'camboja', 'tailndia', 'poco', 'tregua']","['Tregua anunciada por Trump dura poco ; Camboya acusa a Tailandia de nuevos bombardeos', 'Camboya acusa a Tailandia de nuevos bombardeos a pesar de tregua anunciada por Trump', 'Camboya acusa a Tailandia de nuevos bombardeos a pesar de tregua anunciada por Trump']"
1542,13,1542_sworn_arrives_before_days,"['sworn', 'arrives', 'before', 'days', 'starmer', 'inauguration', 'zelenskyy', 'uk', 'security', 'prime']","['UK Starmer arrives in Ukraine for security talks with Zelenskyy days before Trump is sworn in', 'UK Starmer arrives in Ukraine for security talks with Zelenskyy days before Trump is sworn in', 'UK Starmer arrives in Ukraine for security talks with Zelenskyy days before Trump is sworn in']"
1543,13,1543_hineingezogen_kreml_wird_nicht,"['hineingezogen', 'kreml', 'wird', 'nicht', 'devastated', 'krieg', 'phase', 'ends', 'blocks', 'politik']","['Kreml : China wird nicht in Krieg hineingezogen', 'Kreml : China wird nicht in Krieg hineingezogen', 'Kreml : China wird nicht in Krieg hineingezogen']"
1544,13,1544_oscar_documentary_wins_land,"['oscar', 'documentary', 'wins', 'land', 'best', 'other', 'awards', 'collaboration', 'peoplemustend', 'filmmaker']","['  No Other Land , an Israeli - Palestinian collaboration , wins Oscar for best documentary', '  No Other Land , An Israeli - Palestinian Collaboration , Wins Oscar For Best Documentary', '  No Other Land , an Israeli - Palestinian collaboration , wins Oscar for best documentary']"
1545,13,1545_influx_hate_changed_hope,"['influx', 'hate', 'changed', 'hope', 'hoping', 'germany', 'turnbacks', 'mixed', 'how', 'messages']","['Hope and hate : how migrant influx has changed Germany', 'Hope and hate : how migrant influx has changed Germany', 'Hope and hate : How migrant influx has changed Germany']"
1546,13,1546_envisaged_connection_iranian_federation,"['envisaged', 'connection', 'iranian', 'federation', 'greater', 'vp', 'force', 'promote', 'revolutionary', 'entry']","['No military alliance envisaged by Russian - Iranian treaty top Iranian diplomat', 'Foreign Ministry statement in connection with the entry into force of the Treaty on Comprehensive Strategic Partnership between the Russian Federation and the Islamic Republic of Iran', 'Foreign Ministry statement in connection with the entry into force of the Treaty on Comprehensive Strategic Partnership between the Russian Federation and the Islamic Republic of Iran']"
1547,13,1547_witnessing_romania_roles_boots,"['witnessing', 'romania', 'roles', 'boots', 'denmark', 'vs', 'ground', 'europe', 'poland', 'iii']","['World War 3 : Russia vs NATO , Poland , united kingdom , France , Germany , Denmark , Romania , Ukraine - Are we witnessing World War 3 in Europe ? What are roles of U . S . and China ? ', 'World War 3 : Russia vs NATO , Poland , united kingdom , France , Germany , Denmark , Romania , Ukraine - Are we witnessing World War 3 in Europe ? What are roles of U . S . and China ? ', 'World War 3 : Russia vs NATO , Poland , united kingdom , France , Germany , Denmark , Romania , Ukraine - Are we witnessing World War 3 in Europe ? What are roles of U . S . and China ? ']"
1548,13,1548_gestin_video_luchando_mercenarios,"['gestin', 'video', 'luchando', 'mercenarios', 'diario', 'favor', 'denuncia', 'newslr', 'noticiero', 'agosto']","['Video : ZELENSKI denuncia mercenarios de CHINA , PAKISTÁN y otros luchando a favor de RUSIA Gestión por Diario Gestión', 'Video : ZELENSKI denuncia mercenarios de CHINA , PAKISTÁN y otros luchando a favor de RUSIA Gestión por Diario Gestión', 'Video : ZELENSKI denuncia mercenarios de CHINA , PAKISTÁN y otros luchando a favor de RUSIA Gestión por Diario Gestión']"
1549,13,1549_hemant_jain_phdcci_forward,"['hemant', 'jain', 'phdcci', 'forward', 'step', 'free', 'major', 'gain', 'trade', 'agreement']","['India - UK Free Trade Agreement a major step forward , says PHDCCI chief Hemant Jain', 'India - UK Free Trade Agreement a major step forward , says PHDCCI chief Hemant Jain', 'India - UK Free Trade Agreement a major step forward , says PHDCCI chief Hemant Jain']"
1550,13,1550_pause_activity_tactical_nbc4,"['pause', 'activity', 'tactical', 'nbc4', 'nbc', 'parts', 'area', 'agree', 'chicago', 'bay']","['Israel announces tactical pause in military activity in parts of Gaza', 'Israel and Hamas agree to ceasefire deal to pause Gaza war', 'Israel and Hamas agree to ceasefire deal to pause Gaza war']"
1551,13,1551_rancher_describes_borderlands_danger,"['rancher', 'describes', 'borderlands', 'danger', 'surveillance', 'hate', 'lot', 'there', 'fear', 'open']","['Rancher describes danger at US - Mexico border', 'Rancher describes danger at US - Mexico border', 'Rancher describes danger at US - Mexico border']"
1552,13,1552_torching_tree_suspicion_christmas,"['torching', 'tree', 'suspicion', 'christmas', 'catholic', 'church', 'arrested', 'palestinians', 'bank', 'west']","['3 Palestinians arrested on suspicion of torching a Christmas tree at a Catholic church in West Bank', '3 Palestinians arrested on suspicion of torching a Christmas tree at a Catholic church in West Bank', '3 Palestinians arrested on suspicion of torching a Christmas tree at a Catholic church in West Bank']"
1553,13,1553_photojournalist_french_journalist_photo,"['photojournalist', 'french', 'journalist', 'photo', 'assaulted', 'agency', '03', 'drone', 'killed', '10']","['Ukraine : French photojournalist killed by Russian drone – DW – 10 / 03 / 2025', 'French photojournalist killed in drone strike in Ukraine', 'French photojournalist killed in drone strike in Ukraine']"
1554,13,1554_5mn_typhoon_recovery_fengshen,"['5mn', 'typhoon', 'recovery', 'fengshen', 'kalmaegi', 'vietnam', 'storms', 'disaster', 'recognises', '142']","['EU , Australia announce over $2 . 5mn in humanitarian aid to support storm - hit residents in Vietnam', 'Japan offers $1 . 5mn emergency aid to support Vietnam disaster recovery', 'Japan offers $1 . 5mn emergency aid to support Vietnam disaster recovery']"
1555,12,1555_pukpuk_marape_png_albanese,"['pukpuk', 'marape', 'png', 'albanese', 'influence', 'formalize', 'pacific', 'kalinoe', 'treaty', 'defence']","['Australia - PNG Defence Treaty : Albanese and Marape sign Pukpuk agreement amid China Pacific influence', 'Australia - PNG Defence Treaty : Albanese and Marape sign Pukpuk agreement amid China Pacific influence', 'Australia - PNG Defence Treaty : Albanese and Marape sign Pukpuk agreement amid China Pacific influence']"
1556,12,1556_inquiry_oversee_outrage_oct,"['inquiry', 'oversee', 'outrage', 'oct', 'government', 'netanyahu', 'distrust', 'will', 'october', 'announces']","['Outrage in Israel as Netanyahu says government will oversee Oct 7 inquiry', 'Outrage in Israel as Netanyahu says government will oversee Oct . 7 inquiry', 'Outrage in Israel as Netanyahu says government will oversee Oct . 7 inquiry']"
1557,12,1557_runrun_tus_humanos_defensa,"['runrun', 'tus', 'humanos', 'defensa', 'derechos', 'oasis', 'burocracia', 'desproteccin', '676', 'alcanz']","['Europa : el nuevo oasis de acogida para Venezuela\xa0 - Runrun . es : En defensa de tus derechos humanos', 'CLAVES | Venezolanos en Colombia , entre la desprotección y la burocracia - Runrun . es : En defensa de tus derechos humanos', 'CLAVES | Venezolanos en Colombia , entre la desprotección y la burocracia - Runrun . es : En defensa de tus derechos humanos']"
1558,12,1558_belarus_lukashenko_including_closer,"['belarus', 'lukashenko', 'including', 'closer', 'friends', 'deeper', 'prepare', 'elevate', 'aims', 'strengthen']","['Belarus seeks closer ties with Iran including on defense , Lukashenko says', 'Belarus seeks closer ties with Iran including on defense , Lukashenko says', 'Belarus seeks closer ties with Iran including on defense , Lukashenko says']"
1559,12,1559_malnutrition_acute_wfp_soar,"['malnutrition', 'acute', 'wfp', 'soar', 'kordofan', 'tawila', 'reduce', 'cases', 'malnourished', 'eastern']","['23 children die of malnutrition within a month in Sudan Kordofan region', '23 children die of malnutrition within a month in Sudan Kordofan region', 'At least 23 children die of malnutrition in Sudan Kordofan']"
1560,12,1560_continued_scanner_commitment_reaffirms,"['continued', 'scanner', 'commitment', 'reaffirms', 'ct', 'medicines', 'dispatches', 'assistance', 'afghanistan', 'medical']","['India reaffirms commitment to continued humanitarian support for Afghanistan , dispatches medicines , CT scanner', 'India reaffirms commitment to continued humanitarian support for Afghanistan , dispatches medicines , CT scanner', 'India reaffirms commitment to continued humanitarian support for Afghanistan , dispatches medicines , CT scanner']"
1561,12,1561_december_russo_28_22,"['december', 'russo', '28', '22', '2025', '18', '16', '23', '15', 'war']","['Russo - Ukraine War - 23 December 2025', 'Russo - Ukraine War - 15 December 2025', 'Russo - Ukraine War - 15 December 2025']"
1562,12,1562_kidnapped_abduction_girl_66,"['kidnapped', 'abduction', 'girl', '66', 'denounces', 'whose', 'little', 'venezuela', 'parents', 'old']","['Venezuela denounces  abduction  of girl , 2 , whose parents were deported by US', 'Venezuela Denounces US Government  Abduction  of Two - Year - Old Migrant Girl', 'Venezuela Denounces US Government  Abduction  of Two - Year - Old Migrant Girl']"
1563,12,1563_electricity_supply_insists_shortage,"['electricity', 'supply', 'insists', 'shortage', 'halts', 'services', 'fuel', 'cut', 'suspend', 'ahead']","['Israel halts Gaza electricity supply ahead of new truce talks', 'Israel halts Gaza electricity supply ahead of new truce talks', 'Israel halts Gaza electricity supply ahead of new truce talks']"
1564,12,1564_passenger_blitz_seat_moves,"['passenger', 'blitz', 'seat', 'moves', 'diplomatic', 'analysis', 'after', 'on', 'trump', 'and']","['After diplomatic blitz on Ukraine and Gaza , Trump moves to passenger seat', 'After diplomatic blitz on Ukraine and Gaza , Trump moves to passenger seat', 'After diplomatic blitz on Ukraine and Gaza , Trump moves to passenger seat']"
1565,12,1565_implementing_favourable_draft_vietnam,"['implementing', 'favourable', 'draft', 'vietnam', 'action', 'businesses', 'develop', 'comprehensive', 'detail', 'partnership']","['Việt Nam , Thailand to draft action plan for implementing new partnership', 'Vietnam , Thailand to draft action plan for implementing new partnership', 'Vietnam , Thailand to draft action plan for implementing new partnership']"
1566,12,1566_hopes_18_rise_hostage,"['hopes', '18', 'rise', 'hostage', 'release', 'kill', 'turkiye', 'strikes', 'press', 'israeli']","['Israeli strikes on Gaza kill 18 as hopes rise for a ceasefire and hostage release', 'Israeli strikes on Gaza kill 18 as hopes rise for a ceasefire and hostage release', 'Israeli strikes on Gaza kill 18 as hopes rise for ceasefire and hostage release']"
1567,12,1567_vincula_matado_presuntos_narcos,"['vincula', 'matado', 'presuntos', 'narcos', 'eln', 'caribe', 'drogue', 'dejara', 'financires', 'rien']","['TRUMP - COLOMBIA | Estados Unidos asegura haber matado a tres presuntos narcos en un ataque en el Caribe y los vincula al ELN', 'TRUMP - COLOMBIA | Estados Unidos asegura haber matado a tres presuntos narcos en un ataque en el Caribe y los vincula al ELN', 'TRUMP - COLOMBIA | Estados Unidos asegura haber matado a tres presuntos narcos en un ataque en el Caribe y los vincula al ELN']"
1568,12,1568_erdoan_trkiye_integrity_romanian,"['erdoan', 'trkiye', 'integrity', 'romanian', 'kurds', 'membership', 'aegean', 'guarantee', 'communities', 'fortifies']","['Türkiye is security guarantee for Kurds , other Syrian communities : Erdoğan', 'Romanian foreign minister says Türkiye full EU membership key for Black Sea security', 'Romanian foreign minister says Türkiye full EU membership key for Black Sea security']"
1569,12,1569_helicopter_crew_member_attacked,"['helicopter', 'crew', 'member', 'attacked', 'prone', 'helicopters', 'abhorrent', 'afta', 'south', 'several']","['1 crew member killed after a UN helicopter was attacked in South Sudan', '1 crew member killed after a UN helicopter was attacked in South Sudan', '1 crew member killed after a UN helicopter was attacked in South Sudan']"
1570,12,1570_mothers_fronts_increasingly_reject,"['mothers', 'fronts', 'increasingly', 'reject', 'soldiers', 'stop', 'demand', 'all', 'soldier', 'their']","['Mothers of Israeli soldiers fighting on all fronts to stop Gaza war', 'Mothers of Israeli soldiers fighting on all fronts to stop Gaza war', 'Mothers of Israeli soldiers fighting on all fronts to stop Gaza war']"
1571,12,1571_regrettable_oval_spat_office,"['regrettable', 'oval', 'spat', 'office', 'reaction', 'zelenskyy', 'calls', 'clash', 'between', 'zelensky']","['Ukraine Zelenskyy calls Oval Office spat with Trump  regrettable  ', 'Ukraine Zelenskyy calls Oval Office spat with Trump  regrettable  ', 'Ukraine Zelenskyy calls Oval Office spat with Trump  regrettable  ']"
1572,12,1572_221_starvation_recognise_mps,"['221', 'starvation', 'recognise', 'mps', 'inaction', 'britain', 'recognition', 'state', 'call', 'palestinian']","['221 MPs call for Britain to recognise Palestinian state amid starvation in Gaza', '221 MPs call for Britain to recognise Palestinian state amid starvation in Gaza', '221 MPs call for Britain to recognise Palestinian state amid starvation in Gaza']"
1573,12,1573_welcomes_shillong_english_premier,"['welcomes', 'shillong', 'english', 'premier', 'between', 'hindi', 'daily', 'central', 'agreement', 'delhi']","['India welcomes ceasefire agreement between Hamas and Israel', 'India welcomes ceasefire agreement between Hamas and Israel', 'India welcomes ceasefire agreement between Hamas and Israel']"
1574,12,1574_staying_allies_tehran_some,"['staying', 'allies', 'tehran', 'some', 'why', 'out', 'key', 'are', 'conflict', 'iran']","['Why are some key Tehran allies staying out of the Israel - Iran conflict ? ', 'Why are some key Tehran allies staying out of the Israel - Iran conflict ? ', 'Why are some key Tehran allies staying out of the Israel - Iran conflict ? ']"
1575,12,1575_97_refused_darien_camp,"['97', 'refused', 'darien', 'camp', '98', 'deportees', 'repatriated', 'panama', 'refusal', 'they']","['Panama sends 97 deportees from US to the Darien camp after they refused to return to their countries | iNFOnews', 'Panama sends 97 deportees from US to the Darien camp after they refused to return to their countries', 'Panama sends 97 deportees from US to the Darien camp after they refused to return to their countries']"
1576,12,1576_divided_republicans_toward_policy,"['divided', 'republicans', 'toward', 'policy', 'shooting', 'immigrants', 'afghan', 'after', 'on', '']","['Republicans divided on policy toward Afghan immigrants after shooting', 'Republicans divided on policy toward Afghan immigrants after shooting', 'Republicans divided on policy toward Afghan immigrants after shooting']"
1577,12,1577_kirk_charlie_vicious_spiral,"['kirk', 'charlie', 'vicious', 'spiral', 'edge', 'political', 'beginning', 'brewing', 'bawku', 'darker']","['US on edge : Experts warn of  vicious spiral  in political violence after Kirk killing', 'Nation on edge : Experts warn of  vicious spiral  in political violence after Kirk killing', 'Nation on edge : Experts warn of  vicious spiral  in political violence after Kirk killing']"
1578,12,1578_neg_expulsados_watch_sometindolos,"['neg', 'expulsados', 'watch', 'sometindolos', '1070', 'malos', 'tratos', 'violando', 'panam', 'fe']","['Human Rights Watch denuncia que EE . UU hizo expulsión masiva de migrantes a Panamá violando todos sus derechos y sometiéndolos a malos tratos – Radio Santa Fe 1070 a . m . Noticias de Colombia', 'Human Rights Watch denuncia que EE . UU hizo expulsión masiva de migrantes a Panamá violando todos sus derechos y sometiéndolos a malos tratos – Radio Santa Fe 1070 a . m . Noticias de Colombia', 'Human Rights Watch denuncia que EE . UU hizo expulsión masiva de migrantes a Panamá violando todos sus derechos y sometiéndolos a malos tratos – Radio Santa Fe 1070 a . m . Noticias de Colombia']"
1579,12,1579_ishiba_outcome_tariff_aims,"['ishiba', 'outcome', 'tariff', 'aims', 'advance', 'eyes', 'g7', 'japan', 'hydrogen', 'dwivedi']","['Japan PM Ishiba aims to advance US tariff talks ; eyes outcome at G7 summit', 'Japan PM Ishiba aims to advance US tariff talks ; eyes outcome at G7 summit', 'Japan PM Ishiba aims to advance US tariff talks ; eyes outcome at G7 summit']"
1580,12,1580_porn_unacknowledged_actor_trip,"['porn', 'unacknowledged', 'actor', 'trip', 'lipped', 'tight', 'visits', 'freedoms', 'taliban', 'star']","['US porn actor visits Afghanistan in a trip unacknowledged by the Taliban', 'US porn actor visits Afghanistan in a trip unacknowledged by the Taliban', 'US porn actor visits Afghanistan in a trip unacknowledged by the Taliban']"
1581,12,1581_mayors_sanctuary_appear_congress,"['mayors', 'sanctuary', 'appear', 'congress', 'cities', 'policies', 'before', 'liked', 'rebuked', 'mayor']","['Mayors of US sanctuary cities appear before Congress over immigration policies', 'Mayors of US sanctuary cities appear before Congress over immigration policies', 'Mayors of US sanctuary cities appear before Congress over immigration policies']"
1582,12,1582_nova_ua_usaid_facenews,"['nova', 'ua', 'usaid', 'facenews', 'delo', 'lb', 'reuters', '250', '50', '500']","['Американський фонд Nova Ukraine очолила колишня топменеджерка USAID', 'Американський фонд Nova Ukraine очолила колишня топменеджерка USAID', 'Американський фонд Nova Ukraine очолила колишня топменеджерка USAID']"
1583,12,1583_kuwait_fund_mln_economics,"['kuwait', 'fund', 'mln', 'economics', 'kuna', 'somalia', 'based', 'mous', 'usd', '5bln']","['KUNA : Kuwait - based fund , united kingdom sign MoUs on Sudan , Somalia aid - Politics', 'KUNA : Kuwait - based fund , united kingdom sign MoUs on Sudan , Somalia aid - Politics', 'KUNA : Kuwait - based fund , united kingdom sign MoUs on Sudan , Somalia aid - Politics']"
1584,12,1584_hesitates_backed_short_accepting,"['hesitates', 'backed', 'short', 'accepting', 'open', 'stops', 'ending', 'terms', 'but', 'proposal']","['Hamas open to Gaza ceasefire but hesitates on Trump - backed terms for ending the conflict', 'Hamas open to Gaza ceasefire but hesitates on Trump - backed terms for ending the conflict', 'Hamas open to Gaza ceasefire but hesitates on Trump - backed terms for ending the conflict']"
1585,12,1585_cluster_injuring_mykolaiv_rains,"['cluster', 'injuring', 'mykolaiv', 'rains', 'suffers', 'savage', 'angels', 'saved', 'hell', 'casualties']","['Russia rains hell on Ukraine with savage  cluster bomb  attack injuring dozens', 'Russia rains hell on Ukraine with savage  cluster bomb  attack injuring dozens', 'Russia rains hell on Ukraine with savage  cluster bomb  attack injuring dozens']"
1586,12,1586_pokrovsk_401_nhanh_cha,"['pokrovsk', '401', 'nhanh', 'cha', 'thch', 'chin', 'xy', 'tin', 'khai', 'trnh']","['Chiến sự Ukraine 2 / 11 : Nga tung đòn quyết định ở Pokrovsk', 'Chiến sự Ukraine 7 / 11 : Rộ tin 700 binh sĩ Ukraine đã đầu hàng ở Pokrovsk', 'Chiến sự Ukraine 7 / 11 : Rộ tin 700 binh sĩ Ukraine đã đầu hàng ở Pokrovsk']"
1587,12,1587_relos_arctic_logistics_scientific,"['relos', 'arctic', 'logistics', 'scientific', 'reciprocal', 'exchanges', 'requires', 'outcomes', 'bigger', 'agreement']","['What Is RELOS Agreement ? Russia Approves Key Defence Pact With India Ahead of Putin Delhi Visit', 'India Russia Military Pact Relos Putin , भारत और रूस एक - दूसरे के देश में तैनात कर सकेंगे सैनिक , पुतिन ने रक्षा समझौते पर किया साइन , RELOS संधि के मायने समझें - vladimir putin signs into law russia india military deployment agreement what is relos...', 'India Russia Military Pact Relos Putin , भारत और रूस एक - दूसरे के देश में तैनात कर सकेंगे सैनिक , पुतिन ने रक्षा समझौते पर किया साइन , RELOS संधि के मायने समझें - vladimir putin signs into law russia india military deployment agreement what is relos...']"
1588,12,1588_backfire_solution_growing_state,"['backfire', 'solution', 'growing', 'state', 'push', 'vatican', 'how', 'palestinian', 'could', 'lasting']","['How the growing push for a 2 - state solution to the Israeli - Palestinian conflict could backfire', 'How the growing push for a 2 - state solution to the Israeli - Palestinian conflict could backfire', 'How the growing push for a 2 - state solution to the Israeli - Palestinian conflict could backfire']"
1589,12,1589_unfounded_russians_beijing_numbers,"['unfounded', 'russians', 'beijing', 'numbers', 'significant', 'explained', 'chinese', 'claim', 'fighting', 'troops']","['Ukraine claim of significant numbers of Chinese troops fighting with Russians  unfounded : Beijing', 'Ukraine claim of significant numbers of Chinese troops fighting with Russians  unfounded : Beijing', 'Ukraine claim of significant numbers of Chinese troops fighting with Russians  unfounded : Beijing']"
1590,12,1590_sanciona_cometer_rebeldes_lder,"['sanciona', 'cometer', 'rebeldes', 'lder', 'genocidio', 'fuerzas', 'sudn', 'acusa', 'atrocidades', 'cometidas']","['EEUU acusa a las fuerzas rebeldes de Sudán de cometer un  genocidio  y sanciona a su líder', 'EEUU acusa a las fuerzas rebeldes de Sudán de cometer un  genocidio  y sanciona a su líder', 'EEUU acusa a las fuerzas rebeldes de Sudán de cometer un  genocidio  y sanciona a su líder']"
1591,12,1591_territory_haiti_today_occupied,"['territory', 'haiti', 'today', 'occupied', 'palestinian', 'top', 'hurricane', 'melissa', 'syria', 'news']","['Today top news : Occupied Palestinian Territory , Syria , Sudan , Haiti', 'Today top news : Occupied Palestinian Territory , Syria , Sudan , Haiti', 'Today top news : Occupied Palestinian Territory , Syria , Sudan , Haiti']"
1592,12,1592_decide_irish_just_conditions,"['decide', 'irish', 'just', 'conditions', 'initiation', 'must', 'process', 'leaders', 'say', 'immediate']","['Irish leaders say Ukraine must decide conditions for a  just  peace', 'Irish leaders say Ukraine must decide conditions for a  just  peace', 'Irish leaders say Ukraine must decide conditions for a  just  peace']"
1593,12,1593_approved_unveiled_plain_quietly,"['approved', 'unveiled', 'plain', 'quietly', 'finally', 'point', 'negotiations', 'sight', 'lie', 'hidden']","['Donald Trump  quietly  approved 28 - point peace plan to end Russia - Ukraine war : Report', 'Donald Trump  quietly  approved 28 - point peace plan to end Russia - Ukraine war : Report', 'Donald Trump  quietly  approved 28 - point peace plan to end Russia - Ukraine war : Report']"
1594,12,1594_kenya_cautioned_jubaland_dragon,"['kenya', 'cautioned', 'jubaland', 'dragon', 'disease', 'looming', 'influx', 'narok', 'outbreaks', 'paints']","['Kenya : €250 , 000 EU Aid Targets Hunger , Disease , and Disaster Relief in Kenya', 'Somalia Vs Jubaland : Fear of refugee influx as Kenya cautioned against taking sides', 'Somalia Vs Jubaland : Fear of refugee influx as Kenya cautioned against taking sides']"
1595,12,1595_attorneys_laos_ordering_removal,"['attorneys', 'laos', 'ordering', 'removal', 'blocking', 'man', 'despite', 'his', 'court', 'deported']","['Man deported to Laos despite court ordering blocking his removal , attorneys say', 'Man deported to Laos despite court ordering blocking his removal , attorneys say', 'Man deported to Laos despite court ordering blocking his removal , attorneys say']"
1596,12,1596_riverina_australias_lakes_tool,"['riverina', 'australias', 'lakes', 'tool', 'essential', 'augusta', 'margaret', 'advocate', 'eastern', 'chronicle']","['Opinion | Australias migration debate : essential or political tool ? | Eastern Riverina Chronicle', 'Opinion | Australias migration debate : essential or political tool ? | Eastern Riverina Chronicle', 'Opinion | Australias migration debate : essential or political tool ? | Eastern Riverina Chronicle']"
1597,12,1597_amnesty_crimes_assault_camp,"['amnesty', 'crimes', 'assault', 'camp', 'paramilitary', 'refugee', 'sudanese', 'accuses', 'probe', 'militia']","['Amnesty accuses Sudanese paramilitary of war crimes in assault on refugee camp', 'Amnesty accuses Sudanese paramilitary of war crimes in assault on refugee camp', 'Amnesty accuses Sudanese paramilitary of war crimes in assault on refugee camp']"
1598,12,1598_aragua_tren_started_gang,"['aragua', 'tren', 'started', 'gang', 'otero', 'prison', 'politics', 'focusing', 'county', 'venezuelan']","['It started in a Venezuelan prison . Now US politics focus on the Tren de Aragua gang', 'It started in a Venezuelan prison . Now US politics focus on the Tren de Aragua gang', 'It started in a Venezuelan prison . Now US politics focus on the Tren de Aragua gang']"
1599,12,1599_denies_numbers_citizens_significant,"['denies', 'numbers', 'citizens', 'significant', 'boston', 'vegas', 'weather', 'its', 'sun', 'sports']","['China denies significant numbers of its citizens are fighting for Russia in Ukraine', 'China denies significant numbers of its citizens are fighting for Russia in Ukraine', 'China denies significant numbers of its citizens are fighting for Russia in Ukraine']"
1600,12,1600_cancer_daughter_brain_parents,"['cancer', 'daughter', 'brain', 'parents', 'young', 'treatment', 'seeking', 'while', 'file', 'complaint']","['Parents deported to Mexico while seeking brain cancer treatment for young American daughter', 'Parents deported to Mexico while seeking brain cancer treatment for young American daughter', 'Parents deported to Mexico while seeking brain cancer treatment for young American daughter']"
1601,12,1601_hostage_families_wjc_aviv,"['hostage', 'families', 'wjc', 'aviv', 'tel', 'envoy', 'sisi', 'kushner', 'meets', 'tells']","['US envoy meets hostage families in Tel Aviv', 'US envoy meets Israeli hostage families in Tel Aviv', 'US envoy meets Israeli hostage families in Tel Aviv']"
1602,12,1602_rainforest_amazon_cocaine_globe,"['rainforest', 'amazon', 'cocaine', 'globe', 'disease', 'going', 'protection', 'away', 'along', 'protecting']","['USAID is going away , and along with it cocaine - fighting efforts and Amazon rainforest protection', 'USAID is going away , and along with it cocaine - fighting efforts and Amazon rainforest protection', 'USAID is going away , and along with it cocaine - fighting efforts and Amazon rainforest protection']"
1603,12,1603____,"['', '', '', '', '', '', '', '', '', '']","['جريدة الرياض | الجيش السوداني يصد هجوماً لـ « الدعم » في كردفان', 'جريدة الرياض |  الرباعية  قدمت هدنة في السودان .. وتحذير أممي من تكثيف الأعمال العدائية', 'جريدة الرياض | لبنان بروح جديدة']"
1604,12,1604_wsj_proposes_reports_hides,"['wsj', 'proposes', 'reports', 'hides', 'boiling', 'summit', 'terrifying', 'beijing', 'hosted', 'tianjin']","['World News : China proposes Putin - Trump summit to end Ukraine war , WSJ reports', 'World News : China proposes Putin - Trump summit to end Ukraine war , WSJ reports', 'World News : China proposes Putin - Trump summit to end Ukraine war , WSJ reports']"
1605,12,1605_flood_grounds_alerts_bypasses,"['flood', 'grounds', 'alerts', 'bypasses', 'indus', 'shares', 'tawi', 'share', 'condition', 'river']","['India bypasses Indus treaty to share flood alerts with Pakistan', 'India bypasses Indus treaty to share flood alerts with Pakistan', 'India bypasses Indus treaty to share flood alerts with Pakistan']"
1606,12,1606_uranium_chill_plants_sealing,"['uranium', 'chill', 'plants', 'sealing', 'reboot', 'improving', '8b', 'billion', 'export', 'ottawa']","['Ottawa close to uranium deal with India worth $2 . 8 billion , claim reports', 'Canada close to sealing $2 . 8 billion deal to supply uranium to India nuclear plants : Report', 'Canada close to sealing $2 . 8 billion deal to supply uranium to India nuclear plants : Report']"
1607,12,1607_apocalyptic_jordan_situation_monitor,"['apocalyptic', 'jordan', 'situation', 'monitor', 'call', 'germany', 'middle', 'east', 'kingdom', 'ceasefire']","['  Apocalyptic situation : united kingdom , Germany and Jordan call for ceasefire in Sudan – Middle East Monitor', '  Apocalyptic situation : united kingdom , Germany and Jordan call for ceasefire in Sudan – Middle East Monitor', '  Apocalyptic situation : united kingdom , Germany and Jordan call for ceasefire in Sudan – Middle East Monitor']"
1608,12,1608_doval_nsa_ajit_moscow,"['doval', 'nsa', 'ajit', 'moscow', 'meets', 'shoigu', 'nikolay', 'strengthen', 'prep', 'patrushev']","['NSA Ajit Doval meets Russian security chief in Moscow to strengthen strategic partnership', 'NSA Ajit Doval meets Russian security chief in Moscow to strengthen strategic partnership', 'NSA Ajit Doval meets Russian security chief in Moscow to strengthen strategic partnership']"
1609,12,1609_prevail_delicate_sense_hold,"['prevail', 'delicate', 'sense', 'hold', 'know', 'here', 'holds', 'hope', 'agree', 'we']","['  We hope sense will prevail , Pakistan foreign minister says , as delicate India - Pakistan ceasefire holds', '  We hope sense will prevail , Pakistan foreign minister says , as delicate India - Pakistan ceasefire holds', '  We hope sense will prevail , Pakistan foreign minister says as delicate India - Pakistan ceasefire holds']"
1610,12,1610_mediated_nsas_confirm_immediate,"['mediated', 'nsas', 'confirm', 'immediate', 'fragile', 'persist', 'reach', 'fail', 'determination', 'diplomacy']","['India and Pakistan confirm immediate ceasefire after US mediated talks', 'India and Pakistan confirm immediate ceasefire after US mediated talks', 'India and Pakistan confirm immediate ceasefire after US mediated talks']"
1611,12,1611_lauds_drive_gets_yemen,"['lauds', 'drive', 'gets', 'yemen', 'sharif', 'saudi', 'uae', 'stability', 'backs', 'restore']","['Saudi - UAE diplomacy gets all - out support from Pakistan in Yemen Peace Drive', 'Saudi - UAE diplomacy gets all - out support from Pakistan in Yemen Peace Drive', 'Saudi - UAE diplomacy gets all - out support from Pakistan in Yemen Peace Drive']"
1612,12,1612_mirrors_escamilla_ngel_garca,"['mirrors', 'escamilla', 'ngel', 'garca', 'crackdown', 'mexico', 'columns', 'banning', 'destabilizing', 'wealthy']","['Mexico immigration crackdown mirrors US | Ángel Escamilla García', 'Mexico immigration crackdown mirrors US | Ángel Escamilla García', 'Mexico immigration crackdown mirrors US | Ángel Escamilla García']"
1613,12,1613_diminishes_broker_sights_nuke,"['diminishes', 'broker', 'sights', 'nuke', 'option', 'university', 'arizona', 'journal', 'vow', 'prospects']","['Trump arms vow diminishes hope of Ukraine peace : Russia', 'Trump arms vow diminishes hope of Ukraine peace : Russia', 'Trump arms vow diminishes hope of Ukraine peace : Russia']"
1614,12,1614_emphasises_predictability_volatility_industry,"['emphasises', 'predictability', 'volatility', 'industry', 'bolster', 'production', 'collaboration', 'committee', 'premium', 'defence']","['India - Germany High Defence Committee meeting emphasises strengthening defence partnership , industry collaboration', 'India - Germany High Defence Committee meeting emphasises strengthening defence partnership , industry collaboration', 'India - Germany High Defence Committee meeting emphasises strengthening defence partnership , industry collaboration']"
1615,12,1615_trong_hn_hai_mng,"['trong', 'hn', 'hai', 'mng', 'thit', 'ngi', 'nm', 'xung', 'khuyt', '70']","['Hơn 70 . 000 người đã thiệt mạng ở Gaza trong hai năm xung đột với Israel', 'Hơn 70 . 000 người thiệt mạng trong hai năm xung đột Gaza - Israel', 'Hơn 70 . 000 người thiệt mạng trong hai năm xung đột Gaza - Israel']"
1616,12,1616_sancionarlo_motivo_atacar_detener,"['sancionarlo', 'motivo', 'atacar', 'detener', 'quiere', 'iryna', 'enfurece', 'encontraba', 'zarutska', 'carolina']","['Donald Trump acusa a Rusia de atacar  sin motivo  a Ucrania y amenaza con sancionarlo :  No quiere detener la guerra  | Mundo', 'Donald Trump acusa a Rusia de atacar  sin motivo  a Ucrania y amenaza con sancionarlo :  No quiere detener la guerra  | Mundo', 'Donald Trump acusa a Rusia de atacar  sin motivo  a Ucrania y amenaza con sancionarlo :  No quiere detener la guerra  | Mundo']"
1617,12,1617_flows_great_supplies_medical,"['flows', 'great', 'supplies', 'medical', 'need', 'assistance', 'earthquake', 'international', 'dogs', 'into']","['Medical supplies in great need as international assistance flows into Myanmar after earthquake', 'Medical supplies in great need as international assistance flows into Myanmar after earthquake', 'Medical supplies in great need as international assistance flows into Myanmar after earthquake']"
1618,12,1618_uyghurs_builds_outcry_bid,"['uyghurs', 'builds', 'outcry', 'bid', 'fear', 'persecution', 'held', 'agencies', 'deports', 'thailand']","['Bangkok Post - Uyghurs held in Thailand  fear new bid to return them to China  ', 'Uyghurs held in Thailand  fear new bid to return them to China  ', 'Uyghurs held in Thailand  fear new bid to return them to China  ']"
1619,12,1619_everything_lost_farmworker_family,"['everything', 'lost', 'farmworker', 'family', 'self', 'divides', 'grandchildren', 'mexicans', 'this', 'mexico']","['This family self - deported to Mexico , and lost everything', 'This family self - deported to Mexico , and lost everything', 'This family self - deported to Mexico , and lost everything']"
1620,12,1620_seguros_tnez_marruecos_fiar,"['seguros', 'tnez', 'marruecos', 'fiar', 'chequeo', 'realmente', 'kosovo', 'considera', 'egipto', 'pases']","[' ¿ Son realmente de fiar los países que la UE considera  seguros ? Chequeo a Kosovo , India , Colombia , Túnez , Marruecos y Egipto', ' ¿ Son realmente de fiar los países que la UE considera  seguros ? Chequeo a Kosovo , India , Colombia , Túnez , Marruecos y Egipto', ' ¿ Son realmente de fiar los países que la UE considera  seguros ? Chequeo a Kosovo , India , Colombia , Túnez , Marruecos y Egipto']"
1621,12,1621_39_bangladeshi_nationals_undocumented,"['39', 'bangladeshi', 'nationals', 'undocumented', 'deports', 'worry', 'bangladeshis', 'crackdown', 'drive', 'woman']","['US deports 39 Bangladeshi nationals amid crackdown on undocumented immigrants', 'US deports 39 Bangladeshi nationals amid crackdown on undocumented immigrants', 'US deports 39 Bangladeshi nationals amid crackdown on undocumented immigrants']"
1622,12,1622_gulf_confident_jd_vance,"['gulf', 'confident', 'jd', 'vance', 'lays', 'very', 'big', 'demands', 'negotiating', 'pro']","['Vance : Russia , Ukraine face  very big gulf  in peace plan demands', 'Vance : Russia , Ukraine face  very big gulf  in peace plan demands', 'Vance : Russia , Ukraine face  very big gulf  in peace plan demands']"
1623,12,1623_sumy_32_palm_centre,"['sumy', '32', 'palm', 'centre', 'city', 'sunday', 'strike', 'ukrainian', 'four', 'kills']","['Russian strike on city centre of Ukraine Sumy kills 32', 'Russian strike on city centre of Ukraine Sumy kills 32', 'Russian strike on city centre of Ukraine Sumy kills 32']"
1624,12,1624_assauts_violer_terreur_nouvelle,"['assauts', 'violer', 'terreur', 'nouvelle', 'forte', 'poursuivent', 'fait', 'pression', 'moscou', 'moins']","['Guerre en Ukraine : une nouvelle attaque russe fait au moins 12 morts , Zelensky exige  une pression forte  sur Moscou', 'Guerre en Ukraine : une nouvelle attaque russe fait au moins 12 morts , Zelensky exige  une pression forte  sur Moscou', 'Guerre en Ukraine : une nouvelle attaque russe fait au moins 12 morts , Zelensky exige  une pression forte  sur Moscou']"
1625,12,1625_rival_forming_paramilitary_sudanese,"['rival', 'forming', 'paramilitary', 'sudanese', 'group', 'government', 'competing', 'establishes', 'its', 'declare']","['Sudanese paramilitary group says its forming a rival government', 'Sudanese paramilitary group says its forming a rival government', 'Sudanese paramilitary group says its forming a rival government']"
1626,12,1626_rivals_stand_where_kashmir,"['rivals', 'stand', 'where', 'kashmir', 'off', 'here', 'teeter', 'face', 'decades', 'worst']","['India and Pakistan face off over Kashmir attack . Here where the rivals stand', 'India and Pakistan face off over Kashmir attack . Here where the rivals stand', 'India and Pakistan face off over Kashmir attack . Here where the rivals stand']"
1627,12,1627_bush_sympathize_afghans_advocacy,"['bush', 'sympathize', 'afghans', 'advocacy', 'george', 'applications', 'institute', 'tightens', 'fatal', 'progressives']","['US Suspends Afghan Visas and All Asylum Applications After Fatal White House Shooting : Trump Tightens Migration Rules', 'George W . Bush Institute Urges Americans to Sympathize with Afghans After D . C . National Guard Attack', 'George W . Bush Institute Urges Americans to Sympathize with Afghans After D . C . National Guard Attack']"
1628,12,1628_threatening_opposing_slams_criticize,"['threatening', 'opposing', 'slams', 'criticize', 'netanyahu', 'action', 'slander', 'lawmakers', 'canada', 'democratic']","['Netanyahu Slams Leaders Of united kingdom , France , Canada After Threatening Israel To Stop War', 'Netanyahu Slams Leaders Of united kingdom , France , Canada After Threatening Israel To Stop War', 'Netanyahu Slams Leaders Of united kingdom , France , Canada After Threatening Israel To Stop War']"
1629,12,1629_demolishing_bizarre_congratulates_friend,"['demolishing', 'bizarre', 'congratulates', 'friend', 'unqualified', 'ramesh', 'jairam', 'unacceptable', 'atrocious', 'morally']","['PM Modi Behind Israel - Hamas War ? Pakistani Expert Makes Bizarre Claim , Says Netanyahu Demolishing Gaza For India To .... ', 'PM Modi Behind Israel - Hamas War ? Pakistani Expert Makes Bizarre Claim , Says Netanyahu Demolishing Gaza For India To .... ', 'PM Modi Behind Israel - Hamas War ? Pakistani Expert Makes Bizarre Claim , Says Netanyahu Demolishing Gaza For India To .... ']"
1630,12,1630_terminado_guerras_terminar_lucha,"['terminado', 'guerras', 'terminar', 'lucha', 'desliz', 'acabar', 'tiene', 'primeros', 'das', 'dice']","['En sus primeros 100 días , Trump lucha por acabar con las guerras en Ucrania y Gaza', 'En sus primeros 100 días , Trump lucha por acabar con las guerras en Ucrania y Gaza', 'En sus primeros 100 días , Trump lucha por acabar con las guerras en Ucrania y Gaza']"
1631,12,1631_april_tales_ramayana_lanka,"['april', 'tales', 'ramayana', 'lanka', 'sri', 'apr', 'boosting', 'modi', 'thailand', 'agenda']","['PM\xa0 Modi to visit Thailand and Sri Lanka from April 3 to April 6', 'PM Modi to visit Thailand , Sri Lanka from April 3 - 6', 'PM Modi to visit Thailand , Sri Lanka from April 3 - 6']"
1632,12,1632_auto_backbone_rebuke_align,"['auto', 'backbone', 'rebuke', 'align', 'teaming', 'denuclearize', 'zopfan', 'revived', 'broken', 'eyes']","['Japan , China , South Korea align in rebuke of Trump auto tariffs', 'Japan , China , South Korea align in rebuke of Trump auto tariffs', 'Japan , China , South Korea align in rebuke of Trump auto tariffs']"
1633,12,1633_bouger_missaire_appelle_rencontre,"['bouger', 'missaire', 'appelle', 'rencontre', 'imagine', 'sparation', 'modle', 'moscou', 'son', 'berlin']","['Ukraine : Trump appelle Moscou à  se bouger , son émissaire rencontre Poutine', 'Ukraine : Trump appelle Moscou à  se bouger , son émissaire rencontre Poutine', 'Ukraine : Trump appelle Moscou à « se bouger », son émissaire rencontre Poutine']"
1634,12,1634_yemendeki_abdnin_iddiasn_devrim,"['yemendeki', 'abdnin', 'iddiasn', 'devrim', 'askerlerinin', 'muhafzlar', 'yalanlad', 'saldrlarnda', 'ld', 'ran']","['İran , ABDnin Yemendeki saldırılarında Devrim Muhafızları askerlerinin öldüğü iddiasını yalanladı İhlas Haber Ajansı', 'İran , ABDnin Yemendeki saldırılarında Devrim Muhafızları askerlerinin öldüğü iddiasını yalanladı', 'İran , ABDnin Yemendeki saldırılarında Devrim Muhafızları askerlerinin öldüğü iddiasını yalanladı']"
1635,12,1635_sinking_coastguard_52_missing,"['sinking', 'coastguard', '52', 'missing', 'greece', 'boy', 'search', 'coast', 'rescue', 'off']","['Coast Guard rescue 52 migrants off Greece , boy missing', 'Coastguard rescue 52 migrants off Greece , boy missing', 'Coastguard rescue 52 migrants off Greece , boy missing']"
1636,12,1636_quietly_living_cubans_florida,"['quietly', 'living', 'cubans', 'florida', 'being', 'hundreds', 'years', 'deported', 'detainment', 'mexico']","['Hundreds of Cubans living in South Florida for years are being quietly deported to Mexico', 'Hundreds of Cubans living in South Florida for years are being quietly deported to Mexico', 'Hundreds of Cubans living in South Florida for years are being quietly deported to Mexico']"
1637,12,1637_subcommittee_3rd_chiefs_advancing,"['subcommittee', '3rd', 'chiefs', 'advancing', 'round', 'way', 'political', 'hold', 'japan', 'ramallah']","['UAE , Japan hold 3rd round of Subcommittee on Political Diplomacy & International Cooperation', 'UAE , Japan hold 3rd round of Subcommittee on Political Diplomacy & International Cooperation', 'UAE , Japan hold 3rd round of Subcommittee on Political Diplomacy & International Cooperation']"
1638,12,1638_kolkata_bangladeshi_unlawfully_hc,"['kolkata', 'bangladeshi', 'unlawfully', 'hc', 'muslims', 'bangladesh', 'ernakulam', 'icsf', 'rhs', 'apprehend']","['India : Hundreds of Muslims Unlawfully Expelled to Bangladesh', 'Kolkata HC rules forced deportation of Indians to Bangladesh  illegal  ', 'Kolkata HC rules forced deportation of Indians to Bangladesh  illegal  ']"
1639,12,1639_guatemala_assumed_20k_guatemalans,"['guatemala', 'assumed', '20k', 'guatemalans', 'sack', 'contents', 'funneled', 'plastic', 'ring', 'nothing']","['Leaders of massive human smuggling ring that funneled 20K illegal migrants from Guatemala to US arrested', 'Thousands of Guatemalans deported from US with nothing more than the contents of a white plastic sack', 'Thousands of Guatemalans deported from US with nothing more than the contents of a white plastic sack']"
1640,12,1640_acros_witnessed_logistic_eve,"['acros', 'witnessed', 'logistic', 'eve', 'instead', 'destroy', 'link', 'ramp', 'attempts', 'brutal']","['  Instead of Steps towards Peace , We Have Witnessed a Brutal Surge in Large - Scale Russian Attacks Acros Ukraine , Under - Secretary - General Tells Security Council', '  Instead of Steps towards Peace , We Have Witnessed a Brutal Surge in Large - Scale Russian Attacks Acros Ukraine , Under - Secretary - General Tells Security Council', '  Instead of Steps towards Peace , We Have Witnessed a Brutal Surge in Large - Scale Russian Attacks Acros Ukraine , Under - Secretary - General Tells Security Council']"
1641,12,1641_possibilities_range_probe_long,"['possibilities', 'range', 'probe', 'long', 'officials', 'attacks', 'trade', 'peace', 'as', 'russia']","['Ukraine and Russia trade long - range attacks as officials probe possibilities for peace', 'Ukraine and Russia trade long - range attacks as officials probe possibilities for peace', 'Ukraine and Russia trade long - range attacks as officials probe possibilities for peace']"
1642,12,1642_players_excludes_countering_africa,"['players', 'excludes', 'countering', 'africa', 'talk', 'hopes', 'business', 'big', 'wants', 'talked']","['Trump wants to talk business with Africa in hopes of countering China . But a US summit excludes Africa big players', 'Trump wants to talk business with Africa in hopes of countering China . But a US summit excludes Africa big players', 'Trump wants to talk business with Africa in hopes of countering China . But a US summit excludes Africa big players']"
1643,12,1643_nicaragua_empresarios_fallo_restablece,"['nicaragua', 'empresarios', 'fallo', 'restablece', 'critic', 'politicas', 'nico', 'sanciona', 'esperar', 'conmovedora']","['Trump criticó el fallo que restablece TPS para migrantes de Honduras , Nicaragua y Nepal', 'EEUU sanciona a empresarios y funcionarios de Nicaragua por  facilitar  migración ilegal', 'EEUU sanciona a empresarios y funcionarios de Nicaragua por  facilitar  migración ilegal']"
1644,12,1644_kuat_perdamaian_teken_biasa,"['kuat', 'perdamaian', 'teken', 'biasa', 'luar', 'usai', 'negara', 'pujian', 'prabowo', 'hebat']","['Pujian Trump untuk Prabowo Usai Teken Perjanjian Perdamaian Gaza : Indonesia Negara Kuat dan Luar Biasa', 'Pujian Trump untuk Prabowo Usai Teken Perjanjian Perdamaian Gaza : Indonesia Negara Kuat dan Luar Biasa', 'Pujian Trump untuk Prabowo Usai Teken Perjanjian Perdamaian Gaza : Indonesia Negara Kuat dan Luar Biasa']"
1645,12,1645_dharma_successfully_declaration_concludes,"['dharma', 'successfully', 'declaration', 'concludes', 'guardian', 'exercise', 'joint', 'japan', 'research', 'wing']","['India - Japan joint military exercise  Dharma Guardian  concludes successfully', 'India - Japan Joint Military Exercise  Dharma Guardian  concludes successfully', 'India - Japan Joint Military Exercise  Dharma Guardian  concludes successfully']"
1646,12,1646_flow_weapons_guterres_external,"['flow', 'weapons', 'guterres', 'external', 'ridden', 'supply', 'paramilitaries', 'ottawa', 'cut', 'fueling']","['UN chief says flow of weapons to Sudan  must stop  ', 'UN chief calls for an end to the flow of weapons to Sudan', 'UN chief calls for end to flow of weapons into Sudan']"
1647,12,1647_someday_floats_vance_ahead,"['someday', 'floats', 'vance', 'ahead', 'may', 'meeting', 'suggests', 'be', 'zelensky', 'russian']","['Trump floats Ukraine  may be Russian someday  ahead of Zelensky - Vance meeting', 'Trump floats Ukraine  may be Russian someday  ahead of Zelensky - Vance meeting', 'Trump floats Ukraine  may be Russian someday  ahead of Zelensky - Vance meeting']"
1648,12,1648_springboard_succeeds_presenting_realistic,"['springboard', 'succeeds', 'presenting', 'realistic', 'jonas', 'gahr', 'stre', 'solution', 'countering', 'interim']","['The Arab Summit Succeeds Under Egyptian Leadership in Countering the Displacement Plan and Presenting a Realistic Solution : Gaza Is Part of Palestine , and the Solution Is a Palestinian State … A Consensus - Based Palestinian Committee for Interim G...', 'The Arab Summit Succeeds Under Egyptian Leadership in Countering the Displacement Plan and Presenting a Realistic Solution : Gaza Is Part of Palestine , and the Solution Is a Palestinian State … A Consensus - Based Palestinian Committee for Interim G...', 'The Arab Summit Succeeds Under Egyptian Leadership in Countering the Displacement Plan and Presenting a Realistic Solution : Gaza Is Part of Palestine , and the Solution Is a Palestinian State … A Consensus - Based Palestinian Committee for Interim G...']"
1649,12,1649_rio_upholding_brics_condemn,"['rio', 'upholding', 'brics', 'condemn', 'law', 'international', 'call', 'samba', 'leaders', 'strikes']","['BRICS leaders at Rio Summit condemn strikes on Iran , call for upholding international law', 'BRICS leaders at Rio Summit condemn strikes on Iran , call for upholding international law', 'BRICS leaders at Rio Summit condemn strikes on Iran , call for upholding international law']"
1650,12,1650_fortschritte_pokrowsk_liveblog_trifft,"['fortschritte', 'pokrowsk', 'liveblog', 'trifft', 'moskau', 'macht', 'russland', 'krieg', 'im', 'ukraine']","['Ukraine - Krieg im Liveblog : Russland macht Fortschritte in Pokrowsk – Ukraine trifft Moskau', 'Ukraine - Krieg im Liveblog : Russland macht Fortschritte in Pokrowsk – Ukraine trifft Moskau', 'Ukraine - Krieg im Liveblog : Russland macht Fortschritte in Pokrowsk – Ukraine trifft Moskau']"
1651,12,1651_istanbul_fail_open_if,"['istanbul', 'fail', 'open', 'if', 'khawaja', 'asif', 'extend', 'afghanistan', 'threatens', 'restart']","['Pakistan threatens  open war  with Afghanistan if Istanbul peace talks fail', 'Pakistan Defence Minister warns of  open war  with Afghanistan if Istanbul peace talks fail', 'Pakistan Defence Minister warns of  open war  with Afghanistan if Istanbul peace talks fail']"
1652,12,1652_distribuir_levantar_bloqueo_llama,"['distribuir', 'levantar', 'bloqueo', 'llama', 'ofrece', 'kallas', 'ayuda', 'humanitaria', 'permitir', 'quneitra']","['Kallas ofrece ayuda a Israel para distribuir de ayuda humanitaria en Gaza y llama a levantar el bloqueo', 'Kallas ofrece ayuda a Israel para distribuir de ayuda humanitaria en Gaza y llama a levantar el bloqueo', 'Kallas ofrece ayuda a Israel para distribuir de ayuda humanitaria en Gaza y llama a levantar el bloqueo']"
1653,12,1653_gp_nhng_cuc_tho,"['gp', 'nhng', 'cuc', 'tho', 'lun', 'vn', 'chnh', 'nh', 'pho', 'mnh']","['Những vấn đề thảo luận chính trong cuộc gặp về Ukraine tại Mỹ', 'Cuộc gặp thượng đỉnh Mỹ - Nga có mở cơ hội hòa bình cho Ukraine ? ', 'Cuộc gặp thượng đỉnh Mỹ - Nga có mở cơ hội hòa bình cho Ukraine ? ']"
1654,12,1654_aselepoa_yleiskokous_jlleen_vlitnt,"['aselepoa', 'yleiskokous', 'jlleen', 'vlitnt', 'lauselman', 'puolesta', 'nesti', 'vaatii', 'yk', 'suomi']","['YK : n yleiskokous vaatii jälleen välitöntä aselepoa Gazaan – Suomi nesti lauselman puolesta , Yhdysvallat vastaan', 'YK : n yleiskokous vaatii jälleen välitöntä aselepoa Gazaan – Suomi nesti lauselman puolesta , Yhdysvallat vastaan', 'YK : n yleiskokous vaatii jälleen välitöntä aselepoa Gazaan – Suomi nesti lauselman puolesta , Yhdysvallat vastaan']"
1655,12,1655_afghane_besttigt_marchetti_volkspartei,"['afghane', 'besttigt', 'marchetti', 'volkspartei', 'straftters', 'verurteilten', 'erste', 'abschiebungen', 'eines', 'abschiebung']","['Marchetti : „ Erste Abschiebung eines verurteilten Straftäters aus Deutschland nach Afghanistan bestätigt Kurs der Volkspartei  ', 'Marchetti : „ Erste Abschiebung eines verurteilten Straftäters aus Deutschland nach Afghanistan bestätigt Kurs der Volkspartei  ', 'Marchetti : „ Erste Abschiebung eines verurteilten Straftäters aus Deutschland nach Afghanistan bestätigt Kurs der Volkspartei  ']"
1656,12,1656_involving_tone_company_criticizes,"['involving', 'tone', 'company', 'criticizes', 'spore', 'kyiv', 'stance', 'shocking', 'changes', 'blocking']","['Trump changes tone on Russia - Ukraine conflict , makes shocking claim involving Kyiv', 'Trump changes tone on Russia - Ukraine conflict , makes shocking claim involving Kyiv', 'Trump changes tone on Russia - Ukraine conflict , makes shocking claim involving Kyiv']"
1657,12,1657_solve_quickly_solving_love,"['solve', 'quickly', 'solving', 'love', 'muttaqi', 'really', 'easy', 'resolve', 'respond', 'afghanistan']","['Can solve Pakistan - Afghanistan conflict quickly , claims Trump', 'Trump says he can  quickly solve  Pakistan - Afghanistan conflict', 'Trump says he can  quickly solve  Pakistan - Afghanistan conflict']"
1658,12,1658_submarine_powered_submarines_ambitious,"['submarine', 'powered', 'submarines', 'ambitious', 'nuclear', 'build', 'treading', 'examine', 'industry', 'collaboration']","['KUNA : united kingdom , Australia ink treaty in nuclear - powered submarine industry - Military', 'Joint Statement on the Australia - UK Nuclear - Powered Submarine Partnership and Collaboration Treaty', 'Joint Statement on the Australia - UK Nuclear - Powered Submarine Partnership and Collaboration Treaty']"
1659,12,1659_wwii_victory_declares_72,"['wwii', 'victory', 'declares', '72', 'ii', 'day', '10', 'may', 'mark', 'hour']","['Russia declares a ceasefire in Ukraine on May 8 - 10 for WWII Victory Day', 'Russia declares a ceasefire in Ukraine on May 8 - 10 for WWII Victory Day', 'Russia declares a ceasefire in Ukraine on May 8 - 10 for WWII Victory Day']"
1660,12,1660_muslim_purveyors_backing_other,"['muslim', 'purveyors', 'backing', 'other', 'statements', 'news24', 'nations', 'wins', 'observer', 'fo']","['Trump Gaza Peace Plan Wins Backing from Pakistan , Indonesia and Other Key Muslim Nations News24 - ', 'Trump Gaza Peace Plan Wins Backing from Pakistan , Indonesia and Other Key Muslim Nations News24 - ', 'Trump Gaza Peace Plan Wins Backing from Pakistan , Indonesia and Other Key Muslim Nations News24 - ']"
1661,12,1661_traditional_tests_allies_european,"['traditional', 'tests', 'allies', 'european', 'between', 'ties', 'winnipeg', 'press', 'free', 'war']","['War in Gaza tests ties between Israel and traditional European allies', 'War in Gaza tests ties between Israel and traditional European allies', 'War in Gaza tests ties between Israel and traditional European allies']"
1662,12,1662_delay_resume_retain_ready,"['delay', 'resume', 'retain', 'ready', 'truce', 'hints', 'benjamin', 'warns', 'temporary', 'pm']","['Israel ready to resume Gaza war , PM warns after truce delay', 'Israel ready to resume Gaza war , PM warns after truce delay', 'Israel ready to resume Gaza war , PM warns after truce delay']"
1663,12,1663_pound_poundukrainebefore_missiles_zelenskiy,"['pound', 'poundukrainebefore', 'missiles', 'zelenskiy', 'battered', 'drones', '400', 'meeting', 'ahead', 'last']","['Russian drones , missiles pound Ukraine ahead of Zelenskiy - Trump meeting', 'Russian drones , missiles pound Ukraine ahead of Zelenskiy - Trump meeting', 'Russian drones , missiles pound Ukraine ahead of Zelenskiy - Trump meeting']"
1664,12,1664_compared_previous_double_likely,"['compared', 'previous', 'double', 'likely', 'number', 'days', 'crossings', 'years', 'channel', 'with']","['Number of likely days for Channel crossings double compared with previous years', 'Number of likely days for Channel crossings double compared with previous years', 'Number of likely days for Channel crossings double compared with previous years']"
1665,12,1665_residents_eastern_advance_rebels,"['residents', 'eastern', 'advance', 'rebels', 'congo', 'rwanda', 'flee', 'backed', 'thousands', 'chinedu']","['Rwanda - backed rebels advance in eastern Congo as residents flee by the thousands', 'Rwanda - backed rebels advance in eastern Congo as residents flee by the thousands', 'Rwanda - backed rebels advance in eastern Congo as residents flee by the thousands']"
1666,12,1666_reportedly_shouk_zamzam_abu,"['reportedly', 'shouk', 'zamzam', 'abu', 'camps', 'fasher', 'workers', '23', 'apo', 'newsroom']","['At least 23 children and 9 aid workers reportedly killed in Al Fasher , Abu Shouk and Zamzam camps in North Darfur , Sudan', 'Sudan : At Least 23 Children And 9 Aid Workers Reportedly Killed In Al Fasher , Abu Shouk And Zamzam Camps In North Darfur , Sudan', 'Sudan : At Least 23 Children And 9 Aid Workers Reportedly Killed In Al Fasher , Abu Shouk And Zamzam Camps In North Darfur , Sudan']"
1667,11,1667_pushback_greece_irregular_mull,"['pushback', 'greece', 'irregular', 'mull', 'footage', 'fivefold', 'curb', 'centers', 'eye', 'hub']","['Türkiye releases footage of Greece migrant pushback', 'Greece and Germany Mull  Return Hub in Africa for Irregular Migrants', 'Greece and Germany Mull  Return Hub in Africa for Irregular Migrants']"
1668,11,1668_ravaged_devastated_please_action,"['ravaged', 'devastated', 'please', 'action', 'desert', 'donors', 'nkweta', 'salami', 'protect', 'engulfing']","['UN urges action on war - ravaged Sudan', 'Sudan : UN Nkweta - Salami - Donors , Please Dont Desert Sudan Now', 'Sudan : UN Nkweta - Salami - Donors , Please Dont Desert Sudan Now']"
1669,11,1669_kabul_tonnes_21_transformation,"['kabul', 'tonnes', '21', 'transformation', 'materials', 'chabahar', 'emerging', 'quick', 'eam', 'providing']","['India sends fresh aid to quake - hit Afghanistan , relief reaches Kabul via Chabahar', 'Afghanistan earthquake : India sends 21 tonnes of aid to Kabul , EAM shares photo | India News', 'Afghanistan earthquake : India sends 21 tonnes of aid to Kabul , EAM shares photo | India News']"
1670,11,1670_resurges_ban_passes_extend,"['resurges', 'ban', 'passes', 'extend', 'greece', 'opposition', 'flow', 'africa', 'greecemay', 'enforcing']","['Greece may extend North Africa asylum ban if migrant flow resurges', 'Greece may extend North Africa asylum ban if migrant flow resurges', 'Greece\xa0may extend North Africa asylum ban if migrant flow resurges']"
1671,11,1671_mistakenly_offender_convicted_released,"['mistakenly', 'offender', 'convicted', 'released', 'sex', 'prison', 'ethiopia', 'deported', 'was', 'litany']","['Convicted sex offender who was mistakenly released from a united kingdom prison is deported to Ethiopia', 'Convicted sex offender who was mistakenly released from a united kingdom prison is deported to Ethiopia', 'Convicted sex offender who was mistakenly released from a united kingdom prison is deported to Ethiopia']"
1672,11,1672_delegation_paris_rare_held,"['delegation', 'paris', 'rare', 'held', 'meeting', 'reportedly', 'syria', 'an', 'minister', 'foreign']","['Syria foreign minister held a rare meeting with an Israeli delegation in Paris , report says', 'Syria foreign minister held a rare meeting with an Israeli delegation in Paris , report says', 'Syria foreign minister held a rare meeting with an Israeli delegation in Paris , report says']"
1673,11,1673_plaguing_everyone_victim_muslim,"['plaguing', 'everyone', 'victim', 'muslim', 'christian', 'potential', 'many', 'or', 'nigeria', 'violence']","['In the violence plaguing Nigeria , many say everyone Christian or Muslim is a potential victim', 'In the violence plaguing Nigeria , many say everyone Christian or Muslim is a potential victim', 'In the violence plaguing Nigeria , many say everyone Christian or Muslim is a potential victim']"
1674,11,1674_stockpiles_3bln_low_123,"['stockpiles', '3bln', 'low', '123', 'concerns', 'deeply', 'halts', 'reaches', 'cut', 'assistance']","['US halts military aid to Ukraine amid concerns about low stockpiles', 'US halts military aid to Ukraine amid concerns about low stockpiles', 'US halts military aid to Ukraine amid concerns about low stockpiles']"
1675,11,1675_qaeda_perpetrar_terrorismo_terrorista,"['qaeda', 'perpetrar', 'terrorismo', 'terrorista', 'ccuta', 'coche', 'atentados', 'oleada', 'suroeste', 'peaje']","['EEUU afirma Al Qaeda es « una amenaza » perpetrar atentados', 'EEUU afirma que Al Qaeda es una amenaza persistente tras sus últimos llamados a perpetrar atentados', 'EEUU afirma Al Qaeda es  una amenaza persistente  tras últimos llamamientos a perpetrar atentados']"
1676,11,1676_erhlt_waffensysteme_weitere_frei,"['erhlt', 'waffensysteme', 'weitere', 'frei', 'hilfen', 'wieder', 'bereit', 'waffenruhe', 'erstaunt', 'dankt']","['Ukraine bereit zu Waffenruhe – united states geben Hilfen wieder frei', 'Ukraine bereit zu Waffenruhe – united states geben Hilfen wieder frei', 'Ukraine bereit zu Waffenruhe – united states geben Hilfen wieder frei']"
1677,11,1677_through_jordan_alleviate_100m,"['through', 'jordan', 'alleviate', '100m', 'guangming', 'sends', 'beit', 'jinn', 'online', 'delivered']","['China sends humanitarian aid to Gaza through Jordan', 'China sends humanitarian aid to Gaza through Jordan', 'China sends humanitarian aid to Gaza through Jordan']"
1678,11,1678_bust_resources_lays_pushes,"['bust', 'resources', 'lays', 'pushes', 'minerals', 'closes', 'zelenskyy', 'ready', 'zelensky', 'trade']","['Ukraine Zelenskyy  ready  for minerals deal after bust - up with Trump | Russia - Ukraine war News', 'Ukraine Zelenskyy  ready  for minerals deal after bust - up with Trump | Russia - Ukraine war News', 'Ukraine Zelenskyy  ready  for minerals deal after bust - up with Trump | Russia - Ukraine war News']"
1679,11,1679_abstains_soil_exploitation_resolution,"['abstains', 'soil', 'exploitation', 'resolution', 'terrorism', 'patronising', 'valid', 'fo', 'iea', 'unga']","['India abstains from UN resolution on Afghanistan , calls for efforts to end exploitation of Afghan soil for terrorism', 'India abstains from UN resolution on Afghanistan , calls for efforts to end exploitation of Afghan soil for terrorism', 'India abstains from UN resolution on Afghanistan , calls for efforts to end exploitation of Afghan soil for terrorism']"
1680,11,1680_cop30_kicks_climate_brazil,"['cop30', 'kicks', 'climate', 'brazil', 'distractions', 'crediting', 'scalable', '167', 'off', 'momentum']","['Brazil kicks off COP30 climate events in year of distractions', 'Brazil kicks off COP30 climate summit', 'Brazil kicks off COP30 climate summit']"
1681,11,1681_peru_q1_indonesia_arkansas,"['peru', 'q1', 'indonesia', 'arkansas', 'democrat', 'ic', 'gazette', 'businessworld', 'eurasia', 'seal']","['Indonesia , Peru strike trade agreement as leaders meet', 'Indonesia , Peru strike trade agreement as leaders meet', 'Indonesia , Peru strike trade agreement as leaders meet']"
1682,11,1682_financing_closest_initiative_jaishankar,"['financing', 'closest', 'initiative', 'jaishankar', 'stable', 'values', 'prosperous', 'built', 'italy', 'both']","['Jaishankar calls Italy  one of India closest partner as both nations push joint initiative against terror financing', 'Jaishankar calls Italy  one of India closest partner as both nations push joint initiative against terror financing', 'Jaishankar calls Italy  one of India closest partner as both nations push joint initiative against terror financing']"
1683,11,1683_rconcilient_tueries_propos_repris,"['rconcilient', 'tueries', 'propos', 'repris', 'riposte', 'villages', 'avoir', 'lanc', 'direct', 'rgion']","['DIRECT . Guerre en Ukraine\xa0 : Kiev assure avoir repris trois villages dans la région de Donetsk , le Canada appelle à  mettre fin aux tueries  ', 'DIRECT . Guerre en Ukraine\xa0 : Kiev assure avoir repris trois villages dans la région de Donetsk , le Canada appelle à  mettre fin aux tueries  ', 'DIRECT . Guerre en Ukraine\xa0 : Kiev assure avoir repris trois villages dans la région de Donetsk , le Canada appelle à  mettre fin aux tueries  ']"
1684,11,1684_guinea_papua_contentious_signs,"['guinea', 'papua', 'contentious', 'signs', 'australia', 'approves', 'vowing', 'defence', 'alliance', 'equal']","['Australia signs key defence deal with Papua New Guinea', 'Australia signs key defence deal with Papua New Guinea', 'Papua New Guinea approves defence treaty with Australia']"
1685,11,1685_evacuations_stalls_central_evacuate,"['evacuations', 'stalls', 'central', 'evacuate', 'orders', 'residents', 'evacuation', 'opportunity', 'percent', 'last']","['Israel orders evacuations in central Gaza as ceasefire stalls', 'Israel orders evacuations in central Gaza as ceasefire stalls', 'Israel orders evacuations in central Gaza as ceasefire stalls']"
1686,11,1686_iranien_nuclaire_onusienne_rtablies,"['iranien', 'nuclaire', 'onusienne', 'rtablies', '2231', 'rebours', 'lordre', 'retir', 'expir', 'devrait']","['Nucléaire iranien : compte à rebours vers le rétablissement des sanctions , Téhran dénonce une décision  illégale ', 'Iran : La résolution onusienne 2231 a officiellement expiré , le dossier nucléaire iranien devrait être retiré de lordre du jour – Site de la chaîne AlManar - Liban', 'Iran : La résolution onusienne 2231 a officiellement expiré , le dossier nucléaire iranien devrait être retiré de lordre du jour – Site de la chaîne AlManar - Liban']"
1687,11,1687_maritime_navy_indo_deepening,"['maritime', 'navy', 'indo', 'deepening', 'pacific', 'discusses', 'elevate', 'hickam', 'inouye', 'excellence']","['Indian Navy chief discusses deepening maritime ties , Indo - Pacific security with top US officials', 'Indian Navy chief discusses deepening maritime ties , Indo - Pacific security with top US officials', 'Indian Navy chief discusses deepening maritime ties , Indo - Pacific security with top US officials']"
1688,11,1688_relegates_secondary_replaces_overseeing,"['relegates', 'secondary', 'replaces', 'overseeing', 'multinational', 'factions', 'emerge', 'external', 'framework', 'enter']","['US move relegates Israel to a secondary role on how and what humanitarian relief can enter Gaza', 'US move relegates Israel to a secondary role on how and what humanitarian relief can enter Gaza', 'US move relegates Israel to a secondary role on how and what humanitarian relief can enter Gaza']"
1689,11,1689_wochen_grenzschtzer_knstlerin_nehmen,"['wochen', 'grenzschtzer', 'knstlerin', 'nehmen', 'donated', 'abschiebehaft', 'fest', 'starts', 'rice', 'deutsche']","['USA : Grenzschützer nehmen Deutsche fest – Künstlerin seit Wochen in Abschiebehaft', 'USA : Grenzschützer nehmen Deutsche fest – Künstlerin seit Wochen in Abschiebehaft', 'USA : Grenzschützer nehmen Deutsche fest – Künstlerin seit Wochen in Abschiebehaft']"
1690,11,1690_dealmaker_withhold_cambodiastart_pres,"['dealmaker', 'withhold', 'cambodiastart', 'pres', 'explains', 'deals', 'unconditional', 'trade', 'might', 'cease']","['Dealmaker : Pres . Donald Trump Tells Cambodia , Thailand They Must Cease Fire Before More US Trade Talks', 'Dealmaker : Pres . Donald Trump Tells Cambodia , Thailand They Must Cease Fire Before More US Trade Talks', 'Dealmaker : Pres . Donald Trump Tells Cambodia , Thailand They Must Cease Fire Before More US Trade Talks']"
1691,11,1691_moins_recrutement_deux_samedi,"['moins', 'recrutement', 'deux', 'samedi', 'morts', 'dnipropetrovsk', 'ukrainienne', 'frappe', 'frappes', 'au']","['Guerre en Ukraine\xa0 : au moins deux morts dans des frappes russes ce samedi à Kiev et Dnipropetrovsk', 'Guerre en Ukraine\xa0 : au moins deux morts dans des frappes russes ce samedi à Kiev et Dnipropetrovsk', 'Guerre en Ukraine\xa0 : au moins deux morts dans des frappes russes ce samedi à Kiev et Dnipropetrovsk']"
1692,11,1692_verify_taxpayer_money_remade,"['verify', 'taxpayer', 'money', 'remade', 'taliban', 'sent', 'ago', 'cost', 'worth', 'we']","['Is U . S . taxpayer money sent to Taliban in Afghanistan ? What we can VERIFY', 'Is U . S . taxpayer money sent to Taliban in Afghanistan ? What we can VERIFY', 'Is U . S . taxpayer money sent to Taliban in Afghanistan ? What we can VERIFY']"
1693,11,1693_kursk_suffer_kicked_loses,"['kursk', 'suffer', 'kicked', 'loses', 'heavy', 'jan', '05', 'surrounded', 'still', 'korean']","['Russian and North Korean troops suffer heavy loses in Kursk , Zelenskyy says - 05 - Jan - 2025', 'Russian and North Korean troops suffer heavy loses in Kursk , Zelenskyy says', 'Russian and North Korean troops suffer heavy loses in Kursk , Zelenskyy says']"
1694,11,1694_sixty_fails_eln_bid,"['sixty', 'fails', 'eln', 'bid', 'colombia', 'killed', 'talks', 'fail', 'peace', '80']","['  Sixty killed  as Colombia - ELN peace talks bid fails', '  Sixty killed  as Colombia - ELN peace talks bid fails', '  Sixty killed  as Colombia - ELN peace talks bid fails']"
1695,11,1695_sexually_abused_allegations_detained,"['sexually', 'abused', 'allegations', 'detained', 'palestinians', 'rejects', 'forces', 'its', 'have', 'systemic']","['Israel rejects UN allegations that its forces have sexually abused detained Palestinians', 'Israel rejects UN allegations that its forces have sexually abused detained Palestinians', 'Israel rejects UN allegations that its forces have sexually abused detained Palestinians']"
1696,11,1696_selva_redujo_darin_asegura,"['selva', 'redujo', 'darin', 'asegura', 'hacia', 'migracin', 'redujomsdel50', '60', 'detecta', 'preparada']","['Colombia asegura que migración por selva del Darién hacia EEUU se redujo 60 % ', 'Colombia asegura que migración por selva del Darién hacia EEUU se redujo 60 % ', 'Colombia asegura que migración por selva del Darién hacia EEUU se redujo 60 % ']"
1697,11,1697_sullivan_nsa_advancements_recast,"['sullivan', 'nsa', 'advancements', 'recast', 'proliferation', 'handed', 'redefined', 'doval', 'initiatives', 'letter']","['PM Modi , US NSA Sullivan discuss advancements in India - US Global Strategic ties', 'Sullivan meets NSA Doval , highlights US efforts to bolster civil nuclear cooperation with India', 'Sullivan meets NSA Doval , highlights US efforts to bolster civil nuclear cooperation with India']"
1698,11,1698_enhance_unicorn_radicalization_maritime,"['enhance', 'unicorn', 'radicalization', 'maritime', 'maintenance', 'cyber', 'indonesia', 'mazagon', 'lpds', 'swan']","['India , Indonesia To to Enhance Ties In Defence , Maritime Security : PM Modi – Indian Defence Research Wing', 'India - Indonesia to enhance ties in cyber safety , maritime security and de - radicalization : PM Modi', 'India - Indonesia to enhance ties in cyber safety , maritime security and de - radicalization : PM Modi']"
1699,11,1699_och_ryssland_vertag_oskerhet,"['och', 'ryssland', 'vertag', 'oskerhet', 'nedskrningar', 'lmnar', 'ger', 'sverige', 'hittar', 'kompromiss']","['  USA : s nedskärningar ger Kina övertag och lämnar EU och Sverige i osäkerhet . – Sydsvenskan', '  USA : s nedskärningar ger Kina övertag och lämnar EU och Sverige i osäkerhet . – HD', '  USA : s nedskärningar ger Kina övertag och lämnar EU och Sverige i osäkerhet . – HD']"
1700,11,1700_subianto_guest_indonesian_celebrations,"['subianto', 'guest', 'indonesian', 'celebrations', 'republic', 'arrives', 'day', 'name', 'prabowo', 'prez']","['Indonesian Prez Prabowo Subianto , India Republic Day chief guest , arrives in Delhi', 'Indonesian President Subianto arrives in India for Republic Day celebrations', 'Indonesian President Subianto arrives in India for Republic Day celebrations']"
1701,11,1701_terestr_operaiune_nceput_reaprinde,"['terestr', 'operaiune', 'nceput', 'reaprinde', 'nou', 'fia', 'anun', 'israelul', 'rzboiul', 'loviturile']","['Se reaprinde războiul în Fâșia Gaza . Israelul anunţă că a început o nouă operaţiune terestră', 'Se reaprinde războiul în Fâșia Gaza . Israelul anunţă că a început o nouă operaţiune terestră', 'Se reaprinde războiul în Fâșia Gaza . Israelul anunţă că a început o nouă operaţiune terestră']"
1702,11,1702_gracias_siga_posible_reparto,"['gracias', 'siga', 'posible', 'reparto', 'principios', 'apoya', 'vez', 'humanitarios', 'aumentar', 'euros']","['España apoya acuerdo para aumentar ayuda a Gaza pero exige que el reparto siga los principios humanitarios', 'España apoya acuerdo para aumentar ayuda a Gaza pero exige que el reparto siga los principios humanitarios', 'España apoya acuerdo para aumentar ayuda a Gaza pero exige que el reparto siga los principios humanitarios']"
1703,11,1703_cholera_sickens_rate_58,"['cholera', 'sickens', 'rate', '58', 'alarming', 'others', '300', 'outbreak', 'days', 'rising']","['Cholera kills 58 and sickens about 1 , 300 others over 3 days in a Sudanese city , health officials say', 'Cholera kills 58 and sickens about 1 , 300 others over 3 days in a Sudanese city , health officials say', 'Cholera kills 58 and sickens about 1 , 300 others over 3 days in a Sudanese city , health officials say']"
1704,11,1704_49_trucks_qatari_rafah,"['49', 'trucks', 'qatari', 'rafah', 'route', '125', 'jordan', 'helicopters', 'entered', 'weeks']","['49 Qatari aid trucks arrive in Egypt , Jordan en route to Gaza Strip', '49 Qatari aid trucks arrive in Egypt , Jordan en route to Gaza', '49 Qatari aid trucks arrive in Egypt , Jordan en route to Gaza']"
1705,11,1705_zayed_abdullah_bin_receives,"['zayed', 'abdullah', 'bin', 'receives', 'mohamed', 'developments', 'minister', 'uae', 'foreign', 'sheikh']","['UAE Foreign Minister Abdullah bin Zayed receives Foreign Minister of Israel', 'UAE Foreign Minister Abdullah bin Zayed receives Foreign Minister of Israel', 'UAE Foreign Minister Abdullah bin Zayed receives Foreign Minister of Israel']"
1706,11,1706_rdn_finansman_anlatk_gaznn,"['rdn', 'finansman', 'anlatk', 'gaznn', 'taahhd', 'sevkiyatnn', 'rdne', 'srdrlmesi', 'konusunda', 'abden']","['ABden Ürdüne 3 milyar euro finansman taahhüdü', 'ABden Ürdüne 3 milyar euro finansman taahhüdü', 'ABden Ürdüne 3 milyar euro finansman taahhüdü']"
1707,11,1707_antony_blinken_january_thawing,"['antony', 'blinken', 'january', 'thawing', 'juncture', 'yi', 'wang', 'strained', 'reset', 'korea']","['Antony Blinken to visit South Korea , Japan and France from January 4 to 9', 'Antony Blinken to visit South Korea , Japan and France from January 4 to 9', 'Antony Blinken to visit South Korea , Japan and France from January 4 to 9']"
1708,11,1708_flag_see_developmental_strengthened,"['flag', 'see', 'developmental', 'strengthened', 'keen', 'palestine', 'hopeful', 'providing', 'term', 'maldive']","['  We are keen to see the Indian flag in Gaza : Palestinian envoy calls for PM Modi role in long - term ceasefire', '  Looking to see Indian flag in Gaza …: Palestine envoy hopeful of India  important role  in providing assistance – Indian Defence Research Wing', '  Looking to see Indian flag in Gaza …: Palestine envoy hopeful of India  important role  in providing assistance – Indian Defence Research Wing']"
1709,11,1709_bodybuilder_detention_nearly_iranian,"['bodybuilder', 'detention', 'nearly', 'iranian', 'pether', 'month', 'release', 'orders', 'midday', 'robert']","['Judge orders release of Iranian bodybuilder after nearly 5 - month detention', 'Judge orders release of Iranian bodybuilder after nearly 5 - month detention', 'Judge orders release of Iranian bodybuilder after nearly 5 - month detention']"
1710,11,1710____,"['', '', '', '', '', '', '', '', '', '']","['مستجدات موقف مصر من أزمات غزة وسوريا وليبيا ولبنان والسودان والصومال واليمن', 'آخر مستجدات موقف مصر من أزمات غزة وسوريا ولبنان والسودان واليمن وليبيا وسد النهضة', 'مستجدات موقف مصر من أزمات غزة وسوريا وليبيا ولبنان والسودان والصومال واليمن']"
1711,11,1711_leaves_40_gunmen_dead,"['leaves', '40', 'gunmen', 'dead', 'country', 'nigeria', 'least', 'people', 'gunman', 'president']","['Attack by gunmen leaves at least 40 people dead in Nigeria , the country president says', 'Attack by gunmen leaves at least 40 people dead in Nigeria , the country president says', 'Attack by gunmen leaves at least 40 people dead in Nigeria , the country president says']"
1712,11,1712_telemundo_alejandro_mayorkas_pausar,"['telemundo', 'alejandro', 'mayorkas', 'pausar', 'tercer', 'rico', 'puerto', 'quedan', 'fronteras', 'promete']","['Trump promete pausar migración de países del  tercer mundo  – Telemundo Puerto Rico', 'Trump promete pausar migración de países del  tercer mundo  – Telemundo Puerto Rico', 'Así quedan las fronteras de EEUU , según Alejandro Mayorkas – Telemundo Puerto Rico']"
1713,11,1713_includes_submarine_that_cooperation,"['includes', 'submarine', 'that', 'cooperation', 'shmyhal', 'sign', 'australia', 'security', 'military', 'naval']","['India and Australia sign a security deal that includes military talks and submarine cooperation', 'India and Australia Sign a Security Deal that Includes Military Talks and Submarine Cooperation', 'India and Australia sign a security deal that includes military talks and submarine cooperation']"
1714,11,1714_ensuring_doing_improve_responsible,"['ensuring', 'doing', 'improve', 'responsible', 'enough', 'safe', 'reiterates', 'reaches', 'remains', 'urgent']","['Germany Accuses Israel of Not Doing Enough to Improve Humanitarian Situation in Gaza', 'Germany Accuses Israel of Not Doing Enough to Improve Humanitarian Situation in Gaza', 'Germany Accuses Israel of Not Doing Enough to Improve Humanitarian Situation in Gaza']"
1715,11,1715_pilgrims_sikh_festivities_sikhs,"['pilgrims', 'sikh', 'festivities', 'sikhs', 'enter', 'crossing', 'religious', 'major', 'may', 'since']","['Indian Sikh pilgrims enter Pakistan , first major crossing since May conflict', 'Indian Sikh pilgrims enter Pakistan , first major crossing since May conflict', 'Indian Sikh pilgrims enter Pakistan , first major crossing since May conflict']"
1716,11,1716_blocking_7news_wsvn_contacts,"['blocking', '7news', 'wsvn', 'contacts', 'willingness', 'lavrov', 'hosting', 'miami', 'weather', 'fm']","['Ukraine Zelenskyy wants face - to - face talks with Putin but the Russian leader shows no willingness - WSVN 7News | Miami News , Weather , Sports', 'Ukraine Zelenskyy wants face - to - face talks with Putin but the Russian leader shows no willingness - WSVN 7News | Miami News , Weather , Sports', 'Ukraine Zelenskyy wants face - to - face talks with Putin but the Russian leader shows no willingness - WSVN 7News | Miami News , Weather , Sports']"
1717,11,1717_phone_cease_describes_constructive,"['phone', 'cease', 'describes', 'constructive', 'hold', 'fire', 'direct', 'call', 'putin', 'talks']","['Trump - Putin Phone Call : Russia , Ukraine to Hold Cease - Fire Talks , Trump Says', 'Trump - Putin Phone Call : Russia , Ukraine to Hold Cease - Fire Talks , Trump Says', 'Trump - Putin Phone Call : Russia , Ukraine to Hold Cease - Fire Talks , Trump Says']"
1718,11,1718_punish_future_vows_incitement,"['punish', 'future', 'vows', 'incitement', 'terrorist', 'twin', 'continuous', 'muslim', 'speak', 'independence']","['India Modi vows to punish Pakistan for future attacks', 'India Modi vows to punish Pakistan for future attacks', 'India Modi vows to punish Pakistan for future attacks']"
1719,11,1719_absurde_flughfen_lcke_flchtlinge,"['absurde', 'flughfen', 'lcke', 'flchtlinge', 'tausende', 'bringt', 'deutschland', 'nach', 'fhrt', 'reisen']","[' „ Absurde Lücke  an Flughäfen bringt Tausende Flüchtlinge illegal nach Deutschland', ' „ Absurde Lücke  an Flughäfen bringt Tausende Flüchtlinge illegal nach Deutschland', ' „ Absurde Lücke  an Flughäfen bringt Tausende Flüchtlinge illegal nach Deutschland']"
1720,11,1720_weaponizing_clash_despite_accuses,"['weaponizing', 'clash', 'despite', 'accuses', 'truce', 'africa', 'middle', 'over', 'east', 'aid']","['UN accuses Israel of weaponizing aid despite truce', 'UN accuses Israel of weaponizing aid despite truce', 'UN accuses Israel of weaponizing aid despite truce']"
1721,11,1721_absurd_accepted_skip_proposals,"['absurd', 'accepted', 'skip', 'proposals', 'signing', 'totally', 'unacceptable', 'does', 'response', 'demands']","['Hamas to skip official Gaza peace deal signing in Egypt , calls US proposals  absurd  ', 'Hamas to skip official Gaza peace deal signing in Egypt , calls US proposals  absurd  ', 'Hamas to skip official Gaza peace deal signing in Egypt , calls US proposals  absurd  ']"
1722,11,1722_faq_76_whose_unaccompanied,"['faq', '76', 'whose', 'unaccompanied', 'emerge', 'guatemalan', 'blocks', 'stopped', 'federal', 'judge']","['FAQ : More details emerge about the 76 Guatemalan children whose deportations were stopped by a federal judge', 'FAQ : More details emerge about the 76 Guatemalan children whose deportations were stopped by a federal judge', 'FAQ : More details emerge about the 76 Guatemalan children whose deportations were stopped by a federal judge']"
1723,11,1723_bangla_star_daily_the,"['bangla', 'star', 'daily', 'the', '', '', '', '', '', '']","['ট্রাম্পের তৃতীয় বিশ্বযুদ্ধের সতর্কবার্তা | | বাংলাদেশ প্রতিদিন', 'রাশিয়ার বৃৎহ হামলার পর যা বললেন জেলেনস্কি | | বাংলাদেশ প্রতিদিন', 'দ্রুজ | সিরিয়ায় টানা ৫ দিনের সংঘাতে নিহত বেড়ে ৩৫০ The Daily Star Bangla']"
1724,11,1724_albanien_italiens_urteil_verndern,"['albanien', 'italiens', 'urteil', 'verndern', 'modell', 'asylpolitik', 'enorm', 'deutschlands', 'knnte', 'dem']","['Italiens „ Albanien - Modell  vor dem Aus ? EU - Urteil könnte Deutschlands Asylpolitik enorm verändern', 'Italiens „ Albanien - Modell  vor dem Aus ? EU - Urteil könnte Deutschlands Asylpolitik enorm verändern', 'Italiens „ Albanien - Modell  vor dem Aus ? EU - Urteil könnte Deutschlands Asylpolitik enorm verändern']"
1725,11,1725_pitch_rich_like_everyone,"['pitch', 'rich', 'like', 'everyone', 'should', 'crises', 'during', 'quake', 'nation', 'secretary']","['India , China rich countries , everyone should pitch in during crisis like Myanmar quake : US Secretary of State', 'India , China rich countries , everyone should pitch in during crisis like Myanmar quake : US Secretary of State', 'India , China rich countries , everyone should pitch in during crisis like Myanmar quake : US Secretary of State']"
1726,11,1726_stopp_umbauen_muss_humanitre,"['stopp', 'umbauen', 'muss', 'humanitre', 'programme', 'selenskyj', 'mineralet', 'nach', 'marrveshja', 'putinin']","['Ukraine News : Selenskyj muss nach Trump - Stopp humanitäre Programme umbauen', 'Ukraine News : Selenskyj muss nach Trump - Stopp humanitäre Programme umbauen', 'Ukraine News : Selenskyj muss nach Trump - Stopp humanitäre Programme umbauen']"
1727,11,1727_wrongfully_garcia_comply_abrego,"['wrongfully', 'garcia', 'comply', 'abrego', 'activist', 'kilmar', 'seeker', 'complain', 'agrego', 'judge']","['Judge rules Trump administration must work to return asylum seeker from Guatemala who was wrongfully deported', 'Judge rules Trump administration must work to return asylum seeker from Guatemala who was wrongfully deported', 'Judge rules Trump administration must work to return asylum seeker from Guatemala who was wrongfully deported']"
1728,11,1728_dune_dmilitarise_saccusent_mutuellement,"['dune', 'dmilitarise', 'saccusent', 'mutuellement', 'dlibre', 'systmatique', 'koursk', 'terreur', 'centrale', 'derniers']","['Guerre en Ukraine\xa0 : Kiev et Moscou saccusent mutuellement davoir frappé une école servant dabri près de Koursk', 'Guerre en Ukraine : Kiev et Moscou saccusent mutuellement dune attaque dans la région de Koursk', 'Guerre en Ukraine : Kiev et Moscou saccusent mutuellement dune attaque dans la région de Koursk']"
1729,11,1729_vietnamplus_khu_ku_phong,"['vietnamplus', 'khu', 'ku', 'phong', 'gi', 'rafah', 'vietnam', 'trao', 'gp', 'ta']","['Hamas kêu gọi mở cửa khẩu Rafah và viện trợ Gaza | Vietnam+ ( VietnamPlus ) ', 'Hamas kêu gọi mở cửa khẩu Rafah và viện trợ Gaza | Vietnam+ ( VietnamPlus ) ', 'Hamas kêu gọi mở cửa khẩu Rafah và viện trợ Gaza | Vietnam+ ( VietnamPlus ) ']"
1730,11,1730_heard_throughout_explosions_underground,"['heard', 'throughout', 'explosions', 'underground', 'large', 'scale', 'comes', 'city', 'shelter', 'residents']","['Kyiv comes under large - scale Russian drone and missile attack with explosions heard throughout city', 'Kyiv comes under large - scale Russian drone and missile attack with explosions heard throughout city', 'Kyiv comes under large - scale Russian drone and missile attack with explosions heard throughout city']"
1731,11,1731_dollars_repeatedly_blames_slow,"['dollars', 'repeatedly', 'blames', 'slow', 'attacking', 'workers', 'failed', 'deliver', 'complicit', 'bernie']","['Aid efforts in Gaza slow as USAID dollars do not arrive', 'Aid efforts in Gaza slow as USAID dollars do not arrive', 'Aid efforts in Gaza slow as USAID dollars do not arrive']"
1732,11,1732_highlighting_huckabee_divide_stalled,"['highlighting', 'huckabee', 'divide', 'stalled', 'blames', 'growing', 'western', 'europe', 'jobs', 'sports']","['Huckabee blames Europe for stalled Gaza talks , highlighting a growing Western divide', 'Huckabee blames Europe for stalled Gaza talks , highlighting a growing Western divide', 'Huckabee blames Europe for stalled Gaza talks , highlighting a growing Western divide']"
1733,11,1733_hefty_pools_swimming_biden,"['hefty', 'pools', 'swimming', 'biden', 'sum', 'tax', 'upgrade', 'handout', 'dollars', 'spent']","['Biden admin spent hefty sum of US tax dollars to upgrade embassy swimming pools in Iraq , Russia', 'Biden admin spent hefty sum of US tax dollars to upgrade embassy swimming pools in Iraq , Russia', 'Biden admin spent hefty sum of US tax dollars to upgrade embassy swimming pools in Iraq , Russia']"
1734,11,1734_foolish_disguised_convention_crucible,"['foolish', 'disguised', 'convention', 'crucible', 'fulfilling', 'fiery', 'itself', 'scolds', 'prophecy', 'likes']","['Labour : Leaving European Convention Would Make Britain  Like Russia  ', 'The West disguised itself , demands urgent peace on Russia terms , but Germany has ... foolish plans', 'The West disguised itself , demands urgent peace on Russia terms , but Germany has ... foolish plans']"
1735,11,1735_vietnamplus_qua_quyn_kin,"['vietnamplus', 'qua', 'quyn', 'kin', 'vietnam', 'xut', 'iu', 'chm', 'dt', 'ch']","['Mỹ ủng hộ chủ quyền Ukraine qua đàm phán hòa bình | Vietnam+ ( VietnamPlus ) ', 'Mỹ ủng hộ chủ quyền Ukraine qua đàm phán hòa bình | Vietnam+ ( VietnamPlus ) ', 'Mỹ ủng hộ chủ quyền Ukraine qua đàm phán hòa bình | Vietnam+ ( VietnamPlus ) ']"
1736,11,1736_septiembre_blgica_reconocimiento_preservar,"['septiembre', 'blgica', 'reconocimiento', 'preservar', 'solucin', 'palestina', 'anuncia', 'prximo', 'dos', 'oriente']","['ORIENTE PRÓXIMO | Bélgica anuncia el reconocimiento de Palestina en septiembre para  preservar la solución de dos Estados  ', 'ORIENTE PRÓXIMO | Bélgica anuncia el reconocimiento de Palestina en septiembre para  preservar la solución de dos Estados  ', 'ORIENTE PRÓXIMO | Bélgica anuncia el reconocimiento de Palestina en septiembre para  preservar la solución de dos Estados  ']"
1737,11,1737_lawyer_decries_very_dangerous,"['lawyer', 'decries', 'very', 'dangerous', 'iranians', 'dangerou', 'board', 'deportation', 'refuses', 'senior']","['US Lawyer Decries Very Dangerous Deportation Of Iranians', 'US Lawyer Decries Very Dangerous Deportation Of Iranians', 'US Lawyer Decries Very Dangerous Deportation Of Iranians']"
1738,11,1738_realities_setting_stark_watch,"['realities', 'setting', 'stark', 'watch', 'dramatic', 'corporate', 'geostrategy', 'nantucket', 'geopolitical', 'setbacks']","['Ukraine peace summit : Dramatic setting but the geopolitical realities are stark – World Tribune : U . S . Politics and Culture , Geostrategy , China , North Korea , Corporate Watch , Media Watch', 'Ukraine peace summit : Dramatic setting but the geopolitical realities are stark – World Tribune : U . S . Politics and Culture , Geostrategy , China , North Korea , Corporate Watch , Media Watch', 'Ukraine peace summit : Dramatic setting but the geopolitical realities are stark – World Tribune : U . S . Politics and Culture , Geostrategy , China , North Korea , Corporate Watch , Media Watch']"
1739,11,1739_dominicanos_repatriados_llegan_88,"['dominicanos', 'repatriados', 'llegan', '88', '79', 'hombres', 'nueve', '904', 'repatriado', 'mujeres']","['88 dominicanos llegan al país tras ser repatriados desde Estados Unidos', '88 dominicanos llegan al país tras ser repatriados desde Estados Unidos – Dominican Republic Post', '88 dominicanos llegan al país tras ser repatriados desde Estados Unidos – Dominican Republic Post']"
1740,11,1740_degrading_hrw_centers_treatment,"['degrading', 'hrw', 'centers', 'treatment', 'detention', 'face', 'bloodiest', 'harshest', 'pam', 'newest']","['Migrants face degrading treatment at US detention centers : HRW', 'Migrants face degrading treatment at US detention centers : HRW', 'Migrants face degrading treatment at US detention centers : HRW']"
1741,11,1741_acordurile_apropierea_deviz_diplomaia,"['acordurile', 'apropierea', 'deviz', 'diplomaia', 'contrazice', 'prostul', 'submineaz', 'tranzacional', 'nsemna', 'istoria']","['China și Rusia adoptă o nouă deviză , dar istoria are prostul obicei de a le contrazice', 'Frontul glaciar . Cum subminează Rusia și China acordurile internaționale din Antarctica', 'Frontul glaciar . Cum subminează Rusia și China acordurile internaționale din Antarctica']"
1742,11,1742_avoid_delhi_vance_roadmap,"['avoid', 'delhi', 'vance', 'roadmap', 'tariffs', 'ongoing', 'trade', 'meet', 'set', 'discuss']","['صحيفة الشرق الأوسط - Vance and Modi Meet in New Delhi to Discuss Trade Deal and Avoid US Tariffs', 'Vance and Modi meet in New Delhi to discuss trade deal and avoid US tariffs', 'Vance and Modi meet in New Delhi to discuss trade deal and avoid US tariffs']"
1743,11,1743_removes_involved_let_syrians,"['removes', 'involved', 'let', 'syrians', 'wildfires', 'single', 'germany', 'agenda', 'renaissance', 'wreak']","['Deportations of Afghans and Syrians Back on Agenda as Germany Removes 17 , 000 Migrants', 'Deportations of Afghans and Syrians Back on Agenda as Germany Removes 17 , 000 Migrants', 'Deportations of Afghans and Syrians Back on Agenda as Germany Removes 17 , 000 Migrants']"
1744,11,1744_sustained_militarystrikes_uninterrupted_krishnan,"['sustained', 'militarystrikes', 'uninterrupted', 'krishnan', 'unni', 'hunger', 'weaponising', 'rediff', 'assistance', 'supply']","['  Will Lead To Sustained Supply Of Assistance In Gaza : India Welcomes Israel - Hamas Ceasefire Deal', '  Will Lead To Sustained Supply Of Assistance In Gaza : India Welcomes Israel - Hamas Ceasefire Deal', '  Will Lead To Sustained Supply Of Assistance In Gaza : India Welcomes Israel - Hamas Ceasefire Deal']"
1745,11,1745_afghans_weeks_iom_60,"['afghans', 'weeks', 'iom', '60', 'borneo', 'rounded', 'prior', 'bulletin', 'nearly', 'twin']","['Nearly 60 , 000 Afghans return from Pakistan in two weeks : IOM - World', 'Nearly 60 , 000 Afghans Return From Pakistan In Two Weeks : IOM', 'Nearly 60 , 000 Afghans Return From Pakistan In Two Weeks : IOM']"
1746,11,1746_ndaa_names_partner_indo,"['ndaa', 'names', 'partner', 'indo', 'pacific', 'plans', 'nuclear', 'key', 'positions', 'core']","['NDAA names India key partner in US nuclear , Indo - Pacific plans', 'NDAA names India key partner in US nuclear , Indo - Pacific plans', 'NDAA names India key partner in US nuclear , Indo - Pacific plans']"
1747,11,1747_protracted_escalates_retaking_unleashes,"['protracted', 'escalates', 'retaking', 'unleashes', 'assault', 'spirals', 'bloodshed', 'naturalnews', 'nationwide', 'drone']","['Russia escalates drone war as Ukraine conflict spirals into protracted bloodshed – NaturalNews . com', 'Russia escalates drone war as Ukraine conflict spirals into protracted bloodshed – NaturalNews . com', 'Russia escalates drone war as Ukraine conflict spirals into protracted bloodshed – NaturalNews . com']"
1748,11,1748_comprometen_vecinos_endurecer_alemania,"['comprometen', 'vecinos', 'endurecer', 'alemania', 'poltica', 'migratoria', 'pases', 'sus', 'pacta', 'su']","['Alemania y sus países vecinos se comprometen a endurecer su política migratoria', 'Alemania y sus países vecinos se comprometen a endurecer su política migratoria', 'Alemania y sus países vecinos se comprometen a endurecer su política migratoria']"
1749,11,1749_risponde_ascoltate_allalert_sabotaggio,"['risponde', 'ascoltate', 'allalert', 'sabotaggio', 'italiana', 'marina', 'meloni', 'flotilla', 'della', 'israele']","['Flotilla risponde allalert della Marina italiana :  È sabotaggio . Israele :  Ascoltate Meloni  ', 'Flotilla risponde allalert della Marina italiana :  È sabotaggio . Israele :  Ascoltate Meloni  ', 'Flotilla risponde allalert della Marina italiana :  È sabotaggio . Israele :  Ascoltate Meloni  ']"
1750,11,1750_stalemate_hungary_budapest_salvage,"['stalemate', 'hungary', 'budapest', 'salvage', 'bombards', 'announces', 'tries', 'summit', 'still', 'naturalnews']","['Trump announces Hungary summit with Putin amid Russia - Ukraine war stalemate – NaturalNews . com', 'Trump announces Hungary summit with Putin amid Russia - Ukraine war stalemate – NaturalNews . com', 'Trump announces Hungary summit with Putin amid Russia - Ukraine war stalemate – NaturalNews . com']"
1751,11,1751_caicos_turks_warnings_australians,"['caicos', 'turks', 'warnings', 'australians', 'extremely', 'dangerou', 'travel', 'safety', 'ignored', 'joins']","['UK joins Turks and Caicos , Denmark , Brazil , France in US travel warnings over safety concerns', 'UK joins Turks and Caicos , Denmark , Brazil , France in US travel warnings over safety concerns', 'UK joins Turks and Caicos , Denmark , Brazil , France in US travel warnings over safety concerns']"
1752,11,1752_pick_partial_conditional_impossible,"['pick', 'partial', 'conditional', 'impossible', 'northwest', 'unconditional', 'diplomat', 'expresses', 'arkansas', 'reiterates']","['Trump pick for top diplomat calls for ceasefire in Russia war on Ukraine', 'Trump pick for top diplomat calls for ceasefire in Russia war on Ukraine', 'Trump pick for top diplomat calls for ceasefire in Russia war on Ukraine']"
1753,11,1753_sindoor_cds_chauhan_loving,"['sindoor', 'cds', 'chauhan', 'loving', 'pacifist', 'operation', 'revelation', 'exceeds', 'doctrine', 'firmly']","['  If you want peace …: CDS Anil Chauhan strong  war  message , says  Operation Sindoor still on  | Latest News India', '  Operation Sindoor is still on ; CDS Chauhan warns Pakistan , says India peace - loving but cant be pacifist', '  Operation Sindoor is still on ; CDS Chauhan warns Pakistan , says India peace - loving but cant be pacifist']"
1754,11,1754_democratic_faso_burkina_haiti,"['democratic', 'faso', 'burkina', 'haiti', 'territory', 'today', 'congo', 'occupied', 'republic', 'nigeria']","['Today top news : Occupied Palestinian Territory , Haiti , Sudan , Democratic Republic of the Congo , Nigeria , Burkina Faso', 'Today top news : Occupied Palestinian Territory , Haiti , Sudan , Democratic Republic of the Congo , Nigeria , Burkina Faso', 'Today top news : Occupied Palestinian Territory , Haiti , Sudan , Democratic Republic of the Congo , Nigeria , Burkina Faso']"
1755,11,1755_mancha_canal_morrem_travessia,"['mancha', 'canal', 'morrem', 'travessia', 'duas', 'unido', 'uno', 'reino', 'majorit', 'menton']","['Duas pessoas morrem na travessia do Canal da Mancha para Reino Unido', 'Duas pessoas morrem na travessia do Canal da Mancha para Reino Unido', 'Duas pessoas morrem na travessia do Canal da Mancha para Reino Unido']"
1756,11,1756_lasted_forever_supporters_600,"['lasted', 'forever', 'supporters', '600', 'why', 'so', 'just', 'welcome', 'fight', 'days']","['Israel war with Iran lasted just 12 days . So why has the fight with Hamas in Gaza lasted for over 600 ? ', 'Israel war with Iran lasted just 12 days . So why has the fight with Hamas in Gaza lasted for over 600 ? ', 'Israel war with Iran lasted just 12 days . So why has the fight with Hamas in Gaza lasted for over 600 ? ']"
1757,11,1757_havana_charges_participating_cuban,"['havana', 'charges', 'participating', 'cuban', 'slams', 'troops', 'denies', 'fighting', 'are', 'cuba']","['Havana slams US over charges Cuban troops are fighting in Ukraine', 'Havana slams US over charges Cuban troops are fighting in Ukraine', 'Havana slams US over charges Cuban troops are fighting in Ukraine']"
1758,11,1758_50aukus_15__,"['50aukus', '15', '', '', '', '', '', '', '', '']","['英欧再  牵手  友好  靠美国  ', '澳英簽署50年AUKUS核潛艦協議 強化印太戰略佈局', '英欧再  牵手  友好  靠美国 _ 中国网']"
1759,11,1759_speak_europeans_demand_monday,"['speak', 'europeans', 'demand', 'monday', 'end', 'putin', 'he', 'about', 'ceasefire', 'will']","['Trump to speak to Putin on end to war in Ukraine as Europeans demand ceasefire', 'Trump to speak to Putin on end to war in Ukraine as Europeans demand ceasefire', 'Trump to speak to Putin on end to war in Ukraine as Europeans demand ceasefire']"
1760,10,1760_left_hostages_many_unfamiliar,"['left', 'hostages', 'many', 'unfamiliar', 'how', 'include', 'are', 'deaths', 'october', 'so']","['How many hostages are left in Gaza ? ', 'How many hostages are left in Gaza ? ', 'How many hostages are left in Gaza ? ']"
1761,10,1761_migranti_soli_insegue_ius,"['migranti', 'soli', 'insegue', 'ius', 'tutele', 'rifugiato', 'taglia', 'corridoi', 'mesi', 'richiedenti']","['Papa Francesco :  Ius soli e corridoi umanitari per i migranti  ', 'Migranti , united kingdom taglia tutele richiedenti asilo / Status rifugiato da 5 anni a 30 mesi : Starmer  insegue  Farage', 'Migranti , united kingdom taglia tutele richiedenti asilo / Status rifugiato da 5 anni a 30 mesi : Starmer  insegue  Farage']"
1762,10,1762_ussr_micronesia_limitations_oic,"['ussr', 'micronesia', 'limitations', 'oic', 'dove', 'complicated', 'today', 'perspective', 'towards', 'threatening']","['Pakistani delegation briefs OIC on  grave  developments threatening peace in South Asia', 'Is the united states following the USSR ? | Pakistan Today', 'Is the united states following the USSR ? | Pakistan Today']"
1763,10,1763_emirati_egitto_invio_allanp,"['emirati', 'egitto', 'invio', 'allanp', 'affidarne', 'governi', 'giordania', 'accordo', 'abdallah', 'linvio']","['Accordo Emirati Arabi - Israele per l  invio di aiuti a Gaza', 'Egitto , Giordania e Francia chiedono una tregua a Gaza e di affidarne la governance allAnp', 'Egitto , Giordania e Francia chiedono una tregua a Gaza e di affidarne la governance allAnp']"
1764,10,1764_convenes_abdelmoula_adam_chad,"['convenes', 'abdelmoula', 'adam', 'chad', 'hub', 'guterres', 'expands', 'needs', 'sustained', 'brief']","['World News in Brief : Guterres convenes Cyprus summit , violence continues in southern Lebanon , UN aid hub in Chad expands', 'World News in Brief : Guterres convenes Cyprus summit , violence continues in southern Lebanon , UN aid hub in Chad expands', 'World News In Brief : Guterres Convenes Cyprus Summit , Violence Continues In Southern Lebanon , UN Aid Hub In Chad Expands']"
1765,10,1765_serious_remainsstickingpoint_withdrawal_refuses,"['serious', 'remainsstickingpoint', 'withdrawal', 'refuses', 'about', 'conditions', 'but', 'remain', 'give', 'live']","['Hamas says it is serious about Gaza deal , but still has set of demands', 'Hamas says it serious about Gaza deal , but conditions remain', 'Hamas says it serious about Gaza deal , but conditions remain']"
1766,10,1766_false_diversion_blocked_disputes,"['false', 'diversion', 'blocked', 'disputes', 'organizations', 'blocks', 'deliveries', 'entry', 'collapse', 'strip']","['  False  claims by NGOs ignore Hamas role in aid diversion , Israel says', 'Israel Disputes  False Claim by International Organizations That It Blocked Humanitarian Aid Into Gaza', 'Israel Disputes  False Claim by International Organizations That It Blocked Humanitarian Aid Into Gaza']"
1767,10,1767_shuts_leaving_limbo_down,"['shuts', 'leaving', 'limbo', 'down', 'seekers', 'layoffs', 'hailed', 'shutdown', 'mexico', 'diego']","['Trump shuts down US - Mexico border for asylum seekers , leaving migrants in limbo', 'Trump shuts down US - Mexico border for asylum seekers , leaving migrants in limbo', 'Trump shuts down US - Mexico border for asylum seekers , leaving migrants in limbo']"
1768,10,1768_mesa_respalden_pruebas_postura,"['mesa', 'respalden', 'pruebas', 'postura', 'acusaciones', 'mentira', 'endurece', 'tacha', 'dilogo', 'niega']","['Rusia se niega a dar pruebas que respalden las acusaciones del ataque a la casa de Putin y endurece su postura en la mesa de diálogo con Ucrania', 'Rusia se niega a dar pruebas que respalden las acusaciones del ataque a la casa de Putin y endurece su postura en la mesa de diálogo con Ucrania', 'Rusia se niega a dar pruebas que respalden las acusaciones del ataque a la casa de Putin y endurece su postura en la mesa de diálogo con Ucrania']"
1769,10,1769_thwarted_norm_fashion_facilitate,"['thwarted', 'norm', 'fashion', 'facilitate', 'tap', 'bilawal', 'nationalism', 'governance', 'businesses', 'economy']","['Pakistan PM says Indian bid to set  new norm  thwarted , vows focus on economy and governance', 'Pakistan PM says Indian bid to set  new norm  thwarted , vows focus on economy and governance', 'Pakistan PM says Indian bid to set  new norm  thwarted , vows focus on economy and governance']"
1770,10,1770_somali_imzalar_atld_sahipliinde,"['somali', 'imzalar', 'atld', 'sahipliinde', 'tarihi', 'ortaklk', 'ev', 'yllk', 'ile', 'adm']","['Türkiyenin ev sahipliğinde imzalar atıldı ! Ukrayna ile Somali arasında tarihi adım', 'Türkiyenin ev sahipliğinde imzalar atıldı ! Ukrayna ile Somali arasında tarihi adım', 'Türkiyenin ev sahipliğinde imzalar atıldı ! Ukrayna ile Somali arasında tarihi adım']"
1771,10,1771_hambre_aplique_puesta_vista,"['hambre', 'aplique', 'puesta', 'vista', 'acceso', 'relaciones', 'compromete', 'presiones', 'humanitario', 'mejorar']","['La UE debate sus relaciones con Israel con la vista puesta en que se aplique acuerdo humanitario en Gaza', 'La UE debate sus relaciones con Israel con la vista puesta en que se aplique acuerdo humanitario en Gaza', 'La UE debate sus relaciones con Israel con la vista puesta en que se aplique acuerdo humanitario en Gaza']"
1772,10,1772_humanitarias_mdicos_muitas_obligaciones,"['humanitarias', 'mdicos', 'muitas', 'obligaciones', 'fronteiras', 'humanitrias', 'operar', 'interrupo', 'trabalho', 'prohibi']","['CIJ analiza obligaciones de Israel con agencias humanitarias en Gaza', 'Israel anuncia interrupo no trabalho de 37 organizaes humanitárias em Gaza , incluindo Médicos Sem Fronteiras , a partir de 2026', 'Israel anuncia interrupo no trabalho de 37 organizaes humanitárias em Gaza , incluindo Médicos Sem Fronteiras , a partir de 2026']"
1773,10,1773_ml_dda_frdms_israelisk,"['ml', 'dda', 'frdms', 'israelisk', 'syrien', 'barn', 'israeliska', 'attackerar', 'budskap', 'tydligt']","['Barn döda i israelisk attack i Libanon – fördöms', 'Barn döda i israelisk attack i Libanon – fördöms', 'Barn döda i israelisk attack i Libanon – fördöms']"
1774,10,1774_30___,"['30', '', '', '', '', '', '', '', '', '']","['四国担保 加沙停火协议文件在埃及签署 - 新闻中心 - 中国宁波网', ' 【 專欄 】 美國民主的火線對決 ： 左右翼暴力夾擊與制度崩壞', '埃及 、 卡達與美國居中斡旋 盼促成加薩停火協議 | 國際']"
1775,10,1775_taking_civilians_dangerous_turn,"['taking', 'civilians', 'dangerous', 'turn', 'inflict', 'unrelenting', 'suffered', 'causing', 'clementine', 'nkweta']","['Sudan Conflict Taking More Dangerous Turn for Civilians', 'Sudan Conflict Taking More Dangerous Turn For Civilians', 'Sudan Conflict Taking More Dangerous Turn For Civilians']"
1776,10,1776_changer_fta_amidst_game,"['changer', 'fta', 'amidst', 'game', 'shifts', 'implementation', 'warm', 'visit', 'london', 'tech']","['PM Modi to visit united kingdom today ; FTA implementation , strategic ties and Tech cooperation on agenda - India News', 'PM Modi united kingdom visit : Could the India - UK FTA be a game changer amidst global trade shifts ? ', 'PM Modi united kingdom visit : Could the India - UK FTA be a game changer amidst global trade shifts ? ']"
