iso3,year,scenario,delta_in,delta_out,delta_migrants_2025
AFG,2025,Aid_LOW,0.0,0.0,0.0
ARG,2025,Aid_LOW,0.0,0.0,0.0
AUS,2025,Aid_LOW,0.0,0.0,0.0
BGD,2025,Aid_LOW,0.0,0.0,0.0
BRA,2025,Aid_LOW,0.0,0.0,0.0
BRN,2025,Aid_LOW,0.0,0.0,0.0
CAN,2025,Aid_LOW,0.0,0.0,0.0
CHN,2025,Aid_LOW,0.0,0.0,0.0
COL,2025,Aid_LOW,0.0,0.0,0.0
CUB,2025,Aid_LOW,0.0,0.0,0.0
DEU,2025,Aid_LOW,0.0,0.0,0.0
DOM,2025,Aid_LOW,0.0,0.0,0.0
ECU,2025,Aid_LOW,0.0,0.0,0.0
EGY,2025,Aid_LOW,0.0,0.0,0.0
ERI,2025,Aid_LOW,0.0,0.0,0.0
ESP,2025,Aid_LOW,0.0,0.0,0.0
ETH,2025,Aid_LOW,0.0,0.0,0.0
FRA,2025,Aid_LOW,0.0,0.0,0.0
GBR,2025,Aid_LOW,0.0,0.0,0.0
GHA,2025,Aid_LOW,0.0,0.0,0.0
GRC,2025,Aid_LOW,0.0,0.0,0.0
GTM,2025,Aid_LOW,0.0,0.0,0.0
GUY,2025,Aid_LOW,0.0,0.0,0.0
HKG,2025,Aid_LOW,0.0,0.0,0.0
HND,2025,Aid_LOW,0.0,0.0,0.0
HTI,2025,Aid_LOW,0.0,0.0,0.0
IDN,2025,Aid_LOW,14561.025,0.0,14561.025
IND,2025,Aid_LOW,0.0,0.0,0.0
IRL,2025,Aid_LOW,0.0,0.0,0.0
IRN,2025,Aid_LOW,0.0,0.0,0.0
IRQ,2025,Aid_LOW,0.0,0.0,0.0
ISR,2025,Aid_LOW,0.0,0.0,0.0
ITA,2025,Aid_LOW,0.0,0.0,0.0
JAM,2025,Aid_LOW,0.0,0.0,0.0
JPN,2025,Aid_LOW,0.0,0.0,0.0
KEN,2025,Aid_LOW,0.0,0.0,0.0
KHM,2025,Aid_LOW,0.0,0.0,0.0
KOR,2025,Aid_LOW,0.0,0.0,0.0
LAO,2025,Aid_LOW,0.0,0.0,0.0
LBN,2025,Aid_LOW,0.0,0.0,0.0
LKA,2025,Aid_LOW,0.0,0.0,0.0
MEX,2025,Aid_LOW,0.0,0.0,0.0
MMR,2025,Aid_LOW,0.0,0.0,0.0
MYS,2025,Aid_LOW,42656.1,0.0,42656.1
NGA,2025,Aid_LOW,0.0,0.0,0.0
NIC,2025,Aid_LOW,0.0,0.0,0.0
NPL,2025,Aid_LOW,0.0,0.0,0.0
NZL,2025,Aid_LOW,0.0,0.0,0.0
PAK,2025,Aid_LOW,0.0,0.0,0.0
PAN,2025,Aid_LOW,0.0,0.0,0.0
PER,2025,Aid_LOW,0.0,0.0,0.0
PHL,2025,Aid_LOW,0.0,0.0,0.0
POL,2025,Aid_LOW,0.0,0.0,0.0
PRI,2025,Aid_LOW,0.0,0.0,0.0
PRT,2025,Aid_LOW,0.0,0.0,0.0
PSE,2025,Aid_LOW,0.0,0.0,0.0
ROU,2025,Aid_LOW,0.0,0.0,0.0
RUS,2025,Aid_LOW,0.0,0.0,0.0
SAU,2025,Aid_LOW,0.0,0.0,0.0
SDN,2025,Aid_LOW,0.0,0.0,0.0
SGP,2025,Aid_LOW,0.0,0.0,0.0
SLV,2025,Aid_LOW,0.0,0.0,0.0
SOM,2025,Aid_LOW,0.0,0.0,0.0
SYR,2025,Aid_LOW,0.0,0.0,0.0
THA,2025,Aid_LOW,0.0,0.0,0.0
TLS,2025,Aid_LOW,0.0,0.0,0.0
TTO,2025,Aid_LOW,0.0,0.0,0.0
TUR,2025,Aid_LOW,0.0,0.0,0.0
UKR,2025,Aid_LOW,0.0,0.0,0.0
USA,2025,Aid_LOW,414451.575,0.0,414451.575
VEN,2025,Aid_LOW,0.0,0.0,0.0
VNM,2025,Aid_LOW,0.0,0.0,0.0
YEM,2025,Aid_LOW,0.0,0.0,0.0
AFG,2025,Aid_HIGH,0.0,0.0,0.0
ARG,2025,Aid_HIGH,0.0,0.0,0.0
AUS,2025,Aid_HIGH,0.0,0.0,0.0
BGD,2025,Aid_HIGH,0.0,0.0,0.0
BRA,2025,Aid_HIGH,0.0,0.0,0.0
BRN,2025,Aid_HIGH,0.0,0.0,0.0
CAN,2025,Aid_HIGH,0.0,0.0,0.0
CHN,2025,Aid_HIGH,0.0,0.0,0.0
COL,2025,Aid_HIGH,0.0,0.0,0.0
CUB,2025,Aid_HIGH,0.0,0.0,0.0
DEU,2025,Aid_HIGH,0.0,0.0,0.0
DOM,2025,Aid_HIGH,0.0,0.0,0.0
ECU,2025,Aid_HIGH,0.0,0.0,0.0
EGY,2025,Aid_HIGH,0.0,0.0,0.0
ERI,2025,Aid_HIGH,0.0,0.0,0.0
ESP,2025,Aid_HIGH,0.0,0.0,0.0
ETH,2025,Aid_HIGH,0.0,0.0,0.0
FRA,2025,Aid_HIGH,0.0,0.0,0.0
GBR,2025,Aid_HIGH,0.0,0.0,0.0
GHA,2025,Aid_HIGH,0.0,0.0,0.0
GRC,2025,Aid_HIGH,0.0,0.0,0.0
GTM,2025,Aid_HIGH,0.0,0.0,0.0
GUY,2025,Aid_HIGH,0.0,0.0,0.0
HKG,2025,Aid_HIGH,0.0,0.0,0.0
HND,2025,Aid_HIGH,0.0,0.0,0.0
HTI,2025,Aid_HIGH,0.0,0.0,0.0
IDN,2025,Aid_HIGH,33975.725,0.0,33975.725
IND,2025,Aid_HIGH,0.0,0.0,0.0
IRL,2025,Aid_HIGH,0.0,0.0,0.0
IRN,2025,Aid_HIGH,0.0,0.0,0.0
IRQ,2025,Aid_HIGH,0.0,0.0,0.0
ISR,2025,Aid_HIGH,0.0,0.0,0.0
ITA,2025,Aid_HIGH,0.0,0.0,0.0
JAM,2025,Aid_HIGH,0.0,0.0,0.0
JPN,2025,Aid_HIGH,0.0,0.0,0.0
KEN,2025,Aid_HIGH,0.0,0.0,0.0
KHM,2025,Aid_HIGH,0.0,0.0,0.0
KOR,2025,Aid_HIGH,0.0,0.0,0.0
LAO,2025,Aid_HIGH,0.0,0.0,0.0
LBN,2025,Aid_HIGH,0.0,0.0,0.0
LKA,2025,Aid_HIGH,0.0,0.0,0.0
MEX,2025,Aid_HIGH,0.0,0.0,0.0
MMR,2025,Aid_HIGH,0.0,0.0,0.0
MYS,2025,Aid_HIGH,99530.9,0.0,99530.9
NGA,2025,Aid_HIGH,0.0,0.0,0.0
NIC,2025,Aid_HIGH,0.0,0.0,0.0
NPL,2025,Aid_HIGH,0.0,0.0,0.0
NZL,2025,Aid_HIGH,0.0,0.0,0.0
PAK,2025,Aid_HIGH,0.0,0.0,0.0
PAN,2025,Aid_HIGH,0.0,0.0,0.0
PER,2025,Aid_HIGH,0.0,0.0,0.0
PHL,2025,Aid_HIGH,0.0,0.0,0.0
POL,2025,Aid_HIGH,0.0,0.0,0.0
PRI,2025,Aid_HIGH,0.0,0.0,0.0
PRT,2025,Aid_HIGH,0.0,0.0,0.0
PSE,2025,Aid_HIGH,0.0,0.0,0.0
ROU,2025,Aid_HIGH,0.0,0.0,0.0
RUS,2025,Aid_HIGH,0.0,0.0,0.0
SAU,2025,Aid_HIGH,0.0,0.0,0.0
SDN,2025,Aid_HIGH,0.0,0.0,0.0
SGP,2025,Aid_HIGH,0.0,0.0,0.0
SLV,2025,Aid_HIGH,0.0,0.0,0.0
SOM,2025,Aid_HIGH,0.0,0.0,0.0
SYR,2025,Aid_HIGH,0.0,0.0,0.0
THA,2025,Aid_HIGH,0.0,0.0,0.0
TLS,2025,Aid_HIGH,0.0,0.0,0.0
TTO,2025,Aid_HIGH,0.0,0.0,0.0
TUR,2025,Aid_HIGH,0.0,0.0,0.0
UKR,2025,Aid_HIGH,0.0,0.0,0.0
USA,2025,Aid_HIGH,967053.6749999999,0.0,967053.6749999999
VEN,2025,Aid_HIGH,0.0,0.0,0.0
VNM,2025,Aid_HIGH,0.0,0.0,0.0
YEM,2025,Aid_HIGH,0.0,0.0,0.0
AFG,2025,Conflict_internal_LOW,0.0,0.0,0.0
ARG,2025,Conflict_internal_LOW,0.0,0.0,0.0
AUS,2025,Conflict_internal_LOW,0.0,0.0,0.0
BGD,2025,Conflict_internal_LOW,0.0,0.0,0.0
BRA,2025,Conflict_internal_LOW,0.0,0.0,0.0
BRN,2025,Conflict_internal_LOW,0.0,0.0,0.0
CAN,2025,Conflict_internal_LOW,0.0,0.0,0.0
CHN,2025,Conflict_internal_LOW,0.0,0.0,0.0
COL,2025,Conflict_internal_LOW,0.0,0.0,0.0
CUB,2025,Conflict_internal_LOW,0.0,0.0,0.0
DEU,2025,Conflict_internal_LOW,0.0,0.0,0.0
DOM,2025,Conflict_internal_LOW,0.0,0.0,0.0
ECU,2025,Conflict_internal_LOW,0.0,0.0,0.0
EGY,2025,Conflict_internal_LOW,0.0,0.0,0.0
ERI,2025,Conflict_internal_LOW,0.0,0.0,0.0
ESP,2025,Conflict_internal_LOW,0.0,0.0,0.0
ETH,2025,Conflict_internal_LOW,0.0,0.0,0.0
FRA,2025,Conflict_internal_LOW,0.0,0.0,0.0
GBR,2025,Conflict_internal_LOW,0.0,0.0,0.0
GHA,2025,Conflict_internal_LOW,0.0,0.0,0.0
GRC,2025,Conflict_internal_LOW,0.0,0.0,0.0
GTM,2025,Conflict_internal_LOW,0.0,0.0,0.0
GUY,2025,Conflict_internal_LOW,0.0,0.0,0.0
HKG,2025,Conflict_internal_LOW,0.0,0.0,0.0
HND,2025,Conflict_internal_LOW,0.0,0.0,0.0
HTI,2025,Conflict_internal_LOW,0.0,0.0,0.0
IDN,2025,Conflict_internal_LOW,0.0,19414.7,-19414.7
IND,2025,Conflict_internal_LOW,0.0,0.0,0.0
IRL,2025,Conflict_internal_LOW,0.0,0.0,0.0
IRN,2025,Conflict_internal_LOW,0.0,0.0,0.0
IRQ,2025,Conflict_internal_LOW,0.0,0.0,0.0
ISR,2025,Conflict_internal_LOW,0.0,0.0,0.0
ITA,2025,Conflict_internal_LOW,0.0,0.0,0.0
JAM,2025,Conflict_internal_LOW,0.0,0.0,0.0
JPN,2025,Conflict_internal_LOW,0.0,0.0,0.0
KEN,2025,Conflict_internal_LOW,0.0,0.0,0.0
KHM,2025,Conflict_internal_LOW,0.0,0.0,0.0
KOR,2025,Conflict_internal_LOW,0.0,0.0,0.0
LAO,2025,Conflict_internal_LOW,0.0,0.0,0.0
LBN,2025,Conflict_internal_LOW,0.0,0.0,0.0
LKA,2025,Conflict_internal_LOW,0.0,0.0,0.0
MEX,2025,Conflict_internal_LOW,0.0,0.0,0.0
MMR,2025,Conflict_internal_LOW,0.0,0.0,0.0
MYS,2025,Conflict_internal_LOW,0.0,56874.8,-56874.8
NGA,2025,Conflict_internal_LOW,0.0,0.0,0.0
NIC,2025,Conflict_internal_LOW,0.0,0.0,0.0
NPL,2025,Conflict_internal_LOW,0.0,0.0,0.0
NZL,2025,Conflict_internal_LOW,0.0,0.0,0.0
PAK,2025,Conflict_internal_LOW,0.0,0.0,0.0
PAN,2025,Conflict_internal_LOW,0.0,0.0,0.0
PER,2025,Conflict_internal_LOW,0.0,0.0,0.0
PHL,2025,Conflict_internal_LOW,0.0,0.0,0.0
POL,2025,Conflict_internal_LOW,0.0,0.0,0.0
PRI,2025,Conflict_internal_LOW,0.0,0.0,0.0
PRT,2025,Conflict_internal_LOW,0.0,0.0,0.0
PSE,2025,Conflict_internal_LOW,0.0,0.0,0.0
ROU,2025,Conflict_internal_LOW,0.0,0.0,0.0
RUS,2025,Conflict_internal_LOW,0.0,0.0,0.0
SAU,2025,Conflict_internal_LOW,0.0,0.0,0.0
SDN,2025,Conflict_internal_LOW,0.0,0.0,0.0
SGP,2025,Conflict_internal_LOW,0.0,0.0,0.0
SLV,2025,Conflict_internal_LOW,0.0,0.0,0.0
SOM,2025,Conflict_internal_LOW,0.0,0.0,0.0
SYR,2025,Conflict_internal_LOW,0.0,0.0,0.0
THA,2025,Conflict_internal_LOW,0.0,0.0,0.0
TLS,2025,Conflict_internal_LOW,0.0,0.0,0.0
TTO,2025,Conflict_internal_LOW,0.0,0.0,0.0
TUR,2025,Conflict_internal_LOW,0.0,0.0,0.0
UKR,2025,Conflict_internal_LOW,0.0,0.0,0.0
USA,2025,Conflict_internal_LOW,0.0,552602.1,-552602.1
VEN,2025,Conflict_internal_LOW,0.0,0.0,0.0
VNM,2025,Conflict_internal_LOW,0.0,0.0,0.0
YEM,2025,Conflict_internal_LOW,0.0,0.0,0.0
AFG,2025,Conflict_internal_HIGH,0.0,0.0,0.0
ARG,2025,Conflict_internal_HIGH,0.0,0.0,0.0
AUS,2025,Conflict_internal_HIGH,0.0,0.0,0.0
BGD,2025,Conflict_internal_HIGH,0.0,0.0,0.0
BRA,2025,Conflict_internal_HIGH,0.0,0.0,0.0
BRN,2025,Conflict_internal_HIGH,0.0,0.0,0.0
CAN,2025,Conflict_internal_HIGH,0.0,0.0,0.0
CHN,2025,Conflict_internal_HIGH,0.0,0.0,0.0
COL,2025,Conflict_internal_HIGH,0.0,0.0,0.0
CUB,2025,Conflict_internal_HIGH,0.0,0.0,0.0
DEU,2025,Conflict_internal_HIGH,0.0,0.0,0.0
DOM,2025,Conflict_internal_HIGH,0.0,0.0,0.0
ECU,2025,Conflict_internal_HIGH,0.0,0.0,0.0
EGY,2025,Conflict_internal_HIGH,0.0,0.0,0.0
ERI,2025,Conflict_internal_HIGH,0.0,0.0,0.0
ESP,2025,Conflict_internal_HIGH,0.0,0.0,0.0
ETH,2025,Conflict_internal_HIGH,0.0,0.0,0.0
FRA,2025,Conflict_internal_HIGH,0.0,0.0,0.0
GBR,2025,Conflict_internal_HIGH,0.0,0.0,0.0
GHA,2025,Conflict_internal_HIGH,0.0,0.0,0.0
GRC,2025,Conflict_internal_HIGH,0.0,0.0,0.0
GTM,2025,Conflict_internal_HIGH,0.0,0.0,0.0
GUY,2025,Conflict_internal_HIGH,0.0,0.0,0.0
HKG,2025,Conflict_internal_HIGH,0.0,0.0,0.0
HND,2025,Conflict_internal_HIGH,0.0,0.0,0.0
HTI,2025,Conflict_internal_HIGH,0.0,0.0,0.0
IDN,2025,Conflict_internal_HIGH,0.0,58244.100000000006,-58244.100000000006
IND,2025,Conflict_internal_HIGH,0.0,0.0,0.0
IRL,2025,Conflict_internal_HIGH,0.0,0.0,0.0
IRN,2025,Conflict_internal_HIGH,0.0,0.0,0.0
IRQ,2025,Conflict_internal_HIGH,0.0,0.0,0.0
ISR,2025,Conflict_internal_HIGH,0.0,0.0,0.0
ITA,2025,Conflict_internal_HIGH,0.0,0.0,0.0
JAM,2025,Conflict_internal_HIGH,0.0,0.0,0.0
JPN,2025,Conflict_internal_HIGH,0.0,0.0,0.0
KEN,2025,Conflict_internal_HIGH,0.0,0.0,0.0
KHM,2025,Conflict_internal_HIGH,0.0,0.0,0.0
KOR,2025,Conflict_internal_HIGH,0.0,0.0,0.0
LAO,2025,Conflict_internal_HIGH,0.0,0.0,0.0
LBN,2025,Conflict_internal_HIGH,0.0,0.0,0.0
LKA,2025,Conflict_internal_HIGH,0.0,0.0,0.0
MEX,2025,Conflict_internal_HIGH,0.0,0.0,0.0
MMR,2025,Conflict_internal_HIGH,0.0,0.0,0.0
MYS,2025,Conflict_internal_HIGH,0.0,170624.40000000002,-170624.40000000002
NGA,2025,Conflict_internal_HIGH,0.0,0.0,0.0
NIC,2025,Conflict_internal_HIGH,0.0,0.0,0.0
NPL,2025,Conflict_internal_HIGH,0.0,0.0,0.0
NZL,2025,Conflict_internal_HIGH,0.0,0.0,0.0
PAK,2025,Conflict_internal_HIGH,0.0,0.0,0.0
PAN,2025,Conflict_internal_HIGH,0.0,0.0,0.0
PER,2025,Conflict_internal_HIGH,0.0,0.0,0.0
PHL,2025,Conflict_internal_HIGH,0.0,0.0,0.0
POL,2025,Conflict_internal_HIGH,0.0,0.0,0.0
PRI,2025,Conflict_internal_HIGH,0.0,0.0,0.0
PRT,2025,Conflict_internal_HIGH,0.0,0.0,0.0
PSE,2025,Conflict_internal_HIGH,0.0,0.0,0.0
ROU,2025,Conflict_internal_HIGH,0.0,0.0,0.0
RUS,2025,Conflict_internal_HIGH,0.0,0.0,0.0
SAU,2025,Conflict_internal_HIGH,0.0,0.0,0.0
SDN,2025,Conflict_internal_HIGH,0.0,0.0,0.0
SGP,2025,Conflict_internal_HIGH,0.0,0.0,0.0
SLV,2025,Conflict_internal_HIGH,0.0,0.0,0.0
SOM,2025,Conflict_internal_HIGH,0.0,0.0,0.0
SYR,2025,Conflict_internal_HIGH,0.0,0.0,0.0
THA,2025,Conflict_internal_HIGH,0.0,0.0,0.0
TLS,2025,Conflict_internal_HIGH,0.0,0.0,0.0
TTO,2025,Conflict_internal_HIGH,0.0,0.0,0.0
TUR,2025,Conflict_internal_HIGH,0.0,0.0,0.0
UKR,2025,Conflict_internal_HIGH,0.0,0.0,0.0
USA,2025,Conflict_internal_HIGH,0.0,1657806.3000000003,-1657806.3000000003
VEN,2025,Conflict_internal_HIGH,0.0,0.0,0.0
VNM,2025,Conflict_internal_HIGH,0.0,0.0,0.0
YEM,2025,Conflict_internal_HIGH,0.0,0.0,0.0
AFG,2025,Conflict_external_LOW,0.0,0.0,0.0
ARG,2025,Conflict_external_LOW,0.0,0.0,0.0
AUS,2025,Conflict_external_LOW,0.0,0.0,0.0
BGD,2025,Conflict_external_LOW,0.0,0.0,0.0
BRA,2025,Conflict_external_LOW,0.0,0.0,0.0
BRN,2025,Conflict_external_LOW,0.0,0.0,0.0
CAN,2025,Conflict_external_LOW,0.0,0.0,0.0
CHN,2025,Conflict_external_LOW,0.0,0.0,0.0
COL,2025,Conflict_external_LOW,0.0,0.0,0.0
CUB,2025,Conflict_external_LOW,0.0,0.0,0.0
DEU,2025,Conflict_external_LOW,0.0,0.0,0.0
DOM,2025,Conflict_external_LOW,0.0,0.0,0.0
ECU,2025,Conflict_external_LOW,0.0,0.0,0.0
EGY,2025,Conflict_external_LOW,0.0,0.0,0.0
ERI,2025,Conflict_external_LOW,0.0,0.0,0.0
ESP,2025,Conflict_external_LOW,0.0,0.0,0.0
ETH,2025,Conflict_external_LOW,0.0,0.0,0.0
FRA,2025,Conflict_external_LOW,0.0,0.0,0.0
GBR,2025,Conflict_external_LOW,0.0,0.0,0.0
GHA,2025,Conflict_external_LOW,0.0,0.0,0.0
GRC,2025,Conflict_external_LOW,0.0,0.0,0.0
GTM,2025,Conflict_external_LOW,0.0,0.0,0.0
GUY,2025,Conflict_external_LOW,0.0,0.0,0.0
HKG,2025,Conflict_external_LOW,0.0,0.0,0.0
HND,2025,Conflict_external_LOW,0.0,0.0,0.0
HTI,2025,Conflict_external_LOW,0.0,0.0,0.0
IDN,2025,Conflict_external_LOW,48536.75,0.0,48536.75
IND,2025,Conflict_external_LOW,0.0,0.0,0.0
IRL,2025,Conflict_external_LOW,0.0,0.0,0.0
IRN,2025,Conflict_external_LOW,0.0,0.0,0.0
IRQ,2025,Conflict_external_LOW,0.0,0.0,0.0
ISR,2025,Conflict_external_LOW,0.0,0.0,0.0
ITA,2025,Conflict_external_LOW,0.0,0.0,0.0
JAM,2025,Conflict_external_LOW,0.0,0.0,0.0
JPN,2025,Conflict_external_LOW,0.0,0.0,0.0
KEN,2025,Conflict_external_LOW,0.0,0.0,0.0
KHM,2025,Conflict_external_LOW,0.0,0.0,0.0
KOR,2025,Conflict_external_LOW,0.0,0.0,0.0
LAO,2025,Conflict_external_LOW,0.0,0.0,0.0
LBN,2025,Conflict_external_LOW,0.0,0.0,0.0
LKA,2025,Conflict_external_LOW,0.0,0.0,0.0
MEX,2025,Conflict_external_LOW,0.0,0.0,0.0
MMR,2025,Conflict_external_LOW,0.0,0.0,0.0
MYS,2025,Conflict_external_LOW,142187.0,0.0,142187.0
NGA,2025,Conflict_external_LOW,0.0,0.0,0.0
NIC,2025,Conflict_external_LOW,0.0,0.0,0.0
NPL,2025,Conflict_external_LOW,0.0,0.0,0.0
NZL,2025,Conflict_external_LOW,0.0,0.0,0.0
PAK,2025,Conflict_external_LOW,0.0,0.0,0.0
PAN,2025,Conflict_external_LOW,0.0,0.0,0.0
PER,2025,Conflict_external_LOW,0.0,0.0,0.0
PHL,2025,Conflict_external_LOW,0.0,0.0,0.0
POL,2025,Conflict_external_LOW,0.0,0.0,0.0
PRI,2025,Conflict_external_LOW,0.0,0.0,0.0
PRT,2025,Conflict_external_LOW,0.0,0.0,0.0
PSE,2025,Conflict_external_LOW,0.0,0.0,0.0
ROU,2025,Conflict_external_LOW,0.0,0.0,0.0
RUS,2025,Conflict_external_LOW,0.0,0.0,0.0
SAU,2025,Conflict_external_LOW,0.0,0.0,0.0
SDN,2025,Conflict_external_LOW,0.0,0.0,0.0
SGP,2025,Conflict_external_LOW,0.0,0.0,0.0
SLV,2025,Conflict_external_LOW,0.0,0.0,0.0
SOM,2025,Conflict_external_LOW,0.0,0.0,0.0
SYR,2025,Conflict_external_LOW,0.0,0.0,0.0
THA,2025,Conflict_external_LOW,0.0,0.0,0.0
TLS,2025,Conflict_external_LOW,0.0,0.0,0.0
TTO,2025,Conflict_external_LOW,0.0,0.0,0.0
TUR,2025,Conflict_external_LOW,0.0,0.0,0.0
UKR,2025,Conflict_external_LOW,0.0,0.0,0.0
USA,2025,Conflict_external_LOW,1381505.25,0.0,1381505.25
VEN,2025,Conflict_external_LOW,0.0,0.0,0.0
VNM,2025,Conflict_external_LOW,0.0,0.0,0.0
YEM,2025,Conflict_external_LOW,0.0,0.0,0.0
AFG,2025,Conflict_external_HIGH,0.0,0.0,0.0
ARG,2025,Conflict_external_HIGH,0.0,0.0,0.0
AUS,2025,Conflict_external_HIGH,0.0,0.0,0.0
BGD,2025,Conflict_external_HIGH,0.0,0.0,0.0
BRA,2025,Conflict_external_HIGH,0.0,0.0,0.0
BRN,2025,Conflict_external_HIGH,0.0,0.0,0.0
CAN,2025,Conflict_external_HIGH,0.0,0.0,0.0
CHN,2025,Conflict_external_HIGH,0.0,0.0,0.0
COL,2025,Conflict_external_HIGH,0.0,0.0,0.0
CUB,2025,Conflict_external_HIGH,0.0,0.0,0.0
DEU,2025,Conflict_external_HIGH,0.0,0.0,0.0
DOM,2025,Conflict_external_HIGH,0.0,0.0,0.0
ECU,2025,Conflict_external_HIGH,0.0,0.0,0.0
EGY,2025,Conflict_external_HIGH,0.0,0.0,0.0
ERI,2025,Conflict_external_HIGH,0.0,0.0,0.0
ESP,2025,Conflict_external_HIGH,0.0,0.0,0.0
ETH,2025,Conflict_external_HIGH,0.0,0.0,0.0
FRA,2025,Conflict_external_HIGH,0.0,0.0,0.0
GBR,2025,Conflict_external_HIGH,0.0,0.0,0.0
GHA,2025,Conflict_external_HIGH,0.0,0.0,0.0
GRC,2025,Conflict_external_HIGH,0.0,0.0,0.0
GTM,2025,Conflict_external_HIGH,0.0,0.0,0.0
GUY,2025,Conflict_external_HIGH,0.0,0.0,0.0
HKG,2025,Conflict_external_HIGH,0.0,0.0,0.0
HND,2025,Conflict_external_HIGH,0.0,0.0,0.0
HTI,2025,Conflict_external_HIGH,0.0,0.0,0.0
IDN,2025,Conflict_external_HIGH,145610.25,0.0,145610.25
IND,2025,Conflict_external_HIGH,0.0,0.0,0.0
IRL,2025,Conflict_external_HIGH,0.0,0.0,0.0
IRN,2025,Conflict_external_HIGH,0.0,0.0,0.0
IRQ,2025,Conflict_external_HIGH,0.0,0.0,0.0
ISR,2025,Conflict_external_HIGH,0.0,0.0,0.0
ITA,2025,Conflict_external_HIGH,0.0,0.0,0.0
JAM,2025,Conflict_external_HIGH,0.0,0.0,0.0
JPN,2025,Conflict_external_HIGH,0.0,0.0,0.0
KEN,2025,Conflict_external_HIGH,0.0,0.0,0.0
KHM,2025,Conflict_external_HIGH,0.0,0.0,0.0
KOR,2025,Conflict_external_HIGH,0.0,0.0,0.0
LAO,2025,Conflict_external_HIGH,0.0,0.0,0.0
LBN,2025,Conflict_external_HIGH,0.0,0.0,0.0
LKA,2025,Conflict_external_HIGH,0.0,0.0,0.0
MEX,2025,Conflict_external_HIGH,0.0,0.0,0.0
MMR,2025,Conflict_external_HIGH,0.0,0.0,0.0
MYS,2025,Conflict_external_HIGH,426561.0,0.0,426561.0
NGA,2025,Conflict_external_HIGH,0.0,0.0,0.0
NIC,2025,Conflict_external_HIGH,0.0,0.0,0.0
NPL,2025,Conflict_external_HIGH,0.0,0.0,0.0
NZL,2025,Conflict_external_HIGH,0.0,0.0,0.0
PAK,2025,Conflict_external_HIGH,0.0,0.0,0.0
PAN,2025,Conflict_external_HIGH,0.0,0.0,0.0
PER,2025,Conflict_external_HIGH,0.0,0.0,0.0
PHL,2025,Conflict_external_HIGH,0.0,0.0,0.0
POL,2025,Conflict_external_HIGH,0.0,0.0,0.0
PRI,2025,Conflict_external_HIGH,0.0,0.0,0.0
PRT,2025,Conflict_external_HIGH,0.0,0.0,0.0
PSE,2025,Conflict_external_HIGH,0.0,0.0,0.0
ROU,2025,Conflict_external_HIGH,0.0,0.0,0.0
RUS,2025,Conflict_external_HIGH,0.0,0.0,0.0
SAU,2025,Conflict_external_HIGH,0.0,0.0,0.0
SDN,2025,Conflict_external_HIGH,0.0,0.0,0.0
SGP,2025,Conflict_external_HIGH,0.0,0.0,0.0
SLV,2025,Conflict_external_HIGH,0.0,0.0,0.0
SOM,2025,Conflict_external_HIGH,0.0,0.0,0.0
SYR,2025,Conflict_external_HIGH,0.0,0.0,0.0
THA,2025,Conflict_external_HIGH,0.0,0.0,0.0
TLS,2025,Conflict_external_HIGH,0.0,0.0,0.0
TTO,2025,Conflict_external_HIGH,0.0,0.0,0.0
TUR,2025,Conflict_external_HIGH,0.0,0.0,0.0
UKR,2025,Conflict_external_HIGH,0.0,0.0,0.0
USA,2025,Conflict_external_HIGH,4144515.75,0.0,4144515.75
VEN,2025,Conflict_external_HIGH,0.0,0.0,0.0
VNM,2025,Conflict_external_HIGH,0.0,0.0,0.0
YEM,2025,Conflict_external_HIGH,0.0,0.0,0.0
AFG,2025,Aid_LOW__Conflict_internal_LOW,0.0,0.0,0.0
ARG,2025,Aid_LOW__Conflict_internal_LOW,0.0,0.0,0.0
AUS,2025,Aid_LOW__Conflict_internal_LOW,0.0,0.0,0.0
BGD,2025,Aid_LOW__Conflict_internal_LOW,0.0,0.0,0.0
BRA,2025,Aid_LOW__Conflict_internal_LOW,0.0,0.0,0.0
BRN,2025,Aid_LOW__Conflict_internal_LOW,0.0,0.0,0.0
CAN,2025,Aid_LOW__Conflict_internal_LOW,0.0,0.0,0.0
CHN,2025,Aid_LOW__Conflict_internal_LOW,0.0,0.0,0.0
COL,2025,Aid_LOW__Conflict_internal_LOW,0.0,0.0,0.0
CUB,2025,Aid_LOW__Conflict_internal_LOW,0.0,0.0,0.0
DEU,2025,Aid_LOW__Conflict_internal_LOW,0.0,0.0,0.0
DOM,2025,Aid_LOW__Conflict_internal_LOW,0.0,0.0,0.0
ECU,2025,Aid_LOW__Conflict_internal_LOW,0.0,0.0,0.0
EGY,2025,Aid_LOW__Conflict_internal_LOW,0.0,0.0,0.0
ERI,2025,Aid_LOW__Conflict_internal_LOW,0.0,0.0,0.0
ESP,2025,Aid_LOW__Conflict_internal_LOW,0.0,0.0,0.0
ETH,2025,Aid_LOW__Conflict_internal_LOW,0.0,0.0,0.0
FRA,2025,Aid_LOW__Conflict_internal_LOW,0.0,0.0,0.0
GBR,2025,Aid_LOW__Conflict_internal_LOW,0.0,0.0,0.0
GHA,2025,Aid_LOW__Conflict_internal_LOW,0.0,0.0,0.0
GRC,2025,Aid_LOW__Conflict_internal_LOW,0.0,0.0,0.0
GTM,2025,Aid_LOW__Conflict_internal_LOW,0.0,0.0,0.0
GUY,2025,Aid_LOW__Conflict_internal_LOW,0.0,0.0,0.0
HKG,2025,Aid_LOW__Conflict_internal_LOW,0.0,0.0,0.0
HND,2025,Aid_LOW__Conflict_internal_LOW,0.0,0.0,0.0
HTI,2025,Aid_LOW__Conflict_internal_LOW,0.0,0.0,0.0
IDN,2025,Aid_LOW__Conflict_internal_LOW,14561.025,19414.7,-4853.675000000001
IND,2025,Aid_LOW__Conflict_internal_LOW,0.0,0.0,0.0
IRL,2025,Aid_LOW__Conflict_internal_LOW,0.0,0.0,0.0
IRN,2025,Aid_LOW__Conflict_internal_LOW,0.0,0.0,0.0
IRQ,2025,Aid_LOW__Conflict_internal_LOW,0.0,0.0,0.0
ISR,2025,Aid_LOW__Conflict_internal_LOW,0.0,0.0,0.0
ITA,2025,Aid_LOW__Conflict_internal_LOW,0.0,0.0,0.0
JAM,2025,Aid_LOW__Conflict_internal_LOW,0.0,0.0,0.0
JPN,2025,Aid_LOW__Conflict_internal_LOW,0.0,0.0,0.0
KEN,2025,Aid_LOW__Conflict_internal_LOW,0.0,0.0,0.0
KHM,2025,Aid_LOW__Conflict_internal_LOW,0.0,0.0,0.0
KOR,2025,Aid_LOW__Conflict_internal_LOW,0.0,0.0,0.0
LAO,2025,Aid_LOW__Conflict_internal_LOW,0.0,0.0,0.0
LBN,2025,Aid_LOW__Conflict_internal_LOW,0.0,0.0,0.0
LKA,2025,Aid_LOW__Conflict_internal_LOW,0.0,0.0,0.0
MEX,2025,Aid_LOW__Conflict_internal_LOW,0.0,0.0,0.0
MMR,2025,Aid_LOW__Conflict_internal_LOW,0.0,0.0,0.0
MYS,2025,Aid_LOW__Conflict_internal_LOW,42656.1,56874.8,-14218.700000000004
NGA,2025,Aid_LOW__Conflict_internal_LOW,0.0,0.0,0.0
NIC,2025,Aid_LOW__Conflict_internal_LOW,0.0,0.0,0.0
NPL,2025,Aid_LOW__Conflict_internal_LOW,0.0,0.0,0.0
NZL,2025,Aid_LOW__Conflict_internal_LOW,0.0,0.0,0.0
PAK,2025,Aid_LOW__Conflict_internal_LOW,0.0,0.0,0.0
PAN,2025,Aid_LOW__Conflict_internal_LOW,0.0,0.0,0.0
PER,2025,Aid_LOW__Conflict_internal_LOW,0.0,0.0,0.0
PHL,2025,Aid_LOW__Conflict_internal_LOW,0.0,0.0,0.0
POL,2025,Aid_LOW__Conflict_internal_LOW,0.0,0.0,0.0
PRI,2025,Aid_LOW__Conflict_internal_LOW,0.0,0.0,0.0
PRT,2025,Aid_LOW__Conflict_internal_LOW,0.0,0.0,0.0
PSE,2025,Aid_LOW__Conflict_internal_LOW,0.0,0.0,0.0
ROU,2025,Aid_LOW__Conflict_internal_LOW,0.0,0.0,0.0
RUS,2025,Aid_LOW__Conflict_internal_LOW,0.0,0.0,0.0
SAU,2025,Aid_LOW__Conflict_internal_LOW,0.0,0.0,0.0
SDN,2025,Aid_LOW__Conflict_internal_LOW,0.0,0.0,0.0
SGP,2025,Aid_LOW__Conflict_internal_LOW,0.0,0.0,0.0
SLV,2025,Aid_LOW__Conflict_internal_LOW,0.0,0.0,0.0
SOM,2025,Aid_LOW__Conflict_internal_LOW,0.0,0.0,0.0
SYR,2025,Aid_LOW__Conflict_internal_LOW,0.0,0.0,0.0
THA,2025,Aid_LOW__Conflict_internal_LOW,0.0,0.0,0.0
TLS,2025,Aid_LOW__Conflict_internal_LOW,0.0,0.0,0.0
TTO,2025,Aid_LOW__Conflict_internal_LOW,0.0,0.0,0.0
TUR,2025,Aid_LOW__Conflict_internal_LOW,0.0,0.0,0.0
UKR,2025,Aid_LOW__Conflict_internal_LOW,0.0,0.0,0.0
USA,2025,Aid_LOW__Conflict_internal_LOW,414451.575,552602.1,-138150.52499999997
VEN,2025,Aid_LOW__Conflict_internal_LOW,0.0,0.0,0.0
VNM,2025,Aid_LOW__Conflict_internal_LOW,0.0,0.0,0.0
YEM,2025,Aid_LOW__Conflict_internal_LOW,0.0,0.0,0.0
AFG,2025,Aid_LOW__Conflict_internal_HIGH,0.0,0.0,0.0
ARG,2025,Aid_LOW__Conflict_internal_HIGH,0.0,0.0,0.0
AUS,2025,Aid_LOW__Conflict_internal_HIGH,0.0,0.0,0.0
BGD,2025,Aid_LOW__Conflict_internal_HIGH,0.0,0.0,0.0
BRA,2025,Aid_LOW__Conflict_internal_HIGH,0.0,0.0,0.0
BRN,2025,Aid_LOW__Conflict_internal_HIGH,0.0,0.0,0.0
CAN,2025,Aid_LOW__Conflict_internal_HIGH,0.0,0.0,0.0
CHN,2025,Aid_LOW__Conflict_internal_HIGH,0.0,0.0,0.0
COL,2025,Aid_LOW__Conflict_internal_HIGH,0.0,0.0,0.0
CUB,2025,Aid_LOW__Conflict_internal_HIGH,0.0,0.0,0.0
DEU,2025,Aid_LOW__Conflict_internal_HIGH,0.0,0.0,0.0
DOM,2025,Aid_LOW__Conflict_internal_HIGH,0.0,0.0,0.0
ECU,2025,Aid_LOW__Conflict_internal_HIGH,0.0,0.0,0.0
EGY,2025,Aid_LOW__Conflict_internal_HIGH,0.0,0.0,0.0
ERI,2025,Aid_LOW__Conflict_internal_HIGH,0.0,0.0,0.0
ESP,2025,Aid_LOW__Conflict_internal_HIGH,0.0,0.0,0.0
ETH,2025,Aid_LOW__Conflict_internal_HIGH,0.0,0.0,0.0
FRA,2025,Aid_LOW__Conflict_internal_HIGH,0.0,0.0,0.0
GBR,2025,Aid_LOW__Conflict_internal_HIGH,0.0,0.0,0.0
GHA,2025,Aid_LOW__Conflict_internal_HIGH,0.0,0.0,0.0
GRC,2025,Aid_LOW__Conflict_internal_HIGH,0.0,0.0,0.0
GTM,2025,Aid_LOW__Conflict_internal_HIGH,0.0,0.0,0.0
GUY,2025,Aid_LOW__Conflict_internal_HIGH,0.0,0.0,0.0
HKG,2025,Aid_LOW__Conflict_internal_HIGH,0.0,0.0,0.0
HND,2025,Aid_LOW__Conflict_internal_HIGH,0.0,0.0,0.0
HTI,2025,Aid_LOW__Conflict_internal_HIGH,0.0,0.0,0.0
IDN,2025,Aid_LOW__Conflict_internal_HIGH,14561.025,58244.100000000006,-43683.075000000004
IND,2025,Aid_LOW__Conflict_internal_HIGH,0.0,0.0,0.0
IRL,2025,Aid_LOW__Conflict_internal_HIGH,0.0,0.0,0.0
IRN,2025,Aid_LOW__Conflict_internal_HIGH,0.0,0.0,0.0
IRQ,2025,Aid_LOW__Conflict_internal_HIGH,0.0,0.0,0.0
ISR,2025,Aid_LOW__Conflict_internal_HIGH,0.0,0.0,0.0
ITA,2025,Aid_LOW__Conflict_internal_HIGH,0.0,0.0,0.0
JAM,2025,Aid_LOW__Conflict_internal_HIGH,0.0,0.0,0.0
JPN,2025,Aid_LOW__Conflict_internal_HIGH,0.0,0.0,0.0
KEN,2025,Aid_LOW__Conflict_internal_HIGH,0.0,0.0,0.0
KHM,2025,Aid_LOW__Conflict_internal_HIGH,0.0,0.0,0.0
KOR,2025,Aid_LOW__Conflict_internal_HIGH,0.0,0.0,0.0
LAO,2025,Aid_LOW__Conflict_internal_HIGH,0.0,0.0,0.0
LBN,2025,Aid_LOW__Conflict_internal_HIGH,0.0,0.0,0.0
LKA,2025,Aid_LOW__Conflict_internal_HIGH,0.0,0.0,0.0
MEX,2025,Aid_LOW__Conflict_internal_HIGH,0.0,0.0,0.0
MMR,2025,Aid_LOW__Conflict_internal_HIGH,0.0,0.0,0.0
MYS,2025,Aid_LOW__Conflict_internal_HIGH,42656.1,170624.40000000002,-127968.30000000002
NGA,2025,Aid_LOW__Conflict_internal_HIGH,0.0,0.0,0.0
NIC,2025,Aid_LOW__Conflict_internal_HIGH,0.0,0.0,0.0
NPL,2025,Aid_LOW__Conflict_internal_HIGH,0.0,0.0,0.0
NZL,2025,Aid_LOW__Conflict_internal_HIGH,0.0,0.0,0.0
PAK,2025,Aid_LOW__Conflict_internal_HIGH,0.0,0.0,0.0
PAN,2025,Aid_LOW__Conflict_internal_HIGH,0.0,0.0,0.0
PER,2025,Aid_LOW__Conflict_internal_HIGH,0.0,0.0,0.0
PHL,2025,Aid_LOW__Conflict_internal_HIGH,0.0,0.0,0.0
POL,2025,Aid_LOW__Conflict_internal_HIGH,0.0,0.0,0.0
PRI,2025,Aid_LOW__Conflict_internal_HIGH,0.0,0.0,0.0
PRT,2025,Aid_LOW__Conflict_internal_HIGH,0.0,0.0,0.0
PSE,2025,Aid_LOW__Conflict_internal_HIGH,0.0,0.0,0.0
ROU,2025,Aid_LOW__Conflict_internal_HIGH,0.0,0.0,0.0
RUS,2025,Aid_LOW__Conflict_internal_HIGH,0.0,0.0,0.0
SAU,2025,Aid_LOW__Conflict_internal_HIGH,0.0,0.0,0.0
SDN,2025,Aid_LOW__Conflict_internal_HIGH,0.0,0.0,0.0
SGP,2025,Aid_LOW__Conflict_internal_HIGH,0.0,0.0,0.0
SLV,2025,Aid_LOW__Conflict_internal_HIGH,0.0,0.0,0.0
SOM,2025,Aid_LOW__Conflict_internal_HIGH,0.0,0.0,0.0
SYR,2025,Aid_LOW__Conflict_internal_HIGH,0.0,0.0,0.0
THA,2025,Aid_LOW__Conflict_internal_HIGH,0.0,0.0,0.0
TLS,2025,Aid_LOW__Conflict_internal_HIGH,0.0,0.0,0.0
TTO,2025,Aid_LOW__Conflict_internal_HIGH,0.0,0.0,0.0
TUR,2025,Aid_LOW__Conflict_internal_HIGH,0.0,0.0,0.0
UKR,2025,Aid_LOW__Conflict_internal_HIGH,0.0,0.0,0.0
USA,2025,Aid_LOW__Conflict_internal_HIGH,414451.575,1657806.3000000003,-1243354.7250000003
VEN,2025,Aid_LOW__Conflict_internal_HIGH,0.0,0.0,0.0
VNM,2025,Aid_LOW__Conflict_internal_HIGH,0.0,0.0,0.0
YEM,2025,Aid_LOW__Conflict_internal_HIGH,0.0,0.0,0.0
AFG,2025,Aid_HIGH__Conflict_internal_LOW,0.0,0.0,0.0
ARG,2025,Aid_HIGH__Conflict_internal_LOW,0.0,0.0,0.0
AUS,2025,Aid_HIGH__Conflict_internal_LOW,0.0,0.0,0.0
BGD,2025,Aid_HIGH__Conflict_internal_LOW,0.0,0.0,0.0
BRA,2025,Aid_HIGH__Conflict_internal_LOW,0.0,0.0,0.0
BRN,2025,Aid_HIGH__Conflict_internal_LOW,0.0,0.0,0.0
CAN,2025,Aid_HIGH__Conflict_internal_LOW,0.0,0.0,0.0
CHN,2025,Aid_HIGH__Conflict_internal_LOW,0.0,0.0,0.0
COL,2025,Aid_HIGH__Conflict_internal_LOW,0.0,0.0,0.0
CUB,2025,Aid_HIGH__Conflict_internal_LOW,0.0,0.0,0.0
DEU,2025,Aid_HIGH__Conflict_internal_LOW,0.0,0.0,0.0
DOM,2025,Aid_HIGH__Conflict_internal_LOW,0.0,0.0,0.0
ECU,2025,Aid_HIGH__Conflict_internal_LOW,0.0,0.0,0.0
EGY,2025,Aid_HIGH__Conflict_internal_LOW,0.0,0.0,0.0
ERI,2025,Aid_HIGH__Conflict_internal_LOW,0.0,0.0,0.0
ESP,2025,Aid_HIGH__Conflict_internal_LOW,0.0,0.0,0.0
ETH,2025,Aid_HIGH__Conflict_internal_LOW,0.0,0.0,0.0
FRA,2025,Aid_HIGH__Conflict_internal_LOW,0.0,0.0,0.0
GBR,2025,Aid_HIGH__Conflict_internal_LOW,0.0,0.0,0.0
GHA,2025,Aid_HIGH__Conflict_internal_LOW,0.0,0.0,0.0
GRC,2025,Aid_HIGH__Conflict_internal_LOW,0.0,0.0,0.0
GTM,2025,Aid_HIGH__Conflict_internal_LOW,0.0,0.0,0.0
GUY,2025,Aid_HIGH__Conflict_internal_LOW,0.0,0.0,0.0
HKG,2025,Aid_HIGH__Conflict_internal_LOW,0.0,0.0,0.0
HND,2025,Aid_HIGH__Conflict_internal_LOW,0.0,0.0,0.0
HTI,2025,Aid_HIGH__Conflict_internal_LOW,0.0,0.0,0.0
IDN,2025,Aid_HIGH__Conflict_internal_LOW,33975.725,19414.7,14561.024999999998
IND,2025,Aid_HIGH__Conflict_internal_LOW,0.0,0.0,0.0
IRL,2025,Aid_HIGH__Conflict_internal_LOW,0.0,0.0,0.0
IRN,2025,Aid_HIGH__Conflict_internal_LOW,0.0,0.0,0.0
IRQ,2025,Aid_HIGH__Conflict_internal_LOW,0.0,0.0,0.0
ISR,2025,Aid_HIGH__Conflict_internal_LOW,0.0,0.0,0.0
ITA,2025,Aid_HIGH__Conflict_internal_LOW,0.0,0.0,0.0
JAM,2025,Aid_HIGH__Conflict_internal_LOW,0.0,0.0,0.0
JPN,2025,Aid_HIGH__Conflict_internal_LOW,0.0,0.0,0.0
KEN,2025,Aid_HIGH__Conflict_internal_LOW,0.0,0.0,0.0
KHM,2025,Aid_HIGH__Conflict_internal_LOW,0.0,0.0,0.0
KOR,2025,Aid_HIGH__Conflict_internal_LOW,0.0,0.0,0.0
LAO,2025,Aid_HIGH__Conflict_internal_LOW,0.0,0.0,0.0
LBN,2025,Aid_HIGH__Conflict_internal_LOW,0.0,0.0,0.0
LKA,2025,Aid_HIGH__Conflict_internal_LOW,0.0,0.0,0.0
MEX,2025,Aid_HIGH__Conflict_internal_LOW,0.0,0.0,0.0
MMR,2025,Aid_HIGH__Conflict_internal_LOW,0.0,0.0,0.0
MYS,2025,Aid_HIGH__Conflict_internal_LOW,99530.9,56874.8,42656.09999999999
NGA,2025,Aid_HIGH__Conflict_internal_LOW,0.0,0.0,0.0
NIC,2025,Aid_HIGH__Conflict_internal_LOW,0.0,0.0,0.0
NPL,2025,Aid_HIGH__Conflict_internal_LOW,0.0,0.0,0.0
NZL,2025,Aid_HIGH__Conflict_internal_LOW,0.0,0.0,0.0
PAK,2025,Aid_HIGH__Conflict_internal_LOW,0.0,0.0,0.0
PAN,2025,Aid_HIGH__Conflict_internal_LOW,0.0,0.0,0.0
PER,2025,Aid_HIGH__Conflict_internal_LOW,0.0,0.0,0.0
PHL,2025,Aid_HIGH__Conflict_internal_LOW,0.0,0.0,0.0
POL,2025,Aid_HIGH__Conflict_internal_LOW,0.0,0.0,0.0
PRI,2025,Aid_HIGH__Conflict_internal_LOW,0.0,0.0,0.0
PRT,2025,Aid_HIGH__Conflict_internal_LOW,0.0,0.0,0.0
PSE,2025,Aid_HIGH__Conflict_internal_LOW,0.0,0.0,0.0
ROU,2025,Aid_HIGH__Conflict_internal_LOW,0.0,0.0,0.0
RUS,2025,Aid_HIGH__Conflict_internal_LOW,0.0,0.0,0.0
SAU,2025,Aid_HIGH__Conflict_internal_LOW,0.0,0.0,0.0
SDN,2025,Aid_HIGH__Conflict_internal_LOW,0.0,0.0,0.0
SGP,2025,Aid_HIGH__Conflict_internal_LOW,0.0,0.0,0.0
SLV,2025,Aid_HIGH__Conflict_internal_LOW,0.0,0.0,0.0
SOM,2025,Aid_HIGH__Conflict_internal_LOW,0.0,0.0,0.0
SYR,2025,Aid_HIGH__Conflict_internal_LOW,0.0,0.0,0.0
THA,2025,Aid_HIGH__Conflict_internal_LOW,0.0,0.0,0.0
TLS,2025,Aid_HIGH__Conflict_internal_LOW,0.0,0.0,0.0
TTO,2025,Aid_HIGH__Conflict_internal_LOW,0.0,0.0,0.0
TUR,2025,Aid_HIGH__Conflict_internal_LOW,0.0,0.0,0.0
UKR,2025,Aid_HIGH__Conflict_internal_LOW,0.0,0.0,0.0
USA,2025,Aid_HIGH__Conflict_internal_LOW,967053.6749999999,552602.1,414451.57499999995
VEN,2025,Aid_HIGH__Conflict_internal_LOW,0.0,0.0,0.0
VNM,2025,Aid_HIGH__Conflict_internal_LOW,0.0,0.0,0.0
YEM,2025,Aid_HIGH__Conflict_internal_LOW,0.0,0.0,0.0
AFG,2025,Aid_HIGH__Conflict_internal_HIGH,0.0,0.0,0.0
ARG,2025,Aid_HIGH__Conflict_internal_HIGH,0.0,0.0,0.0
AUS,2025,Aid_HIGH__Conflict_internal_HIGH,0.0,0.0,0.0
BGD,2025,Aid_HIGH__Conflict_internal_HIGH,0.0,0.0,0.0
BRA,2025,Aid_HIGH__Conflict_internal_HIGH,0.0,0.0,0.0
BRN,2025,Aid_HIGH__Conflict_internal_HIGH,0.0,0.0,0.0
CAN,2025,Aid_HIGH__Conflict_internal_HIGH,0.0,0.0,0.0
CHN,2025,Aid_HIGH__Conflict_internal_HIGH,0.0,0.0,0.0
COL,2025,Aid_HIGH__Conflict_internal_HIGH,0.0,0.0,0.0
CUB,2025,Aid_HIGH__Conflict_internal_HIGH,0.0,0.0,0.0
DEU,2025,Aid_HIGH__Conflict_internal_HIGH,0.0,0.0,0.0
DOM,2025,Aid_HIGH__Conflict_internal_HIGH,0.0,0.0,0.0
ECU,2025,Aid_HIGH__Conflict_internal_HIGH,0.0,0.0,0.0
EGY,2025,Aid_HIGH__Conflict_internal_HIGH,0.0,0.0,0.0
ERI,2025,Aid_HIGH__Conflict_internal_HIGH,0.0,0.0,0.0
ESP,2025,Aid_HIGH__Conflict_internal_HIGH,0.0,0.0,0.0
ETH,2025,Aid_HIGH__Conflict_internal_HIGH,0.0,0.0,0.0
FRA,2025,Aid_HIGH__Conflict_internal_HIGH,0.0,0.0,0.0
GBR,2025,Aid_HIGH__Conflict_internal_HIGH,0.0,0.0,0.0
GHA,2025,Aid_HIGH__Conflict_internal_HIGH,0.0,0.0,0.0
GRC,2025,Aid_HIGH__Conflict_internal_HIGH,0.0,0.0,0.0
GTM,2025,Aid_HIGH__Conflict_internal_HIGH,0.0,0.0,0.0
GUY,2025,Aid_HIGH__Conflict_internal_HIGH,0.0,0.0,0.0
HKG,2025,Aid_HIGH__Conflict_internal_HIGH,0.0,0.0,0.0
HND,2025,Aid_HIGH__Conflict_internal_HIGH,0.0,0.0,0.0
HTI,2025,Aid_HIGH__Conflict_internal_HIGH,0.0,0.0,0.0
IDN,2025,Aid_HIGH__Conflict_internal_HIGH,33975.725,58244.100000000006,-24268.375000000007
IND,2025,Aid_HIGH__Conflict_internal_HIGH,0.0,0.0,0.0
IRL,2025,Aid_HIGH__Conflict_internal_HIGH,0.0,0.0,0.0
IRN,2025,Aid_HIGH__Conflict_internal_HIGH,0.0,0.0,0.0
IRQ,2025,Aid_HIGH__Conflict_internal_HIGH,0.0,0.0,0.0
ISR,2025,Aid_HIGH__Conflict_internal_HIGH,0.0,0.0,0.0
ITA,2025,Aid_HIGH__Conflict_internal_HIGH,0.0,0.0,0.0
JAM,2025,Aid_HIGH__Conflict_internal_HIGH,0.0,0.0,0.0
JPN,2025,Aid_HIGH__Conflict_internal_HIGH,0.0,0.0,0.0
KEN,2025,Aid_HIGH__Conflict_internal_HIGH,0.0,0.0,0.0
KHM,2025,Aid_HIGH__Conflict_internal_HIGH,0.0,0.0,0.0
KOR,2025,Aid_HIGH__Conflict_internal_HIGH,0.0,0.0,0.0
LAO,2025,Aid_HIGH__Conflict_internal_HIGH,0.0,0.0,0.0
LBN,2025,Aid_HIGH__Conflict_internal_HIGH,0.0,0.0,0.0
LKA,2025,Aid_HIGH__Conflict_internal_HIGH,0.0,0.0,0.0
MEX,2025,Aid_HIGH__Conflict_internal_HIGH,0.0,0.0,0.0
MMR,2025,Aid_HIGH__Conflict_internal_HIGH,0.0,0.0,0.0
MYS,2025,Aid_HIGH__Conflict_internal_HIGH,99530.9,170624.40000000002,-71093.50000000003
NGA,2025,Aid_HIGH__Conflict_internal_HIGH,0.0,0.0,0.0
NIC,2025,Aid_HIGH__Conflict_internal_HIGH,0.0,0.0,0.0
NPL,2025,Aid_HIGH__Conflict_internal_HIGH,0.0,0.0,0.0
NZL,2025,Aid_HIGH__Conflict_internal_HIGH,0.0,0.0,0.0
PAK,2025,Aid_HIGH__Conflict_internal_HIGH,0.0,0.0,0.0
PAN,2025,Aid_HIGH__Conflict_internal_HIGH,0.0,0.0,0.0
PER,2025,Aid_HIGH__Conflict_internal_HIGH,0.0,0.0,0.0
PHL,2025,Aid_HIGH__Conflict_internal_HIGH,0.0,0.0,0.0
POL,2025,Aid_HIGH__Conflict_internal_HIGH,0.0,0.0,0.0
PRI,2025,Aid_HIGH__Conflict_internal_HIGH,0.0,0.0,0.0
PRT,2025,Aid_HIGH__Conflict_internal_HIGH,0.0,0.0,0.0
PSE,2025,Aid_HIGH__Conflict_internal_HIGH,0.0,0.0,0.0
ROU,2025,Aid_HIGH__Conflict_internal_HIGH,0.0,0.0,0.0
RUS,2025,Aid_HIGH__Conflict_internal_HIGH,0.0,0.0,0.0
SAU,2025,Aid_HIGH__Conflict_internal_HIGH,0.0,0.0,0.0
SDN,2025,Aid_HIGH__Conflict_internal_HIGH,0.0,0.0,0.0
SGP,2025,Aid_HIGH__Conflict_internal_HIGH,0.0,0.0,0.0
SLV,2025,Aid_HIGH__Conflict_internal_HIGH,0.0,0.0,0.0
SOM,2025,Aid_HIGH__Conflict_internal_HIGH,0.0,0.0,0.0
SYR,2025,Aid_HIGH__Conflict_internal_HIGH,0.0,0.0,0.0
THA,2025,Aid_HIGH__Conflict_internal_HIGH,0.0,0.0,0.0
TLS,2025,Aid_HIGH__Conflict_internal_HIGH,0.0,0.0,0.0
TTO,2025,Aid_HIGH__Conflict_internal_HIGH,0.0,0.0,0.0
TUR,2025,Aid_HIGH__Conflict_internal_HIGH,0.0,0.0,0.0
UKR,2025,Aid_HIGH__Conflict_internal_HIGH,0.0,0.0,0.0
USA,2025,Aid_HIGH__Conflict_internal_HIGH,967053.6749999999,1657806.3000000003,-690752.6250000003
VEN,2025,Aid_HIGH__Conflict_internal_HIGH,0.0,0.0,0.0
VNM,2025,Aid_HIGH__Conflict_internal_HIGH,0.0,0.0,0.0
YEM,2025,Aid_HIGH__Conflict_internal_HIGH,0.0,0.0,0.0
AFG,2025,Aid_LOW__Conflict_external_LOW,0.0,0.0,0.0
ARG,2025,Aid_LOW__Conflict_external_LOW,0.0,0.0,0.0
AUS,2025,Aid_LOW__Conflict_external_LOW,0.0,0.0,0.0
BGD,2025,Aid_LOW__Conflict_external_LOW,0.0,0.0,0.0
BRA,2025,Aid_LOW__Conflict_external_LOW,0.0,0.0,0.0
BRN,2025,Aid_LOW__Conflict_external_LOW,0.0,0.0,0.0
CAN,2025,Aid_LOW__Conflict_external_LOW,0.0,0.0,0.0
CHN,2025,Aid_LOW__Conflict_external_LOW,0.0,0.0,0.0
COL,2025,Aid_LOW__Conflict_external_LOW,0.0,0.0,0.0
CUB,2025,Aid_LOW__Conflict_external_LOW,0.0,0.0,0.0
DEU,2025,Aid_LOW__Conflict_external_LOW,0.0,0.0,0.0
DOM,2025,Aid_LOW__Conflict_external_LOW,0.0,0.0,0.0
ECU,2025,Aid_LOW__Conflict_external_LOW,0.0,0.0,0.0
EGY,2025,Aid_LOW__Conflict_external_LOW,0.0,0.0,0.0
ERI,2025,Aid_LOW__Conflict_external_LOW,0.0,0.0,0.0
ESP,2025,Aid_LOW__Conflict_external_LOW,0.0,0.0,0.0
ETH,2025,Aid_LOW__Conflict_external_LOW,0.0,0.0,0.0
FRA,2025,Aid_LOW__Conflict_external_LOW,0.0,0.0,0.0
GBR,2025,Aid_LOW__Conflict_external_LOW,0.0,0.0,0.0
GHA,2025,Aid_LOW__Conflict_external_LOW,0.0,0.0,0.0
GRC,2025,Aid_LOW__Conflict_external_LOW,0.0,0.0,0.0
GTM,2025,Aid_LOW__Conflict_external_LOW,0.0,0.0,0.0
GUY,2025,Aid_LOW__Conflict_external_LOW,0.0,0.0,0.0
HKG,2025,Aid_LOW__Conflict_external_LOW,0.0,0.0,0.0
HND,2025,Aid_LOW__Conflict_external_LOW,0.0,0.0,0.0
HTI,2025,Aid_LOW__Conflict_external_LOW,0.0,0.0,0.0
IDN,2025,Aid_LOW__Conflict_external_LOW,70378.28749999999,0.0,70378.28749999999
IND,2025,Aid_LOW__Conflict_external_LOW,0.0,0.0,0.0
IRL,2025,Aid_LOW__Conflict_external_LOW,0.0,0.0,0.0
IRN,2025,Aid_LOW__Conflict_external_LOW,0.0,0.0,0.0
IRQ,2025,Aid_LOW__Conflict_external_LOW,0.0,0.0,0.0
ISR,2025,Aid_LOW__Conflict_external_LOW,0.0,0.0,0.0
ITA,2025,Aid_LOW__Conflict_external_LOW,0.0,0.0,0.0
JAM,2025,Aid_LOW__Conflict_external_LOW,0.0,0.0,0.0
JPN,2025,Aid_LOW__Conflict_external_LOW,0.0,0.0,0.0
KEN,2025,Aid_LOW__Conflict_external_LOW,0.0,0.0,0.0
KHM,2025,Aid_LOW__Conflict_external_LOW,0.0,0.0,0.0
KOR,2025,Aid_LOW__Conflict_external_LOW,0.0,0.0,0.0
LAO,2025,Aid_LOW__Conflict_external_LOW,0.0,0.0,0.0
LBN,2025,Aid_LOW__Conflict_external_LOW,0.0,0.0,0.0
LKA,2025,Aid_LOW__Conflict_external_LOW,0.0,0.0,0.0
MEX,2025,Aid_LOW__Conflict_external_LOW,0.0,0.0,0.0
MMR,2025,Aid_LOW__Conflict_external_LOW,0.0,0.0,0.0
MYS,2025,Aid_LOW__Conflict_external_LOW,206171.15,0.0,206171.15
NGA,2025,Aid_LOW__Conflict_external_LOW,0.0,0.0,0.0
NIC,2025,Aid_LOW__Conflict_external_LOW,0.0,0.0,0.0
NPL,2025,Aid_LOW__Conflict_external_LOW,0.0,0.0,0.0
NZL,2025,Aid_LOW__Conflict_external_LOW,0.0,0.0,0.0
PAK,2025,Aid_LOW__Conflict_external_LOW,0.0,0.0,0.0
PAN,2025,Aid_LOW__Conflict_external_LOW,0.0,0.0,0.0
PER,2025,Aid_LOW__Conflict_external_LOW,0.0,0.0,0.0
PHL,2025,Aid_LOW__Conflict_external_LOW,0.0,0.0,0.0
POL,2025,Aid_LOW__Conflict_external_LOW,0.0,0.0,0.0
PRI,2025,Aid_LOW__Conflict_external_LOW,0.0,0.0,0.0
PRT,2025,Aid_LOW__Conflict_external_LOW,0.0,0.0,0.0
PSE,2025,Aid_LOW__Conflict_external_LOW,0.0,0.0,0.0
ROU,2025,Aid_LOW__Conflict_external_LOW,0.0,0.0,0.0
RUS,2025,Aid_LOW__Conflict_external_LOW,0.0,0.0,0.0
SAU,2025,Aid_LOW__Conflict_external_LOW,0.0,0.0,0.0
SDN,2025,Aid_LOW__Conflict_external_LOW,0.0,0.0,0.0
SGP,2025,Aid_LOW__Conflict_external_LOW,0.0,0.0,0.0
SLV,2025,Aid_LOW__Conflict_external_LOW,0.0,0.0,0.0
SOM,2025,Aid_LOW__Conflict_external_LOW,0.0,0.0,0.0
SYR,2025,Aid_LOW__Conflict_external_LOW,0.0,0.0,0.0
THA,2025,Aid_LOW__Conflict_external_LOW,0.0,0.0,0.0
TLS,2025,Aid_LOW__Conflict_external_LOW,0.0,0.0,0.0
TTO,2025,Aid_LOW__Conflict_external_LOW,0.0,0.0,0.0
TUR,2025,Aid_LOW__Conflict_external_LOW,0.0,0.0,0.0
UKR,2025,Aid_LOW__Conflict_external_LOW,0.0,0.0,0.0
USA,2025,Aid_LOW__Conflict_external_LOW,2003182.6125,0.0,2003182.6125
VEN,2025,Aid_LOW__Conflict_external_LOW,0.0,0.0,0.0
VNM,2025,Aid_LOW__Conflict_external_LOW,0.0,0.0,0.0
YEM,2025,Aid_LOW__Conflict_external_LOW,0.0,0.0,0.0
AFG,2025,Aid_LOW__Conflict_external_HIGH,0.0,0.0,0.0
ARG,2025,Aid_LOW__Conflict_external_HIGH,0.0,0.0,0.0
AUS,2025,Aid_LOW__Conflict_external_HIGH,0.0,0.0,0.0
BGD,2025,Aid_LOW__Conflict_external_HIGH,0.0,0.0,0.0
BRA,2025,Aid_LOW__Conflict_external_HIGH,0.0,0.0,0.0
BRN,2025,Aid_LOW__Conflict_external_HIGH,0.0,0.0,0.0
CAN,2025,Aid_LOW__Conflict_external_HIGH,0.0,0.0,0.0
CHN,2025,Aid_LOW__Conflict_external_HIGH,0.0,0.0,0.0
COL,2025,Aid_LOW__Conflict_external_HIGH,0.0,0.0,0.0
CUB,2025,Aid_LOW__Conflict_external_HIGH,0.0,0.0,0.0
DEU,2025,Aid_LOW__Conflict_external_HIGH,0.0,0.0,0.0
DOM,2025,Aid_LOW__Conflict_external_HIGH,0.0,0.0,0.0
ECU,2025,Aid_LOW__Conflict_external_HIGH,0.0,0.0,0.0
EGY,2025,Aid_LOW__Conflict_external_HIGH,0.0,0.0,0.0
ERI,2025,Aid_LOW__Conflict_external_HIGH,0.0,0.0,0.0
ESP,2025,Aid_LOW__Conflict_external_HIGH,0.0,0.0,0.0
ETH,2025,Aid_LOW__Conflict_external_HIGH,0.0,0.0,0.0
FRA,2025,Aid_LOW__Conflict_external_HIGH,0.0,0.0,0.0
GBR,2025,Aid_LOW__Conflict_external_HIGH,0.0,0.0,0.0
GHA,2025,Aid_LOW__Conflict_external_HIGH,0.0,0.0,0.0
GRC,2025,Aid_LOW__Conflict_external_HIGH,0.0,0.0,0.0
GTM,2025,Aid_LOW__Conflict_external_HIGH,0.0,0.0,0.0
GUY,2025,Aid_LOW__Conflict_external_HIGH,0.0,0.0,0.0
HKG,2025,Aid_LOW__Conflict_external_HIGH,0.0,0.0,0.0
HND,2025,Aid_LOW__Conflict_external_HIGH,0.0,0.0,0.0
HTI,2025,Aid_LOW__Conflict_external_HIGH,0.0,0.0,0.0
IDN,2025,Aid_LOW__Conflict_external_HIGH,182012.81249999997,0.0,182012.81249999997
IND,2025,Aid_LOW__Conflict_external_HIGH,0.0,0.0,0.0
IRL,2025,Aid_LOW__Conflict_external_HIGH,0.0,0.0,0.0
IRN,2025,Aid_LOW__Conflict_external_HIGH,0.0,0.0,0.0
IRQ,2025,Aid_LOW__Conflict_external_HIGH,0.0,0.0,0.0
ISR,2025,Aid_LOW__Conflict_external_HIGH,0.0,0.0,0.0
ITA,2025,Aid_LOW__Conflict_external_HIGH,0.0,0.0,0.0
JAM,2025,Aid_LOW__Conflict_external_HIGH,0.0,0.0,0.0
JPN,2025,Aid_LOW__Conflict_external_HIGH,0.0,0.0,0.0
KEN,2025,Aid_LOW__Conflict_external_HIGH,0.0,0.0,0.0
KHM,2025,Aid_LOW__Conflict_external_HIGH,0.0,0.0,0.0
KOR,2025,Aid_LOW__Conflict_external_HIGH,0.0,0.0,0.0
LAO,2025,Aid_LOW__Conflict_external_HIGH,0.0,0.0,0.0
LBN,2025,Aid_LOW__Conflict_external_HIGH,0.0,0.0,0.0
LKA,2025,Aid_LOW__Conflict_external_HIGH,0.0,0.0,0.0
MEX,2025,Aid_LOW__Conflict_external_HIGH,0.0,0.0,0.0
MMR,2025,Aid_LOW__Conflict_external_HIGH,0.0,0.0,0.0
MYS,2025,Aid_LOW__Conflict_external_HIGH,533201.2499999999,0.0,533201.2499999999
NGA,2025,Aid_LOW__Conflict_external_HIGH,0.0,0.0,0.0
NIC,2025,Aid_LOW__Conflict_external_HIGH,0.0,0.0,0.0
NPL,2025,Aid_LOW__Conflict_external_HIGH,0.0,0.0,0.0
NZL,2025,Aid_LOW__Conflict_external_HIGH,0.0,0.0,0.0
PAK,2025,Aid_LOW__Conflict_external_HIGH,0.0,0.0,0.0
PAN,2025,Aid_LOW__Conflict_external_HIGH,0.0,0.0,0.0
PER,2025,Aid_LOW__Conflict_external_HIGH,0.0,0.0,0.0
PHL,2025,Aid_LOW__Conflict_external_HIGH,0.0,0.0,0.0
POL,2025,Aid_LOW__Conflict_external_HIGH,0.0,0.0,0.0
PRI,2025,Aid_LOW__Conflict_external_HIGH,0.0,0.0,0.0
PRT,2025,Aid_LOW__Conflict_external_HIGH,0.0,0.0,0.0
PSE,2025,Aid_LOW__Conflict_external_HIGH,0.0,0.0,0.0
ROU,2025,Aid_LOW__Conflict_external_HIGH,0.0,0.0,0.0
RUS,2025,Aid_LOW__Conflict_external_HIGH,0.0,0.0,0.0
SAU,2025,Aid_LOW__Conflict_external_HIGH,0.0,0.0,0.0
SDN,2025,Aid_LOW__Conflict_external_HIGH,0.0,0.0,0.0
SGP,2025,Aid_LOW__Conflict_external_HIGH,0.0,0.0,0.0
SLV,2025,Aid_LOW__Conflict_external_HIGH,0.0,0.0,0.0
SOM,2025,Aid_LOW__Conflict_external_HIGH,0.0,0.0,0.0
SYR,2025,Aid_LOW__Conflict_external_HIGH,0.0,0.0,0.0
THA,2025,Aid_LOW__Conflict_external_HIGH,0.0,0.0,0.0
TLS,2025,Aid_LOW__Conflict_external_HIGH,0.0,0.0,0.0
TTO,2025,Aid_LOW__Conflict_external_HIGH,0.0,0.0,0.0
TUR,2025,Aid_LOW__Conflict_external_HIGH,0.0,0.0,0.0
UKR,2025,Aid_LOW__Conflict_external_HIGH,0.0,0.0,0.0
USA,2025,Aid_LOW__Conflict_external_HIGH,5180644.687499999,0.0,5180644.687499999
VEN,2025,Aid_LOW__Conflict_external_HIGH,0.0,0.0,0.0
VNM,2025,Aid_LOW__Conflict_external_HIGH,0.0,0.0,0.0
YEM,2025,Aid_LOW__Conflict_external_HIGH,0.0,0.0,0.0
AFG,2025,Aid_HIGH__Conflict_external_LOW,0.0,0.0,0.0
ARG,2025,Aid_HIGH__Conflict_external_LOW,0.0,0.0,0.0
AUS,2025,Aid_HIGH__Conflict_external_LOW,0.0,0.0,0.0
BGD,2025,Aid_HIGH__Conflict_external_LOW,0.0,0.0,0.0
BRA,2025,Aid_HIGH__Conflict_external_LOW,0.0,0.0,0.0
BRN,2025,Aid_HIGH__Conflict_external_LOW,0.0,0.0,0.0
CAN,2025,Aid_HIGH__Conflict_external_LOW,0.0,0.0,0.0
CHN,2025,Aid_HIGH__Conflict_external_LOW,0.0,0.0,0.0
COL,2025,Aid_HIGH__Conflict_external_LOW,0.0,0.0,0.0
CUB,2025,Aid_HIGH__Conflict_external_LOW,0.0,0.0,0.0
DEU,2025,Aid_HIGH__Conflict_external_LOW,0.0,0.0,0.0
DOM,2025,Aid_HIGH__Conflict_external_LOW,0.0,0.0,0.0
ECU,2025,Aid_HIGH__Conflict_external_LOW,0.0,0.0,0.0
EGY,2025,Aid_HIGH__Conflict_external_LOW,0.0,0.0,0.0
ERI,2025,Aid_HIGH__Conflict_external_LOW,0.0,0.0,0.0
ESP,2025,Aid_HIGH__Conflict_external_LOW,0.0,0.0,0.0
ETH,2025,Aid_HIGH__Conflict_external_LOW,0.0,0.0,0.0
FRA,2025,Aid_HIGH__Conflict_external_LOW,0.0,0.0,0.0
GBR,2025,Aid_HIGH__Conflict_external_LOW,0.0,0.0,0.0
GHA,2025,Aid_HIGH__Conflict_external_LOW,0.0,0.0,0.0
GRC,2025,Aid_HIGH__Conflict_external_LOW,0.0,0.0,0.0
GTM,2025,Aid_HIGH__Conflict_external_LOW,0.0,0.0,0.0
GUY,2025,Aid_HIGH__Conflict_external_LOW,0.0,0.0,0.0
HKG,2025,Aid_HIGH__Conflict_external_LOW,0.0,0.0,0.0
HND,2025,Aid_HIGH__Conflict_external_LOW,0.0,0.0,0.0
HTI,2025,Aid_HIGH__Conflict_external_LOW,0.0,0.0,0.0
IDN,2025,Aid_HIGH__Conflict_external_LOW,99500.3375,0.0,99500.3375
IND,2025,Aid_HIGH__Conflict_external_LOW,0.0,0.0,0.0
IRL,2025,Aid_HIGH__Conflict_external_LOW,0.0,0.0,0.0
IRN,2025,Aid_HIGH__Conflict_external_LOW,0.0,0.0,0.0
IRQ,2025,Aid_HIGH__Conflict_external_LOW,0.0,0.0,0.0
ISR,2025,Aid_HIGH__Conflict_external_LOW,0.0,0.0,0.0
ITA,2025,Aid_HIGH__Conflict_external_LOW,0.0,0.0,0.0
JAM,2025,Aid_HIGH__Conflict_external_LOW,0.0,0.0,0.0
JPN,2025,Aid_HIGH__Conflict_external_LOW,0.0,0.0,0.0
KEN,2025,Aid_HIGH__Conflict_external_LOW,0.0,0.0,0.0
KHM,2025,Aid_HIGH__Conflict_external_LOW,0.0,0.0,0.0
KOR,2025,Aid_HIGH__Conflict_external_LOW,0.0,0.0,0.0
LAO,2025,Aid_HIGH__Conflict_external_LOW,0.0,0.0,0.0
LBN,2025,Aid_HIGH__Conflict_external_LOW,0.0,0.0,0.0
LKA,2025,Aid_HIGH__Conflict_external_LOW,0.0,0.0,0.0
MEX,2025,Aid_HIGH__Conflict_external_LOW,0.0,0.0,0.0
MMR,2025,Aid_HIGH__Conflict_external_LOW,0.0,0.0,0.0
MYS,2025,Aid_HIGH__Conflict_external_LOW,291483.35,0.0,291483.35
NGA,2025,Aid_HIGH__Conflict_external_LOW,0.0,0.0,0.0
NIC,2025,Aid_HIGH__Conflict_external_LOW,0.0,0.0,0.0
NPL,2025,Aid_HIGH__Conflict_external_LOW,0.0,0.0,0.0
NZL,2025,Aid_HIGH__Conflict_external_LOW,0.0,0.0,0.0
PAK,2025,Aid_HIGH__Conflict_external_LOW,0.0,0.0,0.0
PAN,2025,Aid_HIGH__Conflict_external_LOW,0.0,0.0,0.0
PER,2025,Aid_HIGH__Conflict_external_LOW,0.0,0.0,0.0
PHL,2025,Aid_HIGH__Conflict_external_LOW,0.0,0.0,0.0
POL,2025,Aid_HIGH__Conflict_external_LOW,0.0,0.0,0.0
PRI,2025,Aid_HIGH__Conflict_external_LOW,0.0,0.0,0.0
PRT,2025,Aid_HIGH__Conflict_external_LOW,0.0,0.0,0.0
PSE,2025,Aid_HIGH__Conflict_external_LOW,0.0,0.0,0.0
ROU,2025,Aid_HIGH__Conflict_external_LOW,0.0,0.0,0.0
RUS,2025,Aid_HIGH__Conflict_external_LOW,0.0,0.0,0.0
SAU,2025,Aid_HIGH__Conflict_external_LOW,0.0,0.0,0.0
SDN,2025,Aid_HIGH__Conflict_external_LOW,0.0,0.0,0.0
SGP,2025,Aid_HIGH__Conflict_external_LOW,0.0,0.0,0.0
SLV,2025,Aid_HIGH__Conflict_external_LOW,0.0,0.0,0.0
SOM,2025,Aid_HIGH__Conflict_external_LOW,0.0,0.0,0.0
SYR,2025,Aid_HIGH__Conflict_external_LOW,0.0,0.0,0.0
THA,2025,Aid_HIGH__Conflict_external_LOW,0.0,0.0,0.0
TLS,2025,Aid_HIGH__Conflict_external_LOW,0.0,0.0,0.0
TTO,2025,Aid_HIGH__Conflict_external_LOW,0.0,0.0,0.0
TUR,2025,Aid_HIGH__Conflict_external_LOW,0.0,0.0,0.0
UKR,2025,Aid_HIGH__Conflict_external_LOW,0.0,0.0,0.0
USA,2025,Aid_HIGH__Conflict_external_LOW,2832085.7624999997,0.0,2832085.7624999997
VEN,2025,Aid_HIGH__Conflict_external_LOW,0.0,0.0,0.0
VNM,2025,Aid_HIGH__Conflict_external_LOW,0.0,0.0,0.0
YEM,2025,Aid_HIGH__Conflict_external_LOW,0.0,0.0,0.0
AFG,2025,Aid_HIGH__Conflict_external_HIGH,0.0,0.0,0.0
ARG,2025,Aid_HIGH__Conflict_external_HIGH,0.0,0.0,0.0
AUS,2025,Aid_HIGH__Conflict_external_HIGH,0.0,0.0,0.0
BGD,2025,Aid_HIGH__Conflict_external_HIGH,0.0,0.0,0.0
BRA,2025,Aid_HIGH__Conflict_external_HIGH,0.0,0.0,0.0
BRN,2025,Aid_HIGH__Conflict_external_HIGH,0.0,0.0,0.0
CAN,2025,Aid_HIGH__Conflict_external_HIGH,0.0,0.0,0.0
CHN,2025,Aid_HIGH__Conflict_external_HIGH,0.0,0.0,0.0
COL,2025,Aid_HIGH__Conflict_external_HIGH,0.0,0.0,0.0
CUB,2025,Aid_HIGH__Conflict_external_HIGH,0.0,0.0,0.0
DEU,2025,Aid_HIGH__Conflict_external_HIGH,0.0,0.0,0.0
DOM,2025,Aid_HIGH__Conflict_external_HIGH,0.0,0.0,0.0
ECU,2025,Aid_HIGH__Conflict_external_HIGH,0.0,0.0,0.0
EGY,2025,Aid_HIGH__Conflict_external_HIGH,0.0,0.0,0.0
ERI,2025,Aid_HIGH__Conflict_external_HIGH,0.0,0.0,0.0
ESP,2025,Aid_HIGH__Conflict_external_HIGH,0.0,0.0,0.0
ETH,2025,Aid_HIGH__Conflict_external_HIGH,0.0,0.0,0.0
FRA,2025,Aid_HIGH__Conflict_external_HIGH,0.0,0.0,0.0
GBR,2025,Aid_HIGH__Conflict_external_HIGH,0.0,0.0,0.0
GHA,2025,Aid_HIGH__Conflict_external_HIGH,0.0,0.0,0.0
GRC,2025,Aid_HIGH__Conflict_external_HIGH,0.0,0.0,0.0
GTM,2025,Aid_HIGH__Conflict_external_HIGH,0.0,0.0,0.0
GUY,2025,Aid_HIGH__Conflict_external_HIGH,0.0,0.0,0.0
HKG,2025,Aid_HIGH__Conflict_external_HIGH,0.0,0.0,0.0
HND,2025,Aid_HIGH__Conflict_external_HIGH,0.0,0.0,0.0
HTI,2025,Aid_HIGH__Conflict_external_HIGH,0.0,0.0,0.0
IDN,2025,Aid_HIGH__Conflict_external_HIGH,230549.56250000003,0.0,230549.56250000003
IND,2025,Aid_HIGH__Conflict_external_HIGH,0.0,0.0,0.0
IRL,2025,Aid_HIGH__Conflict_external_HIGH,0.0,0.0,0.0
IRN,2025,Aid_HIGH__Conflict_external_HIGH,0.0,0.0,0.0
IRQ,2025,Aid_HIGH__Conflict_external_HIGH,0.0,0.0,0.0
ISR,2025,Aid_HIGH__Conflict_external_HIGH,0.0,0.0,0.0
ITA,2025,Aid_HIGH__Conflict_external_HIGH,0.0,0.0,0.0
JAM,2025,Aid_HIGH__Conflict_external_HIGH,0.0,0.0,0.0
JPN,2025,Aid_HIGH__Conflict_external_HIGH,0.0,0.0,0.0
KEN,2025,Aid_HIGH__Conflict_external_HIGH,0.0,0.0,0.0
KHM,2025,Aid_HIGH__Conflict_external_HIGH,0.0,0.0,0.0
KOR,2025,Aid_HIGH__Conflict_external_HIGH,0.0,0.0,0.0
LAO,2025,Aid_HIGH__Conflict_external_HIGH,0.0,0.0,0.0
LBN,2025,Aid_HIGH__Conflict_external_HIGH,0.0,0.0,0.0
LKA,2025,Aid_HIGH__Conflict_external_HIGH,0.0,0.0,0.0
MEX,2025,Aid_HIGH__Conflict_external_HIGH,0.0,0.0,0.0
MMR,2025,Aid_HIGH__Conflict_external_HIGH,0.0,0.0,0.0
MYS,2025,Aid_HIGH__Conflict_external_HIGH,675388.2500000001,0.0,675388.2500000001
NGA,2025,Aid_HIGH__Conflict_external_HIGH,0.0,0.0,0.0
NIC,2025,Aid_HIGH__Conflict_external_HIGH,0.0,0.0,0.0
NPL,2025,Aid_HIGH__Conflict_external_HIGH,0.0,0.0,0.0
NZL,2025,Aid_HIGH__Conflict_external_HIGH,0.0,0.0,0.0
PAK,2025,Aid_HIGH__Conflict_external_HIGH,0.0,0.0,0.0
PAN,2025,Aid_HIGH__Conflict_external_HIGH,0.0,0.0,0.0
PER,2025,Aid_HIGH__Conflict_external_HIGH,0.0,0.0,0.0
PHL,2025,Aid_HIGH__Conflict_external_HIGH,0.0,0.0,0.0
POL,2025,Aid_HIGH__Conflict_external_HIGH,0.0,0.0,0.0
PRI,2025,Aid_HIGH__Conflict_external_HIGH,0.0,0.0,0.0
PRT,2025,Aid_HIGH__Conflict_external_HIGH,0.0,0.0,0.0
PSE,2025,Aid_HIGH__Conflict_external_HIGH,0.0,0.0,0.0
ROU,2025,Aid_HIGH__Conflict_external_HIGH,0.0,0.0,0.0
RUS,2025,Aid_HIGH__Conflict_external_HIGH,0.0,0.0,0.0
SAU,2025,Aid_HIGH__Conflict_external_HIGH,0.0,0.0,0.0
SDN,2025,Aid_HIGH__Conflict_external_HIGH,0.0,0.0,0.0
SGP,2025,Aid_HIGH__Conflict_external_HIGH,0.0,0.0,0.0
SLV,2025,Aid_HIGH__Conflict_external_HIGH,0.0,0.0,0.0
SOM,2025,Aid_HIGH__Conflict_external_HIGH,0.0,0.0,0.0
SYR,2025,Aid_HIGH__Conflict_external_HIGH,0.0,0.0,0.0
THA,2025,Aid_HIGH__Conflict_external_HIGH,0.0,0.0,0.0
TLS,2025,Aid_HIGH__Conflict_external_HIGH,0.0,0.0,0.0
TTO,2025,Aid_HIGH__Conflict_external_HIGH,0.0,0.0,0.0
TUR,2025,Aid_HIGH__Conflict_external_HIGH,0.0,0.0,0.0
UKR,2025,Aid_HIGH__Conflict_external_HIGH,0.0,0.0,0.0
USA,2025,Aid_HIGH__Conflict_external_HIGH,6562149.937500001,0.0,6562149.937500001
VEN,2025,Aid_HIGH__Conflict_external_HIGH,0.0,0.0,0.0
VNM,2025,Aid_HIGH__Conflict_external_HIGH,0.0,0.0,0.0
YEM,2025,Aid_HIGH__Conflict_external_HIGH,0.0,0.0,0.0
AFG,2025,Conflict_internal_LOW__Conflict_external_LOW,0.0,0.0,0.0
ARG,2025,Conflict_internal_LOW__Conflict_external_LOW,0.0,0.0,0.0
AUS,2025,Conflict_internal_LOW__Conflict_external_LOW,0.0,0.0,0.0
BGD,2025,Conflict_internal_LOW__Conflict_external_LOW,0.0,0.0,0.0
BRA,2025,Conflict_internal_LOW__Conflict_external_LOW,0.0,0.0,0.0
BRN,2025,Conflict_internal_LOW__Conflict_external_LOW,0.0,0.0,0.0
CAN,2025,Conflict_internal_LOW__Conflict_external_LOW,0.0,0.0,0.0
CHN,2025,Conflict_internal_LOW__Conflict_external_LOW,0.0,0.0,0.0
COL,2025,Conflict_internal_LOW__Conflict_external_LOW,0.0,0.0,0.0
CUB,2025,Conflict_internal_LOW__Conflict_external_LOW,0.0,0.0,0.0
DEU,2025,Conflict_internal_LOW__Conflict_external_LOW,0.0,0.0,0.0
DOM,2025,Conflict_internal_LOW__Conflict_external_LOW,0.0,0.0,0.0
ECU,2025,Conflict_internal_LOW__Conflict_external_LOW,0.0,0.0,0.0
EGY,2025,Conflict_internal_LOW__Conflict_external_LOW,0.0,0.0,0.0
ERI,2025,Conflict_internal_LOW__Conflict_external_LOW,0.0,0.0,0.0
ESP,2025,Conflict_internal_LOW__Conflict_external_LOW,0.0,0.0,0.0
ETH,2025,Conflict_internal_LOW__Conflict_external_LOW,0.0,0.0,0.0
FRA,2025,Conflict_internal_LOW__Conflict_external_LOW,0.0,0.0,0.0
GBR,2025,Conflict_internal_LOW__Conflict_external_LOW,0.0,0.0,0.0
GHA,2025,Conflict_internal_LOW__Conflict_external_LOW,0.0,0.0,0.0
GRC,2025,Conflict_internal_LOW__Conflict_external_LOW,0.0,0.0,0.0
GTM,2025,Conflict_internal_LOW__Conflict_external_LOW,0.0,0.0,0.0
GUY,2025,Conflict_internal_LOW__Conflict_external_LOW,0.0,0.0,0.0
HKG,2025,Conflict_internal_LOW__Conflict_external_LOW,0.0,0.0,0.0
HND,2025,Conflict_internal_LOW__Conflict_external_LOW,0.0,0.0,0.0
HTI,2025,Conflict_internal_LOW__Conflict_external_LOW,0.0,0.0,0.0
IDN,2025,Conflict_internal_LOW__Conflict_external_LOW,33975.725,19414.7,14561.024999999998
IND,2025,Conflict_internal_LOW__Conflict_external_LOW,0.0,0.0,0.0
IRL,2025,Conflict_internal_LOW__Conflict_external_LOW,0.0,0.0,0.0
IRN,2025,Conflict_internal_LOW__Conflict_external_LOW,0.0,0.0,0.0
IRQ,2025,Conflict_internal_LOW__Conflict_external_LOW,0.0,0.0,0.0
ISR,2025,Conflict_internal_LOW__Conflict_external_LOW,0.0,0.0,0.0
ITA,2025,Conflict_internal_LOW__Conflict_external_LOW,0.0,0.0,0.0
JAM,2025,Conflict_internal_LOW__Conflict_external_LOW,0.0,0.0,0.0
JPN,2025,Conflict_internal_LOW__Conflict_external_LOW,0.0,0.0,0.0
KEN,2025,Conflict_internal_LOW__Conflict_external_LOW,0.0,0.0,0.0
KHM,2025,Conflict_internal_LOW__Conflict_external_LOW,0.0,0.0,0.0
KOR,2025,Conflict_internal_LOW__Conflict_external_LOW,0.0,0.0,0.0
LAO,2025,Conflict_internal_LOW__Conflict_external_LOW,0.0,0.0,0.0
LBN,2025,Conflict_internal_LOW__Conflict_external_LOW,0.0,0.0,0.0
LKA,2025,Conflict_internal_LOW__Conflict_external_LOW,0.0,0.0,0.0
MEX,2025,Conflict_internal_LOW__Conflict_external_LOW,0.0,0.0,0.0
MMR,2025,Conflict_internal_LOW__Conflict_external_LOW,0.0,0.0,0.0
MYS,2025,Conflict_internal_LOW__Conflict_external_LOW,99530.9,56874.8,42656.09999999999
NGA,2025,Conflict_internal_LOW__Conflict_external_LOW,0.0,0.0,0.0
NIC,2025,Conflict_internal_LOW__Conflict_external_LOW,0.0,0.0,0.0
NPL,2025,Conflict_internal_LOW__Conflict_external_LOW,0.0,0.0,0.0
NZL,2025,Conflict_internal_LOW__Conflict_external_LOW,0.0,0.0,0.0
PAK,2025,Conflict_internal_LOW__Conflict_external_LOW,0.0,0.0,0.0
PAN,2025,Conflict_internal_LOW__Conflict_external_LOW,0.0,0.0,0.0
PER,2025,Conflict_internal_LOW__Conflict_external_LOW,0.0,0.0,0.0
PHL,2025,Conflict_internal_LOW__Conflict_external_LOW,0.0,0.0,0.0
POL,2025,Conflict_internal_LOW__Conflict_external_LOW,0.0,0.0,0.0
PRI,2025,Conflict_internal_LOW__Conflict_external_LOW,0.0,0.0,0.0
PRT,2025,Conflict_internal_LOW__Conflict_external_LOW,0.0,0.0,0.0
PSE,2025,Conflict_internal_LOW__Conflict_external_LOW,0.0,0.0,0.0
ROU,2025,Conflict_internal_LOW__Conflict_external_LOW,0.0,0.0,0.0
RUS,2025,Conflict_internal_LOW__Conflict_external_LOW,0.0,0.0,0.0
SAU,2025,Conflict_internal_LOW__Conflict_external_LOW,0.0,0.0,0.0
SDN,2025,Conflict_internal_LOW__Conflict_external_LOW,0.0,0.0,0.0
SGP,2025,Conflict_internal_LOW__Conflict_external_LOW,0.0,0.0,0.0
SLV,2025,Conflict_internal_LOW__Conflict_external_LOW,0.0,0.0,0.0
SOM,2025,Conflict_internal_LOW__Conflict_external_LOW,0.0,0.0,0.0
SYR,2025,Conflict_internal_LOW__Conflict_external_LOW,0.0,0.0,0.0
THA,2025,Conflict_internal_LOW__Conflict_external_LOW,0.0,0.0,0.0
TLS,2025,Conflict_internal_LOW__Conflict_external_LOW,0.0,0.0,0.0
TTO,2025,Conflict_internal_LOW__Conflict_external_LOW,0.0,0.0,0.0
TUR,2025,Conflict_internal_LOW__Conflict_external_LOW,0.0,0.0,0.0
UKR,2025,Conflict_internal_LOW__Conflict_external_LOW,0.0,0.0,0.0
USA,2025,Conflict_internal_LOW__Conflict_external_LOW,967053.6749999999,552602.1,414451.57499999995
VEN,2025,Conflict_internal_LOW__Conflict_external_LOW,0.0,0.0,0.0
VNM,2025,Conflict_internal_LOW__Conflict_external_LOW,0.0,0.0,0.0
YEM,2025,Conflict_internal_LOW__Conflict_external_LOW,0.0,0.0,0.0
AFG,2025,Conflict_internal_LOW__Conflict_external_HIGH,0.0,0.0,0.0
ARG,2025,Conflict_internal_LOW__Conflict_external_HIGH,0.0,0.0,0.0
AUS,2025,Conflict_internal_LOW__Conflict_external_HIGH,0.0,0.0,0.0
BGD,2025,Conflict_internal_LOW__Conflict_external_HIGH,0.0,0.0,0.0
BRA,2025,Conflict_internal_LOW__Conflict_external_HIGH,0.0,0.0,0.0
BRN,2025,Conflict_internal_LOW__Conflict_external_HIGH,0.0,0.0,0.0
CAN,2025,Conflict_internal_LOW__Conflict_external_HIGH,0.0,0.0,0.0
CHN,2025,Conflict_internal_LOW__Conflict_external_HIGH,0.0,0.0,0.0
COL,2025,Conflict_internal_LOW__Conflict_external_HIGH,0.0,0.0,0.0
CUB,2025,Conflict_internal_LOW__Conflict_external_HIGH,0.0,0.0,0.0
DEU,2025,Conflict_internal_LOW__Conflict_external_HIGH,0.0,0.0,0.0
DOM,2025,Conflict_internal_LOW__Conflict_external_HIGH,0.0,0.0,0.0
ECU,2025,Conflict_internal_LOW__Conflict_external_HIGH,0.0,0.0,0.0
EGY,2025,Conflict_internal_LOW__Conflict_external_HIGH,0.0,0.0,0.0
ERI,2025,Conflict_internal_LOW__Conflict_external_HIGH,0.0,0.0,0.0
ESP,2025,Conflict_internal_LOW__Conflict_external_HIGH,0.0,0.0,0.0
ETH,2025,Conflict_internal_LOW__Conflict_external_HIGH,0.0,0.0,0.0
FRA,2025,Conflict_internal_LOW__Conflict_external_HIGH,0.0,0.0,0.0
GBR,2025,Conflict_internal_LOW__Conflict_external_HIGH,0.0,0.0,0.0
GHA,2025,Conflict_internal_LOW__Conflict_external_HIGH,0.0,0.0,0.0
GRC,2025,Conflict_internal_LOW__Conflict_external_HIGH,0.0,0.0,0.0
GTM,2025,Conflict_internal_LOW__Conflict_external_HIGH,0.0,0.0,0.0
GUY,2025,Conflict_internal_LOW__Conflict_external_HIGH,0.0,0.0,0.0
HKG,2025,Conflict_internal_LOW__Conflict_external_HIGH,0.0,0.0,0.0
HND,2025,Conflict_internal_LOW__Conflict_external_HIGH,0.0,0.0,0.0
HTI,2025,Conflict_internal_LOW__Conflict_external_HIGH,0.0,0.0,0.0
IDN,2025,Conflict_internal_LOW__Conflict_external_HIGH,101927.17499999999,19414.7,82512.47499999999
IND,2025,Conflict_internal_LOW__Conflict_external_HIGH,0.0,0.0,0.0
IRL,2025,Conflict_internal_LOW__Conflict_external_HIGH,0.0,0.0,0.0
IRN,2025,Conflict_internal_LOW__Conflict_external_HIGH,0.0,0.0,0.0
IRQ,2025,Conflict_internal_LOW__Conflict_external_HIGH,0.0,0.0,0.0
ISR,2025,Conflict_internal_LOW__Conflict_external_HIGH,0.0,0.0,0.0
ITA,2025,Conflict_internal_LOW__Conflict_external_HIGH,0.0,0.0,0.0
JAM,2025,Conflict_internal_LOW__Conflict_external_HIGH,0.0,0.0,0.0
JPN,2025,Conflict_internal_LOW__Conflict_external_HIGH,0.0,0.0,0.0
KEN,2025,Conflict_internal_LOW__Conflict_external_HIGH,0.0,0.0,0.0
KHM,2025,Conflict_internal_LOW__Conflict_external_HIGH,0.0,0.0,0.0
KOR,2025,Conflict_internal_LOW__Conflict_external_HIGH,0.0,0.0,0.0
LAO,2025,Conflict_internal_LOW__Conflict_external_HIGH,0.0,0.0,0.0
LBN,2025,Conflict_internal_LOW__Conflict_external_HIGH,0.0,0.0,0.0
LKA,2025,Conflict_internal_LOW__Conflict_external_HIGH,0.0,0.0,0.0
MEX,2025,Conflict_internal_LOW__Conflict_external_HIGH,0.0,0.0,0.0
MMR,2025,Conflict_internal_LOW__Conflict_external_HIGH,0.0,0.0,0.0
MYS,2025,Conflict_internal_LOW__Conflict_external_HIGH,298592.69999999995,56874.8,241717.89999999997
NGA,2025,Conflict_internal_LOW__Conflict_external_HIGH,0.0,0.0,0.0
NIC,2025,Conflict_internal_LOW__Conflict_external_HIGH,0.0,0.0,0.0
NPL,2025,Conflict_internal_LOW__Conflict_external_HIGH,0.0,0.0,0.0
NZL,2025,Conflict_internal_LOW__Conflict_external_HIGH,0.0,0.0,0.0
PAK,2025,Conflict_internal_LOW__Conflict_external_HIGH,0.0,0.0,0.0
PAN,2025,Conflict_internal_LOW__Conflict_external_HIGH,0.0,0.0,0.0
PER,2025,Conflict_internal_LOW__Conflict_external_HIGH,0.0,0.0,0.0
PHL,2025,Conflict_internal_LOW__Conflict_external_HIGH,0.0,0.0,0.0
POL,2025,Conflict_internal_LOW__Conflict_external_HIGH,0.0,0.0,0.0
PRI,2025,Conflict_internal_LOW__Conflict_external_HIGH,0.0,0.0,0.0
PRT,2025,Conflict_internal_LOW__Conflict_external_HIGH,0.0,0.0,0.0
PSE,2025,Conflict_internal_LOW__Conflict_external_HIGH,0.0,0.0,0.0
ROU,2025,Conflict_internal_LOW__Conflict_external_HIGH,0.0,0.0,0.0
RUS,2025,Conflict_internal_LOW__Conflict_external_HIGH,0.0,0.0,0.0
SAU,2025,Conflict_internal_LOW__Conflict_external_HIGH,0.0,0.0,0.0
SDN,2025,Conflict_internal_LOW__Conflict_external_HIGH,0.0,0.0,0.0
SGP,2025,Conflict_internal_LOW__Conflict_external_HIGH,0.0,0.0,0.0
SLV,2025,Conflict_internal_LOW__Conflict_external_HIGH,0.0,0.0,0.0
SOM,2025,Conflict_internal_LOW__Conflict_external_HIGH,0.0,0.0,0.0
SYR,2025,Conflict_internal_LOW__Conflict_external_HIGH,0.0,0.0,0.0
THA,2025,Conflict_internal_LOW__Conflict_external_HIGH,0.0,0.0,0.0
TLS,2025,Conflict_internal_LOW__Conflict_external_HIGH,0.0,0.0,0.0
TTO,2025,Conflict_internal_LOW__Conflict_external_HIGH,0.0,0.0,0.0
TUR,2025,Conflict_internal_LOW__Conflict_external_HIGH,0.0,0.0,0.0
UKR,2025,Conflict_internal_LOW__Conflict_external_HIGH,0.0,0.0,0.0
USA,2025,Conflict_internal_LOW__Conflict_external_HIGH,2901161.0249999994,552602.1,2348558.9249999993
VEN,2025,Conflict_internal_LOW__Conflict_external_HIGH,0.0,0.0,0.0
VNM,2025,Conflict_internal_LOW__Conflict_external_HIGH,0.0,0.0,0.0
YEM,2025,Conflict_internal_LOW__Conflict_external_HIGH,0.0,0.0,0.0
AFG,2025,Conflict_internal_HIGH__Conflict_external_LOW,0.0,0.0,0.0
ARG,2025,Conflict_internal_HIGH__Conflict_external_LOW,0.0,0.0,0.0
AUS,2025,Conflict_internal_HIGH__Conflict_external_LOW,0.0,0.0,0.0
BGD,2025,Conflict_internal_HIGH__Conflict_external_LOW,0.0,0.0,0.0
BRA,2025,Conflict_internal_HIGH__Conflict_external_LOW,0.0,0.0,0.0
BRN,2025,Conflict_internal_HIGH__Conflict_external_LOW,0.0,0.0,0.0
CAN,2025,Conflict_internal_HIGH__Conflict_external_LOW,0.0,0.0,0.0
CHN,2025,Conflict_internal_HIGH__Conflict_external_LOW,0.0,0.0,0.0
COL,2025,Conflict_internal_HIGH__Conflict_external_LOW,0.0,0.0,0.0
CUB,2025,Conflict_internal_HIGH__Conflict_external_LOW,0.0,0.0,0.0
DEU,2025,Conflict_internal_HIGH__Conflict_external_LOW,0.0,0.0,0.0
DOM,2025,Conflict_internal_HIGH__Conflict_external_LOW,0.0,0.0,0.0
ECU,2025,Conflict_internal_HIGH__Conflict_external_LOW,0.0,0.0,0.0
EGY,2025,Conflict_internal_HIGH__Conflict_external_LOW,0.0,0.0,0.0
ERI,2025,Conflict_internal_HIGH__Conflict_external_LOW,0.0,0.0,0.0
ESP,2025,Conflict_internal_HIGH__Conflict_external_LOW,0.0,0.0,0.0
ETH,2025,Conflict_internal_HIGH__Conflict_external_LOW,0.0,0.0,0.0
FRA,2025,Conflict_internal_HIGH__Conflict_external_LOW,0.0,0.0,0.0
GBR,2025,Conflict_internal_HIGH__Conflict_external_LOW,0.0,0.0,0.0
GHA,2025,Conflict_internal_HIGH__Conflict_external_LOW,0.0,0.0,0.0
GRC,2025,Conflict_internal_HIGH__Conflict_external_LOW,0.0,0.0,0.0
GTM,2025,Conflict_internal_HIGH__Conflict_external_LOW,0.0,0.0,0.0
GUY,2025,Conflict_internal_HIGH__Conflict_external_LOW,0.0,0.0,0.0
HKG,2025,Conflict_internal_HIGH__Conflict_external_LOW,0.0,0.0,0.0
HND,2025,Conflict_internal_HIGH__Conflict_external_LOW,0.0,0.0,0.0
HTI,2025,Conflict_internal_HIGH__Conflict_external_LOW,0.0,0.0,0.0
IDN,2025,Conflict_internal_HIGH__Conflict_external_LOW,4853.675000000005,58244.100000000006,-53390.425
IND,2025,Conflict_internal_HIGH__Conflict_external_LOW,0.0,0.0,0.0
IRL,2025,Conflict_internal_HIGH__Conflict_external_LOW,0.0,0.0,0.0
IRN,2025,Conflict_internal_HIGH__Conflict_external_LOW,0.0,0.0,0.0
IRQ,2025,Conflict_internal_HIGH__Conflict_external_LOW,0.0,0.0,0.0
ISR,2025,Conflict_internal_HIGH__Conflict_external_LOW,0.0,0.0,0.0
ITA,2025,Conflict_internal_HIGH__Conflict_external_LOW,0.0,0.0,0.0
JAM,2025,Conflict_internal_HIGH__Conflict_external_LOW,0.0,0.0,0.0
JPN,2025,Conflict_internal_HIGH__Conflict_external_LOW,0.0,0.0,0.0
KEN,2025,Conflict_internal_HIGH__Conflict_external_LOW,0.0,0.0,0.0
KHM,2025,Conflict_internal_HIGH__Conflict_external_LOW,0.0,0.0,0.0
KOR,2025,Conflict_internal_HIGH__Conflict_external_LOW,0.0,0.0,0.0
LAO,2025,Conflict_internal_HIGH__Conflict_external_LOW,0.0,0.0,0.0
LBN,2025,Conflict_internal_HIGH__Conflict_external_LOW,0.0,0.0,0.0
LKA,2025,Conflict_internal_HIGH__Conflict_external_LOW,0.0,0.0,0.0
MEX,2025,Conflict_internal_HIGH__Conflict_external_LOW,0.0,0.0,0.0
MMR,2025,Conflict_internal_HIGH__Conflict_external_LOW,0.0,0.0,0.0
MYS,2025,Conflict_internal_HIGH__Conflict_external_LOW,14218.700000000013,170624.40000000002,-156405.7
NGA,2025,Conflict_internal_HIGH__Conflict_external_LOW,0.0,0.0,0.0
NIC,2025,Conflict_internal_HIGH__Conflict_external_LOW,0.0,0.0,0.0
NPL,2025,Conflict_internal_HIGH__Conflict_external_LOW,0.0,0.0,0.0
NZL,2025,Conflict_internal_HIGH__Conflict_external_LOW,0.0,0.0,0.0
PAK,2025,Conflict_internal_HIGH__Conflict_external_LOW,0.0,0.0,0.0
PAN,2025,Conflict_internal_HIGH__Conflict_external_LOW,0.0,0.0,0.0
PER,2025,Conflict_internal_HIGH__Conflict_external_LOW,0.0,0.0,0.0
PHL,2025,Conflict_internal_HIGH__Conflict_external_LOW,0.0,0.0,0.0
POL,2025,Conflict_internal_HIGH__Conflict_external_LOW,0.0,0.0,0.0
PRI,2025,Conflict_internal_HIGH__Conflict_external_LOW,0.0,0.0,0.0
PRT,2025,Conflict_internal_HIGH__Conflict_external_LOW,0.0,0.0,0.0
PSE,2025,Conflict_internal_HIGH__Conflict_external_LOW,0.0,0.0,0.0
ROU,2025,Conflict_internal_HIGH__Conflict_external_LOW,0.0,0.0,0.0
RUS,2025,Conflict_internal_HIGH__Conflict_external_LOW,0.0,0.0,0.0
SAU,2025,Conflict_internal_HIGH__Conflict_external_LOW,0.0,0.0,0.0
SDN,2025,Conflict_internal_HIGH__Conflict_external_LOW,0.0,0.0,0.0
SGP,2025,Conflict_internal_HIGH__Conflict_external_LOW,0.0,0.0,0.0
SLV,2025,Conflict_internal_HIGH__Conflict_external_LOW,0.0,0.0,0.0
SOM,2025,Conflict_internal_HIGH__Conflict_external_LOW,0.0,0.0,0.0
SYR,2025,Conflict_internal_HIGH__Conflict_external_LOW,0.0,0.0,0.0
THA,2025,Conflict_internal_HIGH__Conflict_external_LOW,0.0,0.0,0.0
TLS,2025,Conflict_internal_HIGH__Conflict_external_LOW,0.0,0.0,0.0
TTO,2025,Conflict_internal_HIGH__Conflict_external_LOW,0.0,0.0,0.0
TUR,2025,Conflict_internal_HIGH__Conflict_external_LOW,0.0,0.0,0.0
UKR,2025,Conflict_internal_HIGH__Conflict_external_LOW,0.0,0.0,0.0
USA,2025,Conflict_internal_HIGH__Conflict_external_LOW,138150.5250000001,1657806.3000000003,-1519655.7750000001
VEN,2025,Conflict_internal_HIGH__Conflict_external_LOW,0.0,0.0,0.0
VNM,2025,Conflict_internal_HIGH__Conflict_external_LOW,0.0,0.0,0.0
YEM,2025,Conflict_internal_HIGH__Conflict_external_LOW,0.0,0.0,0.0
AFG,2025,Conflict_internal_HIGH__Conflict_external_HIGH,0.0,0.0,0.0
ARG,2025,Conflict_internal_HIGH__Conflict_external_HIGH,0.0,0.0,0.0
AUS,2025,Conflict_internal_HIGH__Conflict_external_HIGH,0.0,0.0,0.0
BGD,2025,Conflict_internal_HIGH__Conflict_external_HIGH,0.0,0.0,0.0
BRA,2025,Conflict_internal_HIGH__Conflict_external_HIGH,0.0,0.0,0.0
BRN,2025,Conflict_internal_HIGH__Conflict_external_HIGH,0.0,0.0,0.0
CAN,2025,Conflict_internal_HIGH__Conflict_external_HIGH,0.0,0.0,0.0
CHN,2025,Conflict_internal_HIGH__Conflict_external_HIGH,0.0,0.0,0.0
COL,2025,Conflict_internal_HIGH__Conflict_external_HIGH,0.0,0.0,0.0
CUB,2025,Conflict_internal_HIGH__Conflict_external_HIGH,0.0,0.0,0.0
DEU,2025,Conflict_internal_HIGH__Conflict_external_HIGH,0.0,0.0,0.0
DOM,2025,Conflict_internal_HIGH__Conflict_external_HIGH,0.0,0.0,0.0
ECU,2025,Conflict_internal_HIGH__Conflict_external_HIGH,0.0,0.0,0.0
EGY,2025,Conflict_internal_HIGH__Conflict_external_HIGH,0.0,0.0,0.0
ERI,2025,Conflict_internal_HIGH__Conflict_external_HIGH,0.0,0.0,0.0
ESP,2025,Conflict_internal_HIGH__Conflict_external_HIGH,0.0,0.0,0.0
ETH,2025,Conflict_internal_HIGH__Conflict_external_HIGH,0.0,0.0,0.0
FRA,2025,Conflict_internal_HIGH__Conflict_external_HIGH,0.0,0.0,0.0
GBR,2025,Conflict_internal_HIGH__Conflict_external_HIGH,0.0,0.0,0.0
GHA,2025,Conflict_internal_HIGH__Conflict_external_HIGH,0.0,0.0,0.0
GRC,2025,Conflict_internal_HIGH__Conflict_external_HIGH,0.0,0.0,0.0
GTM,2025,Conflict_internal_HIGH__Conflict_external_HIGH,0.0,0.0,0.0
GUY,2025,Conflict_internal_HIGH__Conflict_external_HIGH,0.0,0.0,0.0
HKG,2025,Conflict_internal_HIGH__Conflict_external_HIGH,0.0,0.0,0.0
HND,2025,Conflict_internal_HIGH__Conflict_external_HIGH,0.0,0.0,0.0
HTI,2025,Conflict_internal_HIGH__Conflict_external_HIGH,0.0,0.0,0.0
IDN,2025,Conflict_internal_HIGH__Conflict_external_HIGH,14561.025000000012,58244.100000000006,-43683.075
IND,2025,Conflict_internal_HIGH__Conflict_external_HIGH,0.0,0.0,0.0
IRL,2025,Conflict_internal_HIGH__Conflict_external_HIGH,0.0,0.0,0.0
IRN,2025,Conflict_internal_HIGH__Conflict_external_HIGH,0.0,0.0,0.0
IRQ,2025,Conflict_internal_HIGH__Conflict_external_HIGH,0.0,0.0,0.0
ISR,2025,Conflict_internal_HIGH__Conflict_external_HIGH,0.0,0.0,0.0
ITA,2025,Conflict_internal_HIGH__Conflict_external_HIGH,0.0,0.0,0.0
JAM,2025,Conflict_internal_HIGH__Conflict_external_HIGH,0.0,0.0,0.0
JPN,2025,Conflict_internal_HIGH__Conflict_external_HIGH,0.0,0.0,0.0
KEN,2025,Conflict_internal_HIGH__Conflict_external_HIGH,0.0,0.0,0.0
KHM,2025,Conflict_internal_HIGH__Conflict_external_HIGH,0.0,0.0,0.0
KOR,2025,Conflict_internal_HIGH__Conflict_external_HIGH,0.0,0.0,0.0
LAO,2025,Conflict_internal_HIGH__Conflict_external_HIGH,0.0,0.0,0.0
LBN,2025,Conflict_internal_HIGH__Conflict_external_HIGH,0.0,0.0,0.0
LKA,2025,Conflict_internal_HIGH__Conflict_external_HIGH,0.0,0.0,0.0
MEX,2025,Conflict_internal_HIGH__Conflict_external_HIGH,0.0,0.0,0.0
MMR,2025,Conflict_internal_HIGH__Conflict_external_HIGH,0.0,0.0,0.0
MYS,2025,Conflict_internal_HIGH__Conflict_external_HIGH,42656.100000000035,170624.40000000002,-127968.29999999999
NGA,2025,Conflict_internal_HIGH__Conflict_external_HIGH,0.0,0.0,0.0
NIC,2025,Conflict_internal_HIGH__Conflict_external_HIGH,0.0,0.0,0.0
NPL,2025,Conflict_internal_HIGH__Conflict_external_HIGH,0.0,0.0,0.0
NZL,2025,Conflict_internal_HIGH__Conflict_external_HIGH,0.0,0.0,0.0
PAK,2025,Conflict_internal_HIGH__Conflict_external_HIGH,0.0,0.0,0.0
PAN,2025,Conflict_internal_HIGH__Conflict_external_HIGH,0.0,0.0,0.0
PER,2025,Conflict_internal_HIGH__Conflict_external_HIGH,0.0,0.0,0.0
PHL,2025,Conflict_internal_HIGH__Conflict_external_HIGH,0.0,0.0,0.0
POL,2025,Conflict_internal_HIGH__Conflict_external_HIGH,0.0,0.0,0.0
PRI,2025,Conflict_internal_HIGH__Conflict_external_HIGH,0.0,0.0,0.0
PRT,2025,Conflict_internal_HIGH__Conflict_external_HIGH,0.0,0.0,0.0
PSE,2025,Conflict_internal_HIGH__Conflict_external_HIGH,0.0,0.0,0.0
ROU,2025,Conflict_internal_HIGH__Conflict_external_HIGH,0.0,0.0,0.0
RUS,2025,Conflict_internal_HIGH__Conflict_external_HIGH,0.0,0.0,0.0
SAU,2025,Conflict_internal_HIGH__Conflict_external_HIGH,0.0,0.0,0.0
SDN,2025,Conflict_internal_HIGH__Conflict_external_HIGH,0.0,0.0,0.0
SGP,2025,Conflict_internal_HIGH__Conflict_external_HIGH,0.0,0.0,0.0
SLV,2025,Conflict_internal_HIGH__Conflict_external_HIGH,0.0,0.0,0.0
SOM,2025,Conflict_internal_HIGH__Conflict_external_HIGH,0.0,0.0,0.0
SYR,2025,Conflict_internal_HIGH__Conflict_external_HIGH,0.0,0.0,0.0
THA,2025,Conflict_internal_HIGH__Conflict_external_HIGH,0.0,0.0,0.0
TLS,2025,Conflict_internal_HIGH__Conflict_external_HIGH,0.0,0.0,0.0
TTO,2025,Conflict_internal_HIGH__Conflict_external_HIGH,0.0,0.0,0.0
TUR,2025,Conflict_internal_HIGH__Conflict_external_HIGH,0.0,0.0,0.0
UKR,2025,Conflict_internal_HIGH__Conflict_external_HIGH,0.0,0.0,0.0
USA,2025,Conflict_internal_HIGH__Conflict_external_HIGH,414451.57500000036,1657806.3000000003,-1243354.7249999999
VEN,2025,Conflict_internal_HIGH__Conflict_external_HIGH,0.0,0.0,0.0
VNM,2025,Conflict_internal_HIGH__Conflict_external_HIGH,0.0,0.0,0.0
YEM,2025,Conflict_internal_HIGH__Conflict_external_HIGH,0.0,0.0,0.0
AFG,2025,Aid_LOW__Conflict_internal_LOW__Conflict_external_LOW,0.0,0.0,0.0
ARG,2025,Aid_LOW__Conflict_internal_LOW__Conflict_external_LOW,0.0,0.0,0.0
AUS,2025,Aid_LOW__Conflict_internal_LOW__Conflict_external_LOW,0.0,0.0,0.0
BGD,2025,Aid_LOW__Conflict_internal_LOW__Conflict_external_LOW,0.0,0.0,0.0
BRA,2025,Aid_LOW__Conflict_internal_LOW__Conflict_external_LOW,0.0,0.0,0.0
BRN,2025,Aid_LOW__Conflict_internal_LOW__Conflict_external_LOW,0.0,0.0,0.0
CAN,2025,Aid_LOW__Conflict_internal_LOW__Conflict_external_LOW,0.0,0.0,0.0
CHN,2025,Aid_LOW__Conflict_internal_LOW__Conflict_external_LOW,0.0,0.0,0.0
COL,2025,Aid_LOW__Conflict_internal_LOW__Conflict_external_LOW,0.0,0.0,0.0
CUB,2025,Aid_LOW__Conflict_internal_LOW__Conflict_external_LOW,0.0,0.0,0.0
DEU,2025,Aid_LOW__Conflict_internal_LOW__Conflict_external_LOW,0.0,0.0,0.0
DOM,2025,Aid_LOW__Conflict_internal_LOW__Conflict_external_LOW,0.0,0.0,0.0
ECU,2025,Aid_LOW__Conflict_internal_LOW__Conflict_external_LOW,0.0,0.0,0.0
EGY,2025,Aid_LOW__Conflict_internal_LOW__Conflict_external_LOW,0.0,0.0,0.0
ERI,2025,Aid_LOW__Conflict_internal_LOW__Conflict_external_LOW,0.0,0.0,0.0
ESP,2025,Aid_LOW__Conflict_internal_LOW__Conflict_external_LOW,0.0,0.0,0.0
ETH,2025,Aid_LOW__Conflict_internal_LOW__Conflict_external_LOW,0.0,0.0,0.0
FRA,2025,Aid_LOW__Conflict_internal_LOW__Conflict_external_LOW,0.0,0.0,0.0
GBR,2025,Aid_LOW__Conflict_internal_LOW__Conflict_external_LOW,0.0,0.0,0.0
GHA,2025,Aid_LOW__Conflict_internal_LOW__Conflict_external_LOW,0.0,0.0,0.0
GRC,2025,Aid_LOW__Conflict_internal_LOW__Conflict_external_LOW,0.0,0.0,0.0
GTM,2025,Aid_LOW__Conflict_internal_LOW__Conflict_external_LOW,0.0,0.0,0.0
GUY,2025,Aid_LOW__Conflict_internal_LOW__Conflict_external_LOW,0.0,0.0,0.0
HKG,2025,Aid_LOW__Conflict_internal_LOW__Conflict_external_LOW,0.0,0.0,0.0
HND,2025,Aid_LOW__Conflict_internal_LOW__Conflict_external_LOW,0.0,0.0,0.0
HTI,2025,Aid_LOW__Conflict_internal_LOW__Conflict_external_LOW,0.0,0.0,0.0
IDN,2025,Aid_LOW__Conflict_internal_LOW__Conflict_external_LOW,53633.10875,19414.7,34218.40875
IND,2025,Aid_LOW__Conflict_internal_LOW__Conflict_external_LOW,0.0,0.0,0.0
IRL,2025,Aid_LOW__Conflict_internal_LOW__Conflict_external_LOW,0.0,0.0,0.0
IRN,2025,Aid_LOW__Conflict_internal_LOW__Conflict_external_LOW,0.0,0.0,0.0
IRQ,2025,Aid_LOW__Conflict_internal_LOW__Conflict_external_LOW,0.0,0.0,0.0
ISR,2025,Aid_LOW__Conflict_internal_LOW__Conflict_external_LOW,0.0,0.0,0.0
ITA,2025,Aid_LOW__Conflict_internal_LOW__Conflict_external_LOW,0.0,0.0,0.0
JAM,2025,Aid_LOW__Conflict_internal_LOW__Conflict_external_LOW,0.0,0.0,0.0
JPN,2025,Aid_LOW__Conflict_internal_LOW__Conflict_external_LOW,0.0,0.0,0.0
KEN,2025,Aid_LOW__Conflict_internal_LOW__Conflict_external_LOW,0.0,0.0,0.0
KHM,2025,Aid_LOW__Conflict_internal_LOW__Conflict_external_LOW,0.0,0.0,0.0
KOR,2025,Aid_LOW__Conflict_internal_LOW__Conflict_external_LOW,0.0,0.0,0.0
LAO,2025,Aid_LOW__Conflict_internal_LOW__Conflict_external_LOW,0.0,0.0,0.0
LBN,2025,Aid_LOW__Conflict_internal_LOW__Conflict_external_LOW,0.0,0.0,0.0
LKA,2025,Aid_LOW__Conflict_internal_LOW__Conflict_external_LOW,0.0,0.0,0.0
MEX,2025,Aid_LOW__Conflict_internal_LOW__Conflict_external_LOW,0.0,0.0,0.0
MMR,2025,Aid_LOW__Conflict_internal_LOW__Conflict_external_LOW,0.0,0.0,0.0
MYS,2025,Aid_LOW__Conflict_internal_LOW__Conflict_external_LOW,157116.635,56874.8,100241.835
NGA,2025,Aid_LOW__Conflict_internal_LOW__Conflict_external_LOW,0.0,0.0,0.0
NIC,2025,Aid_LOW__Conflict_internal_LOW__Conflict_external_LOW,0.0,0.0,0.0
NPL,2025,Aid_LOW__Conflict_internal_LOW__Conflict_external_LOW,0.0,0.0,0.0
NZL,2025,Aid_LOW__Conflict_internal_LOW__Conflict_external_LOW,0.0,0.0,0.0
PAK,2025,Aid_LOW__Conflict_internal_LOW__Conflict_external_LOW,0.0,0.0,0.0
PAN,2025,Aid_LOW__Conflict_internal_LOW__Conflict_external_LOW,0.0,0.0,0.0
PER,2025,Aid_LOW__Conflict_internal_LOW__Conflict_external_LOW,0.0,0.0,0.0
PHL,2025,Aid_LOW__Conflict_internal_LOW__Conflict_external_LOW,0.0,0.0,0.0
POL,2025,Aid_LOW__Conflict_internal_LOW__Conflict_external_LOW,0.0,0.0,0.0
PRI,2025,Aid_LOW__Conflict_internal_LOW__Conflict_external_LOW,0.0,0.0,0.0
PRT,2025,Aid_LOW__Conflict_internal_LOW__Conflict_external_LOW,0.0,0.0,0.0
PSE,2025,Aid_LOW__Conflict_internal_LOW__Conflict_external_LOW,0.0,0.0,0.0
ROU,2025,Aid_LOW__Conflict_internal_LOW__Conflict_external_LOW,0.0,0.0,0.0
RUS,2025,Aid_LOW__Conflict_internal_LOW__Conflict_external_LOW,0.0,0.0,0.0
SAU,2025,Aid_LOW__Conflict_internal_LOW__Conflict_external_LOW,0.0,0.0,0.0
SDN,2025,Aid_LOW__Conflict_internal_LOW__Conflict_external_LOW,0.0,0.0,0.0
SGP,2025,Aid_LOW__Conflict_internal_LOW__Conflict_external_LOW,0.0,0.0,0.0
SLV,2025,Aid_LOW__Conflict_internal_LOW__Conflict_external_LOW,0.0,0.0,0.0
SOM,2025,Aid_LOW__Conflict_internal_LOW__Conflict_external_LOW,0.0,0.0,0.0
SYR,2025,Aid_LOW__Conflict_internal_LOW__Conflict_external_LOW,0.0,0.0,0.0
THA,2025,Aid_LOW__Conflict_internal_LOW__Conflict_external_LOW,0.0,0.0,0.0
TLS,2025,Aid_LOW__Conflict_internal_LOW__Conflict_external_LOW,0.0,0.0,0.0
TTO,2025,Aid_LOW__Conflict_internal_LOW__Conflict_external_LOW,0.0,0.0,0.0
TUR,2025,Aid_LOW__Conflict_internal_LOW__Conflict_external_LOW,0.0,0.0,0.0
UKR,2025,Aid_LOW__Conflict_internal_LOW__Conflict_external_LOW,0.0,0.0,0.0
USA,2025,Aid_LOW__Conflict_internal_LOW__Conflict_external_LOW,1526563.30125,552602.1,973961.20125
VEN,2025,Aid_LOW__Conflict_internal_LOW__Conflict_external_LOW,0.0,0.0,0.0
VNM,2025,Aid_LOW__Conflict_internal_LOW__Conflict_external_LOW,0.0,0.0,0.0
YEM,2025,Aid_LOW__Conflict_internal_LOW__Conflict_external_LOW,0.0,0.0,0.0
AFG,2025,Aid_LOW__Conflict_internal_LOW__Conflict_external_HIGH,0.0,0.0,0.0
ARG,2025,Aid_LOW__Conflict_internal_LOW__Conflict_external_HIGH,0.0,0.0,0.0
AUS,2025,Aid_LOW__Conflict_internal_LOW__Conflict_external_HIGH,0.0,0.0,0.0
BGD,2025,Aid_LOW__Conflict_internal_LOW__Conflict_external_HIGH,0.0,0.0,0.0
BRA,2025,Aid_LOW__Conflict_internal_LOW__Conflict_external_HIGH,0.0,0.0,0.0
BRN,2025,Aid_LOW__Conflict_internal_LOW__Conflict_external_HIGH,0.0,0.0,0.0
CAN,2025,Aid_LOW__Conflict_internal_LOW__Conflict_external_HIGH,0.0,0.0,0.0
CHN,2025,Aid_LOW__Conflict_internal_LOW__Conflict_external_HIGH,0.0,0.0,0.0
COL,2025,Aid_LOW__Conflict_internal_LOW__Conflict_external_HIGH,0.0,0.0,0.0
CUB,2025,Aid_LOW__Conflict_internal_LOW__Conflict_external_HIGH,0.0,0.0,0.0
DEU,2025,Aid_LOW__Conflict_internal_LOW__Conflict_external_HIGH,0.0,0.0,0.0
DOM,2025,Aid_LOW__Conflict_internal_LOW__Conflict_external_HIGH,0.0,0.0,0.0
ECU,2025,Aid_LOW__Conflict_internal_LOW__Conflict_external_HIGH,0.0,0.0,0.0
EGY,2025,Aid_LOW__Conflict_internal_LOW__Conflict_external_HIGH,0.0,0.0,0.0
ERI,2025,Aid_LOW__Conflict_internal_LOW__Conflict_external_HIGH,0.0,0.0,0.0
ESP,2025,Aid_LOW__Conflict_internal_LOW__Conflict_external_HIGH,0.0,0.0,0.0
ETH,2025,Aid_LOW__Conflict_internal_LOW__Conflict_external_HIGH,0.0,0.0,0.0
FRA,2025,Aid_LOW__Conflict_internal_LOW__Conflict_external_HIGH,0.0,0.0,0.0
GBR,2025,Aid_LOW__Conflict_internal_LOW__Conflict_external_HIGH,0.0,0.0,0.0
GHA,2025,Aid_LOW__Conflict_internal_LOW__Conflict_external_HIGH,0.0,0.0,0.0
GRC,2025,Aid_LOW__Conflict_internal_LOW__Conflict_external_HIGH,0.0,0.0,0.0
GTM,2025,Aid_LOW__Conflict_internal_LOW__Conflict_external_HIGH,0.0,0.0,0.0
GUY,2025,Aid_LOW__Conflict_internal_LOW__Conflict_external_HIGH,0.0,0.0,0.0
HKG,2025,Aid_LOW__Conflict_internal_LOW__Conflict_external_HIGH,0.0,0.0,0.0
HND,2025,Aid_LOW__Conflict_internal_LOW__Conflict_external_HIGH,0.0,0.0,0.0
HTI,2025,Aid_LOW__Conflict_internal_LOW__Conflict_external_HIGH,0.0,0.0,0.0
IDN,2025,Aid_LOW__Conflict_internal_LOW__Conflict_external_HIGH,131777.27624999997,19414.7,112362.57624999997
IND,2025,Aid_LOW__Conflict_internal_LOW__Conflict_external_HIGH,0.0,0.0,0.0
IRL,2025,Aid_LOW__Conflict_internal_LOW__Conflict_external_HIGH,0.0,0.0,0.0
IRN,2025,Aid_LOW__Conflict_internal_LOW__Conflict_external_HIGH,0.0,0.0,0.0
IRQ,2025,Aid_LOW__Conflict_internal_LOW__Conflict_external_HIGH,0.0,0.0,0.0
ISR,2025,Aid_LOW__Conflict_internal_LOW__Conflict_external_HIGH,0.0,0.0,0.0
ITA,2025,Aid_LOW__Conflict_internal_LOW__Conflict_external_HIGH,0.0,0.0,0.0
JAM,2025,Aid_LOW__Conflict_internal_LOW__Conflict_external_HIGH,0.0,0.0,0.0
JPN,2025,Aid_LOW__Conflict_internal_LOW__Conflict_external_HIGH,0.0,0.0,0.0
KEN,2025,Aid_LOW__Conflict_internal_LOW__Conflict_external_HIGH,0.0,0.0,0.0
KHM,2025,Aid_LOW__Conflict_internal_LOW__Conflict_external_HIGH,0.0,0.0,0.0
KOR,2025,Aid_LOW__Conflict_internal_LOW__Conflict_external_HIGH,0.0,0.0,0.0
LAO,2025,Aid_LOW__Conflict_internal_LOW__Conflict_external_HIGH,0.0,0.0,0.0
LBN,2025,Aid_LOW__Conflict_internal_LOW__Conflict_external_HIGH,0.0,0.0,0.0
LKA,2025,Aid_LOW__Conflict_internal_LOW__Conflict_external_HIGH,0.0,0.0,0.0
MEX,2025,Aid_LOW__Conflict_internal_LOW__Conflict_external_HIGH,0.0,0.0,0.0
MMR,2025,Aid_LOW__Conflict_internal_LOW__Conflict_external_HIGH,0.0,0.0,0.0
MYS,2025,Aid_LOW__Conflict_internal_LOW__Conflict_external_HIGH,386037.7049999999,56874.8,329162.9049999999
NGA,2025,Aid_LOW__Conflict_internal_LOW__Conflict_external_HIGH,0.0,0.0,0.0
NIC,2025,Aid_LOW__Conflict_internal_LOW__Conflict_external_HIGH,0.0,0.0,0.0
NPL,2025,Aid_LOW__Conflict_internal_LOW__Conflict_external_HIGH,0.0,0.0,0.0
NZL,2025,Aid_LOW__Conflict_internal_LOW__Conflict_external_HIGH,0.0,0.0,0.0
PAK,2025,Aid_LOW__Conflict_internal_LOW__Conflict_external_HIGH,0.0,0.0,0.0
PAN,2025,Aid_LOW__Conflict_internal_LOW__Conflict_external_HIGH,0.0,0.0,0.0
PER,2025,Aid_LOW__Conflict_internal_LOW__Conflict_external_HIGH,0.0,0.0,0.0
PHL,2025,Aid_LOW__Conflict_internal_LOW__Conflict_external_HIGH,0.0,0.0,0.0
POL,2025,Aid_LOW__Conflict_internal_LOW__Conflict_external_HIGH,0.0,0.0,0.0
PRI,2025,Aid_LOW__Conflict_internal_LOW__Conflict_external_HIGH,0.0,0.0,0.0
PRT,2025,Aid_LOW__Conflict_internal_LOW__Conflict_external_HIGH,0.0,0.0,0.0
PSE,2025,Aid_LOW__Conflict_internal_LOW__Conflict_external_HIGH,0.0,0.0,0.0
ROU,2025,Aid_LOW__Conflict_internal_LOW__Conflict_external_HIGH,0.0,0.0,0.0
RUS,2025,Aid_LOW__Conflict_internal_LOW__Conflict_external_HIGH,0.0,0.0,0.0
SAU,2025,Aid_LOW__Conflict_internal_LOW__Conflict_external_HIGH,0.0,0.0,0.0
SDN,2025,Aid_LOW__Conflict_internal_LOW__Conflict_external_HIGH,0.0,0.0,0.0
SGP,2025,Aid_LOW__Conflict_internal_LOW__Conflict_external_HIGH,0.0,0.0,0.0
SLV,2025,Aid_LOW__Conflict_internal_LOW__Conflict_external_HIGH,0.0,0.0,0.0
SOM,2025,Aid_LOW__Conflict_internal_LOW__Conflict_external_HIGH,0.0,0.0,0.0
SYR,2025,Aid_LOW__Conflict_internal_LOW__Conflict_external_HIGH,0.0,0.0,0.0
THA,2025,Aid_LOW__Conflict_internal_LOW__Conflict_external_HIGH,0.0,0.0,0.0
TLS,2025,Aid_LOW__Conflict_internal_LOW__Conflict_external_HIGH,0.0,0.0,0.0
TTO,2025,Aid_LOW__Conflict_internal_LOW__Conflict_external_HIGH,0.0,0.0,0.0
TUR,2025,Aid_LOW__Conflict_internal_LOW__Conflict_external_HIGH,0.0,0.0,0.0
UKR,2025,Aid_LOW__Conflict_internal_LOW__Conflict_external_HIGH,0.0,0.0,0.0
USA,2025,Aid_LOW__Conflict_internal_LOW__Conflict_external_HIGH,3750786.753749999,552602.1,3198184.653749999
VEN,2025,Aid_LOW__Conflict_internal_LOW__Conflict_external_HIGH,0.0,0.0,0.0
VNM,2025,Aid_LOW__Conflict_internal_LOW__Conflict_external_HIGH,0.0,0.0,0.0
YEM,2025,Aid_LOW__Conflict_internal_LOW__Conflict_external_HIGH,0.0,0.0,0.0
AFG,2025,Aid_LOW__Conflict_internal_HIGH__Conflict_external_LOW,0.0,0.0,0.0
ARG,2025,Aid_LOW__Conflict_internal_HIGH__Conflict_external_LOW,0.0,0.0,0.0
AUS,2025,Aid_LOW__Conflict_internal_HIGH__Conflict_external_LOW,0.0,0.0,0.0
BGD,2025,Aid_LOW__Conflict_internal_HIGH__Conflict_external_LOW,0.0,0.0,0.0
BRA,2025,Aid_LOW__Conflict_internal_HIGH__Conflict_external_LOW,0.0,0.0,0.0
BRN,2025,Aid_LOW__Conflict_internal_HIGH__Conflict_external_LOW,0.0,0.0,0.0
CAN,2025,Aid_LOW__Conflict_internal_HIGH__Conflict_external_LOW,0.0,0.0,0.0
CHN,2025,Aid_LOW__Conflict_internal_HIGH__Conflict_external_LOW,0.0,0.0,0.0
COL,2025,Aid_LOW__Conflict_internal_HIGH__Conflict_external_LOW,0.0,0.0,0.0
CUB,2025,Aid_LOW__Conflict_internal_HIGH__Conflict_external_LOW,0.0,0.0,0.0
DEU,2025,Aid_LOW__Conflict_internal_HIGH__Conflict_external_LOW,0.0,0.0,0.0
DOM,2025,Aid_LOW__Conflict_internal_HIGH__Conflict_external_LOW,0.0,0.0,0.0
ECU,2025,Aid_LOW__Conflict_internal_HIGH__Conflict_external_LOW,0.0,0.0,0.0
EGY,2025,Aid_LOW__Conflict_internal_HIGH__Conflict_external_LOW,0.0,0.0,0.0
ERI,2025,Aid_LOW__Conflict_internal_HIGH__Conflict_external_LOW,0.0,0.0,0.0
ESP,2025,Aid_LOW__Conflict_internal_HIGH__Conflict_external_LOW,0.0,0.0,0.0
ETH,2025,Aid_LOW__Conflict_internal_HIGH__Conflict_external_LOW,0.0,0.0,0.0
FRA,2025,Aid_LOW__Conflict_internal_HIGH__Conflict_external_LOW,0.0,0.0,0.0
GBR,2025,Aid_LOW__Conflict_internal_HIGH__Conflict_external_LOW,0.0,0.0,0.0
GHA,2025,Aid_LOW__Conflict_internal_HIGH__Conflict_external_LOW,0.0,0.0,0.0
GRC,2025,Aid_LOW__Conflict_internal_HIGH__Conflict_external_LOW,0.0,0.0,0.0
GTM,2025,Aid_LOW__Conflict_internal_HIGH__Conflict_external_LOW,0.0,0.0,0.0
GUY,2025,Aid_LOW__Conflict_internal_HIGH__Conflict_external_LOW,0.0,0.0,0.0
HKG,2025,Aid_LOW__Conflict_internal_HIGH__Conflict_external_LOW,0.0,0.0,0.0
HND,2025,Aid_LOW__Conflict_internal_HIGH__Conflict_external_LOW,0.0,0.0,0.0
HTI,2025,Aid_LOW__Conflict_internal_HIGH__Conflict_external_LOW,0.0,0.0,0.0
IDN,2025,Aid_LOW__Conflict_internal_HIGH__Conflict_external_LOW,20142.751250000005,58244.100000000006,-38101.348750000005
IND,2025,Aid_LOW__Conflict_internal_HIGH__Conflict_external_LOW,0.0,0.0,0.0
IRL,2025,Aid_LOW__Conflict_internal_HIGH__Conflict_external_LOW,0.0,0.0,0.0
IRN,2025,Aid_LOW__Conflict_internal_HIGH__Conflict_external_LOW,0.0,0.0,0.0
IRQ,2025,Aid_LOW__Conflict_internal_HIGH__Conflict_external_LOW,0.0,0.0,0.0
ISR,2025,Aid_LOW__Conflict_internal_HIGH__Conflict_external_LOW,0.0,0.0,0.0
ITA,2025,Aid_LOW__Conflict_internal_HIGH__Conflict_external_LOW,0.0,0.0,0.0
JAM,2025,Aid_LOW__Conflict_internal_HIGH__Conflict_external_LOW,0.0,0.0,0.0
JPN,2025,Aid_LOW__Conflict_internal_HIGH__Conflict_external_LOW,0.0,0.0,0.0
KEN,2025,Aid_LOW__Conflict_internal_HIGH__Conflict_external_LOW,0.0,0.0,0.0
KHM,2025,Aid_LOW__Conflict_internal_HIGH__Conflict_external_LOW,0.0,0.0,0.0
KOR,2025,Aid_LOW__Conflict_internal_HIGH__Conflict_external_LOW,0.0,0.0,0.0
LAO,2025,Aid_LOW__Conflict_internal_HIGH__Conflict_external_LOW,0.0,0.0,0.0
LBN,2025,Aid_LOW__Conflict_internal_HIGH__Conflict_external_LOW,0.0,0.0,0.0
LKA,2025,Aid_LOW__Conflict_internal_HIGH__Conflict_external_LOW,0.0,0.0,0.0
MEX,2025,Aid_LOW__Conflict_internal_HIGH__Conflict_external_LOW,0.0,0.0,0.0
MMR,2025,Aid_LOW__Conflict_internal_HIGH__Conflict_external_LOW,0.0,0.0,0.0
MYS,2025,Aid_LOW__Conflict_internal_HIGH__Conflict_external_LOW,59007.60500000001,170624.40000000002,-111616.79500000001
NGA,2025,Aid_LOW__Conflict_internal_HIGH__Conflict_external_LOW,0.0,0.0,0.0
NIC,2025,Aid_LOW__Conflict_internal_HIGH__Conflict_external_LOW,0.0,0.0,0.0
NPL,2025,Aid_LOW__Conflict_internal_HIGH__Conflict_external_LOW,0.0,0.0,0.0
NZL,2025,Aid_LOW__Conflict_internal_HIGH__Conflict_external_LOW,0.0,0.0,0.0
PAK,2025,Aid_LOW__Conflict_internal_HIGH__Conflict_external_LOW,0.0,0.0,0.0
PAN,2025,Aid_LOW__Conflict_internal_HIGH__Conflict_external_LOW,0.0,0.0,0.0
PER,2025,Aid_LOW__Conflict_internal_HIGH__Conflict_external_LOW,0.0,0.0,0.0
PHL,2025,Aid_LOW__Conflict_internal_HIGH__Conflict_external_LOW,0.0,0.0,0.0
POL,2025,Aid_LOW__Conflict_internal_HIGH__Conflict_external_LOW,0.0,0.0,0.0
PRI,2025,Aid_LOW__Conflict_internal_HIGH__Conflict_external_LOW,0.0,0.0,0.0
PRT,2025,Aid_LOW__Conflict_internal_HIGH__Conflict_external_LOW,0.0,0.0,0.0
PSE,2025,Aid_LOW__Conflict_internal_HIGH__Conflict_external_LOW,0.0,0.0,0.0
ROU,2025,Aid_LOW__Conflict_internal_HIGH__Conflict_external_LOW,0.0,0.0,0.0
RUS,2025,Aid_LOW__Conflict_internal_HIGH__Conflict_external_LOW,0.0,0.0,0.0
SAU,2025,Aid_LOW__Conflict_internal_HIGH__Conflict_external_LOW,0.0,0.0,0.0
SDN,2025,Aid_LOW__Conflict_internal_HIGH__Conflict_external_LOW,0.0,0.0,0.0
SGP,2025,Aid_LOW__Conflict_internal_HIGH__Conflict_external_LOW,0.0,0.0,0.0
SLV,2025,Aid_LOW__Conflict_internal_HIGH__Conflict_external_LOW,0.0,0.0,0.0
SOM,2025,Aid_LOW__Conflict_internal_HIGH__Conflict_external_LOW,0.0,0.0,0.0
SYR,2025,Aid_LOW__Conflict_internal_HIGH__Conflict_external_LOW,0.0,0.0,0.0
THA,2025,Aid_LOW__Conflict_internal_HIGH__Conflict_external_LOW,0.0,0.0,0.0
TLS,2025,Aid_LOW__Conflict_internal_HIGH__Conflict_external_LOW,0.0,0.0,0.0
TTO,2025,Aid_LOW__Conflict_internal_HIGH__Conflict_external_LOW,0.0,0.0,0.0
TUR,2025,Aid_LOW__Conflict_internal_HIGH__Conflict_external_LOW,0.0,0.0,0.0
UKR,2025,Aid_LOW__Conflict_internal_HIGH__Conflict_external_LOW,0.0,0.0,0.0
USA,2025,Aid_LOW__Conflict_internal_HIGH__Conflict_external_LOW,573324.6787500001,1657806.3000000003,-1084481.6212500003
VEN,2025,Aid_LOW__Conflict_internal_HIGH__Conflict_external_LOW,0.0,0.0,0.0
VNM,2025,Aid_LOW__Conflict_internal_HIGH__Conflict_external_LOW,0.0,0.0,0.0
YEM,2025,Aid_LOW__Conflict_internal_HIGH__Conflict_external_LOW,0.0,0.0,0.0
AFG,2025,Aid_LOW__Conflict_internal_HIGH__Conflict_external_HIGH,0.0,0.0,0.0
ARG,2025,Aid_LOW__Conflict_internal_HIGH__Conflict_external_HIGH,0.0,0.0,0.0
AUS,2025,Aid_LOW__Conflict_internal_HIGH__Conflict_external_HIGH,0.0,0.0,0.0
BGD,2025,Aid_LOW__Conflict_internal_HIGH__Conflict_external_HIGH,0.0,0.0,0.0
BRA,2025,Aid_LOW__Conflict_internal_HIGH__Conflict_external_HIGH,0.0,0.0,0.0
BRN,2025,Aid_LOW__Conflict_internal_HIGH__Conflict_external_HIGH,0.0,0.0,0.0
CAN,2025,Aid_LOW__Conflict_internal_HIGH__Conflict_external_HIGH,0.0,0.0,0.0
CHN,2025,Aid_LOW__Conflict_internal_HIGH__Conflict_external_HIGH,0.0,0.0,0.0
COL,2025,Aid_LOW__Conflict_internal_HIGH__Conflict_external_HIGH,0.0,0.0,0.0
CUB,2025,Aid_LOW__Conflict_internal_HIGH__Conflict_external_HIGH,0.0,0.0,0.0
DEU,2025,Aid_LOW__Conflict_internal_HIGH__Conflict_external_HIGH,0.0,0.0,0.0
DOM,2025,Aid_LOW__Conflict_internal_HIGH__Conflict_external_HIGH,0.0,0.0,0.0
ECU,2025,Aid_LOW__Conflict_internal_HIGH__Conflict_external_HIGH,0.0,0.0,0.0
EGY,2025,Aid_LOW__Conflict_internal_HIGH__Conflict_external_HIGH,0.0,0.0,0.0
ERI,2025,Aid_LOW__Conflict_internal_HIGH__Conflict_external_HIGH,0.0,0.0,0.0
ESP,2025,Aid_LOW__Conflict_internal_HIGH__Conflict_external_HIGH,0.0,0.0,0.0
ETH,2025,Aid_LOW__Conflict_internal_HIGH__Conflict_external_HIGH,0.0,0.0,0.0
FRA,2025,Aid_LOW__Conflict_internal_HIGH__Conflict_external_HIGH,0.0,0.0,0.0
GBR,2025,Aid_LOW__Conflict_internal_HIGH__Conflict_external_HIGH,0.0,0.0,0.0
GHA,2025,Aid_LOW__Conflict_internal_HIGH__Conflict_external_HIGH,0.0,0.0,0.0
GRC,2025,Aid_LOW__Conflict_internal_HIGH__Conflict_external_HIGH,0.0,0.0,0.0
GTM,2025,Aid_LOW__Conflict_internal_HIGH__Conflict_external_HIGH,0.0,0.0,0.0
GUY,2025,Aid_LOW__Conflict_internal_HIGH__Conflict_external_HIGH,0.0,0.0,0.0
HKG,2025,Aid_LOW__Conflict_internal_HIGH__Conflict_external_HIGH,0.0,0.0,0.0
HND,2025,Aid_LOW__Conflict_internal_HIGH__Conflict_external_HIGH,0.0,0.0,0.0
HTI,2025,Aid_LOW__Conflict_internal_HIGH__Conflict_external_HIGH,0.0,0.0,0.0
IDN,2025,Aid_LOW__Conflict_internal_HIGH__Conflict_external_HIGH,31306.20375000001,58244.100000000006,-26937.896249999994
IND,2025,Aid_LOW__Conflict_internal_HIGH__Conflict_external_HIGH,0.0,0.0,0.0
IRL,2025,Aid_LOW__Conflict_internal_HIGH__Conflict_external_HIGH,0.0,0.0,0.0
IRN,2025,Aid_LOW__Conflict_internal_HIGH__Conflict_external_HIGH,0.0,0.0,0.0
IRQ,2025,Aid_LOW__Conflict_internal_HIGH__Conflict_external_HIGH,0.0,0.0,0.0
ISR,2025,Aid_LOW__Conflict_internal_HIGH__Conflict_external_HIGH,0.0,0.0,0.0
ITA,2025,Aid_LOW__Conflict_internal_HIGH__Conflict_external_HIGH,0.0,0.0,0.0
JAM,2025,Aid_LOW__Conflict_internal_HIGH__Conflict_external_HIGH,0.0,0.0,0.0
JPN,2025,Aid_LOW__Conflict_internal_HIGH__Conflict_external_HIGH,0.0,0.0,0.0
KEN,2025,Aid_LOW__Conflict_internal_HIGH__Conflict_external_HIGH,0.0,0.0,0.0
KHM,2025,Aid_LOW__Conflict_internal_HIGH__Conflict_external_HIGH,0.0,0.0,0.0
KOR,2025,Aid_LOW__Conflict_internal_HIGH__Conflict_external_HIGH,0.0,0.0,0.0
LAO,2025,Aid_LOW__Conflict_internal_HIGH__Conflict_external_HIGH,0.0,0.0,0.0
LBN,2025,Aid_LOW__Conflict_internal_HIGH__Conflict_external_HIGH,0.0,0.0,0.0
LKA,2025,Aid_LOW__Conflict_internal_HIGH__Conflict_external_HIGH,0.0,0.0,0.0
MEX,2025,Aid_LOW__Conflict_internal_HIGH__Conflict_external_HIGH,0.0,0.0,0.0
MMR,2025,Aid_LOW__Conflict_internal_HIGH__Conflict_external_HIGH,0.0,0.0,0.0
MYS,2025,Aid_LOW__Conflict_internal_HIGH__Conflict_external_HIGH,91710.61500000003,170624.40000000002,-78913.78499999999
NGA,2025,Aid_LOW__Conflict_internal_HIGH__Conflict_external_HIGH,0.0,0.0,0.0
NIC,2025,Aid_LOW__Conflict_internal_HIGH__Conflict_external_HIGH,0.0,0.0,0.0
NPL,2025,Aid_LOW__Conflict_internal_HIGH__Conflict_external_HIGH,0.0,0.0,0.0
NZL,2025,Aid_LOW__Conflict_internal_HIGH__Conflict_external_HIGH,0.0,0.0,0.0
PAK,2025,Aid_LOW__Conflict_internal_HIGH__Conflict_external_HIGH,0.0,0.0,0.0
PAN,2025,Aid_LOW__Conflict_internal_HIGH__Conflict_external_HIGH,0.0,0.0,0.0
PER,2025,Aid_LOW__Conflict_internal_HIGH__Conflict_external_HIGH,0.0,0.0,0.0
PHL,2025,Aid_LOW__Conflict_internal_HIGH__Conflict_external_HIGH,0.0,0.0,0.0
POL,2025,Aid_LOW__Conflict_internal_HIGH__Conflict_external_HIGH,0.0,0.0,0.0
PRI,2025,Aid_LOW__Conflict_internal_HIGH__Conflict_external_HIGH,0.0,0.0,0.0
PRT,2025,Aid_LOW__Conflict_internal_HIGH__Conflict_external_HIGH,0.0,0.0,0.0
PSE,2025,Aid_LOW__Conflict_internal_HIGH__Conflict_external_HIGH,0.0,0.0,0.0
ROU,2025,Aid_LOW__Conflict_internal_HIGH__Conflict_external_HIGH,0.0,0.0,0.0
RUS,2025,Aid_LOW__Conflict_internal_HIGH__Conflict_external_HIGH,0.0,0.0,0.0
SAU,2025,Aid_LOW__Conflict_internal_HIGH__Conflict_external_HIGH,0.0,0.0,0.0
SDN,2025,Aid_LOW__Conflict_internal_HIGH__Conflict_external_HIGH,0.0,0.0,0.0
SGP,2025,Aid_LOW__Conflict_internal_HIGH__Conflict_external_HIGH,0.0,0.0,0.0
SLV,2025,Aid_LOW__Conflict_internal_HIGH__Conflict_external_HIGH,0.0,0.0,0.0
SOM,2025,Aid_LOW__Conflict_internal_HIGH__Conflict_external_HIGH,0.0,0.0,0.0
SYR,2025,Aid_LOW__Conflict_internal_HIGH__Conflict_external_HIGH,0.0,0.0,0.0
THA,2025,Aid_LOW__Conflict_internal_HIGH__Conflict_external_HIGH,0.0,0.0,0.0
TLS,2025,Aid_LOW__Conflict_internal_HIGH__Conflict_external_HIGH,0.0,0.0,0.0
TTO,2025,Aid_LOW__Conflict_internal_HIGH__Conflict_external_HIGH,0.0,0.0,0.0
TUR,2025,Aid_LOW__Conflict_internal_HIGH__Conflict_external_HIGH,0.0,0.0,0.0
UKR,2025,Aid_LOW__Conflict_internal_HIGH__Conflict_external_HIGH,0.0,0.0,0.0
USA,2025,Aid_LOW__Conflict_internal_HIGH__Conflict_external_HIGH,891070.8862500003,1657806.3000000003,-766735.41375
VEN,2025,Aid_LOW__Conflict_internal_HIGH__Conflict_external_HIGH,0.0,0.0,0.0
VNM,2025,Aid_LOW__Conflict_internal_HIGH__Conflict_external_HIGH,0.0,0.0,0.0
YEM,2025,Aid_LOW__Conflict_internal_HIGH__Conflict_external_HIGH,0.0,0.0,0.0
AFG,2025,Aid_HIGH__Conflict_internal_LOW__Conflict_external_LOW,0.0,0.0,0.0
ARG,2025,Aid_HIGH__Conflict_internal_LOW__Conflict_external_LOW,0.0,0.0,0.0
AUS,2025,Aid_HIGH__Conflict_internal_LOW__Conflict_external_LOW,0.0,0.0,0.0
BGD,2025,Aid_HIGH__Conflict_internal_LOW__Conflict_external_LOW,0.0,0.0,0.0
BRA,2025,Aid_HIGH__Conflict_internal_LOW__Conflict_external_LOW,0.0,0.0,0.0
BRN,2025,Aid_HIGH__Conflict_internal_LOW__Conflict_external_LOW,0.0,0.0,0.0
CAN,2025,Aid_HIGH__Conflict_internal_LOW__Conflict_external_LOW,0.0,0.0,0.0
CHN,2025,Aid_HIGH__Conflict_internal_LOW__Conflict_external_LOW,0.0,0.0,0.0
COL,2025,Aid_HIGH__Conflict_internal_LOW__Conflict_external_LOW,0.0,0.0,0.0
CUB,2025,Aid_HIGH__Conflict_internal_LOW__Conflict_external_LOW,0.0,0.0,0.0
DEU,2025,Aid_HIGH__Conflict_internal_LOW__Conflict_external_LOW,0.0,0.0,0.0
DOM,2025,Aid_HIGH__Conflict_internal_LOW__Conflict_external_LOW,0.0,0.0,0.0
ECU,2025,Aid_HIGH__Conflict_internal_LOW__Conflict_external_LOW,0.0,0.0,0.0
EGY,2025,Aid_HIGH__Conflict_internal_LOW__Conflict_external_LOW,0.0,0.0,0.0
ERI,2025,Aid_HIGH__Conflict_internal_LOW__Conflict_external_LOW,0.0,0.0,0.0
ESP,2025,Aid_HIGH__Conflict_internal_LOW__Conflict_external_LOW,0.0,0.0,0.0
ETH,2025,Aid_HIGH__Conflict_internal_LOW__Conflict_external_LOW,0.0,0.0,0.0
FRA,2025,Aid_HIGH__Conflict_internal_LOW__Conflict_external_LOW,0.0,0.0,0.0
GBR,2025,Aid_HIGH__Conflict_internal_LOW__Conflict_external_LOW,0.0,0.0,0.0
GHA,2025,Aid_HIGH__Conflict_internal_LOW__Conflict_external_LOW,0.0,0.0,0.0
GRC,2025,Aid_HIGH__Conflict_internal_LOW__Conflict_external_LOW,0.0,0.0,0.0
GTM,2025,Aid_HIGH__Conflict_internal_LOW__Conflict_external_LOW,0.0,0.0,0.0
GUY,2025,Aid_HIGH__Conflict_internal_LOW__Conflict_external_LOW,0.0,0.0,0.0
HKG,2025,Aid_HIGH__Conflict_internal_LOW__Conflict_external_LOW,0.0,0.0,0.0
HND,2025,Aid_HIGH__Conflict_internal_LOW__Conflict_external_LOW,0.0,0.0,0.0
HTI,2025,Aid_HIGH__Conflict_internal_LOW__Conflict_external_LOW,0.0,0.0,0.0
IDN,2025,Aid_HIGH__Conflict_internal_LOW__Conflict_external_LOW,79842.95375,19414.7,60428.25375
IND,2025,Aid_HIGH__Conflict_internal_LOW__Conflict_external_LOW,0.0,0.0,0.0
IRL,2025,Aid_HIGH__Conflict_internal_LOW__Conflict_external_LOW,0.0,0.0,0.0
IRN,2025,Aid_HIGH__Conflict_internal_LOW__Conflict_external_LOW,0.0,0.0,0.0
IRQ,2025,Aid_HIGH__Conflict_internal_LOW__Conflict_external_LOW,0.0,0.0,0.0
ISR,2025,Aid_HIGH__Conflict_internal_LOW__Conflict_external_LOW,0.0,0.0,0.0
ITA,2025,Aid_HIGH__Conflict_internal_LOW__Conflict_external_LOW,0.0,0.0,0.0
JAM,2025,Aid_HIGH__Conflict_internal_LOW__Conflict_external_LOW,0.0,0.0,0.0
JPN,2025,Aid_HIGH__Conflict_internal_LOW__Conflict_external_LOW,0.0,0.0,0.0
KEN,2025,Aid_HIGH__Conflict_internal_LOW__Conflict_external_LOW,0.0,0.0,0.0
KHM,2025,Aid_HIGH__Conflict_internal_LOW__Conflict_external_LOW,0.0,0.0,0.0
KOR,2025,Aid_HIGH__Conflict_internal_LOW__Conflict_external_LOW,0.0,0.0,0.0
LAO,2025,Aid_HIGH__Conflict_internal_LOW__Conflict_external_LOW,0.0,0.0,0.0
LBN,2025,Aid_HIGH__Conflict_internal_LOW__Conflict_external_LOW,0.0,0.0,0.0
LKA,2025,Aid_HIGH__Conflict_internal_LOW__Conflict_external_LOW,0.0,0.0,0.0
MEX,2025,Aid_HIGH__Conflict_internal_LOW__Conflict_external_LOW,0.0,0.0,0.0
MMR,2025,Aid_HIGH__Conflict_internal_LOW__Conflict_external_LOW,0.0,0.0,0.0
MYS,2025,Aid_HIGH__Conflict_internal_LOW__Conflict_external_LOW,233897.615,56874.8,177022.815
NGA,2025,Aid_HIGH__Conflict_internal_LOW__Conflict_external_LOW,0.0,0.0,0.0
NIC,2025,Aid_HIGH__Conflict_internal_LOW__Conflict_external_LOW,0.0,0.0,0.0
NPL,2025,Aid_HIGH__Conflict_internal_LOW__Conflict_external_LOW,0.0,0.0,0.0
NZL,2025,Aid_HIGH__Conflict_internal_LOW__Conflict_external_LOW,0.0,0.0,0.0
PAK,2025,Aid_HIGH__Conflict_internal_LOW__Conflict_external_LOW,0.0,0.0,0.0
PAN,2025,Aid_HIGH__Conflict_internal_LOW__Conflict_external_LOW,0.0,0.0,0.0
PER,2025,Aid_HIGH__Conflict_internal_LOW__Conflict_external_LOW,0.0,0.0,0.0
PHL,2025,Aid_HIGH__Conflict_internal_LOW__Conflict_external_LOW,0.0,0.0,0.0
POL,2025,Aid_HIGH__Conflict_internal_LOW__Conflict_external_LOW,0.0,0.0,0.0
PRI,2025,Aid_HIGH__Conflict_internal_LOW__Conflict_external_LOW,0.0,0.0,0.0
PRT,2025,Aid_HIGH__Conflict_internal_LOW__Conflict_external_LOW,0.0,0.0,0.0
PSE,2025,Aid_HIGH__Conflict_internal_LOW__Conflict_external_LOW,0.0,0.0,0.0
ROU,2025,Aid_HIGH__Conflict_internal_LOW__Conflict_external_LOW,0.0,0.0,0.0
RUS,2025,Aid_HIGH__Conflict_internal_LOW__Conflict_external_LOW,0.0,0.0,0.0
SAU,2025,Aid_HIGH__Conflict_internal_LOW__Conflict_external_LOW,0.0,0.0,0.0
SDN,2025,Aid_HIGH__Conflict_internal_LOW__Conflict_external_LOW,0.0,0.0,0.0
SGP,2025,Aid_HIGH__Conflict_internal_LOW__Conflict_external_LOW,0.0,0.0,0.0
SLV,2025,Aid_HIGH__Conflict_internal_LOW__Conflict_external_LOW,0.0,0.0,0.0
SOM,2025,Aid_HIGH__Conflict_internal_LOW__Conflict_external_LOW,0.0,0.0,0.0
SYR,2025,Aid_HIGH__Conflict_internal_LOW__Conflict_external_LOW,0.0,0.0,0.0
THA,2025,Aid_HIGH__Conflict_internal_LOW__Conflict_external_LOW,0.0,0.0,0.0
TLS,2025,Aid_HIGH__Conflict_internal_LOW__Conflict_external_LOW,0.0,0.0,0.0
TTO,2025,Aid_HIGH__Conflict_internal_LOW__Conflict_external_LOW,0.0,0.0,0.0
TUR,2025,Aid_HIGH__Conflict_internal_LOW__Conflict_external_LOW,0.0,0.0,0.0
UKR,2025,Aid_HIGH__Conflict_internal_LOW__Conflict_external_LOW,0.0,0.0,0.0
USA,2025,Aid_HIGH__Conflict_internal_LOW__Conflict_external_LOW,2272576.13625,552602.1,1719974.03625
VEN,2025,Aid_HIGH__Conflict_internal_LOW__Conflict_external_LOW,0.0,0.0,0.0
VNM,2025,Aid_HIGH__Conflict_internal_LOW__Conflict_external_LOW,0.0,0.0,0.0
YEM,2025,Aid_HIGH__Conflict_internal_LOW__Conflict_external_LOW,0.0,0.0,0.0
AFG,2025,Aid_HIGH__Conflict_internal_LOW__Conflict_external_HIGH,0.0,0.0,0.0
ARG,2025,Aid_HIGH__Conflict_internal_LOW__Conflict_external_HIGH,0.0,0.0,0.0
AUS,2025,Aid_HIGH__Conflict_internal_LOW__Conflict_external_HIGH,0.0,0.0,0.0
BGD,2025,Aid_HIGH__Conflict_internal_LOW__Conflict_external_HIGH,0.0,0.0,0.0
BRA,2025,Aid_HIGH__Conflict_internal_LOW__Conflict_external_HIGH,0.0,0.0,0.0
BRN,2025,Aid_HIGH__Conflict_internal_LOW__Conflict_external_HIGH,0.0,0.0,0.0
CAN,2025,Aid_HIGH__Conflict_internal_LOW__Conflict_external_HIGH,0.0,0.0,0.0
CHN,2025,Aid_HIGH__Conflict_internal_LOW__Conflict_external_HIGH,0.0,0.0,0.0
COL,2025,Aid_HIGH__Conflict_internal_LOW__Conflict_external_HIGH,0.0,0.0,0.0
CUB,2025,Aid_HIGH__Conflict_internal_LOW__Conflict_external_HIGH,0.0,0.0,0.0
DEU,2025,Aid_HIGH__Conflict_internal_LOW__Conflict_external_HIGH,0.0,0.0,0.0
DOM,2025,Aid_HIGH__Conflict_internal_LOW__Conflict_external_HIGH,0.0,0.0,0.0
ECU,2025,Aid_HIGH__Conflict_internal_LOW__Conflict_external_HIGH,0.0,0.0,0.0
EGY,2025,Aid_HIGH__Conflict_internal_LOW__Conflict_external_HIGH,0.0,0.0,0.0
ERI,2025,Aid_HIGH__Conflict_internal_LOW__Conflict_external_HIGH,0.0,0.0,0.0
ESP,2025,Aid_HIGH__Conflict_internal_LOW__Conflict_external_HIGH,0.0,0.0,0.0
ETH,2025,Aid_HIGH__Conflict_internal_LOW__Conflict_external_HIGH,0.0,0.0,0.0
FRA,2025,Aid_HIGH__Conflict_internal_LOW__Conflict_external_HIGH,0.0,0.0,0.0
GBR,2025,Aid_HIGH__Conflict_internal_LOW__Conflict_external_HIGH,0.0,0.0,0.0
GHA,2025,Aid_HIGH__Conflict_internal_LOW__Conflict_external_HIGH,0.0,0.0,0.0
GRC,2025,Aid_HIGH__Conflict_internal_LOW__Conflict_external_HIGH,0.0,0.0,0.0
GTM,2025,Aid_HIGH__Conflict_internal_LOW__Conflict_external_HIGH,0.0,0.0,0.0
GUY,2025,Aid_HIGH__Conflict_internal_LOW__Conflict_external_HIGH,0.0,0.0,0.0
HKG,2025,Aid_HIGH__Conflict_internal_LOW__Conflict_external_HIGH,0.0,0.0,0.0
HND,2025,Aid_HIGH__Conflict_internal_LOW__Conflict_external_HIGH,0.0,0.0,0.0
HTI,2025,Aid_HIGH__Conflict_internal_LOW__Conflict_external_HIGH,0.0,0.0,0.0
IDN,2025,Aid_HIGH__Conflict_internal_LOW__Conflict_external_HIGH,171577.41124999998,19414.7,152162.71124999996
IND,2025,Aid_HIGH__Conflict_internal_LOW__Conflict_external_HIGH,0.0,0.0,0.0
IRL,2025,Aid_HIGH__Conflict_internal_LOW__Conflict_external_HIGH,0.0,0.0,0.0
IRN,2025,Aid_HIGH__Conflict_internal_LOW__Conflict_external_HIGH,0.0,0.0,0.0
IRQ,2025,Aid_HIGH__Conflict_internal_LOW__Conflict_external_HIGH,0.0,0.0,0.0
ISR,2025,Aid_HIGH__Conflict_internal_LOW__Conflict_external_HIGH,0.0,0.0,0.0
ITA,2025,Aid_HIGH__Conflict_internal_LOW__Conflict_external_HIGH,0.0,0.0,0.0
JAM,2025,Aid_HIGH__Conflict_internal_LOW__Conflict_external_HIGH,0.0,0.0,0.0
JPN,2025,Aid_HIGH__Conflict_internal_LOW__Conflict_external_HIGH,0.0,0.0,0.0
KEN,2025,Aid_HIGH__Conflict_internal_LOW__Conflict_external_HIGH,0.0,0.0,0.0
KHM,2025,Aid_HIGH__Conflict_internal_LOW__Conflict_external_HIGH,0.0,0.0,0.0
KOR,2025,Aid_HIGH__Conflict_internal_LOW__Conflict_external_HIGH,0.0,0.0,0.0
LAO,2025,Aid_HIGH__Conflict_internal_LOW__Conflict_external_HIGH,0.0,0.0,0.0
LBN,2025,Aid_HIGH__Conflict_internal_LOW__Conflict_external_HIGH,0.0,0.0,0.0
LKA,2025,Aid_HIGH__Conflict_internal_LOW__Conflict_external_HIGH,0.0,0.0,0.0
MEX,2025,Aid_HIGH__Conflict_internal_LOW__Conflict_external_HIGH,0.0,0.0,0.0
MMR,2025,Aid_HIGH__Conflict_internal_LOW__Conflict_external_HIGH,0.0,0.0,0.0
MYS,2025,Aid_HIGH__Conflict_internal_LOW__Conflict_external_HIGH,502631.04499999987,56874.8,445756.2449999999
NGA,2025,Aid_HIGH__Conflict_internal_LOW__Conflict_external_HIGH,0.0,0.0,0.0
NIC,2025,Aid_HIGH__Conflict_internal_LOW__Conflict_external_HIGH,0.0,0.0,0.0
NPL,2025,Aid_HIGH__Conflict_internal_LOW__Conflict_external_HIGH,0.0,0.0,0.0
NZL,2025,Aid_HIGH__Conflict_internal_LOW__Conflict_external_HIGH,0.0,0.0,0.0
PAK,2025,Aid_HIGH__Conflict_internal_LOW__Conflict_external_HIGH,0.0,0.0,0.0
PAN,2025,Aid_HIGH__Conflict_internal_LOW__Conflict_external_HIGH,0.0,0.0,0.0
PER,2025,Aid_HIGH__Conflict_internal_LOW__Conflict_external_HIGH,0.0,0.0,0.0
PHL,2025,Aid_HIGH__Conflict_internal_LOW__Conflict_external_HIGH,0.0,0.0,0.0
POL,2025,Aid_HIGH__Conflict_internal_LOW__Conflict_external_HIGH,0.0,0.0,0.0
PRI,2025,Aid_HIGH__Conflict_internal_LOW__Conflict_external_HIGH,0.0,0.0,0.0
PRT,2025,Aid_HIGH__Conflict_internal_LOW__Conflict_external_HIGH,0.0,0.0,0.0
PSE,2025,Aid_HIGH__Conflict_internal_LOW__Conflict_external_HIGH,0.0,0.0,0.0
ROU,2025,Aid_HIGH__Conflict_internal_LOW__Conflict_external_HIGH,0.0,0.0,0.0
RUS,2025,Aid_HIGH__Conflict_internal_LOW__Conflict_external_HIGH,0.0,0.0,0.0
SAU,2025,Aid_HIGH__Conflict_internal_LOW__Conflict_external_HIGH,0.0,0.0,0.0
SDN,2025,Aid_HIGH__Conflict_internal_LOW__Conflict_external_HIGH,0.0,0.0,0.0
SGP,2025,Aid_HIGH__Conflict_internal_LOW__Conflict_external_HIGH,0.0,0.0,0.0
SLV,2025,Aid_HIGH__Conflict_internal_LOW__Conflict_external_HIGH,0.0,0.0,0.0
SOM,2025,Aid_HIGH__Conflict_internal_LOW__Conflict_external_HIGH,0.0,0.0,0.0
SYR,2025,Aid_HIGH__Conflict_internal_LOW__Conflict_external_HIGH,0.0,0.0,0.0
THA,2025,Aid_HIGH__Conflict_internal_LOW__Conflict_external_HIGH,0.0,0.0,0.0
TLS,2025,Aid_HIGH__Conflict_internal_LOW__Conflict_external_HIGH,0.0,0.0,0.0
TTO,2025,Aid_HIGH__Conflict_internal_LOW__Conflict_external_HIGH,0.0,0.0,0.0
TUR,2025,Aid_HIGH__Conflict_internal_LOW__Conflict_external_HIGH,0.0,0.0,0.0
UKR,2025,Aid_HIGH__Conflict_internal_LOW__Conflict_external_HIGH,0.0,0.0,0.0
USA,2025,Aid_HIGH__Conflict_internal_LOW__Conflict_external_HIGH,4883621.058749999,552602.1,4331018.958749999
VEN,2025,Aid_HIGH__Conflict_internal_LOW__Conflict_external_HIGH,0.0,0.0,0.0
VNM,2025,Aid_HIGH__Conflict_internal_LOW__Conflict_external_HIGH,0.0,0.0,0.0
YEM,2025,Aid_HIGH__Conflict_internal_LOW__Conflict_external_HIGH,0.0,0.0,0.0
AFG,2025,Aid_HIGH__Conflict_internal_HIGH__Conflict_external_LOW,0.0,0.0,0.0
ARG,2025,Aid_HIGH__Conflict_internal_HIGH__Conflict_external_LOW,0.0,0.0,0.0
AUS,2025,Aid_HIGH__Conflict_internal_HIGH__Conflict_external_LOW,0.0,0.0,0.0
BGD,2025,Aid_HIGH__Conflict_internal_HIGH__Conflict_external_LOW,0.0,0.0,0.0
BRA,2025,Aid_HIGH__Conflict_internal_HIGH__Conflict_external_LOW,0.0,0.0,0.0
BRN,2025,Aid_HIGH__Conflict_internal_HIGH__Conflict_external_LOW,0.0,0.0,0.0
CAN,2025,Aid_HIGH__Conflict_internal_HIGH__Conflict_external_LOW,0.0,0.0,0.0
CHN,2025,Aid_HIGH__Conflict_internal_HIGH__Conflict_external_LOW,0.0,0.0,0.0
COL,2025,Aid_HIGH__Conflict_internal_HIGH__Conflict_external_LOW,0.0,0.0,0.0
CUB,2025,Aid_HIGH__Conflict_internal_HIGH__Conflict_external_LOW,0.0,0.0,0.0
DEU,2025,Aid_HIGH__Conflict_internal_HIGH__Conflict_external_LOW,0.0,0.0,0.0
DOM,2025,Aid_HIGH__Conflict_internal_HIGH__Conflict_external_LOW,0.0,0.0,0.0
ECU,2025,Aid_HIGH__Conflict_internal_HIGH__Conflict_external_LOW,0.0,0.0,0.0
EGY,2025,Aid_HIGH__Conflict_internal_HIGH__Conflict_external_LOW,0.0,0.0,0.0
ERI,2025,Aid_HIGH__Conflict_internal_HIGH__Conflict_external_LOW,0.0,0.0,0.0
ESP,2025,Aid_HIGH__Conflict_internal_HIGH__Conflict_external_LOW,0.0,0.0,0.0
ETH,2025,Aid_HIGH__Conflict_internal_HIGH__Conflict_external_LOW,0.0,0.0,0.0
FRA,2025,Aid_HIGH__Conflict_internal_HIGH__Conflict_external_LOW,0.0,0.0,0.0
GBR,2025,Aid_HIGH__Conflict_internal_HIGH__Conflict_external_LOW,0.0,0.0,0.0
GHA,2025,Aid_HIGH__Conflict_internal_HIGH__Conflict_external_LOW,0.0,0.0,0.0
GRC,2025,Aid_HIGH__Conflict_internal_HIGH__Conflict_external_LOW,0.0,0.0,0.0
GTM,2025,Aid_HIGH__Conflict_internal_HIGH__Conflict_external_LOW,0.0,0.0,0.0
GUY,2025,Aid_HIGH__Conflict_internal_HIGH__Conflict_external_LOW,0.0,0.0,0.0
HKG,2025,Aid_HIGH__Conflict_internal_HIGH__Conflict_external_LOW,0.0,0.0,0.0
HND,2025,Aid_HIGH__Conflict_internal_HIGH__Conflict_external_LOW,0.0,0.0,0.0
HTI,2025,Aid_HIGH__Conflict_internal_HIGH__Conflict_external_LOW,0.0,0.0,0.0
IDN,2025,Aid_HIGH__Conflict_internal_HIGH__Conflict_external_LOW,40528.186250000006,58244.100000000006,-17715.91375
IND,2025,Aid_HIGH__Conflict_internal_HIGH__Conflict_external_LOW,0.0,0.0,0.0
IRL,2025,Aid_HIGH__Conflict_internal_HIGH__Conflict_external_LOW,0.0,0.0,0.0
IRN,2025,Aid_HIGH__Conflict_internal_HIGH__Conflict_external_LOW,0.0,0.0,0.0
IRQ,2025,Aid_HIGH__Conflict_internal_HIGH__Conflict_external_LOW,0.0,0.0,0.0
ISR,2025,Aid_HIGH__Conflict_internal_HIGH__Conflict_external_LOW,0.0,0.0,0.0
ITA,2025,Aid_HIGH__Conflict_internal_HIGH__Conflict_external_LOW,0.0,0.0,0.0
JAM,2025,Aid_HIGH__Conflict_internal_HIGH__Conflict_external_LOW,0.0,0.0,0.0
JPN,2025,Aid_HIGH__Conflict_internal_HIGH__Conflict_external_LOW,0.0,0.0,0.0
KEN,2025,Aid_HIGH__Conflict_internal_HIGH__Conflict_external_LOW,0.0,0.0,0.0
KHM,2025,Aid_HIGH__Conflict_internal_HIGH__Conflict_external_LOW,0.0,0.0,0.0
KOR,2025,Aid_HIGH__Conflict_internal_HIGH__Conflict_external_LOW,0.0,0.0,0.0
LAO,2025,Aid_HIGH__Conflict_internal_HIGH__Conflict_external_LOW,0.0,0.0,0.0
LBN,2025,Aid_HIGH__Conflict_internal_HIGH__Conflict_external_LOW,0.0,0.0,0.0
LKA,2025,Aid_HIGH__Conflict_internal_HIGH__Conflict_external_LOW,0.0,0.0,0.0
MEX,2025,Aid_HIGH__Conflict_internal_HIGH__Conflict_external_LOW,0.0,0.0,0.0
MMR,2025,Aid_HIGH__Conflict_internal_HIGH__Conflict_external_LOW,0.0,0.0,0.0
MYS,2025,Aid_HIGH__Conflict_internal_HIGH__Conflict_external_LOW,118726.145,170624.40000000002,-51898.25500000002
NGA,2025,Aid_HIGH__Conflict_internal_HIGH__Conflict_external_LOW,0.0,0.0,0.0
NIC,2025,Aid_HIGH__Conflict_internal_HIGH__Conflict_external_LOW,0.0,0.0,0.0
NPL,2025,Aid_HIGH__Conflict_internal_HIGH__Conflict_external_LOW,0.0,0.0,0.0
NZL,2025,Aid_HIGH__Conflict_internal_HIGH__Conflict_external_LOW,0.0,0.0,0.0
PAK,2025,Aid_HIGH__Conflict_internal_HIGH__Conflict_external_LOW,0.0,0.0,0.0
PAN,2025,Aid_HIGH__Conflict_internal_HIGH__Conflict_external_LOW,0.0,0.0,0.0
PER,2025,Aid_HIGH__Conflict_internal_HIGH__Conflict_external_LOW,0.0,0.0,0.0
PHL,2025,Aid_HIGH__Conflict_internal_HIGH__Conflict_external_LOW,0.0,0.0,0.0
POL,2025,Aid_HIGH__Conflict_internal_HIGH__Conflict_external_LOW,0.0,0.0,0.0
PRI,2025,Aid_HIGH__Conflict_internal_HIGH__Conflict_external_LOW,0.0,0.0,0.0
PRT,2025,Aid_HIGH__Conflict_internal_HIGH__Conflict_external_LOW,0.0,0.0,0.0
PSE,2025,Aid_HIGH__Conflict_internal_HIGH__Conflict_external_LOW,0.0,0.0,0.0
ROU,2025,Aid_HIGH__Conflict_internal_HIGH__Conflict_external_LOW,0.0,0.0,0.0
RUS,2025,Aid_HIGH__Conflict_internal_HIGH__Conflict_external_LOW,0.0,0.0,0.0
SAU,2025,Aid_HIGH__Conflict_internal_HIGH__Conflict_external_LOW,0.0,0.0,0.0
SDN,2025,Aid_HIGH__Conflict_internal_HIGH__Conflict_external_LOW,0.0,0.0,0.0
SGP,2025,Aid_HIGH__Conflict_internal_HIGH__Conflict_external_LOW,0.0,0.0,0.0
SLV,2025,Aid_HIGH__Conflict_internal_HIGH__Conflict_external_LOW,0.0,0.0,0.0
SOM,2025,Aid_HIGH__Conflict_internal_HIGH__Conflict_external_LOW,0.0,0.0,0.0
SYR,2025,Aid_HIGH__Conflict_internal_HIGH__Conflict_external_LOW,0.0,0.0,0.0
THA,2025,Aid_HIGH__Conflict_internal_HIGH__Conflict_external_LOW,0.0,0.0,0.0
TLS,2025,Aid_HIGH__Conflict_internal_HIGH__Conflict_external_LOW,0.0,0.0,0.0
TTO,2025,Aid_HIGH__Conflict_internal_HIGH__Conflict_external_LOW,0.0,0.0,0.0
TUR,2025,Aid_HIGH__Conflict_internal_HIGH__Conflict_external_LOW,0.0,0.0,0.0
UKR,2025,Aid_HIGH__Conflict_internal_HIGH__Conflict_external_LOW,0.0,0.0,0.0
USA,2025,Aid_HIGH__Conflict_internal_HIGH__Conflict_external_LOW,1153556.88375,1657806.3000000003,-504249.41625000024
VEN,2025,Aid_HIGH__Conflict_internal_HIGH__Conflict_external_LOW,0.0,0.0,0.0
VNM,2025,Aid_HIGH__Conflict_internal_HIGH__Conflict_external_LOW,0.0,0.0,0.0
YEM,2025,Aid_HIGH__Conflict_internal_HIGH__Conflict_external_LOW,0.0,0.0,0.0
AFG,2025,Aid_HIGH__Conflict_internal_HIGH__Conflict_external_HIGH,0.0,0.0,0.0
ARG,2025,Aid_HIGH__Conflict_internal_HIGH__Conflict_external_HIGH,0.0,0.0,0.0
AUS,2025,Aid_HIGH__Conflict_internal_HIGH__Conflict_external_HIGH,0.0,0.0,0.0
BGD,2025,Aid_HIGH__Conflict_internal_HIGH__Conflict_external_HIGH,0.0,0.0,0.0
BRA,2025,Aid_HIGH__Conflict_internal_HIGH__Conflict_external_HIGH,0.0,0.0,0.0
BRN,2025,Aid_HIGH__Conflict_internal_HIGH__Conflict_external_HIGH,0.0,0.0,0.0
CAN,2025,Aid_HIGH__Conflict_internal_HIGH__Conflict_external_HIGH,0.0,0.0,0.0
CHN,2025,Aid_HIGH__Conflict_internal_HIGH__Conflict_external_HIGH,0.0,0.0,0.0
COL,2025,Aid_HIGH__Conflict_internal_HIGH__Conflict_external_HIGH,0.0,0.0,0.0
CUB,2025,Aid_HIGH__Conflict_internal_HIGH__Conflict_external_HIGH,0.0,0.0,0.0
DEU,2025,Aid_HIGH__Conflict_internal_HIGH__Conflict_external_HIGH,0.0,0.0,0.0
DOM,2025,Aid_HIGH__Conflict_internal_HIGH__Conflict_external_HIGH,0.0,0.0,0.0
ECU,2025,Aid_HIGH__Conflict_internal_HIGH__Conflict_external_HIGH,0.0,0.0,0.0
EGY,2025,Aid_HIGH__Conflict_internal_HIGH__Conflict_external_HIGH,0.0,0.0,0.0
ERI,2025,Aid_HIGH__Conflict_internal_HIGH__Conflict_external_HIGH,0.0,0.0,0.0
ESP,2025,Aid_HIGH__Conflict_internal_HIGH__Conflict_external_HIGH,0.0,0.0,0.0
ETH,2025,Aid_HIGH__Conflict_internal_HIGH__Conflict_external_HIGH,0.0,0.0,0.0
FRA,2025,Aid_HIGH__Conflict_internal_HIGH__Conflict_external_HIGH,0.0,0.0,0.0
GBR,2025,Aid_HIGH__Conflict_internal_HIGH__Conflict_external_HIGH,0.0,0.0,0.0
GHA,2025,Aid_HIGH__Conflict_internal_HIGH__Conflict_external_HIGH,0.0,0.0,0.0
GRC,2025,Aid_HIGH__Conflict_internal_HIGH__Conflict_external_HIGH,0.0,0.0,0.0
GTM,2025,Aid_HIGH__Conflict_internal_HIGH__Conflict_external_HIGH,0.0,0.0,0.0
GUY,2025,Aid_HIGH__Conflict_internal_HIGH__Conflict_external_HIGH,0.0,0.0,0.0
HKG,2025,Aid_HIGH__Conflict_internal_HIGH__Conflict_external_HIGH,0.0,0.0,0.0
HND,2025,Aid_HIGH__Conflict_internal_HIGH__Conflict_external_HIGH,0.0,0.0,0.0
HTI,2025,Aid_HIGH__Conflict_internal_HIGH__Conflict_external_HIGH,0.0,0.0,0.0
IDN,2025,Aid_HIGH__Conflict_internal_HIGH__Conflict_external_HIGH,53633.10875000002,58244.100000000006,-4610.991249999985
IND,2025,Aid_HIGH__Conflict_internal_HIGH__Conflict_external_HIGH,0.0,0.0,0.0
IRL,2025,Aid_HIGH__Conflict_internal_HIGH__Conflict_external_HIGH,0.0,0.0,0.0
IRN,2025,Aid_HIGH__Conflict_internal_HIGH__Conflict_external_HIGH,0.0,0.0,0.0
IRQ,2025,Aid_HIGH__Conflict_internal_HIGH__Conflict_external_HIGH,0.0,0.0,0.0
ISR,2025,Aid_HIGH__Conflict_internal_HIGH__Conflict_external_HIGH,0.0,0.0,0.0
ITA,2025,Aid_HIGH__Conflict_internal_HIGH__Conflict_external_HIGH,0.0,0.0,0.0
JAM,2025,Aid_HIGH__Conflict_internal_HIGH__Conflict_external_HIGH,0.0,0.0,0.0
JPN,2025,Aid_HIGH__Conflict_internal_HIGH__Conflict_external_HIGH,0.0,0.0,0.0
KEN,2025,Aid_HIGH__Conflict_internal_HIGH__Conflict_external_HIGH,0.0,0.0,0.0
KHM,2025,Aid_HIGH__Conflict_internal_HIGH__Conflict_external_HIGH,0.0,0.0,0.0
KOR,2025,Aid_HIGH__Conflict_internal_HIGH__Conflict_external_HIGH,0.0,0.0,0.0
LAO,2025,Aid_HIGH__Conflict_internal_HIGH__Conflict_external_HIGH,0.0,0.0,0.0
LBN,2025,Aid_HIGH__Conflict_internal_HIGH__Conflict_external_HIGH,0.0,0.0,0.0
LKA,2025,Aid_HIGH__Conflict_internal_HIGH__Conflict_external_HIGH,0.0,0.0,0.0
MEX,2025,Aid_HIGH__Conflict_internal_HIGH__Conflict_external_HIGH,0.0,0.0,0.0
MMR,2025,Aid_HIGH__Conflict_internal_HIGH__Conflict_external_HIGH,0.0,0.0,0.0
MYS,2025,Aid_HIGH__Conflict_internal_HIGH__Conflict_external_HIGH,157116.63500000007,170624.40000000002,-13507.764999999956
NGA,2025,Aid_HIGH__Conflict_internal_HIGH__Conflict_external_HIGH,0.0,0.0,0.0
NIC,2025,Aid_HIGH__Conflict_internal_HIGH__Conflict_external_HIGH,0.0,0.0,0.0
NPL,2025,Aid_HIGH__Conflict_internal_HIGH__Conflict_external_HIGH,0.0,0.0,0.0
NZL,2025,Aid_HIGH__Conflict_internal_HIGH__Conflict_external_HIGH,0.0,0.0,0.0
PAK,2025,Aid_HIGH__Conflict_internal_HIGH__Conflict_external_HIGH,0.0,0.0,0.0
PAN,2025,Aid_HIGH__Conflict_internal_HIGH__Conflict_external_HIGH,0.0,0.0,0.0
PER,2025,Aid_HIGH__Conflict_internal_HIGH__Conflict_external_HIGH,0.0,0.0,0.0
PHL,2025,Aid_HIGH__Conflict_internal_HIGH__Conflict_external_HIGH,0.0,0.0,0.0
POL,2025,Aid_HIGH__Conflict_internal_HIGH__Conflict_external_HIGH,0.0,0.0,0.0
PRI,2025,Aid_HIGH__Conflict_internal_HIGH__Conflict_external_HIGH,0.0,0.0,0.0
PRT,2025,Aid_HIGH__Conflict_internal_HIGH__Conflict_external_HIGH,0.0,0.0,0.0
PSE,2025,Aid_HIGH__Conflict_internal_HIGH__Conflict_external_HIGH,0.0,0.0,0.0
ROU,2025,Aid_HIGH__Conflict_internal_HIGH__Conflict_external_HIGH,0.0,0.0,0.0
RUS,2025,Aid_HIGH__Conflict_internal_HIGH__Conflict_external_HIGH,0.0,0.0,0.0
SAU,2025,Aid_HIGH__Conflict_internal_HIGH__Conflict_external_HIGH,0.0,0.0,0.0
SDN,2025,Aid_HIGH__Conflict_internal_HIGH__Conflict_external_HIGH,0.0,0.0,0.0
SGP,2025,Aid_HIGH__Conflict_internal_HIGH__Conflict_external_HIGH,0.0,0.0,0.0
SLV,2025,Aid_HIGH__Conflict_internal_HIGH__Conflict_external_HIGH,0.0,0.0,0.0
SOM,2025,Aid_HIGH__Conflict_internal_HIGH__Conflict_external_HIGH,0.0,0.0,0.0
SYR,2025,Aid_HIGH__Conflict_internal_HIGH__Conflict_external_HIGH,0.0,0.0,0.0
THA,2025,Aid_HIGH__Conflict_internal_HIGH__Conflict_external_HIGH,0.0,0.0,0.0
TLS,2025,Aid_HIGH__Conflict_internal_HIGH__Conflict_external_HIGH,0.0,0.0,0.0
TTO,2025,Aid_HIGH__Conflict_internal_HIGH__Conflict_external_HIGH,0.0,0.0,0.0
TUR,2025,Aid_HIGH__Conflict_internal_HIGH__Conflict_external_HIGH,0.0,0.0,0.0
UKR,2025,Aid_HIGH__Conflict_internal_HIGH__Conflict_external_HIGH,0.0,0.0,0.0
USA,2025,Aid_HIGH__Conflict_internal_HIGH__Conflict_external_HIGH,1526563.3012500005,1657806.3000000003,-131242.9987499998
VEN,2025,Aid_HIGH__Conflict_internal_HIGH__Conflict_external_HIGH,0.0,0.0,0.0
VNM,2025,Aid_HIGH__Conflict_internal_HIGH__Conflict_external_HIGH,0.0,0.0,0.0
YEM,2025,Aid_HIGH__Conflict_internal_HIGH__Conflict_external_HIGH,0.0,0.0,0.0
