iso3,year,scenario,ethnic_bucket,migrant_pred_bucket,migrant_shock_bucket,delta_migrants_bucket,delta_in_bucket,delta_out_bucket
ABW,2025,AID_HIGH,Other,938.5515787790268,938.5515787790268,0.0,0.0,0.0
ABW,2025,AID_HIGH__CONFLICT_EXTERNAL_HIGH,Other,938.5515787790268,938.5515787790268,0.0,0.0,0.0
ABW,2025,AID_HIGH__CONFLICT_EXTERNAL_LOW,Other,938.5515787790268,938.5515787790268,0.0,0.0,0.0
ABW,2025,AID_HIGH__CONFLICT_INTERNAL_HIGH,Other,938.5515787790268,1408.3597989775394,469.80822019851246,0.0,469.80822019851246
ABW,2025,AID_HIGH__CONFLICT_INTERNAL_HIGH__CONFLICT_EXTERNAL_HIGH,Other,938.5515787790268,1408.3597989775394,469.80822019851246,0.0,469.80822019851246
ABW,2025,AID_HIGH__CONFLICT_INTERNAL_HIGH__CONFLICT_EXTERNAL_LOW,Other,938.5515787790268,1408.3597989775394,469.80822019851246,0.0,469.80822019851246
ABW,2025,AID_HIGH__CONFLICT_INTERNAL_LOW,Other,938.5515787790268,1095.1543188451976,156.60274006617078,0.0,156.60274006617078
ABW,2025,AID_HIGH__CONFLICT_INTERNAL_LOW__CONFLICT_EXTERNAL_HIGH,Other,938.5515787790268,1095.1543188451976,156.60274006617078,0.0,156.60274006617078
ABW,2025,AID_HIGH__CONFLICT_INTERNAL_LOW__CONFLICT_EXTERNAL_LOW,Other,938.5515787790268,1095.1543188451976,156.60274006617078,0.0,156.60274006617078
ABW,2025,AID_LOW,Other,938.5515787790268,938.5515787790268,0.0,0.0,0.0
ABW,2025,AID_LOW__CONFLICT_EXTERNAL_HIGH,Other,938.5515787790268,938.5515787790268,0.0,0.0,0.0
ABW,2025,AID_LOW__CONFLICT_EXTERNAL_LOW,Other,938.5515787790268,938.5515787790268,0.0,0.0,0.0
ABW,2025,AID_LOW__CONFLICT_INTERNAL_HIGH,Other,938.5515787790268,1408.3597989775394,469.80822019851246,0.0,469.80822019851246
ABW,2025,AID_LOW__CONFLICT_INTERNAL_HIGH__CONFLICT_EXTERNAL_HIGH,Other,938.5515787790268,1408.3597989775394,469.80822019851246,0.0,469.80822019851246
ABW,2025,AID_LOW__CONFLICT_INTERNAL_HIGH__CONFLICT_EXTERNAL_LOW,Other,938.5515787790268,1408.3597989775394,469.80822019851246,0.0,469.80822019851246
ABW,2025,AID_LOW__CONFLICT_INTERNAL_LOW,Other,938.5515787790268,1095.1543188451976,156.60274006617078,0.0,156.60274006617078
ABW,2025,AID_LOW__CONFLICT_INTERNAL_LOW__CONFLICT_EXTERNAL_HIGH,Other,938.5515787790268,1095.1543188451976,156.60274006617078,0.0,156.60274006617078
ABW,2025,AID_LOW__CONFLICT_INTERNAL_LOW__CONFLICT_EXTERNAL_LOW,Other,938.5515787790268,1095.1543188451976,156.60274006617078,0.0,156.60274006617078
ABW,2025,CONFLICT_EXTERNAL_HIGH,Other,938.5515787790268,938.5515787790268,0.0,0.0,0.0
ABW,2025,CONFLICT_EXTERNAL_LOW,Other,938.5515787790268,938.5515787790268,0.0,0.0,0.0
ABW,2025,CONFLICT_INTERNAL_HIGH,Other,938.5515787790268,1408.3597989775394,469.80822019851246,0.0,469.80822019851246
ABW,2025,CONFLICT_INTERNAL_HIGH__CONFLICT_EXTERNAL_HIGH,Other,938.5515787790268,1408.3597989775394,469.80822019851246,0.0,469.80822019851246
ABW,2025,CONFLICT_INTERNAL_HIGH__CONFLICT_EXTERNAL_LOW,Other,938.5515787790268,1408.3597989775394,469.80822019851246,0.0,469.80822019851246
ABW,2025,CONFLICT_INTERNAL_LOW,Other,938.5515787790268,1095.1543188451976,156.60274006617078,0.0,156.60274006617078
ABW,2025,CONFLICT_INTERNAL_LOW__CONFLICT_EXTERNAL_HIGH,Other,938.5515787790268,1095.1543188451976,156.60274006617078,0.0,156.60274006617078
ABW,2025,CONFLICT_INTERNAL_LOW__CONFLICT_EXTERNAL_LOW,Other,938.5515787790268,1095.1543188451976,156.60274006617078,0.0,156.60274006617078
AIA,2025,AID_HIGH,Other,465.0928489686196,465.0928489686196,0.0,0.0,0.0
AIA,2025,AID_HIGH__CONFLICT_EXTERNAL_HIGH,Other,465.0928489686196,465.0928489686196,0.0,0.0,0.0
AIA,2025,AID_HIGH__CONFLICT_EXTERNAL_LOW,Other,465.0928489686196,465.0928489686196,0.0,0.0,0.0
AIA,2025,AID_HIGH__CONFLICT_INTERNAL_HIGH,Other,465.0928489686196,710.7769769272803,245.68412795866075,0.0,245.68412795866075
AIA,2025,AID_HIGH__CONFLICT_INTERNAL_HIGH__CONFLICT_EXTERNAL_HIGH,Other,465.0928489686196,710.7769769272803,245.68412795866075,0.0,245.68412795866075
AIA,2025,AID_HIGH__CONFLICT_INTERNAL_HIGH__CONFLICT_EXTERNAL_LOW,Other,465.0928489686196,710.7769769272803,245.68412795866075,0.0,245.68412795866075
AIA,2025,AID_HIGH__CONFLICT_INTERNAL_LOW,Other,465.0928489686196,546.9875582881732,81.89470931955356,0.0,81.89470931955356
AIA,2025,AID_HIGH__CONFLICT_INTERNAL_LOW__CONFLICT_EXTERNAL_HIGH,Other,465.0928489686196,546.9875582881732,81.89470931955356,0.0,81.89470931955356
AIA,2025,AID_HIGH__CONFLICT_INTERNAL_LOW__CONFLICT_EXTERNAL_LOW,Other,465.0928489686196,546.9875582881732,81.89470931955356,0.0,81.89470931955356
AIA,2025,AID_LOW,Other,465.0928489686196,465.0928489686196,0.0,0.0,0.0
AIA,2025,AID_LOW__CONFLICT_EXTERNAL_HIGH,Other,465.0928489686196,465.0928489686196,0.0,0.0,0.0
AIA,2025,AID_LOW__CONFLICT_EXTERNAL_LOW,Other,465.0928489686196,465.0928489686196,0.0,0.0,0.0
AIA,2025,AID_LOW__CONFLICT_INTERNAL_HIGH,Other,465.0928489686196,710.7769769272803,245.68412795866075,0.0,245.68412795866075
AIA,2025,AID_LOW__CONFLICT_INTERNAL_HIGH__CONFLICT_EXTERNAL_HIGH,Other,465.0928489686196,710.7769769272803,245.68412795866075,0.0,245.68412795866075
AIA,2025,AID_LOW__CONFLICT_INTERNAL_HIGH__CONFLICT_EXTERNAL_LOW,Other,465.0928489686196,710.7769769272803,245.68412795866075,0.0,245.68412795866075
AIA,2025,AID_LOW__CONFLICT_INTERNAL_LOW,Other,465.0928489686196,546.9875582881732,81.89470931955356,0.0,81.89470931955356
AIA,2025,AID_LOW__CONFLICT_INTERNAL_LOW__CONFLICT_EXTERNAL_HIGH,Other,465.0928489686196,546.9875582881732,81.89470931955356,0.0,81.89470931955356
AIA,2025,AID_LOW__CONFLICT_INTERNAL_LOW__CONFLICT_EXTERNAL_LOW,Other,465.0928489686196,546.9875582881732,81.89470931955356,0.0,81.89470931955356
AIA,2025,CONFLICT_EXTERNAL_HIGH,Other,465.0928489686196,465.0928489686196,0.0,0.0,0.0
AIA,2025,CONFLICT_EXTERNAL_LOW,Other,465.0928489686196,465.0928489686196,0.0,0.0,0.0
AIA,2025,CONFLICT_INTERNAL_HIGH,Other,465.0928489686196,710.7769769272803,245.68412795866075,0.0,245.68412795866075
AIA,2025,CONFLICT_INTERNAL_HIGH__CONFLICT_EXTERNAL_HIGH,Other,465.0928489686196,710.7769769272803,245.68412795866075,0.0,245.68412795866075
AIA,2025,CONFLICT_INTERNAL_HIGH__CONFLICT_EXTERNAL_LOW,Other,465.0928489686196,710.7769769272803,245.68412795866075,0.0,245.68412795866075
AIA,2025,CONFLICT_INTERNAL_LOW,Other,465.0928489686196,546.9875582881732,81.89470931955356,0.0,81.89470931955356
AIA,2025,CONFLICT_INTERNAL_LOW__CONFLICT_EXTERNAL_HIGH,Other,465.0928489686196,546.9875582881732,81.89470931955356,0.0,81.89470931955356
AIA,2025,CONFLICT_INTERNAL_LOW__CONFLICT_EXTERNAL_LOW,Other,465.0928489686196,546.9875582881732,81.89470931955356,0.0,81.89470931955356
ALB,2025,AID_HIGH,Other,2101.994004621369,2101.994004621369,0.0,0.0,0.0
ALB,2025,AID_HIGH__CONFLICT_EXTERNAL_HIGH,Other,2101.994004621369,2101.994004621369,0.0,0.0,0.0
ALB,2025,AID_HIGH__CONFLICT_EXTERNAL_LOW,Other,2101.994004621369,2101.994004621369,0.0,0.0,0.0
ALB,2025,AID_HIGH__CONFLICT_INTERNAL_HIGH,Other,2101.994004621369,3161.9455281001774,1059.951523478808,0.0,1059.951523478808
ALB,2025,AID_HIGH__CONFLICT_INTERNAL_HIGH__CONFLICT_EXTERNAL_HIGH,Other,2101.994004621369,3161.9455281001774,1059.951523478808,0.0,1059.951523478808
ALB,2025,AID_HIGH__CONFLICT_INTERNAL_HIGH__CONFLICT_EXTERNAL_LOW,Other,2101.994004621369,3161.9455281001774,1059.951523478808,0.0,1059.951523478808
ALB,2025,AID_HIGH__CONFLICT_INTERNAL_LOW,Other,2101.994004621369,2455.311179114305,353.31717449293586,0.0,353.31717449293586
ALB,2025,AID_HIGH__CONFLICT_INTERNAL_LOW__CONFLICT_EXTERNAL_HIGH,Other,2101.994004621369,2455.311179114305,353.31717449293586,0.0,353.31717449293586
ALB,2025,AID_HIGH__CONFLICT_INTERNAL_LOW__CONFLICT_EXTERNAL_LOW,Other,2101.994004621369,2455.311179114305,353.31717449293586,0.0,353.31717449293586
ALB,2025,AID_LOW,Other,2101.994004621369,2101.994004621369,0.0,0.0,0.0
ALB,2025,AID_LOW__CONFLICT_EXTERNAL_HIGH,Other,2101.994004621369,2101.994004621369,0.0,0.0,0.0
ALB,2025,AID_LOW__CONFLICT_EXTERNAL_LOW,Other,2101.994004621369,2101.994004621369,0.0,0.0,0.0
ALB,2025,AID_LOW__CONFLICT_INTERNAL_HIGH,Other,2101.994004621369,3161.9455281001774,1059.951523478808,0.0,1059.951523478808
ALB,2025,AID_LOW__CONFLICT_INTERNAL_HIGH__CONFLICT_EXTERNAL_HIGH,Other,2101.994004621369,3161.9455281001774,1059.951523478808,0.0,1059.951523478808
ALB,2025,AID_LOW__CONFLICT_INTERNAL_HIGH__CONFLICT_EXTERNAL_LOW,Other,2101.994004621369,3161.9455281001774,1059.951523478808,0.0,1059.951523478808
ALB,2025,AID_LOW__CONFLICT_INTERNAL_LOW,Other,2101.994004621369,2455.311179114305,353.31717449293586,0.0,353.31717449293586
ALB,2025,AID_LOW__CONFLICT_INTERNAL_LOW__CONFLICT_EXTERNAL_HIGH,Other,2101.994004621369,2455.311179114305,353.31717449293586,0.0,353.31717449293586
ALB,2025,AID_LOW__CONFLICT_INTERNAL_LOW__CONFLICT_EXTERNAL_LOW,Other,2101.994004621369,2455.311179114305,353.31717449293586,0.0,353.31717449293586
ALB,2025,CONFLICT_EXTERNAL_HIGH,Other,2101.994004621369,2101.994004621369,0.0,0.0,0.0
ALB,2025,CONFLICT_EXTERNAL_LOW,Other,2101.994004621369,2101.994004621369,0.0,0.0,0.0
ALB,2025,CONFLICT_INTERNAL_HIGH,Other,2101.994004621369,3161.9455281001774,1059.951523478808,0.0,1059.951523478808
ALB,2025,CONFLICT_INTERNAL_HIGH__CONFLICT_EXTERNAL_HIGH,Other,2101.994004621369,3161.9455281001774,1059.951523478808,0.0,1059.951523478808
ALB,2025,CONFLICT_INTERNAL_HIGH__CONFLICT_EXTERNAL_LOW,Other,2101.994004621369,3161.9455281001774,1059.951523478808,0.0,1059.951523478808
ALB,2025,CONFLICT_INTERNAL_LOW,Other,2101.994004621369,2455.311179114305,353.31717449293586,0.0,353.31717449293586
ALB,2025,CONFLICT_INTERNAL_LOW__CONFLICT_EXTERNAL_HIGH,Other,2101.994004621369,2455.311179114305,353.31717449293586,0.0,353.31717449293586
ALB,2025,CONFLICT_INTERNAL_LOW__CONFLICT_EXTERNAL_LOW,Other,2101.994004621369,2455.311179114305,353.31717449293586,0.0,353.31717449293586
AND,2025,AID_HIGH,Other,119.94279314109914,119.94279314109914,0.0,0.0,0.0
AND,2025,AID_HIGH__CONFLICT_EXTERNAL_HIGH,Other,119.94279314109914,119.94279314109914,0.0,0.0,0.0
AND,2025,AID_HIGH__CONFLICT_EXTERNAL_LOW,Other,119.94279314109914,119.94279314109914,0.0,0.0,0.0
AND,2025,AID_HIGH__CONFLICT_INTERNAL_HIGH,Other,119.94279314109914,179.6089385024917,59.66614536139256,0.0,59.66614536139256
AND,2025,AID_HIGH__CONFLICT_INTERNAL_HIGH__CONFLICT_EXTERNAL_HIGH,Other,119.94279314109914,179.6089385024917,59.66614536139256,0.0,59.66614536139256
AND,2025,AID_HIGH__CONFLICT_INTERNAL_HIGH__CONFLICT_EXTERNAL_LOW,Other,119.94279314109914,179.6089385024917,59.66614536139256,0.0,59.66614536139256
AND,2025,AID_HIGH__CONFLICT_INTERNAL_LOW,Other,119.94279314109914,139.83150826156333,19.88871512046418,0.0,19.88871512046418
AND,2025,AID_HIGH__CONFLICT_INTERNAL_LOW__CONFLICT_EXTERNAL_HIGH,Other,119.94279314109914,139.83150826156333,19.88871512046418,0.0,19.88871512046418
AND,2025,AID_HIGH__CONFLICT_INTERNAL_LOW__CONFLICT_EXTERNAL_LOW,Other,119.94279314109914,139.83150826156333,19.88871512046418,0.0,19.88871512046418
AND,2025,AID_LOW,Other,119.94279314109914,119.94279314109914,0.0,0.0,0.0
AND,2025,AID_LOW__CONFLICT_EXTERNAL_HIGH,Other,119.94279314109914,119.94279314109914,0.0,0.0,0.0
AND,2025,AID_LOW__CONFLICT_EXTERNAL_LOW,Other,119.94279314109914,119.94279314109914,0.0,0.0,0.0
AND,2025,AID_LOW__CONFLICT_INTERNAL_HIGH,Other,119.94279314109914,179.6089385024917,59.66614536139256,0.0,59.66614536139256
AND,2025,AID_LOW__CONFLICT_INTERNAL_HIGH__CONFLICT_EXTERNAL_HIGH,Other,119.94279314109914,179.6089385024917,59.66614536139256,0.0,59.66614536139256
AND,2025,AID_LOW__CONFLICT_INTERNAL_HIGH__CONFLICT_EXTERNAL_LOW,Other,119.94279314109914,179.6089385024917,59.66614536139256,0.0,59.66614536139256
AND,2025,AID_LOW__CONFLICT_INTERNAL_LOW,Other,119.94279314109914,139.83150826156333,19.88871512046418,0.0,19.88871512046418
AND,2025,AID_LOW__CONFLICT_INTERNAL_LOW__CONFLICT_EXTERNAL_HIGH,Other,119.94279314109914,139.83150826156333,19.88871512046418,0.0,19.88871512046418
AND,2025,AID_LOW__CONFLICT_INTERNAL_LOW__CONFLICT_EXTERNAL_LOW,Other,119.94279314109914,139.83150826156333,19.88871512046418,0.0,19.88871512046418
AND,2025,CONFLICT_EXTERNAL_HIGH,Other,119.94279314109914,119.94279314109914,0.0,0.0,0.0
AND,2025,CONFLICT_EXTERNAL_LOW,Other,119.94279314109914,119.94279314109914,0.0,0.0,0.0
AND,2025,CONFLICT_INTERNAL_HIGH,Other,119.94279314109914,179.6089385024917,59.66614536139256,0.0,59.66614536139256
AND,2025,CONFLICT_INTERNAL_HIGH__CONFLICT_EXTERNAL_HIGH,Other,119.94279314109914,179.6089385024917,59.66614536139256,0.0,59.66614536139256
AND,2025,CONFLICT_INTERNAL_HIGH__CONFLICT_EXTERNAL_LOW,Other,119.94279314109914,179.6089385024917,59.66614536139256,0.0,59.66614536139256
AND,2025,CONFLICT_INTERNAL_LOW,Other,119.94279314109914,139.83150826156333,19.88871512046418,0.0,19.88871512046418
AND,2025,CONFLICT_INTERNAL_LOW__CONFLICT_EXTERNAL_HIGH,Other,119.94279314109914,139.83150826156333,19.88871512046418,0.0,19.88871512046418
AND,2025,CONFLICT_INTERNAL_LOW__CONFLICT_EXTERNAL_LOW,Other,119.94279314109914,139.83150826156333,19.88871512046418,0.0,19.88871512046418
ARE,2025,AID_HIGH,Other,307404.6894448415,307404.6894448415,0.0,0.0,0.0
ARE,2025,AID_HIGH__CONFLICT_EXTERNAL_HIGH,Other,307404.6894448415,307404.6894448415,0.0,0.0,0.0
ARE,2025,AID_HIGH__CONFLICT_EXTERNAL_LOW,Other,307404.6894448415,307404.6894448415,0.0,0.0,0.0
ARE,2025,AID_HIGH__CONFLICT_INTERNAL_HIGH,Other,307404.6894448415,319239.482923409,11834.79347856752,0.0,11834.79347856752
ARE,2025,AID_HIGH__CONFLICT_INTERNAL_HIGH__CONFLICT_EXTERNAL_HIGH,Other,307404.6894448415,319239.482923409,11834.79347856752,0.0,11834.79347856752
ARE,2025,AID_HIGH__CONFLICT_INTERNAL_HIGH__CONFLICT_EXTERNAL_LOW,Other,307404.6894448415,319239.482923409,11834.79347856752,0.0,11834.79347856752
ARE,2025,AID_HIGH__CONFLICT_INTERNAL_LOW,Other,307404.6894448415,311349.620604364,3944.9311595225063,0.0,3944.9311595225063
ARE,2025,AID_HIGH__CONFLICT_INTERNAL_LOW__CONFLICT_EXTERNAL_HIGH,Other,307404.6894448415,311349.620604364,3944.9311595225063,0.0,3944.9311595225063
ARE,2025,AID_HIGH__CONFLICT_INTERNAL_LOW__CONFLICT_EXTERNAL_LOW,Other,307404.6894448415,311349.620604364,3944.9311595225063,0.0,3944.9311595225063
ARE,2025,AID_LOW,Other,307404.6894448415,307404.6894448415,0.0,0.0,0.0
ARE,2025,AID_LOW__CONFLICT_EXTERNAL_HIGH,Other,307404.6894448415,307404.6894448415,0.0,0.0,0.0
ARE,2025,AID_LOW__CONFLICT_EXTERNAL_LOW,Other,307404.6894448415,307404.6894448415,0.0,0.0,0.0
ARE,2025,AID_LOW__CONFLICT_INTERNAL_HIGH,Other,307404.6894448415,319239.482923409,11834.79347856752,0.0,11834.79347856752
ARE,2025,AID_LOW__CONFLICT_INTERNAL_HIGH__CONFLICT_EXTERNAL_HIGH,Other,307404.6894448415,319239.482923409,11834.79347856752,0.0,11834.79347856752
ARE,2025,AID_LOW__CONFLICT_INTERNAL_HIGH__CONFLICT_EXTERNAL_LOW,Other,307404.6894448415,319239.482923409,11834.79347856752,0.0,11834.79347856752
ARE,2025,AID_LOW__CONFLICT_INTERNAL_LOW,Other,307404.6894448415,311349.620604364,3944.9311595225063,0.0,3944.9311595225063
ARE,2025,AID_LOW__CONFLICT_INTERNAL_LOW__CONFLICT_EXTERNAL_HIGH,Other,307404.6894448415,311349.620604364,3944.9311595225063,0.0,3944.9311595225063
ARE,2025,AID_LOW__CONFLICT_INTERNAL_LOW__CONFLICT_EXTERNAL_LOW,Other,307404.6894448415,311349.620604364,3944.9311595225063,0.0,3944.9311595225063
ARE,2025,CONFLICT_EXTERNAL_HIGH,Other,307404.6894448415,307404.6894448415,0.0,0.0,0.0
ARE,2025,CONFLICT_EXTERNAL_LOW,Other,307404.6894448415,307404.6894448415,0.0,0.0,0.0
ARE,2025,CONFLICT_INTERNAL_HIGH,Other,307404.6894448415,319239.482923409,11834.79347856752,0.0,11834.79347856752
ARE,2025,CONFLICT_INTERNAL_HIGH__CONFLICT_EXTERNAL_HIGH,Other,307404.6894448415,319239.482923409,11834.79347856752,0.0,11834.79347856752
ARE,2025,CONFLICT_INTERNAL_HIGH__CONFLICT_EXTERNAL_LOW,Other,307404.6894448415,319239.482923409,11834.79347856752,0.0,11834.79347856752
ARE,2025,CONFLICT_INTERNAL_LOW,Other,307404.6894448415,311349.620604364,3944.9311595225063,0.0,3944.9311595225063
ARE,2025,CONFLICT_INTERNAL_LOW__CONFLICT_EXTERNAL_HIGH,Other,307404.6894448415,311349.620604364,3944.9311595225063,0.0,3944.9311595225063
ARE,2025,CONFLICT_INTERNAL_LOW__CONFLICT_EXTERNAL_LOW,Other,307404.6894448415,311349.620604364,3944.9311595225063,0.0,3944.9311595225063
ARG,2025,AID_HIGH,Other,14675.02220908898,14675.02220908898,0.0,0.0,0.0
ARG,2025,AID_HIGH__CONFLICT_EXTERNAL_HIGH,Other,14675.02220908898,14675.02220908898,0.0,0.0,0.0
ARG,2025,AID_HIGH__CONFLICT_EXTERNAL_LOW,Other,14675.02220908898,14675.02220908898,0.0,0.0,0.0
ARG,2025,AID_HIGH__CONFLICT_INTERNAL_HIGH,Other,14675.02220908898,22154.3490188023,7479.326809713319,0.0,7479.326809713319
ARG,2025,AID_HIGH__CONFLICT_INTERNAL_HIGH__CONFLICT_EXTERNAL_HIGH,Other,14675.02220908898,22154.3490188023,7479.326809713319,0.0,7479.326809713319
ARG,2025,AID_HIGH__CONFLICT_INTERNAL_HIGH__CONFLICT_EXTERNAL_LOW,Other,14675.02220908898,22154.3490188023,7479.326809713319,0.0,7479.326809713319
ARG,2025,AID_HIGH__CONFLICT_INTERNAL_LOW,Other,14675.02220908898,17168.131145660085,2493.1089365711055,0.0,2493.1089365711055
ARG,2025,AID_HIGH__CONFLICT_INTERNAL_LOW__CONFLICT_EXTERNAL_HIGH,Other,14675.02220908898,17168.131145660085,2493.1089365711055,0.0,2493.1089365711055
ARG,2025,AID_HIGH__CONFLICT_INTERNAL_LOW__CONFLICT_EXTERNAL_LOW,Other,14675.02220908898,17168.131145660085,2493.1089365711055,0.0,2493.1089365711055
ARG,2025,AID_LOW,Other,14675.02220908898,14675.02220908898,0.0,0.0,0.0
ARG,2025,AID_LOW__CONFLICT_EXTERNAL_HIGH,Other,14675.02220908898,14675.02220908898,0.0,0.0,0.0
ARG,2025,AID_LOW__CONFLICT_EXTERNAL_LOW,Other,14675.02220908898,14675.02220908898,0.0,0.0,0.0
ARG,2025,AID_LOW__CONFLICT_INTERNAL_HIGH,Other,14675.02220908898,22154.3490188023,7479.326809713319,0.0,7479.326809713319
ARG,2025,AID_LOW__CONFLICT_INTERNAL_HIGH__CONFLICT_EXTERNAL_HIGH,Other,14675.02220908898,22154.3490188023,7479.326809713319,0.0,7479.326809713319
ARG,2025,AID_LOW__CONFLICT_INTERNAL_HIGH__CONFLICT_EXTERNAL_LOW,Other,14675.02220908898,22154.3490188023,7479.326809713319,0.0,7479.326809713319
ARG,2025,AID_LOW__CONFLICT_INTERNAL_LOW,Other,14675.02220908898,17168.131145660085,2493.1089365711055,0.0,2493.1089365711055
ARG,2025,AID_LOW__CONFLICT_INTERNAL_LOW__CONFLICT_EXTERNAL_HIGH,Other,14675.02220908898,17168.131145660085,2493.1089365711055,0.0,2493.1089365711055
ARG,2025,AID_LOW__CONFLICT_INTERNAL_LOW__CONFLICT_EXTERNAL_LOW,Other,14675.02220908898,17168.131145660085,2493.1089365711055,0.0,2493.1089365711055
ARG,2025,CONFLICT_EXTERNAL_HIGH,Other,14675.02220908898,14675.02220908898,0.0,0.0,0.0
ARG,2025,CONFLICT_EXTERNAL_LOW,Other,14675.02220908898,14675.02220908898,0.0,0.0,0.0
ARG,2025,CONFLICT_INTERNAL_HIGH,Other,14675.02220908898,22154.3490188023,7479.326809713319,0.0,7479.326809713319
ARG,2025,CONFLICT_INTERNAL_HIGH__CONFLICT_EXTERNAL_HIGH,Other,14675.02220908898,22154.3490188023,7479.326809713319,0.0,7479.326809713319
ARG,2025,CONFLICT_INTERNAL_HIGH__CONFLICT_EXTERNAL_LOW,Other,14675.02220908898,22154.3490188023,7479.326809713319,0.0,7479.326809713319
ARG,2025,CONFLICT_INTERNAL_LOW,Other,14675.02220908898,17168.131145660085,2493.1089365711055,0.0,2493.1089365711055
ARG,2025,CONFLICT_INTERNAL_LOW__CONFLICT_EXTERNAL_HIGH,Other,14675.02220908898,17168.131145660085,2493.1089365711055,0.0,2493.1089365711055
ARG,2025,CONFLICT_INTERNAL_LOW__CONFLICT_EXTERNAL_LOW,Other,14675.02220908898,17168.131145660085,2493.1089365711055,0.0,2493.1089365711055
ASM,2025,AID_HIGH,Other,2570.999591924628,2570.999591924628,0.0,0.0,0.0
ASM,2025,AID_HIGH__CONFLICT_EXTERNAL_HIGH,Other,2570.999591924628,2570.999591924628,0.0,0.0,0.0
ASM,2025,AID_HIGH__CONFLICT_EXTERNAL_LOW,Other,2570.999591924628,2570.999591924628,0.0,0.0,0.0
ASM,2025,AID_HIGH__CONFLICT_INTERNAL_HIGH,Other,2570.999591924628,3857.0807923613584,1286.0812004367306,0.0,1286.0812004367306
ASM,2025,AID_HIGH__CONFLICT_INTERNAL_HIGH__CONFLICT_EXTERNAL_HIGH,Other,2570.999591924628,3857.0807923613584,1286.0812004367306,0.0,1286.0812004367306
ASM,2025,AID_HIGH__CONFLICT_INTERNAL_HIGH__CONFLICT_EXTERNAL_LOW,Other,2570.999591924628,3857.0807923613584,1286.0812004367306,0.0,1286.0812004367306
ASM,2025,AID_HIGH__CONFLICT_INTERNAL_LOW,Other,2570.999591924628,2999.693325403538,428.6937334789101,0.0,428.6937334789101
ASM,2025,AID_HIGH__CONFLICT_INTERNAL_LOW__CONFLICT_EXTERNAL_HIGH,Other,2570.999591924628,2999.693325403538,428.6937334789101,0.0,428.6937334789101
ASM,2025,AID_HIGH__CONFLICT_INTERNAL_LOW__CONFLICT_EXTERNAL_LOW,Other,2570.999591924628,2999.693325403538,428.6937334789101,0.0,428.6937334789101
ASM,2025,AID_LOW,Other,2570.999591924628,2570.999591924628,0.0,0.0,0.0
ASM,2025,AID_LOW__CONFLICT_EXTERNAL_HIGH,Other,2570.999591924628,2570.999591924628,0.0,0.0,0.0
ASM,2025,AID_LOW__CONFLICT_EXTERNAL_LOW,Other,2570.999591924628,2570.999591924628,0.0,0.0,0.0
ASM,2025,AID_LOW__CONFLICT_INTERNAL_HIGH,Other,2570.999591924628,3857.0807923613584,1286.0812004367306,0.0,1286.0812004367306
ASM,2025,AID_LOW__CONFLICT_INTERNAL_HIGH__CONFLICT_EXTERNAL_HIGH,Other,2570.999591924628,3857.0807923613584,1286.0812004367306,0.0,1286.0812004367306
ASM,2025,AID_LOW__CONFLICT_INTERNAL_HIGH__CONFLICT_EXTERNAL_LOW,Other,2570.999591924628,3857.0807923613584,1286.0812004367306,0.0,1286.0812004367306
ASM,2025,AID_LOW__CONFLICT_INTERNAL_LOW,Other,2570.999591924628,2999.693325403538,428.6937334789101,0.0,428.6937334789101
ASM,2025,AID_LOW__CONFLICT_INTERNAL_LOW__CONFLICT_EXTERNAL_HIGH,Other,2570.999591924628,2999.693325403538,428.6937334789101,0.0,428.6937334789101
ASM,2025,AID_LOW__CONFLICT_INTERNAL_LOW__CONFLICT_EXTERNAL_LOW,Other,2570.999591924628,2999.693325403538,428.6937334789101,0.0,428.6937334789101
ASM,2025,CONFLICT_EXTERNAL_HIGH,Other,2570.999591924628,2570.999591924628,0.0,0.0,0.0
ASM,2025,CONFLICT_EXTERNAL_LOW,Other,2570.999591924628,2570.999591924628,0.0,0.0,0.0
ASM,2025,CONFLICT_INTERNAL_HIGH,Other,2570.999591924628,3857.0807923613584,1286.0812004367306,0.0,1286.0812004367306
ASM,2025,CONFLICT_INTERNAL_HIGH__CONFLICT_EXTERNAL_HIGH,Other,2570.999591924628,3857.0807923613584,1286.0812004367306,0.0,1286.0812004367306
ASM,2025,CONFLICT_INTERNAL_HIGH__CONFLICT_EXTERNAL_LOW,Other,2570.999591924628,3857.0807923613584,1286.0812004367306,0.0,1286.0812004367306
ASM,2025,CONFLICT_INTERNAL_LOW,Other,2570.999591924628,2999.693325403538,428.6937334789101,0.0,428.6937334789101
ASM,2025,CONFLICT_INTERNAL_LOW__CONFLICT_EXTERNAL_HIGH,Other,2570.999591924628,2999.693325403538,428.6937334789101,0.0,428.6937334789101
ASM,2025,CONFLICT_INTERNAL_LOW__CONFLICT_EXTERNAL_LOW,Other,2570.999591924628,2999.693325403538,428.6937334789101,0.0,428.6937334789101
ATG,2025,AID_HIGH,Other,2707.636237715476,2707.636237715476,0.0,0.0,0.0
ATG,2025,AID_HIGH__CONFLICT_EXTERNAL_HIGH,Other,2707.636237715476,2707.636237715476,0.0,0.0,0.0
ATG,2025,AID_HIGH__CONFLICT_EXTERNAL_LOW,Other,2707.636237715476,2707.636237715476,0.0,0.0,0.0
ATG,2025,AID_HIGH__CONFLICT_INTERNAL_HIGH,Other,2707.636237715476,4136.615349311751,1428.9791115962753,0.0,1428.9791115962753
ATG,2025,AID_HIGH__CONFLICT_INTERNAL_HIGH__CONFLICT_EXTERNAL_HIGH,Other,2707.636237715476,4136.615349311751,1428.9791115962753,0.0,1428.9791115962753
ATG,2025,AID_HIGH__CONFLICT_INTERNAL_HIGH__CONFLICT_EXTERNAL_LOW,Other,2707.636237715476,4136.615349311751,1428.9791115962753,0.0,1428.9791115962753
ATG,2025,AID_HIGH__CONFLICT_INTERNAL_LOW,Other,2707.636237715476,3183.9626082475675,476.3263705320916,0.0,476.3263705320916
ATG,2025,AID_HIGH__CONFLICT_INTERNAL_LOW__CONFLICT_EXTERNAL_HIGH,Other,2707.636237715476,3183.9626082475675,476.3263705320916,0.0,476.3263705320916
ATG,2025,AID_HIGH__CONFLICT_INTERNAL_LOW__CONFLICT_EXTERNAL_LOW,Other,2707.636237715476,3183.9626082475675,476.3263705320916,0.0,476.3263705320916
ATG,2025,AID_LOW,Other,2707.636237715476,2707.636237715476,0.0,0.0,0.0
ATG,2025,AID_LOW__CONFLICT_EXTERNAL_HIGH,Other,2707.636237715476,2707.636237715476,0.0,0.0,0.0
ATG,2025,AID_LOW__CONFLICT_EXTERNAL_LOW,Other,2707.636237715476,2707.636237715476,0.0,0.0,0.0
ATG,2025,AID_LOW__CONFLICT_INTERNAL_HIGH,Other,2707.636237715476,4136.615349311751,1428.9791115962753,0.0,1428.9791115962753
ATG,2025,AID_LOW__CONFLICT_INTERNAL_HIGH__CONFLICT_EXTERNAL_HIGH,Other,2707.636237715476,4136.615349311751,1428.9791115962753,0.0,1428.9791115962753
ATG,2025,AID_LOW__CONFLICT_INTERNAL_HIGH__CONFLICT_EXTERNAL_LOW,Other,2707.636237715476,4136.615349311751,1428.9791115962753,0.0,1428.9791115962753
ATG,2025,AID_LOW__CONFLICT_INTERNAL_LOW,Other,2707.636237715476,3183.9626082475675,476.3263705320916,0.0,476.3263705320916
ATG,2025,AID_LOW__CONFLICT_INTERNAL_LOW__CONFLICT_EXTERNAL_HIGH,Other,2707.636237715476,3183.9626082475675,476.3263705320916,0.0,476.3263705320916
ATG,2025,AID_LOW__CONFLICT_INTERNAL_LOW__CONFLICT_EXTERNAL_LOW,Other,2707.636237715476,3183.9626082475675,476.3263705320916,0.0,476.3263705320916
ATG,2025,CONFLICT_EXTERNAL_HIGH,Other,2707.636237715476,2707.636237715476,0.0,0.0,0.0
ATG,2025,CONFLICT_EXTERNAL_LOW,Other,2707.636237715476,2707.636237715476,0.0,0.0,0.0
ATG,2025,CONFLICT_INTERNAL_HIGH,Other,2707.636237715476,4136.615349311751,1428.9791115962753,0.0,1428.9791115962753
ATG,2025,CONFLICT_INTERNAL_HIGH__CONFLICT_EXTERNAL_HIGH,Other,2707.636237715476,4136.615349311751,1428.9791115962753,0.0,1428.9791115962753
ATG,2025,CONFLICT_INTERNAL_HIGH__CONFLICT_EXTERNAL_LOW,Other,2707.636237715476,4136.615349311751,1428.9791115962753,0.0,1428.9791115962753
ATG,2025,CONFLICT_INTERNAL_LOW,Other,2707.636237715476,3183.9626082475675,476.3263705320916,0.0,476.3263705320916
ATG,2025,CONFLICT_INTERNAL_LOW__CONFLICT_EXTERNAL_HIGH,Other,2707.636237715476,3183.9626082475675,476.3263705320916,0.0,476.3263705320916
ATG,2025,CONFLICT_INTERNAL_LOW__CONFLICT_EXTERNAL_LOW,Other,2707.636237715476,3183.9626082475675,476.3263705320916,0.0,476.3263705320916
AUS,2025,AID_HIGH,Other,1027253.5584028789,1027253.5584028789,0.0,0.0,0.0
AUS,2025,AID_HIGH__CONFLICT_EXTERNAL_HIGH,Other,1027253.5584028789,1027253.5584028789,0.0,0.0,0.0
AUS,2025,AID_HIGH__CONFLICT_EXTERNAL_LOW,Other,1027253.5584028789,1027253.5584028789,0.0,0.0,0.0
AUS,2025,AID_HIGH__CONFLICT_INTERNAL_HIGH,Other,1027253.5584028789,1186472.3254677537,159218.76706487473,0.0,159218.76706487473
AUS,2025,AID_HIGH__CONFLICT_INTERNAL_HIGH__CONFLICT_EXTERNAL_HIGH,Other,1027253.5584028789,1186472.3254677537,159218.76706487473,0.0,159218.76706487473
AUS,2025,AID_HIGH__CONFLICT_INTERNAL_HIGH__CONFLICT_EXTERNAL_LOW,Other,1027253.5584028789,1186472.3254677537,159218.76706487473,0.0,159218.76706487473
AUS,2025,AID_HIGH__CONFLICT_INTERNAL_LOW,Other,1027253.5584028789,1080326.4807578372,53072.922354958224,0.0,53072.922354958224
AUS,2025,AID_HIGH__CONFLICT_INTERNAL_LOW__CONFLICT_EXTERNAL_HIGH,Other,1027253.5584028789,1080326.4807578372,53072.922354958224,0.0,53072.922354958224
AUS,2025,AID_HIGH__CONFLICT_INTERNAL_LOW__CONFLICT_EXTERNAL_LOW,Other,1027253.5584028789,1080326.4807578372,53072.922354958224,0.0,53072.922354958224
AUS,2025,AID_LOW,Other,1027253.5584028789,1027253.5584028789,0.0,0.0,0.0
AUS,2025,AID_LOW__CONFLICT_EXTERNAL_HIGH,Other,1027253.5584028789,1027253.5584028789,0.0,0.0,0.0
AUS,2025,AID_LOW__CONFLICT_EXTERNAL_LOW,Other,1027253.5584028789,1027253.5584028789,0.0,0.0,0.0
AUS,2025,AID_LOW__CONFLICT_INTERNAL_HIGH,Other,1027253.5584028789,1186472.3254677537,159218.76706487473,0.0,159218.76706487473
AUS,2025,AID_LOW__CONFLICT_INTERNAL_HIGH__CONFLICT_EXTERNAL_HIGH,Other,1027253.5584028789,1186472.3254677537,159218.76706487473,0.0,159218.76706487473
AUS,2025,AID_LOW__CONFLICT_INTERNAL_HIGH__CONFLICT_EXTERNAL_LOW,Other,1027253.5584028789,1186472.3254677537,159218.76706487473,0.0,159218.76706487473
AUS,2025,AID_LOW__CONFLICT_INTERNAL_LOW,Other,1027253.5584028789,1080326.4807578372,53072.922354958224,0.0,53072.922354958224
AUS,2025,AID_LOW__CONFLICT_INTERNAL_LOW__CONFLICT_EXTERNAL_HIGH,Other,1027253.5584028789,1080326.4807578372,53072.922354958224,0.0,53072.922354958224
AUS,2025,AID_LOW__CONFLICT_INTERNAL_LOW__CONFLICT_EXTERNAL_LOW,Other,1027253.5584028789,1080326.4807578372,53072.922354958224,0.0,53072.922354958224
AUS,2025,CONFLICT_EXTERNAL_HIGH,Other,1027253.5584028789,1027253.5584028789,0.0,0.0,0.0
AUS,2025,CONFLICT_EXTERNAL_LOW,Other,1027253.5584028789,1027253.5584028789,0.0,0.0,0.0
AUS,2025,CONFLICT_INTERNAL_HIGH,Other,1027253.5584028789,1186472.3254677537,159218.76706487473,0.0,159218.76706487473
AUS,2025,CONFLICT_INTERNAL_HIGH__CONFLICT_EXTERNAL_HIGH,Other,1027253.5584028789,1186472.3254677537,159218.76706487473,0.0,159218.76706487473
AUS,2025,CONFLICT_INTERNAL_HIGH__CONFLICT_EXTERNAL_LOW,Other,1027253.5584028789,1186472.3254677537,159218.76706487473,0.0,159218.76706487473
AUS,2025,CONFLICT_INTERNAL_LOW,Other,1027253.5584028789,1080326.4807578372,53072.922354958224,0.0,53072.922354958224
AUS,2025,CONFLICT_INTERNAL_LOW__CONFLICT_EXTERNAL_HIGH,Other,1027253.5584028789,1080326.4807578372,53072.922354958224,0.0,53072.922354958224
AUS,2025,CONFLICT_INTERNAL_LOW__CONFLICT_EXTERNAL_LOW,Other,1027253.5584028789,1080326.4807578372,53072.922354958224,0.0,53072.922354958224
AUT,2025,AID_HIGH,Other,14839.637493352278,14839.637493352278,0.0,0.0,0.0
AUT,2025,AID_HIGH__CONFLICT_EXTERNAL_HIGH,Other,14839.637493352278,14839.637493352278,0.0,0.0,0.0
AUT,2025,AID_HIGH__CONFLICT_EXTERNAL_LOW,Other,14839.637493352278,14839.637493352278,0.0,0.0,0.0
AUT,2025,AID_HIGH__CONFLICT_INTERNAL_HIGH,Other,14839.637493352278,21876.732872739944,7037.095379387663,0.0,7037.095379387663
AUT,2025,AID_HIGH__CONFLICT_INTERNAL_HIGH__CONFLICT_EXTERNAL_HIGH,Other,14839.637493352278,21876.732872739944,7037.095379387663,0.0,7037.095379387663
AUT,2025,AID_HIGH__CONFLICT_INTERNAL_HIGH__CONFLICT_EXTERNAL_LOW,Other,14839.637493352278,21876.732872739944,7037.095379387663,0.0,7037.095379387663
AUT,2025,AID_HIGH__CONFLICT_INTERNAL_LOW,Other,14839.637493352278,17185.335953148166,2345.6984597958867,0.0,2345.6984597958867
AUT,2025,AID_HIGH__CONFLICT_INTERNAL_LOW__CONFLICT_EXTERNAL_HIGH,Other,14839.637493352278,17185.335953148166,2345.6984597958867,0.0,2345.6984597958867
AUT,2025,AID_HIGH__CONFLICT_INTERNAL_LOW__CONFLICT_EXTERNAL_LOW,Other,14839.637493352278,17185.335953148166,2345.6984597958867,0.0,2345.6984597958867
AUT,2025,AID_LOW,Other,14839.637493352278,14839.637493352278,0.0,0.0,0.0
AUT,2025,AID_LOW__CONFLICT_EXTERNAL_HIGH,Other,14839.637493352278,14839.637493352278,0.0,0.0,0.0
AUT,2025,AID_LOW__CONFLICT_EXTERNAL_LOW,Other,14839.637493352278,14839.637493352278,0.0,0.0,0.0
AUT,2025,AID_LOW__CONFLICT_INTERNAL_HIGH,Other,14839.637493352278,21876.732872739944,7037.095379387663,0.0,7037.095379387663
AUT,2025,AID_LOW__CONFLICT_INTERNAL_HIGH__CONFLICT_EXTERNAL_HIGH,Other,14839.637493352278,21876.732872739944,7037.095379387663,0.0,7037.095379387663
AUT,2025,AID_LOW__CONFLICT_INTERNAL_HIGH__CONFLICT_EXTERNAL_LOW,Other,14839.637493352278,21876.732872739944,7037.095379387663,0.0,7037.095379387663
AUT,2025,AID_LOW__CONFLICT_INTERNAL_LOW,Other,14839.637493352278,17185.335953148166,2345.6984597958867,0.0,2345.6984597958867
AUT,2025,AID_LOW__CONFLICT_INTERNAL_LOW__CONFLICT_EXTERNAL_HIGH,Other,14839.637493352278,17185.335953148166,2345.6984597958867,0.0,2345.6984597958867
AUT,2025,AID_LOW__CONFLICT_INTERNAL_LOW__CONFLICT_EXTERNAL_LOW,Other,14839.637493352278,17185.335953148166,2345.6984597958867,0.0,2345.6984597958867
AUT,2025,CONFLICT_EXTERNAL_HIGH,Other,14839.637493352278,14839.637493352278,0.0,0.0,0.0
AUT,2025,CONFLICT_EXTERNAL_LOW,Other,14839.637493352278,14839.637493352278,0.0,0.0,0.0
AUT,2025,CONFLICT_INTERNAL_HIGH,Other,14839.637493352278,21876.732872739944,7037.095379387663,0.0,7037.095379387663
AUT,2025,CONFLICT_INTERNAL_HIGH__CONFLICT_EXTERNAL_HIGH,Other,14839.637493352278,21876.732872739944,7037.095379387663,0.0,7037.095379387663
AUT,2025,CONFLICT_INTERNAL_HIGH__CONFLICT_EXTERNAL_LOW,Other,14839.637493352278,21876.732872739944,7037.095379387663,0.0,7037.095379387663
AUT,2025,CONFLICT_INTERNAL_LOW,Other,14839.637493352278,17185.335953148166,2345.6984597958867,0.0,2345.6984597958867
AUT,2025,CONFLICT_INTERNAL_LOW__CONFLICT_EXTERNAL_HIGH,Other,14839.637493352278,17185.335953148166,2345.6984597958867,0.0,2345.6984597958867
AUT,2025,CONFLICT_INTERNAL_LOW__CONFLICT_EXTERNAL_LOW,Other,14839.637493352278,17185.335953148166,2345.6984597958867,0.0,2345.6984597958867
BEL,2025,AID_HIGH,Other,19965.651157414937,19965.651157414937,0.0,0.0,0.0
BEL,2025,AID_HIGH__CONFLICT_EXTERNAL_HIGH,Other,19965.651157414937,19965.651157414937,0.0,0.0,0.0
BEL,2025,AID_HIGH__CONFLICT_EXTERNAL_LOW,Other,19965.651157414937,19965.651157414937,0.0,0.0,0.0
BEL,2025,AID_HIGH__CONFLICT_INTERNAL_HIGH,Other,19965.651157414937,28369.015798102886,8403.36464068795,0.0,8403.36464068795
BEL,2025,AID_HIGH__CONFLICT_INTERNAL_HIGH__CONFLICT_EXTERNAL_HIGH,Other,19965.651157414937,28369.015798102886,8403.36464068795,0.0,8403.36464068795
BEL,2025,AID_HIGH__CONFLICT_INTERNAL_HIGH__CONFLICT_EXTERNAL_LOW,Other,19965.651157414937,28369.015798102886,8403.36464068795,0.0,8403.36464068795
BEL,2025,AID_HIGH__CONFLICT_INTERNAL_LOW,Other,19965.651157414937,22766.77270431092,2801.121546895983,0.0,2801.121546895983
BEL,2025,AID_HIGH__CONFLICT_INTERNAL_LOW__CONFLICT_EXTERNAL_HIGH,Other,19965.651157414937,22766.77270431092,2801.121546895983,0.0,2801.121546895983
BEL,2025,AID_HIGH__CONFLICT_INTERNAL_LOW__CONFLICT_EXTERNAL_LOW,Other,19965.651157414937,22766.77270431092,2801.121546895983,0.0,2801.121546895983
BEL,2025,AID_LOW,Other,19965.651157414937,19965.651157414937,0.0,0.0,0.0
BEL,2025,AID_LOW__CONFLICT_EXTERNAL_HIGH,Other,19965.651157414937,19965.651157414937,0.0,0.0,0.0
BEL,2025,AID_LOW__CONFLICT_EXTERNAL_LOW,Other,19965.651157414937,19965.651157414937,0.0,0.0,0.0
BEL,2025,AID_LOW__CONFLICT_INTERNAL_HIGH,Other,19965.651157414937,28369.015798102886,8403.36464068795,0.0,8403.36464068795
BEL,2025,AID_LOW__CONFLICT_INTERNAL_HIGH__CONFLICT_EXTERNAL_HIGH,Other,19965.651157414937,28369.015798102886,8403.36464068795,0.0,8403.36464068795
BEL,2025,AID_LOW__CONFLICT_INTERNAL_HIGH__CONFLICT_EXTERNAL_LOW,Other,19965.651157414937,28369.015798102886,8403.36464068795,0.0,8403.36464068795
BEL,2025,AID_LOW__CONFLICT_INTERNAL_LOW,Other,19965.651157414937,22766.77270431092,2801.121546895983,0.0,2801.121546895983
BEL,2025,AID_LOW__CONFLICT_INTERNAL_LOW__CONFLICT_EXTERNAL_HIGH,Other,19965.651157414937,22766.77270431092,2801.121546895983,0.0,2801.121546895983
BEL,2025,AID_LOW__CONFLICT_INTERNAL_LOW__CONFLICT_EXTERNAL_LOW,Other,19965.651157414937,22766.77270431092,2801.121546895983,0.0,2801.121546895983
BEL,2025,CONFLICT_EXTERNAL_HIGH,Other,19965.651157414937,19965.651157414937,0.0,0.0,0.0
BEL,2025,CONFLICT_EXTERNAL_LOW,Other,19965.651157414937,19965.651157414937,0.0,0.0,0.0
BEL,2025,CONFLICT_INTERNAL_HIGH,Other,19965.651157414937,28369.015798102886,8403.36464068795,0.0,8403.36464068795
BEL,2025,CONFLICT_INTERNAL_HIGH__CONFLICT_EXTERNAL_HIGH,Other,19965.651157414937,28369.015798102886,8403.36464068795,0.0,8403.36464068795
BEL,2025,CONFLICT_INTERNAL_HIGH__CONFLICT_EXTERNAL_LOW,Other,19965.651157414937,28369.015798102886,8403.36464068795,0.0,8403.36464068795
BEL,2025,CONFLICT_INTERNAL_LOW,Other,19965.651157414937,22766.77270431092,2801.121546895983,0.0,2801.121546895983
BEL,2025,CONFLICT_INTERNAL_LOW__CONFLICT_EXTERNAL_HIGH,Other,19965.651157414937,22766.77270431092,2801.121546895983,0.0,2801.121546895983
BEL,2025,CONFLICT_INTERNAL_LOW__CONFLICT_EXTERNAL_LOW,Other,19965.651157414937,22766.77270431092,2801.121546895983,0.0,2801.121546895983
BGD,2025,AID_HIGH,Other,594387.5930615405,594387.5930615405,0.0,0.0,0.0
BGD,2025,AID_HIGH__CONFLICT_EXTERNAL_HIGH,Other,594387.5930615405,594387.5930615405,0.0,0.0,0.0
BGD,2025,AID_HIGH__CONFLICT_EXTERNAL_LOW,Other,594387.5930615405,594387.5930615405,0.0,0.0,0.0
BGD,2025,AID_HIGH__CONFLICT_INTERNAL_HIGH,Other,594387.5930615405,646315.6890819464,51928.09602040598,0.0,51928.09602040598
BGD,2025,AID_HIGH__CONFLICT_INTERNAL_HIGH__CONFLICT_EXTERNAL_HIGH,Other,594387.5930615405,646315.6890819464,51928.09602040598,0.0,51928.09602040598
BGD,2025,AID_HIGH__CONFLICT_INTERNAL_HIGH__CONFLICT_EXTERNAL_LOW,Other,594387.5930615405,646315.6890819464,51928.09602040598,0.0,51928.09602040598
BGD,2025,AID_HIGH__CONFLICT_INTERNAL_LOW,Other,594387.5930615405,611696.9584016758,17309.365340135322,0.0,17309.365340135322
BGD,2025,AID_HIGH__CONFLICT_INTERNAL_LOW__CONFLICT_EXTERNAL_HIGH,Other,594387.5930615405,611696.9584016758,17309.365340135322,0.0,17309.365340135322
BGD,2025,AID_HIGH__CONFLICT_INTERNAL_LOW__CONFLICT_EXTERNAL_LOW,Other,594387.5930615405,611696.9584016758,17309.365340135322,0.0,17309.365340135322
BGD,2025,AID_LOW,Other,594387.5930615405,594387.5930615405,0.0,0.0,0.0
BGD,2025,AID_LOW__CONFLICT_EXTERNAL_HIGH,Other,594387.5930615405,594387.5930615405,0.0,0.0,0.0
BGD,2025,AID_LOW__CONFLICT_EXTERNAL_LOW,Other,594387.5930615405,594387.5930615405,0.0,0.0,0.0
BGD,2025,AID_LOW__CONFLICT_INTERNAL_HIGH,Other,594387.5930615405,646315.6890819464,51928.09602040598,0.0,51928.09602040598
BGD,2025,AID_LOW__CONFLICT_INTERNAL_HIGH__CONFLICT_EXTERNAL_HIGH,Other,594387.5930615405,646315.6890819464,51928.09602040598,0.0,51928.09602040598
BGD,2025,AID_LOW__CONFLICT_INTERNAL_HIGH__CONFLICT_EXTERNAL_LOW,Other,594387.5930615405,646315.6890819464,51928.09602040598,0.0,51928.09602040598
BGD,2025,AID_LOW__CONFLICT_INTERNAL_LOW,Other,594387.5930615405,611696.9584016758,17309.365340135322,0.0,17309.365340135322
BGD,2025,AID_LOW__CONFLICT_INTERNAL_LOW__CONFLICT_EXTERNAL_HIGH,Other,594387.5930615405,611696.9584016758,17309.365340135322,0.0,17309.365340135322
BGD,2025,AID_LOW__CONFLICT_INTERNAL_LOW__CONFLICT_EXTERNAL_LOW,Other,594387.5930615405,611696.9584016758,17309.365340135322,0.0,17309.365340135322
BGD,2025,CONFLICT_EXTERNAL_HIGH,Other,594387.5930615405,594387.5930615405,0.0,0.0,0.0
BGD,2025,CONFLICT_EXTERNAL_LOW,Other,594387.5930615405,594387.5930615405,0.0,0.0,0.0
BGD,2025,CONFLICT_INTERNAL_HIGH,Other,594387.5930615405,646315.6890819464,51928.09602040598,0.0,51928.09602040598
BGD,2025,CONFLICT_INTERNAL_HIGH__CONFLICT_EXTERNAL_HIGH,Other,594387.5930615405,646315.6890819464,51928.09602040598,0.0,51928.09602040598
BGD,2025,CONFLICT_INTERNAL_HIGH__CONFLICT_EXTERNAL_LOW,Other,594387.5930615405,646315.6890819464,51928.09602040598,0.0,51928.09602040598
BGD,2025,CONFLICT_INTERNAL_LOW,Other,594387.5930615405,611696.9584016758,17309.365340135322,0.0,17309.365340135322
BGD,2025,CONFLICT_INTERNAL_LOW__CONFLICT_EXTERNAL_HIGH,Other,594387.5930615405,611696.9584016758,17309.365340135322,0.0,17309.365340135322
BGD,2025,CONFLICT_INTERNAL_LOW__CONFLICT_EXTERNAL_LOW,Other,594387.5930615405,611696.9584016758,17309.365340135322,0.0,17309.365340135322
BGR,2025,AID_HIGH,Other,4771.1663742292385,4771.1663742292385,0.0,0.0,0.0
BGR,2025,AID_HIGH__CONFLICT_EXTERNAL_HIGH,Other,4771.1663742292385,4771.1663742292385,0.0,0.0,0.0
BGR,2025,AID_HIGH__CONFLICT_EXTERNAL_LOW,Other,4771.1663742292385,4771.1663742292385,0.0,0.0,0.0
BGR,2025,AID_HIGH__CONFLICT_INTERNAL_HIGH,Other,4771.1663742292385,7155.923190280545,2384.7568160513074,0.0,2384.7568160513074
BGR,2025,AID_HIGH__CONFLICT_INTERNAL_HIGH__CONFLICT_EXTERNAL_HIGH,Other,4771.1663742292385,7155.923190280545,2384.7568160513074,0.0,2384.7568160513074
BGR,2025,AID_HIGH__CONFLICT_INTERNAL_HIGH__CONFLICT_EXTERNAL_LOW,Other,4771.1663742292385,7155.923190280545,2384.7568160513074,0.0,2384.7568160513074
BGR,2025,AID_HIGH__CONFLICT_INTERNAL_LOW,Other,4771.1663742292385,5566.085312913006,794.9189386837688,0.0,794.9189386837688
BGR,2025,AID_HIGH__CONFLICT_INTERNAL_LOW__CONFLICT_EXTERNAL_HIGH,Other,4771.1663742292385,5566.085312913006,794.9189386837688,0.0,794.9189386837688
BGR,2025,AID_HIGH__CONFLICT_INTERNAL_LOW__CONFLICT_EXTERNAL_LOW,Other,4771.1663742292385,5566.085312913006,794.9189386837688,0.0,794.9189386837688
BGR,2025,AID_LOW,Other,4771.1663742292385,4771.1663742292385,0.0,0.0,0.0
BGR,2025,AID_LOW__CONFLICT_EXTERNAL_HIGH,Other,4771.1663742292385,4771.1663742292385,0.0,0.0,0.0
BGR,2025,AID_LOW__CONFLICT_EXTERNAL_LOW,Other,4771.1663742292385,4771.1663742292385,0.0,0.0,0.0
BGR,2025,AID_LOW__CONFLICT_INTERNAL_HIGH,Other,4771.1663742292385,7155.923190280545,2384.7568160513074,0.0,2384.7568160513074
BGR,2025,AID_LOW__CONFLICT_INTERNAL_HIGH__CONFLICT_EXTERNAL_HIGH,Other,4771.1663742292385,7155.923190280545,2384.7568160513074,0.0,2384.7568160513074
BGR,2025,AID_LOW__CONFLICT_INTERNAL_HIGH__CONFLICT_EXTERNAL_LOW,Other,4771.1663742292385,7155.923190280545,2384.7568160513074,0.0,2384.7568160513074
BGR,2025,AID_LOW__CONFLICT_INTERNAL_LOW,Other,4771.1663742292385,5566.085312913006,794.9189386837688,0.0,794.9189386837688
BGR,2025,AID_LOW__CONFLICT_INTERNAL_LOW__CONFLICT_EXTERNAL_HIGH,Other,4771.1663742292385,5566.085312913006,794.9189386837688,0.0,794.9189386837688
BGR,2025,AID_LOW__CONFLICT_INTERNAL_LOW__CONFLICT_EXTERNAL_LOW,Other,4771.1663742292385,5566.085312913006,794.9189386837688,0.0,794.9189386837688
BGR,2025,CONFLICT_EXTERNAL_HIGH,Other,4771.1663742292385,4771.1663742292385,0.0,0.0,0.0
BGR,2025,CONFLICT_EXTERNAL_LOW,Other,4771.1663742292385,4771.1663742292385,0.0,0.0,0.0
BGR,2025,CONFLICT_INTERNAL_HIGH,Other,4771.1663742292385,7155.923190280545,2384.7568160513074,0.0,2384.7568160513074
BGR,2025,CONFLICT_INTERNAL_HIGH__CONFLICT_EXTERNAL_HIGH,Other,4771.1663742292385,7155.923190280545,2384.7568160513074,0.0,2384.7568160513074
BGR,2025,CONFLICT_INTERNAL_HIGH__CONFLICT_EXTERNAL_LOW,Other,4771.1663742292385,7155.923190280545,2384.7568160513074,0.0,2384.7568160513074
BGR,2025,CONFLICT_INTERNAL_LOW,Other,4771.1663742292385,5566.085312913006,794.9189386837688,0.0,794.9189386837688
BGR,2025,CONFLICT_INTERNAL_LOW__CONFLICT_EXTERNAL_HIGH,Other,4771.1663742292385,5566.085312913006,794.9189386837688,0.0,794.9189386837688
BGR,2025,CONFLICT_INTERNAL_LOW__CONFLICT_EXTERNAL_LOW,Other,4771.1663742292385,5566.085312913006,794.9189386837688,0.0,794.9189386837688
BHR,2025,AID_HIGH,Other,28170.734300300643,28170.734300300643,0.0,0.0,0.0
BHR,2025,AID_HIGH__CONFLICT_EXTERNAL_HIGH,Other,28170.734300300643,28170.734300300643,0.0,0.0,0.0
BHR,2025,AID_HIGH__CONFLICT_EXTERNAL_LOW,Other,28170.734300300643,28170.734300300643,0.0,0.0,0.0
BHR,2025,AID_HIGH__CONFLICT_INTERNAL_HIGH,Other,28170.734300300643,29363.255691373786,1192.5213910731447,0.0,1192.5213910731447
BHR,2025,AID_HIGH__CONFLICT_INTERNAL_HIGH__CONFLICT_EXTERNAL_HIGH,Other,28170.734300300643,29363.255691373786,1192.5213910731447,0.0,1192.5213910731447
BHR,2025,AID_HIGH__CONFLICT_INTERNAL_HIGH__CONFLICT_EXTERNAL_LOW,Other,28170.734300300643,29363.255691373786,1192.5213910731447,0.0,1192.5213910731447
BHR,2025,AID_HIGH__CONFLICT_INTERNAL_LOW,Other,28170.734300300643,28568.241430658356,397.5071303577148,0.0,397.5071303577148
BHR,2025,AID_HIGH__CONFLICT_INTERNAL_LOW__CONFLICT_EXTERNAL_HIGH,Other,28170.734300300643,28568.241430658356,397.5071303577148,0.0,397.5071303577148
BHR,2025,AID_HIGH__CONFLICT_INTERNAL_LOW__CONFLICT_EXTERNAL_LOW,Other,28170.734300300643,28568.241430658356,397.5071303577148,0.0,397.5071303577148
BHR,2025,AID_LOW,Other,28170.734300300643,28170.734300300643,0.0,0.0,0.0
BHR,2025,AID_LOW__CONFLICT_EXTERNAL_HIGH,Other,28170.734300300643,28170.734300300643,0.0,0.0,0.0
BHR,2025,AID_LOW__CONFLICT_EXTERNAL_LOW,Other,28170.734300300643,28170.734300300643,0.0,0.0,0.0
BHR,2025,AID_LOW__CONFLICT_INTERNAL_HIGH,Other,28170.734300300643,29363.255691373786,1192.5213910731447,0.0,1192.5213910731447
BHR,2025,AID_LOW__CONFLICT_INTERNAL_HIGH__CONFLICT_EXTERNAL_HIGH,Other,28170.734300300643,29363.255691373786,1192.5213910731447,0.0,1192.5213910731447
BHR,2025,AID_LOW__CONFLICT_INTERNAL_HIGH__CONFLICT_EXTERNAL_LOW,Other,28170.734300300643,29363.255691373786,1192.5213910731447,0.0,1192.5213910731447
BHR,2025,AID_LOW__CONFLICT_INTERNAL_LOW,Other,28170.734300300643,28568.241430658356,397.5071303577148,0.0,397.5071303577148
BHR,2025,AID_LOW__CONFLICT_INTERNAL_LOW__CONFLICT_EXTERNAL_HIGH,Other,28170.734300300643,28568.241430658356,397.5071303577148,0.0,397.5071303577148
BHR,2025,AID_LOW__CONFLICT_INTERNAL_LOW__CONFLICT_EXTERNAL_LOW,Other,28170.734300300643,28568.241430658356,397.5071303577148,0.0,397.5071303577148
BHR,2025,CONFLICT_EXTERNAL_HIGH,Other,28170.734300300643,28170.734300300643,0.0,0.0,0.0
BHR,2025,CONFLICT_EXTERNAL_LOW,Other,28170.734300300643,28170.734300300643,0.0,0.0,0.0
BHR,2025,CONFLICT_INTERNAL_HIGH,Other,28170.734300300643,29363.255691373786,1192.5213910731447,0.0,1192.5213910731447
BHR,2025,CONFLICT_INTERNAL_HIGH__CONFLICT_EXTERNAL_HIGH,Other,28170.734300300643,29363.255691373786,1192.5213910731447,0.0,1192.5213910731447
BHR,2025,CONFLICT_INTERNAL_HIGH__CONFLICT_EXTERNAL_LOW,Other,28170.734300300643,29363.255691373786,1192.5213910731447,0.0,1192.5213910731447
BHR,2025,CONFLICT_INTERNAL_LOW,Other,28170.734300300643,28568.241430658356,397.5071303577148,0.0,397.5071303577148
BHR,2025,CONFLICT_INTERNAL_LOW__CONFLICT_EXTERNAL_HIGH,Other,28170.734300300643,28568.241430658356,397.5071303577148,0.0,397.5071303577148
BHR,2025,CONFLICT_INTERNAL_LOW__CONFLICT_EXTERNAL_LOW,Other,28170.734300300643,28568.241430658356,397.5071303577148,0.0,397.5071303577148
BHS,2025,AID_HIGH,Other,10526.715867759387,10526.715867759387,0.0,0.0,0.0
BHS,2025,AID_HIGH__CONFLICT_EXTERNAL_HIGH,Other,10526.715867759387,10526.715867759387,0.0,0.0,0.0
BHS,2025,AID_HIGH__CONFLICT_EXTERNAL_LOW,Other,10526.715867759387,10526.715867759387,0.0,0.0,0.0
BHS,2025,AID_HIGH__CONFLICT_INTERNAL_HIGH,Other,10526.715867759387,16023.56442179215,5496.848554032762,0.0,5496.848554032762
BHS,2025,AID_HIGH__CONFLICT_INTERNAL_HIGH__CONFLICT_EXTERNAL_HIGH,Other,10526.715867759387,16023.56442179215,5496.848554032762,0.0,5496.848554032762
BHS,2025,AID_HIGH__CONFLICT_INTERNAL_HIGH__CONFLICT_EXTERNAL_LOW,Other,10526.715867759387,16023.56442179215,5496.848554032762,0.0,5496.848554032762
BHS,2025,AID_HIGH__CONFLICT_INTERNAL_LOW,Other,10526.715867759387,12358.998719103642,1832.2828513442532,0.0,1832.2828513442532
BHS,2025,AID_HIGH__CONFLICT_INTERNAL_LOW__CONFLICT_EXTERNAL_HIGH,Other,10526.715867759387,12358.998719103642,1832.2828513442532,0.0,1832.2828513442532
BHS,2025,AID_HIGH__CONFLICT_INTERNAL_LOW__CONFLICT_EXTERNAL_LOW,Other,10526.715867759387,12358.998719103642,1832.2828513442532,0.0,1832.2828513442532
BHS,2025,AID_LOW,Other,10526.715867759387,10526.715867759387,0.0,0.0,0.0
BHS,2025,AID_LOW__CONFLICT_EXTERNAL_HIGH,Other,10526.715867759387,10526.715867759387,0.0,0.0,0.0
BHS,2025,AID_LOW__CONFLICT_EXTERNAL_LOW,Other,10526.715867759387,10526.715867759387,0.0,0.0,0.0
BHS,2025,AID_LOW__CONFLICT_INTERNAL_HIGH,Other,10526.715867759387,16023.56442179215,5496.848554032762,0.0,5496.848554032762
BHS,2025,AID_LOW__CONFLICT_INTERNAL_HIGH__CONFLICT_EXTERNAL_HIGH,Other,10526.715867759387,16023.56442179215,5496.848554032762,0.0,5496.848554032762
BHS,2025,AID_LOW__CONFLICT_INTERNAL_HIGH__CONFLICT_EXTERNAL_LOW,Other,10526.715867759387,16023.56442179215,5496.848554032762,0.0,5496.848554032762
BHS,2025,AID_LOW__CONFLICT_INTERNAL_LOW,Other,10526.715867759387,12358.998719103642,1832.2828513442532,0.0,1832.2828513442532
BHS,2025,AID_LOW__CONFLICT_INTERNAL_LOW__CONFLICT_EXTERNAL_HIGH,Other,10526.715867759387,12358.998719103642,1832.2828513442532,0.0,1832.2828513442532
BHS,2025,AID_LOW__CONFLICT_INTERNAL_LOW__CONFLICT_EXTERNAL_LOW,Other,10526.715867759387,12358.998719103642,1832.2828513442532,0.0,1832.2828513442532
BHS,2025,CONFLICT_EXTERNAL_HIGH,Other,10526.715867759387,10526.715867759387,0.0,0.0,0.0
BHS,2025,CONFLICT_EXTERNAL_LOW,Other,10526.715867759387,10526.715867759387,0.0,0.0,0.0
BHS,2025,CONFLICT_INTERNAL_HIGH,Other,10526.715867759387,16023.56442179215,5496.848554032762,0.0,5496.848554032762
BHS,2025,CONFLICT_INTERNAL_HIGH__CONFLICT_EXTERNAL_HIGH,Other,10526.715867759387,16023.56442179215,5496.848554032762,0.0,5496.848554032762
BHS,2025,CONFLICT_INTERNAL_HIGH__CONFLICT_EXTERNAL_LOW,Other,10526.715867759387,16023.56442179215,5496.848554032762,0.0,5496.848554032762
BHS,2025,CONFLICT_INTERNAL_LOW,Other,10526.715867759387,12358.998719103642,1832.2828513442532,0.0,1832.2828513442532
BHS,2025,CONFLICT_INTERNAL_LOW__CONFLICT_EXTERNAL_HIGH,Other,10526.715867759387,12358.998719103642,1832.2828513442532,0.0,1832.2828513442532
BHS,2025,CONFLICT_INTERNAL_LOW__CONFLICT_EXTERNAL_LOW,Other,10526.715867759387,12358.998719103642,1832.2828513442532,0.0,1832.2828513442532
BLR,2025,AID_HIGH,Other,77.94071805793874,77.94071805793874,0.0,0.0,0.0
BLR,2025,AID_HIGH__CONFLICT_EXTERNAL_HIGH,Other,77.94071805793874,77.94071805793874,0.0,0.0,0.0
BLR,2025,AID_HIGH__CONFLICT_EXTERNAL_LOW,Other,77.94071805793874,77.94071805793874,0.0,0.0,0.0
BLR,2025,AID_HIGH__CONFLICT_INTERNAL_HIGH,Other,77.94071805793874,119.55660095706128,41.615882899122546,0.0,41.615882899122546
BLR,2025,AID_HIGH__CONFLICT_INTERNAL_HIGH__CONFLICT_EXTERNAL_HIGH,Other,77.94071805793874,119.55660095706128,41.615882899122546,0.0,41.615882899122546
BLR,2025,AID_HIGH__CONFLICT_INTERNAL_HIGH__CONFLICT_EXTERNAL_LOW,Other,77.94071805793874,119.55660095706128,41.615882899122546,0.0,41.615882899122546
BLR,2025,AID_HIGH__CONFLICT_INTERNAL_LOW,Other,77.94071805793874,91.81267902431291,13.871960966374179,0.0,13.871960966374179
BLR,2025,AID_HIGH__CONFLICT_INTERNAL_LOW__CONFLICT_EXTERNAL_HIGH,Other,77.94071805793874,91.81267902431291,13.871960966374179,0.0,13.871960966374179
BLR,2025,AID_HIGH__CONFLICT_INTERNAL_LOW__CONFLICT_EXTERNAL_LOW,Other,77.94071805793874,91.81267902431291,13.871960966374179,0.0,13.871960966374179
BLR,2025,AID_LOW,Other,77.94071805793874,77.94071805793874,0.0,0.0,0.0
BLR,2025,AID_LOW__CONFLICT_EXTERNAL_HIGH,Other,77.94071805793874,77.94071805793874,0.0,0.0,0.0
BLR,2025,AID_LOW__CONFLICT_EXTERNAL_LOW,Other,77.94071805793874,77.94071805793874,0.0,0.0,0.0
BLR,2025,AID_LOW__CONFLICT_INTERNAL_HIGH,Other,77.94071805793874,119.55660095706128,41.615882899122546,0.0,41.615882899122546
BLR,2025,AID_LOW__CONFLICT_INTERNAL_HIGH__CONFLICT_EXTERNAL_HIGH,Other,77.94071805793874,119.55660095706128,41.615882899122546,0.0,41.615882899122546
BLR,2025,AID_LOW__CONFLICT_INTERNAL_HIGH__CONFLICT_EXTERNAL_LOW,Other,77.94071805793874,119.55660095706128,41.615882899122546,0.0,41.615882899122546
BLR,2025,AID_LOW__CONFLICT_INTERNAL_LOW,Other,77.94071805793874,91.81267902431291,13.871960966374179,0.0,13.871960966374179
BLR,2025,AID_LOW__CONFLICT_INTERNAL_LOW__CONFLICT_EXTERNAL_HIGH,Other,77.94071805793874,91.81267902431291,13.871960966374179,0.0,13.871960966374179
BLR,2025,AID_LOW__CONFLICT_INTERNAL_LOW__CONFLICT_EXTERNAL_LOW,Other,77.94071805793874,91.81267902431291,13.871960966374179,0.0,13.871960966374179
BLR,2025,CONFLICT_EXTERNAL_HIGH,Other,77.94071805793874,77.94071805793874,0.0,0.0,0.0
BLR,2025,CONFLICT_EXTERNAL_LOW,Other,77.94071805793874,77.94071805793874,0.0,0.0,0.0
BLR,2025,CONFLICT_INTERNAL_HIGH,Other,77.94071805793874,119.55660095706128,41.615882899122546,0.0,41.615882899122546
BLR,2025,CONFLICT_INTERNAL_HIGH__CONFLICT_EXTERNAL_HIGH,Other,77.94071805793874,119.55660095706128,41.615882899122546,0.0,41.615882899122546
BLR,2025,CONFLICT_INTERNAL_HIGH__CONFLICT_EXTERNAL_LOW,Other,77.94071805793874,119.55660095706128,41.615882899122546,0.0,41.615882899122546
BLR,2025,CONFLICT_INTERNAL_LOW,Other,77.94071805793874,91.81267902431291,13.871960966374179,0.0,13.871960966374179
BLR,2025,CONFLICT_INTERNAL_LOW__CONFLICT_EXTERNAL_HIGH,Other,77.94071805793874,91.81267902431291,13.871960966374179,0.0,13.871960966374179
BLR,2025,CONFLICT_INTERNAL_LOW__CONFLICT_EXTERNAL_LOW,Other,77.94071805793874,91.81267902431291,13.871960966374179,0.0,13.871960966374179
BLZ,2025,AID_HIGH,Other,4648.683021871575,4648.683021871575,0.0,0.0,0.0
BLZ,2025,AID_HIGH__CONFLICT_EXTERNAL_HIGH,Other,4648.683021871575,4648.683021871575,0.0,0.0,0.0
BLZ,2025,AID_HIGH__CONFLICT_EXTERNAL_LOW,Other,4648.683021871575,4648.683021871575,0.0,0.0,0.0
BLZ,2025,AID_HIGH__CONFLICT_INTERNAL_HIGH,Other,4648.683021871575,7228.867761617155,2580.1847397455804,0.0,2580.1847397455804
BLZ,2025,AID_HIGH__CONFLICT_INTERNAL_HIGH__CONFLICT_EXTERNAL_HIGH,Other,4648.683021871575,7228.867761617155,2580.1847397455804,0.0,2580.1847397455804
BLZ,2025,AID_HIGH__CONFLICT_INTERNAL_HIGH__CONFLICT_EXTERNAL_LOW,Other,4648.683021871575,7228.867761617155,2580.1847397455804,0.0,2580.1847397455804
BLZ,2025,AID_HIGH__CONFLICT_INTERNAL_LOW,Other,4648.683021871575,5508.744601786768,860.0615799151932,0.0,860.0615799151932
BLZ,2025,AID_HIGH__CONFLICT_INTERNAL_LOW__CONFLICT_EXTERNAL_HIGH,Other,4648.683021871575,5508.744601786768,860.0615799151932,0.0,860.0615799151932
BLZ,2025,AID_HIGH__CONFLICT_INTERNAL_LOW__CONFLICT_EXTERNAL_LOW,Other,4648.683021871575,5508.744601786768,860.0615799151932,0.0,860.0615799151932
BLZ,2025,AID_LOW,Other,4648.683021871575,4648.683021871575,0.0,0.0,0.0
BLZ,2025,AID_LOW__CONFLICT_EXTERNAL_HIGH,Other,4648.683021871575,4648.683021871575,0.0,0.0,0.0
BLZ,2025,AID_LOW__CONFLICT_EXTERNAL_LOW,Other,4648.683021871575,4648.683021871575,0.0,0.0,0.0
BLZ,2025,AID_LOW__CONFLICT_INTERNAL_HIGH,Other,4648.683021871575,7228.867761617155,2580.1847397455804,0.0,2580.1847397455804
BLZ,2025,AID_LOW__CONFLICT_INTERNAL_HIGH__CONFLICT_EXTERNAL_HIGH,Other,4648.683021871575,7228.867761617155,2580.1847397455804,0.0,2580.1847397455804
BLZ,2025,AID_LOW__CONFLICT_INTERNAL_HIGH__CONFLICT_EXTERNAL_LOW,Other,4648.683021871575,7228.867761617155,2580.1847397455804,0.0,2580.1847397455804
BLZ,2025,AID_LOW__CONFLICT_INTERNAL_LOW,Other,4648.683021871575,5508.744601786768,860.0615799151932,0.0,860.0615799151932
BLZ,2025,AID_LOW__CONFLICT_INTERNAL_LOW__CONFLICT_EXTERNAL_HIGH,Other,4648.683021871575,5508.744601786768,860.0615799151932,0.0,860.0615799151932
BLZ,2025,AID_LOW__CONFLICT_INTERNAL_LOW__CONFLICT_EXTERNAL_LOW,Other,4648.683021871575,5508.744601786768,860.0615799151932,0.0,860.0615799151932
BLZ,2025,CONFLICT_EXTERNAL_HIGH,Other,4648.683021871575,4648.683021871575,0.0,0.0,0.0
BLZ,2025,CONFLICT_EXTERNAL_LOW,Other,4648.683021871575,4648.683021871575,0.0,0.0,0.0
BLZ,2025,CONFLICT_INTERNAL_HIGH,Other,4648.683021871575,7228.867761617155,2580.1847397455804,0.0,2580.1847397455804
BLZ,2025,CONFLICT_INTERNAL_HIGH__CONFLICT_EXTERNAL_HIGH,Other,4648.683021871575,7228.867761617155,2580.1847397455804,0.0,2580.1847397455804
BLZ,2025,CONFLICT_INTERNAL_HIGH__CONFLICT_EXTERNAL_LOW,Other,4648.683021871575,7228.867761617155,2580.1847397455804,0.0,2580.1847397455804
BLZ,2025,CONFLICT_INTERNAL_LOW,Other,4648.683021871575,5508.744601786768,860.0615799151932,0.0,860.0615799151932
BLZ,2025,CONFLICT_INTERNAL_LOW__CONFLICT_EXTERNAL_HIGH,Other,4648.683021871575,5508.744601786768,860.0615799151932,0.0,860.0615799151932
BLZ,2025,CONFLICT_INTERNAL_LOW__CONFLICT_EXTERNAL_LOW,Other,4648.683021871575,5508.744601786768,860.0615799151932,0.0,860.0615799151932
BMU,2025,AID_HIGH,Other,3958.6571487981623,3958.6571487981623,0.0,0.0,0.0
BMU,2025,AID_HIGH__CONFLICT_EXTERNAL_HIGH,Other,3958.6571487981623,3958.6571487981623,0.0,0.0,0.0
BMU,2025,AID_HIGH__CONFLICT_EXTERNAL_LOW,Other,3958.6571487981623,3958.6571487981623,0.0,0.0,0.0
BMU,2025,AID_HIGH__CONFLICT_INTERNAL_HIGH,Other,3958.6571487981623,5809.471636276951,1850.814487478789,0.0,1850.814487478789
BMU,2025,AID_HIGH__CONFLICT_INTERNAL_HIGH__CONFLICT_EXTERNAL_HIGH,Other,3958.6571487981623,5809.471636276951,1850.814487478789,0.0,1850.814487478789
BMU,2025,AID_HIGH__CONFLICT_INTERNAL_HIGH__CONFLICT_EXTERNAL_LOW,Other,3958.6571487981623,5809.471636276951,1850.814487478789,0.0,1850.814487478789
BMU,2025,AID_HIGH__CONFLICT_INTERNAL_LOW,Other,3958.6571487981623,4575.595311291092,616.9381624929296,0.0,616.9381624929296
BMU,2025,AID_HIGH__CONFLICT_INTERNAL_LOW__CONFLICT_EXTERNAL_HIGH,Other,3958.6571487981623,4575.595311291092,616.9381624929296,0.0,616.9381624929296
BMU,2025,AID_HIGH__CONFLICT_INTERNAL_LOW__CONFLICT_EXTERNAL_LOW,Other,3958.6571487981623,4575.595311291092,616.9381624929296,0.0,616.9381624929296
BMU,2025,AID_LOW,Other,3958.6571487981623,3958.6571487981623,0.0,0.0,0.0
BMU,2025,AID_LOW__CONFLICT_EXTERNAL_HIGH,Other,3958.6571487981623,3958.6571487981623,0.0,0.0,0.0
BMU,2025,AID_LOW__CONFLICT_EXTERNAL_LOW,Other,3958.6571487981623,3958.6571487981623,0.0,0.0,0.0
BMU,2025,AID_LOW__CONFLICT_INTERNAL_HIGH,Other,3958.6571487981623,5809.471636276951,1850.814487478789,0.0,1850.814487478789
BMU,2025,AID_LOW__CONFLICT_INTERNAL_HIGH__CONFLICT_EXTERNAL_HIGH,Other,3958.6571487981623,5809.471636276951,1850.814487478789,0.0,1850.814487478789
BMU,2025,AID_LOW__CONFLICT_INTERNAL_HIGH__CONFLICT_EXTERNAL_LOW,Other,3958.6571487981623,5809.471636276951,1850.814487478789,0.0,1850.814487478789
BMU,2025,AID_LOW__CONFLICT_INTERNAL_LOW,Other,3958.6571487981623,4575.595311291092,616.9381624929296,0.0,616.9381624929296
BMU,2025,AID_LOW__CONFLICT_INTERNAL_LOW__CONFLICT_EXTERNAL_HIGH,Other,3958.6571487981623,4575.595311291092,616.9381624929296,0.0,616.9381624929296
BMU,2025,AID_LOW__CONFLICT_INTERNAL_LOW__CONFLICT_EXTERNAL_LOW,Other,3958.6571487981623,4575.595311291092,616.9381624929296,0.0,616.9381624929296
BMU,2025,CONFLICT_EXTERNAL_HIGH,Other,3958.6571487981623,3958.6571487981623,0.0,0.0,0.0
BMU,2025,CONFLICT_EXTERNAL_LOW,Other,3958.6571487981623,3958.6571487981623,0.0,0.0,0.0
BMU,2025,CONFLICT_INTERNAL_HIGH,Other,3958.6571487981623,5809.471636276951,1850.814487478789,0.0,1850.814487478789
BMU,2025,CONFLICT_INTERNAL_HIGH__CONFLICT_EXTERNAL_HIGH,Other,3958.6571487981623,5809.471636276951,1850.814487478789,0.0,1850.814487478789
BMU,2025,CONFLICT_INTERNAL_HIGH__CONFLICT_EXTERNAL_LOW,Other,3958.6571487981623,5809.471636276951,1850.814487478789,0.0,1850.814487478789
BMU,2025,CONFLICT_INTERNAL_LOW,Other,3958.6571487981623,4575.595311291092,616.9381624929296,0.0,616.9381624929296
BMU,2025,CONFLICT_INTERNAL_LOW__CONFLICT_EXTERNAL_HIGH,Other,3958.6571487981623,4575.595311291092,616.9381624929296,0.0,616.9381624929296
BMU,2025,CONFLICT_INTERNAL_LOW__CONFLICT_EXTERNAL_LOW,Other,3958.6571487981623,4575.595311291092,616.9381624929296,0.0,616.9381624929296
BOL,2025,AID_HIGH,Other,5980.201627018438,5980.201627018438,0.0,0.0,0.0
BOL,2025,AID_HIGH__CONFLICT_EXTERNAL_HIGH,Other,5980.201627018438,5980.201627018438,0.0,0.0,0.0
BOL,2025,AID_HIGH__CONFLICT_EXTERNAL_LOW,Other,5980.201627018438,5980.201627018438,0.0,0.0,0.0
BOL,2025,AID_HIGH__CONFLICT_INTERNAL_HIGH,Other,5980.201627018438,9033.449843514467,3053.2482164960297,0.0,3053.2482164960297
BOL,2025,AID_HIGH__CONFLICT_INTERNAL_HIGH__CONFLICT_EXTERNAL_HIGH,Other,5980.201627018438,9033.449843514467,3053.2482164960297,0.0,3053.2482164960297
BOL,2025,AID_HIGH__CONFLICT_INTERNAL_HIGH__CONFLICT_EXTERNAL_LOW,Other,5980.201627018438,9033.449843514467,3053.2482164960297,0.0,3053.2482164960297
BOL,2025,AID_HIGH__CONFLICT_INTERNAL_LOW,Other,5980.201627018438,6997.951032517114,1017.7494054986762,0.0,1017.7494054986762
BOL,2025,AID_HIGH__CONFLICT_INTERNAL_LOW__CONFLICT_EXTERNAL_HIGH,Other,5980.201627018438,6997.951032517114,1017.7494054986762,0.0,1017.7494054986762
BOL,2025,AID_HIGH__CONFLICT_INTERNAL_LOW__CONFLICT_EXTERNAL_LOW,Other,5980.201627018438,6997.951032517114,1017.7494054986762,0.0,1017.7494054986762
BOL,2025,AID_LOW,Other,5980.201627018438,5980.201627018438,0.0,0.0,0.0
BOL,2025,AID_LOW__CONFLICT_EXTERNAL_HIGH,Other,5980.201627018438,5980.201627018438,0.0,0.0,0.0
BOL,2025,AID_LOW__CONFLICT_EXTERNAL_LOW,Other,5980.201627018438,5980.201627018438,0.0,0.0,0.0
BOL,2025,AID_LOW__CONFLICT_INTERNAL_HIGH,Other,5980.201627018438,9033.449843514467,3053.2482164960297,0.0,3053.2482164960297
BOL,2025,AID_LOW__CONFLICT_INTERNAL_HIGH__CONFLICT_EXTERNAL_HIGH,Other,5980.201627018438,9033.449843514467,3053.2482164960297,0.0,3053.2482164960297
BOL,2025,AID_LOW__CONFLICT_INTERNAL_HIGH__CONFLICT_EXTERNAL_LOW,Other,5980.201627018438,9033.449843514467,3053.2482164960297,0.0,3053.2482164960297
BOL,2025,AID_LOW__CONFLICT_INTERNAL_LOW,Other,5980.201627018438,6997.951032517114,1017.7494054986762,0.0,1017.7494054986762
BOL,2025,AID_LOW__CONFLICT_INTERNAL_LOW__CONFLICT_EXTERNAL_HIGH,Other,5980.201627018438,6997.951032517114,1017.7494054986762,0.0,1017.7494054986762
BOL,2025,AID_LOW__CONFLICT_INTERNAL_LOW__CONFLICT_EXTERNAL_LOW,Other,5980.201627018438,6997.951032517114,1017.7494054986762,0.0,1017.7494054986762
BOL,2025,CONFLICT_EXTERNAL_HIGH,Other,5980.201627018438,5980.201627018438,0.0,0.0,0.0
BOL,2025,CONFLICT_EXTERNAL_LOW,Other,5980.201627018438,5980.201627018438,0.0,0.0,0.0
BOL,2025,CONFLICT_INTERNAL_HIGH,Other,5980.201627018438,9033.449843514467,3053.2482164960297,0.0,3053.2482164960297
BOL,2025,CONFLICT_INTERNAL_HIGH__CONFLICT_EXTERNAL_HIGH,Other,5980.201627018438,9033.449843514467,3053.2482164960297,0.0,3053.2482164960297
BOL,2025,CONFLICT_INTERNAL_HIGH__CONFLICT_EXTERNAL_LOW,Other,5980.201627018438,9033.449843514467,3053.2482164960297,0.0,3053.2482164960297
BOL,2025,CONFLICT_INTERNAL_LOW,Other,5980.201627018438,6997.951032517114,1017.7494054986762,0.0,1017.7494054986762
BOL,2025,CONFLICT_INTERNAL_LOW__CONFLICT_EXTERNAL_HIGH,Other,5980.201627018438,6997.951032517114,1017.7494054986762,0.0,1017.7494054986762
BOL,2025,CONFLICT_INTERNAL_LOW__CONFLICT_EXTERNAL_LOW,Other,5980.201627018438,6997.951032517114,1017.7494054986762,0.0,1017.7494054986762
BRA,2025,AID_HIGH,Other,24416.87498150094,24416.87498150094,0.0,0.0,0.0
BRA,2025,AID_HIGH__CONFLICT_EXTERNAL_HIGH,Other,24416.87498150094,24416.87498150094,0.0,0.0,0.0
BRA,2025,AID_HIGH__CONFLICT_EXTERNAL_LOW,Other,24416.87498150094,24416.87498150094,0.0,0.0,0.0
BRA,2025,AID_HIGH__CONFLICT_INTERNAL_HIGH,Other,24416.87498150094,38350.42901568076,13933.55403417982,0.0,13933.55403417982
BRA,2025,AID_HIGH__CONFLICT_INTERNAL_HIGH__CONFLICT_EXTERNAL_HIGH,Other,24416.87498150094,38350.42901568076,13933.55403417982,0.0,13933.55403417982
BRA,2025,AID_HIGH__CONFLICT_INTERNAL_HIGH__CONFLICT_EXTERNAL_LOW,Other,24416.87498150094,38350.42901568076,13933.55403417982,0.0,13933.55403417982
BRA,2025,AID_HIGH__CONFLICT_INTERNAL_LOW,Other,24416.87498150094,29061.392992894213,4644.518011393272,0.0,4644.518011393272
BRA,2025,AID_HIGH__CONFLICT_INTERNAL_LOW__CONFLICT_EXTERNAL_HIGH,Other,24416.87498150094,29061.392992894213,4644.518011393272,0.0,4644.518011393272
BRA,2025,AID_HIGH__CONFLICT_INTERNAL_LOW__CONFLICT_EXTERNAL_LOW,Other,24416.87498150094,29061.392992894213,4644.518011393272,0.0,4644.518011393272
BRA,2025,AID_LOW,Other,24416.87498150094,24416.87498150094,0.0,0.0,0.0
BRA,2025,AID_LOW__CONFLICT_EXTERNAL_HIGH,Other,24416.87498150094,24416.87498150094,0.0,0.0,0.0
BRA,2025,AID_LOW__CONFLICT_EXTERNAL_LOW,Other,24416.87498150094,24416.87498150094,0.0,0.0,0.0
BRA,2025,AID_LOW__CONFLICT_INTERNAL_HIGH,Other,24416.87498150094,38350.42901568076,13933.55403417982,0.0,13933.55403417982
BRA,2025,AID_LOW__CONFLICT_INTERNAL_HIGH__CONFLICT_EXTERNAL_HIGH,Other,24416.87498150094,38350.42901568076,13933.55403417982,0.0,13933.55403417982
BRA,2025,AID_LOW__CONFLICT_INTERNAL_HIGH__CONFLICT_EXTERNAL_LOW,Other,24416.87498150094,38350.42901568076,13933.55403417982,0.0,13933.55403417982
BRA,2025,AID_LOW__CONFLICT_INTERNAL_LOW,Other,24416.87498150094,29061.392992894213,4644.518011393272,0.0,4644.518011393272
BRA,2025,AID_LOW__CONFLICT_INTERNAL_LOW__CONFLICT_EXTERNAL_HIGH,Other,24416.87498150094,29061.392992894213,4644.518011393272,0.0,4644.518011393272
BRA,2025,AID_LOW__CONFLICT_INTERNAL_LOW__CONFLICT_EXTERNAL_LOW,Other,24416.87498150094,29061.392992894213,4644.518011393272,0.0,4644.518011393272
BRA,2025,CONFLICT_EXTERNAL_HIGH,Other,24416.87498150094,24416.87498150094,0.0,0.0,0.0
BRA,2025,CONFLICT_EXTERNAL_LOW,Other,24416.87498150094,24416.87498150094,0.0,0.0,0.0
BRA,2025,CONFLICT_INTERNAL_HIGH,Other,24416.87498150094,38350.42901568076,13933.55403417982,0.0,13933.55403417982
BRA,2025,CONFLICT_INTERNAL_HIGH__CONFLICT_EXTERNAL_HIGH,Other,24416.87498150094,38350.42901568076,13933.55403417982,0.0,13933.55403417982
BRA,2025,CONFLICT_INTERNAL_HIGH__CONFLICT_EXTERNAL_LOW,Other,24416.87498150094,38350.42901568076,13933.55403417982,0.0,13933.55403417982
BRA,2025,CONFLICT_INTERNAL_LOW,Other,24416.87498150094,29061.392992894213,4644.518011393272,0.0,4644.518011393272
BRA,2025,CONFLICT_INTERNAL_LOW__CONFLICT_EXTERNAL_HIGH,Other,24416.87498150094,29061.392992894213,4644.518011393272,0.0,4644.518011393272
BRA,2025,CONFLICT_INTERNAL_LOW__CONFLICT_EXTERNAL_LOW,Other,24416.87498150094,29061.392992894213,4644.518011393272,0.0,4644.518011393272
BRB,2025,AID_HIGH,Other,1032.847359965574,1032.847359965574,0.0,0.0,0.0
BRB,2025,AID_HIGH__CONFLICT_EXTERNAL_HIGH,Other,1032.847359965574,1032.847359965574,0.0,0.0,0.0
BRB,2025,AID_HIGH__CONFLICT_EXTERNAL_LOW,Other,1032.847359965574,1032.847359965574,0.0,0.0,0.0
BRB,2025,AID_HIGH__CONFLICT_INTERNAL_HIGH,Other,1032.847359965574,1561.3189331664662,528.4715732008921,0.0,528.4715732008921
BRB,2025,AID_HIGH__CONFLICT_INTERNAL_HIGH__CONFLICT_EXTERNAL_HIGH,Other,1032.847359965574,1561.3189331664662,528.4715732008921,0.0,528.4715732008921
BRB,2025,AID_HIGH__CONFLICT_INTERNAL_HIGH__CONFLICT_EXTERNAL_LOW,Other,1032.847359965574,1561.3189331664662,528.4715732008921,0.0,528.4715732008921
BRB,2025,AID_HIGH__CONFLICT_INTERNAL_LOW,Other,1032.847359965574,1209.004551032538,176.15719106696395,0.0,176.15719106696395
BRB,2025,AID_HIGH__CONFLICT_INTERNAL_LOW__CONFLICT_EXTERNAL_HIGH,Other,1032.847359965574,1209.004551032538,176.15719106696395,0.0,176.15719106696395
BRB,2025,AID_HIGH__CONFLICT_INTERNAL_LOW__CONFLICT_EXTERNAL_LOW,Other,1032.847359965574,1209.004551032538,176.15719106696395,0.0,176.15719106696395
BRB,2025,AID_LOW,Other,1032.847359965574,1032.847359965574,0.0,0.0,0.0
BRB,2025,AID_LOW__CONFLICT_EXTERNAL_HIGH,Other,1032.847359965574,1032.847359965574,0.0,0.0,0.0
BRB,2025,AID_LOW__CONFLICT_EXTERNAL_LOW,Other,1032.847359965574,1032.847359965574,0.0,0.0,0.0
BRB,2025,AID_LOW__CONFLICT_INTERNAL_HIGH,Other,1032.847359965574,1561.3189331664662,528.4715732008921,0.0,528.4715732008921
BRB,2025,AID_LOW__CONFLICT_INTERNAL_HIGH__CONFLICT_EXTERNAL_HIGH,Other,1032.847359965574,1561.3189331664662,528.4715732008921,0.0,528.4715732008921
BRB,2025,AID_LOW__CONFLICT_INTERNAL_HIGH__CONFLICT_EXTERNAL_LOW,Other,1032.847359965574,1561.3189331664662,528.4715732008921,0.0,528.4715732008921
BRB,2025,AID_LOW__CONFLICT_INTERNAL_LOW,Other,1032.847359965574,1209.004551032538,176.15719106696395,0.0,176.15719106696395
BRB,2025,AID_LOW__CONFLICT_INTERNAL_LOW__CONFLICT_EXTERNAL_HIGH,Other,1032.847359965574,1209.004551032538,176.15719106696395,0.0,176.15719106696395
BRB,2025,AID_LOW__CONFLICT_INTERNAL_LOW__CONFLICT_EXTERNAL_LOW,Other,1032.847359965574,1209.004551032538,176.15719106696395,0.0,176.15719106696395
BRB,2025,CONFLICT_EXTERNAL_HIGH,Other,1032.847359965574,1032.847359965574,0.0,0.0,0.0
BRB,2025,CONFLICT_EXTERNAL_LOW,Other,1032.847359965574,1032.847359965574,0.0,0.0,0.0
BRB,2025,CONFLICT_INTERNAL_HIGH,Other,1032.847359965574,1561.3189331664662,528.4715732008921,0.0,528.4715732008921
BRB,2025,CONFLICT_INTERNAL_HIGH__CONFLICT_EXTERNAL_HIGH,Other,1032.847359965574,1561.3189331664662,528.4715732008921,0.0,528.4715732008921
BRB,2025,CONFLICT_INTERNAL_HIGH__CONFLICT_EXTERNAL_LOW,Other,1032.847359965574,1561.3189331664662,528.4715732008921,0.0,528.4715732008921
BRB,2025,CONFLICT_INTERNAL_LOW,Other,1032.847359965574,1209.004551032538,176.15719106696395,0.0,176.15719106696395
BRB,2025,CONFLICT_INTERNAL_LOW__CONFLICT_EXTERNAL_HIGH,Other,1032.847359965574,1209.004551032538,176.15719106696395,0.0,176.15719106696395
BRB,2025,CONFLICT_INTERNAL_LOW__CONFLICT_EXTERNAL_LOW,Other,1032.847359965574,1209.004551032538,176.15719106696395,0.0,176.15719106696395
BRN,2025,AID_HIGH,Other,71203.7456937846,71203.7456937846,0.0,0.0,0.0
BRN,2025,AID_HIGH__CONFLICT_EXTERNAL_HIGH,Other,71203.7456937846,71203.7456937846,0.0,0.0,0.0
BRN,2025,AID_HIGH__CONFLICT_EXTERNAL_LOW,Other,71203.7456937846,71203.7456937846,0.0,0.0,0.0
BRN,2025,AID_HIGH__CONFLICT_INTERNAL_HIGH,Other,71203.7456937846,75047.76218541557,3844.016491630991,0.0,3844.016491630991
BRN,2025,AID_HIGH__CONFLICT_INTERNAL_HIGH__CONFLICT_EXTERNAL_HIGH,Other,71203.7456937846,75047.76218541557,3844.016491630991,0.0,3844.016491630991
BRN,2025,AID_HIGH__CONFLICT_INTERNAL_HIGH__CONFLICT_EXTERNAL_LOW,Other,71203.7456937846,75047.76218541557,3844.016491630991,0.0,3844.016491630991
BRN,2025,AID_HIGH__CONFLICT_INTERNAL_LOW,Other,71203.7456937846,72485.08452432827,1281.3388305436633,0.0,1281.3388305436633
BRN,2025,AID_HIGH__CONFLICT_INTERNAL_LOW__CONFLICT_EXTERNAL_HIGH,Other,71203.7456937846,72485.08452432827,1281.3388305436633,0.0,1281.3388305436633
BRN,2025,AID_HIGH__CONFLICT_INTERNAL_LOW__CONFLICT_EXTERNAL_LOW,Other,71203.7456937846,72485.08452432827,1281.3388305436633,0.0,1281.3388305436633
BRN,2025,AID_LOW,Other,71203.7456937846,71203.7456937846,0.0,0.0,0.0
BRN,2025,AID_LOW__CONFLICT_EXTERNAL_HIGH,Other,71203.7456937846,71203.7456937846,0.0,0.0,0.0
BRN,2025,AID_LOW__CONFLICT_EXTERNAL_LOW,Other,71203.7456937846,71203.7456937846,0.0,0.0,0.0
BRN,2025,AID_LOW__CONFLICT_INTERNAL_HIGH,Other,71203.7456937846,75047.76218541557,3844.016491630991,0.0,3844.016491630991
BRN,2025,AID_LOW__CONFLICT_INTERNAL_HIGH__CONFLICT_EXTERNAL_HIGH,Other,71203.7456937846,75047.76218541557,3844.016491630991,0.0,3844.016491630991
BRN,2025,AID_LOW__CONFLICT_INTERNAL_HIGH__CONFLICT_EXTERNAL_LOW,Other,71203.7456937846,75047.76218541557,3844.016491630991,0.0,3844.016491630991
BRN,2025,AID_LOW__CONFLICT_INTERNAL_LOW,Other,71203.7456937846,72485.08452432827,1281.3388305436633,0.0,1281.3388305436633
BRN,2025,AID_LOW__CONFLICT_INTERNAL_LOW__CONFLICT_EXTERNAL_HIGH,Other,71203.7456937846,72485.08452432827,1281.3388305436633,0.0,1281.3388305436633
BRN,2025,AID_LOW__CONFLICT_INTERNAL_LOW__CONFLICT_EXTERNAL_LOW,Other,71203.7456937846,72485.08452432827,1281.3388305436633,0.0,1281.3388305436633
BRN,2025,CONFLICT_EXTERNAL_HIGH,Other,71203.7456937846,71203.7456937846,0.0,0.0,0.0
BRN,2025,CONFLICT_EXTERNAL_LOW,Other,71203.7456937846,71203.7456937846,0.0,0.0,0.0
BRN,2025,CONFLICT_INTERNAL_HIGH,Other,71203.7456937846,75047.76218541557,3844.016491630991,0.0,3844.016491630991
BRN,2025,CONFLICT_INTERNAL_HIGH__CONFLICT_EXTERNAL_HIGH,Other,71203.7456937846,75047.76218541557,3844.016491630991,0.0,3844.016491630991
BRN,2025,CONFLICT_INTERNAL_HIGH__CONFLICT_EXTERNAL_LOW,Other,71203.7456937846,75047.76218541557,3844.016491630991,0.0,3844.016491630991
BRN,2025,CONFLICT_INTERNAL_LOW,Other,71203.7456937846,72485.08452432827,1281.3388305436633,0.0,1281.3388305436633
BRN,2025,CONFLICT_INTERNAL_LOW__CONFLICT_EXTERNAL_HIGH,Other,71203.7456937846,72485.08452432827,1281.3388305436633,0.0,1281.3388305436633
BRN,2025,CONFLICT_INTERNAL_LOW__CONFLICT_EXTERNAL_LOW,Other,71203.7456937846,72485.08452432827,1281.3388305436633,0.0,1281.3388305436633
BTN,2025,AID_HIGH,Other,136.7838127564818,136.7838127564818,0.0,0.0,0.0
BTN,2025,AID_HIGH__CONFLICT_EXTERNAL_HIGH,Other,136.7838127564818,136.7838127564818,0.0,0.0,0.0
BTN,2025,AID_HIGH__CONFLICT_EXTERNAL_LOW,Other,136.7838127564818,136.7838127564818,0.0,0.0,0.0
BTN,2025,AID_HIGH__CONFLICT_INTERNAL_HIGH,Other,136.7838127564818,210.48905114408439,73.70523838760258,0.0,73.70523838760258
BTN,2025,AID_HIGH__CONFLICT_INTERNAL_HIGH__CONFLICT_EXTERNAL_HIGH,Other,136.7838127564818,210.48905114408439,73.70523838760258,0.0,73.70523838760258
BTN,2025,AID_HIGH__CONFLICT_INTERNAL_HIGH__CONFLICT_EXTERNAL_LOW,Other,136.7838127564818,210.48905114408439,73.70523838760258,0.0,73.70523838760258
BTN,2025,AID_HIGH__CONFLICT_INTERNAL_LOW,Other,136.7838127564818,161.35222555234932,24.568412795867516,0.0,24.568412795867516
BTN,2025,AID_HIGH__CONFLICT_INTERNAL_LOW__CONFLICT_EXTERNAL_HIGH,Other,136.7838127564818,161.35222555234932,24.568412795867516,0.0,24.568412795867516
BTN,2025,AID_HIGH__CONFLICT_INTERNAL_LOW__CONFLICT_EXTERNAL_LOW,Other,136.7838127564818,161.35222555234932,24.568412795867516,0.0,24.568412795867516
BTN,2025,AID_LOW,Other,136.7838127564818,136.7838127564818,0.0,0.0,0.0
BTN,2025,AID_LOW__CONFLICT_EXTERNAL_HIGH,Other,136.7838127564818,136.7838127564818,0.0,0.0,0.0
BTN,2025,AID_LOW__CONFLICT_EXTERNAL_LOW,Other,136.7838127564818,136.7838127564818,0.0,0.0,0.0
BTN,2025,AID_LOW__CONFLICT_INTERNAL_HIGH,Other,136.7838127564818,210.48905114408439,73.70523838760258,0.0,73.70523838760258
BTN,2025,AID_LOW__CONFLICT_INTERNAL_HIGH__CONFLICT_EXTERNAL_HIGH,Other,136.7838127564818,210.48905114408439,73.70523838760258,0.0,73.70523838760258
BTN,2025,AID_LOW__CONFLICT_INTERNAL_HIGH__CONFLICT_EXTERNAL_LOW,Other,136.7838127564818,210.48905114408439,73.70523838760258,0.0,73.70523838760258
BTN,2025,AID_LOW__CONFLICT_INTERNAL_LOW,Other,136.7838127564818,161.35222555234932,24.568412795867516,0.0,24.568412795867516
BTN,2025,AID_LOW__CONFLICT_INTERNAL_LOW__CONFLICT_EXTERNAL_HIGH,Other,136.7838127564818,161.35222555234932,24.568412795867516,0.0,24.568412795867516
BTN,2025,AID_LOW__CONFLICT_INTERNAL_LOW__CONFLICT_EXTERNAL_LOW,Other,136.7838127564818,161.35222555234932,24.568412795867516,0.0,24.568412795867516
BTN,2025,CONFLICT_EXTERNAL_HIGH,Other,136.7838127564818,136.7838127564818,0.0,0.0,0.0
BTN,2025,CONFLICT_EXTERNAL_LOW,Other,136.7838127564818,136.7838127564818,0.0,0.0,0.0
BTN,2025,CONFLICT_INTERNAL_HIGH,Other,136.7838127564818,210.48905114408439,73.70523838760258,0.0,73.70523838760258
BTN,2025,CONFLICT_INTERNAL_HIGH__CONFLICT_EXTERNAL_HIGH,Other,136.7838127564818,210.48905114408439,73.70523838760258,0.0,73.70523838760258
BTN,2025,CONFLICT_INTERNAL_HIGH__CONFLICT_EXTERNAL_LOW,Other,136.7838127564818,210.48905114408439,73.70523838760258,0.0,73.70523838760258
BTN,2025,CONFLICT_INTERNAL_LOW,Other,136.7838127564818,161.35222555234932,24.568412795867516,0.0,24.568412795867516
BTN,2025,CONFLICT_INTERNAL_LOW__CONFLICT_EXTERNAL_HIGH,Other,136.7838127564818,161.35222555234932,24.568412795867516,0.0,24.568412795867516
BTN,2025,CONFLICT_INTERNAL_LOW__CONFLICT_EXTERNAL_LOW,Other,136.7838127564818,161.35222555234932,24.568412795867516,0.0,24.568412795867516
BWA,2025,AID_HIGH,Other,1006.0649596306712,1006.0649596306712,0.0,0.0,0.0
BWA,2025,AID_HIGH__CONFLICT_EXTERNAL_HIGH,Other,1006.0649596306712,1006.0649596306712,0.0,0.0,0.0
BWA,2025,AID_HIGH__CONFLICT_EXTERNAL_LOW,Other,1006.0649596306712,1006.0649596306712,0.0,0.0,0.0
BWA,2025,AID_HIGH__CONFLICT_INTERNAL_HIGH,Other,1006.0649596306712,1492.920649932374,486.8556903017029,0.0,486.8556903017029
BWA,2025,AID_HIGH__CONFLICT_INTERNAL_HIGH__CONFLICT_EXTERNAL_HIGH,Other,1006.0649596306712,1492.920649932374,486.8556903017029,0.0,486.8556903017029
BWA,2025,AID_HIGH__CONFLICT_INTERNAL_HIGH__CONFLICT_EXTERNAL_LOW,Other,1006.0649596306712,1492.920649932374,486.8556903017029,0.0,486.8556903017029
BWA,2025,AID_HIGH__CONFLICT_INTERNAL_LOW,Other,1006.0649596306712,1168.3501897312387,162.2852301005676,0.0,162.2852301005676
BWA,2025,AID_HIGH__CONFLICT_INTERNAL_LOW__CONFLICT_EXTERNAL_HIGH,Other,1006.0649596306712,1168.3501897312387,162.2852301005676,0.0,162.2852301005676
BWA,2025,AID_HIGH__CONFLICT_INTERNAL_LOW__CONFLICT_EXTERNAL_LOW,Other,1006.0649596306712,1168.3501897312387,162.2852301005676,0.0,162.2852301005676
BWA,2025,AID_LOW,Other,1006.0649596306712,1006.0649596306712,0.0,0.0,0.0
BWA,2025,AID_LOW__CONFLICT_EXTERNAL_HIGH,Other,1006.0649596306712,1006.0649596306712,0.0,0.0,0.0
BWA,2025,AID_LOW__CONFLICT_EXTERNAL_LOW,Other,1006.0649596306712,1006.0649596306712,0.0,0.0,0.0
BWA,2025,AID_LOW__CONFLICT_INTERNAL_HIGH,Other,1006.0649596306712,1492.920649932374,486.8556903017029,0.0,486.8556903017029
BWA,2025,AID_LOW__CONFLICT_INTERNAL_HIGH__CONFLICT_EXTERNAL_HIGH,Other,1006.0649596306712,1492.920649932374,486.8556903017029,0.0,486.8556903017029
BWA,2025,AID_LOW__CONFLICT_INTERNAL_HIGH__CONFLICT_EXTERNAL_LOW,Other,1006.0649596306712,1492.920649932374,486.8556903017029,0.0,486.8556903017029
BWA,2025,AID_LOW__CONFLICT_INTERNAL_LOW,Other,1006.0649596306712,1168.3501897312387,162.2852301005676,0.0,162.2852301005676
BWA,2025,AID_LOW__CONFLICT_INTERNAL_LOW__CONFLICT_EXTERNAL_HIGH,Other,1006.0649596306712,1168.3501897312387,162.2852301005676,0.0,162.2852301005676
BWA,2025,AID_LOW__CONFLICT_INTERNAL_LOW__CONFLICT_EXTERNAL_LOW,Other,1006.0649596306712,1168.3501897312387,162.2852301005676,0.0,162.2852301005676
BWA,2025,CONFLICT_EXTERNAL_HIGH,Other,1006.0649596306712,1006.0649596306712,0.0,0.0,0.0
BWA,2025,CONFLICT_EXTERNAL_LOW,Other,1006.0649596306712,1006.0649596306712,0.0,0.0,0.0
BWA,2025,CONFLICT_INTERNAL_HIGH,Other,1006.0649596306712,1492.920649932374,486.8556903017029,0.0,486.8556903017029
BWA,2025,CONFLICT_INTERNAL_HIGH__CONFLICT_EXTERNAL_HIGH,Other,1006.0649596306712,1492.920649932374,486.8556903017029,0.0,486.8556903017029
BWA,2025,CONFLICT_INTERNAL_HIGH__CONFLICT_EXTERNAL_LOW,Other,1006.0649596306712,1492.920649932374,486.8556903017029,0.0,486.8556903017029
BWA,2025,CONFLICT_INTERNAL_LOW,Other,1006.0649596306712,1168.3501897312387,162.2852301005676,0.0,162.2852301005676
BWA,2025,CONFLICT_INTERNAL_LOW__CONFLICT_EXTERNAL_HIGH,Other,1006.0649596306712,1168.3501897312387,162.2852301005676,0.0,162.2852301005676
BWA,2025,CONFLICT_INTERNAL_LOW__CONFLICT_EXTERNAL_LOW,Other,1006.0649596306712,1168.3501897312387,162.2852301005676,0.0,162.2852301005676
CAN,2025,AID_HIGH,Other,302113.342767295,302113.342767295,0.0,0.0,0.0
CAN,2025,AID_HIGH__CONFLICT_EXTERNAL_HIGH,Other,302113.342767295,302113.342767295,0.0,0.0,0.0
CAN,2025,AID_HIGH__CONFLICT_EXTERNAL_LOW,Other,302113.342767295,302113.342767295,0.0,0.0,0.0
CAN,2025,AID_HIGH__CONFLICT_INTERNAL_HIGH,Other,302113.342767295,432626.49282889167,130513.1500615967,0.0,130513.1500615967
CAN,2025,AID_HIGH__CONFLICT_INTERNAL_HIGH__CONFLICT_EXTERNAL_HIGH,Other,302113.342767295,432626.49282889167,130513.1500615967,0.0,130513.1500615967
CAN,2025,AID_HIGH__CONFLICT_INTERNAL_HIGH__CONFLICT_EXTERNAL_LOW,Other,302113.342767295,432626.49282889167,130513.1500615967,0.0,130513.1500615967
CAN,2025,AID_HIGH__CONFLICT_INTERNAL_LOW,Other,302113.342767295,345617.72612116055,43504.383353865545,0.0,43504.383353865545
CAN,2025,AID_HIGH__CONFLICT_INTERNAL_LOW__CONFLICT_EXTERNAL_HIGH,Other,302113.342767295,345617.72612116055,43504.383353865545,0.0,43504.383353865545
CAN,2025,AID_HIGH__CONFLICT_INTERNAL_LOW__CONFLICT_EXTERNAL_LOW,Other,302113.342767295,345617.72612116055,43504.383353865545,0.0,43504.383353865545
CAN,2025,AID_LOW,Other,302113.342767295,302113.342767295,0.0,0.0,0.0
CAN,2025,AID_LOW__CONFLICT_EXTERNAL_HIGH,Other,302113.342767295,302113.342767295,0.0,0.0,0.0
CAN,2025,AID_LOW__CONFLICT_EXTERNAL_LOW,Other,302113.342767295,302113.342767295,0.0,0.0,0.0
CAN,2025,AID_LOW__CONFLICT_INTERNAL_HIGH,Other,302113.342767295,432626.49282889167,130513.1500615967,0.0,130513.1500615967
CAN,2025,AID_LOW__CONFLICT_INTERNAL_HIGH__CONFLICT_EXTERNAL_HIGH,Other,302113.342767295,432626.49282889167,130513.1500615967,0.0,130513.1500615967
CAN,2025,AID_LOW__CONFLICT_INTERNAL_HIGH__CONFLICT_EXTERNAL_LOW,Other,302113.342767295,432626.49282889167,130513.1500615967,0.0,130513.1500615967
CAN,2025,AID_LOW__CONFLICT_INTERNAL_LOW,Other,302113.342767295,345617.72612116055,43504.383353865545,0.0,43504.383353865545
CAN,2025,AID_LOW__CONFLICT_INTERNAL_LOW__CONFLICT_EXTERNAL_HIGH,Other,302113.342767295,345617.72612116055,43504.383353865545,0.0,43504.383353865545
CAN,2025,AID_LOW__CONFLICT_INTERNAL_LOW__CONFLICT_EXTERNAL_LOW,Other,302113.342767295,345617.72612116055,43504.383353865545,0.0,43504.383353865545
CAN,2025,CONFLICT_EXTERNAL_HIGH,Other,302113.342767295,302113.342767295,0.0,0.0,0.0
CAN,2025,CONFLICT_EXTERNAL_LOW,Other,302113.342767295,302113.342767295,0.0,0.0,0.0
CAN,2025,CONFLICT_INTERNAL_HIGH,Other,302113.342767295,432626.49282889167,130513.1500615967,0.0,130513.1500615967
CAN,2025,CONFLICT_INTERNAL_HIGH__CONFLICT_EXTERNAL_HIGH,Other,302113.342767295,432626.49282889167,130513.1500615967,0.0,130513.1500615967
CAN,2025,CONFLICT_INTERNAL_HIGH__CONFLICT_EXTERNAL_LOW,Other,302113.342767295,432626.49282889167,130513.1500615967,0.0,130513.1500615967
CAN,2025,CONFLICT_INTERNAL_LOW,Other,302113.342767295,345617.72612116055,43504.383353865545,0.0,43504.383353865545
CAN,2025,CONFLICT_INTERNAL_LOW__CONFLICT_EXTERNAL_HIGH,Other,302113.342767295,345617.72612116055,43504.383353865545,0.0,43504.383353865545
CAN,2025,CONFLICT_INTERNAL_LOW__CONFLICT_EXTERNAL_LOW,Other,302113.342767295,345617.72612116055,43504.383353865545,0.0,43504.383353865545
CHE,2025,AID_HIGH,Other,41752.15022338386,41752.15022338386,0.0,0.0,0.0
CHE,2025,AID_HIGH__CONFLICT_EXTERNAL_HIGH,Other,41752.15022338386,41752.15022338386,0.0,0.0,0.0
CHE,2025,AID_HIGH__CONFLICT_EXTERNAL_LOW,Other,41752.15022338386,41752.15022338386,0.0,0.0,0.0
CHE,2025,AID_HIGH__CONFLICT_INTERNAL_HIGH,Other,41752.15022338386,63216.419271920415,21464.26904853655,0.0,21464.26904853655
CHE,2025,AID_HIGH__CONFLICT_INTERNAL_HIGH__CONFLICT_EXTERNAL_HIGH,Other,41752.15022338386,63216.419271920415,21464.26904853655,0.0,21464.26904853655
CHE,2025,AID_HIGH__CONFLICT_INTERNAL_HIGH__CONFLICT_EXTERNAL_LOW,Other,41752.15022338386,63216.419271920415,21464.26904853655,0.0,21464.26904853655
CHE,2025,AID_HIGH__CONFLICT_INTERNAL_LOW,Other,41752.15022338386,48906.90657289604,7154.75634951218,0.0,7154.75634951218
CHE,2025,AID_HIGH__CONFLICT_INTERNAL_LOW__CONFLICT_EXTERNAL_HIGH,Other,41752.15022338386,48906.90657289604,7154.75634951218,0.0,7154.75634951218
CHE,2025,AID_HIGH__CONFLICT_INTERNAL_LOW__CONFLICT_EXTERNAL_LOW,Other,41752.15022338386,48906.90657289604,7154.75634951218,0.0,7154.75634951218
CHE,2025,AID_LOW,Other,41752.15022338386,41752.15022338386,0.0,0.0,0.0
CHE,2025,AID_LOW__CONFLICT_EXTERNAL_HIGH,Other,41752.15022338386,41752.15022338386,0.0,0.0,0.0
CHE,2025,AID_LOW__CONFLICT_EXTERNAL_LOW,Other,41752.15022338386,41752.15022338386,0.0,0.0,0.0
CHE,2025,AID_LOW__CONFLICT_INTERNAL_HIGH,Other,41752.15022338386,63216.419271920415,21464.26904853655,0.0,21464.26904853655
CHE,2025,AID_LOW__CONFLICT_INTERNAL_HIGH__CONFLICT_EXTERNAL_HIGH,Other,41752.15022338386,63216.419271920415,21464.26904853655,0.0,21464.26904853655
CHE,2025,AID_LOW__CONFLICT_INTERNAL_HIGH__CONFLICT_EXTERNAL_LOW,Other,41752.15022338386,63216.419271920415,21464.26904853655,0.0,21464.26904853655
CHE,2025,AID_LOW__CONFLICT_INTERNAL_LOW,Other,41752.15022338386,48906.90657289604,7154.75634951218,0.0,7154.75634951218
CHE,2025,AID_LOW__CONFLICT_INTERNAL_LOW__CONFLICT_EXTERNAL_HIGH,Other,41752.15022338386,48906.90657289604,7154.75634951218,0.0,7154.75634951218
CHE,2025,AID_LOW__CONFLICT_INTERNAL_LOW__CONFLICT_EXTERNAL_LOW,Other,41752.15022338386,48906.90657289604,7154.75634951218,0.0,7154.75634951218
CHE,2025,CONFLICT_EXTERNAL_HIGH,Other,41752.15022338386,41752.15022338386,0.0,0.0,0.0
CHE,2025,CONFLICT_EXTERNAL_LOW,Other,41752.15022338386,41752.15022338386,0.0,0.0,0.0
CHE,2025,CONFLICT_INTERNAL_HIGH,Other,41752.15022338386,63216.419271920415,21464.26904853655,0.0,21464.26904853655
CHE,2025,CONFLICT_INTERNAL_HIGH__CONFLICT_EXTERNAL_HIGH,Other,41752.15022338386,63216.419271920415,21464.26904853655,0.0,21464.26904853655
CHE,2025,CONFLICT_INTERNAL_HIGH__CONFLICT_EXTERNAL_LOW,Other,41752.15022338386,63216.419271920415,21464.26904853655,0.0,21464.26904853655
CHE,2025,CONFLICT_INTERNAL_LOW,Other,41752.15022338386,48906.90657289604,7154.75634951218,0.0,7154.75634951218
CHE,2025,CONFLICT_INTERNAL_LOW__CONFLICT_EXTERNAL_HIGH,Other,41752.15022338386,48906.90657289604,7154.75634951218,0.0,7154.75634951218
CHE,2025,CONFLICT_INTERNAL_LOW__CONFLICT_EXTERNAL_LOW,Other,41752.15022338386,48906.90657289604,7154.75634951218,0.0,7154.75634951218
CHL,2025,AID_HIGH,Other,14635.914582941767,14635.914582941767,0.0,0.0,0.0
CHL,2025,AID_HIGH__CONFLICT_EXTERNAL_HIGH,Other,14635.914582941767,14635.914582941767,0.0,0.0,0.0
CHL,2025,AID_HIGH__CONFLICT_EXTERNAL_LOW,Other,14635.914582941767,14635.914582941767,0.0,0.0,0.0
CHL,2025,AID_HIGH__CONFLICT_INTERNAL_HIGH,Other,14635.914582941767,21697.542367177048,7061.62778423528,0.0,7061.62778423528
CHL,2025,AID_HIGH__CONFLICT_INTERNAL_HIGH__CONFLICT_EXTERNAL_HIGH,Other,14635.914582941767,21697.542367177048,7061.62778423528,0.0,7061.62778423528
CHL,2025,AID_HIGH__CONFLICT_INTERNAL_HIGH__CONFLICT_EXTERNAL_LOW,Other,14635.914582941767,21697.542367177048,7061.62778423528,0.0,7061.62778423528
CHL,2025,AID_HIGH__CONFLICT_INTERNAL_LOW,Other,14635.914582941767,16989.790511020194,2353.875928078426,0.0,2353.875928078426
CHL,2025,AID_HIGH__CONFLICT_INTERNAL_LOW__CONFLICT_EXTERNAL_HIGH,Other,14635.914582941767,16989.790511020194,2353.875928078426,0.0,2353.875928078426
CHL,2025,AID_HIGH__CONFLICT_INTERNAL_LOW__CONFLICT_EXTERNAL_LOW,Other,14635.914582941767,16989.790511020194,2353.875928078426,0.0,2353.875928078426
CHL,2025,AID_LOW,Other,14635.914582941767,14635.914582941767,0.0,0.0,0.0
CHL,2025,AID_LOW__CONFLICT_EXTERNAL_HIGH,Other,14635.914582941767,14635.914582941767,0.0,0.0,0.0
CHL,2025,AID_LOW__CONFLICT_EXTERNAL_LOW,Other,14635.914582941767,14635.914582941767,0.0,0.0,0.0
CHL,2025,AID_LOW__CONFLICT_INTERNAL_HIGH,Other,14635.914582941767,21697.542367177048,7061.62778423528,0.0,7061.62778423528
CHL,2025,AID_LOW__CONFLICT_INTERNAL_HIGH__CONFLICT_EXTERNAL_HIGH,Other,14635.914582941767,21697.542367177048,7061.62778423528,0.0,7061.62778423528
CHL,2025,AID_LOW__CONFLICT_INTERNAL_HIGH__CONFLICT_EXTERNAL_LOW,Other,14635.914582941767,21697.542367177048,7061.62778423528,0.0,7061.62778423528
CHL,2025,AID_LOW__CONFLICT_INTERNAL_LOW,Other,14635.914582941767,16989.790511020194,2353.875928078426,0.0,2353.875928078426
CHL,2025,AID_LOW__CONFLICT_INTERNAL_LOW__CONFLICT_EXTERNAL_HIGH,Other,14635.914582941767,16989.790511020194,2353.875928078426,0.0,2353.875928078426
CHL,2025,AID_LOW__CONFLICT_INTERNAL_LOW__CONFLICT_EXTERNAL_LOW,Other,14635.914582941767,16989.790511020194,2353.875928078426,0.0,2353.875928078426
CHL,2025,CONFLICT_EXTERNAL_HIGH,Other,14635.914582941767,14635.914582941767,0.0,0.0,0.0
CHL,2025,CONFLICT_EXTERNAL_LOW,Other,14635.914582941767,14635.914582941767,0.0,0.0,0.0
CHL,2025,CONFLICT_INTERNAL_HIGH,Other,14635.914582941767,21697.542367177048,7061.62778423528,0.0,7061.62778423528
CHL,2025,CONFLICT_INTERNAL_HIGH__CONFLICT_EXTERNAL_HIGH,Other,14635.914582941767,21697.542367177048,7061.62778423528,0.0,7061.62778423528
CHL,2025,CONFLICT_INTERNAL_HIGH__CONFLICT_EXTERNAL_LOW,Other,14635.914582941767,21697.542367177048,7061.62778423528,0.0,7061.62778423528
CHL,2025,CONFLICT_INTERNAL_LOW,Other,14635.914582941767,16989.790511020194,2353.875928078426,0.0,2353.875928078426
CHL,2025,CONFLICT_INTERNAL_LOW__CONFLICT_EXTERNAL_HIGH,Other,14635.914582941767,16989.790511020194,2353.875928078426,0.0,2353.875928078426
CHL,2025,CONFLICT_INTERNAL_LOW__CONFLICT_EXTERNAL_LOW,Other,14635.914582941767,16989.790511020194,2353.875928078426,0.0,2353.875928078426
CHN,2025,AID_HIGH,Other,403486.6673779714,403486.6673779714,0.0,0.0,0.0
CHN,2025,AID_HIGH__CONFLICT_EXTERNAL_HIGH,Other,403486.6673779714,403486.6673779714,0.0,0.0,0.0
CHN,2025,AID_HIGH__CONFLICT_EXTERNAL_LOW,Other,403486.6673779714,403486.6673779714,0.0,0.0,0.0
CHN,2025,AID_HIGH__CONFLICT_INTERNAL_HIGH,Other,403486.6673779714,445536.1003830249,42049.433005053506,0.0,42049.433005053506
CHN,2025,AID_HIGH__CONFLICT_INTERNAL_HIGH__CONFLICT_EXTERNAL_HIGH,Other,403486.6673779714,445536.1003830249,42049.433005053506,0.0,42049.433005053506
CHN,2025,AID_HIGH__CONFLICT_INTERNAL_HIGH__CONFLICT_EXTERNAL_LOW,Other,403486.6673779714,445536.1003830249,42049.433005053506,0.0,42049.433005053506
CHN,2025,AID_HIGH__CONFLICT_INTERNAL_LOW,Other,403486.6673779714,417503.1450463226,14016.477668351166,0.0,14016.477668351166
CHN,2025,AID_HIGH__CONFLICT_INTERNAL_LOW__CONFLICT_EXTERNAL_HIGH,Other,403486.6673779714,417503.1450463226,14016.477668351166,0.0,14016.477668351166
CHN,2025,AID_HIGH__CONFLICT_INTERNAL_LOW__CONFLICT_EXTERNAL_LOW,Other,403486.6673779714,417503.1450463226,14016.477668351166,0.0,14016.477668351166
CHN,2025,AID_LOW,Other,403486.6673779714,403486.6673779714,0.0,0.0,0.0
CHN,2025,AID_LOW__CONFLICT_EXTERNAL_HIGH,Other,403486.6673779714,403486.6673779714,0.0,0.0,0.0
CHN,2025,AID_LOW__CONFLICT_EXTERNAL_LOW,Other,403486.6673779714,403486.6673779714,0.0,0.0,0.0
CHN,2025,AID_LOW__CONFLICT_INTERNAL_HIGH,Other,403486.6673779714,445536.1003830249,42049.433005053506,0.0,42049.433005053506
CHN,2025,AID_LOW__CONFLICT_INTERNAL_HIGH__CONFLICT_EXTERNAL_HIGH,Other,403486.6673779714,445536.1003830249,42049.433005053506,0.0,42049.433005053506
CHN,2025,AID_LOW__CONFLICT_INTERNAL_HIGH__CONFLICT_EXTERNAL_LOW,Other,403486.6673779714,445536.1003830249,42049.433005053506,0.0,42049.433005053506
CHN,2025,AID_LOW__CONFLICT_INTERNAL_LOW,Other,403486.6673779714,417503.1450463226,14016.477668351166,0.0,14016.477668351166
CHN,2025,AID_LOW__CONFLICT_INTERNAL_LOW__CONFLICT_EXTERNAL_HIGH,Other,403486.6673779714,417503.1450463226,14016.477668351166,0.0,14016.477668351166
CHN,2025,AID_LOW__CONFLICT_INTERNAL_LOW__CONFLICT_EXTERNAL_LOW,Other,403486.6673779714,417503.1450463226,14016.477668351166,0.0,14016.477668351166
CHN,2025,CONFLICT_EXTERNAL_HIGH,Other,403486.6673779714,403486.6673779714,0.0,0.0,0.0
CHN,2025,CONFLICT_EXTERNAL_LOW,Other,403486.6673779714,403486.6673779714,0.0,0.0,0.0
CHN,2025,CONFLICT_INTERNAL_HIGH,Other,403486.6673779714,445536.1003830249,42049.433005053506,0.0,42049.433005053506
CHN,2025,CONFLICT_INTERNAL_HIGH__CONFLICT_EXTERNAL_HIGH,Other,403486.6673779714,445536.1003830249,42049.433005053506,0.0,42049.433005053506
CHN,2025,CONFLICT_INTERNAL_HIGH__CONFLICT_EXTERNAL_LOW,Other,403486.6673779714,445536.1003830249,42049.433005053506,0.0,42049.433005053506
CHN,2025,CONFLICT_INTERNAL_LOW,Other,403486.6673779714,417503.1450463226,14016.477668351166,0.0,14016.477668351166
CHN,2025,CONFLICT_INTERNAL_LOW__CONFLICT_EXTERNAL_HIGH,Other,403486.6673779714,417503.1450463226,14016.477668351166,0.0,14016.477668351166
CHN,2025,CONFLICT_INTERNAL_LOW__CONFLICT_EXTERNAL_LOW,Other,403486.6673779714,417503.1450463226,14016.477668351166,0.0,14016.477668351166
CMR,2025,AID_HIGH,Other,1040.0227748443226,1040.0227748443226,0.0,0.0,0.0
CMR,2025,AID_HIGH__CONFLICT_EXTERNAL_HIGH,Other,1040.0227748443226,1040.0227748443226,0.0,0.0,0.0
CMR,2025,AID_HIGH__CONFLICT_EXTERNAL_LOW,Other,1040.0227748443226,1040.0227748443226,0.0,0.0,0.0
CMR,2025,AID_HIGH__CONFLICT_INTERNAL_HIGH,Other,1040.0227748443226,1569.9985365836437,529.975761739321,0.0,529.975761739321
CMR,2025,AID_HIGH__CONFLICT_INTERNAL_HIGH__CONFLICT_EXTERNAL_HIGH,Other,1040.0227748443226,1569.9985365836437,529.975761739321,0.0,529.975761739321
CMR,2025,AID_HIGH__CONFLICT_INTERNAL_HIGH__CONFLICT_EXTERNAL_LOW,Other,1040.0227748443226,1569.9985365836437,529.975761739321,0.0,529.975761739321
CMR,2025,AID_HIGH__CONFLICT_INTERNAL_LOW,Other,1040.0227748443226,1216.6813620907628,176.65858724644028,0.0,176.65858724644028
CMR,2025,AID_HIGH__CONFLICT_INTERNAL_LOW__CONFLICT_EXTERNAL_HIGH,Other,1040.0227748443226,1216.6813620907628,176.65858724644028,0.0,176.65858724644028
CMR,2025,AID_HIGH__CONFLICT_INTERNAL_LOW__CONFLICT_EXTERNAL_LOW,Other,1040.0227748443226,1216.6813620907628,176.65858724644028,0.0,176.65858724644028
CMR,2025,AID_LOW,Other,1040.0227748443226,1040.0227748443226,0.0,0.0,0.0
CMR,2025,AID_LOW__CONFLICT_EXTERNAL_HIGH,Other,1040.0227748443226,1040.0227748443226,0.0,0.0,0.0
CMR,2025,AID_LOW__CONFLICT_EXTERNAL_LOW,Other,1040.0227748443226,1040.0227748443226,0.0,0.0,0.0
CMR,2025,AID_LOW__CONFLICT_INTERNAL_HIGH,Other,1040.0227748443226,1569.9985365836437,529.975761739321,0.0,529.975761739321
CMR,2025,AID_LOW__CONFLICT_INTERNAL_HIGH__CONFLICT_EXTERNAL_HIGH,Other,1040.0227748443226,1569.9985365836437,529.975761739321,0.0,529.975761739321
CMR,2025,AID_LOW__CONFLICT_INTERNAL_HIGH__CONFLICT_EXTERNAL_LOW,Other,1040.0227748443226,1569.9985365836437,529.975761739321,0.0,529.975761739321
CMR,2025,AID_LOW__CONFLICT_INTERNAL_LOW,Other,1040.0227748443226,1216.6813620907628,176.65858724644028,0.0,176.65858724644028
CMR,2025,AID_LOW__CONFLICT_INTERNAL_LOW__CONFLICT_EXTERNAL_HIGH,Other,1040.0227748443226,1216.6813620907628,176.65858724644028,0.0,176.65858724644028
CMR,2025,AID_LOW__CONFLICT_INTERNAL_LOW__CONFLICT_EXTERNAL_LOW,Other,1040.0227748443226,1216.6813620907628,176.65858724644028,0.0,176.65858724644028
CMR,2025,CONFLICT_EXTERNAL_HIGH,Other,1040.0227748443226,1040.0227748443226,0.0,0.0,0.0
CMR,2025,CONFLICT_EXTERNAL_LOW,Other,1040.0227748443226,1040.0227748443226,0.0,0.0,0.0
CMR,2025,CONFLICT_INTERNAL_HIGH,Other,1040.0227748443226,1569.9985365836437,529.975761739321,0.0,529.975761739321
CMR,2025,CONFLICT_INTERNAL_HIGH__CONFLICT_EXTERNAL_HIGH,Other,1040.0227748443226,1569.9985365836437,529.975761739321,0.0,529.975761739321
CMR,2025,CONFLICT_INTERNAL_HIGH__CONFLICT_EXTERNAL_LOW,Other,1040.0227748443226,1569.9985365836437,529.975761739321,0.0,529.975761739321
CMR,2025,CONFLICT_INTERNAL_LOW,Other,1040.0227748443226,1216.6813620907628,176.65858724644028,0.0,176.65858724644028
CMR,2025,CONFLICT_INTERNAL_LOW__CONFLICT_EXTERNAL_HIGH,Other,1040.0227748443226,1216.6813620907628,176.65858724644028,0.0,176.65858724644028
CMR,2025,CONFLICT_INTERNAL_LOW__CONFLICT_EXTERNAL_LOW,Other,1040.0227748443226,1216.6813620907628,176.65858724644028,0.0,176.65858724644028
COG,2025,AID_HIGH,Other,159.73196116310217,159.73196116310217,0.0,0.0,0.0
COG,2025,AID_HIGH__CONFLICT_EXTERNAL_HIGH,Other,159.73196116310217,159.73196116310217,0.0,0.0,0.0
COG,2025,AID_HIGH__CONFLICT_EXTERNAL_LOW,Other,159.73196116310217,159.73196116310217,0.0,0.0,0.0
COG,2025,AID_HIGH__CONFLICT_INTERNAL_HIGH,Other,159.73196116310217,241.45953842282478,81.7275772597226,0.0,81.7275772597226
COG,2025,AID_HIGH__CONFLICT_INTERNAL_HIGH__CONFLICT_EXTERNAL_HIGH,Other,159.73196116310217,241.45953842282478,81.7275772597226,0.0,81.7275772597226
COG,2025,AID_HIGH__CONFLICT_INTERNAL_HIGH__CONFLICT_EXTERNAL_LOW,Other,159.73196116310217,241.45953842282478,81.7275772597226,0.0,81.7275772597226
COG,2025,AID_HIGH__CONFLICT_INTERNAL_LOW,Other,159.73196116310217,186.97448691634304,27.242525753240855,0.0,27.242525753240855
COG,2025,AID_HIGH__CONFLICT_INTERNAL_LOW__CONFLICT_EXTERNAL_HIGH,Other,159.73196116310217,186.97448691634304,27.242525753240855,0.0,27.242525753240855
COG,2025,AID_HIGH__CONFLICT_INTERNAL_LOW__CONFLICT_EXTERNAL_LOW,Other,159.73196116310217,186.97448691634304,27.242525753240855,0.0,27.242525753240855
COG,2025,AID_LOW,Other,159.73196116310217,159.73196116310217,0.0,0.0,0.0
COG,2025,AID_LOW__CONFLICT_EXTERNAL_HIGH,Other,159.73196116310217,159.73196116310217,0.0,0.0,0.0
COG,2025,AID_LOW__CONFLICT_EXTERNAL_LOW,Other,159.73196116310217,159.73196116310217,0.0,0.0,0.0
COG,2025,AID_LOW__CONFLICT_INTERNAL_HIGH,Other,159.73196116310217,241.45953842282478,81.7275772597226,0.0,81.7275772597226
COG,2025,AID_LOW__CONFLICT_INTERNAL_HIGH__CONFLICT_EXTERNAL_HIGH,Other,159.73196116310217,241.45953842282478,81.7275772597226,0.0,81.7275772597226
COG,2025,AID_LOW__CONFLICT_INTERNAL_HIGH__CONFLICT_EXTERNAL_LOW,Other,159.73196116310217,241.45953842282478,81.7275772597226,0.0,81.7275772597226
COG,2025,AID_LOW__CONFLICT_INTERNAL_LOW,Other,159.73196116310217,186.97448691634304,27.242525753240855,0.0,27.242525753240855
COG,2025,AID_LOW__CONFLICT_INTERNAL_LOW__CONFLICT_EXTERNAL_HIGH,Other,159.73196116310217,186.97448691634304,27.242525753240855,0.0,27.242525753240855
COG,2025,AID_LOW__CONFLICT_INTERNAL_LOW__CONFLICT_EXTERNAL_LOW,Other,159.73196116310217,186.97448691634304,27.242525753240855,0.0,27.242525753240855
COG,2025,CONFLICT_EXTERNAL_HIGH,Other,159.73196116310217,159.73196116310217,0.0,0.0,0.0
COG,2025,CONFLICT_EXTERNAL_LOW,Other,159.73196116310217,159.73196116310217,0.0,0.0,0.0
COG,2025,CONFLICT_INTERNAL_HIGH,Other,159.73196116310217,241.45953842282478,81.7275772597226,0.0,81.7275772597226
COG,2025,CONFLICT_INTERNAL_HIGH__CONFLICT_EXTERNAL_HIGH,Other,159.73196116310217,241.45953842282478,81.7275772597226,0.0,81.7275772597226
COG,2025,CONFLICT_INTERNAL_HIGH__CONFLICT_EXTERNAL_LOW,Other,159.73196116310217,241.45953842282478,81.7275772597226,0.0,81.7275772597226
COG,2025,CONFLICT_INTERNAL_LOW,Other,159.73196116310217,186.97448691634304,27.242525753240855,0.0,27.242525753240855
COG,2025,CONFLICT_INTERNAL_LOW__CONFLICT_EXTERNAL_HIGH,Other,159.73196116310217,186.97448691634304,27.242525753240855,0.0,27.242525753240855
COG,2025,CONFLICT_INTERNAL_LOW__CONFLICT_EXTERNAL_LOW,Other,159.73196116310217,186.97448691634304,27.242525753240855,0.0,27.242525753240855
COK,2025,AID_HIGH,Other,34.066974778286166,34.066974778286166,0.0,0.0,0.0
COK,2025,AID_HIGH__CONFLICT_EXTERNAL_HIGH,Other,34.066974778286166,34.066974778286166,0.0,0.0,0.0
COK,2025,AID_HIGH__CONFLICT_EXTERNAL_LOW,Other,34.066974778286166,34.066974778286166,0.0,0.0,0.0
COK,2025,AID_HIGH__CONFLICT_INTERNAL_HIGH,Other,34.066974778286166,51.615841061048684,17.54886628276252,0.0,17.54886628276252
COK,2025,AID_HIGH__CONFLICT_INTERNAL_HIGH__CONFLICT_EXTERNAL_HIGH,Other,34.066974778286166,51.615841061048684,17.54886628276252,0.0,17.54886628276252
COK,2025,AID_HIGH__CONFLICT_INTERNAL_HIGH__CONFLICT_EXTERNAL_LOW,Other,34.066974778286166,51.615841061048684,17.54886628276252,0.0,17.54886628276252
COK,2025,AID_HIGH__CONFLICT_INTERNAL_LOW,Other,34.066974778286166,39.91659687254034,5.849622094254172,0.0,5.849622094254172
COK,2025,AID_HIGH__CONFLICT_INTERNAL_LOW__CONFLICT_EXTERNAL_HIGH,Other,34.066974778286166,39.91659687254034,5.849622094254172,0.0,5.849622094254172
COK,2025,AID_HIGH__CONFLICT_INTERNAL_LOW__CONFLICT_EXTERNAL_LOW,Other,34.066974778286166,39.91659687254034,5.849622094254172,0.0,5.849622094254172
COK,2025,AID_LOW,Other,34.066974778286166,34.066974778286166,0.0,0.0,0.0
COK,2025,AID_LOW__CONFLICT_EXTERNAL_HIGH,Other,34.066974778286166,34.066974778286166,0.0,0.0,0.0
COK,2025,AID_LOW__CONFLICT_EXTERNAL_LOW,Other,34.066974778286166,34.066974778286166,0.0,0.0,0.0
COK,2025,AID_LOW__CONFLICT_INTERNAL_HIGH,Other,34.066974778286166,51.615841061048684,17.54886628276252,0.0,17.54886628276252
COK,2025,AID_LOW__CONFLICT_INTERNAL_HIGH__CONFLICT_EXTERNAL_HIGH,Other,34.066974778286166,51.615841061048684,17.54886628276252,0.0,17.54886628276252
COK,2025,AID_LOW__CONFLICT_INTERNAL_HIGH__CONFLICT_EXTERNAL_LOW,Other,34.066974778286166,51.615841061048684,17.54886628276252,0.0,17.54886628276252
COK,2025,AID_LOW__CONFLICT_INTERNAL_LOW,Other,34.066974778286166,39.91659687254034,5.849622094254172,0.0,5.849622094254172
COK,2025,AID_LOW__CONFLICT_INTERNAL_LOW__CONFLICT_EXTERNAL_HIGH,Other,34.066974778286166,39.91659687254034,5.849622094254172,0.0,5.849622094254172
COK,2025,AID_LOW__CONFLICT_INTERNAL_LOW__CONFLICT_EXTERNAL_LOW,Other,34.066974778286166,39.91659687254034,5.849622094254172,0.0,5.849622094254172
COK,2025,CONFLICT_EXTERNAL_HIGH,Other,34.066974778286166,34.066974778286166,0.0,0.0,0.0
COK,2025,CONFLICT_EXTERNAL_LOW,Other,34.066974778286166,34.066974778286166,0.0,0.0,0.0
COK,2025,CONFLICT_INTERNAL_HIGH,Other,34.066974778286166,51.615841061048684,17.54886628276252,0.0,17.54886628276252
COK,2025,CONFLICT_INTERNAL_HIGH__CONFLICT_EXTERNAL_HIGH,Other,34.066974778286166,51.615841061048684,17.54886628276252,0.0,17.54886628276252
COK,2025,CONFLICT_INTERNAL_HIGH__CONFLICT_EXTERNAL_LOW,Other,34.066974778286166,51.615841061048684,17.54886628276252,0.0,17.54886628276252
COK,2025,CONFLICT_INTERNAL_LOW,Other,34.066974778286166,39.91659687254034,5.849622094254172,0.0,5.849622094254172
COK,2025,CONFLICT_INTERNAL_LOW__CONFLICT_EXTERNAL_HIGH,Other,34.066974778286166,39.91659687254034,5.849622094254172,0.0,5.849622094254172
COK,2025,CONFLICT_INTERNAL_LOW__CONFLICT_EXTERNAL_LOW,Other,34.066974778286166,39.91659687254034,5.849622094254172,0.0,5.849622094254172
COL,2025,AID_HIGH,Other,23633.419120700284,23633.419120700284,0.0,0.0,0.0
COL,2025,AID_HIGH__CONFLICT_EXTERNAL_HIGH,Other,23633.419120700284,23633.419120700284,0.0,0.0,0.0
COL,2025,AID_HIGH__CONFLICT_EXTERNAL_LOW,Other,23633.419120700284,23633.419120700284,0.0,0.0,0.0
COL,2025,AID_HIGH__CONFLICT_INTERNAL_HIGH,Other,23633.419120700284,34924.359687029675,11290.940566329393,0.0,11290.940566329393
COL,2025,AID_HIGH__CONFLICT_INTERNAL_HIGH__CONFLICT_EXTERNAL_HIGH,Other,23633.419120700284,34924.359687029675,11290.940566329393,0.0,11290.940566329393
COL,2025,AID_HIGH__CONFLICT_INTERNAL_HIGH__CONFLICT_EXTERNAL_LOW,Other,23633.419120700284,34924.359687029675,11290.940566329393,0.0,11290.940566329393
COL,2025,AID_HIGH__CONFLICT_INTERNAL_LOW,Other,23633.419120700284,27397.065976143414,3763.64685544313,0.0,3763.64685544313
COL,2025,AID_HIGH__CONFLICT_INTERNAL_LOW__CONFLICT_EXTERNAL_HIGH,Other,23633.419120700284,27397.065976143414,3763.64685544313,0.0,3763.64685544313
COL,2025,AID_HIGH__CONFLICT_INTERNAL_LOW__CONFLICT_EXTERNAL_LOW,Other,23633.419120700284,27397.065976143414,3763.64685544313,0.0,3763.64685544313
COL,2025,AID_LOW,Other,23633.419120700284,23633.419120700284,0.0,0.0,0.0
COL,2025,AID_LOW__CONFLICT_EXTERNAL_HIGH,Other,23633.419120700284,23633.419120700284,0.0,0.0,0.0
COL,2025,AID_LOW__CONFLICT_EXTERNAL_LOW,Other,23633.419120700284,23633.419120700284,0.0,0.0,0.0
COL,2025,AID_LOW__CONFLICT_INTERNAL_HIGH,Other,23633.419120700284,34924.359687029675,11290.940566329393,0.0,11290.940566329393
COL,2025,AID_LOW__CONFLICT_INTERNAL_HIGH__CONFLICT_EXTERNAL_HIGH,Other,23633.419120700284,34924.359687029675,11290.940566329393,0.0,11290.940566329393
COL,2025,AID_LOW__CONFLICT_INTERNAL_HIGH__CONFLICT_EXTERNAL_LOW,Other,23633.419120700284,34924.359687029675,11290.940566329393,0.0,11290.940566329393
COL,2025,AID_LOW__CONFLICT_INTERNAL_LOW,Other,23633.419120700284,27397.065976143414,3763.64685544313,0.0,3763.64685544313
COL,2025,AID_LOW__CONFLICT_INTERNAL_LOW__CONFLICT_EXTERNAL_HIGH,Other,23633.419120700284,27397.065976143414,3763.64685544313,0.0,3763.64685544313
COL,2025,AID_LOW__CONFLICT_INTERNAL_LOW__CONFLICT_EXTERNAL_LOW,Other,23633.419120700284,27397.065976143414,3763.64685544313,0.0,3763.64685544313
COL,2025,CONFLICT_EXTERNAL_HIGH,Other,23633.419120700284,23633.419120700284,0.0,0.0,0.0
COL,2025,CONFLICT_EXTERNAL_LOW,Other,23633.419120700284,23633.419120700284,0.0,0.0,0.0
COL,2025,CONFLICT_INTERNAL_HIGH,Other,23633.419120700284,34924.359687029675,11290.940566329393,0.0,11290.940566329393
COL,2025,CONFLICT_INTERNAL_HIGH__CONFLICT_EXTERNAL_HIGH,Other,23633.419120700284,34924.359687029675,11290.940566329393,0.0,11290.940566329393
COL,2025,CONFLICT_INTERNAL_HIGH__CONFLICT_EXTERNAL_LOW,Other,23633.419120700284,34924.359687029675,11290.940566329393,0.0,11290.940566329393
COL,2025,CONFLICT_INTERNAL_LOW,Other,23633.419120700284,27397.065976143414,3763.64685544313,0.0,3763.64685544313
COL,2025,CONFLICT_INTERNAL_LOW__CONFLICT_EXTERNAL_HIGH,Other,23633.419120700284,27397.065976143414,3763.64685544313,0.0,3763.64685544313
COL,2025,CONFLICT_INTERNAL_LOW__CONFLICT_EXTERNAL_LOW,Other,23633.419120700284,27397.065976143414,3763.64685544313,0.0,3763.64685544313
CPV,2025,AID_HIGH,Other,371.320477478608,371.320477478608,0.0,0.0,0.0
CPV,2025,AID_HIGH__CONFLICT_EXTERNAL_HIGH,Other,371.320477478608,371.320477478608,0.0,0.0,0.0
CPV,2025,AID_HIGH__CONFLICT_EXTERNAL_LOW,Other,371.320477478608,371.320477478608,0.0,0.0,0.0
CPV,2025,AID_HIGH__CONFLICT_INTERNAL_HIGH,Other,371.320477478608,565.3607989478896,194.04032146928165,0.0,194.04032146928165
CPV,2025,AID_HIGH__CONFLICT_INTERNAL_HIGH__CONFLICT_EXTERNAL_HIGH,Other,371.320477478608,565.3607989478896,194.04032146928165,0.0,194.04032146928165
CPV,2025,AID_HIGH__CONFLICT_INTERNAL_HIGH__CONFLICT_EXTERNAL_LOW,Other,371.320477478608,565.3607989478896,194.04032146928165,0.0,194.04032146928165
CPV,2025,AID_HIGH__CONFLICT_INTERNAL_LOW,Other,371.320477478608,436.0005846350352,64.68010715642718,0.0,64.68010715642718
CPV,2025,AID_HIGH__CONFLICT_INTERNAL_LOW__CONFLICT_EXTERNAL_HIGH,Other,371.320477478608,436.0005846350352,64.68010715642718,0.0,64.68010715642718
CPV,2025,AID_HIGH__CONFLICT_INTERNAL_LOW__CONFLICT_EXTERNAL_LOW,Other,371.320477478608,436.0005846350352,64.68010715642718,0.0,64.68010715642718
CPV,2025,AID_LOW,Other,371.320477478608,371.320477478608,0.0,0.0,0.0
CPV,2025,AID_LOW__CONFLICT_EXTERNAL_HIGH,Other,371.320477478608,371.320477478608,0.0,0.0,0.0
CPV,2025,AID_LOW__CONFLICT_EXTERNAL_LOW,Other,371.320477478608,371.320477478608,0.0,0.0,0.0
CPV,2025,AID_LOW__CONFLICT_INTERNAL_HIGH,Other,371.320477478608,565.3607989478896,194.04032146928165,0.0,194.04032146928165
CPV,2025,AID_LOW__CONFLICT_INTERNAL_HIGH__CONFLICT_EXTERNAL_HIGH,Other,371.320477478608,565.3607989478896,194.04032146928165,0.0,194.04032146928165
CPV,2025,AID_LOW__CONFLICT_INTERNAL_HIGH__CONFLICT_EXTERNAL_LOW,Other,371.320477478608,565.3607989478896,194.04032146928165,0.0,194.04032146928165
CPV,2025,AID_LOW__CONFLICT_INTERNAL_LOW,Other,371.320477478608,436.0005846350352,64.68010715642718,0.0,64.68010715642718
CPV,2025,AID_LOW__CONFLICT_INTERNAL_LOW__CONFLICT_EXTERNAL_HIGH,Other,371.320477478608,436.0005846350352,64.68010715642718,0.0,64.68010715642718
CPV,2025,AID_LOW__CONFLICT_INTERNAL_LOW__CONFLICT_EXTERNAL_LOW,Other,371.320477478608,436.0005846350352,64.68010715642718,0.0,64.68010715642718
CPV,2025,CONFLICT_EXTERNAL_HIGH,Other,371.320477478608,371.320477478608,0.0,0.0,0.0
CPV,2025,CONFLICT_EXTERNAL_LOW,Other,371.320477478608,371.320477478608,0.0,0.0,0.0
CPV,2025,CONFLICT_INTERNAL_HIGH,Other,371.320477478608,565.3607989478896,194.04032146928165,0.0,194.04032146928165
CPV,2025,CONFLICT_INTERNAL_HIGH__CONFLICT_EXTERNAL_HIGH,Other,371.320477478608,565.3607989478896,194.04032146928165,0.0,194.04032146928165
CPV,2025,CONFLICT_INTERNAL_HIGH__CONFLICT_EXTERNAL_LOW,Other,371.320477478608,565.3607989478896,194.04032146928165,0.0,194.04032146928165
CPV,2025,CONFLICT_INTERNAL_LOW,Other,371.320477478608,436.0005846350352,64.68010715642718,0.0,64.68010715642718
CPV,2025,CONFLICT_INTERNAL_LOW__CONFLICT_EXTERNAL_HIGH,Other,371.320477478608,436.0005846350352,64.68010715642718,0.0,64.68010715642718
CPV,2025,CONFLICT_INTERNAL_LOW__CONFLICT_EXTERNAL_LOW,Other,371.320477478608,436.0005846350352,64.68010715642718,0.0,64.68010715642718
CRI,2025,AID_HIGH,Other,17468.830094271252,17468.830094271252,0.0,0.0,0.0
CRI,2025,AID_HIGH__CONFLICT_EXTERNAL_HIGH,Other,17468.830094271252,17468.830094271252,0.0,0.0,0.0
CRI,2025,AID_HIGH__CONFLICT_EXTERNAL_LOW,Other,17468.830094271252,17468.830094271252,0.0,0.0,0.0
CRI,2025,AID_HIGH__CONFLICT_INTERNAL_HIGH,Other,17468.830094271252,26672.14142090097,9203.311326629722,0.0,9203.311326629722
CRI,2025,AID_HIGH__CONFLICT_INTERNAL_HIGH__CONFLICT_EXTERNAL_HIGH,Other,17468.830094271252,26672.14142090097,9203.311326629722,0.0,9203.311326629722
CRI,2025,AID_HIGH__CONFLICT_INTERNAL_HIGH__CONFLICT_EXTERNAL_LOW,Other,17468.830094271252,26672.14142090097,9203.311326629722,0.0,9203.311326629722
CRI,2025,AID_HIGH__CONFLICT_INTERNAL_LOW,Other,17468.830094271252,20536.600536481157,3067.770442209906,0.0,3067.770442209906
CRI,2025,AID_HIGH__CONFLICT_INTERNAL_LOW__CONFLICT_EXTERNAL_HIGH,Other,17468.830094271252,20536.600536481157,3067.770442209906,0.0,3067.770442209906
CRI,2025,AID_HIGH__CONFLICT_INTERNAL_LOW__CONFLICT_EXTERNAL_LOW,Other,17468.830094271252,20536.600536481157,3067.770442209906,0.0,3067.770442209906
CRI,2025,AID_LOW,Other,17468.830094271252,17468.830094271252,0.0,0.0,0.0
CRI,2025,AID_LOW__CONFLICT_EXTERNAL_HIGH,Other,17468.830094271252,17468.830094271252,0.0,0.0,0.0
CRI,2025,AID_LOW__CONFLICT_EXTERNAL_LOW,Other,17468.830094271252,17468.830094271252,0.0,0.0,0.0
CRI,2025,AID_LOW__CONFLICT_INTERNAL_HIGH,Other,17468.830094271252,26672.14142090097,9203.311326629722,0.0,9203.311326629722
CRI,2025,AID_LOW__CONFLICT_INTERNAL_HIGH__CONFLICT_EXTERNAL_HIGH,Other,17468.830094271252,26672.14142090097,9203.311326629722,0.0,9203.311326629722
CRI,2025,AID_LOW__CONFLICT_INTERNAL_HIGH__CONFLICT_EXTERNAL_LOW,Other,17468.830094271252,26672.14142090097,9203.311326629722,0.0,9203.311326629722
CRI,2025,AID_LOW__CONFLICT_INTERNAL_LOW,Other,17468.830094271252,20536.600536481157,3067.770442209906,0.0,3067.770442209906
CRI,2025,AID_LOW__CONFLICT_INTERNAL_LOW__CONFLICT_EXTERNAL_HIGH,Other,17468.830094271252,20536.600536481157,3067.770442209906,0.0,3067.770442209906
CRI,2025,AID_LOW__CONFLICT_INTERNAL_LOW__CONFLICT_EXTERNAL_LOW,Other,17468.830094271252,20536.600536481157,3067.770442209906,0.0,3067.770442209906
CRI,2025,CONFLICT_EXTERNAL_HIGH,Other,17468.830094271252,17468.830094271252,0.0,0.0,0.0
CRI,2025,CONFLICT_EXTERNAL_LOW,Other,17468.830094271252,17468.830094271252,0.0,0.0,0.0
CRI,2025,CONFLICT_INTERNAL_HIGH,Other,17468.830094271252,26672.14142090097,9203.311326629722,0.0,9203.311326629722
CRI,2025,CONFLICT_INTERNAL_HIGH__CONFLICT_EXTERNAL_HIGH,Other,17468.830094271252,26672.14142090097,9203.311326629722,0.0,9203.311326629722
CRI,2025,CONFLICT_INTERNAL_HIGH__CONFLICT_EXTERNAL_LOW,Other,17468.830094271252,26672.14142090097,9203.311326629722,0.0,9203.311326629722
CRI,2025,CONFLICT_INTERNAL_LOW,Other,17468.830094271252,20536.600536481157,3067.770442209906,0.0,3067.770442209906
CRI,2025,CONFLICT_INTERNAL_LOW__CONFLICT_EXTERNAL_HIGH,Other,17468.830094271252,20536.600536481157,3067.770442209906,0.0,3067.770442209906
CRI,2025,CONFLICT_INTERNAL_LOW__CONFLICT_EXTERNAL_LOW,Other,17468.830094271252,20536.600536481157,3067.770442209906,0.0,3067.770442209906
CUB,2025,AID_HIGH,Other,123.0949290069308,123.0949290069308,0.0,0.0,0.0
CUB,2025,AID_HIGH__CONFLICT_EXTERNAL_HIGH,Other,123.0949290069308,123.0949290069308,0.0,0.0,0.0
CUB,2025,AID_HIGH__CONFLICT_EXTERNAL_LOW,Other,123.0949290069308,123.0949290069308,0.0,0.0,0.0
CUB,2025,AID_HIGH__CONFLICT_INTERNAL_HIGH,Other,123.0949290069308,185.76945144536836,62.67452243843758,0.0,62.67452243843758
CUB,2025,AID_HIGH__CONFLICT_INTERNAL_HIGH__CONFLICT_EXTERNAL_HIGH,Other,123.0949290069308,185.76945144536836,62.67452243843758,0.0,62.67452243843758
CUB,2025,AID_HIGH__CONFLICT_INTERNAL_HIGH__CONFLICT_EXTERNAL_LOW,Other,123.0949290069308,185.76945144536836,62.67452243843758,0.0,62.67452243843758
CUB,2025,AID_HIGH__CONFLICT_INTERNAL_LOW,Other,123.0949290069308,143.98643648640999,20.891507479479184,0.0,20.891507479479184
CUB,2025,AID_HIGH__CONFLICT_INTERNAL_LOW__CONFLICT_EXTERNAL_HIGH,Other,123.0949290069308,143.98643648640999,20.891507479479184,0.0,20.891507479479184
CUB,2025,AID_HIGH__CONFLICT_INTERNAL_LOW__CONFLICT_EXTERNAL_LOW,Other,123.0949290069308,143.98643648640999,20.891507479479184,0.0,20.891507479479184
CUB,2025,AID_LOW,Other,123.0949290069308,123.0949290069308,0.0,0.0,0.0
CUB,2025,AID_LOW__CONFLICT_EXTERNAL_HIGH,Other,123.0949290069308,123.0949290069308,0.0,0.0,0.0
CUB,2025,AID_LOW__CONFLICT_EXTERNAL_LOW,Other,123.0949290069308,123.0949290069308,0.0,0.0,0.0
CUB,2025,AID_LOW__CONFLICT_INTERNAL_HIGH,Other,123.0949290069308,185.76945144536836,62.67452243843758,0.0,62.67452243843758
CUB,2025,AID_LOW__CONFLICT_INTERNAL_HIGH__CONFLICT_EXTERNAL_HIGH,Other,123.0949290069308,185.76945144536836,62.67452243843758,0.0,62.67452243843758
CUB,2025,AID_LOW__CONFLICT_INTERNAL_HIGH__CONFLICT_EXTERNAL_LOW,Other,123.0949290069308,185.76945144536836,62.67452243843758,0.0,62.67452243843758
CUB,2025,AID_LOW__CONFLICT_INTERNAL_LOW,Other,123.0949290069308,143.98643648640999,20.891507479479184,0.0,20.891507479479184
CUB,2025,AID_LOW__CONFLICT_INTERNAL_LOW__CONFLICT_EXTERNAL_HIGH,Other,123.0949290069308,143.98643648640999,20.891507479479184,0.0,20.891507479479184
CUB,2025,AID_LOW__CONFLICT_INTERNAL_LOW__CONFLICT_EXTERNAL_LOW,Other,123.0949290069308,143.98643648640999,20.891507479479184,0.0,20.891507479479184
CUB,2025,CONFLICT_EXTERNAL_HIGH,Other,123.0949290069308,123.0949290069308,0.0,0.0,0.0
CUB,2025,CONFLICT_EXTERNAL_LOW,Other,123.0949290069308,123.0949290069308,0.0,0.0,0.0
CUB,2025,CONFLICT_INTERNAL_HIGH,Other,123.0949290069308,185.76945144536836,62.67452243843758,0.0,62.67452243843758
CUB,2025,CONFLICT_INTERNAL_HIGH__CONFLICT_EXTERNAL_HIGH,Other,123.0949290069308,185.76945144536836,62.67452243843758,0.0,62.67452243843758
CUB,2025,CONFLICT_INTERNAL_HIGH__CONFLICT_EXTERNAL_LOW,Other,123.0949290069308,185.76945144536836,62.67452243843758,0.0,62.67452243843758
CUB,2025,CONFLICT_INTERNAL_LOW,Other,123.0949290069308,143.98643648640999,20.891507479479184,0.0,20.891507479479184
CUB,2025,CONFLICT_INTERNAL_LOW__CONFLICT_EXTERNAL_HIGH,Other,123.0949290069308,143.98643648640999,20.891507479479184,0.0,20.891507479479184
CUB,2025,CONFLICT_INTERNAL_LOW__CONFLICT_EXTERNAL_LOW,Other,123.0949290069308,143.98643648640999,20.891507479479184,0.0,20.891507479479184
CUW,2025,AID_HIGH,Other,883.7113095900953,883.7113095900953,0.0,0.0,0.0
CUW,2025,AID_HIGH__CONFLICT_EXTERNAL_HIGH,Other,883.7113095900953,883.7113095900953,0.0,0.0,0.0
CUW,2025,AID_HIGH__CONFLICT_EXTERNAL_LOW,Other,883.7113095900953,883.7113095900953,0.0,0.0,0.0
CUW,2025,AID_HIGH__CONFLICT_INTERNAL_HIGH,Other,883.7113095900953,1157.4158388218862,273.70452923179084,0.0,273.70452923179084
CUW,2025,AID_HIGH__CONFLICT_INTERNAL_HIGH__CONFLICT_EXTERNAL_HIGH,Other,883.7113095900953,1157.4158388218862,273.70452923179084,0.0,273.70452923179084
CUW,2025,AID_HIGH__CONFLICT_INTERNAL_HIGH__CONFLICT_EXTERNAL_LOW,Other,883.7113095900953,1157.4158388218862,273.70452923179084,0.0,273.70452923179084
CUW,2025,AID_HIGH__CONFLICT_INTERNAL_LOW,Other,883.7113095900953,974.9461526673589,91.23484307726358,0.0,91.23484307726358
CUW,2025,AID_HIGH__CONFLICT_INTERNAL_LOW__CONFLICT_EXTERNAL_HIGH,Other,883.7113095900953,974.9461526673589,91.23484307726358,0.0,91.23484307726358
CUW,2025,AID_HIGH__CONFLICT_INTERNAL_LOW__CONFLICT_EXTERNAL_LOW,Other,883.7113095900953,974.9461526673589,91.23484307726358,0.0,91.23484307726358
CUW,2025,AID_LOW,Other,883.7113095900953,883.7113095900953,0.0,0.0,0.0
CUW,2025,AID_LOW__CONFLICT_EXTERNAL_HIGH,Other,883.7113095900953,883.7113095900953,0.0,0.0,0.0
CUW,2025,AID_LOW__CONFLICT_EXTERNAL_LOW,Other,883.7113095900953,883.7113095900953,0.0,0.0,0.0
CUW,2025,AID_LOW__CONFLICT_INTERNAL_HIGH,Other,883.7113095900953,1157.4158388218862,273.70452923179084,0.0,273.70452923179084
CUW,2025,AID_LOW__CONFLICT_INTERNAL_HIGH__CONFLICT_EXTERNAL_HIGH,Other,883.7113095900953,1157.4158388218862,273.70452923179084,0.0,273.70452923179084
CUW,2025,AID_LOW__CONFLICT_INTERNAL_HIGH__CONFLICT_EXTERNAL_LOW,Other,883.7113095900953,1157.4158388218862,273.70452923179084,0.0,273.70452923179084
CUW,2025,AID_LOW__CONFLICT_INTERNAL_LOW,Other,883.7113095900953,974.9461526673589,91.23484307726358,0.0,91.23484307726358
CUW,2025,AID_LOW__CONFLICT_INTERNAL_LOW__CONFLICT_EXTERNAL_HIGH,Other,883.7113095900953,974.9461526673589,91.23484307726358,0.0,91.23484307726358
CUW,2025,AID_LOW__CONFLICT_INTERNAL_LOW__CONFLICT_EXTERNAL_LOW,Other,883.7113095900953,974.9461526673589,91.23484307726358,0.0,91.23484307726358
CUW,2025,CONFLICT_EXTERNAL_HIGH,Other,883.7113095900953,883.7113095900953,0.0,0.0,0.0
CUW,2025,CONFLICT_EXTERNAL_LOW,Other,883.7113095900953,883.7113095900953,0.0,0.0,0.0
CUW,2025,CONFLICT_INTERNAL_HIGH,Other,883.7113095900953,1157.4158388218862,273.70452923179084,0.0,273.70452923179084
CUW,2025,CONFLICT_INTERNAL_HIGH__CONFLICT_EXTERNAL_HIGH,Other,883.7113095900953,1157.4158388218862,273.70452923179084,0.0,273.70452923179084
CUW,2025,CONFLICT_INTERNAL_HIGH__CONFLICT_EXTERNAL_LOW,Other,883.7113095900953,1157.4158388218862,273.70452923179084,0.0,273.70452923179084
CUW,2025,CONFLICT_INTERNAL_LOW,Other,883.7113095900953,974.9461526673589,91.23484307726358,0.0,91.23484307726358
CUW,2025,CONFLICT_INTERNAL_LOW__CONFLICT_EXTERNAL_HIGH,Other,883.7113095900953,974.9461526673589,91.23484307726358,0.0,91.23484307726358
CUW,2025,CONFLICT_INTERNAL_LOW__CONFLICT_EXTERNAL_LOW,Other,883.7113095900953,974.9461526673589,91.23484307726358,0.0,91.23484307726358
CYM,2025,AID_HIGH,Other,3648.327608577234,3648.327608577234,0.0,0.0,0.0
CYM,2025,AID_HIGH__CONFLICT_EXTERNAL_HIGH,Other,3648.327608577234,3648.327608577234,0.0,0.0,0.0
CYM,2025,AID_HIGH__CONFLICT_EXTERNAL_LOW,Other,3648.327608577234,3648.327608577234,0.0,0.0,0.0
CYM,2025,AID_HIGH__CONFLICT_INTERNAL_HIGH,Other,3648.327608577234,5408.082395535913,1759.7547869586786,0.0,1759.7547869586786
CYM,2025,AID_HIGH__CONFLICT_INTERNAL_HIGH__CONFLICT_EXTERNAL_HIGH,Other,3648.327608577234,5408.082395535913,1759.7547869586786,0.0,1759.7547869586786
CYM,2025,AID_HIGH__CONFLICT_INTERNAL_HIGH__CONFLICT_EXTERNAL_LOW,Other,3648.327608577234,5408.082395535913,1759.7547869586786,0.0,1759.7547869586786
CYM,2025,AID_HIGH__CONFLICT_INTERNAL_LOW,Other,3648.327608577234,4234.912537563459,586.584928986226,0.0,586.584928986226
CYM,2025,AID_HIGH__CONFLICT_INTERNAL_LOW__CONFLICT_EXTERNAL_HIGH,Other,3648.327608577234,4234.912537563459,586.584928986226,0.0,586.584928986226
CYM,2025,AID_HIGH__CONFLICT_INTERNAL_LOW__CONFLICT_EXTERNAL_LOW,Other,3648.327608577234,4234.912537563459,586.584928986226,0.0,586.584928986226
CYM,2025,AID_LOW,Other,3648.327608577234,3648.327608577234,0.0,0.0,0.0
CYM,2025,AID_LOW__CONFLICT_EXTERNAL_HIGH,Other,3648.327608577234,3648.327608577234,0.0,0.0,0.0
CYM,2025,AID_LOW__CONFLICT_EXTERNAL_LOW,Other,3648.327608577234,3648.327608577234,0.0,0.0,0.0
CYM,2025,AID_LOW__CONFLICT_INTERNAL_HIGH,Other,3648.327608577234,5408.082395535913,1759.7547869586786,0.0,1759.7547869586786
CYM,2025,AID_LOW__CONFLICT_INTERNAL_HIGH__CONFLICT_EXTERNAL_HIGH,Other,3648.327608577234,5408.082395535913,1759.7547869586786,0.0,1759.7547869586786
CYM,2025,AID_LOW__CONFLICT_INTERNAL_HIGH__CONFLICT_EXTERNAL_LOW,Other,3648.327608577234,5408.082395535913,1759.7547869586786,0.0,1759.7547869586786
CYM,2025,AID_LOW__CONFLICT_INTERNAL_LOW,Other,3648.327608577234,4234.912537563459,586.584928986226,0.0,586.584928986226
CYM,2025,AID_LOW__CONFLICT_INTERNAL_LOW__CONFLICT_EXTERNAL_HIGH,Other,3648.327608577234,4234.912537563459,586.584928986226,0.0,586.584928986226
CYM,2025,AID_LOW__CONFLICT_INTERNAL_LOW__CONFLICT_EXTERNAL_LOW,Other,3648.327608577234,4234.912537563459,586.584928986226,0.0,586.584928986226
CYM,2025,CONFLICT_EXTERNAL_HIGH,Other,3648.327608577234,3648.327608577234,0.0,0.0,0.0
CYM,2025,CONFLICT_EXTERNAL_LOW,Other,3648.327608577234,3648.327608577234,0.0,0.0,0.0
CYM,2025,CONFLICT_INTERNAL_HIGH,Other,3648.327608577234,5408.082395535913,1759.7547869586786,0.0,1759.7547869586786
CYM,2025,CONFLICT_INTERNAL_HIGH__CONFLICT_EXTERNAL_HIGH,Other,3648.327608577234,5408.082395535913,1759.7547869586786,0.0,1759.7547869586786
CYM,2025,CONFLICT_INTERNAL_HIGH__CONFLICT_EXTERNAL_LOW,Other,3648.327608577234,5408.082395535913,1759.7547869586786,0.0,1759.7547869586786
CYM,2025,CONFLICT_INTERNAL_LOW,Other,3648.327608577234,4234.912537563459,586.584928986226,0.0,586.584928986226
CYM,2025,CONFLICT_INTERNAL_LOW__CONFLICT_EXTERNAL_HIGH,Other,3648.327608577234,4234.912537563459,586.584928986226,0.0,586.584928986226
CYM,2025,CONFLICT_INTERNAL_LOW__CONFLICT_EXTERNAL_LOW,Other,3648.327608577234,4234.912537563459,586.584928986226,0.0,586.584928986226
CYP,2025,AID_HIGH,Other,3718.178151672349,3718.178151672349,0.0,0.0,0.0
CYP,2025,AID_HIGH__CONFLICT_EXTERNAL_HIGH,Other,3718.178151672349,3718.178151672349,0.0,0.0,0.0
CYP,2025,AID_HIGH__CONFLICT_EXTERNAL_LOW,Other,3718.178151672349,3718.178151672349,0.0,0.0,0.0
CYP,2025,AID_HIGH__CONFLICT_INTERNAL_HIGH,Other,3718.178151672349,5406.105600278929,1687.9274486065808,0.0,1687.9274486065808
CYP,2025,AID_HIGH__CONFLICT_INTERNAL_HIGH__CONFLICT_EXTERNAL_HIGH,Other,3718.178151672349,5406.105600278929,1687.9274486065808,0.0,1687.9274486065808
CYP,2025,AID_HIGH__CONFLICT_INTERNAL_HIGH__CONFLICT_EXTERNAL_LOW,Other,3718.178151672349,5406.105600278929,1687.9274486065808,0.0,1687.9274486065808
CYP,2025,AID_HIGH__CONFLICT_INTERNAL_LOW,Other,3718.178151672349,4280.820634541209,562.64248286886,0.0,562.64248286886
CYP,2025,AID_HIGH__CONFLICT_INTERNAL_LOW__CONFLICT_EXTERNAL_HIGH,Other,3718.178151672349,4280.820634541209,562.64248286886,0.0,562.64248286886
CYP,2025,AID_HIGH__CONFLICT_INTERNAL_LOW__CONFLICT_EXTERNAL_LOW,Other,3718.178151672349,4280.820634541209,562.64248286886,0.0,562.64248286886
CYP,2025,AID_LOW,Other,3718.178151672349,3718.178151672349,0.0,0.0,0.0
CYP,2025,AID_LOW__CONFLICT_EXTERNAL_HIGH,Other,3718.178151672349,3718.178151672349,0.0,0.0,0.0
CYP,2025,AID_LOW__CONFLICT_EXTERNAL_LOW,Other,3718.178151672349,3718.178151672349,0.0,0.0,0.0
CYP,2025,AID_LOW__CONFLICT_INTERNAL_HIGH,Other,3718.178151672349,5406.105600278929,1687.9274486065808,0.0,1687.9274486065808
CYP,2025,AID_LOW__CONFLICT_INTERNAL_HIGH__CONFLICT_EXTERNAL_HIGH,Other,3718.178151672349,5406.105600278929,1687.9274486065808,0.0,1687.9274486065808
CYP,2025,AID_LOW__CONFLICT_INTERNAL_HIGH__CONFLICT_EXTERNAL_LOW,Other,3718.178151672349,5406.105600278929,1687.9274486065808,0.0,1687.9274486065808
CYP,2025,AID_LOW__CONFLICT_INTERNAL_LOW,Other,3718.178151672349,4280.820634541209,562.64248286886,0.0,562.64248286886
CYP,2025,AID_LOW__CONFLICT_INTERNAL_LOW__CONFLICT_EXTERNAL_HIGH,Other,3718.178151672349,4280.820634541209,562.64248286886,0.0,562.64248286886
CYP,2025,AID_LOW__CONFLICT_INTERNAL_LOW__CONFLICT_EXTERNAL_LOW,Other,3718.178151672349,4280.820634541209,562.64248286886,0.0,562.64248286886
CYP,2025,CONFLICT_EXTERNAL_HIGH,Other,3718.178151672349,3718.178151672349,0.0,0.0,0.0
CYP,2025,CONFLICT_EXTERNAL_LOW,Other,3718.178151672349,3718.178151672349,0.0,0.0,0.0
CYP,2025,CONFLICT_INTERNAL_HIGH,Other,3718.178151672349,5406.105600278929,1687.9274486065808,0.0,1687.9274486065808
CYP,2025,CONFLICT_INTERNAL_HIGH__CONFLICT_EXTERNAL_HIGH,Other,3718.178151672349,5406.105600278929,1687.9274486065808,0.0,1687.9274486065808
CYP,2025,CONFLICT_INTERNAL_HIGH__CONFLICT_EXTERNAL_LOW,Other,3718.178151672349,5406.105600278929,1687.9274486065808,0.0,1687.9274486065808
CYP,2025,CONFLICT_INTERNAL_LOW,Other,3718.178151672349,4280.820634541209,562.64248286886,0.0,562.64248286886
CYP,2025,CONFLICT_INTERNAL_LOW__CONFLICT_EXTERNAL_HIGH,Other,3718.178151672349,4280.820634541209,562.64248286886,0.0,562.64248286886
CYP,2025,CONFLICT_INTERNAL_LOW__CONFLICT_EXTERNAL_LOW,Other,3718.178151672349,4280.820634541209,562.64248286886,0.0,562.64248286886
CZE,2025,AID_HIGH,Other,7398.087617242152,7398.087617242152,0.0,0.0,0.0
CZE,2025,AID_HIGH__CONFLICT_EXTERNAL_HIGH,Other,7398.087617242152,7398.087617242152,0.0,0.0,0.0
CZE,2025,AID_HIGH__CONFLICT_EXTERNAL_LOW,Other,7398.087617242152,7398.087617242152,0.0,0.0,0.0
CZE,2025,AID_HIGH__CONFLICT_INTERNAL_HIGH,Other,7398.087617242152,11139.505908727062,3741.4182914849093,0.0,3741.4182914849093
CZE,2025,AID_HIGH__CONFLICT_INTERNAL_HIGH__CONFLICT_EXTERNAL_HIGH,Other,7398.087617242152,11139.505908727062,3741.4182914849093,0.0,3741.4182914849093
CZE,2025,AID_HIGH__CONFLICT_INTERNAL_HIGH__CONFLICT_EXTERNAL_LOW,Other,7398.087617242152,11139.505908727062,3741.4182914849093,0.0,3741.4182914849093
CZE,2025,AID_HIGH__CONFLICT_INTERNAL_LOW,Other,7398.087617242152,8645.227047737122,1247.1394304949695,0.0,1247.1394304949695
CZE,2025,AID_HIGH__CONFLICT_INTERNAL_LOW__CONFLICT_EXTERNAL_HIGH,Other,7398.087617242152,8645.227047737122,1247.1394304949695,0.0,1247.1394304949695
CZE,2025,AID_HIGH__CONFLICT_INTERNAL_LOW__CONFLICT_EXTERNAL_LOW,Other,7398.087617242152,8645.227047737122,1247.1394304949695,0.0,1247.1394304949695
CZE,2025,AID_LOW,Other,7398.087617242152,7398.087617242152,0.0,0.0,0.0
CZE,2025,AID_LOW__CONFLICT_EXTERNAL_HIGH,Other,7398.087617242152,7398.087617242152,0.0,0.0,0.0
CZE,2025,AID_LOW__CONFLICT_EXTERNAL_LOW,Other,7398.087617242152,7398.087617242152,0.0,0.0,0.0
CZE,2025,AID_LOW__CONFLICT_INTERNAL_HIGH,Other,7398.087617242152,11139.505908727062,3741.4182914849093,0.0,3741.4182914849093
CZE,2025,AID_LOW__CONFLICT_INTERNAL_HIGH__CONFLICT_EXTERNAL_HIGH,Other,7398.087617242152,11139.505908727062,3741.4182914849093,0.0,3741.4182914849093
CZE,2025,AID_LOW__CONFLICT_INTERNAL_HIGH__CONFLICT_EXTERNAL_LOW,Other,7398.087617242152,11139.505908727062,3741.4182914849093,0.0,3741.4182914849093
CZE,2025,AID_LOW__CONFLICT_INTERNAL_LOW,Other,7398.087617242152,8645.227047737122,1247.1394304949695,0.0,1247.1394304949695
CZE,2025,AID_LOW__CONFLICT_INTERNAL_LOW__CONFLICT_EXTERNAL_HIGH,Other,7398.087617242152,8645.227047737122,1247.1394304949695,0.0,1247.1394304949695
CZE,2025,AID_LOW__CONFLICT_INTERNAL_LOW__CONFLICT_EXTERNAL_LOW,Other,7398.087617242152,8645.227047737122,1247.1394304949695,0.0,1247.1394304949695
CZE,2025,CONFLICT_EXTERNAL_HIGH,Other,7398.087617242152,7398.087617242152,0.0,0.0,0.0
CZE,2025,CONFLICT_EXTERNAL_LOW,Other,7398.087617242152,7398.087617242152,0.0,0.0,0.0
CZE,2025,CONFLICT_INTERNAL_HIGH,Other,7398.087617242152,11139.505908727062,3741.4182914849093,0.0,3741.4182914849093
CZE,2025,CONFLICT_INTERNAL_HIGH__CONFLICT_EXTERNAL_HIGH,Other,7398.087617242152,11139.505908727062,3741.4182914849093,0.0,3741.4182914849093
CZE,2025,CONFLICT_INTERNAL_HIGH__CONFLICT_EXTERNAL_LOW,Other,7398.087617242152,11139.505908727062,3741.4182914849093,0.0,3741.4182914849093
CZE,2025,CONFLICT_INTERNAL_LOW,Other,7398.087617242152,8645.227047737122,1247.1394304949695,0.0,1247.1394304949695
CZE,2025,CONFLICT_INTERNAL_LOW__CONFLICT_EXTERNAL_HIGH,Other,7398.087617242152,8645.227047737122,1247.1394304949695,0.0,1247.1394304949695
CZE,2025,CONFLICT_INTERNAL_LOW__CONFLICT_EXTERNAL_LOW,Other,7398.087617242152,8645.227047737122,1247.1394304949695,0.0,1247.1394304949695
DEU,2025,AID_HIGH,Other,140891.43294117722,140891.43294117722,0.0,0.0,0.0
DEU,2025,AID_HIGH__CONFLICT_EXTERNAL_HIGH,Other,140891.43294117722,140891.43294117722,0.0,0.0,0.0
DEU,2025,AID_HIGH__CONFLICT_EXTERNAL_LOW,Other,140891.43294117722,140891.43294117722,0.0,0.0,0.0
DEU,2025,AID_HIGH__CONFLICT_INTERNAL_HIGH,Other,140891.43294117722,217354.85171225056,76463.41877107332,0.0,76463.41877107332
DEU,2025,AID_HIGH__CONFLICT_INTERNAL_HIGH__CONFLICT_EXTERNAL_HIGH,Other,140891.43294117722,217354.85171225056,76463.41877107332,0.0,76463.41877107332
DEU,2025,AID_HIGH__CONFLICT_INTERNAL_HIGH__CONFLICT_EXTERNAL_LOW,Other,140891.43294117722,217354.85171225056,76463.41877107332,0.0,76463.41877107332
DEU,2025,AID_HIGH__CONFLICT_INTERNAL_LOW,Other,140891.43294117722,166379.23919820166,25487.806257024433,0.0,25487.806257024433
DEU,2025,AID_HIGH__CONFLICT_INTERNAL_LOW__CONFLICT_EXTERNAL_HIGH,Other,140891.43294117722,166379.23919820166,25487.806257024433,0.0,25487.806257024433
DEU,2025,AID_HIGH__CONFLICT_INTERNAL_LOW__CONFLICT_EXTERNAL_LOW,Other,140891.43294117722,166379.23919820166,25487.806257024433,0.0,25487.806257024433
DEU,2025,AID_LOW,Other,140891.43294117722,140891.43294117722,0.0,0.0,0.0
DEU,2025,AID_LOW__CONFLICT_EXTERNAL_HIGH,Other,140891.43294117722,140891.43294117722,0.0,0.0,0.0
DEU,2025,AID_LOW__CONFLICT_EXTERNAL_LOW,Other,140891.43294117722,140891.43294117722,0.0,0.0,0.0
DEU,2025,AID_LOW__CONFLICT_INTERNAL_HIGH,Other,140891.43294117722,217354.85171225056,76463.41877107332,0.0,76463.41877107332
DEU,2025,AID_LOW__CONFLICT_INTERNAL_HIGH__CONFLICT_EXTERNAL_HIGH,Other,140891.43294117722,217354.85171225056,76463.41877107332,0.0,76463.41877107332
DEU,2025,AID_LOW__CONFLICT_INTERNAL_HIGH__CONFLICT_EXTERNAL_LOW,Other,140891.43294117722,217354.85171225056,76463.41877107332,0.0,76463.41877107332
DEU,2025,AID_LOW__CONFLICT_INTERNAL_LOW,Other,140891.43294117722,166379.23919820166,25487.806257024433,0.0,25487.806257024433
DEU,2025,AID_LOW__CONFLICT_INTERNAL_LOW__CONFLICT_EXTERNAL_HIGH,Other,140891.43294117722,166379.23919820166,25487.806257024433,0.0,25487.806257024433
DEU,2025,AID_LOW__CONFLICT_INTERNAL_LOW__CONFLICT_EXTERNAL_LOW,Other,140891.43294117722,166379.23919820166,25487.806257024433,0.0,25487.806257024433
DEU,2025,CONFLICT_EXTERNAL_HIGH,Other,140891.43294117722,140891.43294117722,0.0,0.0,0.0
DEU,2025,CONFLICT_EXTERNAL_LOW,Other,140891.43294117722,140891.43294117722,0.0,0.0,0.0
DEU,2025,CONFLICT_INTERNAL_HIGH,Other,140891.43294117722,217354.85171225056,76463.41877107332,0.0,76463.41877107332
DEU,2025,CONFLICT_INTERNAL_HIGH__CONFLICT_EXTERNAL_HIGH,Other,140891.43294117722,217354.85171225056,76463.41877107332,0.0,76463.41877107332
DEU,2025,CONFLICT_INTERNAL_HIGH__CONFLICT_EXTERNAL_LOW,Other,140891.43294117722,217354.85171225056,76463.41877107332,0.0,76463.41877107332
DEU,2025,CONFLICT_INTERNAL_LOW,Other,140891.43294117722,166379.23919820166,25487.806257024433,0.0,25487.806257024433
DEU,2025,CONFLICT_INTERNAL_LOW__CONFLICT_EXTERNAL_HIGH,Other,140891.43294117722,166379.23919820166,25487.806257024433,0.0,25487.806257024433
DEU,2025,CONFLICT_INTERNAL_LOW__CONFLICT_EXTERNAL_LOW,Other,140891.43294117722,166379.23919820166,25487.806257024433,0.0,25487.806257024433
DMA,2025,AID_HIGH,Other,617.6807673702947,617.6807673702947,0.0,0.0,0.0
DMA,2025,AID_HIGH__CONFLICT_EXTERNAL_HIGH,Other,617.6807673702947,617.6807673702947,0.0,0.0,0.0
DMA,2025,AID_HIGH__CONFLICT_EXTERNAL_LOW,Other,617.6807673702947,617.6807673702947,0.0,0.0,0.0
DMA,2025,AID_HIGH__CONFLICT_INTERNAL_HIGH,Other,617.6807673702947,943.0868878705019,325.40612050020724,0.0,325.40612050020724
DMA,2025,AID_HIGH__CONFLICT_INTERNAL_HIGH__CONFLICT_EXTERNAL_HIGH,Other,617.6807673702947,943.0868878705019,325.40612050020724,0.0,325.40612050020724
DMA,2025,AID_HIGH__CONFLICT_INTERNAL_HIGH__CONFLICT_EXTERNAL_LOW,Other,617.6807673702947,943.0868878705019,325.40612050020724,0.0,325.40612050020724
DMA,2025,AID_HIGH__CONFLICT_INTERNAL_LOW,Other,617.6807673702947,726.1494742036971,108.46870683340236,0.0,108.46870683340236
DMA,2025,AID_HIGH__CONFLICT_INTERNAL_LOW__CONFLICT_EXTERNAL_HIGH,Other,617.6807673702947,726.1494742036971,108.46870683340236,0.0,108.46870683340236
DMA,2025,AID_HIGH__CONFLICT_INTERNAL_LOW__CONFLICT_EXTERNAL_LOW,Other,617.6807673702947,726.1494742036971,108.46870683340236,0.0,108.46870683340236
DMA,2025,AID_LOW,Other,617.6807673702947,617.6807673702947,0.0,0.0,0.0
DMA,2025,AID_LOW__CONFLICT_EXTERNAL_HIGH,Other,617.6807673702947,617.6807673702947,0.0,0.0,0.0
DMA,2025,AID_LOW__CONFLICT_EXTERNAL_LOW,Other,617.6807673702947,617.6807673702947,0.0,0.0,0.0
DMA,2025,AID_LOW__CONFLICT_INTERNAL_HIGH,Other,617.6807673702947,943.0868878705019,325.40612050020724,0.0,325.40612050020724
DMA,2025,AID_LOW__CONFLICT_INTERNAL_HIGH__CONFLICT_EXTERNAL_HIGH,Other,617.6807673702947,943.0868878705019,325.40612050020724,0.0,325.40612050020724
DMA,2025,AID_LOW__CONFLICT_INTERNAL_HIGH__CONFLICT_EXTERNAL_LOW,Other,617.6807673702947,943.0868878705019,325.40612050020724,0.0,325.40612050020724
DMA,2025,AID_LOW__CONFLICT_INTERNAL_LOW,Other,617.6807673702947,726.1494742036971,108.46870683340236,0.0,108.46870683340236
DMA,2025,AID_LOW__CONFLICT_INTERNAL_LOW__CONFLICT_EXTERNAL_HIGH,Other,617.6807673702947,726.1494742036971,108.46870683340236,0.0,108.46870683340236
DMA,2025,AID_LOW__CONFLICT_INTERNAL_LOW__CONFLICT_EXTERNAL_LOW,Other,617.6807673702947,726.1494742036971,108.46870683340236,0.0,108.46870683340236
DMA,2025,CONFLICT_EXTERNAL_HIGH,Other,617.6807673702947,617.6807673702947,0.0,0.0,0.0
DMA,2025,CONFLICT_EXTERNAL_LOW,Other,617.6807673702947,617.6807673702947,0.0,0.0,0.0
DMA,2025,CONFLICT_INTERNAL_HIGH,Other,617.6807673702947,943.0868878705019,325.40612050020724,0.0,325.40612050020724
DMA,2025,CONFLICT_INTERNAL_HIGH__CONFLICT_EXTERNAL_HIGH,Other,617.6807673702947,943.0868878705019,325.40612050020724,0.0,325.40612050020724
DMA,2025,CONFLICT_INTERNAL_HIGH__CONFLICT_EXTERNAL_LOW,Other,617.6807673702947,943.0868878705019,325.40612050020724,0.0,325.40612050020724
DMA,2025,CONFLICT_INTERNAL_LOW,Other,617.6807673702947,726.1494742036971,108.46870683340236,0.0,108.46870683340236
DMA,2025,CONFLICT_INTERNAL_LOW__CONFLICT_EXTERNAL_HIGH,Other,617.6807673702947,726.1494742036971,108.46870683340236,0.0,108.46870683340236
DMA,2025,CONFLICT_INTERNAL_LOW__CONFLICT_EXTERNAL_LOW,Other,617.6807673702947,726.1494742036971,108.46870683340236,0.0,108.46870683340236
DNK,2025,AID_HIGH,Other,19530.443954016035,19530.443954016035,0.0,0.0,0.0
DNK,2025,AID_HIGH__CONFLICT_EXTERNAL_HIGH,Other,19530.443954016035,19530.443954016035,0.0,0.0,0.0
DNK,2025,AID_HIGH__CONFLICT_EXTERNAL_LOW,Other,19530.443954016035,19530.443954016035,0.0,0.0,0.0
DNK,2025,AID_HIGH__CONFLICT_INTERNAL_HIGH,Other,19530.443954016035,27938.610033583467,8408.166079567434,0.0,8408.166079567434
DNK,2025,AID_HIGH__CONFLICT_INTERNAL_HIGH__CONFLICT_EXTERNAL_HIGH,Other,19530.443954016035,27938.610033583467,8408.166079567434,0.0,8408.166079567434
DNK,2025,AID_HIGH__CONFLICT_INTERNAL_HIGH__CONFLICT_EXTERNAL_LOW,Other,19530.443954016035,27938.610033583467,8408.166079567434,0.0,8408.166079567434
DNK,2025,AID_HIGH__CONFLICT_INTERNAL_LOW,Other,19530.443954016035,22333.165980538513,2802.7220265224764,0.0,2802.7220265224764
DNK,2025,AID_HIGH__CONFLICT_INTERNAL_LOW__CONFLICT_EXTERNAL_HIGH,Other,19530.443954016035,22333.165980538513,2802.7220265224764,0.0,2802.7220265224764
DNK,2025,AID_HIGH__CONFLICT_INTERNAL_LOW__CONFLICT_EXTERNAL_LOW,Other,19530.443954016035,22333.165980538513,2802.7220265224764,0.0,2802.7220265224764
DNK,2025,AID_LOW,Other,19530.443954016035,19530.443954016035,0.0,0.0,0.0
DNK,2025,AID_LOW__CONFLICT_EXTERNAL_HIGH,Other,19530.443954016035,19530.443954016035,0.0,0.0,0.0
DNK,2025,AID_LOW__CONFLICT_EXTERNAL_LOW,Other,19530.443954016035,19530.443954016035,0.0,0.0,0.0
DNK,2025,AID_LOW__CONFLICT_INTERNAL_HIGH,Other,19530.443954016035,27938.610033583467,8408.166079567434,0.0,8408.166079567434
DNK,2025,AID_LOW__CONFLICT_INTERNAL_HIGH__CONFLICT_EXTERNAL_HIGH,Other,19530.443954016035,27938.610033583467,8408.166079567434,0.0,8408.166079567434
DNK,2025,AID_LOW__CONFLICT_INTERNAL_HIGH__CONFLICT_EXTERNAL_LOW,Other,19530.443954016035,27938.610033583467,8408.166079567434,0.0,8408.166079567434
DNK,2025,AID_LOW__CONFLICT_INTERNAL_LOW,Other,19530.443954016035,22333.165980538513,2802.7220265224764,0.0,2802.7220265224764
DNK,2025,AID_LOW__CONFLICT_INTERNAL_LOW__CONFLICT_EXTERNAL_HIGH,Other,19530.443954016035,22333.165980538513,2802.7220265224764,0.0,2802.7220265224764
DNK,2025,AID_LOW__CONFLICT_INTERNAL_LOW__CONFLICT_EXTERNAL_LOW,Other,19530.443954016035,22333.165980538513,2802.7220265224764,0.0,2802.7220265224764
DNK,2025,CONFLICT_EXTERNAL_HIGH,Other,19530.443954016035,19530.443954016035,0.0,0.0,0.0
DNK,2025,CONFLICT_EXTERNAL_LOW,Other,19530.443954016035,19530.443954016035,0.0,0.0,0.0
DNK,2025,CONFLICT_INTERNAL_HIGH,Other,19530.443954016035,27938.610033583467,8408.166079567434,0.0,8408.166079567434
DNK,2025,CONFLICT_INTERNAL_HIGH__CONFLICT_EXTERNAL_HIGH,Other,19530.443954016035,27938.610033583467,8408.166079567434,0.0,8408.166079567434
DNK,2025,CONFLICT_INTERNAL_HIGH__CONFLICT_EXTERNAL_LOW,Other,19530.443954016035,27938.610033583467,8408.166079567434,0.0,8408.166079567434
DNK,2025,CONFLICT_INTERNAL_LOW,Other,19530.443954016035,22333.165980538513,2802.7220265224764,0.0,2802.7220265224764
DNK,2025,CONFLICT_INTERNAL_LOW__CONFLICT_EXTERNAL_HIGH,Other,19530.443954016035,22333.165980538513,2802.7220265224764,0.0,2802.7220265224764
DNK,2025,CONFLICT_INTERNAL_LOW__CONFLICT_EXTERNAL_LOW,Other,19530.443954016035,22333.165980538513,2802.7220265224764,0.0,2802.7220265224764
DOM,2025,AID_HIGH,Other,16280.723366355449,16280.723366355449,0.0,0.0,0.0
DOM,2025,AID_HIGH__CONFLICT_EXTERNAL_HIGH,Other,16280.723366355449,16280.723366355449,0.0,0.0,0.0
DOM,2025,AID_HIGH__CONFLICT_EXTERNAL_LOW,Other,16280.723366355449,16280.723366355449,0.0,0.0,0.0
DOM,2025,AID_HIGH__CONFLICT_INTERNAL_HIGH,Other,16280.723366355449,24191.913824630687,7911.190458275237,0.0,7911.190458275237
DOM,2025,AID_HIGH__CONFLICT_INTERNAL_HIGH__CONFLICT_EXTERNAL_HIGH,Other,16280.723366355449,24191.913824630687,7911.190458275237,0.0,7911.190458275237
DOM,2025,AID_HIGH__CONFLICT_INTERNAL_HIGH__CONFLICT_EXTERNAL_LOW,Other,16280.723366355449,24191.913824630687,7911.190458275237,0.0,7911.190458275237
DOM,2025,AID_HIGH__CONFLICT_INTERNAL_LOW,Other,16280.723366355449,18917.786852447192,2637.063486091745,0.0,2637.063486091745
DOM,2025,AID_HIGH__CONFLICT_INTERNAL_LOW__CONFLICT_EXTERNAL_HIGH,Other,16280.723366355449,18917.786852447192,2637.063486091745,0.0,2637.063486091745
DOM,2025,AID_HIGH__CONFLICT_INTERNAL_LOW__CONFLICT_EXTERNAL_LOW,Other,16280.723366355449,18917.786852447192,2637.063486091745,0.0,2637.063486091745
DOM,2025,AID_LOW,Other,16280.723366355449,16280.723366355449,0.0,0.0,0.0
DOM,2025,AID_LOW__CONFLICT_EXTERNAL_HIGH,Other,16280.723366355449,16280.723366355449,0.0,0.0,0.0
DOM,2025,AID_LOW__CONFLICT_EXTERNAL_LOW,Other,16280.723366355449,16280.723366355449,0.0,0.0,0.0
DOM,2025,AID_LOW__CONFLICT_INTERNAL_HIGH,Other,16280.723366355449,24191.913824630687,7911.190458275237,0.0,7911.190458275237
DOM,2025,AID_LOW__CONFLICT_INTERNAL_HIGH__CONFLICT_EXTERNAL_HIGH,Other,16280.723366355449,24191.913824630687,7911.190458275237,0.0,7911.190458275237
DOM,2025,AID_LOW__CONFLICT_INTERNAL_HIGH__CONFLICT_EXTERNAL_LOW,Other,16280.723366355449,24191.913824630687,7911.190458275237,0.0,7911.190458275237
DOM,2025,AID_LOW__CONFLICT_INTERNAL_LOW,Other,16280.723366355449,18917.786852447192,2637.063486091745,0.0,2637.063486091745
DOM,2025,AID_LOW__CONFLICT_INTERNAL_LOW__CONFLICT_EXTERNAL_HIGH,Other,16280.723366355449,18917.786852447192,2637.063486091745,0.0,2637.063486091745
DOM,2025,AID_LOW__CONFLICT_INTERNAL_LOW__CONFLICT_EXTERNAL_LOW,Other,16280.723366355449,18917.786852447192,2637.063486091745,0.0,2637.063486091745
DOM,2025,CONFLICT_EXTERNAL_HIGH,Other,16280.723366355449,16280.723366355449,0.0,0.0,0.0
DOM,2025,CONFLICT_EXTERNAL_LOW,Other,16280.723366355449,16280.723366355449,0.0,0.0,0.0
DOM,2025,CONFLICT_INTERNAL_HIGH,Other,16280.723366355449,24191.913824630687,7911.190458275237,0.0,7911.190458275237
DOM,2025,CONFLICT_INTERNAL_HIGH__CONFLICT_EXTERNAL_HIGH,Other,16280.723366355449,24191.913824630687,7911.190458275237,0.0,7911.190458275237
DOM,2025,CONFLICT_INTERNAL_HIGH__CONFLICT_EXTERNAL_LOW,Other,16280.723366355449,24191.913824630687,7911.190458275237,0.0,7911.190458275237
DOM,2025,CONFLICT_INTERNAL_LOW,Other,16280.723366355449,18917.786852447192,2637.063486091745,0.0,2637.063486091745
DOM,2025,CONFLICT_INTERNAL_LOW__CONFLICT_EXTERNAL_HIGH,Other,16280.723366355449,18917.786852447192,2637.063486091745,0.0,2637.063486091745
DOM,2025,CONFLICT_INTERNAL_LOW__CONFLICT_EXTERNAL_LOW,Other,16280.723366355449,18917.786852447192,2637.063486091745,0.0,2637.063486091745
DZA,2025,AID_HIGH,Other,3469.0814896958195,3469.0814896958195,0.0,0.0,0.0
DZA,2025,AID_HIGH__CONFLICT_EXTERNAL_HIGH,Other,3469.0814896958195,3469.0814896958195,0.0,0.0,0.0
DZA,2025,AID_HIGH__CONFLICT_EXTERNAL_LOW,Other,3469.0814896958195,3469.0814896958195,0.0,0.0,0.0
DZA,2025,AID_HIGH__CONFLICT_INTERNAL_HIGH,Other,3469.0814896958195,4105.855409744207,636.7739200483873,0.0,636.7739200483873
DZA,2025,AID_HIGH__CONFLICT_INTERNAL_HIGH__CONFLICT_EXTERNAL_HIGH,Other,3469.0814896958195,4105.855409744207,636.7739200483873,0.0,636.7739200483873
DZA,2025,AID_HIGH__CONFLICT_INTERNAL_HIGH__CONFLICT_EXTERNAL_LOW,Other,3469.0814896958195,4105.855409744207,636.7739200483873,0.0,636.7739200483873
DZA,2025,AID_HIGH__CONFLICT_INTERNAL_LOW,Other,3469.0814896958195,3681.3394630452817,212.25797334946233,0.0,212.25797334946233
DZA,2025,AID_HIGH__CONFLICT_INTERNAL_LOW__CONFLICT_EXTERNAL_HIGH,Other,3469.0814896958195,3681.3394630452817,212.25797334946233,0.0,212.25797334946233
DZA,2025,AID_HIGH__CONFLICT_INTERNAL_LOW__CONFLICT_EXTERNAL_LOW,Other,3469.0814896958195,3681.3394630452817,212.25797334946233,0.0,212.25797334946233
DZA,2025,AID_LOW,Other,3469.0814896958195,3469.0814896958195,0.0,0.0,0.0
DZA,2025,AID_LOW__CONFLICT_EXTERNAL_HIGH,Other,3469.0814896958195,3469.0814896958195,0.0,0.0,0.0
DZA,2025,AID_LOW__CONFLICT_EXTERNAL_LOW,Other,3469.0814896958195,3469.0814896958195,0.0,0.0,0.0
DZA,2025,AID_LOW__CONFLICT_INTERNAL_HIGH,Other,3469.0814896958195,4105.855409744207,636.7739200483873,0.0,636.7739200483873
DZA,2025,AID_LOW__CONFLICT_INTERNAL_HIGH__CONFLICT_EXTERNAL_HIGH,Other,3469.0814896958195,4105.855409744207,636.7739200483873,0.0,636.7739200483873
DZA,2025,AID_LOW__CONFLICT_INTERNAL_HIGH__CONFLICT_EXTERNAL_LOW,Other,3469.0814896958195,4105.855409744207,636.7739200483873,0.0,636.7739200483873
DZA,2025,AID_LOW__CONFLICT_INTERNAL_LOW,Other,3469.0814896958195,3681.3394630452817,212.25797334946233,0.0,212.25797334946233
DZA,2025,AID_LOW__CONFLICT_INTERNAL_LOW__CONFLICT_EXTERNAL_HIGH,Other,3469.0814896958195,3681.3394630452817,212.25797334946233,0.0,212.25797334946233
DZA,2025,AID_LOW__CONFLICT_INTERNAL_LOW__CONFLICT_EXTERNAL_LOW,Other,3469.0814896958195,3681.3394630452817,212.25797334946233,0.0,212.25797334946233
DZA,2025,CONFLICT_EXTERNAL_HIGH,Other,3469.0814896958195,3469.0814896958195,0.0,0.0,0.0
DZA,2025,CONFLICT_EXTERNAL_LOW,Other,3469.0814896958195,3469.0814896958195,0.0,0.0,0.0
DZA,2025,CONFLICT_INTERNAL_HIGH,Other,3469.0814896958195,4105.855409744207,636.7739200483873,0.0,636.7739200483873
DZA,2025,CONFLICT_INTERNAL_HIGH__CONFLICT_EXTERNAL_HIGH,Other,3469.0814896958195,4105.855409744207,636.7739200483873,0.0,636.7739200483873
DZA,2025,CONFLICT_INTERNAL_HIGH__CONFLICT_EXTERNAL_LOW,Other,3469.0814896958195,4105.855409744207,636.7739200483873,0.0,636.7739200483873
DZA,2025,CONFLICT_INTERNAL_LOW,Other,3469.0814896958195,3681.3394630452817,212.25797334946233,0.0,212.25797334946233
DZA,2025,CONFLICT_INTERNAL_LOW__CONFLICT_EXTERNAL_HIGH,Other,3469.0814896958195,3681.3394630452817,212.25797334946233,0.0,212.25797334946233
DZA,2025,CONFLICT_INTERNAL_LOW__CONFLICT_EXTERNAL_LOW,Other,3469.0814896958195,3681.3394630452817,212.25797334946233,0.0,212.25797334946233
ECU,2025,AID_HIGH,Other,13531.156006349058,13531.156006349058,0.0,0.0,0.0
ECU,2025,AID_HIGH__CONFLICT_EXTERNAL_HIGH,Other,13531.156006349058,13531.156006349058,0.0,0.0,0.0
ECU,2025,AID_HIGH__CONFLICT_EXTERNAL_LOW,Other,13531.156006349058,13531.156006349058,0.0,0.0,0.0
ECU,2025,AID_HIGH__CONFLICT_INTERNAL_HIGH,Other,13531.156006349058,20344.12729349687,6812.9712871478105,0.0,6812.9712871478105
ECU,2025,AID_HIGH__CONFLICT_INTERNAL_HIGH__CONFLICT_EXTERNAL_HIGH,Other,13531.156006349058,20344.12729349687,6812.9712871478105,0.0,6812.9712871478105
ECU,2025,AID_HIGH__CONFLICT_INTERNAL_HIGH__CONFLICT_EXTERNAL_LOW,Other,13531.156006349058,20344.12729349687,6812.9712871478105,0.0,6812.9712871478105
ECU,2025,AID_HIGH__CONFLICT_INTERNAL_LOW,Other,13531.156006349058,15802.146435398327,2270.990429049269,0.0,2270.990429049269
ECU,2025,AID_HIGH__CONFLICT_INTERNAL_LOW__CONFLICT_EXTERNAL_HIGH,Other,13531.156006349058,15802.146435398327,2270.990429049269,0.0,2270.990429049269
ECU,2025,AID_HIGH__CONFLICT_INTERNAL_LOW__CONFLICT_EXTERNAL_LOW,Other,13531.156006349058,15802.146435398327,2270.990429049269,0.0,2270.990429049269
ECU,2025,AID_LOW,Other,13531.156006349058,13531.156006349058,0.0,0.0,0.0
ECU,2025,AID_LOW__CONFLICT_EXTERNAL_HIGH,Other,13531.156006349058,13531.156006349058,0.0,0.0,0.0
ECU,2025,AID_LOW__CONFLICT_EXTERNAL_LOW,Other,13531.156006349058,13531.156006349058,0.0,0.0,0.0
ECU,2025,AID_LOW__CONFLICT_INTERNAL_HIGH,Other,13531.156006349058,20344.12729349687,6812.9712871478105,0.0,6812.9712871478105
ECU,2025,AID_LOW__CONFLICT_INTERNAL_HIGH__CONFLICT_EXTERNAL_HIGH,Other,13531.156006349058,20344.12729349687,6812.9712871478105,0.0,6812.9712871478105
ECU,2025,AID_LOW__CONFLICT_INTERNAL_HIGH__CONFLICT_EXTERNAL_LOW,Other,13531.156006349058,20344.12729349687,6812.9712871478105,0.0,6812.9712871478105
ECU,2025,AID_LOW__CONFLICT_INTERNAL_LOW,Other,13531.156006349058,15802.146435398327,2270.990429049269,0.0,2270.990429049269
ECU,2025,AID_LOW__CONFLICT_INTERNAL_LOW__CONFLICT_EXTERNAL_HIGH,Other,13531.156006349058,15802.146435398327,2270.990429049269,0.0,2270.990429049269
ECU,2025,AID_LOW__CONFLICT_INTERNAL_LOW__CONFLICT_EXTERNAL_LOW,Other,13531.156006349058,15802.146435398327,2270.990429049269,0.0,2270.990429049269
ECU,2025,CONFLICT_EXTERNAL_HIGH,Other,13531.156006349058,13531.156006349058,0.0,0.0,0.0
ECU,2025,CONFLICT_EXTERNAL_LOW,Other,13531.156006349058,13531.156006349058,0.0,0.0,0.0
ECU,2025,CONFLICT_INTERNAL_HIGH,Other,13531.156006349058,20344.12729349687,6812.9712871478105,0.0,6812.9712871478105
ECU,2025,CONFLICT_INTERNAL_HIGH__CONFLICT_EXTERNAL_HIGH,Other,13531.156006349058,20344.12729349687,6812.9712871478105,0.0,6812.9712871478105
ECU,2025,CONFLICT_INTERNAL_HIGH__CONFLICT_EXTERNAL_LOW,Other,13531.156006349058,20344.12729349687,6812.9712871478105,0.0,6812.9712871478105
ECU,2025,CONFLICT_INTERNAL_LOW,Other,13531.156006349058,15802.146435398327,2270.990429049269,0.0,2270.990429049269
ECU,2025,CONFLICT_INTERNAL_LOW__CONFLICT_EXTERNAL_HIGH,Other,13531.156006349058,15802.146435398327,2270.990429049269,0.0,2270.990429049269
ECU,2025,CONFLICT_INTERNAL_LOW__CONFLICT_EXTERNAL_LOW,Other,13531.156006349058,15802.146435398327,2270.990429049269,0.0,2270.990429049269
EGY,2025,AID_HIGH,Other,8165.634294702376,8165.634294702376,0.0,0.0,0.0
EGY,2025,AID_HIGH__CONFLICT_EXTERNAL_HIGH,Other,8165.634294702376,8165.634294702376,0.0,0.0,0.0
EGY,2025,AID_HIGH__CONFLICT_EXTERNAL_LOW,Other,8165.634294702376,8165.634294702376,0.0,0.0,0.0
EGY,2025,AID_HIGH__CONFLICT_INTERNAL_HIGH,Other,8165.634294702376,9621.048905903763,1455.4146112013862,0.0,1455.4146112013862
EGY,2025,AID_HIGH__CONFLICT_INTERNAL_HIGH__CONFLICT_EXTERNAL_HIGH,Other,8165.634294702376,9621.048905903763,1455.4146112013862,0.0,1455.4146112013862
EGY,2025,AID_HIGH__CONFLICT_INTERNAL_HIGH__CONFLICT_EXTERNAL_LOW,Other,8165.634294702376,9621.048905903763,1455.4146112013862,0.0,1455.4146112013862
EGY,2025,AID_HIGH__CONFLICT_INTERNAL_LOW,Other,8165.634294702376,8650.77249843617,485.13820373379525,0.0,485.13820373379525
EGY,2025,AID_HIGH__CONFLICT_INTERNAL_LOW__CONFLICT_EXTERNAL_HIGH,Other,8165.634294702376,8650.77249843617,485.13820373379525,0.0,485.13820373379525
EGY,2025,AID_HIGH__CONFLICT_INTERNAL_LOW__CONFLICT_EXTERNAL_LOW,Other,8165.634294702376,8650.77249843617,485.13820373379525,0.0,485.13820373379525
EGY,2025,AID_LOW,Other,8165.634294702376,8165.634294702376,0.0,0.0,0.0
EGY,2025,AID_LOW__CONFLICT_EXTERNAL_HIGH,Other,8165.634294702376,8165.634294702376,0.0,0.0,0.0
EGY,2025,AID_LOW__CONFLICT_EXTERNAL_LOW,Other,8165.634294702376,8165.634294702376,0.0,0.0,0.0
EGY,2025,AID_LOW__CONFLICT_INTERNAL_HIGH,Other,8165.634294702376,9621.048905903763,1455.4146112013862,0.0,1455.4146112013862
EGY,2025,AID_LOW__CONFLICT_INTERNAL_HIGH__CONFLICT_EXTERNAL_HIGH,Other,8165.634294702376,9621.048905903763,1455.4146112013862,0.0,1455.4146112013862
EGY,2025,AID_LOW__CONFLICT_INTERNAL_HIGH__CONFLICT_EXTERNAL_LOW,Other,8165.634294702376,9621.048905903763,1455.4146112013862,0.0,1455.4146112013862
EGY,2025,AID_LOW__CONFLICT_INTERNAL_LOW,Other,8165.634294702376,8650.77249843617,485.13820373379525,0.0,485.13820373379525
EGY,2025,AID_LOW__CONFLICT_INTERNAL_LOW__CONFLICT_EXTERNAL_HIGH,Other,8165.634294702376,8650.77249843617,485.13820373379525,0.0,485.13820373379525
EGY,2025,AID_LOW__CONFLICT_INTERNAL_LOW__CONFLICT_EXTERNAL_LOW,Other,8165.634294702376,8650.77249843617,485.13820373379525,0.0,485.13820373379525
EGY,2025,CONFLICT_EXTERNAL_HIGH,Other,8165.634294702376,8165.634294702376,0.0,0.0,0.0
EGY,2025,CONFLICT_EXTERNAL_LOW,Other,8165.634294702376,8165.634294702376,0.0,0.0,0.0
EGY,2025,CONFLICT_INTERNAL_HIGH,Other,8165.634294702376,9621.048905903763,1455.4146112013862,0.0,1455.4146112013862
EGY,2025,CONFLICT_INTERNAL_HIGH__CONFLICT_EXTERNAL_HIGH,Other,8165.634294702376,9621.048905903763,1455.4146112013862,0.0,1455.4146112013862
EGY,2025,CONFLICT_INTERNAL_HIGH__CONFLICT_EXTERNAL_LOW,Other,8165.634294702376,9621.048905903763,1455.4146112013862,0.0,1455.4146112013862
EGY,2025,CONFLICT_INTERNAL_LOW,Other,8165.634294702376,8650.77249843617,485.13820373379525,0.0,485.13820373379525
EGY,2025,CONFLICT_INTERNAL_LOW__CONFLICT_EXTERNAL_HIGH,Other,8165.634294702376,8650.77249843617,485.13820373379525,0.0,485.13820373379525
EGY,2025,CONFLICT_INTERNAL_LOW__CONFLICT_EXTERNAL_LOW,Other,8165.634294702376,8650.77249843617,485.13820373379525,0.0,485.13820373379525
ESP,2025,AID_HIGH,Other,64444.48939703008,64444.48939703008,0.0,0.0,0.0
ESP,2025,AID_HIGH__CONFLICT_EXTERNAL_HIGH,Other,64444.48939703008,64444.48939703008,0.0,0.0,0.0
ESP,2025,AID_HIGH__CONFLICT_EXTERNAL_LOW,Other,64444.48939703008,64444.48939703008,0.0,0.0,0.0
ESP,2025,AID_HIGH__CONFLICT_INTERNAL_HIGH,Other,64444.48939703008,98846.78546157811,34402.29606454802,0.0,34402.29606454802
ESP,2025,AID_HIGH__CONFLICT_INTERNAL_HIGH__CONFLICT_EXTERNAL_HIGH,Other,64444.48939703008,98846.78546157811,34402.29606454802,0.0,34402.29606454802
ESP,2025,AID_HIGH__CONFLICT_INTERNAL_HIGH__CONFLICT_EXTERNAL_LOW,Other,64444.48939703008,98846.78546157811,34402.29606454802,0.0,34402.29606454802
ESP,2025,AID_HIGH__CONFLICT_INTERNAL_LOW,Other,64444.48939703008,75911.92141854609,11467.432021516002,0.0,11467.432021516002
ESP,2025,AID_HIGH__CONFLICT_INTERNAL_LOW__CONFLICT_EXTERNAL_HIGH,Other,64444.48939703008,75911.92141854609,11467.432021516002,0.0,11467.432021516002
ESP,2025,AID_HIGH__CONFLICT_INTERNAL_LOW__CONFLICT_EXTERNAL_LOW,Other,64444.48939703008,75911.92141854609,11467.432021516002,0.0,11467.432021516002
ESP,2025,AID_LOW,Other,64444.48939703008,64444.48939703008,0.0,0.0,0.0
ESP,2025,AID_LOW__CONFLICT_EXTERNAL_HIGH,Other,64444.48939703008,64444.48939703008,0.0,0.0,0.0
ESP,2025,AID_LOW__CONFLICT_EXTERNAL_LOW,Other,64444.48939703008,64444.48939703008,0.0,0.0,0.0
ESP,2025,AID_LOW__CONFLICT_INTERNAL_HIGH,Other,64444.48939703008,98846.78546157811,34402.29606454802,0.0,34402.29606454802
ESP,2025,AID_LOW__CONFLICT_INTERNAL_HIGH__CONFLICT_EXTERNAL_HIGH,Other,64444.48939703008,98846.78546157811,34402.29606454802,0.0,34402.29606454802
ESP,2025,AID_LOW__CONFLICT_INTERNAL_HIGH__CONFLICT_EXTERNAL_LOW,Other,64444.48939703008,98846.78546157811,34402.29606454802,0.0,34402.29606454802
ESP,2025,AID_LOW__CONFLICT_INTERNAL_LOW,Other,64444.48939703008,75911.92141854609,11467.432021516002,0.0,11467.432021516002
ESP,2025,AID_LOW__CONFLICT_INTERNAL_LOW__CONFLICT_EXTERNAL_HIGH,Other,64444.48939703008,75911.92141854609,11467.432021516002,0.0,11467.432021516002
ESP,2025,AID_LOW__CONFLICT_INTERNAL_LOW__CONFLICT_EXTERNAL_LOW,Other,64444.48939703008,75911.92141854609,11467.432021516002,0.0,11467.432021516002
ESP,2025,CONFLICT_EXTERNAL_HIGH,Other,64444.48939703008,64444.48939703008,0.0,0.0,0.0
ESP,2025,CONFLICT_EXTERNAL_LOW,Other,64444.48939703008,64444.48939703008,0.0,0.0,0.0
ESP,2025,CONFLICT_INTERNAL_HIGH,Other,64444.48939703008,98846.78546157811,34402.29606454802,0.0,34402.29606454802
ESP,2025,CONFLICT_INTERNAL_HIGH__CONFLICT_EXTERNAL_HIGH,Other,64444.48939703008,98846.78546157811,34402.29606454802,0.0,34402.29606454802
ESP,2025,CONFLICT_INTERNAL_HIGH__CONFLICT_EXTERNAL_LOW,Other,64444.48939703008,98846.78546157811,34402.29606454802,0.0,34402.29606454802
ESP,2025,CONFLICT_INTERNAL_LOW,Other,64444.48939703008,75911.92141854609,11467.432021516002,0.0,11467.432021516002
ESP,2025,CONFLICT_INTERNAL_LOW__CONFLICT_EXTERNAL_HIGH,Other,64444.48939703008,75911.92141854609,11467.432021516002,0.0,11467.432021516002
ESP,2025,CONFLICT_INTERNAL_LOW__CONFLICT_EXTERNAL_LOW,Other,64444.48939703008,75911.92141854609,11467.432021516002,0.0,11467.432021516002
EST,2025,AID_HIGH,Other,1231.1550197818706,1231.1550197818706,0.0,0.0,0.0
EST,2025,AID_HIGH__CONFLICT_EXTERNAL_HIGH,Other,1231.1550197818706,1231.1550197818706,0.0,0.0,0.0
EST,2025,AID_HIGH__CONFLICT_EXTERNAL_LOW,Other,1231.1550197818706,1231.1550197818706,0.0,0.0,0.0
EST,2025,AID_HIGH__CONFLICT_INTERNAL_HIGH,Other,1231.1550197818706,1836.0534081056478,604.8983883237772,0.0,604.8983883237772
EST,2025,AID_HIGH__CONFLICT_INTERNAL_HIGH__CONFLICT_EXTERNAL_HIGH,Other,1231.1550197818706,1836.0534081056478,604.8983883237772,0.0,604.8983883237772
EST,2025,AID_HIGH__CONFLICT_INTERNAL_HIGH__CONFLICT_EXTERNAL_LOW,Other,1231.1550197818706,1836.0534081056478,604.8983883237772,0.0,604.8983883237772
EST,2025,AID_HIGH__CONFLICT_INTERNAL_LOW,Other,1231.1550197818706,1432.787815889796,201.63279610792569,0.0,201.63279610792569
EST,2025,AID_HIGH__CONFLICT_INTERNAL_LOW__CONFLICT_EXTERNAL_HIGH,Other,1231.1550197818706,1432.787815889796,201.63279610792569,0.0,201.63279610792569
EST,2025,AID_HIGH__CONFLICT_INTERNAL_LOW__CONFLICT_EXTERNAL_LOW,Other,1231.1550197818706,1432.787815889796,201.63279610792569,0.0,201.63279610792569
EST,2025,AID_LOW,Other,1231.1550197818706,1231.1550197818706,0.0,0.0,0.0
EST,2025,AID_LOW__CONFLICT_EXTERNAL_HIGH,Other,1231.1550197818706,1231.1550197818706,0.0,0.0,0.0
EST,2025,AID_LOW__CONFLICT_EXTERNAL_LOW,Other,1231.1550197818706,1231.1550197818706,0.0,0.0,0.0
EST,2025,AID_LOW__CONFLICT_INTERNAL_HIGH,Other,1231.1550197818706,1836.0534081056478,604.8983883237772,0.0,604.8983883237772
EST,2025,AID_LOW__CONFLICT_INTERNAL_HIGH__CONFLICT_EXTERNAL_HIGH,Other,1231.1550197818706,1836.0534081056478,604.8983883237772,0.0,604.8983883237772
EST,2025,AID_LOW__CONFLICT_INTERNAL_HIGH__CONFLICT_EXTERNAL_LOW,Other,1231.1550197818706,1836.0534081056478,604.8983883237772,0.0,604.8983883237772
EST,2025,AID_LOW__CONFLICT_INTERNAL_LOW,Other,1231.1550197818706,1432.787815889796,201.63279610792569,0.0,201.63279610792569
EST,2025,AID_LOW__CONFLICT_INTERNAL_LOW__CONFLICT_EXTERNAL_HIGH,Other,1231.1550197818706,1432.787815889796,201.63279610792569,0.0,201.63279610792569
EST,2025,AID_LOW__CONFLICT_INTERNAL_LOW__CONFLICT_EXTERNAL_LOW,Other,1231.1550197818706,1432.787815889796,201.63279610792569,0.0,201.63279610792569
EST,2025,CONFLICT_EXTERNAL_HIGH,Other,1231.1550197818706,1231.1550197818706,0.0,0.0,0.0
EST,2025,CONFLICT_EXTERNAL_LOW,Other,1231.1550197818706,1231.1550197818706,0.0,0.0,0.0
EST,2025,CONFLICT_INTERNAL_HIGH,Other,1231.1550197818706,1836.0534081056478,604.8983883237772,0.0,604.8983883237772
EST,2025,CONFLICT_INTERNAL_HIGH__CONFLICT_EXTERNAL_HIGH,Other,1231.1550197818706,1836.0534081056478,604.8983883237772,0.0,604.8983883237772
EST,2025,CONFLICT_INTERNAL_HIGH__CONFLICT_EXTERNAL_LOW,Other,1231.1550197818706,1836.0534081056478,604.8983883237772,0.0,604.8983883237772
EST,2025,CONFLICT_INTERNAL_LOW,Other,1231.1550197818706,1432.787815889796,201.63279610792569,0.0,201.63279610792569
EST,2025,CONFLICT_INTERNAL_LOW__CONFLICT_EXTERNAL_HIGH,Other,1231.1550197818706,1432.787815889796,201.63279610792569,0.0,201.63279610792569
EST,2025,CONFLICT_INTERNAL_LOW__CONFLICT_EXTERNAL_LOW,Other,1231.1550197818706,1432.787815889796,201.63279610792569,0.0,201.63279610792569
FIN,2025,AID_HIGH,Other,7910.741941369362,7910.741941369362,0.0,0.0,0.0
FIN,2025,AID_HIGH__CONFLICT_EXTERNAL_HIGH,Other,7910.741941369362,7910.741941369362,0.0,0.0,0.0
FIN,2025,AID_HIGH__CONFLICT_EXTERNAL_LOW,Other,7910.741941369362,7910.741941369362,0.0,0.0,0.0
FIN,2025,AID_HIGH__CONFLICT_INTERNAL_HIGH,Other,7910.741941369362,11177.728884597405,3266.9869432280434,0.0,3266.9869432280434
FIN,2025,AID_HIGH__CONFLICT_INTERNAL_HIGH__CONFLICT_EXTERNAL_HIGH,Other,7910.741941369362,11177.728884597405,3266.9869432280434,0.0,3266.9869432280434
FIN,2025,AID_HIGH__CONFLICT_INTERNAL_HIGH__CONFLICT_EXTERNAL_LOW,Other,7910.741941369362,11177.728884597405,3266.9869432280434,0.0,3266.9869432280434
FIN,2025,AID_HIGH__CONFLICT_INTERNAL_LOW,Other,7910.741941369362,8999.737589112043,1088.9956477426808,0.0,1088.9956477426808
FIN,2025,AID_HIGH__CONFLICT_INTERNAL_LOW__CONFLICT_EXTERNAL_HIGH,Other,7910.741941369362,8999.737589112043,1088.9956477426808,0.0,1088.9956477426808
FIN,2025,AID_HIGH__CONFLICT_INTERNAL_LOW__CONFLICT_EXTERNAL_LOW,Other,7910.741941369362,8999.737589112043,1088.9956477426808,0.0,1088.9956477426808
FIN,2025,AID_LOW,Other,7910.741941369362,7910.741941369362,0.0,0.0,0.0
FIN,2025,AID_LOW__CONFLICT_EXTERNAL_HIGH,Other,7910.741941369362,7910.741941369362,0.0,0.0,0.0
FIN,2025,AID_LOW__CONFLICT_EXTERNAL_LOW,Other,7910.741941369362,7910.741941369362,0.0,0.0,0.0
FIN,2025,AID_LOW__CONFLICT_INTERNAL_HIGH,Other,7910.741941369362,11177.728884597405,3266.9869432280434,0.0,3266.9869432280434
FIN,2025,AID_LOW__CONFLICT_INTERNAL_HIGH__CONFLICT_EXTERNAL_HIGH,Other,7910.741941369362,11177.728884597405,3266.9869432280434,0.0,3266.9869432280434
FIN,2025,AID_LOW__CONFLICT_INTERNAL_HIGH__CONFLICT_EXTERNAL_LOW,Other,7910.741941369362,11177.728884597405,3266.9869432280434,0.0,3266.9869432280434
FIN,2025,AID_LOW__CONFLICT_INTERNAL_LOW,Other,7910.741941369362,8999.737589112043,1088.9956477426808,0.0,1088.9956477426808
FIN,2025,AID_LOW__CONFLICT_INTERNAL_LOW__CONFLICT_EXTERNAL_HIGH,Other,7910.741941369362,8999.737589112043,1088.9956477426808,0.0,1088.9956477426808
FIN,2025,AID_LOW__CONFLICT_INTERNAL_LOW__CONFLICT_EXTERNAL_LOW,Other,7910.741941369362,8999.737589112043,1088.9956477426808,0.0,1088.9956477426808
FIN,2025,CONFLICT_EXTERNAL_HIGH,Other,7910.741941369362,7910.741941369362,0.0,0.0,0.0
FIN,2025,CONFLICT_EXTERNAL_LOW,Other,7910.741941369362,7910.741941369362,0.0,0.0,0.0
FIN,2025,CONFLICT_INTERNAL_HIGH,Other,7910.741941369362,11177.728884597405,3266.9869432280434,0.0,3266.9869432280434
FIN,2025,CONFLICT_INTERNAL_HIGH__CONFLICT_EXTERNAL_HIGH,Other,7910.741941369362,11177.728884597405,3266.9869432280434,0.0,3266.9869432280434
FIN,2025,CONFLICT_INTERNAL_HIGH__CONFLICT_EXTERNAL_LOW,Other,7910.741941369362,11177.728884597405,3266.9869432280434,0.0,3266.9869432280434
FIN,2025,CONFLICT_INTERNAL_LOW,Other,7910.741941369362,8999.737589112043,1088.9956477426808,0.0,1088.9956477426808
FIN,2025,CONFLICT_INTERNAL_LOW__CONFLICT_EXTERNAL_HIGH,Other,7910.741941369362,8999.737589112043,1088.9956477426808,0.0,1088.9956477426808
FIN,2025,CONFLICT_INTERNAL_LOW__CONFLICT_EXTERNAL_LOW,Other,7910.741941369362,8999.737589112043,1088.9956477426808,0.0,1088.9956477426808
FLK,2025,AID_HIGH,Other,25.50250042612465,25.50250042612465,0.0,0.0,0.0
FLK,2025,AID_HIGH__CONFLICT_EXTERNAL_HIGH,Other,25.50250042612465,25.50250042612465,0.0,0.0,0.0
FLK,2025,AID_HIGH__CONFLICT_EXTERNAL_LOW,Other,25.50250042612465,25.50250042612465,0.0,0.0,0.0
FLK,2025,AID_HIGH__CONFLICT_INTERNAL_HIGH,Other,25.50250042612465,39.040197272827164,13.537696846702515,0.0,13.537696846702515
FLK,2025,AID_HIGH__CONFLICT_INTERNAL_HIGH__CONFLICT_EXTERNAL_HIGH,Other,25.50250042612465,39.040197272827164,13.537696846702515,0.0,13.537696846702515
FLK,2025,AID_HIGH__CONFLICT_INTERNAL_HIGH__CONFLICT_EXTERNAL_LOW,Other,25.50250042612465,39.040197272827164,13.537696846702515,0.0,13.537696846702515
FLK,2025,AID_HIGH__CONFLICT_INTERNAL_LOW,Other,25.50250042612465,30.015066041692155,4.512565615567503,0.0,4.512565615567503
FLK,2025,AID_HIGH__CONFLICT_INTERNAL_LOW__CONFLICT_EXTERNAL_HIGH,Other,25.50250042612465,30.015066041692155,4.512565615567503,0.0,4.512565615567503
FLK,2025,AID_HIGH__CONFLICT_INTERNAL_LOW__CONFLICT_EXTERNAL_LOW,Other,25.50250042612465,30.015066041692155,4.512565615567503,0.0,4.512565615567503
FLK,2025,AID_LOW,Other,25.50250042612465,25.50250042612465,0.0,0.0,0.0
FLK,2025,AID_LOW__CONFLICT_EXTERNAL_HIGH,Other,25.50250042612465,25.50250042612465,0.0,0.0,0.0
FLK,2025,AID_LOW__CONFLICT_EXTERNAL_LOW,Other,25.50250042612465,25.50250042612465,0.0,0.0,0.0
FLK,2025,AID_LOW__CONFLICT_INTERNAL_HIGH,Other,25.50250042612465,39.040197272827164,13.537696846702515,0.0,13.537696846702515
FLK,2025,AID_LOW__CONFLICT_INTERNAL_HIGH__CONFLICT_EXTERNAL_HIGH,Other,25.50250042612465,39.040197272827164,13.537696846702515,0.0,13.537696846702515
FLK,2025,AID_LOW__CONFLICT_INTERNAL_HIGH__CONFLICT_EXTERNAL_LOW,Other,25.50250042612465,39.040197272827164,13.537696846702515,0.0,13.537696846702515
FLK,2025,AID_LOW__CONFLICT_INTERNAL_LOW,Other,25.50250042612465,30.015066041692155,4.512565615567503,0.0,4.512565615567503
FLK,2025,AID_LOW__CONFLICT_INTERNAL_LOW__CONFLICT_EXTERNAL_HIGH,Other,25.50250042612465,30.015066041692155,4.512565615567503,0.0,4.512565615567503
FLK,2025,AID_LOW__CONFLICT_INTERNAL_LOW__CONFLICT_EXTERNAL_LOW,Other,25.50250042612465,30.015066041692155,4.512565615567503,0.0,4.512565615567503
FLK,2025,CONFLICT_EXTERNAL_HIGH,Other,25.50250042612465,25.50250042612465,0.0,0.0,0.0
FLK,2025,CONFLICT_EXTERNAL_LOW,Other,25.50250042612465,25.50250042612465,0.0,0.0,0.0
FLK,2025,CONFLICT_INTERNAL_HIGH,Other,25.50250042612465,39.040197272827164,13.537696846702515,0.0,13.537696846702515
FLK,2025,CONFLICT_INTERNAL_HIGH__CONFLICT_EXTERNAL_HIGH,Other,25.50250042612465,39.040197272827164,13.537696846702515,0.0,13.537696846702515
FLK,2025,CONFLICT_INTERNAL_HIGH__CONFLICT_EXTERNAL_LOW,Other,25.50250042612465,39.040197272827164,13.537696846702515,0.0,13.537696846702515
FLK,2025,CONFLICT_INTERNAL_LOW,Other,25.50250042612465,30.015066041692155,4.512565615567503,0.0,4.512565615567503
FLK,2025,CONFLICT_INTERNAL_LOW__CONFLICT_EXTERNAL_HIGH,Other,25.50250042612465,30.015066041692155,4.512565615567503,0.0,4.512565615567503
FLK,2025,CONFLICT_INTERNAL_LOW__CONFLICT_EXTERNAL_LOW,Other,25.50250042612465,30.015066041692155,4.512565615567503,0.0,4.512565615567503
FRA,2025,AID_HIGH,Other,58498.76583523892,58498.76583523892,0.0,0.0,0.0
FRA,2025,AID_HIGH__CONFLICT_EXTERNAL_HIGH,Other,58498.76583523892,58498.76583523892,0.0,0.0,0.0
FRA,2025,AID_HIGH__CONFLICT_EXTERNAL_LOW,Other,58498.76583523892,58498.76583523892,0.0,0.0,0.0
FRA,2025,AID_HIGH__CONFLICT_INTERNAL_HIGH,Other,58498.76583523892,88166.8791728772,29668.113337638282,0.0,29668.113337638282
FRA,2025,AID_HIGH__CONFLICT_INTERNAL_HIGH__CONFLICT_EXTERNAL_HIGH,Other,58498.76583523892,88166.8791728772,29668.113337638282,0.0,29668.113337638282
FRA,2025,AID_HIGH__CONFLICT_INTERNAL_HIGH__CONFLICT_EXTERNAL_LOW,Other,58498.76583523892,88166.8791728772,29668.113337638282,0.0,29668.113337638282
FRA,2025,AID_HIGH__CONFLICT_INTERNAL_LOW,Other,58498.76583523892,68388.13694778501,9889.37111254609,0.0,9889.37111254609
FRA,2025,AID_HIGH__CONFLICT_INTERNAL_LOW__CONFLICT_EXTERNAL_HIGH,Other,58498.76583523892,68388.13694778501,9889.37111254609,0.0,9889.37111254609
FRA,2025,AID_HIGH__CONFLICT_INTERNAL_LOW__CONFLICT_EXTERNAL_LOW,Other,58498.76583523892,68388.13694778501,9889.37111254609,0.0,9889.37111254609
FRA,2025,AID_LOW,Other,58498.76583523892,58498.76583523892,0.0,0.0,0.0
FRA,2025,AID_LOW__CONFLICT_EXTERNAL_HIGH,Other,58498.76583523892,58498.76583523892,0.0,0.0,0.0
FRA,2025,AID_LOW__CONFLICT_EXTERNAL_LOW,Other,58498.76583523892,58498.76583523892,0.0,0.0,0.0
FRA,2025,AID_LOW__CONFLICT_INTERNAL_HIGH,Other,58498.76583523892,88166.8791728772,29668.113337638282,0.0,29668.113337638282
FRA,2025,AID_LOW__CONFLICT_INTERNAL_HIGH__CONFLICT_EXTERNAL_HIGH,Other,58498.76583523892,88166.8791728772,29668.113337638282,0.0,29668.113337638282
FRA,2025,AID_LOW__CONFLICT_INTERNAL_HIGH__CONFLICT_EXTERNAL_LOW,Other,58498.76583523892,88166.8791728772,29668.113337638282,0.0,29668.113337638282
FRA,2025,AID_LOW__CONFLICT_INTERNAL_LOW,Other,58498.76583523892,68388.13694778501,9889.37111254609,0.0,9889.37111254609
FRA,2025,AID_LOW__CONFLICT_INTERNAL_LOW__CONFLICT_EXTERNAL_HIGH,Other,58498.76583523892,68388.13694778501,9889.37111254609,0.0,9889.37111254609
FRA,2025,AID_LOW__CONFLICT_INTERNAL_LOW__CONFLICT_EXTERNAL_LOW,Other,58498.76583523892,68388.13694778501,9889.37111254609,0.0,9889.37111254609
FRA,2025,CONFLICT_EXTERNAL_HIGH,Other,58498.76583523892,58498.76583523892,0.0,0.0,0.0
FRA,2025,CONFLICT_EXTERNAL_LOW,Other,58498.76583523892,58498.76583523892,0.0,0.0,0.0
FRA,2025,CONFLICT_INTERNAL_HIGH,Other,58498.76583523892,88166.8791728772,29668.113337638282,0.0,29668.113337638282
FRA,2025,CONFLICT_INTERNAL_HIGH__CONFLICT_EXTERNAL_HIGH,Other,58498.76583523892,88166.8791728772,29668.113337638282,0.0,29668.113337638282
FRA,2025,CONFLICT_INTERNAL_HIGH__CONFLICT_EXTERNAL_LOW,Other,58498.76583523892,88166.8791728772,29668.113337638282,0.0,29668.113337638282
FRA,2025,CONFLICT_INTERNAL_LOW,Other,58498.76583523892,68388.13694778501,9889.37111254609,0.0,9889.37111254609
FRA,2025,CONFLICT_INTERNAL_LOW__CONFLICT_EXTERNAL_HIGH,Other,58498.76583523892,68388.13694778501,9889.37111254609,0.0,9889.37111254609
FRA,2025,CONFLICT_INTERNAL_LOW__CONFLICT_EXTERNAL_LOW,Other,58498.76583523892,68388.13694778501,9889.37111254609,0.0,9889.37111254609
FRO,2025,AID_HIGH,Other,66.73899625577276,66.73899625577276,0.0,0.0,0.0
FRO,2025,AID_HIGH__CONFLICT_EXTERNAL_HIGH,Other,66.73899625577276,66.73899625577276,0.0,0.0,0.0
FRO,2025,AID_HIGH__CONFLICT_EXTERNAL_LOW,Other,66.73899625577276,66.73899625577276,0.0,0.0,0.0
FRO,2025,AID_HIGH__CONFLICT_INTERNAL_HIGH,Other,66.73899625577276,94.01070232501984,27.271706069247074,0.0,27.271706069247074
FRO,2025,AID_HIGH__CONFLICT_INTERNAL_HIGH__CONFLICT_EXTERNAL_HIGH,Other,66.73899625577276,94.01070232501984,27.271706069247074,0.0,27.271706069247074
FRO,2025,AID_HIGH__CONFLICT_INTERNAL_HIGH__CONFLICT_EXTERNAL_LOW,Other,66.73899625577276,94.01070232501984,27.271706069247074,0.0,27.271706069247074
FRO,2025,AID_HIGH__CONFLICT_INTERNAL_LOW,Other,66.73899625577276,75.82956494552178,9.090568689749022,0.0,9.090568689749022
FRO,2025,AID_HIGH__CONFLICT_INTERNAL_LOW__CONFLICT_EXTERNAL_HIGH,Other,66.73899625577276,75.82956494552178,9.090568689749022,0.0,9.090568689749022
FRO,2025,AID_HIGH__CONFLICT_INTERNAL_LOW__CONFLICT_EXTERNAL_LOW,Other,66.73899625577276,75.82956494552178,9.090568689749022,0.0,9.090568689749022
FRO,2025,AID_LOW,Other,66.73899625577276,66.73899625577276,0.0,0.0,0.0
FRO,2025,AID_LOW__CONFLICT_EXTERNAL_HIGH,Other,66.73899625577276,66.73899625577276,0.0,0.0,0.0
FRO,2025,AID_LOW__CONFLICT_EXTERNAL_LOW,Other,66.73899625577276,66.73899625577276,0.0,0.0,0.0
FRO,2025,AID_LOW__CONFLICT_INTERNAL_HIGH,Other,66.73899625577276,94.01070232501984,27.271706069247074,0.0,27.271706069247074
FRO,2025,AID_LOW__CONFLICT_INTERNAL_HIGH__CONFLICT_EXTERNAL_HIGH,Other,66.73899625577276,94.01070232501984,27.271706069247074,0.0,27.271706069247074
FRO,2025,AID_LOW__CONFLICT_INTERNAL_HIGH__CONFLICT_EXTERNAL_LOW,Other,66.73899625577276,94.01070232501984,27.271706069247074,0.0,27.271706069247074
FRO,2025,AID_LOW__CONFLICT_INTERNAL_LOW,Other,66.73899625577276,75.82956494552178,9.090568689749022,0.0,9.090568689749022
FRO,2025,AID_LOW__CONFLICT_INTERNAL_LOW__CONFLICT_EXTERNAL_HIGH,Other,66.73899625577276,75.82956494552178,9.090568689749022,0.0,9.090568689749022
FRO,2025,AID_LOW__CONFLICT_INTERNAL_LOW__CONFLICT_EXTERNAL_LOW,Other,66.73899625577276,75.82956494552178,9.090568689749022,0.0,9.090568689749022
FRO,2025,CONFLICT_EXTERNAL_HIGH,Other,66.73899625577276,66.73899625577276,0.0,0.0,0.0
FRO,2025,CONFLICT_EXTERNAL_LOW,Other,66.73899625577276,66.73899625577276,0.0,0.0,0.0
FRO,2025,CONFLICT_INTERNAL_HIGH,Other,66.73899625577276,94.01070232501984,27.271706069247074,0.0,27.271706069247074
FRO,2025,CONFLICT_INTERNAL_HIGH__CONFLICT_EXTERNAL_HIGH,Other,66.73899625577276,94.01070232501984,27.271706069247074,0.0,27.271706069247074
FRO,2025,CONFLICT_INTERNAL_HIGH__CONFLICT_EXTERNAL_LOW,Other,66.73899625577276,94.01070232501984,27.271706069247074,0.0,27.271706069247074
FRO,2025,CONFLICT_INTERNAL_LOW,Other,66.73899625577276,75.82956494552178,9.090568689749022,0.0,9.090568689749022
FRO,2025,CONFLICT_INTERNAL_LOW__CONFLICT_EXTERNAL_HIGH,Other,66.73899625577276,75.82956494552178,9.090568689749022,0.0,9.090568689749022
FRO,2025,CONFLICT_INTERNAL_LOW__CONFLICT_EXTERNAL_LOW,Other,66.73899625577276,75.82956494552178,9.090568689749022,0.0,9.090568689749022
GAB,2025,AID_HIGH,Other,560.8899322830296,560.8899322830296,0.0,0.0,0.0
GAB,2025,AID_HIGH__CONFLICT_EXTERNAL_HIGH,Other,560.8899322830296,560.8899322830296,0.0,0.0,0.0
GAB,2025,AID_HIGH__CONFLICT_EXTERNAL_LOW,Other,560.8899322830296,560.8899322830296,0.0,0.0,0.0
GAB,2025,AID_HIGH__CONFLICT_INTERNAL_HIGH,Other,560.8899322830296,858.71926291038,297.8293306273505,0.0,297.8293306273505
GAB,2025,AID_HIGH__CONFLICT_INTERNAL_HIGH__CONFLICT_EXTERNAL_HIGH,Other,560.8899322830296,858.71926291038,297.8293306273505,0.0,297.8293306273505
GAB,2025,AID_HIGH__CONFLICT_INTERNAL_HIGH__CONFLICT_EXTERNAL_LOW,Other,560.8899322830296,858.71926291038,297.8293306273505,0.0,297.8293306273505
GAB,2025,AID_HIGH__CONFLICT_INTERNAL_LOW,Other,560.8899322830296,660.1663758254797,99.27644354245012,0.0,99.27644354245012
GAB,2025,AID_HIGH__CONFLICT_INTERNAL_LOW__CONFLICT_EXTERNAL_HIGH,Other,560.8899322830296,660.1663758254797,99.27644354245012,0.0,99.27644354245012
GAB,2025,AID_HIGH__CONFLICT_INTERNAL_LOW__CONFLICT_EXTERNAL_LOW,Other,560.8899322830296,660.1663758254797,99.27644354245012,0.0,99.27644354245012
GAB,2025,AID_LOW,Other,560.8899322830296,560.8899322830296,0.0,0.0,0.0
GAB,2025,AID_LOW__CONFLICT_EXTERNAL_HIGH,Other,560.8899322830296,560.8899322830296,0.0,0.0,0.0
GAB,2025,AID_LOW__CONFLICT_EXTERNAL_LOW,Other,560.8899322830296,560.8899322830296,0.0,0.0,0.0
GAB,2025,AID_LOW__CONFLICT_INTERNAL_HIGH,Other,560.8899322830296,858.71926291038,297.8293306273505,0.0,297.8293306273505
GAB,2025,AID_LOW__CONFLICT_INTERNAL_HIGH__CONFLICT_EXTERNAL_HIGH,Other,560.8899322830296,858.71926291038,297.8293306273505,0.0,297.8293306273505
GAB,2025,AID_LOW__CONFLICT_INTERNAL_HIGH__CONFLICT_EXTERNAL_LOW,Other,560.8899322830296,858.71926291038,297.8293306273505,0.0,297.8293306273505
GAB,2025,AID_LOW__CONFLICT_INTERNAL_LOW,Other,560.8899322830296,660.1663758254797,99.27644354245012,0.0,99.27644354245012
GAB,2025,AID_LOW__CONFLICT_INTERNAL_LOW__CONFLICT_EXTERNAL_HIGH,Other,560.8899322830296,660.1663758254797,99.27644354245012,0.0,99.27644354245012
GAB,2025,AID_LOW__CONFLICT_INTERNAL_LOW__CONFLICT_EXTERNAL_LOW,Other,560.8899322830296,660.1663758254797,99.27644354245012,0.0,99.27644354245012
GAB,2025,CONFLICT_EXTERNAL_HIGH,Other,560.8899322830296,560.8899322830296,0.0,0.0,0.0
GAB,2025,CONFLICT_EXTERNAL_LOW,Other,560.8899322830296,560.8899322830296,0.0,0.0,0.0
GAB,2025,CONFLICT_INTERNAL_HIGH,Other,560.8899322830296,858.71926291038,297.8293306273505,0.0,297.8293306273505
GAB,2025,CONFLICT_INTERNAL_HIGH__CONFLICT_EXTERNAL_HIGH,Other,560.8899322830296,858.71926291038,297.8293306273505,0.0,297.8293306273505
GAB,2025,CONFLICT_INTERNAL_HIGH__CONFLICT_EXTERNAL_LOW,Other,560.8899322830296,858.71926291038,297.8293306273505,0.0,297.8293306273505
GAB,2025,CONFLICT_INTERNAL_LOW,Other,560.8899322830296,660.1663758254797,99.27644354245012,0.0,99.27644354245012
GAB,2025,CONFLICT_INTERNAL_LOW__CONFLICT_EXTERNAL_HIGH,Other,560.8899322830296,660.1663758254797,99.27644354245012,0.0,99.27644354245012
GAB,2025,CONFLICT_INTERNAL_LOW__CONFLICT_EXTERNAL_LOW,Other,560.8899322830296,660.1663758254797,99.27644354245012,0.0,99.27644354245012
GBR,2025,AID_HIGH,Other,305000.94566144433,305000.94566144433,0.0,0.0,0.0
GBR,2025,AID_HIGH__CONFLICT_EXTERNAL_HIGH,Other,305000.94566144433,305000.94566144433,0.0,0.0,0.0
GBR,2025,AID_HIGH__CONFLICT_EXTERNAL_LOW,Other,305000.94566144433,305000.94566144433,0.0,0.0,0.0
GBR,2025,AID_HIGH__CONFLICT_INTERNAL_HIGH,Other,305000.94566144433,431455.51088149165,126454.56522004733,0.0,126454.56522004733
GBR,2025,AID_HIGH__CONFLICT_INTERNAL_HIGH__CONFLICT_EXTERNAL_HIGH,Other,305000.94566144433,431455.51088149165,126454.56522004733,0.0,126454.56522004733
GBR,2025,AID_HIGH__CONFLICT_INTERNAL_HIGH__CONFLICT_EXTERNAL_LOW,Other,305000.94566144433,431455.51088149165,126454.56522004733,0.0,126454.56522004733
GBR,2025,AID_HIGH__CONFLICT_INTERNAL_LOW,Other,305000.94566144433,347152.46740146005,42151.52174001576,0.0,42151.52174001576
GBR,2025,AID_HIGH__CONFLICT_INTERNAL_LOW__CONFLICT_EXTERNAL_HIGH,Other,305000.94566144433,347152.46740146005,42151.52174001576,0.0,42151.52174001576
GBR,2025,AID_HIGH__CONFLICT_INTERNAL_LOW__CONFLICT_EXTERNAL_LOW,Other,305000.94566144433,347152.46740146005,42151.52174001576,0.0,42151.52174001576
GBR,2025,AID_LOW,Other,305000.94566144433,305000.94566144433,0.0,0.0,0.0
GBR,2025,AID_LOW__CONFLICT_EXTERNAL_HIGH,Other,305000.94566144433,305000.94566144433,0.0,0.0,0.0
GBR,2025,AID_LOW__CONFLICT_EXTERNAL_LOW,Other,305000.94566144433,305000.94566144433,0.0,0.0,0.0
GBR,2025,AID_LOW__CONFLICT_INTERNAL_HIGH,Other,305000.94566144433,431455.51088149165,126454.56522004733,0.0,126454.56522004733
GBR,2025,AID_LOW__CONFLICT_INTERNAL_HIGH__CONFLICT_EXTERNAL_HIGH,Other,305000.94566144433,431455.51088149165,126454.56522004733,0.0,126454.56522004733
GBR,2025,AID_LOW__CONFLICT_INTERNAL_HIGH__CONFLICT_EXTERNAL_LOW,Other,305000.94566144433,431455.51088149165,126454.56522004733,0.0,126454.56522004733
GBR,2025,AID_LOW__CONFLICT_INTERNAL_LOW,Other,305000.94566144433,347152.46740146005,42151.52174001576,0.0,42151.52174001576
GBR,2025,AID_LOW__CONFLICT_INTERNAL_LOW__CONFLICT_EXTERNAL_HIGH,Other,305000.94566144433,347152.46740146005,42151.52174001576,0.0,42151.52174001576
GBR,2025,AID_LOW__CONFLICT_INTERNAL_LOW__CONFLICT_EXTERNAL_LOW,Other,305000.94566144433,347152.46740146005,42151.52174001576,0.0,42151.52174001576
GBR,2025,CONFLICT_EXTERNAL_HIGH,Other,305000.94566144433,305000.94566144433,0.0,0.0,0.0
GBR,2025,CONFLICT_EXTERNAL_LOW,Other,305000.94566144433,305000.94566144433,0.0,0.0,0.0
GBR,2025,CONFLICT_INTERNAL_HIGH,Other,305000.94566144433,431455.51088149165,126454.56522004733,0.0,126454.56522004733
GBR,2025,CONFLICT_INTERNAL_HIGH__CONFLICT_EXTERNAL_HIGH,Other,305000.94566144433,431455.51088149165,126454.56522004733,0.0,126454.56522004733
GBR,2025,CONFLICT_INTERNAL_HIGH__CONFLICT_EXTERNAL_LOW,Other,305000.94566144433,431455.51088149165,126454.56522004733,0.0,126454.56522004733
GBR,2025,CONFLICT_INTERNAL_LOW,Other,305000.94566144433,347152.46740146005,42151.52174001576,0.0,42151.52174001576
GBR,2025,CONFLICT_INTERNAL_LOW__CONFLICT_EXTERNAL_HIGH,Other,305000.94566144433,347152.46740146005,42151.52174001576,0.0,42151.52174001576
GBR,2025,CONFLICT_INTERNAL_LOW__CONFLICT_EXTERNAL_LOW,Other,305000.94566144433,347152.46740146005,42151.52174001576,0.0,42151.52174001576
GEO,2025,AID_HIGH,Other,95.57446872271282,95.57446872271282,0.0,0.0,0.0
GEO,2025,AID_HIGH__CONFLICT_EXTERNAL_HIGH,Other,95.57446872271282,95.57446872271282,0.0,0.0,0.0
GEO,2025,AID_HIGH__CONFLICT_EXTERNAL_LOW,Other,95.57446872271282,95.57446872271282,0.0,0.0,0.0
GEO,2025,AID_HIGH__CONFLICT_INTERNAL_HIGH,Other,95.57446872271282,151.7308408275529,56.15637210484007,0.0,56.15637210484007
GEO,2025,AID_HIGH__CONFLICT_INTERNAL_HIGH__CONFLICT_EXTERNAL_HIGH,Other,95.57446872271282,151.7308408275529,56.15637210484007,0.0,56.15637210484007
GEO,2025,AID_HIGH__CONFLICT_INTERNAL_HIGH__CONFLICT_EXTERNAL_LOW,Other,95.57446872271282,151.7308408275529,56.15637210484007,0.0,56.15637210484007
GEO,2025,AID_HIGH__CONFLICT_INTERNAL_LOW,Other,95.57446872271282,114.29325942432617,18.718790701613347,0.0,18.718790701613347
GEO,2025,AID_HIGH__CONFLICT_INTERNAL_LOW__CONFLICT_EXTERNAL_HIGH,Other,95.57446872271282,114.29325942432617,18.718790701613347,0.0,18.718790701613347
GEO,2025,AID_HIGH__CONFLICT_INTERNAL_LOW__CONFLICT_EXTERNAL_LOW,Other,95.57446872271282,114.29325942432617,18.718790701613347,0.0,18.718790701613347
GEO,2025,AID_LOW,Other,95.57446872271282,95.57446872271282,0.0,0.0,0.0
GEO,2025,AID_LOW__CONFLICT_EXTERNAL_HIGH,Other,95.57446872271282,95.57446872271282,0.0,0.0,0.0
GEO,2025,AID_LOW__CONFLICT_EXTERNAL_LOW,Other,95.57446872271282,95.57446872271282,0.0,0.0,0.0
GEO,2025,AID_LOW__CONFLICT_INTERNAL_HIGH,Other,95.57446872271282,151.7308408275529,56.15637210484007,0.0,56.15637210484007
GEO,2025,AID_LOW__CONFLICT_INTERNAL_HIGH__CONFLICT_EXTERNAL_HIGH,Other,95.57446872271282,151.7308408275529,56.15637210484007,0.0,56.15637210484007
GEO,2025,AID_LOW__CONFLICT_INTERNAL_HIGH__CONFLICT_EXTERNAL_LOW,Other,95.57446872271282,151.7308408275529,56.15637210484007,0.0,56.15637210484007
GEO,2025,AID_LOW__CONFLICT_INTERNAL_LOW,Other,95.57446872271282,114.29325942432617,18.718790701613347,0.0,18.718790701613347
GEO,2025,AID_LOW__CONFLICT_INTERNAL_LOW__CONFLICT_EXTERNAL_HIGH,Other,95.57446872271282,114.29325942432617,18.718790701613347,0.0,18.718790701613347
GEO,2025,AID_LOW__CONFLICT_INTERNAL_LOW__CONFLICT_EXTERNAL_LOW,Other,95.57446872271282,114.29325942432617,18.718790701613347,0.0,18.718790701613347
GEO,2025,CONFLICT_EXTERNAL_HIGH,Other,95.57446872271282,95.57446872271282,0.0,0.0,0.0
GEO,2025,CONFLICT_EXTERNAL_LOW,Other,95.57446872271282,95.57446872271282,0.0,0.0,0.0
GEO,2025,CONFLICT_INTERNAL_HIGH,Other,95.57446872271282,151.7308408275529,56.15637210484007,0.0,56.15637210484007
GEO,2025,CONFLICT_INTERNAL_HIGH__CONFLICT_EXTERNAL_HIGH,Other,95.57446872271282,151.7308408275529,56.15637210484007,0.0,56.15637210484007
GEO,2025,CONFLICT_INTERNAL_HIGH__CONFLICT_EXTERNAL_LOW,Other,95.57446872271282,151.7308408275529,56.15637210484007,0.0,56.15637210484007
GEO,2025,CONFLICT_INTERNAL_LOW,Other,95.57446872271282,114.29325942432617,18.718790701613347,0.0,18.718790701613347
GEO,2025,CONFLICT_INTERNAL_LOW__CONFLICT_EXTERNAL_HIGH,Other,95.57446872271282,114.29325942432617,18.718790701613347,0.0,18.718790701613347
GEO,2025,CONFLICT_INTERNAL_LOW__CONFLICT_EXTERNAL_LOW,Other,95.57446872271282,114.29325942432617,18.718790701613347,0.0,18.718790701613347
GHA,2025,AID_HIGH,Other,764.3145474496582,764.3145474496582,0.0,0.0,0.0
GHA,2025,AID_HIGH__CONFLICT_EXTERNAL_HIGH,Other,764.3145474496582,764.3145474496582,0.0,0.0,0.0
GHA,2025,AID_HIGH__CONFLICT_EXTERNAL_LOW,Other,764.3145474496582,764.3145474496582,0.0,0.0,0.0
GHA,2025,AID_HIGH__CONFLICT_INTERNAL_HIGH,Other,764.3145474496582,1165.4314910556013,401.116943605943,0.0,401.116943605943
GHA,2025,AID_HIGH__CONFLICT_INTERNAL_HIGH__CONFLICT_EXTERNAL_HIGH,Other,764.3145474496582,1165.4314910556013,401.116943605943,0.0,401.116943605943
GHA,2025,AID_HIGH__CONFLICT_INTERNAL_HIGH__CONFLICT_EXTERNAL_LOW,Other,764.3145474496582,1165.4314910556013,401.116943605943,0.0,401.116943605943
GHA,2025,AID_HIGH__CONFLICT_INTERNAL_LOW,Other,764.3145474496582,898.0201953183058,133.70564786864762,0.0,133.70564786864762
GHA,2025,AID_HIGH__CONFLICT_INTERNAL_LOW__CONFLICT_EXTERNAL_HIGH,Other,764.3145474496582,898.0201953183058,133.70564786864762,0.0,133.70564786864762
GHA,2025,AID_HIGH__CONFLICT_INTERNAL_LOW__CONFLICT_EXTERNAL_LOW,Other,764.3145474496582,898.0201953183058,133.70564786864762,0.0,133.70564786864762
GHA,2025,AID_LOW,Other,764.3145474496582,764.3145474496582,0.0,0.0,0.0
GHA,2025,AID_LOW__CONFLICT_EXTERNAL_HIGH,Other,764.3145474496582,764.3145474496582,0.0,0.0,0.0
GHA,2025,AID_LOW__CONFLICT_EXTERNAL_LOW,Other,764.3145474496582,764.3145474496582,0.0,0.0,0.0
GHA,2025,AID_LOW__CONFLICT_INTERNAL_HIGH,Other,764.3145474496582,1165.4314910556013,401.116943605943,0.0,401.116943605943
GHA,2025,AID_LOW__CONFLICT_INTERNAL_HIGH__CONFLICT_EXTERNAL_HIGH,Other,764.3145474496582,1165.4314910556013,401.116943605943,0.0,401.116943605943
GHA,2025,AID_LOW__CONFLICT_INTERNAL_HIGH__CONFLICT_EXTERNAL_LOW,Other,764.3145474496582,1165.4314910556013,401.116943605943,0.0,401.116943605943
GHA,2025,AID_LOW__CONFLICT_INTERNAL_LOW,Other,764.3145474496582,898.0201953183058,133.70564786864762,0.0,133.70564786864762
GHA,2025,AID_LOW__CONFLICT_INTERNAL_LOW__CONFLICT_EXTERNAL_HIGH,Other,764.3145474496582,898.0201953183058,133.70564786864762,0.0,133.70564786864762
GHA,2025,AID_LOW__CONFLICT_INTERNAL_LOW__CONFLICT_EXTERNAL_LOW,Other,764.3145474496582,898.0201953183058,133.70564786864762,0.0,133.70564786864762
GHA,2025,CONFLICT_EXTERNAL_HIGH,Other,764.3145474496582,764.3145474496582,0.0,0.0,0.0
GHA,2025,CONFLICT_EXTERNAL_LOW,Other,764.3145474496582,764.3145474496582,0.0,0.0,0.0
GHA,2025,CONFLICT_INTERNAL_HIGH,Other,764.3145474496582,1165.4314910556013,401.116943605943,0.0,401.116943605943
GHA,2025,CONFLICT_INTERNAL_HIGH__CONFLICT_EXTERNAL_HIGH,Other,764.3145474496582,1165.4314910556013,401.116943605943,0.0,401.116943605943
GHA,2025,CONFLICT_INTERNAL_HIGH__CONFLICT_EXTERNAL_LOW,Other,764.3145474496582,1165.4314910556013,401.116943605943,0.0,401.116943605943
GHA,2025,CONFLICT_INTERNAL_LOW,Other,764.3145474496582,898.0201953183058,133.70564786864762,0.0,133.70564786864762
GHA,2025,CONFLICT_INTERNAL_LOW__CONFLICT_EXTERNAL_HIGH,Other,764.3145474496582,898.0201953183058,133.70564786864762,0.0,133.70564786864762
GHA,2025,CONFLICT_INTERNAL_LOW__CONFLICT_EXTERNAL_LOW,Other,764.3145474496582,898.0201953183058,133.70564786864762,0.0,133.70564786864762
GIN,2025,AID_HIGH,Other,266.0924450644098,266.0924450644098,0.0,0.0,0.0
GIN,2025,AID_HIGH__CONFLICT_EXTERNAL_HIGH,Other,266.0924450644098,266.0924450644098,0.0,0.0,0.0
GIN,2025,AID_HIGH__CONFLICT_EXTERNAL_LOW,Other,266.0924450644098,266.0924450644098,0.0,0.0,0.0
GIN,2025,AID_HIGH__CONFLICT_INTERNAL_HIGH,Other,266.0924450644098,405.48058296749497,139.38813790308515,0.0,139.38813790308515
GIN,2025,AID_HIGH__CONFLICT_INTERNAL_HIGH__CONFLICT_EXTERNAL_HIGH,Other,266.0924450644098,405.48058296749497,139.38813790308515,0.0,139.38813790308515
GIN,2025,AID_HIGH__CONFLICT_INTERNAL_HIGH__CONFLICT_EXTERNAL_LOW,Other,266.0924450644098,405.48058296749497,139.38813790308515,0.0,139.38813790308515
GIN,2025,AID_HIGH__CONFLICT_INTERNAL_LOW,Other,266.0924450644098,312.5551576987715,46.4627126343617,0.0,46.4627126343617
GIN,2025,AID_HIGH__CONFLICT_INTERNAL_LOW__CONFLICT_EXTERNAL_HIGH,Other,266.0924450644098,312.5551576987715,46.4627126343617,0.0,46.4627126343617
GIN,2025,AID_HIGH__CONFLICT_INTERNAL_LOW__CONFLICT_EXTERNAL_LOW,Other,266.0924450644098,312.5551576987715,46.4627126343617,0.0,46.4627126343617
GIN,2025,AID_LOW,Other,266.0924450644098,266.0924450644098,0.0,0.0,0.0
GIN,2025,AID_LOW__CONFLICT_EXTERNAL_HIGH,Other,266.0924450644098,266.0924450644098,0.0,0.0,0.0
GIN,2025,AID_LOW__CONFLICT_EXTERNAL_LOW,Other,266.0924450644098,266.0924450644098,0.0,0.0,0.0
GIN,2025,AID_LOW__CONFLICT_INTERNAL_HIGH,Other,266.0924450644098,405.48058296749497,139.38813790308515,0.0,139.38813790308515
GIN,2025,AID_LOW__CONFLICT_INTERNAL_HIGH__CONFLICT_EXTERNAL_HIGH,Other,266.0924450644098,405.48058296749497,139.38813790308515,0.0,139.38813790308515
GIN,2025,AID_LOW__CONFLICT_INTERNAL_HIGH__CONFLICT_EXTERNAL_LOW,Other,266.0924450644098,405.48058296749497,139.38813790308515,0.0,139.38813790308515
GIN,2025,AID_LOW__CONFLICT_INTERNAL_LOW,Other,266.0924450644098,312.5551576987715,46.4627126343617,0.0,46.4627126343617
GIN,2025,AID_LOW__CONFLICT_INTERNAL_LOW__CONFLICT_EXTERNAL_HIGH,Other,266.0924450644098,312.5551576987715,46.4627126343617,0.0,46.4627126343617
GIN,2025,AID_LOW__CONFLICT_INTERNAL_LOW__CONFLICT_EXTERNAL_LOW,Other,266.0924450644098,312.5551576987715,46.4627126343617,0.0,46.4627126343617
GIN,2025,CONFLICT_EXTERNAL_HIGH,Other,266.0924450644098,266.0924450644098,0.0,0.0,0.0
GIN,2025,CONFLICT_EXTERNAL_LOW,Other,266.0924450644098,266.0924450644098,0.0,0.0,0.0
GIN,2025,CONFLICT_INTERNAL_HIGH,Other,266.0924450644098,405.48058296749497,139.38813790308515,0.0,139.38813790308515
GIN,2025,CONFLICT_INTERNAL_HIGH__CONFLICT_EXTERNAL_HIGH,Other,266.0924450644098,405.48058296749497,139.38813790308515,0.0,139.38813790308515
GIN,2025,CONFLICT_INTERNAL_HIGH__CONFLICT_EXTERNAL_LOW,Other,266.0924450644098,405.48058296749497,139.38813790308515,0.0,139.38813790308515
GIN,2025,CONFLICT_INTERNAL_LOW,Other,266.0924450644098,312.5551576987715,46.4627126343617,0.0,46.4627126343617
GIN,2025,CONFLICT_INTERNAL_LOW__CONFLICT_EXTERNAL_HIGH,Other,266.0924450644098,312.5551576987715,46.4627126343617,0.0,46.4627126343617
GIN,2025,CONFLICT_INTERNAL_LOW__CONFLICT_EXTERNAL_LOW,Other,266.0924450644098,312.5551576987715,46.4627126343617,0.0,46.4627126343617
GLP,2025,AID_HIGH,Other,438.7433131026223,438.7433131026223,0.0,0.0,0.0
GLP,2025,AID_HIGH__CONFLICT_EXTERNAL_HIGH,Other,438.7433131026223,438.7433131026223,0.0,0.0,0.0
GLP,2025,AID_HIGH__CONFLICT_EXTERNAL_LOW,Other,438.7433131026223,438.7433131026223,0.0,0.0,0.0
GLP,2025,AID_HIGH__CONFLICT_INTERNAL_HIGH,Other,438.7433131026223,663.8701977014267,225.12688459880442,0.0,225.12688459880442
GLP,2025,AID_HIGH__CONFLICT_INTERNAL_HIGH__CONFLICT_EXTERNAL_HIGH,Other,438.7433131026223,663.8701977014267,225.12688459880442,0.0,225.12688459880442
GLP,2025,AID_HIGH__CONFLICT_INTERNAL_HIGH__CONFLICT_EXTERNAL_LOW,Other,438.7433131026223,663.8701977014267,225.12688459880442,0.0,225.12688459880442
GLP,2025,AID_HIGH__CONFLICT_INTERNAL_LOW,Other,438.7433131026223,513.7856079688904,75.04229486626811,0.0,75.04229486626811
GLP,2025,AID_HIGH__CONFLICT_INTERNAL_LOW__CONFLICT_EXTERNAL_HIGH,Other,438.7433131026223,513.7856079688904,75.04229486626811,0.0,75.04229486626811
GLP,2025,AID_HIGH__CONFLICT_INTERNAL_LOW__CONFLICT_EXTERNAL_LOW,Other,438.7433131026223,513.7856079688904,75.04229486626811,0.0,75.04229486626811
GLP,2025,AID_LOW,Other,438.7433131026223,438.7433131026223,0.0,0.0,0.0
GLP,2025,AID_LOW__CONFLICT_EXTERNAL_HIGH,Other,438.7433131026223,438.7433131026223,0.0,0.0,0.0
GLP,2025,AID_LOW__CONFLICT_EXTERNAL_LOW,Other,438.7433131026223,438.7433131026223,0.0,0.0,0.0
GLP,2025,AID_LOW__CONFLICT_INTERNAL_HIGH,Other,438.7433131026223,663.8701977014267,225.12688459880442,0.0,225.12688459880442
GLP,2025,AID_LOW__CONFLICT_INTERNAL_HIGH__CONFLICT_EXTERNAL_HIGH,Other,438.7433131026223,663.8701977014267,225.12688459880442,0.0,225.12688459880442
GLP,2025,AID_LOW__CONFLICT_INTERNAL_HIGH__CONFLICT_EXTERNAL_LOW,Other,438.7433131026223,663.8701977014267,225.12688459880442,0.0,225.12688459880442
GLP,2025,AID_LOW__CONFLICT_INTERNAL_LOW,Other,438.7433131026223,513.7856079688904,75.04229486626811,0.0,75.04229486626811
GLP,2025,AID_LOW__CONFLICT_INTERNAL_LOW__CONFLICT_EXTERNAL_HIGH,Other,438.7433131026223,513.7856079688904,75.04229486626811,0.0,75.04229486626811
GLP,2025,AID_LOW__CONFLICT_INTERNAL_LOW__CONFLICT_EXTERNAL_LOW,Other,438.7433131026223,513.7856079688904,75.04229486626811,0.0,75.04229486626811
GLP,2025,CONFLICT_EXTERNAL_HIGH,Other,438.7433131026223,438.7433131026223,0.0,0.0,0.0
GLP,2025,CONFLICT_EXTERNAL_LOW,Other,438.7433131026223,438.7433131026223,0.0,0.0,0.0
GLP,2025,CONFLICT_INTERNAL_HIGH,Other,438.7433131026223,663.8701977014267,225.12688459880442,0.0,225.12688459880442
GLP,2025,CONFLICT_INTERNAL_HIGH__CONFLICT_EXTERNAL_HIGH,Other,438.7433131026223,663.8701977014267,225.12688459880442,0.0,225.12688459880442
GLP,2025,CONFLICT_INTERNAL_HIGH__CONFLICT_EXTERNAL_LOW,Other,438.7433131026223,663.8701977014267,225.12688459880442,0.0,225.12688459880442
GLP,2025,CONFLICT_INTERNAL_LOW,Other,438.7433131026223,513.7856079688904,75.04229486626811,0.0,75.04229486626811
GLP,2025,CONFLICT_INTERNAL_LOW__CONFLICT_EXTERNAL_HIGH,Other,438.7433131026223,513.7856079688904,75.04229486626811,0.0,75.04229486626811
GLP,2025,CONFLICT_INTERNAL_LOW__CONFLICT_EXTERNAL_LOW,Other,438.7433131026223,513.7856079688904,75.04229486626811,0.0,75.04229486626811
GNB,2025,AID_HIGH,Other,178.9334209407204,178.9334209407204,0.0,0.0,0.0
GNB,2025,AID_HIGH__CONFLICT_EXTERNAL_HIGH,Other,178.9334209407204,178.9334209407204,0.0,0.0,0.0
GNB,2025,AID_HIGH__CONFLICT_EXTERNAL_LOW,Other,178.9334209407204,178.9334209407204,0.0,0.0,0.0
GNB,2025,AID_HIGH__CONFLICT_INTERNAL_HIGH,Other,178.9334209407204,274.1986950471455,95.26527410642511,0.0,95.26527410642511
GNB,2025,AID_HIGH__CONFLICT_INTERNAL_HIGH__CONFLICT_EXTERNAL_HIGH,Other,178.9334209407204,274.1986950471455,95.26527410642511,0.0,95.26527410642511
GNB,2025,AID_HIGH__CONFLICT_INTERNAL_HIGH__CONFLICT_EXTERNAL_LOW,Other,178.9334209407204,274.1986950471455,95.26527410642511,0.0,95.26527410642511
GNB,2025,AID_HIGH__CONFLICT_INTERNAL_LOW,Other,178.9334209407204,210.68851230952876,31.75509136880836,0.0,31.75509136880836
GNB,2025,AID_HIGH__CONFLICT_INTERNAL_LOW__CONFLICT_EXTERNAL_HIGH,Other,178.9334209407204,210.68851230952876,31.75509136880836,0.0,31.75509136880836
GNB,2025,AID_HIGH__CONFLICT_INTERNAL_LOW__CONFLICT_EXTERNAL_LOW,Other,178.9334209407204,210.68851230952876,31.75509136880836,0.0,31.75509136880836
GNB,2025,AID_LOW,Other,178.9334209407204,178.9334209407204,0.0,0.0,0.0
GNB,2025,AID_LOW__CONFLICT_EXTERNAL_HIGH,Other,178.9334209407204,178.9334209407204,0.0,0.0,0.0
GNB,2025,AID_LOW__CONFLICT_EXTERNAL_LOW,Other,178.9334209407204,178.9334209407204,0.0,0.0,0.0
GNB,2025,AID_LOW__CONFLICT_INTERNAL_HIGH,Other,178.9334209407204,274.1986950471455,95.26527410642511,0.0,95.26527410642511
GNB,2025,AID_LOW__CONFLICT_INTERNAL_HIGH__CONFLICT_EXTERNAL_HIGH,Other,178.9334209407204,274.1986950471455,95.26527410642511,0.0,95.26527410642511
GNB,2025,AID_LOW__CONFLICT_INTERNAL_HIGH__CONFLICT_EXTERNAL_LOW,Other,178.9334209407204,274.1986950471455,95.26527410642511,0.0,95.26527410642511
GNB,2025,AID_LOW__CONFLICT_INTERNAL_LOW,Other,178.9334209407204,210.68851230952876,31.75509136880836,0.0,31.75509136880836
GNB,2025,AID_LOW__CONFLICT_INTERNAL_LOW__CONFLICT_EXTERNAL_HIGH,Other,178.9334209407204,210.68851230952876,31.75509136880836,0.0,31.75509136880836
GNB,2025,AID_LOW__CONFLICT_INTERNAL_LOW__CONFLICT_EXTERNAL_LOW,Other,178.9334209407204,210.68851230952876,31.75509136880836,0.0,31.75509136880836
GNB,2025,CONFLICT_EXTERNAL_HIGH,Other,178.9334209407204,178.9334209407204,0.0,0.0,0.0
GNB,2025,CONFLICT_EXTERNAL_LOW,Other,178.9334209407204,178.9334209407204,0.0,0.0,0.0
GNB,2025,CONFLICT_INTERNAL_HIGH,Other,178.9334209407204,274.1986950471455,95.26527410642511,0.0,95.26527410642511
GNB,2025,CONFLICT_INTERNAL_HIGH__CONFLICT_EXTERNAL_HIGH,Other,178.9334209407204,274.1986950471455,95.26527410642511,0.0,95.26527410642511
GNB,2025,CONFLICT_INTERNAL_HIGH__CONFLICT_EXTERNAL_LOW,Other,178.9334209407204,274.1986950471455,95.26527410642511,0.0,95.26527410642511
GNB,2025,CONFLICT_INTERNAL_LOW,Other,178.9334209407204,210.68851230952876,31.75509136880836,0.0,31.75509136880836
GNB,2025,CONFLICT_INTERNAL_LOW__CONFLICT_EXTERNAL_HIGH,Other,178.9334209407204,210.68851230952876,31.75509136880836,0.0,31.75509136880836
GNB,2025,CONFLICT_INTERNAL_LOW__CONFLICT_EXTERNAL_LOW,Other,178.9334209407204,210.68851230952876,31.75509136880836,0.0,31.75509136880836
GRC,2025,AID_HIGH,Other,24664.474027452703,24664.474027452703,0.0,0.0,0.0
GRC,2025,AID_HIGH__CONFLICT_EXTERNAL_HIGH,Other,24664.474027452703,24664.474027452703,0.0,0.0,0.0
GRC,2025,AID_HIGH__CONFLICT_EXTERNAL_LOW,Other,24664.474027452703,24664.474027452703,0.0,0.0,0.0
GRC,2025,AID_HIGH__CONFLICT_INTERNAL_HIGH,Other,24664.474027452703,37084.44945927258,12419.975431819874,0.0,12419.975431819874
GRC,2025,AID_HIGH__CONFLICT_INTERNAL_HIGH__CONFLICT_EXTERNAL_HIGH,Other,24664.474027452703,37084.44945927258,12419.975431819874,0.0,12419.975431819874
GRC,2025,AID_HIGH__CONFLICT_INTERNAL_HIGH__CONFLICT_EXTERNAL_LOW,Other,24664.474027452703,37084.44945927258,12419.975431819874,0.0,12419.975431819874
GRC,2025,AID_HIGH__CONFLICT_INTERNAL_LOW,Other,24664.474027452703,28804.46583805933,4139.991810606623,0.0,4139.991810606623
GRC,2025,AID_HIGH__CONFLICT_INTERNAL_LOW__CONFLICT_EXTERNAL_HIGH,Other,24664.474027452703,28804.46583805933,4139.991810606623,0.0,4139.991810606623
GRC,2025,AID_HIGH__CONFLICT_INTERNAL_LOW__CONFLICT_EXTERNAL_LOW,Other,24664.474027452703,28804.46583805933,4139.991810606623,0.0,4139.991810606623
GRC,2025,AID_LOW,Other,24664.474027452703,24664.474027452703,0.0,0.0,0.0
GRC,2025,AID_LOW__CONFLICT_EXTERNAL_HIGH,Other,24664.474027452703,24664.474027452703,0.0,0.0,0.0
GRC,2025,AID_LOW__CONFLICT_EXTERNAL_LOW,Other,24664.474027452703,24664.474027452703,0.0,0.0,0.0
GRC,2025,AID_LOW__CONFLICT_INTERNAL_HIGH,Other,24664.474027452703,37084.44945927258,12419.975431819874,0.0,12419.975431819874
GRC,2025,AID_LOW__CONFLICT_INTERNAL_HIGH__CONFLICT_EXTERNAL_HIGH,Other,24664.474027452703,37084.44945927258,12419.975431819874,0.0,12419.975431819874
GRC,2025,AID_LOW__CONFLICT_INTERNAL_HIGH__CONFLICT_EXTERNAL_LOW,Other,24664.474027452703,37084.44945927258,12419.975431819874,0.0,12419.975431819874
GRC,2025,AID_LOW__CONFLICT_INTERNAL_LOW,Other,24664.474027452703,28804.46583805933,4139.991810606623,0.0,4139.991810606623
GRC,2025,AID_LOW__CONFLICT_INTERNAL_LOW__CONFLICT_EXTERNAL_HIGH,Other,24664.474027452703,28804.46583805933,4139.991810606623,0.0,4139.991810606623
GRC,2025,AID_LOW__CONFLICT_INTERNAL_LOW__CONFLICT_EXTERNAL_LOW,Other,24664.474027452703,28804.46583805933,4139.991810606623,0.0,4139.991810606623
GRC,2025,CONFLICT_EXTERNAL_HIGH,Other,24664.474027452703,24664.474027452703,0.0,0.0,0.0
GRC,2025,CONFLICT_EXTERNAL_LOW,Other,24664.474027452703,24664.474027452703,0.0,0.0,0.0
GRC,2025,CONFLICT_INTERNAL_HIGH,Other,24664.474027452703,37084.44945927258,12419.975431819874,0.0,12419.975431819874
GRC,2025,CONFLICT_INTERNAL_HIGH__CONFLICT_EXTERNAL_HIGH,Other,24664.474027452703,37084.44945927258,12419.975431819874,0.0,12419.975431819874
GRC,2025,CONFLICT_INTERNAL_HIGH__CONFLICT_EXTERNAL_LOW,Other,24664.474027452703,37084.44945927258,12419.975431819874,0.0,12419.975431819874
GRC,2025,CONFLICT_INTERNAL_LOW,Other,24664.474027452703,28804.46583805933,4139.991810606623,0.0,4139.991810606623
GRC,2025,CONFLICT_INTERNAL_LOW__CONFLICT_EXTERNAL_HIGH,Other,24664.474027452703,28804.46583805933,4139.991810606623,0.0,4139.991810606623
GRC,2025,CONFLICT_INTERNAL_LOW__CONFLICT_EXTERNAL_LOW,Other,24664.474027452703,28804.46583805933,4139.991810606623,0.0,4139.991810606623
GRL,2025,AID_HIGH,Other,34.41574705411489,34.41574705411489,0.0,0.0,0.0
GRL,2025,AID_HIGH__CONFLICT_EXTERNAL_HIGH,Other,34.41574705411489,34.41574705411489,0.0,0.0,0.0
GRL,2025,AID_HIGH__CONFLICT_EXTERNAL_LOW,Other,34.41574705411489,34.41574705411489,0.0,0.0,0.0
GRL,2025,AID_HIGH__CONFLICT_INTERNAL_HIGH,Other,34.41574705411489,52.96740569589241,18.551658641777525,0.0,18.551658641777525
GRL,2025,AID_HIGH__CONFLICT_INTERNAL_HIGH__CONFLICT_EXTERNAL_HIGH,Other,34.41574705411489,52.96740569589241,18.551658641777525,0.0,18.551658641777525
GRL,2025,AID_HIGH__CONFLICT_INTERNAL_HIGH__CONFLICT_EXTERNAL_LOW,Other,34.41574705411489,52.96740569589241,18.551658641777525,0.0,18.551658641777525
GRL,2025,AID_HIGH__CONFLICT_INTERNAL_LOW,Other,34.41574705411489,40.599633268040726,6.18388621392584,0.0,6.18388621392584
GRL,2025,AID_HIGH__CONFLICT_INTERNAL_LOW__CONFLICT_EXTERNAL_HIGH,Other,34.41574705411489,40.599633268040726,6.18388621392584,0.0,6.18388621392584
GRL,2025,AID_HIGH__CONFLICT_INTERNAL_LOW__CONFLICT_EXTERNAL_LOW,Other,34.41574705411489,40.599633268040726,6.18388621392584,0.0,6.18388621392584
GRL,2025,AID_LOW,Other,34.41574705411489,34.41574705411489,0.0,0.0,0.0
GRL,2025,AID_LOW__CONFLICT_EXTERNAL_HIGH,Other,34.41574705411489,34.41574705411489,0.0,0.0,0.0
GRL,2025,AID_LOW__CONFLICT_EXTERNAL_LOW,Other,34.41574705411489,34.41574705411489,0.0,0.0,0.0
GRL,2025,AID_LOW__CONFLICT_INTERNAL_HIGH,Other,34.41574705411489,52.96740569589241,18.551658641777525,0.0,18.551658641777525
GRL,2025,AID_LOW__CONFLICT_INTERNAL_HIGH__CONFLICT_EXTERNAL_HIGH,Other,34.41574705411489,52.96740569589241,18.551658641777525,0.0,18.551658641777525
GRL,2025,AID_LOW__CONFLICT_INTERNAL_HIGH__CONFLICT_EXTERNAL_LOW,Other,34.41574705411489,52.96740569589241,18.551658641777525,0.0,18.551658641777525
GRL,2025,AID_LOW__CONFLICT_INTERNAL_LOW,Other,34.41574705411489,40.599633268040726,6.18388621392584,0.0,6.18388621392584
GRL,2025,AID_LOW__CONFLICT_INTERNAL_LOW__CONFLICT_EXTERNAL_HIGH,Other,34.41574705411489,40.599633268040726,6.18388621392584,0.0,6.18388621392584
GRL,2025,AID_LOW__CONFLICT_INTERNAL_LOW__CONFLICT_EXTERNAL_LOW,Other,34.41574705411489,40.599633268040726,6.18388621392584,0.0,6.18388621392584
GRL,2025,CONFLICT_EXTERNAL_HIGH,Other,34.41574705411489,34.41574705411489,0.0,0.0,0.0
GRL,2025,CONFLICT_EXTERNAL_LOW,Other,34.41574705411489,34.41574705411489,0.0,0.0,0.0
GRL,2025,CONFLICT_INTERNAL_HIGH,Other,34.41574705411489,52.96740569589241,18.551658641777525,0.0,18.551658641777525
GRL,2025,CONFLICT_INTERNAL_HIGH__CONFLICT_EXTERNAL_HIGH,Other,34.41574705411489,52.96740569589241,18.551658641777525,0.0,18.551658641777525
GRL,2025,CONFLICT_INTERNAL_HIGH__CONFLICT_EXTERNAL_LOW,Other,34.41574705411489,52.96740569589241,18.551658641777525,0.0,18.551658641777525
GRL,2025,CONFLICT_INTERNAL_LOW,Other,34.41574705411489,40.599633268040726,6.18388621392584,0.0,6.18388621392584
GRL,2025,CONFLICT_INTERNAL_LOW__CONFLICT_EXTERNAL_HIGH,Other,34.41574705411489,40.599633268040726,6.18388621392584,0.0,6.18388621392584
GRL,2025,CONFLICT_INTERNAL_LOW__CONFLICT_EXTERNAL_LOW,Other,34.41574705411489,40.599633268040726,6.18388621392584,0.0,6.18388621392584
GTM,2025,AID_HIGH,Other,10233.414697207993,10233.414697207993,0.0,0.0,0.0
GTM,2025,AID_HIGH__CONFLICT_EXTERNAL_HIGH,Other,10233.414697207993,10233.414697207993,0.0,0.0,0.0
GTM,2025,AID_HIGH__CONFLICT_EXTERNAL_LOW,Other,10233.414697207993,10233.414697207993,0.0,0.0,0.0
GTM,2025,AID_HIGH__CONFLICT_INTERNAL_HIGH,Other,10233.414697207993,15362.38946500212,5128.974767794127,0.0,5128.974767794127
GTM,2025,AID_HIGH__CONFLICT_INTERNAL_HIGH__CONFLICT_EXTERNAL_HIGH,Other,10233.414697207993,15362.38946500212,5128.974767794127,0.0,5128.974767794127
GTM,2025,AID_HIGH__CONFLICT_INTERNAL_HIGH__CONFLICT_EXTERNAL_LOW,Other,10233.414697207993,15362.38946500212,5128.974767794127,0.0,5128.974767794127
GTM,2025,AID_HIGH__CONFLICT_INTERNAL_LOW,Other,10233.414697207993,11943.072953139366,1709.658255931375,0.0,1709.658255931375
GTM,2025,AID_HIGH__CONFLICT_INTERNAL_LOW__CONFLICT_EXTERNAL_HIGH,Other,10233.414697207993,11943.072953139366,1709.658255931375,0.0,1709.658255931375
GTM,2025,AID_HIGH__CONFLICT_INTERNAL_LOW__CONFLICT_EXTERNAL_LOW,Other,10233.414697207993,11943.072953139366,1709.658255931375,0.0,1709.658255931375
GTM,2025,AID_LOW,Other,10233.414697207993,10233.414697207993,0.0,0.0,0.0
GTM,2025,AID_LOW__CONFLICT_EXTERNAL_HIGH,Other,10233.414697207993,10233.414697207993,0.0,0.0,0.0
GTM,2025,AID_LOW__CONFLICT_EXTERNAL_LOW,Other,10233.414697207993,10233.414697207993,0.0,0.0,0.0
GTM,2025,AID_LOW__CONFLICT_INTERNAL_HIGH,Other,10233.414697207993,15362.38946500212,5128.974767794127,0.0,5128.974767794127
GTM,2025,AID_LOW__CONFLICT_INTERNAL_HIGH__CONFLICT_EXTERNAL_HIGH,Other,10233.414697207993,15362.38946500212,5128.974767794127,0.0,5128.974767794127
GTM,2025,AID_LOW__CONFLICT_INTERNAL_HIGH__CONFLICT_EXTERNAL_LOW,Other,10233.414697207993,15362.38946500212,5128.974767794127,0.0,5128.974767794127
GTM,2025,AID_LOW__CONFLICT_INTERNAL_LOW,Other,10233.414697207993,11943.072953139366,1709.658255931375,0.0,1709.658255931375
GTM,2025,AID_LOW__CONFLICT_INTERNAL_LOW__CONFLICT_EXTERNAL_HIGH,Other,10233.414697207993,11943.072953139366,1709.658255931375,0.0,1709.658255931375
GTM,2025,AID_LOW__CONFLICT_INTERNAL_LOW__CONFLICT_EXTERNAL_LOW,Other,10233.414697207993,11943.072953139366,1709.658255931375,0.0,1709.658255931375
GTM,2025,CONFLICT_EXTERNAL_HIGH,Other,10233.414697207993,10233.414697207993,0.0,0.0,0.0
GTM,2025,CONFLICT_EXTERNAL_LOW,Other,10233.414697207993,10233.414697207993,0.0,0.0,0.0
GTM,2025,CONFLICT_INTERNAL_HIGH,Other,10233.414697207993,15362.38946500212,5128.974767794127,0.0,5128.974767794127
GTM,2025,CONFLICT_INTERNAL_HIGH__CONFLICT_EXTERNAL_HIGH,Other,10233.414697207993,15362.38946500212,5128.974767794127,0.0,5128.974767794127
GTM,2025,CONFLICT_INTERNAL_HIGH__CONFLICT_EXTERNAL_LOW,Other,10233.414697207993,15362.38946500212,5128.974767794127,0.0,5128.974767794127
GTM,2025,CONFLICT_INTERNAL_LOW,Other,10233.414697207993,11943.072953139366,1709.658255931375,0.0,1709.658255931375
GTM,2025,CONFLICT_INTERNAL_LOW__CONFLICT_EXTERNAL_HIGH,Other,10233.414697207993,11943.072953139366,1709.658255931375,0.0,1709.658255931375
GTM,2025,CONFLICT_INTERNAL_LOW__CONFLICT_EXTERNAL_LOW,Other,10233.414697207993,11943.072953139366,1709.658255931375,0.0,1709.658255931375
GUM,2025,AID_HIGH,Other,20997.026234388868,20997.026234388868,0.0,0.0,0.0
GUM,2025,AID_HIGH__CONFLICT_EXTERNAL_HIGH,Other,20997.026234388868,20997.026234388868,0.0,0.0,0.0
GUM,2025,AID_HIGH__CONFLICT_EXTERNAL_LOW,Other,20997.026234388868,20997.026234388868,0.0,0.0,0.0
GUM,2025,AID_HIGH__CONFLICT_INTERNAL_HIGH,Other,20997.026234388868,31260.104632727765,10263.078398338896,0.0,10263.078398338896
GUM,2025,AID_HIGH__CONFLICT_INTERNAL_HIGH__CONFLICT_EXTERNAL_HIGH,Other,20997.026234388868,31260.104632727765,10263.078398338896,0.0,10263.078398338896
GUM,2025,AID_HIGH__CONFLICT_INTERNAL_HIGH__CONFLICT_EXTERNAL_LOW,Other,20997.026234388868,31260.104632727765,10263.078398338896,0.0,10263.078398338896
GUM,2025,AID_HIGH__CONFLICT_INTERNAL_LOW,Other,20997.026234388868,24418.0523671685,3421.0261327796306,0.0,3421.0261327796306
GUM,2025,AID_HIGH__CONFLICT_INTERNAL_LOW__CONFLICT_EXTERNAL_HIGH,Other,20997.026234388868,24418.0523671685,3421.0261327796306,0.0,3421.0261327796306
GUM,2025,AID_HIGH__CONFLICT_INTERNAL_LOW__CONFLICT_EXTERNAL_LOW,Other,20997.026234388868,24418.0523671685,3421.0261327796306,0.0,3421.0261327796306
GUM,2025,AID_LOW,Other,20997.026234388868,20997.026234388868,0.0,0.0,0.0
GUM,2025,AID_LOW__CONFLICT_EXTERNAL_HIGH,Other,20997.026234388868,20997.026234388868,0.0,0.0,0.0
GUM,2025,AID_LOW__CONFLICT_EXTERNAL_LOW,Other,20997.026234388868,20997.026234388868,0.0,0.0,0.0
GUM,2025,AID_LOW__CONFLICT_INTERNAL_HIGH,Other,20997.026234388868,31260.104632727765,10263.078398338896,0.0,10263.078398338896
GUM,2025,AID_LOW__CONFLICT_INTERNAL_HIGH__CONFLICT_EXTERNAL_HIGH,Other,20997.026234388868,31260.104632727765,10263.078398338896,0.0,10263.078398338896
GUM,2025,AID_LOW__CONFLICT_INTERNAL_HIGH__CONFLICT_EXTERNAL_LOW,Other,20997.026234388868,31260.104632727765,10263.078398338896,0.0,10263.078398338896
GUM,2025,AID_LOW__CONFLICT_INTERNAL_LOW,Other,20997.026234388868,24418.0523671685,3421.0261327796306,0.0,3421.0261327796306
GUM,2025,AID_LOW__CONFLICT_INTERNAL_LOW__CONFLICT_EXTERNAL_HIGH,Other,20997.026234388868,24418.0523671685,3421.0261327796306,0.0,3421.0261327796306
GUM,2025,AID_LOW__CONFLICT_INTERNAL_LOW__CONFLICT_EXTERNAL_LOW,Other,20997.026234388868,24418.0523671685,3421.0261327796306,0.0,3421.0261327796306
GUM,2025,CONFLICT_EXTERNAL_HIGH,Other,20997.026234388868,20997.026234388868,0.0,0.0,0.0
GUM,2025,CONFLICT_EXTERNAL_LOW,Other,20997.026234388868,20997.026234388868,0.0,0.0,0.0
GUM,2025,CONFLICT_INTERNAL_HIGH,Other,20997.026234388868,31260.104632727765,10263.078398338896,0.0,10263.078398338896
GUM,2025,CONFLICT_INTERNAL_HIGH__CONFLICT_EXTERNAL_HIGH,Other,20997.026234388868,31260.104632727765,10263.078398338896,0.0,10263.078398338896
GUM,2025,CONFLICT_INTERNAL_HIGH__CONFLICT_EXTERNAL_LOW,Other,20997.026234388868,31260.104632727765,10263.078398338896,0.0,10263.078398338896
GUM,2025,CONFLICT_INTERNAL_LOW,Other,20997.026234388868,24418.0523671685,3421.0261327796306,0.0,3421.0261327796306
GUM,2025,CONFLICT_INTERNAL_LOW__CONFLICT_EXTERNAL_HIGH,Other,20997.026234388868,24418.0523671685,3421.0261327796306,0.0,3421.0261327796306
GUM,2025,CONFLICT_INTERNAL_LOW__CONFLICT_EXTERNAL_LOW,Other,20997.026234388868,24418.0523671685,3421.0261327796306,0.0,3421.0261327796306
GUY,2025,AID_HIGH,Other,1300.9308095073004,1300.9308095073004,0.0,0.0,0.0
GUY,2025,AID_HIGH__CONFLICT_EXTERNAL_HIGH,Other,1300.9308095073004,1300.9308095073004,0.0,0.0,0.0
GUY,2025,AID_HIGH__CONFLICT_EXTERNAL_LOW,Other,1300.9308095073004,1300.9308095073004,0.0,0.0,0.0
GUY,2025,AID_HIGH__CONFLICT_INTERNAL_HIGH,Other,1300.9308095073004,1945.7262963538328,644.7954868465325,0.0,644.7954868465325
GUY,2025,AID_HIGH__CONFLICT_INTERNAL_HIGH__CONFLICT_EXTERNAL_HIGH,Other,1300.9308095073004,1945.7262963538328,644.7954868465325,0.0,644.7954868465325
GUY,2025,AID_HIGH__CONFLICT_INTERNAL_HIGH__CONFLICT_EXTERNAL_LOW,Other,1300.9308095073004,1945.7262963538328,644.7954868465325,0.0,644.7954868465325
GUY,2025,AID_HIGH__CONFLICT_INTERNAL_LOW,Other,1300.9308095073004,1515.8626384561444,214.9318289488441,0.0,214.9318289488441
GUY,2025,AID_HIGH__CONFLICT_INTERNAL_LOW__CONFLICT_EXTERNAL_HIGH,Other,1300.9308095073004,1515.8626384561444,214.9318289488441,0.0,214.9318289488441
GUY,2025,AID_HIGH__CONFLICT_INTERNAL_LOW__CONFLICT_EXTERNAL_LOW,Other,1300.9308095073004,1515.8626384561444,214.9318289488441,0.0,214.9318289488441
GUY,2025,AID_LOW,Other,1300.9308095073004,1300.9308095073004,0.0,0.0,0.0
GUY,2025,AID_LOW__CONFLICT_EXTERNAL_HIGH,Other,1300.9308095073004,1300.9308095073004,0.0,0.0,0.0
GUY,2025,AID_LOW__CONFLICT_EXTERNAL_LOW,Other,1300.9308095073004,1300.9308095073004,0.0,0.0,0.0
GUY,2025,AID_LOW__CONFLICT_INTERNAL_HIGH,Other,1300.9308095073004,1945.7262963538328,644.7954868465325,0.0,644.7954868465325
GUY,2025,AID_LOW__CONFLICT_INTERNAL_HIGH__CONFLICT_EXTERNAL_HIGH,Other,1300.9308095073004,1945.7262963538328,644.7954868465325,0.0,644.7954868465325
GUY,2025,AID_LOW__CONFLICT_INTERNAL_HIGH__CONFLICT_EXTERNAL_LOW,Other,1300.9308095073004,1945.7262963538328,644.7954868465325,0.0,644.7954868465325
GUY,2025,AID_LOW__CONFLICT_INTERNAL_LOW,Other,1300.9308095073004,1515.8626384561444,214.9318289488441,0.0,214.9318289488441
GUY,2025,AID_LOW__CONFLICT_INTERNAL_LOW__CONFLICT_EXTERNAL_HIGH,Other,1300.9308095073004,1515.8626384561444,214.9318289488441,0.0,214.9318289488441
GUY,2025,AID_LOW__CONFLICT_INTERNAL_LOW__CONFLICT_EXTERNAL_LOW,Other,1300.9308095073004,1515.8626384561444,214.9318289488441,0.0,214.9318289488441
GUY,2025,CONFLICT_EXTERNAL_HIGH,Other,1300.9308095073004,1300.9308095073004,0.0,0.0,0.0
GUY,2025,CONFLICT_EXTERNAL_LOW,Other,1300.9308095073004,1300.9308095073004,0.0,0.0,0.0
GUY,2025,CONFLICT_INTERNAL_HIGH,Other,1300.9308095073004,1945.7262963538328,644.7954868465325,0.0,644.7954868465325
GUY,2025,CONFLICT_INTERNAL_HIGH__CONFLICT_EXTERNAL_HIGH,Other,1300.9308095073004,1945.7262963538328,644.7954868465325,0.0,644.7954868465325
GUY,2025,CONFLICT_INTERNAL_HIGH__CONFLICT_EXTERNAL_LOW,Other,1300.9308095073004,1945.7262963538328,644.7954868465325,0.0,644.7954868465325
GUY,2025,CONFLICT_INTERNAL_LOW,Other,1300.9308095073004,1515.8626384561444,214.9318289488441,0.0,214.9318289488441
GUY,2025,CONFLICT_INTERNAL_LOW__CONFLICT_EXTERNAL_HIGH,Other,1300.9308095073004,1515.8626384561444,214.9318289488441,0.0,214.9318289488441
GUY,2025,CONFLICT_INTERNAL_LOW__CONFLICT_EXTERNAL_LOW,Other,1300.9308095073004,1515.8626384561444,214.9318289488441,0.0,214.9318289488441
HKG,2025,AID_HIGH,Other,156287.6170718753,156287.6170718753,0.0,0.0,0.0
HKG,2025,AID_HIGH__CONFLICT_EXTERNAL_HIGH,Other,156287.6170718753,156287.6170718753,0.0,0.0,0.0
HKG,2025,AID_HIGH__CONFLICT_EXTERNAL_LOW,Other,156287.6170718753,156287.6170718753,0.0,0.0,0.0
HKG,2025,AID_HIGH__CONFLICT_INTERNAL_HIGH,Other,156287.6170718753,166715.97613623747,10428.359064362154,0.0,10428.359064362154
HKG,2025,AID_HIGH__CONFLICT_INTERNAL_HIGH__CONFLICT_EXTERNAL_HIGH,Other,156287.6170718753,166715.97613623747,10428.359064362154,0.0,10428.359064362154
HKG,2025,AID_HIGH__CONFLICT_INTERNAL_HIGH__CONFLICT_EXTERNAL_LOW,Other,156287.6170718753,166715.97613623747,10428.359064362154,0.0,10428.359064362154
HKG,2025,AID_HIGH__CONFLICT_INTERNAL_LOW,Other,156287.6170718753,159763.73675999604,3476.119688120717,0.0,3476.119688120717
HKG,2025,AID_HIGH__CONFLICT_INTERNAL_LOW__CONFLICT_EXTERNAL_HIGH,Other,156287.6170718753,159763.73675999604,3476.119688120717,0.0,3476.119688120717
HKG,2025,AID_HIGH__CONFLICT_INTERNAL_LOW__CONFLICT_EXTERNAL_LOW,Other,156287.6170718753,159763.73675999604,3476.119688120717,0.0,3476.119688120717
HKG,2025,AID_LOW,Other,156287.6170718753,156287.6170718753,0.0,0.0,0.0
HKG,2025,AID_LOW__CONFLICT_EXTERNAL_HIGH,Other,156287.6170718753,156287.6170718753,0.0,0.0,0.0
HKG,2025,AID_LOW__CONFLICT_EXTERNAL_LOW,Other,156287.6170718753,156287.6170718753,0.0,0.0,0.0
HKG,2025,AID_LOW__CONFLICT_INTERNAL_HIGH,Other,156287.6170718753,166715.97613623747,10428.359064362154,0.0,10428.359064362154
HKG,2025,AID_LOW__CONFLICT_INTERNAL_HIGH__CONFLICT_EXTERNAL_HIGH,Other,156287.6170718753,166715.97613623747,10428.359064362154,0.0,10428.359064362154
HKG,2025,AID_LOW__CONFLICT_INTERNAL_HIGH__CONFLICT_EXTERNAL_LOW,Other,156287.6170718753,166715.97613623747,10428.359064362154,0.0,10428.359064362154
HKG,2025,AID_LOW__CONFLICT_INTERNAL_LOW,Other,156287.6170718753,159763.73675999604,3476.119688120717,0.0,3476.119688120717
HKG,2025,AID_LOW__CONFLICT_INTERNAL_LOW__CONFLICT_EXTERNAL_HIGH,Other,156287.6170718753,159763.73675999604,3476.119688120717,0.0,3476.119688120717
HKG,2025,AID_LOW__CONFLICT_INTERNAL_LOW__CONFLICT_EXTERNAL_LOW,Other,156287.6170718753,159763.73675999604,3476.119688120717,0.0,3476.119688120717
HKG,2025,CONFLICT_EXTERNAL_HIGH,Other,156287.6170718753,156287.6170718753,0.0,0.0,0.0
HKG,2025,CONFLICT_EXTERNAL_LOW,Other,156287.6170718753,156287.6170718753,0.0,0.0,0.0
HKG,2025,CONFLICT_INTERNAL_HIGH,Other,156287.6170718753,166715.97613623747,10428.359064362154,0.0,10428.359064362154
HKG,2025,CONFLICT_INTERNAL_HIGH__CONFLICT_EXTERNAL_HIGH,Other,156287.6170718753,166715.97613623747,10428.359064362154,0.0,10428.359064362154
HKG,2025,CONFLICT_INTERNAL_HIGH__CONFLICT_EXTERNAL_LOW,Other,156287.6170718753,166715.97613623747,10428.359064362154,0.0,10428.359064362154
HKG,2025,CONFLICT_INTERNAL_LOW,Other,156287.6170718753,159763.73675999604,3476.119688120717,0.0,3476.119688120717
HKG,2025,CONFLICT_INTERNAL_LOW__CONFLICT_EXTERNAL_HIGH,Other,156287.6170718753,159763.73675999604,3476.119688120717,0.0,3476.119688120717
HKG,2025,CONFLICT_INTERNAL_LOW__CONFLICT_EXTERNAL_LOW,Other,156287.6170718753,159763.73675999604,3476.119688120717,0.0,3476.119688120717
HND,2025,AID_HIGH,Other,6832.457377187209,6832.457377187209,0.0,0.0,0.0
HND,2025,AID_HIGH__CONFLICT_EXTERNAL_HIGH,Other,6832.457377187209,6832.457377187209,0.0,0.0,0.0
HND,2025,AID_HIGH__CONFLICT_EXTERNAL_LOW,Other,6832.457377187209,6832.457377187209,0.0,0.0,0.0
HND,2025,AID_HIGH__CONFLICT_INTERNAL_HIGH,Other,6832.457377187209,10381.840931920742,3549.3835547335334,0.0,3549.3835547335334
HND,2025,AID_HIGH__CONFLICT_INTERNAL_HIGH__CONFLICT_EXTERNAL_HIGH,Other,6832.457377187209,10381.840931920742,3549.3835547335334,0.0,3549.3835547335334
HND,2025,AID_HIGH__CONFLICT_INTERNAL_HIGH__CONFLICT_EXTERNAL_LOW,Other,6832.457377187209,10381.840931920742,3549.3835547335334,0.0,3549.3835547335334
HND,2025,AID_HIGH__CONFLICT_INTERNAL_LOW,Other,6832.457377187209,8015.585228765053,1183.127851577844,0.0,1183.127851577844
HND,2025,AID_HIGH__CONFLICT_INTERNAL_LOW__CONFLICT_EXTERNAL_HIGH,Other,6832.457377187209,8015.585228765053,1183.127851577844,0.0,1183.127851577844
HND,2025,AID_HIGH__CONFLICT_INTERNAL_LOW__CONFLICT_EXTERNAL_LOW,Other,6832.457377187209,8015.585228765053,1183.127851577844,0.0,1183.127851577844
HND,2025,AID_LOW,Other,6832.457377187209,6832.457377187209,0.0,0.0,0.0
HND,2025,AID_LOW__CONFLICT_EXTERNAL_HIGH,Other,6832.457377187209,6832.457377187209,0.0,0.0,0.0
HND,2025,AID_LOW__CONFLICT_EXTERNAL_LOW,Other,6832.457377187209,6832.457377187209,0.0,0.0,0.0
HND,2025,AID_LOW__CONFLICT_INTERNAL_HIGH,Other,6832.457377187209,10381.840931920742,3549.3835547335334,0.0,3549.3835547335334
HND,2025,AID_LOW__CONFLICT_INTERNAL_HIGH__CONFLICT_EXTERNAL_HIGH,Other,6832.457377187209,10381.840931920742,3549.3835547335334,0.0,3549.3835547335334
HND,2025,AID_LOW__CONFLICT_INTERNAL_HIGH__CONFLICT_EXTERNAL_LOW,Other,6832.457377187209,10381.840931920742,3549.3835547335334,0.0,3549.3835547335334
HND,2025,AID_LOW__CONFLICT_INTERNAL_LOW,Other,6832.457377187209,8015.585228765053,1183.127851577844,0.0,1183.127851577844
HND,2025,AID_LOW__CONFLICT_INTERNAL_LOW__CONFLICT_EXTERNAL_HIGH,Other,6832.457377187209,8015.585228765053,1183.127851577844,0.0,1183.127851577844
HND,2025,AID_LOW__CONFLICT_INTERNAL_LOW__CONFLICT_EXTERNAL_LOW,Other,6832.457377187209,8015.585228765053,1183.127851577844,0.0,1183.127851577844
HND,2025,CONFLICT_EXTERNAL_HIGH,Other,6832.457377187209,6832.457377187209,0.0,0.0,0.0
HND,2025,CONFLICT_EXTERNAL_LOW,Other,6832.457377187209,6832.457377187209,0.0,0.0,0.0
HND,2025,CONFLICT_INTERNAL_HIGH,Other,6832.457377187209,10381.840931920742,3549.3835547335334,0.0,3549.3835547335334
HND,2025,CONFLICT_INTERNAL_HIGH__CONFLICT_EXTERNAL_HIGH,Other,6832.457377187209,10381.840931920742,3549.3835547335334,0.0,3549.3835547335334
HND,2025,CONFLICT_INTERNAL_HIGH__CONFLICT_EXTERNAL_LOW,Other,6832.457377187209,10381.840931920742,3549.3835547335334,0.0,3549.3835547335334
HND,2025,CONFLICT_INTERNAL_LOW,Other,6832.457377187209,8015.585228765053,1183.127851577844,0.0,1183.127851577844
HND,2025,CONFLICT_INTERNAL_LOW__CONFLICT_EXTERNAL_HIGH,Other,6832.457377187209,8015.585228765053,1183.127851577844,0.0,1183.127851577844
HND,2025,CONFLICT_INTERNAL_LOW__CONFLICT_EXTERNAL_LOW,Other,6832.457377187209,8015.585228765053,1183.127851577844,0.0,1183.127851577844
HRV,2025,AID_HIGH,Other,1364.7141561046772,1364.7141561046772,0.0,0.0,0.0
HRV,2025,AID_HIGH__CONFLICT_EXTERNAL_HIGH,Other,1364.7141561046772,1364.7141561046772,0.0,0.0,0.0
HRV,2025,AID_HIGH__CONFLICT_EXTERNAL_LOW,Other,1364.7141561046772,1364.7141561046772,0.0,0.0,0.0
HRV,2025,AID_HIGH__CONFLICT_INTERNAL_HIGH,Other,1364.7141561046772,2090.566648795607,725.8524926909301,0.0,725.8524926909301
HRV,2025,AID_HIGH__CONFLICT_INTERNAL_HIGH__CONFLICT_EXTERNAL_HIGH,Other,1364.7141561046772,2090.566648795607,725.8524926909301,0.0,725.8524926909301
HRV,2025,AID_HIGH__CONFLICT_INTERNAL_HIGH__CONFLICT_EXTERNAL_LOW,Other,1364.7141561046772,2090.566648795607,725.8524926909301,0.0,725.8524926909301
HRV,2025,AID_HIGH__CONFLICT_INTERNAL_LOW,Other,1364.7141561046772,1606.6649870016538,241.95083089697664,0.0,241.95083089697664
HRV,2025,AID_HIGH__CONFLICT_INTERNAL_LOW__CONFLICT_EXTERNAL_HIGH,Other,1364.7141561046772,1606.6649870016538,241.95083089697664,0.0,241.95083089697664
HRV,2025,AID_HIGH__CONFLICT_INTERNAL_LOW__CONFLICT_EXTERNAL_LOW,Other,1364.7141561046772,1606.6649870016538,241.95083089697664,0.0,241.95083089697664
HRV,2025,AID_LOW,Other,1364.7141561046772,1364.7141561046772,0.0,0.0,0.0
HRV,2025,AID_LOW__CONFLICT_EXTERNAL_HIGH,Other,1364.7141561046772,1364.7141561046772,0.0,0.0,0.0
HRV,2025,AID_LOW__CONFLICT_EXTERNAL_LOW,Other,1364.7141561046772,1364.7141561046772,0.0,0.0,0.0
HRV,2025,AID_LOW__CONFLICT_INTERNAL_HIGH,Other,1364.7141561046772,2090.566648795607,725.8524926909301,0.0,725.8524926909301
HRV,2025,AID_LOW__CONFLICT_INTERNAL_HIGH__CONFLICT_EXTERNAL_HIGH,Other,1364.7141561046772,2090.566648795607,725.8524926909301,0.0,725.8524926909301
HRV,2025,AID_LOW__CONFLICT_INTERNAL_HIGH__CONFLICT_EXTERNAL_LOW,Other,1364.7141561046772,2090.566648795607,725.8524926909301,0.0,725.8524926909301
HRV,2025,AID_LOW__CONFLICT_INTERNAL_LOW,Other,1364.7141561046772,1606.6649870016538,241.95083089697664,0.0,241.95083089697664
HRV,2025,AID_LOW__CONFLICT_INTERNAL_LOW__CONFLICT_EXTERNAL_HIGH,Other,1364.7141561046772,1606.6649870016538,241.95083089697664,0.0,241.95083089697664
HRV,2025,AID_LOW__CONFLICT_INTERNAL_LOW__CONFLICT_EXTERNAL_LOW,Other,1364.7141561046772,1606.6649870016538,241.95083089697664,0.0,241.95083089697664
HRV,2025,CONFLICT_EXTERNAL_HIGH,Other,1364.7141561046772,1364.7141561046772,0.0,0.0,0.0
HRV,2025,CONFLICT_EXTERNAL_LOW,Other,1364.7141561046772,1364.7141561046772,0.0,0.0,0.0
HRV,2025,CONFLICT_INTERNAL_HIGH,Other,1364.7141561046772,2090.566648795607,725.8524926909301,0.0,725.8524926909301
HRV,2025,CONFLICT_INTERNAL_HIGH__CONFLICT_EXTERNAL_HIGH,Other,1364.7141561046772,2090.566648795607,725.8524926909301,0.0,725.8524926909301
HRV,2025,CONFLICT_INTERNAL_HIGH__CONFLICT_EXTERNAL_LOW,Other,1364.7141561046772,2090.566648795607,725.8524926909301,0.0,725.8524926909301
HRV,2025,CONFLICT_INTERNAL_LOW,Other,1364.7141561046772,1606.6649870016538,241.95083089697664,0.0,241.95083089697664
HRV,2025,CONFLICT_INTERNAL_LOW__CONFLICT_EXTERNAL_HIGH,Other,1364.7141561046772,1606.6649870016538,241.95083089697664,0.0,241.95083089697664
HRV,2025,CONFLICT_INTERNAL_LOW__CONFLICT_EXTERNAL_LOW,Other,1364.7141561046772,1606.6649870016538,241.95083089697664,0.0,241.95083089697664
HTI,2025,AID_HIGH,Other,1631.000802052287,1631.000802052287,0.0,0.0,0.0
HTI,2025,AID_HIGH__CONFLICT_EXTERNAL_HIGH,Other,1631.000802052287,1631.000802052287,0.0,0.0,0.0
HTI,2025,AID_HIGH__CONFLICT_EXTERNAL_LOW,Other,1631.000802052287,1631.000802052287,0.0,0.0,0.0
HTI,2025,AID_HIGH__CONFLICT_INTERNAL_HIGH,Other,1631.000802052287,2455.2961211624583,824.2953191101712,0.0,824.2953191101712
HTI,2025,AID_HIGH__CONFLICT_INTERNAL_HIGH__CONFLICT_EXTERNAL_HIGH,Other,1631.000802052287,2455.2961211624583,824.2953191101712,0.0,824.2953191101712
HTI,2025,AID_HIGH__CONFLICT_INTERNAL_HIGH__CONFLICT_EXTERNAL_LOW,Other,1631.000802052287,2455.2961211624583,824.2953191101712,0.0,824.2953191101712
HTI,2025,AID_HIGH__CONFLICT_INTERNAL_LOW,Other,1631.000802052287,1905.7659084223442,274.76510637005697,0.0,274.76510637005697
HTI,2025,AID_HIGH__CONFLICT_INTERNAL_LOW__CONFLICT_EXTERNAL_HIGH,Other,1631.000802052287,1905.7659084223442,274.76510637005697,0.0,274.76510637005697
HTI,2025,AID_HIGH__CONFLICT_INTERNAL_LOW__CONFLICT_EXTERNAL_LOW,Other,1631.000802052287,1905.7659084223442,274.76510637005697,0.0,274.76510637005697
HTI,2025,AID_LOW,Other,1631.000802052287,1631.000802052287,0.0,0.0,0.0
HTI,2025,AID_LOW__CONFLICT_EXTERNAL_HIGH,Other,1631.000802052287,1631.000802052287,0.0,0.0,0.0
HTI,2025,AID_LOW__CONFLICT_EXTERNAL_LOW,Other,1631.000802052287,1631.000802052287,0.0,0.0,0.0
HTI,2025,AID_LOW__CONFLICT_INTERNAL_HIGH,Other,1631.000802052287,2455.2961211624583,824.2953191101712,0.0,824.2953191101712
HTI,2025,AID_LOW__CONFLICT_INTERNAL_HIGH__CONFLICT_EXTERNAL_HIGH,Other,1631.000802052287,2455.2961211624583,824.2953191101712,0.0,824.2953191101712
HTI,2025,AID_LOW__CONFLICT_INTERNAL_HIGH__CONFLICT_EXTERNAL_LOW,Other,1631.000802052287,2455.2961211624583,824.2953191101712,0.0,824.2953191101712
HTI,2025,AID_LOW__CONFLICT_INTERNAL_LOW,Other,1631.000802052287,1905.7659084223442,274.76510637005697,0.0,274.76510637005697
HTI,2025,AID_LOW__CONFLICT_INTERNAL_LOW__CONFLICT_EXTERNAL_HIGH,Other,1631.000802052287,1905.7659084223442,274.76510637005697,0.0,274.76510637005697
HTI,2025,AID_LOW__CONFLICT_INTERNAL_LOW__CONFLICT_EXTERNAL_LOW,Other,1631.000802052287,1905.7659084223442,274.76510637005697,0.0,274.76510637005697
HTI,2025,CONFLICT_EXTERNAL_HIGH,Other,1631.000802052287,1631.000802052287,0.0,0.0,0.0
HTI,2025,CONFLICT_EXTERNAL_LOW,Other,1631.000802052287,1631.000802052287,0.0,0.0,0.0
HTI,2025,CONFLICT_INTERNAL_HIGH,Other,1631.000802052287,2455.2961211624583,824.2953191101712,0.0,824.2953191101712
HTI,2025,CONFLICT_INTERNAL_HIGH__CONFLICT_EXTERNAL_HIGH,Other,1631.000802052287,2455.2961211624583,824.2953191101712,0.0,824.2953191101712
HTI,2025,CONFLICT_INTERNAL_HIGH__CONFLICT_EXTERNAL_LOW,Other,1631.000802052287,2455.2961211624583,824.2953191101712,0.0,824.2953191101712
HTI,2025,CONFLICT_INTERNAL_LOW,Other,1631.000802052287,1905.7659084223442,274.76510637005697,0.0,274.76510637005697
HTI,2025,CONFLICT_INTERNAL_LOW__CONFLICT_EXTERNAL_HIGH,Other,1631.000802052287,1905.7659084223442,274.76510637005697,0.0,274.76510637005697
HTI,2025,CONFLICT_INTERNAL_LOW__CONFLICT_EXTERNAL_LOW,Other,1631.000802052287,1905.7659084223442,274.76510637005697,0.0,274.76510637005697
HUN,2025,AID_HIGH,Other,12182.127470010213,12182.127470010213,0.0,0.0,0.0
HUN,2025,AID_HIGH__CONFLICT_EXTERNAL_HIGH,Other,12182.127470010213,12182.127470010213,0.0,0.0,0.0
HUN,2025,AID_HIGH__CONFLICT_EXTERNAL_LOW,Other,12182.127470010213,12182.127470010213,0.0,0.0,0.0
HUN,2025,AID_HIGH__CONFLICT_INTERNAL_HIGH,Other,12182.127470010213,17741.551457102414,5559.423987092204,0.0,5559.423987092204
HUN,2025,AID_HIGH__CONFLICT_INTERNAL_HIGH__CONFLICT_EXTERNAL_HIGH,Other,12182.127470010213,17741.551457102414,5559.423987092204,0.0,5559.423987092204
HUN,2025,AID_HIGH__CONFLICT_INTERNAL_HIGH__CONFLICT_EXTERNAL_LOW,Other,12182.127470010213,17741.551457102414,5559.423987092204,0.0,5559.423987092204
HUN,2025,AID_HIGH__CONFLICT_INTERNAL_LOW,Other,12182.127470010213,14035.268799040947,1853.141329030734,0.0,1853.141329030734
HUN,2025,AID_HIGH__CONFLICT_INTERNAL_LOW__CONFLICT_EXTERNAL_HIGH,Other,12182.127470010213,14035.268799040947,1853.141329030734,0.0,1853.141329030734
HUN,2025,AID_HIGH__CONFLICT_INTERNAL_LOW__CONFLICT_EXTERNAL_LOW,Other,12182.127470010213,14035.268799040947,1853.141329030734,0.0,1853.141329030734
HUN,2025,AID_LOW,Other,12182.127470010213,12182.127470010213,0.0,0.0,0.0
HUN,2025,AID_LOW__CONFLICT_EXTERNAL_HIGH,Other,12182.127470010213,12182.127470010213,0.0,0.0,0.0
HUN,2025,AID_LOW__CONFLICT_EXTERNAL_LOW,Other,12182.127470010213,12182.127470010213,0.0,0.0,0.0
HUN,2025,AID_LOW__CONFLICT_INTERNAL_HIGH,Other,12182.127470010213,17741.551457102414,5559.423987092204,0.0,5559.423987092204
HUN,2025,AID_LOW__CONFLICT_INTERNAL_HIGH__CONFLICT_EXTERNAL_HIGH,Other,12182.127470010213,17741.551457102414,5559.423987092204,0.0,5559.423987092204
HUN,2025,AID_LOW__CONFLICT_INTERNAL_HIGH__CONFLICT_EXTERNAL_LOW,Other,12182.127470010213,17741.551457102414,5559.423987092204,0.0,5559.423987092204
HUN,2025,AID_LOW__CONFLICT_INTERNAL_LOW,Other,12182.127470010213,14035.268799040947,1853.141329030734,0.0,1853.141329030734
HUN,2025,AID_LOW__CONFLICT_INTERNAL_LOW__CONFLICT_EXTERNAL_HIGH,Other,12182.127470010213,14035.268799040947,1853.141329030734,0.0,1853.141329030734
HUN,2025,AID_LOW__CONFLICT_INTERNAL_LOW__CONFLICT_EXTERNAL_LOW,Other,12182.127470010213,14035.268799040947,1853.141329030734,0.0,1853.141329030734
HUN,2025,CONFLICT_EXTERNAL_HIGH,Other,12182.127470010213,12182.127470010213,0.0,0.0,0.0
HUN,2025,CONFLICT_EXTERNAL_LOW,Other,12182.127470010213,12182.127470010213,0.0,0.0,0.0
HUN,2025,CONFLICT_INTERNAL_HIGH,Other,12182.127470010213,17741.551457102414,5559.423987092204,0.0,5559.423987092204
HUN,2025,CONFLICT_INTERNAL_HIGH__CONFLICT_EXTERNAL_HIGH,Other,12182.127470010213,17741.551457102414,5559.423987092204,0.0,5559.423987092204
HUN,2025,CONFLICT_INTERNAL_HIGH__CONFLICT_EXTERNAL_LOW,Other,12182.127470010213,17741.551457102414,5559.423987092204,0.0,5559.423987092204
HUN,2025,CONFLICT_INTERNAL_LOW,Other,12182.127470010213,14035.268799040947,1853.141329030734,0.0,1853.141329030734
HUN,2025,CONFLICT_INTERNAL_LOW__CONFLICT_EXTERNAL_HIGH,Other,12182.127470010213,14035.268799040947,1853.141329030734,0.0,1853.141329030734
HUN,2025,CONFLICT_INTERNAL_LOW__CONFLICT_EXTERNAL_LOW,Other,12182.127470010213,14035.268799040947,1853.141329030734,0.0,1853.141329030734
IDN,2025,AID_HIGH,"Banjar, Melayu Banjar",15.182077258701785,16.14925816089224,0.9671809021904582,0.9671809021904582,0.0
IDN,2025,AID_HIGH,Jawa,21.260693979000756,22.807288708949976,1.5465947299492202,1.5465947299492202,0.0
IDN,2025,AID_HIGH,Madura,15.182077258701785,16.14925816089224,0.9671809021904582,0.9671809021904582,0.0
IDN,2025,AID_HIGH,Other,495272.8408858577,529244.1177484212,33971.27686256348,33971.27686256348,0.0
IDN,2025,AID_HIGH,"Sunda, Priangan",15.182077258701785,16.14925816089224,0.9671809021904582,0.9671809021904582,0.0
IDN,2025,AID_HIGH__CONFLICT_EXTERNAL_HIGH,"Banjar, Melayu Banjar",15.182077258701785,21.745090523565608,6.563013264863825,6.563013264863825,0.0
IDN,2025,AID_HIGH__CONFLICT_EXTERNAL_HIGH,Jawa,21.260693979000756,31.75544393222761,10.494749953226854,10.494749953226854,0.0
IDN,2025,AID_HIGH__CONFLICT_EXTERNAL_HIGH,Madura,15.182077258701785,21.745090523565608,6.563013264863825,6.563013264863825,0.0
IDN,2025,AID_HIGH__CONFLICT_EXTERNAL_HIGH,Other,495272.8408858577,725792.2195961098,230519.3787102522,230519.3787102522,0.0
IDN,2025,AID_HIGH__CONFLICT_EXTERNAL_HIGH,"Sunda, Priangan",15.182077258701785,21.745090523565608,6.563013264863825,6.563013264863825,0.0
IDN,2025,AID_HIGH__CONFLICT_EXTERNAL_LOW,"Banjar, Melayu Banjar",15.182077258701785,18.014535615116696,2.832458356414913,2.832458356414913,0.0
IDN,2025,AID_HIGH__CONFLICT_EXTERNAL_LOW,Jawa,21.260693979000756,25.790007116709187,4.529313137708431,4.529313137708431,0.0
IDN,2025,AID_HIGH__CONFLICT_EXTERNAL_LOW,Madura,15.182077258701785,18.014535615116696,2.832458356414913,2.832458356414913,0.0
IDN,2025,AID_HIGH__CONFLICT_EXTERNAL_LOW,Other,495272.8408858577,594760.1516976508,99487.31081179304,99487.31081179304,0.0
IDN,2025,AID_HIGH__CONFLICT_EXTERNAL_LOW,"Sunda, Priangan",15.182077258701785,18.014535615116696,2.832458356414913,2.832458356414913,0.0
IDN,2025,AID_HIGH__CONFLICT_INTERNAL_HIGH,"Banjar, Melayu Banjar",15.182077258701785,16.14925816089224,0.9671809021904582,0.9671809021904582,0.0
IDN,2025,AID_HIGH__CONFLICT_INTERNAL_HIGH,Jawa,21.260693979000756,22.807288708949976,1.5465947299492202,1.5465947299492202,0.0
IDN,2025,AID_HIGH__CONFLICT_INTERNAL_HIGH,Madura,15.182077258701785,16.14925816089224,0.9671809021904582,0.9671809021904582,0.0
IDN,2025,AID_HIGH__CONFLICT_INTERNAL_HIGH,Other,495272.8408858577,540620.4233949394,45347.58250908177,33971.27686256348,11376.305646518289
IDN,2025,AID_HIGH__CONFLICT_INTERNAL_HIGH,"Sunda, Priangan",15.182077258701785,16.14925816089224,0.9671809021904582,0.9671809021904582,0.0
IDN,2025,AID_HIGH__CONFLICT_INTERNAL_HIGH__CONFLICT_EXTERNAL_HIGH,"Banjar, Melayu Banjar",15.182077258701785,16.70884139715958,1.5267641384577952,1.5267641384577952,0.0
IDN,2025,AID_HIGH__CONFLICT_INTERNAL_HIGH__CONFLICT_EXTERNAL_HIGH,Jawa,21.260693979000756,23.702104231277744,2.4414102522769845,2.4414102522769845,0.0
IDN,2025,AID_HIGH__CONFLICT_INTERNAL_HIGH__CONFLICT_EXTERNAL_HIGH,Madura,15.182077258701785,16.70884139715958,1.5267641384577952,1.5267641384577952,0.0
IDN,2025,AID_HIGH__CONFLICT_INTERNAL_HIGH__CONFLICT_EXTERNAL_HIGH,Other,495272.8408858577,560275.2335797084,65002.39269385066,53626.087047332374,11376.305646518289
IDN,2025,AID_HIGH__CONFLICT_INTERNAL_HIGH__CONFLICT_EXTERNAL_HIGH,"Sunda, Priangan",15.182077258701785,16.70884139715958,1.5267641384577952,1.5267641384577952,0.0
IDN,2025,AID_HIGH__CONFLICT_INTERNAL_HIGH__CONFLICT_EXTERNAL_LOW,"Banjar, Melayu Banjar",15.182077258701785,16.335785906314687,1.1537086476129037,1.1537086476129037,0.0
IDN,2025,AID_HIGH__CONFLICT_INTERNAL_HIGH__CONFLICT_EXTERNAL_LOW,Jawa,21.260693979000756,23.105560549725897,1.8448665707251415,1.8448665707251415,0.0
IDN,2025,AID_HIGH__CONFLICT_INTERNAL_HIGH__CONFLICT_EXTERNAL_LOW,Madura,15.182077258701785,16.335785906314687,1.1537086476129037,1.1537086476129037,0.0
IDN,2025,AID_HIGH__CONFLICT_INTERNAL_HIGH__CONFLICT_EXTERNAL_LOW,Other,495272.8408858577,547172.0267898624,51899.185904004735,40522.88025748644,11376.305646518289
IDN,2025,AID_HIGH__CONFLICT_INTERNAL_HIGH__CONFLICT_EXTERNAL_LOW,"Sunda, Priangan",15.182077258701785,16.335785906314687,1.1537086476129037,1.1537086476129037,0.0
IDN,2025,AID_HIGH__CONFLICT_INTERNAL_LOW,"Banjar, Melayu Banjar",15.182077258701785,16.14925816089224,0.9671809021904582,0.9671809021904582,0.0
IDN,2025,AID_HIGH__CONFLICT_INTERNAL_LOW,Jawa,21.260693979000756,22.807288708949976,1.5465947299492202,1.5465947299492202,0.0
IDN,2025,AID_HIGH__CONFLICT_INTERNAL_LOW,Madura,15.182077258701785,16.14925816089224,0.9671809021904582,0.9671809021904582,0.0
IDN,2025,AID_HIGH__CONFLICT_INTERNAL_LOW,Other,495272.8408858577,533036.2196305939,37763.37874473624,33971.27686256348,3792.1018821727625
IDN,2025,AID_HIGH__CONFLICT_INTERNAL_LOW,"Sunda, Priangan",15.182077258701785,16.14925816089224,0.9671809021904582,0.9671809021904582,0.0
IDN,2025,AID_HIGH__CONFLICT_INTERNAL_LOW__CONFLICT_EXTERNAL_HIGH,"Banjar, Melayu Banjar",15.182077258701785,20.066340814763596,4.884263556061813,4.884263556061813,0.0
IDN,2025,AID_HIGH__CONFLICT_INTERNAL_LOW__CONFLICT_EXTERNAL_HIGH,Jawa,21.260693979000756,29.070997365244317,7.810303386243561,7.810303386243561,0.0
IDN,2025,AID_HIGH__CONFLICT_INTERNAL_LOW__CONFLICT_EXTERNAL_HIGH,Madura,15.182077258701785,20.066340814763596,4.884263556061813,4.884263556061813,0.0
IDN,2025,AID_HIGH__CONFLICT_INTERNAL_LOW__CONFLICT_EXTERNAL_HIGH,Other,495272.8408858577,670619.890923976,175347.05003811832,171554.94815594555,3792.1018821727625
IDN,2025,AID_HIGH__CONFLICT_INTERNAL_LOW__CONFLICT_EXTERNAL_HIGH,"Sunda, Priangan",15.182077258701785,20.066340814763596,4.884263556061813,4.884263556061813,0.0
IDN,2025,AID_HIGH__CONFLICT_INTERNAL_LOW__CONFLICT_EXTERNAL_LOW,"Banjar, Melayu Banjar",15.182077258701785,17.45495237884936,2.2728751201475763,2.2728751201475763,0.0
IDN,2025,AID_HIGH__CONFLICT_INTERNAL_LOW__CONFLICT_EXTERNAL_LOW,Jawa,21.260693979000756,24.895191594381423,3.6344976153806674,3.6344976153806674,0.0
IDN,2025,AID_HIGH__CONFLICT_INTERNAL_LOW__CONFLICT_EXTERNAL_LOW,Madura,15.182077258701785,17.45495237884936,2.2728751201475763,2.2728751201475763,0.0
IDN,2025,AID_HIGH__CONFLICT_INTERNAL_LOW__CONFLICT_EXTERNAL_LOW,Other,495272.8408858577,578897.4433950547,83624.60250919693,79832.50062702417,3792.1018821727625
IDN,2025,AID_HIGH__CONFLICT_INTERNAL_LOW__CONFLICT_EXTERNAL_LOW,"Sunda, Priangan",15.182077258701785,17.45495237884936,2.2728751201475763,2.2728751201475763,0.0
IDN,2025,AID_LOW,"Banjar, Melayu Banjar",15.182077258701785,15.596583359640553,0.4145061009387678,0.4145061009387678,0.0
IDN,2025,AID_LOW,Jawa,21.260693979000756,21.923520291836137,0.6628263128353802,0.6628263128353802,0.0
IDN,2025,AID_LOW,Madura,15.182077258701785,15.596583359640553,0.4145061009387678,0.4145061009387678,0.0
IDN,2025,AID_LOW,Other,495272.8408858577,509831.95954124205,14559.118655384349,14559.118655384349,0.0
IDN,2025,AID_LOW,"Sunda, Priangan",15.182077258701785,15.596583359640553,0.4145061009387678,0.4145061009387678,0.0
IDN,2025,AID_LOW__CONFLICT_EXTERNAL_HIGH,"Banjar, Melayu Banjar",15.182077258701785,20.363403520436382,5.181326261734597,5.181326261734597,0.0
IDN,2025,AID_LOW__CONFLICT_EXTERNAL_HIGH,Jawa,21.260693979000756,29.54602288944301,8.285328910442251,8.285328910442251,0.0
IDN,2025,AID_LOW__CONFLICT_EXTERNAL_HIGH,Madura,15.182077258701785,20.363403520436382,5.181326261734597,5.181326261734597,0.0
IDN,2025,AID_LOW__CONFLICT_EXTERNAL_HIGH,Other,495272.8408858577,677261.8240781621,181988.98319230435,181988.98319230435,0.0
IDN,2025,AID_LOW__CONFLICT_EXTERNAL_HIGH,"Sunda, Priangan",15.182077258701785,20.363403520436382,5.181326261734597,5.181326261734597,0.0
IDN,2025,AID_LOW__CONFLICT_EXTERNAL_LOW,"Banjar, Melayu Banjar",15.182077258701785,17.18552341323916,2.0034461545373774,2.0034461545373774,0.0
IDN,2025,AID_LOW__CONFLICT_EXTERNAL_LOW,Jawa,21.260693979000756,24.464354491038424,3.20366051203767,3.20366051203767,0.0
IDN,2025,AID_LOW__CONFLICT_EXTERNAL_LOW,Madura,15.182077258701785,17.18552341323916,2.0034461545373774,2.0034461545373774,0.0
IDN,2025,AID_LOW__CONFLICT_EXTERNAL_LOW,Other,495272.8408858577,565641.9143868821,70369.07350102434,70369.07350102434,0.0
IDN,2025,AID_LOW__CONFLICT_EXTERNAL_LOW,"Sunda, Priangan",15.182077258701785,17.18552341323916,2.0034461545373774,2.0034461545373774,0.0
IDN,2025,AID_LOW__CONFLICT_INTERNAL_HIGH,"Banjar, Melayu Banjar",15.182077258701785,15.596583359640553,0.4145061009387678,0.4145061009387678,0.0
IDN,2025,AID_LOW__CONFLICT_INTERNAL_HIGH,Jawa,21.260693979000756,21.923520291836137,0.6628263128353802,0.6628263128353802,0.0
IDN,2025,AID_LOW__CONFLICT_INTERNAL_HIGH,Madura,15.182077258701785,15.596583359640553,0.4145061009387678,0.4145061009387678,0.0
IDN,2025,AID_LOW__CONFLICT_INTERNAL_HIGH,Other,495272.8408858577,521208.26518776035,25935.424301902636,14559.118655384349,11376.305646518289
IDN,2025,AID_LOW__CONFLICT_INTERNAL_HIGH,"Sunda, Priangan",15.182077258701785,15.596583359640553,0.4145061009387678,0.4145061009387678,0.0
IDN,2025,AID_LOW__CONFLICT_INTERNAL_HIGH__CONFLICT_EXTERNAL_HIGH,"Banjar, Melayu Banjar",15.182077258701785,16.073265375720133,0.891188117018351,0.891188117018351,0.0
IDN,2025,AID_LOW__CONFLICT_INTERNAL_HIGH__CONFLICT_EXTERNAL_HIGH,Jawa,21.260693979000756,22.685770551596825,1.4250765725960677,1.4250765725960677,0.0
IDN,2025,AID_LOW__CONFLICT_INTERNAL_HIGH__CONFLICT_EXTERNAL_HIGH,Madura,15.182077258701785,16.073265375720133,0.891188117018351,0.891188117018351,0.0
IDN,2025,AID_LOW__CONFLICT_INTERNAL_HIGH__CONFLICT_EXTERNAL_HIGH,Other,495272.8408858577,537951.2516414523,42678.41075559465,31302.10510907636,11376.305646518289
IDN,2025,AID_LOW__CONFLICT_INTERNAL_HIGH__CONFLICT_EXTERNAL_HIGH,"Sunda, Priangan",15.182077258701785,16.073265375720133,0.891188117018351,0.891188117018351,0.0
IDN,2025,AID_LOW__CONFLICT_INTERNAL_HIGH__CONFLICT_EXTERNAL_LOW,"Banjar, Melayu Banjar",15.182077258701785,15.755477365000413,0.5734001062986289,0.5734001062986289,0.0
IDN,2025,AID_LOW__CONFLICT_INTERNAL_HIGH__CONFLICT_EXTERNAL_LOW,Jawa,21.260693979000756,22.17760371175637,0.9169097327556095,0.9169097327556095,0.0
IDN,2025,AID_LOW__CONFLICT_INTERNAL_HIGH__CONFLICT_EXTERNAL_LOW,Madura,15.182077258701785,15.755477365000413,0.5734001062986289,0.5734001062986289,0.0
IDN,2025,AID_LOW__CONFLICT_INTERNAL_HIGH__CONFLICT_EXTERNAL_LOW,Other,495272.8408858577,526789.2606723243,31516.419786466642,20140.114139948353,11376.305646518289
IDN,2025,AID_LOW__CONFLICT_INTERNAL_HIGH__CONFLICT_EXTERNAL_LOW,"Sunda, Priangan",15.182077258701785,15.755477365000413,0.5734001062986289,0.5734001062986289,0.0
IDN,2025,AID_LOW__CONFLICT_INTERNAL_LOW,"Banjar, Melayu Banjar",15.182077258701785,15.596583359640553,0.4145061009387678,0.4145061009387678,0.0
IDN,2025,AID_LOW__CONFLICT_INTERNAL_LOW,Jawa,21.260693979000756,21.923520291836137,0.6628263128353802,0.6628263128353802,0.0
IDN,2025,AID_LOW__CONFLICT_INTERNAL_LOW,Madura,15.182077258701785,15.596583359640553,0.4145061009387678,0.4145061009387678,0.0
IDN,2025,AID_LOW__CONFLICT_INTERNAL_LOW,Other,495272.8408858577,513624.0614234148,18351.22053755711,14559.118655384349,3792.1018821727625
IDN,2025,AID_LOW__CONFLICT_INTERNAL_LOW,"Sunda, Priangan",15.182077258701785,15.596583359640553,0.4145061009387678,0.4145061009387678,0.0
IDN,2025,AID_LOW__CONFLICT_INTERNAL_LOW__CONFLICT_EXTERNAL_HIGH,"Banjar, Melayu Banjar",15.182077258701785,18.93335747219763,3.751280213495847,3.751280213495847,0.0
IDN,2025,AID_LOW__CONFLICT_INTERNAL_LOW__CONFLICT_EXTERNAL_HIGH,Jawa,21.260693979000756,27.259272110160943,5.998578131160189,5.998578131160189,0.0
IDN,2025,AID_LOW__CONFLICT_INTERNAL_LOW__CONFLICT_EXTERNAL_HIGH,Madura,15.182077258701785,18.93335747219763,3.751280213495847,3.751280213495847,0.0
IDN,2025,AID_LOW__CONFLICT_INTERNAL_LOW__CONFLICT_EXTERNAL_HIGH,Other,495272.8408858577,630824.9665992588,135552.1257134011,131760.02383122832,3792.1018821727625
IDN,2025,AID_LOW__CONFLICT_INTERNAL_LOW__CONFLICT_EXTERNAL_HIGH,"Sunda, Priangan",15.182077258701785,18.93335747219763,3.751280213495847,3.751280213495847,0.0
IDN,2025,AID_LOW__CONFLICT_INTERNAL_LOW__CONFLICT_EXTERNAL_LOW,"Banjar, Melayu Banjar",15.182077258701785,16.70884139715958,1.5267641384577946,1.5267641384577946,0.0
IDN,2025,AID_LOW__CONFLICT_INTERNAL_LOW__CONFLICT_EXTERNAL_LOW,Jawa,21.260693979000756,23.702104231277744,2.441410252276983,2.441410252276983,0.0
IDN,2025,AID_LOW__CONFLICT_INTERNAL_LOW__CONFLICT_EXTERNAL_LOW,Madura,15.182077258701785,16.70884139715958,1.5267641384577946,1.5267641384577946,0.0
IDN,2025,AID_LOW__CONFLICT_INTERNAL_LOW__CONFLICT_EXTERNAL_LOW,Other,495272.8408858577,552691.0298153628,57418.18892950511,53626.087047332345,3792.1018821727625
IDN,2025,AID_LOW__CONFLICT_INTERNAL_LOW__CONFLICT_EXTERNAL_LOW,"Sunda, Priangan",15.182077258701785,16.70884139715958,1.5267641384577946,1.5267641384577946,0.0
IDN,2025,CONFLICT_EXTERNAL_HIGH,"Banjar, Melayu Banjar",15.182077258701785,19.327138268089463,4.145061009387677,4.145061009387677,0.0
IDN,2025,CONFLICT_EXTERNAL_HIGH,Jawa,21.260693979000756,27.888957107354557,6.628263128353801,6.628263128353801,0.0
IDN,2025,CONFLICT_EXTERNAL_HIGH,Madura,15.182077258701785,19.327138268089463,4.145061009387677,4.145061009387677,0.0
IDN,2025,CONFLICT_EXTERNAL_HIGH,Other,495272.8408858577,640864.0274397011,145591.1865538435,145591.1865538435,0.0
IDN,2025,CONFLICT_EXTERNAL_HIGH,"Sunda, Priangan",15.182077258701785,19.327138268089463,4.145061009387677,4.145061009387677,0.0
IDN,2025,CONFLICT_EXTERNAL_LOW,"Banjar, Melayu Banjar",15.182077258701785,16.56376426183101,1.3816870031292259,1.3816870031292259,0.0
IDN,2025,CONFLICT_EXTERNAL_LOW,Jawa,21.260693979000756,23.470115021785357,2.2094210427846006,2.2094210427846006,0.0
IDN,2025,CONFLICT_EXTERNAL_LOW,Madura,15.182077258701785,16.56376426183101,1.3816870031292259,1.3816870031292259,0.0
IDN,2025,CONFLICT_EXTERNAL_LOW,Other,495272.8408858577,543803.2364038056,48530.39551794783,48530.39551794783,0.0
IDN,2025,CONFLICT_EXTERNAL_LOW,"Sunda, Priangan",15.182077258701785,16.56376426183101,1.3816870031292259,1.3816870031292259,0.0
IDN,2025,CONFLICT_INTERNAL_HIGH,"Banjar, Melayu Banjar",15.182077258701785,15.182077258701785,0.0,0.0,0.0
IDN,2025,CONFLICT_INTERNAL_HIGH,Jawa,21.260693979000756,21.260693979000756,0.0,0.0,0.0
IDN,2025,CONFLICT_INTERNAL_HIGH,Madura,15.182077258701785,15.182077258701785,0.0,0.0,0.0
IDN,2025,CONFLICT_INTERNAL_HIGH,Other,495272.8408858577,506649.146532376,11376.305646518289,0.0,11376.305646518289
IDN,2025,CONFLICT_INTERNAL_HIGH,"Sunda, Priangan",15.182077258701785,15.182077258701785,0.0,0.0,0.0
IDN,2025,CONFLICT_INTERNAL_HIGH__CONFLICT_EXTERNAL_HIGH,"Banjar, Melayu Banjar",15.182077258701785,15.596583359640553,0.41450610093876816,0.41450610093876816,0.0
IDN,2025,CONFLICT_INTERNAL_HIGH__CONFLICT_EXTERNAL_HIGH,Jawa,21.260693979000756,21.92352029183614,0.6628263128353806,0.6628263128353806,0.0
IDN,2025,CONFLICT_INTERNAL_HIGH__CONFLICT_EXTERNAL_HIGH,Madura,15.182077258701785,15.596583359640553,0.41450610093876816,0.41450610093876816,0.0
IDN,2025,CONFLICT_INTERNAL_HIGH__CONFLICT_EXTERNAL_HIGH,Other,495272.8408858577,521208.26518776035,25935.42430190265,14559.118655384362,11376.305646518289
IDN,2025,CONFLICT_INTERNAL_HIGH__CONFLICT_EXTERNAL_HIGH,"Sunda, Priangan",15.182077258701785,15.596583359640553,0.41450610093876816,0.41450610093876816,0.0
IDN,2025,CONFLICT_INTERNAL_HIGH__CONFLICT_EXTERNAL_LOW,"Banjar, Melayu Banjar",15.182077258701785,15.320245959014708,0.13816870031292272,0.13816870031292272,0.0
IDN,2025,CONFLICT_INTERNAL_HIGH__CONFLICT_EXTERNAL_LOW,Jawa,21.260693979000756,21.48163608327922,0.22094210427846023,0.22094210427846023,0.0
IDN,2025,CONFLICT_INTERNAL_HIGH__CONFLICT_EXTERNAL_LOW,Madura,15.182077258701785,15.320245959014708,0.13816870031292272,0.13816870031292272,0.0
IDN,2025,CONFLICT_INTERNAL_HIGH__CONFLICT_EXTERNAL_LOW,Other,495272.8408858577,511502.1860841707,16229.345198313078,4853.039551794787,11376.305646518289
IDN,2025,CONFLICT_INTERNAL_HIGH__CONFLICT_EXTERNAL_LOW,"Sunda, Priangan",15.182077258701785,15.320245959014708,0.13816870031292272,0.13816870031292272,0.0
IDN,2025,CONFLICT_INTERNAL_LOW,"Banjar, Melayu Banjar",15.182077258701785,15.182077258701785,0.0,0.0,0.0
IDN,2025,CONFLICT_INTERNAL_LOW,Jawa,21.260693979000756,21.260693979000756,0.0,0.0,0.0
IDN,2025,CONFLICT_INTERNAL_LOW,Madura,15.182077258701785,15.182077258701785,0.0,0.0,0.0
IDN,2025,CONFLICT_INTERNAL_LOW,Other,495272.8408858577,499064.94276803045,3792.1018821727625,0.0,3792.1018821727625
IDN,2025,CONFLICT_INTERNAL_LOW,"Sunda, Priangan",15.182077258701785,15.182077258701785,0.0,0.0,0.0
IDN,2025,CONFLICT_INTERNAL_LOW__CONFLICT_EXTERNAL_HIGH,"Banjar, Melayu Banjar",15.182077258701785,18.083619965273158,2.9015427065713744,2.9015427065713744,0.0
IDN,2025,CONFLICT_INTERNAL_LOW__CONFLICT_EXTERNAL_HIGH,Jawa,21.260693979000756,25.900478168848416,4.639784189847661,4.639784189847661,0.0
IDN,2025,CONFLICT_INTERNAL_LOW__CONFLICT_EXTERNAL_HIGH,Madura,15.182077258701785,18.083619965273158,2.9015427065713744,2.9015427065713744,0.0
IDN,2025,CONFLICT_INTERNAL_LOW__CONFLICT_EXTERNAL_HIGH,Other,495272.8408858577,600978.7733557209,105705.9324698632,101913.83058769043,3792.1018821727625
IDN,2025,CONFLICT_INTERNAL_LOW__CONFLICT_EXTERNAL_HIGH,"Sunda, Priangan",15.182077258701785,18.083619965273158,2.9015427065713744,2.9015427065713744,0.0
IDN,2025,CONFLICT_INTERNAL_LOW__CONFLICT_EXTERNAL_LOW,"Banjar, Melayu Banjar",15.182077258701785,16.14925816089224,0.9671809021904582,0.9671809021904582,0.0
IDN,2025,CONFLICT_INTERNAL_LOW__CONFLICT_EXTERNAL_LOW,Jawa,21.260693979000756,22.807288708949976,1.5465947299492202,1.5465947299492202,0.0
IDN,2025,CONFLICT_INTERNAL_LOW__CONFLICT_EXTERNAL_LOW,Madura,15.182077258701785,16.14925816089224,0.9671809021904582,0.9671809021904582,0.0
IDN,2025,CONFLICT_INTERNAL_LOW__CONFLICT_EXTERNAL_LOW,Other,495272.8408858577,533036.2196305939,37763.37874473624,33971.27686256348,3792.1018821727625
IDN,2025,CONFLICT_INTERNAL_LOW__CONFLICT_EXTERNAL_LOW,"Sunda, Priangan",15.182077258701785,16.14925816089224,0.9671809021904582,0.9671809021904582,0.0
IMN,2025,AID_HIGH,Other,217.5193733343156,217.5193733343156,0.0,0.0,0.0
IMN,2025,AID_HIGH__CONFLICT_EXTERNAL_HIGH,Other,217.5193733343156,217.5193733343156,0.0,0.0,0.0
IMN,2025,AID_HIGH__CONFLICT_EXTERNAL_LOW,Other,217.5193733343156,217.5193733343156,0.0,0.0,0.0
IMN,2025,AID_HIGH__CONFLICT_INTERNAL_HIGH,Other,217.5193733343156,334.3446831595632,116.82530982524763,0.0,116.82530982524763
IMN,2025,AID_HIGH__CONFLICT_INTERNAL_HIGH__CONFLICT_EXTERNAL_HIGH,Other,217.5193733343156,334.3446831595632,116.82530982524763,0.0,116.82530982524763
IMN,2025,AID_HIGH__CONFLICT_INTERNAL_HIGH__CONFLICT_EXTERNAL_LOW,Other,217.5193733343156,334.3446831595632,116.82530982524763,0.0,116.82530982524763
IMN,2025,AID_HIGH__CONFLICT_INTERNAL_LOW,Other,217.5193733343156,256.4611432760648,38.94176994174919,0.0,38.94176994174919
IMN,2025,AID_HIGH__CONFLICT_INTERNAL_LOW__CONFLICT_EXTERNAL_HIGH,Other,217.5193733343156,256.4611432760648,38.94176994174919,0.0,38.94176994174919
IMN,2025,AID_HIGH__CONFLICT_INTERNAL_LOW__CONFLICT_EXTERNAL_LOW,Other,217.5193733343156,256.4611432760648,38.94176994174919,0.0,38.94176994174919
IMN,2025,AID_LOW,Other,217.5193733343156,217.5193733343156,0.0,0.0,0.0
IMN,2025,AID_LOW__CONFLICT_EXTERNAL_HIGH,Other,217.5193733343156,217.5193733343156,0.0,0.0,0.0
IMN,2025,AID_LOW__CONFLICT_EXTERNAL_LOW,Other,217.5193733343156,217.5193733343156,0.0,0.0,0.0
IMN,2025,AID_LOW__CONFLICT_INTERNAL_HIGH,Other,217.5193733343156,334.3446831595632,116.82530982524763,0.0,116.82530982524763
IMN,2025,AID_LOW__CONFLICT_INTERNAL_HIGH__CONFLICT_EXTERNAL_HIGH,Other,217.5193733343156,334.3446831595632,116.82530982524763,0.0,116.82530982524763
IMN,2025,AID_LOW__CONFLICT_INTERNAL_HIGH__CONFLICT_EXTERNAL_LOW,Other,217.5193733343156,334.3446831595632,116.82530982524763,0.0,116.82530982524763
IMN,2025,AID_LOW__CONFLICT_INTERNAL_LOW,Other,217.5193733343156,256.4611432760648,38.94176994174919,0.0,38.94176994174919
IMN,2025,AID_LOW__CONFLICT_INTERNAL_LOW__CONFLICT_EXTERNAL_HIGH,Other,217.5193733343156,256.4611432760648,38.94176994174919,0.0,38.94176994174919
IMN,2025,AID_LOW__CONFLICT_INTERNAL_LOW__CONFLICT_EXTERNAL_LOW,Other,217.5193733343156,256.4611432760648,38.94176994174919,0.0,38.94176994174919
IMN,2025,CONFLICT_EXTERNAL_HIGH,Other,217.5193733343156,217.5193733343156,0.0,0.0,0.0
IMN,2025,CONFLICT_EXTERNAL_LOW,Other,217.5193733343156,217.5193733343156,0.0,0.0,0.0
IMN,2025,CONFLICT_INTERNAL_HIGH,Other,217.5193733343156,334.3446831595632,116.82530982524763,0.0,116.82530982524763
IMN,2025,CONFLICT_INTERNAL_HIGH__CONFLICT_EXTERNAL_HIGH,Other,217.5193733343156,334.3446831595632,116.82530982524763,0.0,116.82530982524763
IMN,2025,CONFLICT_INTERNAL_HIGH__CONFLICT_EXTERNAL_LOW,Other,217.5193733343156,334.3446831595632,116.82530982524763,0.0,116.82530982524763
IMN,2025,CONFLICT_INTERNAL_LOW,Other,217.5193733343156,256.4611432760648,38.94176994174919,0.0,38.94176994174919
IMN,2025,CONFLICT_INTERNAL_LOW__CONFLICT_EXTERNAL_HIGH,Other,217.5193733343156,256.4611432760648,38.94176994174919,0.0,38.94176994174919
IMN,2025,CONFLICT_INTERNAL_LOW__CONFLICT_EXTERNAL_LOW,Other,217.5193733343156,256.4611432760648,38.94176994174919,0.0,38.94176994174919
IND,2025,AID_HIGH,Other,29083.68789830948,29083.68789830948,0.0,0.0,0.0
IND,2025,AID_HIGH__CONFLICT_EXTERNAL_HIGH,Other,29083.68789830948,29083.68789830948,0.0,0.0,0.0
IND,2025,AID_HIGH__CONFLICT_EXTERNAL_LOW,Other,29083.68789830948,29083.68789830948,0.0,0.0,0.0
IND,2025,AID_HIGH__CONFLICT_INTERNAL_HIGH,Other,29083.68789830948,38184.08343325289,9100.395534943409,0.0,9100.395534943409
IND,2025,AID_HIGH__CONFLICT_INTERNAL_HIGH__CONFLICT_EXTERNAL_HIGH,Other,29083.68789830948,38184.08343325289,9100.395534943409,0.0,9100.395534943409
IND,2025,AID_HIGH__CONFLICT_INTERNAL_HIGH__CONFLICT_EXTERNAL_LOW,Other,29083.68789830948,38184.08343325289,9100.395534943409,0.0,9100.395534943409
IND,2025,AID_HIGH__CONFLICT_INTERNAL_LOW,Other,29083.68789830948,32117.153076623945,3033.4651783144686,0.0,3033.4651783144686
IND,2025,AID_HIGH__CONFLICT_INTERNAL_LOW__CONFLICT_EXTERNAL_HIGH,Other,29083.68789830948,32117.153076623945,3033.4651783144686,0.0,3033.4651783144686
IND,2025,AID_HIGH__CONFLICT_INTERNAL_LOW__CONFLICT_EXTERNAL_LOW,Other,29083.68789830948,32117.153076623945,3033.4651783144686,0.0,3033.4651783144686
IND,2025,AID_LOW,Other,29083.68789830948,29083.68789830948,0.0,0.0,0.0
IND,2025,AID_LOW__CONFLICT_EXTERNAL_HIGH,Other,29083.68789830948,29083.68789830948,0.0,0.0,0.0
IND,2025,AID_LOW__CONFLICT_EXTERNAL_LOW,Other,29083.68789830948,29083.68789830948,0.0,0.0,0.0
IND,2025,AID_LOW__CONFLICT_INTERNAL_HIGH,Other,29083.68789830948,38184.08343325289,9100.395534943409,0.0,9100.395534943409
IND,2025,AID_LOW__CONFLICT_INTERNAL_HIGH__CONFLICT_EXTERNAL_HIGH,Other,29083.68789830948,38184.08343325289,9100.395534943409,0.0,9100.395534943409
IND,2025,AID_LOW__CONFLICT_INTERNAL_HIGH__CONFLICT_EXTERNAL_LOW,Other,29083.68789830948,38184.08343325289,9100.395534943409,0.0,9100.395534943409
IND,2025,AID_LOW__CONFLICT_INTERNAL_LOW,Other,29083.68789830948,32117.153076623945,3033.4651783144686,0.0,3033.4651783144686
IND,2025,AID_LOW__CONFLICT_INTERNAL_LOW__CONFLICT_EXTERNAL_HIGH,Other,29083.68789830948,32117.153076623945,3033.4651783144686,0.0,3033.4651783144686
IND,2025,AID_LOW__CONFLICT_INTERNAL_LOW__CONFLICT_EXTERNAL_LOW,Other,29083.68789830948,32117.153076623945,3033.4651783144686,0.0,3033.4651783144686
IND,2025,CONFLICT_EXTERNAL_HIGH,Other,29083.68789830948,29083.68789830948,0.0,0.0,0.0
IND,2025,CONFLICT_EXTERNAL_LOW,Other,29083.68789830948,29083.68789830948,0.0,0.0,0.0
IND,2025,CONFLICT_INTERNAL_HIGH,Other,29083.68789830948,38184.08343325289,9100.395534943409,0.0,9100.395534943409
IND,2025,CONFLICT_INTERNAL_HIGH__CONFLICT_EXTERNAL_HIGH,Other,29083.68789830948,38184.08343325289,9100.395534943409,0.0,9100.395534943409
IND,2025,CONFLICT_INTERNAL_HIGH__CONFLICT_EXTERNAL_LOW,Other,29083.68789830948,38184.08343325289,9100.395534943409,0.0,9100.395534943409
IND,2025,CONFLICT_INTERNAL_LOW,Other,29083.68789830948,32117.153076623945,3033.4651783144686,0.0,3033.4651783144686
IND,2025,CONFLICT_INTERNAL_LOW__CONFLICT_EXTERNAL_HIGH,Other,29083.68789830948,32117.153076623945,3033.4651783144686,0.0,3033.4651783144686
IND,2025,CONFLICT_INTERNAL_LOW__CONFLICT_EXTERNAL_LOW,Other,29083.68789830948,32117.153076623945,3033.4651783144686,0.0,3033.4651783144686
IRL,2025,AID_HIGH,Other,36627.891952591286,36627.891952591286,0.0,0.0,0.0
IRL,2025,AID_HIGH__CONFLICT_EXTERNAL_HIGH,Other,36627.891952591286,36627.891952591286,0.0,0.0,0.0
IRL,2025,AID_HIGH__CONFLICT_EXTERNAL_LOW,Other,36627.891952591286,36627.891952591286,0.0,0.0,0.0
IRL,2025,AID_HIGH__CONFLICT_INTERNAL_HIGH,Other,36627.891952591286,54860.16122802239,18232.269275431103,0.0,18232.269275431103
IRL,2025,AID_HIGH__CONFLICT_INTERNAL_HIGH__CONFLICT_EXTERNAL_HIGH,Other,36627.891952591286,54860.16122802239,18232.269275431103,0.0,18232.269275431103
IRL,2025,AID_HIGH__CONFLICT_INTERNAL_HIGH__CONFLICT_EXTERNAL_LOW,Other,36627.891952591286,54860.16122802239,18232.269275431103,0.0,18232.269275431103
IRL,2025,AID_HIGH__CONFLICT_INTERNAL_LOW,Other,36627.891952591286,42705.31504440165,6077.423091810366,0.0,6077.423091810366
IRL,2025,AID_HIGH__CONFLICT_INTERNAL_LOW__CONFLICT_EXTERNAL_HIGH,Other,36627.891952591286,42705.31504440165,6077.423091810366,0.0,6077.423091810366
IRL,2025,AID_HIGH__CONFLICT_INTERNAL_LOW__CONFLICT_EXTERNAL_LOW,Other,36627.891952591286,42705.31504440165,6077.423091810366,0.0,6077.423091810366
IRL,2025,AID_LOW,Other,36627.891952591286,36627.891952591286,0.0,0.0,0.0
IRL,2025,AID_LOW__CONFLICT_EXTERNAL_HIGH,Other,36627.891952591286,36627.891952591286,0.0,0.0,0.0
IRL,2025,AID_LOW__CONFLICT_EXTERNAL_LOW,Other,36627.891952591286,36627.891952591286,0.0,0.0,0.0
IRL,2025,AID_LOW__CONFLICT_INTERNAL_HIGH,Other,36627.891952591286,54860.16122802239,18232.269275431103,0.0,18232.269275431103
IRL,2025,AID_LOW__CONFLICT_INTERNAL_HIGH__CONFLICT_EXTERNAL_HIGH,Other,36627.891952591286,54860.16122802239,18232.269275431103,0.0,18232.269275431103
IRL,2025,AID_LOW__CONFLICT_INTERNAL_HIGH__CONFLICT_EXTERNAL_LOW,Other,36627.891952591286,54860.16122802239,18232.269275431103,0.0,18232.269275431103
IRL,2025,AID_LOW__CONFLICT_INTERNAL_LOW,Other,36627.891952591286,42705.31504440165,6077.423091810366,0.0,6077.423091810366
IRL,2025,AID_LOW__CONFLICT_INTERNAL_LOW__CONFLICT_EXTERNAL_HIGH,Other,36627.891952591286,42705.31504440165,6077.423091810366,0.0,6077.423091810366
IRL,2025,AID_LOW__CONFLICT_INTERNAL_LOW__CONFLICT_EXTERNAL_LOW,Other,36627.891952591286,42705.31504440165,6077.423091810366,0.0,6077.423091810366
IRL,2025,CONFLICT_EXTERNAL_HIGH,Other,36627.891952591286,36627.891952591286,0.0,0.0,0.0
IRL,2025,CONFLICT_EXTERNAL_LOW,Other,36627.891952591286,36627.891952591286,0.0,0.0,0.0
IRL,2025,CONFLICT_INTERNAL_HIGH,Other,36627.891952591286,54860.16122802239,18232.269275431103,0.0,18232.269275431103
IRL,2025,CONFLICT_INTERNAL_HIGH__CONFLICT_EXTERNAL_HIGH,Other,36627.891952591286,54860.16122802239,18232.269275431103,0.0,18232.269275431103
IRL,2025,CONFLICT_INTERNAL_HIGH__CONFLICT_EXTERNAL_LOW,Other,36627.891952591286,54860.16122802239,18232.269275431103,0.0,18232.269275431103
IRL,2025,CONFLICT_INTERNAL_LOW,Other,36627.891952591286,42705.31504440165,6077.423091810366,0.0,6077.423091810366
IRL,2025,CONFLICT_INTERNAL_LOW__CONFLICT_EXTERNAL_HIGH,Other,36627.891952591286,42705.31504440165,6077.423091810366,0.0,6077.423091810366
IRL,2025,CONFLICT_INTERNAL_LOW__CONFLICT_EXTERNAL_LOW,Other,36627.891952591286,42705.31504440165,6077.423091810366,0.0,6077.423091810366
ISL,2025,AID_HIGH,Other,4693.523015837916,4693.523015837916,0.0,0.0,0.0
ISL,2025,AID_HIGH__CONFLICT_EXTERNAL_HIGH,Other,4693.523015837916,4693.523015837916,0.0,0.0,0.0
ISL,2025,AID_HIGH__CONFLICT_EXTERNAL_LOW,Other,4693.523015837916,4693.523015837916,0.0,0.0,0.0
ISL,2025,AID_HIGH__CONFLICT_INTERNAL_HIGH,Other,4693.523015837916,6673.343927666812,1979.8209118288962,0.0,1979.8209118288962
ISL,2025,AID_HIGH__CONFLICT_INTERNAL_HIGH__CONFLICT_EXTERNAL_HIGH,Other,4693.523015837916,6673.343927666812,1979.8209118288962,0.0,1979.8209118288962
ISL,2025,AID_HIGH__CONFLICT_INTERNAL_HIGH__CONFLICT_EXTERNAL_LOW,Other,4693.523015837916,6673.343927666812,1979.8209118288962,0.0,1979.8209118288962
ISL,2025,AID_HIGH__CONFLICT_INTERNAL_LOW,Other,4693.523015837916,5353.463319780882,659.9403039429652,0.0,659.9403039429652
ISL,2025,AID_HIGH__CONFLICT_INTERNAL_LOW__CONFLICT_EXTERNAL_HIGH,Other,4693.523015837916,5353.463319780882,659.9403039429652,0.0,659.9403039429652
ISL,2025,AID_HIGH__CONFLICT_INTERNAL_LOW__CONFLICT_EXTERNAL_LOW,Other,4693.523015837916,5353.463319780882,659.9403039429652,0.0,659.9403039429652
ISL,2025,AID_LOW,Other,4693.523015837916,4693.523015837916,0.0,0.0,0.0
ISL,2025,AID_LOW__CONFLICT_EXTERNAL_HIGH,Other,4693.523015837916,4693.523015837916,0.0,0.0,0.0
ISL,2025,AID_LOW__CONFLICT_EXTERNAL_LOW,Other,4693.523015837916,4693.523015837916,0.0,0.0,0.0
ISL,2025,AID_LOW__CONFLICT_INTERNAL_HIGH,Other,4693.523015837916,6673.343927666812,1979.8209118288962,0.0,1979.8209118288962
ISL,2025,AID_LOW__CONFLICT_INTERNAL_HIGH__CONFLICT_EXTERNAL_HIGH,Other,4693.523015837916,6673.343927666812,1979.8209118288962,0.0,1979.8209118288962
ISL,2025,AID_LOW__CONFLICT_INTERNAL_HIGH__CONFLICT_EXTERNAL_LOW,Other,4693.523015837916,6673.343927666812,1979.8209118288962,0.0,1979.8209118288962
ISL,2025,AID_LOW__CONFLICT_INTERNAL_LOW,Other,4693.523015837916,5353.463319780882,659.9403039429652,0.0,659.9403039429652
ISL,2025,AID_LOW__CONFLICT_INTERNAL_LOW__CONFLICT_EXTERNAL_HIGH,Other,4693.523015837916,5353.463319780882,659.9403039429652,0.0,659.9403039429652
ISL,2025,AID_LOW__CONFLICT_INTERNAL_LOW__CONFLICT_EXTERNAL_LOW,Other,4693.523015837916,5353.463319780882,659.9403039429652,0.0,659.9403039429652
ISL,2025,CONFLICT_EXTERNAL_HIGH,Other,4693.523015837916,4693.523015837916,0.0,0.0,0.0
ISL,2025,CONFLICT_EXTERNAL_LOW,Other,4693.523015837916,4693.523015837916,0.0,0.0,0.0
ISL,2025,CONFLICT_INTERNAL_HIGH,Other,4693.523015837916,6673.343927666812,1979.8209118288962,0.0,1979.8209118288962
ISL,2025,CONFLICT_INTERNAL_HIGH__CONFLICT_EXTERNAL_HIGH,Other,4693.523015837916,6673.343927666812,1979.8209118288962,0.0,1979.8209118288962
ISL,2025,CONFLICT_INTERNAL_HIGH__CONFLICT_EXTERNAL_LOW,Other,4693.523015837916,6673.343927666812,1979.8209118288962,0.0,1979.8209118288962
ISL,2025,CONFLICT_INTERNAL_LOW,Other,4693.523015837916,5353.463319780882,659.9403039429652,0.0,659.9403039429652
ISL,2025,CONFLICT_INTERNAL_LOW__CONFLICT_EXTERNAL_HIGH,Other,4693.523015837916,5353.463319780882,659.9403039429652,0.0,659.9403039429652
ISL,2025,CONFLICT_INTERNAL_LOW__CONFLICT_EXTERNAL_LOW,Other,4693.523015837916,5353.463319780882,659.9403039429652,0.0,659.9403039429652
ISR,2025,AID_HIGH,Other,101297.07017523525,101297.07017523525,0.0,0.0,0.0
ISR,2025,AID_HIGH__CONFLICT_EXTERNAL_HIGH,Other,101297.07017523525,101297.07017523525,0.0,0.0,0.0
ISR,2025,AID_HIGH__CONFLICT_EXTERNAL_LOW,Other,101297.07017523525,101297.07017523525,0.0,0.0,0.0
ISR,2025,AID_HIGH__CONFLICT_INTERNAL_HIGH,Other,101297.07017523525,150061.85980177572,48764.789626540485,0.0,48764.789626540485
ISR,2025,AID_HIGH__CONFLICT_INTERNAL_HIGH__CONFLICT_EXTERNAL_HIGH,Other,101297.07017523525,150061.85980177572,48764.789626540485,0.0,48764.789626540485
ISR,2025,AID_HIGH__CONFLICT_INTERNAL_HIGH__CONFLICT_EXTERNAL_LOW,Other,101297.07017523525,150061.85980177572,48764.789626540485,0.0,48764.789626540485
ISR,2025,AID_HIGH__CONFLICT_INTERNAL_LOW,Other,101297.07017523525,117552.00005074873,16254.929875513488,0.0,16254.929875513488
ISR,2025,AID_HIGH__CONFLICT_INTERNAL_LOW__CONFLICT_EXTERNAL_HIGH,Other,101297.07017523525,117552.00005074873,16254.929875513488,0.0,16254.929875513488
ISR,2025,AID_HIGH__CONFLICT_INTERNAL_LOW__CONFLICT_EXTERNAL_LOW,Other,101297.07017523525,117552.00005074873,16254.929875513488,0.0,16254.929875513488
ISR,2025,AID_LOW,Other,101297.07017523525,101297.07017523525,0.0,0.0,0.0
ISR,2025,AID_LOW__CONFLICT_EXTERNAL_HIGH,Other,101297.07017523525,101297.07017523525,0.0,0.0,0.0
ISR,2025,AID_LOW__CONFLICT_EXTERNAL_LOW,Other,101297.07017523525,101297.07017523525,0.0,0.0,0.0
ISR,2025,AID_LOW__CONFLICT_INTERNAL_HIGH,Other,101297.07017523525,150061.85980177572,48764.789626540485,0.0,48764.789626540485
ISR,2025,AID_LOW__CONFLICT_INTERNAL_HIGH__CONFLICT_EXTERNAL_HIGH,Other,101297.07017523525,150061.85980177572,48764.789626540485,0.0,48764.789626540485
ISR,2025,AID_LOW__CONFLICT_INTERNAL_HIGH__CONFLICT_EXTERNAL_LOW,Other,101297.07017523525,150061.85980177572,48764.789626540485,0.0,48764.789626540485
ISR,2025,AID_LOW__CONFLICT_INTERNAL_LOW,Other,101297.07017523525,117552.00005074873,16254.929875513488,0.0,16254.929875513488
ISR,2025,AID_LOW__CONFLICT_INTERNAL_LOW__CONFLICT_EXTERNAL_HIGH,Other,101297.07017523525,117552.00005074873,16254.929875513488,0.0,16254.929875513488
ISR,2025,AID_LOW__CONFLICT_INTERNAL_LOW__CONFLICT_EXTERNAL_LOW,Other,101297.07017523525,117552.00005074873,16254.929875513488,0.0,16254.929875513488
ISR,2025,CONFLICT_EXTERNAL_HIGH,Other,101297.07017523525,101297.07017523525,0.0,0.0,0.0
ISR,2025,CONFLICT_EXTERNAL_LOW,Other,101297.07017523525,101297.07017523525,0.0,0.0,0.0
ISR,2025,CONFLICT_INTERNAL_HIGH,Other,101297.07017523525,150061.85980177572,48764.789626540485,0.0,48764.789626540485
ISR,2025,CONFLICT_INTERNAL_HIGH__CONFLICT_EXTERNAL_HIGH,Other,101297.07017523525,150061.85980177572,48764.789626540485,0.0,48764.789626540485
ISR,2025,CONFLICT_INTERNAL_HIGH__CONFLICT_EXTERNAL_LOW,Other,101297.07017523525,150061.85980177572,48764.789626540485,0.0,48764.789626540485
ISR,2025,CONFLICT_INTERNAL_LOW,Other,101297.07017523525,117552.00005074873,16254.929875513488,0.0,16254.929875513488
ISR,2025,CONFLICT_INTERNAL_LOW__CONFLICT_EXTERNAL_HIGH,Other,101297.07017523525,117552.00005074873,16254.929875513488,0.0,16254.929875513488
ISR,2025,CONFLICT_INTERNAL_LOW__CONFLICT_EXTERNAL_LOW,Other,101297.07017523525,117552.00005074873,16254.929875513488,0.0,16254.929875513488
ITA,2025,AID_HIGH,Other,56765.74977664299,56765.74977664299,0.0,0.0,0.0
ITA,2025,AID_HIGH__CONFLICT_EXTERNAL_HIGH,Other,56765.74977664299,56765.74977664299,0.0,0.0,0.0
ITA,2025,AID_HIGH__CONFLICT_EXTERNAL_LOW,Other,56765.74977664299,56765.74977664299,0.0,0.0,0.0
ITA,2025,AID_HIGH__CONFLICT_INTERNAL_HIGH,Other,56765.74977664299,82428.63087440144,25662.881097758454,0.0,25662.881097758454
ITA,2025,AID_HIGH__CONFLICT_INTERNAL_HIGH__CONFLICT_EXTERNAL_HIGH,Other,56765.74977664299,82428.63087440144,25662.881097758454,0.0,25662.881097758454
ITA,2025,AID_HIGH__CONFLICT_INTERNAL_HIGH__CONFLICT_EXTERNAL_LOW,Other,56765.74977664299,82428.63087440144,25662.881097758454,0.0,25662.881097758454
ITA,2025,AID_HIGH__CONFLICT_INTERNAL_LOW,Other,56765.74977664299,65320.0434758958,8554.293699252818,0.0,8554.293699252818
ITA,2025,AID_HIGH__CONFLICT_INTERNAL_LOW__CONFLICT_EXTERNAL_HIGH,Other,56765.74977664299,65320.0434758958,8554.293699252818,0.0,8554.293699252818
ITA,2025,AID_HIGH__CONFLICT_INTERNAL_LOW__CONFLICT_EXTERNAL_LOW,Other,56765.74977664299,65320.0434758958,8554.293699252818,0.0,8554.293699252818
ITA,2025,AID_LOW,Other,56765.74977664299,56765.74977664299,0.0,0.0,0.0
ITA,2025,AID_LOW__CONFLICT_EXTERNAL_HIGH,Other,56765.74977664299,56765.74977664299,0.0,0.0,0.0
ITA,2025,AID_LOW__CONFLICT_EXTERNAL_LOW,Other,56765.74977664299,56765.74977664299,0.0,0.0,0.0
ITA,2025,AID_LOW__CONFLICT_INTERNAL_HIGH,Other,56765.74977664299,82428.63087440144,25662.881097758454,0.0,25662.881097758454
ITA,2025,AID_LOW__CONFLICT_INTERNAL_HIGH__CONFLICT_EXTERNAL_HIGH,Other,56765.74977664299,82428.63087440144,25662.881097758454,0.0,25662.881097758454
ITA,2025,AID_LOW__CONFLICT_INTERNAL_HIGH__CONFLICT_EXTERNAL_LOW,Other,56765.74977664299,82428.63087440144,25662.881097758454,0.0,25662.881097758454
ITA,2025,AID_LOW__CONFLICT_INTERNAL_LOW,Other,56765.74977664299,65320.0434758958,8554.293699252818,0.0,8554.293699252818
ITA,2025,AID_LOW__CONFLICT_INTERNAL_LOW__CONFLICT_EXTERNAL_HIGH,Other,56765.74977664299,65320.0434758958,8554.293699252818,0.0,8554.293699252818
ITA,2025,AID_LOW__CONFLICT_INTERNAL_LOW__CONFLICT_EXTERNAL_LOW,Other,56765.74977664299,65320.0434758958,8554.293699252818,0.0,8554.293699252818
ITA,2025,CONFLICT_EXTERNAL_HIGH,Other,56765.74977664299,56765.74977664299,0.0,0.0,0.0
ITA,2025,CONFLICT_EXTERNAL_LOW,Other,56765.74977664299,56765.74977664299,0.0,0.0,0.0
ITA,2025,CONFLICT_INTERNAL_HIGH,Other,56765.74977664299,82428.63087440144,25662.881097758454,0.0,25662.881097758454
ITA,2025,CONFLICT_INTERNAL_HIGH__CONFLICT_EXTERNAL_HIGH,Other,56765.74977664299,82428.63087440144,25662.881097758454,0.0,25662.881097758454
ITA,2025,CONFLICT_INTERNAL_HIGH__CONFLICT_EXTERNAL_LOW,Other,56765.74977664299,82428.63087440144,25662.881097758454,0.0,25662.881097758454
ITA,2025,CONFLICT_INTERNAL_LOW,Other,56765.74977664299,65320.0434758958,8554.293699252818,0.0,8554.293699252818
ITA,2025,CONFLICT_INTERNAL_LOW__CONFLICT_EXTERNAL_HIGH,Other,56765.74977664299,65320.0434758958,8554.293699252818,0.0,8554.293699252818
ITA,2025,CONFLICT_INTERNAL_LOW__CONFLICT_EXTERNAL_LOW,Other,56765.74977664299,65320.0434758958,8554.293699252818,0.0,8554.293699252818
JAM,2025,AID_HIGH,Other,6395.010027463424,6395.010027463424,0.0,0.0,0.0
JAM,2025,AID_HIGH__CONFLICT_EXTERNAL_HIGH,Other,6395.010027463424,6395.010027463424,0.0,0.0,0.0
JAM,2025,AID_HIGH__CONFLICT_EXTERNAL_LOW,Other,6395.010027463424,6395.010027463424,0.0,0.0,0.0
JAM,2025,AID_HIGH__CONFLICT_INTERNAL_HIGH,Other,6395.010027463424,9630.018177645727,3235.008150182303,0.0,3235.008150182303
JAM,2025,AID_HIGH__CONFLICT_INTERNAL_HIGH__CONFLICT_EXTERNAL_HIGH,Other,6395.010027463424,9630.018177645727,3235.008150182303,0.0,3235.008150182303
JAM,2025,AID_HIGH__CONFLICT_INTERNAL_HIGH__CONFLICT_EXTERNAL_LOW,Other,6395.010027463424,9630.018177645727,3235.008150182303,0.0,3235.008150182303
JAM,2025,AID_HIGH__CONFLICT_INTERNAL_LOW,Other,6395.010027463424,7473.346077524191,1078.3360500607673,0.0,1078.3360500607673
JAM,2025,AID_HIGH__CONFLICT_INTERNAL_LOW__CONFLICT_EXTERNAL_HIGH,Other,6395.010027463424,7473.346077524191,1078.3360500607673,0.0,1078.3360500607673
JAM,2025,AID_HIGH__CONFLICT_INTERNAL_LOW__CONFLICT_EXTERNAL_LOW,Other,6395.010027463424,7473.346077524191,1078.3360500607673,0.0,1078.3360500607673
JAM,2025,AID_LOW,Other,6395.010027463424,6395.010027463424,0.0,0.0,0.0
JAM,2025,AID_LOW__CONFLICT_EXTERNAL_HIGH,Other,6395.010027463424,6395.010027463424,0.0,0.0,0.0
JAM,2025,AID_LOW__CONFLICT_EXTERNAL_LOW,Other,6395.010027463424,6395.010027463424,0.0,0.0,0.0
JAM,2025,AID_LOW__CONFLICT_INTERNAL_HIGH,Other,6395.010027463424,9630.018177645727,3235.008150182303,0.0,3235.008150182303
JAM,2025,AID_LOW__CONFLICT_INTERNAL_HIGH__CONFLICT_EXTERNAL_HIGH,Other,6395.010027463424,9630.018177645727,3235.008150182303,0.0,3235.008150182303
JAM,2025,AID_LOW__CONFLICT_INTERNAL_HIGH__CONFLICT_EXTERNAL_LOW,Other,6395.010027463424,9630.018177645727,3235.008150182303,0.0,3235.008150182303
JAM,2025,AID_LOW__CONFLICT_INTERNAL_LOW,Other,6395.010027463424,7473.346077524191,1078.3360500607673,0.0,1078.3360500607673
JAM,2025,AID_LOW__CONFLICT_INTERNAL_LOW__CONFLICT_EXTERNAL_HIGH,Other,6395.010027463424,7473.346077524191,1078.3360500607673,0.0,1078.3360500607673
JAM,2025,AID_LOW__CONFLICT_INTERNAL_LOW__CONFLICT_EXTERNAL_LOW,Other,6395.010027463424,7473.346077524191,1078.3360500607673,0.0,1078.3360500607673
JAM,2025,CONFLICT_EXTERNAL_HIGH,Other,6395.010027463424,6395.010027463424,0.0,0.0,0.0
JAM,2025,CONFLICT_EXTERNAL_LOW,Other,6395.010027463424,6395.010027463424,0.0,0.0,0.0
JAM,2025,CONFLICT_INTERNAL_HIGH,Other,6395.010027463424,9630.018177645727,3235.008150182303,0.0,3235.008150182303
JAM,2025,CONFLICT_INTERNAL_HIGH__CONFLICT_EXTERNAL_HIGH,Other,6395.010027463424,9630.018177645727,3235.008150182303,0.0,3235.008150182303
JAM,2025,CONFLICT_INTERNAL_HIGH__CONFLICT_EXTERNAL_LOW,Other,6395.010027463424,9630.018177645727,3235.008150182303,0.0,3235.008150182303
JAM,2025,CONFLICT_INTERNAL_LOW,Other,6395.010027463424,7473.346077524191,1078.3360500607673,0.0,1078.3360500607673
JAM,2025,CONFLICT_INTERNAL_LOW__CONFLICT_EXTERNAL_HIGH,Other,6395.010027463424,7473.346077524191,1078.3360500607673,0.0,1078.3360500607673
JAM,2025,CONFLICT_INTERNAL_LOW__CONFLICT_EXTERNAL_LOW,Other,6395.010027463424,7473.346077524191,1078.3360500607673,0.0,1078.3360500607673
JPN,2025,AID_HIGH,Other,239487.3900543726,239487.3900543726,0.0,0.0,0.0
JPN,2025,AID_HIGH__CONFLICT_EXTERNAL_HIGH,Other,239487.3900543726,239487.3900543726,0.0,0.0,0.0
JPN,2025,AID_HIGH__CONFLICT_EXTERNAL_LOW,Other,239487.3900543726,239487.3900543726,0.0,0.0,0.0
JPN,2025,AID_HIGH__CONFLICT_INTERNAL_HIGH,Other,239487.3900543726,273934.51653149223,34447.12647711959,0.0,34447.12647711959
JPN,2025,AID_HIGH__CONFLICT_INTERNAL_HIGH__CONFLICT_EXTERNAL_HIGH,Other,239487.3900543726,273934.51653149223,34447.12647711959,0.0,34447.12647711959
JPN,2025,AID_HIGH__CONFLICT_INTERNAL_HIGH__CONFLICT_EXTERNAL_LOW,Other,239487.3900543726,273934.51653149223,34447.12647711959,0.0,34447.12647711959
JPN,2025,AID_HIGH__CONFLICT_INTERNAL_LOW,Other,239487.3900543726,250969.7655467458,11482.375492373196,0.0,11482.375492373196
JPN,2025,AID_HIGH__CONFLICT_INTERNAL_LOW__CONFLICT_EXTERNAL_HIGH,Other,239487.3900543726,250969.7655467458,11482.375492373196,0.0,11482.375492373196
JPN,2025,AID_HIGH__CONFLICT_INTERNAL_LOW__CONFLICT_EXTERNAL_LOW,Other,239487.3900543726,250969.7655467458,11482.375492373196,0.0,11482.375492373196
JPN,2025,AID_LOW,Other,239487.3900543726,239487.3900543726,0.0,0.0,0.0
JPN,2025,AID_LOW__CONFLICT_EXTERNAL_HIGH,Other,239487.3900543726,239487.3900543726,0.0,0.0,0.0
JPN,2025,AID_LOW__CONFLICT_EXTERNAL_LOW,Other,239487.3900543726,239487.3900543726,0.0,0.0,0.0
JPN,2025,AID_LOW__CONFLICT_INTERNAL_HIGH,Other,239487.3900543726,273934.51653149223,34447.12647711959,0.0,34447.12647711959
JPN,2025,AID_LOW__CONFLICT_INTERNAL_HIGH__CONFLICT_EXTERNAL_HIGH,Other,239487.3900543726,273934.51653149223,34447.12647711959,0.0,34447.12647711959
JPN,2025,AID_LOW__CONFLICT_INTERNAL_HIGH__CONFLICT_EXTERNAL_LOW,Other,239487.3900543726,273934.51653149223,34447.12647711959,0.0,34447.12647711959
JPN,2025,AID_LOW__CONFLICT_INTERNAL_LOW,Other,239487.3900543726,250969.7655467458,11482.375492373196,0.0,11482.375492373196
JPN,2025,AID_LOW__CONFLICT_INTERNAL_LOW__CONFLICT_EXTERNAL_HIGH,Other,239487.3900543726,250969.7655467458,11482.375492373196,0.0,11482.375492373196
JPN,2025,AID_LOW__CONFLICT_INTERNAL_LOW__CONFLICT_EXTERNAL_LOW,Other,239487.3900543726,250969.7655467458,11482.375492373196,0.0,11482.375492373196
JPN,2025,CONFLICT_EXTERNAL_HIGH,Other,239487.3900543726,239487.3900543726,0.0,0.0,0.0
JPN,2025,CONFLICT_EXTERNAL_LOW,Other,239487.3900543726,239487.3900543726,0.0,0.0,0.0
JPN,2025,CONFLICT_INTERNAL_HIGH,Other,239487.3900543726,273934.51653149223,34447.12647711959,0.0,34447.12647711959
JPN,2025,CONFLICT_INTERNAL_HIGH__CONFLICT_EXTERNAL_HIGH,Other,239487.3900543726,273934.51653149223,34447.12647711959,0.0,34447.12647711959
JPN,2025,CONFLICT_INTERNAL_HIGH__CONFLICT_EXTERNAL_LOW,Other,239487.3900543726,273934.51653149223,34447.12647711959,0.0,34447.12647711959
JPN,2025,CONFLICT_INTERNAL_LOW,Other,239487.3900543726,250969.7655467458,11482.375492373196,0.0,11482.375492373196
JPN,2025,CONFLICT_INTERNAL_LOW__CONFLICT_EXTERNAL_HIGH,Other,239487.3900543726,250969.7655467458,11482.375492373196,0.0,11482.375492373196
JPN,2025,CONFLICT_INTERNAL_LOW__CONFLICT_EXTERNAL_LOW,Other,239487.3900543726,250969.7655467458,11482.375492373196,0.0,11482.375492373196
KAZ,2025,AID_HIGH,Other,657.8052523584499,657.8052523584499,0.0,0.0,0.0
KAZ,2025,AID_HIGH__CONFLICT_EXTERNAL_HIGH,Other,657.8052523584499,657.8052523584499,0.0,0.0,0.0
KAZ,2025,AID_HIGH__CONFLICT_EXTERNAL_LOW,Other,657.8052523584499,657.8052523584499,0.0,0.0,0.0
KAZ,2025,AID_HIGH__CONFLICT_INTERNAL_HIGH,Other,657.8052523584499,994.743484987442,336.93823262899207,0.0,336.93823262899207
KAZ,2025,AID_HIGH__CONFLICT_INTERNAL_HIGH__CONFLICT_EXTERNAL_HIGH,Other,657.8052523584499,994.743484987442,336.93823262899207,0.0,336.93823262899207
KAZ,2025,AID_HIGH__CONFLICT_INTERNAL_HIGH__CONFLICT_EXTERNAL_LOW,Other,657.8052523584499,994.743484987442,336.93823262899207,0.0,336.93823262899207
KAZ,2025,AID_HIGH__CONFLICT_INTERNAL_LOW,Other,657.8052523584499,770.1179965681139,112.31274420966399,0.0,112.31274420966399
KAZ,2025,AID_HIGH__CONFLICT_INTERNAL_LOW__CONFLICT_EXTERNAL_HIGH,Other,657.8052523584499,770.1179965681139,112.31274420966399,0.0,112.31274420966399
KAZ,2025,AID_HIGH__CONFLICT_INTERNAL_LOW__CONFLICT_EXTERNAL_LOW,Other,657.8052523584499,770.1179965681139,112.31274420966399,0.0,112.31274420966399
KAZ,2025,AID_LOW,Other,657.8052523584499,657.8052523584499,0.0,0.0,0.0
KAZ,2025,AID_LOW__CONFLICT_EXTERNAL_HIGH,Other,657.8052523584499,657.8052523584499,0.0,0.0,0.0
KAZ,2025,AID_LOW__CONFLICT_EXTERNAL_LOW,Other,657.8052523584499,657.8052523584499,0.0,0.0,0.0
KAZ,2025,AID_LOW__CONFLICT_INTERNAL_HIGH,Other,657.8052523584499,994.743484987442,336.93823262899207,0.0,336.93823262899207
KAZ,2025,AID_LOW__CONFLICT_INTERNAL_HIGH__CONFLICT_EXTERNAL_HIGH,Other,657.8052523584499,994.743484987442,336.93823262899207,0.0,336.93823262899207
KAZ,2025,AID_LOW__CONFLICT_INTERNAL_HIGH__CONFLICT_EXTERNAL_LOW,Other,657.8052523584499,994.743484987442,336.93823262899207,0.0,336.93823262899207
KAZ,2025,AID_LOW__CONFLICT_INTERNAL_LOW,Other,657.8052523584499,770.1179965681139,112.31274420966399,0.0,112.31274420966399
KAZ,2025,AID_LOW__CONFLICT_INTERNAL_LOW__CONFLICT_EXTERNAL_HIGH,Other,657.8052523584499,770.1179965681139,112.31274420966399,0.0,112.31274420966399
KAZ,2025,AID_LOW__CONFLICT_INTERNAL_LOW__CONFLICT_EXTERNAL_LOW,Other,657.8052523584499,770.1179965681139,112.31274420966399,0.0,112.31274420966399
KAZ,2025,CONFLICT_EXTERNAL_HIGH,Other,657.8052523584499,657.8052523584499,0.0,0.0,0.0
KAZ,2025,CONFLICT_EXTERNAL_LOW,Other,657.8052523584499,657.8052523584499,0.0,0.0,0.0
KAZ,2025,CONFLICT_INTERNAL_HIGH,Other,657.8052523584499,994.743484987442,336.93823262899207,0.0,336.93823262899207
KAZ,2025,CONFLICT_INTERNAL_HIGH__CONFLICT_EXTERNAL_HIGH,Other,657.8052523584499,994.743484987442,336.93823262899207,0.0,336.93823262899207
KAZ,2025,CONFLICT_INTERNAL_HIGH__CONFLICT_EXTERNAL_LOW,Other,657.8052523584499,994.743484987442,336.93823262899207,0.0,336.93823262899207
KAZ,2025,CONFLICT_INTERNAL_LOW,Other,657.8052523584499,770.1179965681139,112.31274420966399,0.0,112.31274420966399
KAZ,2025,CONFLICT_INTERNAL_LOW__CONFLICT_EXTERNAL_HIGH,Other,657.8052523584499,770.1179965681139,112.31274420966399,0.0,112.31274420966399
KAZ,2025,CONFLICT_INTERNAL_LOW__CONFLICT_EXTERNAL_LOW,Other,657.8052523584499,770.1179965681139,112.31274420966399,0.0,112.31274420966399
KHM,2025,AID_HIGH,Other,541.1034758824961,541.1034758824961,0.0,0.0,0.0
KHM,2025,AID_HIGH__CONFLICT_EXTERNAL_HIGH,Other,541.1034758824961,541.1034758824961,0.0,0.0,0.0
KHM,2025,AID_HIGH__CONFLICT_EXTERNAL_LOW,Other,541.1034758824961,541.1034758824961,0.0,0.0,0.0
KHM,2025,AID_HIGH__CONFLICT_INTERNAL_HIGH,Other,541.1034758824961,665.6616556708352,124.55817978833903,0.0,124.55817978833903
KHM,2025,AID_HIGH__CONFLICT_INTERNAL_HIGH__CONFLICT_EXTERNAL_HIGH,Other,541.1034758824961,665.6616556708352,124.55817978833903,0.0,124.55817978833903
KHM,2025,AID_HIGH__CONFLICT_INTERNAL_HIGH__CONFLICT_EXTERNAL_LOW,Other,541.1034758824961,665.6616556708352,124.55817978833903,0.0,124.55817978833903
KHM,2025,AID_HIGH__CONFLICT_INTERNAL_LOW,Other,541.1034758824961,582.6228691452758,41.51939326277966,0.0,41.51939326277966
KHM,2025,AID_HIGH__CONFLICT_INTERNAL_LOW__CONFLICT_EXTERNAL_HIGH,Other,541.1034758824961,582.6228691452758,41.51939326277966,0.0,41.51939326277966
KHM,2025,AID_HIGH__CONFLICT_INTERNAL_LOW__CONFLICT_EXTERNAL_LOW,Other,541.1034758824961,582.6228691452758,41.51939326277966,0.0,41.51939326277966
KHM,2025,AID_LOW,Other,541.1034758824961,541.1034758824961,0.0,0.0,0.0
KHM,2025,AID_LOW__CONFLICT_EXTERNAL_HIGH,Other,541.1034758824961,541.1034758824961,0.0,0.0,0.0
KHM,2025,AID_LOW__CONFLICT_EXTERNAL_LOW,Other,541.1034758824961,541.1034758824961,0.0,0.0,0.0
KHM,2025,AID_LOW__CONFLICT_INTERNAL_HIGH,Other,541.1034758824961,665.6616556708352,124.55817978833903,0.0,124.55817978833903
KHM,2025,AID_LOW__CONFLICT_INTERNAL_HIGH__CONFLICT_EXTERNAL_HIGH,Other,541.1034758824961,665.6616556708352,124.55817978833903,0.0,124.55817978833903
KHM,2025,AID_LOW__CONFLICT_INTERNAL_HIGH__CONFLICT_EXTERNAL_LOW,Other,541.1034758824961,665.6616556708352,124.55817978833903,0.0,124.55817978833903
KHM,2025,AID_LOW__CONFLICT_INTERNAL_LOW,Other,541.1034758824961,582.6228691452758,41.51939326277966,0.0,41.51939326277966
KHM,2025,AID_LOW__CONFLICT_INTERNAL_LOW__CONFLICT_EXTERNAL_HIGH,Other,541.1034758824961,582.6228691452758,41.51939326277966,0.0,41.51939326277966
KHM,2025,AID_LOW__CONFLICT_INTERNAL_LOW__CONFLICT_EXTERNAL_LOW,Other,541.1034758824961,582.6228691452758,41.51939326277966,0.0,41.51939326277966
KHM,2025,CONFLICT_EXTERNAL_HIGH,Other,541.1034758824961,541.1034758824961,0.0,0.0,0.0
KHM,2025,CONFLICT_EXTERNAL_LOW,Other,541.1034758824961,541.1034758824961,0.0,0.0,0.0
KHM,2025,CONFLICT_INTERNAL_HIGH,Other,541.1034758824961,665.6616556708352,124.55817978833903,0.0,124.55817978833903
KHM,2025,CONFLICT_INTERNAL_HIGH__CONFLICT_EXTERNAL_HIGH,Other,541.1034758824961,665.6616556708352,124.55817978833903,0.0,124.55817978833903
KHM,2025,CONFLICT_INTERNAL_HIGH__CONFLICT_EXTERNAL_LOW,Other,541.1034758824961,665.6616556708352,124.55817978833903,0.0,124.55817978833903
KHM,2025,CONFLICT_INTERNAL_LOW,Other,541.1034758824961,582.6228691452758,41.51939326277966,0.0,41.51939326277966
KHM,2025,CONFLICT_INTERNAL_LOW__CONFLICT_EXTERNAL_HIGH,Other,541.1034758824961,582.6228691452758,41.51939326277966,0.0,41.51939326277966
KHM,2025,CONFLICT_INTERNAL_LOW__CONFLICT_EXTERNAL_LOW,Other,541.1034758824961,582.6228691452758,41.51939326277966,0.0,41.51939326277966
KIR,2025,AID_HIGH,Other,43.53371437067165,43.53371437067165,0.0,0.0,0.0
KIR,2025,AID_HIGH__CONFLICT_EXTERNAL_HIGH,Other,43.53371437067165,43.53371437067165,0.0,0.0,0.0
KIR,2025,AID_HIGH__CONFLICT_EXTERNAL_LOW,Other,43.53371437067165,43.53371437067165,0.0,0.0,0.0
KIR,2025,AID_HIGH__CONFLICT_INTERNAL_HIGH,Other,43.53371437067165,65.59514626900167,22.061431898330024,0.0,22.061431898330024
KIR,2025,AID_HIGH__CONFLICT_INTERNAL_HIGH__CONFLICT_EXTERNAL_HIGH,Other,43.53371437067165,65.59514626900167,22.061431898330024,0.0,22.061431898330024
KIR,2025,AID_HIGH__CONFLICT_INTERNAL_HIGH__CONFLICT_EXTERNAL_LOW,Other,43.53371437067165,65.59514626900167,22.061431898330024,0.0,22.061431898330024
KIR,2025,AID_HIGH__CONFLICT_INTERNAL_LOW,Other,43.53371437067165,50.887525003448324,7.353810632776673,0.0,7.353810632776673
KIR,2025,AID_HIGH__CONFLICT_INTERNAL_LOW__CONFLICT_EXTERNAL_HIGH,Other,43.53371437067165,50.887525003448324,7.353810632776673,0.0,7.353810632776673
KIR,2025,AID_HIGH__CONFLICT_INTERNAL_LOW__CONFLICT_EXTERNAL_LOW,Other,43.53371437067165,50.887525003448324,7.353810632776673,0.0,7.353810632776673
KIR,2025,AID_LOW,Other,43.53371437067165,43.53371437067165,0.0,0.0,0.0
KIR,2025,AID_LOW__CONFLICT_EXTERNAL_HIGH,Other,43.53371437067165,43.53371437067165,0.0,0.0,0.0
KIR,2025,AID_LOW__CONFLICT_EXTERNAL_LOW,Other,43.53371437067165,43.53371437067165,0.0,0.0,0.0
KIR,2025,AID_LOW__CONFLICT_INTERNAL_HIGH,Other,43.53371437067165,65.59514626900167,22.061431898330024,0.0,22.061431898330024
KIR,2025,AID_LOW__CONFLICT_INTERNAL_HIGH__CONFLICT_EXTERNAL_HIGH,Other,43.53371437067165,65.59514626900167,22.061431898330024,0.0,22.061431898330024
KIR,2025,AID_LOW__CONFLICT_INTERNAL_HIGH__CONFLICT_EXTERNAL_LOW,Other,43.53371437067165,65.59514626900167,22.061431898330024,0.0,22.061431898330024
KIR,2025,AID_LOW__CONFLICT_INTERNAL_LOW,Other,43.53371437067165,50.887525003448324,7.353810632776673,0.0,7.353810632776673
KIR,2025,AID_LOW__CONFLICT_INTERNAL_LOW__CONFLICT_EXTERNAL_HIGH,Other,43.53371437067165,50.887525003448324,7.353810632776673,0.0,7.353810632776673
KIR,2025,AID_LOW__CONFLICT_INTERNAL_LOW__CONFLICT_EXTERNAL_LOW,Other,43.53371437067165,50.887525003448324,7.353810632776673,0.0,7.353810632776673
KIR,2025,CONFLICT_EXTERNAL_HIGH,Other,43.53371437067165,43.53371437067165,0.0,0.0,0.0
KIR,2025,CONFLICT_EXTERNAL_LOW,Other,43.53371437067165,43.53371437067165,0.0,0.0,0.0
KIR,2025,CONFLICT_INTERNAL_HIGH,Other,43.53371437067165,65.59514626900167,22.061431898330024,0.0,22.061431898330024
KIR,2025,CONFLICT_INTERNAL_HIGH__CONFLICT_EXTERNAL_HIGH,Other,43.53371437067165,65.59514626900167,22.061431898330024,0.0,22.061431898330024
KIR,2025,CONFLICT_INTERNAL_HIGH__CONFLICT_EXTERNAL_LOW,Other,43.53371437067165,65.59514626900167,22.061431898330024,0.0,22.061431898330024
KIR,2025,CONFLICT_INTERNAL_LOW,Other,43.53371437067165,50.887525003448324,7.353810632776673,0.0,7.353810632776673
KIR,2025,CONFLICT_INTERNAL_LOW__CONFLICT_EXTERNAL_HIGH,Other,43.53371437067165,50.887525003448324,7.353810632776673,0.0,7.353810632776673
KIR,2025,CONFLICT_INTERNAL_LOW__CONFLICT_EXTERNAL_LOW,Other,43.53371437067165,50.887525003448324,7.353810632776673,0.0,7.353810632776673
KOR,2025,AID_HIGH,Other,82507.69166969747,82507.69166969747,0.0,0.0,0.0
KOR,2025,AID_HIGH__CONFLICT_EXTERNAL_HIGH,Other,82507.69166969747,82507.69166969747,0.0,0.0,0.0
KOR,2025,AID_HIGH__CONFLICT_EXTERNAL_LOW,Other,82507.69166969747,82507.69166969747,0.0,0.0,0.0
KOR,2025,AID_HIGH__CONFLICT_INTERNAL_HIGH,Other,82507.69166969747,109614.91689208966,27107.2252223922,0.0,27107.2252223922
KOR,2025,AID_HIGH__CONFLICT_INTERNAL_HIGH__CONFLICT_EXTERNAL_HIGH,Other,82507.69166969747,109614.91689208966,27107.2252223922,0.0,27107.2252223922
KOR,2025,AID_HIGH__CONFLICT_INTERNAL_HIGH__CONFLICT_EXTERNAL_LOW,Other,82507.69166969747,109614.91689208966,27107.2252223922,0.0,27107.2252223922
KOR,2025,AID_HIGH__CONFLICT_INTERNAL_LOW,Other,82507.69166969747,91543.43341049486,9035.741740797397,0.0,9035.741740797397
KOR,2025,AID_HIGH__CONFLICT_INTERNAL_LOW__CONFLICT_EXTERNAL_HIGH,Other,82507.69166969747,91543.43341049486,9035.741740797397,0.0,9035.741740797397
KOR,2025,AID_HIGH__CONFLICT_INTERNAL_LOW__CONFLICT_EXTERNAL_LOW,Other,82507.69166969747,91543.43341049486,9035.741740797397,0.0,9035.741740797397
KOR,2025,AID_LOW,Other,82507.69166969747,82507.69166969747,0.0,0.0,0.0
KOR,2025,AID_LOW__CONFLICT_EXTERNAL_HIGH,Other,82507.69166969747,82507.69166969747,0.0,0.0,0.0
KOR,2025,AID_LOW__CONFLICT_EXTERNAL_LOW,Other,82507.69166969747,82507.69166969747,0.0,0.0,0.0
KOR,2025,AID_LOW__CONFLICT_INTERNAL_HIGH,Other,82507.69166969747,109614.91689208966,27107.2252223922,0.0,27107.2252223922
KOR,2025,AID_LOW__CONFLICT_INTERNAL_HIGH__CONFLICT_EXTERNAL_HIGH,Other,82507.69166969747,109614.91689208966,27107.2252223922,0.0,27107.2252223922
KOR,2025,AID_LOW__CONFLICT_INTERNAL_HIGH__CONFLICT_EXTERNAL_LOW,Other,82507.69166969747,109614.91689208966,27107.2252223922,0.0,27107.2252223922
KOR,2025,AID_LOW__CONFLICT_INTERNAL_LOW,Other,82507.69166969747,91543.43341049486,9035.741740797397,0.0,9035.741740797397
KOR,2025,AID_LOW__CONFLICT_INTERNAL_LOW__CONFLICT_EXTERNAL_HIGH,Other,82507.69166969747,91543.43341049486,9035.741740797397,0.0,9035.741740797397
KOR,2025,AID_LOW__CONFLICT_INTERNAL_LOW__CONFLICT_EXTERNAL_LOW,Other,82507.69166969747,91543.43341049486,9035.741740797397,0.0,9035.741740797397
KOR,2025,CONFLICT_EXTERNAL_HIGH,Other,82507.69166969747,82507.69166969747,0.0,0.0,0.0
KOR,2025,CONFLICT_EXTERNAL_LOW,Other,82507.69166969747,82507.69166969747,0.0,0.0,0.0
KOR,2025,CONFLICT_INTERNAL_HIGH,Other,82507.69166969747,109614.91689208966,27107.2252223922,0.0,27107.2252223922
KOR,2025,CONFLICT_INTERNAL_HIGH__CONFLICT_EXTERNAL_HIGH,Other,82507.69166969747,109614.91689208966,27107.2252223922,0.0,27107.2252223922
KOR,2025,CONFLICT_INTERNAL_HIGH__CONFLICT_EXTERNAL_LOW,Other,82507.69166969747,109614.91689208966,27107.2252223922,0.0,27107.2252223922
KOR,2025,CONFLICT_INTERNAL_LOW,Other,82507.69166969747,91543.43341049486,9035.741740797397,0.0,9035.741740797397
KOR,2025,CONFLICT_INTERNAL_LOW__CONFLICT_EXTERNAL_HIGH,Other,82507.69166969747,91543.43341049486,9035.741740797397,0.0,9035.741740797397
KOR,2025,CONFLICT_INTERNAL_LOW__CONFLICT_EXTERNAL_LOW,Other,82507.69166969747,91543.43341049486,9035.741740797397,0.0,9035.741740797397
KWT,2025,AID_HIGH,Other,113628.03661923579,113628.03661923579,0.0,0.0,0.0
KWT,2025,AID_HIGH__CONFLICT_EXTERNAL_HIGH,Other,113628.03661923579,113628.03661923579,0.0,0.0,0.0
KWT,2025,AID_HIGH__CONFLICT_EXTERNAL_LOW,Other,113628.03661923579,113628.03661923579,0.0,0.0,0.0
KWT,2025,AID_HIGH__CONFLICT_INTERNAL_HIGH,Other,113628.03661923579,118138.0944352391,4510.0578160032965,0.0,4510.0578160032965
KWT,2025,AID_HIGH__CONFLICT_INTERNAL_HIGH__CONFLICT_EXTERNAL_HIGH,Other,113628.03661923579,118138.0944352391,4510.0578160032965,0.0,4510.0578160032965
KWT,2025,AID_HIGH__CONFLICT_INTERNAL_HIGH__CONFLICT_EXTERNAL_LOW,Other,113628.03661923579,118138.0944352391,4510.0578160032965,0.0,4510.0578160032965
KWT,2025,AID_HIGH__CONFLICT_INTERNAL_LOW,Other,113628.03661923579,115131.38922457023,1503.352605334432,0.0,1503.352605334432
KWT,2025,AID_HIGH__CONFLICT_INTERNAL_LOW__CONFLICT_EXTERNAL_HIGH,Other,113628.03661923579,115131.38922457023,1503.352605334432,0.0,1503.352605334432
KWT,2025,AID_HIGH__CONFLICT_INTERNAL_LOW__CONFLICT_EXTERNAL_LOW,Other,113628.03661923579,115131.38922457023,1503.352605334432,0.0,1503.352605334432
KWT,2025,AID_LOW,Other,113628.03661923579,113628.03661923579,0.0,0.0,0.0
KWT,2025,AID_LOW__CONFLICT_EXTERNAL_HIGH,Other,113628.03661923579,113628.03661923579,0.0,0.0,0.0
KWT,2025,AID_LOW__CONFLICT_EXTERNAL_LOW,Other,113628.03661923579,113628.03661923579,0.0,0.0,0.0
KWT,2025,AID_LOW__CONFLICT_INTERNAL_HIGH,Other,113628.03661923579,118138.0944352391,4510.0578160032965,0.0,4510.0578160032965
KWT,2025,AID_LOW__CONFLICT_INTERNAL_HIGH__CONFLICT_EXTERNAL_HIGH,Other,113628.03661923579,118138.0944352391,4510.0578160032965,0.0,4510.0578160032965
KWT,2025,AID_LOW__CONFLICT_INTERNAL_HIGH__CONFLICT_EXTERNAL_LOW,Other,113628.03661923579,118138.0944352391,4510.0578160032965,0.0,4510.0578160032965
KWT,2025,AID_LOW__CONFLICT_INTERNAL_LOW,Other,113628.03661923579,115131.38922457023,1503.352605334432,0.0,1503.352605334432
KWT,2025,AID_LOW__CONFLICT_INTERNAL_LOW__CONFLICT_EXTERNAL_HIGH,Other,113628.03661923579,115131.38922457023,1503.352605334432,0.0,1503.352605334432
KWT,2025,AID_LOW__CONFLICT_INTERNAL_LOW__CONFLICT_EXTERNAL_LOW,Other,113628.03661923579,115131.38922457023,1503.352605334432,0.0,1503.352605334432
KWT,2025,CONFLICT_EXTERNAL_HIGH,Other,113628.03661923579,113628.03661923579,0.0,0.0,0.0
KWT,2025,CONFLICT_EXTERNAL_LOW,Other,113628.03661923579,113628.03661923579,0.0,0.0,0.0
KWT,2025,CONFLICT_INTERNAL_HIGH,Other,113628.03661923579,118138.0944352391,4510.0578160032965,0.0,4510.0578160032965
KWT,2025,CONFLICT_INTERNAL_HIGH__CONFLICT_EXTERNAL_HIGH,Other,113628.03661923579,118138.0944352391,4510.0578160032965,0.0,4510.0578160032965
KWT,2025,CONFLICT_INTERNAL_HIGH__CONFLICT_EXTERNAL_LOW,Other,113628.03661923579,118138.0944352391,4510.0578160032965,0.0,4510.0578160032965
KWT,2025,CONFLICT_INTERNAL_LOW,Other,113628.03661923579,115131.38922457023,1503.352605334432,0.0,1503.352605334432
KWT,2025,CONFLICT_INTERNAL_LOW__CONFLICT_EXTERNAL_HIGH,Other,113628.03661923579,115131.38922457023,1503.352605334432,0.0,1503.352605334432
KWT,2025,CONFLICT_INTERNAL_LOW__CONFLICT_EXTERNAL_LOW,Other,113628.03661923579,115131.38922457023,1503.352605334432,0.0,1503.352605334432
LBR,2025,AID_HIGH,Other,315.0328056541076,315.0328056541076,0.0,0.0,0.0
LBR,2025,AID_HIGH__CONFLICT_EXTERNAL_HIGH,Other,315.0328056541076,315.0328056541076,0.0,0.0,0.0
LBR,2025,AID_HIGH__CONFLICT_EXTERNAL_LOW,Other,315.0328056541076,315.0328056541076,0.0,0.0,0.0
LBR,2025,AID_HIGH__CONFLICT_INTERNAL_HIGH,Other,315.0328056541076,479.9921487120753,164.95934305796766,0.0,164.95934305796766
LBR,2025,AID_HIGH__CONFLICT_INTERNAL_HIGH__CONFLICT_EXTERNAL_HIGH,Other,315.0328056541076,479.9921487120753,164.95934305796766,0.0,164.95934305796766
LBR,2025,AID_HIGH__CONFLICT_INTERNAL_HIGH__CONFLICT_EXTERNAL_LOW,Other,315.0328056541076,479.9921487120753,164.95934305796766,0.0,164.95934305796766
LBR,2025,AID_HIGH__CONFLICT_INTERNAL_LOW,Other,315.0328056541076,370.01925334009684,54.9864476859892,0.0,54.9864476859892
LBR,2025,AID_HIGH__CONFLICT_INTERNAL_LOW__CONFLICT_EXTERNAL_HIGH,Other,315.0328056541076,370.01925334009684,54.9864476859892,0.0,54.9864476859892
LBR,2025,AID_HIGH__CONFLICT_INTERNAL_LOW__CONFLICT_EXTERNAL_LOW,Other,315.0328056541076,370.01925334009684,54.9864476859892,0.0,54.9864476859892
LBR,2025,AID_LOW,Other,315.0328056541076,315.0328056541076,0.0,0.0,0.0
LBR,2025,AID_LOW__CONFLICT_EXTERNAL_HIGH,Other,315.0328056541076,315.0328056541076,0.0,0.0,0.0
LBR,2025,AID_LOW__CONFLICT_EXTERNAL_LOW,Other,315.0328056541076,315.0328056541076,0.0,0.0,0.0
LBR,2025,AID_LOW__CONFLICT_INTERNAL_HIGH,Other,315.0328056541076,479.9921487120753,164.95934305796766,0.0,164.95934305796766
LBR,2025,AID_LOW__CONFLICT_INTERNAL_HIGH__CONFLICT_EXTERNAL_HIGH,Other,315.0328056541076,479.9921487120753,164.95934305796766,0.0,164.95934305796766
LBR,2025,AID_LOW__CONFLICT_INTERNAL_HIGH__CONFLICT_EXTERNAL_LOW,Other,315.0328056541076,479.9921487120753,164.95934305796766,0.0,164.95934305796766
LBR,2025,AID_LOW__CONFLICT_INTERNAL_LOW,Other,315.0328056541076,370.01925334009684,54.9864476859892,0.0,54.9864476859892
LBR,2025,AID_LOW__CONFLICT_INTERNAL_LOW__CONFLICT_EXTERNAL_HIGH,Other,315.0328056541076,370.01925334009684,54.9864476859892,0.0,54.9864476859892
LBR,2025,AID_LOW__CONFLICT_INTERNAL_LOW__CONFLICT_EXTERNAL_LOW,Other,315.0328056541076,370.01925334009684,54.9864476859892,0.0,54.9864476859892
LBR,2025,CONFLICT_EXTERNAL_HIGH,Other,315.0328056541076,315.0328056541076,0.0,0.0,0.0
LBR,2025,CONFLICT_EXTERNAL_LOW,Other,315.0328056541076,315.0328056541076,0.0,0.0,0.0
LBR,2025,CONFLICT_INTERNAL_HIGH,Other,315.0328056541076,479.9921487120753,164.95934305796766,0.0,164.95934305796766
LBR,2025,CONFLICT_INTERNAL_HIGH__CONFLICT_EXTERNAL_HIGH,Other,315.0328056541076,479.9921487120753,164.95934305796766,0.0,164.95934305796766
LBR,2025,CONFLICT_INTERNAL_HIGH__CONFLICT_EXTERNAL_LOW,Other,315.0328056541076,479.9921487120753,164.95934305796766,0.0,164.95934305796766
LBR,2025,CONFLICT_INTERNAL_LOW,Other,315.0328056541076,370.01925334009684,54.9864476859892,0.0,54.9864476859892
LBR,2025,CONFLICT_INTERNAL_LOW__CONFLICT_EXTERNAL_HIGH,Other,315.0328056541076,370.01925334009684,54.9864476859892,0.0,54.9864476859892
LBR,2025,CONFLICT_INTERNAL_LOW__CONFLICT_EXTERNAL_LOW,Other,315.0328056541076,370.01925334009684,54.9864476859892,0.0,54.9864476859892
LBY,2025,AID_HIGH,Other,36008.318568046554,36008.318568046554,0.0,0.0,0.0
LBY,2025,AID_HIGH__CONFLICT_EXTERNAL_HIGH,Other,36008.318568046554,36008.318568046554,0.0,0.0,0.0
LBY,2025,AID_HIGH__CONFLICT_EXTERNAL_LOW,Other,36008.318568046554,36008.318568046554,0.0,0.0,0.0
LBY,2025,AID_HIGH__CONFLICT_INTERNAL_HIGH,Other,36008.318568046554,42400.50213544029,6392.183567393735,0.0,6392.183567393735
LBY,2025,AID_HIGH__CONFLICT_INTERNAL_HIGH__CONFLICT_EXTERNAL_HIGH,Other,36008.318568046554,42400.50213544029,6392.183567393735,0.0,6392.183567393735
LBY,2025,AID_HIGH__CONFLICT_INTERNAL_HIGH__CONFLICT_EXTERNAL_LOW,Other,36008.318568046554,42400.50213544029,6392.183567393735,0.0,6392.183567393735
LBY,2025,AID_HIGH__CONFLICT_INTERNAL_LOW,Other,36008.318568046554,38139.04642384446,2130.727855797911,0.0,2130.727855797911
LBY,2025,AID_HIGH__CONFLICT_INTERNAL_LOW__CONFLICT_EXTERNAL_HIGH,Other,36008.318568046554,38139.04642384446,2130.727855797911,0.0,2130.727855797911
LBY,2025,AID_HIGH__CONFLICT_INTERNAL_LOW__CONFLICT_EXTERNAL_LOW,Other,36008.318568046554,38139.04642384446,2130.727855797911,0.0,2130.727855797911
LBY,2025,AID_LOW,Other,36008.318568046554,36008.318568046554,0.0,0.0,0.0
LBY,2025,AID_LOW__CONFLICT_EXTERNAL_HIGH,Other,36008.318568046554,36008.318568046554,0.0,0.0,0.0
LBY,2025,AID_LOW__CONFLICT_EXTERNAL_LOW,Other,36008.318568046554,36008.318568046554,0.0,0.0,0.0
LBY,2025,AID_LOW__CONFLICT_INTERNAL_HIGH,Other,36008.318568046554,42400.50213544029,6392.183567393735,0.0,6392.183567393735
LBY,2025,AID_LOW__CONFLICT_INTERNAL_HIGH__CONFLICT_EXTERNAL_HIGH,Other,36008.318568046554,42400.50213544029,6392.183567393735,0.0,6392.183567393735
LBY,2025,AID_LOW__CONFLICT_INTERNAL_HIGH__CONFLICT_EXTERNAL_LOW,Other,36008.318568046554,42400.50213544029,6392.183567393735,0.0,6392.183567393735
LBY,2025,AID_LOW__CONFLICT_INTERNAL_LOW,Other,36008.318568046554,38139.04642384446,2130.727855797911,0.0,2130.727855797911
LBY,2025,AID_LOW__CONFLICT_INTERNAL_LOW__CONFLICT_EXTERNAL_HIGH,Other,36008.318568046554,38139.04642384446,2130.727855797911,0.0,2130.727855797911
LBY,2025,AID_LOW__CONFLICT_INTERNAL_LOW__CONFLICT_EXTERNAL_LOW,Other,36008.318568046554,38139.04642384446,2130.727855797911,0.0,2130.727855797911
LBY,2025,CONFLICT_EXTERNAL_HIGH,Other,36008.318568046554,36008.318568046554,0.0,0.0,0.0
LBY,2025,CONFLICT_EXTERNAL_LOW,Other,36008.318568046554,36008.318568046554,0.0,0.0,0.0
LBY,2025,CONFLICT_INTERNAL_HIGH,Other,36008.318568046554,42400.50213544029,6392.183567393735,0.0,6392.183567393735
LBY,2025,CONFLICT_INTERNAL_HIGH__CONFLICT_EXTERNAL_HIGH,Other,36008.318568046554,42400.50213544029,6392.183567393735,0.0,6392.183567393735
LBY,2025,CONFLICT_INTERNAL_HIGH__CONFLICT_EXTERNAL_LOW,Other,36008.318568046554,42400.50213544029,6392.183567393735,0.0,6392.183567393735
LBY,2025,CONFLICT_INTERNAL_LOW,Other,36008.318568046554,38139.04642384446,2130.727855797911,0.0,2130.727855797911
LBY,2025,CONFLICT_INTERNAL_LOW__CONFLICT_EXTERNAL_HIGH,Other,36008.318568046554,38139.04642384446,2130.727855797911,0.0,2130.727855797911
LBY,2025,CONFLICT_INTERNAL_LOW__CONFLICT_EXTERNAL_LOW,Other,36008.318568046554,38139.04642384446,2130.727855797911,0.0,2130.727855797911
LCA,2025,AID_HIGH,Other,775.3089824228294,775.3089824228294,0.0,0.0,0.0
LCA,2025,AID_HIGH__CONFLICT_EXTERNAL_HIGH,Other,775.3089824228294,775.3089824228294,0.0,0.0,0.0
LCA,2025,AID_HIGH__CONFLICT_EXTERNAL_LOW,Other,775.3089824228294,775.3089824228294,0.0,0.0,0.0
LCA,2025,AID_HIGH__CONFLICT_INTERNAL_HIGH,Other,775.3089824228294,1188.9769144991108,413.6679320762813,0.0,413.6679320762813
LCA,2025,AID_HIGH__CONFLICT_INTERNAL_HIGH__CONFLICT_EXTERNAL_HIGH,Other,775.3089824228294,1188.9769144991108,413.6679320762813,0.0,413.6679320762813
LCA,2025,AID_HIGH__CONFLICT_INTERNAL_HIGH__CONFLICT_EXTERNAL_LOW,Other,775.3089824228294,1188.9769144991108,413.6679320762813,0.0,413.6679320762813
LCA,2025,AID_HIGH__CONFLICT_INTERNAL_LOW,Other,775.3089824228294,913.1982931149232,137.88931069209374,0.0,137.88931069209374
LCA,2025,AID_HIGH__CONFLICT_INTERNAL_LOW__CONFLICT_EXTERNAL_HIGH,Other,775.3089824228294,913.1982931149232,137.88931069209374,0.0,137.88931069209374
LCA,2025,AID_HIGH__CONFLICT_INTERNAL_LOW__CONFLICT_EXTERNAL_LOW,Other,775.3089824228294,913.1982931149232,137.88931069209374,0.0,137.88931069209374
LCA,2025,AID_LOW,Other,775.3089824228294,775.3089824228294,0.0,0.0,0.0
LCA,2025,AID_LOW__CONFLICT_EXTERNAL_HIGH,Other,775.3089824228294,775.3089824228294,0.0,0.0,0.0
LCA,2025,AID_LOW__CONFLICT_EXTERNAL_LOW,Other,775.3089824228294,775.3089824228294,0.0,0.0,0.0
LCA,2025,AID_LOW__CONFLICT_INTERNAL_HIGH,Other,775.3089824228294,1188.9769144991108,413.6679320762813,0.0,413.6679320762813
LCA,2025,AID_LOW__CONFLICT_INTERNAL_HIGH__CONFLICT_EXTERNAL_HIGH,Other,775.3089824228294,1188.9769144991108,413.6679320762813,0.0,413.6679320762813
LCA,2025,AID_LOW__CONFLICT_INTERNAL_HIGH__CONFLICT_EXTERNAL_LOW,Other,775.3089824228294,1188.9769144991108,413.6679320762813,0.0,413.6679320762813
LCA,2025,AID_LOW__CONFLICT_INTERNAL_LOW,Other,775.3089824228294,913.1982931149232,137.88931069209374,0.0,137.88931069209374
LCA,2025,AID_LOW__CONFLICT_INTERNAL_LOW__CONFLICT_EXTERNAL_HIGH,Other,775.3089824228294,913.1982931149232,137.88931069209374,0.0,137.88931069209374
LCA,2025,AID_LOW__CONFLICT_INTERNAL_LOW__CONFLICT_EXTERNAL_LOW,Other,775.3089824228294,913.1982931149232,137.88931069209374,0.0,137.88931069209374
LCA,2025,CONFLICT_EXTERNAL_HIGH,Other,775.3089824228294,775.3089824228294,0.0,0.0,0.0
LCA,2025,CONFLICT_EXTERNAL_LOW,Other,775.3089824228294,775.3089824228294,0.0,0.0,0.0
LCA,2025,CONFLICT_INTERNAL_HIGH,Other,775.3089824228294,1188.9769144991108,413.6679320762813,0.0,413.6679320762813
LCA,2025,CONFLICT_INTERNAL_HIGH__CONFLICT_EXTERNAL_HIGH,Other,775.3089824228294,1188.9769144991108,413.6679320762813,0.0,413.6679320762813
LCA,2025,CONFLICT_INTERNAL_HIGH__CONFLICT_EXTERNAL_LOW,Other,775.3089824228294,1188.9769144991108,413.6679320762813,0.0,413.6679320762813
LCA,2025,CONFLICT_INTERNAL_LOW,Other,775.3089824228294,913.1982931149232,137.88931069209374,0.0,137.88931069209374
LCA,2025,CONFLICT_INTERNAL_LOW__CONFLICT_EXTERNAL_HIGH,Other,775.3089824228294,913.1982931149232,137.88931069209374,0.0,137.88931069209374
LCA,2025,CONFLICT_INTERNAL_LOW__CONFLICT_EXTERNAL_LOW,Other,775.3089824228294,913.1982931149232,137.88931069209374,0.0,137.88931069209374
LIE,2025,AID_HIGH,Other,158.3073941660418,158.3073941660418,0.0,0.0,0.0
LIE,2025,AID_HIGH__CONFLICT_EXTERNAL_HIGH,Other,158.3073941660418,158.3073941660418,0.0,0.0,0.0
LIE,2025,AID_HIGH__CONFLICT_EXTERNAL_LOW,Other,158.3073941660418,158.3073941660418,0.0,0.0,0.0
LIE,2025,AID_HIGH__CONFLICT_INTERNAL_HIGH,Other,158.3073941660418,237.17760386859788,78.8702097025561,0.0,78.8702097025561
LIE,2025,AID_HIGH__CONFLICT_INTERNAL_HIGH__CONFLICT_EXTERNAL_HIGH,Other,158.3073941660418,237.17760386859788,78.8702097025561,0.0,78.8702097025561
LIE,2025,AID_HIGH__CONFLICT_INTERNAL_HIGH__CONFLICT_EXTERNAL_LOW,Other,158.3073941660418,237.17760386859788,78.8702097025561,0.0,78.8702097025561
LIE,2025,AID_HIGH__CONFLICT_INTERNAL_LOW,Other,158.3073941660418,184.59746406689382,26.29006990085202,0.0,26.29006990085202
LIE,2025,AID_HIGH__CONFLICT_INTERNAL_LOW__CONFLICT_EXTERNAL_HIGH,Other,158.3073941660418,184.59746406689382,26.29006990085202,0.0,26.29006990085202
LIE,2025,AID_HIGH__CONFLICT_INTERNAL_LOW__CONFLICT_EXTERNAL_LOW,Other,158.3073941660418,184.59746406689382,26.29006990085202,0.0,26.29006990085202
LIE,2025,AID_LOW,Other,158.3073941660418,158.3073941660418,0.0,0.0,0.0
LIE,2025,AID_LOW__CONFLICT_EXTERNAL_HIGH,Other,158.3073941660418,158.3073941660418,0.0,0.0,0.0
LIE,2025,AID_LOW__CONFLICT_EXTERNAL_LOW,Other,158.3073941660418,158.3073941660418,0.0,0.0,0.0
LIE,2025,AID_LOW__CONFLICT_INTERNAL_HIGH,Other,158.3073941660418,237.17760386859788,78.8702097025561,0.0,78.8702097025561
LIE,2025,AID_LOW__CONFLICT_INTERNAL_HIGH__CONFLICT_EXTERNAL_HIGH,Other,158.3073941660418,237.17760386859788,78.8702097025561,0.0,78.8702097025561
LIE,2025,AID_LOW__CONFLICT_INTERNAL_HIGH__CONFLICT_EXTERNAL_LOW,Other,158.3073941660418,237.17760386859788,78.8702097025561,0.0,78.8702097025561
LIE,2025,AID_LOW__CONFLICT_INTERNAL_LOW,Other,158.3073941660418,184.59746406689382,26.29006990085202,0.0,26.29006990085202
LIE,2025,AID_LOW__CONFLICT_INTERNAL_LOW__CONFLICT_EXTERNAL_HIGH,Other,158.3073941660418,184.59746406689382,26.29006990085202,0.0,26.29006990085202
LIE,2025,AID_LOW__CONFLICT_INTERNAL_LOW__CONFLICT_EXTERNAL_LOW,Other,158.3073941660418,184.59746406689382,26.29006990085202,0.0,26.29006990085202
LIE,2025,CONFLICT_EXTERNAL_HIGH,Other,158.3073941660418,158.3073941660418,0.0,0.0,0.0
LIE,2025,CONFLICT_EXTERNAL_LOW,Other,158.3073941660418,158.3073941660418,0.0,0.0,0.0
LIE,2025,CONFLICT_INTERNAL_HIGH,Other,158.3073941660418,237.17760386859788,78.8702097025561,0.0,78.8702097025561
LIE,2025,CONFLICT_INTERNAL_HIGH__CONFLICT_EXTERNAL_HIGH,Other,158.3073941660418,237.17760386859788,78.8702097025561,0.0,78.8702097025561
LIE,2025,CONFLICT_INTERNAL_HIGH__CONFLICT_EXTERNAL_LOW,Other,158.3073941660418,237.17760386859788,78.8702097025561,0.0,78.8702097025561
LIE,2025,CONFLICT_INTERNAL_LOW,Other,158.3073941660418,184.59746406689382,26.29006990085202,0.0,26.29006990085202
LIE,2025,CONFLICT_INTERNAL_LOW__CONFLICT_EXTERNAL_HIGH,Other,158.3073941660418,184.59746406689382,26.29006990085202,0.0,26.29006990085202
LIE,2025,CONFLICT_INTERNAL_LOW__CONFLICT_EXTERNAL_LOW,Other,158.3073941660418,184.59746406689382,26.29006990085202,0.0,26.29006990085202
LKA,2025,AID_HIGH,Other,2001.2234228761245,2001.2234228761245,0.0,0.0,0.0
LKA,2025,AID_HIGH__CONFLICT_EXTERNAL_HIGH,Other,2001.2234228761245,2001.2234228761245,0.0,0.0,0.0
LKA,2025,AID_HIGH__CONFLICT_EXTERNAL_LOW,Other,2001.2234228761245,2001.2234228761245,0.0,0.0,0.0
LKA,2025,AID_HIGH__CONFLICT_INTERNAL_HIGH,Other,2001.2234228761245,2377.5075594328446,376.2841365567202,0.0,376.2841365567202
LKA,2025,AID_HIGH__CONFLICT_INTERNAL_HIGH__CONFLICT_EXTERNAL_HIGH,Other,2001.2234228761245,2377.5075594328446,376.2841365567202,0.0,376.2841365567202
LKA,2025,AID_HIGH__CONFLICT_INTERNAL_HIGH__CONFLICT_EXTERNAL_LOW,Other,2001.2234228761245,2377.5075594328446,376.2841365567202,0.0,376.2841365567202
LKA,2025,AID_HIGH__CONFLICT_INTERNAL_LOW,Other,2001.2234228761245,2126.651468395031,125.42804551890671,0.0,125.42804551890671
LKA,2025,AID_HIGH__CONFLICT_INTERNAL_LOW__CONFLICT_EXTERNAL_HIGH,Other,2001.2234228761245,2126.651468395031,125.42804551890671,0.0,125.42804551890671
LKA,2025,AID_HIGH__CONFLICT_INTERNAL_LOW__CONFLICT_EXTERNAL_LOW,Other,2001.2234228761245,2126.651468395031,125.42804551890671,0.0,125.42804551890671
LKA,2025,AID_LOW,Other,2001.2234228761245,2001.2234228761245,0.0,0.0,0.0
LKA,2025,AID_LOW__CONFLICT_EXTERNAL_HIGH,Other,2001.2234228761245,2001.2234228761245,0.0,0.0,0.0
LKA,2025,AID_LOW__CONFLICT_EXTERNAL_LOW,Other,2001.2234228761245,2001.2234228761245,0.0,0.0,0.0
LKA,2025,AID_LOW__CONFLICT_INTERNAL_HIGH,Other,2001.2234228761245,2377.5075594328446,376.2841365567202,0.0,376.2841365567202
LKA,2025,AID_LOW__CONFLICT_INTERNAL_HIGH__CONFLICT_EXTERNAL_HIGH,Other,2001.2234228761245,2377.5075594328446,376.2841365567202,0.0,376.2841365567202
LKA,2025,AID_LOW__CONFLICT_INTERNAL_HIGH__CONFLICT_EXTERNAL_LOW,Other,2001.2234228761245,2377.5075594328446,376.2841365567202,0.0,376.2841365567202
LKA,2025,AID_LOW__CONFLICT_INTERNAL_LOW,Other,2001.2234228761245,2126.651468395031,125.42804551890671,0.0,125.42804551890671
LKA,2025,AID_LOW__CONFLICT_INTERNAL_LOW__CONFLICT_EXTERNAL_HIGH,Other,2001.2234228761245,2126.651468395031,125.42804551890671,0.0,125.42804551890671
LKA,2025,AID_LOW__CONFLICT_INTERNAL_LOW__CONFLICT_EXTERNAL_LOW,Other,2001.2234228761245,2126.651468395031,125.42804551890671,0.0,125.42804551890671
LKA,2025,CONFLICT_EXTERNAL_HIGH,Other,2001.2234228761245,2001.2234228761245,0.0,0.0,0.0
LKA,2025,CONFLICT_EXTERNAL_LOW,Other,2001.2234228761245,2001.2234228761245,0.0,0.0,0.0
LKA,2025,CONFLICT_INTERNAL_HIGH,Other,2001.2234228761245,2377.5075594328446,376.2841365567202,0.0,376.2841365567202
LKA,2025,CONFLICT_INTERNAL_HIGH__CONFLICT_EXTERNAL_HIGH,Other,2001.2234228761245,2377.5075594328446,376.2841365567202,0.0,376.2841365567202
LKA,2025,CONFLICT_INTERNAL_HIGH__CONFLICT_EXTERNAL_LOW,Other,2001.2234228761245,2377.5075594328446,376.2841365567202,0.0,376.2841365567202
LKA,2025,CONFLICT_INTERNAL_LOW,Other,2001.2234228761245,2126.651468395031,125.42804551890671,0.0,125.42804551890671
LKA,2025,CONFLICT_INTERNAL_LOW__CONFLICT_EXTERNAL_HIGH,Other,2001.2234228761245,2126.651468395031,125.42804551890671,0.0,125.42804551890671
LKA,2025,CONFLICT_INTERNAL_LOW__CONFLICT_EXTERNAL_LOW,Other,2001.2234228761245,2126.651468395031,125.42804551890671,0.0,125.42804551890671
LSO,2025,AID_HIGH,Other,199.04007150617247,199.04007150617247,0.0,0.0,0.0
LSO,2025,AID_HIGH__CONFLICT_EXTERNAL_HIGH,Other,199.04007150617247,199.04007150617247,0.0,0.0,0.0
LSO,2025,AID_HIGH__CONFLICT_EXTERNAL_LOW,Other,199.04007150617247,199.04007150617247,0.0,0.0,0.0
LSO,2025,AID_HIGH__CONFLICT_INTERNAL_HIGH,Other,199.04007150617247,300.82349594619507,101.78342444002261,0.0,101.78342444002261
LSO,2025,AID_HIGH__CONFLICT_INTERNAL_HIGH__CONFLICT_EXTERNAL_HIGH,Other,199.04007150617247,300.82349594619507,101.78342444002261,0.0,101.78342444002261
LSO,2025,AID_HIGH__CONFLICT_INTERNAL_HIGH__CONFLICT_EXTERNAL_LOW,Other,199.04007150617247,300.82349594619507,101.78342444002261,0.0,101.78342444002261
LSO,2025,AID_HIGH__CONFLICT_INTERNAL_LOW,Other,199.04007150617247,232.96787965284665,33.927808146674195,0.0,33.927808146674195
LSO,2025,AID_HIGH__CONFLICT_INTERNAL_LOW__CONFLICT_EXTERNAL_HIGH,Other,199.04007150617247,232.96787965284665,33.927808146674195,0.0,33.927808146674195
LSO,2025,AID_HIGH__CONFLICT_INTERNAL_LOW__CONFLICT_EXTERNAL_LOW,Other,199.04007150617247,232.96787965284665,33.927808146674195,0.0,33.927808146674195
LSO,2025,AID_LOW,Other,199.04007150617247,199.04007150617247,0.0,0.0,0.0
LSO,2025,AID_LOW__CONFLICT_EXTERNAL_HIGH,Other,199.04007150617247,199.04007150617247,0.0,0.0,0.0
LSO,2025,AID_LOW__CONFLICT_EXTERNAL_LOW,Other,199.04007150617247,199.04007150617247,0.0,0.0,0.0
LSO,2025,AID_LOW__CONFLICT_INTERNAL_HIGH,Other,199.04007150617247,300.82349594619507,101.78342444002261,0.0,101.78342444002261
LSO,2025,AID_LOW__CONFLICT_INTERNAL_HIGH__CONFLICT_EXTERNAL_HIGH,Other,199.04007150617247,300.82349594619507,101.78342444002261,0.0,101.78342444002261
LSO,2025,AID_LOW__CONFLICT_INTERNAL_HIGH__CONFLICT_EXTERNAL_LOW,Other,199.04007150617247,300.82349594619507,101.78342444002261,0.0,101.78342444002261
LSO,2025,AID_LOW__CONFLICT_INTERNAL_LOW,Other,199.04007150617247,232.96787965284665,33.927808146674195,0.0,33.927808146674195
LSO,2025,AID_LOW__CONFLICT_INTERNAL_LOW__CONFLICT_EXTERNAL_HIGH,Other,199.04007150617247,232.96787965284665,33.927808146674195,0.0,33.927808146674195
LSO,2025,AID_LOW__CONFLICT_INTERNAL_LOW__CONFLICT_EXTERNAL_LOW,Other,199.04007150617247,232.96787965284665,33.927808146674195,0.0,33.927808146674195
LSO,2025,CONFLICT_EXTERNAL_HIGH,Other,199.04007150617247,199.04007150617247,0.0,0.0,0.0
LSO,2025,CONFLICT_EXTERNAL_LOW,Other,199.04007150617247,199.04007150617247,0.0,0.0,0.0
LSO,2025,CONFLICT_INTERNAL_HIGH,Other,199.04007150617247,300.82349594619507,101.78342444002261,0.0,101.78342444002261
LSO,2025,CONFLICT_INTERNAL_HIGH__CONFLICT_EXTERNAL_HIGH,Other,199.04007150617247,300.82349594619507,101.78342444002261,0.0,101.78342444002261
LSO,2025,CONFLICT_INTERNAL_HIGH__CONFLICT_EXTERNAL_LOW,Other,199.04007150617247,300.82349594619507,101.78342444002261,0.0,101.78342444002261
LSO,2025,CONFLICT_INTERNAL_LOW,Other,199.04007150617247,232.96787965284665,33.927808146674195,0.0,33.927808146674195
LSO,2025,CONFLICT_INTERNAL_LOW__CONFLICT_EXTERNAL_HIGH,Other,199.04007150617247,232.96787965284665,33.927808146674195,0.0,33.927808146674195
LSO,2025,CONFLICT_INTERNAL_LOW__CONFLICT_EXTERNAL_LOW,Other,199.04007150617247,232.96787965284665,33.927808146674195,0.0,33.927808146674195
LTU,2025,AID_HIGH,Other,648.1619241533247,648.1619241533247,0.0,0.0,0.0
LTU,2025,AID_HIGH__CONFLICT_EXTERNAL_HIGH,Other,648.1619241533247,648.1619241533247,0.0,0.0,0.0
LTU,2025,AID_HIGH__CONFLICT_EXTERNAL_LOW,Other,648.1619241533247,648.1619241533247,0.0,0.0,0.0
LTU,2025,AID_HIGH__CONFLICT_INTERNAL_HIGH,Other,648.1619241533247,959.4684899836434,311.30656583031873,0.0,311.30656583031873
LTU,2025,AID_HIGH__CONFLICT_INTERNAL_HIGH__CONFLICT_EXTERNAL_HIGH,Other,648.1619241533247,959.4684899836434,311.30656583031873,0.0,311.30656583031873
LTU,2025,AID_HIGH__CONFLICT_INTERNAL_HIGH__CONFLICT_EXTERNAL_LOW,Other,648.1619241533247,959.4684899836434,311.30656583031873,0.0,311.30656583031873
LTU,2025,AID_HIGH__CONFLICT_INTERNAL_LOW,Other,648.1619241533247,751.9307794300976,103.76885527677285,0.0,103.76885527677285
LTU,2025,AID_HIGH__CONFLICT_INTERNAL_LOW__CONFLICT_EXTERNAL_HIGH,Other,648.1619241533247,751.9307794300976,103.76885527677285,0.0,103.76885527677285
LTU,2025,AID_HIGH__CONFLICT_INTERNAL_LOW__CONFLICT_EXTERNAL_LOW,Other,648.1619241533247,751.9307794300976,103.76885527677285,0.0,103.76885527677285
LTU,2025,AID_LOW,Other,648.1619241533247,648.1619241533247,0.0,0.0,0.0
LTU,2025,AID_LOW__CONFLICT_EXTERNAL_HIGH,Other,648.1619241533247,648.1619241533247,0.0,0.0,0.0
LTU,2025,AID_LOW__CONFLICT_EXTERNAL_LOW,Other,648.1619241533247,648.1619241533247,0.0,0.0,0.0
LTU,2025,AID_LOW__CONFLICT_INTERNAL_HIGH,Other,648.1619241533247,959.4684899836434,311.30656583031873,0.0,311.30656583031873
LTU,2025,AID_LOW__CONFLICT_INTERNAL_HIGH__CONFLICT_EXTERNAL_HIGH,Other,648.1619241533247,959.4684899836434,311.30656583031873,0.0,311.30656583031873
LTU,2025,AID_LOW__CONFLICT_INTERNAL_HIGH__CONFLICT_EXTERNAL_LOW,Other,648.1619241533247,959.4684899836434,311.30656583031873,0.0,311.30656583031873
LTU,2025,AID_LOW__CONFLICT_INTERNAL_LOW,Other,648.1619241533247,751.9307794300976,103.76885527677285,0.0,103.76885527677285
LTU,2025,AID_LOW__CONFLICT_INTERNAL_LOW__CONFLICT_EXTERNAL_HIGH,Other,648.1619241533247,751.9307794300976,103.76885527677285,0.0,103.76885527677285
LTU,2025,AID_LOW__CONFLICT_INTERNAL_LOW__CONFLICT_EXTERNAL_LOW,Other,648.1619241533247,751.9307794300976,103.76885527677285,0.0,103.76885527677285
LTU,2025,CONFLICT_EXTERNAL_HIGH,Other,648.1619241533247,648.1619241533247,0.0,0.0,0.0
LTU,2025,CONFLICT_EXTERNAL_LOW,Other,648.1619241533247,648.1619241533247,0.0,0.0,0.0
LTU,2025,CONFLICT_INTERNAL_HIGH,Other,648.1619241533247,959.4684899836434,311.30656583031873,0.0,311.30656583031873
LTU,2025,CONFLICT_INTERNAL_HIGH__CONFLICT_EXTERNAL_HIGH,Other,648.1619241533247,959.4684899836434,311.30656583031873,0.0,311.30656583031873
LTU,2025,CONFLICT_INTERNAL_HIGH__CONFLICT_EXTERNAL_LOW,Other,648.1619241533247,959.4684899836434,311.30656583031873,0.0,311.30656583031873
LTU,2025,CONFLICT_INTERNAL_LOW,Other,648.1619241533247,751.9307794300976,103.76885527677285,0.0,103.76885527677285
LTU,2025,CONFLICT_INTERNAL_LOW__CONFLICT_EXTERNAL_HIGH,Other,648.1619241533247,751.9307794300976,103.76885527677285,0.0,103.76885527677285
LTU,2025,CONFLICT_INTERNAL_LOW__CONFLICT_EXTERNAL_LOW,Other,648.1619241533247,751.9307794300976,103.76885527677285,0.0,103.76885527677285
LUX,2025,AID_HIGH,Other,3824.4802528251535,3824.4802528251535,0.0,0.0,0.0
LUX,2025,AID_HIGH__CONFLICT_EXTERNAL_HIGH,Other,3824.4802528251535,3824.4802528251535,0.0,0.0,0.0
LUX,2025,AID_HIGH__CONFLICT_EXTERNAL_LOW,Other,3824.4802528251535,3824.4802528251535,0.0,0.0,0.0
LUX,2025,AID_HIGH__CONFLICT_INTERNAL_HIGH,Other,3824.4802528251535,5556.167152948559,1731.6869001234063,0.0,1731.6869001234063
LUX,2025,AID_HIGH__CONFLICT_INTERNAL_HIGH__CONFLICT_EXTERNAL_HIGH,Other,3824.4802528251535,5556.167152948559,1731.6869001234063,0.0,1731.6869001234063
LUX,2025,AID_HIGH__CONFLICT_INTERNAL_HIGH__CONFLICT_EXTERNAL_LOW,Other,3824.4802528251535,5556.167152948559,1731.6869001234063,0.0,1731.6869001234063
LUX,2025,AID_HIGH__CONFLICT_INTERNAL_LOW,Other,3824.4802528251535,4401.709219532955,577.2289667078019,0.0,577.2289667078019
LUX,2025,AID_HIGH__CONFLICT_INTERNAL_LOW__CONFLICT_EXTERNAL_HIGH,Other,3824.4802528251535,4401.709219532955,577.2289667078019,0.0,577.2289667078019
LUX,2025,AID_HIGH__CONFLICT_INTERNAL_LOW__CONFLICT_EXTERNAL_LOW,Other,3824.4802528251535,4401.709219532955,577.2289667078019,0.0,577.2289667078019
LUX,2025,AID_LOW,Other,3824.4802528251535,3824.4802528251535,0.0,0.0,0.0
LUX,2025,AID_LOW__CONFLICT_EXTERNAL_HIGH,Other,3824.4802528251535,3824.4802528251535,0.0,0.0,0.0
LUX,2025,AID_LOW__CONFLICT_EXTERNAL_LOW,Other,3824.4802528251535,3824.4802528251535,0.0,0.0,0.0
LUX,2025,AID_LOW__CONFLICT_INTERNAL_HIGH,Other,3824.4802528251535,5556.167152948559,1731.6869001234063,0.0,1731.6869001234063
LUX,2025,AID_LOW__CONFLICT_INTERNAL_HIGH__CONFLICT_EXTERNAL_HIGH,Other,3824.4802528251535,5556.167152948559,1731.6869001234063,0.0,1731.6869001234063
LUX,2025,AID_LOW__CONFLICT_INTERNAL_HIGH__CONFLICT_EXTERNAL_LOW,Other,3824.4802528251535,5556.167152948559,1731.6869001234063,0.0,1731.6869001234063
LUX,2025,AID_LOW__CONFLICT_INTERNAL_LOW,Other,3824.4802528251535,4401.709219532955,577.2289667078019,0.0,577.2289667078019
LUX,2025,AID_LOW__CONFLICT_INTERNAL_LOW__CONFLICT_EXTERNAL_HIGH,Other,3824.4802528251535,4401.709219532955,577.2289667078019,0.0,577.2289667078019
LUX,2025,AID_LOW__CONFLICT_INTERNAL_LOW__CONFLICT_EXTERNAL_LOW,Other,3824.4802528251535,4401.709219532955,577.2289667078019,0.0,577.2289667078019
LUX,2025,CONFLICT_EXTERNAL_HIGH,Other,3824.4802528251535,3824.4802528251535,0.0,0.0,0.0
LUX,2025,CONFLICT_EXTERNAL_LOW,Other,3824.4802528251535,3824.4802528251535,0.0,0.0,0.0
LUX,2025,CONFLICT_INTERNAL_HIGH,Other,3824.4802528251535,5556.167152948559,1731.6869001234063,0.0,1731.6869001234063
LUX,2025,CONFLICT_INTERNAL_HIGH__CONFLICT_EXTERNAL_HIGH,Other,3824.4802528251535,5556.167152948559,1731.6869001234063,0.0,1731.6869001234063
LUX,2025,CONFLICT_INTERNAL_HIGH__CONFLICT_EXTERNAL_LOW,Other,3824.4802528251535,5556.167152948559,1731.6869001234063,0.0,1731.6869001234063
LUX,2025,CONFLICT_INTERNAL_LOW,Other,3824.4802528251535,4401.709219532955,577.2289667078019,0.0,577.2289667078019
LUX,2025,CONFLICT_INTERNAL_LOW__CONFLICT_EXTERNAL_HIGH,Other,3824.4802528251535,4401.709219532955,577.2289667078019,0.0,577.2289667078019
LUX,2025,CONFLICT_INTERNAL_LOW__CONFLICT_EXTERNAL_LOW,Other,3824.4802528251535,4401.709219532955,577.2289667078019,0.0,577.2289667078019
LVA,2025,AID_HIGH,Other,472.06190134410446,472.06190134410446,0.0,0.0,0.0
LVA,2025,AID_HIGH__CONFLICT_EXTERNAL_HIGH,Other,472.06190134410446,472.06190134410446,0.0,0.0,0.0
LVA,2025,AID_HIGH__CONFLICT_EXTERNAL_LOW,Other,472.06190134410446,472.06190134410446,0.0,0.0,0.0
LVA,2025,AID_HIGH__CONFLICT_INTERNAL_HIGH,Other,472.06190134410446,723.2580890956206,251.1961877515161,0.0,251.1961877515161
LVA,2025,AID_HIGH__CONFLICT_INTERNAL_HIGH__CONFLICT_EXTERNAL_HIGH,Other,472.06190134410446,723.2580890956206,251.1961877515161,0.0,251.1961877515161
LVA,2025,AID_HIGH__CONFLICT_INTERNAL_HIGH__CONFLICT_EXTERNAL_LOW,Other,472.06190134410446,723.2580890956206,251.1961877515161,0.0,251.1961877515161
LVA,2025,AID_HIGH__CONFLICT_INTERNAL_LOW,Other,472.06190134410446,555.7939639279431,83.73206258383867,0.0,83.73206258383867
LVA,2025,AID_HIGH__CONFLICT_INTERNAL_LOW__CONFLICT_EXTERNAL_HIGH,Other,472.06190134410446,555.7939639279431,83.73206258383867,0.0,83.73206258383867
LVA,2025,AID_HIGH__CONFLICT_INTERNAL_LOW__CONFLICT_EXTERNAL_LOW,Other,472.06190134410446,555.7939639279431,83.73206258383867,0.0,83.73206258383867
LVA,2025,AID_LOW,Other,472.06190134410446,472.06190134410446,0.0,0.0,0.0
LVA,2025,AID_LOW__CONFLICT_EXTERNAL_HIGH,Other,472.06190134410446,472.06190134410446,0.0,0.0,0.0
LVA,2025,AID_LOW__CONFLICT_EXTERNAL_LOW,Other,472.06190134410446,472.06190134410446,0.0,0.0,0.0
LVA,2025,AID_LOW__CONFLICT_INTERNAL_HIGH,Other,472.06190134410446,723.2580890956206,251.1961877515161,0.0,251.1961877515161
LVA,2025,AID_LOW__CONFLICT_INTERNAL_HIGH__CONFLICT_EXTERNAL_HIGH,Other,472.06190134410446,723.2580890956206,251.1961877515161,0.0,251.1961877515161
LVA,2025,AID_LOW__CONFLICT_INTERNAL_HIGH__CONFLICT_EXTERNAL_LOW,Other,472.06190134410446,723.2580890956206,251.1961877515161,0.0,251.1961877515161
LVA,2025,AID_LOW__CONFLICT_INTERNAL_LOW,Other,472.06190134410446,555.7939639279431,83.73206258383867,0.0,83.73206258383867
LVA,2025,AID_LOW__CONFLICT_INTERNAL_LOW__CONFLICT_EXTERNAL_HIGH,Other,472.06190134410446,555.7939639279431,83.73206258383867,0.0,83.73206258383867
LVA,2025,AID_LOW__CONFLICT_INTERNAL_LOW__CONFLICT_EXTERNAL_LOW,Other,472.06190134410446,555.7939639279431,83.73206258383867,0.0,83.73206258383867
LVA,2025,CONFLICT_EXTERNAL_HIGH,Other,472.06190134410446,472.06190134410446,0.0,0.0,0.0
LVA,2025,CONFLICT_EXTERNAL_LOW,Other,472.06190134410446,472.06190134410446,0.0,0.0,0.0
LVA,2025,CONFLICT_INTERNAL_HIGH,Other,472.06190134410446,723.2580890956206,251.1961877515161,0.0,251.1961877515161
LVA,2025,CONFLICT_INTERNAL_HIGH__CONFLICT_EXTERNAL_HIGH,Other,472.06190134410446,723.2580890956206,251.1961877515161,0.0,251.1961877515161
LVA,2025,CONFLICT_INTERNAL_HIGH__CONFLICT_EXTERNAL_LOW,Other,472.06190134410446,723.2580890956206,251.1961877515161,0.0,251.1961877515161
LVA,2025,CONFLICT_INTERNAL_LOW,Other,472.06190134410446,555.7939639279431,83.73206258383867,0.0,83.73206258383867
LVA,2025,CONFLICT_INTERNAL_LOW__CONFLICT_EXTERNAL_HIGH,Other,472.06190134410446,555.7939639279431,83.73206258383867,0.0,83.73206258383867
LVA,2025,CONFLICT_INTERNAL_LOW__CONFLICT_EXTERNAL_LOW,Other,472.06190134410446,555.7939639279431,83.73206258383867,0.0,83.73206258383867
MAR,2025,AID_HIGH,Other,2119.976190978138,2119.976190978138,0.0,0.0,0.0
MAR,2025,AID_HIGH__CONFLICT_EXTERNAL_HIGH,Other,2119.976190978138,2119.976190978138,0.0,0.0,0.0
MAR,2025,AID_HIGH__CONFLICT_EXTERNAL_LOW,Other,2119.976190978138,2119.976190978138,0.0,0.0,0.0
MAR,2025,AID_HIGH__CONFLICT_INTERNAL_HIGH,Other,2119.976190978138,3192.462618944518,1072.4864279663796,0.0,1072.4864279663796
MAR,2025,AID_HIGH__CONFLICT_INTERNAL_HIGH__CONFLICT_EXTERNAL_HIGH,Other,2119.976190978138,3192.462618944518,1072.4864279663796,0.0,1072.4864279663796
MAR,2025,AID_HIGH__CONFLICT_INTERNAL_HIGH__CONFLICT_EXTERNAL_LOW,Other,2119.976190978138,3192.462618944518,1072.4864279663796,0.0,1072.4864279663796
MAR,2025,AID_HIGH__CONFLICT_INTERNAL_LOW,Other,2119.976190978138,2477.4716669669315,357.49547598879303,0.0,357.49547598879303
MAR,2025,AID_HIGH__CONFLICT_INTERNAL_LOW__CONFLICT_EXTERNAL_HIGH,Other,2119.976190978138,2477.4716669669315,357.49547598879303,0.0,357.49547598879303
MAR,2025,AID_HIGH__CONFLICT_INTERNAL_LOW__CONFLICT_EXTERNAL_LOW,Other,2119.976190978138,2477.4716669669315,357.49547598879303,0.0,357.49547598879303
MAR,2025,AID_LOW,Other,2119.976190978138,2119.976190978138,0.0,0.0,0.0
MAR,2025,AID_LOW__CONFLICT_EXTERNAL_HIGH,Other,2119.976190978138,2119.976190978138,0.0,0.0,0.0
MAR,2025,AID_LOW__CONFLICT_EXTERNAL_LOW,Other,2119.976190978138,2119.976190978138,0.0,0.0,0.0
MAR,2025,AID_LOW__CONFLICT_INTERNAL_HIGH,Other,2119.976190978138,3192.462618944518,1072.4864279663796,0.0,1072.4864279663796
MAR,2025,AID_LOW__CONFLICT_INTERNAL_HIGH__CONFLICT_EXTERNAL_HIGH,Other,2119.976190978138,3192.462618944518,1072.4864279663796,0.0,1072.4864279663796
MAR,2025,AID_LOW__CONFLICT_INTERNAL_HIGH__CONFLICT_EXTERNAL_LOW,Other,2119.976190978138,3192.462618944518,1072.4864279663796,0.0,1072.4864279663796
MAR,2025,AID_LOW__CONFLICT_INTERNAL_LOW,Other,2119.976190978138,2477.4716669669315,357.49547598879303,0.0,357.49547598879303
MAR,2025,AID_LOW__CONFLICT_INTERNAL_LOW__CONFLICT_EXTERNAL_HIGH,Other,2119.976190978138,2477.4716669669315,357.49547598879303,0.0,357.49547598879303
MAR,2025,AID_LOW__CONFLICT_INTERNAL_LOW__CONFLICT_EXTERNAL_LOW,Other,2119.976190978138,2477.4716669669315,357.49547598879303,0.0,357.49547598879303
MAR,2025,CONFLICT_EXTERNAL_HIGH,Other,2119.976190978138,2119.976190978138,0.0,0.0,0.0
MAR,2025,CONFLICT_EXTERNAL_LOW,Other,2119.976190978138,2119.976190978138,0.0,0.0,0.0
MAR,2025,CONFLICT_INTERNAL_HIGH,Other,2119.976190978138,3192.462618944518,1072.4864279663796,0.0,1072.4864279663796
MAR,2025,CONFLICT_INTERNAL_HIGH__CONFLICT_EXTERNAL_HIGH,Other,2119.976190978138,3192.462618944518,1072.4864279663796,0.0,1072.4864279663796
MAR,2025,CONFLICT_INTERNAL_HIGH__CONFLICT_EXTERNAL_LOW,Other,2119.976190978138,3192.462618944518,1072.4864279663796,0.0,1072.4864279663796
MAR,2025,CONFLICT_INTERNAL_LOW,Other,2119.976190978138,2477.4716669669315,357.49547598879303,0.0,357.49547598879303
MAR,2025,CONFLICT_INTERNAL_LOW__CONFLICT_EXTERNAL_HIGH,Other,2119.976190978138,2477.4716669669315,357.49547598879303,0.0,357.49547598879303
MAR,2025,CONFLICT_INTERNAL_LOW__CONFLICT_EXTERNAL_LOW,Other,2119.976190978138,2477.4716669669315,357.49547598879303,0.0,357.49547598879303
MDA,2025,AID_HIGH,Other,217.32533836584972,217.32533836584972,0.0,0.0,0.0
MDA,2025,AID_HIGH__CONFLICT_EXTERNAL_HIGH,Other,217.32533836584972,217.32533836584972,0.0,0.0,0.0
MDA,2025,AID_HIGH__CONFLICT_EXTERNAL_LOW,Other,217.32533836584972,217.32533836584972,0.0,0.0,0.0
MDA,2025,AID_HIGH__CONFLICT_INTERNAL_HIGH,Other,217.32533836584972,332.64645965257483,115.32112128672512,0.0,115.32112128672512
MDA,2025,AID_HIGH__CONFLICT_INTERNAL_HIGH__CONFLICT_EXTERNAL_HIGH,Other,217.32533836584972,332.64645965257483,115.32112128672512,0.0,115.32112128672512
MDA,2025,AID_HIGH__CONFLICT_INTERNAL_HIGH__CONFLICT_EXTERNAL_LOW,Other,217.32533836584972,332.64645965257483,115.32112128672512,0.0,115.32112128672512
MDA,2025,AID_HIGH__CONFLICT_INTERNAL_LOW,Other,217.32533836584972,255.76571212809142,38.44037376224169,0.0,38.44037376224169
MDA,2025,AID_HIGH__CONFLICT_INTERNAL_LOW__CONFLICT_EXTERNAL_HIGH,Other,217.32533836584972,255.76571212809142,38.44037376224169,0.0,38.44037376224169
MDA,2025,AID_HIGH__CONFLICT_INTERNAL_LOW__CONFLICT_EXTERNAL_LOW,Other,217.32533836584972,255.76571212809142,38.44037376224169,0.0,38.44037376224169
MDA,2025,AID_LOW,Other,217.32533836584972,217.32533836584972,0.0,0.0,0.0
MDA,2025,AID_LOW__CONFLICT_EXTERNAL_HIGH,Other,217.32533836584972,217.32533836584972,0.0,0.0,0.0
MDA,2025,AID_LOW__CONFLICT_EXTERNAL_LOW,Other,217.32533836584972,217.32533836584972,0.0,0.0,0.0
MDA,2025,AID_LOW__CONFLICT_INTERNAL_HIGH,Other,217.32533836584972,332.64645965257483,115.32112128672512,0.0,115.32112128672512
MDA,2025,AID_LOW__CONFLICT_INTERNAL_HIGH__CONFLICT_EXTERNAL_HIGH,Other,217.32533836584972,332.64645965257483,115.32112128672512,0.0,115.32112128672512
MDA,2025,AID_LOW__CONFLICT_INTERNAL_HIGH__CONFLICT_EXTERNAL_LOW,Other,217.32533836584972,332.64645965257483,115.32112128672512,0.0,115.32112128672512
MDA,2025,AID_LOW__CONFLICT_INTERNAL_LOW,Other,217.32533836584972,255.76571212809142,38.44037376224169,0.0,38.44037376224169
MDA,2025,AID_LOW__CONFLICT_INTERNAL_LOW__CONFLICT_EXTERNAL_HIGH,Other,217.32533836584972,255.76571212809142,38.44037376224169,0.0,38.44037376224169
MDA,2025,AID_LOW__CONFLICT_INTERNAL_LOW__CONFLICT_EXTERNAL_LOW,Other,217.32533836584972,255.76571212809142,38.44037376224169,0.0,38.44037376224169
MDA,2025,CONFLICT_EXTERNAL_HIGH,Other,217.32533836584972,217.32533836584972,0.0,0.0,0.0
MDA,2025,CONFLICT_EXTERNAL_LOW,Other,217.32533836584972,217.32533836584972,0.0,0.0,0.0
MDA,2025,CONFLICT_INTERNAL_HIGH,Other,217.32533836584972,332.64645965257483,115.32112128672512,0.0,115.32112128672512
MDA,2025,CONFLICT_INTERNAL_HIGH__CONFLICT_EXTERNAL_HIGH,Other,217.32533836584972,332.64645965257483,115.32112128672512,0.0,115.32112128672512
MDA,2025,CONFLICT_INTERNAL_HIGH__CONFLICT_EXTERNAL_LOW,Other,217.32533836584972,332.64645965257483,115.32112128672512,0.0,115.32112128672512
MDA,2025,CONFLICT_INTERNAL_LOW,Other,217.32533836584972,255.76571212809142,38.44037376224169,0.0,38.44037376224169
MDA,2025,CONFLICT_INTERNAL_LOW__CONFLICT_EXTERNAL_HIGH,Other,217.32533836584972,255.76571212809142,38.44037376224169,0.0,38.44037376224169
MDA,2025,CONFLICT_INTERNAL_LOW__CONFLICT_EXTERNAL_LOW,Other,217.32533836584972,255.76571212809142,38.44037376224169,0.0,38.44037376224169
MDV,2025,AID_HIGH,Other,168.8286887758433,168.8286887758433,0.0,0.0,0.0
MDV,2025,AID_HIGH__CONFLICT_EXTERNAL_HIGH,Other,168.8286887758433,168.8286887758433,0.0,0.0,0.0
MDV,2025,AID_HIGH__CONFLICT_EXTERNAL_LOW,Other,168.8286887758433,168.8286887758433,0.0,0.0,0.0
MDV,2025,AID_HIGH__CONFLICT_INTERNAL_HIGH,Other,168.8286887758433,200.9005639242332,32.07187514838991,0.0,32.07187514838991
MDV,2025,AID_HIGH__CONFLICT_INTERNAL_HIGH__CONFLICT_EXTERNAL_HIGH,Other,168.8286887758433,200.9005639242332,32.07187514838991,0.0,32.07187514838991
MDV,2025,AID_HIGH__CONFLICT_INTERNAL_HIGH__CONFLICT_EXTERNAL_LOW,Other,168.8286887758433,200.9005639242332,32.07187514838991,0.0,32.07187514838991
MDV,2025,AID_HIGH__CONFLICT_INTERNAL_LOW,Other,168.8286887758433,179.5193138253066,10.6906250494633,0.0,10.6906250494633
MDV,2025,AID_HIGH__CONFLICT_INTERNAL_LOW__CONFLICT_EXTERNAL_HIGH,Other,168.8286887758433,179.5193138253066,10.6906250494633,0.0,10.6906250494633
MDV,2025,AID_HIGH__CONFLICT_INTERNAL_LOW__CONFLICT_EXTERNAL_LOW,Other,168.8286887758433,179.5193138253066,10.6906250494633,0.0,10.6906250494633
MDV,2025,AID_LOW,Other,168.8286887758433,168.8286887758433,0.0,0.0,0.0
MDV,2025,AID_LOW__CONFLICT_EXTERNAL_HIGH,Other,168.8286887758433,168.8286887758433,0.0,0.0,0.0
MDV,2025,AID_LOW__CONFLICT_EXTERNAL_LOW,Other,168.8286887758433,168.8286887758433,0.0,0.0,0.0
MDV,2025,AID_LOW__CONFLICT_INTERNAL_HIGH,Other,168.8286887758433,200.9005639242332,32.07187514838991,0.0,32.07187514838991
MDV,2025,AID_LOW__CONFLICT_INTERNAL_HIGH__CONFLICT_EXTERNAL_HIGH,Other,168.8286887758433,200.9005639242332,32.07187514838991,0.0,32.07187514838991
MDV,2025,AID_LOW__CONFLICT_INTERNAL_HIGH__CONFLICT_EXTERNAL_LOW,Other,168.8286887758433,200.9005639242332,32.07187514838991,0.0,32.07187514838991
MDV,2025,AID_LOW__CONFLICT_INTERNAL_LOW,Other,168.8286887758433,179.5193138253066,10.6906250494633,0.0,10.6906250494633
MDV,2025,AID_LOW__CONFLICT_INTERNAL_LOW__CONFLICT_EXTERNAL_HIGH,Other,168.8286887758433,179.5193138253066,10.6906250494633,0.0,10.6906250494633
MDV,2025,AID_LOW__CONFLICT_INTERNAL_LOW__CONFLICT_EXTERNAL_LOW,Other,168.8286887758433,179.5193138253066,10.6906250494633,0.0,10.6906250494633
MDV,2025,CONFLICT_EXTERNAL_HIGH,Other,168.8286887758433,168.8286887758433,0.0,0.0,0.0
MDV,2025,CONFLICT_EXTERNAL_LOW,Other,168.8286887758433,168.8286887758433,0.0,0.0,0.0
MDV,2025,CONFLICT_INTERNAL_HIGH,Other,168.8286887758433,200.9005639242332,32.07187514838991,0.0,32.07187514838991
MDV,2025,CONFLICT_INTERNAL_HIGH__CONFLICT_EXTERNAL_HIGH,Other,168.8286887758433,200.9005639242332,32.07187514838991,0.0,32.07187514838991
MDV,2025,CONFLICT_INTERNAL_HIGH__CONFLICT_EXTERNAL_LOW,Other,168.8286887758433,200.9005639242332,32.07187514838991,0.0,32.07187514838991
MDV,2025,CONFLICT_INTERNAL_LOW,Other,168.8286887758433,179.5193138253066,10.6906250494633,0.0,10.6906250494633
MDV,2025,CONFLICT_INTERNAL_LOW__CONFLICT_EXTERNAL_HIGH,Other,168.8286887758433,179.5193138253066,10.6906250494633,0.0,10.6906250494633
MDV,2025,CONFLICT_INTERNAL_LOW__CONFLICT_EXTERNAL_LOW,Other,168.8286887758433,179.5193138253066,10.6906250494633,0.0,10.6906250494633
MEX,2025,AID_HIGH,Other,782476.4423179645,782476.4423179645,0.0,0.0,0.0
MEX,2025,AID_HIGH__CONFLICT_EXTERNAL_HIGH,Other,782476.4423179645,782476.4423179645,0.0,0.0,0.0
MEX,2025,AID_HIGH__CONFLICT_EXTERNAL_LOW,Other,782476.4423179645,782476.4423179645,0.0,0.0,0.0
MEX,2025,AID_HIGH__CONFLICT_INTERNAL_HIGH,Other,782476.4423179645,1195380.3399327637,412903.8976147991,0.0,412903.8976147991
MEX,2025,AID_HIGH__CONFLICT_INTERNAL_HIGH__CONFLICT_EXTERNAL_HIGH,Other,782476.4423179645,1195380.3399327637,412903.8976147991,0.0,412903.8976147991
MEX,2025,AID_HIGH__CONFLICT_INTERNAL_HIGH__CONFLICT_EXTERNAL_LOW,Other,782476.4423179645,1195380.3399327637,412903.8976147991,0.0,412903.8976147991
MEX,2025,AID_HIGH__CONFLICT_INTERNAL_LOW,Other,782476.4423179645,920111.0748562309,137634.6325382663,0.0,137634.6325382663
MEX,2025,AID_HIGH__CONFLICT_INTERNAL_LOW__CONFLICT_EXTERNAL_HIGH,Other,782476.4423179645,920111.0748562309,137634.6325382663,0.0,137634.6325382663
MEX,2025,AID_HIGH__CONFLICT_INTERNAL_LOW__CONFLICT_EXTERNAL_LOW,Other,782476.4423179645,920111.0748562309,137634.6325382663,0.0,137634.6325382663
MEX,2025,AID_LOW,Other,782476.4423179645,782476.4423179645,0.0,0.0,0.0
MEX,2025,AID_LOW__CONFLICT_EXTERNAL_HIGH,Other,782476.4423179645,782476.4423179645,0.0,0.0,0.0
MEX,2025,AID_LOW__CONFLICT_EXTERNAL_LOW,Other,782476.4423179645,782476.4423179645,0.0,0.0,0.0
MEX,2025,AID_LOW__CONFLICT_INTERNAL_HIGH,Other,782476.4423179645,1195380.3399327637,412903.8976147991,0.0,412903.8976147991
MEX,2025,AID_LOW__CONFLICT_INTERNAL_HIGH__CONFLICT_EXTERNAL_HIGH,Other,782476.4423179645,1195380.3399327637,412903.8976147991,0.0,412903.8976147991
MEX,2025,AID_LOW__CONFLICT_INTERNAL_HIGH__CONFLICT_EXTERNAL_LOW,Other,782476.4423179645,1195380.3399327637,412903.8976147991,0.0,412903.8976147991
MEX,2025,AID_LOW__CONFLICT_INTERNAL_LOW,Other,782476.4423179645,920111.0748562309,137634.6325382663,0.0,137634.6325382663
MEX,2025,AID_LOW__CONFLICT_INTERNAL_LOW__CONFLICT_EXTERNAL_HIGH,Other,782476.4423179645,920111.0748562309,137634.6325382663,0.0,137634.6325382663
MEX,2025,AID_LOW__CONFLICT_INTERNAL_LOW__CONFLICT_EXTERNAL_LOW,Other,782476.4423179645,920111.0748562309,137634.6325382663,0.0,137634.6325382663
MEX,2025,CONFLICT_EXTERNAL_HIGH,Other,782476.4423179645,782476.4423179645,0.0,0.0,0.0
MEX,2025,CONFLICT_EXTERNAL_LOW,Other,782476.4423179645,782476.4423179645,0.0,0.0,0.0
MEX,2025,CONFLICT_INTERNAL_HIGH,Other,782476.4423179645,1195380.3399327637,412903.8976147991,0.0,412903.8976147991
MEX,2025,CONFLICT_INTERNAL_HIGH__CONFLICT_EXTERNAL_HIGH,Other,782476.4423179645,1195380.3399327637,412903.8976147991,0.0,412903.8976147991
MEX,2025,CONFLICT_INTERNAL_HIGH__CONFLICT_EXTERNAL_LOW,Other,782476.4423179645,1195380.3399327637,412903.8976147991,0.0,412903.8976147991
MEX,2025,CONFLICT_INTERNAL_LOW,Other,782476.4423179645,920111.0748562309,137634.6325382663,0.0,137634.6325382663
MEX,2025,CONFLICT_INTERNAL_LOW__CONFLICT_EXTERNAL_HIGH,Other,782476.4423179645,920111.0748562309,137634.6325382663,0.0,137634.6325382663
MEX,2025,CONFLICT_INTERNAL_LOW__CONFLICT_EXTERNAL_LOW,Other,782476.4423179645,920111.0748562309,137634.6325382663,0.0,137634.6325382663
MHL,2025,AID_HIGH,Other,1375.2799818289675,1375.2799818289675,0.0,0.0,0.0
MHL,2025,AID_HIGH__CONFLICT_EXTERNAL_HIGH,Other,1375.2799818289675,1375.2799818289675,0.0,0.0,0.0
MHL,2025,AID_HIGH__CONFLICT_EXTERNAL_LOW,Other,1375.2799818289675,1375.2799818289675,0.0,0.0,0.0
MHL,2025,AID_HIGH__CONFLICT_INTERNAL_HIGH,Other,1375.2799818289675,2100.2988573966886,725.0188755677211,0.0,725.0188755677211
MHL,2025,AID_HIGH__CONFLICT_INTERNAL_HIGH__CONFLICT_EXTERNAL_HIGH,Other,1375.2799818289675,2100.2988573966886,725.0188755677211,0.0,725.0188755677211
MHL,2025,AID_HIGH__CONFLICT_INTERNAL_HIGH__CONFLICT_EXTERNAL_LOW,Other,1375.2799818289675,2100.2988573966886,725.0188755677211,0.0,725.0188755677211
MHL,2025,AID_HIGH__CONFLICT_INTERNAL_LOW,Other,1375.2799818289675,1616.9529403515412,241.67295852257362,0.0,241.67295852257362
MHL,2025,AID_HIGH__CONFLICT_INTERNAL_LOW__CONFLICT_EXTERNAL_HIGH,Other,1375.2799818289675,1616.9529403515412,241.67295852257362,0.0,241.67295852257362
MHL,2025,AID_HIGH__CONFLICT_INTERNAL_LOW__CONFLICT_EXTERNAL_LOW,Other,1375.2799818289675,1616.9529403515412,241.67295852257362,0.0,241.67295852257362
MHL,2025,AID_LOW,Other,1375.2799818289675,1375.2799818289675,0.0,0.0,0.0
MHL,2025,AID_LOW__CONFLICT_EXTERNAL_HIGH,Other,1375.2799818289675,1375.2799818289675,0.0,0.0,0.0
MHL,2025,AID_LOW__CONFLICT_EXTERNAL_LOW,Other,1375.2799818289675,1375.2799818289675,0.0,0.0,0.0
MHL,2025,AID_LOW__CONFLICT_INTERNAL_HIGH,Other,1375.2799818289675,2100.2988573966886,725.0188755677211,0.0,725.0188755677211
MHL,2025,AID_LOW__CONFLICT_INTERNAL_HIGH__CONFLICT_EXTERNAL_HIGH,Other,1375.2799818289675,2100.2988573966886,725.0188755677211,0.0,725.0188755677211
MHL,2025,AID_LOW__CONFLICT_INTERNAL_HIGH__CONFLICT_EXTERNAL_LOW,Other,1375.2799818289675,2100.2988573966886,725.0188755677211,0.0,725.0188755677211
MHL,2025,AID_LOW__CONFLICT_INTERNAL_LOW,Other,1375.2799818289675,1616.9529403515412,241.67295852257362,0.0,241.67295852257362
MHL,2025,AID_LOW__CONFLICT_INTERNAL_LOW__CONFLICT_EXTERNAL_HIGH,Other,1375.2799818289675,1616.9529403515412,241.67295852257362,0.0,241.67295852257362
MHL,2025,AID_LOW__CONFLICT_INTERNAL_LOW__CONFLICT_EXTERNAL_LOW,Other,1375.2799818289675,1616.9529403515412,241.67295852257362,0.0,241.67295852257362
MHL,2025,CONFLICT_EXTERNAL_HIGH,Other,1375.2799818289675,1375.2799818289675,0.0,0.0,0.0
MHL,2025,CONFLICT_EXTERNAL_LOW,Other,1375.2799818289675,1375.2799818289675,0.0,0.0,0.0
MHL,2025,CONFLICT_INTERNAL_HIGH,Other,1375.2799818289675,2100.2988573966886,725.0188755677211,0.0,725.0188755677211
MHL,2025,CONFLICT_INTERNAL_HIGH__CONFLICT_EXTERNAL_HIGH,Other,1375.2799818289675,2100.2988573966886,725.0188755677211,0.0,725.0188755677211
MHL,2025,CONFLICT_INTERNAL_HIGH__CONFLICT_EXTERNAL_LOW,Other,1375.2799818289675,2100.2988573966886,725.0188755677211,0.0,725.0188755677211
MHL,2025,CONFLICT_INTERNAL_LOW,Other,1375.2799818289675,1616.9529403515412,241.67295852257362,0.0,241.67295852257362
MHL,2025,CONFLICT_INTERNAL_LOW__CONFLICT_EXTERNAL_HIGH,Other,1375.2799818289675,1616.9529403515412,241.67295852257362,0.0,241.67295852257362
MHL,2025,CONFLICT_INTERNAL_LOW__CONFLICT_EXTERNAL_LOW,Other,1375.2799818289675,1616.9529403515412,241.67295852257362,0.0,241.67295852257362
MLI,2025,AID_HIGH,Other,1967.19235712464,1967.19235712464,0.0,0.0,0.0
MLI,2025,AID_HIGH__CONFLICT_EXTERNAL_HIGH,Other,1967.19235712464,1967.19235712464,0.0,0.0,0.0
MLI,2025,AID_HIGH__CONFLICT_EXTERNAL_LOW,Other,1967.19235712464,1967.19235712464,0.0,0.0,0.0
MLI,2025,AID_HIGH__CONFLICT_INTERNAL_HIGH,Other,1967.19235712464,2904.803212803594,937.6108556789537,0.0,937.6108556789537
MLI,2025,AID_HIGH__CONFLICT_INTERNAL_HIGH__CONFLICT_EXTERNAL_HIGH,Other,1967.19235712464,2904.803212803594,937.6108556789537,0.0,937.6108556789537
MLI,2025,AID_HIGH__CONFLICT_INTERNAL_HIGH__CONFLICT_EXTERNAL_LOW,Other,1967.19235712464,2904.803212803594,937.6108556789537,0.0,937.6108556789537
MLI,2025,AID_HIGH__CONFLICT_INTERNAL_LOW,Other,1967.19235712464,2279.7293090176245,312.53695189298446,0.0,312.53695189298446
MLI,2025,AID_HIGH__CONFLICT_INTERNAL_LOW__CONFLICT_EXTERNAL_HIGH,Other,1967.19235712464,2279.7293090176245,312.53695189298446,0.0,312.53695189298446
MLI,2025,AID_HIGH__CONFLICT_INTERNAL_LOW__CONFLICT_EXTERNAL_LOW,Other,1967.19235712464,2279.7293090176245,312.53695189298446,0.0,312.53695189298446
MLI,2025,AID_LOW,Other,1967.19235712464,1967.19235712464,0.0,0.0,0.0
MLI,2025,AID_LOW__CONFLICT_EXTERNAL_HIGH,Other,1967.19235712464,1967.19235712464,0.0,0.0,0.0
MLI,2025,AID_LOW__CONFLICT_EXTERNAL_LOW,Other,1967.19235712464,1967.19235712464,0.0,0.0,0.0
MLI,2025,AID_LOW__CONFLICT_INTERNAL_HIGH,Other,1967.19235712464,2904.803212803594,937.6108556789537,0.0,937.6108556789537
MLI,2025,AID_LOW__CONFLICT_INTERNAL_HIGH__CONFLICT_EXTERNAL_HIGH,Other,1967.19235712464,2904.803212803594,937.6108556789537,0.0,937.6108556789537
MLI,2025,AID_LOW__CONFLICT_INTERNAL_HIGH__CONFLICT_EXTERNAL_LOW,Other,1967.19235712464,2904.803212803594,937.6108556789537,0.0,937.6108556789537
MLI,2025,AID_LOW__CONFLICT_INTERNAL_LOW,Other,1967.19235712464,2279.7293090176245,312.53695189298446,0.0,312.53695189298446
MLI,2025,AID_LOW__CONFLICT_INTERNAL_LOW__CONFLICT_EXTERNAL_HIGH,Other,1967.19235712464,2279.7293090176245,312.53695189298446,0.0,312.53695189298446
MLI,2025,AID_LOW__CONFLICT_INTERNAL_LOW__CONFLICT_EXTERNAL_LOW,Other,1967.19235712464,2279.7293090176245,312.53695189298446,0.0,312.53695189298446
MLI,2025,CONFLICT_EXTERNAL_HIGH,Other,1967.19235712464,1967.19235712464,0.0,0.0,0.0
MLI,2025,CONFLICT_EXTERNAL_LOW,Other,1967.19235712464,1967.19235712464,0.0,0.0,0.0
MLI,2025,CONFLICT_INTERNAL_HIGH,Other,1967.19235712464,2904.803212803594,937.6108556789537,0.0,937.6108556789537
MLI,2025,CONFLICT_INTERNAL_HIGH__CONFLICT_EXTERNAL_HIGH,Other,1967.19235712464,2904.803212803594,937.6108556789537,0.0,937.6108556789537
MLI,2025,CONFLICT_INTERNAL_HIGH__CONFLICT_EXTERNAL_LOW,Other,1967.19235712464,2904.803212803594,937.6108556789537,0.0,937.6108556789537
MLI,2025,CONFLICT_INTERNAL_LOW,Other,1967.19235712464,2279.7293090176245,312.53695189298446,0.0,312.53695189298446
MLI,2025,CONFLICT_INTERNAL_LOW__CONFLICT_EXTERNAL_HIGH,Other,1967.19235712464,2279.7293090176245,312.53695189298446,0.0,312.53695189298446
MLI,2025,CONFLICT_INTERNAL_LOW__CONFLICT_EXTERNAL_LOW,Other,1967.19235712464,2279.7293090176245,312.53695189298446,0.0,312.53695189298446
MLT,2025,AID_HIGH,Other,6836.4967771337315,6836.4967771337315,0.0,0.0,0.0
MLT,2025,AID_HIGH__CONFLICT_EXTERNAL_HIGH,Other,6836.4967771337315,6836.4967771337315,0.0,0.0,0.0
MLT,2025,AID_HIGH__CONFLICT_EXTERNAL_LOW,Other,6836.4967771337315,6836.4967771337315,0.0,0.0,0.0
MLT,2025,AID_HIGH__CONFLICT_INTERNAL_HIGH,Other,6836.4967771337315,10016.40896713925,3179.912190005517,0.0,3179.912190005517
MLT,2025,AID_HIGH__CONFLICT_INTERNAL_HIGH__CONFLICT_EXTERNAL_HIGH,Other,6836.4967771337315,10016.40896713925,3179.912190005517,0.0,3179.912190005517
MLT,2025,AID_HIGH__CONFLICT_INTERNAL_HIGH__CONFLICT_EXTERNAL_LOW,Other,6836.4967771337315,10016.40896713925,3179.912190005517,0.0,3179.912190005517
MLT,2025,AID_HIGH__CONFLICT_INTERNAL_LOW,Other,6836.4967771337315,7896.4675071355705,1059.9707300018385,0.0,1059.9707300018385
MLT,2025,AID_HIGH__CONFLICT_INTERNAL_LOW__CONFLICT_EXTERNAL_HIGH,Other,6836.4967771337315,7896.4675071355705,1059.9707300018385,0.0,1059.9707300018385
MLT,2025,AID_HIGH__CONFLICT_INTERNAL_LOW__CONFLICT_EXTERNAL_LOW,Other,6836.4967771337315,7896.4675071355705,1059.9707300018385,0.0,1059.9707300018385
MLT,2025,AID_LOW,Other,6836.4967771337315,6836.4967771337315,0.0,0.0,0.0
MLT,2025,AID_LOW__CONFLICT_EXTERNAL_HIGH,Other,6836.4967771337315,6836.4967771337315,0.0,0.0,0.0
MLT,2025,AID_LOW__CONFLICT_EXTERNAL_LOW,Other,6836.4967771337315,6836.4967771337315,0.0,0.0,0.0
MLT,2025,AID_LOW__CONFLICT_INTERNAL_HIGH,Other,6836.4967771337315,10016.40896713925,3179.912190005517,0.0,3179.912190005517
MLT,2025,AID_LOW__CONFLICT_INTERNAL_HIGH__CONFLICT_EXTERNAL_HIGH,Other,6836.4967771337315,10016.40896713925,3179.912190005517,0.0,3179.912190005517
MLT,2025,AID_LOW__CONFLICT_INTERNAL_HIGH__CONFLICT_EXTERNAL_LOW,Other,6836.4967771337315,10016.40896713925,3179.912190005517,0.0,3179.912190005517
MLT,2025,AID_LOW__CONFLICT_INTERNAL_LOW,Other,6836.4967771337315,7896.4675071355705,1059.9707300018385,0.0,1059.9707300018385
MLT,2025,AID_LOW__CONFLICT_INTERNAL_LOW__CONFLICT_EXTERNAL_HIGH,Other,6836.4967771337315,7896.4675071355705,1059.9707300018385,0.0,1059.9707300018385
MLT,2025,AID_LOW__CONFLICT_INTERNAL_LOW__CONFLICT_EXTERNAL_LOW,Other,6836.4967771337315,7896.4675071355705,1059.9707300018385,0.0,1059.9707300018385
MLT,2025,CONFLICT_EXTERNAL_HIGH,Other,6836.4967771337315,6836.4967771337315,0.0,0.0,0.0
MLT,2025,CONFLICT_EXTERNAL_LOW,Other,6836.4967771337315,6836.4967771337315,0.0,0.0,0.0
MLT,2025,CONFLICT_INTERNAL_HIGH,Other,6836.4967771337315,10016.40896713925,3179.912190005517,0.0,3179.912190005517
MLT,2025,CONFLICT_INTERNAL_HIGH__CONFLICT_EXTERNAL_HIGH,Other,6836.4967771337315,10016.40896713925,3179.912190005517,0.0,3179.912190005517
MLT,2025,CONFLICT_INTERNAL_HIGH__CONFLICT_EXTERNAL_LOW,Other,6836.4967771337315,10016.40896713925,3179.912190005517,0.0,3179.912190005517
MLT,2025,CONFLICT_INTERNAL_LOW,Other,6836.4967771337315,7896.4675071355705,1059.9707300018385,0.0,1059.9707300018385
MLT,2025,CONFLICT_INTERNAL_LOW__CONFLICT_EXTERNAL_HIGH,Other,6836.4967771337315,7896.4675071355705,1059.9707300018385,0.0,1059.9707300018385
MLT,2025,CONFLICT_INTERNAL_LOW__CONFLICT_EXTERNAL_LOW,Other,6836.4967771337315,7896.4675071355705,1059.9707300018385,0.0,1059.9707300018385
MNE,2025,AID_HIGH,Other,297.8881513009357,297.8881513009357,0.0,0.0,0.0
MNE,2025,AID_HIGH__CONFLICT_EXTERNAL_HIGH,Other,297.8881513009357,297.8881513009357,0.0,0.0,0.0
MNE,2025,AID_HIGH__CONFLICT_EXTERNAL_LOW,Other,297.8881513009357,297.8881513009357,0.0,0.0,0.0
MNE,2025,AID_HIGH__CONFLICT_INTERNAL_HIGH,Other,297.8881513009357,455.3265516662909,157.4384003653552,0.0,157.4384003653552
MNE,2025,AID_HIGH__CONFLICT_INTERNAL_HIGH__CONFLICT_EXTERNAL_HIGH,Other,297.8881513009357,455.3265516662909,157.4384003653552,0.0,157.4384003653552
MNE,2025,AID_HIGH__CONFLICT_INTERNAL_HIGH__CONFLICT_EXTERNAL_LOW,Other,297.8881513009357,455.3265516662909,157.4384003653552,0.0,157.4384003653552
MNE,2025,AID_HIGH__CONFLICT_INTERNAL_LOW,Other,297.8881513009357,350.3676180893874,52.47946678845171,0.0,52.47946678845171
MNE,2025,AID_HIGH__CONFLICT_INTERNAL_LOW__CONFLICT_EXTERNAL_HIGH,Other,297.8881513009357,350.3676180893874,52.47946678845171,0.0,52.47946678845171
MNE,2025,AID_HIGH__CONFLICT_INTERNAL_LOW__CONFLICT_EXTERNAL_LOW,Other,297.8881513009357,350.3676180893874,52.47946678845171,0.0,52.47946678845171
MNE,2025,AID_LOW,Other,297.8881513009357,297.8881513009357,0.0,0.0,0.0
MNE,2025,AID_LOW__CONFLICT_EXTERNAL_HIGH,Other,297.8881513009357,297.8881513009357,0.0,0.0,0.0
MNE,2025,AID_LOW__CONFLICT_EXTERNAL_LOW,Other,297.8881513009357,297.8881513009357,0.0,0.0,0.0
MNE,2025,AID_LOW__CONFLICT_INTERNAL_HIGH,Other,297.8881513009357,455.3265516662909,157.4384003653552,0.0,157.4384003653552
MNE,2025,AID_LOW__CONFLICT_INTERNAL_HIGH__CONFLICT_EXTERNAL_HIGH,Other,297.8881513009357,455.3265516662909,157.4384003653552,0.0,157.4384003653552
MNE,2025,AID_LOW__CONFLICT_INTERNAL_HIGH__CONFLICT_EXTERNAL_LOW,Other,297.8881513009357,455.3265516662909,157.4384003653552,0.0,157.4384003653552
MNE,2025,AID_LOW__CONFLICT_INTERNAL_LOW,Other,297.8881513009357,350.3676180893874,52.47946678845171,0.0,52.47946678845171
MNE,2025,AID_LOW__CONFLICT_INTERNAL_LOW__CONFLICT_EXTERNAL_HIGH,Other,297.8881513009357,350.3676180893874,52.47946678845171,0.0,52.47946678845171
MNE,2025,AID_LOW__CONFLICT_INTERNAL_LOW__CONFLICT_EXTERNAL_LOW,Other,297.8881513009357,350.3676180893874,52.47946678845171,0.0,52.47946678845171
MNE,2025,CONFLICT_EXTERNAL_HIGH,Other,297.8881513009357,297.8881513009357,0.0,0.0,0.0
MNE,2025,CONFLICT_EXTERNAL_LOW,Other,297.8881513009357,297.8881513009357,0.0,0.0,0.0
MNE,2025,CONFLICT_INTERNAL_HIGH,Other,297.8881513009357,455.3265516662909,157.4384003653552,0.0,157.4384003653552
MNE,2025,CONFLICT_INTERNAL_HIGH__CONFLICT_EXTERNAL_HIGH,Other,297.8881513009357,455.3265516662909,157.4384003653552,0.0,157.4384003653552
MNE,2025,CONFLICT_INTERNAL_HIGH__CONFLICT_EXTERNAL_LOW,Other,297.8881513009357,455.3265516662909,157.4384003653552,0.0,157.4384003653552
MNE,2025,CONFLICT_INTERNAL_LOW,Other,297.8881513009357,350.3676180893874,52.47946678845171,0.0,52.47946678845171
MNE,2025,CONFLICT_INTERNAL_LOW__CONFLICT_EXTERNAL_HIGH,Other,297.8881513009357,350.3676180893874,52.47946678845171,0.0,52.47946678845171
MNE,2025,CONFLICT_INTERNAL_LOW__CONFLICT_EXTERNAL_LOW,Other,297.8881513009357,350.3676180893874,52.47946678845171,0.0,52.47946678845171
MNG,2025,AID_HIGH,Other,873.1241786879375,873.1241786879375,0.0,0.0,0.0
MNG,2025,AID_HIGH__CONFLICT_EXTERNAL_HIGH,Other,873.1241786879375,873.1241786879375,0.0,0.0,0.0
MNG,2025,AID_HIGH__CONFLICT_EXTERNAL_LOW,Other,873.1241786879375,873.1241786879375,0.0,0.0,0.0
MNG,2025,AID_HIGH__CONFLICT_INTERNAL_HIGH,Other,873.1241786879375,1327.3891173216884,454.26493863375106,0.0,454.26493863375106
MNG,2025,AID_HIGH__CONFLICT_INTERNAL_HIGH__CONFLICT_EXTERNAL_HIGH,Other,873.1241786879375,1327.3891173216884,454.26493863375106,0.0,454.26493863375106
MNG,2025,AID_HIGH__CONFLICT_INTERNAL_HIGH__CONFLICT_EXTERNAL_LOW,Other,873.1241786879375,1327.3891173216884,454.26493863375106,0.0,454.26493863375106
MNG,2025,AID_HIGH__CONFLICT_INTERNAL_LOW,Other,873.1241786879375,1024.545824899188,151.4216462112503,0.0,151.4216462112503
MNG,2025,AID_HIGH__CONFLICT_INTERNAL_LOW__CONFLICT_EXTERNAL_HIGH,Other,873.1241786879375,1024.545824899188,151.4216462112503,0.0,151.4216462112503
MNG,2025,AID_HIGH__CONFLICT_INTERNAL_LOW__CONFLICT_EXTERNAL_LOW,Other,873.1241786879375,1024.545824899188,151.4216462112503,0.0,151.4216462112503
MNG,2025,AID_LOW,Other,873.1241786879375,873.1241786879375,0.0,0.0,0.0
MNG,2025,AID_LOW__CONFLICT_EXTERNAL_HIGH,Other,873.1241786879375,873.1241786879375,0.0,0.0,0.0
MNG,2025,AID_LOW__CONFLICT_EXTERNAL_LOW,Other,873.1241786879375,873.1241786879375,0.0,0.0,0.0
MNG,2025,AID_LOW__CONFLICT_INTERNAL_HIGH,Other,873.1241786879375,1327.3891173216884,454.26493863375106,0.0,454.26493863375106
MNG,2025,AID_LOW__CONFLICT_INTERNAL_HIGH__CONFLICT_EXTERNAL_HIGH,Other,873.1241786879375,1327.3891173216884,454.26493863375106,0.0,454.26493863375106
MNG,2025,AID_LOW__CONFLICT_INTERNAL_HIGH__CONFLICT_EXTERNAL_LOW,Other,873.1241786879375,1327.3891173216884,454.26493863375106,0.0,454.26493863375106
MNG,2025,AID_LOW__CONFLICT_INTERNAL_LOW,Other,873.1241786879375,1024.545824899188,151.4216462112503,0.0,151.4216462112503
MNG,2025,AID_LOW__CONFLICT_INTERNAL_LOW__CONFLICT_EXTERNAL_HIGH,Other,873.1241786879375,1024.545824899188,151.4216462112503,0.0,151.4216462112503
MNG,2025,AID_LOW__CONFLICT_INTERNAL_LOW__CONFLICT_EXTERNAL_LOW,Other,873.1241786879375,1024.545824899188,151.4216462112503,0.0,151.4216462112503
MNG,2025,CONFLICT_EXTERNAL_HIGH,Other,873.1241786879375,873.1241786879375,0.0,0.0,0.0
MNG,2025,CONFLICT_EXTERNAL_LOW,Other,873.1241786879375,873.1241786879375,0.0,0.0,0.0
MNG,2025,CONFLICT_INTERNAL_HIGH,Other,873.1241786879375,1327.3891173216884,454.26493863375106,0.0,454.26493863375106
MNG,2025,CONFLICT_INTERNAL_HIGH__CONFLICT_EXTERNAL_HIGH,Other,873.1241786879375,1327.3891173216884,454.26493863375106,0.0,454.26493863375106
MNG,2025,CONFLICT_INTERNAL_HIGH__CONFLICT_EXTERNAL_LOW,Other,873.1241786879375,1327.3891173216884,454.26493863375106,0.0,454.26493863375106
MNG,2025,CONFLICT_INTERNAL_LOW,Other,873.1241786879375,1024.545824899188,151.4216462112503,0.0,151.4216462112503
MNG,2025,CONFLICT_INTERNAL_LOW__CONFLICT_EXTERNAL_HIGH,Other,873.1241786879375,1024.545824899188,151.4216462112503,0.0,151.4216462112503
MNG,2025,CONFLICT_INTERNAL_LOW__CONFLICT_EXTERNAL_LOW,Other,873.1241786879375,1024.545824899188,151.4216462112503,0.0,151.4216462112503
MRT,2025,AID_HIGH,Other,123.9089685423334,123.9089685423334,0.0,0.0,0.0
MRT,2025,AID_HIGH__CONFLICT_EXTERNAL_HIGH,Other,123.9089685423334,123.9089685423334,0.0,0.0,0.0
MRT,2025,AID_HIGH__CONFLICT_EXTERNAL_LOW,Other,123.9089685423334,123.9089685423334,0.0,0.0,0.0
MRT,2025,AID_HIGH__CONFLICT_INTERNAL_HIGH,Other,123.9089685423334,186.583490980771,62.67452243843758,0.0,62.67452243843758
MRT,2025,AID_HIGH__CONFLICT_INTERNAL_HIGH__CONFLICT_EXTERNAL_HIGH,Other,123.9089685423334,186.583490980771,62.67452243843758,0.0,62.67452243843758
MRT,2025,AID_HIGH__CONFLICT_INTERNAL_HIGH__CONFLICT_EXTERNAL_LOW,Other,123.9089685423334,186.583490980771,62.67452243843758,0.0,62.67452243843758
MRT,2025,AID_HIGH__CONFLICT_INTERNAL_LOW,Other,123.9089685423334,144.80047602181259,20.891507479479184,0.0,20.891507479479184
MRT,2025,AID_HIGH__CONFLICT_INTERNAL_LOW__CONFLICT_EXTERNAL_HIGH,Other,123.9089685423334,144.80047602181259,20.891507479479184,0.0,20.891507479479184
MRT,2025,AID_HIGH__CONFLICT_INTERNAL_LOW__CONFLICT_EXTERNAL_LOW,Other,123.9089685423334,144.80047602181259,20.891507479479184,0.0,20.891507479479184
MRT,2025,AID_LOW,Other,123.9089685423334,123.9089685423334,0.0,0.0,0.0
MRT,2025,AID_LOW__CONFLICT_EXTERNAL_HIGH,Other,123.9089685423334,123.9089685423334,0.0,0.0,0.0
MRT,2025,AID_LOW__CONFLICT_EXTERNAL_LOW,Other,123.9089685423334,123.9089685423334,0.0,0.0,0.0
MRT,2025,AID_LOW__CONFLICT_INTERNAL_HIGH,Other,123.9089685423334,186.583490980771,62.67452243843758,0.0,62.67452243843758
MRT,2025,AID_LOW__CONFLICT_INTERNAL_HIGH__CONFLICT_EXTERNAL_HIGH,Other,123.9089685423334,186.583490980771,62.67452243843758,0.0,62.67452243843758
MRT,2025,AID_LOW__CONFLICT_INTERNAL_HIGH__CONFLICT_EXTERNAL_LOW,Other,123.9089685423334,186.583490980771,62.67452243843758,0.0,62.67452243843758
MRT,2025,AID_LOW__CONFLICT_INTERNAL_LOW,Other,123.9089685423334,144.80047602181259,20.891507479479184,0.0,20.891507479479184
MRT,2025,AID_LOW__CONFLICT_INTERNAL_LOW__CONFLICT_EXTERNAL_HIGH,Other,123.9089685423334,144.80047602181259,20.891507479479184,0.0,20.891507479479184
MRT,2025,AID_LOW__CONFLICT_INTERNAL_LOW__CONFLICT_EXTERNAL_LOW,Other,123.9089685423334,144.80047602181259,20.891507479479184,0.0,20.891507479479184
MRT,2025,CONFLICT_EXTERNAL_HIGH,Other,123.9089685423334,123.9089685423334,0.0,0.0,0.0
MRT,2025,CONFLICT_EXTERNAL_LOW,Other,123.9089685423334,123.9089685423334,0.0,0.0,0.0
MRT,2025,CONFLICT_INTERNAL_HIGH,Other,123.9089685423334,186.583490980771,62.67452243843758,0.0,62.67452243843758
MRT,2025,CONFLICT_INTERNAL_HIGH__CONFLICT_EXTERNAL_HIGH,Other,123.9089685423334,186.583490980771,62.67452243843758,0.0,62.67452243843758
MRT,2025,CONFLICT_INTERNAL_HIGH__CONFLICT_EXTERNAL_LOW,Other,123.9089685423334,186.583490980771,62.67452243843758,0.0,62.67452243843758
MRT,2025,CONFLICT_INTERNAL_LOW,Other,123.9089685423334,144.80047602181259,20.891507479479184,0.0,20.891507479479184
MRT,2025,CONFLICT_INTERNAL_LOW__CONFLICT_EXTERNAL_HIGH,Other,123.9089685423334,144.80047602181259,20.891507479479184,0.0,20.891507479479184
MRT,2025,CONFLICT_INTERNAL_LOW__CONFLICT_EXTERNAL_LOW,Other,123.9089685423334,144.80047602181259,20.891507479479184,0.0,20.891507479479184
MSR,2025,AID_HIGH,Other,120.01836446500826,120.01836446500826,0.0,0.0,0.0
MSR,2025,AID_HIGH__CONFLICT_EXTERNAL_HIGH,Other,120.01836446500826,120.01836446500826,0.0,0.0,0.0
MSR,2025,AID_HIGH__CONFLICT_EXTERNAL_LOW,Other,120.01836446500826,120.01836446500826,0.0,0.0,0.0
MSR,2025,AID_HIGH__CONFLICT_INTERNAL_HIGH,Other,120.01836446500826,181.69009454443085,61.67173007942258,0.0,61.67173007942258
MSR,2025,AID_HIGH__CONFLICT_INTERNAL_HIGH__CONFLICT_EXTERNAL_HIGH,Other,120.01836446500826,181.69009454443085,61.67173007942258,0.0,61.67173007942258
MSR,2025,AID_HIGH__CONFLICT_INTERNAL_HIGH__CONFLICT_EXTERNAL_LOW,Other,120.01836446500826,181.69009454443085,61.67173007942258,0.0,61.67173007942258
MSR,2025,AID_HIGH__CONFLICT_INTERNAL_LOW,Other,120.01836446500826,140.5756078248158,20.55724335980752,0.0,20.55724335980752
MSR,2025,AID_HIGH__CONFLICT_INTERNAL_LOW__CONFLICT_EXTERNAL_HIGH,Other,120.01836446500826,140.5756078248158,20.55724335980752,0.0,20.55724335980752
MSR,2025,AID_HIGH__CONFLICT_INTERNAL_LOW__CONFLICT_EXTERNAL_LOW,Other,120.01836446500826,140.5756078248158,20.55724335980752,0.0,20.55724335980752
MSR,2025,AID_LOW,Other,120.01836446500826,120.01836446500826,0.0,0.0,0.0
MSR,2025,AID_LOW__CONFLICT_EXTERNAL_HIGH,Other,120.01836446500826,120.01836446500826,0.0,0.0,0.0
MSR,2025,AID_LOW__CONFLICT_EXTERNAL_LOW,Other,120.01836446500826,120.01836446500826,0.0,0.0,0.0
MSR,2025,AID_LOW__CONFLICT_INTERNAL_HIGH,Other,120.01836446500826,181.69009454443085,61.67173007942258,0.0,61.67173007942258
MSR,2025,AID_LOW__CONFLICT_INTERNAL_HIGH__CONFLICT_EXTERNAL_HIGH,Other,120.01836446500826,181.69009454443085,61.67173007942258,0.0,61.67173007942258
MSR,2025,AID_LOW__CONFLICT_INTERNAL_HIGH__CONFLICT_EXTERNAL_LOW,Other,120.01836446500826,181.69009454443085,61.67173007942258,0.0,61.67173007942258
MSR,2025,AID_LOW__CONFLICT_INTERNAL_LOW,Other,120.01836446500826,140.5756078248158,20.55724335980752,0.0,20.55724335980752
MSR,2025,AID_LOW__CONFLICT_INTERNAL_LOW__CONFLICT_EXTERNAL_HIGH,Other,120.01836446500826,140.5756078248158,20.55724335980752,0.0,20.55724335980752
MSR,2025,AID_LOW__CONFLICT_INTERNAL_LOW__CONFLICT_EXTERNAL_LOW,Other,120.01836446500826,140.5756078248158,20.55724335980752,0.0,20.55724335980752
MSR,2025,CONFLICT_EXTERNAL_HIGH,Other,120.01836446500826,120.01836446500826,0.0,0.0,0.0
MSR,2025,CONFLICT_EXTERNAL_LOW,Other,120.01836446500826,120.01836446500826,0.0,0.0,0.0
MSR,2025,CONFLICT_INTERNAL_HIGH,Other,120.01836446500826,181.69009454443085,61.67173007942258,0.0,61.67173007942258
MSR,2025,CONFLICT_INTERNAL_HIGH__CONFLICT_EXTERNAL_HIGH,Other,120.01836446500826,181.69009454443085,61.67173007942258,0.0,61.67173007942258
MSR,2025,CONFLICT_INTERNAL_HIGH__CONFLICT_EXTERNAL_LOW,Other,120.01836446500826,181.69009454443085,61.67173007942258,0.0,61.67173007942258
MSR,2025,CONFLICT_INTERNAL_LOW,Other,120.01836446500826,140.5756078248158,20.55724335980752,0.0,20.55724335980752
MSR,2025,CONFLICT_INTERNAL_LOW__CONFLICT_EXTERNAL_HIGH,Other,120.01836446500826,140.5756078248158,20.55724335980752,0.0,20.55724335980752
MSR,2025,CONFLICT_INTERNAL_LOW__CONFLICT_EXTERNAL_LOW,Other,120.01836446500826,140.5756078248158,20.55724335980752,0.0,20.55724335980752
MUS,2025,AID_HIGH,Other,110.5268345237594,110.5268345237594,0.0,0.0,0.0
MUS,2025,AID_HIGH__CONFLICT_EXTERNAL_HIGH,Other,110.5268345237594,110.5268345237594,0.0,0.0,0.0
MUS,2025,AID_HIGH__CONFLICT_EXTERNAL_LOW,Other,110.5268345237594,110.5268345237594,0.0,0.0,0.0
MUS,2025,AID_HIGH__CONFLICT_INTERNAL_HIGH,Other,110.5268345237594,138.5396373772217,28.01280285346231,0.0,28.01280285346231
MUS,2025,AID_HIGH__CONFLICT_INTERNAL_HIGH__CONFLICT_EXTERNAL_HIGH,Other,110.5268345237594,138.5396373772217,28.01280285346231,0.0,28.01280285346231
MUS,2025,AID_HIGH__CONFLICT_INTERNAL_HIGH__CONFLICT_EXTERNAL_LOW,Other,110.5268345237594,138.5396373772217,28.01280285346231,0.0,28.01280285346231
MUS,2025,AID_HIGH__CONFLICT_INTERNAL_LOW,Other,110.5268345237594,119.8644354749135,9.337600951154101,0.0,9.337600951154101
MUS,2025,AID_HIGH__CONFLICT_INTERNAL_LOW__CONFLICT_EXTERNAL_HIGH,Other,110.5268345237594,119.8644354749135,9.337600951154101,0.0,9.337600951154101
MUS,2025,AID_HIGH__CONFLICT_INTERNAL_LOW__CONFLICT_EXTERNAL_LOW,Other,110.5268345237594,119.8644354749135,9.337600951154101,0.0,9.337600951154101
MUS,2025,AID_LOW,Other,110.5268345237594,110.5268345237594,0.0,0.0,0.0
MUS,2025,AID_LOW__CONFLICT_EXTERNAL_HIGH,Other,110.5268345237594,110.5268345237594,0.0,0.0,0.0
MUS,2025,AID_LOW__CONFLICT_EXTERNAL_LOW,Other,110.5268345237594,110.5268345237594,0.0,0.0,0.0
MUS,2025,AID_LOW__CONFLICT_INTERNAL_HIGH,Other,110.5268345237594,138.5396373772217,28.01280285346231,0.0,28.01280285346231
MUS,2025,AID_LOW__CONFLICT_INTERNAL_HIGH__CONFLICT_EXTERNAL_HIGH,Other,110.5268345237594,138.5396373772217,28.01280285346231,0.0,28.01280285346231
MUS,2025,AID_LOW__CONFLICT_INTERNAL_HIGH__CONFLICT_EXTERNAL_LOW,Other,110.5268345237594,138.5396373772217,28.01280285346231,0.0,28.01280285346231
MUS,2025,AID_LOW__CONFLICT_INTERNAL_LOW,Other,110.5268345237594,119.8644354749135,9.337600951154101,0.0,9.337600951154101
MUS,2025,AID_LOW__CONFLICT_INTERNAL_LOW__CONFLICT_EXTERNAL_HIGH,Other,110.5268345237594,119.8644354749135,9.337600951154101,0.0,9.337600951154101
MUS,2025,AID_LOW__CONFLICT_INTERNAL_LOW__CONFLICT_EXTERNAL_LOW,Other,110.5268345237594,119.8644354749135,9.337600951154101,0.0,9.337600951154101
MUS,2025,CONFLICT_EXTERNAL_HIGH,Other,110.5268345237594,110.5268345237594,0.0,0.0,0.0
MUS,2025,CONFLICT_EXTERNAL_LOW,Other,110.5268345237594,110.5268345237594,0.0,0.0,0.0
MUS,2025,CONFLICT_INTERNAL_HIGH,Other,110.5268345237594,138.5396373772217,28.01280285346231,0.0,28.01280285346231
MUS,2025,CONFLICT_INTERNAL_HIGH__CONFLICT_EXTERNAL_HIGH,Other,110.5268345237594,138.5396373772217,28.01280285346231,0.0,28.01280285346231
MUS,2025,CONFLICT_INTERNAL_HIGH__CONFLICT_EXTERNAL_LOW,Other,110.5268345237594,138.5396373772217,28.01280285346231,0.0,28.01280285346231
MUS,2025,CONFLICT_INTERNAL_LOW,Other,110.5268345237594,119.8644354749135,9.337600951154101,0.0,9.337600951154101
MUS,2025,CONFLICT_INTERNAL_LOW__CONFLICT_EXTERNAL_HIGH,Other,110.5268345237594,119.8644354749135,9.337600951154101,0.0,9.337600951154101
MUS,2025,CONFLICT_INTERNAL_LOW__CONFLICT_EXTERNAL_LOW,Other,110.5268345237594,119.8644354749135,9.337600951154101,0.0,9.337600951154101
MYS,2025,AID_HIGH,Chinese,63283.218349497925,64984.096024030805,1700.8776745328805,1700.8776745328805,0.0
MYS,2025,AID_HIGH,Indian,930298.1855541513,953006.4590019603,22708.273447809068,22708.273447809068,0.0
MYS,2025,AID_HIGH,Malay,279109.4791089633,285487.9914660834,6378.512357120117,6378.512357120117,0.0
MYS,2025,AID_HIGH,Non-Malaysian citizens,2912688.637537485,2981431.40451447,68742.76697698561,68742.76697698561,0.0
MYS,2025,AID_HIGH,Other Bumi,15.873855544250814,16.34339909656935,0.46954355231853556,0.46954355231853556,0.0
MYS,2025,AID_HIGH__CONFLICT_EXTERNAL_HIGH,Chinese,63283.218349497925,74824.88828382819,11541.669934330263,11541.669934330263,0.0
MYS,2025,AID_HIGH__CONFLICT_EXTERNAL_HIGH,Indian,930298.1855541513,1084390.0410928556,154091.85553870443,154091.85553870443,0.0
MYS,2025,AID_HIGH__CONFLICT_EXTERNAL_HIGH,Malay,279109.4791089633,322392.2415322783,43282.76242331508,43282.76242331508,0.0
MYS,2025,AID_HIGH__CONFLICT_EXTERNAL_HIGH,Non-Malaysian citizens,2912688.637537485,3379157.413452744,466468.77591525967,466468.77591525967,0.0
MYS,2025,AID_HIGH__CONFLICT_EXTERNAL_HIGH,Other Bumi,15.873855544250814,19.060043934983735,3.1861883907329207,3.1861883907329207,0.0
MYS,2025,AID_HIGH__CONFLICT_EXTERNAL_LOW,Chinese,63283.218349497925,68264.36011062993,4981.141761132007,4981.141761132007,0.0
MYS,2025,AID_HIGH__CONFLICT_EXTERNAL_LOW,Indian,930298.1855541513,996800.9863655922,66502.80081144084,66502.80081144084,0.0
MYS,2025,AID_HIGH__CONFLICT_EXTERNAL_LOW,Malay,279109.4791089633,297789.408154815,18679.929045851768,18679.929045851768,0.0
MYS,2025,AID_HIGH__CONFLICT_EXTERNAL_LOW,Non-Malaysian citizens,2912688.637537485,3114006.740827228,201318.1032897436,201318.1032897436,0.0
MYS,2025,AID_HIGH__CONFLICT_EXTERNAL_LOW,Other Bumi,15.873855544250814,17.24894737604081,1.375091831789997,1.375091831789997,0.0
MYS,2025,AID_HIGH__CONFLICT_INTERNAL_HIGH,Chinese,63283.218349497925,64984.096024030805,1700.8776745328805,1700.8776745328805,0.0
MYS,2025,AID_HIGH__CONFLICT_INTERNAL_HIGH,Indian,930298.1855541513,953006.4590019603,22708.273447809068,22708.273447809068,0.0
MYS,2025,AID_HIGH__CONFLICT_INTERNAL_HIGH,Malay,279109.4791089633,288443.58670258353,9334.107593620229,6378.512357120117,2955.5952365001144
MYS,2025,AID_HIGH__CONFLICT_INTERNAL_HIGH,Non-Malaysian citizens,2912688.637537485,3005076.1664064713,92387.52886898653,68742.76697698561,23644.761892000915
MYS,2025,AID_HIGH__CONFLICT_INTERNAL_HIGH,Other Bumi,15.873855544250814,16.34339909656935,0.46954355231853556,0.46954355231853556,0.0
MYS,2025,AID_HIGH__CONFLICT_INTERNAL_HIGH__CONFLICT_EXTERNAL_HIGH,Chinese,63283.218349497925,65968.17525001055,2684.956900512619,2684.956900512619,0.0
MYS,2025,AID_HIGH__CONFLICT_INTERNAL_HIGH__CONFLICT_EXTERNAL_HIGH,Indian,930298.1855541513,966144.8172110498,35846.63165689862,35846.63165689862,0.0
MYS,2025,AID_HIGH__CONFLICT_INTERNAL_HIGH__CONFLICT_EXTERNAL_HIGH,Malay,279109.4791089633,292134.011709203,13024.532600239729,10068.937363739615,2955.5952365001144
MYS,2025,AID_HIGH__CONFLICT_INTERNAL_HIGH__CONFLICT_EXTERNAL_HIGH,Non-Malaysian citizens,2912688.637537485,3044848.7673002984,132160.12976281397,108515.36787081306,23644.761892000915
MYS,2025,AID_HIGH__CONFLICT_INTERNAL_HIGH__CONFLICT_EXTERNAL_HIGH,Other Bumi,15.873855544250814,16.615063580410787,0.7412080361599744,0.7412080361599744,0.0
MYS,2025,AID_HIGH__CONFLICT_INTERNAL_HIGH__CONFLICT_EXTERNAL_LOW,Chinese,63283.218349497925,65312.12243269072,2028.9040831927932,2028.9040831927932,0.0
MYS,2025,AID_HIGH__CONFLICT_INTERNAL_HIGH__CONFLICT_EXTERNAL_LOW,Indian,930298.1855541513,957385.9117383236,27087.726184172247,27087.726184172247,0.0
MYS,2025,AID_HIGH__CONFLICT_INTERNAL_HIGH__CONFLICT_EXTERNAL_LOW,Malay,279109.4791089633,289673.7283714567,10564.249262493395,7608.65402599328,2955.5952365001144
MYS,2025,AID_HIGH__CONFLICT_INTERNAL_HIGH__CONFLICT_EXTERNAL_LOW,Non-Malaysian citizens,2912688.637537485,3018333.7000377467,105645.06250026233,82000.30060826142,23644.761892000915
MYS,2025,AID_HIGH__CONFLICT_INTERNAL_HIGH__CONFLICT_EXTERNAL_LOW,Other Bumi,15.873855544250814,16.433953924516494,0.5600983802656818,0.5600983802656818,0.0
MYS,2025,AID_HIGH__CONFLICT_INTERNAL_LOW,Chinese,63283.218349497925,64984.096024030805,1700.8776745328805,1700.8776745328805,0.0
MYS,2025,AID_HIGH__CONFLICT_INTERNAL_LOW,Indian,930298.1855541513,953006.4590019603,22708.273447809068,22708.273447809068,0.0
MYS,2025,AID_HIGH__CONFLICT_INTERNAL_LOW,Malay,279109.4791089633,286473.1898782501,7363.710769286821,6378.512357120117,985.1984121667048
MYS,2025,AID_HIGH__CONFLICT_INTERNAL_LOW,Non-Malaysian citizens,2912688.637537485,2989312.991811804,76624.35427431925,68742.76697698561,7881.587297333638
MYS,2025,AID_HIGH__CONFLICT_INTERNAL_LOW,Other Bumi,15.873855544250814,16.34339909656935,0.46954355231853556,0.46954355231853556,0.0
MYS,2025,AID_HIGH__CONFLICT_INTERNAL_LOW__CONFLICT_EXTERNAL_HIGH,Chinese,63283.218349497925,71872.65060588896,8589.432256391045,8589.432256391045,0.0
MYS,2025,AID_HIGH__CONFLICT_INTERNAL_LOW__CONFLICT_EXTERNAL_HIGH,Indian,930298.1855541513,1044974.9664655871,114676.78091143578,114676.78091143578,0.0
MYS,2025,AID_HIGH__CONFLICT_INTERNAL_LOW__CONFLICT_EXTERNAL_HIGH,Malay,279109.4791089633,312306.16492458654,33196.685815623285,32211.48740345658,985.1984121667048
MYS,2025,AID_HIGH__CONFLICT_INTERNAL_LOW__CONFLICT_EXTERNAL_HIGH,Non-Malaysian citizens,2912688.637537485,3267721.198068595,355032.56053111097,347150.97323377733,7881.587297333638
MYS,2025,AID_HIGH__CONFLICT_INTERNAL_LOW__CONFLICT_EXTERNAL_HIGH,Other Bumi,15.873855544250814,18.24505048345942,2.3711949392086042,2.3711949392086042,0.0
MYS,2025,AID_HIGH__CONFLICT_INTERNAL_LOW__CONFLICT_EXTERNAL_LOW,Chinese,63283.218349497925,67280.28088465019,3997.062535152269,3997.062535152269,0.0
MYS,2025,AID_HIGH__CONFLICT_INTERNAL_LOW__CONFLICT_EXTERNAL_LOW,Indian,930298.1855541513,983662.6281565026,53364.44260235131,53364.44260235131,0.0
MYS,2025,AID_HIGH__CONFLICT_INTERNAL_LOW__CONFLICT_EXTERNAL_LOW,Malay,279109.4791089633,295084.1815603622,15974.702451398975,14989.50403923227,985.1984121667048
MYS,2025,AID_HIGH__CONFLICT_INTERNAL_LOW__CONFLICT_EXTERNAL_LOW,Non-Malaysian citizens,2912688.637537485,3082115.727230734,169427.08969324984,161545.5023959162,7881.587297333638
MYS,2025,AID_HIGH__CONFLICT_INTERNAL_LOW__CONFLICT_EXTERNAL_LOW,Other Bumi,15.873855544250814,16.977282892199373,1.1034273479485586,1.1034273479485586,0.0
MYS,2025,AID_LOW,Chinese,63283.218349497925,64012.16592429773,728.9475747998058,728.9475747998058,0.0
MYS,2025,AID_LOW,Indian,930298.1855541513,940030.3027460694,9732.117191918172,9732.117191918172,0.0
MYS,2025,AID_LOW,Malay,279109.4791089633,281843.1272620148,2733.6481530514784,2733.6481530514784,0.0
MYS,2025,AID_LOW,Non-Malaysian citizens,2912688.637537485,2942149.823384764,29461.185847279554,29461.185847279554,0.0
MYS,2025,AID_LOW,Other Bumi,15.873855544250814,16.075088495244472,0.2012329509936581,0.2012329509936581,0.0
MYS,2025,AID_LOW__CONFLICT_EXTERNAL_HIGH,Chinese,63283.218349497925,72395.0630344955,9111.844684997572,9111.844684997572,0.0
MYS,2025,AID_LOW__CONFLICT_EXTERNAL_HIGH,Indian,930298.1855541513,1051949.6504531286,121651.46489897714,121651.46489897714,0.0
MYS,2025,AID_LOW__CONFLICT_EXTERNAL_HIGH,Malay,279109.4791089633,313280.08102210675,34170.60191314347,34170.60191314347,0.0
MYS,2025,AID_LOW__CONFLICT_EXTERNAL_HIGH,Non-Malaysian citizens,2912688.637537485,3280953.4606284793,368264.8230909943,368264.8230909943,0.0
MYS,2025,AID_LOW__CONFLICT_EXTERNAL_HIGH,Other Bumi,15.873855544250814,18.389267431671538,2.5154118874207256,2.5154118874207256,0.0
MYS,2025,AID_LOW__CONFLICT_EXTERNAL_LOW,Chinese,63283.218349497925,66806.46496103032,3523.246611532395,3523.246611532395,0.0
MYS,2025,AID_LOW__CONFLICT_EXTERNAL_LOW,Indian,930298.1855541513,977336.7519817558,47038.5664276045,47038.5664276045,0.0
MYS,2025,AID_LOW__CONFLICT_EXTERNAL_LOW,Malay,279109.4791089633,292322.1118487121,13212.632739748811,13212.632739748811,0.0
MYS,2025,AID_LOW__CONFLICT_EXTERNAL_LOW,Non-Malaysian citizens,2912688.637537485,3055084.3691326696,142395.7315951845,142395.7315951845,0.0
MYS,2025,AID_LOW__CONFLICT_EXTERNAL_LOW,Other Bumi,15.873855544250814,16.846481474053494,0.9726259298026808,0.9726259298026808,0.0
MYS,2025,AID_LOW__CONFLICT_INTERNAL_HIGH,Chinese,63283.218349497925,64012.16592429773,728.9475747998058,728.9475747998058,0.0
MYS,2025,AID_LOW__CONFLICT_INTERNAL_HIGH,Indian,930298.1855541513,940030.3027460694,9732.117191918172,9732.117191918172,0.0
MYS,2025,AID_LOW__CONFLICT_INTERNAL_HIGH,Malay,279109.4791089633,284798.72249851486,5689.243389551592,2733.6481530514784,2955.5952365001144
MYS,2025,AID_LOW__CONFLICT_INTERNAL_HIGH,Non-Malaysian citizens,2912688.637537485,2965794.5852767653,53105.94773928046,29461.185847279554,23644.761892000915
MYS,2025,AID_LOW__CONFLICT_INTERNAL_HIGH,Other Bumi,15.873855544250814,16.075088495244472,0.2012329509936581,0.2012329509936581,0.0
MYS,2025,AID_LOW__CONFLICT_INTERNAL_HIGH__CONFLICT_EXTERNAL_HIGH,Chinese,63283.218349497925,64850.45563531751,1567.2372858195833,1567.2372858195833,0.0
MYS,2025,AID_LOW__CONFLICT_INTERNAL_HIGH__CONFLICT_EXTERNAL_HIGH,Indian,930298.1855541513,951222.2375167755,20924.05196262408,20924.05196262408,0.0
MYS,2025,AID_LOW__CONFLICT_INTERNAL_HIGH__CONFLICT_EXTERNAL_HIGH,Malay,279109.4791089633,287942.4178745241,8832.938765560795,5877.34352906068,2955.5952365001144
MYS,2025,AID_LOW__CONFLICT_INTERNAL_HIGH__CONFLICT_EXTERNAL_HIGH,Non-Malaysian citizens,2912688.637537485,2999674.9490011367,86986.31146365197,63341.549571651056,23644.761892000915
MYS,2025,AID_LOW__CONFLICT_INTERNAL_HIGH__CONFLICT_EXTERNAL_HIGH,Other Bumi,15.873855544250814,16.30650638888718,0.4326508446363651,0.4326508446363651,0.0
MYS,2025,AID_LOW__CONFLICT_INTERNAL_HIGH__CONFLICT_EXTERNAL_LOW,Chinese,63283.218349497925,64291.59582797098,1008.377478473065,1008.377478473065,0.0
MYS,2025,AID_LOW__CONFLICT_INTERNAL_HIGH__CONFLICT_EXTERNAL_LOW,Indian,930298.1855541513,943760.9476696381,13462.762115486808,13462.762115486808,0.0
MYS,2025,AID_LOW__CONFLICT_INTERNAL_HIGH__CONFLICT_EXTERNAL_LOW,Malay,279109.4791089633,285846.6209571846,6737.141848221328,3781.5466117212122,2955.5952365001144
MYS,2025,AID_LOW__CONFLICT_INTERNAL_HIGH__CONFLICT_EXTERNAL_LOW,Non-Malaysian citizens,2912688.637537485,2977088.0398515556,64399.402314070976,40754.64042207006,23644.761892000915
MYS,2025,AID_LOW__CONFLICT_INTERNAL_HIGH__CONFLICT_EXTERNAL_LOW,Other Bumi,15.873855544250814,16.152227793125377,0.2783722488745604,0.2783722488745604,0.0
MYS,2025,AID_LOW__CONFLICT_INTERNAL_LOW,Chinese,63283.218349497925,64012.16592429773,728.9475747998058,728.9475747998058,0.0
MYS,2025,AID_LOW__CONFLICT_INTERNAL_LOW,Indian,930298.1855541513,940030.3027460694,9732.117191918172,9732.117191918172,0.0
MYS,2025,AID_LOW__CONFLICT_INTERNAL_LOW,Malay,279109.4791089633,282828.32567418145,3718.846565218183,2733.6481530514784,985.1984121667048
MYS,2025,AID_LOW__CONFLICT_INTERNAL_LOW,Non-Malaysian citizens,2912688.637537485,2950031.410682098,37342.77314461319,29461.185847279554,7881.587297333638
MYS,2025,AID_LOW__CONFLICT_INTERNAL_LOW,Other Bumi,15.873855544250814,16.075088495244472,0.2012329509936581,0.2012329509936581,0.0
MYS,2025,AID_LOW__CONFLICT_INTERNAL_LOW__CONFLICT_EXTERNAL_HIGH,Chinese,63283.218349497925,69880.19390143617,6596.975551938242,6596.975551938242,0.0
MYS,2025,AID_LOW__CONFLICT_INTERNAL_LOW__CONFLICT_EXTERNAL_HIGH,Indian,930298.1855541513,1018373.8461410108,88075.66058685943,88075.66058685943,0.0
MYS,2025,AID_LOW__CONFLICT_INTERNAL_LOW__CONFLICT_EXTERNAL_HIGH,Malay,279109.4791089633,304834.19330624584,25724.714197282574,24739.51578511587,985.1984121667048
MYS,2025,AID_LOW__CONFLICT_INTERNAL_LOW__CONFLICT_EXTERNAL_HIGH,Non-Malaysian citizens,2912688.637537485,3187193.956752698,274505.31921521353,266623.7319178799,7881.587297333638
MYS,2025,AID_LOW__CONFLICT_INTERNAL_LOW__CONFLICT_EXTERNAL_HIGH,Other Bumi,15.873855544250814,17.69501375074342,1.8211582064926055,1.8211582064926055,0.0
MYS,2025,AID_LOW__CONFLICT_INTERNAL_LOW__CONFLICT_EXTERNAL_LOW,Chinese,63283.218349497925,65968.17525001055,2684.9569005126186,2684.9569005126186,0.0
MYS,2025,AID_LOW__CONFLICT_INTERNAL_LOW__CONFLICT_EXTERNAL_LOW,Indian,930298.1855541513,966144.8172110498,35846.6316568986,35846.6316568986,0.0
MYS,2025,AID_LOW__CONFLICT_INTERNAL_LOW__CONFLICT_EXTERNAL_LOW,Malay,279109.4791089633,290163.6148848696,11054.135775906316,10068.937363739611,985.1984121667048
MYS,2025,AID_LOW__CONFLICT_INTERNAL_LOW__CONFLICT_EXTERNAL_LOW,Non-Malaysian citizens,2912688.637537485,3029085.5927056316,116396.95516814665,108515.36787081302,7881.587297333638
MYS,2025,AID_LOW__CONFLICT_INTERNAL_LOW__CONFLICT_EXTERNAL_LOW,Other Bumi,15.873855544250814,16.615063580410787,0.7412080361599741,0.7412080361599741,0.0
MYS,2025,CONFLICT_EXTERNAL_HIGH,Chinese,63283.218349497925,70572.69409749599,7289.475747998059,7289.475747998059,0.0
MYS,2025,CONFLICT_EXTERNAL_HIGH,Indian,930298.1855541513,1027619.3574733329,97321.17191918172,97321.17191918172,0.0
MYS,2025,CONFLICT_EXTERNAL_HIGH,Malay,279109.4791089633,306445.96063947806,27336.481530514782,27336.481530514782,0.0
MYS,2025,CONFLICT_EXTERNAL_HIGH,Non-Malaysian citizens,2912688.637537485,3207300.49601028,294611.8584727955,294611.8584727955,0.0
MYS,2025,CONFLICT_EXTERNAL_HIGH,Other Bumi,15.873855544250814,17.886185054187393,2.012329509936581,2.012329509936581,0.0
MYS,2025,CONFLICT_EXTERNAL_LOW,Chinese,63283.218349497925,65713.04359883061,2429.8252493326863,2429.8252493326863,0.0
MYS,2025,CONFLICT_EXTERNAL_LOW,Indian,930298.1855541513,962738.5761938784,32440.390639727244,32440.390639727244,0.0
MYS,2025,CONFLICT_EXTERNAL_LOW,Malay,279109.4791089633,288221.6396191349,9112.160510171594,9112.160510171594,0.0
MYS,2025,CONFLICT_EXTERNAL_LOW,Non-Malaysian citizens,2912688.637537485,3010892.59036175,98203.95282426517,98203.95282426517,0.0
MYS,2025,CONFLICT_EXTERNAL_LOW,Other Bumi,15.873855544250814,16.54463204756301,0.6707765033121937,0.6707765033121937,0.0
MYS,2025,CONFLICT_INTERNAL_HIGH,Chinese,63283.218349497925,63283.218349497925,0.0,0.0,0.0
MYS,2025,CONFLICT_INTERNAL_HIGH,Indian,930298.1855541513,930298.1855541513,0.0,0.0,0.0
MYS,2025,CONFLICT_INTERNAL_HIGH,Malay,279109.4791089633,282065.07434546336,2955.5952365001144,0.0,2955.5952365001144
MYS,2025,CONFLICT_INTERNAL_HIGH,Non-Malaysian citizens,2912688.637537485,2936333.3994294857,23644.761892000915,0.0,23644.761892000915
MYS,2025,CONFLICT_INTERNAL_HIGH,Other Bumi,15.873855544250814,15.873855544250814,0.0,0.0,0.0
MYS,2025,CONFLICT_INTERNAL_HIGH__CONFLICT_EXTERNAL_HIGH,Chinese,63283.218349497925,64012.16592429773,728.9475747998066,728.9475747998066,0.0
MYS,2025,CONFLICT_INTERNAL_HIGH__CONFLICT_EXTERNAL_HIGH,Indian,930298.1855541513,940030.3027460694,9732.117191918182,9732.117191918182,0.0
MYS,2025,CONFLICT_INTERNAL_HIGH__CONFLICT_EXTERNAL_HIGH,Malay,279109.4791089633,284798.72249851486,5689.243389551595,2733.6481530514807,2955.5952365001144
MYS,2025,CONFLICT_INTERNAL_HIGH__CONFLICT_EXTERNAL_HIGH,Non-Malaysian citizens,2912688.637537485,2965794.5852767653,53105.94773928049,29461.185847279583,23644.761892000915
MYS,2025,CONFLICT_INTERNAL_HIGH__CONFLICT_EXTERNAL_HIGH,Other Bumi,15.873855544250814,16.075088495244476,0.20123295099365832,0.20123295099365832,0.0
MYS,2025,CONFLICT_INTERNAL_HIGH__CONFLICT_EXTERNAL_LOW,Chinese,63283.218349497925,63526.20087443119,242.98252493326885,242.98252493326885,0.0
MYS,2025,CONFLICT_INTERNAL_HIGH__CONFLICT_EXTERNAL_LOW,Indian,930298.1855541513,933542.2246181241,3244.0390639727266,3244.0390639727266,0.0
MYS,2025,CONFLICT_INTERNAL_HIGH__CONFLICT_EXTERNAL_LOW,Malay,279109.4791089633,282976.2903964806,3866.8112875172737,911.2160510171602,2955.5952365001144
MYS,2025,CONFLICT_INTERNAL_HIGH__CONFLICT_EXTERNAL_LOW,Non-Malaysian citizens,2912688.637537485,2946153.794711912,33465.15717442743,9820.395282426527,23644.761892000915
MYS,2025,CONFLICT_INTERNAL_HIGH__CONFLICT_EXTERNAL_LOW,Other Bumi,15.873855544250814,15.940933194582033,0.06707765033121943,0.06707765033121943,0.0
MYS,2025,CONFLICT_INTERNAL_LOW,Chinese,63283.218349497925,63283.218349497925,0.0,0.0,0.0
MYS,2025,CONFLICT_INTERNAL_LOW,Indian,930298.1855541513,930298.1855541513,0.0,0.0,0.0
MYS,2025,CONFLICT_INTERNAL_LOW,Malay,279109.4791089633,280094.67752112995,985.1984121667048,0.0,985.1984121667048
MYS,2025,CONFLICT_INTERNAL_LOW,Non-Malaysian citizens,2912688.637537485,2920570.2248348184,7881.587297333638,0.0,7881.587297333638
MYS,2025,CONFLICT_INTERNAL_LOW,Other Bumi,15.873855544250814,15.873855544250814,0.0,0.0,0.0
MYS,2025,CONFLICT_INTERNAL_LOW__CONFLICT_EXTERNAL_HIGH,Chinese,63283.218349497925,68385.85137309656,5102.633023598641,5102.633023598641,0.0
MYS,2025,CONFLICT_INTERNAL_LOW__CONFLICT_EXTERNAL_HIGH,Indian,930298.1855541513,998423.0058975786,68124.8203434272,68124.8203434272,0.0
MYS,2025,CONFLICT_INTERNAL_LOW__CONFLICT_EXTERNAL_HIGH,Malay,279109.4791089633,299230.21459249035,20120.73548352705,19135.537071360344,985.1984121667048
MYS,2025,CONFLICT_INTERNAL_LOW__CONFLICT_EXTERNAL_HIGH,Non-Malaysian citizens,2912688.637537485,3126798.5257657752,214109.88822829048,206228.30093095682,7881.587297333638
MYS,2025,CONFLICT_INTERNAL_LOW__CONFLICT_EXTERNAL_HIGH,Other Bumi,15.873855544250814,17.28248620120642,1.4086306569556066,1.4086306569556066,0.0
MYS,2025,CONFLICT_INTERNAL_LOW__CONFLICT_EXTERNAL_LOW,Chinese,63283.218349497925,64984.096024030805,1700.8776745328805,1700.8776745328805,0.0
MYS,2025,CONFLICT_INTERNAL_LOW__CONFLICT_EXTERNAL_LOW,Indian,930298.1855541513,953006.4590019603,22708.273447809068,22708.273447809068,0.0
MYS,2025,CONFLICT_INTERNAL_LOW__CONFLICT_EXTERNAL_LOW,Malay,279109.4791089633,286473.1898782501,7363.710769286821,6378.512357120117,985.1984121667048
MYS,2025,CONFLICT_INTERNAL_LOW__CONFLICT_EXTERNAL_LOW,Non-Malaysian citizens,2912688.637537485,2989312.991811804,76624.35427431925,68742.76697698561,7881.587297333638
MYS,2025,CONFLICT_INTERNAL_LOW__CONFLICT_EXTERNAL_LOW,Other Bumi,15.873855544250814,16.34339909656935,0.46954355231853556,0.46954355231853556,0.0
NAM,2025,AID_HIGH,Other,1248.6809684072014,1248.6809684072014,0.0,0.0,0.0
NAM,2025,AID_HIGH__CONFLICT_EXTERNAL_HIGH,Other,1248.6809684072014,1248.6809684072014,0.0,0.0,0.0
NAM,2025,AID_HIGH__CONFLICT_EXTERNAL_LOW,Other,1248.6809684072014,1248.6809684072014,0.0,0.0,0.0
NAM,2025,AID_HIGH__CONFLICT_INTERNAL_HIGH,Other,1248.6809684072014,1834.317612732068,585.6366443248668,0.0,585.6366443248668
NAM,2025,AID_HIGH__CONFLICT_INTERNAL_HIGH__CONFLICT_EXTERNAL_HIGH,Other,1248.6809684072014,1834.317612732068,585.6366443248668,0.0,585.6366443248668
NAM,2025,AID_HIGH__CONFLICT_INTERNAL_HIGH__CONFLICT_EXTERNAL_LOW,Other,1248.6809684072014,1834.317612732068,585.6366443248668,0.0,585.6366443248668
NAM,2025,AID_HIGH__CONFLICT_INTERNAL_LOW,Other,1248.6809684072014,1443.8931831821567,195.21221477495556,0.0,195.21221477495556
NAM,2025,AID_HIGH__CONFLICT_INTERNAL_LOW__CONFLICT_EXTERNAL_HIGH,Other,1248.6809684072014,1443.8931831821567,195.21221477495556,0.0,195.21221477495556
NAM,2025,AID_HIGH__CONFLICT_INTERNAL_LOW__CONFLICT_EXTERNAL_LOW,Other,1248.6809684072014,1443.8931831821567,195.21221477495556,0.0,195.21221477495556
NAM,2025,AID_LOW,Other,1248.6809684072014,1248.6809684072014,0.0,0.0,0.0
NAM,2025,AID_LOW__CONFLICT_EXTERNAL_HIGH,Other,1248.6809684072014,1248.6809684072014,0.0,0.0,0.0
NAM,2025,AID_LOW__CONFLICT_EXTERNAL_LOW,Other,1248.6809684072014,1248.6809684072014,0.0,0.0,0.0
NAM,2025,AID_LOW__CONFLICT_INTERNAL_HIGH,Other,1248.6809684072014,1834.317612732068,585.6366443248668,0.0,585.6366443248668
NAM,2025,AID_LOW__CONFLICT_INTERNAL_HIGH__CONFLICT_EXTERNAL_HIGH,Other,1248.6809684072014,1834.317612732068,585.6366443248668,0.0,585.6366443248668
NAM,2025,AID_LOW__CONFLICT_INTERNAL_HIGH__CONFLICT_EXTERNAL_LOW,Other,1248.6809684072014,1834.317612732068,585.6366443248668,0.0,585.6366443248668
NAM,2025,AID_LOW__CONFLICT_INTERNAL_LOW,Other,1248.6809684072014,1443.8931831821567,195.21221477495556,0.0,195.21221477495556
NAM,2025,AID_LOW__CONFLICT_INTERNAL_LOW__CONFLICT_EXTERNAL_HIGH,Other,1248.6809684072014,1443.8931831821567,195.21221477495556,0.0,195.21221477495556
NAM,2025,AID_LOW__CONFLICT_INTERNAL_LOW__CONFLICT_EXTERNAL_LOW,Other,1248.6809684072014,1443.8931831821567,195.21221477495556,0.0,195.21221477495556
NAM,2025,CONFLICT_EXTERNAL_HIGH,Other,1248.6809684072014,1248.6809684072014,0.0,0.0,0.0
NAM,2025,CONFLICT_EXTERNAL_LOW,Other,1248.6809684072014,1248.6809684072014,0.0,0.0,0.0
NAM,2025,CONFLICT_INTERNAL_HIGH,Other,1248.6809684072014,1834.317612732068,585.6366443248668,0.0,585.6366443248668
NAM,2025,CONFLICT_INTERNAL_HIGH__CONFLICT_EXTERNAL_HIGH,Other,1248.6809684072014,1834.317612732068,585.6366443248668,0.0,585.6366443248668
NAM,2025,CONFLICT_INTERNAL_HIGH__CONFLICT_EXTERNAL_LOW,Other,1248.6809684072014,1834.317612732068,585.6366443248668,0.0,585.6366443248668
NAM,2025,CONFLICT_INTERNAL_LOW,Other,1248.6809684072014,1443.8931831821567,195.21221477495556,0.0,195.21221477495556
NAM,2025,CONFLICT_INTERNAL_LOW__CONFLICT_EXTERNAL_HIGH,Other,1248.6809684072014,1443.8931831821567,195.21221477495556,0.0,195.21221477495556
NAM,2025,CONFLICT_INTERNAL_LOW__CONFLICT_EXTERNAL_LOW,Other,1248.6809684072014,1443.8931831821567,195.21221477495556,0.0,195.21221477495556
NCL,2025,AID_HIGH,Other,984.116863019931,984.116863019931,0.0,0.0,0.0
NCL,2025,AID_HIGH__CONFLICT_EXTERNAL_HIGH,Other,984.116863019931,984.116863019931,0.0,0.0,0.0
NCL,2025,AID_HIGH__CONFLICT_EXTERNAL_LOW,Other,984.116863019931,984.116863019931,0.0,0.0,0.0
NCL,2025,AID_HIGH__CONFLICT_INTERNAL_HIGH,Other,984.116863019931,999.8671559432571,15.750292923326125,0.0,15.750292923326125
NCL,2025,AID_HIGH__CONFLICT_INTERNAL_HIGH__CONFLICT_EXTERNAL_HIGH,Other,984.116863019931,999.8671559432571,15.750292923326125,0.0,15.750292923326125
NCL,2025,AID_HIGH__CONFLICT_INTERNAL_HIGH__CONFLICT_EXTERNAL_LOW,Other,984.116863019931,999.8671559432571,15.750292923326125,0.0,15.750292923326125
NCL,2025,AID_HIGH__CONFLICT_INTERNAL_LOW,Other,984.116863019931,989.3669606610397,5.250097641108708,0.0,5.250097641108708
NCL,2025,AID_HIGH__CONFLICT_INTERNAL_LOW__CONFLICT_EXTERNAL_HIGH,Other,984.116863019931,989.3669606610397,5.250097641108708,0.0,5.250097641108708
NCL,2025,AID_HIGH__CONFLICT_INTERNAL_LOW__CONFLICT_EXTERNAL_LOW,Other,984.116863019931,989.3669606610397,5.250097641108708,0.0,5.250097641108708
NCL,2025,AID_LOW,Other,984.116863019931,984.116863019931,0.0,0.0,0.0
NCL,2025,AID_LOW__CONFLICT_EXTERNAL_HIGH,Other,984.116863019931,984.116863019931,0.0,0.0,0.0
NCL,2025,AID_LOW__CONFLICT_EXTERNAL_LOW,Other,984.116863019931,984.116863019931,0.0,0.0,0.0
NCL,2025,AID_LOW__CONFLICT_INTERNAL_HIGH,Other,984.116863019931,999.8671559432571,15.750292923326125,0.0,15.750292923326125
NCL,2025,AID_LOW__CONFLICT_INTERNAL_HIGH__CONFLICT_EXTERNAL_HIGH,Other,984.116863019931,999.8671559432571,15.750292923326125,0.0,15.750292923326125
NCL,2025,AID_LOW__CONFLICT_INTERNAL_HIGH__CONFLICT_EXTERNAL_LOW,Other,984.116863019931,999.8671559432571,15.750292923326125,0.0,15.750292923326125
NCL,2025,AID_LOW__CONFLICT_INTERNAL_LOW,Other,984.116863019931,989.3669606610397,5.250097641108708,0.0,5.250097641108708
NCL,2025,AID_LOW__CONFLICT_INTERNAL_LOW__CONFLICT_EXTERNAL_HIGH,Other,984.116863019931,989.3669606610397,5.250097641108708,0.0,5.250097641108708
NCL,2025,AID_LOW__CONFLICT_INTERNAL_LOW__CONFLICT_EXTERNAL_LOW,Other,984.116863019931,989.3669606610397,5.250097641108708,0.0,5.250097641108708
NCL,2025,CONFLICT_EXTERNAL_HIGH,Other,984.116863019931,984.116863019931,0.0,0.0,0.0
NCL,2025,CONFLICT_EXTERNAL_LOW,Other,984.116863019931,984.116863019931,0.0,0.0,0.0
NCL,2025,CONFLICT_INTERNAL_HIGH,Other,984.116863019931,999.8671559432571,15.750292923326125,0.0,15.750292923326125
NCL,2025,CONFLICT_INTERNAL_HIGH__CONFLICT_EXTERNAL_HIGH,Other,984.116863019931,999.8671559432571,15.750292923326125,0.0,15.750292923326125
NCL,2025,CONFLICT_INTERNAL_HIGH__CONFLICT_EXTERNAL_LOW,Other,984.116863019931,999.8671559432571,15.750292923326125,0.0,15.750292923326125
NCL,2025,CONFLICT_INTERNAL_LOW,Other,984.116863019931,989.3669606610397,5.250097641108708,0.0,5.250097641108708
NCL,2025,CONFLICT_INTERNAL_LOW__CONFLICT_EXTERNAL_HIGH,Other,984.116863019931,989.3669606610397,5.250097641108708,0.0,5.250097641108708
NCL,2025,CONFLICT_INTERNAL_LOW__CONFLICT_EXTERNAL_LOW,Other,984.116863019931,989.3669606610397,5.250097641108708,0.0,5.250097641108708
NIC,2025,AID_HIGH,Other,4198.59310544292,4198.59310544292,0.0,0.0,0.0
NIC,2025,AID_HIGH__CONFLICT_EXTERNAL_HIGH,Other,4198.59310544292,4198.59310544292,0.0,0.0,0.0
NIC,2025,AID_HIGH__CONFLICT_EXTERNAL_LOW,Other,4198.59310544292,4198.59310544292,0.0,0.0,0.0
NIC,2025,AID_HIGH__CONFLICT_INTERNAL_HIGH,Other,4198.59310544292,6163.063336753254,1964.4702313103332,0.0,1964.4702313103332
NIC,2025,AID_HIGH__CONFLICT_INTERNAL_HIGH__CONFLICT_EXTERNAL_HIGH,Other,4198.59310544292,6163.063336753254,1964.4702313103332,0.0,1964.4702313103332
NIC,2025,AID_HIGH__CONFLICT_INTERNAL_HIGH__CONFLICT_EXTERNAL_LOW,Other,4198.59310544292,6163.063336753254,1964.4702313103332,0.0,1964.4702313103332
NIC,2025,AID_HIGH__CONFLICT_INTERNAL_LOW,Other,4198.59310544292,4853.416515879698,654.8234104367775,0.0,654.8234104367775
NIC,2025,AID_HIGH__CONFLICT_INTERNAL_LOW__CONFLICT_EXTERNAL_HIGH,Other,4198.59310544292,4853.416515879698,654.8234104367775,0.0,654.8234104367775
NIC,2025,AID_HIGH__CONFLICT_INTERNAL_LOW__CONFLICT_EXTERNAL_LOW,Other,4198.59310544292,4853.416515879698,654.8234104367775,0.0,654.8234104367775
NIC,2025,AID_LOW,Other,4198.59310544292,4198.59310544292,0.0,0.0,0.0
NIC,2025,AID_LOW__CONFLICT_EXTERNAL_HIGH,Other,4198.59310544292,4198.59310544292,0.0,0.0,0.0
NIC,2025,AID_LOW__CONFLICT_EXTERNAL_LOW,Other,4198.59310544292,4198.59310544292,0.0,0.0,0.0
NIC,2025,AID_LOW__CONFLICT_INTERNAL_HIGH,Other,4198.59310544292,6163.063336753254,1964.4702313103332,0.0,1964.4702313103332
NIC,2025,AID_LOW__CONFLICT_INTERNAL_HIGH__CONFLICT_EXTERNAL_HIGH,Other,4198.59310544292,6163.063336753254,1964.4702313103332,0.0,1964.4702313103332
NIC,2025,AID_LOW__CONFLICT_INTERNAL_HIGH__CONFLICT_EXTERNAL_LOW,Other,4198.59310544292,6163.063336753254,1964.4702313103332,0.0,1964.4702313103332
NIC,2025,AID_LOW__CONFLICT_INTERNAL_LOW,Other,4198.59310544292,4853.416515879698,654.8234104367775,0.0,654.8234104367775
NIC,2025,AID_LOW__CONFLICT_INTERNAL_LOW__CONFLICT_EXTERNAL_HIGH,Other,4198.59310544292,4853.416515879698,654.8234104367775,0.0,654.8234104367775
NIC,2025,AID_LOW__CONFLICT_INTERNAL_LOW__CONFLICT_EXTERNAL_LOW,Other,4198.59310544292,4853.416515879698,654.8234104367775,0.0,654.8234104367775
NIC,2025,CONFLICT_EXTERNAL_HIGH,Other,4198.59310544292,4198.59310544292,0.0,0.0,0.0
NIC,2025,CONFLICT_EXTERNAL_LOW,Other,4198.59310544292,4198.59310544292,0.0,0.0,0.0
NIC,2025,CONFLICT_INTERNAL_HIGH,Other,4198.59310544292,6163.063336753254,1964.4702313103332,0.0,1964.4702313103332
NIC,2025,CONFLICT_INTERNAL_HIGH__CONFLICT_EXTERNAL_HIGH,Other,4198.59310544292,6163.063336753254,1964.4702313103332,0.0,1964.4702313103332
NIC,2025,CONFLICT_INTERNAL_HIGH__CONFLICT_EXTERNAL_LOW,Other,4198.59310544292,6163.063336753254,1964.4702313103332,0.0,1964.4702313103332
NIC,2025,CONFLICT_INTERNAL_LOW,Other,4198.59310544292,4853.416515879698,654.8234104367775,0.0,654.8234104367775
NIC,2025,CONFLICT_INTERNAL_LOW__CONFLICT_EXTERNAL_HIGH,Other,4198.59310544292,4853.416515879698,654.8234104367775,0.0,654.8234104367775
NIC,2025,CONFLICT_INTERNAL_LOW__CONFLICT_EXTERNAL_LOW,Other,4198.59310544292,4853.416515879698,654.8234104367775,0.0,654.8234104367775
NIU,2025,AID_HIGH,Other,7.140167992644509,7.140167992644509,0.0,0.0,0.0
NIU,2025,AID_HIGH__CONFLICT_EXTERNAL_HIGH,Other,7.140167992644509,7.140167992644509,0.0,0.0,0.0
NIU,2025,AID_HIGH__CONFLICT_EXTERNAL_LOW,Other,7.140167992644509,7.140167992644509,0.0,0.0,0.0
NIU,2025,AID_HIGH__CONFLICT_INTERNAL_HIGH,Other,7.140167992644509,11.652733608212014,4.512565615567505,0.0,4.512565615567505
NIU,2025,AID_HIGH__CONFLICT_INTERNAL_HIGH__CONFLICT_EXTERNAL_HIGH,Other,7.140167992644509,11.652733608212014,4.512565615567505,0.0,4.512565615567505
NIU,2025,AID_HIGH__CONFLICT_INTERNAL_HIGH__CONFLICT_EXTERNAL_LOW,Other,7.140167992644509,11.652733608212014,4.512565615567505,0.0,4.512565615567505
NIU,2025,AID_HIGH__CONFLICT_INTERNAL_LOW,Other,7.140167992644509,8.64435653116701,1.5041885385225013,0.0,1.5041885385225013
NIU,2025,AID_HIGH__CONFLICT_INTERNAL_LOW__CONFLICT_EXTERNAL_HIGH,Other,7.140167992644509,8.64435653116701,1.5041885385225013,0.0,1.5041885385225013
NIU,2025,AID_HIGH__CONFLICT_INTERNAL_LOW__CONFLICT_EXTERNAL_LOW,Other,7.140167992644509,8.64435653116701,1.5041885385225013,0.0,1.5041885385225013
NIU,2025,AID_LOW,Other,7.140167992644509,7.140167992644509,0.0,0.0,0.0
NIU,2025,AID_LOW__CONFLICT_EXTERNAL_HIGH,Other,7.140167992644509,7.140167992644509,0.0,0.0,0.0
NIU,2025,AID_LOW__CONFLICT_EXTERNAL_LOW,Other,7.140167992644509,7.140167992644509,0.0,0.0,0.0
NIU,2025,AID_LOW__CONFLICT_INTERNAL_HIGH,Other,7.140167992644509,11.652733608212014,4.512565615567505,0.0,4.512565615567505
NIU,2025,AID_LOW__CONFLICT_INTERNAL_HIGH__CONFLICT_EXTERNAL_HIGH,Other,7.140167992644509,11.652733608212014,4.512565615567505,0.0,4.512565615567505
NIU,2025,AID_LOW__CONFLICT_INTERNAL_HIGH__CONFLICT_EXTERNAL_LOW,Other,7.140167992644509,11.652733608212014,4.512565615567505,0.0,4.512565615567505
NIU,2025,AID_LOW__CONFLICT_INTERNAL_LOW,Other,7.140167992644509,8.64435653116701,1.5041885385225013,0.0,1.5041885385225013
NIU,2025,AID_LOW__CONFLICT_INTERNAL_LOW__CONFLICT_EXTERNAL_HIGH,Other,7.140167992644509,8.64435653116701,1.5041885385225013,0.0,1.5041885385225013
NIU,2025,AID_LOW__CONFLICT_INTERNAL_LOW__CONFLICT_EXTERNAL_LOW,Other,7.140167992644509,8.64435653116701,1.5041885385225013,0.0,1.5041885385225013
NIU,2025,CONFLICT_EXTERNAL_HIGH,Other,7.140167992644509,7.140167992644509,0.0,0.0,0.0
NIU,2025,CONFLICT_EXTERNAL_LOW,Other,7.140167992644509,7.140167992644509,0.0,0.0,0.0
NIU,2025,CONFLICT_INTERNAL_HIGH,Other,7.140167992644509,11.652733608212014,4.512565615567505,0.0,4.512565615567505
NIU,2025,CONFLICT_INTERNAL_HIGH__CONFLICT_EXTERNAL_HIGH,Other,7.140167992644509,11.652733608212014,4.512565615567505,0.0,4.512565615567505
NIU,2025,CONFLICT_INTERNAL_HIGH__CONFLICT_EXTERNAL_LOW,Other,7.140167992644509,11.652733608212014,4.512565615567505,0.0,4.512565615567505
NIU,2025,CONFLICT_INTERNAL_LOW,Other,7.140167992644509,8.64435653116701,1.5041885385225013,0.0,1.5041885385225013
NIU,2025,CONFLICT_INTERNAL_LOW__CONFLICT_EXTERNAL_HIGH,Other,7.140167992644509,8.64435653116701,1.5041885385225013,0.0,1.5041885385225013
NIU,2025,CONFLICT_INTERNAL_LOW__CONFLICT_EXTERNAL_LOW,Other,7.140167992644509,8.64435653116701,1.5041885385225013,0.0,1.5041885385225013
NLD,2025,AID_HIGH,Other,149417.98811403956,149417.98811403956,0.0,0.0,0.0
NLD,2025,AID_HIGH__CONFLICT_EXTERNAL_HIGH,Other,149417.98811403956,149417.98811403956,0.0,0.0,0.0
NLD,2025,AID_HIGH__CONFLICT_EXTERNAL_LOW,Other,149417.98811403956,149417.98811403956,0.0,0.0,0.0
NLD,2025,AID_HIGH__CONFLICT_INTERNAL_HIGH,Other,149417.98811403956,172597.52865970845,23179.540545668882,0.0,23179.540545668882
NLD,2025,AID_HIGH__CONFLICT_INTERNAL_HIGH__CONFLICT_EXTERNAL_HIGH,Other,149417.98811403956,172597.52865970845,23179.540545668882,0.0,23179.540545668882
NLD,2025,AID_HIGH__CONFLICT_INTERNAL_HIGH__CONFLICT_EXTERNAL_LOW,Other,149417.98811403956,172597.52865970845,23179.540545668882,0.0,23179.540545668882
NLD,2025,AID_HIGH__CONFLICT_INTERNAL_LOW,Other,149417.98811403956,157144.50162926252,7726.5135152229595,0.0,7726.5135152229595
NLD,2025,AID_HIGH__CONFLICT_INTERNAL_LOW__CONFLICT_EXTERNAL_HIGH,Other,149417.98811403956,157144.50162926252,7726.5135152229595,0.0,7726.5135152229595
NLD,2025,AID_HIGH__CONFLICT_INTERNAL_LOW__CONFLICT_EXTERNAL_LOW,Other,149417.98811403956,157144.50162926252,7726.5135152229595,0.0,7726.5135152229595
NLD,2025,AID_LOW,Other,149417.98811403956,149417.98811403956,0.0,0.0,0.0
NLD,2025,AID_LOW__CONFLICT_EXTERNAL_HIGH,Other,149417.98811403956,149417.98811403956,0.0,0.0,0.0
NLD,2025,AID_LOW__CONFLICT_EXTERNAL_LOW,Other,149417.98811403956,149417.98811403956,0.0,0.0,0.0
NLD,2025,AID_LOW__CONFLICT_INTERNAL_HIGH,Other,149417.98811403956,172597.52865970845,23179.540545668882,0.0,23179.540545668882
NLD,2025,AID_LOW__CONFLICT_INTERNAL_HIGH__CONFLICT_EXTERNAL_HIGH,Other,149417.98811403956,172597.52865970845,23179.540545668882,0.0,23179.540545668882
NLD,2025,AID_LOW__CONFLICT_INTERNAL_HIGH__CONFLICT_EXTERNAL_LOW,Other,149417.98811403956,172597.52865970845,23179.540545668882,0.0,23179.540545668882
NLD,2025,AID_LOW__CONFLICT_INTERNAL_LOW,Other,149417.98811403956,157144.50162926252,7726.5135152229595,0.0,7726.5135152229595
NLD,2025,AID_LOW__CONFLICT_INTERNAL_LOW__CONFLICT_EXTERNAL_HIGH,Other,149417.98811403956,157144.50162926252,7726.5135152229595,0.0,7726.5135152229595
NLD,2025,AID_LOW__CONFLICT_INTERNAL_LOW__CONFLICT_EXTERNAL_LOW,Other,149417.98811403956,157144.50162926252,7726.5135152229595,0.0,7726.5135152229595
NLD,2025,CONFLICT_EXTERNAL_HIGH,Other,149417.98811403956,149417.98811403956,0.0,0.0,0.0
NLD,2025,CONFLICT_EXTERNAL_LOW,Other,149417.98811403956,149417.98811403956,0.0,0.0,0.0
NLD,2025,CONFLICT_INTERNAL_HIGH,Other,149417.98811403956,172597.52865970845,23179.540545668882,0.0,23179.540545668882
NLD,2025,CONFLICT_INTERNAL_HIGH__CONFLICT_EXTERNAL_HIGH,Other,149417.98811403956,172597.52865970845,23179.540545668882,0.0,23179.540545668882
NLD,2025,CONFLICT_INTERNAL_HIGH__CONFLICT_EXTERNAL_LOW,Other,149417.98811403956,172597.52865970845,23179.540545668882,0.0,23179.540545668882
NLD,2025,CONFLICT_INTERNAL_LOW,Other,149417.98811403956,157144.50162926252,7726.5135152229595,0.0,7726.5135152229595
NLD,2025,CONFLICT_INTERNAL_LOW__CONFLICT_EXTERNAL_HIGH,Other,149417.98811403956,157144.50162926252,7726.5135152229595,0.0,7726.5135152229595
NLD,2025,CONFLICT_INTERNAL_LOW__CONFLICT_EXTERNAL_LOW,Other,149417.98811403956,157144.50162926252,7726.5135152229595,0.0,7726.5135152229595
NOR,2025,AID_HIGH,Other,25194.07854662835,25194.07854662835,0.0,0.0,0.0
NOR,2025,AID_HIGH__CONFLICT_EXTERNAL_HIGH,Other,25194.07854662835,25194.07854662835,0.0,0.0,0.0
NOR,2025,AID_HIGH__CONFLICT_EXTERNAL_LOW,Other,25194.07854662835,25194.07854662835,0.0,0.0,0.0
NOR,2025,AID_HIGH__CONFLICT_INTERNAL_HIGH,Other,25194.07854662835,35691.98853439497,10497.909987766625,0.0,10497.909987766625
NOR,2025,AID_HIGH__CONFLICT_INTERNAL_HIGH__CONFLICT_EXTERNAL_HIGH,Other,25194.07854662835,35691.98853439497,10497.909987766625,0.0,10497.909987766625
NOR,2025,AID_HIGH__CONFLICT_INTERNAL_HIGH__CONFLICT_EXTERNAL_LOW,Other,25194.07854662835,35691.98853439497,10497.909987766625,0.0,10497.909987766625
NOR,2025,AID_HIGH__CONFLICT_INTERNAL_LOW,Other,25194.07854662835,28693.38187588389,3499.3033292555406,0.0,3499.3033292555406
NOR,2025,AID_HIGH__CONFLICT_INTERNAL_LOW__CONFLICT_EXTERNAL_HIGH,Other,25194.07854662835,28693.38187588389,3499.3033292555406,0.0,3499.3033292555406
NOR,2025,AID_HIGH__CONFLICT_INTERNAL_LOW__CONFLICT_EXTERNAL_LOW,Other,25194.07854662835,28693.38187588389,3499.3033292555406,0.0,3499.3033292555406
NOR,2025,AID_LOW,Other,25194.07854662835,25194.07854662835,0.0,0.0,0.0
NOR,2025,AID_LOW__CONFLICT_EXTERNAL_HIGH,Other,25194.07854662835,25194.07854662835,0.0,0.0,0.0
NOR,2025,AID_LOW__CONFLICT_EXTERNAL_LOW,Other,25194.07854662835,25194.07854662835,0.0,0.0,0.0
NOR,2025,AID_LOW__CONFLICT_INTERNAL_HIGH,Other,25194.07854662835,35691.98853439497,10497.909987766625,0.0,10497.909987766625
NOR,2025,AID_LOW__CONFLICT_INTERNAL_HIGH__CONFLICT_EXTERNAL_HIGH,Other,25194.07854662835,35691.98853439497,10497.909987766625,0.0,10497.909987766625
NOR,2025,AID_LOW__CONFLICT_INTERNAL_HIGH__CONFLICT_EXTERNAL_LOW,Other,25194.07854662835,35691.98853439497,10497.909987766625,0.0,10497.909987766625
NOR,2025,AID_LOW__CONFLICT_INTERNAL_LOW,Other,25194.07854662835,28693.38187588389,3499.3033292555406,0.0,3499.3033292555406
NOR,2025,AID_LOW__CONFLICT_INTERNAL_LOW__CONFLICT_EXTERNAL_HIGH,Other,25194.07854662835,28693.38187588389,3499.3033292555406,0.0,3499.3033292555406
NOR,2025,AID_LOW__CONFLICT_INTERNAL_LOW__CONFLICT_EXTERNAL_LOW,Other,25194.07854662835,28693.38187588389,3499.3033292555406,0.0,3499.3033292555406
NOR,2025,CONFLICT_EXTERNAL_HIGH,Other,25194.07854662835,25194.07854662835,0.0,0.0,0.0
NOR,2025,CONFLICT_EXTERNAL_LOW,Other,25194.07854662835,25194.07854662835,0.0,0.0,0.0
NOR,2025,CONFLICT_INTERNAL_HIGH,Other,25194.07854662835,35691.98853439497,10497.909987766625,0.0,10497.909987766625
NOR,2025,CONFLICT_INTERNAL_HIGH__CONFLICT_EXTERNAL_HIGH,Other,25194.07854662835,35691.98853439497,10497.909987766625,0.0,10497.909987766625
NOR,2025,CONFLICT_INTERNAL_HIGH__CONFLICT_EXTERNAL_LOW,Other,25194.07854662835,35691.98853439497,10497.909987766625,0.0,10497.909987766625
NOR,2025,CONFLICT_INTERNAL_LOW,Other,25194.07854662835,28693.38187588389,3499.3033292555406,0.0,3499.3033292555406
NOR,2025,CONFLICT_INTERNAL_LOW__CONFLICT_EXTERNAL_HIGH,Other,25194.07854662835,28693.38187588389,3499.3033292555406,0.0,3499.3033292555406
NOR,2025,CONFLICT_INTERNAL_LOW__CONFLICT_EXTERNAL_LOW,Other,25194.07854662835,28693.38187588389,3499.3033292555406,0.0,3499.3033292555406
NZL,2025,AID_HIGH,Other,66910.43123546307,66910.43123546307,0.0,0.0,0.0
NZL,2025,AID_HIGH__CONFLICT_EXTERNAL_HIGH,Other,66910.43123546307,66910.43123546307,0.0,0.0,0.0
NZL,2025,AID_HIGH__CONFLICT_EXTERNAL_LOW,Other,66910.43123546307,66910.43123546307,0.0,0.0,0.0
NZL,2025,AID_HIGH__CONFLICT_INTERNAL_HIGH,Other,66910.43123546307,85008.10293529826,18097.6716998352,0.0,18097.6716998352
NZL,2025,AID_HIGH__CONFLICT_INTERNAL_HIGH__CONFLICT_EXTERNAL_HIGH,Other,66910.43123546307,85008.10293529826,18097.6716998352,0.0,18097.6716998352
NZL,2025,AID_HIGH__CONFLICT_INTERNAL_HIGH__CONFLICT_EXTERNAL_LOW,Other,66910.43123546307,85008.10293529826,18097.6716998352,0.0,18097.6716998352
NZL,2025,AID_HIGH__CONFLICT_INTERNAL_LOW,Other,66910.43123546307,72942.98846874146,6032.557233278398,0.0,6032.557233278398
NZL,2025,AID_HIGH__CONFLICT_INTERNAL_LOW__CONFLICT_EXTERNAL_HIGH,Other,66910.43123546307,72942.98846874146,6032.557233278398,0.0,6032.557233278398
NZL,2025,AID_HIGH__CONFLICT_INTERNAL_LOW__CONFLICT_EXTERNAL_LOW,Other,66910.43123546307,72942.98846874146,6032.557233278398,0.0,6032.557233278398
NZL,2025,AID_LOW,Other,66910.43123546307,66910.43123546307,0.0,0.0,0.0
NZL,2025,AID_LOW__CONFLICT_EXTERNAL_HIGH,Other,66910.43123546307,66910.43123546307,0.0,0.0,0.0
NZL,2025,AID_LOW__CONFLICT_EXTERNAL_LOW,Other,66910.43123546307,66910.43123546307,0.0,0.0,0.0
NZL,2025,AID_LOW__CONFLICT_INTERNAL_HIGH,Other,66910.43123546307,85008.10293529826,18097.6716998352,0.0,18097.6716998352
NZL,2025,AID_LOW__CONFLICT_INTERNAL_HIGH__CONFLICT_EXTERNAL_HIGH,Other,66910.43123546307,85008.10293529826,18097.6716998352,0.0,18097.6716998352
NZL,2025,AID_LOW__CONFLICT_INTERNAL_HIGH__CONFLICT_EXTERNAL_LOW,Other,66910.43123546307,85008.10293529826,18097.6716998352,0.0,18097.6716998352
NZL,2025,AID_LOW__CONFLICT_INTERNAL_LOW,Other,66910.43123546307,72942.98846874146,6032.557233278398,0.0,6032.557233278398
NZL,2025,AID_LOW__CONFLICT_INTERNAL_LOW__CONFLICT_EXTERNAL_HIGH,Other,66910.43123546307,72942.98846874146,6032.557233278398,0.0,6032.557233278398
NZL,2025,AID_LOW__CONFLICT_INTERNAL_LOW__CONFLICT_EXTERNAL_LOW,Other,66910.43123546307,72942.98846874146,6032.557233278398,0.0,6032.557233278398
NZL,2025,CONFLICT_EXTERNAL_HIGH,Other,66910.43123546307,66910.43123546307,0.0,0.0,0.0
NZL,2025,CONFLICT_EXTERNAL_LOW,Other,66910.43123546307,66910.43123546307,0.0,0.0,0.0
NZL,2025,CONFLICT_INTERNAL_HIGH,Other,66910.43123546307,85008.10293529826,18097.6716998352,0.0,18097.6716998352
NZL,2025,CONFLICT_INTERNAL_HIGH__CONFLICT_EXTERNAL_HIGH,Other,66910.43123546307,85008.10293529826,18097.6716998352,0.0,18097.6716998352
NZL,2025,CONFLICT_INTERNAL_HIGH__CONFLICT_EXTERNAL_LOW,Other,66910.43123546307,85008.10293529826,18097.6716998352,0.0,18097.6716998352
NZL,2025,CONFLICT_INTERNAL_LOW,Other,66910.43123546307,72942.98846874146,6032.557233278398,0.0,6032.557233278398
NZL,2025,CONFLICT_INTERNAL_LOW__CONFLICT_EXTERNAL_HIGH,Other,66910.43123546307,72942.98846874146,6032.557233278398,0.0,6032.557233278398
NZL,2025,CONFLICT_INTERNAL_LOW__CONFLICT_EXTERNAL_LOW,Other,66910.43123546307,72942.98846874146,6032.557233278398,0.0,6032.557233278398
PAK,2025,AID_HIGH,Other,319.3120549827921,319.3120549827921,0.0,0.0,0.0
PAK,2025,AID_HIGH__CONFLICT_EXTERNAL_HIGH,Other,319.3120549827921,319.3120549827921,0.0,0.0,0.0
PAK,2025,AID_HIGH__CONFLICT_EXTERNAL_LOW,Other,319.3120549827921,319.3120549827921,0.0,0.0,0.0
PAK,2025,AID_HIGH__CONFLICT_INTERNAL_HIGH,Other,319.3120549827921,325.050416738175,5.7383617553828445,0.0,5.7383617553828445
PAK,2025,AID_HIGH__CONFLICT_INTERNAL_HIGH__CONFLICT_EXTERNAL_HIGH,Other,319.3120549827921,325.050416738175,5.7383617553828445,0.0,5.7383617553828445
PAK,2025,AID_HIGH__CONFLICT_INTERNAL_HIGH__CONFLICT_EXTERNAL_LOW,Other,319.3120549827921,325.050416738175,5.7383617553828445,0.0,5.7383617553828445
PAK,2025,AID_HIGH__CONFLICT_INTERNAL_LOW,Other,319.3120549827921,321.2248422345864,1.9127872517942814,0.0,1.9127872517942814
PAK,2025,AID_HIGH__CONFLICT_INTERNAL_LOW__CONFLICT_EXTERNAL_HIGH,Other,319.3120549827921,321.2248422345864,1.9127872517942814,0.0,1.9127872517942814
PAK,2025,AID_HIGH__CONFLICT_INTERNAL_LOW__CONFLICT_EXTERNAL_LOW,Other,319.3120549827921,321.2248422345864,1.9127872517942814,0.0,1.9127872517942814
PAK,2025,AID_LOW,Other,319.3120549827921,319.3120549827921,0.0,0.0,0.0
PAK,2025,AID_LOW__CONFLICT_EXTERNAL_HIGH,Other,319.3120549827921,319.3120549827921,0.0,0.0,0.0
PAK,2025,AID_LOW__CONFLICT_EXTERNAL_LOW,Other,319.3120549827921,319.3120549827921,0.0,0.0,0.0
PAK,2025,AID_LOW__CONFLICT_INTERNAL_HIGH,Other,319.3120549827921,325.050416738175,5.7383617553828445,0.0,5.7383617553828445
PAK,2025,AID_LOW__CONFLICT_INTERNAL_HIGH__CONFLICT_EXTERNAL_HIGH,Other,319.3120549827921,325.050416738175,5.7383617553828445,0.0,5.7383617553828445
PAK,2025,AID_LOW__CONFLICT_INTERNAL_HIGH__CONFLICT_EXTERNAL_LOW,Other,319.3120549827921,325.050416738175,5.7383617553828445,0.0,5.7383617553828445
PAK,2025,AID_LOW__CONFLICT_INTERNAL_LOW,Other,319.3120549827921,321.2248422345864,1.9127872517942814,0.0,1.9127872517942814
PAK,2025,AID_LOW__CONFLICT_INTERNAL_LOW__CONFLICT_EXTERNAL_HIGH,Other,319.3120549827921,321.2248422345864,1.9127872517942814,0.0,1.9127872517942814
PAK,2025,AID_LOW__CONFLICT_INTERNAL_LOW__CONFLICT_EXTERNAL_LOW,Other,319.3120549827921,321.2248422345864,1.9127872517942814,0.0,1.9127872517942814
PAK,2025,CONFLICT_EXTERNAL_HIGH,Other,319.3120549827921,319.3120549827921,0.0,0.0,0.0
PAK,2025,CONFLICT_EXTERNAL_LOW,Other,319.3120549827921,319.3120549827921,0.0,0.0,0.0
PAK,2025,CONFLICT_INTERNAL_HIGH,Other,319.3120549827921,325.050416738175,5.7383617553828445,0.0,5.7383617553828445
PAK,2025,CONFLICT_INTERNAL_HIGH__CONFLICT_EXTERNAL_HIGH,Other,319.3120549827921,325.050416738175,5.7383617553828445,0.0,5.7383617553828445
PAK,2025,CONFLICT_INTERNAL_HIGH__CONFLICT_EXTERNAL_LOW,Other,319.3120549827921,325.050416738175,5.7383617553828445,0.0,5.7383617553828445
PAK,2025,CONFLICT_INTERNAL_LOW,Other,319.3120549827921,321.2248422345864,1.9127872517942814,0.0,1.9127872517942814
PAK,2025,CONFLICT_INTERNAL_LOW__CONFLICT_EXTERNAL_HIGH,Other,319.3120549827921,321.2248422345864,1.9127872517942814,0.0,1.9127872517942814
PAK,2025,CONFLICT_INTERNAL_LOW__CONFLICT_EXTERNAL_LOW,Other,319.3120549827921,321.2248422345864,1.9127872517942814,0.0,1.9127872517942814
PAN,2025,AID_HIGH,Other,25564.478775145526,25564.478775145526,0.0,0.0,0.0
PAN,2025,AID_HIGH__CONFLICT_EXTERNAL_HIGH,Other,25564.478775145526,25564.478775145526,0.0,0.0,0.0
PAN,2025,AID_HIGH__CONFLICT_EXTERNAL_LOW,Other,25564.478775145526,25564.478775145526,0.0,0.0,0.0
PAN,2025,AID_HIGH__CONFLICT_INTERNAL_HIGH,Other,25564.478775145526,38473.35435143541,12908.875576289882,0.0,12908.875576289882
PAN,2025,AID_HIGH__CONFLICT_INTERNAL_HIGH__CONFLICT_EXTERNAL_HIGH,Other,25564.478775145526,38473.35435143541,12908.875576289882,0.0,12908.875576289882
PAN,2025,AID_HIGH__CONFLICT_INTERNAL_HIGH__CONFLICT_EXTERNAL_LOW,Other,25564.478775145526,38473.35435143541,12908.875576289882,0.0,12908.875576289882
PAN,2025,AID_HIGH__CONFLICT_INTERNAL_LOW,Other,25564.478775145526,29867.437300575482,4302.95852542996,0.0,4302.95852542996
PAN,2025,AID_HIGH__CONFLICT_INTERNAL_LOW__CONFLICT_EXTERNAL_HIGH,Other,25564.478775145526,29867.437300575482,4302.95852542996,0.0,4302.95852542996
PAN,2025,AID_HIGH__CONFLICT_INTERNAL_LOW__CONFLICT_EXTERNAL_LOW,Other,25564.478775145526,29867.437300575482,4302.95852542996,0.0,4302.95852542996
PAN,2025,AID_LOW,Other,25564.478775145526,25564.478775145526,0.0,0.0,0.0
PAN,2025,AID_LOW__CONFLICT_EXTERNAL_HIGH,Other,25564.478775145526,25564.478775145526,0.0,0.0,0.0
PAN,2025,AID_LOW__CONFLICT_EXTERNAL_LOW,Other,25564.478775145526,25564.478775145526,0.0,0.0,0.0
PAN,2025,AID_LOW__CONFLICT_INTERNAL_HIGH,Other,25564.478775145526,38473.35435143541,12908.875576289882,0.0,12908.875576289882
PAN,2025,AID_LOW__CONFLICT_INTERNAL_HIGH__CONFLICT_EXTERNAL_HIGH,Other,25564.478775145526,38473.35435143541,12908.875576289882,0.0,12908.875576289882
PAN,2025,AID_LOW__CONFLICT_INTERNAL_HIGH__CONFLICT_EXTERNAL_LOW,Other,25564.478775145526,38473.35435143541,12908.875576289882,0.0,12908.875576289882
PAN,2025,AID_LOW__CONFLICT_INTERNAL_LOW,Other,25564.478775145526,29867.437300575482,4302.95852542996,0.0,4302.95852542996
PAN,2025,AID_LOW__CONFLICT_INTERNAL_LOW__CONFLICT_EXTERNAL_HIGH,Other,25564.478775145526,29867.437300575482,4302.95852542996,0.0,4302.95852542996
PAN,2025,AID_LOW__CONFLICT_INTERNAL_LOW__CONFLICT_EXTERNAL_LOW,Other,25564.478775145526,29867.437300575482,4302.95852542996,0.0,4302.95852542996
PAN,2025,CONFLICT_EXTERNAL_HIGH,Other,25564.478775145526,25564.478775145526,0.0,0.0,0.0
PAN,2025,CONFLICT_EXTERNAL_LOW,Other,25564.478775145526,25564.478775145526,0.0,0.0,0.0
PAN,2025,CONFLICT_INTERNAL_HIGH,Other,25564.478775145526,38473.35435143541,12908.875576289882,0.0,12908.875576289882
PAN,2025,CONFLICT_INTERNAL_HIGH__CONFLICT_EXTERNAL_HIGH,Other,25564.478775145526,38473.35435143541,12908.875576289882,0.0,12908.875576289882
PAN,2025,CONFLICT_INTERNAL_HIGH__CONFLICT_EXTERNAL_LOW,Other,25564.478775145526,38473.35435143541,12908.875576289882,0.0,12908.875576289882
PAN,2025,CONFLICT_INTERNAL_LOW,Other,25564.478775145526,29867.437300575482,4302.95852542996,0.0,4302.95852542996
PAN,2025,CONFLICT_INTERNAL_LOW__CONFLICT_EXTERNAL_HIGH,Other,25564.478775145526,29867.437300575482,4302.95852542996,0.0,4302.95852542996
PAN,2025,CONFLICT_INTERNAL_LOW__CONFLICT_EXTERNAL_LOW,Other,25564.478775145526,29867.437300575482,4302.95852542996,0.0,4302.95852542996
PER,2025,AID_HIGH,Other,11319.295925975775,11319.295925975775,0.0,0.0,0.0
PER,2025,AID_HIGH__CONFLICT_EXTERNAL_HIGH,Other,11319.295925975775,11319.295925975775,0.0,0.0,0.0
PER,2025,AID_HIGH__CONFLICT_EXTERNAL_LOW,Other,11319.295925975775,11319.295925975775,0.0,0.0,0.0
PER,2025,AID_HIGH__CONFLICT_INTERNAL_HIGH,Other,11319.295925975775,17031.201202925065,5711.90527694929,0.0,5711.90527694929
PER,2025,AID_HIGH__CONFLICT_INTERNAL_HIGH__CONFLICT_EXTERNAL_HIGH,Other,11319.295925975775,17031.201202925065,5711.90527694929,0.0,5711.90527694929
PER,2025,AID_HIGH__CONFLICT_INTERNAL_HIGH__CONFLICT_EXTERNAL_LOW,Other,11319.295925975775,17031.201202925065,5711.90527694929,0.0,5711.90527694929
PER,2025,AID_HIGH__CONFLICT_INTERNAL_LOW,Other,11319.295925975775,13223.264351625538,1903.9684256497628,0.0,1903.9684256497628
PER,2025,AID_HIGH__CONFLICT_INTERNAL_LOW__CONFLICT_EXTERNAL_HIGH,Other,11319.295925975775,13223.264351625538,1903.9684256497628,0.0,1903.9684256497628
PER,2025,AID_HIGH__CONFLICT_INTERNAL_LOW__CONFLICT_EXTERNAL_LOW,Other,11319.295925975775,13223.264351625538,1903.9684256497628,0.0,1903.9684256497628
PER,2025,AID_LOW,Other,11319.295925975775,11319.295925975775,0.0,0.0,0.0
PER,2025,AID_LOW__CONFLICT_EXTERNAL_HIGH,Other,11319.295925975775,11319.295925975775,0.0,0.0,0.0
PER,2025,AID_LOW__CONFLICT_EXTERNAL_LOW,Other,11319.295925975775,11319.295925975775,0.0,0.0,0.0
PER,2025,AID_LOW__CONFLICT_INTERNAL_HIGH,Other,11319.295925975775,17031.201202925065,5711.90527694929,0.0,5711.90527694929
PER,2025,AID_LOW__CONFLICT_INTERNAL_HIGH__CONFLICT_EXTERNAL_HIGH,Other,11319.295925975775,17031.201202925065,5711.90527694929,0.0,5711.90527694929
PER,2025,AID_LOW__CONFLICT_INTERNAL_HIGH__CONFLICT_EXTERNAL_LOW,Other,11319.295925975775,17031.201202925065,5711.90527694929,0.0,5711.90527694929
PER,2025,AID_LOW__CONFLICT_INTERNAL_LOW,Other,11319.295925975775,13223.264351625538,1903.9684256497628,0.0,1903.9684256497628
PER,2025,AID_LOW__CONFLICT_INTERNAL_LOW__CONFLICT_EXTERNAL_HIGH,Other,11319.295925975775,13223.264351625538,1903.9684256497628,0.0,1903.9684256497628
PER,2025,AID_LOW__CONFLICT_INTERNAL_LOW__CONFLICT_EXTERNAL_LOW,Other,11319.295925975775,13223.264351625538,1903.9684256497628,0.0,1903.9684256497628
PER,2025,CONFLICT_EXTERNAL_HIGH,Other,11319.295925975775,11319.295925975775,0.0,0.0,0.0
PER,2025,CONFLICT_EXTERNAL_LOW,Other,11319.295925975775,11319.295925975775,0.0,0.0,0.0
PER,2025,CONFLICT_INTERNAL_HIGH,Other,11319.295925975775,17031.201202925065,5711.90527694929,0.0,5711.90527694929
PER,2025,CONFLICT_INTERNAL_HIGH__CONFLICT_EXTERNAL_HIGH,Other,11319.295925975775,17031.201202925065,5711.90527694929,0.0,5711.90527694929
PER,2025,CONFLICT_INTERNAL_HIGH__CONFLICT_EXTERNAL_LOW,Other,11319.295925975775,17031.201202925065,5711.90527694929,0.0,5711.90527694929
PER,2025,CONFLICT_INTERNAL_LOW,Other,11319.295925975775,13223.264351625538,1903.9684256497628,0.0,1903.9684256497628
PER,2025,CONFLICT_INTERNAL_LOW__CONFLICT_EXTERNAL_HIGH,Other,11319.295925975775,13223.264351625538,1903.9684256497628,0.0,1903.9684256497628
PER,2025,CONFLICT_INTERNAL_LOW__CONFLICT_EXTERNAL_LOW,Other,11319.295925975775,13223.264351625538,1903.9684256497628,0.0,1903.9684256497628
PHL,2025,AID_HIGH,Other,6395.010027463424,6395.010027463424,0.0,0.0,0.0
PHL,2025,AID_HIGH__CONFLICT_EXTERNAL_HIGH,Other,6395.010027463424,6395.010027463424,0.0,0.0,0.0
PHL,2025,AID_HIGH__CONFLICT_EXTERNAL_LOW,Other,6395.010027463424,6395.010027463424,0.0,0.0,0.0
PHL,2025,AID_HIGH__CONFLICT_INTERNAL_HIGH,Other,6395.010027463424,9638.541912697323,3243.5318852338983,0.0,3243.5318852338983
PHL,2025,AID_HIGH__CONFLICT_INTERNAL_HIGH__CONFLICT_EXTERNAL_HIGH,Other,6395.010027463424,9638.541912697323,3243.5318852338983,0.0,3243.5318852338983
PHL,2025,AID_HIGH__CONFLICT_INTERNAL_HIGH__CONFLICT_EXTERNAL_LOW,Other,6395.010027463424,9638.541912697323,3243.5318852338983,0.0,3243.5318852338983
PHL,2025,AID_HIGH__CONFLICT_INTERNAL_LOW,Other,6395.010027463424,7476.18732254139,1081.1772950779657,0.0,1081.1772950779657
PHL,2025,AID_HIGH__CONFLICT_INTERNAL_LOW__CONFLICT_EXTERNAL_HIGH,Other,6395.010027463424,7476.18732254139,1081.1772950779657,0.0,1081.1772950779657
PHL,2025,AID_HIGH__CONFLICT_INTERNAL_LOW__CONFLICT_EXTERNAL_LOW,Other,6395.010027463424,7476.18732254139,1081.1772950779657,0.0,1081.1772950779657
PHL,2025,AID_LOW,Other,6395.010027463424,6395.010027463424,0.0,0.0,0.0
PHL,2025,AID_LOW__CONFLICT_EXTERNAL_HIGH,Other,6395.010027463424,6395.010027463424,0.0,0.0,0.0
PHL,2025,AID_LOW__CONFLICT_EXTERNAL_LOW,Other,6395.010027463424,6395.010027463424,0.0,0.0,0.0
PHL,2025,AID_LOW__CONFLICT_INTERNAL_HIGH,Other,6395.010027463424,9638.541912697323,3243.5318852338983,0.0,3243.5318852338983
PHL,2025,AID_LOW__CONFLICT_INTERNAL_HIGH__CONFLICT_EXTERNAL_HIGH,Other,6395.010027463424,9638.541912697323,3243.5318852338983,0.0,3243.5318852338983
PHL,2025,AID_LOW__CONFLICT_INTERNAL_HIGH__CONFLICT_EXTERNAL_LOW,Other,6395.010027463424,9638.541912697323,3243.5318852338983,0.0,3243.5318852338983
PHL,2025,AID_LOW__CONFLICT_INTERNAL_LOW,Other,6395.010027463424,7476.18732254139,1081.1772950779657,0.0,1081.1772950779657
PHL,2025,AID_LOW__CONFLICT_INTERNAL_LOW__CONFLICT_EXTERNAL_HIGH,Other,6395.010027463424,7476.18732254139,1081.1772950779657,0.0,1081.1772950779657
PHL,2025,AID_LOW__CONFLICT_INTERNAL_LOW__CONFLICT_EXTERNAL_LOW,Other,6395.010027463424,7476.18732254139,1081.1772950779657,0.0,1081.1772950779657
PHL,2025,CONFLICT_EXTERNAL_HIGH,Other,6395.010027463424,6395.010027463424,0.0,0.0,0.0
PHL,2025,CONFLICT_EXTERNAL_LOW,Other,6395.010027463424,6395.010027463424,0.0,0.0,0.0
PHL,2025,CONFLICT_INTERNAL_HIGH,Other,6395.010027463424,9638.541912697323,3243.5318852338983,0.0,3243.5318852338983
PHL,2025,CONFLICT_INTERNAL_HIGH__CONFLICT_EXTERNAL_HIGH,Other,6395.010027463424,9638.541912697323,3243.5318852338983,0.0,3243.5318852338983
PHL,2025,CONFLICT_INTERNAL_HIGH__CONFLICT_EXTERNAL_LOW,Other,6395.010027463424,9638.541912697323,3243.5318852338983,0.0,3243.5318852338983
PHL,2025,CONFLICT_INTERNAL_LOW,Other,6395.010027463424,7476.18732254139,1081.1772950779657,0.0,1081.1772950779657
PHL,2025,CONFLICT_INTERNAL_LOW__CONFLICT_EXTERNAL_HIGH,Other,6395.010027463424,7476.18732254139,1081.1772950779657,0.0,1081.1772950779657
PHL,2025,CONFLICT_INTERNAL_LOW__CONFLICT_EXTERNAL_LOW,Other,6395.010027463424,7476.18732254139,1081.1772950779657,0.0,1081.1772950779657
PLW,2025,AID_HIGH,Other,331.48661944131084,331.48661944131084,0.0,0.0,0.0
PLW,2025,AID_HIGH__CONFLICT_EXTERNAL_HIGH,Other,331.48661944131084,331.48661944131084,0.0,0.0,0.0
PLW,2025,AID_HIGH__CONFLICT_EXTERNAL_LOW,Other,331.48661944131084,331.48661944131084,0.0,0.0,0.0
PLW,2025,AID_HIGH__CONFLICT_INTERNAL_HIGH,Other,331.48661944131084,502.4627166533544,170.97609721204353,0.0,170.97609721204353
PLW,2025,AID_HIGH__CONFLICT_INTERNAL_HIGH__CONFLICT_EXTERNAL_HIGH,Other,331.48661944131084,502.4627166533544,170.97609721204353,0.0,170.97609721204353
PLW,2025,AID_HIGH__CONFLICT_INTERNAL_HIGH__CONFLICT_EXTERNAL_LOW,Other,331.48661944131084,502.4627166533544,170.97609721204353,0.0,170.97609721204353
PLW,2025,AID_HIGH__CONFLICT_INTERNAL_LOW,Other,331.48661944131084,388.4786518453253,56.99203240401449,0.0,56.99203240401449
PLW,2025,AID_HIGH__CONFLICT_INTERNAL_LOW__CONFLICT_EXTERNAL_HIGH,Other,331.48661944131084,388.4786518453253,56.99203240401449,0.0,56.99203240401449
PLW,2025,AID_HIGH__CONFLICT_INTERNAL_LOW__CONFLICT_EXTERNAL_LOW,Other,331.48661944131084,388.4786518453253,56.99203240401449,0.0,56.99203240401449
PLW,2025,AID_LOW,Other,331.48661944131084,331.48661944131084,0.0,0.0,0.0
PLW,2025,AID_LOW__CONFLICT_EXTERNAL_HIGH,Other,331.48661944131084,331.48661944131084,0.0,0.0,0.0
PLW,2025,AID_LOW__CONFLICT_EXTERNAL_LOW,Other,331.48661944131084,331.48661944131084,0.0,0.0,0.0
PLW,2025,AID_LOW__CONFLICT_INTERNAL_HIGH,Other,331.48661944131084,502.4627166533544,170.97609721204353,0.0,170.97609721204353
PLW,2025,AID_LOW__CONFLICT_INTERNAL_HIGH__CONFLICT_EXTERNAL_HIGH,Other,331.48661944131084,502.4627166533544,170.97609721204353,0.0,170.97609721204353
PLW,2025,AID_LOW__CONFLICT_INTERNAL_HIGH__CONFLICT_EXTERNAL_LOW,Other,331.48661944131084,502.4627166533544,170.97609721204353,0.0,170.97609721204353
PLW,2025,AID_LOW__CONFLICT_INTERNAL_LOW,Other,331.48661944131084,388.4786518453253,56.99203240401449,0.0,56.99203240401449
PLW,2025,AID_LOW__CONFLICT_INTERNAL_LOW__CONFLICT_EXTERNAL_HIGH,Other,331.48661944131084,388.4786518453253,56.99203240401449,0.0,56.99203240401449
PLW,2025,AID_LOW__CONFLICT_INTERNAL_LOW__CONFLICT_EXTERNAL_LOW,Other,331.48661944131084,388.4786518453253,56.99203240401449,0.0,56.99203240401449
PLW,2025,CONFLICT_EXTERNAL_HIGH,Other,331.48661944131084,331.48661944131084,0.0,0.0,0.0
PLW,2025,CONFLICT_EXTERNAL_LOW,Other,331.48661944131084,331.48661944131084,0.0,0.0,0.0
PLW,2025,CONFLICT_INTERNAL_HIGH,Other,331.48661944131084,502.4627166533544,170.97609721204353,0.0,170.97609721204353
PLW,2025,CONFLICT_INTERNAL_HIGH__CONFLICT_EXTERNAL_HIGH,Other,331.48661944131084,502.4627166533544,170.97609721204353,0.0,170.97609721204353
PLW,2025,CONFLICT_INTERNAL_HIGH__CONFLICT_EXTERNAL_LOW,Other,331.48661944131084,502.4627166533544,170.97609721204353,0.0,170.97609721204353
PLW,2025,CONFLICT_INTERNAL_LOW,Other,331.48661944131084,388.4786518453253,56.99203240401449,0.0,56.99203240401449
PLW,2025,CONFLICT_INTERNAL_LOW__CONFLICT_EXTERNAL_HIGH,Other,331.48661944131084,388.4786518453253,56.99203240401449,0.0,56.99203240401449
PLW,2025,CONFLICT_INTERNAL_LOW__CONFLICT_EXTERNAL_LOW,Other,331.48661944131084,388.4786518453253,56.99203240401449,0.0,56.99203240401449
PNG,2025,AID_HIGH,Other,13826.842165949565,13826.842165949565,0.0,0.0,0.0
PNG,2025,AID_HIGH__CONFLICT_EXTERNAL_HIGH,Other,13826.842165949565,13826.842165949565,0.0,0.0,0.0
PNG,2025,AID_HIGH__CONFLICT_EXTERNAL_LOW,Other,13826.842165949565,13826.842165949565,0.0,0.0,0.0
PNG,2025,AID_HIGH__CONFLICT_INTERNAL_HIGH,Other,13826.842165949565,14406.360572679714,579.5184067301489,0.0,579.5184067301489
PNG,2025,AID_HIGH__CONFLICT_INTERNAL_HIGH__CONFLICT_EXTERNAL_HIGH,Other,13826.842165949565,14406.360572679714,579.5184067301489,0.0,579.5184067301489
PNG,2025,AID_HIGH__CONFLICT_INTERNAL_HIGH__CONFLICT_EXTERNAL_LOW,Other,13826.842165949565,14406.360572679714,579.5184067301489,0.0,579.5184067301489
PNG,2025,AID_HIGH__CONFLICT_INTERNAL_LOW,Other,13826.842165949565,14020.014968192949,193.1728022433829,0.0,193.1728022433829
PNG,2025,AID_HIGH__CONFLICT_INTERNAL_LOW__CONFLICT_EXTERNAL_HIGH,Other,13826.842165949565,14020.014968192949,193.1728022433829,0.0,193.1728022433829
PNG,2025,AID_HIGH__CONFLICT_INTERNAL_LOW__CONFLICT_EXTERNAL_LOW,Other,13826.842165949565,14020.014968192949,193.1728022433829,0.0,193.1728022433829
PNG,2025,AID_LOW,Other,13826.842165949565,13826.842165949565,0.0,0.0,0.0
PNG,2025,AID_LOW__CONFLICT_EXTERNAL_HIGH,Other,13826.842165949565,13826.842165949565,0.0,0.0,0.0
PNG,2025,AID_LOW__CONFLICT_EXTERNAL_LOW,Other,13826.842165949565,13826.842165949565,0.0,0.0,0.0
PNG,2025,AID_LOW__CONFLICT_INTERNAL_HIGH,Other,13826.842165949565,14406.360572679714,579.5184067301489,0.0,579.5184067301489
PNG,2025,AID_LOW__CONFLICT_INTERNAL_HIGH__CONFLICT_EXTERNAL_HIGH,Other,13826.842165949565,14406.360572679714,579.5184067301489,0.0,579.5184067301489
PNG,2025,AID_LOW__CONFLICT_INTERNAL_HIGH__CONFLICT_EXTERNAL_LOW,Other,13826.842165949565,14406.360572679714,579.5184067301489,0.0,579.5184067301489
PNG,2025,AID_LOW__CONFLICT_INTERNAL_LOW,Other,13826.842165949565,14020.014968192949,193.1728022433829,0.0,193.1728022433829
PNG,2025,AID_LOW__CONFLICT_INTERNAL_LOW__CONFLICT_EXTERNAL_HIGH,Other,13826.842165949565,14020.014968192949,193.1728022433829,0.0,193.1728022433829
PNG,2025,AID_LOW__CONFLICT_INTERNAL_LOW__CONFLICT_EXTERNAL_LOW,Other,13826.842165949565,14020.014968192949,193.1728022433829,0.0,193.1728022433829
PNG,2025,CONFLICT_EXTERNAL_HIGH,Other,13826.842165949565,13826.842165949565,0.0,0.0,0.0
PNG,2025,CONFLICT_EXTERNAL_LOW,Other,13826.842165949565,13826.842165949565,0.0,0.0,0.0
PNG,2025,CONFLICT_INTERNAL_HIGH,Other,13826.842165949565,14406.360572679714,579.5184067301489,0.0,579.5184067301489
PNG,2025,CONFLICT_INTERNAL_HIGH__CONFLICT_EXTERNAL_HIGH,Other,13826.842165949565,14406.360572679714,579.5184067301489,0.0,579.5184067301489
PNG,2025,CONFLICT_INTERNAL_HIGH__CONFLICT_EXTERNAL_LOW,Other,13826.842165949565,14406.360572679714,579.5184067301489,0.0,579.5184067301489
PNG,2025,CONFLICT_INTERNAL_LOW,Other,13826.842165949565,14020.014968192949,193.1728022433829,0.0,193.1728022433829
PNG,2025,CONFLICT_INTERNAL_LOW__CONFLICT_EXTERNAL_HIGH,Other,13826.842165949565,14020.014968192949,193.1728022433829,0.0,193.1728022433829
PNG,2025,CONFLICT_INTERNAL_LOW__CONFLICT_EXTERNAL_LOW,Other,13826.842165949565,14020.014968192949,193.1728022433829,0.0,193.1728022433829
POL,2025,AID_HIGH,Other,27599.358207437555,27599.358207437555,0.0,0.0,0.0
POL,2025,AID_HIGH__CONFLICT_EXTERNAL_HIGH,Other,27599.358207437555,27599.358207437555,0.0,0.0,0.0
POL,2025,AID_HIGH__CONFLICT_EXTERNAL_LOW,Other,27599.358207437555,27599.358207437555,0.0,0.0,0.0
POL,2025,AID_HIGH__CONFLICT_INTERNAL_HIGH,Other,27599.358207437555,42463.74934511684,14864.391137679284,0.0,14864.391137679284
POL,2025,AID_HIGH__CONFLICT_INTERNAL_HIGH__CONFLICT_EXTERNAL_HIGH,Other,27599.358207437555,42463.74934511684,14864.391137679284,0.0,14864.391137679284
POL,2025,AID_HIGH__CONFLICT_INTERNAL_HIGH__CONFLICT_EXTERNAL_LOW,Other,27599.358207437555,42463.74934511684,14864.391137679284,0.0,14864.391137679284
POL,2025,AID_HIGH__CONFLICT_INTERNAL_LOW,Other,27599.358207437555,32554.15525333065,4954.797045893093,0.0,4954.797045893093
POL,2025,AID_HIGH__CONFLICT_INTERNAL_LOW__CONFLICT_EXTERNAL_HIGH,Other,27599.358207437555,32554.15525333065,4954.797045893093,0.0,4954.797045893093
POL,2025,AID_HIGH__CONFLICT_INTERNAL_LOW__CONFLICT_EXTERNAL_LOW,Other,27599.358207437555,32554.15525333065,4954.797045893093,0.0,4954.797045893093
POL,2025,AID_LOW,Other,27599.358207437555,27599.358207437555,0.0,0.0,0.0
POL,2025,AID_LOW__CONFLICT_EXTERNAL_HIGH,Other,27599.358207437555,27599.358207437555,0.0,0.0,0.0
POL,2025,AID_LOW__CONFLICT_EXTERNAL_LOW,Other,27599.358207437555,27599.358207437555,0.0,0.0,0.0
POL,2025,AID_LOW__CONFLICT_INTERNAL_HIGH,Other,27599.358207437555,42463.74934511684,14864.391137679284,0.0,14864.391137679284
POL,2025,AID_LOW__CONFLICT_INTERNAL_HIGH__CONFLICT_EXTERNAL_HIGH,Other,27599.358207437555,42463.74934511684,14864.391137679284,0.0,14864.391137679284
POL,2025,AID_LOW__CONFLICT_INTERNAL_HIGH__CONFLICT_EXTERNAL_LOW,Other,27599.358207437555,42463.74934511684,14864.391137679284,0.0,14864.391137679284
POL,2025,AID_LOW__CONFLICT_INTERNAL_LOW,Other,27599.358207437555,32554.15525333065,4954.797045893093,0.0,4954.797045893093
POL,2025,AID_LOW__CONFLICT_INTERNAL_LOW__CONFLICT_EXTERNAL_HIGH,Other,27599.358207437555,32554.15525333065,4954.797045893093,0.0,4954.797045893093
POL,2025,AID_LOW__CONFLICT_INTERNAL_LOW__CONFLICT_EXTERNAL_LOW,Other,27599.358207437555,32554.15525333065,4954.797045893093,0.0,4954.797045893093
POL,2025,CONFLICT_EXTERNAL_HIGH,Other,27599.358207437555,27599.358207437555,0.0,0.0,0.0
POL,2025,CONFLICT_EXTERNAL_LOW,Other,27599.358207437555,27599.358207437555,0.0,0.0,0.0
POL,2025,CONFLICT_INTERNAL_HIGH,Other,27599.358207437555,42463.74934511684,14864.391137679284,0.0,14864.391137679284
POL,2025,CONFLICT_INTERNAL_HIGH__CONFLICT_EXTERNAL_HIGH,Other,27599.358207437555,42463.74934511684,14864.391137679284,0.0,14864.391137679284
POL,2025,CONFLICT_INTERNAL_HIGH__CONFLICT_EXTERNAL_LOW,Other,27599.358207437555,42463.74934511684,14864.391137679284,0.0,14864.391137679284
POL,2025,CONFLICT_INTERNAL_LOW,Other,27599.358207437555,32554.15525333065,4954.797045893093,0.0,4954.797045893093
POL,2025,CONFLICT_INTERNAL_LOW__CONFLICT_EXTERNAL_HIGH,Other,27599.358207437555,32554.15525333065,4954.797045893093,0.0,4954.797045893093
POL,2025,CONFLICT_INTERNAL_LOW__CONFLICT_EXTERNAL_LOW,Other,27599.358207437555,32554.15525333065,4954.797045893093,0.0,4954.797045893093
PRI,2025,AID_HIGH,Other,139841.00224649845,139841.00224649845,0.0,0.0,0.0
PRI,2025,AID_HIGH__CONFLICT_EXTERNAL_HIGH,Other,139841.00224649845,139841.00224649845,0.0,0.0,0.0
PRI,2025,AID_HIGH__CONFLICT_EXTERNAL_LOW,Other,139841.00224649845,139841.00224649845,0.0,0.0,0.0
PRI,2025,AID_HIGH__CONFLICT_INTERNAL_HIGH,Other,139841.00224649845,212116.76012632507,72275.75787982662,0.0,72275.75787982662
PRI,2025,AID_HIGH__CONFLICT_INTERNAL_HIGH__CONFLICT_EXTERNAL_HIGH,Other,139841.00224649845,212116.76012632507,72275.75787982662,0.0,72275.75787982662
PRI,2025,AID_HIGH__CONFLICT_INTERNAL_HIGH__CONFLICT_EXTERNAL_LOW,Other,139841.00224649845,212116.76012632507,72275.75787982662,0.0,72275.75787982662
PRI,2025,AID_HIGH__CONFLICT_INTERNAL_LOW,Other,139841.00224649845,163932.921539774,24091.919293275532,0.0,24091.919293275532
PRI,2025,AID_HIGH__CONFLICT_INTERNAL_LOW__CONFLICT_EXTERNAL_HIGH,Other,139841.00224649845,163932.921539774,24091.919293275532,0.0,24091.919293275532
PRI,2025,AID_HIGH__CONFLICT_INTERNAL_LOW__CONFLICT_EXTERNAL_LOW,Other,139841.00224649845,163932.921539774,24091.919293275532,0.0,24091.919293275532
PRI,2025,AID_LOW,Other,139841.00224649845,139841.00224649845,0.0,0.0,0.0
PRI,2025,AID_LOW__CONFLICT_EXTERNAL_HIGH,Other,139841.00224649845,139841.00224649845,0.0,0.0,0.0
PRI,2025,AID_LOW__CONFLICT_EXTERNAL_LOW,Other,139841.00224649845,139841.00224649845,0.0,0.0,0.0
PRI,2025,AID_LOW__CONFLICT_INTERNAL_HIGH,Other,139841.00224649845,212116.76012632507,72275.75787982662,0.0,72275.75787982662
PRI,2025,AID_LOW__CONFLICT_INTERNAL_HIGH__CONFLICT_EXTERNAL_HIGH,Other,139841.00224649845,212116.76012632507,72275.75787982662,0.0,72275.75787982662
PRI,2025,AID_LOW__CONFLICT_INTERNAL_HIGH__CONFLICT_EXTERNAL_LOW,Other,139841.00224649845,212116.76012632507,72275.75787982662,0.0,72275.75787982662
PRI,2025,AID_LOW__CONFLICT_INTERNAL_LOW,Other,139841.00224649845,163932.921539774,24091.919293275532,0.0,24091.919293275532
PRI,2025,AID_LOW__CONFLICT_INTERNAL_LOW__CONFLICT_EXTERNAL_HIGH,Other,139841.00224649845,163932.921539774,24091.919293275532,0.0,24091.919293275532
PRI,2025,AID_LOW__CONFLICT_INTERNAL_LOW__CONFLICT_EXTERNAL_LOW,Other,139841.00224649845,163932.921539774,24091.919293275532,0.0,24091.919293275532
PRI,2025,CONFLICT_EXTERNAL_HIGH,Other,139841.00224649845,139841.00224649845,0.0,0.0,0.0
PRI,2025,CONFLICT_EXTERNAL_LOW,Other,139841.00224649845,139841.00224649845,0.0,0.0,0.0
PRI,2025,CONFLICT_INTERNAL_HIGH,Other,139841.00224649845,212116.76012632507,72275.75787982662,0.0,72275.75787982662
PRI,2025,CONFLICT_INTERNAL_HIGH__CONFLICT_EXTERNAL_HIGH,Other,139841.00224649845,212116.76012632507,72275.75787982662,0.0,72275.75787982662
PRI,2025,CONFLICT_INTERNAL_HIGH__CONFLICT_EXTERNAL_LOW,Other,139841.00224649845,212116.76012632507,72275.75787982662,0.0,72275.75787982662
PRI,2025,CONFLICT_INTERNAL_LOW,Other,139841.00224649845,163932.921539774,24091.919293275532,0.0,24091.919293275532
PRI,2025,CONFLICT_INTERNAL_LOW__CONFLICT_EXTERNAL_HIGH,Other,139841.00224649845,163932.921539774,24091.919293275532,0.0,24091.919293275532
PRI,2025,CONFLICT_INTERNAL_LOW__CONFLICT_EXTERNAL_LOW,Other,139841.00224649845,163932.921539774,24091.919293275532,0.0,24091.919293275532
PRK,2025,AID_HIGH,Other,2639.8727721939104,2639.8727721939104,0.0,0.0,0.0
PRK,2025,AID_HIGH__CONFLICT_EXTERNAL_HIGH,Other,2639.8727721939104,2639.8727721939104,0.0,0.0,0.0
PRK,2025,AID_HIGH__CONFLICT_EXTERNAL_LOW,Other,2639.8727721939104,2639.8727721939104,0.0,0.0,0.0
PRK,2025,AID_HIGH__CONFLICT_INTERNAL_HIGH,Other,2639.8727721939104,3210.628665426574,570.7558932326637,0.0,570.7558932326637
PRK,2025,AID_HIGH__CONFLICT_INTERNAL_HIGH__CONFLICT_EXTERNAL_HIGH,Other,2639.8727721939104,3210.628665426574,570.7558932326637,0.0,570.7558932326637
PRK,2025,AID_HIGH__CONFLICT_INTERNAL_HIGH__CONFLICT_EXTERNAL_LOW,Other,2639.8727721939104,3210.628665426574,570.7558932326637,0.0,570.7558932326637
PRK,2025,AID_HIGH__CONFLICT_INTERNAL_LOW,Other,2639.8727721939104,2830.1247366047983,190.25196441088784,0.0,190.25196441088784
PRK,2025,AID_HIGH__CONFLICT_INTERNAL_LOW__CONFLICT_EXTERNAL_HIGH,Other,2639.8727721939104,2830.1247366047983,190.25196441088784,0.0,190.25196441088784
PRK,2025,AID_HIGH__CONFLICT_INTERNAL_LOW__CONFLICT_EXTERNAL_LOW,Other,2639.8727721939104,2830.1247366047983,190.25196441088784,0.0,190.25196441088784
PRK,2025,AID_LOW,Other,2639.8727721939104,2639.8727721939104,0.0,0.0,0.0
PRK,2025,AID_LOW__CONFLICT_EXTERNAL_HIGH,Other,2639.8727721939104,2639.8727721939104,0.0,0.0,0.0
PRK,2025,AID_LOW__CONFLICT_EXTERNAL_LOW,Other,2639.8727721939104,2639.8727721939104,0.0,0.0,0.0
PRK,2025,AID_LOW__CONFLICT_INTERNAL_HIGH,Other,2639.8727721939104,3210.628665426574,570.7558932326637,0.0,570.7558932326637
PRK,2025,AID_LOW__CONFLICT_INTERNAL_HIGH__CONFLICT_EXTERNAL_HIGH,Other,2639.8727721939104,3210.628665426574,570.7558932326637,0.0,570.7558932326637
PRK,2025,AID_LOW__CONFLICT_INTERNAL_HIGH__CONFLICT_EXTERNAL_LOW,Other,2639.8727721939104,3210.628665426574,570.7558932326637,0.0,570.7558932326637
PRK,2025,AID_LOW__CONFLICT_INTERNAL_LOW,Other,2639.8727721939104,2830.1247366047983,190.25196441088784,0.0,190.25196441088784
PRK,2025,AID_LOW__CONFLICT_INTERNAL_LOW__CONFLICT_EXTERNAL_HIGH,Other,2639.8727721939104,2830.1247366047983,190.25196441088784,0.0,190.25196441088784
PRK,2025,AID_LOW__CONFLICT_INTERNAL_LOW__CONFLICT_EXTERNAL_LOW,Other,2639.8727721939104,2830.1247366047983,190.25196441088784,0.0,190.25196441088784
PRK,2025,CONFLICT_EXTERNAL_HIGH,Other,2639.8727721939104,2639.8727721939104,0.0,0.0,0.0
PRK,2025,CONFLICT_EXTERNAL_LOW,Other,2639.8727721939104,2639.8727721939104,0.0,0.0,0.0
PRK,2025,CONFLICT_INTERNAL_HIGH,Other,2639.8727721939104,3210.628665426574,570.7558932326637,0.0,570.7558932326637
PRK,2025,CONFLICT_INTERNAL_HIGH__CONFLICT_EXTERNAL_HIGH,Other,2639.8727721939104,3210.628665426574,570.7558932326637,0.0,570.7558932326637
PRK,2025,CONFLICT_INTERNAL_HIGH__CONFLICT_EXTERNAL_LOW,Other,2639.8727721939104,3210.628665426574,570.7558932326637,0.0,570.7558932326637
PRK,2025,CONFLICT_INTERNAL_LOW,Other,2639.8727721939104,2830.1247366047983,190.25196441088784,0.0,190.25196441088784
PRK,2025,CONFLICT_INTERNAL_LOW__CONFLICT_EXTERNAL_HIGH,Other,2639.8727721939104,2830.1247366047983,190.25196441088784,0.0,190.25196441088784
PRK,2025,CONFLICT_INTERNAL_LOW__CONFLICT_EXTERNAL_LOW,Other,2639.8727721939104,2830.1247366047983,190.25196441088784,0.0,190.25196441088784
PRT,2025,AID_HIGH,Other,9457.401128547895,9457.401128547895,0.0,0.0,0.0
PRT,2025,AID_HIGH__CONFLICT_EXTERNAL_HIGH,Other,9457.401128547895,9457.401128547895,0.0,0.0,0.0
PRT,2025,AID_HIGH__CONFLICT_EXTERNAL_LOW,Other,9457.401128547895,9457.401128547895,0.0,0.0,0.0
PRT,2025,AID_HIGH__CONFLICT_INTERNAL_HIGH,Other,9457.401128547895,13967.167420003967,4509.766291456071,0.0,4509.766291456071
PRT,2025,AID_HIGH__CONFLICT_INTERNAL_HIGH__CONFLICT_EXTERNAL_HIGH,Other,9457.401128547895,13967.167420003967,4509.766291456071,0.0,4509.766291456071
PRT,2025,AID_HIGH__CONFLICT_INTERNAL_HIGH__CONFLICT_EXTERNAL_LOW,Other,9457.401128547895,13967.167420003967,4509.766291456071,0.0,4509.766291456071
PRT,2025,AID_HIGH__CONFLICT_INTERNAL_LOW,Other,9457.401128547895,10960.656559033252,1503.2554304853563,0.0,1503.2554304853563
PRT,2025,AID_HIGH__CONFLICT_INTERNAL_LOW__CONFLICT_EXTERNAL_HIGH,Other,9457.401128547895,10960.656559033252,1503.2554304853563,0.0,1503.2554304853563
PRT,2025,AID_HIGH__CONFLICT_INTERNAL_LOW__CONFLICT_EXTERNAL_LOW,Other,9457.401128547895,10960.656559033252,1503.2554304853563,0.0,1503.2554304853563
PRT,2025,AID_LOW,Other,9457.401128547895,9457.401128547895,0.0,0.0,0.0
PRT,2025,AID_LOW__CONFLICT_EXTERNAL_HIGH,Other,9457.401128547895,9457.401128547895,0.0,0.0,0.0
PRT,2025,AID_LOW__CONFLICT_EXTERNAL_LOW,Other,9457.401128547895,9457.401128547895,0.0,0.0,0.0
PRT,2025,AID_LOW__CONFLICT_INTERNAL_HIGH,Other,9457.401128547895,13967.167420003967,4509.766291456071,0.0,4509.766291456071
PRT,2025,AID_LOW__CONFLICT_INTERNAL_HIGH__CONFLICT_EXTERNAL_HIGH,Other,9457.401128547895,13967.167420003967,4509.766291456071,0.0,4509.766291456071
PRT,2025,AID_LOW__CONFLICT_INTERNAL_HIGH__CONFLICT_EXTERNAL_LOW,Other,9457.401128547895,13967.167420003967,4509.766291456071,0.0,4509.766291456071
PRT,2025,AID_LOW__CONFLICT_INTERNAL_LOW,Other,9457.401128547895,10960.656559033252,1503.2554304853563,0.0,1503.2554304853563
PRT,2025,AID_LOW__CONFLICT_INTERNAL_LOW__CONFLICT_EXTERNAL_HIGH,Other,9457.401128547895,10960.656559033252,1503.2554304853563,0.0,1503.2554304853563
PRT,2025,AID_LOW__CONFLICT_INTERNAL_LOW__CONFLICT_EXTERNAL_LOW,Other,9457.401128547895,10960.656559033252,1503.2554304853563,0.0,1503.2554304853563
PRT,2025,CONFLICT_EXTERNAL_HIGH,Other,9457.401128547895,9457.401128547895,0.0,0.0,0.0
PRT,2025,CONFLICT_EXTERNAL_LOW,Other,9457.401128547895,9457.401128547895,0.0,0.0,0.0
PRT,2025,CONFLICT_INTERNAL_HIGH,Other,9457.401128547895,13967.167420003967,4509.766291456071,0.0,4509.766291456071
PRT,2025,CONFLICT_INTERNAL_HIGH__CONFLICT_EXTERNAL_HIGH,Other,9457.401128547895,13967.167420003967,4509.766291456071,0.0,4509.766291456071
PRT,2025,CONFLICT_INTERNAL_HIGH__CONFLICT_EXTERNAL_LOW,Other,9457.401128547895,13967.167420003967,4509.766291456071,0.0,4509.766291456071
PRT,2025,CONFLICT_INTERNAL_LOW,Other,9457.401128547895,10960.656559033252,1503.2554304853563,0.0,1503.2554304853563
PRT,2025,CONFLICT_INTERNAL_LOW__CONFLICT_EXTERNAL_HIGH,Other,9457.401128547895,10960.656559033252,1503.2554304853563,0.0,1503.2554304853563
PRT,2025,CONFLICT_INTERNAL_LOW__CONFLICT_EXTERNAL_LOW,Other,9457.401128547895,10960.656559033252,1503.2554304853563,0.0,1503.2554304853563
PRY,2025,AID_HIGH,Other,1770.587690790844,1770.587690790844,0.0,0.0,0.0
PRY,2025,AID_HIGH__CONFLICT_EXTERNAL_HIGH,Other,1770.587690790844,1770.587690790844,0.0,0.0,0.0
PRY,2025,AID_HIGH__CONFLICT_EXTERNAL_LOW,Other,1770.587690790844,1770.587690790844,0.0,0.0,0.0
PRY,2025,AID_HIGH__CONFLICT_INTERNAL_HIGH,Other,1770.587690790844,2682.6273413148465,912.0396505240024,0.0,912.0396505240024
PRY,2025,AID_HIGH__CONFLICT_INTERNAL_HIGH__CONFLICT_EXTERNAL_HIGH,Other,1770.587690790844,2682.6273413148465,912.0396505240024,0.0,912.0396505240024
PRY,2025,AID_HIGH__CONFLICT_INTERNAL_HIGH__CONFLICT_EXTERNAL_LOW,Other,1770.587690790844,2682.6273413148465,912.0396505240024,0.0,912.0396505240024
PRY,2025,AID_HIGH__CONFLICT_INTERNAL_LOW,Other,1770.587690790844,2074.600907632178,304.013216841334,0.0,304.013216841334
PRY,2025,AID_HIGH__CONFLICT_INTERNAL_LOW__CONFLICT_EXTERNAL_HIGH,Other,1770.587690790844,2074.600907632178,304.013216841334,0.0,304.013216841334
PRY,2025,AID_HIGH__CONFLICT_INTERNAL_LOW__CONFLICT_EXTERNAL_LOW,Other,1770.587690790844,2074.600907632178,304.013216841334,0.0,304.013216841334
PRY,2025,AID_LOW,Other,1770.587690790844,1770.587690790844,0.0,0.0,0.0
PRY,2025,AID_LOW__CONFLICT_EXTERNAL_HIGH,Other,1770.587690790844,1770.587690790844,0.0,0.0,0.0
PRY,2025,AID_LOW__CONFLICT_EXTERNAL_LOW,Other,1770.587690790844,1770.587690790844,0.0,0.0,0.0
PRY,2025,AID_LOW__CONFLICT_INTERNAL_HIGH,Other,1770.587690790844,2682.6273413148465,912.0396505240024,0.0,912.0396505240024
PRY,2025,AID_LOW__CONFLICT_INTERNAL_HIGH__CONFLICT_EXTERNAL_HIGH,Other,1770.587690790844,2682.6273413148465,912.0396505240024,0.0,912.0396505240024
PRY,2025,AID_LOW__CONFLICT_INTERNAL_HIGH__CONFLICT_EXTERNAL_LOW,Other,1770.587690790844,2682.6273413148465,912.0396505240024,0.0,912.0396505240024
PRY,2025,AID_LOW__CONFLICT_INTERNAL_LOW,Other,1770.587690790844,2074.600907632178,304.013216841334,0.0,304.013216841334
PRY,2025,AID_LOW__CONFLICT_INTERNAL_LOW__CONFLICT_EXTERNAL_HIGH,Other,1770.587690790844,2074.600907632178,304.013216841334,0.0,304.013216841334
PRY,2025,AID_LOW__CONFLICT_INTERNAL_LOW__CONFLICT_EXTERNAL_LOW,Other,1770.587690790844,2074.600907632178,304.013216841334,0.0,304.013216841334
PRY,2025,CONFLICT_EXTERNAL_HIGH,Other,1770.587690790844,1770.587690790844,0.0,0.0,0.0
PRY,2025,CONFLICT_EXTERNAL_LOW,Other,1770.587690790844,1770.587690790844,0.0,0.0,0.0
PRY,2025,CONFLICT_INTERNAL_HIGH,Other,1770.587690790844,2682.6273413148465,912.0396505240024,0.0,912.0396505240024
PRY,2025,CONFLICT_INTERNAL_HIGH__CONFLICT_EXTERNAL_HIGH,Other,1770.587690790844,2682.6273413148465,912.0396505240024,0.0,912.0396505240024
PRY,2025,CONFLICT_INTERNAL_HIGH__CONFLICT_EXTERNAL_LOW,Other,1770.587690790844,2682.6273413148465,912.0396505240024,0.0,912.0396505240024
PRY,2025,CONFLICT_INTERNAL_LOW,Other,1770.587690790844,2074.600907632178,304.013216841334,0.0,304.013216841334
PRY,2025,CONFLICT_INTERNAL_LOW__CONFLICT_EXTERNAL_HIGH,Other,1770.587690790844,2074.600907632178,304.013216841334,0.0,304.013216841334
PRY,2025,CONFLICT_INTERNAL_LOW__CONFLICT_EXTERNAL_LOW,Other,1770.587690790844,2074.600907632178,304.013216841334,0.0,304.013216841334
PSE,2025,AID_HIGH,Other,7972.547755135576,7972.547755135576,0.0,0.0,0.0
PSE,2025,AID_HIGH__CONFLICT_EXTERNAL_HIGH,Other,7972.547755135576,7972.547755135576,0.0,0.0,0.0
PSE,2025,AID_HIGH__CONFLICT_EXTERNAL_LOW,Other,7972.547755135576,7972.547755135576,0.0,0.0,0.0
PSE,2025,AID_HIGH__CONFLICT_INTERNAL_HIGH,Other,7972.547755135576,12068.954541711788,4096.406786576211,0.0,4096.406786576211
PSE,2025,AID_HIGH__CONFLICT_INTERNAL_HIGH__CONFLICT_EXTERNAL_HIGH,Other,7972.547755135576,12068.954541711788,4096.406786576211,0.0,4096.406786576211
PSE,2025,AID_HIGH__CONFLICT_INTERNAL_HIGH__CONFLICT_EXTERNAL_LOW,Other,7972.547755135576,12068.954541711788,4096.406786576211,0.0,4096.406786576211
PSE,2025,AID_HIGH__CONFLICT_INTERNAL_LOW,Other,7972.547755135576,9338.016683994312,1365.4689288587363,0.0,1365.4689288587363
PSE,2025,AID_HIGH__CONFLICT_INTERNAL_LOW__CONFLICT_EXTERNAL_HIGH,Other,7972.547755135576,9338.016683994312,1365.4689288587363,0.0,1365.4689288587363
PSE,2025,AID_HIGH__CONFLICT_INTERNAL_LOW__CONFLICT_EXTERNAL_LOW,Other,7972.547755135576,9338.016683994312,1365.4689288587363,0.0,1365.4689288587363
PSE,2025,AID_LOW,Other,7972.547755135576,7972.547755135576,0.0,0.0,0.0
PSE,2025,AID_LOW__CONFLICT_EXTERNAL_HIGH,Other,7972.547755135576,7972.547755135576,0.0,0.0,0.0
PSE,2025,AID_LOW__CONFLICT_EXTERNAL_LOW,Other,7972.547755135576,7972.547755135576,0.0,0.0,0.0
PSE,2025,AID_LOW__CONFLICT_INTERNAL_HIGH,Other,7972.547755135576,12068.954541711788,4096.406786576211,0.0,4096.406786576211
PSE,2025,AID_LOW__CONFLICT_INTERNAL_HIGH__CONFLICT_EXTERNAL_HIGH,Other,7972.547755135576,12068.954541711788,4096.406786576211,0.0,4096.406786576211
PSE,2025,AID_LOW__CONFLICT_INTERNAL_HIGH__CONFLICT_EXTERNAL_LOW,Other,7972.547755135576,12068.954541711788,4096.406786576211,0.0,4096.406786576211
PSE,2025,AID_LOW__CONFLICT_INTERNAL_LOW,Other,7972.547755135576,9338.016683994312,1365.4689288587363,0.0,1365.4689288587363
PSE,2025,AID_LOW__CONFLICT_INTERNAL_LOW__CONFLICT_EXTERNAL_HIGH,Other,7972.547755135576,9338.016683994312,1365.4689288587363,0.0,1365.4689288587363
PSE,2025,AID_LOW__CONFLICT_INTERNAL_LOW__CONFLICT_EXTERNAL_LOW,Other,7972.547755135576,9338.016683994312,1365.4689288587363,0.0,1365.4689288587363
PSE,2025,CONFLICT_EXTERNAL_HIGH,Other,7972.547755135576,7972.547755135576,0.0,0.0,0.0
PSE,2025,CONFLICT_EXTERNAL_LOW,Other,7972.547755135576,7972.547755135576,0.0,0.0,0.0
PSE,2025,CONFLICT_INTERNAL_HIGH,Other,7972.547755135576,12068.954541711788,4096.406786576211,0.0,4096.406786576211
PSE,2025,CONFLICT_INTERNAL_HIGH__CONFLICT_EXTERNAL_HIGH,Other,7972.547755135576,12068.954541711788,4096.406786576211,0.0,4096.406786576211
PSE,2025,CONFLICT_INTERNAL_HIGH__CONFLICT_EXTERNAL_LOW,Other,7972.547755135576,12068.954541711788,4096.406786576211,0.0,4096.406786576211
PSE,2025,CONFLICT_INTERNAL_LOW,Other,7972.547755135576,9338.016683994312,1365.4689288587363,0.0,1365.4689288587363
PSE,2025,CONFLICT_INTERNAL_LOW__CONFLICT_EXTERNAL_HIGH,Other,7972.547755135576,9338.016683994312,1365.4689288587363,0.0,1365.4689288587363
PSE,2025,CONFLICT_INTERNAL_LOW__CONFLICT_EXTERNAL_LOW,Other,7972.547755135576,9338.016683994312,1365.4689288587363,0.0,1365.4689288587363
QAT,2025,AID_HIGH,Other,48035.31521607529,48035.31521607529,0.0,0.0,0.0
QAT,2025,AID_HIGH__CONFLICT_EXTERNAL_HIGH,Other,48035.31521607529,48035.31521607529,0.0,0.0,0.0
QAT,2025,AID_HIGH__CONFLICT_EXTERNAL_LOW,Other,48035.31521607529,48035.31521607529,0.0,0.0,0.0
QAT,2025,AID_HIGH__CONFLICT_INTERNAL_HIGH,Other,48035.31521607529,51002.60361303598,2967.288396960696,0.0,2967.288396960696
QAT,2025,AID_HIGH__CONFLICT_INTERNAL_HIGH__CONFLICT_EXTERNAL_HIGH,Other,48035.31521607529,51002.60361303598,2967.288396960696,0.0,2967.288396960696
QAT,2025,AID_HIGH__CONFLICT_INTERNAL_HIGH__CONFLICT_EXTERNAL_LOW,Other,48035.31521607529,51002.60361303598,2967.288396960696,0.0,2967.288396960696
QAT,2025,AID_HIGH__CONFLICT_INTERNAL_LOW,Other,48035.31521607529,49024.411348395515,989.0961323202317,0.0,989.0961323202317
QAT,2025,AID_HIGH__CONFLICT_INTERNAL_LOW__CONFLICT_EXTERNAL_HIGH,Other,48035.31521607529,49024.411348395515,989.0961323202317,0.0,989.0961323202317
QAT,2025,AID_HIGH__CONFLICT_INTERNAL_LOW__CONFLICT_EXTERNAL_LOW,Other,48035.31521607529,49024.411348395515,989.0961323202317,0.0,989.0961323202317
QAT,2025,AID_LOW,Other,48035.31521607529,48035.31521607529,0.0,0.0,0.0
QAT,2025,AID_LOW__CONFLICT_EXTERNAL_HIGH,Other,48035.31521607529,48035.31521607529,0.0,0.0,0.0
QAT,2025,AID_LOW__CONFLICT_EXTERNAL_LOW,Other,48035.31521607529,48035.31521607529,0.0,0.0,0.0
QAT,2025,AID_LOW__CONFLICT_INTERNAL_HIGH,Other,48035.31521607529,51002.60361303598,2967.288396960696,0.0,2967.288396960696
QAT,2025,AID_LOW__CONFLICT_INTERNAL_HIGH__CONFLICT_EXTERNAL_HIGH,Other,48035.31521607529,51002.60361303598,2967.288396960696,0.0,2967.288396960696
QAT,2025,AID_LOW__CONFLICT_INTERNAL_HIGH__CONFLICT_EXTERNAL_LOW,Other,48035.31521607529,51002.60361303598,2967.288396960696,0.0,2967.288396960696
QAT,2025,AID_LOW__CONFLICT_INTERNAL_LOW,Other,48035.31521607529,49024.411348395515,989.0961323202317,0.0,989.0961323202317
QAT,2025,AID_LOW__CONFLICT_INTERNAL_LOW__CONFLICT_EXTERNAL_HIGH,Other,48035.31521607529,49024.411348395515,989.0961323202317,0.0,989.0961323202317
QAT,2025,AID_LOW__CONFLICT_INTERNAL_LOW__CONFLICT_EXTERNAL_LOW,Other,48035.31521607529,49024.411348395515,989.0961323202317,0.0,989.0961323202317
QAT,2025,CONFLICT_EXTERNAL_HIGH,Other,48035.31521607529,48035.31521607529,0.0,0.0,0.0
QAT,2025,CONFLICT_EXTERNAL_LOW,Other,48035.31521607529,48035.31521607529,0.0,0.0,0.0
QAT,2025,CONFLICT_INTERNAL_HIGH,Other,48035.31521607529,51002.60361303598,2967.288396960696,0.0,2967.288396960696
QAT,2025,CONFLICT_INTERNAL_HIGH__CONFLICT_EXTERNAL_HIGH,Other,48035.31521607529,51002.60361303598,2967.288396960696,0.0,2967.288396960696
QAT,2025,CONFLICT_INTERNAL_HIGH__CONFLICT_EXTERNAL_LOW,Other,48035.31521607529,51002.60361303598,2967.288396960696,0.0,2967.288396960696
QAT,2025,CONFLICT_INTERNAL_LOW,Other,48035.31521607529,49024.411348395515,989.0961323202317,0.0,989.0961323202317
QAT,2025,CONFLICT_INTERNAL_LOW__CONFLICT_EXTERNAL_HIGH,Other,48035.31521607529,49024.411348395515,989.0961323202317,0.0,989.0961323202317
QAT,2025,CONFLICT_INTERNAL_LOW__CONFLICT_EXTERNAL_LOW,Other,48035.31521607529,49024.411348395515,989.0961323202317,0.0,989.0961323202317
ROU,2025,AID_HIGH,Other,9849.309357876513,9849.309357876513,0.0,0.0,0.0
ROU,2025,AID_HIGH__CONFLICT_EXTERNAL_HIGH,Other,9849.309357876513,9849.309357876513,0.0,0.0,0.0
ROU,2025,AID_HIGH__CONFLICT_EXTERNAL_LOW,Other,9849.309357876513,9849.309357876513,0.0,0.0,0.0
ROU,2025,AID_HIGH__CONFLICT_INTERNAL_HIGH,Other,9849.309357876513,14577.976726811685,4728.667368935171,0.0,4728.667368935171
ROU,2025,AID_HIGH__CONFLICT_INTERNAL_HIGH__CONFLICT_EXTERNAL_HIGH,Other,9849.309357876513,14577.976726811685,4728.667368935171,0.0,4728.667368935171
ROU,2025,AID_HIGH__CONFLICT_INTERNAL_HIGH__CONFLICT_EXTERNAL_LOW,Other,9849.309357876513,14577.976726811685,4728.667368935171,0.0,4728.667368935171
ROU,2025,AID_HIGH__CONFLICT_INTERNAL_LOW,Other,9849.309357876513,11425.531814188236,1576.2224563117231,0.0,1576.2224563117231
ROU,2025,AID_HIGH__CONFLICT_INTERNAL_LOW__CONFLICT_EXTERNAL_HIGH,Other,9849.309357876513,11425.531814188236,1576.2224563117231,0.0,1576.2224563117231
ROU,2025,AID_HIGH__CONFLICT_INTERNAL_LOW__CONFLICT_EXTERNAL_LOW,Other,9849.309357876513,11425.531814188236,1576.2224563117231,0.0,1576.2224563117231
ROU,2025,AID_LOW,Other,9849.309357876513,9849.309357876513,0.0,0.0,0.0
ROU,2025,AID_LOW__CONFLICT_EXTERNAL_HIGH,Other,9849.309357876513,9849.309357876513,0.0,0.0,0.0
ROU,2025,AID_LOW__CONFLICT_EXTERNAL_LOW,Other,9849.309357876513,9849.309357876513,0.0,0.0,0.0
ROU,2025,AID_LOW__CONFLICT_INTERNAL_HIGH,Other,9849.309357876513,14577.976726811685,4728.667368935171,0.0,4728.667368935171
ROU,2025,AID_LOW__CONFLICT_INTERNAL_HIGH__CONFLICT_EXTERNAL_HIGH,Other,9849.309357876513,14577.976726811685,4728.667368935171,0.0,4728.667368935171
ROU,2025,AID_LOW__CONFLICT_INTERNAL_HIGH__CONFLICT_EXTERNAL_LOW,Other,9849.309357876513,14577.976726811685,4728.667368935171,0.0,4728.667368935171
ROU,2025,AID_LOW__CONFLICT_INTERNAL_LOW,Other,9849.309357876513,11425.531814188236,1576.2224563117231,0.0,1576.2224563117231
ROU,2025,AID_LOW__CONFLICT_INTERNAL_LOW__CONFLICT_EXTERNAL_HIGH,Other,9849.309357876513,11425.531814188236,1576.2224563117231,0.0,1576.2224563117231
ROU,2025,AID_LOW__CONFLICT_INTERNAL_LOW__CONFLICT_EXTERNAL_LOW,Other,9849.309357876513,11425.531814188236,1576.2224563117231,0.0,1576.2224563117231
ROU,2025,CONFLICT_EXTERNAL_HIGH,Other,9849.309357876513,9849.309357876513,0.0,0.0,0.0
ROU,2025,CONFLICT_EXTERNAL_LOW,Other,9849.309357876513,9849.309357876513,0.0,0.0,0.0
ROU,2025,CONFLICT_INTERNAL_HIGH,Other,9849.309357876513,14577.976726811685,4728.667368935171,0.0,4728.667368935171
ROU,2025,CONFLICT_INTERNAL_HIGH__CONFLICT_EXTERNAL_HIGH,Other,9849.309357876513,14577.976726811685,4728.667368935171,0.0,4728.667368935171
ROU,2025,CONFLICT_INTERNAL_HIGH__CONFLICT_EXTERNAL_LOW,Other,9849.309357876513,14577.976726811685,4728.667368935171,0.0,4728.667368935171
ROU,2025,CONFLICT_INTERNAL_LOW,Other,9849.309357876513,11425.531814188236,1576.2224563117231,0.0,1576.2224563117231
ROU,2025,CONFLICT_INTERNAL_LOW__CONFLICT_EXTERNAL_HIGH,Other,9849.309357876513,11425.531814188236,1576.2224563117231,0.0,1576.2224563117231
ROU,2025,CONFLICT_INTERNAL_LOW__CONFLICT_EXTERNAL_LOW,Other,9849.309357876513,11425.531814188236,1576.2224563117231,0.0,1576.2224563117231
RUS,2025,AID_HIGH,Other,5029.2253448328265,5029.2253448328265,0.0,0.0,0.0
RUS,2025,AID_HIGH__CONFLICT_EXTERNAL_HIGH,Other,5029.2253448328265,5029.2253448328265,0.0,0.0,0.0
RUS,2025,AID_HIGH__CONFLICT_EXTERNAL_LOW,Other,5029.2253448328265,5029.2253448328265,0.0,0.0,0.0
RUS,2025,AID_HIGH__CONFLICT_INTERNAL_HIGH,Other,5029.2253448328265,7740.775883609333,2711.550538776506,0.0,2711.550538776506
RUS,2025,AID_HIGH__CONFLICT_INTERNAL_HIGH__CONFLICT_EXTERNAL_HIGH,Other,5029.2253448328265,7740.775883609333,2711.550538776506,0.0,2711.550538776506
RUS,2025,AID_HIGH__CONFLICT_INTERNAL_HIGH__CONFLICT_EXTERNAL_LOW,Other,5029.2253448328265,7740.775883609333,2711.550538776506,0.0,2711.550538776506
RUS,2025,AID_HIGH__CONFLICT_INTERNAL_LOW,Other,5029.2253448328265,5933.075524424995,903.8501795921684,0.0,903.8501795921684
RUS,2025,AID_HIGH__CONFLICT_INTERNAL_LOW__CONFLICT_EXTERNAL_HIGH,Other,5029.2253448328265,5933.075524424995,903.8501795921684,0.0,903.8501795921684
RUS,2025,AID_HIGH__CONFLICT_INTERNAL_LOW__CONFLICT_EXTERNAL_LOW,Other,5029.2253448328265,5933.075524424995,903.8501795921684,0.0,903.8501795921684
RUS,2025,AID_LOW,Other,5029.2253448328265,5029.2253448328265,0.0,0.0,0.0
RUS,2025,AID_LOW__CONFLICT_EXTERNAL_HIGH,Other,5029.2253448328265,5029.2253448328265,0.0,0.0,0.0
RUS,2025,AID_LOW__CONFLICT_EXTERNAL_LOW,Other,5029.2253448328265,5029.2253448328265,0.0,0.0,0.0
RUS,2025,AID_LOW__CONFLICT_INTERNAL_HIGH,Other,5029.2253448328265,7740.775883609333,2711.550538776506,0.0,2711.550538776506
RUS,2025,AID_LOW__CONFLICT_INTERNAL_HIGH__CONFLICT_EXTERNAL_HIGH,Other,5029.2253448328265,7740.775883609333,2711.550538776506,0.0,2711.550538776506
RUS,2025,AID_LOW__CONFLICT_INTERNAL_HIGH__CONFLICT_EXTERNAL_LOW,Other,5029.2253448328265,7740.775883609333,2711.550538776506,0.0,2711.550538776506
RUS,2025,AID_LOW__CONFLICT_INTERNAL_LOW,Other,5029.2253448328265,5933.075524424995,903.8501795921684,0.0,903.8501795921684
RUS,2025,AID_LOW__CONFLICT_INTERNAL_LOW__CONFLICT_EXTERNAL_HIGH,Other,5029.2253448328265,5933.075524424995,903.8501795921684,0.0,903.8501795921684
RUS,2025,AID_LOW__CONFLICT_INTERNAL_LOW__CONFLICT_EXTERNAL_LOW,Other,5029.2253448328265,5933.075524424995,903.8501795921684,0.0,903.8501795921684
RUS,2025,CONFLICT_EXTERNAL_HIGH,Other,5029.2253448328265,5029.2253448328265,0.0,0.0,0.0
RUS,2025,CONFLICT_EXTERNAL_LOW,Other,5029.2253448328265,5029.2253448328265,0.0,0.0,0.0
RUS,2025,CONFLICT_INTERNAL_HIGH,Other,5029.2253448328265,7740.775883609333,2711.550538776506,0.0,2711.550538776506
RUS,2025,CONFLICT_INTERNAL_HIGH__CONFLICT_EXTERNAL_HIGH,Other,5029.2253448328265,7740.775883609333,2711.550538776506,0.0,2711.550538776506
RUS,2025,CONFLICT_INTERNAL_HIGH__CONFLICT_EXTERNAL_LOW,Other,5029.2253448328265,7740.775883609333,2711.550538776506,0.0,2711.550538776506
RUS,2025,CONFLICT_INTERNAL_LOW,Other,5029.2253448328265,5933.075524424995,903.8501795921684,0.0,903.8501795921684
RUS,2025,CONFLICT_INTERNAL_LOW__CONFLICT_EXTERNAL_HIGH,Other,5029.2253448328265,5933.075524424995,903.8501795921684,0.0,903.8501795921684
RUS,2025,CONFLICT_INTERNAL_LOW__CONFLICT_EXTERNAL_LOW,Other,5029.2253448328265,5933.075524424995,903.8501795921684,0.0,903.8501795921684
SAU,2025,AID_HIGH,Other,161010.04572425378,161010.04572425378,0.0,0.0,0.0
SAU,2025,AID_HIGH__CONFLICT_EXTERNAL_HIGH,Other,161010.04572425378,161010.04572425378,0.0,0.0,0.0
SAU,2025,AID_HIGH__CONFLICT_EXTERNAL_LOW,Other,161010.04572425378,161010.04572425378,0.0,0.0,0.0
SAU,2025,AID_HIGH__CONFLICT_INTERNAL_HIGH,Other,161010.04572425378,163574.8820155821,2564.8362913283013,0.0,2564.8362913283013
SAU,2025,AID_HIGH__CONFLICT_INTERNAL_HIGH__CONFLICT_EXTERNAL_HIGH,Other,161010.04572425378,163574.8820155821,2564.8362913283013,0.0,2564.8362913283013
SAU,2025,AID_HIGH__CONFLICT_INTERNAL_HIGH__CONFLICT_EXTERNAL_LOW,Other,161010.04572425378,163574.8820155821,2564.8362913283013,0.0,2564.8362913283013
SAU,2025,AID_HIGH__CONFLICT_INTERNAL_LOW,Other,161010.04572425378,161864.99115469656,854.9454304427671,0.0,854.9454304427671
SAU,2025,AID_HIGH__CONFLICT_INTERNAL_LOW__CONFLICT_EXTERNAL_HIGH,Other,161010.04572425378,161864.99115469656,854.9454304427671,0.0,854.9454304427671
SAU,2025,AID_HIGH__CONFLICT_INTERNAL_LOW__CONFLICT_EXTERNAL_LOW,Other,161010.04572425378,161864.99115469656,854.9454304427671,0.0,854.9454304427671
SAU,2025,AID_LOW,Other,161010.04572425378,161010.04572425378,0.0,0.0,0.0
SAU,2025,AID_LOW__CONFLICT_EXTERNAL_HIGH,Other,161010.04572425378,161010.04572425378,0.0,0.0,0.0
SAU,2025,AID_LOW__CONFLICT_EXTERNAL_LOW,Other,161010.04572425378,161010.04572425378,0.0,0.0,0.0
SAU,2025,AID_LOW__CONFLICT_INTERNAL_HIGH,Other,161010.04572425378,163574.8820155821,2564.8362913283013,0.0,2564.8362913283013
SAU,2025,AID_LOW__CONFLICT_INTERNAL_HIGH__CONFLICT_EXTERNAL_HIGH,Other,161010.04572425378,163574.8820155821,2564.8362913283013,0.0,2564.8362913283013
SAU,2025,AID_LOW__CONFLICT_INTERNAL_HIGH__CONFLICT_EXTERNAL_LOW,Other,161010.04572425378,163574.8820155821,2564.8362913283013,0.0,2564.8362913283013
SAU,2025,AID_LOW__CONFLICT_INTERNAL_LOW,Other,161010.04572425378,161864.99115469656,854.9454304427671,0.0,854.9454304427671
SAU,2025,AID_LOW__CONFLICT_INTERNAL_LOW__CONFLICT_EXTERNAL_HIGH,Other,161010.04572425378,161864.99115469656,854.9454304427671,0.0,854.9454304427671
SAU,2025,AID_LOW__CONFLICT_INTERNAL_LOW__CONFLICT_EXTERNAL_LOW,Other,161010.04572425378,161864.99115469656,854.9454304427671,0.0,854.9454304427671
SAU,2025,CONFLICT_EXTERNAL_HIGH,Other,161010.04572425378,161010.04572425378,0.0,0.0,0.0
SAU,2025,CONFLICT_EXTERNAL_LOW,Other,161010.04572425378,161010.04572425378,0.0,0.0,0.0
SAU,2025,CONFLICT_INTERNAL_HIGH,Other,161010.04572425378,163574.8820155821,2564.8362913283013,0.0,2564.8362913283013
SAU,2025,CONFLICT_INTERNAL_HIGH__CONFLICT_EXTERNAL_HIGH,Other,161010.04572425378,163574.8820155821,2564.8362913283013,0.0,2564.8362913283013
SAU,2025,CONFLICT_INTERNAL_HIGH__CONFLICT_EXTERNAL_LOW,Other,161010.04572425378,163574.8820155821,2564.8362913283013,0.0,2564.8362913283013
SAU,2025,CONFLICT_INTERNAL_LOW,Other,161010.04572425378,161864.99115469656,854.9454304427671,0.0,854.9454304427671
SAU,2025,CONFLICT_INTERNAL_LOW__CONFLICT_EXTERNAL_HIGH,Other,161010.04572425378,161864.99115469656,854.9454304427671,0.0,854.9454304427671
SAU,2025,CONFLICT_INTERNAL_LOW__CONFLICT_EXTERNAL_LOW,Other,161010.04572425378,161864.99115469656,854.9454304427671,0.0,854.9454304427671
SEN,2025,AID_HIGH,Other,817.0675743939661,817.0675743939661,0.0,0.0,0.0
SEN,2025,AID_HIGH__CONFLICT_EXTERNAL_HIGH,Other,817.0675743939661,817.0675743939661,0.0,0.0,0.0
SEN,2025,AID_HIGH__CONFLICT_EXTERNAL_LOW,Other,817.0675743939661,817.0675743939661,0.0,0.0,0.0
SEN,2025,AID_HIGH__CONFLICT_INTERNAL_HIGH,Other,817.0675743939661,1241.7501384367893,424.6825640428232,0.0,424.6825640428232
SEN,2025,AID_HIGH__CONFLICT_INTERNAL_HIGH__CONFLICT_EXTERNAL_HIGH,Other,817.0675743939661,1241.7501384367893,424.6825640428232,0.0,424.6825640428232
SEN,2025,AID_HIGH__CONFLICT_INTERNAL_HIGH__CONFLICT_EXTERNAL_LOW,Other,817.0675743939661,1241.7501384367893,424.6825640428232,0.0,424.6825640428232
SEN,2025,AID_HIGH__CONFLICT_INTERNAL_LOW,Other,817.0675743939661,958.6284290749071,141.56085468094102,0.0,141.56085468094102
SEN,2025,AID_HIGH__CONFLICT_INTERNAL_LOW__CONFLICT_EXTERNAL_HIGH,Other,817.0675743939661,958.6284290749071,141.56085468094102,0.0,141.56085468094102
SEN,2025,AID_HIGH__CONFLICT_INTERNAL_LOW__CONFLICT_EXTERNAL_LOW,Other,817.0675743939661,958.6284290749071,141.56085468094102,0.0,141.56085468094102
SEN,2025,AID_LOW,Other,817.0675743939661,817.0675743939661,0.0,0.0,0.0
SEN,2025,AID_LOW__CONFLICT_EXTERNAL_HIGH,Other,817.0675743939661,817.0675743939661,0.0,0.0,0.0
SEN,2025,AID_LOW__CONFLICT_EXTERNAL_LOW,Other,817.0675743939661,817.0675743939661,0.0,0.0,0.0
SEN,2025,AID_LOW__CONFLICT_INTERNAL_HIGH,Other,817.0675743939661,1241.7501384367893,424.6825640428232,0.0,424.6825640428232
SEN,2025,AID_LOW__CONFLICT_INTERNAL_HIGH__CONFLICT_EXTERNAL_HIGH,Other,817.0675743939661,1241.7501384367893,424.6825640428232,0.0,424.6825640428232
SEN,2025,AID_LOW__CONFLICT_INTERNAL_HIGH__CONFLICT_EXTERNAL_LOW,Other,817.0675743939661,1241.7501384367893,424.6825640428232,0.0,424.6825640428232
SEN,2025,AID_LOW__CONFLICT_INTERNAL_LOW,Other,817.0675743939661,958.6284290749071,141.56085468094102,0.0,141.56085468094102
SEN,2025,AID_LOW__CONFLICT_INTERNAL_LOW__CONFLICT_EXTERNAL_HIGH,Other,817.0675743939661,958.6284290749071,141.56085468094102,0.0,141.56085468094102
SEN,2025,AID_LOW__CONFLICT_INTERNAL_LOW__CONFLICT_EXTERNAL_LOW,Other,817.0675743939661,958.6284290749071,141.56085468094102,0.0,141.56085468094102
SEN,2025,CONFLICT_EXTERNAL_HIGH,Other,817.0675743939661,817.0675743939661,0.0,0.0,0.0
SEN,2025,CONFLICT_EXTERNAL_LOW,Other,817.0675743939661,817.0675743939661,0.0,0.0,0.0
SEN,2025,CONFLICT_INTERNAL_HIGH,Other,817.0675743939661,1241.7501384367893,424.6825640428232,0.0,424.6825640428232
SEN,2025,CONFLICT_INTERNAL_HIGH__CONFLICT_EXTERNAL_HIGH,Other,817.0675743939661,1241.7501384367893,424.6825640428232,0.0,424.6825640428232
SEN,2025,CONFLICT_INTERNAL_HIGH__CONFLICT_EXTERNAL_LOW,Other,817.0675743939661,1241.7501384367893,424.6825640428232,0.0,424.6825640428232
SEN,2025,CONFLICT_INTERNAL_LOW,Other,817.0675743939661,958.6284290749071,141.56085468094102,0.0,141.56085468094102
SEN,2025,CONFLICT_INTERNAL_LOW__CONFLICT_EXTERNAL_HIGH,Other,817.0675743939661,958.6284290749071,141.56085468094102,0.0,141.56085468094102
SEN,2025,CONFLICT_INTERNAL_LOW__CONFLICT_EXTERNAL_LOW,Other,817.0675743939661,958.6284290749071,141.56085468094102,0.0,141.56085468094102
SGP,2025,AID_HIGH,Other,1990444.389675469,1990444.389675469,0.0,0.0,0.0
SGP,2025,AID_HIGH__CONFLICT_EXTERNAL_HIGH,Other,1990444.389675469,1990444.389675469,0.0,0.0,0.0
SGP,2025,AID_HIGH__CONFLICT_EXTERNAL_LOW,Other,1990444.389675469,1990444.389675469,0.0,0.0,0.0
SGP,2025,AID_HIGH__CONFLICT_INTERNAL_HIGH,Other,1990444.389675469,2107030.8881885055,116586.4985130365,0.0,116586.4985130365
SGP,2025,AID_HIGH__CONFLICT_INTERNAL_HIGH__CONFLICT_EXTERNAL_HIGH,Other,1990444.389675469,2107030.8881885055,116586.4985130365,0.0,116586.4985130365
SGP,2025,AID_HIGH__CONFLICT_INTERNAL_HIGH__CONFLICT_EXTERNAL_LOW,Other,1990444.389675469,2107030.8881885055,116586.4985130365,0.0,116586.4985130365
SGP,2025,AID_HIGH__CONFLICT_INTERNAL_LOW,Other,1990444.389675469,2029306.5558464811,38862.16617101216,0.0,38862.16617101216
SGP,2025,AID_HIGH__CONFLICT_INTERNAL_LOW__CONFLICT_EXTERNAL_HIGH,Other,1990444.389675469,2029306.5558464811,38862.16617101216,0.0,38862.16617101216
SGP,2025,AID_HIGH__CONFLICT_INTERNAL_LOW__CONFLICT_EXTERNAL_LOW,Other,1990444.389675469,2029306.5558464811,38862.16617101216,0.0,38862.16617101216
SGP,2025,AID_LOW,Other,1990444.389675469,1990444.389675469,0.0,0.0,0.0
SGP,2025,AID_LOW__CONFLICT_EXTERNAL_HIGH,Other,1990444.389675469,1990444.389675469,0.0,0.0,0.0
SGP,2025,AID_LOW__CONFLICT_EXTERNAL_LOW,Other,1990444.389675469,1990444.389675469,0.0,0.0,0.0
SGP,2025,AID_LOW__CONFLICT_INTERNAL_HIGH,Other,1990444.389675469,2107030.8881885055,116586.4985130365,0.0,116586.4985130365
SGP,2025,AID_LOW__CONFLICT_INTERNAL_HIGH__CONFLICT_EXTERNAL_HIGH,Other,1990444.389675469,2107030.8881885055,116586.4985130365,0.0,116586.4985130365
SGP,2025,AID_LOW__CONFLICT_INTERNAL_HIGH__CONFLICT_EXTERNAL_LOW,Other,1990444.389675469,2107030.8881885055,116586.4985130365,0.0,116586.4985130365
SGP,2025,AID_LOW__CONFLICT_INTERNAL_LOW,Other,1990444.389675469,2029306.5558464811,38862.16617101216,0.0,38862.16617101216
SGP,2025,AID_LOW__CONFLICT_INTERNAL_LOW__CONFLICT_EXTERNAL_HIGH,Other,1990444.389675469,2029306.5558464811,38862.16617101216,0.0,38862.16617101216
SGP,2025,AID_LOW__CONFLICT_INTERNAL_LOW__CONFLICT_EXTERNAL_LOW,Other,1990444.389675469,2029306.5558464811,38862.16617101216,0.0,38862.16617101216
SGP,2025,CONFLICT_EXTERNAL_HIGH,Other,1990444.389675469,1990444.389675469,0.0,0.0,0.0
SGP,2025,CONFLICT_EXTERNAL_LOW,Other,1990444.389675469,1990444.389675469,0.0,0.0,0.0
SGP,2025,CONFLICT_INTERNAL_HIGH,Other,1990444.389675469,2107030.8881885055,116586.4985130365,0.0,116586.4985130365
SGP,2025,CONFLICT_INTERNAL_HIGH__CONFLICT_EXTERNAL_HIGH,Other,1990444.389675469,2107030.8881885055,116586.4985130365,0.0,116586.4985130365
SGP,2025,CONFLICT_INTERNAL_HIGH__CONFLICT_EXTERNAL_LOW,Other,1990444.389675469,2107030.8881885055,116586.4985130365,0.0,116586.4985130365
SGP,2025,CONFLICT_INTERNAL_LOW,Other,1990444.389675469,2029306.5558464811,38862.16617101216,0.0,38862.16617101216
SGP,2025,CONFLICT_INTERNAL_LOW__CONFLICT_EXTERNAL_HIGH,Other,1990444.389675469,2029306.5558464811,38862.16617101216,0.0,38862.16617101216
SGP,2025,CONFLICT_INTERNAL_LOW__CONFLICT_EXTERNAL_LOW,Other,1990444.389675469,2029306.5558464811,38862.16617101216,0.0,38862.16617101216
SLB,2025,AID_HIGH,Other,201.174741807144,201.174741807144,0.0,0.0,0.0
SLB,2025,AID_HIGH__CONFLICT_EXTERNAL_HIGH,Other,201.174741807144,201.174741807144,0.0,0.0,0.0
SLB,2025,AID_HIGH__CONFLICT_EXTERNAL_LOW,Other,201.174741807144,201.174741807144,0.0,0.0,0.0
SLB,2025,AID_HIGH__CONFLICT_INTERNAL_HIGH,Other,201.174741807144,222.3716585739222,21.19691676677822,0.0,21.19691676677822
SLB,2025,AID_HIGH__CONFLICT_INTERNAL_HIGH__CONFLICT_EXTERNAL_HIGH,Other,201.174741807144,222.3716585739222,21.19691676677822,0.0,21.19691676677822
SLB,2025,AID_HIGH__CONFLICT_INTERNAL_HIGH__CONFLICT_EXTERNAL_LOW,Other,201.174741807144,222.3716585739222,21.19691676677822,0.0,21.19691676677822
SLB,2025,AID_HIGH__CONFLICT_INTERNAL_LOW,Other,201.174741807144,208.24038072940337,7.065638922259405,0.0,7.065638922259405
SLB,2025,AID_HIGH__CONFLICT_INTERNAL_LOW__CONFLICT_EXTERNAL_HIGH,Other,201.174741807144,208.24038072940337,7.065638922259405,0.0,7.065638922259405
SLB,2025,AID_HIGH__CONFLICT_INTERNAL_LOW__CONFLICT_EXTERNAL_LOW,Other,201.174741807144,208.24038072940337,7.065638922259405,0.0,7.065638922259405
SLB,2025,AID_LOW,Other,201.174741807144,201.174741807144,0.0,0.0,0.0
SLB,2025,AID_LOW__CONFLICT_EXTERNAL_HIGH,Other,201.174741807144,201.174741807144,0.0,0.0,0.0
SLB,2025,AID_LOW__CONFLICT_EXTERNAL_LOW,Other,201.174741807144,201.174741807144,0.0,0.0,0.0
SLB,2025,AID_LOW__CONFLICT_INTERNAL_HIGH,Other,201.174741807144,222.3716585739222,21.19691676677822,0.0,21.19691676677822
SLB,2025,AID_LOW__CONFLICT_INTERNAL_HIGH__CONFLICT_EXTERNAL_HIGH,Other,201.174741807144,222.3716585739222,21.19691676677822,0.0,21.19691676677822
SLB,2025,AID_LOW__CONFLICT_INTERNAL_HIGH__CONFLICT_EXTERNAL_LOW,Other,201.174741807144,222.3716585739222,21.19691676677822,0.0,21.19691676677822
SLB,2025,AID_LOW__CONFLICT_INTERNAL_LOW,Other,201.174741807144,208.24038072940337,7.065638922259405,0.0,7.065638922259405
SLB,2025,AID_LOW__CONFLICT_INTERNAL_LOW__CONFLICT_EXTERNAL_HIGH,Other,201.174741807144,208.24038072940337,7.065638922259405,0.0,7.065638922259405
SLB,2025,AID_LOW__CONFLICT_INTERNAL_LOW__CONFLICT_EXTERNAL_LOW,Other,201.174741807144,208.24038072940337,7.065638922259405,0.0,7.065638922259405
SLB,2025,CONFLICT_EXTERNAL_HIGH,Other,201.174741807144,201.174741807144,0.0,0.0,0.0
SLB,2025,CONFLICT_EXTERNAL_LOW,Other,201.174741807144,201.174741807144,0.0,0.0,0.0
SLB,2025,CONFLICT_INTERNAL_HIGH,Other,201.174741807144,222.3716585739222,21.19691676677822,0.0,21.19691676677822
SLB,2025,CONFLICT_INTERNAL_HIGH__CONFLICT_EXTERNAL_HIGH,Other,201.174741807144,222.3716585739222,21.19691676677822,0.0,21.19691676677822
SLB,2025,CONFLICT_INTERNAL_HIGH__CONFLICT_EXTERNAL_LOW,Other,201.174741807144,222.3716585739222,21.19691676677822,0.0,21.19691676677822
SLB,2025,CONFLICT_INTERNAL_LOW,Other,201.174741807144,208.24038072940337,7.065638922259405,0.0,7.065638922259405
SLB,2025,CONFLICT_INTERNAL_LOW__CONFLICT_EXTERNAL_HIGH,Other,201.174741807144,208.24038072940337,7.065638922259405,0.0,7.065638922259405
SLB,2025,CONFLICT_INTERNAL_LOW__CONFLICT_EXTERNAL_LOW,Other,201.174741807144,208.24038072940337,7.065638922259405,0.0,7.065638922259405
SLE,2025,AID_HIGH,Other,137.04153351717906,137.04153351717906,0.0,0.0,0.0
SLE,2025,AID_HIGH__CONFLICT_EXTERNAL_HIGH,Other,137.04153351717906,137.04153351717906,0.0,0.0,0.0
SLE,2025,AID_HIGH__CONFLICT_EXTERNAL_LOW,Other,137.04153351717906,137.04153351717906,0.0,0.0,0.0
SLE,2025,AID_HIGH__CONFLICT_INTERNAL_HIGH,Other,137.04153351717906,207.73839482773664,70.69686131055758,0.0,70.69686131055758
SLE,2025,AID_HIGH__CONFLICT_INTERNAL_HIGH__CONFLICT_EXTERNAL_HIGH,Other,137.04153351717906,207.73839482773664,70.69686131055758,0.0,70.69686131055758
SLE,2025,AID_HIGH__CONFLICT_INTERNAL_HIGH__CONFLICT_EXTERNAL_LOW,Other,137.04153351717906,207.73839482773664,70.69686131055758,0.0,70.69686131055758
SLE,2025,AID_HIGH__CONFLICT_INTERNAL_LOW,Other,137.04153351717906,160.6071539540316,23.56562043685252,0.0,23.56562043685252
SLE,2025,AID_HIGH__CONFLICT_INTERNAL_LOW__CONFLICT_EXTERNAL_HIGH,Other,137.04153351717906,160.6071539540316,23.56562043685252,0.0,23.56562043685252
SLE,2025,AID_HIGH__CONFLICT_INTERNAL_LOW__CONFLICT_EXTERNAL_LOW,Other,137.04153351717906,160.6071539540316,23.56562043685252,0.0,23.56562043685252
SLE,2025,AID_LOW,Other,137.04153351717906,137.04153351717906,0.0,0.0,0.0
SLE,2025,AID_LOW__CONFLICT_EXTERNAL_HIGH,Other,137.04153351717906,137.04153351717906,0.0,0.0,0.0
SLE,2025,AID_LOW__CONFLICT_EXTERNAL_LOW,Other,137.04153351717906,137.04153351717906,0.0,0.0,0.0
SLE,2025,AID_LOW__CONFLICT_INTERNAL_HIGH,Other,137.04153351717906,207.73839482773664,70.69686131055758,0.0,70.69686131055758
SLE,2025,AID_LOW__CONFLICT_INTERNAL_HIGH__CONFLICT_EXTERNAL_HIGH,Other,137.04153351717906,207.73839482773664,70.69686131055758,0.0,70.69686131055758
SLE,2025,AID_LOW__CONFLICT_INTERNAL_HIGH__CONFLICT_EXTERNAL_LOW,Other,137.04153351717906,207.73839482773664,70.69686131055758,0.0,70.69686131055758
SLE,2025,AID_LOW__CONFLICT_INTERNAL_LOW,Other,137.04153351717906,160.6071539540316,23.56562043685252,0.0,23.56562043685252
SLE,2025,AID_LOW__CONFLICT_INTERNAL_LOW__CONFLICT_EXTERNAL_HIGH,Other,137.04153351717906,160.6071539540316,23.56562043685252,0.0,23.56562043685252
SLE,2025,AID_LOW__CONFLICT_INTERNAL_LOW__CONFLICT_EXTERNAL_LOW,Other,137.04153351717906,160.6071539540316,23.56562043685252,0.0,23.56562043685252
SLE,2025,CONFLICT_EXTERNAL_HIGH,Other,137.04153351717906,137.04153351717906,0.0,0.0,0.0
SLE,2025,CONFLICT_EXTERNAL_LOW,Other,137.04153351717906,137.04153351717906,0.0,0.0,0.0
SLE,2025,CONFLICT_INTERNAL_HIGH,Other,137.04153351717906,207.73839482773664,70.69686131055758,0.0,70.69686131055758
SLE,2025,CONFLICT_INTERNAL_HIGH__CONFLICT_EXTERNAL_HIGH,Other,137.04153351717906,207.73839482773664,70.69686131055758,0.0,70.69686131055758
SLE,2025,CONFLICT_INTERNAL_HIGH__CONFLICT_EXTERNAL_LOW,Other,137.04153351717906,207.73839482773664,70.69686131055758,0.0,70.69686131055758
SLE,2025,CONFLICT_INTERNAL_LOW,Other,137.04153351717906,160.6071539540316,23.56562043685252,0.0,23.56562043685252
SLE,2025,CONFLICT_INTERNAL_LOW__CONFLICT_EXTERNAL_HIGH,Other,137.04153351717906,160.6071539540316,23.56562043685252,0.0,23.56562043685252
SLE,2025,CONFLICT_INTERNAL_LOW__CONFLICT_EXTERNAL_LOW,Other,137.04153351717906,160.6071539540316,23.56562043685252,0.0,23.56562043685252
SLV,2025,AID_HIGH,Other,5356.635194913901,5356.635194913901,0.0,0.0,0.0
SLV,2025,AID_HIGH__CONFLICT_EXTERNAL_HIGH,Other,5356.635194913901,5356.635194913901,0.0,0.0,0.0
SLV,2025,AID_HIGH__CONFLICT_EXTERNAL_LOW,Other,5356.635194913901,5356.635194913901,0.0,0.0,0.0
SLV,2025,AID_HIGH__CONFLICT_INTERNAL_HIGH,Other,5356.635194913901,8145.400745334571,2788.7655504206705,0.0,2788.7655504206705
SLV,2025,AID_HIGH__CONFLICT_INTERNAL_HIGH__CONFLICT_EXTERNAL_HIGH,Other,5356.635194913901,8145.400745334571,2788.7655504206705,0.0,2788.7655504206705
SLV,2025,AID_HIGH__CONFLICT_INTERNAL_HIGH__CONFLICT_EXTERNAL_LOW,Other,5356.635194913901,8145.400745334571,2788.7655504206705,0.0,2788.7655504206705
SLV,2025,AID_HIGH__CONFLICT_INTERNAL_LOW,Other,5356.635194913901,6286.223711720791,929.5885168068899,0.0,929.5885168068899
SLV,2025,AID_HIGH__CONFLICT_INTERNAL_LOW__CONFLICT_EXTERNAL_HIGH,Other,5356.635194913901,6286.223711720791,929.5885168068899,0.0,929.5885168068899
SLV,2025,AID_HIGH__CONFLICT_INTERNAL_LOW__CONFLICT_EXTERNAL_LOW,Other,5356.635194913901,6286.223711720791,929.5885168068899,0.0,929.5885168068899
SLV,2025,AID_LOW,Other,5356.635194913901,5356.635194913901,0.0,0.0,0.0
SLV,2025,AID_LOW__CONFLICT_EXTERNAL_HIGH,Other,5356.635194913901,5356.635194913901,0.0,0.0,0.0
SLV,2025,AID_LOW__CONFLICT_EXTERNAL_LOW,Other,5356.635194913901,5356.635194913901,0.0,0.0,0.0
SLV,2025,AID_LOW__CONFLICT_INTERNAL_HIGH,Other,5356.635194913901,8145.400745334571,2788.7655504206705,0.0,2788.7655504206705
SLV,2025,AID_LOW__CONFLICT_INTERNAL_HIGH__CONFLICT_EXTERNAL_HIGH,Other,5356.635194913901,8145.400745334571,2788.7655504206705,0.0,2788.7655504206705
SLV,2025,AID_LOW__CONFLICT_INTERNAL_HIGH__CONFLICT_EXTERNAL_LOW,Other,5356.635194913901,8145.400745334571,2788.7655504206705,0.0,2788.7655504206705
SLV,2025,AID_LOW__CONFLICT_INTERNAL_LOW,Other,5356.635194913901,6286.223711720791,929.5885168068899,0.0,929.5885168068899
SLV,2025,AID_LOW__CONFLICT_INTERNAL_LOW__CONFLICT_EXTERNAL_HIGH,Other,5356.635194913901,6286.223711720791,929.5885168068899,0.0,929.5885168068899
SLV,2025,AID_LOW__CONFLICT_INTERNAL_LOW__CONFLICT_EXTERNAL_LOW,Other,5356.635194913901,6286.223711720791,929.5885168068899,0.0,929.5885168068899
SLV,2025,CONFLICT_EXTERNAL_HIGH,Other,5356.635194913901,5356.635194913901,0.0,0.0,0.0
SLV,2025,CONFLICT_EXTERNAL_LOW,Other,5356.635194913901,5356.635194913901,0.0,0.0,0.0
SLV,2025,CONFLICT_INTERNAL_HIGH,Other,5356.635194913901,8145.400745334571,2788.7655504206705,0.0,2788.7655504206705
SLV,2025,CONFLICT_INTERNAL_HIGH__CONFLICT_EXTERNAL_HIGH,Other,5356.635194913901,8145.400745334571,2788.7655504206705,0.0,2788.7655504206705
SLV,2025,CONFLICT_INTERNAL_HIGH__CONFLICT_EXTERNAL_LOW,Other,5356.635194913901,8145.400745334571,2788.7655504206705,0.0,2788.7655504206705
SLV,2025,CONFLICT_INTERNAL_LOW,Other,5356.635194913901,6286.223711720791,929.5885168068899,0.0,929.5885168068899
SLV,2025,CONFLICT_INTERNAL_LOW__CONFLICT_EXTERNAL_HIGH,Other,5356.635194913901,6286.223711720791,929.5885168068899,0.0,929.5885168068899
SLV,2025,CONFLICT_INTERNAL_LOW__CONFLICT_EXTERNAL_LOW,Other,5356.635194913901,6286.223711720791,929.5885168068899,0.0,929.5885168068899
SRB,2025,AID_HIGH,Other,2051.390484521553,2051.390484521553,0.0,0.0,0.0
SRB,2025,AID_HIGH__CONFLICT_EXTERNAL_HIGH,Other,2051.390484521553,2051.390484521553,0.0,0.0,0.0
SRB,2025,AID_HIGH__CONFLICT_EXTERNAL_LOW,Other,2051.390484521553,2051.390484521553,0.0,0.0,0.0
SRB,2025,AID_HIGH__CONFLICT_INTERNAL_HIGH,Other,2051.390484521553,3070.227521280648,1018.837036759095,0.0,1018.837036759095
SRB,2025,AID_HIGH__CONFLICT_INTERNAL_HIGH__CONFLICT_EXTERNAL_HIGH,Other,2051.390484521553,3070.227521280648,1018.837036759095,0.0,1018.837036759095
SRB,2025,AID_HIGH__CONFLICT_INTERNAL_HIGH__CONFLICT_EXTERNAL_LOW,Other,2051.390484521553,3070.227521280648,1018.837036759095,0.0,1018.837036759095
SRB,2025,AID_HIGH__CONFLICT_INTERNAL_LOW,Other,2051.390484521553,2391.002830107918,339.6123455863649,0.0,339.6123455863649
SRB,2025,AID_HIGH__CONFLICT_INTERNAL_LOW__CONFLICT_EXTERNAL_HIGH,Other,2051.390484521553,2391.002830107918,339.6123455863649,0.0,339.6123455863649
SRB,2025,AID_HIGH__CONFLICT_INTERNAL_LOW__CONFLICT_EXTERNAL_LOW,Other,2051.390484521553,2391.002830107918,339.6123455863649,0.0,339.6123455863649
SRB,2025,AID_LOW,Other,2051.390484521553,2051.390484521553,0.0,0.0,0.0
SRB,2025,AID_LOW__CONFLICT_EXTERNAL_HIGH,Other,2051.390484521553,2051.390484521553,0.0,0.0,0.0
SRB,2025,AID_LOW__CONFLICT_EXTERNAL_LOW,Other,2051.390484521553,2051.390484521553,0.0,0.0,0.0
SRB,2025,AID_LOW__CONFLICT_INTERNAL_HIGH,Other,2051.390484521553,3070.227521280648,1018.837036759095,0.0,1018.837036759095
SRB,2025,AID_LOW__CONFLICT_INTERNAL_HIGH__CONFLICT_EXTERNAL_HIGH,Other,2051.390484521553,3070.227521280648,1018.837036759095,0.0,1018.837036759095
SRB,2025,AID_LOW__CONFLICT_INTERNAL_HIGH__CONFLICT_EXTERNAL_LOW,Other,2051.390484521553,3070.227521280648,1018.837036759095,0.0,1018.837036759095
SRB,2025,AID_LOW__CONFLICT_INTERNAL_LOW,Other,2051.390484521553,2391.002830107918,339.6123455863649,0.0,339.6123455863649
SRB,2025,AID_LOW__CONFLICT_INTERNAL_LOW__CONFLICT_EXTERNAL_HIGH,Other,2051.390484521553,2391.002830107918,339.6123455863649,0.0,339.6123455863649
SRB,2025,AID_LOW__CONFLICT_INTERNAL_LOW__CONFLICT_EXTERNAL_LOW,Other,2051.390484521553,2391.002830107918,339.6123455863649,0.0,339.6123455863649
SRB,2025,CONFLICT_EXTERNAL_HIGH,Other,2051.390484521553,2051.390484521553,0.0,0.0,0.0
SRB,2025,CONFLICT_EXTERNAL_LOW,Other,2051.390484521553,2051.390484521553,0.0,0.0,0.0
SRB,2025,CONFLICT_INTERNAL_HIGH,Other,2051.390484521553,3070.227521280648,1018.837036759095,0.0,1018.837036759095
SRB,2025,CONFLICT_INTERNAL_HIGH__CONFLICT_EXTERNAL_HIGH,Other,2051.390484521553,3070.227521280648,1018.837036759095,0.0,1018.837036759095
SRB,2025,CONFLICT_INTERNAL_HIGH__CONFLICT_EXTERNAL_LOW,Other,2051.390484521553,3070.227521280648,1018.837036759095,0.0,1018.837036759095
SRB,2025,CONFLICT_INTERNAL_LOW,Other,2051.390484521553,2391.002830107918,339.6123455863649,0.0,339.6123455863649
SRB,2025,CONFLICT_INTERNAL_LOW__CONFLICT_EXTERNAL_HIGH,Other,2051.390484521553,2391.002830107918,339.6123455863649,0.0,339.6123455863649
SRB,2025,CONFLICT_INTERNAL_LOW__CONFLICT_EXTERNAL_LOW,Other,2051.390484521553,2391.002830107918,339.6123455863649,0.0,339.6123455863649
SVK,2025,AID_HIGH,Other,2920.9079359814136,2920.9079359814136,0.0,0.0,0.0
SVK,2025,AID_HIGH__CONFLICT_EXTERNAL_HIGH,Other,2920.9079359814136,2920.9079359814136,0.0,0.0,0.0
SVK,2025,AID_HIGH__CONFLICT_EXTERNAL_LOW,Other,2920.9079359814136,2920.9079359814136,0.0,0.0,0.0
SVK,2025,AID_HIGH__CONFLICT_INTERNAL_HIGH,Other,2920.9079359814136,4365.355925159256,1444.4479891778421,0.0,1444.4479891778421
SVK,2025,AID_HIGH__CONFLICT_INTERNAL_HIGH__CONFLICT_EXTERNAL_HIGH,Other,2920.9079359814136,4365.355925159256,1444.4479891778421,0.0,1444.4479891778421
SVK,2025,AID_HIGH__CONFLICT_INTERNAL_HIGH__CONFLICT_EXTERNAL_LOW,Other,2920.9079359814136,4365.355925159256,1444.4479891778421,0.0,1444.4479891778421
SVK,2025,AID_HIGH__CONFLICT_INTERNAL_LOW,Other,2920.9079359814136,3402.3905990406943,481.4826630592806,0.0,481.4826630592806
SVK,2025,AID_HIGH__CONFLICT_INTERNAL_LOW__CONFLICT_EXTERNAL_HIGH,Other,2920.9079359814136,3402.3905990406943,481.4826630592806,0.0,481.4826630592806
SVK,2025,AID_HIGH__CONFLICT_INTERNAL_LOW__CONFLICT_EXTERNAL_LOW,Other,2920.9079359814136,3402.3905990406943,481.4826630592806,0.0,481.4826630592806
SVK,2025,AID_LOW,Other,2920.9079359814136,2920.9079359814136,0.0,0.0,0.0
SVK,2025,AID_LOW__CONFLICT_EXTERNAL_HIGH,Other,2920.9079359814136,2920.9079359814136,0.0,0.0,0.0
SVK,2025,AID_LOW__CONFLICT_EXTERNAL_LOW,Other,2920.9079359814136,2920.9079359814136,0.0,0.0,0.0
SVK,2025,AID_LOW__CONFLICT_INTERNAL_HIGH,Other,2920.9079359814136,4365.355925159256,1444.4479891778421,0.0,1444.4479891778421
SVK,2025,AID_LOW__CONFLICT_INTERNAL_HIGH__CONFLICT_EXTERNAL_HIGH,Other,2920.9079359814136,4365.355925159256,1444.4479891778421,0.0,1444.4479891778421
SVK,2025,AID_LOW__CONFLICT_INTERNAL_HIGH__CONFLICT_EXTERNAL_LOW,Other,2920.9079359814136,4365.355925159256,1444.4479891778421,0.0,1444.4479891778421
SVK,2025,AID_LOW__CONFLICT_INTERNAL_LOW,Other,2920.9079359814136,3402.3905990406943,481.4826630592806,0.0,481.4826630592806
SVK,2025,AID_LOW__CONFLICT_INTERNAL_LOW__CONFLICT_EXTERNAL_HIGH,Other,2920.9079359814136,3402.3905990406943,481.4826630592806,0.0,481.4826630592806
SVK,2025,AID_LOW__CONFLICT_INTERNAL_LOW__CONFLICT_EXTERNAL_LOW,Other,2920.9079359814136,3402.3905990406943,481.4826630592806,0.0,481.4826630592806
SVK,2025,CONFLICT_EXTERNAL_HIGH,Other,2920.9079359814136,2920.9079359814136,0.0,0.0,0.0
SVK,2025,CONFLICT_EXTERNAL_LOW,Other,2920.9079359814136,2920.9079359814136,0.0,0.0,0.0
SVK,2025,CONFLICT_INTERNAL_HIGH,Other,2920.9079359814136,4365.355925159256,1444.4479891778421,0.0,1444.4479891778421
SVK,2025,CONFLICT_INTERNAL_HIGH__CONFLICT_EXTERNAL_HIGH,Other,2920.9079359814136,4365.355925159256,1444.4479891778421,0.0,1444.4479891778421
SVK,2025,CONFLICT_INTERNAL_HIGH__CONFLICT_EXTERNAL_LOW,Other,2920.9079359814136,4365.355925159256,1444.4479891778421,0.0,1444.4479891778421
SVK,2025,CONFLICT_INTERNAL_LOW,Other,2920.9079359814136,3402.3905990406943,481.4826630592806,0.0,481.4826630592806
SVK,2025,CONFLICT_INTERNAL_LOW__CONFLICT_EXTERNAL_HIGH,Other,2920.9079359814136,3402.3905990406943,481.4826630592806,0.0,481.4826630592806
SVK,2025,CONFLICT_INTERNAL_LOW__CONFLICT_EXTERNAL_LOW,Other,2920.9079359814136,3402.3905990406943,481.4826630592806,0.0,481.4826630592806
SVN,2025,AID_HIGH,Other,1098.2955816309252,1098.2955816309252,0.0,0.0,0.0
SVN,2025,AID_HIGH__CONFLICT_EXTERNAL_HIGH,Other,1098.2955816309252,1098.2955816309252,0.0,0.0,0.0
SVN,2025,AID_HIGH__CONFLICT_EXTERNAL_LOW,Other,1098.2955816309252,1098.2955816309252,0.0,0.0,0.0
SVN,2025,AID_HIGH__CONFLICT_INTERNAL_HIGH,Other,1098.2955816309252,1592.7996785144694,494.5040968835441,0.0,494.5040968835441
SVN,2025,AID_HIGH__CONFLICT_INTERNAL_HIGH__CONFLICT_EXTERNAL_HIGH,Other,1098.2955816309252,1592.7996785144694,494.5040968835441,0.0,494.5040968835441
SVN,2025,AID_HIGH__CONFLICT_INTERNAL_HIGH__CONFLICT_EXTERNAL_LOW,Other,1098.2955816309252,1592.7996785144694,494.5040968835441,0.0,494.5040968835441
SVN,2025,AID_HIGH__CONFLICT_INTERNAL_LOW,Other,1098.2955816309252,1263.1302805921066,164.83469896118132,0.0,164.83469896118132
SVN,2025,AID_HIGH__CONFLICT_INTERNAL_LOW__CONFLICT_EXTERNAL_HIGH,Other,1098.2955816309252,1263.1302805921066,164.83469896118132,0.0,164.83469896118132
SVN,2025,AID_HIGH__CONFLICT_INTERNAL_LOW__CONFLICT_EXTERNAL_LOW,Other,1098.2955816309252,1263.1302805921066,164.83469896118132,0.0,164.83469896118132
SVN,2025,AID_LOW,Other,1098.2955816309252,1098.2955816309252,0.0,0.0,0.0
SVN,2025,AID_LOW__CONFLICT_EXTERNAL_HIGH,Other,1098.2955816309252,1098.2955816309252,0.0,0.0,0.0
SVN,2025,AID_LOW__CONFLICT_EXTERNAL_LOW,Other,1098.2955816309252,1098.2955816309252,0.0,0.0,0.0
SVN,2025,AID_LOW__CONFLICT_INTERNAL_HIGH,Other,1098.2955816309252,1592.7996785144694,494.5040968835441,0.0,494.5040968835441
SVN,2025,AID_LOW__CONFLICT_INTERNAL_HIGH__CONFLICT_EXTERNAL_HIGH,Other,1098.2955816309252,1592.7996785144694,494.5040968835441,0.0,494.5040968835441
SVN,2025,AID_LOW__CONFLICT_INTERNAL_HIGH__CONFLICT_EXTERNAL_LOW,Other,1098.2955816309252,1592.7996785144694,494.5040968835441,0.0,494.5040968835441
SVN,2025,AID_LOW__CONFLICT_INTERNAL_LOW,Other,1098.2955816309252,1263.1302805921066,164.83469896118132,0.0,164.83469896118132
SVN,2025,AID_LOW__CONFLICT_INTERNAL_LOW__CONFLICT_EXTERNAL_HIGH,Other,1098.2955816309252,1263.1302805921066,164.83469896118132,0.0,164.83469896118132
SVN,2025,AID_LOW__CONFLICT_INTERNAL_LOW__CONFLICT_EXTERNAL_LOW,Other,1098.2955816309252,1263.1302805921066,164.83469896118132,0.0,164.83469896118132
SVN,2025,CONFLICT_EXTERNAL_HIGH,Other,1098.2955816309252,1098.2955816309252,0.0,0.0,0.0
SVN,2025,CONFLICT_EXTERNAL_LOW,Other,1098.2955816309252,1098.2955816309252,0.0,0.0,0.0
SVN,2025,CONFLICT_INTERNAL_HIGH,Other,1098.2955816309252,1592.7996785144694,494.5040968835441,0.0,494.5040968835441
SVN,2025,CONFLICT_INTERNAL_HIGH__CONFLICT_EXTERNAL_HIGH,Other,1098.2955816309252,1592.7996785144694,494.5040968835441,0.0,494.5040968835441
SVN,2025,CONFLICT_INTERNAL_HIGH__CONFLICT_EXTERNAL_LOW,Other,1098.2955816309252,1592.7996785144694,494.5040968835441,0.0,494.5040968835441
SVN,2025,CONFLICT_INTERNAL_LOW,Other,1098.2955816309252,1263.1302805921066,164.83469896118132,0.0,164.83469896118132
SVN,2025,CONFLICT_INTERNAL_LOW__CONFLICT_EXTERNAL_HIGH,Other,1098.2955816309252,1263.1302805921066,164.83469896118132,0.0,164.83469896118132
SVN,2025,CONFLICT_INTERNAL_LOW__CONFLICT_EXTERNAL_LOW,Other,1098.2955816309252,1263.1302805921066,164.83469896118132,0.0,164.83469896118132
SWE,2025,AID_HIGH,Other,26023.18105800065,26023.18105800065,0.0,0.0,0.0
SWE,2025,AID_HIGH__CONFLICT_EXTERNAL_HIGH,Other,26023.18105800065,26023.18105800065,0.0,0.0,0.0
SWE,2025,AID_HIGH__CONFLICT_EXTERNAL_LOW,Other,26023.18105800065,26023.18105800065,0.0,0.0,0.0
SWE,2025,AID_HIGH__CONFLICT_INTERNAL_HIGH,Other,26023.18105800065,39145.721868070854,13122.540810070204,0.0,13122.540810070204
SWE,2025,AID_HIGH__CONFLICT_INTERNAL_HIGH__CONFLICT_EXTERNAL_HIGH,Other,26023.18105800065,39145.721868070854,13122.540810070204,0.0,13122.540810070204
SWE,2025,AID_HIGH__CONFLICT_INTERNAL_HIGH__CONFLICT_EXTERNAL_LOW,Other,26023.18105800065,39145.721868070854,13122.540810070204,0.0,13122.540810070204
SWE,2025,AID_HIGH__CONFLICT_INTERNAL_LOW,Other,26023.18105800065,30397.36132802405,4374.1802700234,0.0,4374.1802700234
SWE,2025,AID_HIGH__CONFLICT_INTERNAL_LOW__CONFLICT_EXTERNAL_HIGH,Other,26023.18105800065,30397.36132802405,4374.1802700234,0.0,4374.1802700234
SWE,2025,AID_HIGH__CONFLICT_INTERNAL_LOW__CONFLICT_EXTERNAL_LOW,Other,26023.18105800065,30397.36132802405,4374.1802700234,0.0,4374.1802700234
SWE,2025,AID_LOW,Other,26023.18105800065,26023.18105800065,0.0,0.0,0.0
SWE,2025,AID_LOW__CONFLICT_EXTERNAL_HIGH,Other,26023.18105800065,26023.18105800065,0.0,0.0,0.0
SWE,2025,AID_LOW__CONFLICT_EXTERNAL_LOW,Other,26023.18105800065,26023.18105800065,0.0,0.0,0.0
SWE,2025,AID_LOW__CONFLICT_INTERNAL_HIGH,Other,26023.18105800065,39145.721868070854,13122.540810070204,0.0,13122.540810070204
SWE,2025,AID_LOW__CONFLICT_INTERNAL_HIGH__CONFLICT_EXTERNAL_HIGH,Other,26023.18105800065,39145.721868070854,13122.540810070204,0.0,13122.540810070204
SWE,2025,AID_LOW__CONFLICT_INTERNAL_HIGH__CONFLICT_EXTERNAL_LOW,Other,26023.18105800065,39145.721868070854,13122.540810070204,0.0,13122.540810070204
SWE,2025,AID_LOW__CONFLICT_INTERNAL_LOW,Other,26023.18105800065,30397.36132802405,4374.1802700234,0.0,4374.1802700234
SWE,2025,AID_LOW__CONFLICT_INTERNAL_LOW__CONFLICT_EXTERNAL_HIGH,Other,26023.18105800065,30397.36132802405,4374.1802700234,0.0,4374.1802700234
SWE,2025,AID_LOW__CONFLICT_INTERNAL_LOW__CONFLICT_EXTERNAL_LOW,Other,26023.18105800065,30397.36132802405,4374.1802700234,0.0,4374.1802700234
SWE,2025,CONFLICT_EXTERNAL_HIGH,Other,26023.18105800065,26023.18105800065,0.0,0.0,0.0
SWE,2025,CONFLICT_EXTERNAL_LOW,Other,26023.18105800065,26023.18105800065,0.0,0.0,0.0
SWE,2025,CONFLICT_INTERNAL_HIGH,Other,26023.18105800065,39145.721868070854,13122.540810070204,0.0,13122.540810070204
SWE,2025,CONFLICT_INTERNAL_HIGH__CONFLICT_EXTERNAL_HIGH,Other,26023.18105800065,39145.721868070854,13122.540810070204,0.0,13122.540810070204
SWE,2025,CONFLICT_INTERNAL_HIGH__CONFLICT_EXTERNAL_LOW,Other,26023.18105800065,39145.721868070854,13122.540810070204,0.0,13122.540810070204
SWE,2025,CONFLICT_INTERNAL_LOW,Other,26023.18105800065,30397.36132802405,4374.1802700234,0.0,4374.1802700234
SWE,2025,CONFLICT_INTERNAL_LOW__CONFLICT_EXTERNAL_HIGH,Other,26023.18105800065,30397.36132802405,4374.1802700234,0.0,4374.1802700234
SWE,2025,CONFLICT_INTERNAL_LOW__CONFLICT_EXTERNAL_LOW,Other,26023.18105800065,30397.36132802405,4374.1802700234,0.0,4374.1802700234
SWZ,2025,AID_HIGH,Other,244.3583706541506,244.3583706541506,0.0,0.0,0.0
SWZ,2025,AID_HIGH__CONFLICT_EXTERNAL_HIGH,Other,244.3583706541506,244.3583706541506,0.0,0.0,0.0
SWZ,2025,AID_HIGH__CONFLICT_EXTERNAL_LOW,Other,244.3583706541506,244.3583706541506,0.0,0.0,0.0
SWZ,2025,AID_HIGH__CONFLICT_INTERNAL_HIGH,Other,244.3583706541506,375.7241696851157,131.36579903096512,0.0,131.36579903096512
SWZ,2025,AID_HIGH__CONFLICT_INTERNAL_HIGH__CONFLICT_EXTERNAL_HIGH,Other,244.3583706541506,375.7241696851157,131.36579903096512,0.0,131.36579903096512
SWZ,2025,AID_HIGH__CONFLICT_INTERNAL_HIGH__CONFLICT_EXTERNAL_LOW,Other,244.3583706541506,375.7241696851157,131.36579903096512,0.0,131.36579903096512
SWZ,2025,AID_HIGH__CONFLICT_INTERNAL_LOW,Other,244.3583706541506,288.14697033113896,43.78859967698836,0.0,43.78859967698836
SWZ,2025,AID_HIGH__CONFLICT_INTERNAL_LOW__CONFLICT_EXTERNAL_HIGH,Other,244.3583706541506,288.14697033113896,43.78859967698836,0.0,43.78859967698836
SWZ,2025,AID_HIGH__CONFLICT_INTERNAL_LOW__CONFLICT_EXTERNAL_LOW,Other,244.3583706541506,288.14697033113896,43.78859967698836,0.0,43.78859967698836
SWZ,2025,AID_LOW,Other,244.3583706541506,244.3583706541506,0.0,0.0,0.0
SWZ,2025,AID_LOW__CONFLICT_EXTERNAL_HIGH,Other,244.3583706541506,244.3583706541506,0.0,0.0,0.0
SWZ,2025,AID_LOW__CONFLICT_EXTERNAL_LOW,Other,244.3583706541506,244.3583706541506,0.0,0.0,0.0
SWZ,2025,AID_LOW__CONFLICT_INTERNAL_HIGH,Other,244.3583706541506,375.7241696851157,131.36579903096512,0.0,131.36579903096512
SWZ,2025,AID_LOW__CONFLICT_INTERNAL_HIGH__CONFLICT_EXTERNAL_HIGH,Other,244.3583706541506,375.7241696851157,131.36579903096512,0.0,131.36579903096512
SWZ,2025,AID_LOW__CONFLICT_INTERNAL_HIGH__CONFLICT_EXTERNAL_LOW,Other,244.3583706541506,375.7241696851157,131.36579903096512,0.0,131.36579903096512
SWZ,2025,AID_LOW__CONFLICT_INTERNAL_LOW,Other,244.3583706541506,288.14697033113896,43.78859967698836,0.0,43.78859967698836
SWZ,2025,AID_LOW__CONFLICT_INTERNAL_LOW__CONFLICT_EXTERNAL_HIGH,Other,244.3583706541506,288.14697033113896,43.78859967698836,0.0,43.78859967698836
SWZ,2025,AID_LOW__CONFLICT_INTERNAL_LOW__CONFLICT_EXTERNAL_LOW,Other,244.3583706541506,288.14697033113896,43.78859967698836,0.0,43.78859967698836
SWZ,2025,CONFLICT_EXTERNAL_HIGH,Other,244.3583706541506,244.3583706541506,0.0,0.0,0.0
SWZ,2025,CONFLICT_EXTERNAL_LOW,Other,244.3583706541506,244.3583706541506,0.0,0.0,0.0
SWZ,2025,CONFLICT_INTERNAL_HIGH,Other,244.3583706541506,375.7241696851157,131.36579903096512,0.0,131.36579903096512
SWZ,2025,CONFLICT_INTERNAL_HIGH__CONFLICT_EXTERNAL_HIGH,Other,244.3583706541506,375.7241696851157,131.36579903096512,0.0,131.36579903096512
SWZ,2025,CONFLICT_INTERNAL_HIGH__CONFLICT_EXTERNAL_LOW,Other,244.3583706541506,375.7241696851157,131.36579903096512,0.0,131.36579903096512
SWZ,2025,CONFLICT_INTERNAL_LOW,Other,244.3583706541506,288.14697033113896,43.78859967698836,0.0,43.78859967698836
SWZ,2025,CONFLICT_INTERNAL_LOW__CONFLICT_EXTERNAL_HIGH,Other,244.3583706541506,288.14697033113896,43.78859967698836,0.0,43.78859967698836
SWZ,2025,CONFLICT_INTERNAL_LOW__CONFLICT_EXTERNAL_LOW,Other,244.3583706541506,288.14697033113896,43.78859967698836,0.0,43.78859967698836
SXM,2025,AID_HIGH,Other,385.2471755437577,385.2471755437577,0.0,0.0,0.0
SXM,2025,AID_HIGH__CONFLICT_EXTERNAL_HIGH,Other,385.2471755437577,385.2471755437577,0.0,0.0,0.0
SXM,2025,AID_HIGH__CONFLICT_EXTERNAL_LOW,Other,385.2471755437577,385.2471755437577,0.0,0.0,0.0
SXM,2025,AID_HIGH__CONFLICT_INTERNAL_HIGH,Other,385.2471755437577,558.7090231734405,173.4618476296828,0.0,173.4618476296828
SXM,2025,AID_HIGH__CONFLICT_INTERNAL_HIGH__CONFLICT_EXTERNAL_HIGH,Other,385.2471755437577,558.7090231734405,173.4618476296828,0.0,173.4618476296828
SXM,2025,AID_HIGH__CONFLICT_INTERNAL_HIGH__CONFLICT_EXTERNAL_LOW,Other,385.2471755437577,558.7090231734405,173.4618476296828,0.0,173.4618476296828
SXM,2025,AID_HIGH__CONFLICT_INTERNAL_LOW,Other,385.2471755437577,443.06779142031866,57.820615876560915,0.0,57.820615876560915
SXM,2025,AID_HIGH__CONFLICT_INTERNAL_LOW__CONFLICT_EXTERNAL_HIGH,Other,385.2471755437577,443.06779142031866,57.820615876560915,0.0,57.820615876560915
SXM,2025,AID_HIGH__CONFLICT_INTERNAL_LOW__CONFLICT_EXTERNAL_LOW,Other,385.2471755437577,443.06779142031866,57.820615876560915,0.0,57.820615876560915
SXM,2025,AID_LOW,Other,385.2471755437577,385.2471755437577,0.0,0.0,0.0
SXM,2025,AID_LOW__CONFLICT_EXTERNAL_HIGH,Other,385.2471755437577,385.2471755437577,0.0,0.0,0.0
SXM,2025,AID_LOW__CONFLICT_EXTERNAL_LOW,Other,385.2471755437577,385.2471755437577,0.0,0.0,0.0
SXM,2025,AID_LOW__CONFLICT_INTERNAL_HIGH,Other,385.2471755437577,558.7090231734405,173.4618476296828,0.0,173.4618476296828
SXM,2025,AID_LOW__CONFLICT_INTERNAL_HIGH__CONFLICT_EXTERNAL_HIGH,Other,385.2471755437577,558.7090231734405,173.4618476296828,0.0,173.4618476296828
SXM,2025,AID_LOW__CONFLICT_INTERNAL_HIGH__CONFLICT_EXTERNAL_LOW,Other,385.2471755437577,558.7090231734405,173.4618476296828,0.0,173.4618476296828
SXM,2025,AID_LOW__CONFLICT_INTERNAL_LOW,Other,385.2471755437577,443.06779142031866,57.820615876560915,0.0,57.820615876560915
SXM,2025,AID_LOW__CONFLICT_INTERNAL_LOW__CONFLICT_EXTERNAL_HIGH,Other,385.2471755437577,443.06779142031866,57.820615876560915,0.0,57.820615876560915
SXM,2025,AID_LOW__CONFLICT_INTERNAL_LOW__CONFLICT_EXTERNAL_LOW,Other,385.2471755437577,443.06779142031866,57.820615876560915,0.0,57.820615876560915
SXM,2025,CONFLICT_EXTERNAL_HIGH,Other,385.2471755437577,385.2471755437577,0.0,0.0,0.0
SXM,2025,CONFLICT_EXTERNAL_LOW,Other,385.2471755437577,385.2471755437577,0.0,0.0,0.0
SXM,2025,CONFLICT_INTERNAL_HIGH,Other,385.2471755437577,558.7090231734405,173.4618476296828,0.0,173.4618476296828
SXM,2025,CONFLICT_INTERNAL_HIGH__CONFLICT_EXTERNAL_HIGH,Other,385.2471755437577,558.7090231734405,173.4618476296828,0.0,173.4618476296828
SXM,2025,CONFLICT_INTERNAL_HIGH__CONFLICT_EXTERNAL_LOW,Other,385.2471755437577,558.7090231734405,173.4618476296828,0.0,173.4618476296828
SXM,2025,CONFLICT_INTERNAL_LOW,Other,385.2471755437577,443.06779142031866,57.820615876560915,0.0,57.820615876560915
SXM,2025,CONFLICT_INTERNAL_LOW__CONFLICT_EXTERNAL_HIGH,Other,385.2471755437577,443.06779142031866,57.820615876560915,0.0,57.820615876560915
SXM,2025,CONFLICT_INTERNAL_LOW__CONFLICT_EXTERNAL_LOW,Other,385.2471755437577,443.06779142031866,57.820615876560915,0.0,57.820615876560915
SYC,2025,AID_HIGH,Other,137.2548340935302,137.2548340935302,0.0,0.0,0.0
SYC,2025,AID_HIGH__CONFLICT_EXTERNAL_HIGH,Other,137.2548340935302,137.2548340935302,0.0,0.0,0.0
SYC,2025,AID_HIGH__CONFLICT_EXTERNAL_LOW,Other,137.2548340935302,137.2548340935302,0.0,0.0,0.0
SYC,2025,AID_HIGH__CONFLICT_INTERNAL_HIGH,Other,137.2548340935302,139.4444721317684,2.1896380382381904,0.0,2.1896380382381904
SYC,2025,AID_HIGH__CONFLICT_INTERNAL_HIGH__CONFLICT_EXTERNAL_HIGH,Other,137.2548340935302,139.4444721317684,2.1896380382381904,0.0,2.1896380382381904
SYC,2025,AID_HIGH__CONFLICT_INTERNAL_HIGH__CONFLICT_EXTERNAL_LOW,Other,137.2548340935302,139.4444721317684,2.1896380382381904,0.0,2.1896380382381904
SYC,2025,AID_HIGH__CONFLICT_INTERNAL_LOW,Other,137.2548340935302,137.9847134396096,0.7298793460793969,0.0,0.7298793460793969
SYC,2025,AID_HIGH__CONFLICT_INTERNAL_LOW__CONFLICT_EXTERNAL_HIGH,Other,137.2548340935302,137.9847134396096,0.7298793460793969,0.0,0.7298793460793969
SYC,2025,AID_HIGH__CONFLICT_INTERNAL_LOW__CONFLICT_EXTERNAL_LOW,Other,137.2548340935302,137.9847134396096,0.7298793460793969,0.0,0.7298793460793969
SYC,2025,AID_LOW,Other,137.2548340935302,137.2548340935302,0.0,0.0,0.0
SYC,2025,AID_LOW__CONFLICT_EXTERNAL_HIGH,Other,137.2548340935302,137.2548340935302,0.0,0.0,0.0
SYC,2025,AID_LOW__CONFLICT_EXTERNAL_LOW,Other,137.2548340935302,137.2548340935302,0.0,0.0,0.0
SYC,2025,AID_LOW__CONFLICT_INTERNAL_HIGH,Other,137.2548340935302,139.4444721317684,2.1896380382381904,0.0,2.1896380382381904
SYC,2025,AID_LOW__CONFLICT_INTERNAL_HIGH__CONFLICT_EXTERNAL_HIGH,Other,137.2548340935302,139.4444721317684,2.1896380382381904,0.0,2.1896380382381904
SYC,2025,AID_LOW__CONFLICT_INTERNAL_HIGH__CONFLICT_EXTERNAL_LOW,Other,137.2548340935302,139.4444721317684,2.1896380382381904,0.0,2.1896380382381904
SYC,2025,AID_LOW__CONFLICT_INTERNAL_LOW,Other,137.2548340935302,137.9847134396096,0.7298793460793969,0.0,0.7298793460793969
SYC,2025,AID_LOW__CONFLICT_INTERNAL_LOW__CONFLICT_EXTERNAL_HIGH,Other,137.2548340935302,137.9847134396096,0.7298793460793969,0.0,0.7298793460793969
SYC,2025,AID_LOW__CONFLICT_INTERNAL_LOW__CONFLICT_EXTERNAL_LOW,Other,137.2548340935302,137.9847134396096,0.7298793460793969,0.0,0.7298793460793969
SYC,2025,CONFLICT_EXTERNAL_HIGH,Other,137.2548340935302,137.2548340935302,0.0,0.0,0.0
SYC,2025,CONFLICT_EXTERNAL_LOW,Other,137.2548340935302,137.2548340935302,0.0,0.0,0.0
SYC,2025,CONFLICT_INTERNAL_HIGH,Other,137.2548340935302,139.4444721317684,2.1896380382381904,0.0,2.1896380382381904
SYC,2025,CONFLICT_INTERNAL_HIGH__CONFLICT_EXTERNAL_HIGH,Other,137.2548340935302,139.4444721317684,2.1896380382381904,0.0,2.1896380382381904
SYC,2025,CONFLICT_INTERNAL_HIGH__CONFLICT_EXTERNAL_LOW,Other,137.2548340935302,139.4444721317684,2.1896380382381904,0.0,2.1896380382381904
SYC,2025,CONFLICT_INTERNAL_LOW,Other,137.2548340935302,137.9847134396096,0.7298793460793969,0.0,0.7298793460793969
SYC,2025,CONFLICT_INTERNAL_LOW__CONFLICT_EXTERNAL_HIGH,Other,137.2548340935302,137.9847134396096,0.7298793460793969,0.0,0.7298793460793969
SYC,2025,CONFLICT_INTERNAL_LOW__CONFLICT_EXTERNAL_LOW,Other,137.2548340935302,137.9847134396096,0.7298793460793969,0.0,0.7298793460793969
TGO,2025,AID_HIGH,Other,181.06040917857737,181.06040917857737,0.0,0.0,0.0
TGO,2025,AID_HIGH__CONFLICT_EXTERNAL_HIGH,Other,181.06040917857737,181.06040917857737,0.0,0.0,0.0
TGO,2025,AID_HIGH__CONFLICT_EXTERNAL_LOW,Other,181.06040917857737,181.06040917857737,0.0,0.0,0.0
TGO,2025,AID_HIGH__CONFLICT_INTERNAL_HIGH,Other,181.06040917857737,272.81591002845,91.7555008498726,0.0,91.7555008498726
TGO,2025,AID_HIGH__CONFLICT_INTERNAL_HIGH__CONFLICT_EXTERNAL_HIGH,Other,181.06040917857737,272.81591002845,91.7555008498726,0.0,91.7555008498726
TGO,2025,AID_HIGH__CONFLICT_INTERNAL_HIGH__CONFLICT_EXTERNAL_LOW,Other,181.06040917857737,272.81591002845,91.7555008498726,0.0,91.7555008498726
TGO,2025,AID_HIGH__CONFLICT_INTERNAL_LOW,Other,181.06040917857737,211.6455761285349,30.585166949957525,0.0,30.585166949957525
TGO,2025,AID_HIGH__CONFLICT_INTERNAL_LOW__CONFLICT_EXTERNAL_HIGH,Other,181.06040917857737,211.6455761285349,30.585166949957525,0.0,30.585166949957525
TGO,2025,AID_HIGH__CONFLICT_INTERNAL_LOW__CONFLICT_EXTERNAL_LOW,Other,181.06040917857737,211.6455761285349,30.585166949957525,0.0,30.585166949957525
TGO,2025,AID_LOW,Other,181.06040917857737,181.06040917857737,0.0,0.0,0.0
TGO,2025,AID_LOW__CONFLICT_EXTERNAL_HIGH,Other,181.06040917857737,181.06040917857737,0.0,0.0,0.0
TGO,2025,AID_LOW__CONFLICT_EXTERNAL_LOW,Other,181.06040917857737,181.06040917857737,0.0,0.0,0.0
TGO,2025,AID_LOW__CONFLICT_INTERNAL_HIGH,Other,181.06040917857737,272.81591002845,91.7555008498726,0.0,91.7555008498726
TGO,2025,AID_LOW__CONFLICT_INTERNAL_HIGH__CONFLICT_EXTERNAL_HIGH,Other,181.06040917857737,272.81591002845,91.7555008498726,0.0,91.7555008498726
TGO,2025,AID_LOW__CONFLICT_INTERNAL_HIGH__CONFLICT_EXTERNAL_LOW,Other,181.06040917857737,272.81591002845,91.7555008498726,0.0,91.7555008498726
TGO,2025,AID_LOW__CONFLICT_INTERNAL_LOW,Other,181.06040917857737,211.6455761285349,30.585166949957525,0.0,30.585166949957525
TGO,2025,AID_LOW__CONFLICT_INTERNAL_LOW__CONFLICT_EXTERNAL_HIGH,Other,181.06040917857737,211.6455761285349,30.585166949957525,0.0,30.585166949957525
TGO,2025,AID_LOW__CONFLICT_INTERNAL_LOW__CONFLICT_EXTERNAL_LOW,Other,181.06040917857737,211.6455761285349,30.585166949957525,0.0,30.585166949957525
TGO,2025,CONFLICT_EXTERNAL_HIGH,Other,181.06040917857737,181.06040917857737,0.0,0.0,0.0
TGO,2025,CONFLICT_EXTERNAL_LOW,Other,181.06040917857737,181.06040917857737,0.0,0.0,0.0
TGO,2025,CONFLICT_INTERNAL_HIGH,Other,181.06040917857737,272.81591002845,91.7555008498726,0.0,91.7555008498726
TGO,2025,CONFLICT_INTERNAL_HIGH__CONFLICT_EXTERNAL_HIGH,Other,181.06040917857737,272.81591002845,91.7555008498726,0.0,91.7555008498726
TGO,2025,CONFLICT_INTERNAL_HIGH__CONFLICT_EXTERNAL_LOW,Other,181.06040917857737,272.81591002845,91.7555008498726,0.0,91.7555008498726
TGO,2025,CONFLICT_INTERNAL_LOW,Other,181.06040917857737,211.6455761285349,30.585166949957525,0.0,30.585166949957525
TGO,2025,CONFLICT_INTERNAL_LOW__CONFLICT_EXTERNAL_HIGH,Other,181.06040917857737,211.6455761285349,30.585166949957525,0.0,30.585166949957525
TGO,2025,CONFLICT_INTERNAL_LOW__CONFLICT_EXTERNAL_LOW,Other,181.06040917857737,211.6455761285349,30.585166949957525,0.0,30.585166949957525
THA,2025,AID_HIGH,Other,51584.89940862223,51584.89940862223,0.0,0.0,0.0
THA,2025,AID_HIGH__CONFLICT_EXTERNAL_HIGH,Other,51584.89940862223,51584.89940862223,0.0,0.0,0.0
THA,2025,AID_HIGH__CONFLICT_EXTERNAL_LOW,Other,51584.89940862223,51584.89940862223,0.0,0.0,0.0
THA,2025,AID_HIGH__CONFLICT_INTERNAL_HIGH,Other,51584.89940862223,77858.05921481513,26273.159806192907,0.0,26273.159806192907
THA,2025,AID_HIGH__CONFLICT_INTERNAL_HIGH__CONFLICT_EXTERNAL_HIGH,Other,51584.89940862223,77858.05921481513,26273.159806192907,0.0,26273.159806192907
THA,2025,AID_HIGH__CONFLICT_INTERNAL_HIGH__CONFLICT_EXTERNAL_LOW,Other,51584.89940862223,77858.05921481513,26273.159806192907,0.0,26273.159806192907
THA,2025,AID_HIGH__CONFLICT_INTERNAL_LOW,Other,51584.89940862223,60342.61934401986,8757.719935397632,0.0,8757.719935397632
THA,2025,AID_HIGH__CONFLICT_INTERNAL_LOW__CONFLICT_EXTERNAL_HIGH,Other,51584.89940862223,60342.61934401986,8757.719935397632,0.0,8757.719935397632
THA,2025,AID_HIGH__CONFLICT_INTERNAL_LOW__CONFLICT_EXTERNAL_LOW,Other,51584.89940862223,60342.61934401986,8757.719935397632,0.0,8757.719935397632
THA,2025,AID_LOW,Other,51584.89940862223,51584.89940862223,0.0,0.0,0.0
THA,2025,AID_LOW__CONFLICT_EXTERNAL_HIGH,Other,51584.89940862223,51584.89940862223,0.0,0.0,0.0
THA,2025,AID_LOW__CONFLICT_EXTERNAL_LOW,Other,51584.89940862223,51584.89940862223,0.0,0.0,0.0
THA,2025,AID_LOW__CONFLICT_INTERNAL_HIGH,Other,51584.89940862223,77858.05921481513,26273.159806192907,0.0,26273.159806192907
THA,2025,AID_LOW__CONFLICT_INTERNAL_HIGH__CONFLICT_EXTERNAL_HIGH,Other,51584.89940862223,77858.05921481513,26273.159806192907,0.0,26273.159806192907
THA,2025,AID_LOW__CONFLICT_INTERNAL_HIGH__CONFLICT_EXTERNAL_LOW,Other,51584.89940862223,77858.05921481513,26273.159806192907,0.0,26273.159806192907
THA,2025,AID_LOW__CONFLICT_INTERNAL_LOW,Other,51584.89940862223,60342.61934401986,8757.719935397632,0.0,8757.719935397632
THA,2025,AID_LOW__CONFLICT_INTERNAL_LOW__CONFLICT_EXTERNAL_HIGH,Other,51584.89940862223,60342.61934401986,8757.719935397632,0.0,8757.719935397632
THA,2025,AID_LOW__CONFLICT_INTERNAL_LOW__CONFLICT_EXTERNAL_LOW,Other,51584.89940862223,60342.61934401986,8757.719935397632,0.0,8757.719935397632
THA,2025,CONFLICT_EXTERNAL_HIGH,Other,51584.89940862223,51584.89940862223,0.0,0.0,0.0
THA,2025,CONFLICT_EXTERNAL_LOW,Other,51584.89940862223,51584.89940862223,0.0,0.0,0.0
THA,2025,CONFLICT_INTERNAL_HIGH,Other,51584.89940862223,77858.05921481513,26273.159806192907,0.0,26273.159806192907
THA,2025,CONFLICT_INTERNAL_HIGH__CONFLICT_EXTERNAL_HIGH,Other,51584.89940862223,77858.05921481513,26273.159806192907,0.0,26273.159806192907
THA,2025,CONFLICT_INTERNAL_HIGH__CONFLICT_EXTERNAL_LOW,Other,51584.89940862223,77858.05921481513,26273.159806192907,0.0,26273.159806192907
THA,2025,CONFLICT_INTERNAL_LOW,Other,51584.89940862223,60342.61934401986,8757.719935397632,0.0,8757.719935397632
THA,2025,CONFLICT_INTERNAL_LOW__CONFLICT_EXTERNAL_HIGH,Other,51584.89940862223,60342.61934401986,8757.719935397632,0.0,8757.719935397632
THA,2025,CONFLICT_INTERNAL_LOW__CONFLICT_EXTERNAL_LOW,Other,51584.89940862223,60342.61934401986,8757.719935397632,0.0,8757.719935397632
TJK,2025,AID_HIGH,Other,273.2564835170206,273.2564835170206,0.0,0.0,0.0
TJK,2025,AID_HIGH__CONFLICT_EXTERNAL_HIGH,Other,273.2564835170206,273.2564835170206,0.0,0.0,0.0
TJK,2025,AID_HIGH__CONFLICT_EXTERNAL_LOW,Other,273.2564835170206,273.2564835170206,0.0,0.0,0.0
TJK,2025,AID_HIGH__CONFLICT_INTERNAL_HIGH,Other,273.2564835170206,410.63903670207577,137.38255318505514,0.0,137.38255318505514
TJK,2025,AID_HIGH__CONFLICT_INTERNAL_HIGH__CONFLICT_EXTERNAL_HIGH,Other,273.2564835170206,410.63903670207577,137.38255318505514,0.0,137.38255318505514
TJK,2025,AID_HIGH__CONFLICT_INTERNAL_HIGH__CONFLICT_EXTERNAL_LOW,Other,273.2564835170206,410.63903670207577,137.38255318505514,0.0,137.38255318505514
TJK,2025,AID_HIGH__CONFLICT_INTERNAL_LOW,Other,273.2564835170206,319.050667912039,45.79418439501837,0.0,45.79418439501837
TJK,2025,AID_HIGH__CONFLICT_INTERNAL_LOW__CONFLICT_EXTERNAL_HIGH,Other,273.2564835170206,319.050667912039,45.79418439501837,0.0,45.79418439501837
TJK,2025,AID_HIGH__CONFLICT_INTERNAL_LOW__CONFLICT_EXTERNAL_LOW,Other,273.2564835170206,319.050667912039,45.79418439501837,0.0,45.79418439501837
TJK,2025,AID_LOW,Other,273.2564835170206,273.2564835170206,0.0,0.0,0.0
TJK,2025,AID_LOW__CONFLICT_EXTERNAL_HIGH,Other,273.2564835170206,273.2564835170206,0.0,0.0,0.0
TJK,2025,AID_LOW__CONFLICT_EXTERNAL_LOW,Other,273.2564835170206,273.2564835170206,0.0,0.0,0.0
TJK,2025,AID_LOW__CONFLICT_INTERNAL_HIGH,Other,273.2564835170206,410.63903670207577,137.38255318505514,0.0,137.38255318505514
TJK,2025,AID_LOW__CONFLICT_INTERNAL_HIGH__CONFLICT_EXTERNAL_HIGH,Other,273.2564835170206,410.63903670207577,137.38255318505514,0.0,137.38255318505514
TJK,2025,AID_LOW__CONFLICT_INTERNAL_HIGH__CONFLICT_EXTERNAL_LOW,Other,273.2564835170206,410.63903670207577,137.38255318505514,0.0,137.38255318505514
TJK,2025,AID_LOW__CONFLICT_INTERNAL_LOW,Other,273.2564835170206,319.050667912039,45.79418439501837,0.0,45.79418439501837
TJK,2025,AID_LOW__CONFLICT_INTERNAL_LOW__CONFLICT_EXTERNAL_HIGH,Other,273.2564835170206,319.050667912039,45.79418439501837,0.0,45.79418439501837
TJK,2025,AID_LOW__CONFLICT_INTERNAL_LOW__CONFLICT_EXTERNAL_LOW,Other,273.2564835170206,319.050667912039,45.79418439501837,0.0,45.79418439501837
TJK,2025,CONFLICT_EXTERNAL_HIGH,Other,273.2564835170206,273.2564835170206,0.0,0.0,0.0
TJK,2025,CONFLICT_EXTERNAL_LOW,Other,273.2564835170206,273.2564835170206,0.0,0.0,0.0
TJK,2025,CONFLICT_INTERNAL_HIGH,Other,273.2564835170206,410.63903670207577,137.38255318505514,0.0,137.38255318505514
TJK,2025,CONFLICT_INTERNAL_HIGH__CONFLICT_EXTERNAL_HIGH,Other,273.2564835170206,410.63903670207577,137.38255318505514,0.0,137.38255318505514
TJK,2025,CONFLICT_INTERNAL_HIGH__CONFLICT_EXTERNAL_LOW,Other,273.2564835170206,410.63903670207577,137.38255318505514,0.0,137.38255318505514
TJK,2025,CONFLICT_INTERNAL_LOW,Other,273.2564835170206,319.050667912039,45.79418439501837,0.0,45.79418439501837
TJK,2025,CONFLICT_INTERNAL_LOW__CONFLICT_EXTERNAL_HIGH,Other,273.2564835170206,319.050667912039,45.79418439501837,0.0,45.79418439501837
TJK,2025,CONFLICT_INTERNAL_LOW__CONFLICT_EXTERNAL_LOW,Other,273.2564835170206,319.050667912039,45.79418439501837,0.0,45.79418439501837
TLS,2025,AID_HIGH,Other,4206.422728762489,4206.422728762489,0.0,0.0,0.0
TLS,2025,AID_HIGH__CONFLICT_EXTERNAL_HIGH,Other,4206.422728762489,4206.422728762489,0.0,0.0,0.0
TLS,2025,AID_HIGH__CONFLICT_EXTERNAL_LOW,Other,4206.422728762489,4206.422728762489,0.0,0.0,0.0
TLS,2025,AID_HIGH__CONFLICT_INTERNAL_HIGH,Other,4206.422728762489,4299.9118568548865,93.4891280923975,0.0,93.4891280923975
TLS,2025,AID_HIGH__CONFLICT_INTERNAL_HIGH__CONFLICT_EXTERNAL_HIGH,Other,4206.422728762489,4299.9118568548865,93.4891280923975,0.0,93.4891280923975
TLS,2025,AID_HIGH__CONFLICT_INTERNAL_HIGH__CONFLICT_EXTERNAL_LOW,Other,4206.422728762489,4299.9118568548865,93.4891280923975,0.0,93.4891280923975
TLS,2025,AID_HIGH__CONFLICT_INTERNAL_LOW,Other,4206.422728762489,4237.585771459955,31.16304269746582,0.0,31.16304269746582
TLS,2025,AID_HIGH__CONFLICT_INTERNAL_LOW__CONFLICT_EXTERNAL_HIGH,Other,4206.422728762489,4237.585771459955,31.16304269746582,0.0,31.16304269746582
TLS,2025,AID_HIGH__CONFLICT_INTERNAL_LOW__CONFLICT_EXTERNAL_LOW,Other,4206.422728762489,4237.585771459955,31.16304269746582,0.0,31.16304269746582
TLS,2025,AID_LOW,Other,4206.422728762489,4206.422728762489,0.0,0.0,0.0
TLS,2025,AID_LOW__CONFLICT_EXTERNAL_HIGH,Other,4206.422728762489,4206.422728762489,0.0,0.0,0.0
TLS,2025,AID_LOW__CONFLICT_EXTERNAL_LOW,Other,4206.422728762489,4206.422728762489,0.0,0.0,0.0
TLS,2025,AID_LOW__CONFLICT_INTERNAL_HIGH,Other,4206.422728762489,4299.9118568548865,93.4891280923975,0.0,93.4891280923975
TLS,2025,AID_LOW__CONFLICT_INTERNAL_HIGH__CONFLICT_EXTERNAL_HIGH,Other,4206.422728762489,4299.9118568548865,93.4891280923975,0.0,93.4891280923975
TLS,2025,AID_LOW__CONFLICT_INTERNAL_HIGH__CONFLICT_EXTERNAL_LOW,Other,4206.422728762489,4299.9118568548865,93.4891280923975,0.0,93.4891280923975
TLS,2025,AID_LOW__CONFLICT_INTERNAL_LOW,Other,4206.422728762489,4237.585771459955,31.16304269746582,0.0,31.16304269746582
TLS,2025,AID_LOW__CONFLICT_INTERNAL_LOW__CONFLICT_EXTERNAL_HIGH,Other,4206.422728762489,4237.585771459955,31.16304269746582,0.0,31.16304269746582
TLS,2025,AID_LOW__CONFLICT_INTERNAL_LOW__CONFLICT_EXTERNAL_LOW,Other,4206.422728762489,4237.585771459955,31.16304269746582,0.0,31.16304269746582
TLS,2025,CONFLICT_EXTERNAL_HIGH,Other,4206.422728762489,4206.422728762489,0.0,0.0,0.0
TLS,2025,CONFLICT_EXTERNAL_LOW,Other,4206.422728762489,4206.422728762489,0.0,0.0,0.0
TLS,2025,CONFLICT_INTERNAL_HIGH,Other,4206.422728762489,4299.9118568548865,93.4891280923975,0.0,93.4891280923975
TLS,2025,CONFLICT_INTERNAL_HIGH__CONFLICT_EXTERNAL_HIGH,Other,4206.422728762489,4299.9118568548865,93.4891280923975,0.0,93.4891280923975
TLS,2025,CONFLICT_INTERNAL_HIGH__CONFLICT_EXTERNAL_LOW,Other,4206.422728762489,4299.9118568548865,93.4891280923975,0.0,93.4891280923975
TLS,2025,CONFLICT_INTERNAL_LOW,Other,4206.422728762489,4237.585771459955,31.16304269746582,0.0,31.16304269746582
TLS,2025,CONFLICT_INTERNAL_LOW__CONFLICT_EXTERNAL_HIGH,Other,4206.422728762489,4237.585771459955,31.16304269746582,0.0,31.16304269746582
TLS,2025,CONFLICT_INTERNAL_LOW__CONFLICT_EXTERNAL_LOW,Other,4206.422728762489,4237.585771459955,31.16304269746582,0.0,31.16304269746582
TTO,2025,AID_HIGH,Other,9353.786151852011,9353.786151852011,0.0,0.0,0.0
TTO,2025,AID_HIGH__CONFLICT_EXTERNAL_HIGH,Other,9353.786151852011,9353.786151852011,0.0,0.0,0.0
TTO,2025,AID_HIGH__CONFLICT_EXTERNAL_LOW,Other,9353.786151852011,9353.786151852011,0.0,0.0,0.0
TTO,2025,AID_HIGH__CONFLICT_INTERNAL_HIGH,Other,9353.786151852011,14000.224547347923,4646.438395495911,0.0,4646.438395495911
TTO,2025,AID_HIGH__CONFLICT_INTERNAL_HIGH__CONFLICT_EXTERNAL_HIGH,Other,9353.786151852011,14000.224547347923,4646.438395495911,0.0,4646.438395495911
TTO,2025,AID_HIGH__CONFLICT_INTERNAL_HIGH__CONFLICT_EXTERNAL_LOW,Other,9353.786151852011,14000.224547347923,4646.438395495911,0.0,4646.438395495911
TTO,2025,AID_HIGH__CONFLICT_INTERNAL_LOW,Other,9353.786151852011,10902.598950350648,1548.8127984986365,0.0,1548.8127984986365
TTO,2025,AID_HIGH__CONFLICT_INTERNAL_LOW__CONFLICT_EXTERNAL_HIGH,Other,9353.786151852011,10902.598950350648,1548.8127984986365,0.0,1548.8127984986365
TTO,2025,AID_HIGH__CONFLICT_INTERNAL_LOW__CONFLICT_EXTERNAL_LOW,Other,9353.786151852011,10902.598950350648,1548.8127984986365,0.0,1548.8127984986365
TTO,2025,AID_LOW,Other,9353.786151852011,9353.786151852011,0.0,0.0,0.0
TTO,2025,AID_LOW__CONFLICT_EXTERNAL_HIGH,Other,9353.786151852011,9353.786151852011,0.0,0.0,0.0
TTO,2025,AID_LOW__CONFLICT_EXTERNAL_LOW,Other,9353.786151852011,9353.786151852011,0.0,0.0,0.0
TTO,2025,AID_LOW__CONFLICT_INTERNAL_HIGH,Other,9353.786151852011,14000.224547347923,4646.438395495911,0.0,4646.438395495911
TTO,2025,AID_LOW__CONFLICT_INTERNAL_HIGH__CONFLICT_EXTERNAL_HIGH,Other,9353.786151852011,14000.224547347923,4646.438395495911,0.0,4646.438395495911
TTO,2025,AID_LOW__CONFLICT_INTERNAL_HIGH__CONFLICT_EXTERNAL_LOW,Other,9353.786151852011,14000.224547347923,4646.438395495911,0.0,4646.438395495911
TTO,2025,AID_LOW__CONFLICT_INTERNAL_LOW,Other,9353.786151852011,10902.598950350648,1548.8127984986365,0.0,1548.8127984986365
TTO,2025,AID_LOW__CONFLICT_INTERNAL_LOW__CONFLICT_EXTERNAL_HIGH,Other,9353.786151852011,10902.598950350648,1548.8127984986365,0.0,1548.8127984986365
TTO,2025,AID_LOW__CONFLICT_INTERNAL_LOW__CONFLICT_EXTERNAL_LOW,Other,9353.786151852011,10902.598950350648,1548.8127984986365,0.0,1548.8127984986365
TTO,2025,CONFLICT_EXTERNAL_HIGH,Other,9353.786151852011,9353.786151852011,0.0,0.0,0.0
TTO,2025,CONFLICT_EXTERNAL_LOW,Other,9353.786151852011,9353.786151852011,0.0,0.0,0.0
TTO,2025,CONFLICT_INTERNAL_HIGH,Other,9353.786151852011,14000.224547347923,4646.438395495911,0.0,4646.438395495911
TTO,2025,CONFLICT_INTERNAL_HIGH__CONFLICT_EXTERNAL_HIGH,Other,9353.786151852011,14000.224547347923,4646.438395495911,0.0,4646.438395495911
TTO,2025,CONFLICT_INTERNAL_HIGH__CONFLICT_EXTERNAL_LOW,Other,9353.786151852011,14000.224547347923,4646.438395495911,0.0,4646.438395495911
TTO,2025,CONFLICT_INTERNAL_LOW,Other,9353.786151852011,10902.598950350648,1548.8127984986365,0.0,1548.8127984986365
TTO,2025,CONFLICT_INTERNAL_LOW__CONFLICT_EXTERNAL_HIGH,Other,9353.786151852011,10902.598950350648,1548.8127984986365,0.0,1548.8127984986365
TTO,2025,CONFLICT_INTERNAL_LOW__CONFLICT_EXTERNAL_LOW,Other,9353.786151852011,10902.598950350648,1548.8127984986365,0.0,1548.8127984986365
TUN,2025,AID_HIGH,Other,657.6516544255155,657.6516544255155,0.0,0.0,0.0
TUN,2025,AID_HIGH__CONFLICT_EXTERNAL_HIGH,Other,657.6516544255155,657.6516544255155,0.0,0.0,0.0
TUN,2025,AID_HIGH__CONFLICT_EXTERNAL_LOW,Other,657.6516544255155,657.6516544255155,0.0,0.0,0.0
TUN,2025,AID_HIGH__CONFLICT_INTERNAL_HIGH,Other,657.6516544255155,997.0968679520552,339.4452135265396,0.0,339.4452135265396
TUN,2025,AID_HIGH__CONFLICT_INTERNAL_HIGH__CONFLICT_EXTERNAL_HIGH,Other,657.6516544255155,997.0968679520552,339.4452135265396,0.0,339.4452135265396
TUN,2025,AID_HIGH__CONFLICT_INTERNAL_HIGH__CONFLICT_EXTERNAL_LOW,Other,657.6516544255155,997.0968679520552,339.4452135265396,0.0,339.4452135265396
TUN,2025,AID_HIGH__CONFLICT_INTERNAL_LOW,Other,657.6516544255155,770.800058934362,113.14840450884648,0.0,113.14840450884648
TUN,2025,AID_HIGH__CONFLICT_INTERNAL_LOW__CONFLICT_EXTERNAL_HIGH,Other,657.6516544255155,770.800058934362,113.14840450884648,0.0,113.14840450884648
TUN,2025,AID_HIGH__CONFLICT_INTERNAL_LOW__CONFLICT_EXTERNAL_LOW,Other,657.6516544255155,770.800058934362,113.14840450884648,0.0,113.14840450884648
TUN,2025,AID_LOW,Other,657.6516544255155,657.6516544255155,0.0,0.0,0.0
TUN,2025,AID_LOW__CONFLICT_EXTERNAL_HIGH,Other,657.6516544255155,657.6516544255155,0.0,0.0,0.0
TUN,2025,AID_LOW__CONFLICT_EXTERNAL_LOW,Other,657.6516544255155,657.6516544255155,0.0,0.0,0.0
TUN,2025,AID_LOW__CONFLICT_INTERNAL_HIGH,Other,657.6516544255155,997.0968679520552,339.4452135265396,0.0,339.4452135265396
TUN,2025,AID_LOW__CONFLICT_INTERNAL_HIGH__CONFLICT_EXTERNAL_HIGH,Other,657.6516544255155,997.0968679520552,339.4452135265396,0.0,339.4452135265396
TUN,2025,AID_LOW__CONFLICT_INTERNAL_HIGH__CONFLICT_EXTERNAL_LOW,Other,657.6516544255155,997.0968679520552,339.4452135265396,0.0,339.4452135265396
TUN,2025,AID_LOW__CONFLICT_INTERNAL_LOW,Other,657.6516544255155,770.800058934362,113.14840450884648,0.0,113.14840450884648
TUN,2025,AID_LOW__CONFLICT_INTERNAL_LOW__CONFLICT_EXTERNAL_HIGH,Other,657.6516544255155,770.800058934362,113.14840450884648,0.0,113.14840450884648
TUN,2025,AID_LOW__CONFLICT_INTERNAL_LOW__CONFLICT_EXTERNAL_LOW,Other,657.6516544255155,770.800058934362,113.14840450884648,0.0,113.14840450884648
TUN,2025,CONFLICT_EXTERNAL_HIGH,Other,657.6516544255155,657.6516544255155,0.0,0.0,0.0
TUN,2025,CONFLICT_EXTERNAL_LOW,Other,657.6516544255155,657.6516544255155,0.0,0.0,0.0
TUN,2025,CONFLICT_INTERNAL_HIGH,Other,657.6516544255155,997.0968679520552,339.4452135265396,0.0,339.4452135265396
TUN,2025,CONFLICT_INTERNAL_HIGH__CONFLICT_EXTERNAL_HIGH,Other,657.6516544255155,997.0968679520552,339.4452135265396,0.0,339.4452135265396
TUN,2025,CONFLICT_INTERNAL_HIGH__CONFLICT_EXTERNAL_LOW,Other,657.6516544255155,997.0968679520552,339.4452135265396,0.0,339.4452135265396
TUN,2025,CONFLICT_INTERNAL_LOW,Other,657.6516544255155,770.800058934362,113.14840450884648,0.0,113.14840450884648
TUN,2025,CONFLICT_INTERNAL_LOW__CONFLICT_EXTERNAL_HIGH,Other,657.6516544255155,770.800058934362,113.14840450884648,0.0,113.14840450884648
TUN,2025,CONFLICT_INTERNAL_LOW__CONFLICT_EXTERNAL_LOW,Other,657.6516544255155,770.800058934362,113.14840450884648,0.0,113.14840450884648
TUR,2025,AID_HIGH,Other,50382.9939809708,50382.9939809708,0.0,0.0,0.0
TUR,2025,AID_HIGH__CONFLICT_EXTERNAL_HIGH,Other,50382.9939809708,50382.9939809708,0.0,0.0,0.0
TUR,2025,AID_HIGH__CONFLICT_EXTERNAL_LOW,Other,50382.9939809708,50382.9939809708,0.0,0.0,0.0
TUR,2025,AID_HIGH__CONFLICT_INTERNAL_HIGH,Other,50382.9939809708,67450.71674757915,17067.722766608356,0.0,17067.722766608356
TUR,2025,AID_HIGH__CONFLICT_INTERNAL_HIGH__CONFLICT_EXTERNAL_HIGH,Other,50382.9939809708,67450.71674757915,17067.722766608356,0.0,17067.722766608356
TUR,2025,AID_HIGH__CONFLICT_INTERNAL_HIGH__CONFLICT_EXTERNAL_LOW,Other,50382.9939809708,67450.71674757915,17067.722766608356,0.0,17067.722766608356
TUR,2025,AID_HIGH__CONFLICT_INTERNAL_LOW,Other,50382.9939809708,56072.23490317358,5689.240922202783,0.0,5689.240922202783
TUR,2025,AID_HIGH__CONFLICT_INTERNAL_LOW__CONFLICT_EXTERNAL_HIGH,Other,50382.9939809708,56072.23490317358,5689.240922202783,0.0,5689.240922202783
TUR,2025,AID_HIGH__CONFLICT_INTERNAL_LOW__CONFLICT_EXTERNAL_LOW,Other,50382.9939809708,56072.23490317358,5689.240922202783,0.0,5689.240922202783
TUR,2025,AID_LOW,Other,50382.9939809708,50382.9939809708,0.0,0.0,0.0
TUR,2025,AID_LOW__CONFLICT_EXTERNAL_HIGH,Other,50382.9939809708,50382.9939809708,0.0,0.0,0.0
TUR,2025,AID_LOW__CONFLICT_EXTERNAL_LOW,Other,50382.9939809708,50382.9939809708,0.0,0.0,0.0
TUR,2025,AID_LOW__CONFLICT_INTERNAL_HIGH,Other,50382.9939809708,67450.71674757915,17067.722766608356,0.0,17067.722766608356
TUR,2025,AID_LOW__CONFLICT_INTERNAL_HIGH__CONFLICT_EXTERNAL_HIGH,Other,50382.9939809708,67450.71674757915,17067.722766608356,0.0,17067.722766608356
TUR,2025,AID_LOW__CONFLICT_INTERNAL_HIGH__CONFLICT_EXTERNAL_LOW,Other,50382.9939809708,67450.71674757915,17067.722766608356,0.0,17067.722766608356
TUR,2025,AID_LOW__CONFLICT_INTERNAL_LOW,Other,50382.9939809708,56072.23490317358,5689.240922202783,0.0,5689.240922202783
TUR,2025,AID_LOW__CONFLICT_INTERNAL_LOW__CONFLICT_EXTERNAL_HIGH,Other,50382.9939809708,56072.23490317358,5689.240922202783,0.0,5689.240922202783
TUR,2025,AID_LOW__CONFLICT_INTERNAL_LOW__CONFLICT_EXTERNAL_LOW,Other,50382.9939809708,56072.23490317358,5689.240922202783,0.0,5689.240922202783
TUR,2025,CONFLICT_EXTERNAL_HIGH,Other,50382.9939809708,50382.9939809708,0.0,0.0,0.0
TUR,2025,CONFLICT_EXTERNAL_LOW,Other,50382.9939809708,50382.9939809708,0.0,0.0,0.0
TUR,2025,CONFLICT_INTERNAL_HIGH,Other,50382.9939809708,67450.71674757915,17067.722766608356,0.0,17067.722766608356
TUR,2025,CONFLICT_INTERNAL_HIGH__CONFLICT_EXTERNAL_HIGH,Other,50382.9939809708,67450.71674757915,17067.722766608356,0.0,17067.722766608356
TUR,2025,CONFLICT_INTERNAL_HIGH__CONFLICT_EXTERNAL_LOW,Other,50382.9939809708,67450.71674757915,17067.722766608356,0.0,17067.722766608356
TUR,2025,CONFLICT_INTERNAL_LOW,Other,50382.9939809708,56072.23490317358,5689.240922202783,0.0,5689.240922202783
TUR,2025,CONFLICT_INTERNAL_LOW__CONFLICT_EXTERNAL_HIGH,Other,50382.9939809708,56072.23490317358,5689.240922202783,0.0,5689.240922202783
TUR,2025,CONFLICT_INTERNAL_LOW__CONFLICT_EXTERNAL_LOW,Other,50382.9939809708,56072.23490317358,5689.240922202783,0.0,5689.240922202783
TUV,2025,AID_HIGH,Other,3.054459825510166,3.054459825510166,0.0,0.0,0.0
TUV,2025,AID_HIGH__CONFLICT_EXTERNAL_HIGH,Other,3.054459825510166,3.054459825510166,0.0,0.0,0.0
TUV,2025,AID_HIGH__CONFLICT_EXTERNAL_LOW,Other,3.054459825510166,3.054459825510166,0.0,0.0,0.0
TUV,2025,AID_HIGH__CONFLICT_INTERNAL_HIGH,Other,3.054459825510166,4.558648364032668,1.5041885385225016,0.0,1.5041885385225016
TUV,2025,AID_HIGH__CONFLICT_INTERNAL_HIGH__CONFLICT_EXTERNAL_HIGH,Other,3.054459825510166,4.558648364032668,1.5041885385225016,0.0,1.5041885385225016
TUV,2025,AID_HIGH__CONFLICT_INTERNAL_HIGH__CONFLICT_EXTERNAL_LOW,Other,3.054459825510166,4.558648364032668,1.5041885385225016,0.0,1.5041885385225016
TUV,2025,AID_HIGH__CONFLICT_INTERNAL_LOW,Other,3.054459825510166,3.5558560050176666,0.5013961795075004,0.0,0.5013961795075004
TUV,2025,AID_HIGH__CONFLICT_INTERNAL_LOW__CONFLICT_EXTERNAL_HIGH,Other,3.054459825510166,3.5558560050176666,0.5013961795075004,0.0,0.5013961795075004
TUV,2025,AID_HIGH__CONFLICT_INTERNAL_LOW__CONFLICT_EXTERNAL_LOW,Other,3.054459825510166,3.5558560050176666,0.5013961795075004,0.0,0.5013961795075004
TUV,2025,AID_LOW,Other,3.054459825510166,3.054459825510166,0.0,0.0,0.0
TUV,2025,AID_LOW__CONFLICT_EXTERNAL_HIGH,Other,3.054459825510166,3.054459825510166,0.0,0.0,0.0
TUV,2025,AID_LOW__CONFLICT_EXTERNAL_LOW,Other,3.054459825510166,3.054459825510166,0.0,0.0,0.0
TUV,2025,AID_LOW__CONFLICT_INTERNAL_HIGH,Other,3.054459825510166,4.558648364032668,1.5041885385225016,0.0,1.5041885385225016
TUV,2025,AID_LOW__CONFLICT_INTERNAL_HIGH__CONFLICT_EXTERNAL_HIGH,Other,3.054459825510166,4.558648364032668,1.5041885385225016,0.0,1.5041885385225016
TUV,2025,AID_LOW__CONFLICT_INTERNAL_HIGH__CONFLICT_EXTERNAL_LOW,Other,3.054459825510166,4.558648364032668,1.5041885385225016,0.0,1.5041885385225016
TUV,2025,AID_LOW__CONFLICT_INTERNAL_LOW,Other,3.054459825510166,3.5558560050176666,0.5013961795075004,0.0,0.5013961795075004
TUV,2025,AID_LOW__CONFLICT_INTERNAL_LOW__CONFLICT_EXTERNAL_HIGH,Other,3.054459825510166,3.5558560050176666,0.5013961795075004,0.0,0.5013961795075004
TUV,2025,AID_LOW__CONFLICT_INTERNAL_LOW__CONFLICT_EXTERNAL_LOW,Other,3.054459825510166,3.5558560050176666,0.5013961795075004,0.0,0.5013961795075004
TUV,2025,CONFLICT_EXTERNAL_HIGH,Other,3.054459825510166,3.054459825510166,0.0,0.0,0.0
TUV,2025,CONFLICT_EXTERNAL_LOW,Other,3.054459825510166,3.054459825510166,0.0,0.0,0.0
TUV,2025,CONFLICT_INTERNAL_HIGH,Other,3.054459825510166,4.558648364032668,1.5041885385225016,0.0,1.5041885385225016
TUV,2025,CONFLICT_INTERNAL_HIGH__CONFLICT_EXTERNAL_HIGH,Other,3.054459825510166,4.558648364032668,1.5041885385225016,0.0,1.5041885385225016
TUV,2025,CONFLICT_INTERNAL_HIGH__CONFLICT_EXTERNAL_LOW,Other,3.054459825510166,4.558648364032668,1.5041885385225016,0.0,1.5041885385225016
TUV,2025,CONFLICT_INTERNAL_LOW,Other,3.054459825510166,3.5558560050176666,0.5013961795075004,0.0,0.5013961795075004
TUV,2025,CONFLICT_INTERNAL_LOW__CONFLICT_EXTERNAL_HIGH,Other,3.054459825510166,3.5558560050176666,0.5013961795075004,0.0,0.5013961795075004
TUV,2025,CONFLICT_INTERNAL_LOW__CONFLICT_EXTERNAL_LOW,Other,3.054459825510166,3.5558560050176666,0.5013961795075004,0.0,0.5013961795075004
TZA,2025,AID_HIGH,Other,1222.4777833675737,1222.4777833675737,0.0,0.0,0.0
TZA,2025,AID_HIGH__CONFLICT_EXTERNAL_HIGH,Other,1222.4777833675737,1222.4777833675737,0.0,0.0,0.0
TZA,2025,AID_HIGH__CONFLICT_EXTERNAL_LOW,Other,1222.4777833675737,1222.4777833675737,0.0,0.0,0.0
TZA,2025,AID_HIGH__CONFLICT_INTERNAL_HIGH,Other,1222.4777833675737,1847.7188192133685,625.2410358457947,0.0,625.2410358457947
TZA,2025,AID_HIGH__CONFLICT_INTERNAL_HIGH__CONFLICT_EXTERNAL_HIGH,Other,1222.4777833675737,1847.7188192133685,625.2410358457947,0.0,625.2410358457947
TZA,2025,AID_HIGH__CONFLICT_INTERNAL_HIGH__CONFLICT_EXTERNAL_LOW,Other,1222.4777833675737,1847.7188192133685,625.2410358457947,0.0,625.2410358457947
TZA,2025,AID_HIGH__CONFLICT_INTERNAL_LOW,Other,1222.4777833675737,1430.8914619828386,208.41367861526484,0.0,208.41367861526484
TZA,2025,AID_HIGH__CONFLICT_INTERNAL_LOW__CONFLICT_EXTERNAL_HIGH,Other,1222.4777833675737,1430.8914619828386,208.41367861526484,0.0,208.41367861526484
TZA,2025,AID_HIGH__CONFLICT_INTERNAL_LOW__CONFLICT_EXTERNAL_LOW,Other,1222.4777833675737,1430.8914619828386,208.41367861526484,0.0,208.41367861526484
TZA,2025,AID_LOW,Other,1222.4777833675737,1222.4777833675737,0.0,0.0,0.0
TZA,2025,AID_LOW__CONFLICT_EXTERNAL_HIGH,Other,1222.4777833675737,1222.4777833675737,0.0,0.0,0.0
TZA,2025,AID_LOW__CONFLICT_EXTERNAL_LOW,Other,1222.4777833675737,1222.4777833675737,0.0,0.0,0.0
TZA,2025,AID_LOW__CONFLICT_INTERNAL_HIGH,Other,1222.4777833675737,1847.7188192133685,625.2410358457947,0.0,625.2410358457947
TZA,2025,AID_LOW__CONFLICT_INTERNAL_HIGH__CONFLICT_EXTERNAL_HIGH,Other,1222.4777833675737,1847.7188192133685,625.2410358457947,0.0,625.2410358457947
TZA,2025,AID_LOW__CONFLICT_INTERNAL_HIGH__CONFLICT_EXTERNAL_LOW,Other,1222.4777833675737,1847.7188192133685,625.2410358457947,0.0,625.2410358457947
TZA,2025,AID_LOW__CONFLICT_INTERNAL_LOW,Other,1222.4777833675737,1430.8914619828386,208.41367861526484,0.0,208.41367861526484
TZA,2025,AID_LOW__CONFLICT_INTERNAL_LOW__CONFLICT_EXTERNAL_HIGH,Other,1222.4777833675737,1430.8914619828386,208.41367861526484,0.0,208.41367861526484
TZA,2025,AID_LOW__CONFLICT_INTERNAL_LOW__CONFLICT_EXTERNAL_LOW,Other,1222.4777833675737,1430.8914619828386,208.41367861526484,0.0,208.41367861526484
TZA,2025,CONFLICT_EXTERNAL_HIGH,Other,1222.4777833675737,1222.4777833675737,0.0,0.0,0.0
TZA,2025,CONFLICT_EXTERNAL_LOW,Other,1222.4777833675737,1222.4777833675737,0.0,0.0,0.0
TZA,2025,CONFLICT_INTERNAL_HIGH,Other,1222.4777833675737,1847.7188192133685,625.2410358457947,0.0,625.2410358457947
TZA,2025,CONFLICT_INTERNAL_HIGH__CONFLICT_EXTERNAL_HIGH,Other,1222.4777833675737,1847.7188192133685,625.2410358457947,0.0,625.2410358457947
TZA,2025,CONFLICT_INTERNAL_HIGH__CONFLICT_EXTERNAL_LOW,Other,1222.4777833675737,1847.7188192133685,625.2410358457947,0.0,625.2410358457947
TZA,2025,CONFLICT_INTERNAL_LOW,Other,1222.4777833675737,1430.8914619828386,208.41367861526484,0.0,208.41367861526484
TZA,2025,CONFLICT_INTERNAL_LOW__CONFLICT_EXTERNAL_HIGH,Other,1222.4777833675737,1430.8914619828386,208.41367861526484,0.0,208.41367861526484
TZA,2025,CONFLICT_INTERNAL_LOW__CONFLICT_EXTERNAL_LOW,Other,1222.4777833675737,1430.8914619828386,208.41367861526484,0.0,208.41367861526484
UGA,2025,AID_HIGH,Other,1378.98496181915,1378.98496181915,0.0,0.0,0.0
UGA,2025,AID_HIGH__CONFLICT_EXTERNAL_HIGH,Other,1378.98496181915,1378.98496181915,0.0,0.0,0.0
UGA,2025,AID_HIGH__CONFLICT_EXTERNAL_LOW,Other,1378.98496181915,1378.98496181915,0.0,0.0,0.0
UGA,2025,AID_HIGH__CONFLICT_INTERNAL_HIGH,Other,1378.98496181915,2091.9703290787756,712.9853672596257,0.0,712.9853672596257
UGA,2025,AID_HIGH__CONFLICT_INTERNAL_HIGH__CONFLICT_EXTERNAL_HIGH,Other,1378.98496181915,2091.9703290787756,712.9853672596257,0.0,712.9853672596257
UGA,2025,AID_HIGH__CONFLICT_INTERNAL_HIGH__CONFLICT_EXTERNAL_LOW,Other,1378.98496181915,2091.9703290787756,712.9853672596257,0.0,712.9853672596257
UGA,2025,AID_HIGH__CONFLICT_INTERNAL_LOW,Other,1378.98496181915,1616.6467509056918,237.66178908654183,0.0,237.66178908654183
UGA,2025,AID_HIGH__CONFLICT_INTERNAL_LOW__CONFLICT_EXTERNAL_HIGH,Other,1378.98496181915,1616.6467509056918,237.66178908654183,0.0,237.66178908654183
UGA,2025,AID_HIGH__CONFLICT_INTERNAL_LOW__CONFLICT_EXTERNAL_LOW,Other,1378.98496181915,1616.6467509056918,237.66178908654183,0.0,237.66178908654183
UGA,2025,AID_LOW,Other,1378.98496181915,1378.98496181915,0.0,0.0,0.0
UGA,2025,AID_LOW__CONFLICT_EXTERNAL_HIGH,Other,1378.98496181915,1378.98496181915,0.0,0.0,0.0
UGA,2025,AID_LOW__CONFLICT_EXTERNAL_LOW,Other,1378.98496181915,1378.98496181915,0.0,0.0,0.0
UGA,2025,AID_LOW__CONFLICT_INTERNAL_HIGH,Other,1378.98496181915,2091.9703290787756,712.9853672596257,0.0,712.9853672596257
UGA,2025,AID_LOW__CONFLICT_INTERNAL_HIGH__CONFLICT_EXTERNAL_HIGH,Other,1378.98496181915,2091.9703290787756,712.9853672596257,0.0,712.9853672596257
UGA,2025,AID_LOW__CONFLICT_INTERNAL_HIGH__CONFLICT_EXTERNAL_LOW,Other,1378.98496181915,2091.9703290787756,712.9853672596257,0.0,712.9853672596257
UGA,2025,AID_LOW__CONFLICT_INTERNAL_LOW,Other,1378.98496181915,1616.6467509056918,237.66178908654183,0.0,237.66178908654183
UGA,2025,AID_LOW__CONFLICT_INTERNAL_LOW__CONFLICT_EXTERNAL_HIGH,Other,1378.98496181915,1616.6467509056918,237.66178908654183,0.0,237.66178908654183
UGA,2025,AID_LOW__CONFLICT_INTERNAL_LOW__CONFLICT_EXTERNAL_LOW,Other,1378.98496181915,1616.6467509056918,237.66178908654183,0.0,237.66178908654183
UGA,2025,CONFLICT_EXTERNAL_HIGH,Other,1378.98496181915,1378.98496181915,0.0,0.0,0.0
UGA,2025,CONFLICT_EXTERNAL_LOW,Other,1378.98496181915,1378.98496181915,0.0,0.0,0.0
UGA,2025,CONFLICT_INTERNAL_HIGH,Other,1378.98496181915,2091.9703290787756,712.9853672596257,0.0,712.9853672596257
UGA,2025,CONFLICT_INTERNAL_HIGH__CONFLICT_EXTERNAL_HIGH,Other,1378.98496181915,2091.9703290787756,712.9853672596257,0.0,712.9853672596257
UGA,2025,CONFLICT_INTERNAL_HIGH__CONFLICT_EXTERNAL_LOW,Other,1378.98496181915,2091.9703290787756,712.9853672596257,0.0,712.9853672596257
UGA,2025,CONFLICT_INTERNAL_LOW,Other,1378.98496181915,1616.6467509056918,237.66178908654183,0.0,237.66178908654183
UGA,2025,CONFLICT_INTERNAL_LOW__CONFLICT_EXTERNAL_HIGH,Other,1378.98496181915,1616.6467509056918,237.66178908654183,0.0,237.66178908654183
UGA,2025,CONFLICT_INTERNAL_LOW__CONFLICT_EXTERNAL_LOW,Other,1378.98496181915,1616.6467509056918,237.66178908654183,0.0,237.66178908654183
UKR,2025,AID_HIGH,Other,2706.3178571160724,2706.3178571160724,0.0,0.0,0.0
UKR,2025,AID_HIGH__CONFLICT_EXTERNAL_HIGH,Other,2706.3178571160724,2706.3178571160724,0.0,0.0,0.0
UKR,2025,AID_HIGH__CONFLICT_EXTERNAL_LOW,Other,2706.3178571160724,2706.3178571160724,0.0,0.0,0.0
UKR,2025,AID_HIGH__CONFLICT_INTERNAL_HIGH,Other,2706.3178571160724,4119.753687147586,1413.435830031514,0.0,1413.435830031514
UKR,2025,AID_HIGH__CONFLICT_INTERNAL_HIGH__CONFLICT_EXTERNAL_HIGH,Other,2706.3178571160724,4119.753687147586,1413.435830031514,0.0,1413.435830031514
UKR,2025,AID_HIGH__CONFLICT_INTERNAL_HIGH__CONFLICT_EXTERNAL_LOW,Other,2706.3178571160724,4119.753687147586,1413.435830031514,0.0,1413.435830031514
UKR,2025,AID_HIGH__CONFLICT_INTERNAL_LOW,Other,2706.3178571160724,3177.4631337932437,471.1452766771711,0.0,471.1452766771711
UKR,2025,AID_HIGH__CONFLICT_INTERNAL_LOW__CONFLICT_EXTERNAL_HIGH,Other,2706.3178571160724,3177.4631337932437,471.1452766771711,0.0,471.1452766771711
UKR,2025,AID_HIGH__CONFLICT_INTERNAL_LOW__CONFLICT_EXTERNAL_LOW,Other,2706.3178571160724,3177.4631337932437,471.1452766771711,0.0,471.1452766771711
UKR,2025,AID_LOW,Other,2706.3178571160724,2706.3178571160724,0.0,0.0,0.0
UKR,2025,AID_LOW__CONFLICT_EXTERNAL_HIGH,Other,2706.3178571160724,2706.3178571160724,0.0,0.0,0.0
UKR,2025,AID_LOW__CONFLICT_EXTERNAL_LOW,Other,2706.3178571160724,2706.3178571160724,0.0,0.0,0.0
UKR,2025,AID_LOW__CONFLICT_INTERNAL_HIGH,Other,2706.3178571160724,4119.753687147586,1413.435830031514,0.0,1413.435830031514
UKR,2025,AID_LOW__CONFLICT_INTERNAL_HIGH__CONFLICT_EXTERNAL_HIGH,Other,2706.3178571160724,4119.753687147586,1413.435830031514,0.0,1413.435830031514
UKR,2025,AID_LOW__CONFLICT_INTERNAL_HIGH__CONFLICT_EXTERNAL_LOW,Other,2706.3178571160724,4119.753687147586,1413.435830031514,0.0,1413.435830031514
UKR,2025,AID_LOW__CONFLICT_INTERNAL_LOW,Other,2706.3178571160724,3177.4631337932437,471.1452766771711,0.0,471.1452766771711
UKR,2025,AID_LOW__CONFLICT_INTERNAL_LOW__CONFLICT_EXTERNAL_HIGH,Other,2706.3178571160724,3177.4631337932437,471.1452766771711,0.0,471.1452766771711
UKR,2025,AID_LOW__CONFLICT_INTERNAL_LOW__CONFLICT_EXTERNAL_LOW,Other,2706.3178571160724,3177.4631337932437,471.1452766771711,0.0,471.1452766771711
UKR,2025,CONFLICT_EXTERNAL_HIGH,Other,2706.3178571160724,2706.3178571160724,0.0,0.0,0.0
UKR,2025,CONFLICT_EXTERNAL_LOW,Other,2706.3178571160724,2706.3178571160724,0.0,0.0,0.0
UKR,2025,CONFLICT_INTERNAL_HIGH,Other,2706.3178571160724,4119.753687147586,1413.435830031514,0.0,1413.435830031514
UKR,2025,CONFLICT_INTERNAL_HIGH__CONFLICT_EXTERNAL_HIGH,Other,2706.3178571160724,4119.753687147586,1413.435830031514,0.0,1413.435830031514
UKR,2025,CONFLICT_INTERNAL_HIGH__CONFLICT_EXTERNAL_LOW,Other,2706.3178571160724,4119.753687147586,1413.435830031514,0.0,1413.435830031514
UKR,2025,CONFLICT_INTERNAL_LOW,Other,2706.3178571160724,3177.4631337932437,471.1452766771711,0.0,471.1452766771711
UKR,2025,CONFLICT_INTERNAL_LOW__CONFLICT_EXTERNAL_HIGH,Other,2706.3178571160724,3177.4631337932437,471.1452766771711,0.0,471.1452766771711
UKR,2025,CONFLICT_INTERNAL_LOW__CONFLICT_EXTERNAL_LOW,Other,2706.3178571160724,3177.4631337932437,471.1452766771711,0.0,471.1452766771711
URY,2025,AID_HIGH,Other,942.6076591794608,942.6076591794608,0.0,0.0,0.0
URY,2025,AID_HIGH__CONFLICT_EXTERNAL_HIGH,Other,942.6076591794608,942.6076591794608,0.0,0.0,0.0
URY,2025,AID_HIGH__CONFLICT_EXTERNAL_LOW,Other,942.6076591794608,942.6076591794608,0.0,0.0,0.0
URY,2025,AID_HIGH__CONFLICT_INTERNAL_HIGH,Other,942.6076591794608,1422.9451991476396,480.3375399681789,0.0,480.3375399681789
URY,2025,AID_HIGH__CONFLICT_INTERNAL_HIGH__CONFLICT_EXTERNAL_HIGH,Other,942.6076591794608,1422.9451991476396,480.3375399681789,0.0,480.3375399681789
URY,2025,AID_HIGH__CONFLICT_INTERNAL_HIGH__CONFLICT_EXTERNAL_LOW,Other,942.6076591794608,1422.9451991476396,480.3375399681789,0.0,480.3375399681789
URY,2025,AID_HIGH__CONFLICT_INTERNAL_LOW,Other,942.6076591794608,1102.720172502187,160.11251332272624,0.0,160.11251332272624
URY,2025,AID_HIGH__CONFLICT_INTERNAL_LOW__CONFLICT_EXTERNAL_HIGH,Other,942.6076591794608,1102.720172502187,160.11251332272624,0.0,160.11251332272624
URY,2025,AID_HIGH__CONFLICT_INTERNAL_LOW__CONFLICT_EXTERNAL_LOW,Other,942.6076591794608,1102.720172502187,160.11251332272624,0.0,160.11251332272624
URY,2025,AID_LOW,Other,942.6076591794608,942.6076591794608,0.0,0.0,0.0
URY,2025,AID_LOW__CONFLICT_EXTERNAL_HIGH,Other,942.6076591794608,942.6076591794608,0.0,0.0,0.0
URY,2025,AID_LOW__CONFLICT_EXTERNAL_LOW,Other,942.6076591794608,942.6076591794608,0.0,0.0,0.0
URY,2025,AID_LOW__CONFLICT_INTERNAL_HIGH,Other,942.6076591794608,1422.9451991476396,480.3375399681789,0.0,480.3375399681789
URY,2025,AID_LOW__CONFLICT_INTERNAL_HIGH__CONFLICT_EXTERNAL_HIGH,Other,942.6076591794608,1422.9451991476396,480.3375399681789,0.0,480.3375399681789
URY,2025,AID_LOW__CONFLICT_INTERNAL_HIGH__CONFLICT_EXTERNAL_LOW,Other,942.6076591794608,1422.9451991476396,480.3375399681789,0.0,480.3375399681789
URY,2025,AID_LOW__CONFLICT_INTERNAL_LOW,Other,942.6076591794608,1102.720172502187,160.11251332272624,0.0,160.11251332272624
URY,2025,AID_LOW__CONFLICT_INTERNAL_LOW__CONFLICT_EXTERNAL_HIGH,Other,942.6076591794608,1102.720172502187,160.11251332272624,0.0,160.11251332272624
URY,2025,AID_LOW__CONFLICT_INTERNAL_LOW__CONFLICT_EXTERNAL_LOW,Other,942.6076591794608,1102.720172502187,160.11251332272624,0.0,160.11251332272624
URY,2025,CONFLICT_EXTERNAL_HIGH,Other,942.6076591794608,942.6076591794608,0.0,0.0,0.0
URY,2025,CONFLICT_EXTERNAL_LOW,Other,942.6076591794608,942.6076591794608,0.0,0.0,0.0
URY,2025,CONFLICT_INTERNAL_HIGH,Other,942.6076591794608,1422.9451991476396,480.3375399681789,0.0,480.3375399681789
URY,2025,CONFLICT_INTERNAL_HIGH__CONFLICT_EXTERNAL_HIGH,Other,942.6076591794608,1422.9451991476396,480.3375399681789,0.0,480.3375399681789
URY,2025,CONFLICT_INTERNAL_HIGH__CONFLICT_EXTERNAL_LOW,Other,942.6076591794608,1422.9451991476396,480.3375399681789,0.0,480.3375399681789
URY,2025,CONFLICT_INTERNAL_LOW,Other,942.6076591794608,1102.720172502187,160.11251332272624,0.0,160.11251332272624
URY,2025,CONFLICT_INTERNAL_LOW__CONFLICT_EXTERNAL_HIGH,Other,942.6076591794608,1102.720172502187,160.11251332272624,0.0,160.11251332272624
URY,2025,CONFLICT_INTERNAL_LOW__CONFLICT_EXTERNAL_LOW,Other,942.6076591794608,1102.720172502187,160.11251332272624,0.0,160.11251332272624
USA,2025,AID_HIGH,American Indian and Alaska native,8569.45810754805,8742.618305630254,173.1601980822045,173.1601980822045,0.0
USA,2025,AID_HIGH,Asian,8843068.727556283,9022091.177946642,179022.45039035805,179022.45039035805,0.0
USA,2025,AID_HIGH,Black or African,64270.935806610374,65569.63729222691,1298.7014856165335,1298.7014856165335,0.0
USA,2025,AID_HIGH,Black or African American,2596036.3410887923,2646736.2404875443,50699.899398751724,50699.899398751724,0.0
USA,2025,AID_HIGH,Native Hawaiian and other Pacific Islander,12854.187161322074,13113.927458445381,259.74029712330673,259.74029712330673,0.0
USA,2025,AID_HIGH,Other,59837.13791328918,61044.796009181024,1207.6580958918432,1207.6580958918432,0.0
USA,2025,AID_HIGH,Some other race,34447523.99836887,35125389.03050584,677865.0321369765,677865.0321369765,0.0
USA,2025,AID_HIGH,Two or more races,169228.39108932263,172647.3600930071,3418.96900368446,3418.96900368446,0.0
USA,2025,AID_HIGH,White,2690952.3803117713,2744060.4443052867,53108.063993515476,53108.063993515476,0.0
USA,2025,AID_HIGH__CONFLICT_EXTERNAL_HIGH,American Indian and Alaska native,8569.45810754805,9744.47373739158,1175.0156298435304,1175.0156298435304,0.0
USA,2025,AID_HIGH__CONFLICT_EXTERNAL_HIGH,Asian,8843068.727556283,10057863.926633712,1214795.1990774297,1214795.1990774297,0.0
USA,2025,AID_HIGH__CONFLICT_EXTERNAL_HIGH,Black or African,64270.935806610374,73083.55303043684,8812.617223826479,8812.617223826479,0.0
USA,2025,AID_HIGH__CONFLICT_EXTERNAL_HIGH,Black or African American,2596036.3410887923,2940071.372723179,344035.0316343867,344035.0316343867,0.0
USA,2025,AID_HIGH__CONFLICT_EXTERNAL_HIGH,Native Hawaiian and other Pacific Islander,12854.187161322074,14616.71060608737,1762.5234447652956,1762.5234447652956,0.0
USA,2025,AID_HIGH__CONFLICT_EXTERNAL_HIGH,Other,59837.13791328918,68031.96070684098,8194.822793551795,8194.822793551795,0.0
USA,2025,AID_HIGH__CONFLICT_EXTERNAL_HIGH,Some other race,34447523.99836887,39047322.43072692,4599798.432358055,4599798.432358055,0.0
USA,2025,AID_HIGH__CONFLICT_EXTERNAL_HIGH,Two or more races,169228.39108932263,192428.53790003862,23200.14681071598,23200.14681071598,0.0
USA,2025,AID_HIGH__CONFLICT_EXTERNAL_HIGH,White,2690952.3803117713,3051328.528839198,360376.14852742647,360376.14852742647,0.0
USA,2025,AID_HIGH__CONFLICT_EXTERNAL_LOW,American Indian and Alaska native,8569.45810754805,9076.570116217363,507.11200866931307,507.11200866931307,0.0
USA,2025,AID_HIGH__CONFLICT_EXTERNAL_LOW,Asian,8843068.727556283,9367348.76084233,524280.03328604857,524280.03328604857,0.0
USA,2025,AID_HIGH__CONFLICT_EXTERNAL_LOW,Black or African,64270.935806610374,68074.27587163022,3803.3400650198478,3803.3400650198478,0.0
USA,2025,AID_HIGH__CONFLICT_EXTERNAL_LOW,Black or African American,2596036.3410887923,2744514.6178994225,148478.27681063002,148478.27681063002,0.0
USA,2025,AID_HIGH__CONFLICT_EXTERNAL_LOW,Native Hawaiian and other Pacific Islander,12854.187161322074,13614.855174326045,760.6680130039696,760.6680130039696,0.0
USA,2025,AID_HIGH__CONFLICT_EXTERNAL_LOW,Other,59837.13791328918,63373.85090840101,3536.7129951118272,3536.7129951118272,0.0
USA,2025,AID_HIGH__CONFLICT_EXTERNAL_LOW,Some other race,34447523.99836887,36432700.16391287,1985176.1655440025,1985176.1655440025,0.0
USA,2025,AID_HIGH__CONFLICT_EXTERNAL_LOW,Two or more races,169228.39108932263,179241.08602868425,10012.694939361632,10012.694939361632,0.0
USA,2025,AID_HIGH__CONFLICT_EXTERNAL_LOW,White,2690952.3803117713,2846483.139149924,155530.75883815245,155530.75883815245,0.0
USA,2025,AID_HIGH__CONFLICT_INTERNAL_HIGH,American Indian and Alaska native,8569.45810754805,8742.618305630254,173.1601980822045,173.1601980822045,0.0
USA,2025,AID_HIGH__CONFLICT_INTERNAL_HIGH,Asian,8843068.727556283,9022091.177946642,179022.45039035805,179022.45039035805,0.0
USA,2025,AID_HIGH__CONFLICT_INTERNAL_HIGH,Black or African,64270.935806610374,65569.63729222691,1298.7014856165335,1298.7014856165335,0.0
USA,2025,AID_HIGH__CONFLICT_INTERNAL_HIGH,Black or African American,2596036.3410887923,2646736.2404875443,50699.899398751724,50699.899398751724,0.0
USA,2025,AID_HIGH__CONFLICT_INTERNAL_HIGH,Native Hawaiian and other Pacific Islander,12854.187161322074,13113.927458445381,259.74029712330673,259.74029712330673,0.0
USA,2025,AID_HIGH__CONFLICT_INTERNAL_HIGH,Other,59837.13791328918,61044.796009181024,1207.6580958918432,1207.6580958918432,0.0
USA,2025,AID_HIGH__CONFLICT_INTERNAL_HIGH,Some other race,34447523.99836887,35125389.03050584,677865.0321369765,677865.0321369765,0.0
USA,2025,AID_HIGH__CONFLICT_INTERNAL_HIGH,Two or more races,169228.39108932263,172647.3600930071,3418.96900368446,3418.96900368446,0.0
USA,2025,AID_HIGH__CONFLICT_INTERNAL_HIGH,White,2690952.3803117713,2744060.4443052867,53108.063993515476,53108.063993515476,0.0
USA,2025,AID_HIGH__CONFLICT_INTERNAL_HIGH__CONFLICT_EXTERNAL_HIGH,American Indian and Alaska native,8569.45810754805,8842.803848806387,273.3457412583371,273.3457412583371,0.0
USA,2025,AID_HIGH__CONFLICT_INTERNAL_HIGH__CONFLICT_EXTERNAL_HIGH,Asian,8843068.727556283,9125668.452815348,282599.7252590653,282599.7252590653,0.0
USA,2025,AID_HIGH__CONFLICT_INTERNAL_HIGH__CONFLICT_EXTERNAL_HIGH,Black or African,64270.935806610374,66321.0288660479,2050.0930594375286,2050.0930594375286,0.0
USA,2025,AID_HIGH__CONFLICT_INTERNAL_HIGH__CONFLICT_EXTERNAL_HIGH,Black or African American,2596036.3410887923,2676069.7537111077,80033.41262231524,80033.41262231524,0.0
USA,2025,AID_HIGH__CONFLICT_INTERNAL_HIGH__CONFLICT_EXTERNAL_HIGH,Native Hawaiian and other Pacific Islander,12854.187161322074,13264.20577320958,410.0186118875057,410.0186118875057,0.0
USA,2025,AID_HIGH__CONFLICT_INTERNAL_HIGH__CONFLICT_EXTERNAL_HIGH,Other,59837.13791328918,61743.51247894702,1906.374565657839,1906.374565657839,0.0
USA,2025,AID_HIGH__CONFLICT_INTERNAL_HIGH__CONFLICT_EXTERNAL_HIGH,Some other race,34447523.99836887,35517582.37052795,1070058.3721590845,1070058.3721590845,0.0
USA,2025,AID_HIGH__CONFLICT_INTERNAL_HIGH__CONFLICT_EXTERNAL_HIGH,Two or more races,169228.39108932263,174625.47787371022,5397.086784387613,5397.086784387613,0.0
USA,2025,AID_HIGH__CONFLICT_INTERNAL_HIGH__CONFLICT_EXTERNAL_HIGH,White,2690952.3803117713,2774787.252758678,83834.8724469066,83834.8724469066,0.0
USA,2025,AID_HIGH__CONFLICT_INTERNAL_HIGH__CONFLICT_EXTERNAL_LOW,American Indian and Alaska native,8569.45810754805,8776.013486688964,206.5553791409153,206.5553791409153,0.0
USA,2025,AID_HIGH__CONFLICT_INTERNAL_HIGH__CONFLICT_EXTERNAL_LOW,Asian,8843068.727556283,9056616.93623621,213548.20867992708,213548.20867992708,0.0
USA,2025,AID_HIGH__CONFLICT_INTERNAL_HIGH__CONFLICT_EXTERNAL_LOW,Black or African,64270.935806610374,65820.10115016723,1549.1653435568649,1549.1653435568649,0.0
USA,2025,AID_HIGH__CONFLICT_INTERNAL_HIGH__CONFLICT_EXTERNAL_LOW,Black or African American,2596036.3410887923,2656514.078228732,60477.737139939556,60477.737139939556,0.0
USA,2025,AID_HIGH__CONFLICT_INTERNAL_HIGH__CONFLICT_EXTERNAL_LOW,Native Hawaiian and other Pacific Islander,12854.187161322074,13164.020230033448,309.83306871137296,309.83306871137296,0.0
USA,2025,AID_HIGH__CONFLICT_INTERNAL_HIGH__CONFLICT_EXTERNAL_LOW,Other,59837.13791328918,61277.70149910302,1440.5635858138419,1440.5635858138419,0.0
USA,2025,AID_HIGH__CONFLICT_INTERNAL_HIGH__CONFLICT_EXTERNAL_LOW,Some other race,34447523.99836887,35256120.14384655,808596.1454776791,808596.1454776791,0.0
USA,2025,AID_HIGH__CONFLICT_INTERNAL_HIGH__CONFLICT_EXTERNAL_LOW,Two or more races,169228.39108932263,173306.7326865748,4078.341597252177,4078.341597252177,0.0
USA,2025,AID_HIGH__CONFLICT_INTERNAL_HIGH__CONFLICT_EXTERNAL_LOW,White,2690952.3803117713,2754302.7137897504,63350.33347797917,63350.33347797917,0.0
USA,2025,AID_HIGH__CONFLICT_INTERNAL_LOW,American Indian and Alaska native,8569.45810754805,8742.618305630254,173.1601980822045,173.1601980822045,0.0
USA,2025,AID_HIGH__CONFLICT_INTERNAL_LOW,Asian,8843068.727556283,9022091.177946642,179022.45039035805,179022.45039035805,0.0
USA,2025,AID_HIGH__CONFLICT_INTERNAL_LOW,Black or African,64270.935806610374,65569.63729222691,1298.7014856165335,1298.7014856165335,0.0
USA,2025,AID_HIGH__CONFLICT_INTERNAL_LOW,Black or African American,2596036.3410887923,2646736.2404875443,50699.899398751724,50699.899398751724,0.0
USA,2025,AID_HIGH__CONFLICT_INTERNAL_LOW,Native Hawaiian and other Pacific Islander,12854.187161322074,13113.927458445381,259.74029712330673,259.74029712330673,0.0
USA,2025,AID_HIGH__CONFLICT_INTERNAL_LOW,Other,59837.13791328918,61044.796009181024,1207.6580958918432,1207.6580958918432,0.0
USA,2025,AID_HIGH__CONFLICT_INTERNAL_LOW,Some other race,34447523.99836887,35125389.03050584,677865.0321369765,677865.0321369765,0.0
USA,2025,AID_HIGH__CONFLICT_INTERNAL_LOW,Two or more races,169228.39108932263,172647.3600930071,3418.96900368446,3418.96900368446,0.0
USA,2025,AID_HIGH__CONFLICT_INTERNAL_LOW,White,2690952.3803117713,2744060.4443052867,53108.063993515476,53108.063993515476,0.0
USA,2025,AID_HIGH__CONFLICT_INTERNAL_LOW__CONFLICT_EXTERNAL_HIGH,American Indian and Alaska native,8569.45810754805,9443.917107863183,874.4590003151324,874.4590003151324,0.0
USA,2025,AID_HIGH__CONFLICT_INTERNAL_LOW__CONFLICT_EXTERNAL_HIGH,Asian,8843068.727556283,9747132.102027591,904063.3744713078,904063.3744713078,0.0
USA,2025,AID_HIGH__CONFLICT_INTERNAL_LOW__CONFLICT_EXTERNAL_HIGH,Black or African,64270.935806610374,70829.37830897387,6558.442502363492,6558.442502363492,0.0
USA,2025,AID_HIGH__CONFLICT_INTERNAL_LOW__CONFLICT_EXTERNAL_HIGH,Black or African American,2596036.3410887923,2852070.8330524885,256034.4919636961,256034.4919636961,0.0
USA,2025,AID_HIGH__CONFLICT_INTERNAL_LOW__CONFLICT_EXTERNAL_HIGH,Native Hawaiian and other Pacific Islander,12854.187161322074,14165.875661794773,1311.6885004726985,1311.6885004726985,0.0
USA,2025,AID_HIGH__CONFLICT_INTERNAL_LOW__CONFLICT_EXTERNAL_HIGH,Other,59837.13791328918,65935.811297543,6098.673384253807,6098.673384253807,0.0
USA,2025,AID_HIGH__CONFLICT_INTERNAL_LOW__CONFLICT_EXTERNAL_HIGH,Some other race,34447523.99836887,37870742.4106606,3423218.41229173,3423218.41229173,0.0
USA,2025,AID_HIGH__CONFLICT_INTERNAL_LOW__CONFLICT_EXTERNAL_HIGH,Two or more races,169228.39108932263,186494.18455792914,17265.793468606516,17265.793468606516,0.0
USA,2025,AID_HIGH__CONFLICT_INTERNAL_LOW__CONFLICT_EXTERNAL_HIGH,White,2690952.3803117713,2959148.1034790245,268195.7231672531,268195.7231672531,0.0
USA,2025,AID_HIGH__CONFLICT_INTERNAL_LOW__CONFLICT_EXTERNAL_LOW,American Indian and Alaska native,8569.45810754805,8976.38457304123,406.9264654931805,406.9264654931805,0.0
USA,2025,AID_HIGH__CONFLICT_INTERNAL_LOW__CONFLICT_EXTERNAL_LOW,Asian,8843068.727556283,9263771.485973625,420702.7584173414,420702.7584173414,0.0
USA,2025,AID_HIGH__CONFLICT_INTERNAL_LOW__CONFLICT_EXTERNAL_LOW,Black or African,64270.935806610374,67322.88429780923,3051.9484911988534,3051.9484911988534,0.0
USA,2025,AID_HIGH__CONFLICT_INTERNAL_LOW__CONFLICT_EXTERNAL_LOW,Black or African American,2596036.3410887923,2715181.104675859,119144.76358706653,119144.76358706653,0.0
USA,2025,AID_HIGH__CONFLICT_INTERNAL_LOW__CONFLICT_EXTERNAL_LOW,Native Hawaiian and other Pacific Islander,12854.187161322074,13464.576859561845,610.3896982397707,610.3896982397707,0.0
USA,2025,AID_HIGH__CONFLICT_INTERNAL_LOW__CONFLICT_EXTERNAL_LOW,Other,59837.13791328918,62675.13443863501,2837.9965253458317,2837.9965253458317,0.0
USA,2025,AID_HIGH__CONFLICT_INTERNAL_LOW__CONFLICT_EXTERNAL_LOW,Some other race,34447523.99836887,36040506.82389076,1592982.8255218945,1592982.8255218945,0.0
USA,2025,AID_HIGH__CONFLICT_INTERNAL_LOW__CONFLICT_EXTERNAL_LOW,Two or more races,169228.39108932263,177262.9682479811,8034.577158658481,8034.577158658481,0.0
USA,2025,AID_HIGH__CONFLICT_INTERNAL_LOW__CONFLICT_EXTERNAL_LOW,White,2690952.3803117713,2815756.3306965325,124803.95038476135,124803.95038476135,0.0
USA,2025,AID_LOW,American Indian and Alaska native,8569.45810754805,8643.669621011852,74.21151346380191,74.21151346380191,0.0
USA,2025,AID_LOW,Asian,8843068.727556283,8919792.634866437,76723.90731015344,76723.90731015344,0.0
USA,2025,AID_LOW,Black or African,64270.935806610374,64827.522157588886,556.5863509785144,556.5863509785144,0.0
USA,2025,AID_LOW,Black or African American,2596036.3410887923,2617764.869402543,21728.528313750736,21728.528313750736,0.0
USA,2025,AID_LOW,Native Hawaiian and other Pacific Islander,12854.187161322074,12965.504431517777,111.31727019570287,111.31727019570287,0.0
USA,2025,AID_LOW,Other,59837.13791328918,60354.7056686714,517.5677553822186,517.5677553822186,0.0
USA,2025,AID_LOW,Some other race,34447523.99836887,34738037.58357043,290513.58520156133,290513.58520156133,0.0
USA,2025,AID_LOW,Two or more races,169228.39108932263,170693.6635194731,1465.272430150483,1465.272430150483,0.0
USA,2025,AID_LOW,White,2690952.3803117713,2713712.979166135,22760.598854363772,22760.598854363772,0.0
USA,2025,AID_LOW__CONFLICT_EXTERNAL_HIGH,American Indian and Alaska native,8569.45810754805,9497.102025845574,927.6439182975237,927.6439182975237,0.0
USA,2025,AID_LOW__CONFLICT_EXTERNAL_HIGH,Asian,8843068.727556283,9802117.5689332,959048.8413769179,959048.8413769179,0.0
USA,2025,AID_LOW__CONFLICT_EXTERNAL_HIGH,Black or African,64270.935806610374,71228.2651938418,6957.329387231428,6957.329387231428,0.0
USA,2025,AID_LOW__CONFLICT_EXTERNAL_HIGH,Black or African American,2596036.3410887923,2867642.9450106765,271606.60392188415,271606.60392188415,0.0
USA,2025,AID_LOW__CONFLICT_EXTERNAL_HIGH,Native Hawaiian and other Pacific Islander,12854.187161322074,14245.65303876836,1391.4658774462855,1391.4658774462855,0.0
USA,2025,AID_LOW__CONFLICT_EXTERNAL_HIGH,Other,59837.13791328918,66306.73485556692,6469.596942277731,6469.596942277731,0.0
USA,2025,AID_LOW__CONFLICT_EXTERNAL_HIGH,Some other race,34447523.99836887,38078943.813388385,3631419.815019516,3631419.815019516,0.0
USA,2025,AID_LOW__CONFLICT_EXTERNAL_HIGH,Two or more races,169228.39108932263,187544.29646620364,18315.90537688103,18315.90537688103,0.0
USA,2025,AID_LOW__CONFLICT_EXTERNAL_HIGH,White,2690952.3803117713,2975459.8659913186,284507.4856795471,284507.4856795471,0.0
USA,2025,AID_LOW__CONFLICT_EXTERNAL_LOW,American Indian and Alaska native,8569.45810754805,8928.14708928976,358.68898174170926,358.68898174170926,0.0
USA,2025,AID_LOW__CONFLICT_EXTERNAL_LOW,Asian,8843068.727556283,9213900.946222026,370832.2186657416,370832.2186657416,0.0
USA,2025,AID_LOW__CONFLICT_EXTERNAL_LOW,Black or African,64270.935806610374,66961.1031696732,2690.1673630628197,2690.1673630628197,0.0
USA,2025,AID_LOW__CONFLICT_EXTERNAL_LOW,Black or African American,2596036.3410887923,2701057.561271921,105021.22018312856,105021.22018312856,0.0
USA,2025,AID_LOW__CONFLICT_EXTERNAL_LOW,Native Hawaiian and other Pacific Islander,12854.187161322074,13392.22063393464,538.0334726125639,538.0334726125639,0.0
USA,2025,AID_LOW__CONFLICT_EXTERNAL_LOW,Other,59837.13791328918,62338.715397636566,2501.5774843473896,2501.5774843473896,0.0
USA,2025,AID_LOW__CONFLICT_EXTERNAL_LOW,Some other race,34447523.99836887,35851672.99350975,1404148.9951408796,1404148.9951408796,0.0
USA,2025,AID_LOW__CONFLICT_EXTERNAL_LOW,Two or more races,169228.39108932263,176310.5411683833,7082.150079060666,7082.150079060666,0.0
USA,2025,AID_LOW__CONFLICT_EXTERNAL_LOW,White,2690952.3803117713,2800961.941441196,110009.5611294249,110009.5611294249,0.0
USA,2025,AID_LOW__CONFLICT_INTERNAL_HIGH,American Indian and Alaska native,8569.45810754805,8643.669621011852,74.21151346380191,74.21151346380191,0.0
USA,2025,AID_LOW__CONFLICT_INTERNAL_HIGH,Asian,8843068.727556283,8919792.634866437,76723.90731015344,76723.90731015344,0.0
USA,2025,AID_LOW__CONFLICT_INTERNAL_HIGH,Black or African,64270.935806610374,64827.522157588886,556.5863509785144,556.5863509785144,0.0
USA,2025,AID_LOW__CONFLICT_INTERNAL_HIGH,Black or African American,2596036.3410887923,2617764.869402543,21728.528313750736,21728.528313750736,0.0
USA,2025,AID_LOW__CONFLICT_INTERNAL_HIGH,Native Hawaiian and other Pacific Islander,12854.187161322074,12965.504431517777,111.31727019570287,111.31727019570287,0.0
USA,2025,AID_LOW__CONFLICT_INTERNAL_HIGH,Other,59837.13791328918,60354.7056686714,517.5677553822186,517.5677553822186,0.0
USA,2025,AID_LOW__CONFLICT_INTERNAL_HIGH,Some other race,34447523.99836887,34738037.58357043,290513.58520156133,290513.58520156133,0.0
USA,2025,AID_LOW__CONFLICT_INTERNAL_HIGH,Two or more races,169228.39108932263,170693.6635194731,1465.272430150483,1465.272430150483,0.0
USA,2025,AID_LOW__CONFLICT_INTERNAL_HIGH,White,2690952.3803117713,2713712.979166135,22760.598854363772,22760.598854363772,0.0
USA,2025,AID_LOW__CONFLICT_INTERNAL_HIGH__CONFLICT_EXTERNAL_HIGH,American Indian and Alaska native,8569.45810754805,8729.012861495225,159.55475394717416,159.55475394717416,0.0
USA,2025,AID_LOW__CONFLICT_INTERNAL_HIGH__CONFLICT_EXTERNAL_HIGH,Asian,8843068.727556283,9008025.128273113,164956.40071682996,164956.40071682996,0.0
USA,2025,AID_LOW__CONFLICT_INTERNAL_HIGH__CONFLICT_EXTERNAL_HIGH,Black or African,64270.935806610374,65467.596461214176,1196.6606546038063,1196.6606546038063,0.0
USA,2025,AID_LOW__CONFLICT_INTERNAL_HIGH__CONFLICT_EXTERNAL_HIGH,Black or African American,2596036.3410887923,2642752.6769633563,46716.3358745641,46716.3358745641,0.0
USA,2025,AID_LOW__CONFLICT_INTERNAL_HIGH__CONFLICT_EXTERNAL_HIGH,Native Hawaiian and other Pacific Islander,12854.187161322074,13093.519292242836,239.33213092076124,239.33213092076124,0.0
USA,2025,AID_LOW__CONFLICT_INTERNAL_HIGH__CONFLICT_EXTERNAL_HIGH,Other,59837.13791328918,60949.90858736095,1112.7706740717704,1112.7706740717704,0.0
USA,2025,AID_LOW__CONFLICT_INTERNAL_HIGH__CONFLICT_EXTERNAL_HIGH,Some other race,34447523.99836887,35072128.20655222,624604.208183357,624604.208183357,0.0
USA,2025,AID_LOW__CONFLICT_INTERNAL_HIGH__CONFLICT_EXTERNAL_HIGH,Two or more races,169228.39108932263,172378.72681414615,3150.3357248235393,3150.3357248235393,0.0
USA,2025,AID_LOW__CONFLICT_INTERNAL_HIGH__CONFLICT_EXTERNAL_HIGH,White,2690952.3803117713,2739887.667848653,48935.28753688213,48935.28753688213,0.0
USA,2025,AID_LOW__CONFLICT_INTERNAL_HIGH__CONFLICT_EXTERNAL_LOW,American Indian and Alaska native,8569.45810754805,8672.117367839643,102.65926029159266,102.65926029159266,0.0
USA,2025,AID_LOW__CONFLICT_INTERNAL_HIGH__CONFLICT_EXTERNAL_LOW,Asian,8843068.727556283,8949203.466001995,106134.73844571228,106134.73844571228,0.0
USA,2025,AID_LOW__CONFLICT_INTERNAL_HIGH__CONFLICT_EXTERNAL_LOW,Black or African,64270.935806610374,65040.88025879731,769.944452186945,769.944452186945,0.0
USA,2025,AID_LOW__CONFLICT_INTERNAL_HIGH__CONFLICT_EXTERNAL_LOW,Black or African American,2596036.3410887923,2626094.138589481,30057.79750068852,30057.79750068852,0.0
USA,2025,AID_LOW__CONFLICT_INTERNAL_HIGH__CONFLICT_EXTERNAL_LOW,Native Hawaiian and other Pacific Islander,12854.187161322074,13008.176051759463,153.988890437389,153.988890437389,0.0
USA,2025,AID_LOW__CONFLICT_INTERNAL_HIGH__CONFLICT_EXTERNAL_LOW,Other,59837.13791328918,60553.10664156792,715.9687282787359,715.9687282787359,0.0
USA,2025,AID_LOW__CONFLICT_INTERNAL_HIGH__CONFLICT_EXTERNAL_LOW,Some other race,34447523.99836887,34849401.12456436,401877.1261954932,401877.1261954932,0.0
USA,2025,AID_LOW__CONFLICT_INTERNAL_HIGH__CONFLICT_EXTERNAL_LOW,Two or more races,169228.39108932263,171255.35128436412,2026.9601950415017,2026.9601950415017,0.0
USA,2025,AID_LOW__CONFLICT_INTERNAL_HIGH__CONFLICT_EXTERNAL_LOW,White,2690952.3803117713,2722437.875393641,31485.495081869893,31485.495081869893,0.0
USA,2025,AID_LOW__CONFLICT_INTERNAL_LOW,American Indian and Alaska native,8569.45810754805,8643.669621011852,74.21151346380191,74.21151346380191,0.0
USA,2025,AID_LOW__CONFLICT_INTERNAL_LOW,Asian,8843068.727556283,8919792.634866437,76723.90731015344,76723.90731015344,0.0
USA,2025,AID_LOW__CONFLICT_INTERNAL_LOW,Black or African,64270.935806610374,64827.522157588886,556.5863509785144,556.5863509785144,0.0
USA,2025,AID_LOW__CONFLICT_INTERNAL_LOW,Black or African American,2596036.3410887923,2617764.869402543,21728.528313750736,21728.528313750736,0.0
USA,2025,AID_LOW__CONFLICT_INTERNAL_LOW,Native Hawaiian and other Pacific Islander,12854.187161322074,12965.504431517777,111.31727019570287,111.31727019570287,0.0
USA,2025,AID_LOW__CONFLICT_INTERNAL_LOW,Other,59837.13791328918,60354.7056686714,517.5677553822186,517.5677553822186,0.0
USA,2025,AID_LOW__CONFLICT_INTERNAL_LOW,Some other race,34447523.99836887,34738037.58357043,290513.58520156133,290513.58520156133,0.0
USA,2025,AID_LOW__CONFLICT_INTERNAL_LOW,Two or more races,169228.39108932263,170693.6635194731,1465.272430150483,1465.272430150483,0.0
USA,2025,AID_LOW__CONFLICT_INTERNAL_LOW,White,2690952.3803117713,2713712.979166135,22760.598854363772,22760.598854363772,0.0
USA,2025,AID_LOW__CONFLICT_INTERNAL_LOW__CONFLICT_EXTERNAL_HIGH,American Indian and Alaska native,8569.45810754805,9241.072304395457,671.6141968474071,671.6141968474071,0.0
USA,2025,AID_LOW__CONFLICT_INTERNAL_LOW__CONFLICT_EXTERNAL_HIGH,Asian,8843068.727556283,9537420.088713171,694351.3611568885,694351.3611568885,0.0
USA,2025,AID_LOW__CONFLICT_INTERNAL_LOW__CONFLICT_EXTERNAL_HIGH,Black or African,64270.935806610374,69308.04228296594,5037.106476355553,5037.106476355553,0.0
USA,2025,AID_LOW__CONFLICT_INTERNAL_LOW__CONFLICT_EXTERNAL_HIGH,Black or African American,2596036.3410887923,2792679.5223282366,196643.18123944412,196643.18123944412,0.0
USA,2025,AID_LOW__CONFLICT_INTERNAL_LOW__CONFLICT_EXTERNAL_HIGH,Native Hawaiian and other Pacific Islander,12854.187161322074,13861.608456593185,1007.4212952711107,1007.4212952711107,0.0
USA,2025,AID_LOW__CONFLICT_INTERNAL_LOW__CONFLICT_EXTERNAL_HIGH,Other,59837.13791328918,64521.12609949826,4683.988186209077,4683.988186209077,0.0
USA,2025,AID_LOW__CONFLICT_INTERNAL_LOW__CONFLICT_EXTERNAL_HIGH,Some other race,34447523.99836887,37076671.944442995,2629147.9460741295,2629147.9460741295,0.0
USA,2025,AID_LOW__CONFLICT_INTERNAL_LOW__CONFLICT_EXTERNAL_HIGH,Two or more races,169228.39108932263,182489.1065821845,13260.715492861867,13260.715492861867,0.0
USA,2025,AID_LOW__CONFLICT_INTERNAL_LOW__CONFLICT_EXTERNAL_HIGH,White,2690952.3803117713,2896935.7999437633,205983.4196319921,205983.4196319921,0.0
USA,2025,AID_LOW__CONFLICT_INTERNAL_LOW__CONFLICT_EXTERNAL_LOW,American Indian and Alaska native,8569.45810754805,8842.803848806387,273.345741258337,273.345741258337,0.0
USA,2025,AID_LOW__CONFLICT_INTERNAL_LOW__CONFLICT_EXTERNAL_LOW,Asian,8843068.727556283,9125668.452815348,282599.7252590652,282599.7252590652,0.0
USA,2025,AID_LOW__CONFLICT_INTERNAL_LOW__CONFLICT_EXTERNAL_LOW,Black or African,64270.935806610374,66321.0288660479,2050.0930594375277,2050.0930594375277,0.0
USA,2025,AID_LOW__CONFLICT_INTERNAL_LOW__CONFLICT_EXTERNAL_LOW,Black or African American,2596036.3410887923,2676069.7537111077,80033.41262231521,80033.41262231521,0.0
USA,2025,AID_LOW__CONFLICT_INTERNAL_LOW__CONFLICT_EXTERNAL_LOW,Native Hawaiian and other Pacific Islander,12854.187161322074,13264.20577320958,410.01861188750553,410.01861188750553,0.0
USA,2025,AID_LOW__CONFLICT_INTERNAL_LOW__CONFLICT_EXTERNAL_LOW,Other,59837.13791328918,61743.51247894702,1906.3745656578385,1906.3745656578385,0.0
USA,2025,AID_LOW__CONFLICT_INTERNAL_LOW__CONFLICT_EXTERNAL_LOW,Some other race,34447523.99836887,35517582.37052795,1070058.3721590843,1070058.3721590843,0.0
USA,2025,AID_LOW__CONFLICT_INTERNAL_LOW__CONFLICT_EXTERNAL_LOW,Two or more races,169228.39108932263,174625.47787371022,5397.086784387611,5397.086784387611,0.0
USA,2025,AID_LOW__CONFLICT_INTERNAL_LOW__CONFLICT_EXTERNAL_LOW,White,2690952.3803117713,2774787.252758678,83834.87244690656,83834.87244690656,0.0
USA,2025,CONFLICT_EXTERNAL_HIGH,American Indian and Alaska native,8569.45810754805,9311.573242186068,742.1151346380192,742.1151346380192,0.0
USA,2025,CONFLICT_EXTERNAL_HIGH,Asian,8843068.727556283,9610307.800657816,767239.0731015344,767239.0731015344,0.0
USA,2025,CONFLICT_EXTERNAL_HIGH,Black or African,64270.935806610374,69836.79931639553,5565.863509785144,5565.863509785144,0.0
USA,2025,CONFLICT_EXTERNAL_HIGH,Black or African American,2596036.3410887923,2813321.6242263,217285.28313750736,217285.28313750736,0.0
USA,2025,CONFLICT_EXTERNAL_HIGH,Native Hawaiian and other Pacific Islander,12854.187161322074,13967.359863279104,1113.1727019570287,1113.1727019570287,0.0
USA,2025,CONFLICT_EXTERNAL_HIGH,Other,59837.13791328918,65012.815467111366,5175.677553822186,5175.677553822186,0.0
USA,2025,CONFLICT_EXTERNAL_HIGH,Some other race,34447523.99836887,37352659.85038448,2905135.852015613,2905135.852015613,0.0
USA,2025,CONFLICT_EXTERNAL_HIGH,Two or more races,169228.39108932263,183881.11539082744,14652.72430150483,14652.72430150483,0.0
USA,2025,CONFLICT_EXTERNAL_HIGH,White,2690952.3803117713,2918558.368855409,227605.98854363774,227605.98854363774,0.0
USA,2025,CONFLICT_EXTERNAL_LOW,American Indian and Alaska native,8569.45810754805,8816.829819094055,247.37171154600637,247.37171154600637,0.0
USA,2025,CONFLICT_EXTERNAL_LOW,Asian,8843068.727556283,9098815.085256794,255746.35770051146,255746.35770051146,0.0
USA,2025,CONFLICT_EXTERNAL_LOW,Black or African,64270.935806610374,66126.22364320542,1855.2878365950478,1855.2878365950478,0.0
USA,2025,CONFLICT_EXTERNAL_LOW,Black or African American,2596036.3410887923,2668464.7688012947,72428.42771250245,72428.42771250245,0.0
USA,2025,CONFLICT_EXTERNAL_LOW,Native Hawaiian and other Pacific Islander,12854.187161322074,13225.244728641084,371.05756731900954,371.05756731900954,0.0
USA,2025,CONFLICT_EXTERNAL_LOW,Other,59837.13791328918,61562.36376456325,1725.2258512740618,1725.2258512740618,0.0
USA,2025,CONFLICT_EXTERNAL_LOW,Some other race,34447523.99836887,35415902.615707405,968378.6173385377,968378.6173385377,0.0
USA,2025,CONFLICT_EXTERNAL_LOW,Two or more races,169228.39108932263,174112.63252315758,4884.241433834943,4884.241433834943,0.0
USA,2025,CONFLICT_EXTERNAL_LOW,White,2690952.3803117713,2766821.0431596506,75868.66284787924,75868.66284787924,0.0
USA,2025,CONFLICT_INTERNAL_HIGH,American Indian and Alaska native,8569.45810754805,8569.45810754805,0.0,0.0,0.0
USA,2025,CONFLICT_INTERNAL_HIGH,Asian,8843068.727556283,8843068.727556283,0.0,0.0,0.0
USA,2025,CONFLICT_INTERNAL_HIGH,Black or African,64270.935806610374,64270.935806610374,0.0,0.0,0.0
USA,2025,CONFLICT_INTERNAL_HIGH,Black or African American,2596036.3410887923,2596036.3410887923,0.0,0.0,0.0
USA,2025,CONFLICT_INTERNAL_HIGH,Native Hawaiian and other Pacific Islander,12854.187161322074,12854.187161322074,0.0,0.0,0.0
USA,2025,CONFLICT_INTERNAL_HIGH,Other,59837.13791328918,59837.13791328918,0.0,0.0,0.0
USA,2025,CONFLICT_INTERNAL_HIGH,Some other race,34447523.99836887,34447523.99836887,0.0,0.0,0.0
USA,2025,CONFLICT_INTERNAL_HIGH,Two or more races,169228.39108932263,169228.39108932263,0.0,0.0,0.0
USA,2025,CONFLICT_INTERNAL_HIGH,White,2690952.3803117713,2690952.3803117713,0.0,0.0,0.0
USA,2025,CONFLICT_INTERNAL_HIGH__CONFLICT_EXTERNAL_HIGH,American Indian and Alaska native,8569.45810754805,8643.669621011852,74.21151346380199,74.21151346380199,0.0
USA,2025,CONFLICT_INTERNAL_HIGH__CONFLICT_EXTERNAL_HIGH,Asian,8843068.727556283,8919792.634866437,76723.90731015352,76723.90731015352,0.0
USA,2025,CONFLICT_INTERNAL_HIGH__CONFLICT_EXTERNAL_HIGH,Black or African,64270.935806610374,64827.522157588886,556.5863509785149,556.5863509785149,0.0
USA,2025,CONFLICT_INTERNAL_HIGH__CONFLICT_EXTERNAL_HIGH,Black or African American,2596036.3410887923,2617764.869402543,21728.528313750758,21728.528313750758,0.0
USA,2025,CONFLICT_INTERNAL_HIGH__CONFLICT_EXTERNAL_HIGH,Native Hawaiian and other Pacific Islander,12854.187161322074,12965.504431517777,111.31727019570297,111.31727019570297,0.0
USA,2025,CONFLICT_INTERNAL_HIGH__CONFLICT_EXTERNAL_HIGH,Other,59837.13791328918,60354.7056686714,517.567755382219,517.567755382219,0.0
USA,2025,CONFLICT_INTERNAL_HIGH__CONFLICT_EXTERNAL_HIGH,Some other race,34447523.99836887,34738037.58357043,290513.5852015616,290513.5852015616,0.0
USA,2025,CONFLICT_INTERNAL_HIGH__CONFLICT_EXTERNAL_HIGH,Two or more races,169228.39108932263,170693.6635194731,1465.272430150484,1465.272430150484,0.0
USA,2025,CONFLICT_INTERNAL_HIGH__CONFLICT_EXTERNAL_HIGH,White,2690952.3803117713,2713712.979166135,22760.598854363798,22760.598854363798,0.0
USA,2025,CONFLICT_INTERNAL_HIGH__CONFLICT_EXTERNAL_LOW,American Indian and Alaska native,8569.45810754805,8594.195278702651,24.73717115460066,24.73717115460066,0.0
USA,2025,CONFLICT_INTERNAL_HIGH__CONFLICT_EXTERNAL_LOW,Asian,8843068.727556283,8868643.363326333,25574.63577005117,25574.63577005117,0.0
USA,2025,CONFLICT_INTERNAL_HIGH__CONFLICT_EXTERNAL_LOW,Black or African,64270.935806610374,64456.464590269876,185.52878365950494,185.52878365950494,0.0
USA,2025,CONFLICT_INTERNAL_HIGH__CONFLICT_EXTERNAL_LOW,Black or African American,2596036.3410887923,2603279.1838600426,7242.842771250252,7242.842771250252,0.0
USA,2025,CONFLICT_INTERNAL_HIGH__CONFLICT_EXTERNAL_LOW,Native Hawaiian and other Pacific Islander,12854.187161322074,12891.292918053976,37.10575673190099,37.10575673190099,0.0
USA,2025,CONFLICT_INTERNAL_HIGH__CONFLICT_EXTERNAL_LOW,Other,59837.13791328918,60009.66049841659,172.52258512740633,172.52258512740633,0.0
USA,2025,CONFLICT_INTERNAL_HIGH__CONFLICT_EXTERNAL_LOW,Some other race,34447523.99836887,34544361.86010272,96837.86173385385,96837.86173385385,0.0
USA,2025,CONFLICT_INTERNAL_HIGH__CONFLICT_EXTERNAL_LOW,Two or more races,169228.39108932263,169716.8152327061,488.42414338349465,488.42414338349465,0.0
USA,2025,CONFLICT_INTERNAL_HIGH__CONFLICT_EXTERNAL_LOW,White,2690952.3803117713,2698539.2465965594,7586.866284787931,7586.866284787931,0.0
USA,2025,CONFLICT_INTERNAL_LOW,American Indian and Alaska native,8569.45810754805,8569.45810754805,0.0,0.0,0.0
USA,2025,CONFLICT_INTERNAL_LOW,Asian,8843068.727556283,8843068.727556283,0.0,0.0,0.0
USA,2025,CONFLICT_INTERNAL_LOW,Black or African,64270.935806610374,64270.935806610374,0.0,0.0,0.0
USA,2025,CONFLICT_INTERNAL_LOW,Black or African American,2596036.3410887923,2596036.3410887923,0.0,0.0,0.0
USA,2025,CONFLICT_INTERNAL_LOW,Native Hawaiian and other Pacific Islander,12854.187161322074,12854.187161322074,0.0,0.0,0.0
USA,2025,CONFLICT_INTERNAL_LOW,Other,59837.13791328918,59837.13791328918,0.0,0.0,0.0
USA,2025,CONFLICT_INTERNAL_LOW,Some other race,34447523.99836887,34447523.99836887,0.0,0.0,0.0
USA,2025,CONFLICT_INTERNAL_LOW,Two or more races,169228.39108932263,169228.39108932263,0.0,0.0,0.0
USA,2025,CONFLICT_INTERNAL_LOW,White,2690952.3803117713,2690952.3803117713,0.0,0.0,0.0
USA,2025,CONFLICT_INTERNAL_LOW__CONFLICT_EXTERNAL_HIGH,American Indian and Alaska native,8569.45810754805,9088.938701794663,519.4805942466134,519.4805942466134,0.0
USA,2025,CONFLICT_INTERNAL_LOW__CONFLICT_EXTERNAL_HIGH,Asian,8843068.727556283,9380136.078727357,537067.351171074,537067.351171074,0.0
USA,2025,CONFLICT_INTERNAL_LOW__CONFLICT_EXTERNAL_HIGH,Black or African,64270.935806610374,68167.04026345997,3896.1044568496,3896.1044568496,0.0
USA,2025,CONFLICT_INTERNAL_LOW__CONFLICT_EXTERNAL_HIGH,Black or African American,2596036.3410887923,2748136.0392850474,152099.69819625514,152099.69819625514,0.0
USA,2025,CONFLICT_INTERNAL_LOW__CONFLICT_EXTERNAL_HIGH,Native Hawaiian and other Pacific Islander,12854.187161322074,13633.408052691993,779.22089136992,779.22089136992,0.0
USA,2025,CONFLICT_INTERNAL_LOW__CONFLICT_EXTERNAL_HIGH,Other,59837.13791328918,63460.11220096471,3622.974287675529,3622.974287675529,0.0
USA,2025,CONFLICT_INTERNAL_LOW__CONFLICT_EXTERNAL_HIGH,Some other race,34447523.99836887,36481119.0947798,2033595.0964109288,2033595.0964109288,0.0
USA,2025,CONFLICT_INTERNAL_LOW__CONFLICT_EXTERNAL_HIGH,Two or more races,169228.39108932263,179485.29810037598,10256.907011053376,10256.907011053376,0.0
USA,2025,CONFLICT_INTERNAL_LOW__CONFLICT_EXTERNAL_HIGH,White,2690952.3803117713,2850276.5722923176,159324.1919805464,159324.1919805464,0.0
USA,2025,CONFLICT_INTERNAL_LOW__CONFLICT_EXTERNAL_LOW,American Indian and Alaska native,8569.45810754805,8742.618305630254,173.1601980822045,173.1601980822045,0.0
USA,2025,CONFLICT_INTERNAL_LOW__CONFLICT_EXTERNAL_LOW,Asian,8843068.727556283,9022091.177946642,179022.45039035805,179022.45039035805,0.0
USA,2025,CONFLICT_INTERNAL_LOW__CONFLICT_EXTERNAL_LOW,Black or African,64270.935806610374,65569.63729222691,1298.7014856165335,1298.7014856165335,0.0
USA,2025,CONFLICT_INTERNAL_LOW__CONFLICT_EXTERNAL_LOW,Black or African American,2596036.3410887923,2646736.2404875443,50699.899398751724,50699.899398751724,0.0
USA,2025,CONFLICT_INTERNAL_LOW__CONFLICT_EXTERNAL_LOW,Native Hawaiian and other Pacific Islander,12854.187161322074,13113.927458445381,259.74029712330673,259.74029712330673,0.0
USA,2025,CONFLICT_INTERNAL_LOW__CONFLICT_EXTERNAL_LOW,Other,59837.13791328918,61044.796009181024,1207.6580958918432,1207.6580958918432,0.0
USA,2025,CONFLICT_INTERNAL_LOW__CONFLICT_EXTERNAL_LOW,Some other race,34447523.99836887,35125389.03050584,677865.0321369765,677865.0321369765,0.0
USA,2025,CONFLICT_INTERNAL_LOW__CONFLICT_EXTERNAL_LOW,Two or more races,169228.39108932263,172647.3600930071,3418.96900368446,3418.96900368446,0.0
USA,2025,CONFLICT_INTERNAL_LOW__CONFLICT_EXTERNAL_LOW,White,2690952.3803117713,2744060.4443052867,53108.063993515476,53108.063993515476,0.0
VEN,2025,AID_HIGH,Other,10112.767115567529,10112.767115567529,0.0,0.0,0.0
VEN,2025,AID_HIGH__CONFLICT_EXTERNAL_HIGH,Other,10112.767115567529,10112.767115567529,0.0,0.0,0.0
VEN,2025,AID_HIGH__CONFLICT_EXTERNAL_LOW,Other,10112.767115567529,10112.767115567529,0.0,0.0,0.0
VEN,2025,AID_HIGH__CONFLICT_INTERNAL_HIGH,Other,10112.767115567529,15185.109686679612,5072.342571112084,0.0,5072.342571112084
VEN,2025,AID_HIGH__CONFLICT_INTERNAL_HIGH__CONFLICT_EXTERNAL_HIGH,Other,10112.767115567529,15185.109686679612,5072.342571112084,0.0,5072.342571112084
VEN,2025,AID_HIGH__CONFLICT_INTERNAL_HIGH__CONFLICT_EXTERNAL_LOW,Other,10112.767115567529,15185.109686679612,5072.342571112084,0.0,5072.342571112084
VEN,2025,AID_HIGH__CONFLICT_INTERNAL_LOW,Other,10112.767115567529,11803.547972604889,1690.780857037361,0.0,1690.780857037361
VEN,2025,AID_HIGH__CONFLICT_INTERNAL_LOW__CONFLICT_EXTERNAL_HIGH,Other,10112.767115567529,11803.547972604889,1690.780857037361,0.0,1690.780857037361
VEN,2025,AID_HIGH__CONFLICT_INTERNAL_LOW__CONFLICT_EXTERNAL_LOW,Other,10112.767115567529,11803.547972604889,1690.780857037361,0.0,1690.780857037361
VEN,2025,AID_LOW,Other,10112.767115567529,10112.767115567529,0.0,0.0,0.0
VEN,2025,AID_LOW__CONFLICT_EXTERNAL_HIGH,Other,10112.767115567529,10112.767115567529,0.0,0.0,0.0
VEN,2025,AID_LOW__CONFLICT_EXTERNAL_LOW,Other,10112.767115567529,10112.767115567529,0.0,0.0,0.0
VEN,2025,AID_LOW__CONFLICT_INTERNAL_HIGH,Other,10112.767115567529,15185.109686679612,5072.342571112084,0.0,5072.342571112084
VEN,2025,AID_LOW__CONFLICT_INTERNAL_HIGH__CONFLICT_EXTERNAL_HIGH,Other,10112.767115567529,15185.109686679612,5072.342571112084,0.0,5072.342571112084
VEN,2025,AID_LOW__CONFLICT_INTERNAL_HIGH__CONFLICT_EXTERNAL_LOW,Other,10112.767115567529,15185.109686679612,5072.342571112084,0.0,5072.342571112084
VEN,2025,AID_LOW__CONFLICT_INTERNAL_LOW,Other,10112.767115567529,11803.547972604889,1690.780857037361,0.0,1690.780857037361
VEN,2025,AID_LOW__CONFLICT_INTERNAL_LOW__CONFLICT_EXTERNAL_HIGH,Other,10112.767115567529,11803.547972604889,1690.780857037361,0.0,1690.780857037361
VEN,2025,AID_LOW__CONFLICT_INTERNAL_LOW__CONFLICT_EXTERNAL_LOW,Other,10112.767115567529,11803.547972604889,1690.780857037361,0.0,1690.780857037361
VEN,2025,CONFLICT_EXTERNAL_HIGH,Other,10112.767115567529,10112.767115567529,0.0,0.0,0.0
VEN,2025,CONFLICT_EXTERNAL_LOW,Other,10112.767115567529,10112.767115567529,0.0,0.0,0.0
VEN,2025,CONFLICT_INTERNAL_HIGH,Other,10112.767115567529,15185.109686679612,5072.342571112084,0.0,5072.342571112084
VEN,2025,CONFLICT_INTERNAL_HIGH__CONFLICT_EXTERNAL_HIGH,Other,10112.767115567529,15185.109686679612,5072.342571112084,0.0,5072.342571112084
VEN,2025,CONFLICT_INTERNAL_HIGH__CONFLICT_EXTERNAL_LOW,Other,10112.767115567529,15185.109686679612,5072.342571112084,0.0,5072.342571112084
VEN,2025,CONFLICT_INTERNAL_LOW,Other,10112.767115567529,11803.547972604889,1690.780857037361,0.0,1690.780857037361
VEN,2025,CONFLICT_INTERNAL_LOW__CONFLICT_EXTERNAL_HIGH,Other,10112.767115567529,11803.547972604889,1690.780857037361,0.0,1690.780857037361
VEN,2025,CONFLICT_INTERNAL_LOW__CONFLICT_EXTERNAL_LOW,Other,10112.767115567529,11803.547972604889,1690.780857037361,0.0,1690.780857037361
VGB,2025,AID_HIGH,Other,2194.988214722552,2194.988214722552,0.0,0.0,0.0
VGB,2025,AID_HIGH__CONFLICT_EXTERNAL_HIGH,Other,2194.988214722552,2194.988214722552,0.0,0.0,0.0
VGB,2025,AID_HIGH__CONFLICT_EXTERNAL_LOW,Other,2194.988214722552,2194.988214722552,0.0,0.0,0.0
VGB,2025,AID_HIGH__CONFLICT_INTERNAL_HIGH,Other,2194.988214722552,3301.068186716002,1106.0799719934498,0.0,1106.0799719934498
VGB,2025,AID_HIGH__CONFLICT_INTERNAL_HIGH__CONFLICT_EXTERNAL_HIGH,Other,2194.988214722552,3301.068186716002,1106.0799719934498,0.0,1106.0799719934498
VGB,2025,AID_HIGH__CONFLICT_INTERNAL_HIGH__CONFLICT_EXTERNAL_LOW,Other,2194.988214722552,3301.068186716002,1106.0799719934498,0.0,1106.0799719934498
VGB,2025,AID_HIGH__CONFLICT_INTERNAL_LOW,Other,2194.988214722552,2563.6815387203687,368.6933239978165,0.0,368.6933239978165
VGB,2025,AID_HIGH__CONFLICT_INTERNAL_LOW__CONFLICT_EXTERNAL_HIGH,Other,2194.988214722552,2563.6815387203687,368.6933239978165,0.0,368.6933239978165
VGB,2025,AID_HIGH__CONFLICT_INTERNAL_LOW__CONFLICT_EXTERNAL_LOW,Other,2194.988214722552,2563.6815387203687,368.6933239978165,0.0,368.6933239978165
VGB,2025,AID_LOW,Other,2194.988214722552,2194.988214722552,0.0,0.0,0.0
VGB,2025,AID_LOW__CONFLICT_EXTERNAL_HIGH,Other,2194.988214722552,2194.988214722552,0.0,0.0,0.0
VGB,2025,AID_LOW__CONFLICT_EXTERNAL_LOW,Other,2194.988214722552,2194.988214722552,0.0,0.0,0.0
VGB,2025,AID_LOW__CONFLICT_INTERNAL_HIGH,Other,2194.988214722552,3301.068186716002,1106.0799719934498,0.0,1106.0799719934498
VGB,2025,AID_LOW__CONFLICT_INTERNAL_HIGH__CONFLICT_EXTERNAL_HIGH,Other,2194.988214722552,3301.068186716002,1106.0799719934498,0.0,1106.0799719934498
VGB,2025,AID_LOW__CONFLICT_INTERNAL_HIGH__CONFLICT_EXTERNAL_LOW,Other,2194.988214722552,3301.068186716002,1106.0799719934498,0.0,1106.0799719934498
VGB,2025,AID_LOW__CONFLICT_INTERNAL_LOW,Other,2194.988214722552,2563.6815387203687,368.6933239978165,0.0,368.6933239978165
VGB,2025,AID_LOW__CONFLICT_INTERNAL_LOW__CONFLICT_EXTERNAL_HIGH,Other,2194.988214722552,2563.6815387203687,368.6933239978165,0.0,368.6933239978165
VGB,2025,AID_LOW__CONFLICT_INTERNAL_LOW__CONFLICT_EXTERNAL_LOW,Other,2194.988214722552,2563.6815387203687,368.6933239978165,0.0,368.6933239978165
VGB,2025,CONFLICT_EXTERNAL_HIGH,Other,2194.988214722552,2194.988214722552,0.0,0.0,0.0
VGB,2025,CONFLICT_EXTERNAL_LOW,Other,2194.988214722552,2194.988214722552,0.0,0.0,0.0
VGB,2025,CONFLICT_INTERNAL_HIGH,Other,2194.988214722552,3301.068186716002,1106.0799719934498,0.0,1106.0799719934498
VGB,2025,CONFLICT_INTERNAL_HIGH__CONFLICT_EXTERNAL_HIGH,Other,2194.988214722552,3301.068186716002,1106.0799719934498,0.0,1106.0799719934498
VGB,2025,CONFLICT_INTERNAL_HIGH__CONFLICT_EXTERNAL_LOW,Other,2194.988214722552,3301.068186716002,1106.0799719934498,0.0,1106.0799719934498
VGB,2025,CONFLICT_INTERNAL_LOW,Other,2194.988214722552,2563.6815387203687,368.6933239978165,0.0,368.6933239978165
VGB,2025,CONFLICT_INTERNAL_LOW__CONFLICT_EXTERNAL_HIGH,Other,2194.988214722552,2563.6815387203687,368.6933239978165,0.0,368.6933239978165
VGB,2025,CONFLICT_INTERNAL_LOW__CONFLICT_EXTERNAL_LOW,Other,2194.988214722552,2563.6815387203687,368.6933239978165,0.0,368.6933239978165
WSM,2025,AID_HIGH,Other,280.4292641254625,280.4292641254625,0.0,0.0,0.0
WSM,2025,AID_HIGH__CONFLICT_EXTERNAL_HIGH,Other,280.4292641254625,280.4292641254625,0.0,0.0,0.0
WSM,2025,AID_HIGH__CONFLICT_EXTERNAL_LOW,Other,280.4292641254625,280.4292641254625,0.0,0.0,0.0
WSM,2025,AID_HIGH__CONFLICT_INTERNAL_HIGH,Other,280.4292641254625,422.8257791055927,142.39651498013015,0.0,142.39651498013015
WSM,2025,AID_HIGH__CONFLICT_INTERNAL_HIGH__CONFLICT_EXTERNAL_HIGH,Other,280.4292641254625,422.8257791055927,142.39651498013015,0.0,142.39651498013015
WSM,2025,AID_HIGH__CONFLICT_INTERNAL_HIGH__CONFLICT_EXTERNAL_LOW,Other,280.4292641254625,422.8257791055927,142.39651498013015,0.0,142.39651498013015
WSM,2025,AID_HIGH__CONFLICT_INTERNAL_LOW,Other,280.4292641254625,327.89476911883924,47.465504993376705,0.0,47.465504993376705
WSM,2025,AID_HIGH__CONFLICT_INTERNAL_LOW__CONFLICT_EXTERNAL_HIGH,Other,280.4292641254625,327.89476911883924,47.465504993376705,0.0,47.465504993376705
WSM,2025,AID_HIGH__CONFLICT_INTERNAL_LOW__CONFLICT_EXTERNAL_LOW,Other,280.4292641254625,327.89476911883924,47.465504993376705,0.0,47.465504993376705
WSM,2025,AID_LOW,Other,280.4292641254625,280.4292641254625,0.0,0.0,0.0
WSM,2025,AID_LOW__CONFLICT_EXTERNAL_HIGH,Other,280.4292641254625,280.4292641254625,0.0,0.0,0.0
WSM,2025,AID_LOW__CONFLICT_EXTERNAL_LOW,Other,280.4292641254625,280.4292641254625,0.0,0.0,0.0
WSM,2025,AID_LOW__CONFLICT_INTERNAL_HIGH,Other,280.4292641254625,422.8257791055927,142.39651498013015,0.0,142.39651498013015
WSM,2025,AID_LOW__CONFLICT_INTERNAL_HIGH__CONFLICT_EXTERNAL_HIGH,Other,280.4292641254625,422.8257791055927,142.39651498013015,0.0,142.39651498013015
WSM,2025,AID_LOW__CONFLICT_INTERNAL_HIGH__CONFLICT_EXTERNAL_LOW,Other,280.4292641254625,422.8257791055927,142.39651498013015,0.0,142.39651498013015
WSM,2025,AID_LOW__CONFLICT_INTERNAL_LOW,Other,280.4292641254625,327.89476911883924,47.465504993376705,0.0,47.465504993376705
WSM,2025,AID_LOW__CONFLICT_INTERNAL_LOW__CONFLICT_EXTERNAL_HIGH,Other,280.4292641254625,327.89476911883924,47.465504993376705,0.0,47.465504993376705
WSM,2025,AID_LOW__CONFLICT_INTERNAL_LOW__CONFLICT_EXTERNAL_LOW,Other,280.4292641254625,327.89476911883924,47.465504993376705,0.0,47.465504993376705
WSM,2025,CONFLICT_EXTERNAL_HIGH,Other,280.4292641254625,280.4292641254625,0.0,0.0,0.0
WSM,2025,CONFLICT_EXTERNAL_LOW,Other,280.4292641254625,280.4292641254625,0.0,0.0,0.0
WSM,2025,CONFLICT_INTERNAL_HIGH,Other,280.4292641254625,422.8257791055927,142.39651498013015,0.0,142.39651498013015
WSM,2025,CONFLICT_INTERNAL_HIGH__CONFLICT_EXTERNAL_HIGH,Other,280.4292641254625,422.8257791055927,142.39651498013015,0.0,142.39651498013015
WSM,2025,CONFLICT_INTERNAL_HIGH__CONFLICT_EXTERNAL_LOW,Other,280.4292641254625,422.8257791055927,142.39651498013015,0.0,142.39651498013015
WSM,2025,CONFLICT_INTERNAL_LOW,Other,280.4292641254625,327.89476911883924,47.465504993376705,0.0,47.465504993376705
WSM,2025,CONFLICT_INTERNAL_LOW__CONFLICT_EXTERNAL_HIGH,Other,280.4292641254625,327.89476911883924,47.465504993376705,0.0,47.465504993376705
WSM,2025,CONFLICT_INTERNAL_LOW__CONFLICT_EXTERNAL_LOW,Other,280.4292641254625,327.89476911883924,47.465504993376705,0.0,47.465504993376705
ZMB,2025,AID_HIGH,Other,1584.9969621643866,1584.9969621643866,0.0,0.0,0.0
ZMB,2025,AID_HIGH__CONFLICT_EXTERNAL_HIGH,Other,1584.9969621643866,1584.9969621643866,0.0,0.0,0.0
ZMB,2025,AID_HIGH__CONFLICT_EXTERNAL_LOW,Other,1584.9969621643866,1584.9969621643866,0.0,0.0,0.0
ZMB,2025,AID_HIGH__CONFLICT_INTERNAL_HIGH,Other,1584.9969621643866,2362.1610404009634,777.1640782365766,0.0,777.1640782365766
ZMB,2025,AID_HIGH__CONFLICT_INTERNAL_HIGH__CONFLICT_EXTERNAL_HIGH,Other,1584.9969621643866,2362.1610404009634,777.1640782365766,0.0,777.1640782365766
ZMB,2025,AID_HIGH__CONFLICT_INTERNAL_HIGH__CONFLICT_EXTERNAL_LOW,Other,1584.9969621643866,2362.1610404009634,777.1640782365766,0.0,777.1640782365766
ZMB,2025,AID_HIGH__CONFLICT_INTERNAL_LOW,Other,1584.9969621643866,1844.051654909912,259.0546927455255,0.0,259.0546927455255
ZMB,2025,AID_HIGH__CONFLICT_INTERNAL_LOW__CONFLICT_EXTERNAL_HIGH,Other,1584.9969621643866,1844.051654909912,259.0546927455255,0.0,259.0546927455255
ZMB,2025,AID_HIGH__CONFLICT_INTERNAL_LOW__CONFLICT_EXTERNAL_LOW,Other,1584.9969621643866,1844.051654909912,259.0546927455255,0.0,259.0546927455255
ZMB,2025,AID_LOW,Other,1584.9969621643866,1584.9969621643866,0.0,0.0,0.0
ZMB,2025,AID_LOW__CONFLICT_EXTERNAL_HIGH,Other,1584.9969621643866,1584.9969621643866,0.0,0.0,0.0
ZMB,2025,AID_LOW__CONFLICT_EXTERNAL_LOW,Other,1584.9969621643866,1584.9969621643866,0.0,0.0,0.0
ZMB,2025,AID_LOW__CONFLICT_INTERNAL_HIGH,Other,1584.9969621643866,2362.1610404009634,777.1640782365766,0.0,777.1640782365766
ZMB,2025,AID_LOW__CONFLICT_INTERNAL_HIGH__CONFLICT_EXTERNAL_HIGH,Other,1584.9969621643866,2362.1610404009634,777.1640782365766,0.0,777.1640782365766
ZMB,2025,AID_LOW__CONFLICT_INTERNAL_HIGH__CONFLICT_EXTERNAL_LOW,Other,1584.9969621643866,2362.1610404009634,777.1640782365766,0.0,777.1640782365766
ZMB,2025,AID_LOW__CONFLICT_INTERNAL_LOW,Other,1584.9969621643866,1844.051654909912,259.0546927455255,0.0,259.0546927455255
ZMB,2025,AID_LOW__CONFLICT_INTERNAL_LOW__CONFLICT_EXTERNAL_HIGH,Other,1584.9969621643866,1844.051654909912,259.0546927455255,0.0,259.0546927455255
ZMB,2025,AID_LOW__CONFLICT_INTERNAL_LOW__CONFLICT_EXTERNAL_LOW,Other,1584.9969621643866,1844.051654909912,259.0546927455255,0.0,259.0546927455255
ZMB,2025,CONFLICT_EXTERNAL_HIGH,Other,1584.9969621643866,1584.9969621643866,0.0,0.0,0.0
ZMB,2025,CONFLICT_EXTERNAL_LOW,Other,1584.9969621643866,1584.9969621643866,0.0,0.0,0.0
ZMB,2025,CONFLICT_INTERNAL_HIGH,Other,1584.9969621643866,2362.1610404009634,777.1640782365766,0.0,777.1640782365766
ZMB,2025,CONFLICT_INTERNAL_HIGH__CONFLICT_EXTERNAL_HIGH,Other,1584.9969621643866,2362.1610404009634,777.1640782365766,0.0,777.1640782365766
ZMB,2025,CONFLICT_INTERNAL_HIGH__CONFLICT_EXTERNAL_LOW,Other,1584.9969621643866,2362.1610404009634,777.1640782365766,0.0,777.1640782365766
ZMB,2025,CONFLICT_INTERNAL_LOW,Other,1584.9969621643866,1844.051654909912,259.0546927455255,0.0,259.0546927455255
ZMB,2025,CONFLICT_INTERNAL_LOW__CONFLICT_EXTERNAL_HIGH,Other,1584.9969621643866,1844.051654909912,259.0546927455255,0.0,259.0546927455255
ZMB,2025,CONFLICT_INTERNAL_LOW__CONFLICT_EXTERNAL_LOW,Other,1584.9969621643866,1844.051654909912,259.0546927455255,0.0,259.0546927455255
