iso3,ethnic_group,year,scenario,base_share,shock_share,delta_share,total_pop_interp,delta_count,delta_migrants_2025,delta_in,delta_out
IDN,"Banjar, Melayu Banjar",2025,Aid_LOW,0.0729086727505534,0.0729086974187706,2.4668217194753193e-08,292774488.82756096,7.222224679481116,14561.025,14561.025,0.0
IDN,"Banjar, Melayu Banjar",2025,Aid_HIGH,0.0729086727505534,0.07290873030972686,5.755917345442411e-08,292774488.82756096,16.851857585455935,33975.725,33975.725,0.0
IDN,"Banjar, Melayu Banjar",2025,Conflict_internal_LOW,0.0729086727505534,0.07290383797135348,-4.8347791999181815e-06,292774488.82756096,-1415.5000088501697,-19414.7,0.0,19414.7
IDN,"Banjar, Melayu Banjar",2025,Conflict_internal_HIGH,0.0729086727505534,0.07289416841295365,-1.4504337599754545e-05,292774488.82756096,-4246.50002655051,-58244.100000000006,0.0,58244.100000000006
IDN,"Banjar, Melayu Banjar",2025,Conflict_external_LOW,0.0729086727505534,0.07290875497794405,8.222739064917731e-08,292774488.82756096,24.074082264937054,48536.75,48536.75,0.0
IDN,"Banjar, Melayu Banjar",2025,Conflict_external_HIGH,0.0729086727505534,0.07290891943272536,2.466821719475319e-07,292774488.82756096,72.22224679481116,145610.25,145610.25,0.0
IDN,"Banjar, Melayu Banjar",2025,Aid_LOW__Conflict_internal_LOW,0.0729086727505534,0.07290386263957069,-4.810110982723428e-06,292774488.82756096,-1408.2777841706886,-4853.675000000001,14561.025,19414.7
IDN,"Banjar, Melayu Banjar",2025,Aid_LOW__Conflict_internal_HIGH,0.0729086727505534,0.07289419308117084,-1.4479669382559793e-05,292774488.82756096,-4239.277801871029,-43683.075000000004,14561.025,58244.100000000006
IDN,"Banjar, Melayu Banjar",2025,Aid_HIGH__Conflict_internal_LOW,0.0729086727505534,0.07290389553052694,-4.7772200264637575e-06,292774488.82756096,-1398.6481512647138,14561.024999999998,33975.725,19414.7
IDN,"Banjar, Melayu Banjar",2025,Aid_HIGH__Conflict_internal_HIGH,0.0729086727505534,0.07289422597212711,-1.4446778426300122e-05,292774488.82756096,-4229.648168965054,-24268.375000000007,33975.725,58244.100000000006
IDN,"Banjar, Melayu Banjar",2025,Aid_LOW__Conflict_external_LOW,0.0729086727505534,0.07290879198026985,1.1922971644130707e-07,292774488.82756096,34.90741928415872,70378.28749999999,70378.28749999999,0.0
IDN,"Banjar, Melayu Banjar",2025,Aid_LOW__Conflict_external_HIGH,0.0729086727505534,0.07290898110326834,3.0835271493441485e-07,292774488.82756096,90.27780849351393,182012.81249999997,182012.81249999997,0.0
IDN,"Banjar, Melayu Banjar",2025,Aid_HIGH__Conflict_external_LOW,0.0729086727505534,0.07290884131670423,1.6856615083081347e-07,292774488.82756096,49.35186864312095,99500.3375,99500.3375,0.0
IDN,"Banjar, Melayu Banjar",2025,Aid_HIGH__Conflict_external_HIGH,0.0729086727505534,0.07290906333065898,3.905801055835923e-07,292774488.82756096,114.35189075845102,230549.56250000003,230549.56250000003,0.0
IDN,"Banjar, Melayu Banjar",2025,Conflict_internal_LOW__Conflict_external_LOW,0.0729086727505534,0.07290389553052694,-4.7772200264637575e-06,292774488.82756096,-1398.6481512647138,14561.024999999998,33975.725,19414.7
IDN,"Banjar, Melayu Banjar",2025,Conflict_internal_LOW__Conflict_external_HIGH,0.0729086727505534,0.07290401064887385,-4.662101679554909e-06,292774488.82756096,-1364.9444360938019,82512.47499999999,101927.17499999999,19414.7
IDN,"Banjar, Melayu Banjar",2025,Conflict_internal_HIGH__Conflict_external_LOW,0.0729086727505534,0.07289417663569271,-1.4496114860689629e-05,292774488.82756096,-4244.092618324016,-53390.425,4853.675000000005,58244.100000000006
IDN,"Banjar, Melayu Banjar",2025,Conflict_internal_HIGH__Conflict_external_HIGH,0.0729086727505534,0.07289419308117084,-1.4479669382559793e-05,292774488.82756096,-4239.277801871029,-43683.075,14561.025000000012,58244.100000000006
IDN,"Banjar, Melayu Banjar",2025,Aid_LOW__Conflict_internal_LOW__Conflict_external_LOW,0.0729086727505534,0.07290392883262016,-4.7439179332508405e-06,292774488.82756096,-1388.8981479474144,34218.40875,53633.10875,19414.7
IDN,"Banjar, Melayu Banjar",2025,Aid_LOW__Conflict_internal_LOW__Conflict_external_HIGH,0.0729086727505534,0.0729040612187191,-4.611531834305665e-06,292774488.82756096,-1350.1388755008657,112362.57624999997,131777.27624999997,19414.7
IDN,"Banjar, Melayu Banjar",2025,Aid_LOW__Conflict_internal_HIGH__Conflict_external_LOW,0.0729086727505534,0.07289420253732078,-1.4470213232635135e-05,292774488.82756096,-4236.50928241056,-38101.348750000005,20142.751250000005,58244.100000000006
IDN,"Banjar, Melayu Banjar",2025,Aid_LOW__Conflict_internal_HIGH__Conflict_external_HIGH,0.0729086727505534,0.07289422144962061,-1.4451300932785824e-05,292774488.82756096,-4230.972243489625,-26937.896249999994,31306.20375000001,58244.100000000006
IDN,"Banjar, Melayu Banjar",2025,Aid_HIGH__Conflict_internal_LOW__Conflict_external_LOW,0.0729086727505534,0.0729039732354111,-4.699515142300284e-06,292774488.82756096,-1375.8981435243481,60428.25375,79842.95375,19414.7
IDN,"Banjar, Melayu Banjar",2025,Aid_HIGH__Conflict_internal_LOW__Conflict_external_HIGH,0.0729086727505534,0.07290412864517944,-4.544105373973339e-06,292774488.82756096,-1330.3981280436171,152162.71124999996,171577.41124999998,19414.7
IDN,"Banjar, Melayu Banjar",2025,Aid_HIGH__Conflict_internal_HIGH__Conflict_external_LOW,0.0729086727505534,0.07289423707282484,-1.4435677728562483e-05,292774488.82756096,-4226.398167859287,-17715.91375,40528.186250000006,58244.100000000006
IDN,"Banjar, Melayu Banjar",2025,Aid_HIGH__Conflict_internal_HIGH__Conflict_external_HIGH,0.0729086727505534,0.07289425927422032,-1.4413476333087205e-05,292774488.82756096,-4219.8981656477545,-4610.991249999985,53633.10875000002,58244.100000000006
IDN,Banten,2025,Aid_LOW,0.0234295088438209,0.0234295088438209,0.0,292774488.82756096,0.0,14561.025,14561.025,0.0
IDN,Banten,2025,Aid_HIGH,0.0234295088438209,0.0234295088438209,0.0,292774488.82756096,0.0,33975.725,33975.725,0.0
IDN,Banten,2025,Conflict_internal_LOW,0.0234295088438209,0.02342795516717656,-1.5536766443405672e-06,292774488.82756096,-454.8768853501298,-19414.7,0.0,19414.7
IDN,Banten,2025,Conflict_internal_HIGH,0.0234295088438209,0.02342484781388788,-4.661029933021702e-06,292774488.82756096,-1364.6306560503895,-58244.100000000006,0.0,58244.100000000006
IDN,Banten,2025,Conflict_external_LOW,0.0234295088438209,0.0234295088438209,0.0,292774488.82756096,0.0,48536.75,48536.75,0.0
IDN,Banten,2025,Conflict_external_HIGH,0.0234295088438209,0.0234295088438209,0.0,292774488.82756096,0.0,145610.25,145610.25,0.0
IDN,Banten,2025,Aid_LOW__Conflict_internal_LOW,0.0234295088438209,0.02342795516717656,-1.5536766443405672e-06,292774488.82756096,-454.8768853501298,-4853.675000000001,14561.025,19414.7
IDN,Banten,2025,Aid_LOW__Conflict_internal_HIGH,0.0234295088438209,0.02342484781388788,-4.661029933021702e-06,292774488.82756096,-1364.6306560503895,-43683.075000000004,14561.025,58244.100000000006
IDN,Banten,2025,Aid_HIGH__Conflict_internal_LOW,0.0234295088438209,0.02342795516717656,-1.5536766443405672e-06,292774488.82756096,-454.8768853501298,14561.024999999998,33975.725,19414.7
IDN,Banten,2025,Aid_HIGH__Conflict_internal_HIGH,0.0234295088438209,0.02342484781388788,-4.661029933021702e-06,292774488.82756096,-1364.6306560503895,-24268.375000000007,33975.725,58244.100000000006
IDN,Banten,2025,Aid_LOW__Conflict_external_LOW,0.0234295088438209,0.0234295088438209,0.0,292774488.82756096,0.0,70378.28749999999,70378.28749999999,0.0
IDN,Banten,2025,Aid_LOW__Conflict_external_HIGH,0.0234295088438209,0.0234295088438209,0.0,292774488.82756096,0.0,182012.81249999997,182012.81249999997,0.0
IDN,Banten,2025,Aid_HIGH__Conflict_external_LOW,0.0234295088438209,0.0234295088438209,0.0,292774488.82756096,0.0,99500.3375,99500.3375,0.0
IDN,Banten,2025,Aid_HIGH__Conflict_external_HIGH,0.0234295088438209,0.0234295088438209,0.0,292774488.82756096,0.0,230549.56250000003,230549.56250000003,0.0
IDN,Banten,2025,Conflict_internal_LOW__Conflict_external_LOW,0.0234295088438209,0.02342795516717656,-1.5536766443405672e-06,292774488.82756096,-454.8768853501298,14561.024999999998,33975.725,19414.7
IDN,Banten,2025,Conflict_internal_LOW__Conflict_external_HIGH,0.0234295088438209,0.02342795516717656,-1.5536766443405672e-06,292774488.82756096,-454.8768853501298,82512.47499999999,101927.17499999999,19414.7
IDN,Banten,2025,Conflict_internal_HIGH__Conflict_external_LOW,0.0234295088438209,0.02342484781388788,-4.661029933021702e-06,292774488.82756096,-1364.6306560503895,-53390.425,4853.675000000005,58244.100000000006
IDN,Banten,2025,Conflict_internal_HIGH__Conflict_external_HIGH,0.0234295088438209,0.02342484781388788,-4.661029933021702e-06,292774488.82756096,-1364.6306560503895,-43683.075,14561.025000000012,58244.100000000006
IDN,Banten,2025,Aid_LOW__Conflict_internal_LOW__Conflict_external_LOW,0.0234295088438209,0.02342795516717656,-1.5536766443405672e-06,292774488.82756096,-454.8768853501298,34218.40875,53633.10875,19414.7
IDN,Banten,2025,Aid_LOW__Conflict_internal_LOW__Conflict_external_HIGH,0.0234295088438209,0.02342795516717656,-1.5536766443405672e-06,292774488.82756096,-454.8768853501298,112362.57624999997,131777.27624999997,19414.7
IDN,Banten,2025,Aid_LOW__Conflict_internal_HIGH__Conflict_external_LOW,0.0234295088438209,0.02342484781388788,-4.661029933021702e-06,292774488.82756096,-1364.6306560503895,-38101.348750000005,20142.751250000005,58244.100000000006
IDN,Banten,2025,Aid_LOW__Conflict_internal_HIGH__Conflict_external_HIGH,0.0234295088438209,0.02342484781388788,-4.661029933021702e-06,292774488.82756096,-1364.6306560503895,-26937.896249999994,31306.20375000001,58244.100000000006
IDN,Banten,2025,Aid_HIGH__Conflict_internal_LOW__Conflict_external_LOW,0.0234295088438209,0.02342795516717656,-1.5536766443405672e-06,292774488.82756096,-454.8768853501298,60428.25375,79842.95375,19414.7
IDN,Banten,2025,Aid_HIGH__Conflict_internal_LOW__Conflict_external_HIGH,0.0234295088438209,0.02342795516717656,-1.5536766443405672e-06,292774488.82756096,-454.8768853501298,152162.71124999996,171577.41124999998,19414.7
IDN,Banten,2025,Aid_HIGH__Conflict_internal_HIGH__Conflict_external_LOW,0.0234295088438209,0.02342484781388788,-4.661029933021702e-06,292774488.82756096,-1364.6306560503895,-17715.91375,40528.186250000006,58244.100000000006
IDN,Banten,2025,Aid_HIGH__Conflict_internal_HIGH__Conflict_external_HIGH,0.0234295088438209,0.02342484781388788,-4.661029933021702e-06,292774488.82756096,-1364.6306560503895,-4610.991249999985,53633.10875000002,58244.100000000006
IDN,Betawi,2025,Aid_LOW,0.0377392617926568,0.0377392617926568,0.0,292774488.82756096,0.0,14561.025,14561.025,0.0
IDN,Betawi,2025,Aid_HIGH,0.0377392617926568,0.0377392617926568,0.0,292774488.82756096,0.0,33975.725,33975.725,0.0
IDN,Betawi,2025,Conflict_internal_LOW,0.0377392617926568,0.037736759196037604,-2.5025966191932778e-06,292774488.82756096,-732.6964459258942,-19414.7,0.0,19414.7
IDN,Betawi,2025,Conflict_internal_HIGH,0.0377392617926568,0.03773175400279922,-7.507789857579835e-06,292774488.82756096,-2198.089337777683,-58244.100000000006,0.0,58244.100000000006
IDN,Betawi,2025,Conflict_external_LOW,0.0377392617926568,0.0377392617926568,0.0,292774488.82756096,0.0,48536.75,48536.75,0.0
IDN,Betawi,2025,Conflict_external_HIGH,0.0377392617926568,0.0377392617926568,0.0,292774488.82756096,0.0,145610.25,145610.25,0.0
IDN,Betawi,2025,Aid_LOW__Conflict_internal_LOW,0.0377392617926568,0.037736759196037604,-2.5025966191932778e-06,292774488.82756096,-732.6964459258942,-4853.675000000001,14561.025,19414.7
IDN,Betawi,2025,Aid_LOW__Conflict_internal_HIGH,0.0377392617926568,0.03773175400279922,-7.507789857579835e-06,292774488.82756096,-2198.089337777683,-43683.075000000004,14561.025,58244.100000000006
IDN,Betawi,2025,Aid_HIGH__Conflict_internal_LOW,0.0377392617926568,0.037736759196037604,-2.5025966191932778e-06,292774488.82756096,-732.6964459258942,14561.024999999998,33975.725,19414.7
IDN,Betawi,2025,Aid_HIGH__Conflict_internal_HIGH,0.0377392617926568,0.03773175400279922,-7.507789857579835e-06,292774488.82756096,-2198.089337777683,-24268.375000000007,33975.725,58244.100000000006
IDN,Betawi,2025,Aid_LOW__Conflict_external_LOW,0.0377392617926568,0.0377392617926568,0.0,292774488.82756096,0.0,70378.28749999999,70378.28749999999,0.0
IDN,Betawi,2025,Aid_LOW__Conflict_external_HIGH,0.0377392617926568,0.0377392617926568,0.0,292774488.82756096,0.0,182012.81249999997,182012.81249999997,0.0
IDN,Betawi,2025,Aid_HIGH__Conflict_external_LOW,0.0377392617926568,0.0377392617926568,0.0,292774488.82756096,0.0,99500.3375,99500.3375,0.0
IDN,Betawi,2025,Aid_HIGH__Conflict_external_HIGH,0.0377392617926568,0.0377392617926568,0.0,292774488.82756096,0.0,230549.56250000003,230549.56250000003,0.0
IDN,Betawi,2025,Conflict_internal_LOW__Conflict_external_LOW,0.0377392617926568,0.037736759196037604,-2.5025966191932778e-06,292774488.82756096,-732.6964459258942,14561.024999999998,33975.725,19414.7
IDN,Betawi,2025,Conflict_internal_LOW__Conflict_external_HIGH,0.0377392617926568,0.037736759196037604,-2.5025966191932778e-06,292774488.82756096,-732.6964459258942,82512.47499999999,101927.17499999999,19414.7
IDN,Betawi,2025,Conflict_internal_HIGH__Conflict_external_LOW,0.0377392617926568,0.03773175400279922,-7.507789857579835e-06,292774488.82756096,-2198.089337777683,-53390.425,4853.675000000005,58244.100000000006
IDN,Betawi,2025,Conflict_internal_HIGH__Conflict_external_HIGH,0.0377392617926568,0.03773175400279922,-7.507789857579835e-06,292774488.82756096,-2198.089337777683,-43683.075,14561.025000000012,58244.100000000006
IDN,Betawi,2025,Aid_LOW__Conflict_internal_LOW__Conflict_external_LOW,0.0377392617926568,0.037736759196037604,-2.5025966191932778e-06,292774488.82756096,-732.6964459258942,34218.40875,53633.10875,19414.7
IDN,Betawi,2025,Aid_LOW__Conflict_internal_LOW__Conflict_external_HIGH,0.0377392617926568,0.037736759196037604,-2.5025966191932778e-06,292774488.82756096,-732.6964459258942,112362.57624999997,131777.27624999997,19414.7
IDN,Betawi,2025,Aid_LOW__Conflict_internal_HIGH__Conflict_external_LOW,0.0377392617926568,0.03773175400279922,-7.507789857579835e-06,292774488.82756096,-2198.089337777683,-38101.348750000005,20142.751250000005,58244.100000000006
IDN,Betawi,2025,Aid_LOW__Conflict_internal_HIGH__Conflict_external_HIGH,0.0377392617926568,0.03773175400279922,-7.507789857579835e-06,292774488.82756096,-2198.089337777683,-26937.896249999994,31306.20375000001,58244.100000000006
IDN,Betawi,2025,Aid_HIGH__Conflict_internal_LOW__Conflict_external_LOW,0.0377392617926568,0.037736759196037604,-2.5025966191932778e-06,292774488.82756096,-732.6964459258942,60428.25375,79842.95375,19414.7
IDN,Betawi,2025,Aid_HIGH__Conflict_internal_LOW__Conflict_external_HIGH,0.0377392617926568,0.037736759196037604,-2.5025966191932778e-06,292774488.82756096,-732.6964459258942,152162.71124999996,171577.41124999998,19414.7
IDN,Betawi,2025,Aid_HIGH__Conflict_internal_HIGH__Conflict_external_LOW,0.0377392617926568,0.03773175400279922,-7.507789857579835e-06,292774488.82756096,-2198.089337777683,-17715.91375,40528.186250000006,58244.100000000006
IDN,Betawi,2025,Aid_HIGH__Conflict_internal_HIGH__Conflict_external_HIGH,0.0377392617926568,0.03773175400279922,-7.507789857579835e-06,292774488.82756096,-2198.089337777683,-4610.991249999985,53633.10875000002,58244.100000000006
IDN,"Bugis, Ugi",2025,Aid_LOW,0.0337496559136365,0.0337496559136365,0.0,292774488.82756096,0.0,14561.025,14561.025,0.0
IDN,"Bugis, Ugi",2025,Aid_HIGH,0.0337496559136365,0.0337496559136365,0.0,292774488.82756096,0.0,33975.725,33975.725,0.0
IDN,"Bugis, Ugi",2025,Conflict_internal_LOW,0.0337496559136365,0.033747417879006876,-2.2380346296237696e-06,292774488.82756096,-655.2394446664789,-19414.7,0.0,19414.7
IDN,"Bugis, Ugi",2025,Conflict_internal_HIGH,0.0337496559136365,0.03374294180974763,-6.71410388887131e-06,292774488.82756096,-1965.718333999437,-58244.100000000006,0.0,58244.100000000006
IDN,"Bugis, Ugi",2025,Conflict_external_LOW,0.0337496559136365,0.0337496559136365,0.0,292774488.82756096,0.0,48536.75,48536.75,0.0
IDN,"Bugis, Ugi",2025,Conflict_external_HIGH,0.0337496559136365,0.0337496559136365,0.0,292774488.82756096,0.0,145610.25,145610.25,0.0
IDN,"Bugis, Ugi",2025,Aid_LOW__Conflict_internal_LOW,0.0337496559136365,0.033747417879006876,-2.2380346296237696e-06,292774488.82756096,-655.2394446664789,-4853.675000000001,14561.025,19414.7
IDN,"Bugis, Ugi",2025,Aid_LOW__Conflict_internal_HIGH,0.0337496559136365,0.03374294180974763,-6.71410388887131e-06,292774488.82756096,-1965.718333999437,-43683.075000000004,14561.025,58244.100000000006
IDN,"Bugis, Ugi",2025,Aid_HIGH__Conflict_internal_LOW,0.0337496559136365,0.033747417879006876,-2.2380346296237696e-06,292774488.82756096,-655.2394446664789,14561.024999999998,33975.725,19414.7
IDN,"Bugis, Ugi",2025,Aid_HIGH__Conflict_internal_HIGH,0.0337496559136365,0.03374294180974763,-6.71410388887131e-06,292774488.82756096,-1965.718333999437,-24268.375000000007,33975.725,58244.100000000006
IDN,"Bugis, Ugi",2025,Aid_LOW__Conflict_external_LOW,0.0337496559136365,0.0337496559136365,0.0,292774488.82756096,0.0,70378.28749999999,70378.28749999999,0.0
IDN,"Bugis, Ugi",2025,Aid_LOW__Conflict_external_HIGH,0.0337496559136365,0.0337496559136365,0.0,292774488.82756096,0.0,182012.81249999997,182012.81249999997,0.0
IDN,"Bugis, Ugi",2025,Aid_HIGH__Conflict_external_LOW,0.0337496559136365,0.0337496559136365,0.0,292774488.82756096,0.0,99500.3375,99500.3375,0.0
IDN,"Bugis, Ugi",2025,Aid_HIGH__Conflict_external_HIGH,0.0337496559136365,0.0337496559136365,0.0,292774488.82756096,0.0,230549.56250000003,230549.56250000003,0.0
IDN,"Bugis, Ugi",2025,Conflict_internal_LOW__Conflict_external_LOW,0.0337496559136365,0.033747417879006876,-2.2380346296237696e-06,292774488.82756096,-655.2394446664789,14561.024999999998,33975.725,19414.7
IDN,"Bugis, Ugi",2025,Conflict_internal_LOW__Conflict_external_HIGH,0.0337496559136365,0.033747417879006876,-2.2380346296237696e-06,292774488.82756096,-655.2394446664789,82512.47499999999,101927.17499999999,19414.7
IDN,"Bugis, Ugi",2025,Conflict_internal_HIGH__Conflict_external_LOW,0.0337496559136365,0.03374294180974763,-6.71410388887131e-06,292774488.82756096,-1965.718333999437,-53390.425,4853.675000000005,58244.100000000006
IDN,"Bugis, Ugi",2025,Conflict_internal_HIGH__Conflict_external_HIGH,0.0337496559136365,0.03374294180974763,-6.71410388887131e-06,292774488.82756096,-1965.718333999437,-43683.075,14561.025000000012,58244.100000000006
IDN,"Bugis, Ugi",2025,Aid_LOW__Conflict_internal_LOW__Conflict_external_LOW,0.0337496559136365,0.033747417879006876,-2.2380346296237696e-06,292774488.82756096,-655.2394446664789,34218.40875,53633.10875,19414.7
IDN,"Bugis, Ugi",2025,Aid_LOW__Conflict_internal_LOW__Conflict_external_HIGH,0.0337496559136365,0.033747417879006876,-2.2380346296237696e-06,292774488.82756096,-655.2394446664789,112362.57624999997,131777.27624999997,19414.7
IDN,"Bugis, Ugi",2025,Aid_LOW__Conflict_internal_HIGH__Conflict_external_LOW,0.0337496559136365,0.03374294180974763,-6.71410388887131e-06,292774488.82756096,-1965.718333999437,-38101.348750000005,20142.751250000005,58244.100000000006
IDN,"Bugis, Ugi",2025,Aid_LOW__Conflict_internal_HIGH__Conflict_external_HIGH,0.0337496559136365,0.03374294180974763,-6.71410388887131e-06,292774488.82756096,-1965.718333999437,-26937.896249999994,31306.20375000001,58244.100000000006
IDN,"Bugis, Ugi",2025,Aid_HIGH__Conflict_internal_LOW__Conflict_external_LOW,0.0337496559136365,0.033747417879006876,-2.2380346296237696e-06,292774488.82756096,-655.2394446664789,60428.25375,79842.95375,19414.7
IDN,"Bugis, Ugi",2025,Aid_HIGH__Conflict_internal_LOW__Conflict_external_HIGH,0.0337496559136365,0.033747417879006876,-2.2380346296237696e-06,292774488.82756096,-655.2394446664789,152162.71124999996,171577.41124999998,19414.7
IDN,"Bugis, Ugi",2025,Aid_HIGH__Conflict_internal_HIGH__Conflict_external_LOW,0.0337496559136365,0.03374294180974763,-6.71410388887131e-06,292774488.82756096,-1965.718333999437,-17715.91375,40528.186250000006,58244.100000000006
IDN,"Bugis, Ugi",2025,Aid_HIGH__Conflict_internal_HIGH__Conflict_external_HIGH,0.0337496559136365,0.03374294180974763,-6.71410388887131e-06,292774488.82756096,-1965.718333999437,-4610.991249999985,53633.10875000002,58244.100000000006
IDN,Jawa,2025,Aid_LOW,0.3713869098156411,0.3713869447008235,3.4885182409178035e-08,292774488.82756096,10.213491447503321,14561.025,14561.025,0.0
IDN,Jawa,2025,Aid_HIGH,0.3713869098156411,0.37138699121440005,8.139875895474873e-08,292774488.82756096,23.831480044174413,33975.725,33975.725,0.0
IDN,Jawa,2025,Conflict_internal_LOW,0.3713869098156411,0.3713622821048495,-2.462771079157962e-05,292774488.82756096,-7210.36543799773,-19414.7,0.0,19414.7
IDN,Jawa,2025,Conflict_internal_HIGH,0.3713869098156411,0.3713130266832664,-7.388313237473887e-05,292774488.82756096,-21631.096313993192,-58244.100000000006,0.0,58244.100000000006
IDN,Jawa,2025,Conflict_external_LOW,0.3713869098156411,0.37138702609958246,1.1628394136392677e-07,292774488.82756096,34.044971491677735,48536.75,48536.75,0.0
IDN,Jawa,2025,Conflict_external_HIGH,0.3713869098156411,0.3713872586674652,3.488518240917803e-07,292774488.82756096,102.1349144750332,145610.25,145610.25,0.0
IDN,Jawa,2025,Aid_LOW__Conflict_internal_LOW,0.3713869098156411,0.3713623169900319,-2.459282560917044e-05,292774488.82756096,-7200.151946550226,-4853.675000000001,14561.025,19414.7
IDN,Jawa,2025,Aid_LOW__Conflict_internal_HIGH,0.3713869098156411,0.3713130615684488,-7.384824719232969e-05,292774488.82756096,-21620.88282254569,-43683.075000000004,14561.025,58244.100000000006
IDN,Jawa,2025,Aid_HIGH__Conflict_internal_LOW,0.3713869098156411,0.37136236350360846,-2.4546312032624872e-05,292774488.82756096,-7186.533957953556,14561.024999999998,33975.725,19414.7
IDN,Jawa,2025,Aid_HIGH__Conflict_internal_HIGH,0.3713869098156411,0.37131310808202533,-7.380173361578412e-05,292774488.82756096,-21607.26483394902,-24268.375000000007,33975.725,58244.100000000006
IDN,Jawa,2025,Aid_LOW__Conflict_external_LOW,0.3713869098156411,0.3713870784273561,1.686117149776938e-07,292774488.82756096,49.36520866293271,70378.28749999999,70378.28749999999,0.0
IDN,Jawa,2025,Aid_LOW__Conflict_external_HIGH,0.3713869098156411,0.3713873458804212,4.3606478011472535e-07,292774488.82756096,127.66864309379149,182012.81249999997,182012.81249999997,0.0
IDN,Jawa,2025,Aid_HIGH__Conflict_external_LOW,0.3713869098156411,0.3713871481977209,2.3838207979604987e-07,292774488.82756096,69.79219155793935,99500.3375,99500.3375,0.0
IDN,Jawa,2025,Aid_HIGH__Conflict_external_HIGH,0.3713869098156411,0.3713874621643626,5.523487214786523e-07,292774488.82756096,161.71361458546926,230549.56250000003,230549.56250000003,0.0
IDN,Jawa,2025,Conflict_internal_LOW__Conflict_external_LOW,0.3713869098156411,0.37136236350360846,-2.4546312032624872e-05,292774488.82756096,-7186.533957953556,14561.024999999998,33975.725,19414.7
IDN,Jawa,2025,Conflict_internal_LOW__Conflict_external_HIGH,0.3713869098156411,0.37136252630112637,-2.4383514514715376e-05,292774488.82756096,-7138.870997865207,82512.47499999999,101927.17499999999,19414.7
IDN,Jawa,2025,Conflict_internal_HIGH__Conflict_external_LOW,0.3713869098156411,0.3713130383116605,-7.387150398060247e-05,292774488.82756096,-21627.691816844024,-53390.425,4853.675000000005,58244.100000000006
IDN,Jawa,2025,Conflict_internal_HIGH__Conflict_external_HIGH,0.3713869098156411,0.3713130615684488,-7.384824719232969e-05,292774488.82756096,-21620.88282254569,-43683.075,14561.025000000012,58244.100000000006
IDN,Jawa,2025,Aid_LOW__Conflict_internal_LOW__Conflict_external_LOW,0.3713869098156411,0.3713624105986047,-2.449921703637248e-05,292774488.82756096,-7172.745744499426,34218.40875,53633.10875,19414.7
IDN,Jawa,2025,Aid_LOW__Conflict_internal_LOW__Conflict_external_HIGH,0.3713869098156411,0.3713625978157503,-2.431199989077656e-05,292774488.82756096,-7117.933340397824,112362.57624999997,131777.27624999997,19414.7
IDN,Jawa,2025,Aid_LOW__Conflict_internal_HIGH__Conflict_external_LOW,0.3713869098156411,0.37131307494110205,-7.383487453907284e-05,292774488.82756096,-21616.967650824146,-38101.348750000005,20142.751250000005,58244.100000000006
IDN,Jawa,2025,Aid_LOW__Conflict_internal_HIGH__Conflict_external_HIGH,0.3713869098156411,0.3713131016864085,-7.380812923255914e-05,292774488.82756096,-21609.13730738106,-26937.896249999994,31306.20375000001,58244.100000000006
IDN,Jawa,2025,Aid_HIGH__Conflict_internal_LOW__Conflict_external_LOW,0.3713869098156411,0.37136247339193307,-2.443642370803596e-05,292774488.82756096,-7154.36145989392,60428.25375,79842.95375,19414.7
IDN,Jawa,2025,Aid_HIGH__Conflict_internal_LOW__Conflict_external_HIGH,0.3713869098156411,0.3713626931685822,-2.421664705885814e-05,292774488.82756096,-7090.016463774649,152162.71124999996,171577.41124999998,19414.7
IDN,Jawa,2025,Aid_HIGH__Conflict_internal_HIGH__Conflict_external_LOW,0.3713869098156411,0.3713131237803574,-7.37860352837e-05,292774488.82756096,-21602.668762797643,-17715.91375,40528.186250000006,58244.100000000006
IDN,Jawa,2025,Aid_HIGH__Conflict_internal_HIGH__Conflict_external_HIGH,0.3713869098156411,0.37131315517702157,-7.375463861953173e-05,292774488.82756096,-21593.476620494886,-4610.991249999985,53633.10875000002,58244.100000000006
IDN,Madura,2025,Aid_LOW,0.0301091972587025,0.030109221926919696,2.4668217194753193e-08,292774488.82756096,7.222224679481116,14561.025,14561.025,0.0
IDN,Madura,2025,Aid_HIGH,0.0301091972587025,0.030109254817875956,5.755917345442411e-08,292774488.82756096,16.851857585455935,33975.725,33975.725,0.0
IDN,Madura,2025,Conflict_internal_LOW,0.0301091972587025,0.03010720063312778,-1.996625574719483e-06,292774488.82756096,-584.5610320185317,-19414.7,0.0,19414.7
IDN,Madura,2025,Conflict_internal_HIGH,0.0301091972587025,0.03010320738197834,-5.989876724158448e-06,292774488.82756096,-1753.6830960555951,-58244.100000000006,0.0,58244.100000000006
IDN,Madura,2025,Conflict_external_LOW,0.0301091972587025,0.03010927948609315,8.222739064917731e-08,292774488.82756096,24.074082264937054,48536.75,48536.75,0.0
IDN,Madura,2025,Conflict_external_HIGH,0.0301091972587025,0.030109443940874447,2.466821719475319e-07,292774488.82756096,72.22224679481116,145610.25,145610.25,0.0
IDN,Madura,2025,Aid_LOW__Conflict_internal_LOW,0.0301091972587025,0.030107225301344978,-1.97195735752473e-06,292774488.82756096,-577.3388073390506,-4853.675000000001,14561.025,19414.7
IDN,Madura,2025,Aid_LOW__Conflict_internal_HIGH,0.0301091972587025,0.030103232050195536,-5.965208506963695e-06,292774488.82756096,-1746.460871376114,-43683.075000000004,14561.025,58244.100000000006
IDN,Madura,2025,Aid_HIGH__Conflict_internal_LOW,0.0301091972587025,0.030107258192301235,-1.939066401265059e-06,292774488.82756096,-567.7091744330758,14561.024999999998,33975.725,19414.7
IDN,Madura,2025,Aid_HIGH__Conflict_internal_HIGH,0.0301091972587025,0.030103264941151796,-5.932317550704024e-06,292774488.82756096,-1736.8312384701392,-24268.375000000007,33975.725,58244.100000000006
IDN,Madura,2025,Aid_LOW__Conflict_external_LOW,0.0301091972587025,0.03010931648841894,1.1922971644130707e-07,292774488.82756096,34.90741928415872,70378.28749999999,70378.28749999999,0.0
IDN,Madura,2025,Aid_LOW__Conflict_external_HIGH,0.0301091972587025,0.030109505611417436,3.0835271493441485e-07,292774488.82756096,90.27780849351393,182012.81249999997,182012.81249999997,0.0
IDN,Madura,2025,Aid_HIGH__Conflict_external_LOW,0.0301091972587025,0.03010936582485333,1.6856615083081347e-07,292774488.82756096,49.35186864312095,99500.3375,99500.3375,0.0
IDN,Madura,2025,Aid_HIGH__Conflict_external_HIGH,0.0301091972587025,0.030109587838808086,3.905801055835923e-07,292774488.82756096,114.35189075845102,230549.56250000003,230549.56250000003,0.0
IDN,Madura,2025,Conflict_internal_LOW__Conflict_external_LOW,0.0301091972587025,0.030107258192301235,-1.939066401265059e-06,292774488.82756096,-567.7091744330758,14561.024999999998,33975.725,19414.7
IDN,Madura,2025,Conflict_internal_LOW__Conflict_external_HIGH,0.0301091972587025,0.030107373310648146,-1.8239480543562104e-06,292774488.82756096,-534.0054592621639,82512.47499999999,101927.17499999999,19414.7
IDN,Madura,2025,Conflict_internal_HIGH__Conflict_external_LOW,0.0301091972587025,0.030103215604717407,-5.98165398509353e-06,292774488.82756096,-1751.2756878291013,-53390.425,4853.675000000005,58244.100000000006
IDN,Madura,2025,Conflict_internal_HIGH__Conflict_external_HIGH,0.0301091972587025,0.030103232050195536,-5.965208506963695e-06,292774488.82756096,-1746.460871376114,-43683.075,14561.025000000012,58244.100000000006
IDN,Madura,2025,Aid_LOW__Conflict_internal_LOW__Conflict_external_LOW,0.0301091972587025,0.03010729149439445,-1.9057643080521418e-06,292774488.82756096,-557.9591711157763,34218.40875,53633.10875,19414.7
IDN,Madura,2025,Aid_LOW__Conflict_internal_LOW__Conflict_external_HIGH,0.0301091972587025,0.030107423880493395,-1.7733782091069666e-06,292774488.82756096,-519.1998986692277,112362.57624999997,131777.27624999997,19414.7
IDN,Madura,2025,Aid_LOW__Conflict_internal_HIGH__Conflict_external_LOW,0.0301091972587025,0.03010324150634546,-5.955752357039039e-06,292774488.82756096,-1743.6923519156462,-38101.348750000005,20142.751250000005,58244.100000000006
IDN,Madura,2025,Aid_LOW__Conflict_internal_HIGH__Conflict_external_HIGH,0.0301091972587025,0.030103260418645313,-5.936840057189729e-06,292774488.82756096,-1738.1553129947108,-26937.896249999994,31306.20375000001,58244.100000000006
IDN,Madura,2025,Aid_HIGH__Conflict_internal_LOW__Conflict_external_LOW,0.0301091972587025,0.030107335897185398,-1.861361517101586e-06,292774488.82756096,-544.9591666927103,60428.25375,79842.95375,19414.7
IDN,Madura,2025,Aid_HIGH__Conflict_internal_LOW__Conflict_external_HIGH,0.0301091972587025,0.030107491306953726,-1.7059517487746412e-06,292774488.82756096,-499.45915121197925,152162.71124999996,171577.41124999998,19414.7
IDN,Madura,2025,Aid_HIGH__Conflict_internal_HIGH__Conflict_external_LOW,0.0301091972587025,0.030103276041849536,-5.921216852966386e-06,292774488.82756096,-1733.5812373643728,-17715.91375,40528.186250000006,58244.100000000006
IDN,Madura,2025,Aid_HIGH__Conflict_internal_HIGH__Conflict_external_HIGH,0.0301091972587025,0.03010329824324501,-5.899015457491107e-06,292774488.82756096,-1727.0812351528396,-4610.991249999985,53633.10875000002,58244.100000000006
IDN,Minangkabau,2025,Aid_LOW,0.0317253804608265,0.0317253804608265,0.0,292774488.82756096,0.0,14561.025,14561.025,0.0
IDN,Minangkabau,2025,Aid_HIGH,0.0317253804608265,0.0317253804608265,0.0,292774488.82756096,0.0,33975.725,33975.725,0.0
IDN,Minangkabau,2025,Conflict_internal_LOW,0.0317253804608265,0.03172327666159693,-2.1037992295687544e-06,292774488.82756096,-615.9387440328086,-19414.7,0.0,19414.7
IDN,Minangkabau,2025,Conflict_internal_HIGH,0.0317253804608265,0.031719069063137796,-6.311397688706262e-06,292774488.82756096,-1847.8162320984256,-58244.100000000006,0.0,58244.100000000006
IDN,Minangkabau,2025,Conflict_external_LOW,0.0317253804608265,0.0317253804608265,0.0,292774488.82756096,0.0,48536.75,48536.75,0.0
IDN,Minangkabau,2025,Conflict_external_HIGH,0.0317253804608265,0.0317253804608265,0.0,292774488.82756096,0.0,145610.25,145610.25,0.0
IDN,Minangkabau,2025,Aid_LOW__Conflict_internal_LOW,0.0317253804608265,0.03172327666159693,-2.1037992295687544e-06,292774488.82756096,-615.9387440328086,-4853.675000000001,14561.025,19414.7
IDN,Minangkabau,2025,Aid_LOW__Conflict_internal_HIGH,0.0317253804608265,0.031719069063137796,-6.311397688706262e-06,292774488.82756096,-1847.8162320984256,-43683.075000000004,14561.025,58244.100000000006
IDN,Minangkabau,2025,Aid_HIGH__Conflict_internal_LOW,0.0317253804608265,0.03172327666159693,-2.1037992295687544e-06,292774488.82756096,-615.9387440328086,14561.024999999998,33975.725,19414.7
IDN,Minangkabau,2025,Aid_HIGH__Conflict_internal_HIGH,0.0317253804608265,0.031719069063137796,-6.311397688706262e-06,292774488.82756096,-1847.8162320984256,-24268.375000000007,33975.725,58244.100000000006
IDN,Minangkabau,2025,Aid_LOW__Conflict_external_LOW,0.0317253804608265,0.0317253804608265,0.0,292774488.82756096,0.0,70378.28749999999,70378.28749999999,0.0
IDN,Minangkabau,2025,Aid_LOW__Conflict_external_HIGH,0.0317253804608265,0.0317253804608265,0.0,292774488.82756096,0.0,182012.81249999997,182012.81249999997,0.0
IDN,Minangkabau,2025,Aid_HIGH__Conflict_external_LOW,0.0317253804608265,0.0317253804608265,0.0,292774488.82756096,0.0,99500.3375,99500.3375,0.0
IDN,Minangkabau,2025,Aid_HIGH__Conflict_external_HIGH,0.0317253804608265,0.0317253804608265,0.0,292774488.82756096,0.0,230549.56250000003,230549.56250000003,0.0
IDN,Minangkabau,2025,Conflict_internal_LOW__Conflict_external_LOW,0.0317253804608265,0.03172327666159693,-2.1037992295687544e-06,292774488.82756096,-615.9387440328086,14561.024999999998,33975.725,19414.7
IDN,Minangkabau,2025,Conflict_internal_LOW__Conflict_external_HIGH,0.0317253804608265,0.03172327666159693,-2.1037992295687544e-06,292774488.82756096,-615.9387440328086,82512.47499999999,101927.17499999999,19414.7
IDN,Minangkabau,2025,Conflict_internal_HIGH__Conflict_external_LOW,0.0317253804608265,0.031719069063137796,-6.311397688706262e-06,292774488.82756096,-1847.8162320984256,-53390.425,4853.675000000005,58244.100000000006
IDN,Minangkabau,2025,Conflict_internal_HIGH__Conflict_external_HIGH,0.0317253804608265,0.031719069063137796,-6.311397688706262e-06,292774488.82756096,-1847.8162320984256,-43683.075,14561.025000000012,58244.100000000006
IDN,Minangkabau,2025,Aid_LOW__Conflict_internal_LOW__Conflict_external_LOW,0.0317253804608265,0.03172327666159693,-2.1037992295687544e-06,292774488.82756096,-615.9387440328086,34218.40875,53633.10875,19414.7
IDN,Minangkabau,2025,Aid_LOW__Conflict_internal_LOW__Conflict_external_HIGH,0.0317253804608265,0.03172327666159693,-2.1037992295687544e-06,292774488.82756096,-615.9387440328086,112362.57624999997,131777.27624999997,19414.7
IDN,Minangkabau,2025,Aid_LOW__Conflict_internal_HIGH__Conflict_external_LOW,0.0317253804608265,0.031719069063137796,-6.311397688706262e-06,292774488.82756096,-1847.8162320984256,-38101.348750000005,20142.751250000005,58244.100000000006
IDN,Minangkabau,2025,Aid_LOW__Conflict_internal_HIGH__Conflict_external_HIGH,0.0317253804608265,0.031719069063137796,-6.311397688706262e-06,292774488.82756096,-1847.8162320984256,-26937.896249999994,31306.20375000001,58244.100000000006
IDN,Minangkabau,2025,Aid_HIGH__Conflict_internal_LOW__Conflict_external_LOW,0.0317253804608265,0.03172327666159693,-2.1037992295687544e-06,292774488.82756096,-615.9387440328086,60428.25375,79842.95375,19414.7
IDN,Minangkabau,2025,Aid_HIGH__Conflict_internal_LOW__Conflict_external_HIGH,0.0317253804608265,0.03172327666159693,-2.1037992295687544e-06,292774488.82756096,-615.9387440328086,152162.71124999996,171577.41124999998,19414.7
IDN,Minangkabau,2025,Aid_HIGH__Conflict_internal_HIGH__Conflict_external_LOW,0.0317253804608265,0.031719069063137796,-6.311397688706262e-06,292774488.82756096,-1847.8162320984256,-17715.91375,40528.186250000006,58244.100000000006
IDN,Minangkabau,2025,Aid_HIGH__Conflict_internal_HIGH__Conflict_external_HIGH,0.0317253804608265,0.031719069063137796,-6.311397688706262e-06,292774488.82756096,-1847.8162320984256,-4610.991249999985,53633.10875000002,58244.100000000006
IDN,Other,2025,Aid_LOW,0.2470683233118385,0.24711794903193693,4.9625720098418354e-05,292774488.82756096,14529.144834514052,14561.025,14561.025,0.0
IDN,Other,2025,Aid_HIGH,0.2470683233118385,0.24718411665873483,0.0001157933468963095,292774488.82756096,33901.337947199456,33975.725,33975.725,0.0
IDN,Other,2025,Conflict_internal_LOW,0.2470683233118385,0.24705193951625642,-1.6383795582092395e-05,292774488.82756096,-4796.757376602352,-19414.7,0.0,19414.7
IDN,Other,2025,Conflict_internal_HIGH,0.2470683233118385,0.24701917192509223,-4.915138674627719e-05,292774488.82756096,-14390.27212980706,-58244.100000000006,0.0,58244.100000000006
IDN,Other,2025,Conflict_external_LOW,0.2470683233118385,0.24723374237883322,0.00016541906699472786,292774488.82756096,48430.48278171351,48536.75,48536.75,0.0
IDN,Other,2025,Conflict_external_HIGH,0.2470683233118385,0.24756458051282268,0.0004962572009841836,292774488.82756096,145291.44834514052,145610.25,145610.25,0.0
IDN,Other,2025,Aid_LOW__Conflict_internal_LOW,0.2470683233118385,0.24710156523635482,3.324192451632596e-05,292774488.82756096,9732.3874579117,-4853.675000000001,14561.025,19414.7
IDN,Other,2025,Aid_LOW__Conflict_internal_HIGH,0.2470683233118385,0.24706879764519066,4.743333521411659e-07,292774488.82756096,138.87270470699332,-43683.075000000004,14561.025,58244.100000000006
IDN,Other,2025,Aid_HIGH__Conflict_internal_LOW,0.2470683233118385,0.24716773286315272,9.940955131421711e-05,292774488.82756096,29104.580570597103,14561.024999999998,33975.725,19414.7
IDN,Other,2025,Aid_HIGH__Conflict_internal_HIGH,0.2470683233118385,0.24713496527198853,6.66419601500323e-05,292774488.82756096,19511.065817392395,-24268.375000000007,33975.725,58244.100000000006
IDN,Other,2025,Aid_LOW__Conflict_external_LOW,0.2470683233118385,0.24730818095898086,0.00023985764714235536,292774488.82756096,70224.20003348458,70378.28749999999,70378.28749999999,0.0
IDN,Other,2025,Aid_LOW__Conflict_external_HIGH,0.2470683233118385,0.24768864481306874,0.0006203215012302294,292774488.82756096,181614.31043142563,182012.81249999997,182012.81249999997,0.0
IDN,Other,2025,Aid_HIGH__Conflict_external_LOW,0.2470683233118385,0.2474074323991777,0.00033910908733919207,292774488.82756096,99282.48970251268,99500.3375,99500.3375,0.0
IDN,Other,2025,Aid_HIGH__Conflict_external_HIGH,0.2470683233118385,0.24785406388006345,0.0007857405682249575,292774488.82756096,230044.7932131392,230549.56250000003,230549.56250000003,0.0
IDN,Other,2025,Conflict_internal_LOW__Conflict_external_LOW,0.2470683233118385,0.24716773286315272,9.940955131421711e-05,292774488.82756096,29104.580570597103,14561.024999999998,33975.725,19414.7
IDN,Other,2025,Conflict_internal_LOW__Conflict_external_HIGH,0.2470683233118385,0.24739931955694533,0.00033099624510683605,292774488.82756096,96907.256464996,82512.47499999999,101927.17499999999,19414.7
IDN,Other,2025,Conflict_internal_HIGH__Conflict_external_LOW,0.2470683233118385,0.2470357138317917,-3.260948004680438e-05,292774488.82756096,-9547.223851635703,-53390.425,4853.675000000005,58244.100000000006
IDN,Other,2025,Conflict_internal_HIGH__Conflict_external_HIGH,0.2470683233118385,0.24706879764519066,4.743333521412094e-07,292774488.82756096,138.87270470700605,-43683.075,14561.025000000012,58244.100000000006
IDN,Other,2025,Aid_LOW__Conflict_internal_LOW__Conflict_external_LOW,0.2470683233118385,0.24723472758528559,0.00016640427344708186,292774488.82756096,48718.92609719107,34218.40875,53633.10875,19414.7
IDN,Other,2025,Aid_LOW__Conflict_internal_LOW__Conflict_external_HIGH,0.2470683233118385,0.2475010522831471,0.0004327289713085937,292774488.82756096,126692.0033757498,112362.57624999997,131777.27624999997,19414.7
IDN,Other,2025,Aid_LOW__Conflict_internal_HIGH__Conflict_external_LOW,0.2470683233118385,0.24708782083789504,1.9497526056534887e-05,292774488.82756096,5708.378224604052,-38101.348750000005,20142.751250000005,58244.100000000006
IDN,Other,2025,Aid_LOW__Conflict_internal_HIGH__Conflict_external_HIGH,0.2470683233118385,0.24712586722330382,5.754391146532232e-05,292774488.82756096,16847.389264398167,-26937.896249999994,31306.20375000001,58244.100000000006
IDN,Other,2025,Aid_HIGH__Conflict_internal_LOW__Conflict_external_LOW,0.2470683233118385,0.24732405388146275,0.00025573056962423495,292774488.82756096,74871.38679931637,60428.25375,79842.95375,19414.7
IDN,Other,2025,Aid_HIGH__Conflict_internal_LOW__Conflict_external_HIGH,0.2470683233118385,0.24763669591808277,0.0005683726062442705,292774488.82756096,166404.99925675488,152162.71124999996,171577.41124999998,19414.7
IDN,Other,2025,Aid_HIGH__Conflict_internal_HIGH__Conflict_external_LOW,0.2470683233118385,0.24715729684603283,8.897353419432059e-05,292774488.82756096,26049.180992923728,-17715.91375,40528.186250000006,58244.100000000006
IDN,Other,2025,Aid_HIGH__Conflict_internal_HIGH__Conflict_external_HIGH,0.2470683233118385,0.2472019599941214,0.00013363668228289716,292774488.82756096,39125.41134398639,-4610.991249999985,53633.10875000002,58244.100000000006
IDN,"Sunda, Priangan",2025,Aid_LOW,0.1518830898523234,0.1518831145205406,2.4668217194753193e-08,292774488.82756096,7.222224679481116,14561.025,14561.025,0.0
IDN,"Sunda, Priangan",2025,Aid_HIGH,0.1518830898523234,0.15188314741149686,5.755917345442411e-08,292774488.82756096,16.851857585455935,33975.725,33975.725,0.0
IDN,"Sunda, Priangan",2025,Conflict_internal_LOW,0.1518830898523234,0.15187301805735123,-1.0071794972179681e-05,292774488.82756096,-2948.7646245559044,-19414.7,0.0,19414.7
IDN,"Sunda, Priangan",2025,Conflict_internal_HIGH,0.1518830898523234,0.15185287446740686,-3.021538491653904e-05,292774488.82756096,-8846.293873667713,-58244.100000000006,0.0,58244.100000000006
IDN,"Sunda, Priangan",2025,Conflict_external_LOW,0.1518830898523234,0.15188317207971405,8.222739064917731e-08,292774488.82756096,24.074082264937054,48536.75,48536.75,0.0
IDN,"Sunda, Priangan",2025,Conflict_external_HIGH,0.1518830898523234,0.15188333653449534,2.466821719475319e-07,292774488.82756096,72.22224679481116,145610.25,145610.25,0.0
IDN,"Sunda, Priangan",2025,Aid_LOW__Conflict_internal_LOW,0.1518830898523234,0.15187304272556842,-1.0047126754984927e-05,292774488.82756096,-2941.542399876423,-4853.675000000001,14561.025,19414.7
IDN,"Sunda, Priangan",2025,Aid_LOW__Conflict_internal_HIGH,0.1518830898523234,0.15185289913562405,-3.019071669934429e-05,292774488.82756096,-8839.071648988232,-43683.075000000004,14561.025,58244.100000000006
IDN,"Sunda, Priangan",2025,Aid_HIGH__Conflict_internal_LOW,0.1518830898523234,0.1518730756165247,-1.0014235798725256e-05,292774488.82756096,-2931.9127669704485,14561.024999999998,33975.725,19414.7
IDN,"Sunda, Priangan",2025,Aid_HIGH__Conflict_internal_HIGH,0.1518830898523234,0.15185293202658032,-3.0157825743084616e-05,292774488.82756096,-8829.442016082257,-24268.375000000007,33975.725,58244.100000000006
IDN,"Sunda, Priangan",2025,Aid_LOW__Conflict_external_LOW,0.1518830898523234,0.15188320908203984,1.1922971644130707e-07,292774488.82756096,34.90741928415872,70378.28749999999,70378.28749999999,0.0
IDN,"Sunda, Priangan",2025,Aid_LOW__Conflict_external_HIGH,0.1518830898523234,0.15188339820503835,3.0835271493441485e-07,292774488.82756096,90.27780849351393,182012.81249999997,182012.81249999997,0.0
IDN,"Sunda, Priangan",2025,Aid_HIGH__Conflict_external_LOW,0.1518830898523234,0.15188325841847425,1.6856615083081347e-07,292774488.82756096,49.35186864312095,99500.3375,99500.3375,0.0
IDN,"Sunda, Priangan",2025,Aid_HIGH__Conflict_external_HIGH,0.1518830898523234,0.151883480432429,3.905801055835923e-07,292774488.82756096,114.35189075845102,230549.56250000003,230549.56250000003,0.0
IDN,"Sunda, Priangan",2025,Conflict_internal_LOW__Conflict_external_LOW,0.1518830898523234,0.1518730756165247,-1.0014235798725256e-05,292774488.82756096,-2931.9127669704485,14561.024999999998,33975.725,19414.7
IDN,"Sunda, Priangan",2025,Conflict_internal_LOW__Conflict_external_HIGH,0.1518830898523234,0.1518731907348716,-9.899117451816408e-06,292774488.82756096,-2898.2090517995366,82512.47499999999,101927.17499999999,19414.7
IDN,"Sunda, Priangan",2025,Conflict_internal_HIGH__Conflict_external_LOW,0.1518830898523234,0.15185288269014593,-3.020716217747412e-05,292774488.82756096,-8843.88646544122,-53390.425,4853.675000000005,58244.100000000006
IDN,"Sunda, Priangan",2025,Conflict_internal_HIGH__Conflict_external_HIGH,0.1518830898523234,0.15185289913562405,-3.019071669934429e-05,292774488.82756096,-8839.071648988232,-43683.075,14561.025000000012,58244.100000000006
IDN,"Sunda, Priangan",2025,Aid_LOW__Conflict_internal_LOW__Conflict_external_LOW,0.1518830898523234,0.15187310891861788,-9.980933705512339e-06,292774488.82756096,-2922.162763653149,34218.40875,53633.10875,19414.7
IDN,"Sunda, Priangan",2025,Aid_LOW__Conflict_internal_LOW__Conflict_external_HIGH,0.1518830898523234,0.15187324130471683,-9.848547606567164e-06,292774488.82756096,-2883.4034912066004,112362.57624999997,131777.27624999997,19414.7
IDN,"Sunda, Priangan",2025,Aid_LOW__Conflict_internal_HIGH__Conflict_external_LOW,0.1518830898523234,0.15185290859177397,-3.0181260549419633e-05,292774488.82756096,-8836.303129527765,-38101.348750000005,20142.751250000005,58244.100000000006
IDN,"Sunda, Priangan",2025,Aid_LOW__Conflict_internal_HIGH__Conflict_external_HIGH,0.1518830898523234,0.15185292750407384,-3.0162348249570322e-05,292774488.82756096,-8830.766090606829,-26937.896249999994,31306.20375000001,58244.100000000006
IDN,"Sunda, Priangan",2025,Aid_HIGH__Conflict_internal_LOW__Conflict_external_LOW,0.1518830898523234,0.15187315332140885,-9.936530914561783e-06,292774488.82756096,-2909.162759230083,60428.25375,79842.95375,19414.7
IDN,"Sunda, Priangan",2025,Aid_HIGH__Conflict_internal_LOW__Conflict_external_HIGH,0.1518830898523234,0.15187330873117716,-9.781121146234839e-06,292774488.82756096,-2863.662743749352,152162.71124999996,171577.41124999998,19414.7
IDN,"Sunda, Priangan",2025,Aid_HIGH__Conflict_internal_HIGH__Conflict_external_LOW,0.1518830898523234,0.15185294312727807,-3.0146725045346975e-05,292774488.82756096,-8826.19201497649,-17715.91375,40528.186250000006,58244.100000000006
IDN,"Sunda, Priangan",2025,Aid_HIGH__Conflict_internal_HIGH__Conflict_external_HIGH,0.1518830898523234,0.15185296532867354,-3.01245236498717e-05,292774488.82756096,-8819.692012764957,-4610.991249999985,53633.10875000002,58244.100000000006
MYS,Chinese,2025,Aid_LOW,0.2024126036278996,0.20242821235197664,1.560872407706089e-05,34656814.73002449,540.9486585107717,42656.1,42656.1,0.0
MYS,Chinese,2025,Aid_HIGH,0.2024126036278996,0.2024490239840794,3.642035617980874e-05,34656814.73002449,1262.2135365251338,99530.9,99530.9,0.0
MYS,Chinese,2025,Conflict_internal_LOW,0.2024126036278996,0.20208042721646374,-0.0003321764114358334,34656814.73002449,-11512.176348816067,-56874.8,0.0,56874.8
MYS,Chinese,2025,Conflict_internal_HIGH,0.2024126036278996,0.20141607439359208,-0.0009965292343075004,34656814.73002449,-34536.5290464482,-170624.40000000002,0.0,170624.40000000002
MYS,Chinese,2025,Conflict_external_LOW,0.2024126036278996,0.20246463270815646,5.202908025686963e-05,34656814.73002449,1803.1621950359056,142187.0,142187.0,0.0
MYS,Chinese,2025,Conflict_external_HIGH,0.2024126036278996,0.2025686908686702,0.00015608724077060892,34656814.73002449,5409.4865851077175,426561.0,426561.0,0.0
MYS,Chinese,2025,Aid_LOW__Conflict_internal_LOW,0.2024126036278996,0.20209603594054082,-0.00031656768735877257,34656814.73002449,-10971.227690305295,-14218.700000000004,42656.1,56874.8
MYS,Chinese,2025,Aid_LOW__Conflict_internal_HIGH,0.2024126036278996,0.20143168311766915,-0.0009809205102304394,34656814.73002449,-33995.58038793743,-127968.30000000002,42656.1,170624.40000000002
MYS,Chinese,2025,Aid_HIGH__Conflict_internal_LOW,0.2024126036278996,0.20211684757264356,-0.0002957560552560247,34656814.73002449,-10249.962812290933,42656.09999999999,99530.9,56874.8
MYS,Chinese,2025,Aid_HIGH__Conflict_internal_HIGH,0.2024126036278996,0.2014524947497719,-0.0009601088781276918,34656814.73002449,-33274.31550992307,-71093.50000000003,99530.9,170624.40000000002
MYS,Chinese,2025,Aid_LOW__Conflict_external_LOW,0.2024126036278996,0.20248804579427204,7.544216637246096e-05,34656814.73002449,2614.585182802063,206171.15,206171.15,0.0
MYS,Chinese,2025,Aid_LOW__Conflict_external_HIGH,0.2024126036278996,0.20260771267886285,0.00019510905096326107,34656814.73002449,6761.858231384645,533201.2499999999,533201.2499999999,0.0
MYS,Chinese,2025,Aid_HIGH__Conflict_external_LOW,0.2024126036278996,0.20251926324242617,0.00010665961452658273,34656814.73002449,3696.4824998236063,291483.35,291483.35,0.0
MYS,Chinese,2025,Aid_HIGH__Conflict_external_HIGH,0.2024126036278996,0.20265974175911972,0.0002471381312201308,34656814.73002449,8565.020426420553,675388.2500000001,675388.2500000001,0.0
MYS,Chinese,2025,Conflict_internal_LOW__Conflict_external_LOW,0.2024126036278996,0.20211684757264356,-0.0002957560552560247,34656814.73002449,-10249.962812290933,42656.09999999999,99530.9,56874.8
MYS,Chinese,2025,Conflict_internal_LOW__Conflict_external_HIGH,0.2024126036278996,0.2021896882850032,-0.00022291534289640725,34656814.73002449,-7725.535739240666,241717.89999999997,298592.69999999995,56874.8
MYS,Chinese,2025,Conflict_internal_HIGH__Conflict_external_LOW,0.2024126036278996,0.20142127730161777,-0.0009913263262818135,34656814.73002449,-34356.21282694461,-156405.7,14218.700000000013,170624.40000000002
MYS,Chinese,2025,Conflict_internal_HIGH__Conflict_external_HIGH,0.2024126036278996,0.20143168311766915,-0.0009809205102304394,34656814.73002449,-33995.58038793743,-127968.29999999999,42656.100000000035,170624.40000000002
MYS,Chinese,2025,Aid_LOW__Conflict_internal_LOW__Conflict_external_LOW,0.2024126036278996,0.2021379193501476,-0.0002746842777519925,34656814.73002449,-9519.68212330139,100241.835,157116.635,56874.8
MYS,Chinese,2025,Aid_LOW__Conflict_internal_LOW__Conflict_external_HIGH,0.2024126036278996,0.20222168616936115,-0.00019091745853843243,34656814.73002449,-6616.590989293584,329162.9049999999,386037.7049999999,56874.8
MYS,Chinese,2025,Aid_LOW__Conflict_internal_HIGH__Conflict_external_LOW,0.2024126036278996,0.2014376664618987,-0.0009749371660008995,34656814.73002449,-33788.2167355083,-111616.79500000001,59007.60500000001,170624.40000000002
MYS,Chinese,2025,Aid_LOW__Conflict_internal_HIGH__Conflict_external_HIGH,0.2024126036278996,0.20144963315035777,-0.0009629704775418194,34656814.73002449,-33373.48943065004,-78913.78499999999,91710.61500000003,170624.40000000002
MYS,Chinese,2025,Aid_HIGH__Conflict_internal_LOW__Conflict_external_LOW,0.2024126036278996,0.2021660150534863,-0.0002465885744132829,34656814.73002449,-8545.974537982001,177022.815,233897.615,56874.8
MYS,Chinese,2025,Aid_HIGH__Conflict_internal_LOW__Conflict_external_HIGH,0.2024126036278996,0.2022643500151718,-0.00014825361272779934,34656814.73002449,-5137.997989364142,445756.2449999999,502631.04499999987,56874.8
MYS,Chinese,2025,Aid_HIGH__Conflict_internal_HIGH__Conflict_external_LOW,0.2024126036278996,0.20145951867560657,-0.0009530849522930142,34656814.73002449,-33030.88861359322,-51898.25500000002,118726.145,170624.40000000002
MYS,Chinese,2025,Aid_HIGH__Conflict_internal_HIGH__Conflict_external_HIGH,0.2024126036278996,0.20147356652727594,-0.0009390371006236593,34656814.73002449,-32544.034820933524,-13507.764999999956,157116.63500000007,170624.40000000002
MYS,Indian,2025,Aid_LOW,0.0625124194781634,0.06319893767638396,0.000686518198220562,34656814.73002449,23792.534004520247,42656.1,42656.1,0.0
MYS,Indian,2025,Aid_HIGH,0.0625124194781634,0.06411429527401137,0.0016018757958479782,34656814.73002449,55515.912677213906,99530.9,99530.9,0.0
MYS,Indian,2025,Conflict_internal_LOW,0.0625124194781634,0.062409831246006665,-0.00010258823215673339,34656814.73002449,-3555.3813553366494,-56874.8,0.0,56874.8
MYS,Indian,2025,Conflict_internal_HIGH,0.0625124194781634,0.062204654781693194,-0.0003077646964702002,34656814.73002449,-10666.144066009949,-170624.40000000002,0.0,170624.40000000002
MYS,Indian,2025,Conflict_external_LOW,0.0625124194781634,0.06480081347223193,0.00228839399406854,34656814.73002449,79308.44668173415,142187.0,142187.0,0.0
MYS,Indian,2025,Conflict_external_HIGH,0.0625124194781634,0.06937760146036902,0.006865181982205621,34656814.73002449,237925.34004520247,426561.0,426561.0,0.0
MYS,Indian,2025,Aid_LOW__Conflict_internal_LOW,0.0625124194781634,0.06309634944422722,0.0005839299660638287,34656814.73002449,20237.152649183598,-14218.700000000004,42656.1,56874.8
MYS,Indian,2025,Aid_LOW__Conflict_internal_HIGH,0.0625124194781634,0.06289117297991376,0.0003787535017503619,34656814.73002449,13126.389938510298,-127968.30000000002,42656.1,170624.40000000002
MYS,Indian,2025,Aid_HIGH__Conflict_internal_LOW,0.0625124194781634,0.06401170704185465,0.0014992875636912447,34656814.73002449,51960.53132187726,42656.09999999999,99530.9,56874.8
MYS,Indian,2025,Aid_HIGH__Conflict_internal_HIGH,0.0625124194781634,0.06380653057754118,0.001294111099377778,34656814.73002449,44849.76861120396,-71093.50000000003,99530.9,170624.40000000002
MYS,Indian,2025,Aid_LOW__Conflict_external_LOW,0.0625124194781634,0.06583059076956278,0.0033181712913993833,34656814.73002449,114997.24768851452,206171.15,206171.15,0.0
MYS,Indian,2025,Aid_LOW__Conflict_external_HIGH,0.0625124194781634,0.07109389695592042,0.008581477477757024,34656814.73002449,297406.675056503,533201.2499999999,533201.2499999999,0.0
MYS,Indian,2025,Aid_HIGH__Conflict_external_LOW,0.0625124194781634,0.06720362716600391,0.004691207687840507,34656814.73002449,162582.315697555,291483.35,291483.35,0.0
MYS,Indian,2025,Aid_HIGH__Conflict_external_HIGH,0.0625124194781634,0.07338229094998897,0.010869871471825568,34656814.73002449,376715.12173823727,675388.2500000001,675388.2500000001,0.0
MYS,Indian,2025,Conflict_internal_LOW__Conflict_external_LOW,0.0625124194781634,0.06401170704185465,0.0014992875636912447,34656814.73002449,51960.53132187726,42656.09999999999,99530.9,56874.8
MYS,Indian,2025,Conflict_internal_LOW__Conflict_external_HIGH,0.0625124194781634,0.06721545863355059,0.0047030391553872,34656814.73002449,162992.35667630503,241717.89999999997,298592.69999999995,56874.8
MYS,Indian,2025,Conflict_internal_HIGH__Conflict_external_LOW,0.0625124194781634,0.06243349418110005,-7.892529706334593e-05,34656814.73002449,-2735.2993978365257,-156405.7,14218.700000000013,170624.40000000002
MYS,Indian,2025,Conflict_internal_HIGH__Conflict_external_HIGH,0.0625124194781634,0.06289117297991376,0.0003787535017503624,34656814.73002449,13126.389938510316,-127968.29999999999,42656.100000000035,170624.40000000002
MYS,Indian,2025,Aid_LOW__Conflict_internal_LOW__Conflict_external_LOW,0.0625124194781634,0.0649385066094524,0.0024260871312890035,34656814.73002449,84080.4522279796,100241.835,157116.635,56874.8
MYS,Indian,2025,Aid_LOW__Conflict_internal_LOW__Conflict_external_HIGH,0.0625124194781634,0.06862282093990275,0.006110401461739351,34656814.73002449,211767.0513855715,329162.9049999999,386037.7049999999,56874.8
MYS,Indian,2025,Aid_LOW__Conflict_internal_HIGH__Conflict_external_LOW,0.0625124194781634,0.06315433828923164,0.0006419188110682443,34656814.73002449,22246.861306909734,-111616.79500000001,59007.60500000001,170624.40000000002
MYS,Indian,2025,Aid_LOW__Conflict_internal_HIGH__Conflict_external_HIGH,0.0625124194781634,0.0636806689078674,0.0011682494297040088,34656814.73002449,40487.8040437086,-78913.78499999999,91710.61500000003,170624.40000000002
MYS,Indian,2025,Aid_HIGH__Conflict_internal_LOW__Conflict_external_LOW,0.0625124194781634,0.06617423936624942,0.003661819888086015,34656814.73002449,126907.01343611603,177022.815,233897.615,56874.8
MYS,Indian,2025,Aid_HIGH__Conflict_internal_LOW__Conflict_external_HIGH,0.0625124194781634,0.07049930401503895,0.007986884536875556,34656814.73002449,276799.97766459355,445756.2449999999,502631.04499999987,56874.8
MYS,Indian,2025,Aid_HIGH__Conflict_internal_HIGH__Conflict_external_LOW,0.0625124194781634,0.06411546376674043,0.001603044288577031,34656814.73002449,55556.408913238076,-51898.25500000002,118726.145,170624.40000000002
MYS,Indian,2025,Aid_HIGH__Conflict_internal_HIGH__Conflict_external_HIGH,0.0625124194781634,0.06473333014513893,0.0022209106669755377,34656814.73002449,76969.68951730632,-13507.764999999956,157116.63500000007,170624.40000000002
MYS,Malay,2025,Aid_LOW,0.5148221738398489,0.5148353797857048,1.3205945855941308e-05,34656814.73002449,457.67601886409255,42656.1,42656.1,0.0
MYS,Malay,2025,Aid_HIGH,0.5148221738398489,0.5148529877135127,3.0813873663863054e-05,34656814.73002449,1067.9107106828826,99530.9,99530.9,0.0
MYS,Malay,2025,Conflict_internal_LOW,0.5148221738398489,0.513977306577788,-0.000844867262060871,34656814.73002449,-29280.40817270665,-56874.8,0.0,56874.8
MYS,Malay,2025,Conflict_internal_HIGH,0.5148221738398489,0.5122875720536663,-0.002534601786182613,34656814.73002449,-87841.22451811995,-170624.40000000002,0.0,170624.40000000002
MYS,Malay,2025,Conflict_external_LOW,0.5148221738398489,0.5148661936593687,4.401981951980436e-05,34656814.73002449,1525.5867295469752,142187.0,142187.0,0.0
MYS,Malay,2025,Conflict_external_HIGH,0.5148221738398489,0.5149542332984083,0.0001320594585594131,34656814.73002449,4576.760188640926,426561.0,426561.0,0.0
MYS,Malay,2025,Aid_LOW__Conflict_internal_LOW,0.5148221738398489,0.5139905125236439,-0.0008316613162049297,34656814.73002449,-28822.73215384256,-14218.700000000004,42656.1,56874.8
MYS,Malay,2025,Aid_LOW__Conflict_internal_HIGH,0.5148221738398489,0.5123007779995222,-0.0025213958403266716,34656814.73002449,-87383.54849925586,-127968.30000000002,42656.1,170624.40000000002
MYS,Malay,2025,Aid_HIGH__Conflict_internal_LOW,0.5148221738398489,0.5140081204514518,-0.0008140533883970079,34656814.73002449,-28212.49746202377,42656.09999999999,99530.9,56874.8
MYS,Malay,2025,Aid_HIGH__Conflict_internal_HIGH,0.5148221738398489,0.5123183859273301,-0.0025037879125187497,34656814.73002449,-86773.31380743707,-71093.50000000003,99530.9,170624.40000000002
MYS,Malay,2025,Aid_LOW__Conflict_external_LOW,0.5148221738398489,0.5148860025781525,6.382873830371633e-05,34656814.73002449,2212.100757843114,206171.15,206171.15,0.0
MYS,Malay,2025,Aid_LOW__Conflict_external_HIGH,0.5148221738398489,0.5149872481630481,0.0001650743231992663,34656814.73002449,5720.950235801156,533201.2499999999,533201.2499999999,0.0
MYS,Malay,2025,Aid_HIGH__Conflict_external_LOW,0.5148221738398489,0.5149124144698645,9.024063001559892e-05,34656814.73002449,3127.452795571299,291483.35,291483.35,0.0
MYS,Malay,2025,Aid_HIGH__Conflict_external_HIGH,0.5148221738398489,0.5150312679825679,0.00020909414271907077,34656814.73002449,7246.536965348134,675388.2500000001,675388.2500000001,0.0
MYS,Malay,2025,Conflict_internal_LOW__Conflict_external_LOW,0.5148221738398489,0.5140081204514518,-0.0008140533883970079,34656814.73002449,-28212.49746202377,42656.09999999999,99530.9,56874.8
MYS,Malay,2025,Conflict_internal_LOW__Conflict_external_HIGH,0.5148221738398489,0.5140697481987796,-0.0007524256410692818,34656814.73002449,-26076.676040658003,241717.89999999997,298592.69999999995,56874.8
MYS,Malay,2025,Conflict_internal_HIGH__Conflict_external_LOW,0.5148221738398489,0.5122919740356182,-0.0025301998042306325,34656814.73002449,-87688.66584516526,-156405.7,14218.700000000013,170624.40000000002
MYS,Malay,2025,Conflict_internal_HIGH__Conflict_external_HIGH,0.5148221738398489,0.5123007779995222,-0.0025213958403266716,34656814.73002449,-87383.54849925586,-127968.29999999999,42656.100000000035,170624.40000000002
MYS,Malay,2025,Aid_LOW__Conflict_internal_LOW__Conflict_external_LOW,0.5148221738398489,0.5140259484783574,-0.0007962253614914871,34656814.73002449,-27594.634836557245,100241.835,157116.635,56874.8
MYS,Malay,2025,Aid_LOW__Conflict_internal_LOW__Conflict_external_HIGH,0.5148221738398489,0.5140968203877843,-0.0007253534520646021,34656814.73002449,-25138.440201986614,329162.9049999999,386037.7049999999,56874.8
MYS,Malay,2025,Aid_LOW__Conflict_internal_HIGH__Conflict_external_LOW,0.5148221738398489,0.5123058402787669,-0.0025163335610818944,34656814.73002449,-87208.10602535796,-111616.79500000001,59007.60500000001,170624.40000000002
MYS,Malay,2025,Aid_LOW__Conflict_internal_HIGH__Conflict_external_HIGH,0.5148221738398489,0.5123159648372565,-0.002506209002592339,34656814.73002449,-86857.22107756215,-78913.78499999999,91710.61500000003,170624.40000000002
MYS,Malay,2025,Aid_HIGH__Conflict_internal_LOW__Conflict_external_LOW,0.5148221738398489,0.514049719180898,-0.0007724546589507928,34656814.73002449,-26770.818002601878,177022.815,233897.615,56874.8
MYS,Malay,2025,Aid_HIGH__Conflict_internal_LOW__Conflict_external_HIGH,0.5148221738398489,0.5141329166397904,-0.0006892572000583625,34656814.73002449,-23887.459083758094,445756.2449999999,502631.04499999987,56874.8
MYS,Malay,2025,Aid_HIGH__Conflict_internal_HIGH__Conflict_external_LOW,0.5148221738398489,0.5123243286029653,-0.0024978452368835764,34656814.73002449,-86567.35959894823,-51898.25500000002,118726.145,170624.40000000002
MYS,Malay,2025,Aid_HIGH__Conflict_internal_HIGH__Conflict_external_HIGH,0.5148221738398489,0.5123362139542357,-0.0024859598856132293,34656814.73002449,-86155.45118197055,-13507.764999999956,157116.63500000007,170624.40000000002
MYS,Non-Malaysian citizens,2025,Aid_LOW,0.0922756456785267,0.09279108912607337,0.0005154434475466686,34656814.73002449,17863.62806542999,42656.1,42656.1,0.0
MYS,Non-Malaysian citizens,2025,Aid_HIGH,0.0922756456785267,0.09347834705613559,0.0012027013776088936,34656814.73002449,41681.79881933665,99530.9,99530.9,0.0
MYS,Non-Malaysian citizens,2025,Conflict_internal_LOW,0.0922756456785267,0.09212421344409545,-0.00015143223443123862,34656814.73002449,-5248.158892837072,-56874.8,0.0,56874.8
MYS,Non-Malaysian citizens,2025,Conflict_internal_HIGH,0.0922756456785267,0.09182134897523297,-0.0004542967032937159,34656814.73002449,-15744.476678511217,-170624.40000000002,0.0,170624.40000000002
MYS,Non-Malaysian citizens,2025,Conflict_external_LOW,0.0922756456785267,0.09399379050368226,0.0017181448251555626,34656814.73002449,59545.426884766646,142187.0,142187.0,0.0
MYS,Non-Malaysian citizens,2025,Conflict_external_HIGH,0.0922756456785267,0.09743008015399339,0.005154434475466688,34656814.73002449,178636.28065429995,426561.0,426561.0,0.0
MYS,Non-Malaysian citizens,2025,Aid_LOW__Conflict_internal_LOW,0.0922756456785267,0.09263965689164212,0.00036401121311543006,34656814.73002449,12615.469172592919,-14218.700000000004,42656.1,56874.8
MYS,Non-Malaysian citizens,2025,Aid_LOW__Conflict_internal_HIGH,0.0922756456785267,0.09233679242277965,6.11467442529528e-05,34656814.73002449,2119.1513869187747,-127968.30000000002,42656.1,170624.40000000002
MYS,Non-Malaysian citizens,2025,Aid_HIGH__Conflict_internal_LOW,0.0922756456785267,0.09332691482170435,0.0010512691431776551,34656814.73002449,36433.63992649958,42656.09999999999,99530.9,56874.8
MYS,Non-Malaysian citizens,2025,Aid_HIGH__Conflict_internal_HIGH,0.0922756456785267,0.09302405035284188,0.0007484046743151777,34656814.73002449,25937.322140825432,-71093.50000000003,99530.9,170624.40000000002
MYS,Non-Malaysian citizens,2025,Aid_LOW__Conflict_external_LOW,0.0922756456785267,0.09476695567500226,0.0024913099964755654,34656814.73002449,86340.86898291163,206171.15,206171.15,0.0
MYS,Non-Malaysian citizens,2025,Aid_LOW__Conflict_external_HIGH,0.0922756456785267,0.09871868877286005,0.006443043094333358,34656814.73002449,223295.35081787486,533201.2499999999,533201.2499999999,0.0
MYS,Non-Malaysian citizens,2025,Aid_HIGH__Conflict_external_LOW,0.0922756456785267,0.0957978425700956,0.003522196891568903,34656814.73002449,122068.12511377162,291483.35,291483.35,0.0
MYS,Non-Malaysian citizens,2025,Aid_HIGH__Conflict_external_HIGH,0.0922756456785267,0.10043683359801561,0.008161187919488923,34656814.73002449,282840.7777026416,675388.2500000001,675388.2500000001,0.0
MYS,Non-Malaysian citizens,2025,Conflict_internal_LOW__Conflict_external_LOW,0.0922756456785267,0.09332691482170435,0.0010512691431776551,34656814.73002449,36433.63992649958,42656.09999999999,99530.9,56874.8
MYS,Non-Malaysian citizens,2025,Conflict_internal_LOW__Conflict_external_HIGH,0.0922756456785267,0.09573231757692213,0.0034566718983954415,34656814.73002449,119797.23756517285,241717.89999999997,298592.69999999995,56874.8
MYS,Non-Malaysian citizens,2025,Conflict_internal_HIGH__Conflict_external_LOW,0.0922756456785267,0.09199316345774854,-0.0002824822207781595,34656814.73002449,-9789.933990034548,-156405.7,14218.700000000013,170624.40000000002
MYS,Non-Malaysian citizens,2025,Conflict_internal_HIGH__Conflict_external_HIGH,0.0922756456785267,0.09233679242277965,6.114674425295323e-05,34656814.73002449,2119.1513869187893,-127968.29999999999,42656.100000000035,170624.40000000002
MYS,Non-Malaysian citizens,2025,Aid_LOW__Conflict_internal_LOW__Conflict_external_LOW,0.0922756456785267,0.09402276347589235,0.001747117797365658,34656814.73002449,60549.53781483007,100241.835,157116.635,56874.8
MYS,Non-Malaysian citizens,2025,Aid_LOW__Conflict_internal_LOW__Conflict_external_HIGH,0.0922756456785267,0.09678897664439282,0.004513330965866112,34656814.73002449,156417.67509930432,329162.9049999999,386037.7049999999,56874.8
MYS,Non-Malaysian citizens,2025,Aid_LOW__Conflict_internal_HIGH__Conflict_external_LOW,0.0922756456785267,0.09253437907767254,0.0002587333991458426,34656814.73002449,8966.875478666943,-111616.79500000001,59007.60500000001,170624.40000000002
MYS,Non-Malaysian citizens,2025,Aid_LOW__Conflict_internal_HIGH__Conflict_external_HIGH,0.0922756456785267,0.09292955238745831,0.0006539067089316223,34656814.73002449,22662.323662163282,-78913.78499999999,91710.61500000003,170624.40000000002
MYS,Non-Malaysian citizens,2025,Aid_HIGH__Conflict_internal_LOW__Conflict_external_LOW,0.0922756456785267,0.09495056168147636,0.002674916002949661,34656814.73002449,92704.06833260405,177022.815,233897.615,56874.8
MYS,Non-Malaysian citizens,2025,Aid_HIGH__Conflict_internal_LOW__Conflict_external_HIGH,0.0922756456785267,0.09819785540102037,0.005922209722493674,34656814.73002449,205244.92514481297,445756.2449999999,502631.04499999987,56874.8
MYS,Non-Malaysian citizens,2025,Aid_HIGH__Conflict_internal_HIGH__Conflict_external_LOW,0.0922756456785267,0.09325599990423787,0.000980354225711179,34656814.73002449,33975.95477026894,-51898.25500000002,118726.145,170624.40000000002
MYS,Non-Malaysian citizens,2025,Aid_HIGH__Conflict_internal_HIGH__Conflict_external_HIGH,0.0922756456785267,0.09371989900702987,0.0014442533285031816,34656814.73002449,50053.22002915596,-13507.764999999956,157116.63500000007,170624.40000000002
MYS,Other,2025,Aid_LOW,0.0106776629240913,0.0106776629240913,0.0,34656814.73002449,0.0,42656.1,42656.1,0.0
MYS,Other,2025,Aid_HIGH,0.0106776629240913,0.0106776629240913,0.0,34656814.73002449,0.0,99530.9,99530.9,0.0
MYS,Other,2025,Conflict_internal_LOW,0.0106776629240913,0.010660139965100235,-1.7522958991063602e-05,34656814.73002449,-607.289943275108,-56874.8,0.0,56874.8
MYS,Other,2025,Conflict_internal_HIGH,0.0106776629240913,0.010625094047118108,-5.256887697319081e-05,34656814.73002449,-1821.8698298253244,-170624.40000000002,0.0,170624.40000000002
MYS,Other,2025,Conflict_external_LOW,0.0106776629240913,0.0106776629240913,0.0,34656814.73002449,0.0,142187.0,142187.0,0.0
MYS,Other,2025,Conflict_external_HIGH,0.0106776629240913,0.0106776629240913,0.0,34656814.73002449,0.0,426561.0,426561.0,0.0
MYS,Other,2025,Aid_LOW__Conflict_internal_LOW,0.0106776629240913,0.010660139965100235,-1.7522958991063602e-05,34656814.73002449,-607.289943275108,-14218.700000000004,42656.1,56874.8
MYS,Other,2025,Aid_LOW__Conflict_internal_HIGH,0.0106776629240913,0.010625094047118108,-5.256887697319081e-05,34656814.73002449,-1821.8698298253244,-127968.30000000002,42656.1,170624.40000000002
MYS,Other,2025,Aid_HIGH__Conflict_internal_LOW,0.0106776629240913,0.010660139965100235,-1.7522958991063602e-05,34656814.73002449,-607.289943275108,42656.09999999999,99530.9,56874.8
MYS,Other,2025,Aid_HIGH__Conflict_internal_HIGH,0.0106776629240913,0.010625094047118108,-5.256887697319081e-05,34656814.73002449,-1821.8698298253244,-71093.50000000003,99530.9,170624.40000000002
MYS,Other,2025,Aid_LOW__Conflict_external_LOW,0.0106776629240913,0.0106776629240913,0.0,34656814.73002449,0.0,206171.15,206171.15,0.0
MYS,Other,2025,Aid_LOW__Conflict_external_HIGH,0.0106776629240913,0.0106776629240913,0.0,34656814.73002449,0.0,533201.2499999999,533201.2499999999,0.0
MYS,Other,2025,Aid_HIGH__Conflict_external_LOW,0.0106776629240913,0.0106776629240913,0.0,34656814.73002449,0.0,291483.35,291483.35,0.0
MYS,Other,2025,Aid_HIGH__Conflict_external_HIGH,0.0106776629240913,0.0106776629240913,0.0,34656814.73002449,0.0,675388.2500000001,675388.2500000001,0.0
MYS,Other,2025,Conflict_internal_LOW__Conflict_external_LOW,0.0106776629240913,0.010660139965100235,-1.7522958991063602e-05,34656814.73002449,-607.289943275108,42656.09999999999,99530.9,56874.8
MYS,Other,2025,Conflict_internal_LOW__Conflict_external_HIGH,0.0106776629240913,0.010660139965100235,-1.7522958991063602e-05,34656814.73002449,-607.289943275108,241717.89999999997,298592.69999999995,56874.8
MYS,Other,2025,Conflict_internal_HIGH__Conflict_external_LOW,0.0106776629240913,0.010625094047118108,-5.256887697319081e-05,34656814.73002449,-1821.8698298253244,-156405.7,14218.700000000013,170624.40000000002
MYS,Other,2025,Conflict_internal_HIGH__Conflict_external_HIGH,0.0106776629240913,0.010625094047118108,-5.256887697319081e-05,34656814.73002449,-1821.8698298253244,-127968.29999999999,42656.100000000035,170624.40000000002
MYS,Other,2025,Aid_LOW__Conflict_internal_LOW__Conflict_external_LOW,0.0106776629240913,0.010660139965100235,-1.7522958991063602e-05,34656814.73002449,-607.289943275108,100241.835,157116.635,56874.8
MYS,Other,2025,Aid_LOW__Conflict_internal_LOW__Conflict_external_HIGH,0.0106776629240913,0.010660139965100235,-1.7522958991063602e-05,34656814.73002449,-607.289943275108,329162.9049999999,386037.7049999999,56874.8
MYS,Other,2025,Aid_LOW__Conflict_internal_HIGH__Conflict_external_LOW,0.0106776629240913,0.010625094047118108,-5.256887697319081e-05,34656814.73002449,-1821.8698298253244,-111616.79500000001,59007.60500000001,170624.40000000002
MYS,Other,2025,Aid_LOW__Conflict_internal_HIGH__Conflict_external_HIGH,0.0106776629240913,0.010625094047118108,-5.256887697319081e-05,34656814.73002449,-1821.8698298253244,-78913.78499999999,91710.61500000003,170624.40000000002
MYS,Other,2025,Aid_HIGH__Conflict_internal_LOW__Conflict_external_LOW,0.0106776629240913,0.010660139965100235,-1.7522958991063602e-05,34656814.73002449,-607.289943275108,177022.815,233897.615,56874.8
MYS,Other,2025,Aid_HIGH__Conflict_internal_LOW__Conflict_external_HIGH,0.0106776629240913,0.010660139965100235,-1.7522958991063602e-05,34656814.73002449,-607.289943275108,445756.2449999999,502631.04499999987,56874.8
MYS,Other,2025,Aid_HIGH__Conflict_internal_HIGH__Conflict_external_LOW,0.0106776629240913,0.010625094047118108,-5.256887697319081e-05,34656814.73002449,-1821.8698298253244,-51898.25500000002,118726.145,170624.40000000002
MYS,Other,2025,Aid_HIGH__Conflict_internal_HIGH__Conflict_external_HIGH,0.0106776629240913,0.010625094047118108,-5.256887697319081e-05,34656814.73002449,-1821.8698298253244,-13507.764999999956,157116.63500000007,170624.40000000002
MYS,Other Bumi,2025,Aid_LOW,0.1172994944514699,0.11729953234452743,3.789305754513051e-08,34656814.73002449,1.3132526748957445,42656.1,42656.1,0.0
MYS,Other Bumi,2025,Aid_HIGH,0.1172994944514699,0.11729958286860416,8.841713427197119e-08,34656814.73002449,3.064256241423404,99530.9,99530.9,0.0
MYS,Other Bumi,2025,Conflict_internal_LOW,0.1172994944514699,0.1171069959388686,-0.00019249851260129782,34656814.73002449,-6671.385287028463,-56874.8,0.0,56874.8
MYS,Other Bumi,2025,Conflict_internal_HIGH,0.1172994944514699,0.116721998913666,-0.0005774955378038936,34656814.73002449,-20014.15586108539,-170624.40000000002,0.0,170624.40000000002
MYS,Other Bumi,2025,Conflict_external_LOW,0.1172994944514699,0.11729962076166171,1.2631019181710172e-07,34656814.73002449,4.377508916319149,142187.0,142187.0,0.0
MYS,Other Bumi,2025,Conflict_external_HIGH,0.1172994944514699,0.11729987338204534,3.789305754513051e-07,34656814.73002449,13.132526748957446,426561.0,426561.0,0.0
MYS,Other Bumi,2025,Aid_LOW__Conflict_internal_LOW,0.1172994944514699,0.11710703383192614,-0.00019246061954375268,34656814.73002449,-6670.072034353567,-14218.700000000004,42656.1,56874.8
MYS,Other Bumi,2025,Aid_LOW__Conflict_internal_HIGH,0.1172994944514699,0.11672203680672355,-0.0005774576447463484,34656814.73002449,-20012.842608410494,-127968.30000000002,42656.1,170624.40000000002
MYS,Other Bumi,2025,Aid_HIGH__Conflict_internal_LOW,0.1172994944514699,0.11710708435600287,-0.00019241009546702587,34656814.73002449,-6668.3210307870395,42656.09999999999,99530.9,56874.8
MYS,Other Bumi,2025,Aid_HIGH__Conflict_internal_HIGH,0.1172994944514699,0.11672208733080028,-0.0005774071206696215,34656814.73002449,-20011.091604843965,-71093.50000000003,99530.9,170624.40000000002
MYS,Other Bumi,2025,Aid_LOW__Conflict_external_LOW,0.1172994944514699,0.11729967760124803,1.8314977813479747e-07,34656814.73002449,6.347387928662766,206171.15,206171.15,0.0
MYS,Other Bumi,2025,Aid_LOW__Conflict_external_HIGH,0.1172994944514699,0.11729996811468921,4.7366321931413127e-07,34656814.73002449,16.415658436196804,533201.2499999999,533201.2499999999,0.0
MYS,Other Bumi,2025,Aid_HIGH__Conflict_external_LOW,0.1172994944514699,0.11729975338736312,2.5893589322505845e-07,34656814.73002449,8.973893278454254,291483.35,291483.35,0.0
MYS,Other Bumi,2025,Aid_HIGH__Conflict_external_HIGH,0.1172994944514699,0.11730009442488103,5.999734111312332e-07,34656814.73002449,20.79316735251596,675388.2500000001,675388.2500000001,0.0
MYS,Other Bumi,2025,Conflict_internal_LOW__Conflict_external_LOW,0.1172994944514699,0.11710708435600287,-0.00019241009546702587,34656814.73002449,-6668.3210307870395,42656.09999999999,99530.9,56874.8
MYS,Other Bumi,2025,Conflict_internal_LOW__Conflict_external_HIGH,0.1172994944514699,0.11710726119027141,-0.0001922332611984819,34656814.73002449,-6662.192518304192,241717.89999999997,298592.69999999995,56874.8
MYS,Other Bumi,2025,Conflict_internal_HIGH__Conflict_external_LOW,0.1172994944514699,0.11672201154468519,-0.0005774829067847118,34656814.73002449,-20013.718110193757,-156405.7,14218.700000000013,170624.40000000002
MYS,Other Bumi,2025,Conflict_internal_HIGH__Conflict_external_HIGH,0.1172994944514699,0.11672203680672355,-0.0005774576447463484,34656814.73002449,-20012.842608410494,-127968.29999999999,42656.100000000035,170624.40000000002
MYS,Other Bumi,2025,Aid_LOW__Conflict_internal_LOW__Conflict_external_LOW,0.1172994944514699,0.11710713551163056,-0.0001923589398393399,34656814.73002449,-6666.54813967593,100241.835,157116.635,56874.8
MYS,Other Bumi,2025,Aid_LOW__Conflict_internal_LOW__Conflict_external_HIGH,0.1172994944514699,0.11710733887103938,-0.0001921555804305144,34656814.73002449,-6659.500350320656,329162.9049999999,386037.7049999999,56874.8
MYS,Other Bumi,2025,Aid_LOW__Conflict_internal_HIGH__Conflict_external_LOW,0.1172994944514699,0.1167220513323956,-0.0005774431190742895,34656814.73002449,-20012.339194885117,-111616.79500000001,59007.60500000001,170624.40000000002
MYS,Other Bumi,2025,Aid_LOW__Conflict_internal_HIGH__Conflict_external_HIGH,0.1172994944514699,0.11672208038373973,-0.0005774140677301716,34656814.73002449,-20011.332367834366,-78913.78499999999,91710.61500000003,170624.40000000002
MYS,Other Bumi,2025,Aid_HIGH__Conflict_internal_LOW__Conflict_external_LOW,0.1172994944514699,0.11710720371913413,-0.0001922907323357587,34656814.73002449,-6664.184284861118,177022.815,233897.615,56874.8
MYS,Other Bumi,2025,Aid_HIGH__Conflict_internal_LOW__Conflict_external_HIGH,0.1172994944514699,0.11710744244539667,-0.00019205200607322434,34656814.73002449,-6655.910793009274,445756.2449999999,502631.04499999987,56874.8
MYS,Other Bumi,2025,Aid_HIGH__Conflict_internal_HIGH__Conflict_external_LOW,0.1172994944514699,0.11672210438267616,-0.0005773900687937262,34656814.73002449,-20010.500641140265,-51898.25500000002,118726.145,170624.40000000002
MYS,Other Bumi,2025,Aid_HIGH__Conflict_internal_HIGH__Conflict_external_HIGH,0.1172994944514699,0.11672213848642796,-0.0005773559650419356,34656814.73002449,-20009.318713732857,-13507.764999999956,157116.63500000007,170624.40000000002
USA,American Indian and Alaska native,2025,Aid_LOW,0.0167794538549485,0.016781149285757222,1.6954308087231163e-06,344775875.6153538,584.5436416227599,414451.575,414451.575,0.0
USA,American Indian and Alaska native,2025,Aid_HIGH,0.0167794538549485,0.016783409860168855,3.956005220353938e-06,344775875.6153538,1363.9351637864395,967053.6749999999,967053.6749999999,0.0
USA,American Indian and Alaska native,2025,Conflict_internal_LOW,0.0167794538549485,0.01675255997375525,-2.689388119324876e-05,344775875.6153538,-9272.361437097637,-552602.1,0.0,552602.1
USA,American Indian and Alaska native,2025,Conflict_internal_HIGH,0.0167794538549485,0.016698772211368753,-8.068164357974631e-05,344775875.6153538,-27817.08431129292,-1657806.3000000003,0.0,1657806.3000000003
USA,American Indian and Alaska native,2025,Conflict_external_LOW,0.0167794538549485,0.016785105290977577,5.6514360290770545e-06,344775875.6153538,1948.4788054091996,1381505.25,1381505.25,0.0
USA,American Indian and Alaska native,2025,Conflict_external_HIGH,0.0167794538549485,0.016796408163035733,1.6954308087231163e-05,344775875.6153538,5845.436416227599,4144515.75,4144515.75,0.0
USA,American Indian and Alaska native,2025,Aid_LOW__Conflict_internal_LOW,0.0167794538549485,0.016754255404563975,-2.5198450384525642e-05,344775875.6153538,-8687.817795474877,-138150.52499999997,414451.575,552602.1
USA,American Indian and Alaska native,2025,Aid_LOW__Conflict_internal_HIGH,0.0167794538549485,0.016700467642177478,-7.898621277102319e-05,344775875.6153538,-27232.54066967016,-1243354.7250000003,414451.575,1657806.3000000003
USA,American Indian and Alaska native,2025,Aid_HIGH__Conflict_internal_LOW,0.0167794538549485,0.016756515978975605,-2.293787597289482e-05,344775875.6153538,-7908.426273311198,414451.57499999995,967053.6749999999,552602.1
USA,American Indian and Alaska native,2025,Aid_HIGH__Conflict_internal_HIGH,0.0167794538549485,0.016702728216589108,-7.672563835939237e-05,344775875.6153538,-26453.149147506483,-690752.6250000003,967053.6749999999,1657806.3000000003
USA,American Indian and Alaska native,2025,Aid_LOW__Conflict_external_LOW,0.0167794538549485,0.01678764843719066,8.194582242161727e-06,344775875.6153538,2825.294267843339,2003182.6125,2003182.6125,0.0
USA,American Indian and Alaska native,2025,Aid_LOW__Conflict_external_HIGH,0.0167794538549485,0.01680064674005754,2.119288510903895e-05,344775875.6153538,7306.795520284497,5180644.687499999,5180644.687499999,0.0
USA,American Indian and Alaska native,2025,Aid_HIGH__Conflict_external_LOW,0.0167794538549485,0.016791039298808107,1.158544385960796e-05,344775875.6153538,3994.3815510888585,2832085.7624999997,2832085.7624999997,0.0
USA,American Indian and Alaska native,2025,Aid_HIGH__Conflict_external_HIGH,0.0167794538549485,0.01680629817608662,2.684432113811601e-05,344775875.6153538,9255.2743256937,6562149.937500001,6562149.937500001,0.0
USA,American Indian and Alaska native,2025,Conflict_internal_LOW__Conflict_external_LOW,0.0167794538549485,0.016756515978975605,-2.293787597289482e-05,344775875.6153538,-7908.426273311198,414451.57499999995,967053.6749999999,552602.1
USA,American Indian and Alaska native,2025,Conflict_internal_LOW__Conflict_external_HIGH,0.0167794538549485,0.016764427989416315,-1.5025865532186946e-05,344775875.6153538,-5180.555945738319,2348558.9249999993,2901161.0249999994,552602.1
USA,American Indian and Alaska native,2025,Conflict_internal_HIGH__Conflict_external_LOW,0.0167794538549485,0.01669933735497166,-8.01164999768386e-05,344775875.6153538,-27622.236430752,-1519655.7750000001,138150.5250000001,1657806.3000000003
USA,American Indian and Alaska native,2025,Conflict_internal_HIGH__Conflict_external_HIGH,0.0167794538549485,0.016700467642177478,-7.898621277102319e-05,344775875.6153538,-27232.54066967016,-1243354.7249999999,414451.57500000036,1657806.3000000003
USA,American Indian and Alaska native,2025,Aid_LOW__Conflict_internal_LOW__Conflict_external_LOW,0.0167794538549485,0.016758804810567383,-2.0649044381118614e-05,344775875.6153538,-7119.292357120472,973961.20125,1526563.30125,552602.1
USA,American Indian and Alaska native,2025,Aid_LOW__Conflict_internal_LOW__Conflict_external_HIGH,0.0167794538549485,0.016767903622574198,-1.155023237430456e-05,344775875.6153538,-3982.2414804116615,3198184.653749999,3750786.753749999,552602.1
USA,American Indian and Alaska native,2025,Aid_LOW__Conflict_internal_HIGH__Conflict_external_LOW,0.0167794538549485,0.016701117557320823,-7.833629762767933e-05,344775875.6153538,-27008.465607048103,-1084481.6212500003,573324.6787500001,1657806.3000000003
USA,American Indian and Alaska native,2025,Aid_LOW__Conflict_internal_HIGH__Conflict_external_HIGH,0.0167794538549485,0.01670241738760751,-7.70364673409916e-05,344775875.6153538,-26560.315481803987,-766735.41375,891070.8862500003,1657806.3000000003
USA,American Indian and Alaska native,2025,Aid_HIGH__Conflict_internal_LOW__Conflict_external_LOW,0.0167794538549485,0.016761856586023083,-1.7597268925417008e-05,344775875.6153538,-6067.113802199505,1719974.03625,2272576.13625,552602.1
USA,American Indian and Alaska native,2025,Aid_HIGH__Conflict_internal_LOW__Conflict_external_HIGH,0.0167794538549485,0.01677253780011804,-6.9160548304613776e-06,344775875.6153538,-2384.488859976119,4331018.958749999,4883621.058749999,552602.1
USA,American Indian and Alaska native,2025,Aid_HIGH__Conflict_internal_HIGH__Conflict_external_LOW,0.0167794538549485,0.016703491160453034,-7.596269449546696e-05,344775875.6153538,-26190.10450877624,-504249.41625000024,1153556.88375,1657806.3000000003
USA,American Indian and Alaska native,2025,Aid_HIGH__Conflict_internal_HIGH__Conflict_external_HIGH,0.0167794538549485,0.016705017048180885,-7.443680676761616e-05,344775875.6153538,-25664.015231315756,-131242.9987499998,1526563.3012500005,1657806.3000000003
USA,Asian,2025,Aid_LOW,0.0665410112393391,0.06731389885980482,0.0007728876204657154,344775875.6153538,266473.00609833427,414451.575,414451.575,0.0
USA,Asian,2025,Aid_HIGH,0.0665410112393391,0.06834441568709243,0.0018034044477533357,344775875.6153538,621770.3475627799,967053.6749999999,967053.6749999999,0.0
USA,Asian,2025,Conflict_internal_LOW,0.0665410112393391,0.06643436020848796,-0.0001066510308511414,344775875.6153538,-36770.70254698239,-552602.1,0.0,552602.1
USA,Asian,2025,Conflict_internal_HIGH,0.0665410112393391,0.06622105814678568,-0.00031995309255342433,344775875.6153538,-110312.10764094722,-1657806.3000000003,0.0,1657806.3000000003
USA,Asian,2025,Conflict_external_LOW,0.0665410112393391,0.06911730330755815,0.002576292068219051,344775875.6153538,888243.3536611142,1381505.25,1381505.25,0.0
USA,Asian,2025,Conflict_external_HIGH,0.0665410112393391,0.07426988744399625,0.007728876204657153,344775875.6153538,2664730.0609833426,4144515.75,4144515.75,0.0
USA,Asian,2025,Aid_LOW__Conflict_internal_LOW,0.0665410112393391,0.06720724782895368,0.0006662365896145739,344775875.6153538,229702.30355135188,-138150.52499999997,414451.575,552602.1
USA,Asian,2025,Aid_LOW__Conflict_internal_HIGH,0.0665410112393391,0.06699394576725139,0.00045293452791229103,344775875.6153538,156160.89845738705,-1243354.7250000003,414451.575,1657806.3000000003
USA,Asian,2025,Aid_HIGH__Conflict_internal_LOW,0.0665410112393391,0.06823776465624129,0.001696753416902194,344775875.6153538,584999.6450157975,414451.57499999995,967053.6749999999,552602.1
USA,Asian,2025,Aid_HIGH__Conflict_internal_HIGH,0.0665410112393391,0.06802446259453901,0.0014834513551999114,344775875.6153538,511458.2399218327,-690752.6250000003,967053.6749999999,1657806.3000000003
USA,Asian,2025,Aid_LOW__Conflict_external_LOW,0.0665410112393391,0.07027663473825672,0.003735623498917624,344775875.6153538,1287952.8628086157,2003182.6125,2003182.6125,0.0
USA,Asian,2025,Aid_LOW__Conflict_external_HIGH,0.0665410112393391,0.07620210649516054,0.00966109525582144,344775875.6153538,3330912.576229178,5180644.687499999,5180644.687499999,0.0
USA,Asian,2025,Aid_HIGH__Conflict_external_LOW,0.0665410112393391,0.07182240997918815,0.005281398739849055,344775875.6153538,1820898.875005284,2832085.7624999997,2832085.7624999997,0.0
USA,Asian,2025,Aid_HIGH__Conflict_external_HIGH,0.0665410112393391,0.07877839856337959,0.012237387324040496,344775875.6153538,4219155.929890294,6562149.937500001,6562149.937500001,0.0
USA,Asian,2025,Conflict_internal_LOW__Conflict_external_LOW,0.0665410112393391,0.06823776465624129,0.001696753416902194,344775875.6153538,584999.6450157975,414451.57499999995,967053.6749999999,552602.1
USA,Asian,2025,Conflict_internal_LOW__Conflict_external_HIGH,0.0665410112393391,0.07184457355174796,0.005303562312408865,344775875.6153538,1828540.3401413572,2348558.9249999993,2901161.0249999994,552602.1
USA,Asian,2025,Conflict_internal_HIGH__Conflict_external_LOW,0.0665410112393391,0.06647868735360758,-6.232388573151899e-05,344775875.6153538,-21487.77227483572,-1519655.7750000001,138150.5250000001,1657806.3000000003
USA,Asian,2025,Conflict_internal_HIGH__Conflict_external_HIGH,0.0665410112393391,0.06699394576725139,0.0004529345279122917,344775875.6153538,156160.8984573873,-1243354.7249999999,414451.57500000036,1657806.3000000003
USA,Asian,2025,Aid_LOW__Conflict_internal_LOW__Conflict_external_LOW,0.0665410112393391,0.06928116294387002,0.00274015170453091,344775875.6153538,944738.2032485488,973961.20125,1526563.30125,552602.1
USA,Asian,2025,Aid_LOW__Conflict_internal_LOW__Conflict_external_HIGH,0.0665410112393391,0.07342899317370269,0.006887981934363581,344775875.6153538,2374810.002642942,3198184.653749999,3750786.753749999,552602.1
USA,Asian,2025,Aid_LOW__Conflict_internal_HIGH__Conflict_external_LOW,0.0665410112393391,0.06729021935509659,0.0007492081157574821,344775875.6153538,258308.88412841526,-1084481.6212500003,573324.6787500001,1657806.3000000003
USA,Asian,2025,Aid_LOW__Conflict_internal_HIGH__Conflict_external_HIGH,0.0665410112393391,0.06788276653078697,0.0013417552914478644,344775875.6153538,462604.85547047167,-766735.41375,891070.8862500003,1657806.3000000003
USA,Asian,2025,Aid_HIGH__Conflict_internal_LOW__Conflict_external_LOW,0.0665410112393391,0.0706723606607083,0.004131349421369198,344775875.6153538,1424389.6142255506,1719974.03625,2272576.13625,552602.1
USA,Asian,2025,Aid_HIGH__Conflict_internal_LOW__Conflict_external_HIGH,0.0665410112393391,0.0755415526696423,0.009000541430303202,344775875.6153538,3103169.5526450556,4331018.958749999,4883621.058749999,552602.1
USA,Asian,2025,Aid_HIGH__Conflict_internal_HIGH__Conflict_external_LOW,0.0665410112393391,0.06837226202374859,0.0018312507844094835,344775875.6153538,631371.0926660832,-504249.41625000024,1153556.88375,1657806.3000000003
USA,Asian,2025,Aid_HIGH__Conflict_internal_HIGH__Conflict_external_HIGH,0.0665410112393391,0.06906786088216774,0.0025268496428286283,344775875.6153538,871196.7981545844,-131242.9987499998,1526563.3012500005,1657806.3000000003
USA,Black or African American,2025,Aid_LOW,0.1230419378333744,0.12309734765343161,5.540982005720821e-05,344775875.6153538,19103.969227913156,414451.575,414451.575,0.0
USA,Black or African American,2025,Aid_HIGH,0.1230419378333744,0.12317122741350789,0.00012928958013348583,344775875.6153538,44575.92819846403,967053.6749999999,967053.6749999999,0.0
USA,Black or African American,2025,Conflict_internal_LOW,0.1230419378333744,0.12284472788324828,-0.00019720995012611676,344775875.6153538,-67993.23323479216,-552602.1,0.0,552602.1
USA,Black or African American,2025,Conflict_internal_HIGH,0.1230419378333744,0.12245030798299605,-0.0005916298503783504,344775875.6153538,-203979.69970437652,-1657806.3000000003,0.0,1657806.3000000003
USA,Black or African American,2025,Conflict_external_LOW,0.1230419378333744,0.1232266372335651,0.00018469940019069403,344775875.6153538,63679.89742637719,1381505.25,1381505.25,0.0
USA,Black or African American,2025,Conflict_external_HIGH,0.1230419378333744,0.12359603603394648,0.0005540982005720821,344775875.6153538,191039.69227913156,4144515.75,4144515.75,0.0
USA,Black or African American,2025,Aid_LOW__Conflict_internal_LOW,0.1230419378333744,0.12290013770330549,-0.00014180013006890856,344775875.6153538,-48889.264006879006,-138150.52499999997,414451.575,552602.1
USA,Black or African American,2025,Aid_LOW__Conflict_internal_HIGH,0.1230419378333744,0.12250571780305326,-0.0005362200303211421,344775875.6153538,-184875.73047646336,-1243354.7250000003,414451.575,1657806.3000000003
USA,Black or African American,2025,Aid_HIGH__Conflict_internal_LOW,0.1230419378333744,0.12297401746338177,-6.792036999263092e-05,344775875.6153538,-23417.30503632813,414451.57499999995,967053.6749999999,552602.1
USA,Black or African American,2025,Aid_HIGH__Conflict_internal_HIGH,0.1230419378333744,0.12257959756312954,-0.0004623402702448645,344775875.6153538,-159403.77150591247,-690752.6250000003,967053.6749999999,1657806.3000000003
USA,Black or African American,2025,Aid_LOW__Conflict_external_LOW,0.1230419378333744,0.1233097519636509,0.0002678141302765064,344775875.6153538,92335.85126824693,2003182.6125,2003182.6125,0.0
USA,Black or African American,2025,Aid_LOW__Conflict_external_HIGH,0.1230419378333744,0.1237345605840895,0.0006926227507151027,344775875.6153538,238799.61534891443,5180644.687499999,5180644.687499999,0.0
USA,Black or African American,2025,Aid_HIGH__Conflict_external_LOW,0.1230419378333744,0.12342057160376532,0.0003786337703909228,344775875.6153538,130543.78972407323,2832085.7624999997,2832085.7624999997,0.0
USA,Black or African American,2025,Aid_HIGH__Conflict_external_HIGH,0.1230419378333744,0.1239192599842802,0.0008773221509057968,344775875.6153538,302479.5127752917,6562149.937500001,6562149.937500001,0.0
USA,Black or African American,2025,Conflict_internal_LOW__Conflict_external_LOW,0.1230419378333744,0.12297401746338177,-6.792036999263092e-05,344775875.6153538,-23417.30503632813,414451.57499999995,967053.6749999999,552602.1
USA,Black or African American,2025,Conflict_internal_LOW__Conflict_external_HIGH,0.1230419378333744,0.12323259662364874,0.00019065879027434064,344775875.6153538,65734.5513605999,2348558.9249999993,2901161.0249999994,552602.1
USA,Black or African American,2025,Conflict_internal_HIGH__Conflict_external_LOW,0.1230419378333744,0.12246877792301512,-0.000573159910359281,344775875.6153538,-197611.7099617388,-1519655.7750000001,138150.5250000001,1657806.3000000003
USA,Black or African American,2025,Conflict_internal_HIGH__Conflict_external_HIGH,0.1230419378333744,0.12250571780305326,-0.0005362200303211421,344775875.6153538,-184875.73047646333,-1243354.7249999999,414451.57500000036,1657806.3000000003
USA,Black or African American,2025,Aid_LOW__Conflict_internal_LOW__Conflict_external_LOW,0.1230419378333744,0.123048820720459,6.882887084600173e-06,344775875.6153538,2373.0534213546343,973961.20125,1526563.30125,552602.1
USA,Black or African American,2025,Aid_LOW__Conflict_internal_LOW__Conflict_external_HIGH,0.1230419378333744,0.12334618675476602,0.0003042489213916175,344775875.6153538,104897.68827782187,3198184.653749999,3750786.753749999,552602.1
USA,Black or African American,2025,Aid_LOW__Conflict_internal_HIGH__Conflict_external_LOW,0.1230419378333744,0.1225269582340752,-0.0005149795992992123,344775875.6153538,-177552.54227242997,-1084481.6212500003,573324.6787500001,1657806.3000000003
USA,Black or African American,2025,Aid_LOW__Conflict_internal_HIGH__Conflict_external_HIGH,0.1230419378333744,0.12256943909611905,-0.0004724987372553526,344775875.6153538,-162906.1658643632,-766735.41375,891070.8862500003,1657806.3000000003
USA,Black or African American,2025,Aid_HIGH__Conflict_internal_LOW__Conflict_external_LOW,0.1230419378333744,0.12314855839656198,0.00010662056318757494,344775875.6153538,36760.19803159831,1719974.03625,2272576.13625,552602.1
USA,Black or African American,2025,Aid_HIGH__Conflict_internal_LOW__Conflict_external_HIGH,0.1230419378333744,0.12349764026292238,0.0004557024295479866,344775875.6153538,157115.20416745116,4331018.958749999,4883621.058749999,552602.1
USA,Black or African American,2025,Aid_HIGH__Conflict_internal_HIGH__Conflict_external_LOW,0.1230419378333744,0.12260453198215528,-0.00043740585121912083,344775875.6153538,-150806.98535335157,-504249.41625000024,1153556.88375,1657806.3000000003
USA,Black or African American,2025,Aid_HIGH__Conflict_internal_HIGH__Conflict_external_HIGH,0.1230419378333744,0.12265440082020677,-0.0003875370131676334,344775875.6153538,-133613.4130482297,-131242.9987499998,1526563.3012500005,1657806.3000000003
USA,Native Hawaiian and other Pacific Islander,2025,Aid_LOW,0.0080737050611109,0.008076248207323984,2.5431462130846746e-06,344775875.6153538,876.8154624341398,414451.575,414451.575,0.0
USA,Native Hawaiian and other Pacific Islander,2025,Aid_HIGH,0.0080737050611109,0.00807963906894143,5.934007830530906e-06,344775875.6153538,2045.9027456796593,967053.6749999999,967053.6749999999,0.0
USA,Native Hawaiian and other Pacific Islander,2025,Conflict_internal_LOW,0.0080737050611109,0.008060764636078006,-1.2940425032892955e-05,344775875.6153538,-4461.546371550512,-552602.1,0.0,552602.1
USA,Native Hawaiian and other Pacific Islander,2025,Conflict_internal_HIGH,0.0080737050611109,0.00803488378601222,-3.882127509867887e-05,344775875.6153538,-13384.63911465154,-1657806.3000000003,0.0,1657806.3000000003
USA,Native Hawaiian and other Pacific Islander,2025,Conflict_external_LOW,0.0080737050611109,0.008082182215154516,8.477154043615581e-06,344775875.6153538,2922.7182081137994,1381505.25,1381505.25,0.0
USA,Native Hawaiian and other Pacific Islander,2025,Conflict_external_HIGH,0.0080737050611109,0.008099136523241747,2.5431462130846744e-05,344775875.6153538,8768.154624341398,4144515.75,4144515.75,0.0
USA,Native Hawaiian and other Pacific Islander,2025,Aid_LOW__Conflict_internal_LOW,0.0080737050611109,0.008063307782291092,-1.0397278819808281e-05,344775875.6153538,-3584.7309091163725,-138150.52499999997,414451.575,552602.1
USA,Native Hawaiian and other Pacific Islander,2025,Aid_LOW__Conflict_internal_HIGH,0.0080737050611109,0.008037426932225306,-3.6278128885594194e-05,344775875.6153538,-12507.8236522174,-1243354.7250000003,414451.575,1657806.3000000003
USA,Native Hawaiian and other Pacific Islander,2025,Aid_HIGH__Conflict_internal_LOW,0.0080737050611109,0.008066698643908538,-7.006417202362048e-06,344775875.6153538,-2415.6436258708527,414451.57499999995,967053.6749999999,552602.1
USA,Native Hawaiian and other Pacific Islander,2025,Aid_HIGH__Conflict_internal_HIGH,0.0080737050611109,0.008040817793842752,-3.288726726814797e-05,344775875.6153538,-11338.73636897188,-690752.6250000003,967053.6749999999,1657806.3000000003
USA,Native Hawaiian and other Pacific Islander,2025,Aid_LOW__Conflict_external_LOW,0.0080737050611109,0.008085996934474142,1.2291873363242593e-05,344775875.6153538,4237.941401765009,2003182.6125,2003182.6125,0.0
USA,Native Hawaiian and other Pacific Islander,2025,Aid_LOW__Conflict_external_HIGH,0.0080737050611109,0.008105494388774458,3.1789327663558426e-05,344775875.6153538,10960.193280426745,5180644.687499999,5180644.687499999,0.0
USA,Native Hawaiian and other Pacific Islander,2025,Aid_HIGH__Conflict_external_LOW,0.0080737050611109,0.008091083226900312,1.737816578941194e-05,344775875.6153538,5991.572326633288,2832085.7624999997,2832085.7624999997,0.0
USA,Native Hawaiian and other Pacific Islander,2025,Aid_HIGH__Conflict_external_HIGH,0.0080737050611109,0.008113971542818075,4.026648170717402e-05,344775875.6153538,13882.911488540549,6562149.937500001,6562149.937500001,0.0
USA,Native Hawaiian and other Pacific Islander,2025,Conflict_internal_LOW__Conflict_external_LOW,0.0080737050611109,0.008066698643908538,-7.006417202362048e-06,344775875.6153538,-2415.6436258708527,414451.57499999995,967053.6749999999,552602.1
USA,Native Hawaiian and other Pacific Islander,2025,Conflict_internal_LOW__Conflict_external_HIGH,0.0080737050611109,0.0080785666595696,4.861598458699762e-06,344775875.6153538,1676.161865488465,2348558.9249999993,2901161.0249999994,552602.1
USA,Native Hawaiian and other Pacific Islander,2025,Conflict_internal_HIGH__Conflict_external_LOW,0.0080737050611109,0.008035731501416583,-3.797355969431731e-05,344775875.6153538,-13092.36729384016,-1519655.7750000001,138150.5250000001,1657806.3000000003
USA,Native Hawaiian and other Pacific Islander,2025,Conflict_internal_HIGH__Conflict_external_HIGH,0.0080737050611109,0.008037426932225306,-3.6278128885594194e-05,344775875.6153538,-12507.8236522174,-1243354.7249999999,414451.57500000036,1657806.3000000003
USA,Native Hawaiian and other Pacific Islander,2025,Aid_LOW__Conflict_internal_LOW__Conflict_external_LOW,0.0080737050611109,0.008070131891296201,-3.573169814697737e-06,344775875.6153538,-1231.9427515847638,973961.20125,1526563.30125,552602.1
USA,Native Hawaiian and other Pacific Islander,2025,Aid_LOW__Conflict_internal_LOW__Conflict_external_HIGH,0.0080737050611109,0.008083780109306424,1.0075048195523345e-05,344775875.6153538,3473.633563478452,3198184.653749999,3750786.753749999,552602.1
USA,Native Hawaiian and other Pacific Islander,2025,Aid_LOW__Conflict_internal_HIGH__Conflict_external_LOW,0.0080737050611109,0.008038401804940322,-3.5303256170578406e-05,344775875.6153538,-12171.711058284312,-1084481.6212500003,573324.6787500001,1657806.3000000003
USA,Native Hawaiian and other Pacific Islander,2025,Aid_LOW__Conflict_internal_HIGH__Conflict_external_HIGH,0.0080737050611109,0.008040351550370353,-3.3353510740546824e-05,344775875.6153538,-11499.485870418139,-766735.41375,891070.8862500003,1657806.3000000003
USA,Native Hawaiian and other Pacific Islander,2025,Aid_HIGH__Conflict_internal_LOW__Conflict_external_LOW,0.0080737050611109,0.008074709554479755,1.0044933688546772e-06,344775875.6153538,346.32508079668787,1719974.03625,2272576.13625,552602.1
USA,Native Hawaiian and other Pacific Islander,2025,Aid_HIGH__Conflict_internal_LOW__Conflict_external_HIGH,0.0080737050611109,0.008090731375622188,1.702631451128812e-05,344775875.6153538,5870.262494131766,4331018.958749999,4883621.058749999,552602.1
USA,Native Hawaiian and other Pacific Islander,2025,Aid_HIGH__Conflict_internal_HIGH__Conflict_external_LOW,0.0080737050611109,0.00804196220963864,-3.174285147225986e-05,344775875.6153538,-10944.169410876517,-504249.41625000024,1153556.88375,1657806.3000000003
USA,Native Hawaiian and other Pacific Islander,2025,Aid_HIGH__Conflict_internal_HIGH__Conflict_external_HIGH,0.0080737050611109,0.008044251041230415,-2.9454019880483655e-05,344775875.6153538,-10155.035494685791,-131242.9987499998,1526563.3012500005,1657806.3000000003
USA,Some other race,2025,Aid_LOW,0.0881276579304286,0.08833793082032279,0.0002102728898941958,344775875.6153538,72497.01973144224,414451.575,414451.575,0.0
USA,Some other race,2025,Aid_HIGH,0.0881276579304286,0.08861829467351505,0.0004906367430864569,344775875.6153538,169159.71270669857,967053.6749999999,967053.6749999999,0.0
USA,Some other race,2025,Conflict_internal_LOW,0.0881276579304286,0.08798640811486792,-0.00014124981556066788,344775875.6153538,-48699.5288404365,-552602.1,0.0,552602.1
USA,Some other race,2025,Conflict_internal_HIGH,0.0881276579304286,0.0877039084837466,-0.0004237494466820038,344775875.6153538,-146098.58652130954,-1657806.3000000003,0.0,1657806.3000000003
USA,Some other race,2025,Conflict_external_LOW,0.0881276579304286,0.08882856756340925,0.0007009096329806527,344775875.6153538,241656.7324381408,1381505.25,1381505.25,0.0
USA,Some other race,2025,Conflict_external_HIGH,0.0881276579304286,0.09023038682937055,0.002102728898941958,344775875.6153538,724970.1973144225,4144515.75,4144515.75,0.0
USA,Some other race,2025,Aid_LOW__Conflict_internal_LOW,0.0881276579304286,0.08819668100476212,6.902307433352792e-05,344775875.6153538,23797.490891005742,-138150.52499999997,414451.575,552602.1
USA,Some other race,2025,Aid_LOW__Conflict_internal_HIGH,0.0881276579304286,0.08791418137364078,-0.00021347655678780798,344775875.6153538,-73601.5667898673,-1243354.7250000003,414451.575,1657806.3000000003
USA,Some other race,2025,Aid_HIGH__Conflict_internal_LOW,0.0881276579304286,0.08847704485795438,0.000349386927525789,344775875.6153538,120460.18386626207,414451.57499999995,967053.6749999999,552602.1
USA,Some other race,2025,Aid_HIGH__Conflict_internal_HIGH,0.0881276579304286,0.08819454522683305,6.688729640445312e-05,344775875.6153538,23061.126185389032,-690752.6250000003,967053.6749999999,1657806.3000000003
USA,Some other race,2025,Aid_LOW__Conflict_external_LOW,0.0881276579304286,0.08914397689825054,0.0010163189678219465,344775875.6153538,350402.2620353042,2003182.6125,2003182.6125,0.0
USA,Some other race,2025,Aid_LOW__Conflict_external_HIGH,0.0881276579304286,0.09075606905410603,0.002628411123677447,344775875.6153538,906212.7466430279,5180644.687499999,5180644.687499999,0.0
USA,Some other race,2025,Aid_HIGH__Conflict_external_LOW,0.0881276579304286,0.08956452267803894,0.001436864747610338,344775875.6153538,495396.30149818864,2832085.7624999997,2832085.7624999997,0.0
USA,Some other race,2025,Aid_HIGH__Conflict_external_HIGH,0.0881276579304286,0.09145697868708669,0.0033293207566581005,344775875.6153538,1147869.479081169,6562149.937500001,6562149.937500001,0.0
USA,Some other race,2025,Conflict_internal_LOW__Conflict_external_LOW,0.0881276579304286,0.08847704485795438,0.000349386927525789,344775875.6153538,120460.18386626207,414451.57499999995,967053.6749999999,552602.1
USA,Some other race,2025,Conflict_internal_LOW__Conflict_external_HIGH,0.0881276579304286,0.08945831834412729,0.0013306604136987025,344775875.6153538,458779.6092796591,2348558.9249999993,2901161.0249999994,552602.1
USA,Some other race,2025,Conflict_internal_HIGH__Conflict_external_LOW,0.0881276579304286,0.08777399944704466,-0.0003536584833839384,344775875.6153538,-121932.91327749543,-1519655.7750000001,138150.5250000001,1657806.3000000003
USA,Some other race,2025,Conflict_internal_HIGH__Conflict_external_HIGH,0.0881276579304286,0.08791418137364078,-0.00021347655678780777,344775875.6153538,-73601.56678986723,-1243354.7249999999,414451.57500000036,1657806.3000000003
USA,Some other race,2025,Aid_LOW__Conflict_internal_LOW__Conflict_external_LOW,0.0881276579304286,0.08876091325931154,0.0006332553288829534,344775875.6153538,218331.1605037091,973961.20125,1526563.30125,552602.1
USA,Some other race,2025,Aid_LOW__Conflict_internal_LOW__Conflict_external_HIGH,0.0881276579304286,0.0898893777684104,0.0017617198379818037,344775875.6153538,607398.4997291156,3198184.653749999,3750786.753749999,552602.1
USA,Some other race,2025,Aid_LOW__Conflict_internal_HIGH__Conflict_external_LOW,0.0881276579304286,0.08799478598143357,-0.00013287194899503285,344775875.6153538,-45811.04255948108,-1084481.6212500003,573324.6787500001,1657806.3000000003
USA,Some other race,2025,Aid_LOW__Conflict_internal_HIGH__Conflict_external_HIGH,0.0881276579304286,0.08815599519701911,2.833726659051742e-05,344775875.6153538,9770.005901291355,-766735.41375,891070.8862500003,1657806.3000000003
USA,Some other race,2025,Aid_HIGH__Conflict_internal_LOW__Conflict_external_LOW,0.0881276579304286,0.0891394044611211,0.0010117465306925058,344775875.6153538,348825.79602030513,1719974.03625,2272576.13625,552602.1
USA,Some other race,2025,Aid_HIGH__Conflict_internal_LOW__Conflict_external_HIGH,0.0881276579304286,0.09046412366745453,0.002336465737025939,344775875.6153538,805557.0203283911,4331018.958749999,4883621.058749999,552602.1
USA,Some other race,2025,Aid_HIGH__Conflict_internal_HIGH__Conflict_external_LOW,0.0881276579304286,0.08828916802728544,0.00016151009685684122,344775875.6153538,55684.78506453804,-504249.41625000024,1153556.88375,1657806.3000000003
USA,Some other race,2025,Aid_HIGH__Conflict_internal_HIGH__Conflict_external_HIGH,0.0881276579304286,0.08847841362819021,0.00035075569776161776,344775875.6153538,120932.10282283617,-131242.9987499998,1526563.3012500005,1657806.3000000003
USA,Two or more races,2025,Aid_LOW,0.105719926510621,0.1057213910731854,1.4645625644069564e-06,344775875.6153538,504.9458405368764,414451.575,414451.575,0.0
USA,Two or more races,2025,Aid_HIGH,0.105719926510621,0.10572334382327128,3.4173126502828982e-06,344775875.6153538,1178.2069612527116,967053.6749999999,967053.6749999999,0.0
USA,Two or more races,2025,Conflict_internal_LOW,0.105719926510621,0.10555048004544317,-0.00016944646517783564,344775875.6153538,-58421.053401614845,-552602.1,0.0,552602.1
USA,Two or more races,2025,Conflict_internal_HIGH,0.105719926510621,0.10521158711508749,-0.0005083393955335071,344775875.6153538,-175263.16020484458,-1657806.3000000003,0.0,1657806.3000000003
USA,Two or more races,2025,Conflict_external_LOW,0.105719926510621,0.10572480838583569,4.881875214689855e-06,344775875.6153538,1683.152801789588,1381505.25,1381505.25,0.0
USA,Two or more races,2025,Conflict_external_HIGH,0.105719926510621,0.10573457213626507,1.4645625644069563e-05,344775875.6153538,5049.458405368764,4144515.75,4144515.75,0.0
USA,Two or more races,2025,Aid_LOW__Conflict_internal_LOW,0.105719926510621,0.10555194460800757,-0.00016798190261342868,344775875.6153538,-57916.107561077966,-138150.52499999997,414451.575,552602.1
USA,Two or more races,2025,Aid_LOW__Conflict_internal_HIGH,0.105719926510621,0.1052130516776519,-0.0005068748329691001,344775875.6153538,-174758.2143643077,-1243354.7250000003,414451.575,1657806.3000000003
USA,Two or more races,2025,Aid_HIGH__Conflict_internal_LOW,0.105719926510621,0.10555389735809344,-0.00016602915252755275,344775875.6153538,-57242.84644036213,414451.57499999995,967053.6749999999,552602.1
USA,Two or more races,2025,Aid_HIGH__Conflict_internal_HIGH,0.105719926510621,0.10521500442773778,-0.0005049220828832243,344775875.6153538,-174084.95324359188,-690752.6250000003,967053.6749999999,1657806.3000000003
USA,Two or more races,2025,Aid_LOW__Conflict_external_LOW,0.105719926510621,0.1057270052296823,7.078719061300289e-06,344775875.6153538,2440.571562594903,2003182.6125,2003182.6125,0.0
USA,Two or more races,2025,Aid_LOW__Conflict_external_HIGH,0.105719926510621,0.10573823354267609,1.830703205508695e-05,344775875.6153538,6311.823006710953,5180644.687499999,5180644.687499999,0.0
USA,Two or more races,2025,Aid_HIGH__Conflict_external_LOW,0.105719926510621,0.10572993435481111,1.0007844190114202e-05,344775875.6153538,3450.463243668655,2832085.7624999997,2832085.7624999997,0.0
USA,Two or more races,2025,Aid_HIGH__Conflict_external_HIGH,0.105719926510621,0.10574311541789078,2.3188907269776812e-05,344775875.6153538,7994.975808500544,6562149.937500001,6562149.937500001,0.0
USA,Two or more races,2025,Conflict_internal_LOW__Conflict_external_LOW,0.105719926510621,0.10555389735809344,-0.00016602915252755275,344775875.6153538,-57242.84644036213,414451.57499999995,967053.6749999999,552602.1
USA,Two or more races,2025,Conflict_internal_LOW__Conflict_external_HIGH,0.105719926510621,0.10556073198339401,-0.00015919452722698696,344775875.6153538,-54886.43251785671,2348558.9249999993,2901161.0249999994,552602.1
USA,Two or more races,2025,Conflict_internal_HIGH__Conflict_external_LOW,0.105719926510621,0.10521207530260895,-0.0005078512080120381,344775875.6153538,-175094.8449246656,-1519655.7750000001,138150.5250000001,1657806.3000000003
USA,Two or more races,2025,Conflict_internal_HIGH__Conflict_external_HIGH,0.105719926510621,0.1052130516776519,-0.0005068748329691001,344775875.6153538,-174758.2143643077,-1243354.7249999999,414451.57500000036,1657806.3000000003
USA,Two or more races,2025,Aid_LOW__Conflict_internal_LOW__Conflict_external_LOW,0.105719926510621,0.1055558745175554,-0.00016405199306560337,344775875.6153538,-56561.16955563735,973961.20125,1526563.30125,552602.1
USA,Two or more races,2025,Aid_LOW__Conflict_internal_LOW__Conflict_external_HIGH,0.105719926510621,0.10556373433665105,-0.0001561921739699527,344775875.6153538,-53851.29354475612,3198184.653749999,3750786.753749999,552602.1
USA,Two or more races,2025,Aid_LOW__Conflict_internal_HIGH__Conflict_external_LOW,0.105719926510621,0.10521361309330159,-0.0005063134173194108,344775875.6153538,-174564.6517921019,-1084481.6212500003,573324.6787500001,1657806.3000000003
USA,Two or more races,2025,Aid_LOW__Conflict_internal_HIGH__Conflict_external_HIGH,0.105719926510621,0.10521473592460097,-0.0005051905860200322,344775875.6153538,-174177.5266476903,-766735.41375,891070.8862500003,1657806.3000000003
USA,Two or more races,2025,Aid_HIGH__Conflict_internal_LOW__Conflict_external_LOW,0.105719926510621,0.10555851073017132,-0.00016141578044967083,344775875.6153538,-55652.267042670974,1719974.03625,2272576.13625,552602.1
USA,Two or more races,2025,Aid_HIGH__Conflict_internal_LOW__Conflict_external_HIGH,0.105719926510621,0.10556773747432709,-0.000152189036293907,344775875.6153538,-52471.108247288656,4331018.958749999,4883621.058749999,552602.1
USA,Two or more races,2025,Aid_HIGH__Conflict_internal_HIGH__Conflict_external_LOW,0.105719926510621,0.10521566348089176,-0.000504263029729241,344775875.6153538,-173857.72761535028,-504249.41625000024,1153556.88375,1657806.3000000003
USA,Two or more races,2025,Aid_HIGH__Conflict_internal_HIGH__Conflict_external_HIGH,0.105719926510621,0.10521698158719972,-0.0005029449234212748,344775875.6153538,-173403.2763588671,-131242.9987499998,1526563.3012500005,1657806.3000000003
USA,White,2025,Aid_LOW,0.5917163075701772,0.5918563130344539,0.00014000546427662275,344775875.6153538,48270.506536906745,414451.575,414451.575,0.0
USA,White,2025,Aid_HIGH,0.5917163075701772,0.5920429869868227,0.000326679416645453,344775875.6153538,112631.18191944907,967053.6749999999,967053.6749999999,0.0
USA,White,2025,Conflict_internal_LOW,0.5917163075701772,0.5907679126931171,-0.0009483948770601408,344775875.6153538,-326983.6741675259,-552602.1,0.0,552602.1
USA,White,2025,Conflict_internal_HIGH,0.5917163075701772,0.5888711229389968,-0.002845184631180423,344775875.6153538,-980951.0225025779,-1657806.3000000003,0.0,1657806.3000000003
USA,White,2025,Conflict_external_LOW,0.5917163075701772,0.5921829924510993,0.0004666848809220758,344775875.6153538,160901.68845635583,1381505.25,1381505.25,0.0
USA,White,2025,Conflict_external_HIGH,0.5917163075701772,0.5931163622129435,0.0014000546427662276,344775875.6153538,482705.0653690675,4144515.75,4144515.75,0.0
USA,White,2025,Aid_LOW__Conflict_internal_LOW,0.5917163075701772,0.5909079181573937,-0.000808389412783518,344775875.6153538,-278713.16763061914,-138150.52499999997,414451.575,552602.1
USA,White,2025,Aid_LOW__Conflict_internal_HIGH,0.5917163075701772,0.5890111284032734,-0.0027051791669038005,344775875.6153538,-932680.5159656712,-1243354.7250000003,414451.575,1657806.3000000003
USA,White,2025,Aid_HIGH__Conflict_internal_LOW,0.5917163075701772,0.5910945921097626,-0.0006217154604146878,344775875.6153538,-214352.49224807683,414451.57499999995,967053.6749999999,552602.1
USA,White,2025,Aid_HIGH__Conflict_internal_HIGH,0.5917163075701772,0.5891978023556422,-0.00251850521453497,344775875.6153538,-868319.8405831289,-690752.6250000003,967053.6749999999,1657806.3000000003
USA,White,2025,Aid_LOW__Conflict_external_LOW,0.5917163075701772,0.5923930006475142,0.00067669307733701,344775875.6153538,233307.44826171594,2003182.6125,2003182.6125,0.0
USA,White,2025,Aid_LOW__Conflict_external_HIGH,0.5917163075701772,0.593466375873635,0.0017500683034577839,344775875.6153538,603381.3317113342,5180644.687499999,5180644.687499999,0.0
USA,White,2025,Aid_HIGH__Conflict_external_LOW,0.5917163075701772,0.5926730115760674,0.0009567040058902554,344775875.6153538,329848.4613355294,2832085.7624999997,2832085.7624999997,0.0
USA,White,2025,Aid_HIGH__Conflict_external_HIGH,0.5917163075701772,0.5939330607545571,0.0022167531843798605,344775875.6153538,764283.0201676902,6562149.937500001,6562149.937500001,0.0
USA,White,2025,Conflict_internal_LOW__Conflict_external_LOW,0.5917163075701772,0.5910945921097626,-0.0006217154604146878,344775875.6153538,-214352.49224807683,414451.57499999995,967053.6749999999,552602.1
USA,White,2025,Conflict_internal_LOW__Conflict_external_HIGH,0.5917163075701772,0.5917479509430534,3.1643372876218144e-05,344775875.6153538,10909.871590821247,2348558.9249999993,2901161.0249999994,552602.1
USA,White,2025,Conflict_internal_HIGH__Conflict_external_LOW,0.5917163075701772,0.588917791427089,-0.0027985161430882153,344775875.6153538,-964860.8536569423,-1519655.7750000001,138150.5250000001,1657806.3000000003
USA,White,2025,Conflict_internal_HIGH__Conflict_external_HIGH,0.5917163075701772,0.5890111284032734,-0.0027051791669038,344775875.6153538,-932680.515965671,-1243354.7249999999,414451.57500000036,1657806.3000000003
USA,White,2025,Aid_LOW__Conflict_internal_LOW__Conflict_external_LOW,0.5917163075701772,0.591283599486536,-0.00043270808364124705,344775875.6153538,-149187.30842325272,973961.20125,1526563.30125,552602.1
USA,White,2025,Aid_LOW__Conflict_internal_LOW__Conflict_external_HIGH,0.5917163075701772,0.5920349621448205,0.00031865457464329473,344775875.6153538,109864.40999148006,3198184.653749999,3750786.753749999,552602.1
USA,White,2025,Aid_LOW__Conflict_internal_HIGH__Conflict_external_LOW,0.5917163075701772,0.5890647971645795,-0.0026515104055977617,344775875.6153538,-914176.8217931902,-1084481.6212500003,573324.6787500001,1657806.3000000003
USA,White,2025,Aid_LOW__Conflict_internal_HIGH__Conflict_external_HIGH,0.5917163075701772,0.5891721346871915,-0.002544172882985684,344775875.6153538,-877169.4334482283,-766735.41375,891070.8862500003,1657806.3000000003
USA,White,2025,Aid_HIGH__Conflict_internal_LOW__Conflict_external_LOW,0.5917163075701772,0.5915356093222339,-0.00018069824794332605,344775875.6153538,-62300.39665682055,1719974.03625,2272576.13625,552602.1
USA,White,2025,Aid_HIGH__Conflict_internal_LOW__Conflict_external_HIGH,0.5917163075701772,0.5924176437471766,0.0007013361769993969,344775875.6153538,241803.79452569183,4331018.958749999,4883621.058749999,552602.1
USA,White,2025,Aid_HIGH__Conflict_internal_HIGH__Conflict_external_LOW,0.5917163075701772,0.5892608048145668,-0.00245550275561049,344775875.6153538,-846598.1126415208,-504249.41625000024,1153556.88375,1657806.3000000003
USA,White,2025,Aid_HIGH__Conflict_internal_HIGH__Conflict_external_HIGH,0.5917163075701772,0.5893868097324158,-0.0023294978377615292,344775875.6153538,-803154.6567583047,-131242.9987499998,1526563.3012500005,1657806.3000000003
USA,Black or African,2025,Aid_LOW,0.0,1.2715731065423372e-05,1.2715731065423372e-05,344775875.6153538,4384.077312170699,414451.575,414451.575,0.0
USA,Black or African,2025,Aid_HIGH,0.0,2.9670039152654533e-05,2.9670039152654533e-05,344775875.6153538,10229.513728398297,967053.6749999999,967053.6749999999,0.0
USA,Black or African,2025,Conflict_internal_LOW,0.0,0.0,0.0,344775875.6153538,0.0,-552602.1,0.0,552602.1
USA,Black or African,2025,Conflict_internal_HIGH,0.0,0.0,0.0,344775875.6153538,0.0,-1657806.3000000003,0.0,1657806.3000000003
USA,Black or African,2025,Conflict_external_LOW,0.0,4.2385770218077903e-05,4.2385770218077903e-05,344775875.6153538,14613.591040568996,1381505.25,1381505.25,0.0
USA,Black or African,2025,Conflict_external_HIGH,0.0,0.0001271573106542337,0.0001271573106542337,344775875.6153538,43840.77312170699,4144515.75,4144515.75,0.0
USA,Black or African,2025,Aid_LOW__Conflict_internal_LOW,0.0,1.2715731065423372e-05,1.2715731065423372e-05,344775875.6153538,4384.077312170699,-138150.52499999997,414451.575,552602.1
USA,Black or African,2025,Aid_LOW__Conflict_internal_HIGH,0.0,1.2715731065423372e-05,1.2715731065423372e-05,344775875.6153538,4384.077312170699,-1243354.7250000003,414451.575,1657806.3000000003
USA,Black or African,2025,Aid_HIGH__Conflict_internal_LOW,0.0,2.9670039152654533e-05,2.9670039152654533e-05,344775875.6153538,10229.513728398297,414451.57499999995,967053.6749999999,552602.1
USA,Black or African,2025,Aid_HIGH__Conflict_internal_HIGH,0.0,2.9670039152654533e-05,2.9670039152654533e-05,344775875.6153538,10229.513728398297,-690752.6250000003,967053.6749999999,1657806.3000000003
USA,Black or African,2025,Aid_LOW__Conflict_external_LOW,0.0,6.145936681621297e-05,6.145936681621297e-05,344775875.6153538,21189.707008825044,2003182.6125,2003182.6125,0.0
USA,Black or African,2025,Aid_LOW__Conflict_external_HIGH,0.0,0.0001589466383177921,0.0001589466383177921,344775875.6153538,54800.96640213372,5180644.687499999,5180644.687499999,0.0
USA,Black or African,2025,Aid_HIGH__Conflict_external_LOW,0.0,8.689082894705969e-05,8.689082894705969e-05,344775875.6153538,29957.861633166438,2832085.7624999997,2832085.7624999997,0.0
USA,Black or African,2025,Aid_HIGH__Conflict_external_HIGH,0.0,0.00020133240853587004,0.00020133240853587004,344775875.6153538,69414.55744270273,6562149.937500001,6562149.937500001,0.0
USA,Black or African,2025,Conflict_internal_LOW__Conflict_external_LOW,0.0,2.9670039152654533e-05,2.9670039152654533e-05,344775875.6153538,10229.513728398297,414451.57499999995,967053.6749999999,552602.1
USA,Black or African,2025,Conflict_internal_LOW__Conflict_external_HIGH,0.0,8.901011745796358e-05,8.901011745796358e-05,344775875.6153538,30688.541185194885,2348558.9249999993,2901161.0249999994,552602.1
USA,Black or African,2025,Conflict_internal_HIGH__Conflict_external_LOW,0.0,4.238577021807793e-06,4.238577021807793e-06,344775875.6153538,1461.3591040569006,-1519655.7750000001,138150.5250000001,1657806.3000000003
USA,Black or African,2025,Conflict_internal_HIGH__Conflict_external_HIGH,0.0,1.2715731065423382e-05,1.2715731065423382e-05,344775875.6153538,4384.0773121707025,-1243354.7249999999,414451.57500000036,1657806.3000000003
USA,Black or African,2025,Aid_LOW__Conflict_internal_LOW__Conflict_external_LOW,0.0,4.683627609097608e-05,4.683627609097608e-05,344775875.6153538,16148.01809982874,973961.20125,1526563.30125,552602.1
USA,Black or African,2025,Aid_LOW__Conflict_internal_LOW__Conflict_external_HIGH,0.0,0.00011507736614208148,0.00011507736614208148,344775875.6153538,39675.899675144814,3198184.653749999,3750786.753749999,552602.1
USA,Black or African,2025,Aid_LOW__Conflict_internal_HIGH__Conflict_external_LOW,0.0,1.7590094640502333e-05,1.7590094640502333e-05,344775875.6153538,6064.640281836134,-1084481.6212500003,573324.6787500001,1657806.3000000003
USA,Black or African,2025,Aid_LOW__Conflict_internal_HIGH__Conflict_external_HIGH,0.0,2.7338821790660256e-05,2.7338821790660256e-05,344775875.6153538,9425.766221167005,-766735.41375,891070.8862500003,1657806.3000000003
USA,Black or African,2025,Aid_HIGH__Conflict_internal_LOW__Conflict_external_LOW,0.0,6.972459200873815e-05,6.972459200873815e-05,344775875.6153538,24039.357261735997,1719974.03625,2272576.13625,552602.1
USA,Black or African,2025,Aid_HIGH__Conflict_internal_LOW__Conflict_external_HIGH,0.0,0.00014983369772090534,0.00014983369772090534,344775875.6153538,51659.044328411386,4331018.958749999,4883621.058749999,552602.1
USA,Black or African,2025,Aid_HIGH__Conflict_internal_HIGH__Conflict_external_LOW,0.0,3.539211813209505e-05,3.539211813209505e-05,344775875.6153538,12202.348518875111,-504249.41625000024,1153556.88375,1657806.3000000003
USA,Black or African,2025,Aid_HIGH__Conflict_internal_HIGH__Conflict_external_HIGH,0.0,4.68362760909761e-05,4.68362760909761e-05,344775875.6153538,16148.018099828745,-131242.9987499998,1526563.3012500005,1657806.3000000003
USA,Other,2025,Aid_LOW,0.0,5.095168406153084e-06,5.095168406153084e-06,344775875.6153538,1756.6911486391164,414451.575,414451.575,0.0
USA,Other,2025,Aid_HIGH,0.0,1.1888726281023861e-05,1.1888726281023861e-05,344775875.6153538,4098.946013491271,967053.6749999999,967053.6749999999,0.0
USA,Other,2025,Conflict_internal_LOW,0.0,0.0,0.0,344775875.6153538,0.0,-552602.1,0.0,552602.1
USA,Other,2025,Conflict_internal_HIGH,0.0,0.0,0.0,344775875.6153538,0.0,-1657806.3000000003,0.0,1657806.3000000003
USA,Other,2025,Conflict_external_LOW,0.0,1.6983894687176948e-05,1.6983894687176948e-05,344775875.6153538,5855.637162130388,1381505.25,1381505.25,0.0
USA,Other,2025,Conflict_external_HIGH,0.0,5.095168406153084e-05,5.095168406153084e-05,344775875.6153538,17566.911486391164,4144515.75,4144515.75,0.0
USA,Other,2025,Aid_LOW__Conflict_internal_LOW,0.0,5.095168406153084e-06,5.095168406153084e-06,344775875.6153538,1756.6911486391164,-138150.52499999997,414451.575,552602.1
USA,Other,2025,Aid_LOW__Conflict_internal_HIGH,0.0,5.095168406153084e-06,5.095168406153084e-06,344775875.6153538,1756.6911486391164,-1243354.7250000003,414451.575,1657806.3000000003
USA,Other,2025,Aid_HIGH__Conflict_internal_LOW,0.0,1.1888726281023861e-05,1.1888726281023861e-05,344775875.6153538,4098.946013491271,414451.57499999995,967053.6749999999,552602.1
USA,Other,2025,Aid_HIGH__Conflict_internal_HIGH,0.0,1.1888726281023861e-05,1.1888726281023861e-05,344775875.6153538,4098.946013491271,-690752.6250000003,967053.6749999999,1657806.3000000003
USA,Other,2025,Aid_LOW__Conflict_external_LOW,0.0,2.462664729640657e-05,2.462664729640657e-05,344775875.6153538,8490.673885089062,2003182.6125,2003182.6125,0.0
USA,Other,2025,Aid_LOW__Conflict_external_HIGH,0.0,6.368960507691353e-05,6.368960507691353e-05,344775875.6153538,21958.639357988948,5180644.687499999,5180644.687499999,0.0
USA,Other,2025,Aid_HIGH__Conflict_external_LOW,0.0,3.4816984108712733e-05,3.4816984108712733e-05,344775875.6153538,12004.056182367292,2832085.7624999997,2832085.7624999997,0.0
USA,Other,2025,Aid_HIGH__Conflict_external_HIGH,0.0,8.067349976409051e-05,8.067349976409051e-05,344775875.6153538,27814.276520119343,6562149.937500001,6562149.937500001,0.0
USA,Other,2025,Conflict_internal_LOW__Conflict_external_LOW,0.0,1.1888726281023861e-05,1.1888726281023861e-05,344775875.6153538,4098.946013491271,414451.57499999995,967053.6749999999,552602.1
USA,Other,2025,Conflict_internal_LOW__Conflict_external_HIGH,0.0,3.566617884307158e-05,3.566617884307158e-05,344775875.6153538,12296.83804047381,2348558.9249999993,2901161.0249999994,552602.1
USA,Other,2025,Conflict_internal_HIGH__Conflict_external_LOW,0.0,1.6983894687176961e-06,1.6983894687176961e-06,344775875.6153538,585.5637162130392,-1519655.7750000001,138150.5250000001,1657806.3000000003
USA,Other,2025,Conflict_internal_HIGH__Conflict_external_HIGH,0.0,5.095168406153088e-06,5.095168406153088e-06,344775875.6153538,1756.6911486391177,-1243354.7249999999,414451.57500000036,1657806.3000000003
USA,Other,2025,Aid_LOW__Conflict_internal_LOW__Conflict_external_LOW,0.0,1.876720362933053e-05,1.876720362933053e-05,344775875.6153538,6470.4790641540785,973961.20125,1526563.30125,552602.1
USA,Other,2025,Aid_LOW__Conflict_internal_LOW__Conflict_external_HIGH,0.0,4.61112740756854e-05,4.61112740756854e-05,344775875.6153538,15898.054895184,3198184.653749999,3750786.753749999,552602.1
USA,Other,2025,Aid_LOW__Conflict_internal_HIGH__Conflict_external_LOW,0.0,7.048316295178434e-06,7.048316295178434e-06,344775875.6153538,2430.089422284111,-1084481.6212500003,573324.6787500001,1657806.3000000003
USA,Other,2025,Aid_LOW__Conflict_internal_HIGH__Conflict_external_HIGH,0.0,1.0954612073229134e-05,1.0954612073229134e-05,344775875.6153538,3776.885969574101,-766735.41375,891070.8862500003,1657806.3000000003
USA,Other,2025,Aid_HIGH__Conflict_internal_LOW__Conflict_external_LOW,0.0,2.7938506760406078e-05,2.7938506760406078e-05,344775875.6153538,9632.523131704487,1719974.03625,2272576.13625,552602.1
USA,Other,2025,Aid_HIGH__Conflict_internal_LOW__Conflict_external_HIGH,0.0,6.0038067719170485e-05,6.0038067719170485e-05,344775875.6153538,20699.677368130913,4331018.958749999,4883621.058749999,552602.1
USA,Other,2025,Aid_HIGH__Conflict_internal_HIGH__Conflict_external_LOW,0.0,1.418155206379275e-05,1.418155206379275e-05,344775875.6153538,4889.457030378873,-504249.41625000024,1153556.88375,1657806.3000000003
USA,Other,2025,Aid_HIGH__Conflict_internal_HIGH__Conflict_external_HIGH,0.0,1.8767203629330532e-05,1.8767203629330532e-05,344775875.6153538,6470.47906415408,-131242.9987499998,1526563.3012500005,1657806.3000000003
